run,arm,mode,lr,seed,step,window,tau,signal,MG,MG40,ident,degenerate,points,mg_seconds,validity_seconds,cheap_seconds,std,residual_std,acorr1,spectral_entropy,crossings,mg_seconds_rep0,mg_seconds_rep1,mg_seconds_rep2,validity_seconds_rep0,validity_seconds_rep1,validity_seconds_rep2,cheap_seconds_rep0,cheap_seconds_rep1,cheap_seconds_rep2
adam_constant_lr0.003_s0,adam,constant,0.003,0,511,512,1,train_loss,10.333326269193613,12.782883037818108,1.2370540428910364,False,493,0.006829200079664588,0.015722400275990367,0.0002148000057786703,0.27400520614545515,0.15703413348708686,0.914291604482136,0.6215360018410256,98.0,0.007005899911746383,0.006778700044378638,0.006829200079664588,0.01609139982610941,0.015701200114563107,0.015722400275990367,0.0002272999845445156,0.0002148000057786703,0.00018420000560581684
adam_constant_lr0.003_s0,adam,constant,0.003,0,639,512,1,train_loss,10.694724683161352,14.493072628593492,1.3551608908093322,False,493,0.006992099806666374,0.016085099894553423,0.00021159998141229153,0.14177538292225111,0.04491211639186399,0.1073504883585218,0.8902533630033642,231.0,0.006992099806666374,0.007024900056421757,0.006982299964874983,0.016064599622040987,0.01631249999627471,0.016085099894553423,0.00022089993581175804,0.00021159998141229153,0.000206399941816926
adam_constant_lr0.003_s0,adam,constant,0.003,0,767,512,1,train_loss,10.720777438707927,14.655986025685975,1.3670637329686346,False,493,0.007877100026234984,0.018962800269946456,0.0003136999439448118,0.11635689759897189,0.04693103724936856,0.11038811172433531,0.8729631919211605,224.0,0.008148200111463666,0.007877100026234984,0.007749099982902408,0.018962800269946456,0.018356900196522474,0.02235069964081049,0.0003136999439448118,0.00021620001643896103,0.0004983998369425535
adam_constant_lr0.003_s0,adam,constant,0.003,0,895,512,1,train_loss,11.313828914418167,15.992674496235376,1.4135510283220352,False,493,0.009677799884229898,0.025876100175082684,0.00027540000155568123,0.09639932868797677,0.04717875526227695,0.020948043179534127,0.9122015418397101,266.0,0.009677799884229898,0.00938610010780394,0.016445500077679753,0.021794100059196353,0.025876100175082684,0.03053780016489327,0.00027540000155568123,0.0006124000065028667,0.00023060012608766556
adam_constant_lr0.003_s0,adam,constant,0.003,0,1023,512,1,train_loss,11.30324321422666,16.589391505328333,1.4676665087103797,False,493,0.008655200013890862,0.01993230008520186,0.00020020012743771076,0.08794698189927475,0.04845394834061177,0.011041042573682778,0.9321970338339666,265.0,0.008655200013890862,0.00860680011101067,0.008698599878698587,0.01993230008520186,0.01974570006132126,0.019975700182840228,0.00021119997836649418,0.00019829999655485153,0.00020020012743771076
adam_constant_lr0.003_s0,adam,constant,0.003,0,1151,512,1,train_loss,11.805801858425639,17.944047765803322,1.519934688129371,False,493,0.008999200072139502,0.020651099737733603,0.00022779987193644047,0.08313768623507983,0.05220620468527299,0.02274521976872185,0.9280775173149667,249.0,0.008999200072139502,0.009257299825549126,0.008877499960362911,0.02065329998731613,0.020651099737733603,0.020556600065901875,0.0002413999754935503,0.00022779987193644047,0.00019449996761977673
adam_constant_lr0.003_s0,adam,constant,0.003,0,1279,512,1,train_loss,12.47727643771309,19.394957648303777,1.5544223729532596,False,493,0.009033799869939685,0.020242499886080623,0.000202300027012825,0.07364507538335127,0.055165023589185666,0.08459408340819354,0.9119088646190036,248.0,0.008984499843791127,0.009037800133228302,0.009033799869939685,0.020184099907055497,0.020314100198447704,0.020242499886080623,0.000202300027012825,0.00020020012743771076,0.0002033999189734459
adam_constant_lr0.003_s0,adam,constant,0.003,0,1407,512,1,train_loss,13.467839796762492,20.83134354897763,1.5467472039565868,False,493,0.009526300011202693,0.02190539985895157,0.00021159998141229153,0.0673248710569001,0.05668617178682414,0.03407961504880444,0.929845254684626,243.0,0.009526300011202693,0.00940229999832809,0.010460600024089217,0.02190539985895157,0.02125649992376566,0.022551900008693337,0.000210499856621027,0.00021629990078508854,0.00021159998141229153
adam_constant_lr0.003_s0,adam,constant,0.003,0,1535,512,1,train_loss,13.213335779355129,19.764155416618966,1.4957733419216526,False,493,0.009871100075542927,0.02156889997422695,0.00020489981397986412,0.06448549267828431,0.058554898464610206,0.03429728452982923,0.9207880558099606,242.0,0.009391600033268332,0.009871100075542927,0.009950699983164668,0.02112510008737445,0.02156889997422695,0.021976699819788337,0.00018720002844929695,0.00024339999072253704,0.00020489981397986412
adam_constant_lr0.003_s0,adam,constant,0.003,0,1663,512,1,train_loss,13.207422763251465,19.600468742006015,1.4840494692532036,False,493,0.009389400016516447,0.021692599868401885,0.00019800011068582535,0.06385228535272085,0.058287043295056934,0.021754458982289546,0.9210220918111507,246.0,0.009389400016516447,0.009327099891379476,0.009819299913942814,0.02172980015166104,0.02111529977992177,0.021692599868401885,0.00019800011068582535,0.00021389988251030445,0.00018480001017451286
adam_constant_lr0.003_s0,adam,constant,0.003,0,1791,512,1,train_loss,12.618863300098797,19.40302656510381,1.5376207906897525,False,493,0.009620599914342165,0.021750799845904112,0.00018609990365803242,0.06496273688612353,0.05972141516254686,0.0316058032432607,0.924474818160348,242.0,0.009620599914342165,0.009605299914255738,0.010244200006127357,0.021789899794384837,0.021604500012472272,0.021750799845904112,0.00018269987776875496,0.00021330011077225208,0.00018609990365803242
adam_constant_lr0.003_s0,adam,constant,0.003,0,1919,512,1,train_loss,12.620527566511516,20.333901777524922,1.6111768442613121,False,493,0.009497900027781725,0.0212142001837492,0.0001954999752342701,0.06598728431891848,0.05909097098441225,0.00887296672021329,0.9192566437737529,252.0,0.00951040000654757,0.009497900027781725,0.009443399962037802,0.021377600030973554,0.0212142001837492,0.02098709996789694,0.0001954999752342701,0.00019950000569224358,0.0001813999842852354
adam_constant_lr0.003_s0,adam,constant,0.003,0,2047,512,1,train_loss,12.766537981312748,21.18840597185899,1.6596829933748605,False,493,0.009783999994397163,0.02186190034262836,0.00022580008953809738,0.06424871309494012,0.060392808791458745,0.014775681088888366,0.9260604498290975,257.0,0.009468700038269162,0.00993860000744462,0.009783999994397163,0.021531600039452314,0.022237000055611134,0.02186190034262836,0.00024500000290572643,0.00022580008953809738,0.0001975002232939005
adam_constant_lr0.003_s0,adam,constant,0.003,0,2175,512,1,train_loss,12.818539015289113,22.016628805352944,1.7175614770991414,False,493,0.009790899930521846,0.022080800030380487,0.00020839995704591274,0.06393323832240029,0.06142731932604249,-0.016732740122059563,0.9205724027383982,266.0,0.010128000052645802,0.009790899930521846,0.009781799977645278,0.022151799872517586,0.02206959994509816,0.022080800030380487,0.00021709990687668324,0.0002055000513792038,0.00020839995704591274
adam_constant_lr0.003_s0,adam,constant,0.003,0,2303,512,1,train_loss,13.52258952579814,21.448114535863255,1.5860952145996112,False,493,0.009833599906414747,0.02196180005557835,0.00018560001626610756,0.06310668330930538,0.06108257462548588,-0.06870557203089858,0.9276777009504048,277.0,0.009871900081634521,0.009833599906414747,0.009760999819263816,0.02196180005557835,0.02202310017310083,0.021941199665889144,0.00018560001626610756,0.00020120013505220413,0.00018259999342262745
adam_constant_lr0.003_s0,adam,constant,0.003,0,2431,512,1,train_loss,13.399225592065468,19.537704418379477,1.4581219104146579,False,493,0.009920999873429537,0.02241209987550974,0.0002031000331044197,0.06198465408380971,0.059239503643584046,-0.0750080180349294,0.9136937022438495,280.0,0.009883500169962645,0.010214400012046099,0.009920999873429537,0.02190529997460544,0.02266120002605021,0.02241209987550974,0.00019599986262619495,0.00022990000434219837,0.0002031000331044197
adam_constant_lr0.003_s0,adam,constant,0.003,0,2559,512,1,train_loss,13.319936730685605,19.652769117624498,1.4754401252034273,False,493,0.009886799845844507,0.02215160010382533,0.00020130001939833164,0.059780628065073796,0.05869380669343138,-0.07544083761842477,0.9236198666055249,286.0,0.010018500033766031,0.009886799845844507,0.009829899994656444,0.02215160010382533,0.022211099974811077,0.021866499911993742,0.00024250010028481483,0.00020130001939833164,0.00017949985340237617
adam_constant_lr0.003_s0,adam,constant,0.003,0,2687,512,1,train_loss,13.014848352951983,18.788258727055258,1.443601816750617,False,493,0.009819100145250559,0.02183670038357377,0.00019649998284876347,0.05872122058383026,0.05747405653102504,-0.07063167394558689,0.9333240891164414,279.0,0.009819100145250559,0.009992899838835001,0.009640400065109134,0.02183670038357377,0.022185599897056818,0.021573700243607163,0.00019740010611712933,0.00019649998284876347,0.00019100005738437176
adam_constant_lr0.003_s0,adam,constant,0.003,0,2815,512,1,train_loss,13.359019043612983,19.730165385054566,1.4769172287756906,False,493,0.009800200117751956,0.021740800002589822,0.0001868000254034996,0.059613611795787516,0.058324324763550546,-0.02314126515690111,0.9344331892277636,267.0,0.009837000165134668,0.009800200117751956,0.009486099937930703,0.021740800002589822,0.022328900173306465,0.02152780001051724,0.0001868000254034996,0.00018550013191998005,0.0002204999327659607
adam_constant_lr0.003_s0,adam,constant,0.003,0,2943,512,1,train_loss,13.87870019719783,21.29715632420417,1.5345209581300818,False,493,0.009693300118669868,0.02179160015657544,0.00020860019139945507,0.0637604875750442,0.062174669795034554,-0.0434218875185295,0.9347098332895639,268.0,0.009693300118669868,0.009760400047525764,0.009641099954023957,0.02179160015657544,0.021600800333544612,0.021822300041094422,0.00020929984748363495,0.00020860019139945507,0.00018729991279542446
adam_constant_lr0.003_s0,adam,constant,0.003,0,3071,512,1,train_loss,13.90071612384241,21.216791748842173,1.5263092606035802,False,493,0.010001600021496415,0.022209800081327558,0.00019660010002553463,0.06360638093703044,0.06297502334019536,-0.033586300711064186,0.9182769630506936,262.0,0.010001600021496415,0.01032929983921349,0.009818099904805422,0.022209800081327558,0.023060999810695648,0.022121599642559886,0.00021989992819726467,0.00019660010002553463,0.00018269987776875496
adam_constant_lr0.003_s0,adam,constant,0.003,0,511,512,1,probe_loss,6.576313334345282,7.2207815076573425,1.0979983982737376,False,493,0.005395200103521347,0.012733399868011475,0.00018529989756643772,0.2732981032366444,0.1577256868519462,0.9960987142384253,0.5418161881816735,14.0,0.0053952999878674746,0.005395200103521347,0.005354099906980991,0.012733399868011475,0.012861200142651796,0.012645699782297015,0.00018529989756643772,0.00018569990061223507,0.00016870000399649143
adam_constant_lr0.003_s0,adam,constant,0.003,0,639,512,1,probe_loss,6.10159725316446,8.013467687725324,1.313339336444947,False,493,0.005683200201019645,0.013195000123232603,0.0001813000999391079,0.11891990530552286,0.02789877626108074,0.9528642586902725,0.36266066105282396,38.0,0.005858699791133404,0.005683200201019645,0.005655999993905425,0.013467800104990602,0.013195000123232603,0.01312199980020523,0.00021150009706616402,0.0001813000999391079,0.00017779995687305927
adam_constant_lr0.003_s0,adam,constant,0.003,0,767,512,1,probe_loss,6.366136843736849,7.547449170056771,1.1855618808260655,False,493,0.006259799934923649,0.014530400047078729,0.00017190002836287022,0.07931966113149311,0.02214711178669715,0.930766349220169,0.4823268806187111,52.0,0.006170100066810846,0.006259799934923649,0.00638559996150434,0.014530400047078729,0.014497099909931421,0.014586399774998426,0.00017419992946088314,0.00017190002836287022,0.0001666999887675047
adam_constant_lr0.003_s0,adam,constant,0.003,0,895,512,1,probe_loss,5.1072996585527655,5.9964935198828515,1.1741025435703636,False,493,0.00650430005043745,0.015121500007808208,0.00018019997514784336,0.06159636244650097,0.016644516794950912,0.903672547069845,0.6767289378606779,69.0,0.0065397999715059996,0.006453900132328272,0.00650430005043745,0.015536900144070387,0.014891800237819552,0.015121500007808208,0.00017690006643533707,0.00018150010146200657,0.00018019997514784336
adam_constant_lr0.003_s0,adam,constant,0.003,0,1023,512,1,probe_loss,5.395274223866539,7.378387973246259,1.3675649590909051,False,493,0.006815900094807148,0.015994899906218052,0.00019979989156126976,0.04946624836591114,0.018427718561777544,0.9310918245905868,0.6210076621622422,54.0,0.006805999903008342,0.00697669992223382,0.006815900094807148,0.016009199898689985,0.015994899906218052,0.015919300029054284,0.0002142000012099743,0.00019979989156126976,0.00018500001169741154
adam_constant_lr0.003_s0,adam,constant,0.003,0,1151,512,1,probe_loss,5.176526334171069,7.510949155152114,1.4509631884940197,False,493,0.007545399945229292,0.017614100128412247,0.00018660002388060093,0.04031872320525863,0.018883126909242102,0.9379798536720075,0.5912528722652205,51.0,0.007505699992179871,0.007545399945229292,0.007816799916327,0.017479800153523684,0.017838799860328436,0.017614100128412247,0.00018660002388060093,0.00017619994468986988,0.00019990000873804092
adam_constant_lr0.003_s0,adam,constant,0.003,0,1279,512,1,probe_loss,5.686697479392434,9.875312674913282,1.7365637456009633,False,493,0.008269499987363815,0.019366899970918894,0.00019489997066557407,0.032475321123617056,0.017978274212441546,0.936140746517165,0.6586369054737482,64.0,0.00817529996857047,0.008269499987363815,0.008511000080034137,0.018894099863246083,0.019366899970918894,0.01967859989963472,0.00019489997066557407,0.00020610005594789982,0.0001946999691426754
adam_constant_lr0.003_s0,adam,constant,0.003,0,1407,512,1,probe_loss,5.420926660239082,8.13204449432836,1.5001207365475977,False,493,0.007619000039994717,0.017635799944400787,0.0001813000999391079,0.03422842270098344,0.016606385662434935,0.9323973307044521,0.6757557888007439,60.0,0.007630599895492196,0.00756680010817945,0.007619000039994717,0.017712099943310022,0.017531600315123796,0.017635799944400787,0.00018319999799132347,0.0001813000999391079,0.0001759000588208437
adam_constant_lr0.003_s0,adam,constant,0.003,0,1535,512,1,probe_loss,5.298436496525074,8.572498203675366,1.6179297816058666,False,493,0.007243400206789374,0.0177669997792691,0.00019429996609687805,0.03488405742882462,0.01684343037893991,0.9417222469203048,0.6272659667119613,55.0,0.007518700091168284,0.007234199903905392,0.007243400206789374,0.01791600021533668,0.0177669997792691,0.017530000070109963,0.00018740002997219563,0.00019429996609687805,0.0002172000240534544
adam_constant_lr0.003_s0,adam,constant,0.003,0,1663,512,1,probe_loss,5.933958985504739,7.9452843333759775,1.3389516767447216,False,493,0.008209299994632602,0.01907140016555786,0.00021739979274570942,0.028356875261663504,0.01785783620074081,0.950529021282517,0.6226160462569001,39.0,0.008209299994632602,0.008396900026127696,0.00820809998549521,0.01907140016555786,0.019167699851095676,0.018823399674147367,0.00021780002862215042,0.0001860000193119049,0.00021739979274570942
adam_constant_lr0.003_s0,adam,constant,0.003,0,1791,512,1,probe_loss,6.120798385709915,8.472728176767667,1.3842521257600557,False,493,0.008811899926513433,0.02023689984343946,0.00019129994325339794,0.01901573535552144,0.016912246265150904,0.9506872344442756,0.6203756857910822,53.0,0.008641599910333753,0.008811899926513433,0.008885200135409832,0.019719299860298634,0.02023689984343946,0.020647100172936916,0.00019129994325339794,0.00018440000712871552,0.00021820003166794777
adam_constant_lr0.003_s0,adam,constant,0.003,0,1919,512,1,probe_loss,5.913460727120755,8.091309600329003,1.3682866892511918,False,493,0.008885800139978528,0.020455999998375773,0.00019240006804466248,0.021747977832729144,0.01882973402542442,0.9640580586834527,0.5672682697794786,40.0,0.00892059993930161,0.008885800139978528,0.008714199997484684,0.020491600036621094,0.020455999998375773,0.020239799981936812,0.0002055999357253313,0.00018440000712871552,0.00019240006804466248
adam_constant_lr0.003_s0,adam,constant,0.003,0,2047,512,1,probe_loss,5.0404835136803605,6.129915427107509,1.216136390580452,False,493,0.007467599818482995,0.01751629961654544,0.00020039989612996578,0.028738333434684148,0.018782348086826477,0.9626262892830186,0.5760282815539581,37.0,0.007375000044703484,0.007715000072494149,0.007467599818482995,0.017190700164064765,0.017733499873429537,0.01751629961654544,0.0001829001121222973,0.00021529989317059517,0.00020039989612996578
adam_constant_lr0.003_s0,adam,constant,0.003,0,2175,512,1,probe_loss,5.0028997472771435,6.2682914983420375,1.252931662632974,False,493,0.0076256999745965,0.01784169999882579,0.00018779980018734932,0.02711239433936305,0.02064821411855696,0.9730644505452785,0.48013241205001767,39.0,0.0074887999799102545,0.007662200136110187,0.0076256999745965,0.01766939996741712,0.017915500095114112,0.01784169999882579,0.0001846000086516142,0.00018779980018734932,0.00021359999664127827
adam_constant_lr0.003_s0,adam,constant,0.003,0,2303,512,1,probe_loss,5.404701476137039,7.137238681719526,1.3205611287195091,False,493,0.008330999873578548,0.019425899954512715,0.00020779995247721672,0.023691149325725802,0.019981513397876762,0.9723747169139149,0.5455252427254972,39.0,0.008503500139340758,0.008330999873578548,0.008192999986931682,0.019543800270184875,0.019425899954512715,0.019298499915748835,0.00019689998589456081,0.00025829998776316643,0.00020779995247721672
adam_constant_lr0.003_s0,adam,constant,0.003,0,2431,512,1,probe_loss,5.521325114628796,7.359779568447053,1.3329734104856923,False,493,0.00833079987205565,0.019473800202831626,0.00017770007252693176,0.02160215564693988,0.019055301915167026,0.9720150082018002,0.5496796303209662,42.0,0.008372300071641803,0.008207699982449412,0.00833079987205565,0.019473800202831626,0.019480199785903096,0.019407899817451835,0.00017770007252693176,0.00017509981989860535,0.00018099998123943806
adam_constant_lr0.003_s0,adam,constant,0.003,0,2559,512,1,probe_loss,5.8999209202693,8.312851707532776,1.4089768015320006,False,493,0.008156999945640564,0.018995099933817983,0.0001962999813258648,0.022258610066105283,0.019880306294854176,0.9749757075797371,0.5550888131278614,35.0,0.008108299924060702,0.008156999945640564,0.008216200163587928,0.01896669971756637,0.018995099933817983,0.019207200268283486,0.00017649983055889606,0.0001962999813258648,0.00019660010002553463
adam_constant_lr0.003_s0,adam,constant,0.003,0,2687,512,1,probe_loss,5.251478043711111,8.167664187402035,1.5553076904097873,False,493,0.008395900018513203,0.019617700017988682,0.00019149994477629662,0.02025241345496032,0.01846036386139085,0.9716993691216775,0.5767813554182991,34.0,0.008271200116723776,0.008598400047048926,0.008395900018513203,0.01950789988040924,0.019803499802947044,0.019617700017988682,0.00021529989317059517,0.00017319992184638977,0.00019149994477629662
adam_constant_lr0.003_s0,adam,constant,0.003,0,2815,512,1,probe_loss,5.805960527100629,7.723037911025981,1.330191253450133,False,493,0.008034199941903353,0.01889629987999797,0.0002001000102609396,0.02245370116551932,0.016213989630893138,0.9671644673192178,0.5952471210740158,40.0,0.008034199941903353,0.008151500020176172,0.008022200083360076,0.018847599858418107,0.01889629987999797,0.018996800063177943,0.00019029993563890457,0.0002305000089108944,0.0002001000102609396
adam_constant_lr0.003_s0,adam,constant,0.003,0,2943,512,1,probe_loss,5.113618477274418,7.313536003414678,1.4302075987711986,False,493,0.008149700006470084,0.01928899995982647,0.0001954999752342701,0.02183233147404166,0.016939855854083474,0.9716731555259088,0.582949460786881,42.0,0.008149700006470084,0.008150000125169754,0.008096399949863553,0.01927709998562932,0.019490400096401572,0.01928899995982647,0.0001954999752342701,0.0001900000497698784,0.00022580008953809738
adam_constant_lr0.003_s0,adam,constant,0.003,0,3071,512,1,probe_loss,5.625118245960409,7.8353739495980275,1.3929260874160074,False,493,0.008889500051736832,0.02038110001012683,0.00018540001474320889,0.015701125128831327,0.015138208360544457,0.9617569309510026,0.6085556605214725,44.0,0.009005700005218387,0.008889500051736832,0.008849599864333868,0.020309099927544594,0.02038110001012683,0.020566599909216166,0.00019109994173049927,0.0001838000025600195,0.00018540001474320889
adam_constant_lr0.003_s0,adam,constant,0.003,0,511,512,1,grad_norm,11.167790443926986,16.74243285855288,1.4991714737678814,False,493,0.008961800020188093,0.020111900055781007,0.00018099998123943806,0.3877564489056999,0.3497394628042775,0.14254775272233644,0.9027808000623657,203.0,0.009033499984070659,0.00887180003337562,0.008961800020188093,0.020015900023281574,0.020111900055781007,0.020154399797320366,0.00017730006948113441,0.00018099998123943806,0.00019459985196590424
adam_constant_lr0.003_s0,adam,constant,0.003,0,639,512,1,grad_norm,9.861354587836555,12.412870821597885,1.2587389197938879,False,493,0.00924080004915595,0.020915000000968575,0.00020199990831315517,0.30223473813746476,0.25030841829638983,0.11531969905910841,0.8539589277687788,211.0,0.009387499885633588,0.009179999819025397,0.00924080004915595,0.020915000000968575,0.020707599818706512,0.02124319993890822,0.00020199990831315517,0.0002272999845445156,0.000201899791136384
adam_constant_lr0.003_s0,adam,constant,0.003,0,767,512,1,grad_norm,11.974955620734374,16.995658688561026,1.4192669456856621,False,493,0.009964199969545007,0.022116599837318063,0.0002205998171120882,0.2904658863449391,0.2721735074126069,0.034365146106407896,0.8977048288794467,229.0,0.009900700068101287,0.010006200056523085,0.009964199969545007,0.021870100172236562,0.022116599837318063,0.02216759999282658,0.0003114000428467989,0.0002205998171120882,0.0001898000482469797
adam_constant_lr0.003_s0,adam,constant,0.003,0,895,512,1,grad_norm,11.956397919202786,15.683107447093471,1.3116916610733855,False,493,0.009756800020113587,0.02163549978286028,0.00020119990222156048,0.26399555208462194,0.24962469265387427,0.13389632471146018,0.8849053126092388,240.0,0.009756800020113587,0.00977399991825223,0.009633000008761883,0.02163549978286028,0.02185519994236529,0.02156200003810227,0.00020119990222156048,0.0002264000941067934,0.00018239999189972878
adam_constant_lr0.003_s0,adam,constant,0.003,0,1023,512,1,grad_norm,12.1578983492727,17.571336230886082,1.445260992162944,False,493,0.009768499992787838,0.021839900175109506,0.00021089985966682434,0.25194881941751507,0.24680625051978466,0.12065945049585972,0.8897566020438369,232.0,0.009837400168180466,0.009768499992787838,0.009602100122720003,0.021839900175109506,0.021937400102615356,0.021775899920612574,0.00018940004520118237,0.00021760002709925175,0.00021089985966682434
adam_constant_lr0.003_s0,adam,constant,0.003,0,1151,512,1,grad_norm,12.571026250893654,18.173096918153018,1.445633519129842,False,493,0.010114599950611591,0.02216650010086596,0.00019900011830031872,0.2514138516548776,0.251411082921801,0.03649615430261355,0.8951910635536704,241.0,0.010114599950611591,0.010131800081580877,0.00988080003298819,0.02216650010086596,0.022437599953263998,0.022138299886137247,0.00019900011830031872,0.00019749999046325684,0.00019970000721514225
adam_constant_lr0.003_s0,adam,constant,0.003,0,1279,512,1,grad_norm,12.980811857462392,20.178797453055555,1.5545096620020107,False,493,0.010050700046122074,0.02226709993556142,0.00019400008022785187,0.24337167543584146,0.24252747486438223,0.00814359140840109,0.9137407652050669,243.0,0.010074800113216043,0.010050700046122074,0.009921699995175004,0.02226709993556142,0.022267800057306886,0.022075399989262223,0.00019669998437166214,0.00019400008022785187,0.00018880004063248634
adam_constant_lr0.003_s0,adam,constant,0.003,0,1407,512,1,grad_norm,13.768055517302695,20.466901917546604,1.4865499265183295,False,493,0.010015100007876754,0.022148899966850877,0.00018780003301799297,0.23834597846785627,0.2377500137276093,-0.014841933177800732,0.9189376643285324,246.0,0.010015100007876754,0.010095899924635887,0.009974400047212839,0.022148899966850877,0.022059799870476127,0.02215610002167523,0.00018400000408291817,0.0001916999462991953,0.00018780003301799297
adam_constant_lr0.003_s0,adam,constant,0.003,0,1535,512,1,grad_norm,13.159291630397716,20.552523043023132,1.561825941720692,False,493,0.010030499892309308,0.02248139982111752,0.00021820003166794777,0.23243167585653926,0.23239906524423337,-0.024587836626915834,0.9185547687295761,248.0,0.010260999901220202,0.010030499892309308,0.00992260011844337,0.02248139982111752,0.02252869983203709,0.022085299948230386,0.00021820003166794777,0.0002297998871654272,0.0001993998885154724
adam_constant_lr0.003_s0,adam,constant,0.003,0,1663,512,1,grad_norm,12.478302893689461,19.603611707005964,1.5710158564046335,False,493,0.010053900070488453,0.022368900012224913,0.00022249994799494743,0.238953228187068,0.23894446667184993,0.028155240255598003,0.9221443983947256,225.0,0.010266799945384264,0.010053900070488453,0.009872999973595142,0.022368900012224913,0.02250540000386536,0.022036199923604727,0.0002313000150024891,0.00022249994799494743,0.00020810007117688656
adam_constant_lr0.003_s0,adam,constant,0.003,0,1791,512,1,grad_norm,12.72392667688039,20.475642715577216,1.609223570329263,False,493,0.01000779983587563,0.022171599557623267,0.00018179998733103275,0.21653912371470166,0.2162865954034205,0.033956803347210095,0.9077491705068431,245.0,0.01000779983587563,0.010026500094681978,0.009780899854376912,0.022171599557623267,0.02220660005696118,0.021891599986702204,0.0001941998489201069,0.00017950008623301983,0.00018179998733103275
adam_constant_lr0.003_s0,adam,constant,0.003,0,1919,512,1,grad_norm,12.480004613500858,19.798009038501323,1.5863783429281633,False,493,0.009900699835270643,0.02208810020238161,0.0002147001214325428,0.21377689333252015,0.21360334800468325,0.03245251600739136,0.9169842401941851,247.0,0.010000799782574177,0.009900699835270643,0.009853300172835588,0.022060699993744493,0.022384400013834238,0.02208810020238161,0.0002264000941067934,0.0002147001214325428,0.00019640009850263596
adam_constant_lr0.003_s0,adam,constant,0.003,0,2047,512,1,grad_norm,12.623476928021168,18.651894842114316,1.477556060700794,False,493,0.009943800047039986,0.022049599792808294,0.0001876000314950943,0.22015894797148394,0.21874075424159792,0.04492476530004607,0.9010967413807778,239.0,0.010042599868029356,0.009854899952188134,0.009943800047039986,0.022049599792808294,0.022000799886882305,0.022187900030985475,0.0002251998521387577,0.0001876000314950943,0.00018110009841620922
adam_constant_lr0.003_s0,adam,constant,0.003,0,2175,512,1,grad_norm,12.44139256893615,18.779402861067812,1.5094293309220463,False,493,0.009842399973422289,0.022035500034689903,0.00018310011364519596,0.2036911275979038,0.20283571279821935,0.05270928724504851,0.9187194603480174,243.0,0.009731999831274152,0.009978799847885966,0.009842399973422289,0.02184119983576238,0.022359299939125776,0.022035500034689903,0.00019249995239078999,0.00018310011364519596,0.00018170010298490524
adam_constant_lr0.003_s0,adam,constant,0.003,0,2303,512,1,grad_norm,12.687336211872752,18.555076194890425,1.4624879395508308,False,493,0.009918200084939599,0.02207010006532073,0.0001829999964684248,0.22267499266175753,0.2220908734406983,0.11090457025914677,0.9235290809300971,228.0,0.009932700078934431,0.009918200084939599,0.009802199900150299,0.02202290017157793,0.02207010006532073,0.02231409982778132,0.0001829999964684248,0.00018900004215538502,0.0001829999964684248
adam_constant_lr0.003_s0,adam,constant,0.003,0,2431,512,1,grad_norm,12.589844262836559,18.458511705912308,1.4661429736981915,False,493,0.009863799903541803,0.022298600059002638,0.00019240006804466248,0.23408400853076042,0.23376382086253505,0.17998552359825318,0.9053291887068955,224.0,0.009863799903541803,0.009658099850639701,0.00993369985371828,0.022397699998691678,0.02182219992391765,0.022298600059002638,0.000193099956959486,0.00018569990061223507,0.00019240006804466248
adam_constant_lr0.003_s0,adam,constant,0.003,0,2559,512,1,grad_norm,12.30388206749119,18.156669711082344,1.4756862599532834,False,493,0.009837200166657567,0.02201059996150434,0.0001867001410573721,0.22785766740959223,0.22771652338751744,0.1899124922297045,0.9025320298242844,237.0,0.009761500172317028,0.009895900031551719,0.009837200166657567,0.0217658004257828,0.022085899719968438,0.02201059996150434,0.0001867001410573721,0.00017869984731078148,0.00019139982759952545
adam_constant_lr0.003_s0,adam,constant,0.003,0,2687,512,1,grad_norm,11.888611267267223,17.73710502396042,1.4919408688881761,False,493,0.009965999983251095,0.022291400004178286,0.00020859995856881142,0.2373978516688499,0.23505787018281762,0.19311873452863176,0.9071748117228671,215.0,0.009965999983251095,0.009843999985605478,0.010276000015437603,0.022094400133937597,0.022291400004178286,0.02317530009895563,0.0001984999980777502,0.00022719986736774445,0.00020859995856881142
adam_constant_lr0.003_s0,adam,constant,0.003,0,2815,512,1,grad_norm,11.848057904144666,17.651284424911925,1.4898040309827643,False,493,0.00990740000270307,0.022156600141897798,0.00020590005442500114,0.22348018870832909,0.21919880794609037,0.19867360383972757,0.9087530129725048,226.0,0.010024699848145247,0.00990740000270307,0.009859400102868676,0.022043599747121334,0.02248149993829429,0.022156600141897798,0.0002351000439375639,0.00020590005442500114,0.0002046001609414816
adam_constant_lr0.003_s0,adam,constant,0.003,0,2943,512,1,grad_norm,11.742419511067839,17.15933742381641,1.461311904896844,False,493,0.009784499881789088,0.02204149984754622,0.0002335000317543745,0.19857110998121288,0.19555251400056012,0.17799208026968624,0.915426012492607,225.0,0.010018599918112159,0.009754400001838803,0.009784499881789088,0.022208299953490496,0.021875099977478385,0.02204149984754622,0.00019279983825981617,0.00023930007591843605,0.0002335000317543745
adam_constant_lr0.003_s0,adam,constant,0.003,0,3071,512,1,grad_norm,12.762037815322362,18.48065863875004,1.4480962136440143,False,493,0.010211399989202619,0.022697199834510684,0.00024070008657872677,0.19244909368402463,0.1904553963297958,0.21293497298555022,0.9129900550197657,221.0,0.010374199831858277,0.010211399989202619,0.009861600119620562,0.022697199834510684,0.02303020004183054,0.022588200168684125,0.00026210001669824123,0.00024070008657872677,0.00023110001347959042
adam_constant_lr0.003_s0,adam,constant,0.003,0,255,256,1,train_loss,10.223262953304953,11.74176027091742,1.1485335283410243,False,237,0.0027594000566750765,0.006082699866965413,0.00020839995704591274,0.28339143366906,0.1881168267417872,0.9353011675693934,0.527930737805007,32.0,,,,,,,,,
adam_constant_lr0.003_s0,adam,constant,0.003,0,383,256,1,train_loss,9.023131666521751,11.709521390045909,1.2977225449886083,False,237,0.0027842000126838684,0.006069200113415718,0.00018930016085505486,0.09189543529699215,0.040851318177688466,0.06986664425823719,0.9235360576211695,122.0,,,,,,,,,
adam_constant_lr0.003_s0,adam,constant,0.003,0,511,256,1,train_loss,9.161668505055989,11.416525841142885,1.2461186338320933,False,237,0.002759999828413129,0.006081299856305122,0.00015300000086426735,0.08406630517381203,0.04259402725915682,-0.005435330794370039,0.9045893378352177,127.0,,,,,,,,,
adam_constant_lr0.003_s0,adam,constant,0.003,0,639,256,1,train_loss,10.540787559966093,14.815928012608387,1.405580743214983,False,237,0.002817500149831176,0.006141599966213107,0.0001697998959571123,0.06950143565491967,0.04419085582395992,-0.04110587086547203,0.9180357546937293,132.0,,,,,,,,,
adam_constant_lr0.003_s0,adam,constant,0.003,0,767,256,1,train_loss,11.474702276406079,15.69107784284138,1.367449670141323,False,237,0.002894100034609437,0.006386399967595935,0.0001634999644011259,0.05921105496947495,0.0447916885511325,-0.04415184749586251,0.918259605613427,126.0,,,,,,,,,
adam_constant_lr0.003_s0,adam,constant,0.003,0,895,256,1,train_loss,11.04373297937943,15.468754016232166,1.4006816395429897,False,237,0.002911799820140004,0.006300800014287233,0.00018330011516809464,0.06179471265477238,0.048378016964775006,0.011553052993240717,0.9017080245390855,133.0,,,,,,,,,
adam_constant_lr0.003_s0,adam,constant,0.003,0,1023,256,1,train_loss,10.9489299780304,17.312744277853408,1.5812270525606005,False,237,0.0029419001657515764,0.006346400361508131,0.00015950016677379608,0.0652607646544561,0.051679106382091514,0.04623291168955197,0.9285517618105159,136.0,,,,,,,,,
adam_constant_lr0.003_s0,adam,constant,0.003,0,1151,256,1,train_loss,12.557318194298029,20.48016396154612,1.6309345390997307,False,237,0.0032101001124829054,0.006760000018402934,0.00015649991109967232,0.061254956877472955,0.05514569073300243,0.00867630939269032,0.9047941207770859,130.0,,,,,,,,,
adam_constant_lr0.003_s0,adam,constant,0.003,0,1279,256,1,train_loss,12.312472112191966,19.28106030483673,1.5659779879415425,False,237,0.003188899951055646,0.006758400006219745,0.00019420008175075054,0.05783050393984937,0.05563168765459884,0.02476353065611759,0.9098831600841096,125.0,,,,,,,,,
adam_constant_lr0.003_s0,adam,constant,0.003,0,1407,256,1,train_loss,12.769826349938354,20.18972382861777,1.5810492073539617,False,237,0.003059099894016981,0.006595300044864416,0.00020020012743771076,0.06055286915728354,0.05741796061076746,0.03229108231982103,0.9147674083069701,115.0,,,,,,,,,
adam_constant_lr0.003_s0,adam,constant,0.003,0,1535,256,1,train_loss,11.540673935803888,16.11142909872668,1.3960561738723458,False,237,0.00308490009047091,0.006582100177183747,0.00017330003902316093,0.06117769429610922,0.060846076700979884,0.032188605073168,0.9138434685558778,112.0,,,,,,,,,
adam_constant_lr0.003_s0,adam,constant,0.003,0,1663,256,1,train_loss,11.983139070380098,18.6131509728049,1.5532783908694554,False,237,0.0030502998270094395,0.006673699710518122,0.0001551997847855091,0.06056509726774177,0.05869427383818642,-0.00030699097186187314,0.9051771178716008,124.0,,,,,,,,,
adam_constant_lr0.003_s0,adam,constant,0.003,0,1791,256,1,train_loss,11.501709943779245,19.21476995907098,1.6706011586967016,False,237,0.003063800046220422,0.006579000037163496,0.0001593001652508974,0.060380982754013574,0.0580953554436499,0.016848941215041057,0.9143805257153886,131.0,,,,,,,,,
adam_constant_lr0.003_s0,adam,constant,0.003,0,1919,256,1,train_loss,12.215948164039979,19.846044437044554,1.624601231975202,False,237,0.003047900041565299,0.006598899839445949,0.0001839997712522745,0.06051011475513838,0.05939192944175506,0.012498856408832724,0.9256679946982347,130.0,,,,,,,,,
adam_constant_lr0.003_s0,adam,constant,0.003,0,2047,256,1,train_loss,12.87908691947061,20.38846025298907,1.5830672143508702,False,237,0.0031551001593470573,0.006648100214079022,0.0001626000739634037,0.06203476889421657,0.061928152231596006,-0.008581585764009908,0.9152911328112932,127.0,,,,,,,,,
adam_constant_lr0.003_s0,adam,constant,0.003,0,2175,256,1,train_loss,11.487580118507017,17.486965216506487,1.5222496849736165,False,237,0.0030735000036656857,0.006551000056788325,0.00016529997810721397,0.06437922501149809,0.0631972748110045,-0.04541461263230099,0.906414950365435,131.0,,,,,,,,,
adam_constant_lr0.003_s0,adam,constant,0.003,0,2303,256,1,train_loss,12.170944799003161,17.570924672074476,1.4436779528828025,False,237,0.0030809000600129366,0.0066765001974999905,0.00018339999951422215,0.06066380515781126,0.06005005424782392,-0.13821140311094884,0.9097408942616858,147.0,,,,,,,,,
adam_constant_lr0.003_s0,adam,constant,0.003,0,2431,256,1,train_loss,11.584469981392525,17.18095278230748,1.4831021885251778,False,237,0.003141900058835745,0.006673799827694893,0.0001713999081403017,0.055648003582232916,0.05489150580359539,-0.11947613132347956,0.9202664978713309,145.0,,,,,,,,,
adam_constant_lr0.003_s0,adam,constant,0.003,0,2559,256,1,train_loss,12.227260792644909,18.791913403591842,1.5368866111775241,False,237,0.0031818998977541924,0.006876500090584159,0.00018860003910958767,0.05691767325724967,0.05691737963276969,-0.020795848662318716,0.9303282917033437,137.0,,,,,,,,,
adam_constant_lr0.003_s0,adam,constant,0.003,0,2687,256,1,train_loss,12.456070565694326,19.454946543496387,1.5618847405278753,False,237,0.0030331998132169247,0.0066062998957931995,0.0001689000055193901,0.060363354735379675,0.05977314420700098,-0.03599368990282393,0.9191020211054252,134.0,,,,,,,,,
adam_constant_lr0.003_s0,adam,constant,0.003,0,2815,256,1,train_loss,12.201816844108768,18.001877353755617,1.4753440068597006,False,237,0.0031530000269412994,0.0068737000692635775,0.00022000004537403584,0.05980419033687132,0.05930731427917888,-0.034033604297599586,0.925735299591911,131.0,,,,,,,,,
adam_constant_lr0.003_s0,adam,constant,0.003,0,2943,256,1,train_loss,12.454208340267286,19.893419907427965,1.5973251260867396,False,237,0.0032309999223798513,0.006792199797928333,0.0001737999264150858,0.06489517614971231,0.064467680245945,-0.04787996772202271,0.9122660858067706,131.0,,,,,,,,,
adam_constant_lr0.003_s0,adam,constant,0.003,0,3071,256,1,train_loss,12.164536509888519,19.0260873690538,1.5640618410399398,False,237,0.0030580000020563602,0.006560100009664893,0.00016329996287822723,0.06639319883986362,0.06633686490791674,-0.03383233160157646,0.9203378779716308,132.0,,,,,,,,,
adam_constant_lr0.003_s0,adam,constant,0.003,0,255,256,1,probe_loss,7.164021688155045,8.256034082356813,1.1524300793236424,False,237,0.0022980000358074903,0.005304199876263738,0.00016539986245334148,0.28676394604188254,0.1855658012824231,0.9953149584044434,0.471380902114739,2.0,,,,,,,,,
adam_constant_lr0.003_s0,adam,constant,0.003,0,383,256,1,probe_loss,6.22870993368617,6.633769687849011,1.06503108323799,False,237,0.0021730998996645212,0.005051099928095937,0.0001751999370753765,0.08192785569602837,0.017231833664604023,0.8448690409388789,0.6976779459162963,48.0,,,,,,,,,
adam_constant_lr0.003_s0,adam,constant,0.003,0,511,256,1,probe_loss,5.767470836775294,5.749736974938988,0.9969251926298042,False,237,0.0024203001521527767,0.0054690001998096704,0.00017030001617968082,0.057385486650624845,0.015853920095404025,0.8313970388592726,0.7227758558390573,55.0,,,,,,,,,
adam_constant_lr0.003_s0,adam,constant,0.003,0,639,256,1,probe_loss,5.777717801666474,9.04746616711549,1.565923860889488,False,237,0.0025291000492870808,0.005651300074532628,0.00017090002074837685,0.038369155714447996,0.01563740927007385,0.8892961776372302,0.6916591601146262,43.0,,,,,,,,,
adam_constant_lr0.003_s0,adam,constant,0.003,0,767,256,1,probe_loss,6.237806510096142,7.7243605109362745,1.2383135800115128,False,237,0.0027791999746114016,0.006083599990233779,0.0001705000177025795,0.02881313321610235,0.01562383774494651,0.8978480199701376,0.6443239897240156,34.0,,,,,,,,,
adam_constant_lr0.003_s0,adam,constant,0.003,0,895,256,1,probe_loss,3.9335906141454795,4.44025539113829,1.1288046537356498,False,237,0.002463500015437603,0.0056165000423789024,0.00018070009537041187,0.03544260022791163,0.016397695526183243,0.9022046908828719,0.647097227859842,30.0,,,,,,,,,
adam_constant_lr0.003_s0,adam,constant,0.003,0,1023,256,1,probe_loss,5.833216557757035,9.79316994446548,1.6788627419365192,False,237,0.0029927000869065523,0.00641580019146204,0.00017719995230436325,0.022231846508759413,0.017983851649682706,0.9316454174853266,0.6117436916884611,35.0,,,,,,,,,
adam_constant_lr0.003_s0,adam,constant,0.003,0,1151,256,1,probe_loss,6.096667116878762,8.925804662581392,1.4640465833980172,False,237,0.0028761001303792,0.006402800092473626,0.00017649983055889606,0.019447875899417384,0.014831349699978187,0.9175200193030842,0.6594722692242867,35.0,,,,,,,,,
adam_constant_lr0.003_s0,adam,constant,0.003,0,1279,256,1,probe_loss,5.023378811201295,11.149834219684871,2.219588575486803,False,237,0.0027737999334931374,0.006157299969345331,0.00017279991880059242,0.024566193575001668,0.017536276290048315,0.9375917594597689,0.6635724522751726,29.0,,,,,,,,,
adam_constant_lr0.003_s0,adam,constant,0.003,0,1407,256,1,probe_loss,4.667790970154986,6.9766726483260095,1.4946411895763108,False,237,0.0028997000772506,0.006314600119367242,0.00016329996287822723,0.024193212340008954,0.018006262883257657,0.9405853674556836,0.6195767188463994,27.0,,,,,,,,,
adam_constant_lr0.003_s0,adam,constant,0.003,0,1535,256,1,probe_loss,5.050874307093777,8.236371264004516,1.6306822865175676,False,237,0.0028937000315636396,0.00628349999897182,0.00018329988233745098,0.02070257851736814,0.01588041071676775,0.9451492949160875,0.6143178471439967,22.0,,,,,,,,,
adam_constant_lr0.003_s0,adam,constant,0.003,0,1663,256,1,probe_loss,5.854730536750646,8.394167968135216,1.4337411287239104,False,237,0.002948799869045615,0.006485099904239178,0.00018940004520118237,0.015953390845119056,0.015430300788950897,0.9483753295788538,0.568354208544342,22.0,,,,,,,,,
adam_constant_lr0.003_s0,adam,constant,0.003,0,1791,256,1,probe_loss,5.899886273538811,7.848436880477977,1.3302691808956524,False,237,0.003080399939790368,0.006749999942258,0.00017699995078146458,0.014186984996174459,0.01401968376489074,0.9269261450002778,0.6244532892640834,38.0,,,,,,,,,
adam_constant_lr0.003_s0,adam,constant,0.003,0,1919,256,1,probe_loss,4.977980038277557,10.099611978031358,2.02885746836501,False,237,0.0027741999365389347,0.0059750997461378574,0.0001792998518794775,0.024229274665740808,0.019448600358343685,0.9648702583331541,0.5029055259052203,21.0,,,,,,,,,
adam_constant_lr0.003_s0,adam,constant,0.003,0,2047,256,1,probe_loss,3.920185537411533,4.109460099370467,1.0482820417943561,False,237,0.002715999959036708,0.006109199952334166,0.00016910000704228878,0.021518080413004986,0.017722838948149935,0.9615730271658571,0.4947175526233326,18.0,,,,,,,,,
adam_constant_lr0.003_s0,adam,constant,0.003,0,2175,256,1,probe_loss,4.421593617771808,5.49648861825252,1.2431012647024735,False,237,0.002898499835282564,0.006224599899724126,0.00015489989891648293,0.01669146151146032,0.016103341820515274,0.9620257621572695,0.5774897982136903,17.0,,,,,,,,,
adam_constant_lr0.003_s0,adam,constant,0.003,0,2303,256,1,probe_loss,5.080508689063432,9.337342204673964,1.8378754522699694,False,237,0.0029025000985711813,0.006405699998140335,0.0001797000877559185,0.02369993553125313,0.01876020831567312,0.9724123238919716,0.49348717679295634,25.0,,,,,,,,,
adam_constant_lr0.003_s0,adam,constant,0.003,0,2431,256,1,probe_loss,5.130872483462294,7.101760010280362,1.3841232720498482,False,237,0.0029239999130368233,0.006323500070720911,0.00017000013031065464,0.01751802661439292,0.017508166253198964,0.965584136745157,0.5555067099191902,16.0,,,,,,,,,
adam_constant_lr0.003_s0,adam,constant,0.003,0,2559,256,1,probe_loss,5.4414049912969285,7.493388565117893,1.3771054676325216,False,237,0.002929400186985731,0.006403100211173296,0.000166300218552351,0.017303231716865587,0.017143469067040028,0.9657546465511094,0.5345380382008476,16.0,,,,,,,,,
adam_constant_lr0.003_s0,adam,constant,0.003,0,2687,256,1,probe_loss,4.2587145409149345,6.196210517063514,1.4549485431658753,False,237,0.0028514000587165356,0.006316300015896559,0.00018370011821389198,0.021230647937464445,0.015499572392146332,0.9636976157721057,0.5636249884005529,26.0,,,,,,,,,
adam_constant_lr0.003_s0,adam,constant,0.003,0,2815,256,1,probe_loss,6.179403525612378,7.809690258374054,1.2638259058506969,False,237,0.003043999895453453,0.006543800001963973,0.00017190002836287022,0.012849435146147047,0.010535798855555119,0.9352908380178379,0.6536571304069415,27.0,,,,,,,,,
adam_constant_lr0.003_s0,adam,constant,0.003,0,2943,256,1,probe_loss,5.19393617329593,6.284598710728219,1.2099876665870124,False,237,0.002900300081819296,0.00783480005338788,0.00042930012568831444,0.014483730691720091,0.014422516818871535,0.9643044402547771,0.5406113398743974,20.0,,,,,,,,,
adam_constant_lr0.003_s0,adam,constant,0.003,0,3071,256,1,probe_loss,4.237523149857881,5.17657380090017,1.2216036627608235,False,237,0.005168800009414554,0.011661199852824211,0.0003825998865067959,0.01791763243427087,0.017685349249552923,0.9669653364014422,0.558107934810768,19.0,,,,,,,,,
adam_constant_lr0.003_s0,adam,constant,0.003,0,255,256,1,grad_norm,11.247315848283842,16.934092971285622,1.5056119344127328,False,237,0.005511500174179673,0.012020300142467022,0.00020450004376471043,0.37727715537650786,0.37470015908267157,0.13231548784560015,0.9099378395305298,85.0,,,,,,,,,
adam_constant_lr0.003_s0,adam,constant,0.003,0,383,256,1,grad_norm,8.405789183834695,9.339733834271483,1.1111073130685778,False,237,0.003023299854248762,0.006767299957573414,0.0001851001288741827,0.3166480243346429,0.2532306937946722,-0.11203478189506176,0.8892699614508909,133.0,,,,,,,,,
adam_constant_lr0.003_s0,adam,constant,0.003,0,511,256,1,grad_norm,10.798664747636384,15.581592483877799,1.4429184392716983,False,237,0.0037116999737918377,0.007569399895146489,0.00019129994325339794,0.29274303829263715,0.287820306263224,-0.0521386868121404,0.8927083896311705,123.0,,,,,,,,,
adam_constant_lr0.003_s0,adam,constant,0.003,0,639,256,1,grad_norm,10.85786269432268,15.919813328930326,1.4662013857712919,False,237,0.0031521001365035772,0.0067050999496132135,0.00017509981989860535,0.21327368063470248,0.21262270783899348,0.11903517387615316,0.9009957517695258,129.0,,,,,,,,,
adam_constant_lr0.003_s0,adam,constant,0.003,0,767,256,1,grad_norm,10.791832689029295,15.367633577788357,1.4240059145293,False,237,0.0032808000687509775,0.006985500222072005,0.0001805999781936407,0.2662941927307241,0.25317164443619844,0.12514369743796827,0.881880336235953,110.0,,,,,,,,,
adam_constant_lr0.003_s0,adam,constant,0.003,0,895,256,1,grad_norm,10.730151824370964,12.616686679506108,1.1758162313090792,False,237,0.0031102001667022705,0.007105500204488635,0.00019860011525452137,0.27513633680181204,0.2751145101229004,0.10011976353031614,0.8719804625689845,106.0,,,,,,,,,
adam_constant_lr0.003_s0,adam,constant,0.003,0,1023,256,1,grad_norm,11.83522345341074,16.46881833117888,1.391508863014564,False,237,0.0032238999847322702,0.008197099901735783,0.0002747999969869852,0.2316044652627031,0.23160445636190666,0.04897760333623438,0.9091235645549433,124.0,,,,,,,,,
adam_constant_lr0.003_s0,adam,constant,0.003,0,1151,256,1,grad_norm,11.721054585612526,16.31808658001604,1.392202933688776,False,237,0.003750900039449334,0.010047799907624722,0.0005246999207884073,0.2252062293643578,0.22520265673511453,-0.0588721809533526,0.8989240186023028,137.0,,,,,,,,,
adam_constant_lr0.003_s0,adam,constant,0.003,0,1279,256,1,grad_norm,11.300064539442303,15.320938762827137,1.355827544997657,False,237,0.007342499913647771,0.014132600044831634,0.0004469000268727541,0.2527382936626352,0.2526697286952598,-0.02866849901235953,0.9164880032342398,124.0,,,,,,,,,
adam_constant_lr0.003_s0,adam,constant,0.003,0,1407,256,1,grad_norm,12.652550271506174,13.795204638813132,1.0903102017211694,False,237,0.0060043002013117075,0.011199300177395344,0.0002313000150024891,0.2496114044677078,0.249450843164592,0.022963003269632104,0.8999949309541581,108.0,,,,,,,,,
adam_constant_lr0.003_s0,adam,constant,0.003,0,1535,256,1,grad_norm,11.412877017266725,17.788702046717134,1.5586518648894858,False,237,0.0033521000295877457,0.008569300174713135,0.0003378000110387802,0.20994906247553125,0.20993698002714972,-0.023377968761521373,0.8882668098206509,132.0,,,,,,,,,
adam_constant_lr0.003_s0,adam,constant,0.003,0,1663,256,1,grad_norm,10.201914112068604,15.915855056372274,1.5600851841660013,False,237,0.005106699885800481,0.010041299974545836,0.00022200006060302258,0.22753211355313807,0.22602666059435117,0.01847454870047075,0.9122682033372551,122.0,,,,,,,,,
adam_constant_lr0.003_s0,adam,constant,0.003,0,1791,256,1,grad_norm,11.45859094555227,16.5547598455569,1.4447465595220277,False,237,0.0032160000409930944,0.006822499912232161,0.0001829999964684248,0.22261799271102564,0.22211310447318647,0.0780633154995124,0.8954318854222212,119.0,,,,,,,,,
adam_constant_lr0.003_s0,adam,constant,0.003,0,1919,256,1,grad_norm,11.554624927566703,16.514169486332516,1.4292259238059273,False,237,0.003448900068178773,0.007078900001943111,0.00017419992946088314,0.19683918657063026,0.19645614538633743,0.015064521529256886,0.8970026341811749,125.0,,,,,,,,,
adam_constant_lr0.003_s0,adam,constant,0.003,0,2047,256,1,grad_norm,11.340949740385003,14.350168101307492,1.2653409484927611,False,237,0.0030825999565422535,0.006645800080150366,0.00017470004968345165,0.2165336525733637,0.21439612893997897,0.0003328785470467439,0.9006067863348401,122.0,,,,,,,,,
adam_constant_lr0.003_s0,adam,constant,0.003,0,2175,256,1,grad_norm,12.295470585623608,16.40894002902686,1.3345516070131465,False,237,0.003087500110268593,0.006930300034582615,0.00017579994164407253,0.20862556147167088,0.20750399098602917,0.0705366459995336,0.8972315120036953,117.0,,,,,,,,,
adam_constant_lr0.003_s0,adam,constant,0.003,0,2303,256,1,grad_norm,11.403966040362993,15.459085131595607,1.3555884923613415,False,237,0.0031373000238090754,0.006747599923983216,0.00019950000569224358,0.22840819992896236,0.2282575088644464,0.19095458334585477,0.9001411322320186,110.0,,,,,,,,,
adam_constant_lr0.003_s0,adam,constant,0.003,0,2431,256,1,grad_norm,9.906746390929067,15.813422647622701,1.5962276638172523,False,237,0.0030869999900460243,0.0067164001520723104,0.00018960004672408104,0.25492609774915986,0.2547341858213732,0.23343233830818527,0.8964876508627944,102.0,,,,,,,,,
adam_constant_lr0.003_s0,adam,constant,0.003,0,2559,256,1,grad_norm,10.820800016206723,14.183737793598468,1.310784578991844,False,237,0.0033228001557290554,0.006926600122824311,0.0001799999736249447,0.22715022033054671,0.22277322224932675,0.1561657227784215,0.8674920802334964,124.0,,,,,,,,,
adam_constant_lr0.003_s0,adam,constant,0.003,0,2687,256,1,grad_norm,10.172188969896867,15.98928777074111,1.5718630294874694,False,237,0.0031008999794721603,0.006691999966278672,0.0001680999994277954,0.21407427256019693,0.21345072289680397,0.1349997948678739,0.8968599742300603,116.0,,,,,,,,,
adam_constant_lr0.003_s0,adam,constant,0.003,0,2815,256,1,grad_norm,10.572238020135577,15.339449421754349,1.4509179033369548,False,237,0.00321789993904531,0.006816700100898743,0.00017710006795823574,0.21612232614144708,0.21368363548241137,0.2276699511170737,0.8973931632170774,104.0,,,,,,,,,
adam_constant_lr0.003_s0,adam,constant,0.003,0,2943,256,1,grad_norm,11.041283149670592,15.543092701604504,1.407725215530608,False,237,0.0031695000361651182,0.006722799967974424,0.00015840004198253155,0.17858989274282744,0.1742841809730591,0.224504107322571,0.9082812181423251,111.0,,,,,,,,,
adam_constant_lr0.003_s0,adam,constant,0.003,0,3071,256,1,grad_norm,11.849597520411375,17.107425436341973,1.4437136288277972,False,237,0.0031405999325215816,0.006816399982199073,0.00017410004511475563,0.16245827259527212,0.1624484642048206,0.1765573770012555,0.9016005266531019,116.0,,,,,,,,,
adam_constant_lr0.003_s0,adam,constant,0.003,0,1023,1024,1,train_loss,11.069668398778608,15.165088961138684,1.3699677727303874,False,1005,0.019419799791648984,0.04525270010344684,0.00025150016881525517,0.29274716765758485,0.14064341355598878,0.8850146683753691,0.6117755470338511,218.0,,,,,,,,,
adam_constant_lr0.003_s0,adam,constant,0.003,0,1151,1024,1,train_loss,11.487329129763136,16.444715935040477,1.431552604550433,False,1005,0.021196500165387988,0.049479500157758594,0.0002560000866651535,0.19489795508092386,0.06043651521204334,0.3883793366777418,0.6994897010770346,378.0,,,,,,,,,
adam_constant_lr0.003_s0,adam,constant,0.003,0,1279,1024,1,train_loss,11.576107716927964,16.748878895817555,1.4468489154886963,False,1005,0.022382699884474277,0.05445569986477494,0.00031849998049438,0.16052780064219696,0.05887589072255166,0.31441583713245025,0.7727501726617952,414.0,,,,,,,,,
adam_constant_lr0.003_s0,adam,constant,0.003,0,1407,1024,1,train_loss,12.250507583559985,18.165601723269592,1.482844820866654,False,1005,0.024348200066015124,0.05833819997496903,0.0002321999054402113,0.13432746957631841,0.0573569119680366,0.1963768411513844,0.8496994932319964,452.0,,,,,,,,,
adam_constant_lr0.003_s0,adam,constant,0.003,0,1535,1024,1,train_loss,12.566169411838812,18.513956688707736,1.4733174511610043,False,1005,0.026141799986362457,0.06279159989207983,0.00023479992523789406,0.11381094342197573,0.05855515816147614,0.17881164123681503,0.8639343266412535,445.0,,,,,,,,,
adam_constant_lr0.003_s0,adam,constant,0.003,0,1663,1024,1,train_loss,12.628603671053773,18.840666793577032,1.491904194979373,False,1005,0.027521400013938546,0.0659481999464333,0.0002474000211805105,0.09976357050940043,0.058903094828740746,0.13673615174626103,0.8844322669949938,464.0,,,,,,,,,
adam_constant_lr0.003_s0,adam,constant,0.003,0,1791,1024,1,train_loss,12.899418537577837,20.030095754299328,1.5527905925332073,False,1005,0.02800270006991923,0.06662380020134151,0.00024279998615384102,0.089457629915039,0.0587855915833185,0.09583634517854862,0.9235753251918088,479.0,,,,,,,,,
adam_constant_lr0.003_s0,adam,constant,0.003,0,1919,1024,1,train_loss,13.25153884202325,20.475491171906217,1.545140637325409,False,1005,0.02975820004940033,0.06918830005452037,0.000264100031927228,0.08197797658671192,0.05818641342960721,0.02973957356436264,0.9308613191132165,496.0,,,,,,,,,
adam_constant_lr0.003_s0,adam,constant,0.003,0,2047,1024,1,train_loss,13.362063494956685,20.887438970683885,1.5631896210168095,False,1005,0.029752400005236268,0.06902979989536107,0.00029179989360272884,0.07858738581864272,0.05955076765611975,0.0263411583892947,0.9274311279508928,508.0,,,,,,,,,
adam_constant_lr0.003_s0,adam,constant,0.003,0,2175,1024,1,train_loss,13.255890926752139,21.101212191352094,1.5918365885741455,False,1005,0.028835800010710955,0.06742749991826713,0.0002429999876767397,0.07710924302697293,0.060080228625778366,0.008767677231095268,0.9280168422853889,510.0,,,,,,,,,
adam_constant_lr0.003_s0,adam,constant,0.003,0,2303,1024,1,train_loss,13.302649867353542,20.677416802805027,1.554383300243821,False,1005,0.02967729978263378,0.0681209999602288,0.0002405999694019556,0.07465469499378145,0.06061344699530486,-0.012353460826584872,0.9333573868149608,518.0,,,,,,,,,
adam_constant_lr0.003_s0,adam,constant,0.003,0,2431,1024,1,train_loss,13.281839368785075,20.938272814153738,1.5764588196543605,False,1005,0.029757499927654862,0.06801319983787835,0.00025349995121359825,0.07255538733043602,0.05953181133617976,-0.0216520921928107,0.9303961491206062,534.0,,,,,,,,,
adam_constant_lr0.003_s0,adam,constant,0.003,0,2559,1024,1,train_loss,13.392753288913166,21.066095418916614,1.572947321918908,False,1005,0.029132999945431948,0.06774400011636317,0.0002590999938547611,0.06886780157542305,0.05978598852863588,-0.021293308732165676,0.9305429109907242,528.0,,,,,,,,,
adam_constant_lr0.003_s0,adam,constant,0.003,0,2687,1024,1,train_loss,13.606505868751805,20.876160459337697,1.5342778418433722,False,1005,0.029528000159189105,0.06832240032963455,0.00033500022254884243,0.06669474353960093,0.05955164162595414,-0.03938260298308984,0.9300520110554992,539.0,,,,,,,,,
adam_constant_lr0.003_s0,adam,constant,0.003,0,2815,1024,1,train_loss,13.894505575666118,21.10246203817389,1.5187630767611688,False,1005,0.029826699988916516,0.06879190029576421,0.00023080012761056423,0.06594372564720329,0.05974556908540732,-0.04568090664291593,0.9324666783418074,544.0,,,,,,,,,
adam_constant_lr0.003_s0,adam,constant,0.003,0,2943,1024,1,train_loss,13.980376933857773,20.748286534437504,1.484100652836417,False,1005,0.03013410000130534,0.06933760014362633,0.00023819995112717152,0.06666274624246384,0.060831089931255876,-0.054543557332420826,0.9354291162295338,548.0,,,,,,,,,
adam_constant_lr0.003_s0,adam,constant,0.003,0,3071,1024,1,train_loss,14.1428060668031,21.138485865736833,1.494645812569999,False,1005,0.03097880003042519,0.07016459992155433,0.0002445999998599291,0.06521784719563113,0.060909014215346814,-0.05278227404826813,0.9337355039272582,543.0,,,,,,,,,
adam_constant_lr0.003_s0,adam,constant,0.003,0,1023,1024,1,probe_loss,6.102122951432477,7.789687603454499,1.276553695402985,False,1005,0.013961599906906486,0.033456499921157956,0.00021849991753697395,0.263383619663182,0.14592401504209457,0.9970360528625383,0.5029938751914348,30.0,,,,,,,,,
adam_constant_lr0.003_s0,adam,constant,0.003,0,1151,1024,1,probe_loss,5.86700154826698,7.693733158969869,1.3113569334650128,False,1005,0.01547570014372468,0.03740690019913018,0.00022350018844008446,0.14421034415294176,0.04734598896870584,0.9868722522837308,0.21636640471040577,40.0,,,,,,,,,
adam_constant_lr0.003_s0,adam,constant,0.003,0,1279,1024,1,probe_loss,5.6816013385584005,7.916625424476152,1.393379252210055,False,1005,0.016559899784624577,0.04103600000962615,0.00024240021593868732,0.10521749833415996,0.03182605541765531,0.9730831959312124,0.36104093329844017,64.0,,,,,,,,,
adam_constant_lr0.003_s0,adam,constant,0.003,0,1407,1024,1,probe_loss,5.467065938593588,7.765763060918052,1.4204626664729432,False,1005,0.018077900167554617,0.0430050001014024,0.00023959996178746223,0.08286641168546553,0.022863762283741044,0.9566520691727385,0.5156139663324839,90.0,,,,,,,,,
adam_constant_lr0.003_s0,adam,constant,0.003,0,1535,1024,1,probe_loss,5.482590649403028,7.845007084104897,1.4308941859372815,False,1005,0.019014399964362383,0.04456219985149801,0.0002354998141527176,0.07115966991359031,0.019812025258160552,0.9490790620853773,0.6197009331376431,106.0,,,,,,,,,
adam_constant_lr0.003_s0,adam,constant,0.003,0,1663,1024,1,probe_loss,5.5888901517530165,7.8638509872353435,1.4070505545307168,False,1005,0.018175299977883697,0.043909299885854125,0.00022959988564252853,0.061180453067134904,0.019595432428737767,0.950579966644999,0.6066169875613339,82.0,,,,,,,,,
adam_constant_lr0.003_s0,adam,constant,0.003,0,1791,1024,1,probe_loss,6.031805414033581,8.692213062773519,1.4410632416208655,False,1005,0.020083599956706166,0.0491096000187099,0.00023259990848600864,0.048990947191294015,0.02036522312145098,0.9581096285142381,0.5973908113002662,94.0,,,,,,,,,
adam_constant_lr0.003_s0,adam,constant,0.003,0,1919,1024,1,probe_loss,6.1008293328526735,8.397408669853998,1.3764372369235696,False,1005,0.019902799976989627,0.05010039987973869,0.00025599985383450985,0.0462954417499109,0.02015253931930111,0.9612664348597431,0.5969059197115478,84.0,,,,,,,,,
adam_constant_lr0.003_s0,adam,constant,0.003,0,2047,1024,1,probe_loss,5.419195091925917,7.13281612360475,1.3162132018889603,False,1005,0.020251800073310733,0.04965619998984039,0.00025560008361935616,0.04464827080154885,0.019682268908435316,0.9616732648243653,0.6124661853212464,96.0,,,,,,,,,
adam_constant_lr0.003_s0,adam,constant,0.003,0,2175,1024,1,probe_loss,5.66252192771426,6.937793272709612,1.2252126104366592,False,1005,0.020165299996733665,0.05068440013565123,0.00022569997236132622,0.0378283825535281,0.019899161397685744,0.9656086450223373,0.5815622794638339,82.0,,,,,,,,,
adam_constant_lr0.003_s0,adam,constant,0.003,0,2303,1024,1,probe_loss,5.846208507474559,7.633085684970199,1.3056471857291887,False,1005,0.020974599989131093,0.050496899988502264,0.00026490003801882267,0.036196048187223426,0.01935723121358296,0.9665194759348464,0.6078564855006964,71.0,,,,,,,,,
adam_constant_lr0.003_s0,adam,constant,0.003,0,2431,1024,1,probe_loss,5.803124967074859,7.200242929229688,1.2407526927442794,False,1005,0.02042130008339882,0.049894999945536256,0.00022849999368190765,0.035086903395987835,0.01951495804863727,0.9699546198410958,0.5886382197052101,68.0,,,,,,,,,
adam_constant_lr0.003_s0,adam,constant,0.003,0,2559,1024,1,probe_loss,5.915149271500856,7.670263264151481,1.2967150805655492,False,1005,0.020092899911105633,0.05040809977799654,0.00024169986136257648,0.033918952011109046,0.020388288221935075,0.972112547695371,0.5825579809603579,73.0,,,,,,,,,
adam_constant_lr0.003_s0,adam,constant,0.003,0,2687,1024,1,probe_loss,5.494576803954351,7.612407693733181,1.3854402195733553,False,1005,0.020145799964666367,0.05137210013344884,0.00022490019910037518,0.034375991163895926,0.020154006853015636,0.9739776100589463,0.5698986093160036,69.0,,,,,,,,,
adam_constant_lr0.003_s0,adam,constant,0.003,0,2815,1024,1,probe_loss,5.868780266155212,7.628648589008702,1.2998695202481019,False,1005,0.020290400134399533,0.05186830018647015,0.00022739986889064312,0.030408518934056848,0.018398714870371265,0.9709984230752017,0.6193316988915729,77.0,,,,,,,,,
adam_constant_lr0.003_s0,adam,constant,0.003,0,2943,1024,1,probe_loss,5.675142568211333,8.019846255838761,1.4131532660978456,False,1005,0.021021199878305197,0.053633899660781026,0.000219699926674366,0.028362610133606792,0.018161112789328738,0.972280116520932,0.6139382905382386,76.0,,,,,,,,,
adam_constant_lr0.003_s0,adam,constant,0.003,0,3071,1024,1,probe_loss,6.043209384777104,8.184604911745087,1.3543473989768047,False,1005,0.021584999980404973,0.05445059994235635,0.00026359991170465946,0.028826113390173196,0.01848650659813328,0.9727097951787582,0.6126161124431171,78.0,,,,,,,,,
adam_constant_lr0.003_s0,adam,constant,0.003,0,1023,1024,1,grad_norm,12.151153870507095,17.560909857344946,1.4452051257426872,False,1005,0.027096600038930774,0.06475959974341094,0.0002702998463064432,0.3784371645915317,0.30826399264561244,0.1675585226336099,0.9000782722519107,403.0,,,,,,,,,
adam_constant_lr0.003_s0,adam,constant,0.003,0,1151,1024,1,grad_norm,11.624646822165245,15.343189224576008,1.3198843336315775,False,1005,0.029045699862763286,0.06882669986225665,0.00033490010537207127,0.32243049654445166,0.26510797819308857,0.1723222624765921,0.8556947728578286,427.0,,,,,,,,,
adam_constant_lr0.003_s0,adam,constant,0.003,0,1279,1024,1,grad_norm,12.940003542619829,18.971308526229727,1.4660976300157027,False,1005,0.02965579996816814,0.06924739992246032,0.0002492000348865986,0.28094989446293694,0.2611644135224007,0.04776236309789723,0.908224254896808,480.0,,,,,,,,,
adam_constant_lr0.003_s0,adam,constant,0.003,0,1407,1024,1,grad_norm,13.446698751666604,19.784283310726522,1.4713115595212116,False,1005,0.031265700003132224,0.07211970002390444,0.00024860003031790257,0.2577268153880341,0.2467352426324336,0.08546368710910573,0.9106165559137758,466.0,,,,,,,,,
adam_constant_lr0.003_s0,adam,constant,0.003,0,1535,1024,1,grad_norm,13.472693531426549,21.018426219391298,1.5600760286251218,False,1005,0.030632899841293693,0.0704975996632129,0.00024369987659156322,0.24498934419028204,0.24126927102261445,0.0643686707418203,0.9166871306684706,476.0,,,,,,,,,
adam_constant_lr0.003_s0,adam,constant,0.003,0,1663,1024,1,grad_norm,13.188104583317507,20.741464217066614,1.5727403499138037,False,1005,0.031159699894487858,0.07177230017259717,0.00032750004902482033,0.24562586900611985,0.24534322847469323,0.03226611612290406,0.9186080369072284,465.0,,,,,,,,,
adam_constant_lr0.003_s0,adam,constant,0.003,0,1791,1024,1,grad_norm,13.60814848988303,21.466572770989515,1.5774793159369789,False,1005,0.03187150019221008,0.07353330007754266,0.0002383999526500702,0.23034651854678476,0.23033518958530472,0.024772169815164856,0.9262779508349936,484.0,,,,,,,,,
adam_constant_lr0.003_s0,adam,constant,0.003,0,1919,1024,1,grad_norm,13.720350363954159,21.52501594334932,1.5688386500609655,False,1005,0.03108390001580119,0.07182470010593534,0.0002731999848037958,0.22660112517671727,0.22651322671452612,0.010672347099980157,0.9291490574049119,494.0,,,,,,,,,
adam_constant_lr0.003_s0,adam,constant,0.003,0,2047,1024,1,grad_norm,13.326573182674228,21.196350343398656,1.5905326938027746,False,1005,0.031544100027531385,0.07250590017065406,0.00023620016872882843,0.22723230996919133,0.22593422148496922,0.01146159062745474,0.9251114871468664,481.0,,,,,,,,,
adam_constant_lr0.003_s0,adam,constant,0.003,0,2175,1024,1,grad_norm,13.431825920319147,21.185845246985206,1.5772870622851118,False,1005,0.030262399930506945,0.07155760005116463,0.00024410011246800423,0.2246622062348189,0.22209234234368275,0.041764800554699645,0.9272282081286329,471.0,,,,,,,,,
adam_constant_lr0.003_s0,adam,constant,0.003,0,2303,1024,1,grad_norm,13.538198437660526,21.366710670132957,1.5782536183466698,False,1005,0.031718899961560965,0.07205590000376105,0.0002484000287950039,0.22089790405890097,0.219226465683488,0.07359493826624858,0.9279297352960763,471.0,,,,,,,,,
adam_constant_lr0.003_s0,adam,constant,0.003,0,2431,1024,1,grad_norm,13.06244507455362,20.099633522825858,1.5387343952918184,False,1005,0.031317099928855896,0.07117639994248748,0.000251400051638484,0.22486163871828913,0.22439627748564495,0.11689866703247122,0.925555798171741,476.0,,,,,,,,,
adam_constant_lr0.003_s0,adam,constant,0.003,0,2559,1024,1,grad_norm,13.220625078433471,20.047089419289094,1.5163495901560275,False,1005,0.03021580004133284,0.07043959992006421,0.00022819987498223782,0.2243811577961752,0.22358106263167643,0.12489776399004152,0.9187125925848748,472.0,,,,,,,,,
adam_constant_lr0.003_s0,adam,constant,0.003,0,2687,1024,1,grad_norm,13.05830444006646,19.799716122745576,1.5162547491230651,False,1005,0.03106920002028346,0.0709579000249505,0.00023310002870857716,0.2211933420007917,0.22072624642798802,0.1429262319455643,0.9137744072386972,464.0,,,,,,,,,
adam_constant_lr0.003_s0,adam,constant,0.003,0,2815,1024,1,grad_norm,12.886656051135418,19.679827129688384,1.5271476984872607,False,1005,0.030660799937322736,0.07052520010620356,0.00025560008361935616,0.22339187157764398,0.22196983747877094,0.1645092603463338,0.9132842296872511,449.0,,,,,,,,,
adam_constant_lr0.003_s0,adam,constant,0.003,0,2943,1024,1,grad_norm,12.879970697649714,19.786493213322107,1.5362219121300227,False,1005,0.031089300056919456,0.07024700031615794,0.0002495001535862684,0.21927806731021918,0.21685098193619495,0.18922279122990796,0.90772429306734,449.0,,,,,,,,,
adam_constant_lr0.003_s0,adam,constant,0.003,0,3071,1024,1,grad_norm,13.35918695342973,20.096792437391784,1.5043424803806864,False,1005,0.029447700129821897,0.06873530009761453,0.0002375999465584755,0.21397558439741987,0.21015988203071298,0.2022638141619719,0.9147830904120564,460.0,,,,,,,,,
adam_constant_lr0.003_s0,adam,constant,0.003,0,511,512,4,train_loss,18.117007447685374,15.068940497170402,0.8317565989131173,False,436,0.015357399825006723,0.028695299988612533,0.0002142000012099743,0.27400520614545515,0.15703413348708686,0.914291604482136,0.6215360018410256,98.0,,,,,,,,,
adam_constant_lr0.003_s0,adam,constant,0.003,0,639,512,4,train_loss,16.295620150286922,16.225528916252877,0.9956987685410174,False,436,0.015759600093588233,0.03031810000538826,0.00022209994494915009,0.14177538292225111,0.04491211639186399,0.1073504883585218,0.8902533630033642,231.0,,,,,,,,,
adam_constant_lr0.003_s0,adam,constant,0.003,0,767,512,4,train_loss,15.271252246473688,16.963019299710243,1.110781160963876,False,436,0.015255199978128076,0.02881099982187152,0.0002088998444378376,0.11635689759897189,0.04693103724936856,0.11038811172433531,0.8729631919211605,224.0,,,,,,,,,
adam_constant_lr0.003_s0,adam,constant,0.003,0,895,512,4,train_loss,13.145466788356165,19.078005579979127,1.4512992111377754,False,436,0.015348199987784028,0.02931639994494617,0.00020739994943141937,0.09639932868797677,0.04717875526227695,0.020948043179534127,0.9122015418397101,266.0,,,,,,,,,
adam_constant_lr0.003_s0,adam,constant,0.003,0,1023,512,4,train_loss,13.834521772210772,18.494822893453247,1.3368602975929071,False,436,0.016030400060117245,0.03016120009124279,0.00020379992201924324,0.08794698189927475,0.04845394834061177,0.011041042573682778,0.9321970338339666,265.0,,,,,,,,,
adam_constant_lr0.003_s0,adam,constant,0.003,0,1151,512,4,train_loss,12.776875522158804,16.002241641652873,1.2524377821401131,False,436,0.01624920009635389,0.029822200071066618,0.00020859995856881142,0.08313768623507983,0.05220620468527299,0.02274521976872185,0.9280775173149667,249.0,,,,,,,,,
adam_constant_lr0.003_s0,adam,constant,0.003,0,1279,512,4,train_loss,12.923382394538084,16.220261400831067,1.2551096071943495,False,436,0.016609700163826346,0.030243500135838985,0.00019689998589456081,0.07364507538335127,0.055165023589185666,0.08459408340819354,0.9119088646190036,248.0,,,,,,,,,
adam_constant_lr0.003_s0,adam,constant,0.003,0,1407,512,4,train_loss,12.148938641241203,15.407608254867924,1.2682266912242628,False,436,0.0166210001334548,0.03051580023020506,0.00019970000721514225,0.0673248710569001,0.05668617178682414,0.03407961504880444,0.929845254684626,243.0,,,,,,,,,
adam_constant_lr0.003_s0,adam,constant,0.003,0,1535,512,4,train_loss,13.263588299743978,15.562131037473394,1.1732972017665675,False,436,0.016770899994298816,0.030520000029355288,0.00019480008631944656,0.06448549267828431,0.058554898464610206,0.03429728452982923,0.9207880558099606,242.0,,,,,,,,,
adam_constant_lr0.003_s0,adam,constant,0.003,0,1663,512,4,train_loss,12.127312315331864,15.44546429918184,1.2736098401337472,False,436,0.016814399976283312,0.030721000162884593,0.00021890015341341496,0.06385228535272085,0.058287043295056934,0.021754458982289546,0.9210220918111507,246.0,,,,,,,,,
adam_constant_lr0.003_s0,adam,constant,0.003,0,1791,512,4,train_loss,12.017404253527618,15.563504942043783,1.2950804195070025,False,436,0.01739989989437163,0.03199469996616244,0.00023739994503557682,0.06496273688612353,0.05972141516254686,0.0316058032432607,0.924474818160348,242.0,,,,,,,,,
adam_constant_lr0.003_s0,adam,constant,0.003,0,1919,512,4,train_loss,12.781923847587475,16.570896830265465,1.2964321355578363,False,436,0.017367699882015586,0.031686799600720406,0.000326699810102582,0.06598728431891848,0.05909097098441225,0.00887296672021329,0.9192566437737529,252.0,,,,,,,,,
adam_constant_lr0.003_s0,adam,constant,0.003,0,2047,512,4,train_loss,11.983809013052916,15.55909649337849,1.2983431625480117,False,436,0.018586100079119205,0.03278800006955862,0.00028069992549717426,0.06424871309494012,0.060392808791458745,0.014775681088888366,0.9260604498290975,257.0,,,,,,,,,
adam_constant_lr0.003_s0,adam,constant,0.003,0,2175,512,4,train_loss,12.977465458899257,16.852463022563292,1.2985943269073983,False,436,0.0173528001178056,0.03215519990772009,0.00025129993446171284,0.06393323832240029,0.06142731932604249,-0.016732740122059563,0.9205724027383982,266.0,,,,,,,,,
adam_constant_lr0.003_s0,adam,constant,0.003,0,2303,512,4,train_loss,13.033652536230674,17.400360523823494,1.335033328182897,False,436,0.01752320001833141,0.032042300095781684,0.00022280006669461727,0.06310668330930538,0.06108257462548588,-0.06870557203089858,0.9276777009504048,277.0,,,,,,,,,
adam_constant_lr0.003_s0,adam,constant,0.003,0,2431,512,4,train_loss,12.189118362060174,17.19661177804366,1.410816702836343,False,436,0.016919499961659312,0.03135269973427057,0.00024199998006224632,0.06198465408380971,0.059239503643584046,-0.0750080180349294,0.9136937022438495,280.0,,,,,,,,,
adam_constant_lr0.003_s0,adam,constant,0.003,0,2559,512,4,train_loss,11.487737451313478,15.729485186407633,1.3692413543634012,False,436,0.017371600028127432,0.03182670008391142,0.0002266999799758196,0.059780628065073796,0.05869380669343138,-0.07544083761842477,0.9236198666055249,286.0,,,,,,,,,
adam_constant_lr0.003_s0,adam,constant,0.003,0,2687,512,4,train_loss,11.650344131397228,14.80482451079262,1.270762849905368,False,436,0.01723990007303655,0.03128030011430383,0.0002313000150024891,0.05872122058383026,0.05747405653102504,-0.07063167394558689,0.9333240891164414,279.0,,,,,,,,,
adam_constant_lr0.003_s0,adam,constant,0.003,0,2815,512,4,train_loss,12.47321173843646,15.414684220144352,1.2358231819831682,False,436,0.01730339997448027,0.03150980011560023,0.0002226000651717186,0.059613611795787516,0.058324324763550546,-0.02314126515690111,0.9344331892277636,267.0,,,,,,,,,
adam_constant_lr0.003_s0,adam,constant,0.003,0,2943,512,4,train_loss,12.698726250876193,14.76705871630805,1.1628771598481498,False,436,0.017187199788168073,0.031426399713382125,0.000228899996727705,0.0637604875750442,0.062174669795034554,-0.0434218875185295,0.9347098332895639,268.0,,,,,,,,,
adam_constant_lr0.003_s0,adam,constant,0.003,0,3071,512,4,train_loss,13.130178016232346,16.272026889401204,1.2392845602919251,False,436,0.01697180001065135,0.03149930015206337,0.0002475001383572817,0.06360638093703044,0.06297502334019536,-0.033586300711064186,0.9182769630506936,262.0,,,,,,,,,
adam_constant_lr0.003_s0,adam,constant,0.003,0,511,512,4,probe_loss,15.787916024205803,13.804690825995364,0.8743833451375225,False,436,0.014505899976938963,0.026989300036802888,0.0002313000150024891,0.2732981032366444,0.1577256868519462,0.9960987142384253,0.5418161881816735,14.0,,,,,,,,,
adam_constant_lr0.003_s0,adam,constant,0.003,0,639,512,4,probe_loss,14.875561969575429,14.154309220906537,0.9515142520232815,False,436,0.014838699949905276,0.02789580007083714,0.0002264000941067934,0.11891990530552286,0.02789877626108074,0.9528642586902725,0.36266066105282396,38.0,,,,,,,,,
adam_constant_lr0.003_s0,adam,constant,0.003,0,767,512,4,probe_loss,13.660335633781688,13.499198228854445,0.988203993719689,False,436,0.015828699804842472,0.02882599993608892,0.0002196000423282385,0.07931966113149311,0.02214711178669715,0.930766349220169,0.4823268806187111,52.0,,,,,,,,,
adam_constant_lr0.003_s0,adam,constant,0.003,0,895,512,4,probe_loss,15.35542133503764,15.041428913978178,0.9795516896470303,False,436,0.015819299966096878,0.029190999921411276,0.00023039989173412323,0.06159636244650097,0.016644516794950912,0.903672547069845,0.6767289378606779,69.0,,,,,,,,,
adam_constant_lr0.003_s0,adam,constant,0.003,0,1023,512,4,probe_loss,10.383030313008224,15.14848072927476,1.458965280135628,False,436,0.01624900009483099,0.030008000088855624,0.00022529996931552887,0.04946624836591114,0.018427718561777544,0.9310918245905868,0.6210076621622422,54.0,,,,,,,,,
adam_constant_lr0.003_s0,adam,constant,0.003,0,1151,512,4,probe_loss,12.75183595855268,10.75161150132296,0.843142237421258,False,436,0.01591970003210008,0.029610400088131428,0.0002302001230418682,0.04031872320525863,0.018883126909242102,0.9379798536720075,0.5912528722652205,51.0,,,,,,,,,
adam_constant_lr0.003_s0,adam,constant,0.003,0,1279,512,4,probe_loss,16.08291257253354,18.024165656690503,1.1207028313685072,False,436,0.01605490013025701,0.02941590012051165,0.00021520000882446766,0.032475321123617056,0.017978274212441546,0.936140746517165,0.6586369054737482,64.0,,,,,,,,,
adam_constant_lr0.003_s0,adam,constant,0.003,0,1407,512,4,probe_loss,17.897305619448865,27.890314951281972,1.558352723271026,False,436,0.015951799927279353,0.036074299830943346,0.0005582999438047409,0.03422842270098344,0.016606385662434935,0.9323973307044521,0.6757557888007439,60.0,,,,,,,,,
adam_constant_lr0.003_s0,adam,constant,0.003,0,1535,512,4,probe_loss,20.409028846875604,27.89343150547299,1.3667201763862058,False,436,0.023733400041237473,0.036750500090420246,0.00025749998167157173,0.03488405742882462,0.01684343037893991,0.9417222469203048,0.6272659667119613,55.0,,,,,,,,,
adam_constant_lr0.003_s0,adam,constant,0.003,0,1663,512,4,probe_loss,14.242597961954397,25.29809364308503,1.776227462901268,False,436,0.015613500028848648,0.028919200180098414,0.0002319000195711851,0.028356875261663504,0.01785783620074081,0.950529021282517,0.6226160462569001,39.0,,,,,,,,,
adam_constant_lr0.003_s0,adam,constant,0.003,0,1791,512,4,probe_loss,11.307766909382147,16.42629870232266,1.4526562878381961,False,436,0.015932000009343028,0.029283800162374973,0.00021440000273287296,0.01901573535552144,0.016912246265150904,0.9506872344442756,0.6203756857910822,53.0,,,,,,,,,
adam_constant_lr0.003_s0,adam,constant,0.003,0,1919,512,4,probe_loss,12.221529832742213,12.69596090046933,1.0388192864739476,False,436,0.01589190005324781,0.029026600066572428,0.00020510004833340645,0.021747977832729144,0.01882973402542442,0.9640580586834527,0.5672682697794786,40.0,,,,,,,,,
adam_constant_lr0.003_s0,adam,constant,0.003,0,2047,512,4,probe_loss,9.93730953660563,18.52716248080942,1.8644042849386673,False,436,0.01566949998959899,0.028579399921000004,0.00021069985814392567,0.028738333434684148,0.018782348086826477,0.9626262892830186,0.5760282815539581,37.0,,,,,,,,,
adam_constant_lr0.003_s0,adam,constant,0.003,0,2175,512,4,probe_loss,9.519398169367568,13.893508170615373,1.4594943843533341,False,436,0.01479690009728074,0.027518599992617965,0.00020779995247721672,0.02711239433936305,0.02064821411855696,0.9730644505452785,0.48013241205001767,39.0,,,,,,,,,
adam_constant_lr0.003_s0,adam,constant,0.003,0,2303,512,4,probe_loss,12.867368015532373,15.17014933803661,1.178962886561146,False,436,0.015864100074395537,0.02901310008019209,0.00020539993420243263,0.023691149325725802,0.019981513397876762,0.9723747169139149,0.5455252427254972,39.0,,,,,,,,,
adam_constant_lr0.003_s0,adam,constant,0.003,0,2431,512,4,probe_loss,13.486371087137682,24.199638141998705,1.794377300286402,False,436,0.01571860001422465,0.028617399744689465,0.00021529989317059517,0.02160215564693988,0.019055301915167026,0.9720150082018002,0.5496796303209662,42.0,,,,,,,,,
adam_constant_lr0.003_s0,adam,constant,0.003,0,2559,512,4,probe_loss,13.715401299136946,13.418196953266603,0.9783306124707379,False,436,0.015618900069966912,0.02858690032735467,0.00020560016855597496,0.022258610066105283,0.019880306294854176,0.9749757075797371,0.5550888131278614,35.0,,,,,,,,,
adam_constant_lr0.003_s0,adam,constant,0.003,0,2687,512,4,probe_loss,12.025830695885208,16.880698401039165,1.403703313968582,False,436,0.01581289991736412,0.02900819992646575,0.0002077000681310892,0.02025241345496032,0.01846036386139085,0.9716993691216775,0.5767813554182991,34.0,,,,,,,,,
adam_constant_lr0.003_s0,adam,constant,0.003,0,2815,512,4,probe_loss,15.465742964316295,29.326560449623337,1.8962270689023957,False,436,0.01591089996509254,0.02900789980776608,0.0002071999479085207,0.02245370116551932,0.016213989630893138,0.9671644673192178,0.5952471210740158,40.0,,,,,,,,,
adam_constant_lr0.003_s0,adam,constant,0.003,0,2943,512,4,probe_loss,15.92247819879153,17.22247247591357,1.081645222614951,False,436,0.015795400133356452,0.028816800098866224,0.0002134998794645071,0.02183233147404166,0.016939855854083474,0.9716731555259088,0.582949460786881,42.0,,,,,,,,,
adam_constant_lr0.003_s0,adam,constant,0.003,0,3071,512,4,probe_loss,12.923111935991086,22.74678644577318,1.7601632299123706,False,436,0.01614179997704923,0.029336800100281835,0.00021359999664127827,0.015701125128831327,0.015138208360544457,0.9617569309510026,0.6085556605214725,44.0,,,,,,,,,
adam_constant_lr0.003_s0,adam,constant,0.003,0,511,512,4,grad_norm,10.699940172010963,24.057514683346987,2.2483784298417793,False,436,0.01610359991900623,0.029603799805045128,0.00021500000730156898,0.3877564489056999,0.3497394628042775,0.14254775272233644,0.9027808000623657,203.0,,,,,,,,,
adam_constant_lr0.003_s0,adam,constant,0.003,0,639,512,4,grad_norm,11.95913757997767,15.819540200663809,1.3227994154987677,False,436,0.016507300082594156,0.030021200189366937,0.00022620009258389473,0.30223473813746476,0.25030841829638983,0.11531969905910841,0.8539589277687788,211.0,,,,,,,,,
adam_constant_lr0.003_s0,adam,constant,0.003,0,767,512,4,grad_norm,10.934512366168546,15.001752499798087,1.3719635588152619,False,436,0.01649060007184744,0.030087800230830908,0.0002421000972390175,0.2904658863449391,0.2721735074126069,0.034365146106407896,0.8977048288794467,229.0,,,,,,,,,
adam_constant_lr0.003_s0,adam,constant,0.003,0,895,512,4,grad_norm,11.031420257472622,11.92647273455933,1.081136649334015,False,436,0.016310499981045723,0.029753200244158506,0.0002231001853942871,0.26399555208462194,0.24962469265387427,0.13389632471146018,0.8849053126092388,240.0,,,,,,,,,
adam_constant_lr0.003_s0,adam,constant,0.003,0,1023,512,4,grad_norm,9.872600481683381,12.516871487615958,1.2678393611529697,False,436,0.016502999933436513,0.029965400230139494,0.00020900019444525242,0.25194881941751507,0.24680625051978466,0.12065945049585972,0.8897566020438369,232.0,,,,,,,,,
adam_constant_lr0.003_s0,adam,constant,0.003,0,1151,512,4,grad_norm,8.93523899282818,11.800016586520428,1.3206156652319703,False,436,0.016566799953579903,0.030066800070926547,0.0002109999768435955,0.2514138516548776,0.251411082921801,0.03649615430261355,0.8951910635536704,241.0,,,,,,,,,
adam_constant_lr0.003_s0,adam,constant,0.003,0,1279,512,4,grad_norm,9.766082421990241,11.648686001660781,1.1927695772289912,False,436,0.016546000028029084,0.029995200224220753,0.000220100162550807,0.24337167543584146,0.24252747486438223,0.00814359140840109,0.9137407652050669,243.0,,,,,,,,,
adam_constant_lr0.003_s0,adam,constant,0.003,0,1407,512,4,grad_norm,11.443742148410916,15.055307037244516,1.3155929976397716,False,436,0.016629799967631698,0.039053000044077635,0.0005403000395745039,0.23834597846785627,0.2377500137276093,-0.014841933177800732,0.9189376643285324,246.0,,,,,,,,,
adam_constant_lr0.003_s0,adam,constant,0.003,0,1535,512,4,grad_norm,11.204672532930346,14.594272674698175,1.3025166627409994,False,436,0.02056040009483695,0.034585199784487486,0.00021609989926218987,0.23243167585653926,0.23239906524423337,-0.024587836626915834,0.9185547687295761,248.0,,,,,,,,,
adam_constant_lr0.003_s0,adam,constant,0.003,0,1663,512,4,grad_norm,11.082847361894997,13.341628496682677,1.2038087380463087,False,436,0.016882299911230803,0.030797299928963184,0.00022220006212592125,0.238953228187068,0.23894446667184993,0.028155240255598003,0.9221443983947256,225.0,,,,,,,,,
adam_constant_lr0.003_s0,adam,constant,0.003,0,1791,512,4,grad_norm,11.039970280196341,14.338387688293265,1.298770497055927,False,436,0.01731109991669655,0.03134929994121194,0.00021760002709925175,0.21653912371470166,0.2162865954034205,0.033956803347210095,0.9077491705068431,245.0,,,,,,,,,
adam_constant_lr0.003_s0,adam,constant,0.003,0,1919,512,4,grad_norm,10.914881695854675,14.471981404960182,1.325894481335189,False,436,0.01678219996392727,0.03096910030581057,0.00021690013818442822,0.21377689333252015,0.21360334800468325,0.03245251600739136,0.9169842401941851,247.0,,,,,,,,,
adam_constant_lr0.003_s0,adam,constant,0.003,0,2047,512,4,grad_norm,11.313006972301803,13.110273658024346,1.1588672834837705,False,436,0.01693139993585646,0.03154299990274012,0.0005898000672459602,0.22015894797148394,0.21874075424159792,0.04492476530004607,0.9010967413807778,239.0,,,,,,,,,
adam_constant_lr0.003_s0,adam,constant,0.003,0,2175,512,4,grad_norm,11.06786445531729,14.743467072607942,1.3320968224836542,False,436,0.017742300173267722,0.0320828000549227,0.0002188000362366438,0.2036911275979038,0.20283571279821935,0.05270928724504851,0.9187194603480174,243.0,,,,,,,,,
adam_constant_lr0.003_s0,adam,constant,0.003,0,2303,512,4,grad_norm,10.087075139906553,14.918081419186235,1.4789303353325112,False,436,0.016350700054317713,0.029743200168013573,0.00022380007430911064,0.22267499266175753,0.2220908734406983,0.11090457025914677,0.9235290809300971,228.0,,,,,,,,,
adam_constant_lr0.003_s0,adam,constant,0.003,0,2431,512,4,grad_norm,10.119954720168616,14.218779201676119,1.405023994162615,False,436,0.01609169994480908,0.029538400238379836,0.00022190017625689507,0.23408400853076042,0.23376382086253505,0.17998552359825318,0.9053291887068955,224.0,,,,,,,,,
adam_constant_lr0.003_s0,adam,constant,0.003,0,2559,512,4,grad_norm,11.12165424606544,14.47565874537576,1.3015742465197462,False,436,0.016113599995151162,0.029721600003540516,0.00020400015637278557,0.22785766740959223,0.22771652338751744,0.1899124922297045,0.9025320298242844,237.0,,,,,,,,,
adam_constant_lr0.003_s0,adam,constant,0.003,0,2687,512,4,grad_norm,10.291903754877971,13.176644133434843,1.2802922031980346,False,436,0.016178200021386147,0.029692599782720208,0.0002047999296337366,0.2373978516688499,0.23505787018281762,0.19311873452863176,0.9071748117228671,215.0,,,,,,,,,
adam_constant_lr0.003_s0,adam,constant,0.003,0,2815,512,4,grad_norm,11.470442346886058,14.57754062769503,1.270878679901344,False,436,0.016414500074461102,0.029934000223875046,0.00020110001787543297,0.22348018870832909,0.21919880794609037,0.19867360383972757,0.9087530129725048,226.0,,,,,,,,,
adam_constant_lr0.003_s0,adam,constant,0.003,0,2943,512,4,grad_norm,11.001968635209288,14.8978994100209,1.3541121506512548,False,436,0.016619500005617738,0.03019810002297163,0.00021110009402036667,0.19857110998121288,0.19555251400056012,0.17799208026968624,0.915426012492607,225.0,,,,,,,,,
adam_constant_lr0.003_s0,adam,constant,0.003,0,3071,512,4,grad_norm,11.638948725548117,15.668797575503486,1.3462382166105462,False,436,0.01646520011126995,0.030191299971193075,0.00022019981406629086,0.19244909368402463,0.1904553963297958,0.21293497298555022,0.9129900550197657,221.0,,,,,,,,,
adam_constant_lr0.003_s1,adam,constant,0.003,1,511,512,1,train_loss,9.572568489620016,11.859143822495078,1.2388674821553383,False,493,0.007086100056767464,0.016777100041508675,0.00020030001178383827,0.2720346246082235,0.15885288555697252,0.8995132570788454,0.55094877398239,78.0,0.007086100056767464,0.0071668000891804695,0.007037699921056628,0.01677019987255335,0.016810200177133083,0.016777100041508675,0.0002066998276859522,0.00018960004672408104,0.00020030001178383827
adam_constant_lr0.003_s1,adam,constant,0.003,1,639,512,1,train_loss,9.62916374741397,12.539204412282993,1.3022111515811068,False,493,0.00767380022443831,0.01793479989282787,0.00022849999368190765,0.12507628868154622,0.04399083089293756,0.0081238774638994,0.9270032359442438,261.0,0.007659700000658631,0.00767380022443831,0.007723100017756224,0.01790670002810657,0.01799429999664426,0.01793479989282787,0.00022849999368190765,0.0002314997836947441,0.00020830007269978523
adam_constant_lr0.003_s1,adam,constant,0.003,1,767,512,1,train_loss,10.509544376347414,15.252597726025472,1.4513091319498765,False,493,0.0076830999460071325,0.017914799973368645,0.0001946999691426754,0.11357268748565522,0.045818666488404644,0.0016595089973285347,0.9239344161882787,254.0,0.007808600086718798,0.007678699912503362,0.0076830999460071325,0.017914799973368645,0.017807399854063988,0.018126999959349632,0.00020610005594789982,0.00019049993716180325,0.0001946999691426754
adam_constant_lr0.003_s1,adam,constant,0.003,1,895,512,1,train_loss,10.805667037742008,15.37732343387021,1.4230795174569353,False,493,0.008342600194737315,0.019306299975141883,0.00019299983978271484,0.10508675141071946,0.04761041129983845,-0.008922504106027941,0.9191184662123064,262.0,0.008342600194737315,0.008428199915215373,0.008199900155887008,0.019306299975141883,0.019446999998763204,0.019169799983501434,0.00019299983978271484,0.00019280007109045982,0.00019329995848238468
adam_constant_lr0.003_s1,adam,constant,0.003,1,1023,512,1,train_loss,11.228584956322342,16.375937313632356,1.4584150520597663,False,493,0.008679599966853857,0.020316099980846047,0.00018720002844929695,0.09216875752771202,0.05017848279174712,0.022232194572077334,0.9263743875852293,264.0,0.008679599966853857,0.00866300007328391,0.008819499984383583,0.02016579988412559,0.0203660000115633,0.020316099980846047,0.0001816998701542616,0.00019539985805749893,0.00018720002844929695
adam_constant_lr0.003_s1,adam,constant,0.003,1,1151,512,1,train_loss,11.713970947657302,18.294480529447416,1.561765912788623,False,493,0.009194700047373772,0.020855199778452516,0.00019499985501170158,0.0834321252932302,0.05144464952268852,0.02077047849182755,0.9202855387038951,247.0,0.009194700047373772,0.009198300074785948,0.009099399903789163,0.0206857998855412,0.021265299757942557,0.020855199778452516,0.0002047999296337366,0.0001863997895270586,0.00019499985501170158
adam_constant_lr0.003_s1,adam,constant,0.003,1,1279,512,1,train_loss,12.192781774589625,19.059399868807787,1.5631707530867602,False,493,0.009405899792909622,0.021214700303971767,0.0002125001046806574,0.0751876621678217,0.0515396982859456,0.0333753795385754,0.9238829935862887,256.0,0.009405899792909622,0.009464200120419264,0.009108200203627348,0.02111959969624877,0.02144299983046949,0.021214700303971767,0.00018489989452064037,0.000224399846047163,0.0002125001046806574
adam_constant_lr0.003_s1,adam,constant,0.003,1,1407,512,1,train_loss,12.593315418382973,19.008692231775115,1.5094271524421088,False,493,0.009459499968215823,0.02158870012499392,0.00020250002853572369,0.07122617637440035,0.05366621074936751,0.0590485676408652,0.91520793765175,248.0,0.009459499968215823,0.009630000218749046,0.009401699993759394,0.021033099852502346,0.021744400030001998,0.02158870012499392,0.00020050001330673695,0.00020250002853572369,0.00020990008488297462
adam_constant_lr0.003_s1,adam,constant,0.003,1,1535,512,1,train_loss,12.912362090693318,18.85746756654171,1.460419668693567,False,493,0.00974770006723702,0.021638199919834733,0.00018209987320005894,0.06622747828226658,0.053409816670454725,0.06399019526042718,0.926930541336039,256.0,0.009568399982526898,0.009908000007271767,0.00974770006723702,0.021418600110337138,0.021638199919834733,0.02167119993828237,0.00018800003454089165,0.00017919996753335,0.00018209987320005894
adam_constant_lr0.003_s1,adam,constant,0.003,1,1663,512,1,train_loss,12.97809617175347,19.021820137424474,1.4656864832628556,False,493,0.009847400011494756,0.022239199839532375,0.00018400000408291817,0.06542091475856555,0.05505097247059878,-0.014900799932503385,0.9222377515901523,275.0,0.00987970014102757,0.009670499945059419,0.009847400011494756,0.022469700081273913,0.021508899983018637,0.022239199839532375,0.00018400000408291817,0.00018339999951422215,0.00019059982150793076
adam_constant_lr0.003_s1,adam,constant,0.003,1,1791,512,1,train_loss,12.574627689543899,19.440382516579074,1.5460006448337404,False,493,0.010060299886390567,0.022384600015357137,0.00022859987802803516,0.0628056421279104,0.0555057461046062,-0.01532434657248634,0.9162079948494778,269.0,0.010149899870157242,0.010052000172436237,0.010060299886390567,0.02241969993337989,0.022384600015357137,0.022113199811428785,0.00023210002109408379,0.00022859987802803516,0.00021449988707900047
adam_constant_lr0.003_s1,adam,constant,0.003,1,1919,512,1,train_loss,12.783237697408737,21.416753917453878,1.6753778991213801,False,493,0.01001999992877245,0.021920100087299943,0.00019990000873804092,0.06135838151818468,0.05539692085421178,-0.04514659132577988,0.9270916215682461,272.0,0.010479300050064921,0.01001999992877245,0.009742700029164553,0.023537500062957406,0.021868899930268526,0.021920100087299943,0.00020679994486272335,0.00019500008784234524,0.00019990000873804092
adam_constant_lr0.003_s1,adam,constant,0.003,1,2047,512,1,train_loss,13.403102961778137,20.897187028394324,1.5591305302949023,False,493,0.01027929992415011,0.022904100129380822,0.00019910000264644623,0.06174750708556607,0.05783073582831558,-0.04245580108838439,0.9227666912083418,275.0,0.01027929992415011,0.010052399942651391,0.010426100110635161,0.023326399736106396,0.022129499819129705,0.022904100129380822,0.00019910000264644623,0.00019729998894035816,0.0002071000635623932
adam_constant_lr0.003_s1,adam,constant,0.003,1,2175,512,1,train_loss,13.454091739612668,21.127770318067483,1.5703602091445032,False,493,0.010021799942478538,0.022161099826917052,0.0001884999219328165,0.059295679171648054,0.05512860049323444,0.031137493654500813,0.9252649767377625,251.0,0.00974780018441379,0.010021799942478538,0.010093000018969178,0.02183930017054081,0.022161099826917052,0.022181799868121743,0.00018669990822672844,0.0002319000195711851,0.0001884999219328165
adam_constant_lr0.003_s1,adam,constant,0.003,1,2303,512,1,train_loss,13.728989576334694,20.434115863440322,1.488391825911469,False,493,0.009906700113788247,0.022293000016361475,0.0001892000436782837,0.05972733525724867,0.0574294151726326,0.0034998984311738228,0.9255729220130149,250.0,0.009906700113788247,0.010332699865102768,0.009897200157865882,0.022293000016361475,0.022315500071272254,0.022127600153908134,0.00018649990670382977,0.00019740010611712933,0.0001892000436782837
adam_constant_lr0.003_s1,adam,constant,0.003,1,2431,512,1,train_loss,13.446855063412633,20.243909417984085,1.5054753935041263,False,493,0.010095400037243962,0.02259279997088015,0.00019649998284876347,0.05971256310930469,0.057549379269458883,0.02515088393381948,0.9221842379455409,252.0,0.010095400037243962,0.010161699960008264,0.009926800150424242,0.022784800035879016,0.02259279997088015,0.022278500022366643,0.00019649998284876347,0.00020539993420243263,0.00019599986262619495
adam_constant_lr0.003_s1,adam,constant,0.003,1,2559,512,1,train_loss,13.216216849475739,20.27243639136287,1.5339061565236831,False,493,0.010094000026583672,0.022488699993118644,0.00021670013666152954,0.05882163209948836,0.056277728383026644,0.002261196425286833,0.9278736327081535,244.0,0.010094000026583672,0.010198100004345179,0.010083500063046813,0.02216190006583929,0.022659700131043792,0.022488699993118644,0.00020459992811083794,0.00021670013666152954,0.00021780002862215042
adam_constant_lr0.003_s1,adam,constant,0.003,1,2687,512,1,train_loss,13.849162229513139,21.523118694736,1.554109796538403,False,493,0.010017800144851208,0.02264370024204254,0.0001859001349657774,0.05958046471580413,0.05736901466276173,-0.06077894088433868,0.9235394042213048,266.0,0.009968900121748447,0.010463900165632367,0.010017800144851208,0.02195230033248663,0.023553000297397375,0.02264370024204254,0.0001829001121222973,0.0001859001349657774,0.0001898000482469797
adam_constant_lr0.003_s1,adam,constant,0.003,1,2815,512,1,train_loss,14.036795341289942,22.28747796467559,1.5877896216892076,False,493,0.010344799840822816,0.022938200272619724,0.00021990016102790833,0.05752998787560099,0.05612658159618065,-0.017652893160565054,0.9230291143372656,261.0,0.010696100071072578,0.010344799840822816,0.00952229998074472,0.022938200272619724,0.023486899910494685,0.02185179991647601,0.00021990016102790833,0.0002142000012099743,0.00022009992972016335
adam_constant_lr0.003_s1,adam,constant,0.003,1,2943,512,1,train_loss,13.63903041458007,22.105471495403847,1.6207509495523367,False,493,0.010187999811023474,0.022677599918097258,0.0002009000163525343,0.05908906448656717,0.05846864524896722,-0.015283102041583037,0.9245125461476197,259.0,0.010425799991935492,0.010155499912798405,0.010187999811023474,0.022677599918097258,0.02295269980095327,0.02251699985936284,0.00028149993158876896,0.00019249995239078999,0.0002009000163525343
adam_constant_lr0.003_s1,adam,constant,0.003,1,3071,512,1,train_loss,13.918336076994295,21.112560784789057,1.5168882737129865,False,493,0.010157500160858035,0.022540499921888113,0.0001968001015484333,0.06051725849652189,0.05956880274091061,-0.0008431605582610333,0.9227360688879626,259.0,0.010299199959263206,0.010157500160858035,0.010003600036725402,0.022540499921888113,0.02299790014512837,0.02209680015221238,0.0001993000041693449,0.0001916999462991953,0.0001968001015484333
adam_constant_lr0.003_s1,adam,constant,0.003,1,511,512,1,probe_loss,5.580260446344216,7.373904280922119,1.3214265448403881,False,493,0.005940199829638004,0.013895799871534109,0.00018820003606379032,0.2778091337803894,0.16440686348402264,0.9826277918028029,0.4927629725770066,10.0,0.005940199829638004,0.005955599946901202,0.005813099909573793,0.013895799871534109,0.013851699884980917,0.014115799916908145,0.00018369988538324833,0.00018820003606379032,0.00022489996626973152
adam_constant_lr0.003_s1,adam,constant,0.003,1,639,512,1,probe_loss,5.24354667387065,7.502197077442896,1.4307486028163776,False,493,0.006056699901819229,0.014156299876049161,0.00019209994934499264,0.11903305515378375,0.021611795094955644,0.8797736149152386,0.6999514346115752,72.0,0.006094599841162562,0.006056699901819229,0.005844600033015013,0.014465999789536,0.014156299876049161,0.013791300123557448,0.00020450004376471043,0.0001860000193119049,0.00019209994934499264
adam_constant_lr0.003_s1,adam,constant,0.003,1,767,512,1,probe_loss,4.966424350570683,7.56215317534853,1.5226554642837913,False,493,0.006028099916875362,0.013983899960294366,0.00020319991745054722,0.1013842465596697,0.021087246928564108,0.9011845652666935,0.6565676469872258,68.0,0.006258299807086587,0.006028099916875362,0.00596199999563396,0.014183999737724662,0.013877099845558405,0.013983899960294366,0.00020319991745054722,0.0002009000163525343,0.00021749990992248058
adam_constant_lr0.003_s1,adam,constant,0.003,1,895,512,1,probe_loss,4.922333507219749,8.287672051470068,1.6836876329720987,False,493,0.00623759999871254,0.014628400094807148,0.00018780003301799297,0.08410591041888503,0.02220029786366482,0.9338974493384314,0.5527277584612532,54.0,0.006205900106579065,0.006488099927082658,0.00623759999871254,0.014599700225517154,0.015110299922525883,0.014628400094807148,0.00018780003301799297,0.00020590005442500114,0.00018560001626610756
adam_constant_lr0.003_s1,adam,constant,0.003,1,1023,512,1,probe_loss,5.2557021577067395,8.429625676594195,1.6039009486550428,False,493,0.00696070003323257,0.016138300066813827,0.00019190018065273762,0.056200535552164754,0.021114496246316096,0.9344741706126433,0.5559897209903828,54.0,0.007088399957865477,0.006887800060212612,0.00696070003323257,0.01668010000139475,0.016079700086265802,0.016138300066813827,0.000188400037586689,0.00019190018065273762,0.00019529997371137142
adam_constant_lr0.003_s1,adam,constant,0.003,1,1151,512,1,probe_loss,5.365600575624347,9.56231767555285,1.7821523501011194,False,493,0.007219099905341864,0.017106200102716684,0.00018609990365803242,0.0405871880600818,0.01833664176980698,0.9190354416611252,0.6507742493427299,66.0,0.007219099905341864,0.007520300103351474,0.00721840001642704,0.017105699749663472,0.017428900115191936,0.017106200102716684,0.00018609990365803242,0.0001938999630510807,0.00017690006643533707
adam_constant_lr0.003_s1,adam,constant,0.003,1,1279,512,1,probe_loss,6.630736103162935,10.717448148967165,1.6163285617497012,False,493,0.008288499899208546,0.019420100143179297,0.00020640017464756966,0.02761916681221863,0.017734997578145218,0.9171124996493925,0.6605189519653121,76.0,0.008207600098103285,0.008390499977394938,0.008288499899208546,0.0196878002025187,0.019420100143179297,0.01917759981006384,0.0001914000604301691,0.00020640017464756966,0.00021929992362856865
adam_constant_lr0.003_s1,adam,constant,0.003,1,1407,512,1,probe_loss,6.127881585282505,9.217006725915045,1.5041097967773682,False,493,0.008591399993747473,0.019692800007760525,0.00020110001787543297,0.024983444651724574,0.018056561515983404,0.927148815809889,0.6604957429962118,70.0,0.008591399993747473,0.00867030001245439,0.008505699923262,0.019692800007760525,0.020210300106555223,0.01966339978389442,0.00020899996161460876,0.00019429996609687805,0.00020110001787543297
adam_constant_lr0.003_s1,adam,constant,0.003,1,1535,512,1,probe_loss,5.915564275499618,9.549278136023005,1.6142632708046252,False,493,0.008678999962285161,0.020256299758329988,0.00020039989612996578,0.021901123580927783,0.01823114281359312,0.9294296526474349,0.6730223634432696,63.0,0.008678999962285161,0.008478399831801653,0.009200299857184291,0.020256299758329988,0.020050399703904986,0.02025649999268353,0.00020110001787543297,0.00020039989612996578,0.000188400037586689
adam_constant_lr0.003_s1,adam,constant,0.003,1,1663,512,1,probe_loss,5.957282049034828,8.744573273103196,1.467879680889031,False,493,0.008576600113883615,0.01967420009896159,0.0001993000041693449,0.023362255950687874,0.019261700470972264,0.9365856292030904,0.6636758395484232,51.0,0.008770900079980493,0.008576600113883615,0.00841689994558692,0.0202995000872761,0.01967420009896159,0.019465700024738908,0.0001993000041693449,0.00019990000873804092,0.00019310018979012966
adam_constant_lr0.003_s1,adam,constant,0.003,1,1791,512,1,probe_loss,5.789316436779334,8.757416951595626,1.5126858321234695,False,493,0.00900700013153255,0.020413799909874797,0.0001868999097496271,0.02009106152728708,0.0200173790550443,0.9502634530570364,0.6365174152189246,56.0,0.008884500013664365,0.00900700013153255,0.009047599975019693,0.02011439995840192,0.021004300331696868,0.020413799909874797,0.00018239999189972878,0.0001960000954568386,0.0001868999097496271
adam_constant_lr0.003_s1,adam,constant,0.003,1,1919,512,1,probe_loss,6.638418623296797,8.262424610617296,1.2446374776096871,False,493,0.00847169989719987,0.019383199978619814,0.00018900004215538502,0.02252763876792082,0.020979610608497092,0.9573779430453221,0.6001714284999108,51.0,0.00829989998601377,0.008746400009840727,0.00847169989719987,0.019383199978619814,0.02007280010730028,0.019321199972182512,0.00019509997218847275,0.000184300122782588,0.00018900004215538502
adam_constant_lr0.003_s1,adam,constant,0.003,1,2047,512,1,probe_loss,5.649703425543709,7.889931007591219,1.3965212708190815,False,493,0.008360099978744984,0.01915539987385273,0.00020199990831315517,0.025707436631255944,0.020828010935403218,0.959093070208913,0.5654756593959188,50.0,0.008360099978744984,0.008422699989750981,0.00813939981162548,0.01915539987385273,0.019456799840554595,0.0188292998354882,0.0001829999964684248,0.00020199990831315517,0.00020480016246438026
adam_constant_lr0.003_s1,adam,constant,0.003,1,2175,512,1,probe_loss,5.325809647175247,7.865852552673129,1.4769308469079614,False,493,0.007443899987265468,0.017918800003826618,0.00019160006195306778,0.032967570369084834,0.01806137392203971,0.948489269738849,0.6371256647651449,43.0,0.007581300102174282,0.007443899987265468,0.007387399906292558,0.01800800021737814,0.017918800003826618,0.01780920010060072,0.00017820019274950027,0.00019160006195306778,0.0001938999630510807
adam_constant_lr0.003_s1,adam,constant,0.003,1,2303,512,1,probe_loss,5.6544163680825745,9.945799016817691,1.7589435176649955,False,493,0.007979199988767505,0.019221099792048335,0.00018199998885393143,0.028251784488362637,0.020634618570337018,0.9592372191523675,0.6001626936320311,42.0,0.007815399905666709,0.008088799891993403,0.007979199988767505,0.019221099792048335,0.018666299758479,0.019295199774205685,0.0001784998457878828,0.00018199998885393143,0.00018909992650151253
adam_constant_lr0.003_s1,adam,constant,0.003,1,2431,512,1,probe_loss,5.513788015802602,8.529726943739904,1.546981298391156,False,493,0.008918300038203597,0.020894299959763885,0.0002009000163525343,0.024790565659719006,0.022800920785632603,0.964666066110522,0.5730377469016816,40.0,0.009209599811583757,0.008757599862292409,0.008918300038203597,0.020894299959763885,0.020605099853128195,0.02104940009303391,0.00018470012582838535,0.0002009000163525343,0.00022660009562969208
adam_constant_lr0.003_s1,adam,constant,0.003,1,2559,512,1,probe_loss,5.439342104137631,7.5755038165726685,1.3927242801680169,False,493,0.008789899991825223,0.020280899945646524,0.00020040012896060944,0.023717655560269404,0.0232765927368779,0.9678909322647024,0.5640590641253436,44.0,0.008789899991825223,0.009201700100675225,0.00860970001667738,0.020009899977594614,0.02094300021417439,0.020280899945646524,0.00021219998598098755,0.00020040012896060944,0.00019519985653460026
adam_constant_lr0.003_s1,adam,constant,0.003,1,2687,512,1,probe_loss,5.683726651460902,6.769635439730389,1.1910557728863285,False,493,0.008599800057709217,0.01993780001066625,0.00021199998445808887,0.027512550637718604,0.02393788944669253,0.9671771445452685,0.5439204469644568,32.0,0.008364900015294552,0.008933699922636151,0.008599800057709217,0.01993780001066625,0.020128299947828054,0.01991450018249452,0.00021199998445808887,0.00021840003319084644,0.00020340015180408955
adam_constant_lr0.003_s1,adam,constant,0.003,1,2815,512,1,probe_loss,5.886610519750261,6.894775636934306,1.1712641109517157,False,493,0.008280700072646141,0.019613500218838453,0.00022469996474683285,0.026355310704389897,0.02158204698424568,0.9661704223722919,0.5755278548907665,39.0,0.008513099979609251,0.008230900159105659,0.008280700072646141,0.02010089997202158,0.019613500218838453,0.019577400060370564,0.00018740002997219563,0.00022469996474683285,0.00024159997701644897
adam_constant_lr0.003_s1,adam,constant,0.003,1,2943,512,1,probe_loss,5.942888529945017,8.320917047180766,1.4001469159741669,False,493,0.009007700020447373,0.020650200080126524,0.00022950000129640102,0.022229362039250352,0.02169913071343919,0.9676625485949879,0.5385081290960607,34.0,0.009079799987375736,0.009007700020447373,0.008984900079667568,0.020411500008776784,0.020669299876317382,0.020650200080126524,0.00022620009258389473,0.00024019996635615826,0.00022950000129640102
adam_constant_lr0.003_s1,adam,constant,0.003,1,3071,512,1,probe_loss,5.590276499012298,7.319737395299036,1.3093694733332604,False,493,0.008442600024864078,0.020106800133362412,0.0002095999661833048,0.01894895380780745,0.018691128554648065,0.9590107881395866,0.6119219861941726,32.0,0.008442600024864078,0.008401199942454696,0.00868949992582202,0.020106800133362412,0.020381799899041653,0.019812800223007798,0.00020250002853572369,0.0002095999661833048,0.0002147001214325428
adam_constant_lr0.003_s1,adam,constant,0.003,1,511,512,1,grad_norm,11.14940333189792,16.58004026280431,1.4870787045051632,False,493,0.010007199831306934,0.021923100110143423,0.00021490012295544147,2.3684817174373367,2.363417560099086,-0.01211687434309922,0.9960536575403989,166.0,0.010013699997216463,0.00993130006827414,0.010007199831306934,0.022533099865540862,0.021923100110143423,0.02177800005301833,0.0002234000712633133,0.00020910007879137993,0.00021490012295544147
adam_constant_lr0.003_s1,adam,constant,0.003,1,639,512,1,grad_norm,11.212088167136024,17.124879323067457,1.5273586033030435,False,493,0.009857699973508716,0.022106400225311518,0.00021670013666152954,0.25175109281669666,0.23948751823784098,0.050933027282887365,0.9054459555758718,239.0,0.009857699973508716,0.009739100001752377,0.0101133999414742,0.02235930017195642,0.021953500108793378,0.022106400225311518,0.00024780002422630787,0.00021670013666152954,0.00019740010611712933
adam_constant_lr0.003_s1,adam,constant,0.003,1,767,512,1,grad_norm,12.7569176077107,19.136232089209983,1.5000670755797165,False,493,0.010030699893832207,0.02237609983421862,0.00022040004841983318,0.24245884139964682,0.2371547422525861,-0.011906524121160108,0.9230145730597195,247.0,0.010297499829903245,0.009824699955061078,0.010030699893832207,0.022978999884799123,0.02237609983421862,0.02231899998150766,0.00022549997083842754,0.00022040004841983318,0.00021680002100765705
adam_constant_lr0.003_s1,adam,constant,0.003,1,895,512,1,grad_norm,12.301755868050561,18.049339124385103,1.4672164947820048,False,493,0.010021899826824665,0.02201390010304749,0.00021830014884471893,0.22070206632796513,0.21449128449738125,-0.0015251750015212746,0.9153132733639391,253.0,0.010021899826824665,0.009690800216048956,0.010056100087240338,0.022391799837350845,0.021958400029689074,0.02201390010304749,0.0002218999434262514,0.0002142998855561018,0.00021830014884471893
adam_constant_lr0.003_s1,adam,constant,0.003,1,1023,512,1,grad_norm,12.60094653283413,17.70676355418814,1.4051931343450943,False,493,0.009979199850931764,0.022331399843096733,0.00021489989012479782,0.19389600699489484,0.19263854153102689,-0.03893154370564937,0.915700123053181,244.0,0.009979199850931764,0.009740799898281693,0.010080100037157536,0.022353499894961715,0.022331399843096733,0.022032800130546093,0.00021299999207258224,0.00021489989012479782,0.00021570012904703617
adam_constant_lr0.003_s1,adam,constant,0.003,1,1151,512,1,grad_norm,12.792587307636422,17.99209513921462,1.4064469295022435,False,493,0.009890399873256683,0.02199579984880984,0.0002033999189734459,0.17214431572316918,0.17039172750746917,0.004562735667335431,0.9165103927564943,254.0,0.009890399873256683,0.009634000016376376,0.01006589992903173,0.02220480004325509,0.021893500117585063,0.02199579984880984,0.00022080005146563053,0.0001984999980777502,0.0002033999189734459
adam_constant_lr0.003_s1,adam,constant,0.003,1,1279,512,1,grad_norm,13.229169235697984,19.265985533947653,1.4563261827477225,False,493,0.009866599924862385,0.021778199821710587,0.0002087999600917101,0.15241893448635463,0.150965343357223,0.017738861864815658,0.9142842391106571,249.0,0.0099458999466151,0.009685599943622947,0.009866599924862385,0.02242689998820424,0.021778199821710587,0.021681899670511484,0.0002142000012099743,0.0002087999600917101,0.00020539993420243263
adam_constant_lr0.003_s1,adam,constant,0.003,1,1407,512,1,grad_norm,13.17722634771637,19.79184672895744,1.501973648072562,False,493,0.01002139993943274,0.022037900052964687,0.0002118998672813177,0.13266750596981783,0.1305691037811728,0.04824104957514178,0.9114761876464799,247.0,0.01002139993943274,0.009626799961552024,0.010051000164821744,0.02247219975106418,0.021773700136691332,0.022037900052964687,0.0002118998672813177,0.00020510004833340645,0.00022609997540712357
adam_constant_lr0.003_s1,adam,constant,0.003,1,1535,512,1,grad_norm,13.289278157224455,19.463222642532966,1.4645808758207206,False,493,0.010084999958053231,0.022582200122997165,0.0002101000864058733,0.11902569034671863,0.1173786200709273,0.07621380687935748,0.9207211010006251,230.0,0.010354300029575825,0.010084999958053231,0.010077300015836954,0.022582200122997165,0.02286290004849434,0.022519699996337295,0.00018690014258027077,0.00021279999054968357,0.0002101000864058733
adam_constant_lr0.003_s1,adam,constant,0.003,1,1663,512,1,grad_norm,12.41530416252627,19.391835846633917,1.5619299851843549,False,493,0.010034899925813079,0.022431000135838985,0.00019819987937808037,0.11208096177306828,0.11003162196962837,0.10859877581631877,0.9076791240564224,231.0,0.010034899925813079,0.009907100116834044,0.010199999902397394,0.023132100235670805,0.022431000135838985,0.022378099849447608,0.00020200014114379883,0.00019819987937808037,0.00019580009393393993
adam_constant_lr0.003_s1,adam,constant,0.003,1,1791,512,1,grad_norm,12.406248950502107,19.478008620172446,1.5700159409894907,False,493,0.009683400159701705,0.021686800057068467,0.00021700002253055573,0.10717287257370145,0.10649661607246631,0.165333873435784,0.9024685659759634,216.0,0.009655199944972992,0.009683400159701705,0.010366499889642,0.02154999994672835,0.021686800057068467,0.023705899948254228,0.00019029993563890457,0.00022529996931552887,0.00021700002253055573
adam_constant_lr0.003_s1,adam,constant,0.003,1,1919,512,1,grad_norm,12.79251018146409,19.06611622847288,1.4904124333705069,False,493,0.010086500085890293,0.02241570013575256,0.0002226999495178461,0.11083083015494169,0.1092231965842803,0.16618560366917684,0.9041489056719448,221.0,0.00982859986834228,0.010117400204762816,0.010086500085890293,0.02241570013575256,0.02233590022660792,0.02278669993393123,0.00023540016263723373,0.0002226999495178461,0.00019319984130561352
adam_constant_lr0.003_s1,adam,constant,0.003,1,2047,512,1,grad_norm,13.493632045738053,19.72612446366502,1.4618839758488518,False,493,0.009668000042438507,0.02173830009996891,0.00021920003928244114,0.1093379068461582,0.10608211269440987,0.1510123238867569,0.8941690509389244,230.0,0.00950709986500442,0.009668000042438507,0.009939600015059114,0.021426899824291468,0.02173830009996891,0.022139600245282054,0.00019349996000528336,0.00021920003928244114,0.0002397000789642334
adam_constant_lr0.003_s1,adam,constant,0.003,1,2175,512,1,grad_norm,13.233316976766348,19.834161263715785,1.4988049707067772,False,493,0.01014579995535314,0.022904299665242434,0.00021359999664127827,0.10883674142065963,0.1071272404319928,0.09743334116035847,0.90008903947728,229.0,0.01014579995535314,0.010262100026011467,0.010027999989688396,0.022904299665242434,0.022969100158661604,0.02215160010382533,0.00022399984300136566,0.00021359999664127827,0.00019400008022785187
adam_constant_lr0.003_s1,adam,constant,0.003,1,2303,512,1,grad_norm,13.064830582111306,20.558727749982424,1.5735931377580932,False,493,0.010112999938428402,0.022514799842610955,0.00019780010916292667,0.10536204952532677,0.10398248021880115,0.06010983183265041,0.914671310577346,231.0,0.009700099937617779,0.010112999938428402,0.010260500013828278,0.022514799842610955,0.02220149990171194,0.022876900155097246,0.00019780010916292667,0.00018560001626610756,0.00020610005594789982
adam_constant_lr0.003_s1,adam,constant,0.003,1,2431,512,1,grad_norm,13.475830538801665,19.858470974299433,1.4736361456253029,False,493,0.010111200157552958,0.022466100053861737,0.0001938000787049532,0.09704868474703339,0.09507817026939522,0.05259772410924007,0.9210626897663902,229.0,0.010207100072875619,0.010111200157552958,0.010038899956271052,0.022946800105273724,0.022466100053861737,0.022303499979898334,0.00019340007565915585,0.0001938000787049532,0.00020659994333982468
adam_constant_lr0.003_s1,adam,constant,0.003,1,2559,512,1,grad_norm,14.497039773254786,19.973293822201306,1.3777498120029663,False,493,0.009823099942877889,0.021989499917253852,0.00020839995704591274,0.09738642667316619,0.09461221277342685,0.03715908589249221,0.9230035939862968,242.0,0.009870799956843257,0.009823099942877889,0.009748100070282817,0.021989499917253852,0.02220289991237223,0.02180599980056286,0.00020839995704591274,0.00019789999350905418,0.00020949984900653362
adam_constant_lr0.003_s1,adam,constant,0.003,1,2687,512,1,grad_norm,13.14259743812928,18.946182094782376,1.4415858192396387,False,493,0.009863900020718575,0.02204920002259314,0.00019420008175075054,0.09029866129453246,0.08901339129369933,0.06745118195220189,0.9113222673042921,244.0,0.009863900020718575,0.00967629998922348,0.009892200119793415,0.022148600313812494,0.021784199867397547,0.02204920002259314,0.00021020020358264446,0.0001941998489201069,0.00019420008175075054
adam_constant_lr0.003_s1,adam,constant,0.003,1,2815,512,1,grad_norm,13.211427186620678,19.480903242405383,1.4745494916804942,False,493,0.009651599917560816,0.021857100073248148,0.00021030008792877197,0.08758548511720626,0.08647326222215687,0.08296851269786007,0.930876848406993,242.0,0.009628900093957782,0.010056599974632263,0.009651599917560816,0.021857100073248148,0.021903600078076124,0.021852499805390835,0.00021030008792877197,0.000188400037586689,0.00023399991914629936
adam_constant_lr0.003_s1,adam,constant,0.003,1,2943,512,1,grad_norm,12.164334393361283,18.174548738994975,1.4940849331562096,False,493,0.009986799908801913,0.022218200145289302,0.00019950000569224358,0.09243041282565807,0.09165450962022877,0.08857823437621379,0.9297632541788339,238.0,0.010000500129535794,0.00997120002284646,0.009986799908801913,0.022254800191149116,0.021942900260910392,0.022218200145289302,0.00019950000569224358,0.0001875001471489668,0.00020080013200640678
adam_constant_lr0.003_s1,adam,constant,0.003,1,3071,512,1,grad_norm,12.671403001184945,19.274028302299218,1.5210650549506506,False,493,0.009814899880439043,0.022115499945357442,0.00019620009697973728,0.0920727747221553,0.08943171703306514,0.10430176103668769,0.9184081209163178,229.0,0.009793200064450502,0.00990790012292564,0.009814899880439043,0.022115499945357442,0.021888500079512596,0.022175800055265427,0.00020859995856881142,0.00019360007718205452,0.00019620009697973728
adam_constant_lr0.003_s1,adam,constant,0.003,1,255,256,1,train_loss,10.156090007447862,11.388514179900898,1.1213482916702442,False,237,0.002643899992108345,0.005790399853140116,0.00016689999029040337,0.29042695121698797,0.17326864004324602,0.8925955411900457,0.4835971994994515,22.0,,,,,,,,,
adam_constant_lr0.003_s1,adam,constant,0.003,1,383,256,1,train_loss,8.774213243764356,10.47428942377204,1.1937582473523642,False,237,0.0028240999672561884,0.006146200001239777,0.0001737999264150858,0.07805624163314971,0.04268263882069109,-0.022613898432562524,0.9202696664752406,126.0,,,,,,,,,
adam_constant_lr0.003_s1,adam,constant,0.003,1,511,256,1,train_loss,9.618792295123093,13.335369659626586,1.3863871108213728,False,237,0.0031212999019771814,0.0065826999489218,0.0001743000466376543,0.071342445648501,0.04227391585008255,0.0016080839192848567,0.9239345627801127,126.0,,,,,,,,,
adam_constant_lr0.003_s1,adam,constant,0.003,1,639,256,1,train_loss,10.012998086251594,15.106232196008479,1.508662247399226,False,237,0.003011399880051613,0.006578600034117699,0.00018330011516809464,0.07291552843543589,0.04467175166686692,0.00934297497986627,0.9219439510787775,135.0,,,,,,,,,
adam_constant_lr0.003_s1,adam,constant,0.003,1,767,256,1,train_loss,9.892962933403407,13.754513169249904,1.390333033878864,False,237,0.0031906000804156065,0.006906300084665418,0.00017250003293156624,0.06450799014213887,0.0479728706318736,-0.04620039005254388,0.9134629782298946,133.0,,,,,,,,,
adam_constant_lr0.003_s1,adam,constant,0.003,1,895,256,1,train_loss,10.384290524190328,14.422003045305663,1.3888289249717576,False,237,0.003119099885225296,0.006660199956968427,0.000183899886906147,0.06232458322785933,0.04857338536341536,-0.09637459900955368,0.8941991832412451,136.0,,,,,,,,,
adam_constant_lr0.003_s1,adam,constant,0.003,1,1023,256,1,train_loss,11.741408533829611,18.8511647505238,1.6055283909259608,False,237,0.0030129998922348022,0.006467499770224094,0.0001700997818261385,0.058797574292079775,0.051151985714579,0.034119700834682375,0.8982741177561786,129.0,,,,,,,,,
adam_constant_lr0.003_s1,adam,constant,0.003,1,1151,256,1,train_loss,11.629349976613984,17.904816726862197,1.5396231743706956,False,237,0.0033042998984456062,0.006858599837869406,0.00018049986101686954,0.06020408196500691,0.05354246509958173,0.09492139376487985,0.9067793962228583,126.0,,,,,,,,,
adam_constant_lr0.003_s1,adam,constant,0.003,1,1279,256,1,train_loss,12.483288158256135,18.653137159841407,1.494248704617516,False,237,0.0031780998688191175,0.0068654995411634445,0.00017029978334903717,0.058016219622779426,0.051880114775546424,0.030536140114771092,0.924850992961182,127.0,,,,,,,,,
adam_constant_lr0.003_s1,adam,constant,0.003,1,1407,256,1,train_loss,13.190568052086922,18.84506031380158,1.4286769333501177,False,237,0.0032571000047028065,0.007005499908700585,0.00016999989748001099,0.056952885060098477,0.053492661584922885,0.010707472034013484,0.9107489893061722,124.0,,,,,,,,,
adam_constant_lr0.003_s1,adam,constant,0.003,1,1535,256,1,train_loss,12.325513809499375,17.39282791725546,1.4111239649782927,False,237,0.0031860999297350645,0.006740399869158864,0.000170599902048707,0.0572505131792189,0.054459533121213106,0.07942658451715578,0.9135658344127026,133.0,,,,,,,,,
adam_constant_lr0.003_s1,adam,constant,0.003,1,1663,256,1,train_loss,11.652268996461023,18.536579208750613,1.5908128463546853,False,237,0.0031584000680595636,0.006860900204628706,0.00017860019579529762,0.06000018366792764,0.05644065967477447,-0.03892910465120338,0.9084253360252512,142.0,,,,,,,,,
adam_constant_lr0.003_s1,adam,constant,0.003,1,1791,256,1,train_loss,11.515244997196293,18.041208532497347,1.5667238115116076,False,237,0.0031555001623928547,0.006707699969410896,0.00015989993698894978,0.05708137438988506,0.05623578789826265,-0.11183177991397873,0.9120060654919534,141.0,,,,,,,,,
adam_constant_lr0.003_s1,adam,constant,0.003,1,1919,256,1,train_loss,12.530919162075296,21.045336055092775,1.6794726534336186,False,237,0.0031308000907301903,0.0066957001108676195,0.00017370004206895828,0.055702397737506466,0.053718689626527566,-0.07991418324139223,0.9265534746606463,134.0,,,,,,,,,
adam_constant_lr0.003_s1,adam,constant,0.003,1,2047,256,1,train_loss,12.251836233136414,18.33332702731979,1.4963738233568065,False,237,0.003281800076365471,0.006890900200232863,0.00017620017752051353,0.05947331067158568,0.059149023511980175,0.022501050337643436,0.9080259077842755,125.0,,,,,,,,,
adam_constant_lr0.003_s1,adam,constant,0.003,1,2175,256,1,train_loss,11.728724409164096,17.333137452011844,1.477836535955164,False,237,0.003240699879825115,0.00687999976798892,0.00016339984722435474,0.056676147060674066,0.05623955826089245,0.12441892329288154,0.8965990660903517,114.0,,,,,,,,,
adam_constant_lr0.003_s1,adam,constant,0.003,1,2303,256,1,train_loss,12.100035494229964,17.57419621870536,1.4524086501304736,False,237,0.0032432000152766705,0.0070045997854322195,0.0001745999325066805,0.05628978608096701,0.05561513592267938,-0.018148094278082443,0.9053025132500251,122.0,,,,,,,,,
adam_constant_lr0.003_s1,adam,constant,0.003,1,2431,256,1,train_loss,11.54138646830174,17.309539201715637,1.49977987906878,False,237,0.0032381999772042036,0.006877399981021881,0.00016469997353851795,0.05956712845263994,0.05880134262837855,-0.0658405340155527,0.9171880527153273,133.0,,,,,,,,,
adam_constant_lr0.003_s1,adam,constant,0.003,1,2559,256,1,train_loss,12.997012398288032,19.73515861167019,1.5184380846070216,False,237,0.003212499897927046,0.006797799840569496,0.00015829992480576038,0.05747550680390753,0.05692842469427104,0.019499738296659574,0.9287821501049937,122.0,,,,,,,,,
adam_constant_lr0.003_s1,adam,constant,0.003,1,2687,256,1,train_loss,12.572471983989153,18.844005411935367,1.4988305749205815,False,237,0.003301599994301796,0.006902300054207444,0.00018090009689331055,0.05595537669670246,0.055767427081214835,-0.069876866845358,0.9063674873064643,132.0,,,,,,,,,
adam_constant_lr0.003_s1,adam,constant,0.003,1,2815,256,1,train_loss,11.975819257782772,18.293082488017504,1.527501550771093,False,237,0.0031079999171197414,0.006663399748504162,0.000161399831995368,0.05566744540535117,0.05528483772761293,-0.05914432036440196,0.9254143253833921,139.0,,,,,,,,,
adam_constant_lr0.003_s1,adam,constant,0.003,1,2943,256,1,train_loss,12.057783541397457,19.90927358948809,1.6511553322494519,False,237,0.0032506000716239214,0.006986200110986829,0.00017829984426498413,0.061258587851749806,0.061041291246908845,0.030402339519044735,0.9008246114197626,124.0,,,,,,,,,
adam_constant_lr0.003_s1,adam,constant,0.003,1,3071,256,1,train_loss,12.17055474810418,17.792574038810155,1.4619361571486067,False,237,0.0031439000740647316,0.006819600006565452,0.00016910000704228878,0.06408985388881033,0.06337719558059603,0.03759050736923474,0.9038959628468027,121.0,,,,,,,,,
adam_constant_lr0.003_s1,adam,constant,0.003,1,255,256,1,probe_loss,6.162858103929676,6.564107430379286,1.065107669150091,False,237,0.0025041999761015177,0.00561659992672503,0.000157299917191267,0.3010359084759635,0.183303814065733,0.9731926732580221,0.38729978147177035,4.0,,,,,,,,,
adam_constant_lr0.003_s1,adam,constant,0.003,1,383,256,1,probe_loss,6.51164512952977,6.950743113250117,1.0674327262904846,False,237,0.0026082999538630247,0.005690999794751406,0.00018700002692639828,0.07034542292596603,0.02364139766531638,0.8537067455126596,0.6502639498721138,40.0,,,,,,,,,
adam_constant_lr0.003_s1,adam,constant,0.003,1,511,256,1,probe_loss,4.3592909485068825,6.251031492466639,1.433956018606123,False,237,0.0026771000120788813,0.005977400112897158,0.00016169995069503784,0.05985922295389349,0.02058138299990803,0.8675440732146105,0.70370937026618,38.0,,,,,,,,,
adam_constant_lr0.003_s1,adam,constant,0.003,1,639,256,1,probe_loss,5.157825363360197,7.539959922558465,1.46184862638435,False,237,0.0024507001508027315,0.005597200244665146,0.00016409996896982193,0.058391127058026876,0.017425515825891292,0.8996130391803282,0.5978014396603505,26.0,,,,,,,,,
adam_constant_lr0.003_s1,adam,constant,0.003,1,767,256,1,probe_loss,4.975869205716787,6.688291244350168,1.344145307651169,False,237,0.0026881000958383083,0.005785300163552165,0.00015840004198253155,0.04068206605983627,0.016282958735017523,0.880370370876045,0.6766782116409633,37.0,,,,,,,,,
adam_constant_lr0.003_s1,adam,constant,0.003,1,895,256,1,probe_loss,4.521789915643806,10.214528375500164,2.2589568657671335,False,237,0.0027610999532043934,0.00608769990503788,0.00018339999951422215,0.033157543838051716,0.017312290026701253,0.8870244300544448,0.6899611769946686,42.0,,,,,,,,,
adam_constant_lr0.003_s1,adam,constant,0.003,1,1023,256,1,probe_loss,6.379632954516957,10.48456761689516,1.6434437046212502,False,237,0.0034864998888224363,0.0071299998089671135,0.00017329980619251728,0.02141943088933659,0.017572748145962956,0.9145254445395792,0.6266165513422562,35.0,,,,,,,,,
adam_constant_lr0.003_s1,adam,constant,0.003,1,1151,256,1,probe_loss,5.630260851116253,7.507584858545022,1.333434641319784,False,237,0.002879000036045909,0.006246000062674284,0.00016140006482601166,0.02141967945126873,0.015778663076062054,0.9174270739816346,0.6594842707562841,32.0,,,,,,,,,
adam_constant_lr0.003_s1,adam,constant,0.003,1,1279,256,1,probe_loss,6.8428764713551065,10.108407816962979,1.4772161764541094,False,237,0.0031579001806676388,0.006673300173133612,0.00017570005729794502,0.01603114753204928,0.015795767489590547,0.8965327020351633,0.6956339819334668,37.0,,,,,,,,,
adam_constant_lr0.003_s1,adam,constant,0.003,1,1407,256,1,probe_loss,5.350747332212431,6.888561571599363,1.28740176725016,False,237,0.003061900148168206,0.006549899931997061,0.00016899988986551762,0.02133647845923773,0.018955563330131403,0.9250165952971906,0.6230321185595555,27.0,,,,,,,,,
adam_constant_lr0.003_s1,adam,constant,0.003,1,1535,256,1,probe_loss,5.227239649044801,8.557443826551177,1.6370865697950008,False,237,0.003067400073632598,0.0066581000573933125,0.0001852000132203102,0.020075878161221465,0.019780383557653203,0.9459901383355297,0.6026143651159531,24.0,,,,,,,,,
adam_constant_lr0.003_s1,adam,constant,0.003,1,1663,256,1,probe_loss,5.653003720420673,7.4684713752684,1.3211509747091812,False,237,0.0029836001340299845,0.006580600049346685,0.00018509989604353905,0.019737743741748946,0.019192062916249388,0.94643720086992,0.5735676279024942,26.0,,,,,,,,,
adam_constant_lr0.003_s1,adam,constant,0.003,1,1791,256,1,probe_loss,5.341916099281013,6.017466219249759,1.1264621359477494,False,237,0.0030773000326007605,0.006645900197327137,0.00019180006347596645,0.019630203266728923,0.018258625721029504,0.944444824662998,0.5066749888529108,26.0,,,,,,,,,
adam_constant_lr0.003_s1,adam,constant,0.003,1,1919,256,1,probe_loss,5.760796537543574,6.526664224755461,1.1329447555074486,False,237,0.0027628999669104815,0.006020599976181984,0.00016119983047246933,0.024549750775787815,0.018139519299506305,0.94566312174102,0.6012036997711334,25.0,,,,,,,,,
adam_constant_lr0.003_s1,adam,constant,0.003,1,2047,256,1,probe_loss,5.695903604556759,9.849939706859772,1.7293023882952931,False,237,0.00323150004260242,0.006755999987944961,0.00018669990822672844,0.020061531797483607,0.01685291823473543,0.9394747637585097,0.6132544742913429,25.0,,,,,,,,,
adam_constant_lr0.003_s1,adam,constant,0.003,1,2175,256,1,probe_loss,5.486631538201005,6.626329504531703,1.207722708987378,False,237,0.0027999000158160925,0.0060882000252604485,0.00015620002523064613,0.023392168248208358,0.01760810381637503,0.9492276408747458,0.6064441279942644,19.0,,,,,,,,,
adam_constant_lr0.003_s1,adam,constant,0.003,1,2303,256,1,probe_loss,4.8820426778156305,9.944245470559709,2.0369026095873983,False,237,0.0029535999055951834,0.00652950000949204,0.00019020005129277706,0.02237426416463276,0.022300888455963074,0.9647660368790928,0.5275412096578985,24.0,,,,,,,,,
adam_constant_lr0.003_s1,adam,constant,0.003,1,2431,256,1,probe_loss,4.78904896399729,6.2095237690314775,1.2966089542439247,False,237,0.002974600065499544,0.0065339000429958105,0.00016600009985268116,0.023350579968098563,0.022783394317133852,0.9593601658828506,0.5046595944728957,31.0,,,,,,,,,
adam_constant_lr0.003_s1,adam,constant,0.003,1,2559,256,1,probe_loss,6.184842013489837,7.262693606865873,1.174273100432496,False,237,0.0029396999161690474,0.006415700074285269,0.00016549997963011265,0.024733431688415398,0.02351418458710058,0.9688480303949749,0.5063512859326296,25.0,,,,,,,,,
adam_constant_lr0.003_s1,adam,constant,0.003,1,2687,256,1,probe_loss,5.789080799808552,6.6195059953045705,1.143446813788379,False,237,0.0030658000614494085,0.006546500138938427,0.0001813999842852354,0.025845050954909615,0.019563907156525236,0.9566076012354081,0.5536401361536687,25.0,,,,,,,,,
adam_constant_lr0.003_s1,adam,constant,0.003,1,2815,256,1,probe_loss,4.8296197616167325,5.285963009438084,1.0944884422264722,False,237,0.0029561000410467386,0.006435499992221594,0.00016700010746717453,0.017261852988464776,0.01724329914868965,0.9531164892548495,0.5459971298066371,20.0,,,,,,,,,
adam_constant_lr0.003_s1,adam,constant,0.003,1,2943,256,1,probe_loss,5.574258598929219,9.215788549630979,1.6532761058845165,False,237,0.0029229000210762024,0.006442600162699819,0.00019200006499886513,0.01777355444806853,0.01756183498041061,0.9552467941712438,0.5875096734338189,17.0,,,,,,,,,
adam_constant_lr0.003_s1,adam,constant,0.003,1,3071,256,1,probe_loss,5.132212226543263,9.501154636671798,1.8512785943521242,False,237,0.0029506999999284744,0.006448300089687109,0.00017699995078146458,0.019300354281007213,0.018573161847200974,0.9572177111271782,0.5810846425984107,20.0,,,,,,,,,
adam_constant_lr0.003_s1,adam,constant,0.003,1,255,256,1,grad_norm,9.887884494373749,14.287850811369642,1.444985610369892,False,237,0.003132699988782406,0.006675600074231625,0.00015940004959702492,3.338266274325225,3.311600750201548,-0.025024881949871874,0.996646605818647,43.0,,,,,,,,,
adam_constant_lr0.003_s1,adam,constant,0.003,1,383,256,1,grad_norm,8.709923606729507,14.427745510341586,1.6564721071944126,False,237,0.0033191998954862356,0.006893199868500233,0.00017010001465678215,0.2539268353371673,0.24137597675991362,0.0646897079448766,0.9067232686327673,117.0,,,,,,,,,
adam_constant_lr0.003_s1,adam,constant,0.003,1,511,256,1,grad_norm,10.452649847989095,15.515270038804054,1.484338446656081,False,237,0.003193899989128113,0.006815500091761351,0.00016140006482601166,0.26042383988490003,0.2599915209855297,0.03146882502995563,0.9108604314256661,119.0,,,,,,,,,
adam_constant_lr0.003_s1,adam,constant,0.003,1,639,256,1,grad_norm,11.810816360640064,16.041577250002454,1.3582107078949717,False,237,0.003230599919334054,0.007048600120469928,0.0001868000254034996,0.23569188650128314,0.23368281978114747,0.0035788774067799854,0.8925046947408477,127.0,,,,,,,,,
adam_constant_lr0.003_s1,adam,constant,0.003,1,767,256,1,grad_norm,11.52127684671206,16.471701853962266,1.4296767687396519,False,237,0.003152900142595172,0.006759700132533908,0.00016870000399649143,0.21448953098328144,0.21130475660851586,-0.08168212916390497,0.9107141093894026,131.0,,,,,,,,,
adam_constant_lr0.003_s1,adam,constant,0.003,1,895,256,1,grad_norm,10.400309901640819,16.088300322545976,1.5469058590271223,False,237,0.00312480004504323,0.006700200028717518,0.0001770998351275921,0.1922191309900438,0.1921422514469744,-0.021474884969694324,0.8946532866102199,129.0,,,,,,,,,
adam_constant_lr0.003_s1,adam,constant,0.003,1,1023,256,1,grad_norm,11.616881252363251,16.30967748313578,1.4039635190226172,False,237,0.003252900205552578,0.006945500150322914,0.0001758001744747162,0.1692194076675154,0.16910934120775623,-0.00526724991422804,0.9126045577581657,124.0,,,,,,,,,
adam_constant_lr0.003_s1,adam,constant,0.003,1,1151,256,1,grad_norm,11.481958680393136,16.448669834748085,1.432566541354675,False,237,0.0033080000430345535,0.007170699769631028,0.00018589990213513374,0.14629007733913552,0.14334380402377583,0.021872424971142414,0.9156363508639919,134.0,,,,,,,,,
adam_constant_lr0.003_s1,adam,constant,0.003,1,1279,256,1,grad_norm,11.711801823740355,17.58756814114281,1.5016961869600636,False,237,0.003311099950224161,0.007225800072774291,0.00018500001169741154,0.129036138083427,0.12888914082905717,0.033681204219536874,0.9132486142179165,130.0,,,,,,,,,
adam_constant_lr0.003_s1,adam,constant,0.003,1,1407,256,1,grad_norm,11.913195167563652,18.68392657083894,1.5683388300151517,False,237,0.0032659999560564756,0.006933299824595451,0.0001659998670220375,0.11661059135578968,0.11270131575579387,0.033044996620211306,0.9109366399050329,122.0,,,,,,,,,
adam_constant_lr0.003_s1,adam,constant,0.003,1,1535,256,1,grad_norm,11.710784491953392,17.563885534735896,1.499804351006906,False,237,0.003152600023895502,0.0068400998134166,0.00022089993581175804,0.10413949900152,0.10317473148931965,0.11799226342708705,0.8874077099219153,107.0,,,,,,,,,
adam_constant_lr0.003_s1,adam,constant,0.003,1,1663,256,1,grad_norm,11.117616003750204,17.153746983992473,1.5429339327969376,False,237,0.0031037000007927418,0.006660700077190995,0.00017119990661740303,0.10520089937430163,0.10516037767671527,0.1640998893272348,0.8947099639779053,110.0,,,,,,,,,
adam_constant_lr0.003_s1,adam,constant,0.003,1,1791,256,1,grad_norm,11.805351033799113,17.598578069553586,1.490728909218224,False,237,0.0031789999920874834,0.00678989989683032,0.0001767000649124384,0.11000366319413693,0.10790195847386062,0.1795210869443396,0.9014837446704411,115.0,,,,,,,,,
adam_constant_lr0.003_s1,adam,constant,0.003,1,1919,256,1,grad_norm,11.967705905886312,16.756038783547815,1.4001044908119245,False,237,0.0033010998740792274,0.007088799960911274,0.00021039997227489948,0.11389400087292853,0.1127593140971743,0.15870475575494322,0.8761581010275866,115.0,,,,,,,,,
adam_constant_lr0.003_s1,adam,constant,0.003,1,2047,256,1,grad_norm,12.16237996643971,17.01211256886863,1.3987486508241842,False,237,0.003251299960538745,0.006930399918928742,0.00017279991880059242,0.10496908436545034,0.10379216610393895,0.11273321853613331,0.9197588747112848,116.0,,,,,,,,,
adam_constant_lr0.003_s1,adam,constant,0.003,1,2175,256,1,grad_norm,11.006382253892111,17.10000954980119,1.5536448903320825,False,237,0.0031913002021610737,0.006993200397118926,0.00018990016542375088,0.10143917965075265,0.10093724016147912,0.01330535760871406,0.9055364450429596,114.0,,,,,,,,,
adam_constant_lr0.003_s1,adam,constant,0.003,1,2303,256,1,grad_norm,12.898352043310386,18.295503831126258,1.4184373142935773,False,237,0.003165199887007475,0.006776699796319008,0.00018079997971653938,0.10448244980891215,0.10376064441317735,-0.004816648185549752,0.9184357984384867,113.0,,,,,,,,,
adam_constant_lr0.003_s1,adam,constant,0.003,1,2431,256,1,grad_norm,12.543264139746627,16.600261305479343,1.3234403039378764,False,237,0.0031064997892826796,0.006701199803501368,0.0001705000177025795,0.08998950833822426,0.08858191959488286,0.10480106982859579,0.8942333581982265,114.0,,,,,,,,,
adam_constant_lr0.003_s1,adam,constant,0.003,1,2559,256,1,grad_norm,13.216955953553963,17.28348093067863,1.3076748527735844,False,237,0.0033563999459147453,0.0069373000878840685,0.00018230010755360126,0.08522046566869433,0.08447505432983503,0.0993700752115358,0.9034144710935348,127.0,,,,,,,,,
adam_constant_lr0.003_s1,adam,constant,0.003,1,2687,256,1,grad_norm,10.794990109215103,14.605023758647077,1.3529446169829793,False,237,0.0031266999430954456,0.006691999966278672,0.00016879988834261894,0.08899707872462372,0.08893876538290267,0.019757241551996648,0.9159362377922396,128.0,,,,,,,,,
adam_constant_lr0.003_s1,adam,constant,0.003,1,2815,256,1,grad_norm,10.77054043169594,17.777646387175498,1.650580720616283,False,237,0.0031409000512212515,0.006869100034236908,0.0001737999264150858,0.08900681862720687,0.08795415453023843,0.05528891941224502,0.9258100061177761,119.0,,,,,,,,,
adam_constant_lr0.003_s1,adam,constant,0.003,1,2943,256,1,grad_norm,11.360224094650887,16.574059307666552,1.4589553136958513,False,237,0.0031383000314235687,0.006747900042682886,0.00018450012430548668,0.09417957079946837,0.09414882835499509,0.1489089755707875,0.902406057141856,107.0,,,,,,,,,
adam_constant_lr0.003_s1,adam,constant,0.003,1,3071,256,1,grad_norm,12.37986590255855,17.116060179517266,1.3825723407860087,False,237,0.003234799951314926,0.006907799979671836,0.0001735000405460596,0.09314105776073237,0.08894956762144687,0.11105244122479724,0.9087007345005175,126.0,,,,,,,,,
adam_constant_lr0.003_s1,adam,constant,0.003,1,1023,1024,1,train_loss,10.723238658672448,14.542840077813967,1.356198490094446,False,1005,0.020043800119310617,0.04741020011715591,0.00025919987820088863,0.29268284008517376,0.13996029772657848,0.8696921503753107,0.5877146643101177,216.0,,,,,,,,,
adam_constant_lr0.003_s1,adam,constant,0.003,1,1151,1024,1,train_loss,10.874563822272687,15.171402187889504,1.395127421737713,False,1005,0.021629800088703632,0.050144500099122524,0.00024480000138282776,0.19079251074400438,0.05432675336345426,0.23414379906758723,0.8077412692682711,446.0,,,,,,,,,
adam_constant_lr0.003_s1,adam,constant,0.003,1,1279,1024,1,train_loss,11.538435981343918,17.1563276619225,1.4868850240762221,False,1005,0.022754999808967113,0.05335479974746704,0.00024949992075562477,0.16796175160917678,0.05461175060469465,0.21882995978003641,0.8227666289585264,432.0,,,,,,,,,
adam_constant_lr0.003_s1,adam,constant,0.003,1,1407,1024,1,train_loss,12.004011684885095,18.12683652785288,1.5100648852814238,False,1005,0.02350710006430745,0.05546379997394979,0.00023630005307495594,0.1474707616238227,0.05592567034598507,0.20116729699590252,0.8487791264687136,451.0,,,,,,,,,
adam_constant_lr0.003_s1,adam,constant,0.003,1,1535,1024,1,train_loss,12.057156698880686,17.70698119553082,1.4685868018265558,False,1005,0.024321699980646372,0.059031200129538774,0.0002513001672923565,0.12657819467071013,0.05523927759974665,0.15811182618711545,0.8799382173783079,470.0,,,,,,,,,
adam_constant_lr0.003_s1,adam,constant,0.003,1,1663,1024,1,train_loss,12.393617436119376,18.914991482135484,1.5261881028383628,False,1005,0.026530700037255883,0.06385629996657372,0.0002641999162733555,0.11217604170287765,0.05543272483821259,0.07717963792354256,0.9048941334203168,488.0,,,,,,,,,
adam_constant_lr0.003_s1,adam,constant,0.003,1,1791,1024,1,train_loss,12.61190616693662,19.66147445038807,1.5589613647723293,False,1005,0.027187000028789043,0.06550699984654784,0.00024159997701644897,0.09798855164296796,0.05506814858669211,0.06115645805431275,0.912526094492594,495.0,,,,,,,,,
adam_constant_lr0.003_s1,adam,constant,0.003,1,1919,1024,1,train_loss,12.877474514803488,19.90459500930464,1.5456908873260065,False,1005,0.028643199941143394,0.06716260011307895,0.00023240013979375362,0.08934987534997171,0.055519354367584955,0.038886539961815826,0.9256625583316669,496.0,,,,,,,,,
adam_constant_lr0.003_s1,adam,constant,0.003,1,2047,1024,1,train_loss,13.416913666075054,20.498989501752092,1.527846866420868,False,1005,0.02985539985820651,0.07002689968794584,0.0002756998874247074,0.08280541197798656,0.0563491421741593,0.029751448019328552,0.9257400120946143,502.0,,,,,,,,,
adam_constant_lr0.003_s1,adam,constant,0.003,1,2175,1024,1,train_loss,13.414169247140624,20.306018725615843,1.5137738574413986,False,1005,0.030958399875089526,0.07018589973449707,0.00022339983843266964,0.07663875386206598,0.055560282191702684,0.0261166279446246,0.9220528135489398,515.0,,,,,,,,,
adam_constant_lr0.003_s1,adam,constant,0.003,1,2303,1024,1,train_loss,13.675402956029403,20.52957039878028,1.5012040570057876,False,1005,0.029133399948477745,0.06807999988086522,0.00024649989791214466,0.07357087703963111,0.05684985759014029,0.005202768254647814,0.9250076957720331,511.0,,,,,,,,,
adam_constant_lr0.003_s1,adam,constant,0.003,1,2431,1024,1,train_loss,13.663152052621852,21.329188105492946,1.5610737568715003,False,1005,0.030055399984121323,0.06937179970555007,0.00023729982785880566,0.07038935192370106,0.056726004184678595,-0.00014897514695510404,0.927247087682725,511.0,,,,,,,,,
adam_constant_lr0.003_s1,adam,constant,0.003,1,2559,1024,1,train_loss,13.845351470549893,21.312286123080266,1.5393098664496243,False,1005,0.030175100080668926,0.06959529989399016,0.0002384998369961977,0.06841625698340394,0.05710784349892408,-0.01904645056287383,0.9353282930719591,508.0,,,,,,,,,
adam_constant_lr0.003_s1,adam,constant,0.003,1,2687,1024,1,train_loss,14.28392876986278,21.895434126103403,1.5328719765321082,False,1005,0.030312599847093225,0.0699716997332871,0.00025919987820088863,0.06673017613477317,0.056347415880296785,-0.013784666377862256,0.9390106460522936,516.0,,,,,,,,,
adam_constant_lr0.003_s1,adam,constant,0.003,1,2815,1024,1,train_loss,14.1596986309314,21.985469099555285,1.5526791687168218,False,1005,0.029791400069370866,0.06944420002400875,0.00024690013378858566,0.06476694312346805,0.05682532651677363,-0.004751010698359833,0.9332105725390325,513.0,,,,,,,,,
adam_constant_lr0.003_s1,adam,constant,0.003,1,2943,1024,1,train_loss,14.262492018969146,22.12758017841465,1.5514525897006581,False,1005,0.03090179990977049,0.0701635000295937,0.0002498000394552946,0.06438285889834948,0.058156801642335,0.011798468868689502,0.9347514030182413,513.0,,,,,,,,,
adam_constant_lr0.003_s1,adam,constant,0.003,1,3071,1024,1,train_loss,14.447038188708884,22.09345166129081,1.5292720468170422,False,1005,0.030186800053343177,0.07133810012601316,0.0002335000317543745,0.0635146943422111,0.0580475400817876,0.0043337623589442525,0.9305251783227406,505.0,,,,,,,,,
adam_constant_lr0.003_s1,adam,constant,0.003,1,1023,1024,1,probe_loss,5.601316863504204,8.517212225442837,1.5205731853767042,False,1005,0.01530779991298914,0.03609069995582104,0.00023390003480017185,0.2811353884554361,0.14683300198074892,0.9884710008924913,0.4869613643382023,22.0,,,,,,,,,
adam_constant_lr0.003_s1,adam,constant,0.003,1,1151,1024,1,probe_loss,5.354392826440104,8.238450271436323,1.5386338915506317,False,1005,0.016077999956905842,0.03782089985907078,0.0002445999998599291,0.16093045993939756,0.04512370020601025,0.9794750770076834,0.22535063401291552,46.0,,,,,,,,,
adam_constant_lr0.003_s1,adam,constant,0.003,1,1279,1024,1,probe_loss,5.499454224443367,8.982933387535185,1.6334227035855367,False,1005,0.017230099998414516,0.04051930014975369,0.00020810007117688656,0.12431314329503962,0.0436526875220187,0.981561720194332,0.21419192505501317,34.0,,,,,,,,,
adam_constant_lr0.003_s1,adam,constant,0.003,1,1407,1024,1,probe_loss,5.682711878670794,9.051027269422459,1.5927302778439518,False,1005,0.017645200015977025,0.04364370019175112,0.0002497001551091671,0.09401620966769297,0.03849564520360016,0.9809902463622822,0.2910218988447539,48.0,,,,,,,,,
adam_constant_lr0.003_s1,adam,constant,0.003,1,1535,1024,1,probe_loss,5.587120243716967,9.166741490784515,1.6406916427282972,False,1005,0.019654800184071064,0.04864580021239817,0.0002802999224513769,0.06508338439592816,0.028257070094430264,0.9669758448336864,0.4265630814844436,66.0,,,,,,,,,
adam_constant_lr0.003_s1,adam,constant,0.003,1,1663,1024,1,probe_loss,5.8511877196017466,9.873551505901855,1.687443982155111,False,1005,0.021812899969518185,0.052721600048244,0.00023450003936886787,0.04690207629692392,0.02255530228406117,0.950023808099248,0.5935688250593109,100.0,,,,,,,,,
adam_constant_lr0.003_s1,adam,constant,0.003,1,1791,1024,1,probe_loss,6.369388287996841,9.864294491036665,1.5487035873799686,False,1005,0.02296889992430806,0.05714399996213615,0.00022600009106099606,0.033929164775347215,0.021359732179010174,0.9494665214124052,0.61657602415362,106.0,,,,,,,,,
adam_constant_lr0.003_s1,adam,constant,0.003,1,1919,1024,1,probe_loss,6.55140693844995,9.420230413555082,1.4378942572271187,False,1005,0.023784599965438247,0.05876970011740923,0.0002449001185595989,0.030605199100214718,0.02013892284815872,0.9473161029496857,0.6524753170801388,105.0,,,,,,,,,
adam_constant_lr0.003_s1,adam,constant,0.003,1,2047,1024,1,probe_loss,6.388408563114543,9.392806124869745,1.4702888883942118,False,1005,0.0236283999402076,0.058912300039082766,0.00023230002261698246,0.029524237247446926,0.019870747908645736,0.9476920880571558,0.6629226559873841,105.0,,,,,,,,,
adam_constant_lr0.003_s1,adam,constant,0.003,1,2175,1024,1,probe_loss,6.173441494759692,8.759947929417761,1.418973183248536,False,1005,0.023684700019657612,0.0576341999694705,0.00023310002870857716,0.035012447777063534,0.021380846233548915,0.9559476774198071,0.6346244881596186,91.0,,,,,,,,,
adam_constant_lr0.003_s1,adam,constant,0.003,1,2303,1024,1,probe_loss,5.961827195355991,9.213634662844852,1.5454380613416436,False,1005,0.02158559998497367,0.055002099834382534,0.0002593998797237873,0.0366056490328256,0.022598032582028922,0.9636165063283978,0.6208986524266025,81.0,,,,,,,,,
adam_constant_lr0.003_s1,adam,constant,0.003,1,2431,1024,1,probe_loss,5.870464214344019,8.571899387537242,1.4601740296095285,False,1005,0.022097500041127205,0.05544050014577806,0.00024640001356601715,0.03701523397971545,0.0228530404556232,0.9644819760485834,0.6160447563830524,78.0,,,,,,,,,
adam_constant_lr0.003_s1,adam,constant,0.003,1,2559,1024,1,probe_loss,5.622027859875359,8.072485336104812,1.4358671883713825,False,1005,0.02267149998806417,0.0547728999517858,0.00027379998937249184,0.03739478958925088,0.023366689682558225,0.967821654584743,0.6094370403567659,69.0,,,,,,,,,
adam_constant_lr0.003_s1,adam,constant,0.003,1,2687,1024,1,probe_loss,5.523357865495643,7.929720009559213,1.435670148967911,False,1005,0.020990899996832013,0.05303600011393428,0.00023700017482042313,0.0397862234602059,0.02287665480051373,0.9660071278566812,0.6193378488252682,80.0,,,,,,,,,
adam_constant_lr0.003_s1,adam,constant,0.003,1,2815,1024,1,probe_loss,5.697449991385277,8.181829403414284,1.4360511133551794,False,1005,0.022407400188967586,0.05591099988669157,0.00024189986288547516,0.03360672884597795,0.02182549657330943,0.9651967897881241,0.6294118832221323,74.0,,,,,,,,,
adam_constant_lr0.003_s1,adam,constant,0.003,1,2943,1024,1,probe_loss,5.8001532951411505,8.31401010028505,1.433412131925855,False,1005,0.02512350003235042,0.061657399870455265,0.000255499966442585,0.029121807019421114,0.022505879898042005,0.966823414634947,0.5953816327828951,78.0,,,,,,,,,
adam_constant_lr0.003_s1,adam,constant,0.003,1,3071,1024,1,probe_loss,5.969913866119446,8.421237414648067,1.4106128837872205,False,1005,0.024996800115332007,0.06389560038223863,0.00024610012769699097,0.02579495829556601,0.022425624187696308,0.9682890946888426,0.5936702455159013,78.0,,,,,,,,,
adam_constant_lr0.003_s1,adam,constant,0.003,1,1023,1024,1,grad_norm,12.780946561382065,18.745102821546062,1.466644331194126,False,1005,0.03191559994593263,0.07545229978859425,0.00026439991779625416,1.6805010874594322,1.6804326854918514,-0.007872190126732907,0.9958135232416917,416.0,,,,,,,,,
adam_constant_lr0.003_s1,adam,constant,0.003,1,1151,1024,1,grad_norm,12.84370204480637,19.192984495952516,1.4943498711661265,False,1005,0.03260989999398589,0.07595560001209378,0.00024880003184080124,0.22608468537077783,0.2142908413613782,0.09313205773575375,0.9023977470520789,480.0,,,,,,,,,
adam_constant_lr0.003_s1,adam,constant,0.003,1,1279,1024,1,grad_norm,14.209603611803967,21.221694861564565,1.4934755001846518,False,1005,0.0330916999373585,0.07373220007866621,0.00024880003184080124,0.20418108163151877,0.2019711912357695,0.02753604441303048,0.9215291636052809,489.0,,,,,,,,,
adam_constant_lr0.003_s1,adam,constant,0.003,1,1407,1024,1,grad_norm,14.262993661630729,21.22633072368364,1.4882100649588854,False,1005,0.03174570016562939,0.07348549994640052,0.0002552999649196863,0.18209281282575215,0.18200409557082578,0.05943352433050134,0.9123093596303896,496.0,,,,,,,,,
adam_constant_lr0.003_s1,adam,constant,0.003,1,1535,1024,1,grad_norm,14.11059516847459,20.649964971022243,1.4634368518457455,False,1005,0.03214100003242493,0.0741879001725465,0.00023380015045404434,0.1629980601700676,0.16149012661630968,0.016444376475732027,0.9219809151059871,483.0,,,,,,,,,
adam_constant_lr0.003_s1,adam,constant,0.003,1,1663,1024,1,grad_norm,13.860532912176803,20.76870080473722,1.4984056483493093,False,1005,0.033333800034597516,0.07482669991441071,0.00023999996483325958,0.14799231699779053,0.14354381621787046,0.035405426520934126,0.9209551855675748,472.0,,,,,,,,,
adam_constant_lr0.003_s1,adam,constant,0.003,1,1791,1024,1,grad_norm,13.920956851110503,20.57311631999289,1.4778521720905795,False,1005,0.031111899996176362,0.07199950027279556,0.0002497001551091671,0.13617516143280656,0.1307466003820918,0.067925253967834,0.9260131569017567,465.0,,,,,,,,,
adam_constant_lr0.003_s1,adam,constant,0.003,1,1919,1024,1,grad_norm,13.850770969106817,20.809303951976762,1.5023931879597512,False,1005,0.030397099908441305,0.07170890015549958,0.0002343000378459692,0.1254718775109191,0.12046530857374314,0.09698977169683408,0.9197308630101926,465.0,,,,,,,,,
adam_constant_lr0.003_s1,adam,constant,0.003,1,2047,1024,1,grad_norm,13.90126201392169,21.394682204583557,1.5390460364790934,False,1005,0.033373599871993065,0.07430879981257021,0.00024359999224543571,0.11673615734021697,0.1122175821242774,0.11534057149282136,0.9222052510720309,463.0,,,,,,,,,
adam_constant_lr0.003_s1,adam,constant,0.003,1,2175,1024,1,grad_norm,13.680911304682729,21.37281724587893,1.5622363722629649,False,1005,0.0312693000305444,0.07270150003023446,0.00024159997701644897,0.11477715118783599,0.10861247709476166,0.10481695369214097,0.9250843492328342,458.0,,,,,,,,,
adam_constant_lr0.003_s1,adam,constant,0.003,1,2303,1024,1,grad_norm,13.5826973263248,21.68437636308454,1.5964705567765078,False,1005,0.03178830002434552,0.07347709988243878,0.0002337999176234007,0.10976357309629711,0.10528293013978537,0.1145573437225557,0.9189495423200614,449.0,,,,,,,,,
adam_constant_lr0.003_s1,adam,constant,0.003,1,2431,1024,1,grad_norm,13.8760904415969,21.054945178447745,1.5173542769172583,False,1005,0.03165849996730685,0.0721970999147743,0.00024640001356601715,0.10847453031700353,0.10240585059908693,0.1182610623072869,0.916915658854545,452.0,,,,,,,,,
adam_constant_lr0.003_s1,adam,constant,0.003,1,2559,1024,1,grad_norm,14.033551082792094,21.193361176588105,1.5101923277690814,False,1005,0.03169249999336898,0.07186819985508919,0.0002359999343752861,0.10820019291247475,0.10068941939935055,0.10487744534677493,0.914965958922551,469.0,,,,,,,,,
adam_constant_lr0.003_s1,adam,constant,0.003,1,2687,1024,1,grad_norm,13.823676431516446,20.784910058503254,1.5035732470644327,False,1005,0.03077620011754334,0.07120610005222261,0.0002437999937683344,0.10393015718513461,0.09851102612095143,0.08437191135506898,0.9235147452334304,474.0,,,,,,,,,
adam_constant_lr0.003_s1,adam,constant,0.003,1,2815,1024,1,grad_norm,13.665796309083703,20.926507876947746,1.5313054141629363,False,1005,0.03226520004682243,0.07357680005952716,0.0002500000409781933,0.10144542166738242,0.09565621596484716,0.07006404005882032,0.9294687771419232,469.0,,,,,,,,,
adam_constant_lr0.003_s1,adam,constant,0.003,1,2943,1024,1,grad_norm,13.759119709911769,20.87940252370482,1.51749552034668,False,1005,0.0320289998780936,0.07365610008127987,0.00026530004106462,0.09816489753635738,0.0934608402975325,0.07181629603400087,0.9284784358261984,463.0,,,,,,,,,
adam_constant_lr0.003_s1,adam,constant,0.003,1,3071,1024,1,grad_norm,14.010735164792441,20.171303068294158,1.439703401073671,False,1005,0.03148739994503558,0.07196770003065467,0.0002280001062899828,0.09813626821138442,0.09230575745858638,0.07453532462110392,0.925705028557492,471.0,,,,,,,,,
adam_constant_lr0.003_s1,adam,constant,0.003,1,511,512,4,train_loss,16.26381254027036,12.549728292500072,0.7716350801158123,False,436,0.015458600129932165,0.028522799955680966,0.00021460000425577164,0.2720346246082235,0.15885288555697252,0.8995132570788454,0.55094877398239,78.0,,,,,,,,,
adam_constant_lr0.003_s1,adam,constant,0.003,1,639,512,4,train_loss,15.376795798466544,16.51110209356754,1.073767403168228,False,436,0.016066099982708693,0.03030340000987053,0.00024359999224543571,0.12507628868154622,0.04399083089293756,0.0081238774638994,0.9270032359442438,261.0,,,,,,,,,
adam_constant_lr0.003_s1,adam,constant,0.003,1,767,512,4,train_loss,14.523061589705003,16.13524374320558,1.1110084222629346,False,436,0.015395099995657802,0.029541799798607826,0.00022199982777237892,0.11357268748565522,0.045818666488404644,0.0016595089973285347,0.9239344161882787,254.0,,,,,,,,,
adam_constant_lr0.003_s1,adam,constant,0.003,1,895,512,4,train_loss,14.296597160724355,16.860199235811113,1.1793155424515627,False,436,0.01630029990337789,0.030368500156328082,0.00021650013513863087,0.10508675141071946,0.04761041129983845,-0.008922504106027941,0.9191184662123064,262.0,,,,,,,,,
adam_constant_lr0.003_s1,adam,constant,0.003,1,1023,512,4,train_loss,14.035313354143018,18.87548130791547,1.3448564226279784,False,436,0.015691899927332997,0.029370700009167194,0.00023310002870857716,0.09216875752771202,0.05017848279174712,0.022232194572077334,0.9263743875852293,264.0,,,,,,,,,
adam_constant_lr0.003_s1,adam,constant,0.003,1,1151,512,4,train_loss,12.879973925810305,16.339555585692022,1.2686016043051942,False,436,0.01579979993402958,0.02982719987630844,0.00023170001804828644,0.0834321252932302,0.05144464952268852,0.02077047849182755,0.9202855387038951,247.0,,,,,,,,,
adam_constant_lr0.003_s1,adam,constant,0.003,1,1279,512,4,train_loss,12.5323254668569,18.10610241478522,1.4447520105242064,False,436,0.016074500046670437,0.029864799929782748,0.0002226000651717186,0.0751876621678217,0.0515396982859456,0.0333753795385754,0.9238829935862887,256.0,,,,,,,,,
adam_constant_lr0.003_s1,adam,constant,0.003,1,1407,512,4,train_loss,13.211525694841486,19.084774586893452,1.4445549308771515,False,436,0.016330600017681718,0.030020700069144368,0.0002185001503676176,0.07122617637440035,0.05366621074936751,0.0590485676408652,0.91520793765175,248.0,,,,,,,,,
adam_constant_lr0.003_s1,adam,constant,0.003,1,1535,512,4,train_loss,13.001814994338838,18.2587081321176,1.4043199461050386,False,436,0.01626179995946586,0.02973289997316897,0.00021840003319084644,0.06622747828226658,0.053409816670454725,0.06399019526042718,0.926930541336039,256.0,,,,,,,,,
adam_constant_lr0.003_s1,adam,constant,0.003,1,1663,512,4,train_loss,12.09106222664932,15.74562759237655,1.3022534577377645,False,436,0.016402199864387512,0.030373299960047007,0.00020899996161460876,0.06542091475856555,0.05505097247059878,-0.014900799932503385,0.9222377515901523,275.0,,,,,,,,,
adam_constant_lr0.003_s1,adam,constant,0.003,1,1791,512,4,train_loss,11.116703718681782,18.29477672555923,1.6457015666266785,False,436,0.01609320007264614,0.029963900102302432,0.00020950008183717728,0.0628056421279104,0.0555057461046062,-0.01532434657248634,0.9162079948494778,269.0,,,,,,,,,
adam_constant_lr0.003_s1,adam,constant,0.003,1,1919,512,4,train_loss,11.761244741445662,15.103313551607691,1.2841594477143097,False,436,0.016657199943438172,0.03039329987950623,0.00020810007117688656,0.06135838151818468,0.05539692085421178,-0.04514659132577988,0.9270916215682461,272.0,,,,,,,,,
adam_constant_lr0.003_s1,adam,constant,0.003,1,2047,512,4,train_loss,12.080608889254009,16.080784543573625,1.3311236785322855,False,436,0.016809500055387616,0.030556400073692203,0.000201700022444129,0.06174750708556607,0.05783073582831558,-0.04245580108838439,0.9227666912083418,275.0,,,,,,,,,
adam_constant_lr0.003_s1,adam,constant,0.003,1,2175,512,4,train_loss,13.03718707909039,17.479361525751457,1.340731050318793,False,436,0.01654530013911426,0.03110420028679073,0.00022629997693002224,0.059295679171648054,0.05512860049323444,0.031137493654500813,0.9252649767377625,251.0,,,,,,,,,
adam_constant_lr0.003_s1,adam,constant,0.003,1,2303,512,4,train_loss,12.922828014331031,16.10284277585381,1.246077310476951,False,436,0.01656130002811551,0.030332100111991167,0.00021410011686384678,0.05972733525724867,0.0574294151726326,0.0034998984311738228,0.9255729220130149,250.0,,,,,,,,,
adam_constant_lr0.003_s1,adam,constant,0.003,1,2431,512,4,train_loss,12.703363318999532,16.583805621028077,1.3054657419917164,False,436,0.01672740001231432,0.030434299958869815,0.00021190010011196136,0.05971256310930469,0.057549379269458883,0.02515088393381948,0.9221842379455409,252.0,,,,,,,,,
adam_constant_lr0.003_s1,adam,constant,0.003,1,2559,512,4,train_loss,12.777352070293654,17.257484923840078,1.3506307745845387,False,436,0.01621180004440248,0.03012829995714128,0.00020270003005862236,0.05882163209948836,0.056277728383026644,0.002261196425286833,0.9278736327081535,244.0,,,,,,,,,
adam_constant_lr0.003_s1,adam,constant,0.003,1,2687,512,4,train_loss,12.95624277772175,17.335087624503753,1.33797181188295,False,436,0.016973899910226464,0.03133010002784431,0.00021520000882446766,0.05958046471580413,0.05736901466276173,-0.06077894088433868,0.9235394042213048,266.0,,,,,,,,,
adam_constant_lr0.003_s1,adam,constant,0.003,1,2815,512,4,train_loss,12.078803958772504,15.520733089271971,1.2849561216696201,False,436,0.016707299975678325,0.03081150003708899,0.00020839995704591274,0.05752998787560099,0.05612658159618065,-0.017652893160565054,0.9230291143372656,261.0,,,,,,,,,
adam_constant_lr0.003_s1,adam,constant,0.003,1,2943,512,4,train_loss,11.722706183948707,15.623855621000663,1.3327857387054192,False,436,0.017631800146773458,0.03187170019373298,0.00020490004681050777,0.05908906448656717,0.05846864524896722,-0.015283102041583037,0.9245125461476197,259.0,,,,,,,,,
adam_constant_lr0.003_s1,adam,constant,0.003,1,3071,512,4,train_loss,12.035227588528684,16.498370387553198,1.3708399169184415,False,436,0.01655420009046793,0.03046040004119277,0.00020779995247721672,0.06051725849652189,0.05956880274091061,-0.0008431605582610333,0.9227360688879626,259.0,,,,,,,,,
adam_constant_lr0.003_s1,adam,constant,0.003,1,511,512,4,probe_loss,17.312699916610313,11.81762018695708,0.682598337860573,False,436,0.013983199838548899,0.0264079999178648,0.00021279999054968357,0.2778091337803894,0.16440686348402264,0.9826277918028029,0.4927629725770066,10.0,,,,,,,,,
adam_constant_lr0.003_s1,adam,constant,0.003,1,639,512,4,probe_loss,20.503875713712166,18.362865615268916,0.8955802245225556,False,436,0.014703500084578991,0.02799120033159852,0.00019880011677742004,0.11903305515378375,0.021611795094955644,0.8797736149152386,0.6999514346115752,72.0,,,,,,,,,
adam_constant_lr0.003_s1,adam,constant,0.003,1,767,512,4,probe_loss,15.185640856909595,17.31603691187029,1.1402901645728931,False,436,0.014809299958869815,0.027984399814158678,0.00020609982311725616,0.1013842465596697,0.021087246928564108,0.9011845652666935,0.6565676469872258,68.0,,,,,,,,,
adam_constant_lr0.003_s1,adam,constant,0.003,1,895,512,4,probe_loss,17.350480847302308,15.194826562042755,0.8757582395421208,False,436,0.014319200068712234,0.027171399910002947,0.0002242999617010355,0.08410591041888503,0.02220029786366482,0.9338974493384314,0.5527277584612532,54.0,,,,,,,,,
adam_constant_lr0.003_s1,adam,constant,0.003,1,1023,512,4,probe_loss,18.65764925650966,17.353561079456014,0.9301043685019081,False,436,0.015314999967813492,0.028971000108867884,0.00022860011085867882,0.056200535552164754,0.021114496246316096,0.9344741706126433,0.5559897209903828,54.0,,,,,,,,,
adam_constant_lr0.003_s1,adam,constant,0.003,1,1151,512,4,probe_loss,19.1530060383573,18.476270338020154,0.964666867489006,False,436,0.01601569983176887,0.02970360009931028,0.0002256000880151987,0.0405871880600818,0.01833664176980698,0.9190354416611252,0.6507742493427299,66.0,,,,,,,,,
adam_constant_lr0.003_s1,adam,constant,0.003,1,1279,512,4,probe_loss,15.436239742945308,24.6007058974177,1.5936980966274996,False,436,0.015913199866190553,0.029708399903029203,0.0002327000256627798,0.02761916681221863,0.017734997578145218,0.9171124996493925,0.6605189519653121,76.0,,,,,,,,,
adam_constant_lr0.003_s1,adam,constant,0.003,1,1407,512,4,probe_loss,17.861194784376124,24.37852143161352,1.364887496380609,False,436,0.015935300150886178,0.030244000256061554,0.00024179997853934765,0.024983444651724574,0.018056561515983404,0.927148815809889,0.6604957429962118,70.0,,,,,,,,,
adam_constant_lr0.003_s1,adam,constant,0.003,1,1535,512,4,probe_loss,15.70930012665511,26.525893956693707,1.6885471499577054,False,436,0.017438999842852354,0.03091649990528822,0.00021900003775954247,0.021901123580927783,0.01823114281359312,0.9294296526474349,0.6730223634432696,63.0,,,,,,,,,
adam_constant_lr0.003_s1,adam,constant,0.003,1,1663,512,4,probe_loss,14.246355045673344,21.729970062714425,1.5253003307196022,False,436,0.016089099925011396,0.029573499923571944,0.00020650005899369717,0.023362255950687874,0.019261700470972264,0.9365856292030904,0.6636758395484232,51.0,,,,,,,,,
adam_constant_lr0.003_s1,adam,constant,0.003,1,1791,512,4,probe_loss,13.042066614863117,23.123693414503233,1.7730083810606214,False,436,0.016568999970331788,0.030514799989759922,0.00024099997244775295,0.02009106152728708,0.0200173790550443,0.9502634530570364,0.6365174152189246,56.0,,,,,,,,,
adam_constant_lr0.003_s1,adam,constant,0.003,1,1919,512,4,probe_loss,10.58370087914525,17.240490572228722,1.628966159295035,False,436,0.016619900008663535,0.03095799987204373,0.00022289995104074478,0.02252763876792082,0.020979610608497092,0.9573779430453221,0.6001714284999108,51.0,,,,,,,,,
adam_constant_lr0.003_s1,adam,constant,0.003,1,2047,512,4,probe_loss,11.954080588053749,21.420862257590887,1.7919288815065977,False,436,0.016895700013265014,0.031239200150594115,0.0002185001503676176,0.025707436631255944,0.020828010935403218,0.959093070208913,0.5654756593959188,50.0,,,,,,,,,
adam_constant_lr0.003_s1,adam,constant,0.003,1,2175,512,4,probe_loss,19.904379107946333,27.861351572402366,1.3997598931020867,False,436,0.015387499937787652,0.029071700060740113,0.00021890015341341496,0.032967570369084834,0.01806137392203971,0.948489269738849,0.6371256647651449,43.0,,,,,,,,,
adam_constant_lr0.003_s1,adam,constant,0.003,1,2303,512,4,probe_loss,17.860566063735387,25.551274915602786,1.4305971504163486,False,436,0.01581769995391369,0.0292497999034822,0.0002188999205827713,0.028251784488362637,0.020634618570337018,0.9592372191523675,0.6001626936320311,42.0,,,,,,,,,
adam_constant_lr0.003_s1,adam,constant,0.003,1,2431,512,4,probe_loss,11.589051369139902,16.198478292883287,1.3977397956848887,False,436,0.016351399943232536,0.02998409979045391,0.00022169994190335274,0.024790565659719006,0.022800920785632603,0.964666066110522,0.5730377469016816,40.0,,,,,,,,,
adam_constant_lr0.003_s1,adam,constant,0.003,1,2559,512,4,probe_loss,10.27175147942897,11.767340246775468,1.145602117646799,False,436,0.016311399871483445,0.02992079989053309,0.0002256000880151987,0.023717655560269404,0.0232765927368779,0.9678909322647024,0.5640590641253436,44.0,,,,,,,,,
adam_constant_lr0.003_s1,adam,constant,0.003,1,2687,512,4,probe_loss,7.289675742911164,9.833382186365228,1.3489464460648593,False,436,0.015730499988421798,0.029329900164157152,0.00022869999520480633,0.027512550637718604,0.02393788944669253,0.9671771445452685,0.5439204469644568,32.0,,,,,,,,,
adam_constant_lr0.003_s1,adam,constant,0.003,1,2815,512,4,probe_loss,7.395769125097488,9.29955922007594,1.2574161068005698,False,436,0.01569210016168654,0.028896000236272812,0.0002177001442760229,0.026355310704389897,0.02158204698424568,0.9661704223722919,0.5755278548907665,39.0,,,,,,,,,
adam_constant_lr0.003_s1,adam,constant,0.003,1,2943,512,4,probe_loss,10.992335732876418,11.261665117751722,1.0245015610349109,False,436,0.016345799900591373,0.02983719971962273,0.0002337999176234007,0.022229362039250352,0.02169913071343919,0.9676625485949879,0.5385081290960607,34.0,,,,,,,,,
adam_constant_lr0.003_s1,adam,constant,0.003,1,3071,512,4,probe_loss,10.304978611223138,19.07160442624364,1.8507175168197614,False,436,0.015595200005918741,0.028638300020247698,0.00020890007726848125,0.01894895380780745,0.018691128554648065,0.9590107881395866,0.6119219861941726,32.0,,,,,,,,,
adam_constant_lr0.003_s1,adam,constant,0.003,1,511,512,4,grad_norm,10.843278453341952,14.907488711461317,1.3748137867719108,False,436,0.016293699853122234,0.029833899810910225,0.00020890007726848125,2.3684817174373367,2.363417560099086,-0.01211687434309922,0.9960536575403989,166.0,,,,,,,,,
adam_constant_lr0.003_s1,adam,constant,0.003,1,639,512,4,grad_norm,10.81424656934994,14.689754187409072,1.358370561759079,False,436,0.016116200014948845,0.02970119984820485,0.00023290002718567848,0.25175109281669666,0.23948751823784098,0.050933027282887365,0.9054459555758718,239.0,,,,,,,,,
adam_constant_lr0.003_s1,adam,constant,0.003,1,767,512,4,grad_norm,11.955465485387704,14.84823912231476,1.2419624430736456,False,436,0.01621129992417991,0.029577699955552816,0.00021399999968707561,0.24245884139964682,0.2371547422525861,-0.011906524121160108,0.9230145730597195,247.0,,,,,,,,,
adam_constant_lr0.003_s1,adam,constant,0.003,1,895,512,4,grad_norm,11.776929859436368,14.93386527041496,1.2680609843701387,False,436,0.01640859991312027,0.030073900241404772,0.00022370018996298313,0.22070206632796513,0.21449128449738125,-0.0015251750015212746,0.9153132733639391,253.0,,,,,,,,,
adam_constant_lr0.003_s1,adam,constant,0.003,1,1023,512,4,grad_norm,11.30086253620103,14.668730271222117,1.2980186445266904,False,436,0.016013899818062782,0.029467399697750807,0.00020909984596073627,0.19389600699489484,0.19263854153102689,-0.03893154370564937,0.915700123053181,244.0,,,,,,,,,
adam_constant_lr0.003_s1,adam,constant,0.003,1,1151,512,4,grad_norm,11.109583338127084,15.277971340944134,1.375206510986917,False,436,0.01588160009123385,0.029277800116688013,0.00021039997227489948,0.17214431572316918,0.17039172750746917,0.004562735667335431,0.9165103927564943,254.0,,,,,,,,,
adam_constant_lr0.003_s1,adam,constant,0.003,1,1279,512,4,grad_norm,10.103109831296603,13.523942055875848,1.3385920059962593,False,436,0.015974099980667233,0.029768799897283316,0.00025969999842345715,0.15241893448635463,0.150965343357223,0.017738861864815658,0.9142842391106571,249.0,,,,,,,,,
adam_constant_lr0.003_s1,adam,constant,0.003,1,1407,512,4,grad_norm,11.66418797125289,14.881323286751597,1.2758130547473632,False,436,0.016466300003230572,0.030850999988615513,0.0002570999786257744,0.13266750596981783,0.1305691037811728,0.04824104957514178,0.9114761876464799,247.0,,,,,,,,,
adam_constant_lr0.003_s1,adam,constant,0.003,1,1535,512,4,grad_norm,11.894910443562138,15.667564175640745,1.3171653750550492,False,436,0.016623000148683786,0.030560200102627277,0.00024359999224543571,0.11902569034671863,0.1173786200709273,0.07621380687935748,0.9207211010006251,230.0,,,,,,,,,
adam_constant_lr0.003_s1,adam,constant,0.003,1,1663,512,4,grad_norm,11.76278492476847,14.994310657179563,1.2747245446617481,False,436,0.015951199922710657,0.029482399811968207,0.00020789983682334423,0.11208096177306828,0.11003162196962837,0.10859877581631877,0.9076791240564224,231.0,,,,,,,,,
adam_constant_lr0.003_s1,adam,constant,0.003,1,1791,512,4,grad_norm,11.996403038116599,17.19890886611315,1.4336721441807552,False,436,0.016052199993282557,0.029502300079911947,0.00021039997227489948,0.10717287257370145,0.10649661607246631,0.165333873435784,0.9024685659759634,216.0,,,,,,,,,
adam_constant_lr0.003_s1,adam,constant,0.003,1,1919,512,4,grad_norm,11.675652727639914,15.575115943251909,1.3339824596170755,False,436,0.01597340009175241,0.029588600154966116,0.0002313000150024891,0.11083083015494169,0.1092231965842803,0.16618560366917684,0.9041489056719448,221.0,,,,,,,,,
adam_constant_lr0.003_s1,adam,constant,0.003,1,2047,512,4,grad_norm,12.175236473926386,16.448026282959603,1.3509410119617402,False,436,0.017444700002670288,0.03149319998919964,0.00025729998014867306,0.1093379068461582,0.10608211269440987,0.1510123238867569,0.8941690509389244,230.0,,,,,,,,,
adam_constant_lr0.003_s1,adam,constant,0.003,1,2175,512,4,grad_norm,11.440732537675032,15.046356578949519,1.3151567462486293,False,436,0.017118799965828657,0.031195699935778975,0.0002414998598396778,0.10883674142065963,0.1071272404319928,0.09743334116035847,0.90008903947728,229.0,,,,,,,,,
adam_constant_lr0.003_s1,adam,constant,0.003,1,2303,512,4,grad_norm,11.5563934473628,15.380327316590744,1.330893361033894,False,436,0.015970100183039904,0.029628600226715207,0.0002133999951183796,0.10536204952532677,0.10398248021880115,0.06010983183265041,0.914671310577346,231.0,,,,,,,,,
adam_constant_lr0.003_s1,adam,constant,0.003,1,2431,512,4,grad_norm,12.020039385129367,16.43876251675587,1.3676130327071256,False,436,0.016750099835917354,0.030385399935767055,0.0002305998932570219,0.09704868474703339,0.09507817026939522,0.05259772410924007,0.9210626897663902,229.0,,,,,,,,,
adam_constant_lr0.003_s1,adam,constant,0.003,1,2559,512,4,grad_norm,11.496258916270529,15.839044849974945,1.3777564480178954,False,436,0.01677019987255335,0.031112799886614084,0.00023339991457760334,0.09738642667316619,0.09461221277342685,0.03715908589249221,0.9230035939862968,242.0,,,,,,,,,
adam_constant_lr0.003_s1,adam,constant,0.003,1,2687,512,4,grad_norm,11.863649261631213,15.342946714475465,1.2932737959555844,False,436,0.017280600033700466,0.03148020012304187,0.00024070008657872677,0.09029866129453246,0.08901339129369933,0.06745118195220189,0.9113222673042921,244.0,,,,,,,,,
adam_constant_lr0.003_s1,adam,constant,0.003,1,2815,512,4,grad_norm,11.56491981839397,15.918457370528339,1.3764433840008197,False,436,0.016527799889445305,0.030797499930486083,0.0004021001514047384,0.08758548511720626,0.08647326222215687,0.08296851269786007,0.930876848406993,242.0,,,,,,,,,
adam_constant_lr0.003_s1,adam,constant,0.003,1,2943,512,4,grad_norm,11.280723094549328,16.592775977769634,1.470896487636241,False,436,0.016772300004959106,0.03079209988936782,0.0002484000287950039,0.09243041282565807,0.09165450962022877,0.08857823437621379,0.9297632541788339,238.0,,,,,,,,,
adam_constant_lr0.003_s1,adam,constant,0.003,1,3071,512,4,grad_norm,11.369850866799444,15.554446159072238,1.3680431116728216,False,436,0.016914800042286515,0.0317844997625798,0.00022919988259673119,0.0920727747221553,0.08943171703306514,0.10430176103668769,0.9184081209163178,229.0,,,,,,,,,
adam_constant_lr0.003_s2,adam,constant,0.003,2,511,512,1,train_loss,10.363824305554063,13.19563307749527,1.2732397509309006,False,493,0.007247899891808629,0.017297199927270412,0.0002272999845445156,0.25587846791009156,0.15366388488188698,0.9137335583389085,0.6579035731555252,118.0,0.007247899891808629,0.007445799885317683,0.007222499931231141,0.017124799778684974,0.017753499560058117,0.017297199927270412,0.0002250999677926302,0.00023269979283213615,0.0002272999845445156
adam_constant_lr0.003_s2,adam,constant,0.003,2,639,512,1,train_loss,10.119089091178896,12.910675822406171,1.275873322793529,False,493,0.0078747000079602,0.01882959995418787,0.00023530004546046257,0.13240910163282477,0.044852923359222446,0.08933435520488461,0.912065218251685,255.0,0.0076923000160604715,0.0078747000079602,0.008248699828982353,0.01882959995418787,0.018672199919819832,0.018975199898704886,0.00022360007278621197,0.0002528000622987747,0.00023530004546046257
adam_constant_lr0.003_s2,adam,constant,0.003,2,767,512,1,train_loss,10.80782711181115,13.695758966734635,1.2672074437393117,False,493,0.008100300095975399,0.018403000198304653,0.00023490004241466522,0.10800856933370367,0.046087787113970685,0.10026192863196863,0.8835920345577505,240.0,0.008990500122308731,0.008100300095975399,0.007890900131314993,0.01979160006158054,0.018403000198304653,0.018342100083827972,0.0002275998704135418,0.00023490004241466522,0.0002351999282836914
adam_constant_lr0.003_s2,adam,constant,0.003,2,895,512,1,train_loss,10.584318389215113,14.59353718949568,1.3787885674684313,False,493,0.008262899937108159,0.019442500080913305,0.0002226999495178461,0.09273619408105781,0.04673884793212783,0.03711497616302075,0.9252652735975072,237.0,0.008262899937108159,0.008332600118592381,0.008257900131866336,0.019004499772563577,0.019442500080913305,0.01955800037831068,0.00021989992819726467,0.0002226999495178461,0.00023000012151896954
adam_constant_lr0.003_s2,adam,constant,0.003,2,1023,512,1,train_loss,11.616581232461558,15.723514816502158,1.3535406417650764,False,493,0.008946799905970693,0.02007679990492761,0.0002213998232036829,0.08106359642298877,0.049067585603946515,-0.03189073851819344,0.9250774885092906,262.0,0.008946799905970693,0.008873799815773964,0.009062399854883552,0.020068299723789096,0.02007679990492761,0.02088539977557957,0.0002213998232036829,0.000260000117123127,0.00021500000730156898
adam_constant_lr0.003_s2,adam,constant,0.003,2,1151,512,1,train_loss,11.22001829663309,15.081825242677922,1.3441890061091688,False,493,0.008893500082194805,0.020026899874210358,0.00021500000730156898,0.07832847693013108,0.05195095909968405,-0.0928190730562661,0.9209976276121647,265.0,0.00904499995522201,0.008893500082194805,0.008698799880221486,0.020309299929067492,0.019975400064140558,0.020026899874210358,0.00022709998302161694,0.00021500000730156898,0.00020859995856881142
adam_constant_lr0.003_s2,adam,constant,0.003,2,1279,512,1,train_loss,12.098365193984538,17.47090316516029,1.4440714001464467,False,493,0.009005900006741285,0.020658399909734726,0.0002080998383462429,0.07186324784339514,0.05459494407039967,-0.05677874743162789,0.9176014830002867,262.0,0.009206600021570921,0.008997400058433414,0.009005900006741285,0.020658399909734726,0.020231900038197637,0.02940789982676506,0.0002080998383462429,0.00020119990222156048,0.0005723999347537756
adam_constant_lr0.003_s2,adam,constant,0.003,2,1407,512,1,train_loss,12.44874234530553,18.662112128870003,1.4991162650183343,False,493,0.011252600001171231,0.024637300055474043,0.00022709998302161694,0.06785012370760111,0.05577867247093587,-0.01785731217699854,0.923124195293227,265.0,0.01567270001396537,0.011252600001171231,0.009107299847528338,0.027489300118759274,0.024637300055474043,0.021246599964797497,0.0002644001506268978,0.00022629997693002224,0.00022709998302161694
adam_constant_lr0.003_s2,adam,constant,0.003,2,1535,512,1,train_loss,12.510000647529377,20.00930602098678,1.5994648269613363,False,493,0.009917299961671233,0.021926299901679158,0.00023230002261698246,0.06356503758024408,0.05528131808672388,-0.0035087113664047853,0.9261459674471546,265.0,0.009917299961671233,0.010070500196889043,0.009299000026658177,0.021926299901679158,0.022168800234794617,0.02105410024523735,0.00024269986897706985,0.00023230002261698246,0.0002234000712633133
adam_constant_lr0.003_s2,adam,constant,0.003,2,1663,512,1,train_loss,12.612233294015027,18.844897590788328,1.4941761027946519,False,493,0.009637600043788552,0.02159280003979802,0.00023719994351267815,0.0649736000462249,0.05756153157319373,0.006378095374901389,0.9246876003744439,262.0,0.009496600134298205,0.009782899869605899,0.009637600043788552,0.02133260015398264,0.021883299807086587,0.02159280003979802,0.00023719994351267815,0.00024530012160539627,0.00022639986127614975
adam_constant_lr0.003_s2,adam,constant,0.003,2,1791,512,1,train_loss,12.905720350808814,19.11060397401349,1.4807855318836047,False,493,0.009600599994882941,0.02147010015323758,0.00022829999215900898,0.06417626726137983,0.057568040150026846,-0.024757923477926703,0.9197082933417428,260.0,0.009859600104391575,0.009600599994882941,0.00947339995764196,0.021777600282803178,0.02147010015323758,0.021206800127401948,0.0002239001914858818,0.00027900002896785736,0.00022829999215900898
adam_constant_lr0.003_s2,adam,constant,0.003,2,1919,512,1,train_loss,13.32134171861938,19.376234607565614,1.4545257539999328,False,493,0.015136600006371737,0.030061099911108613,0.0002546000760048628,0.06182250099724341,0.05777697656029123,-0.05623195343301892,0.9184533732167047,268.0,0.015136600006371737,0.017536000115796924,0.010275400010868907,0.030061099911108613,0.03335430007427931,0.023071900010108948,0.0009421999566257,0.0002546000760048628,0.00024390011094510555
adam_constant_lr0.003_s2,adam,constant,0.003,2,2047,512,1,train_loss,14.087613388786963,20.81015224871588,1.4771950134065805,False,493,0.010215099900960922,0.022825400112196803,0.0002327000256627798,0.06316953754838989,0.059959074450042366,-0.05516514138277734,0.9241269876526366,264.0,0.010215099900960922,0.011099800001829863,0.009548999834805727,0.022825400112196803,0.02444980014115572,0.02188030001707375,0.00023910007439553738,0.0002327000256627798,0.0002297000028192997
adam_constant_lr0.003_s2,adam,constant,0.003,2,2175,512,1,train_loss,13.439898125018,21.090315609130972,1.5692318061453108,False,493,0.009797799866646528,0.02184889977797866,0.00024339999072253704,0.06053083723884057,0.05799923107883692,-0.03417556006277688,0.917782324194523,261.0,0.010117999976500869,0.009614200098440051,0.009797799866646528,0.02184889977797866,0.02139699994586408,0.02350369980558753,0.0002530999481678009,0.00024339999072253704,0.00024010008201003075
adam_constant_lr0.003_s2,adam,constant,0.003,2,2303,512,1,train_loss,13.68592858869819,20.256230999152393,1.4800772098051094,False,493,0.010325400158762932,0.023319799918681383,0.00023949984461069107,0.06156964710679431,0.05897045940002693,-0.04501222016526347,0.9187299654351512,281.0,0.010624799877405167,0.010325400158762932,0.01009580004028976,0.023319799918681383,0.023614600067958236,0.021839899942278862,0.00024359999224543571,0.00023949984461069107,0.00021299999207258224
adam_constant_lr0.003_s2,adam,constant,0.003,2,2431,512,1,train_loss,13.81858722098513,20.69318666533531,1.497489311636019,False,493,0.009524499997496605,0.021282600238919258,0.0002109999768435955,0.06079697240808534,0.05936519021632827,-0.0554100638705667,0.9291561405638782,282.0,0.009524499997496605,0.009499500039964914,0.00994749995879829,0.021282600238919258,0.02123399986885488,0.021836299914866686,0.0002139001153409481,0.00021069985814392567,0.0002109999768435955
adam_constant_lr0.003_s2,adam,constant,0.003,2,2559,512,1,train_loss,14.116656168875473,21.155499838238853,1.498619757055689,False,493,0.009651399916037917,0.021784800104796886,0.00023319991305470467,0.061209025048548325,0.05821426279835373,-0.05381496395334184,0.9224262378904637,279.0,0.00962150003761053,0.009754300117492676,0.009651399916037917,0.021784800104796886,0.021894300123676658,0.02153039979748428,0.0003035999834537506,0.00021460000425577164,0.00023319991305470467
adam_constant_lr0.003_s2,adam,constant,0.003,2,2687,512,1,train_loss,13.828759819527818,20.19511097551199,1.4603703614111616,False,493,0.009842299856245518,0.021917300298810005,0.00022120005451142788,0.060723387344156124,0.058562869234770436,-0.0314938001380085,0.9237393605940947,282.0,0.009842299856245518,0.010469299973919988,0.00972870015539229,0.021824099821969867,0.023215999826788902,0.021917300298810005,0.0002536999527364969,0.00022120005451142788,0.00021900003775954247
adam_constant_lr0.003_s2,adam,constant,0.003,2,2815,512,1,train_loss,13.534572126639787,20.413269204157228,1.5082315874602537,False,493,0.009651500033214688,0.02163279987871647,0.00022919988259673119,0.05929895694297397,0.05762636531479415,-0.018948786653256666,0.9269715843218765,258.0,0.009835399920120835,0.009651500033214688,0.009608199819922447,0.02163279987871647,0.02165570016950369,0.021434599766507745,0.00022919988259673119,0.00022200006060302258,0.0002460000105202198
adam_constant_lr0.003_s2,adam,constant,0.003,2,2943,512,1,train_loss,13.652051246515217,20.066662769675702,1.4698643015127753,False,493,0.00964039983227849,0.021632800111547112,0.00021530012600123882,0.05942910956220325,0.05893330442551075,-0.040878300927158044,0.9341762002365877,258.0,0.009639899944886565,0.009706299984827638,0.00964039983227849,0.021753799868747592,0.021632800111547112,0.021578199928626418,0.00021530012600123882,0.00022120005451142788,0.0002125001046806574
adam_constant_lr0.003_s2,adam,constant,0.003,2,3071,512,1,train_loss,13.057412390356253,19.91311312148142,1.525042828255049,False,493,0.00965430005453527,0.021665799897164106,0.00020849984139204025,0.058235036199419034,0.05751839953786685,-0.09478071112252123,0.9261977828217238,268.0,0.00965430005453527,0.009623900055885315,0.009664899902418256,0.02164019993506372,0.021665799897164106,0.02200419967994094,0.00020430004224181175,0.0002343000378459692,0.00020849984139204025
adam_constant_lr0.003_s2,adam,constant,0.003,2,511,512,1,probe_loss,6.70595507829531,8.097018336252809,1.2074370081093824,False,493,0.005317699862644076,0.012666999828070402,0.00020539993420243263,0.2403646880853981,0.14771127394213168,0.9970357361974841,0.6110824601538317,16.0,0.005316299851983786,0.005317699862644076,0.005924699828028679,0.012666999828070402,0.012572499690577388,0.013261099811643362,0.00020539993420243263,0.00018329988233745098,0.00020890007726848125
adam_constant_lr0.003_s2,adam,constant,0.003,2,639,512,1,probe_loss,5.543968258850348,7.613129291242081,1.3732274312877857,False,493,0.005774300079792738,0.013487099902704358,0.00021239998750388622,0.10828593310645213,0.018342916648382602,0.9074433347333672,0.5128156578377557,58.0,0.005871300119906664,0.0055714999325573444,0.005774300079792738,0.013487099902704358,0.013298599980771542,0.013540599960833788,0.0002087999600917101,0.00021239998750388622,0.0002609998919069767
adam_constant_lr0.003_s2,adam,constant,0.003,2,767,512,1,probe_loss,5.333160830552962,7.771031088414574,1.4571154584154637,False,493,0.006239200010895729,0.01492420001886785,0.00021530012600123882,0.08461136977679509,0.01936482293015949,0.9311255884672438,0.4906196065503568,56.0,0.0062243000138551,0.0066442000679671764,0.006239200010895729,0.01494779996573925,0.01492420001886785,0.014146400149911642,0.00021039997227489948,0.00025669997557997704,0.00021530012600123882
adam_constant_lr0.003_s2,adam,constant,0.003,2,895,512,1,probe_loss,5.0416273194695975,6.954506371186408,1.3794169879097795,False,493,0.00713829998858273,0.016042899806052446,0.0002250999677926302,0.06441757533595424,0.014218358549610436,0.8934274206424873,0.6676088369385184,76.0,0.00713829998858273,0.007368899881839752,0.006579100154340267,0.016546100145205855,0.016042899806052446,0.015652599977329373,0.00023030000738799572,0.00020610005594789982,0.0002250999677926302
adam_constant_lr0.003_s2,adam,constant,0.003,2,1023,512,1,probe_loss,5.734110199470073,7.576853864159377,1.321365233765407,False,493,0.007636500056833029,0.016952300211414695,0.00022160005755722523,0.050775317656129304,0.016902212388603306,0.9226847254342059,0.6378302527424536,58.0,0.007757799932733178,0.007636500056833029,0.006900000153109431,0.01804449991323054,0.016952300211414695,0.01621960010379553,0.00022160005755722523,0.0002180000301450491,0.0002280999906361103
adam_constant_lr0.003_s2,adam,constant,0.003,2,1151,512,1,probe_loss,5.210971160351894,7.378808508017536,1.4160140751036605,False,493,0.006901900051161647,0.016516400035470724,0.00022629997693002224,0.043235317815081754,0.015619265674175861,0.9227779620042039,0.6614634296741311,70.0,0.00688990019261837,0.006901900051161647,0.007200499996542931,0.01642830017954111,0.016516400035470724,0.017279500141739845,0.00022629997693002224,0.00022030016407370567,0.00023090001195669174
adam_constant_lr0.003_s2,adam,constant,0.003,2,1279,512,1,probe_loss,5.730125327987505,8.999299795826156,1.5705240776970628,False,493,0.00777829997241497,0.017707299906760454,0.00021580001339316368,0.03622620642650955,0.01554992338768736,0.9280857701248625,0.6357927841617022,66.0,0.0074860998429358006,0.007903099991381168,0.00777829997241497,0.017649600049480796,0.01829459983855486,0.017707299906760454,0.00021580001339316368,0.00020739994943141937,0.00023879995569586754
adam_constant_lr0.003_s2,adam,constant,0.003,2,1407,512,1,probe_loss,5.72290279231792,8.920721913487702,1.5587757187597773,False,493,0.007839799858629704,0.01910270005464554,0.00023680017329752445,0.031013328003911256,0.016405896144259826,0.9417061949631482,0.6109638059330096,59.0,0.007645699894055724,0.008033399935811758,0.007839799858629704,0.017961099976673722,0.01910270005464554,0.0194366998039186,0.00023680017329752445,0.0002586999908089638,0.00022449996322393417
adam_constant_lr0.003_s2,adam,constant,0.003,2,1535,512,1,probe_loss,6.231113414707256,8.729633992396716,1.4009749801363298,False,493,0.008244199911132455,0.019382499856874347,0.00023040012456476688,0.025553239474965975,0.014340889104211203,0.9366670539917712,0.6244646870120569,59.0,0.007962899981066585,0.009175099898129702,0.008244199911132455,0.019313199911266565,0.02096279989928007,0.019382499856874347,0.00023040012456476688,0.00023179990239441395,0.00022780010476708412
adam_constant_lr0.003_s2,adam,constant,0.003,2,1663,512,1,probe_loss,5.983751178463602,7.047316410303979,1.177742222248195,False,493,0.007787500042468309,0.018453099997714162,0.00020420015789568424,0.025031315787082828,0.01402484941574724,0.9351129620530212,0.6489389877521893,61.0,0.007795599987730384,0.007756500039249659,0.007787500042468309,0.018453099997714162,0.018513199873268604,0.01814529998227954,0.00020420015789568424,0.0002041999250650406,0.00023170001804828644
adam_constant_lr0.003_s2,adam,constant,0.003,2,1791,512,1,probe_loss,5.444410943250315,6.4382129397987145,1.1825361837868726,False,493,0.00843159994110465,0.01906089996919036,0.00022459984757006168,0.02708356215955975,0.013461457847883955,0.9406430670419723,0.6506400435809014,39.0,0.007662200136110187,0.00843159994110465,0.008512800093740225,0.01782990014180541,0.02064320002682507,0.01906089996919036,0.00022459984757006168,0.00024800002574920654,0.0002196000423282385
adam_constant_lr0.003_s2,adam,constant,0.003,2,1919,512,1,probe_loss,6.28521680770104,6.876427467033647,1.0940636858553898,False,493,0.008635399863123894,0.02012030011974275,0.00023500015959143639,0.022441029470522005,0.013258172479597015,0.9406089349103176,0.659476760202418,52.0,0.009211400058120489,0.008635399863123894,0.008143599843606353,0.021967200096696615,0.01994359982199967,0.02012030011974275,0.00025040004402399063,0.00023239990696310997,0.00023500015959143639
adam_constant_lr0.003_s2,adam,constant,0.003,2,2047,512,1,probe_loss,5.90405306283928,6.856935553904633,1.1613946353332925,False,493,0.009120799833908677,0.02069450030103326,0.00026860018260776997,0.02001545098514658,0.014675890512731908,0.9492996437892252,0.6374192754332475,42.0,0.009120799833908677,0.009160500019788742,0.008466299856081605,0.0204517999663949,0.02069450030103326,0.021957199787721038,0.00026860018260776997,0.0002730002161115408,0.00025569996796548367
adam_constant_lr0.003_s2,adam,constant,0.003,2,2175,512,1,probe_loss,6.053244964003427,8.30549910201085,1.372073846573335,False,493,0.008772999979555607,0.020350199891254306,0.0002267998643219471,0.018123172882864302,0.014884738284926046,0.9494776709156028,0.6247179070362462,50.0,0.010513199958950281,0.008540599839761853,0.008772999979555607,0.022525499807670712,0.01983659970574081,0.020350199891254306,0.00022689998149871826,0.00022499985061585903,0.0002267998643219471
adam_constant_lr0.003_s2,adam,constant,0.003,2,2303,512,1,probe_loss,5.839132857496105,8.052371395435145,1.3790354821431663,False,493,0.008939399849623442,0.02054969989694655,0.00022239983081817627,0.01690465839264752,0.015787257611549532,0.9561416766363446,0.6392735363961446,43.0,0.0086689000017941,0.009073200169950724,0.008939399849623442,0.019959499826654792,0.02054969989694655,0.02073019975796342,0.00022239983081817627,0.00022119982168078423,0.0002226999495178461
adam_constant_lr0.003_s2,adam,constant,0.003,2,2431,512,1,probe_loss,6.375626178862117,9.094285794605291,1.426414526114576,False,493,0.008810099912807345,0.020362399984151125,0.00022670021280646324,0.016887791810183697,0.015742404368039708,0.9600782066893576,0.6042063475448018,46.0,0.008810099912807345,0.00876629981212318,0.008980700047686696,0.020025900099426508,0.02054699999280274,0.020362399984151125,0.00022670021280646324,0.0002372001763433218,0.00021299999207258224
adam_constant_lr0.003_s2,adam,constant,0.003,2,2559,512,1,probe_loss,6.2417812794229794,7.405170676648219,1.1863874021123646,False,493,0.008819200098514557,0.020413200138136744,0.00024170009419322014,0.014613570403411567,0.014216609652100943,0.9592417297572832,0.6187749904566938,53.0,0.008711300091817975,0.009175400016829371,0.008819200098514557,0.020071899984031916,0.020613300148397684,0.020413200138136744,0.000260199885815382,0.00024170009419322014,0.00022869999520480633
adam_constant_lr0.003_s2,adam,constant,0.003,2,2687,512,1,probe_loss,5.242550575231554,7.38268562501807,1.4082240159775643,False,493,0.008359499974176288,0.019801999907940626,0.000224200077354908,0.02004797294405564,0.01566828881904825,0.9683980859658315,0.5971113930593129,38.0,0.00835899985395372,0.008359499974176288,0.008571899961680174,0.019801999907940626,0.019634600030258298,0.020441100001335144,0.000224200077354908,0.00021239998750388622,0.00023750006221234798
adam_constant_lr0.003_s2,adam,constant,0.003,2,2815,512,1,probe_loss,5.835226936651162,8.060293983778301,1.3813162832025356,False,493,0.00865270011126995,0.0197395000141114,0.00023649982176721096,0.0181998988991702,0.016391202575397182,0.9730716141081371,0.5691414011864427,44.0,0.00865270011126995,0.008662299951538444,0.008568800054490566,0.0197395000141114,0.01973159983754158,0.020048299804329872,0.0002756000030785799,0.00023649982176721096,0.0002221998292952776
adam_constant_lr0.003_s2,adam,constant,0.003,2,2943,512,1,probe_loss,5.51384279753037,7.99541214923446,1.450061679817128,False,493,0.007926100166514516,0.018666899763047695,0.00023019989021122456,0.020886633017510734,0.016454947904586584,0.9734743037889888,0.5592201281524589,42.0,0.007926100166514516,0.0077931999694556,0.007985299918800592,0.01880940026603639,0.018392999889329076,0.018666899763047695,0.0002327000256627798,0.0002266999799758196,0.00023019989021122456
adam_constant_lr0.003_s2,adam,constant,0.003,2,3071,512,1,probe_loss,5.16151597786447,8.366578070814311,1.620953631974594,False,493,0.008438300108537078,0.019551000092178583,0.00022639986127614975,0.018669977691837425,0.01642194348832057,0.9729541934995588,0.5806164777733541,40.0,0.008438300108537078,0.00857059983536601,0.008241100003942847,0.019551000092178583,0.01953269960358739,0.019896999932825565,0.00022749998606741428,0.00022639986127614975,0.00022080005146563053
adam_constant_lr0.003_s2,adam,constant,0.003,2,511,512,1,grad_norm,11.412046635449121,16.818725117214015,1.4737693995194678,False,493,0.009346300037577748,0.020742500200867653,0.00021370011381804943,0.3186066017149573,0.2801621339785936,0.2005684633260546,0.8761463830963785,215.0,0.009478699881583452,0.009346300037577748,0.00900670001283288,0.02107789972797036,0.020571900298818946,0.020742500200867653,0.0002093999646604061,0.00021370011381804943,0.00023450003936886787
adam_constant_lr0.003_s2,adam,constant,0.003,2,639,512,1,grad_norm,11.207651046400922,17.197415587368166,1.5344353171033744,False,493,0.010046999901533127,0.022693100152537227,0.00022740010172128677,0.30994652440281256,0.28597179311143683,0.1127403435201708,0.8952285408666439,224.0,0.010046999901533127,0.010025300085544586,0.010054999962449074,0.022269800072535872,0.022693100152537227,0.02284879982471466,0.00022740010172128677,0.0002389000728726387,0.00021229987032711506
adam_constant_lr0.003_s2,adam,constant,0.003,2,767,512,1,grad_norm,11.857844915626243,16.764831480229628,1.4138177383427377,False,493,0.009908100124448538,0.021906500216573477,0.0002296001184731722,0.2721452681046446,0.2694239612945654,0.09397097471576146,0.9117756191042463,229.0,0.009908100124448538,0.009732400067150593,0.009952699998393655,0.021878600120544434,0.021906500216573477,0.022149299969896674,0.00022629997693002224,0.0002359999343752861,0.0002296001184731722
adam_constant_lr0.003_s2,adam,constant,0.003,2,895,512,1,grad_norm,11.940889820947335,17.985589452221532,1.5062185249101174,False,493,0.009856499964371324,0.02280159993097186,0.00023250002413988113,0.22108313505842925,0.21958467070688428,0.1298558057739956,0.9188324275063073,234.0,0.009856499964371324,0.010700599988922477,0.009775300044566393,0.02280159993097186,0.0231348997913301,0.022618899820372462,0.00023250002413988113,0.0002354998141527176,0.00022619985975325108
adam_constant_lr0.003_s2,adam,constant,0.003,2,1023,512,1,grad_norm,11.652687259601603,18.60751805762078,1.5968435128376524,False,493,0.009903199970722198,0.022727300180122256,0.00023230002261698246,0.22431174228608228,0.22371845114316963,0.16019516178757087,0.903163725396447,221.0,0.009865300031378865,0.009903199970722198,0.010006599826738238,0.022727300180122256,0.022180500207468867,0.02282219985499978,0.00023230002261698246,0.00023250002413988113,0.0002266999799758196
adam_constant_lr0.003_s2,adam,constant,0.003,2,1151,512,1,grad_norm,12.002255107838206,19.68309788106352,1.639949968086352,False,493,0.010108100017532706,0.02295290003530681,0.00024079997092485428,0.19758364471648054,0.19756665468102547,0.22966152277514648,0.8969161856080992,219.0,0.00978760002180934,0.010543500073254108,0.010108100017532706,0.02269349992275238,0.02295290003530681,0.022986800177022815,0.00024079997092485428,0.0002491001505404711,0.00020970008336007595
adam_constant_lr0.003_s2,adam,constant,0.003,2,1279,512,1,grad_norm,12.094887311018635,19.004831970535772,1.5713112062831762,False,493,0.010177399963140488,0.022535000229254365,0.00021569989621639252,0.18348267850897915,0.18340606373706728,0.18429237778847007,0.8883086276383629,222.0,0.010177399963140488,0.01021890016272664,0.009947200072929263,0.022535000229254365,0.022660099901258945,0.022220599930733442,0.0002092001959681511,0.00021569989621639252,0.00021709990687668324
adam_constant_lr0.003_s2,adam,constant,0.003,2,1407,512,1,grad_norm,12.582301169417082,17.954848643274467,1.4269924397387705,False,493,0.010085200192406774,0.02227760013192892,0.0002055000513792038,0.18434886733590486,0.18138994167955086,0.19206903222561705,0.8916865616625363,220.0,0.010085200192406774,0.010208700085058808,0.009925799909979105,0.02227760013192892,0.023183099925518036,0.022008300060406327,0.00021469988860189915,0.0002055000513792038,0.00020290003158152103
adam_constant_lr0.003_s2,adam,constant,0.003,2,1535,512,1,grad_norm,12.614090846326736,18.350817038486674,1.4547871314745202,False,493,0.009987000143155456,0.022263200022280216,0.00020210002548992634,0.1610983483355221,0.15991431978049409,0.1624704149631221,0.9062259848902066,219.0,0.009908899897709489,0.010194699978455901,0.009987000143155456,0.021936499746516347,0.02305740024894476,0.022263200022280216,0.00019959989003837109,0.00020650005899369717,0.00020210002548992634
adam_constant_lr0.003_s2,adam,constant,0.003,2,1663,512,1,grad_norm,13.191437138528896,19.489998806364344,1.4774735005512722,False,493,0.010513599961996078,0.024029900087043643,0.00023690005764365196,0.14950411281883097,0.1476760697952648,0.08735028656881956,0.9215128627618716,235.0,0.010193599853664637,0.010513599961996078,0.010988099966198206,0.023582299705594778,0.024301999947056174,0.024029900087043643,0.00024580000899732113,0.00023530004546046257,0.00023690005764365196
adam_constant_lr0.003_s2,adam,constant,0.003,2,1791,512,1,grad_norm,13.162150085817645,19.82599477372743,1.5062884592913242,False,493,0.01114180008880794,0.02383409976027906,0.0002171001397073269,0.13704584189183022,0.13581384276338623,0.13613708636188632,0.9111426879192234,229.0,0.01116829994134605,0.010835499968379736,0.01114180008880794,0.023754100082442164,0.02383409976027906,0.025585199939087033,0.0002171001397073269,0.00019119982607662678,0.000246899900957942
adam_constant_lr0.003_s2,adam,constant,0.003,2,1919,512,1,grad_norm,12.789655963700058,18.71906372461163,1.4636096371740237,False,493,0.010398200014606118,0.022838500095531344,0.00020870007574558258,0.13375297192176713,0.13304847610512788,0.11564592585448616,0.9164837124332007,220.0,0.010398200014606118,0.01046180003322661,0.010216600028797984,0.022838500095531344,0.023000500164926052,0.022807500092312694,0.00020870007574558258,0.0001951002050191164,0.0002484000287950039
adam_constant_lr0.003_s2,adam,constant,0.003,2,2047,512,1,grad_norm,12.745891057072082,18.17169196902387,1.4256901998971088,False,493,0.010074299992993474,0.02253509988076985,0.00020050001330673695,0.12978778759306026,0.12769780745072215,0.14248299488866367,0.9190652044513772,214.0,0.010074299992993474,0.010314500192180276,0.010045399889349937,0.02253509988076985,0.02246460015885532,0.02297520008869469,0.00019379984587430954,0.000201700022444129,0.00020050001330673695
adam_constant_lr0.003_s2,adam,constant,0.003,2,2175,512,1,grad_norm,12.25738308548625,18.013782451657285,1.469627107680683,False,493,0.010229999898001552,0.022608699975535274,0.00022369995713233948,0.1295012333047728,0.12819838827945942,0.17158287948468484,0.9171985124874732,212.0,0.010229999898001552,0.010179300094023347,0.01035840017721057,0.022482699947431684,0.022608699975535274,0.022981700021773577,0.00020499993115663528,0.00023999996483325958,0.00022369995713233948
adam_constant_lr0.003_s2,adam,constant,0.003,2,2303,512,1,grad_norm,12.126219467475483,18.266729130792996,1.506382857393219,False,493,0.010228500002995133,0.022624700097367167,0.00021569989621639252,0.12434363339189815,0.12348276440382752,0.16831034539886733,0.9196634187835624,223.0,0.010623399866744876,0.01005430007353425,0.010228500002995133,0.0246327999047935,0.02238089987076819,0.022624700097367167,0.00022579985670745373,0.00021569989621639252,0.00019480008631944656
adam_constant_lr0.003_s2,adam,constant,0.003,2,2431,512,1,grad_norm,13.088196153889214,19.473810070181454,1.4878910616261452,False,493,0.0102292001247406,0.02347450004890561,0.00020990008488297462,0.1157837474054928,0.11578354582144049,0.09437967170931397,0.9079929686783134,234.0,0.0102292001247406,0.010782700031995773,0.010118700098246336,0.02330700005404651,0.024404900148510933,0.02347450004890561,0.00020990008488297462,0.00019580009393393993,0.00021500000730156898
adam_constant_lr0.003_s2,adam,constant,0.003,2,2559,512,1,grad_norm,13.093841401325571,19.580534965688752,1.4954003462808472,False,493,0.010216000024229288,0.022611199878156185,0.00019349996000528336,0.11291851972160791,0.11110608304651662,0.1008680895745778,0.9024520685480363,238.0,0.010216000024229288,0.009984200121834874,0.010644299909472466,0.022611199878156185,0.022274400107562542,0.023995099822059274,0.0001871997956186533,0.00019349996000528336,0.00021069985814392567
adam_constant_lr0.003_s2,adam,constant,0.003,2,2687,512,1,grad_norm,12.473336154461132,18.728678036841536,1.5014970978829236,False,493,0.009861300000920892,0.022268099943175912,0.000193500192835927,0.11157037889918857,0.11125687501719116,0.1401498613246332,0.9174026156166261,238.0,0.009806799935176969,0.009861300000920892,0.009902900084853172,0.022268099943175912,0.02217130013741553,0.022465000161901116,0.00020950008183717728,0.000193500192835927,0.00018800003454089165
adam_constant_lr0.003_s2,adam,constant,0.003,2,2815,512,1,grad_norm,12.326552945112782,19.81924895373775,1.6078500649766536,False,493,0.010039800079539418,0.02228360017761588,0.00022350018844008446,0.11162623445340726,0.11046582359244499,0.1480331583033626,0.9150910656711274,231.0,0.009796500205993652,0.010039800079539418,0.010063600027933717,0.02223020000383258,0.02261089999228716,0.02228360017761588,0.0001984999980777502,0.00022639986127614975,0.00022350018844008446
adam_constant_lr0.003_s2,adam,constant,0.003,2,2943,512,1,grad_norm,12.837679780595295,20.30432573106267,1.5816195822046855,False,493,0.009837300051003695,0.022084000054746866,0.00020619994029402733,0.10119843609966772,0.09983816184458698,0.17161704900417285,0.9140574544437801,233.0,0.009752399986609817,0.010121900122612715,0.009837300051003695,0.021897500148043036,0.02268060017377138,0.022084000054746866,0.0001976999919861555,0.00023450003936886787,0.00020619994029402733
adam_constant_lr0.003_s2,adam,constant,0.003,2,3071,512,1,grad_norm,12.94995604518129,19.95572330582758,1.5409877250705535,False,493,0.010096200043335557,0.022594499867409468,0.000201700022444129,0.10704518911782973,0.10559802025754332,0.10913236728992484,0.9095810566625537,242.0,0.010287299985066056,0.01002429984509945,0.010096200043335557,0.022594499867409468,0.022742699831724167,0.022475000005215406,0.000201700022444129,0.0002172000240534544,0.0001892000436782837
adam_constant_lr0.003_s2,adam,constant,0.003,2,255,256,1,train_loss,9.880343541468708,11.649641276404061,1.1790724915089692,False,237,0.002848000032827258,0.006178600015118718,0.00018129986710846424,0.2695910545533637,0.1869005965146104,0.9399402017437732,0.5714758041189887,34.0,,,,,,,,,
adam_constant_lr0.003_s2,adam,constant,0.003,2,383,256,1,train_loss,9.920695134353801,13.413971642777017,1.3521201348408087,False,237,0.002916899975389242,0.006221899995580316,0.0001729999203234911,0.08244330274207137,0.04237108878048227,-0.02932359451780652,0.9303025041054387,135.0,,,,,,,,,
adam_constant_lr0.003_s2,adam,constant,0.003,2,511,256,1,train_loss,10.23213429152096,12.323261912528107,1.2043686645844744,False,237,0.0031296999659389257,0.00676489993929863,0.0001868999097496271,0.07598540540311896,0.042638572580838585,-0.016936397228612836,0.9176933197558831,127.0,,,,,,,,,
adam_constant_lr0.003_s2,adam,constant,0.003,2,639,256,1,train_loss,9.494232551369628,12.249684247689611,1.2902237417728393,False,237,0.0030803000554442406,0.006810300052165985,0.0001921001821756363,0.0677361704778086,0.04494998808665908,0.10071232164126566,0.9102744512885381,116.0,,,,,,,,,
adam_constant_lr0.003_s2,adam,constant,0.003,2,767,256,1,train_loss,10.868915759536804,14.282160076131582,1.314037240890368,False,237,0.0032001000363379717,0.006837600143626332,0.00018170010298490524,0.05441497051414052,0.04409002341397077,-0.007283856006474948,0.9149823310720735,124.0,,,,,,,,,
adam_constant_lr0.003_s2,adam,constant,0.003,2,895,256,1,train_loss,9.648885676046035,12.711527522618885,1.3174088645465094,False,237,0.0030127998907119036,0.0064784998539835215,0.0001642000861465931,0.06144167290216259,0.04710144934263713,-0.08227255757518218,0.9029881888418785,125.0,,,,,,,,,
adam_constant_lr0.003_s2,adam,constant,0.003,2,1023,256,1,train_loss,11.762202415250057,16.03663356172423,1.36340397789212,False,237,0.003323500044643879,0.0069563002325594425,0.00018780003301799297,0.05883498051837678,0.05306232676693969,-0.07346893127173842,0.9151326090713143,130.0,,,,,,,,,
adam_constant_lr0.003_s2,adam,constant,0.003,2,1151,256,1,train_loss,11.78453203793712,17.81758015826829,1.5119463463554936,False,237,0.003213499905541539,0.006858199834823608,0.00017669983208179474,0.061556995553666484,0.05532455409224801,-0.14429375252131954,0.8975722716761007,142.0,,,,,,,,,
adam_constant_lr0.003_s2,adam,constant,0.003,2,1279,256,1,train_loss,11.56457377824565,17.447524385393894,1.5087044901053577,False,237,0.0031783999875187874,0.006934799952432513,0.0001721000298857689,0.05883910887172858,0.05583155808074903,-0.052310352298837445,0.9036828100010202,134.0,,,,,,,,,
adam_constant_lr0.003_s2,adam,constant,0.003,2,1407,256,1,train_loss,11.527889852351462,17.808261015023692,1.5447979849834494,False,237,0.0033056000247597694,0.00703719980083406,0.000161399831995368,0.05658845470479482,0.05525034486310985,0.08299610848361677,0.9132163186676296,128.0,,,,,,,,,
adam_constant_lr0.003_s2,adam,constant,0.003,2,1535,256,1,train_loss,11.640393510802209,19.807727111834826,1.7016372421991905,False,237,0.0032188999466598034,0.006902199937030673,0.00018019997514784336,0.05675374698083204,0.05463865082515941,0.04127616397719075,0.9098298363969719,129.0,,,,,,,,,
adam_constant_lr0.003_s2,adam,constant,0.003,2,1663,256,1,train_loss,11.78884297730865,16.727466897380094,1.4189235474233886,False,237,0.003362799994647503,0.007146099815145135,0.00016719987615942955,0.061218653269866745,0.05967452140859601,-0.0639378181030981,0.8933772883847909,134.0,,,,,,,,,
adam_constant_lr0.003_s2,adam,constant,0.003,2,1791,256,1,train_loss,12.168309278004326,17.04510103564254,1.4007780905481748,False,237,0.0033215999137610197,0.007051499793305993,0.0001659998670220375,0.060935583652470156,0.06016098830691882,-0.08529852257706412,0.9143819463730897,125.0,,,,,,,,,
adam_constant_lr0.003_s2,adam,constant,0.003,2,1919,256,1,train_loss,12.537944430588613,17.973156927405558,1.433501083603206,False,237,0.003413100028410554,0.007129000034183264,0.0001781000755727291,0.05661545656593422,0.055737307497899014,-0.05157039506534255,0.9166323308983503,130.0,,,,,,,,,
adam_constant_lr0.003_s2,adam,constant,0.003,2,2047,256,1,train_loss,13.083088825851933,18.7905106381139,1.436244214820602,False,237,0.003202799940481782,0.006904799956828356,0.00016369996592402458,0.06114523594956487,0.05963386103246421,-0.030514908465569673,0.9140259501973612,140.0,,,,,,,,,
adam_constant_lr0.003_s2,adam,constant,0.003,2,2175,256,1,train_loss,12.006493197894137,18.750577577893026,1.5617030942208636,False,237,0.0032840000931173563,0.007206600159406662,0.00019990000873804092,0.06021693242063841,0.06002747301336985,-0.02448227050318165,0.9199701998046723,126.0,,,,,,,,,
adam_constant_lr0.003_s2,adam,constant,0.003,2,2303,256,1,train_loss,12.486780235243272,18.465688680014885,1.4788190656144058,False,237,0.003233900060877204,0.006986399879679084,0.00020829983986914158,0.05923440273815527,0.057897793795501126,-0.07424909251621983,0.9089306853166508,149.0,,,,,,,,,
adam_constant_lr0.003_s2,adam,constant,0.003,2,2431,256,1,train_loss,12.486596593276646,18.274365445440303,1.4635185263597013,False,237,0.003300099866464734,0.007072199834510684,0.00017250003293156624,0.05899988302593861,0.058661845038247847,-0.08912958503055082,0.9319657245712023,149.0,,,,,,,,,
adam_constant_lr0.003_s2,adam,constant,0.003,2,2559,256,1,train_loss,13.11010973208181,19.552625661712113,1.4914158661742392,False,237,0.0034169000573456287,0.007087100064381957,0.00016589998267591,0.060021203381674604,0.058046440905131724,-0.05405309885983169,0.9102473631780984,138.0,,,,,,,,,
adam_constant_lr0.003_s2,adam,constant,0.003,2,2687,256,1,train_loss,11.919376716824,17.41200284128693,1.4608148777368686,False,237,0.0032852001022547483,0.006966800196096301,0.00017400016076862812,0.0582924040017293,0.05819471156283132,0.017844875368475212,0.9157995063605678,124.0,,,,,,,,,
adam_constant_lr0.003_s2,adam,constant,0.003,2,2815,256,1,train_loss,11.48677545260385,15.896652240820389,1.3839090270731198,False,237,0.003341000061482191,0.007164400070905685,0.00019860011525452137,0.056869400429326616,0.05651141740684924,-0.008756695486420484,0.920214549852387,128.0,,,,,,,,,
adam_constant_lr0.003_s2,adam,constant,0.003,2,2943,256,1,train_loss,12.638714927097094,19.222343236792963,1.5209096294735418,False,237,0.003322599921375513,0.007138799875974655,0.00017399992793798447,0.06001978133746778,0.05951252553768392,-0.10365553119413393,0.9175504198678841,132.0,,,,,,,,,
adam_constant_lr0.003_s2,adam,constant,0.003,2,3071,256,1,train_loss,11.879979200999157,17.2713229832728,1.4538176112143535,False,237,0.00331760011613369,0.007164100185036659,0.00017630006186664104,0.05858997852564541,0.0584723943901202,-0.18305700004571665,0.8987820764963986,140.0,,,,,,,,,
adam_constant_lr0.003_s2,adam,constant,0.003,2,255,256,1,probe_loss,6.2797697776695935,6.383862645244627,1.0165759050507202,False,237,0.002373900031670928,0.005380399990826845,0.0001626999583095312,0.2610592724828059,0.18081708941515698,0.9964206397222213,0.5455977957555649,4.0,,,,,,,,,
adam_constant_lr0.003_s2,adam,constant,0.003,2,383,256,1,probe_loss,6.26314886333011,8.14956555946368,1.3011930160527214,False,237,0.0024389999452978373,0.005420899949967861,0.0001512998715043068,0.0647982809522052,0.014097571999632724,0.7969957059284111,0.7316850695752871,50.0,,,,,,,,,
adam_constant_lr0.003_s2,adam,constant,0.003,2,511,256,1,probe_loss,5.892271757823975,7.346523791707844,1.2468066806241342,False,237,0.002320399973541498,0.005716700106859207,0.00019649998284876347,0.05756929865690407,0.013812462085034938,0.854532691967656,0.67917783126398,40.0,,,,,,,,,
adam_constant_lr0.003_s2,adam,constant,0.003,2,639,256,1,probe_loss,4.587005746266702,6.316448244653957,1.3770308113947367,False,237,0.0027089000213891268,0.0059141002129763365,0.0001813999842852354,0.03959178609388089,0.011485034920381018,0.8365977566841498,0.7138934772701319,40.0,,,,,,,,,
adam_constant_lr0.003_s2,adam,constant,0.003,2,767,256,1,probe_loss,6.637132097776729,8.60649570985913,1.2967190622501077,False,237,0.0027256000321358442,0.006073000142350793,0.00019110017456114292,0.03264053089409824,0.014221459294149993,0.8833649904159673,0.6808156432120878,32.0,,,,,,,,,
adam_constant_lr0.003_s2,adam,constant,0.003,2,895,256,1,probe_loss,5.204714367385713,6.628147977560493,1.2734892848480674,False,237,0.0029664000030606985,0.006399800069630146,0.00020050001330673695,0.03103199922753632,0.014602523106885243,0.9003216686502262,0.6427126394824393,36.0,,,,,,,,,
adam_constant_lr0.003_s2,adam,constant,0.003,2,1023,256,1,probe_loss,5.260017669752297,8.107786407396766,1.5413990819879841,False,237,0.0030342000536620617,0.006596500054001808,0.00016199983656406403,0.022447671478420667,0.016298552045156275,0.9230788944870938,0.6035588699448707,32.0,,,,,,,,,
adam_constant_lr0.003_s2,adam,constant,0.003,2,1151,256,1,probe_loss,5.002842114567128,7.142594737469822,1.4277074058907888,False,237,0.002821400063112378,0.006802700227126479,0.00021159998141229153,0.025477716730963242,0.01453519130589541,0.9224539652236566,0.6274566937053917,35.0,,,,,,,,,
adam_constant_lr0.003_s2,adam,constant,0.003,2,1279,256,1,probe_loss,5.987650417453975,9.860546260621552,1.6468139542479139,False,237,0.0032774000428617,0.007047699764370918,0.00020929984748363495,0.01859326804454456,0.013996212889286994,0.9265683345740336,0.5868238408416602,36.0,,,,,,,,,
adam_constant_lr0.003_s2,adam,constant,0.003,2,1407,256,1,probe_loss,5.4874025413603515,7.882079479565246,1.4363953473716262,False,237,0.003108999924734235,0.006749799940735102,0.00019699987024068832,0.015779398314373718,0.014632005495632087,0.9297767297785704,0.5857893173224932,30.0,,,,,,,,,
adam_constant_lr0.003_s2,adam,constant,0.003,2,1535,256,1,probe_loss,4.961488419651622,6.447797914997178,1.2995692763200926,False,237,0.0033033001236617565,0.006705499952659011,0.00016830000095069408,0.019395034423167885,0.014246195576035276,0.9429296615985084,0.6044786986673093,21.0,,,,,,,,,
adam_constant_lr0.003_s2,adam,constant,0.003,2,1663,256,1,probe_loss,6.284227196331762,7.558757402549853,1.2028141514301172,False,237,0.0029857999179512262,0.006424800027161837,0.00016620010137557983,0.015339047683607969,0.012343730458440219,0.9314121191896957,0.5953914433235858,30.0,,,,,,,,,
adam_constant_lr0.003_s2,adam,constant,0.003,2,1791,256,1,probe_loss,5.789618546469283,6.836011231267695,1.1807360323309277,False,237,0.0028988998383283615,0.0064346997532993555,0.0001659998670220375,0.016742899554361233,0.012528591920493817,0.9376372827365328,0.6077165566384087,22.0,,,,,,,,,
adam_constant_lr0.003_s2,adam,constant,0.003,2,1919,256,1,probe_loss,5.833557659906636,6.47752988601905,1.1103909935678462,False,237,0.0030807999428361654,0.006676000077277422,0.0001789000816643238,0.013533068156506248,0.012964499960238393,0.9384003510208435,0.6346221159735489,30.0,,,,,,,,,
adam_constant_lr0.003_s2,adam,constant,0.003,2,2047,256,1,probe_loss,5.056095989420312,5.923128655420625,1.1714826355778343,False,237,0.0030272998847067356,0.006486599799245596,0.00016320007853209972,0.01618260385594038,0.015703023944402015,0.9532038096804455,0.5585950137303779,22.0,,,,,,,,,
adam_constant_lr0.003_s2,adam,constant,0.003,2,2175,256,1,probe_loss,5.468521723420677,10.060788665833016,1.8397638657526951,False,237,0.0029980000108480453,0.0064893001690506935,0.00017390004359185696,0.01719817798660184,0.016515881540458008,0.9558558545619738,0.5831927743215729,18.0,,,,,,,,,
adam_constant_lr0.003_s2,adam,constant,0.003,2,2303,256,1,probe_loss,4.6586706926524455,6.758548783760943,1.4507461955661256,False,237,0.0031194998882710934,0.006801599869504571,0.00016870000399649143,0.014588837498519672,0.014075134258848711,0.9476955882544593,0.6217672919219009,25.0,,,,,,,,,
adam_constant_lr0.003_s2,adam,constant,0.003,2,2431,256,1,probe_loss,5.055574095640616,9.955569365409842,1.9692262791666835,False,237,0.003181200008839369,0.006918799830600619,0.00018189987167716026,0.01572330578362441,0.014159059583342959,0.9612527622819562,0.5147714195427685,26.0,,,,,,,,,
adam_constant_lr0.003_s2,adam,constant,0.003,2,2559,256,1,probe_loss,6.500133656672144,7.199115726467363,1.1075334918810076,False,237,0.0031070997938513756,0.006652699783444405,0.00016069994308054447,0.012598989947364692,0.012567765731012912,0.9609470843069126,0.5778193864526295,32.0,,,,,,,,,
adam_constant_lr0.003_s2,adam,constant,0.003,2,2687,256,1,probe_loss,4.72564058713127,8.816317434379888,1.8656343561946358,False,237,0.002802700037136674,0.006223100237548351,0.00015940004959702492,0.020116633052839717,0.01535370603983555,0.9669095326607259,0.5839616959798665,22.0,,,,,,,,,
adam_constant_lr0.003_s2,adam,constant,0.003,2,2815,256,1,probe_loss,4.670629437885857,7.278206342795616,1.5582923971142675,False,237,0.0031087000388652086,0.006579800276085734,0.00016940012574195862,0.017168962343476587,0.01692511698725554,0.9708261999753254,0.5483245438935995,18.0,,,,,,,,,
adam_constant_lr0.003_s2,adam,constant,0.003,2,2943,256,1,probe_loss,5.018319918642675,8.241714657392334,1.6423254776513938,False,237,0.0028502000495791435,0.00624629994854331,0.0001604000572115183,0.018537120482490815,0.01480087089816141,0.9695685092783961,0.535536342494003,22.0,,,,,,,,,
adam_constant_lr0.003_s2,adam,constant,0.003,2,3071,256,1,probe_loss,5.21447977695819,8.100219010753202,1.5534088456046091,False,237,0.0030000999104231596,0.006600799970328808,0.0001750001683831215,0.013844000362910062,0.013546483568159828,0.9661056208617548,0.5405602829765251,23.0,,,,,,,,,
adam_constant_lr0.003_s2,adam,constant,0.003,2,255,256,1,grad_norm,10.56102558375739,15.85333432494395,1.5011169321780649,False,237,0.003160000080242753,0.006821799790486693,0.00016879988834261894,0.25963585589879995,0.2551211112864782,0.28693290468407523,0.807671707381765,91.0,,,,,,,,,
adam_constant_lr0.003_s2,adam,constant,0.003,2,383,256,1,grad_norm,8.584676809604613,13.554800411784703,1.5789529078857658,False,237,0.0032113001216202974,0.006851800251752138,0.00016289995983242989,0.3473791073404019,0.3132863481391725,0.047202489175303286,0.9013906417101001,116.0,,,,,,,,,
adam_constant_lr0.003_s2,adam,constant,0.003,2,511,256,1,grad_norm,11.722120699088709,18.216376342268333,1.5540171279489123,False,237,0.0033706999383866787,0.007027900079265237,0.00016569998115301132,0.2866637482399108,0.28656457763755794,0.05880414190062441,0.9214320139652333,120.0,,,,,,,,,
adam_constant_lr0.003_s2,adam,constant,0.003,2,639,256,1,grad_norm,11.086436108814116,15.48587492695017,1.3968307556148132,False,237,0.0032289999071508646,0.00690419995225966,0.00017699995078146458,0.24090522082496274,0.23681416714634232,0.07033429092027978,0.8847031435930843,123.0,,,,,,,,,
adam_constant_lr0.003_s2,adam,constant,0.003,2,767,256,1,grad_norm,9.53599193613086,11.868815449765018,1.2446335451265786,False,237,0.0032773998100310564,0.007067799801006913,0.00017429981380701065,0.2504081728138566,0.2494793376092386,0.12954687307338103,0.8949212072242152,108.0,,,,,,,,,
adam_constant_lr0.003_s2,adam,constant,0.003,2,895,256,1,grad_norm,11.131853942639621,15.975872714510563,1.4351493288387787,False,237,0.003315800102427602,0.007053900044411421,0.00016940012574195862,0.19699531640095133,0.19638965044205228,0.1784178346990361,0.8936876017327453,110.0,,,,,,,,,
adam_constant_lr0.003_s2,adam,constant,0.003,2,1023,256,1,grad_norm,11.44587491364779,17.566972784733355,1.5347863677757752,False,237,0.0032810999546200037,0.007199499988928437,0.00018580001778900623,0.19456971035776166,0.1931828683765246,0.19729110125109525,0.8748024568074596,107.0,,,,,,,,,
adam_constant_lr0.003_s2,adam,constant,0.003,2,1151,256,1,grad_norm,11.681308211969226,18.14356622560368,1.5532135524866058,False,237,0.0031774002127349377,0.006848500343039632,0.00016410020180046558,0.1969202811615508,0.19063288071237022,0.21758637410073198,0.8801431935239915,107.0,,,,,,,,,
adam_constant_lr0.003_s2,adam,constant,0.003,2,1279,256,1,grad_norm,11.686485050315627,16.837695227937264,1.4407835337523076,False,237,0.0032136000227183104,0.006771800108253956,0.0001610000617802143,0.1710996526985177,0.17081795330832444,0.14492828601706587,0.8786890211737578,113.0,,,,,,,,,
adam_constant_lr0.003_s2,adam,constant,0.003,2,1407,256,1,grad_norm,12.37985113616424,17.246749625552198,1.393130614888469,False,237,0.003294500056654215,0.007124800002202392,0.00019950000569224358,0.16832291000814556,0.16799879361557502,0.12410720619071898,0.9005910128759245,115.0,,,,,,,,,
adam_constant_lr0.003_s2,adam,constant,0.003,2,1535,256,1,grad_norm,10.858835692195125,16.900043971994265,1.5563403343639601,False,237,0.003334099892526865,0.007224800065159798,0.00018360000103712082,0.14874916826657927,0.14816400906838584,0.18522777201413998,0.911765705065054,110.0,,,,,,,,,
adam_constant_lr0.003_s2,adam,constant,0.003,2,1663,256,1,grad_norm,12.139837362271772,18.463522261017697,1.5209035928602055,False,237,0.003486800007522106,0.007695500273257494,0.00019330019131302834,0.12485020972444441,0.12403334187026191,0.01952604792921601,0.9030755740072329,119.0,,,,,,,,,
adam_constant_lr0.003_s2,adam,constant,0.003,2,1791,256,1,grad_norm,12.136287595098025,18.024169728912092,1.4851468859548322,False,237,0.003254299983382225,0.0069906001444906,0.00016950001008808613,0.12264706934863015,0.12210619545233542,0.06713703968244047,0.9223975531015464,116.0,,,,,,,,,
adam_constant_lr0.003_s2,adam,constant,0.003,2,1919,256,1,grad_norm,10.367726339696752,13.63842081408471,1.3154688277086242,False,237,0.0032339999452233315,0.007171799894422293,0.000179799972102046,0.14166435505780242,0.14103143632328938,0.18820608300681596,0.9106304718088808,104.0,,,,,,,,,
adam_constant_lr0.003_s2,adam,constant,0.003,2,2047,256,1,grad_norm,11.239579736837795,14.94957936630782,1.3300834832205048,False,237,0.0032505998387932777,0.006960999686270952,0.00019269995391368866,0.13438778237485047,0.13258785878612495,0.19865186279937985,0.8969798292981003,98.0,,,,,,,,,
adam_constant_lr0.003_s2,adam,constant,0.003,2,2175,256,1,grad_norm,11.671491583393907,18.213919238236365,1.5605476907639606,False,237,0.0033803998958319426,0.007208900060504675,0.0002100002020597458,0.11199121074694207,0.11100957988871953,0.09874869536319147,0.9126982067820715,109.0,,,,,,,,,
adam_constant_lr0.003_s2,adam,constant,0.003,2,2303,256,1,grad_norm,11.258450238835678,16.930928513350416,1.5038418391678545,False,237,0.003456100123003125,0.007201500236988068,0.00016580009832978249,0.11277477901284214,0.11255328956592052,0.11084609631370475,0.9045280113755578,120.0,,,,,,,,,
adam_constant_lr0.003_s2,adam,constant,0.003,2,2431,256,1,grad_norm,11.399720383499425,14.83183889781967,1.3010704121557297,False,237,0.00320459995418787,0.006901300046592951,0.00018450012430548668,0.11916524743170408,0.11898949308116188,0.06601370501647655,0.8812626896532567,128.0,,,,,,,,,
adam_constant_lr0.003_s2,adam,constant,0.003,2,2559,256,1,grad_norm,11.604256803784677,17.568731294005214,1.5139902185097498,False,237,0.003322599921375513,0.00721509987488389,0.0001898000482469797,0.11088170260087103,0.10916966564312264,0.08972727769566473,0.8851091908558619,115.0,,,,,,,,,
adam_constant_lr0.003_s2,adam,constant,0.003,2,2687,256,1,grad_norm,12.022726490982983,20.229514037110988,1.6826061918885935,False,237,0.0032957999501377344,0.007031399989500642,0.00018360000103712082,0.10054055694471484,0.09864091871586246,0.17254743195710912,0.8945907468812794,108.0,,,,,,,,,
adam_constant_lr0.003_s2,adam,constant,0.003,2,2815,256,1,grad_norm,11.232359515632739,17.279997974975,1.538412116432474,False,237,0.0032281000167131424,0.007056500064209104,0.00019420008175075054,0.1115888922474907,0.11088725786136944,0.1911934740394237,0.8996009475781878,118.0,,,,,,,,,
adam_constant_lr0.003_s2,adam,constant,0.003,2,2943,256,1,grad_norm,11.97171255646428,17.66802156919719,1.4758140479790518,False,237,0.0032118000090122223,0.006789299892261624,0.00017829984426498413,0.09782788415241334,0.0964833905035023,0.0872871887374745,0.8985300110732867,121.0,,,,,,,,,
adam_constant_lr0.003_s2,adam,constant,0.003,2,3071,256,1,grad_norm,11.63435845622195,16.88768820668799,1.4515358341616686,False,237,0.003239799989387393,0.007008200045675039,0.0001680999994277954,0.09887978464082155,0.09866081318412731,-0.020007237690255274,0.8884595478576431,129.0,,,,,,,,,
adam_constant_lr0.003_s2,adam,constant,0.003,2,1023,1024,1,train_loss,11.085818077433231,14.557783035626985,1.3131897830130763,False,1005,0.020986299961805344,0.05037650000303984,0.00026950007304549217,0.2724171678037009,0.13516536098971144,0.8721039699697343,0.6449813464535887,238.0,,,,,,,,,
adam_constant_lr0.003_s2,adam,constant,0.003,2,1151,1024,1,train_loss,11.20234597914705,15.009497352760276,1.3398530433446854,False,1005,0.022182500222697854,0.053360499907284975,0.000250999815762043,0.1813743525237111,0.05906571010614923,0.317143453261878,0.7314225973060624,399.0,,,,,,,,,
adam_constant_lr0.003_s2,adam,constant,0.003,2,1279,1024,1,train_loss,11.57177428851632,15.643117734131815,1.3518339836316928,False,1005,0.023893800098448992,0.05728349997662008,0.000246899900957942,0.15209120933215298,0.05661170844248001,0.21032312456093857,0.8149391792263669,444.0,,,,,,,,,
adam_constant_lr0.003_s2,adam,constant,0.003,2,1407,1024,1,train_loss,11.753636069733615,16.45191685633897,1.39972998642554,False,1005,0.025942299980670214,0.06032049981877208,0.00024069985374808311,0.12760055133563292,0.05552161984026997,0.14426885411916646,0.8693434944773046,458.0,,,,,,,,,
adam_constant_lr0.003_s2,adam,constant,0.003,2,1535,1024,1,train_loss,12.208115145534322,17.749404707140137,1.4539021376803443,False,1005,0.026554999873042107,0.06448730011470616,0.0002576000988483429,0.11077966906728307,0.054832457491859776,0.07689405561110671,0.8942973820887453,474.0,,,,,,,,,
adam_constant_lr0.003_s2,adam,constant,0.003,2,1663,1024,1,train_loss,12.216555303102759,17.14683331347003,1.4035735023534073,False,1005,0.028424000134691596,0.06746480008587241,0.0002482000272721052,0.10123292415208691,0.05671841410165311,0.026058983826245607,0.9135641734717022,500.0,,,,,,,,,
adam_constant_lr0.003_s2,adam,constant,0.003,2,1791,1024,1,train_loss,12.833800300958341,18.611718378261052,1.4502110007798124,False,1005,0.028919999953359365,0.06846809992566705,0.0002577998675405979,0.09067151816937735,0.056907278084641875,-0.0105361308740031,0.9300285979328473,510.0,,,,,,,,,
adam_constant_lr0.003_s2,adam,constant,0.003,2,1919,1024,1,train_loss,13.186834081514178,19.510388474939163,1.4795354483370342,False,1005,0.03042780002579093,0.07055939990095794,0.0002540999557822943,0.0839610036993749,0.0573937453208879,-0.01567294839067039,0.9314360010872745,519.0,,,,,,,,,
adam_constant_lr0.003_s2,adam,constant,0.003,2,2047,1024,1,train_loss,13.561846453746911,20.414865037208862,1.505316042829004,False,1005,0.03161989990621805,0.07238069968298078,0.00024189986288547516,0.07882094403909186,0.057966629837795054,-0.021081780101931933,0.932148783111613,524.0,,,,,,,,,
adam_constant_lr0.003_s2,adam,constant,0.003,2,2175,1024,1,train_loss,13.345981678460118,20.562443437612902,1.5407216893456301,False,1005,0.031462599989026785,0.07136219996027648,0.00025289994664490223,0.07451874836238002,0.05813698912915304,-0.001199480271686639,0.925780361997832,501.0,,,,,,,,,
adam_constant_lr0.003_s2,adam,constant,0.003,2,2303,1024,1,train_loss,13.58404703049156,20.666570159924117,1.5213853510323325,False,1005,0.030358599964529276,0.07126090000383556,0.00025839987210929394,0.07220857210775289,0.05855831806345774,-0.024609891116255386,0.9303048010992419,529.0,,,,,,,,,
adam_constant_lr0.003_s2,adam,constant,0.003,2,2431,1024,1,train_loss,13.79337588009845,20.817463135559716,1.5092362679390081,False,1005,0.030816599959507585,0.07179930014535785,0.0002457001246511936,0.06871447713374126,0.058745296855496745,-0.049839716682491,0.9294030856297892,549.0,,,,,,,,,
adam_constant_lr0.003_s2,adam,constant,0.003,2,2559,1024,1,train_loss,14.222250525267556,21.377044524935247,1.50307045196232,False,1005,0.032457200111821294,0.07253739982843399,0.0002408998552709818,0.0681950587010492,0.059162117442775046,-0.05212295937931572,0.92990426674621,540.0,,,,,,,,,
adam_constant_lr0.003_s2,adam,constant,0.003,2,2687,1024,1,train_loss,14.028403619203507,20.823417837255494,1.48437544302976,False,1005,0.030872099800035357,0.07094319956377149,0.0002400998491793871,0.06665430973355116,0.0582883111801963,-0.032768675254175234,0.9277291144376645,544.0,,,,,,,,,
adam_constant_lr0.003_s2,adam,constant,0.003,2,2815,1024,1,train_loss,14.3447938333104,20.78881380763163,1.4492236032948353,False,1005,0.030576700111851096,0.07104059983976185,0.00025679985992610455,0.06549957513015879,0.05834233947747905,-0.030393904119369246,0.9343756756462251,539.0,,,,,,,,,
adam_constant_lr0.003_s2,adam,constant,0.003,2,2943,1024,1,train_loss,14.604013960505728,21.122645147440863,1.446358871236617,False,1005,0.03138970001600683,0.07117039989680052,0.0002516999375075102,0.0649283499378401,0.05930259780304538,-0.04312870623655105,0.9304685165171257,537.0,,,,,,,,,
adam_constant_lr0.003_s2,adam,constant,0.003,2,3071,1024,1,train_loss,14.345070556515257,21.181997063621925,1.4766045925094085,False,1005,0.031782699981704354,0.0728672998957336,0.00024960003793239594,0.06319672313641095,0.05810332523004669,-0.06540338056571364,0.9289250663026662,546.0,,,,,,,,,
adam_constant_lr0.003_s2,adam,constant,0.003,2,1023,1024,1,probe_loss,5.7101373687452375,7.758400072014254,1.358706379723945,False,1005,0.014445099979639053,0.03529909998178482,0.0002552000805735588,0.2402076303549064,0.12833764317092566,0.9970983054782786,0.5748473451017345,30.0,,,,,,,,,
adam_constant_lr0.003_s2,adam,constant,0.003,2,1151,1024,1,probe_loss,5.458476498662206,7.746573132367154,1.41918228177143,False,1005,0.014910399913787842,0.03568589990027249,0.00022549997083842754,0.1431540721822639,0.0376724261291812,0.9823572146573858,0.2206071686360186,34.0,,,,,,,,,
adam_constant_lr0.003_s2,adam,constant,0.003,2,1279,1024,1,probe_loss,5.4712346902115465,7.951535594320767,1.4533347671132928,False,1005,0.01613010000437498,0.03815539996139705,0.00025400007143616676,0.11309484468988622,0.03061797932400237,0.9769224688416482,0.3099940995706456,76.0,,,,,,,,,
adam_constant_lr0.003_s2,adam,constant,0.003,2,1407,1024,1,probe_loss,5.413967241340789,8.072479501911305,1.49104697942578,False,1005,0.01727450010366738,0.040651800110936165,0.00022569997236132622,0.08698241384731842,0.024066855760779344,0.9677468342616261,0.3977786805767689,90.0,,,,,,,,,
adam_constant_lr0.003_s2,adam,constant,0.003,2,1535,1024,1,probe_loss,6.027638247518534,8.18119789385984,1.357280838349562,False,1005,0.017164999851956964,0.04169950005598366,0.0002466000150889158,0.0718127768969431,0.020598856718464943,0.9586737898367828,0.49418890543421484,88.0,,,,,,,,,
adam_constant_lr0.003_s2,adam,constant,0.003,2,1663,1024,1,probe_loss,5.785453031495318,7.7384490776439705,1.3375701151693349,False,1005,0.018646399956196547,0.044201099779456854,0.00023099989630281925,0.06020510420015195,0.017900648993215335,0.9505878405255572,0.5809954093941576,114.0,,,,,,,,,
adam_constant_lr0.003_s2,adam,constant,0.003,2,1791,1024,1,probe_loss,5.954584696822159,7.908546629935349,1.3281441162732943,False,1005,0.01804859982803464,0.044805699959397316,0.00025040004402399063,0.05283141959986211,0.015612920225217779,0.942176215382737,0.6544088620288973,104.0,,,,,,,,,
adam_constant_lr0.003_s2,adam,constant,0.003,2,1919,1024,1,probe_loss,6.010753552483176,7.370447280166194,1.2262101940814556,False,1005,0.01921950001269579,0.04716810001991689,0.00032769981771707535,0.04789144789116971,0.015478919166485798,0.945416424839281,0.6497370883855125,99.0,,,,,,,,,
adam_constant_lr0.003_s2,adam,constant,0.003,2,2047,1024,1,probe_loss,6.101796317219456,7.5056461911215955,1.2300715725204447,False,1005,0.02002850011922419,0.048392799915745854,0.0002359999343752861,0.04132582581152948,0.015141864142840885,0.9476116397188773,0.6654703840912687,94.0,,,,,,,,,
adam_constant_lr0.003_s2,adam,constant,0.003,2,2175,1024,1,probe_loss,6.119287722402003,7.531812488127648,1.2308315656664672,False,1005,0.020173999946564436,0.050083399983122945,0.00024860003031790257,0.03848361645184425,0.015550590031636509,0.9503490795241337,0.6540838221338255,95.0,,,,,,,,,
adam_constant_lr0.003_s2,adam,constant,0.003,2,2303,1024,1,probe_loss,5.946887384295404,7.294997452641021,1.2266917096674337,False,1005,0.021218900103121996,0.05221259989775717,0.000246299896389246,0.033629004681757536,0.017074029335079757,0.962332657640608,0.5927157532652813,80.0,,,,,,,,,
adam_constant_lr0.003_s2,adam,constant,0.003,2,2431,1024,1,probe_loss,6.743076834188539,8.416306606620749,1.2481403984526251,False,1005,0.021916300058364868,0.055140099953860044,0.00024199998006224632,0.028087835358577562,0.015750063495923276,0.9589882220656638,0.6129253120665225,88.0,,,,,,,,,
adam_constant_lr0.003_s2,adam,constant,0.003,2,2559,1024,1,probe_loss,6.754768425872096,7.761527287321691,1.1490441711655888,False,1005,0.023431899957358837,0.05848390003666282,0.0002466000150889158,0.02325212586767076,0.015328927980918058,0.9592607422674,0.6382123645587647,93.0,,,,,,,,,
adam_constant_lr0.003_s2,adam,constant,0.003,2,2687,1024,1,probe_loss,6.362626516494345,7.913719840089927,1.2437819223829276,False,1005,0.025159799959510565,0.06098269997164607,0.00022929999977350235,0.0229870833294944,0.015715711719919326,0.9616563524632298,0.6308175199256029,88.0,,,,,,,,,
adam_constant_lr0.003_s2,adam,constant,0.003,2,2815,1024,1,probe_loss,6.201743436802893,8.125867982542504,1.3102554250021556,False,1005,0.024086599936708808,0.06058589997701347,0.00025340006686747074,0.022373934997377335,0.016143504877724698,0.9651619607931895,0.629062508150498,87.0,,,,,,,,,
adam_constant_lr0.003_s2,adam,constant,0.003,2,2943,1024,1,probe_loss,6.081995672775374,8.58657706492973,1.4118025606899929,False,1005,0.02300340007059276,0.05757820000872016,0.00024649989791214466,0.023899194866159292,0.016480803030954963,0.9685974943320982,0.6085210062075824,74.0,,,,,,,,,
adam_constant_lr0.003_s2,adam,constant,0.003,2,3071,1024,1,probe_loss,5.6750952411277025,8.206157396908408,1.4459946570478623,False,1005,0.02308780001476407,0.05657720007002354,0.00023930007591843605,0.024589753930080963,0.01603196332769873,0.9698433979859504,0.6082090066810286,74.0,,,,,,,,,
adam_constant_lr0.003_s2,adam,constant,0.003,2,1023,1024,1,grad_norm,12.419984224860345,19.230045967007165,1.5483148463679626,False,1005,0.029377499828115106,0.07051679980941117,0.00025129993446171284,0.3025387041969428,0.26260313850238476,0.24239554738802463,0.8786189981286923,402.0,,,,,,,,,
adam_constant_lr0.003_s2,adam,constant,0.003,2,1151,1024,1,grad_norm,12.371488416826159,19.83634297426988,1.6033917913458946,False,1005,0.030664199963212013,0.07167010009288788,0.0002413000911474228,0.26922046673254424,0.25372427589050567,0.202280773569381,0.8885650888402341,430.0,,,,,,,,,
adam_constant_lr0.003_s2,adam,constant,0.003,2,1279,1024,1,grad_norm,13.119725428850167,20.155124196500385,1.536245884550254,False,1005,0.0345896000508219,0.07649700017645955,0.0002342001534998417,0.23304096568155883,0.23152792242857856,0.13193140089704494,0.9190560752636368,449.0,,,,,,,,,
adam_constant_lr0.003_s2,adam,constant,0.003,2,1407,1024,1,grad_norm,13.07587276920566,18.961755183005895,1.4501330440949063,False,1005,0.03182499995455146,0.07456439989618957,0.00024489988572895527,0.20417706466199623,0.20381896089722737,0.1746873793229564,0.9013196338698798,442.0,,,,,,,,,
adam_constant_lr0.003_s2,adam,constant,0.003,2,1535,1024,1,grad_norm,12.84515312313043,19.21997095896251,1.4962819652459312,False,1005,0.03404140006750822,0.0755842998623848,0.00025359983555972576,0.19585235553615182,0.19536857179336045,0.16928423393876704,0.8998400855916633,440.0,,,,,,,,,
adam_constant_lr0.003_s2,adam,constant,0.003,2,1663,1024,1,grad_norm,13.324399999417972,20.33729621240029,1.5263198502963473,False,1005,0.031007699901238084,0.07132619968615472,0.000250399811193347,0.1766727805469836,0.17472185321333397,0.18143454343176044,0.9060487901825783,449.0,,,,,,,,,
adam_constant_lr0.003_s2,adam,constant,0.003,2,1791,1024,1,grad_norm,13.614853703599302,20.7232701432505,1.522107441945702,False,1005,0.031236300012096763,0.07281470019370317,0.0002777001354843378,0.16432116688890575,0.16154817239102626,0.16889974966890423,0.9040013807305425,453.0,,,,,,,,,
adam_constant_lr0.003_s2,adam,constant,0.003,2,1919,1024,1,grad_norm,13.744444857209343,20.237824827933018,1.4724366853796729,False,1005,0.03167029982432723,0.07435769983567297,0.00024039996787905693,0.1646148156900368,0.15938642535176148,0.1685164396345085,0.9221955057782099,439.0,,,,,,,,,
adam_constant_lr0.003_s2,adam,constant,0.003,2,2047,1024,1,grad_norm,13.766545615978965,20.271588242260986,1.4725254110756407,False,1005,0.034384800121188164,0.07506019994616508,0.00024809991009533405,0.14943922595010772,0.14475290077655387,0.15426857961327725,0.9221139841094831,440.0,,,,,,,,,
adam_constant_lr0.003_s2,adam,constant,0.003,2,2175,1024,1,grad_norm,13.630134050174137,20.405501397280368,1.497087359681519,False,1005,0.03259580000303686,0.07285219989717007,0.0002343000378459692,0.14274076200738153,0.13835422414807044,0.1232027277983011,0.9275129781346265,446.0,,,,,,,,,
adam_constant_lr0.003_s2,adam,constant,0.003,2,2303,1024,1,grad_norm,13.409591695626283,19.975799039556254,1.4896649721312265,False,1005,0.031548299826681614,0.07442549988627434,0.0002731001004576683,0.13389737398572993,0.1298082248584235,0.15130553296476418,0.9261423353750776,450.0,,,,,,,,,
adam_constant_lr0.003_s2,adam,constant,0.003,2,2431,1024,1,grad_norm,13.554984096197144,20.03304408088656,1.4779098181684212,False,1005,0.033061099937185645,0.07409789972007275,0.00024569989182054996,0.1282834094376847,0.12518989594113292,0.11337819775032007,0.9248690778057859,453.0,,,,,,,,,
adam_constant_lr0.003_s2,adam,constant,0.003,2,2559,1024,1,grad_norm,13.307779010552458,20.53639343839557,1.5431871405522404,False,1005,0.03143929992802441,0.07182559999637306,0.0002223001793026924,0.12416411124760765,0.11986677060254379,0.12686658381961213,0.926915988386947,463.0,,,,,,,,,
adam_constant_lr0.003_s2,adam,constant,0.003,2,2687,1024,1,grad_norm,13.255370162628838,20.51299345379341,1.5475232454561059,False,1005,0.031198699958622456,0.07174349995329976,0.00022579985670745373,0.12347595452339927,0.12013502173234739,0.16034462658551527,0.9232300715700098,452.0,,,,,,,,,
adam_constant_lr0.003_s2,adam,constant,0.003,2,2815,1024,1,grad_norm,13.311796371144563,20.319825456819895,1.5264525455682563,False,1005,0.031666799914091825,0.0722635998390615,0.00023159990087151527,0.12067721345490913,0.11716178429407618,0.15794530808260182,0.9248970912726308,457.0,,,,,,,,,
adam_constant_lr0.003_s2,adam,constant,0.003,2,2943,1024,1,grad_norm,13.717499333726005,20.77118371336032,1.5142106595399676,False,1005,0.03153040003962815,0.07160409982316196,0.00023719994351267815,0.1128252931582223,0.10872276623381898,0.1369000812814265,0.9287851345317001,473.0,,,,,,,,,
adam_constant_lr0.003_s2,adam,constant,0.003,2,3071,1024,1,grad_norm,13.647963592194303,20.567518170027174,1.507002713708174,False,1005,0.03145579993724823,0.07185389986261725,0.00022740010172128677,0.11314735213356042,0.10843962242438866,0.10591438083156836,0.927494008055616,486.0,,,,,,,,,
adam_constant_lr0.003_s2,adam,constant,0.003,2,511,512,4,train_loss,15.170983039393956,14.122178569480232,0.930867731696072,False,436,0.016264199977740645,0.030093599809333682,0.0002164999023079872,0.25587846791009156,0.15366388488188698,0.9137335583389085,0.6579035731555252,118.0,,,,,,,,,
adam_constant_lr0.003_s2,adam,constant,0.003,2,639,512,4,train_loss,13.276382289007575,15.643204127686074,1.1782731008460152,False,436,0.015521500026807189,0.0293034000787884,0.00020659994333982468,0.13240910163282477,0.044852923359222446,0.08933435520488461,0.912065218251685,255.0,,,,,,,,,
adam_constant_lr0.003_s2,adam,constant,0.003,2,767,512,4,train_loss,14.523813385652907,16.698881328957274,1.1497587366037745,False,436,0.015763100003823638,0.029577800072729588,0.0002484999131411314,0.10800856933370367,0.046087787113970685,0.10026192863196863,0.8835920345577505,240.0,,,,,,,,,
adam_constant_lr0.003_s2,adam,constant,0.003,2,895,512,4,train_loss,14.101142676962242,16.763380551763746,1.1887958966014107,False,436,0.015820599859580398,0.029420499689877033,0.00024179997853934765,0.09273619408105781,0.04673884793212783,0.03711497616302075,0.9252652735975072,237.0,,,,,,,,,
adam_constant_lr0.003_s2,adam,constant,0.003,2,1023,512,4,train_loss,12.86359682259909,18.12288116025828,1.4088502158602754,False,436,0.01726639992557466,0.031024899799376726,0.00022140005603432655,0.08106359642298877,0.049067585603946515,-0.03189073851819344,0.9250774885092906,262.0,,,,,,,,,
adam_constant_lr0.003_s2,adam,constant,0.003,2,1151,512,4,train_loss,13.966522529187085,18.03288788070156,1.291150881904685,False,436,0.01682270015589893,0.03045259998179972,0.00021329987794160843,0.07832847693013108,0.05195095909968405,-0.0928190730562661,0.9209976276121647,265.0,,,,,,,,,
adam_constant_lr0.003_s2,adam,constant,0.003,2,1279,512,4,train_loss,13.324816769356795,18.05218355752394,1.3547791215439986,False,436,0.016856599831953645,0.03112679999321699,0.0002226000651717186,0.07186324784339514,0.05459494407039967,-0.05677874743162789,0.9176014830002867,262.0,,,,,,,,,
adam_constant_lr0.003_s2,adam,constant,0.003,2,1407,512,4,train_loss,12.490894922895174,17.763122322865254,1.422085641782668,False,436,0.01683229999616742,0.030672399792820215,0.0002229998353868723,0.06785012370760111,0.05577867247093587,-0.01785731217699854,0.923124195293227,265.0,,,,,,,,,
adam_constant_lr0.003_s2,adam,constant,0.003,2,1535,512,4,train_loss,12.705936342213636,17.690602525800667,1.392310023388532,False,436,0.016404799884185195,0.03051250008866191,0.00021180021576583385,0.06356503758024408,0.05528131808672388,-0.0035087113664047853,0.9261459674471546,265.0,,,,,,,,,
adam_constant_lr0.003_s2,adam,constant,0.003,2,1663,512,4,train_loss,12.930410196535963,17.57834127443237,1.359457357287983,False,436,0.016823000041767955,0.031153100077062845,0.0002272001001983881,0.0649736000462249,0.05756153157319373,0.006378095374901389,0.9246876003744439,262.0,,,,,,,,,
adam_constant_lr0.003_s2,adam,constant,0.003,2,1791,512,4,train_loss,12.566698999433608,18.392150622998663,1.4635625969737647,False,436,0.01705500017851591,0.03088380000554025,0.000228899996727705,0.06417626726137983,0.057568040150026846,-0.024757923477926703,0.9197082933417428,260.0,,,,,,,,,
adam_constant_lr0.003_s2,adam,constant,0.003,2,1919,512,4,train_loss,11.862939447687555,16.015202327388053,1.3500197314511202,False,436,0.01673360005952418,0.030945800011977553,0.00023290002718567848,0.06182250099724341,0.05777697656029123,-0.05623195343301892,0.9184533732167047,268.0,,,,,,,,,
adam_constant_lr0.003_s2,adam,constant,0.003,2,2047,512,4,train_loss,11.860546005136094,17.616514949119818,1.4853038756808632,False,436,0.017049800138920546,0.03160640015266836,0.0002516000531613827,0.06316953754838989,0.059959074450042366,-0.05516514138277734,0.9241269876526366,264.0,,,,,,,,,
adam_constant_lr0.003_s2,adam,constant,0.003,2,2175,512,4,train_loss,13.20491327450866,19.550140614829132,1.4805201827845076,False,436,0.017893799813464284,0.032102499855682254,0.0002267998643219471,0.06053083723884057,0.05799923107883692,-0.03417556006277688,0.917782324194523,261.0,,,,,,,,,
adam_constant_lr0.003_s2,adam,constant,0.003,2,2303,512,4,train_loss,12.39526541074485,17.462808631050688,1.4088289401139433,False,436,0.01768609997816384,0.031062399968504906,0.00020219990983605385,0.06156964710679431,0.05897045940002693,-0.04501222016526347,0.9187299654351512,281.0,,,,,,,,,
adam_constant_lr0.003_s2,adam,constant,0.003,2,2431,512,4,train_loss,12.00016374371618,16.829112340940593,1.4024068921353732,False,436,0.01609780010767281,0.029422800056636333,0.00020730006508529186,0.06079697240808534,0.05936519021632827,-0.0554100638705667,0.9291561405638782,282.0,,,,,,,,,
adam_constant_lr0.003_s2,adam,constant,0.003,2,2559,512,4,train_loss,11.84435789657919,16.706947360063822,1.4105405718016182,False,436,0.015880199847742915,0.029271999606862664,0.00023369980044662952,0.061209025048548325,0.05821426279835373,-0.05381496395334184,0.9224262378904637,279.0,,,,,,,,,
adam_constant_lr0.003_s2,adam,constant,0.003,2,2687,512,4,train_loss,12.269567746409592,18.10074974248023,1.4752556990263164,False,436,0.01674479991197586,0.03032379993237555,0.00023250002413988113,0.060723387344156124,0.058562869234770436,-0.0314938001380085,0.9237393605940947,282.0,,,,,,,,,
adam_constant_lr0.003_s2,adam,constant,0.003,2,2815,512,4,train_loss,12.295975471336309,16.487631507099923,1.340896584051828,False,436,0.016272200038656592,0.02969729993492365,0.00023119989782571793,0.05929895694297397,0.05762636531479415,-0.018948786653256666,0.9269715843218765,258.0,,,,,,,,,
adam_constant_lr0.003_s2,adam,constant,0.003,2,2943,512,4,train_loss,12.654573658386688,17.314582125008155,1.3682469747633965,False,436,0.016049799975007772,0.029512199806049466,0.00020169978961348534,0.05942910956220325,0.05893330442551075,-0.040878300927158044,0.9341762002365877,258.0,,,,,,,,,
adam_constant_lr0.003_s2,adam,constant,0.003,2,3071,512,4,train_loss,12.274651307925467,16.75192756598957,1.3647579182288645,False,436,0.01601279992610216,0.0292261999566108,0.00020570005290210247,0.058235036199419034,0.05751839953786685,-0.09478071112252123,0.9261977828217238,268.0,,,,,,,,,
adam_constant_lr0.003_s2,adam,constant,0.003,2,511,512,4,probe_loss,17.311118070768877,13.918017219827712,0.8039929693119782,False,436,0.01424130005761981,0.026485900161787868,0.00021330011077225208,0.2403646880853981,0.14771127394213168,0.9970357361974841,0.6110824601538317,16.0,,,,,,,,,
adam_constant_lr0.003_s2,adam,constant,0.003,2,639,512,4,probe_loss,14.864556682729022,15.707199011280116,1.0566880228274922,False,436,0.013471600133925676,0.025939700426533818,0.00020480016246438026,0.10828593310645213,0.018342916648382602,0.9074433347333672,0.5128156578377557,58.0,,,,,,,,,
adam_constant_lr0.003_s2,adam,constant,0.003,2,767,512,4,probe_loss,17.268018624315076,15.533477819536559,0.8995518337966053,False,436,0.014166500186547637,0.026981400093063712,0.00022869999520480633,0.08461136977679509,0.01936482293015949,0.9311255884672438,0.4906196065503568,56.0,,,,,,,,,
adam_constant_lr0.003_s2,adam,constant,0.003,2,895,512,4,probe_loss,15.597414459530608,14.697905863252872,0.9423296342729354,False,436,0.014733599964529276,0.027920200023800135,0.00022380007430911064,0.06441757533595424,0.014218358549610436,0.8934274206424873,0.6676088369385184,76.0,,,,,,,,,
adam_constant_lr0.003_s2,adam,constant,0.003,2,1023,512,4,probe_loss,13.563727458122765,15.55618529942607,1.146896039267591,False,436,0.015837199985980988,0.02925839996896684,0.00022660009562969208,0.050775317656129304,0.016902212388603306,0.9226847254342059,0.6378302527424536,58.0,,,,,,,,,
adam_constant_lr0.003_s2,adam,constant,0.003,2,1151,512,4,probe_loss,16.539790576250613,15.371316832055912,0.9293537763487462,False,436,0.016135300043970346,0.02967889979481697,0.00022959988564252853,0.043235317815081754,0.015619265674175861,0.9227779620042039,0.6614634296741311,70.0,,,,,,,,,
adam_constant_lr0.003_s2,adam,constant,0.003,2,1279,512,4,probe_loss,13.937944512724362,22.894698629293558,1.6426165715032306,False,436,0.01618779986165464,0.0299468997400254,0.00040689995512366295,0.03622620642650955,0.01554992338768736,0.9280857701248625,0.6357927841617022,66.0,,,,,,,,,
adam_constant_lr0.003_s2,adam,constant,0.003,2,1407,512,4,probe_loss,13.725069865172403,14.461912384046338,1.0536858847431942,False,436,0.016329499892890453,0.02967619989067316,0.00024239998310804367,0.031013328003911256,0.016405896144259826,0.9417061949631482,0.6109638059330096,59.0,,,,,,,,,
adam_constant_lr0.003_s2,adam,constant,0.003,2,1535,512,4,probe_loss,16.05066737155764,16.404393774773347,1.0220381118758042,False,436,0.016483400017023087,0.03038569982163608,0.00023699994198977947,0.025553239474965975,0.014340889104211203,0.9366670539917712,0.6244646870120569,59.0,,,,,,,,,
adam_constant_lr0.003_s2,adam,constant,0.003,2,1663,512,4,probe_loss,13.802464784311407,18.441244222338174,1.3360834105006696,False,436,0.01611410011537373,0.03010490001179278,0.0002438998781144619,0.025031315787082828,0.01402484941574724,0.9351129620530212,0.6489389877521893,61.0,,,,,,,,,
adam_constant_lr0.003_s2,adam,constant,0.003,2,1791,512,4,probe_loss,19.592056086896186,27.544215869763548,1.4058869445655593,False,436,0.016641300171613693,0.029995200224220753,0.00021849991753697395,0.02708356215955975,0.013461457847883955,0.9406430670419723,0.6506400435809014,39.0,,,,,,,,,
adam_constant_lr0.003_s2,adam,constant,0.003,2,1919,512,4,probe_loss,12.69477572568875,16.633086344194762,1.3102308149120405,False,436,0.015335200121626258,0.028812000062316656,0.00032439990900456905,0.022441029470522005,0.013258172479597015,0.9406089349103176,0.659476760202418,52.0,,,,,,,,,
adam_constant_lr0.003_s2,adam,constant,0.003,2,2047,512,4,probe_loss,11.829400464487628,10.981978819711944,0.9283630943664744,False,436,0.015539799816906452,0.02894750004634261,0.00023400015197694302,0.02001545098514658,0.014675890512731908,0.9492996437892252,0.6374192754332475,42.0,,,,,,,,,
adam_constant_lr0.003_s2,adam,constant,0.003,2,2175,512,4,probe_loss,13.122102369979542,16.228245470216113,1.2367107809906084,False,436,0.015733999898657203,0.028963199816644192,0.00022009992972016335,0.018123172882864302,0.014884738284926046,0.9494776709156028,0.6247179070362462,50.0,,,,,,,,,
adam_constant_lr0.003_s2,adam,constant,0.003,2,2303,512,4,probe_loss,9.836286450963051,11.348014299703872,1.1536888800745335,False,436,0.015935800038278103,0.029144000029191375,0.00022499985061585903,0.01690465839264752,0.015787257611549532,0.9561416766363446,0.6392735363961446,43.0,,,,,,,,,
adam_constant_lr0.003_s2,adam,constant,0.003,2,2431,512,4,probe_loss,10.298564016832868,10.457887163792778,1.0154704235172494,False,436,0.015970899956300855,0.029529399937018752,0.0002485997974872589,0.016887791810183697,0.015742404368039708,0.9600782066893576,0.6042063475448018,46.0,,,,,,,,,
adam_constant_lr0.003_s2,adam,constant,0.003,2,2559,512,4,probe_loss,8.152293671472423,12.971549306084887,1.5911533402527729,False,436,0.0161896999925375,0.029347199946641922,0.00022660009562969208,0.014613570403411567,0.014216609652100943,0.9592417297572832,0.6187749904566938,53.0,,,,,,,,,
adam_constant_lr0.003_s2,adam,constant,0.003,2,2687,512,4,probe_loss,9.297231395933379,15.702990089910939,1.6889963711970692,False,436,0.015710099833086133,0.02891829959116876,0.00022619985975325108,0.02004797294405564,0.01566828881904825,0.9683980859658315,0.5971113930593129,38.0,,,,,,,,,
adam_constant_lr0.003_s2,adam,constant,0.003,2,2815,512,4,probe_loss,9.741520116231577,19.679810358048524,2.020199119155696,False,436,0.015928699867799878,0.02915670000948012,0.0002280001062899828,0.0181998988991702,0.016391202575397182,0.9730716141081371,0.5691414011864427,44.0,,,,,,,,,
adam_constant_lr0.003_s2,adam,constant,0.003,2,2943,512,4,probe_loss,9.62983724809921,16.68989944479382,1.73314449816773,False,436,0.015674500027671456,0.02933600009419024,0.00022950000129640102,0.020886633017510734,0.016454947904586584,0.9734743037889888,0.5592201281524589,42.0,,,,,,,,,
adam_constant_lr0.003_s2,adam,constant,0.003,2,3071,512,4,probe_loss,10.517053622098004,20.376424296465196,1.937465095133782,False,436,0.016160500003024936,0.029399200109764934,0.00022690021432936192,0.018669977691837425,0.01642194348832057,0.9729541934995588,0.5806164777733541,40.0,,,,,,,,,
adam_constant_lr0.003_s2,adam,constant,0.003,2,511,512,4,grad_norm,12.45765995896745,16.471871421933027,1.3222283700299597,False,436,0.016698900144547224,0.03063310030847788,0.00021750014275312424,0.3186066017149573,0.2801621339785936,0.2005684633260546,0.8761463830963785,215.0,,,,,,,,,
adam_constant_lr0.003_s2,adam,constant,0.003,2,639,512,4,grad_norm,10.913490297844902,13.89977849061199,1.2736327344659657,False,436,0.016680700005963445,0.030848799971863627,0.00024090008810162544,0.30994652440281256,0.28597179311143683,0.1127403435201708,0.8952285408666439,224.0,,,,,,,,,
adam_constant_lr0.003_s2,adam,constant,0.003,2,767,512,4,grad_norm,10.921708677858314,13.178654593933196,1.206647694298092,False,436,0.017488899873569608,0.03155169985257089,0.00024049985222518444,0.2721452681046446,0.2694239612945654,0.09397097471576146,0.9117756191042463,229.0,,,,,,,,,
adam_constant_lr0.003_s2,adam,constant,0.003,2,895,512,4,grad_norm,11.773097910198254,15.268128958586123,1.2968658780422062,False,436,0.017145299818366766,0.03072989988140762,0.00022449996322393417,0.22108313505842925,0.21958467070688428,0.1298558057739956,0.9188324275063073,234.0,,,,,,,,,
adam_constant_lr0.003_s2,adam,constant,0.003,2,1023,512,4,grad_norm,10.96132421440216,13.801590549558213,1.2591170810753147,False,436,0.01665790006518364,0.03038360015489161,0.00022820010781288147,0.22431174228608228,0.22371845114316963,0.16019516178757087,0.903163725396447,221.0,,,,,,,,,
adam_constant_lr0.003_s2,adam,constant,0.003,2,1151,512,4,grad_norm,11.964128254970657,15.005670538441992,1.2542218052709093,False,436,0.016538300085812807,0.030346699990332127,0.00031199981458485126,0.19758364471648054,0.19756665468102547,0.22966152277514648,0.8969161856080992,219.0,,,,,,,,,
adam_constant_lr0.003_s2,adam,constant,0.003,2,1279,512,4,grad_norm,11.729807866313614,15.184495617045636,1.294522108981291,False,436,0.016890899976715446,0.03091239999048412,0.0002445999998599291,0.18348267850897915,0.18340606373706728,0.18429237778847007,0.8883086276383629,222.0,,,,,,,,,
adam_constant_lr0.003_s2,adam,constant,0.003,2,1407,512,4,grad_norm,10.96132991851988,15.130817773816629,1.3803815674092728,False,436,0.016550999833270907,0.030236999737098813,0.0002474000211805105,0.18434886733590486,0.18138994167955086,0.19206903222561705,0.8916865616625363,220.0,,,,,,,,,
adam_constant_lr0.003_s2,adam,constant,0.003,2,1535,512,4,grad_norm,10.932549945221831,14.628592298920818,1.3380768779670085,False,436,0.017509000143036246,0.03153449995443225,0.0002322997897863388,0.1610983483355221,0.15991431978049409,0.1624704149631221,0.9062259848902066,219.0,,,,,,,,,
adam_constant_lr0.003_s2,adam,constant,0.003,2,1663,512,4,grad_norm,11.230354116042617,13.539351103119234,1.2056032216987889,False,436,0.01665350003167987,0.03017259994521737,0.00022799987345933914,0.14950411281883097,0.1476760697952648,0.08735028656881956,0.9215128627618716,235.0,,,,,,,,,
adam_constant_lr0.003_s2,adam,constant,0.003,2,1791,512,4,grad_norm,10.9540676062693,14.329786932691807,1.308170393661848,False,436,0.01641630008816719,0.029810699867084622,0.00022249994799494743,0.13704584189183022,0.13581384276338623,0.13613708636188632,0.9111426879192234,229.0,,,,,,,,,
adam_constant_lr0.003_s2,adam,constant,0.003,2,1919,512,4,grad_norm,11.407373791832429,14.80390708650011,1.2977489259709862,False,436,0.016694999998435378,0.0303399998228997,0.00034529995173215866,0.13375297192176713,0.13304847610512788,0.11564592585448616,0.9164837124332007,220.0,,,,,,,,,
adam_constant_lr0.003_s2,adam,constant,0.003,2,2047,512,4,grad_norm,11.728550416981154,15.631941093697193,1.3328110071526422,False,436,0.016351500060409307,0.02984720002859831,0.00022869999520480633,0.12978778759306026,0.12769780745072215,0.14248299488866367,0.9190652044513772,214.0,,,,,,,,,
adam_constant_lr0.003_s2,adam,constant,0.003,2,2175,512,4,grad_norm,11.613368873130192,15.059124827174484,1.2967059766797493,False,436,0.0167731000110507,0.030321500031277537,0.00022689998149871826,0.1295012333047728,0.12819838827945942,0.17158287948468484,0.9171985124874732,212.0,,,,,,,,,
adam_constant_lr0.003_s2,adam,constant,0.003,2,2303,512,4,grad_norm,11.120169642399805,14.558164223155368,1.3091674579897525,False,436,0.01640449999831617,0.03000260004773736,0.0002139001153409481,0.12434363339189815,0.12348276440382752,0.16831034539886733,0.9196634187835624,223.0,,,,,,,,,
adam_constant_lr0.003_s2,adam,constant,0.003,2,2431,512,4,grad_norm,11.172780607240202,16.15707032149892,1.4461100499036732,False,436,0.016154600074514747,0.02955499989911914,0.0002112998627126217,0.1157837474054928,0.11578354582144049,0.09437967170931397,0.9079929686783134,234.0,,,,,,,,,
adam_constant_lr0.003_s2,adam,constant,0.003,2,2559,512,4,grad_norm,11.414655235902048,14.91560172845652,1.306706284176073,False,436,0.016066899988800287,0.029615300009027123,0.0002474000211805105,0.11291851972160791,0.11110608304651662,0.1008680895745778,0.9024520685480363,238.0,,,,,,,,,
adam_constant_lr0.003_s2,adam,constant,0.003,2,2687,512,4,grad_norm,11.226255063350543,15.807005132726458,1.4080390159965563,False,436,0.01682220003567636,0.03050619992427528,0.00021600001491606236,0.11157037889918857,0.11125687501719116,0.1401498613246332,0.9174026156166261,238.0,,,,,,,,,
adam_constant_lr0.003_s2,adam,constant,0.003,2,2815,512,4,grad_norm,10.8127201529171,12.987920060671842,1.2011704619182164,False,436,0.01655059983022511,0.030244299676269293,0.00023359991610050201,0.11162623445340726,0.11046582359244499,0.1480331583033626,0.9150910656711274,231.0,,,,,,,,,
adam_constant_lr0.003_s2,adam,constant,0.003,2,2943,512,4,grad_norm,11.71412705229792,16.68485358013394,1.4243360606935649,False,436,0.01674510003067553,0.03051519999280572,0.00020739994943141937,0.10119843609966772,0.09983816184458698,0.17161704900417285,0.9140574544437801,233.0,,,,,,,,,
adam_constant_lr0.003_s2,adam,constant,0.003,2,3071,512,4,grad_norm,11.345038494288854,14.916427457255823,1.3147974301510588,False,436,0.016077500069513917,0.029237299924716353,0.0002109999768435955,0.10704518911782973,0.10559802025754332,0.10913236728992484,0.9095810566625537,242.0,,,,,,,,,
adam_switch_lr0.003_s0,adam,switch,0.003,0,511,512,1,train_loss,10.333326269193613,12.782883037818108,1.2370540428910364,False,493,0.0069339999463409185,0.01612289994955063,0.00019609997980296612,0.27400520614545515,0.15703413348708686,0.914291604482136,0.6215360018410256,98.0,0.007111599901691079,0.0069339999463409185,0.0068657000083476305,0.016215800074860454,0.01612289994955063,0.016049199970439076,0.00019609997980296612,0.0001976999919861555,0.0001799999736249447
adam_switch_lr0.003_s0,adam,switch,0.003,0,639,512,1,train_loss,10.694724683161352,14.493072628593492,1.3551608908093322,False,493,0.007179199950769544,0.01647470030002296,0.00019759987480938435,0.14177538292225111,0.04491211639186399,0.1073504883585218,0.8902533630033642,231.0,0.007179199950769544,0.007282300153747201,0.007090700091794133,0.01642980007454753,0.016642200062051415,0.01647470030002296,0.0001805999781936407,0.00019759987480938435,0.00022330018691718578
adam_switch_lr0.003_s0,adam,switch,0.003,0,767,512,1,train_loss,10.720777438707927,14.655986025685975,1.3670637329686346,False,493,0.007744800066575408,0.01830929983407259,0.0001947998534888029,0.11635689759897189,0.04693103724936856,0.11038811172433531,0.8729631919211605,224.0,0.007744800066575408,0.007740900153294206,0.007795599987730384,0.01830929983407259,0.017878200160339475,0.018524199724197388,0.0002096998505294323,0.000188400037586689,0.0001947998534888029
adam_switch_lr0.003_s0,adam,switch,0.003,0,895,512,1,train_loss,11.313828914418167,15.992674496235376,1.4135510283220352,False,493,0.008739500073716044,0.020061700139194727,0.0001916999462991953,0.09639932868797677,0.04717875526227695,0.020948043179534127,0.9122015418397101,266.0,0.008739500073716044,0.008555300068110228,0.008742299862205982,0.020028800005093217,0.020061700139194727,0.020206699846312404,0.00019860011525452137,0.00018429988995194435,0.0001916999462991953
adam_switch_lr0.003_s0,adam,switch,0.003,0,1023,512,1,train_loss,11.30324321422666,16.589391505328333,1.4676665087103797,False,493,0.008884900016710162,0.02035010000690818,0.00019979989156126976,0.08794698189927475,0.04845394834061177,0.011041042573682778,0.9321970338339666,265.0,0.008884900016710162,0.008859500056132674,0.009501199936494231,0.02035010000690818,0.02015950041823089,0.022575699957087636,0.00019979989156126976,0.00018530013039708138,0.00020530004985630512
adam_switch_lr0.003_s0,adam,switch,0.003,0,1151,512,1,train_loss,11.805801858425639,17.944047765803322,1.519934688129371,False,493,0.009218000108376145,0.02089280029758811,0.00019689998589456081,0.08313768623507983,0.05220620468527299,0.02274521976872185,0.9280775173149667,249.0,0.0091947999317199,0.009258100064471364,0.009218000108376145,0.020701299887150526,0.021089900052174926,0.02089280029758811,0.00017770007252693176,0.00019689998589456081,0.0002894001081585884
adam_switch_lr0.003_s0,adam,switch,0.003,0,1279,512,1,train_loss,12.47727643771309,19.394957648303777,1.5544223729532596,False,493,0.009505199966952205,0.021304499823600054,0.00021740002557635307,0.07364507538335127,0.055165023589185666,0.08459408340819354,0.9119088646190036,248.0,0.009505199966952205,0.0092805998865515,0.00984390010125935,0.021213300060480833,0.021304499823600054,0.02148550027050078,0.00019620009697973728,0.00021740002557635307,0.00021790014579892159
adam_switch_lr0.003_s0,adam,switch,0.003,0,1407,512,1,train_loss,13.467839796762492,20.83134354897763,1.5467472039565868,False,493,0.010039899963885546,0.022395499981939793,0.00020159990526735783,0.0673248710569001,0.05668617178682414,0.03407961504880444,0.929845254684626,243.0,0.010046500014141202,0.009875499876216054,0.010039899963885546,0.022484299959614873,0.022395499981939793,0.02222710009664297,0.00020159990526735783,0.00021050008945167065,0.00018940004520118237
adam_switch_lr0.003_s0,adam,switch,0.003,0,1535,512,1,train_loss,13.213335779355129,19.764155416618966,1.4957733419216526,False,493,0.009854799835011363,0.02229540003463626,0.00020250002853572369,0.06448549267828431,0.058554898464610206,0.03429728452982923,0.9207880558099606,242.0,0.010015600128099322,0.00984789989888668,0.009854799835011363,0.022667699959129095,0.02229540003463626,0.022182499757036567,0.00019299983978271484,0.00020250002853572369,0.00021399999968707561
adam_switch_lr0.003_s0,adam,switch,0.003,0,1663,512,1,train_loss,12.102883287149432,17.238231223619202,1.4243078128269127,False,493,0.00948680005967617,0.02121250005438924,0.0002055999357253313,0.07617927574724144,0.060796039641622605,0.11411094117750174,0.9008930844588099,229.0,0.009754200000315905,0.009314000140875578,0.00948680005967617,0.021996299969032407,0.02113240002654493,0.02121250005438924,0.0002055999357253313,0.00019780010916292667,0.00023019989021122456
adam_switch_lr0.003_s0,adam,switch,0.003,0,1791,512,1,train_loss,11.723039970357199,17.348361194761182,1.4798517482349403,False,493,0.009588600136339664,0.021602900000289083,0.00022779987193644047,0.08326817008855766,0.06139736587461115,0.10495610238596718,0.9080851087276486,244.0,0.009541400009766221,0.00966300000436604,0.009588600136339664,0.021602900000289083,0.0216346001252532,0.021602599881589413,0.00028820009902119637,0.00021030008792877197,0.00022779987193644047
adam_switch_lr0.003_s0,adam,switch,0.003,0,1919,512,1,train_loss,11.68052826312643,17.792924409376457,1.5232979201416676,False,493,0.009425600059330463,0.021341200219467282,0.00020950008183717728,0.08132676168562009,0.06167441476597005,0.11319554383277171,0.890755045248552,240.0,0.009442599955946207,0.009425600059330463,0.009212899953126907,0.021341200219467282,0.02177580026909709,0.02116180001758039,0.00023360014893114567,0.00020950008183717728,0.00020070001482963562
adam_switch_lr0.003_s0,adam,switch,0.003,0,2047,512,1,train_loss,12.673015371556195,19.823499205143296,1.5642290823410443,False,493,0.01002170005813241,0.022007199935615063,0.00019449996761977673,0.06451213930663952,0.06094823270571841,0.048193613135201076,0.9121313042795056,247.0,0.009984200121834874,0.010240199975669384,0.01002170005813241,0.021876800106838346,0.023309299955144525,0.022007199935615063,0.00019180006347596645,0.0002093999646604061,0.00019449996761977673
adam_switch_lr0.003_s0,adam,switch,0.003,0,2175,512,1,train_loss,13.20725891708106,20.887529010174056,1.5815188557528799,False,493,0.009851900162175298,0.022302700206637383,0.0002014001365751028,0.0605687464841047,0.06001477805837616,-0.03057059367778449,0.919927925252544,264.0,0.010037900181487203,0.009792699944227934,0.009851900162175298,0.022619600174948573,0.02201009984128177,0.022302700206637383,0.00025020004250109196,0.0001846000086516142,0.0002014001365751028
adam_switch_lr0.003_s0,adam,switch,0.003,0,2303,512,1,train_loss,13.495119688166076,21.527453240199122,1.5952028390734934,False,493,0.010092400014400482,0.022543399827554822,0.00020410004071891308,0.06034821327874886,0.060014252641599805,-0.05837384019254469,0.9298614226881142,268.0,0.01017160015180707,0.010079999919980764,0.010092400014400482,0.022740700049325824,0.022543399827554822,0.022260500118136406,0.00021540001034736633,0.00020410004071891308,0.00019900011830031872
adam_switch_lr0.003_s0,adam,switch,0.003,0,2431,512,1,train_loss,13.62827059527319,20.412580177289975,1.497811481991695,False,493,0.010210100095719099,0.022502400213852525,0.00019379984587430954,0.05896865584783546,0.057769733077066204,-0.07653311212127342,0.915578878123686,266.0,0.010240399977192283,0.010210100095719099,0.010093000018969178,0.02299419976770878,0.022502400213852525,0.02221400011330843,0.00019379984587430954,0.00020570005290210247,0.00019160006195306778
adam_switch_lr0.003_s0,adam,switch,0.003,0,2559,512,1,train_loss,13.388518056525308,19.82280735108496,1.4805826356131853,False,493,0.00986750004813075,0.02243450004607439,0.0001984001137316227,0.057533809354568845,0.057219235313024135,-0.054511492072488794,0.9204399907343438,266.0,0.010214600013568997,0.009836200159043074,0.00986750004813075,0.022887400118634105,0.02204319997690618,0.02243450004607439,0.0001984001137316227,0.0001979998778551817,0.0001987998839467764
adam_switch_lr0.003_s0,adam,switch,0.003,0,2687,512,1,train_loss,13.112436018157721,18.53007934706809,1.4131683328260418,False,493,0.010212199995294213,0.022466800175607204,0.00019110017456114292,0.056708031941344335,0.05645476310448016,-0.06788642331195889,0.9373194506996668,265.0,0.010212199995294213,0.009722399991005659,0.010329399956390262,0.022466800175607204,0.02223249990493059,0.022548699751496315,0.00019110017456114292,0.0002055999357253313,0.00018759979866445065
adam_switch_lr0.003_s0,adam,switch,0.003,0,2815,512,1,train_loss,13.523863405013515,19.10151968065826,1.4124306870459087,False,493,0.01025440008379519,0.02292370004579425,0.00022749998606741428,0.05763663025544199,0.05732102598645928,-0.015416583224951083,0.932568468741886,247.0,0.01025440008379519,0.010104299988597631,0.010303100105375051,0.023283400107175112,0.022504399996250868,0.02292370004579425,0.00022749998606741428,0.0002367000561207533,0.00020139990374445915
adam_switch_lr0.003_s0,adam,switch,0.003,0,2943,512,1,train_loss,13.866405336422755,21.051010899045412,1.5181303581073693,False,493,0.010064500151202083,0.022495999932289124,0.00020279991440474987,0.06155263510626766,0.060987868158518706,-0.02602938305086372,0.9317563098553683,252.0,0.009893400128930807,0.010064500151202083,0.01009549992159009,0.022495999932289124,0.022119499975815415,0.022586399922147393,0.00020279991440474987,0.00019149994477629662,0.00020619994029402733
adam_switch_lr0.003_s0,adam,switch,0.003,0,3071,512,1,train_loss,13.85578348607574,21.41674552334831,1.5456899672884539,False,493,0.010067099938169122,0.022726800059899688,0.0002055999357253313,0.06238475147477254,0.062298650728728894,-0.031840437577266366,0.9189210090946408,262.0,0.009760200046002865,0.010067099938169122,0.010137199889868498,0.021887400187551975,0.022726800059899688,0.022917299764230847,0.00017930008471012115,0.0002495001535862684,0.0002055999357253313
adam_switch_lr0.003_s0,adam,switch,0.003,0,511,512,1,probe_loss,6.576313334345282,7.2207815076573425,1.0979983982737376,False,493,0.005567099899053574,0.013006399851292372,0.00018569990061223507,0.2732981032366444,0.1577256868519462,0.9960987142384253,0.5418161881816735,14.0,0.005523100029677153,0.005567099899053574,0.0058015999384224415,0.013006399851292372,0.012933599995449185,0.013334799790754914,0.0002118998672813177,0.00018480001017451286,0.00018569990061223507
adam_switch_lr0.003_s0,adam,switch,0.003,0,639,512,1,probe_loss,6.10159725316446,8.013467687725324,1.313339336444947,False,493,0.005962100112810731,0.013746000127866864,0.00019040005281567574,0.11891990530552286,0.02789877626108074,0.9528642586902725,0.36266066105282396,38.0,0.005793899996206164,0.006173699861392379,0.005962100112810731,0.013548900140449405,0.014433799777179956,0.013746000127866864,0.00019040005281567574,0.00019789999350905418,0.00018239999189972878
adam_switch_lr0.003_s0,adam,switch,0.003,0,767,512,1,probe_loss,6.366136843736849,7.547449170056771,1.1855618808260655,False,493,0.008880099980160594,0.01718949992209673,0.00020999996922910213,0.07931966113149311,0.02214711178669715,0.930766349220169,0.4823268806187111,52.0,0.006343799876049161,0.010244800010696054,0.008880099980160594,0.014743499923497438,0.027630599914118648,0.01718949992209673,0.0001764001790434122,0.00021789991296827793,0.00020999996922910213
adam_switch_lr0.003_s0,adam,switch,0.003,0,895,512,1,probe_loss,5.1072996585527655,5.9964935198828515,1.1741025435703636,False,493,0.006481900112703443,0.015003700274974108,0.00019180006347596645,0.06159636244650097,0.016644516794950912,0.903672547069845,0.6767289378606779,69.0,0.00649560010060668,0.006229100050404668,0.006481900112703443,0.015003700274974108,0.014653800055384636,0.01517480006441474,0.00019180006347596645,0.000183899886906147,0.00020619994029402733
adam_switch_lr0.003_s0,adam,switch,0.003,0,1023,512,1,probe_loss,5.395274223866539,7.378387973246259,1.3675649590909051,False,493,0.006832099985331297,0.015713100088760257,0.0002009999006986618,0.04946624836591114,0.018427718561777544,0.9310918245905868,0.6210076621622422,54.0,0.006991400150582194,0.006749100051820278,0.006832099985331297,0.015713100088760257,0.015621899859979749,0.015968099934980273,0.0001908999402076006,0.0002009999006986618,0.00020100013352930546
adam_switch_lr0.003_s0,adam,switch,0.003,0,1151,512,1,probe_loss,5.176526334171069,7.510949155152114,1.4509631884940197,False,493,0.007534000091254711,0.01753780012950301,0.00019260006956756115,0.04031872320525863,0.018883126909242102,0.9379798536720075,0.5912528722652205,51.0,0.007534000091254711,0.007344699930399656,0.007716200081631541,0.01753780012950301,0.017456599744036794,0.018159599974751472,0.00019260006956756115,0.000210499856621027,0.00018440000712871552
adam_switch_lr0.003_s0,adam,switch,0.003,0,1279,512,1,probe_loss,5.686697479392434,9.875312674913282,1.7365637456009633,False,493,0.008676799945533276,0.020174199948087335,0.00023479992523789406,0.032475321123617056,0.017978274212441546,0.936140746517165,0.6586369054737482,64.0,0.008143600076436996,0.008796999929472804,0.008676799945533276,0.01942779985256493,0.020174199948087335,0.02027290011756122,0.00018699979409575462,0.00023479992523789406,0.000364100094884634
adam_switch_lr0.003_s0,adam,switch,0.003,0,1407,512,1,probe_loss,5.420926660239082,8.13204449432836,1.5001207365475977,False,493,0.008074099896475673,0.018576999893411994,0.00021399999968707561,0.03422842270098344,0.016606385662434935,0.9323973307044521,0.6757557888007439,60.0,0.008074099896475673,0.007842599879950285,0.00817529996857047,0.018576999893411994,0.018415599828585982,0.018595400266349316,0.00021549989469349384,0.00021399999968707561,0.00017820019274950027
adam_switch_lr0.003_s0,adam,switch,0.003,0,1535,512,1,probe_loss,5.298436496525074,8.572498203675366,1.6179297816058666,False,493,0.00767889991402626,0.018184099812060595,0.00020149978809058666,0.03488405742882462,0.01684343037893991,0.9417222469203048,0.6272659667119613,55.0,0.007697399938479066,0.007566699991002679,0.00767889991402626,0.018621299881488085,0.018184099812060595,0.018122199922800064,0.00020149978809058666,0.00019749999046325684,0.0002133999951183796
adam_switch_lr0.003_s0,adam,switch,0.003,0,1663,512,1,probe_loss,4.3204665643802915,6.157343818112456,1.425157150590202,False,493,0.007125499891117215,0.017081000143662095,0.00019770022481679916,0.046777444180045855,0.019279708855216047,0.9673278573180277,0.5639845503972136,36.0,0.0069651000667363405,0.007560500176623464,0.007125499891117215,0.017081000143662095,0.017576400190591812,0.01669289986602962,0.00020290003158152103,0.00019770022481679916,0.00019249995239078999
adam_switch_lr0.003_s0,adam,switch,0.003,0,1791,512,1,probe_loss,4.015502122632359,6.313086392091099,1.5721785717678967,False,493,0.006825499935075641,0.01582729979418218,0.00020659994333982468,0.047857564975124604,0.01639917149281188,0.9738752992376877,0.516365218834416,22.0,0.00751759996637702,0.006825499935075641,0.0064431000500917435,0.016050499863922596,0.01582729979418218,0.014822399942204356,0.0002126998733729124,0.00020659994333982468,0.00018409988842904568
adam_switch_lr0.003_s0,adam,switch,0.003,0,1919,512,1,probe_loss,4.022056015478706,6.2506429324830455,1.5540914667592196,False,493,0.0057870999444276094,0.013811100041493773,0.00019120005890727043,0.04142047917800239,0.017134179670009846,0.9914779070494861,0.3555208271257469,14.0,0.005750500131398439,0.005889700027182698,0.0057870999444276094,0.013811100041493773,0.013913200004026294,0.01380249997600913,0.00018660002388060093,0.00019120005890727043,0.00020849984139204025
adam_switch_lr0.003_s0,adam,switch,0.003,0,2047,512,1,probe_loss,3.392298844922678,4.738009189415474,1.3966956939854955,False,493,0.0059334998950362206,0.014212700072675943,0.00020370003767311573,0.02003282074385947,0.008846712679489435,0.9977874830217384,0.4536993775433805,16.0,0.005871800007298589,0.005998299922794104,0.0059334998950362206,0.013718799920752645,0.014649299904704094,0.014212700072675943,0.00017390004359185696,0.00020370003767311573,0.0002060001716017723
adam_switch_lr0.003_s0,adam,switch,0.003,0,2175,512,1,probe_loss,3.723399834926314,4.885158520299427,1.312015560208055,False,493,0.006523399846628308,0.015730499988421798,0.00019620009697973728,0.010393601050889009,0.00738808606216175,0.9976755612090704,0.29335328327632165,14.0,0.006920600077137351,0.006523399846628308,0.00642249989323318,0.016317600151523948,0.01569829974323511,0.015730499988421798,0.00019620009697973728,0.00019069993868470192,0.00020070001482963562
adam_switch_lr0.003_s0,adam,switch,0.003,0,2303,512,1,probe_loss,3.7369178080334686,5.472026864269628,1.464315552380118,False,493,0.0071026000659912825,0.01754850009456277,0.0002014001365751028,0.008020594759808042,0.006680202576349749,0.9968757090539923,0.40131081990793527,11.0,0.007093700114637613,0.007264999905601144,0.0071026000659912825,0.01754850009456277,0.018009199993684888,0.01740650017745793,0.00018370011821389198,0.0002014001365751028,0.0002131001092493534
adam_switch_lr0.003_s0,adam,switch,0.003,0,2431,512,1,probe_loss,3.6898199481212925,5.789140555981907,1.568949335571104,False,493,0.007445200113579631,0.01781770004890859,0.00020079989917576313,0.007217478848151476,0.006175786346752872,0.9965582125781797,0.337510012525946,12.0,0.007254800060763955,0.007885900093242526,0.007445200113579631,0.01781770004890859,0.018580100033432245,0.017270199954509735,0.0002087999600917101,0.00019729998894035816,0.00020079989917576313
adam_switch_lr0.003_s0,adam,switch,0.003,0,2559,512,1,probe_loss,3.771128638170835,5.695448632411828,1.510276943290477,False,493,0.007167200092226267,0.016872200183570385,0.00019640009850263596,0.006946685357419422,0.005849458681222203,0.9959613106707857,0.38982049469156993,13.0,0.007155400002375245,0.007167200092226267,0.007233999902382493,0.016872200183570385,0.016630399972200394,0.017226299736648798,0.00019640009850263596,0.00018249987624585629,0.00025289994664490223
adam_switch_lr0.003_s0,adam,switch,0.003,0,2687,512,1,probe_loss,4.548404194405552,6.472086859208053,1.422935733629081,False,493,0.008044199785217643,0.019382499856874347,0.00021580001339316368,0.004727758920659454,0.004556151557275595,0.9933264821969189,0.48316572945989555,19.0,0.00806879997253418,0.008044199785217643,0.0077674000058323145,0.01941029983572662,0.019382499856874347,0.01922230003401637,0.00023749982938170433,0.00020219990983605385,0.00021580001339316368
adam_switch_lr0.003_s0,adam,switch,0.003,0,2815,512,1,probe_loss,4.114366667786319,6.02680580376218,1.4648198107741388,False,493,0.00752360001206398,0.017923600040376186,0.00019280007109045982,0.00510127011511557,0.00428858537758537,0.9920532967585627,0.4609663960220402,18.0,0.007984499912708998,0.00752360001206398,0.007515799952670932,0.01859730016440153,0.017735699890181422,0.017923600040376186,0.00019280007109045982,0.00019659986719489098,0.0001838000025600195
adam_switch_lr0.003_s0,adam,switch,0.003,0,2943,512,1,probe_loss,4.307037622501087,6.431108706529646,1.493162881357678,False,493,0.007388500031083822,0.01735939970239997,0.00020929984748363495,0.005852998034822188,0.004395761073559776,0.9921122829290083,0.48790854861666816,20.0,0.007398300105705857,0.007388500031083822,0.007374099921435118,0.01733179995790124,0.017374999821186066,0.01735939970239997,0.0002159997820854187,0.00020929984748363495,0.00019589997828006744
adam_switch_lr0.003_s0,adam,switch,0.003,0,3071,512,1,probe_loss,4.610446674885039,6.9956555918255665,1.5173487701167268,False,493,0.0073621999472379684,0.018022199859842658,0.00020949984900653362,0.005444571276798601,0.005424970624585205,0.9945182309709077,0.3828830542213559,8.0,0.007415200117975473,0.0073621999472379684,0.007361900061368942,0.018073300132527947,0.018022199859842658,0.017980200005695224,0.0002818999346345663,0.00020949984900653362,0.00019560009241104126
adam_switch_lr0.003_s0,adam,switch,0.003,0,511,512,1,grad_norm,11.167790443926986,16.74243285855288,1.4991714737678814,False,493,0.009007299784570932,0.02059399988502264,0.0001908999402076006,0.3877564489056999,0.3497394628042775,0.14254775272233644,0.9027808000623657,203.0,0.008866699878126383,0.009007299784570932,0.009099599905312061,0.020582399796694517,0.020678799832239747,0.02059399988502264,0.0001908999402076006,0.00018909992650151253,0.00019999989308416843
adam_switch_lr0.003_s0,adam,switch,0.003,0,639,512,1,grad_norm,9.861354587836555,12.412870821597885,1.2587389197938879,False,493,0.009490299969911575,0.021346700144931674,0.0002063000574707985,0.30223473813746476,0.25030841829638983,0.11531969905910841,0.8539589277687788,211.0,0.009490299969911575,0.00909310020506382,0.009508299874141812,0.021346700144931674,0.020777600118890405,0.021424999926239252,0.0002063000574707985,0.00021789991296827793,0.0001898000482469797
adam_switch_lr0.003_s0,adam,switch,0.003,0,767,512,1,grad_norm,11.974955620734374,16.995658688561026,1.4192669456856621,False,493,0.010032099904492497,0.02218560012988746,0.0002001000102609396,0.2904658863449391,0.2721735074126069,0.034365146106407896,0.8977048288794467,229.0,0.010202700039371848,0.009914299938827753,0.010032099904492497,0.02294629975222051,0.022164100082591176,0.02218560012988746,0.0002004997804760933,0.0001938999630510807,0.0002001000102609396
adam_switch_lr0.003_s0,adam,switch,0.003,0,895,512,1,grad_norm,11.956397919202786,15.683107447093471,1.3116916610733855,False,493,0.009979600086808205,0.02267719991505146,0.00021319999359548092,0.26399555208462194,0.24962469265387427,0.13389632471146018,0.8849053126092388,240.0,0.009979600086808205,0.00995189999230206,0.010299500077962875,0.022731599863618612,0.02230109996162355,0.02267719991505146,0.0002004997804760933,0.00021319999359548092,0.0002493998035788536
adam_switch_lr0.003_s0,adam,switch,0.003,0,1023,512,1,grad_norm,12.1578983492727,17.571336230886082,1.445260992162944,False,493,0.01019790000282228,0.02283060015179217,0.00020459992811083794,0.25194881941751507,0.24680625051978466,0.12065945049585972,0.8897566020438369,232.0,0.010204400168731809,0.01019790000282228,0.010109700029715896,0.022704000119119883,0.02324220002628863,0.02283060015179217,0.0002438998781144619,0.00019789999350905418,0.00020459992811083794
adam_switch_lr0.003_s0,adam,switch,0.003,0,1151,512,1,grad_norm,12.571026250893654,18.173096918153018,1.445633519129842,False,493,0.010402800049632788,0.023063699947670102,0.00020510004833340645,0.2514138516548776,0.251411082921801,0.03649615430261355,0.8951910635536704,241.0,0.010595500003546476,0.010402800049632788,0.010169000132009387,0.02385319978930056,0.023063699947670102,0.022678300039842725,0.00022939988411962986,0.00020219990983605385,0.00020510004833340645
adam_switch_lr0.003_s0,adam,switch,0.003,0,1279,512,1,grad_norm,12.980811857462392,20.178797453055555,1.5545096620020107,False,493,0.010211599990725517,0.022556000156328082,0.0001992001198232174,0.24337167543584146,0.24252747486438223,0.00814359140840109,0.9137407652050669,243.0,0.010023399954661727,0.010211599990725517,0.010360599961131811,0.022556000156328082,0.022471799980849028,0.023836999898776412,0.0001881001517176628,0.0001992001198232174,0.00023799994960427284
adam_switch_lr0.003_s0,adam,switch,0.003,0,1407,512,1,grad_norm,13.768055517302695,20.466901917546604,1.4865499265183295,False,493,0.010096400044858456,0.023010400123894215,0.00023450003936886787,0.23834597846785627,0.2377500137276093,-0.014841933177800732,0.9189376643285324,246.0,0.01007930003106594,0.010279600042849779,0.010096400044858456,0.023010400123894215,0.022742700297385454,0.023066700203344226,0.00023450003936886787,0.0002505001612007618,0.0002188000362366438
adam_switch_lr0.003_s0,adam,switch,0.003,0,1535,512,1,grad_norm,13.159291630397716,20.552523043023132,1.561825941720692,False,493,0.010378299979493022,0.022975899977609515,0.00023489980958402157,0.23243167585653926,0.23239906524423337,-0.024587836626915834,0.9185547687295761,248.0,0.010219000047072768,0.01038139988668263,0.010378299979493022,0.022560300072655082,0.023281399626284838,0.022975899977609515,0.00022680009715259075,0.00023489980958402157,0.0002465001307427883
adam_switch_lr0.003_s0,adam,switch,0.003,0,1663,512,1,grad_norm,11.509864217197814,12.696502253488868,1.1030974835061913,False,493,0.00958020007237792,0.021908200113102794,0.00022749998606741428,0.2587207699278005,0.22816991574162718,0.182513568672384,0.8560684288888273,190.0,0.009737699991092086,0.00958020007237792,0.00956059992313385,0.021908200113102794,0.0221178000792861,0.021867599803954363,0.0002147001214325428,0.00023830006830394268,0.00022749998606741428
adam_switch_lr0.003_s0,adam,switch,0.003,0,1791,512,1,grad_norm,11.746812752449225,17.84863345424391,1.519444791568883,False,493,0.00946640013717115,0.02137370011769235,0.00021130009554326534,0.23332924527385598,0.18657901360514292,0.22133894549402053,0.8442362734220061,197.0,0.009649600135162473,0.00946640013717115,0.00919759995304048,0.02137370011769235,0.02198340045288205,0.020924400072544813,0.00020519993267953396,0.00022510020062327385,0.00021130009554326534
adam_switch_lr0.003_s0,adam,switch,0.003,0,1919,512,1,grad_norm,11.390468118322014,15.81579983294942,1.3885118389040645,False,493,0.009303499944508076,0.02109929989092052,0.00021279999054968357,0.18484042589853997,0.16454436781840623,0.37240724023815375,0.7372491501180636,172.0,0.009263399988412857,0.009303499944508076,0.009489999851211905,0.02083729999139905,0.02109929989092052,0.021366299828514457,0.00020459992811083794,0.00022009992972016335,0.00021279999054968357
adam_switch_lr0.003_s0,adam,switch,0.003,0,2047,512,1,grad_norm,12.701389732727842,18.729156727125723,1.4745753906650114,False,493,0.01008189981803298,0.022554800380021334,0.00023470004089176655,0.10651463473481905,0.09896228608900752,0.018474187447932562,0.9119206407466591,261.0,0.00986480014398694,0.010463499929755926,0.01008189981803298,0.022554800380021334,0.022938799811527133,0.022488599875941873,0.0002014001365751028,0.00024809991009533405,0.00023470004089176655
adam_switch_lr0.003_s0,adam,switch,0.003,0,2175,512,1,grad_norm,12.591353726192336,19.05784853653287,1.5135662892933452,False,493,0.010005000047385693,0.022529100067913532,0.0002419000957161188,0.10998959149607178,0.10100544393007907,-0.03891660426750978,0.9225365738637792,262.0,0.00999940000474453,0.010210599983111024,0.010005000047385693,0.022529100067913532,0.022995200008153915,0.022529100067913532,0.00021219998598098755,0.0002419000957161188,0.00024259998463094234
adam_switch_lr0.003_s0,adam,switch,0.003,0,2303,512,1,grad_norm,12.965662576641575,19.11959417447808,1.4746330209859992,False,493,0.010263300035148859,0.022821699967607856,0.0002258999738842249,0.11030809058852313,0.1025678184119876,-0.04746734628067741,0.9237378416438096,263.0,0.010570100042968988,0.010263300035148859,0.00995619990862906,0.022821699967607856,0.023375799879431725,0.022428099997341633,0.0002258999738842249,0.00023199990391731262,0.00021780002862215042
adam_switch_lr0.003_s0,adam,switch,0.003,0,2431,512,1,grad_norm,12.747580537441833,19.08382542217351,1.4970547050964722,False,493,0.010179499862715602,0.02250479976646602,0.00022380007430911064,0.11274259504071399,0.10622753860385495,-0.062094778785001914,0.9251430744383432,260.0,0.010179499862715602,0.010418999940156937,0.009855900192633271,0.02250479976646602,0.02293629990890622,0.022423600312322378,0.00022380007430911064,0.0002196000423282385,0.00022920011542737484
adam_switch_lr0.003_s0,adam,switch,0.003,0,2559,512,1,grad_norm,14.174869759314381,22.23165269771154,1.568384971093156,False,493,0.01002770010381937,0.022511200048029423,0.00022450019605457783,0.12079073306483878,0.11476110052664422,-0.02816210211423762,0.9341009798017117,250.0,0.010240900097414851,0.009968100115656853,0.01002770010381937,0.022511200048029423,0.02240619994699955,0.022581300232559443,0.0002544999588280916,0.00021329987794160843,0.00022450019605457783
adam_switch_lr0.003_s0,adam,switch,0.003,0,2687,512,1,grad_norm,13.964744012586317,20.65961819384632,1.47941259612249,False,493,0.010225200094282627,0.022936000023037195,0.00022769998759031296,0.13285335831732248,0.12834678746374417,-0.03542555888127374,0.9288505281909375,254.0,0.010225200094282627,0.009901799960061908,0.010840000119060278,0.022936000023037195,0.02243910008110106,0.023500500014051795,0.00021500000730156898,0.00022769998759031296,0.000228899996727705
adam_switch_lr0.003_s0,adam,switch,0.003,0,2815,512,1,grad_norm,13.336147570303732,19.95366824056882,1.4962093164746206,False,493,0.01036820001900196,0.0231218000408262,0.00023110001347959042,0.13747812089631992,0.13421837540204945,-0.055503087917939994,0.9212563738378806,257.0,0.010403499938547611,0.010264100041240454,0.01036820001900196,0.024192600045353174,0.022979400120675564,0.0231218000408262,0.00023110001347959042,0.0002272001001983881,0.00023410003632307053
adam_switch_lr0.003_s0,adam,switch,0.003,0,2943,512,1,grad_norm,12.580022433229086,18.987293403133148,1.5093211084409346,False,493,0.010271199978888035,0.02276349999010563,0.00021119997836649418,0.14418808030605157,0.14157517570275496,-0.020764049719058535,0.9278193501636779,232.0,0.010157200042158365,0.010271199978888035,0.010351100005209446,0.02276349999010563,0.02262519975192845,0.02311450010165572,0.0002204999327659607,0.00020659994333982468,0.00021119997836649418
adam_switch_lr0.003_s0,adam,switch,0.003,0,3071,512,1,grad_norm,12.22895966773553,19.137526300683113,1.5649349430086772,False,493,0.010282800067216158,0.0228880001232028,0.0002389999572187662,0.14815425239577074,0.14570606013563453,-0.024991000254309264,0.9325197955382898,238.0,0.010305299889296293,0.010282800067216158,0.010238900082185864,0.02316619991324842,0.0228880001232028,0.022610200103372335,0.0002389999572187662,0.0002609000075608492,0.00022440007887780666
adam_switch_lr0.003_s0,adam,switch,0.003,0,255,256,1,train_loss,10.223262953304953,11.74176027091742,1.1485335283410243,False,237,0.002821899950504303,0.006224100012332201,0.00018620002083480358,0.28339143366906,0.1881168267417872,0.9353011675693934,0.527930737805007,32.0,,,,,,,,,
adam_switch_lr0.003_s0,adam,switch,0.003,0,383,256,1,train_loss,9.023131666521751,11.709521390045909,1.2977225449886083,False,237,0.002841099863871932,0.006387099856510758,0.00018660002388060093,0.09189543529699215,0.040851318177688466,0.06986664425823719,0.9235360576211695,122.0,,,,,,,,,
adam_switch_lr0.003_s0,adam,switch,0.003,0,511,256,1,train_loss,9.161668505055989,11.416525841142885,1.2461186338320933,False,237,0.002932499861344695,0.006389099871739745,0.00018349988386034966,0.08406630517381203,0.04259402725915682,-0.005435330794370039,0.9045893378352177,127.0,,,,,,,,,
adam_switch_lr0.003_s0,adam,switch,0.003,0,639,256,1,train_loss,10.540787559966093,14.815928012608387,1.405580743214983,False,237,0.0030489000491797924,0.006623399909585714,0.00018449989147484303,0.06950143565491967,0.04419085582395992,-0.04110587086547203,0.9180357546937293,132.0,,,,,,,,,
adam_switch_lr0.003_s0,adam,switch,0.003,0,767,256,1,train_loss,11.474702276406079,15.69107784284138,1.367449670141323,False,237,0.003230700036510825,0.00689359987154603,0.00019509997218847275,0.05921105496947495,0.0447916885511325,-0.04415184749586251,0.918259605613427,126.0,,,,,,,,,
adam_switch_lr0.003_s0,adam,switch,0.003,0,895,256,1,train_loss,11.04373297937943,15.468754016232166,1.4006816395429897,False,237,0.003115300089120865,0.006833400344476104,0.00017950008623301983,0.06179471265477238,0.048378016964775006,0.011553052993240717,0.9017080245390855,133.0,,,,,,,,,
adam_switch_lr0.003_s0,adam,switch,0.003,0,1023,256,1,train_loss,10.9489299780304,17.312744277853408,1.5812270525606005,False,237,0.003109299810603261,0.00675099971704185,0.0001838000025600195,0.0652607646544561,0.051679106382091514,0.04623291168955197,0.9285517618105159,136.0,,,,,,,,,
adam_switch_lr0.003_s0,adam,switch,0.003,0,1151,256,1,train_loss,12.557318194298029,20.48016396154612,1.6309345390997307,False,237,0.0031875998247414827,0.006903500063344836,0.00018880004063248634,0.061254956877472955,0.05514569073300243,0.00867630939269032,0.9047941207770859,130.0,,,,,,,,,
adam_switch_lr0.003_s0,adam,switch,0.003,0,1279,256,1,train_loss,12.312472112191966,19.28106030483673,1.5659779879415425,False,237,0.0032544999849051237,0.007017299998551607,0.00018199998885393143,0.05783050393984937,0.05563168765459884,0.02476353065611759,0.9098831600841096,125.0,,,,,,,,,
adam_switch_lr0.003_s0,adam,switch,0.003,0,1407,256,1,train_loss,12.769826349938354,20.18972382861777,1.5810492073539617,False,237,0.0033539000432938337,0.00713990000076592,0.00019199983216822147,0.06055286915728354,0.05741796061076746,0.03229108231982103,0.9147674083069701,115.0,,,,,,,,,
adam_switch_lr0.003_s0,adam,switch,0.003,0,1535,256,1,train_loss,11.540673935803888,16.11142909872668,1.3960561738723458,False,237,0.0032933999318629503,0.007057200185954571,0.00017730006948113441,0.06117769429610922,0.060846076700979884,0.032188605073168,0.9138434685558778,112.0,,,,,,,,,
adam_switch_lr0.003_s0,adam,switch,0.003,0,1663,256,1,train_loss,9.672665701810722,13.179328424313171,1.3625332282336609,False,237,0.0037266998551785946,0.007188099902123213,0.0001799999736249447,0.07434977823247477,0.059871607504296154,0.06555889018216747,0.9043255422856858,118.0,,,,,,,,,
adam_switch_lr0.003_s0,adam,switch,0.003,0,1791,256,1,train_loss,11.30816437319764,17.804327089099203,1.574466597894405,False,237,0.003143100067973137,0.006840500049293041,0.00017359992489218712,0.06285829626203122,0.05714814688663675,0.03257083770769365,0.9244086697742447,125.0,,,,,,,,,
adam_switch_lr0.003_s0,adam,switch,0.003,0,1919,256,1,train_loss,12.055608886710917,19.310184175506304,1.6017593434697617,False,237,0.0032696998678147793,0.007168399868533015,0.00017779995687305927,0.05828637439382242,0.05782882804939065,-0.01322535752000163,0.9245851963590606,132.0,,,,,,,,,
adam_switch_lr0.003_s0,adam,switch,0.003,0,2047,256,1,train_loss,12.107775837486422,18.055381915099026,1.4912220177712945,False,237,0.003348099999129772,0.007098600035533309,0.00016910000704228878,0.061279956676111816,0.06123091171381518,-0.04190311503696867,0.91122059413721,139.0,,,,,,,,,
adam_switch_lr0.003_s0,adam,switch,0.003,0,2175,256,1,train_loss,11.798003512574493,17.79253734804315,1.508097308928548,False,237,0.003243400016799569,0.00703190010972321,0.0001781000755727291,0.062302781990256094,0.06193981659901558,-0.04576472965873108,0.9072348081442494,129.0,,,,,,,,,
adam_switch_lr0.003_s0,adam,switch,0.003,0,2303,256,1,train_loss,12.323560701835971,17.70417874619016,1.436612288812971,False,237,0.0032540999818593264,0.007032699882984161,0.00017650006338953972,0.058614711432142655,0.058463857608077915,-0.08584617500446937,0.9115654021018922,135.0,,,,,,,,,
adam_switch_lr0.003_s0,adam,switch,0.003,0,2431,256,1,train_loss,11.521246863203496,17.304539849022767,1.501967630282268,False,237,0.003310800064355135,0.007076899986714125,0.0001721999142318964,0.05384730213107398,0.05319626380909166,-0.12471805419253516,0.9096484307923833,139.0,,,,,,,,,
adam_switch_lr0.003_s0,adam,switch,0.003,0,2559,256,1,train_loss,12.109414017171021,18.213905479102696,1.504111219029721,False,237,0.003548200009390712,0.007236500037834048,0.0001846000086516142,0.0556293179269827,0.0555250556853282,-0.039061394034500665,0.928679122408984,123.0,,,,,,,,,
adam_switch_lr0.003_s0,adam,switch,0.003,0,2687,256,1,train_loss,12.429502714726961,18.66211332246954,1.5014368435157055,False,237,0.003167100017890334,0.006850299891084433,0.0001737999264150858,0.05932162657078765,0.059170649757254994,-0.035228496468727416,0.9177820675318544,128.0,,,,,,,,,
adam_switch_lr0.003_s0,adam,switch,0.003,0,2815,256,1,train_loss,12.335818379951439,18.67382272770949,1.5137887209865843,False,237,0.0034670999739319086,0.00732049997895956,0.0001900000497698784,0.05898190740570315,0.05857286170712295,-0.008087671505419655,0.9167361120998856,117.0,,,,,,,,,
adam_switch_lr0.003_s0,adam,switch,0.003,0,2943,256,1,train_loss,12.460199674616904,19.62659189777598,1.5751426470121486,False,237,0.003239300101995468,0.006893000099807978,0.00016689999029040337,0.06273628426714922,0.06270660758794026,-0.018737978430103407,0.9196381572468116,121.0,,,,,,,,,
adam_switch_lr0.003_s0,adam,switch,0.003,0,3071,256,1,train_loss,12.193511430153027,18.382872271783846,1.5075946233441258,False,237,0.003236300079151988,0.007138699991628528,0.0001933998428285122,0.06555584257652068,0.06555438115226478,-0.057057137681043237,0.9244916570449018,136.0,,,,,,,,,
adam_switch_lr0.003_s0,adam,switch,0.003,0,255,256,1,probe_loss,7.164021688155045,8.256034082356813,1.1524300793236424,False,237,0.0024093000683933496,0.005453200079500675,0.00015689991414546967,0.28676394604188254,0.1855658012824231,0.9953149584044434,0.471380902114739,2.0,,,,,,,,,
adam_switch_lr0.003_s0,adam,switch,0.003,0,383,256,1,probe_loss,6.22870993368617,6.633769687849011,1.06503108323799,False,237,0.002273400081321597,0.00523729994893074,0.00015639979392290115,0.08192785569602837,0.017231833664604023,0.8448690409388789,0.6976779459162963,48.0,,,,,,,,,
adam_switch_lr0.003_s0,adam,switch,0.003,0,511,256,1,probe_loss,5.767470836775294,5.749736974938988,0.9969251926298042,False,237,0.002546100178733468,0.005864500300958753,0.00018060021102428436,0.057385486650624845,0.015853920095404025,0.8313970388592726,0.7227758558390573,55.0,,,,,,,,,
adam_switch_lr0.003_s0,adam,switch,0.003,0,639,256,1,probe_loss,5.777717801666474,9.04746616711549,1.565923860889488,False,237,0.0026602998841553926,0.005920899799093604,0.00016369996592402458,0.038369155714447996,0.01563740927007385,0.8892961776372302,0.6916591601146262,43.0,,,,,,,,,
adam_switch_lr0.003_s0,adam,switch,0.003,0,767,256,1,probe_loss,6.237806510096142,7.7243605109362745,1.2383135800115128,False,237,0.0030502998270094395,0.006545799784362316,0.00017279991880059242,0.02881313321610235,0.01562383774494651,0.8978480199701376,0.6443239897240156,34.0,,,,,,,,,
adam_switch_lr0.003_s0,adam,switch,0.003,0,895,256,1,probe_loss,3.9335906141454795,4.44025539113829,1.1288046537356498,False,237,0.002658299868926406,0.006053699878975749,0.0001634999644011259,0.03544260022791163,0.016397695526183243,0.9022046908828719,0.647097227859842,30.0,,,,,,,,,
adam_switch_lr0.003_s0,adam,switch,0.003,0,1023,256,1,probe_loss,5.833216557757035,9.79316994446548,1.6788627419365192,False,237,0.0032313999254256487,0.006792099913582206,0.00016540009528398514,0.022231846508759413,0.017983851649682706,0.9316454174853266,0.6117436916884611,35.0,,,,,,,,,
adam_switch_lr0.003_s0,adam,switch,0.003,0,1151,256,1,probe_loss,6.096667116878762,8.925804662581392,1.4640465833980172,False,237,0.003044900018721819,0.00670839985832572,0.00018660002388060093,0.019447875899417384,0.014831349699978187,0.9175200193030842,0.6594722692242867,35.0,,,,,,,,,
adam_switch_lr0.003_s0,adam,switch,0.003,0,1279,256,1,probe_loss,5.023378811201295,11.149834219684871,2.219588575486803,False,237,0.00303539982996881,0.006598499836400151,0.00018839980475604534,0.024566193575001668,0.017536276290048315,0.9375917594597689,0.6635724522751726,29.0,,,,,,,,,
adam_switch_lr0.003_s0,adam,switch,0.003,0,1407,256,1,probe_loss,4.667790970154986,6.9766726483260095,1.4946411895763108,False,237,0.0030851999763399363,0.0066686999052762985,0.00017230003140866756,0.024193212340008954,0.018006262883257657,0.9405853674556836,0.6195767188463994,27.0,,,,,,,,,
adam_switch_lr0.003_s0,adam,switch,0.003,0,1535,256,1,probe_loss,5.050874307093777,8.236371264004516,1.6306822865175676,False,237,0.003052599960938096,0.006636900128796697,0.00016950001008808613,0.02070257851736814,0.01588041071676775,0.9451492949160875,0.6143178471439967,22.0,,,,,,,,,
adam_switch_lr0.003_s0,adam,switch,0.003,0,1663,256,1,probe_loss,3.4147027222403685,4.809034437910732,1.4083318019424982,False,237,0.002310599898919463,0.005761399865150452,0.00026999996043741703,0.03706201690789075,0.015009150529118576,0.9785809406345322,0.46800905306403306,10.0,,,,,,,,,
adam_switch_lr0.003_s0,adam,switch,0.003,0,1791,256,1,probe_loss,3.2683220175928613,5.118378920212081,1.5660571059585484,False,237,0.0025024001952260733,0.005651400191709399,0.0001604000572115183,0.01670952683452939,0.008934128654818312,0.9977754295205179,0.42444034307556133,8.0,,,,,,,,,
adam_switch_lr0.003_s0,adam,switch,0.003,0,1919,256,1,probe_loss,4.040711420620662,5.580733283136393,1.3811264161693537,False,237,0.0026213000528514385,0.005906699923798442,0.00017319992184638977,0.009696799865223307,0.0048282458778445,0.9948357861224285,0.37755248128070656,10.0,,,,,,,,,
adam_switch_lr0.003_s0,adam,switch,0.003,0,2047,256,1,probe_loss,3.3154055822629993,4.0034005422926136,1.2075145688691302,False,237,0.0025923000648617744,0.005839500110596418,0.00016549997963011265,0.007426650241748729,0.005693756453483128,0.9954261566505841,0.3117486981297663,4.0,,,,,,,,,
adam_switch_lr0.003_s0,adam,switch,0.003,0,2175,256,1,probe_loss,4.553866668412453,10.58715223973278,2.3248709307125197,False,237,0.0026970000471919775,0.0061605998780578375,0.0001854998990893364,0.005715668276114914,0.005222703461378376,0.9951352009134873,0.47381399859481127,9.0,,,,,,,,,
adam_switch_lr0.003_s0,adam,switch,0.003,0,2303,256,1,probe_loss,3.866422454406555,6.9570236159889065,1.7993438890931328,False,237,0.002750299870967865,0.006164000136777759,0.00018830015324056149,0.007950838253225016,0.006073799733606527,0.9964722440213286,0.2595614312793423,4.0,,,,,,,,,
adam_switch_lr0.003_s0,adam,switch,0.003,0,2431,256,1,probe_loss,3.1506157795261274,5.286344715644921,1.6778766709662136,False,237,0.002750700106844306,0.0061778000090271235,0.00016469997353851795,0.005554781220253578,0.005306012347662157,0.9954081720274414,0.287151610959461,2.0,,,,,,,,,
adam_switch_lr0.003_s0,adam,switch,0.003,0,2559,256,1,probe_loss,4.073171976349698,6.371876114511826,1.5643523405123159,False,237,0.0029333001002669334,0.006544900126755238,0.0001721000298857689,0.0036381615142236216,0.0034635010157270645,0.9879925521584,0.5054321890627425,17.0,,,,,,,,,
adam_switch_lr0.003_s0,adam,switch,0.003,0,2687,256,1,probe_loss,4.044295993732505,6.07829996980879,1.502931531032448,False,237,0.00300579983741045,0.006413399940356612,0.00016360008157789707,0.0036764280370254875,0.0030884257638510264,0.9845432654406583,0.4959783878067283,15.0,,,,,,,,,
adam_switch_lr0.003_s0,adam,switch,0.003,0,2815,256,1,probe_loss,4.092952555057309,6.827307465744714,1.668064160017882,False,237,0.0025955999735742807,0.00583439995534718,0.00015980005264282227,0.004977339819795418,0.003981754488216268,0.9907617420176389,0.39799833969159987,8.0,,,,,,,,,
adam_switch_lr0.003_s0,adam,switch,0.003,0,2943,256,1,probe_loss,4.225165302050954,7.324178511940719,1.7334655542081303,False,237,0.0030724999960511923,0.0065576001070439816,0.00017570005729794502,0.0043981718168722445,0.004241740760067013,0.9914611582172073,0.4458098124502364,10.0,,,,,,,,,
adam_switch_lr0.003_s0,adam,switch,0.003,0,3071,256,1,probe_loss,4.37755261597209,6.280453492306693,1.4346951466423528,False,237,0.0026181999128311872,0.0058367999736219645,0.0001596000511199236,0.005811908812577471,0.004825286967763399,0.9926087277099217,0.38745909777855714,13.0,,,,,,,,,
adam_switch_lr0.003_s0,adam,switch,0.003,0,255,256,1,grad_norm,11.247315848283842,16.934092971285622,1.5056119344127328,False,237,0.0031748998444527388,0.006900399923324585,0.0001775000710040331,0.37727715537650786,0.37470015908267157,0.13231548784560015,0.9099378395305298,85.0,,,,,,,,,
adam_switch_lr0.003_s0,adam,switch,0.003,0,383,256,1,grad_norm,8.405789183834695,9.339733834271483,1.1111073130685778,False,237,0.0030026999302208424,0.006543099880218506,0.00016489997506141663,0.3166480243346429,0.2532306937946722,-0.11203478189506176,0.8892699614508909,133.0,,,,,,,,,
adam_switch_lr0.003_s0,adam,switch,0.003,0,511,256,1,grad_norm,10.798664747636384,15.581592483877799,1.4429184392716983,False,237,0.0032876001205295324,0.007005900144577026,0.00016169995069503784,0.29274303829263715,0.287820306263224,-0.0521386868121404,0.8927083896311705,123.0,,,,,,,,,
adam_switch_lr0.003_s0,adam,switch,0.003,0,639,256,1,grad_norm,10.85786269432268,15.919813328930326,1.4662013857712919,False,237,0.003433499950915575,0.007085599936544895,0.0001813000999391079,0.21327368063470248,0.21262270783899348,0.11903517387615316,0.9009957517695258,129.0,,,,,,,,,
adam_switch_lr0.003_s0,adam,switch,0.003,0,767,256,1,grad_norm,10.791832689029295,15.367633577788357,1.4240059145293,False,237,0.003213099902495742,0.006876499857753515,0.00017220014706254005,0.2662941927307241,0.25317164443619844,0.12514369743796827,0.881880336235953,110.0,,,,,,,,,
adam_switch_lr0.003_s0,adam,switch,0.003,0,895,256,1,grad_norm,10.730151824370964,12.616686679506108,1.1758162313090792,False,237,0.0032211998477578163,0.00702359969727695,0.00017899996601045132,0.27513633680181204,0.2751145101229004,0.10011976353031614,0.8719804625689845,106.0,,,,,,,,,
adam_switch_lr0.003_s0,adam,switch,0.003,0,1023,256,1,grad_norm,11.83522345341074,16.46881833117888,1.391508863014564,False,237,0.0033342998940497637,0.007186199771240354,0.00017249980010092258,0.2316044652627031,0.23160445636190666,0.04897760333623438,0.9091235645549433,124.0,,,,,,,,,
adam_switch_lr0.003_s0,adam,switch,0.003,0,1151,256,1,grad_norm,11.721054585612526,16.31808658001604,1.392202933688776,False,237,0.003377299988642335,0.007207800168544054,0.00022950000129640102,0.2252062293643578,0.22520265673511453,-0.0588721809533526,0.8989240186023028,137.0,,,,,,,,,
adam_switch_lr0.003_s0,adam,switch,0.003,0,1279,256,1,grad_norm,11.300064539442303,15.320938762827137,1.355827544997657,False,237,0.003404800081625581,0.00707480008713901,0.00016329996287822723,0.2527382936626352,0.2526697286952598,-0.02866849901235953,0.9164880032342398,124.0,,,,,,,,,
adam_switch_lr0.003_s0,adam,switch,0.003,0,1407,256,1,grad_norm,12.652550271506174,13.795204638813132,1.0903102017211694,False,237,0.00325179984793067,0.006928999908268452,0.00016870000399649143,0.2496114044677078,0.249450843164592,0.022963003269632104,0.8999949309541581,108.0,,,,,,,,,
adam_switch_lr0.003_s0,adam,switch,0.003,0,1535,256,1,grad_norm,11.412877017266725,17.788702046717134,1.5586518648894858,False,237,0.0033799000084400177,0.007040799828246236,0.00017010001465678215,0.20994906247553125,0.20993698002714972,-0.023377968761521373,0.8882668098206509,132.0,,,,,,,,,
adam_switch_lr0.003_s0,adam,switch,0.003,0,1663,256,1,grad_norm,8.480959451832055,7.591178909526399,0.8950849196533482,False,237,0.0029293999541550875,0.006383499829098582,0.00017339992336928844,0.22798893914015683,0.1681353043116112,0.1443647625578881,0.8713058886107408,115.0,,,,,,,,,
adam_switch_lr0.003_s0,adam,switch,0.003,0,1791,256,1,grad_norm,11.936414136959643,17.326057593045146,1.451529529240874,False,237,0.0032893000170588493,0.007187400013208389,0.0001901998184621334,0.1023651137664718,0.10203260022862445,0.12228694346083224,0.8980893665208001,121.0,,,,,,,,,
adam_switch_lr0.003_s0,adam,switch,0.003,0,1919,256,1,grad_norm,11.582585094748541,16.851308419853265,1.454883195936417,False,237,0.0033018002286553383,0.006976200034841895,0.00016019982285797596,0.09783453623352321,0.09600009222872884,-0.05879992425355682,0.9133781001528682,131.0,,,,,,,,,
adam_switch_lr0.003_s0,adam,switch,0.003,0,2047,256,1,grad_norm,11.62089913959793,17.418330397364223,1.4988797500196598,False,237,0.0032007000409066677,0.00684700021520257,0.00015990016981959343,0.09812843219914047,0.09493244959388507,-0.11851160715034464,0.9066568026032882,143.0,,,,,,,,,
adam_switch_lr0.003_s0,adam,switch,0.003,0,2175,256,1,grad_norm,11.261974577191799,15.928456307481937,1.414357331239309,False,237,0.003339800052344799,0.007123500108718872,0.0001775000710040331,0.10869690108891622,0.10566849070811568,-0.02212642803116253,0.9159251367031078,132.0,,,,,,,,,
adam_switch_lr0.003_s0,adam,switch,0.003,0,2303,256,1,grad_norm,12.162989018845277,19.15622407477681,1.5749602375778065,False,237,0.0034143999218940735,0.007206199923530221,0.00018640002235770226,0.1111125110434113,0.10955848675142553,0.005408195280032168,0.908285792377567,119.0,,,,,,,,,
adam_switch_lr0.003_s0,adam,switch,0.003,0,2431,256,1,grad_norm,12.679257848521798,18.66658216010765,1.472214098263163,False,237,0.003459800034761429,0.007141800131648779,0.00016760011203587055,0.1081590605792734,0.10654838882858277,-0.0978918026221228,0.9098571742763576,129.0,,,,,,,,,
adam_switch_lr0.003_s0,adam,switch,0.003,0,2559,256,1,grad_norm,13.434533060234495,18.76109799230318,1.3964830715132956,False,237,0.003389699850231409,0.0071715000085532665,0.00016740011051297188,0.1208115977771753,0.11970504373756696,-0.05912559100285012,0.9066094836016763,133.0,,,,,,,,,
adam_switch_lr0.003_s0,adam,switch,0.003,0,2687,256,1,grad_norm,11.286141779478907,15.714982903654448,1.3924140960401816,False,237,0.0032544999849051237,0.007033600006252527,0.00017099990509450436,0.14678963856793137,0.1465920091401141,-0.006745694127268624,0.9155031776915777,116.0,,,,,,,,,
adam_switch_lr0.003_s0,adam,switch,0.003,0,2815,256,1,grad_norm,10.568036972144867,15.230366310253055,1.4411726936986606,False,237,0.0032329000532627106,0.0070303999818861485,0.00017279991880059242,0.1479019697045863,0.1472942069008817,-0.05252337923908322,0.8994509193040486,119.0,,,,,,,,,
adam_switch_lr0.003_s0,adam,switch,0.003,0,2943,256,1,grad_norm,11.383472141099231,16.11068304991237,1.4152696866315397,False,237,0.0033710000570863485,0.007083899807184935,0.00016399985179305077,0.13685290451831514,0.1362132052414633,-0.03962857170322608,0.9189864509420262,118.0,,,,,,,,,
adam_switch_lr0.003_s0,adam,switch,0.003,0,3071,256,1,grad_norm,12.091194132245933,17.170340171288483,1.4200698445075004,False,237,0.0034088999964296818,0.0071680000983178616,0.00017310003750026226,0.14418933323650632,0.14397525566570515,0.005479241819658816,0.9086829525010889,120.0,,,,,,,,,
adam_switch_lr0.003_s0,adam,switch,0.003,0,1023,1024,1,train_loss,11.069668398778608,15.165088961138684,1.3699677727303874,False,1005,0.01940150000154972,0.046178000047802925,0.00024259998463094234,0.29274716765758485,0.14064341355598878,0.8850146683753691,0.6117755470338511,218.0,,,,,,,,,
adam_switch_lr0.003_s0,adam,switch,0.003,0,1151,1024,1,train_loss,11.487329129763136,16.444715935040477,1.431552604550433,False,1005,0.0217098998837173,0.051413599867373705,0.0002715999726206064,0.19489795508092386,0.06043651521204334,0.3883793366777418,0.6994897010770346,378.0,,,,,,,,,
adam_switch_lr0.003_s0,adam,switch,0.003,0,1279,1024,1,train_loss,11.576107716927964,16.748878895817555,1.4468489154886963,False,1005,0.022684700088575482,0.05347150005400181,0.00028469995595514774,0.16052780064219696,0.05887589072255166,0.31441583713245025,0.7727501726617952,414.0,,,,,,,,,
adam_switch_lr0.003_s0,adam,switch,0.003,0,1407,1024,1,train_loss,12.250507583559985,18.165601723269592,1.482844820866654,False,1005,0.02451279992237687,0.05867790011689067,0.0003400000277906656,0.13432746957631841,0.0573569119680366,0.1963768411513844,0.8496994932319964,452.0,,,,,,,,,
adam_switch_lr0.003_s0,adam,switch,0.003,0,1535,1024,1,train_loss,12.566169411838812,18.513956688707736,1.4733174511610043,False,1005,0.026704200077801943,0.06297650001943111,0.0002945999149233103,0.11381094342197573,0.05855515816147614,0.17881164123681503,0.8639343266412535,445.0,,,,,,,,,
adam_switch_lr0.003_s0,adam,switch,0.003,0,1663,1024,1,train_loss,12.120070116951252,17.718511112950228,1.461914901644747,False,1005,0.027779500000178814,0.06520229997113347,0.0002598999999463558,0.10879133017089024,0.058461107963111665,0.13120952963519525,0.909224674965806,455.0,,,,,,,,,
adam_switch_lr0.003_s0,adam,switch,0.003,0,1791,1024,1,train_loss,12.623330300615132,19.30333207138333,1.5291790368855898,False,1005,0.02709939982742071,0.06407009973190725,0.0003011999651789665,0.1070772486505527,0.05919145802256282,0.12001183096340162,0.9167787639743162,467.0,,,,,,,,,
adam_switch_lr0.003_s0,adam,switch,0.003,0,1919,1024,1,train_loss,12.99207562061157,19.78985915301239,1.523225366824091,False,1005,0.026970200007781386,0.06498680007643998,0.000264100031927228,0.10390209028788479,0.05987212102079568,0.09658362390507347,0.9142264276782619,467.0,,,,,,,,,
adam_switch_lr0.003_s0,adam,switch,0.003,0,2047,1024,1,train_loss,13.06684266300646,19.93551879205775,1.525656909338719,False,1005,0.027796999784186482,0.06697029969654977,0.0002927000168710947,0.10024483577948272,0.06234671665176906,0.12001379188065195,0.8952958455814282,470.0,,,,,,,,,
adam_switch_lr0.003_s0,adam,switch,0.003,0,2175,1024,1,train_loss,13.192509425497747,20.25846221644056,1.5356033915189884,False,1005,0.0296853999607265,0.06997179985046387,0.000264100031927228,0.09566011528684232,0.06403928195993257,0.1478298746601447,0.8763024771313113,442.0,,,,,,,,,
adam_switch_lr0.003_s0,adam,switch,0.003,0,2303,1024,1,train_loss,13.153654488198057,20.204596082487026,1.5360443062127969,False,1005,0.032362200086936355,0.07318229996599257,0.00024259998463094234,0.08754824582689869,0.0656949373771647,0.16907624895277093,0.8556756426015355,430.0,,,,,,,,,
adam_switch_lr0.003_s0,adam,switch,0.003,0,2431,1024,1,train_loss,13.05518837541875,20.450538533133482,1.5664682841068178,False,1005,0.030182800022885203,0.07123589981347322,0.00027859979309141636,0.07842674947480223,0.0642321849985718,0.15440406395735595,0.8604518516010439,462.0,,,,,,,,,
adam_switch_lr0.003_s0,adam,switch,0.003,0,2559,1024,1,train_loss,13.773559493444182,21.512147044303532,1.5618436944017773,False,1005,0.03169570001773536,0.07183349994011223,0.0002576999831944704,0.06399359261850635,0.05963936203212553,0.01649157105167455,0.9262825617626734,514.0,,,,,,,,,
adam_switch_lr0.003_s0,adam,switch,0.003,0,2687,1024,1,train_loss,14.06819313868147,21.476533574498166,1.5266021274222452,False,1005,0.03282929980196059,0.07371689984574914,0.0002570999786257744,0.060155477568780584,0.05828431287128854,-0.04656151135197087,0.9323885512665924,531.0,,,,,,,,,
adam_switch_lr0.003_s0,adam,switch,0.003,0,2815,1024,1,train_loss,14.107014630302515,21.37320179650716,1.5150761771095453,False,1005,0.03140669991262257,0.07147399988025427,0.00025010015815496445,0.06044093609072125,0.058695327735451996,-0.0363999598399492,0.9320036885528646,519.0,,,,,,,,,
adam_switch_lr0.003_s0,adam,switch,0.003,0,2943,1024,1,train_loss,14.28233609055093,21.255033828502185,1.4882042891123626,False,1005,0.031413499964401126,0.07198049989528954,0.00026979995891451836,0.061291868271003594,0.059510734414364184,-0.04582765425807361,0.935750246378076,522.0,,,,,,,,,
adam_switch_lr0.003_s0,adam,switch,0.003,0,3071,1024,1,train_loss,14.285267144429264,21.38813620290272,1.4972163969116474,False,1005,0.03169999993406236,0.07341980026103556,0.00026940018869936466,0.06087636816798162,0.059838617870015605,-0.04198814903639061,0.9362015170485647,529.0,,,,,,,,,
adam_switch_lr0.003_s0,adam,switch,0.003,0,1023,1024,1,probe_loss,6.102122951432477,7.789687603454499,1.276553695402985,False,1005,0.016476199962198734,0.03863020008429885,0.0002622001338750124,0.263383619663182,0.14592401504209457,0.9970360528625383,0.5029938751914348,30.0,,,,,,,,,
adam_switch_lr0.003_s0,adam,switch,0.003,0,1151,1024,1,probe_loss,5.86700154826698,7.693733158969869,1.3113569334650128,False,1005,0.01670509995892644,0.03965479996986687,0.00028229993768036366,0.14421034415294176,0.04734598896870584,0.9868722522837308,0.21636640471040577,40.0,,,,,,,,,
adam_switch_lr0.003_s0,adam,switch,0.003,0,1279,1024,1,probe_loss,5.6816013385584005,7.916625424476152,1.393379252210055,False,1005,0.017717599868774414,0.04198569990694523,0.0002669999375939369,0.10521749833415996,0.03182605541765531,0.9730831959312124,0.36104093329844017,64.0,,,,,,,,,
adam_switch_lr0.003_s0,adam,switch,0.003,0,1407,1024,1,probe_loss,5.467065938593588,7.765763060918052,1.4204626664729432,False,1005,0.018341399962082505,0.043619999662041664,0.00028339982964098454,0.08286641168546553,0.022863762283741044,0.9566520691727385,0.5156139663324839,90.0,,,,,,,,,
adam_switch_lr0.003_s0,adam,switch,0.003,0,1535,1024,1,probe_loss,5.482590649403028,7.845007084104897,1.4308941859372815,False,1005,0.019000000087544322,0.04512870009057224,0.00024129985831677914,0.07115966991359031,0.019812025258160552,0.9490790620853773,0.6197009331376431,106.0,,,,,,,,,
adam_switch_lr0.003_s0,adam,switch,0.003,0,1663,1024,1,probe_loss,4.7665060559534,6.910226169755582,1.4497466464192699,False,1005,0.019167600199580193,0.045574699994176626,0.00026439991779625416,0.07249181130350929,0.020021564734093153,0.9573084209659362,0.6075226324688768,91.0,,,,,,,,,
adam_switch_lr0.003_s0,adam,switch,0.003,0,1791,1024,1,probe_loss,4.822188400520769,7.451560946550835,1.545265412223651,False,1005,0.017676800023764372,0.04266620008274913,0.0002870000898838043,0.0723813929926548,0.01944359606346233,0.9634341771970732,0.5767470142350158,71.0,,,,,,,,,
adam_switch_lr0.003_s0,adam,switch,0.003,0,1919,1024,1,probe_loss,4.845386013715548,7.327168922380173,1.512195086550295,False,1005,0.01644739997573197,0.03866410022601485,0.00024010008201003075,0.07405529173574325,0.017493614904488808,0.9653162443515652,0.6004439646576839,69.0,,,,,,,,,
adam_switch_lr0.003_s0,adam,switch,0.003,0,2047,1024,1,probe_loss,4.157815590816893,6.110874807014244,1.469732044035563,False,1005,0.01559110009111464,0.037420500069856644,0.0002609000075608492,0.0708529822163108,0.01874265293292727,0.9761454247895729,0.52397770824914,55.0,,,,,,,,,
adam_switch_lr0.003_s0,adam,switch,0.003,0,2175,1024,1,probe_loss,4.169589606097976,5.9585303984928375,1.429044812894429,False,1005,0.01616760017350316,0.037992500234395266,0.0002620001323521137,0.0621149979967431,0.02332959689941191,0.9887388861973715,0.33824516770606416,45.0,,,,,,,,,
adam_switch_lr0.003_s0,adam,switch,0.003,0,2303,1024,1,probe_loss,3.94390074203337,5.960954723699265,1.511436294572149,False,1005,0.015500899869948626,0.036699599819257855,0.00025200005620718,0.05152490548806239,0.02391620269823555,0.9937189033851185,0.2198707161645789,8.0,,,,,,,,,
adam_switch_lr0.003_s0,adam,switch,0.003,0,2431,1024,1,probe_loss,3.6918915423202447,5.309152775385355,1.4380576229085835,False,1005,0.015301299979910254,0.03676729998551309,0.0002359000500291586,0.038591724910893035,0.022051969333909637,0.9972926808763759,0.25591827197654526,4.0,,,,,,,,,
adam_switch_lr0.003_s0,adam,switch,0.003,0,2559,1024,1,probe_loss,3.7948265721057175,5.346682616056878,1.4089399118679746,False,1005,0.016768400091677904,0.041228100191801786,0.0002943000290542841,0.018896817369463102,0.010963190934352525,0.9986748121456502,0.3821814490204065,16.0,,,,,,,,,
adam_switch_lr0.003_s0,adam,switch,0.003,0,2687,1024,1,probe_loss,4.058558596678459,5.520262580605092,1.3601534754537972,False,1005,0.019457000074908137,0.04709869995713234,0.00027989991940557957,0.01140462721386091,0.006849517669111075,0.9971689915444379,0.4150501518541487,20.0,,,,,,,,,
adam_switch_lr0.003_s0,adam,switch,0.003,0,2815,1024,1,probe_loss,4.0567631103615485,5.713631908361231,1.4084213824977367,False,1005,0.01857930002734065,0.0479802000336349,0.0002609000075608492,0.008764995761799657,0.005683711656777802,0.9955732468413396,0.44804870186941087,22.0,,,,,,,,,
adam_switch_lr0.003_s0,adam,switch,0.003,0,2943,1024,1,probe_loss,4.350140191563217,6.502111413566151,1.494690085201513,False,1005,0.018941600108519197,0.047781200148165226,0.00025560008361935616,0.008121234659381162,0.005436326041044171,0.9951939784969936,0.46793650804236114,24.0,,,,,,,,,
adam_switch_lr0.003_s0,adam,switch,0.003,0,3071,1024,1,probe_loss,4.218205376336325,6.106407064213795,1.4476315208524642,False,1005,0.019237299915403128,0.04824570007622242,0.00026270002126693726,0.007715069599712712,0.005892387571167422,0.9956920848002097,0.4434298567075154,26.0,,,,,,,,,
adam_switch_lr0.003_s0,adam,switch,0.003,0,1023,1024,1,grad_norm,12.151153870507095,17.560909857344946,1.4452051257426872,False,1005,0.027999599929898977,0.06627889978699386,0.000242199981585145,0.3784371645915317,0.30826399264561244,0.1675585226336099,0.9000782722519107,403.0,,,,,,,,,
adam_switch_lr0.003_s0,adam,switch,0.003,0,1151,1024,1,grad_norm,11.624646822165245,15.343189224576008,1.3198843336315775,False,1005,0.030658500036224723,0.07063570013269782,0.00026860018260776997,0.32243049654445166,0.26510797819308857,0.1723222624765921,0.8556947728578286,427.0,,,,,,,,,
adam_switch_lr0.003_s0,adam,switch,0.003,0,1279,1024,1,grad_norm,12.940003542619829,18.971308526229727,1.4660976300157027,False,1005,0.031259600073099136,0.07208489999175072,0.0002975999377667904,0.28094989446293694,0.2611644135224007,0.04776236309789723,0.908224254896808,480.0,,,,,,,,,
adam_switch_lr0.003_s0,adam,switch,0.003,0,1407,1024,1,grad_norm,13.446698751666604,19.784283310726522,1.4713115595212116,False,1005,0.033410900039598346,0.07541280006989837,0.00027920003049075603,0.2577268153880341,0.2467352426324336,0.08546368710910573,0.9106165559137758,466.0,,,,,,,,,
adam_switch_lr0.003_s0,adam,switch,0.003,0,1535,1024,1,grad_norm,13.472693531426549,21.018426219391298,1.5600760286251218,False,1005,0.03256030008196831,0.07389939995482564,0.0002601000014692545,0.24498934419028204,0.24126927102261445,0.0643686707418203,0.9166871306684706,476.0,,,,,,,,,
adam_switch_lr0.003_s0,adam,switch,0.003,0,1663,1024,1,grad_norm,12.598842823063194,16.3058065313265,1.2942304908731308,False,1005,0.03262859978713095,0.07341019995510578,0.0002834999468177557,0.2571237221069072,0.25033052870569966,0.1735045798036504,0.8777064591112016,420.0,,,,,,,,,
adam_switch_lr0.003_s0,adam,switch,0.003,0,1791,1024,1,grad_norm,13.150812978508501,20.33304150811802,1.5461433100255442,False,1005,0.030953300185501575,0.07336850021965802,0.00024410011246800423,0.2509635079543765,0.23109744605874843,0.2005150990287257,0.8525706269231408,396.0,,,,,,,,,
adam_switch_lr0.003_s0,adam,switch,0.003,0,1919,1024,1,grad_norm,13.177228348760865,19.895353385539146,1.5098283841616835,False,1005,0.031210099812597036,0.07276129978708923,0.0003101998008787632,0.2444563728466239,0.21280728360777004,0.17894700086703816,0.8664009433595786,403.0,,,,,,,,,
adam_switch_lr0.003_s0,adam,switch,0.003,0,2047,1024,1,grad_norm,12.968735207390147,19.73618021589102,1.5218276802077424,False,1005,0.03100130008533597,0.07220549997873604,0.0002661999315023422,0.23508654312610525,0.20139824767694015,0.19961049990460075,0.854835275307411,393.0,,,,,,,,,
adam_switch_lr0.003_s0,adam,switch,0.003,0,2175,1024,1,grad_norm,13.026995088229269,19.45276401598943,1.4932656291216582,False,1005,0.030293599935248494,0.07180749997496605,0.00026530004106462,0.21779240769089656,0.19516745099348665,0.3026433429129389,0.8019622581607084,359.0,,,,,,,,,
adam_switch_lr0.003_s0,adam,switch,0.003,0,2303,1024,1,grad_norm,13.179116750370232,19.64925732024689,1.4909388612628305,False,1005,0.03181999991647899,0.07238760008476675,0.00028220005333423615,0.18483310008903078,0.17787196515985074,0.3983338301552564,0.717593968257252,335.0,,,,,,,,,
adam_switch_lr0.003_s0,adam,switch,0.003,0,2431,1024,1,grad_norm,13.448221915122076,20.589608739304776,1.5310283299350116,False,1005,0.030650899978354573,0.07226260006427765,0.00028169993311166763,0.1549359213061565,0.15467391932200628,0.3933056252274378,0.7548175993901413,384.0,,,,,,,,,
adam_switch_lr0.003_s0,adam,switch,0.003,0,2559,1024,1,grad_norm,13.516451703754315,20.262784862322484,1.4991201320013827,False,1005,0.031572100007906556,0.07303930004127324,0.00042639998719096184,0.13317816068026336,0.10716283908079159,-0.008428056574527956,0.929593385226054,512.0,,,,,,,,,
adam_switch_lr0.003_s0,adam,switch,0.003,0,2687,1024,1,grad_norm,13.493734605023915,20.47664758543451,1.5174929835814877,False,1005,0.03271679999306798,0.07377410004846752,0.0002701000776141882,0.13850690744066385,0.11558362210165883,-0.03660727917150031,0.9370035019643433,513.0,,,,,,,,,
adam_switch_lr0.003_s0,adam,switch,0.003,0,2815,1024,1,grad_norm,13.542888093901356,20.5728854506926,1.519091445491379,False,1005,0.03151550004258752,0.0723164000082761,0.00026919995434582233,0.13989472198777048,0.11957590211600563,-0.04942228211425638,0.9322705027736488,519.0,,,,,,,,,
adam_switch_lr0.003_s0,adam,switch,0.003,0,2943,1024,1,grad_norm,13.174443975051721,20.002402707374923,1.518273009870718,False,1005,0.03286639996804297,0.07454599998891354,0.0002741999924182892,0.1427669620710086,0.1252795621212895,-0.03388051236090858,0.9299049706206257,495.0,,,,,,,,,
adam_switch_lr0.003_s0,adam,switch,0.003,0,3071,1024,1,grad_norm,13.525019444054669,21.347177969038217,1.578347303479997,False,1005,0.032425499986857176,0.07364029996097088,0.0002748998813331127,0.14590467717172118,0.1312627471243638,-0.02472931269257819,0.9334071858690781,495.0,,,,,,,,,
adam_switch_lr0.003_s0,adam,switch,0.003,0,511,512,4,train_loss,18.117007447685374,15.068940497170402,0.8317565989131173,False,436,0.015932600013911724,0.029904799768701196,0.00023719994351267815,0.27400520614545515,0.15703413348708686,0.914291604482136,0.6215360018410256,98.0,,,,,,,,,
adam_switch_lr0.003_s0,adam,switch,0.003,0,639,512,4,train_loss,16.295620150286922,16.225528916252877,0.9956987685410174,False,436,0.01616000011563301,0.03086489997804165,0.00024269986897706985,0.14177538292225111,0.04491211639186399,0.1073504883585218,0.8902533630033642,231.0,,,,,,,,,
adam_switch_lr0.003_s0,adam,switch,0.003,0,767,512,4,train_loss,15.271252246473688,16.963019299710243,1.110781160963876,False,436,0.01668870006687939,0.030879600206390023,0.0004008000250905752,0.11635689759897189,0.04693103724936856,0.11038811172433531,0.8729631919211605,224.0,,,,,,,,,
adam_switch_lr0.003_s0,adam,switch,0.003,0,895,512,4,train_loss,13.145466788356165,19.078005579979127,1.4512992111377754,False,436,0.016736499965190887,0.030659900046885014,0.00023739994503557682,0.09639932868797677,0.04717875526227695,0.020948043179534127,0.9122015418397101,266.0,,,,,,,,,
adam_switch_lr0.003_s0,adam,switch,0.003,0,1023,512,4,train_loss,13.834521772210772,18.494822893453247,1.3368602975929071,False,436,0.01676549995318055,0.03183929994702339,0.0002703999634832144,0.08794698189927475,0.04845394834061177,0.011041042573682778,0.9321970338339666,265.0,,,,,,,,,
adam_switch_lr0.003_s0,adam,switch,0.003,0,1151,512,4,train_loss,12.776875522158804,16.002241641652873,1.2524377821401131,False,436,0.0170737998560071,0.03140250011347234,0.0002277002204209566,0.08313768623507983,0.05220620468527299,0.02274521976872185,0.9280775173149667,249.0,,,,,,,,,
adam_switch_lr0.003_s0,adam,switch,0.003,0,1279,512,4,train_loss,12.923382394538084,16.220261400831067,1.2551096071943495,False,436,0.01685940008610487,0.03142660018056631,0.0002445999998599291,0.07364507538335127,0.055165023589185666,0.08459408340819354,0.9119088646190036,248.0,,,,,,,,,
adam_switch_lr0.003_s0,adam,switch,0.003,0,1407,512,4,train_loss,12.148938641241203,15.407608254867924,1.2682266912242628,False,436,0.01768449996598065,0.0319537001196295,0.00023600016720592976,0.0673248710569001,0.05668617178682414,0.03407961504880444,0.929845254684626,243.0,,,,,,,,,
adam_switch_lr0.003_s0,adam,switch,0.003,0,1535,512,4,train_loss,13.263588299743978,15.562131037473394,1.1732972017665675,False,436,0.017349700210615993,0.03147710021585226,0.00023410003632307053,0.06448549267828431,0.058554898464610206,0.03429728452982923,0.9207880558099606,242.0,,,,,,,,,
adam_switch_lr0.003_s0,adam,switch,0.003,0,1663,512,4,train_loss,12.993743475287353,16.29033675433848,1.2537061998584842,False,436,0.016824099933728576,0.0307369998190552,0.00021869991905987263,0.07617927574724144,0.060796039641622605,0.11411094117750174,0.9008930844588099,229.0,,,,,,,,,
adam_switch_lr0.003_s0,adam,switch,0.003,0,1791,512,4,train_loss,12.155902248983221,17.425490827156363,1.4335004074760405,False,436,0.016788700129836798,0.031574500259011984,0.0002466000150889158,0.08326817008855766,0.06139736587461115,0.10495610238596718,0.9080851087276486,244.0,,,,,,,,,
adam_switch_lr0.003_s0,adam,switch,0.003,0,1919,512,4,train_loss,11.107639961009317,15.345777038597735,1.3815515350214242,False,436,0.016948900185525417,0.031175500014796853,0.0003144999500364065,0.08132676168562009,0.06167441476597005,0.11319554383277171,0.890755045248552,240.0,,,,,,,,,
adam_switch_lr0.003_s0,adam,switch,0.003,0,2047,512,4,train_loss,11.770651706167504,16.368766400646138,1.3906423203457243,False,436,0.01677319989539683,0.03023799997754395,0.00022580008953809738,0.06451213930663952,0.06094823270571841,0.048193613135201076,0.9121313042795056,247.0,,,,,,,,,
adam_switch_lr0.003_s0,adam,switch,0.003,0,2175,512,4,train_loss,12.414034670366087,16.25788081008721,1.3096371358537353,False,436,0.016134799923747778,0.029600600013509393,0.00023630005307495594,0.0605687464841047,0.06001477805837616,-0.03057059367778449,0.919927925252544,264.0,,,,,,,,,
adam_switch_lr0.003_s0,adam,switch,0.003,0,2303,512,4,train_loss,12.414199267783877,16.29386901613178,1.3125187267145006,False,436,0.015883399872109294,0.029421299695968628,0.00020789983682334423,0.06034821327874886,0.060014252641599805,-0.05837384019254469,0.9298614226881142,268.0,,,,,,,,,
adam_switch_lr0.003_s0,adam,switch,0.003,0,2431,512,4,train_loss,12.23952910799569,16.49853184790398,1.3479711271838082,False,436,0.016464800108224154,0.030118700116872787,0.0002109999768435955,0.05896865584783546,0.057769733077066204,-0.07653311212127342,0.915578878123686,266.0,,,,,,,,,
adam_switch_lr0.003_s0,adam,switch,0.003,0,2559,512,4,train_loss,11.614725201527657,15.790092323975076,1.3594891011195205,False,436,0.01628410001285374,0.030392999993637204,0.00027059996500611305,0.057533809354568845,0.057219235313024135,-0.054511492072488794,0.9204399907343438,266.0,,,,,,,,,
adam_switch_lr0.003_s0,adam,switch,0.003,0,2687,512,4,train_loss,11.349301085716153,14.251123041868881,1.2556828772306396,False,436,0.016586599871516228,0.030205199727788568,0.00023449980653822422,0.056708031941344335,0.05645476310448016,-0.06788642331195889,0.9373194506996668,265.0,,,,,,,,,
adam_switch_lr0.003_s0,adam,switch,0.003,0,2815,512,4,train_loss,11.946014086100954,15.905896598653028,1.3314814869638694,False,436,0.01694200001657009,0.030780599918216467,0.00022449996322393417,0.05763663025544199,0.05732102598645928,-0.015416583224951083,0.932568468741886,247.0,,,,,,,,,
adam_switch_lr0.003_s0,adam,switch,0.003,0,2943,512,4,train_loss,12.270847435524349,14.74870572775021,1.2019304946333544,False,436,0.016433600103482604,0.030152300372719765,0.00020670006051659584,0.06155263510626766,0.060987868158518706,-0.02602938305086372,0.9317563098553683,252.0,,,,,,,,,
adam_switch_lr0.003_s0,adam,switch,0.003,0,3071,512,4,train_loss,12.187034332209192,16.156539267885503,1.325715414223892,False,436,0.016267600003629923,0.03004499990493059,0.00020899996161460876,0.06238475147477254,0.062298650728728894,-0.031840437577266366,0.9189210090946408,262.0,,,,,,,,,
adam_switch_lr0.003_s0,adam,switch,0.003,0,511,512,4,probe_loss,15.787916024205803,13.804690825995364,0.8743833451375225,False,436,0.01372730010189116,0.026244699954986572,0.0002430998720228672,0.2732981032366444,0.1577256868519462,0.9960987142384253,0.5418161881816735,14.0,,,,,,,,,
adam_switch_lr0.003_s0,adam,switch,0.003,0,639,512,4,probe_loss,14.875561969575429,14.154309220906537,0.9515142520232815,False,436,0.0142941998783499,0.026655699824914336,0.0002148000057786703,0.11891990530552286,0.02789877626108074,0.9528642586902725,0.36266066105282396,38.0,,,,,,,,,
adam_switch_lr0.003_s0,adam,switch,0.003,0,767,512,4,probe_loss,13.660335633781688,13.499198228854445,0.988203993719689,False,436,0.014571100007742643,0.026926199905574322,0.00020839995704591274,0.07931966113149311,0.02214711178669715,0.930766349220169,0.4823268806187111,52.0,,,,,,,,,
adam_switch_lr0.003_s0,adam,switch,0.003,0,895,512,4,probe_loss,15.35542133503764,15.041428913978178,0.9795516896470303,False,436,0.014871400082483888,0.02786330017261207,0.00021219998598098755,0.06159636244650097,0.016644516794950912,0.903672547069845,0.6767289378606779,69.0,,,,,,,,,
adam_switch_lr0.003_s0,adam,switch,0.003,0,1023,512,4,probe_loss,10.383030313008224,15.14848072927476,1.458965280135628,False,436,0.015304600121453404,0.028514400124549866,0.00020459992811083794,0.04946624836591114,0.018427718561777544,0.9310918245905868,0.6210076621622422,54.0,,,,,,,,,
adam_switch_lr0.003_s0,adam,switch,0.003,0,1151,512,4,probe_loss,12.75183595855268,10.75161150132296,0.843142237421258,False,436,0.015416600042954087,0.02840329986065626,0.00020379992201924324,0.04031872320525863,0.018883126909242102,0.9379798536720075,0.5912528722652205,51.0,,,,,,,,,
adam_switch_lr0.003_s0,adam,switch,0.003,0,1279,512,4,probe_loss,16.08291257253354,18.024165656690503,1.1207028313685072,False,436,0.015662800054997206,0.028876300202682614,0.00022689998149871826,0.032475321123617056,0.017978274212441546,0.936140746517165,0.6586369054737482,64.0,,,,,,,,,
adam_switch_lr0.003_s0,adam,switch,0.003,0,1407,512,4,probe_loss,17.897305619448865,27.890314951281972,1.558352723271026,False,436,0.015447699930518866,0.028395300032570958,0.00022040004841983318,0.03422842270098344,0.016606385662434935,0.9323973307044521,0.6757557888007439,60.0,,,,,,,,,
adam_switch_lr0.003_s0,adam,switch,0.003,0,1535,512,4,probe_loss,20.409028846875604,27.89343150547299,1.3667201763862058,False,436,0.015299499966204166,0.028522799955680966,0.00021089985966682434,0.03488405742882462,0.01684343037893991,0.9417222469203048,0.6272659667119613,55.0,,,,,,,,,
adam_switch_lr0.003_s0,adam,switch,0.003,0,1663,512,4,probe_loss,18.226194553365648,17.218648131023137,0.94471986901092,False,436,0.01465780008584261,0.02735330001451075,0.000201700022444129,0.046777444180045855,0.019279708855216047,0.9673278573180277,0.5639845503972136,36.0,,,,,,,,,
adam_switch_lr0.003_s0,adam,switch,0.003,0,1791,512,4,probe_loss,9.80604546018729,23.370626984130606,2.38328764424107,False,436,0.013640600023791194,0.02586869988590479,0.00021819979883730412,0.047857564975124604,0.01639917149281188,0.9738752992376877,0.516365218834416,22.0,,,,,,,,,
adam_switch_lr0.003_s0,adam,switch,0.003,0,1919,512,4,probe_loss,12.613574268929344,10.863923767645755,0.8612882864143073,False,436,0.013705800054594874,0.025599100161343813,0.0002133999951183796,0.04142047917800239,0.017134179670009846,0.9914779070494861,0.3555208271257469,14.0,,,,,,,,,
adam_switch_lr0.003_s0,adam,switch,0.003,0,2047,512,4,probe_loss,16.397732789216086,17.65037140588448,1.0763909640906082,False,436,0.014698100043460727,0.02670030016452074,0.00021530012600123882,0.02003282074385947,0.008846712679489435,0.9977874830217384,0.4536993775433805,16.0,,,,,,,,,
adam_switch_lr0.003_s0,adam,switch,0.003,0,2175,512,4,probe_loss,8.727421530537498,14.725728383325624,1.6872942749241433,False,436,0.014416499994695187,0.027319699991494417,0.00021929992362856865,0.010393601050889009,0.00738808606216175,0.9976755612090704,0.29335328327632165,14.0,,,,,,,,,
adam_switch_lr0.003_s0,adam,switch,0.003,0,2303,512,4,probe_loss,6.260396104348796,16.832929328996208,2.6887962116811077,False,436,0.015270799864083529,0.028239499777555466,0.00020750006660819054,0.008020594759808042,0.006680202576349749,0.9968757090539923,0.40131081990793527,11.0,,,,,,,,,
adam_switch_lr0.003_s0,adam,switch,0.003,0,2431,512,4,probe_loss,9.831277035314402,22.032242444599056,2.2410356625551513,False,436,0.014962900197133422,0.02791730035096407,0.0002117000985890627,0.007217478848151476,0.006175786346752872,0.9965582125781797,0.337510012525946,12.0,,,,,,,,,
adam_switch_lr0.003_s0,adam,switch,0.003,0,2559,512,4,probe_loss,13.676399233495268,17.883357466180936,1.3076071530861928,False,436,0.01502960012294352,0.027818400179967284,0.00020510004833340645,0.006946685357419422,0.005849458681222203,0.9959613106707857,0.38982049469156993,13.0,,,,,,,,,
adam_switch_lr0.003_s0,adam,switch,0.003,0,2687,512,4,probe_loss,12.848603962371145,16.29072157571146,1.2678981797104973,False,436,0.015448000049218535,0.02796069998294115,0.00021370011381804943,0.004727758920659454,0.004556151557275595,0.9933264821969189,0.48316572945989555,19.0,,,,,,,,,
adam_switch_lr0.003_s0,adam,switch,0.003,0,2815,512,4,probe_loss,9.55843636845764,17.2545598903768,1.8051655339063595,False,436,0.01582329999655485,0.02897979994304478,0.0002544999588280916,0.00510127011511557,0.00428858537758537,0.9920532967585627,0.4609663960220402,18.0,,,,,,,,,
adam_switch_lr0.003_s0,adam,switch,0.003,0,2943,512,4,probe_loss,10.619686808348527,22.7552404431972,2.1427411988561156,False,436,0.01540259993635118,0.028515500016510487,0.00021489989012479782,0.005852998034822188,0.004395761073559776,0.9921122829290083,0.48790854861666816,20.0,,,,,,,,,
adam_switch_lr0.003_s0,adam,switch,0.003,0,3071,512,4,probe_loss,9.410932013271088,18.78476472989307,1.9960578509549542,False,436,0.016246599843725562,0.02951319981366396,0.00022109993733465672,0.005444571276798601,0.005424970624585205,0.9945182309709077,0.3828830542213559,8.0,,,,,,,,,
adam_switch_lr0.003_s0,adam,switch,0.003,0,511,512,4,grad_norm,10.699940172010963,24.057514683346987,2.2483784298417793,False,436,0.017271899851039052,0.03128689993172884,0.0002079999540001154,0.3877564489056999,0.3497394628042775,0.14254775272233644,0.9027808000623657,203.0,,,,,,,,,
adam_switch_lr0.003_s0,adam,switch,0.003,0,639,512,4,grad_norm,11.95913757997767,15.819540200663809,1.3227994154987677,False,436,0.016530000139027834,0.03012150013819337,0.00023829983547329903,0.30223473813746476,0.25030841829638983,0.11531969905910841,0.8539589277687788,211.0,,,,,,,,,
adam_switch_lr0.003_s0,adam,switch,0.003,0,767,512,4,grad_norm,10.934512366168546,15.001752499798087,1.3719635588152619,False,436,0.016446700086817145,0.030146000208333135,0.0002810999285429716,0.2904658863449391,0.2721735074126069,0.034365146106407896,0.8977048288794467,229.0,,,,,,,,,
adam_switch_lr0.003_s0,adam,switch,0.003,0,895,512,4,grad_norm,11.031420257472622,11.92647273455933,1.081136649334015,False,436,0.016579699935391545,0.030246499925851822,0.00022680009715259075,0.26399555208462194,0.24962469265387427,0.13389632471146018,0.8849053126092388,240.0,,,,,,,,,
adam_switch_lr0.003_s0,adam,switch,0.003,0,1023,512,4,grad_norm,9.872600481683381,12.516871487615958,1.2678393611529697,False,436,0.01685920008458197,0.0307133998721838,0.0002126998733729124,0.25194881941751507,0.24680625051978466,0.12065945049585972,0.8897566020438369,232.0,,,,,,,,,
adam_switch_lr0.003_s0,adam,switch,0.003,0,1151,512,4,grad_norm,8.93523899282818,11.800016586520428,1.3206156652319703,False,436,0.016015100060030818,0.02948969998396933,0.00021089985966682434,0.2514138516548776,0.251411082921801,0.03649615430261355,0.8951910635536704,241.0,,,,,,,,,
adam_switch_lr0.003_s0,adam,switch,0.003,0,1279,512,4,grad_norm,9.766082421990241,11.648686001660781,1.1927695772289912,False,436,0.016389499884098768,0.02964779967442155,0.0002080998383462429,0.24337167543584146,0.24252747486438223,0.00814359140840109,0.9137407652050669,243.0,,,,,,,,,
adam_switch_lr0.003_s0,adam,switch,0.003,0,1407,512,4,grad_norm,11.443742148410916,15.055307037244516,1.3155929976397716,False,436,0.01641759998165071,0.030088599771261215,0.0002079999540001154,0.23834597846785627,0.2377500137276093,-0.014841933177800732,0.9189376643285324,246.0,,,,,,,,,
adam_switch_lr0.003_s0,adam,switch,0.003,0,1535,512,4,grad_norm,11.204672532930346,14.594272674698175,1.3025166627409994,False,436,0.017452599946409464,0.0317441001534462,0.00023830006830394268,0.23243167585653926,0.23239906524423337,-0.024587836626915834,0.9185547687295761,248.0,,,,,,,,,
adam_switch_lr0.003_s0,adam,switch,0.003,0,1663,512,4,grad_norm,9.375414195288077,11.848781417026718,1.2638141814557604,False,436,0.016320599941536784,0.029887499986216426,0.0002280999906361103,0.2587207699278005,0.22816991574162718,0.182513568672384,0.8560684288888273,190.0,,,,,,,,,
adam_switch_lr0.003_s0,adam,switch,0.003,0,1791,512,4,grad_norm,8.492915100294834,20.076738618797823,2.3639396345903485,False,436,0.01659600017592311,0.03045930014923215,0.00021660001948475838,0.23332924527385598,0.18657901360514292,0.22133894549402053,0.8442362734220061,197.0,,,,,,,,,
adam_switch_lr0.003_s0,adam,switch,0.003,0,1919,512,4,grad_norm,9.6080392848027,11.556016294379402,1.2027444884262568,False,436,0.016376399900764227,0.029454499948769808,0.00021219998598098755,0.18484042589853997,0.16454436781840623,0.37240724023815375,0.7372491501180636,172.0,,,,,,,,,
adam_switch_lr0.003_s0,adam,switch,0.003,0,2047,512,4,grad_norm,12.397304615589897,15.831384970496432,1.277002175988166,False,436,0.0165864999871701,0.030213399790227413,0.0002159997820854187,0.10651463473481905,0.09896228608900752,0.018474187447932562,0.9119206407466591,261.0,,,,,,,,,
adam_switch_lr0.003_s0,adam,switch,0.003,0,2175,512,4,grad_norm,12.680325630035282,16.452490181201185,1.2974816784066614,False,436,0.016284399898722768,0.029682199703529477,0.00024189986288547516,0.10998959149607178,0.10100544393007907,-0.03891660426750978,0.9225365738637792,262.0,,,,,,,,,
adam_switch_lr0.003_s0,adam,switch,0.003,0,2303,512,4,grad_norm,12.54425171597825,16.021564469482204,1.2772036811948475,False,436,0.016439399914816022,0.030182099668309093,0.00020909984596073627,0.11030809058852313,0.1025678184119876,-0.04746734628067741,0.9237378416438096,263.0,,,,,,,,,
adam_switch_lr0.003_s0,adam,switch,0.003,0,2431,512,4,grad_norm,11.957034445309857,15.398429245583952,1.28781340523979,False,436,0.01658209995366633,0.03028809977695346,0.00022309995256364346,0.11274259504071399,0.10622753860385495,-0.062094778785001914,0.9251430744383432,260.0,,,,,,,,,
adam_switch_lr0.003_s0,adam,switch,0.003,0,2559,512,4,grad_norm,11.838340847095358,16.29071304983887,1.3760976525554205,False,436,0.017560699954628944,0.03168440004810691,0.0002570000942796469,0.12079073306483878,0.11476110052664422,-0.02816210211423762,0.9341009798017117,250.0,,,,,,,,,
adam_switch_lr0.003_s0,adam,switch,0.003,0,2687,512,4,grad_norm,11.658439930991925,15.69206800846686,1.3459835193516965,False,436,0.016376900020986795,0.030202899826690555,0.00022649997845292091,0.13285335831732248,0.12834678746374417,-0.03542555888127374,0.9288505281909375,254.0,,,,,,,,,
adam_switch_lr0.003_s0,adam,switch,0.003,0,2815,512,4,grad_norm,11.266057788790441,15.44198703712649,1.3706646394527673,False,436,0.016331099905073643,0.02984509989619255,0.00020859995856881142,0.13747812089631992,0.13421837540204945,-0.055503087917939994,0.9212563738378806,257.0,,,,,,,,,
adam_switch_lr0.003_s0,adam,switch,0.003,0,2943,512,4,grad_norm,11.818112359855437,15.953768885367115,1.3499422242387842,False,436,0.016326699871569872,0.030869399895891547,0.0002513001672923565,0.14418808030605157,0.14157517570275496,-0.020764049719058535,0.9278193501636779,232.0,,,,,,,,,
adam_switch_lr0.003_s0,adam,switch,0.003,0,3071,512,4,grad_norm,11.145238116413658,15.7365746800792,1.4119549995889142,False,436,0.016806600149720907,0.030473300255835056,0.00023290002718567848,0.14815425239577074,0.14570606013563453,-0.024991000254309264,0.9325197955382898,238.0,,,,,,,,,
adam_switch_lr0.003_s1,adam,switch,0.003,1,511,512,1,train_loss,9.572568489620016,11.859143822495078,1.2388674821553383,False,493,0.007473399862647057,0.01744999992661178,0.00019829999655485153,0.2720346246082235,0.15885288555697252,0.8995132570788454,0.55094877398239,78.0,0.007473399862647057,0.0075870000291615725,0.007062300108373165,0.017976299859583378,0.01744999992661178,0.016563800163567066,0.00021460000425577164,0.00019609997980296612,0.00019829999655485153
adam_switch_lr0.003_s1,adam,switch,0.003,1,639,512,1,train_loss,9.62916374741397,12.539204412282993,1.3022111515811068,False,493,0.007726400159299374,0.017770599806681275,0.0002142998855561018,0.12507628868154622,0.04399083089293756,0.0081238774638994,0.9270032359442438,261.0,0.00774729996919632,0.007694999920204282,0.007726400159299374,0.017864400055259466,0.017770599806681275,0.017759199952706695,0.00022330018691718578,0.00020159990526735783,0.0002142998855561018
adam_switch_lr0.003_s1,adam,switch,0.003,1,767,512,1,train_loss,10.509544376347414,15.252597726025472,1.4513091319498765,False,493,0.007978500099852681,0.01820620009675622,0.00020890007726848125,0.11357268748565522,0.045818666488404644,0.0016595089973285347,0.9239344161882787,254.0,0.007981800008565187,0.007830599788576365,0.007978500099852681,0.01820620009675622,0.017994099762290716,0.018265200313180685,0.0001954999752342701,0.00021680002100765705,0.00020890007726848125
adam_switch_lr0.003_s1,adam,switch,0.003,1,895,512,1,train_loss,10.805667037742008,15.37732343387021,1.4230795174569353,False,493,0.008279599947854877,0.01916170003823936,0.00020539993420243263,0.10508675141071946,0.04761041129983845,-0.008922504106027941,0.9191184662123064,262.0,0.008030200144276023,0.008279599947854877,0.008366499794647098,0.01916170003823936,0.019273099955171347,0.019057799829170108,0.00021629990078508854,0.00020539993420243263,0.00018900004215538502
adam_switch_lr0.003_s1,adam,switch,0.003,1,1023,512,1,train_loss,11.228584956322342,16.375937313632356,1.4584150520597663,False,493,0.008551300037652254,0.020059800008311868,0.0002025999128818512,0.09216875752771202,0.05017848279174712,0.022232194572077334,0.9263743875852293,264.0,0.008551300037652254,0.008445899933576584,0.009103500051423907,0.020059800008311868,0.019302899949252605,0.020630300045013428,0.0002025999128818512,0.00019040005281567574,0.00022789998911321163
adam_switch_lr0.003_s1,adam,switch,0.003,1,1151,512,1,train_loss,11.713970947657302,18.294480529447416,1.561765912788623,False,493,0.009376700036227703,0.021639500046148896,0.00019180006347596645,0.0834321252932302,0.05144464952268852,0.02077047849182755,0.9202855387038951,247.0,0.009376700036227703,0.00924209994263947,0.014335499843582511,0.021639500046148896,0.020917499903589487,0.03465089970268309,0.00019180006347596645,0.00018720002844929695,0.00033299997448921204
adam_switch_lr0.003_s1,adam,switch,0.003,1,1279,512,1,train_loss,12.192781774589625,19.059399868807787,1.5631707530867602,False,493,0.009210000047460198,0.020289799897000194,0.00023770006373524666,0.0751876621678217,0.0515396982859456,0.0333753795385754,0.9238829935862887,256.0,0.009410799946635962,0.009210000047460198,0.008904099930077791,0.020518500125035644,0.020289799897000194,0.020254199858754873,0.00023770006373524666,0.00027439999394118786,0.0001968001015484333
adam_switch_lr0.003_s1,adam,switch,0.003,1,1407,512,1,train_loss,12.593315418382973,19.008692231775115,1.5094271524421088,False,493,0.009506399976089597,0.021614599972963333,0.00019789999350905418,0.07122617637440035,0.05366621074936751,0.0590485676408652,0.91520793765175,248.0,0.009238299913704395,0.009506399976089597,0.010447199922055006,0.02086029970087111,0.021614599972963333,0.022906099911779165,0.00019529997371137142,0.0002391999587416649,0.00019789999350905418
adam_switch_lr0.003_s1,adam,switch,0.003,1,1535,512,1,train_loss,12.912362090693318,18.85746756654171,1.460419668693567,False,493,0.00984219997189939,0.021826700074598193,0.00020110001787543297,0.06622747828226658,0.053409816670454725,0.06399019526042718,0.926930541336039,256.0,0.009669899940490723,0.00985709996894002,0.00984219997189939,0.021821099799126387,0.02191139990463853,0.021826700074598193,0.00020399992354214191,0.0001900999341160059,0.00020110001787543297
adam_switch_lr0.003_s1,adam,switch,0.003,1,1663,512,1,train_loss,11.634597727119246,16.111554071024628,1.384796831734885,False,493,0.00950879999436438,0.021558100124821067,0.00018989993259310722,0.0804325576560075,0.05797235506947271,0.0876602210756955,0.8995196994047853,241.0,0.009282900020480156,0.009612599853426218,0.00950879999436438,0.02113789995200932,0.021697599673643708,0.021558100124821067,0.00018989993259310722,0.00018669990822672844,0.0001993000041693449
adam_switch_lr0.003_s1,adam,switch,0.003,1,1791,512,1,train_loss,12.163056076302572,17.92443740868051,1.4736787610149151,False,493,0.0094006999861449,0.021004100097343326,0.0002014001365751028,0.08206266674177035,0.05800140757209647,0.07643404943813555,0.8994882700808936,253.0,0.00963510014116764,0.009300499921664596,0.0094006999861449,0.02119979984126985,0.021004100097343326,0.020879200194031,0.0002009999006986618,0.00020540016703307629,0.0002014001365751028
adam_switch_lr0.003_s1,adam,switch,0.003,1,1919,512,1,train_loss,11.818652852065503,18.244205096105215,1.54367890524145,False,493,0.00940959993749857,0.021178799914196134,0.00019580009393393993,0.07659089947638864,0.05964451715063856,0.09423581259913574,0.8865814369025347,212.0,0.00942300003953278,0.00940959993749857,0.009331299923360348,0.02149530011229217,0.02113469992764294,0.021178799914196134,0.00021520000882446766,0.00018550013191998005,0.00019580009393393993
adam_switch_lr0.003_s1,adam,switch,0.003,1,2047,512,1,train_loss,13.401371018324896,19.715527505855725,1.4711575016389677,False,493,0.010053100064396858,0.022187599912285805,0.00020519993267953396,0.061528013110084843,0.05827308648035915,-0.0007900328276229379,0.9206332703258526,242.0,0.010053100064396858,0.01032949984073639,0.010007099946960807,0.02207320020534098,0.023611899930983782,0.022187599912285805,0.0001930000726133585,0.00020899996161460876,0.00020519993267953396
adam_switch_lr0.003_s1,adam,switch,0.003,1,2175,512,1,train_loss,13.625989562931235,20.208964236670578,1.4831190162986745,False,493,0.010060800006613135,0.022833299823105335,0.000206399941816926,0.05638655147744477,0.05468493926769618,0.03998483166876567,0.9231499483387875,236.0,0.010060800006613135,0.010429299902170897,0.009981699986383319,0.022833299823105335,0.022847099928185344,0.02230900013819337,0.00045069982297718525,0.000206399941816926,0.00019320007413625717
adam_switch_lr0.003_s1,adam,switch,0.003,1,2303,512,1,train_loss,14.23319012803961,20.855029067831104,1.465239266827917,False,493,0.01038610003888607,0.022743599954992533,0.00021580001339316368,0.05580452305706052,0.05544519893518679,-0.003538089124002975,0.9269914718288036,260.0,0.010432200040668249,0.010040099965408444,0.01038610003888607,0.022873800015076995,0.022743599954992533,0.022590799955651164,0.0002118998672813177,0.00023630005307495594,0.00021580001339316368
adam_switch_lr0.003_s1,adam,switch,0.003,1,2431,512,1,train_loss,13.595122363836651,20.267515876640733,1.490793192899301,False,493,0.010550899896770716,0.026665100129321218,0.00039570010267198086,0.055750222494255465,0.05532790790955462,0.04176337018799382,0.9235792556368777,248.0,0.014453499810770154,0.010550899896770716,0.009675299981608987,0.036484999815002084,0.02257459983229637,0.026665100129321218,0.0005572999361902475,0.00022309995256364346,0.00039570010267198086
adam_switch_lr0.003_s1,adam,switch,0.003,1,2559,512,1,train_loss,13.67785387974923,20.816278893148922,1.521896569166344,False,493,0.013898300006985664,0.027224099962040782,0.00023910007439553738,0.055022917832912195,0.05431604671005509,0.01114107316110293,0.9258629277702497,250.0,0.014544999925419688,0.013898300006985664,0.010238999966531992,0.03270610002800822,0.027224099962040782,0.022706500021740794,0.0005455000791698694,0.00023359991610050201,0.00023910007439553738
adam_switch_lr0.003_s1,adam,switch,0.003,1,2687,512,1,train_loss,13.536076020471894,21.74410107050444,1.606381423805449,False,493,0.010257699992507696,0.02256579976528883,0.00020549981854856014,0.05648498809537004,0.055542789004268865,-0.04118925203839303,0.926558619100429,271.0,0.0100895999930799,0.010257699992507696,0.01029760017991066,0.02256579976528883,0.022592199966311455,0.02211280004121363,0.00020549981854856014,0.0002087999600917101,0.0001993000041693449
adam_switch_lr0.003_s1,adam,switch,0.003,1,2815,512,1,train_loss,13.321124308583471,21.46449430456625,1.6113125144200926,False,493,0.010110100032761693,0.02305250009521842,0.00019689998589456081,0.05519119331873456,0.05480135889830077,-0.0013307944400041908,0.9206331219934277,265.0,0.010110100032761693,0.009977000067010522,0.010420700069516897,0.02305250009521842,0.022563900100067258,0.024089999962598085,0.00019180006347596645,0.00019689998589456081,0.00020150002092123032
adam_switch_lr0.003_s1,adam,switch,0.003,1,2943,512,1,train_loss,13.221643667714956,21.212375453135508,1.6043675042409882,False,493,0.010119799990206957,0.022878899704664946,0.00019289995543658733,0.05751382490841655,0.05742133558931612,-0.014965456007687197,0.9190853365543273,261.0,0.010348499985411763,0.010054999962449074,0.010119799990206957,0.0230100997723639,0.022780800005421042,0.022878899704664946,0.00020459992811083794,0.00019289995543658733,0.00019219983369112015
adam_switch_lr0.003_s1,adam,switch,0.003,1,3071,512,1,train_loss,13.931961843453802,21.270253185864362,1.5267234740424298,False,493,0.010109600145369768,0.02250979980453849,0.0001946999691426754,0.05844583863560913,0.058315588911363264,-0.0014588937503612531,0.9246078614568537,259.0,0.010109600145369768,0.010257000103592873,0.010013399878516793,0.022493800148367882,0.023179000010713935,0.02250979980453849,0.0001946999691426754,0.00020299991592764854,0.00018279999494552612
adam_switch_lr0.003_s1,adam,switch,0.003,1,511,512,1,probe_loss,5.580260446344216,7.373904280922119,1.3214265448403881,False,493,0.006063000066205859,0.014445900218561292,0.00019649998284876347,0.2778091337803894,0.16440686348402264,0.9826277918028029,0.4927629725770066,10.0,0.005986499832943082,0.006474900059401989,0.006063000066205859,0.014340499881654978,0.015115200076252222,0.014445900218561292,0.00019589997828006744,0.00019649998284876347,0.00021050008945167065
adam_switch_lr0.003_s1,adam,switch,0.003,1,639,512,1,probe_loss,5.24354667387065,7.502197077442896,1.4307486028163776,False,493,0.006179399788379669,0.014547099592164159,0.00021209986880421638,0.11903305515378375,0.021611795094955644,0.8797736149152386,0.6999514346115752,72.0,0.0060680999886244535,0.006179399788379669,0.0065390001982450485,0.014167400309816003,0.014547099592164159,0.01486260024830699,0.00018790015019476414,0.00021209986880421638,0.00021820003166794777
adam_switch_lr0.003_s1,adam,switch,0.003,1,767,512,1,probe_loss,4.966424350570683,7.56215317534853,1.5226554642837913,False,493,0.006281199865043163,0.014374499907717109,0.0001813000999391079,0.1013842465596697,0.021087246928564108,0.9011845652666935,0.6565676469872258,68.0,0.006281199865043163,0.006354799959808588,0.006072200136259198,0.014580599730834365,0.014374499907717109,0.014176600147038698,0.00020299991592764854,0.0001805999781936407,0.0001813000999391079
adam_switch_lr0.003_s1,adam,switch,0.003,1,895,512,1,probe_loss,4.922333507219749,8.287672051470068,1.6836876329720987,False,493,0.006332000019028783,0.015003700274974108,0.00018569990061223507,0.08410591041888503,0.02220029786366482,0.9338974493384314,0.5527277584612532,54.0,0.006319600157439709,0.006456100149080157,0.006332000019028783,0.015003700274974108,0.015169900376349688,0.014844899997115135,0.00018390011973679066,0.00018610013648867607,0.00018569990061223507
adam_switch_lr0.003_s1,adam,switch,0.003,1,1023,512,1,probe_loss,5.2557021577067395,8.429625676594195,1.6039009486550428,False,493,0.007227699970826507,0.016837000148370862,0.00018409988842904568,0.056200535552164754,0.021114496246316096,0.9344741706126433,0.5559897209903828,54.0,0.007220400031656027,0.007239599945023656,0.007227699970826507,0.016837000148370862,0.016890099737793207,0.016670099925249815,0.00018880004063248634,0.00018409988842904568,0.0001821999903768301
adam_switch_lr0.003_s1,adam,switch,0.003,1,1151,512,1,probe_loss,5.365600575624347,9.56231767555285,1.7821523501011194,False,493,0.007667899830266833,0.018131599994376302,0.00023550004698336124,0.0405871880600818,0.01833664176980698,0.9190354416611252,0.6507742493427299,66.0,0.007705399999395013,0.007667899830266833,0.007654400076717138,0.018500100122764707,0.018131599994376302,0.018096900079399347,0.00024040020070970058,0.00023550004698336124,0.00021910015493631363
adam_switch_lr0.003_s1,adam,switch,0.003,1,1279,512,1,probe_loss,6.630736103162935,10.717448148967165,1.6163285617497012,False,493,0.008636099984869361,0.020271900109946728,0.00021829991601407528,0.02761916681221863,0.017734997578145218,0.9171124996493925,0.6605189519653121,76.0,0.008636099984869361,0.008553899824619293,0.008754200069233775,0.020271900109946728,0.019765599630773067,0.020681099966168404,0.0002087999600917101,0.00021829991601407528,0.0002272999845445156
adam_switch_lr0.003_s1,adam,switch,0.003,1,1407,512,1,probe_loss,6.127881585282505,9.217006725915045,1.5041097967773682,False,493,0.008893199963495135,0.020496699959039688,0.00021870015189051628,0.024983444651724574,0.018056561515983404,0.927148815809889,0.6604957429962118,70.0,0.008893199963495135,0.008797300048172474,0.00903770001605153,0.020496699959039688,0.020568300038576126,0.020474700024351478,0.0002088998444378376,0.00021870015189051628,0.00022229994647204876
adam_switch_lr0.003_s1,adam,switch,0.003,1,1535,512,1,probe_loss,5.915564275499618,9.549278136023005,1.6142632708046252,False,493,0.009111100109294057,0.0213472000323236,0.0002133999951183796,0.021901123580927783,0.01823114281359312,0.9294296526474349,0.6730223634432696,63.0,0.009157999884337187,0.008961200015619397,0.009111100109294057,0.021417699987068772,0.021115900250151753,0.0213472000323236,0.0002133999951183796,0.00020500016398727894,0.00021740002557635307
adam_switch_lr0.003_s1,adam,switch,0.003,1,1663,512,1,probe_loss,4.221180012625953,5.790794675678279,1.371842626554058,False,493,0.007677799789234996,0.018163899891078472,0.0002100002020597458,0.04054408308054855,0.02333386063145435,0.9644606097725631,0.5348173125003649,32.0,0.007623600075021386,0.007677799789234996,0.007790399948135018,0.01801210013218224,0.018163899891078472,0.018634799867868423,0.0002093999646604061,0.0002100002020597458,0.00021249987185001373
adam_switch_lr0.003_s1,adam,switch,0.003,1,1791,512,1,probe_loss,4.108124706005522,6.373016712099568,1.5513201687337002,False,493,0.006892499979585409,0.01548099983483553,0.00019349996000528336,0.041794744692023864,0.021848628880527604,0.9770776708755342,0.5212405690386969,11.0,0.006892499979585409,0.006780599942430854,0.006896300008520484,0.015327699948102236,0.01548099983483553,0.015566800022497773,0.0001860000193119049,0.00019349996000528336,0.0002101000864058733
adam_switch_lr0.003_s1,adam,switch,0.003,1,1919,512,1,probe_loss,3.723856466264079,5.069072542466168,1.3612427300538958,False,493,0.006742799887433648,0.016075699822977185,0.00020880019292235374,0.036227917487237325,0.021222252043271102,0.9873160911886529,0.3602555448952509,10.0,0.006742799887433648,0.0072830000426620245,0.00665880017913878,0.016075699822977185,0.016371600097045302,0.0160093002486974,0.00021009985357522964,0.00020880019292235374,0.00020290003158152103
adam_switch_lr0.003_s1,adam,switch,0.003,1,2047,512,1,probe_loss,3.6196351737832666,4.748870774252591,1.311974977104955,False,493,0.007510399911552668,0.018031899817287922,0.00021350011229515076,0.013317626908782186,0.009808561809108834,0.9971359763346587,0.5834130060505285,18.0,0.007484900066629052,0.007510399911552668,0.007564199855551124,0.017983200261369348,0.018031899817287922,0.01836709980852902,0.00021350011229515076,0.00021399999968707561,0.000206399941816926
adam_switch_lr0.003_s1,adam,switch,0.003,1,2175,512,1,probe_loss,3.2013210716854634,4.190410156530169,1.3089627883915937,False,493,0.007365399971604347,0.018120999913662672,0.00022500008344650269,0.01071055919458905,0.00620282458994283,0.9938484482003734,0.46712309941439306,20.0,0.0074541000649333,0.007365399971604347,0.007206999929621816,0.01843110006302595,0.018120999913662672,0.018000299809500575,0.0002616001293063164,0.00022500008344650269,0.00022339983843266964
adam_switch_lr0.003_s1,adam,switch,0.003,1,2303,512,1,probe_loss,3.7822200154156937,5.36093661535324,1.4174047499888855,False,493,0.00677659991197288,0.016420600237324834,0.0002177001442760229,0.010987901640890632,0.006442405428348691,0.9942615477382843,0.43321688023818977,16.0,0.006751500070095062,0.006789500126615167,0.00677659991197288,0.016420600237324834,0.016432899981737137,0.016315799904987216,0.0002177001442760229,0.0002166999038308859,0.00021789991296827793
adam_switch_lr0.003_s1,adam,switch,0.003,1,2431,512,1,probe_loss,3.7545504411171504,4.752393197405638,1.2657689041438431,False,493,0.007176399929448962,0.017009600065648556,0.00020859995856881142,0.00875177956797552,0.007609386761649995,0.9955239211561281,0.3925823339906461,19.0,0.007507900008931756,0.007156700128689408,0.007176399929448962,0.017652899958193302,0.016972800251096487,0.017009600065648556,0.0002172000240534544,0.00020859995856881142,0.00020410004071891308
adam_switch_lr0.003_s1,adam,switch,0.003,1,2559,512,1,probe_loss,4.263890539950832,5.725521059273626,1.3427926926425389,False,493,0.007717299973592162,0.018563299905508757,0.00021149986423552036,0.007488787128670292,0.007409792117110089,0.9950914796633087,0.44663057402731776,15.0,0.007704599993303418,0.007741899928078055,0.007717299973592162,0.018596199806779623,0.01839390001259744,0.018563299905508757,0.00021149986423552036,0.000201700022444129,0.00021329987794160843
adam_switch_lr0.003_s1,adam,switch,0.003,1,2687,512,1,probe_loss,4.245880518593822,5.562220191281258,1.310027488273125,False,493,0.007503600092604756,0.018077600048854947,0.000215600011870265,0.008270882031726616,0.007175230823326134,0.994343131833434,0.3363523996733461,20.0,0.007433300139382482,0.007545799948275089,0.007503600092604756,0.01783610018901527,0.018077600048854947,0.01844160002656281,0.0002223001793026924,0.0002060001716017723,0.000215600011870265
adam_switch_lr0.003_s1,adam,switch,0.003,1,2815,512,1,probe_loss,3.8271225701405616,5.568413962963619,1.4549870982467916,False,493,0.0072922001127153635,0.017481000162661076,0.00022039981558918953,0.010258771078467089,0.0056296832276189965,0.9887659167668742,0.5353561431803623,19.0,0.007404600037261844,0.0072922001127153635,0.007138699991628528,0.017481000162661076,0.017553500132635236,0.017148599959909916,0.0002106002066284418,0.00023380015045404434,0.00022039981558918953
adam_switch_lr0.003_s1,adam,switch,0.003,1,2943,512,1,probe_loss,4.45022788856407,7.455255606296837,1.67525254728076,False,493,0.007466600043699145,0.017976400209590793,0.00020579993724822998,0.009224296612055146,0.008952955307875057,0.9950173876872417,0.29536863578323014,16.0,0.00742450007237494,0.007560399826616049,0.007466600043699145,0.0178720997646451,0.018355099949985743,0.017976400209590793,0.00020709983073174953,0.00020579993724822998,0.00020330003462731838
adam_switch_lr0.003_s1,adam,switch,0.003,1,3071,512,1,probe_loss,4.431601784430025,6.717383732200769,1.5157913682139952,False,493,0.007580399978905916,0.018441500142216682,0.00021990016102790833,0.008758391692330756,0.008437639854738504,0.9933195907819653,0.44519263963604006,19.0,0.007466399809345603,0.007580399978905916,0.007729500066488981,0.018034399952739477,0.018824199913069606,0.018441500142216682,0.00021990016102790833,0.00022829999215900898,0.00020260014571249485
adam_switch_lr0.003_s1,adam,switch,0.003,1,511,512,1,grad_norm,11.14940333189792,16.58004026280431,1.4870787045051632,False,493,0.010331200202926993,0.023019400192424655,0.00021610013209283352,2.3684817174373367,2.363417560099086,-0.01211687434309922,0.9960536575403989,166.0,0.01046589994803071,0.010331200202926993,0.010170799912884831,0.023139199940487742,0.023019400192424655,0.022435099817812443,0.00021819979883730412,0.00021610013209283352,0.00019910000264644623
adam_switch_lr0.003_s1,adam,switch,0.003,1,639,512,1,grad_norm,11.212088167136024,17.124879323067457,1.5273586033030435,False,493,0.010289800120517612,0.022807899862527847,0.0002042998094111681,0.25175109281669666,0.23948751823784098,0.050933027282887365,0.9054459555758718,239.0,0.010345299961045384,0.010289800120517612,0.01025870000012219,0.02341079991310835,0.022807899862527847,0.0227207001298666,0.000202300027012825,0.0002042998094111681,0.00021650013513863087
adam_switch_lr0.003_s1,adam,switch,0.003,1,767,512,1,grad_norm,12.7569176077107,19.136232089209983,1.5000670755797165,False,493,0.010301799979060888,0.02313939994201064,0.00020569982007145882,0.24245884139964682,0.2371547422525861,-0.011906524121160108,0.9230145730597195,247.0,0.01049140002578497,0.010232500033453107,0.010301799979060888,0.023679699981585145,0.02298859995789826,0.02313939994201064,0.0002429999876767397,0.00020569982007145882,0.00019699987024068832
adam_switch_lr0.003_s1,adam,switch,0.003,1,895,512,1,grad_norm,12.301755868050561,18.049339124385103,1.4672164947820048,False,493,0.010247300146147609,0.02285229996778071,0.00020059989765286446,0.22070206632796513,0.21449128449738125,-0.0015251750015212746,0.9153132733639391,253.0,0.009945099940523505,0.010652799857780337,0.010247300146147609,0.022255399962887168,0.023474999936297536,0.02285229996778071,0.00017990008927881718,0.00020340015180408955,0.00020059989765286446
adam_switch_lr0.003_s1,adam,switch,0.003,1,1023,512,1,grad_norm,12.60094653283413,17.70676355418814,1.4051931343450943,False,493,0.010165399871766567,0.022968700155615807,0.00019630021415650845,0.19389600699489484,0.19263854153102689,-0.03893154370564937,0.915700123053181,244.0,0.010292199905961752,0.010165399871766567,0.010075000114738941,0.02349659986793995,0.022927999962121248,0.022968700155615807,0.00021989992819726467,0.0001930000726133585,0.00019630021415650845
adam_switch_lr0.003_s1,adam,switch,0.003,1,1151,512,1,grad_norm,12.792587307636422,17.99209513921462,1.4064469295022435,False,493,0.010139700025320053,0.02271610009483993,0.00018129986710846424,0.17214431572316918,0.17039172750746917,0.004562735667335431,0.9165103927564943,254.0,0.010139700025320053,0.010302199982106686,0.00994889996945858,0.02271610009483993,0.022762599866837263,0.022533199982717633,0.00017680018208920956,0.000193099956959486,0.00018129986710846424
adam_switch_lr0.003_s1,adam,switch,0.003,1,1279,512,1,grad_norm,13.229169235697984,19.265985533947653,1.4563261827477225,False,493,0.010239599971100688,0.023273400031030178,0.00019280007109045982,0.15241893448635463,0.150965343357223,0.017738861864815658,0.9142842391106571,249.0,0.01011479995213449,0.010409000096842647,0.010239599971100688,0.0224719000980258,0.023713800124824047,0.023273400031030178,0.00018540001474320889,0.00019280007109045982,0.000206800177693367
adam_switch_lr0.003_s1,adam,switch,0.003,1,1407,512,1,grad_norm,13.17722634771637,19.79184672895744,1.501973648072562,False,493,0.01028339983895421,0.023006499744951725,0.0002071000635623932,0.13266750596981783,0.1305691037811728,0.04824104957514178,0.9114761876464799,247.0,0.010206199949607253,0.01028339983895421,0.01057989988476038,0.023006499744951725,0.022974600084125996,0.023346100002527237,0.00020849984139204025,0.0002006001304835081,0.0002071000635623932
adam_switch_lr0.003_s1,adam,switch,0.003,1,1535,512,1,grad_norm,13.289278157224455,19.463222642532966,1.4645808758207206,False,493,0.01021580002270639,0.0227012000977993,0.00021989992819726467,0.11902569034671863,0.1173786200709273,0.07621380687935748,0.9207211010006251,230.0,0.01021580002270639,0.010016200132668018,0.010456999996677041,0.0227012000977993,0.022632500156760216,0.02332070004194975,0.00020270003005862236,0.00021989992819726467,0.00023559993132948875
adam_switch_lr0.003_s1,adam,switch,0.003,1,1663,512,1,grad_norm,9.723613059686533,11.102292564917185,1.1417867511559636,False,493,0.009423299925401807,0.021635199896991253,0.00022449996322393417,0.14706877596617152,0.1127164017409607,0.2583722182446306,0.84883267462405,197.0,0.009423299925401807,0.009261900093406439,0.009872599970549345,0.021635199896991253,0.021460199961438775,0.022118099965155125,0.00022449996322393417,0.00021409988403320312,0.0002490999177098274
adam_switch_lr0.003_s1,adam,switch,0.003,1,1791,512,1,grad_norm,11.814555789413463,17.500254905878144,1.4812452721717564,False,493,0.009465000126510859,0.021509400103241205,0.00021489989012479782,0.13722967587827603,0.10228152213371985,0.3742873487411673,0.8082476160192156,171.0,0.009493200108408928,0.009465000126510859,0.009417799999937415,0.021622200030833483,0.021509400103241205,0.02148060011677444,0.00021689990535378456,0.00021489989012479782,0.00018079997971653938
adam_switch_lr0.003_s1,adam,switch,0.003,1,1919,512,1,grad_norm,11.38871488802775,15.774868337367181,1.3851315528102581,False,493,0.009236200014129281,0.021267600124701858,0.00019280007109045982,0.11604272357453882,0.10310815094331369,0.5114977177360558,0.6743725018450449,142.0,0.009534699842333794,0.009183000074699521,0.009236200014129281,0.021576499799266458,0.02101420029066503,0.021267600124701858,0.00020249979570508003,0.0001906000543385744,0.00019280007109045982
adam_switch_lr0.003_s1,adam,switch,0.003,1,2047,512,1,grad_norm,12.582011637170623,17.770493466150754,1.4123729955591495,False,493,0.009750299854204059,0.02200449979864061,0.00019079982303082943,0.0754552279765215,0.07011121057712635,0.22075205577193596,0.9020828594295797,231.0,0.009808299830183387,0.009750299854204059,0.009446100099012256,0.02200449979864061,0.022210999624803662,0.0213858000934124,0.00019219983369112015,0.00019079982303082943,0.0001900000497698784
adam_switch_lr0.003_s1,adam,switch,0.003,1,2175,512,1,grad_norm,13.124416373909204,18.401040556557618,1.4020463868502469,False,493,0.009896599920466542,0.022258700104430318,0.00019310018979012966,0.07187502468701536,0.06259284708909717,0.0076596330934236324,0.9177983795775558,256.0,0.009896599920466542,0.009912500157952309,0.009893399896100163,0.02201980003155768,0.022258700104430318,0.022500599967315793,0.00019310018979012966,0.00018800003454089165,0.00019979989156126976
adam_switch_lr0.003_s1,adam,switch,0.003,1,2303,512,1,grad_norm,13.290760681895978,18.80389012681018,1.4148091728432006,False,493,0.01003329991362989,0.0228384998627007,0.000201700022444129,0.07267852614134555,0.06456042298393709,-0.0018911350486736397,0.9071542321012634,260.0,0.01003329991362989,0.011090500047430396,0.009960399940609932,0.0228384998627007,0.023794099921360612,0.022145899944007397,0.00045299995690584183,0.000201700022444129,0.00019449996761977673
adam_switch_lr0.003_s1,adam,switch,0.003,1,2431,512,1,grad_norm,12.731560846285033,18.453189466501062,1.449405119238428,False,493,0.010036099934950471,0.022590799955651164,0.00019159982912242413,0.07084922928884442,0.06365368704275352,-0.018441484082827295,0.917313961706063,262.0,0.010190000059083104,0.010036099934950471,0.009978400077670813,0.022686299867928028,0.022590799955651164,0.022300400072708726,0.00019159982912242413,0.00018740002997219563,0.00020979996770620346
adam_switch_lr0.003_s1,adam,switch,0.003,1,2559,512,1,grad_norm,13.11465938271809,18.859320478301086,1.4380335720463358,False,493,0.010354700032621622,0.023021100088953972,0.00020409980788826942,0.07327688374682695,0.06662858158169782,0.008483237957036502,0.925801959130942,256.0,0.010354700032621622,0.010040800087153912,0.010482700075954199,0.02368330000899732,0.022734500002115965,0.023021100088953972,0.00021039997227489948,0.00020409980788826942,0.00020130001939833164
adam_switch_lr0.003_s1,adam,switch,0.003,1,2687,512,1,grad_norm,13.311742143353413,20.207800130405413,1.518043236774626,False,493,0.010070800082758069,0.022587000159546733,0.00018420000560581684,0.07637235165434719,0.06867374031782389,0.016408561916346726,0.9142226723674942,251.0,0.010007099946960807,0.010138599900528789,0.010070800082758069,0.022714799968525767,0.022529999958351254,0.022587000159546733,0.00019589997828006744,0.00018420000560581684,0.00018250010907649994
adam_switch_lr0.003_s1,adam,switch,0.003,1,2815,512,1,grad_norm,12.97582440980581,19.63457769903724,1.5131661063631088,False,493,0.01010149996727705,0.022487400099635124,0.00019580009393393993,0.07966634490504701,0.07288707104228451,0.06613454092965872,0.9270757691912747,258.0,0.010278400033712387,0.01010149996727705,0.010046500014141202,0.023095200303941965,0.022419899934902787,0.022487400099635124,0.00019580009393393993,0.0001808998640626669,0.00019589997828006744
adam_switch_lr0.003_s1,adam,switch,0.003,1,2943,512,1,grad_norm,13.507090525149673,20.99404967303495,1.5542984356212652,False,493,0.01030589989386499,0.022725399816408753,0.0001993000041693449,0.08570467378389432,0.07898831217342743,0.09075586232675287,0.9296250548867406,255.0,0.009979800088331103,0.01030589989386499,0.01085750013589859,0.022631300147622824,0.022725399816408753,0.023130800109356642,0.00019759987480938435,0.00021279999054968357,0.0001993000041693449
adam_switch_lr0.003_s1,adam,switch,0.003,1,3071,512,1,grad_norm,12.953244689299703,20.529089913303842,1.584860813311303,False,493,0.009938200004398823,0.022535300347954035,0.0002000001259148121,0.08906992345132102,0.08454300412357141,0.13883945582200846,0.9244242150447655,247.0,0.00992260011844337,0.010623499983921647,0.009938200004398823,0.022535300347954035,0.023026400012895465,0.022402700036764145,0.00020420015789568424,0.0002000001259148121,0.00018560001626610756
adam_switch_lr0.003_s1,adam,switch,0.003,1,255,256,1,train_loss,10.156090007447862,11.388514179900898,1.1213482916702442,False,237,0.002655700081959367,0.005886400118470192,0.00016689999029040337,0.29042695121698797,0.17326864004324602,0.8925955411900457,0.4835971994994515,22.0,,,,,,,,,
adam_switch_lr0.003_s1,adam,switch,0.003,1,383,256,1,train_loss,8.774213243764356,10.47428942377204,1.1937582473523642,False,237,0.002861000131815672,0.006509199971333146,0.00017719995230436325,0.07805624163314971,0.04268263882069109,-0.022613898432562524,0.9202696664752406,126.0,,,,,,,,,
adam_switch_lr0.003_s1,adam,switch,0.003,1,511,256,1,train_loss,9.618792295123093,13.335369659626586,1.3863871108213728,False,237,0.0030349998269230127,0.006703199585899711,0.00018049986101686954,0.071342445648501,0.04227391585008255,0.0016080839192848567,0.9239345627801127,126.0,,,,,,,,,
adam_switch_lr0.003_s1,adam,switch,0.003,1,639,256,1,train_loss,10.012998086251594,15.106232196008479,1.508662247399226,False,237,0.003057299880310893,0.006788499653339386,0.00023199990391731262,0.07291552843543589,0.04467175166686692,0.00934297497986627,0.9219439510787775,135.0,,,,,,,,,
adam_switch_lr0.003_s1,adam,switch,0.003,1,767,256,1,train_loss,9.892962933403407,13.754513169249904,1.390333033878864,False,237,0.0031151999719440937,0.006691499846056104,0.00017170002683997154,0.06450799014213887,0.0479728706318736,-0.04620039005254388,0.9134629782298946,133.0,,,,,,,,,
adam_switch_lr0.003_s1,adam,switch,0.003,1,895,256,1,train_loss,10.384290524190328,14.422003045305663,1.3888289249717576,False,237,0.003032499924302101,0.006526399869471788,0.00017279991880059242,0.06232458322785933,0.04857338536341536,-0.09637459900955368,0.8941991832412451,136.0,,,,,,,,,
adam_switch_lr0.003_s1,adam,switch,0.003,1,1023,256,1,train_loss,11.741408533829611,18.8511647505238,1.6055283909259608,False,237,0.0032446999102830887,0.006823199801146984,0.00017569982446730137,0.058797574292079775,0.051151985714579,0.034119700834682375,0.8982741177561786,129.0,,,,,,,,,
adam_switch_lr0.003_s1,adam,switch,0.003,1,1151,256,1,train_loss,11.629349976613984,17.904816726862197,1.5396231743706956,False,237,0.0032215998508036137,0.006920299958437681,0.000161800067871809,0.06020408196500691,0.05354246509958173,0.09492139376487985,0.9067793962228583,126.0,,,,,,,,,
adam_switch_lr0.003_s1,adam,switch,0.003,1,1279,256,1,train_loss,12.483288158256135,18.653137159841407,1.494248704617516,False,237,0.003236199961975217,0.007103700190782547,0.000184300122782588,0.058016219622779426,0.051880114775546424,0.030536140114771092,0.924850992961182,127.0,,,,,,,,,
adam_switch_lr0.003_s1,adam,switch,0.003,1,1407,256,1,train_loss,13.190568052086922,18.84506031380158,1.4286769333501177,False,237,0.003338299924507737,0.007078700000420213,0.0001634999644011259,0.056952885060098477,0.053492661584922885,0.010707472034013484,0.9107489893061722,124.0,,,,,,,,,
adam_switch_lr0.003_s1,adam,switch,0.003,1,1535,256,1,train_loss,12.325513809499375,17.39282791725546,1.4111239649782927,False,237,0.003291199915111065,0.006952899973839521,0.00016540009528398514,0.0572505131792189,0.054459533121213106,0.07942658451715578,0.9135658344127026,133.0,,,,,,,,,
adam_switch_lr0.003_s1,adam,switch,0.003,1,1663,256,1,train_loss,9.055316939777185,12.506220573764779,1.3810914247328936,False,237,0.003103800117969513,0.006610100157558918,0.00017259991727769375,0.07588232551121063,0.05727612162363351,-0.0026188208990589666,0.9003614831064021,122.0,,,,,,,,,
adam_switch_lr0.003_s1,adam,switch,0.003,1,1791,256,1,train_loss,11.794049581056736,17.639966937989925,1.4956666763825321,False,237,0.0033977001439779997,0.0071270999033004045,0.00018099998123943806,0.05957372536672369,0.05767384491607119,-0.04287474780683973,0.9233842876193644,120.0,,,,,,,,,
adam_switch_lr0.003_s1,adam,switch,0.003,1,1919,256,1,train_loss,11.84610656655498,19.635833819653605,1.6575770029868973,False,237,0.003268000204116106,0.007146200397983193,0.00017320015467703342,0.056016214687896505,0.05472318196760901,-0.05297842035549185,0.9243883905939886,124.0,,,,,,,,,
adam_switch_lr0.003_s1,adam,switch,0.003,1,2047,256,1,train_loss,12.290041221099456,18.58174512991199,1.5119351347667558,False,237,0.0033750999718904495,0.007145999930799007,0.00017619994468986988,0.057972570032378254,0.05796286428054003,0.02216354951098269,0.9122618528120273,127.0,,,,,,,,,
adam_switch_lr0.003_s1,adam,switch,0.003,1,2175,256,1,train_loss,12.530773656139711,17.740071512245763,1.4157203696320577,False,237,0.003375600092113018,0.0073142999317497015,0.00018669990822672844,0.05425739483881733,0.0542110501970802,0.12001460314802623,0.8995638260362372,115.0,,,,,,,,,
adam_switch_lr0.003_s1,adam,switch,0.003,1,2303,256,1,train_loss,12.411812838665504,17.43455927738567,1.4046746840294928,False,237,0.003404600080102682,0.0070825000293552876,0.00016300007700920105,0.052833353788567725,0.05275587751594677,-0.03381597185314227,0.9070782007466014,128.0,,,,,,,,,
adam_switch_lr0.003_s1,adam,switch,0.003,1,2431,256,1,train_loss,12.353085166486544,17.465471647719554,1.4138550339718148,False,237,0.0032023999374359846,0.0068536000326275826,0.00016000005416572094,0.056655963931830707,0.05635798790095304,-0.03598735996596614,0.9214417449737812,137.0,,,,,,,,,
adam_switch_lr0.003_s1,adam,switch,0.003,1,2559,256,1,train_loss,12.332844933005939,19.317284767439087,1.566328359139662,False,237,0.003349600126966834,0.007164800306782126,0.00017910008318722248,0.05596097033684136,0.05580631333890013,0.046954381753237205,0.9262385682049272,124.0,,,,,,,,,
adam_switch_lr0.003_s1,adam,switch,0.003,1,2687,256,1,train_loss,11.795018267558243,18.179989791384813,1.5413278198464682,False,237,0.0033758999779820442,0.007225800072774291,0.00016939989291131496,0.054845853059925724,0.05469936846087821,-0.05541820776505396,0.9078171125347703,134.0,,,,,,,,,
adam_switch_lr0.003_s1,adam,switch,0.003,1,2815,256,1,train_loss,11.824181233510647,18.106423017486055,1.5313045918284005,False,237,0.003293100045993924,0.007174500031396747,0.00017630006186664104,0.0538393066290549,0.05376781362597703,-0.0547748458761764,0.9234072713938162,143.0,,,,,,,,,
adam_switch_lr0.003_s1,adam,switch,0.003,1,2943,256,1,train_loss,11.482329323048809,18.59116779491635,1.6191111813521812,False,237,0.0032172000501304865,0.006996500073000789,0.00016649998724460602,0.05999621842944542,0.05996018724291568,0.017270673277532733,0.9023872874824866,126.0,,,,,,,,,
adam_switch_lr0.003_s1,adam,switch,0.003,1,3071,256,1,train_loss,12.395510681074219,18.815811873755795,1.517953746148132,False,237,0.0032465001568198204,0.00725400005467236,0.00020599993877112865,0.06262976629110847,0.06244379715302932,0.03589458027143965,0.9105608903883621,119.0,,,,,,,,,
adam_switch_lr0.003_s1,adam,switch,0.003,1,255,256,1,probe_loss,6.162858103929676,6.564107430379286,1.065107669150091,False,237,0.0025728000327944756,0.005751800024881959,0.0001870999112725258,0.3010359084759635,0.183303814065733,0.9731926732580221,0.38729978147177035,4.0,,,,,,,,,
adam_switch_lr0.003_s1,adam,switch,0.003,1,383,256,1,probe_loss,6.51164512952977,6.950743113250117,1.0674327262904846,False,237,0.002616399899125099,0.00572299980558455,0.0001637998502701521,0.07034542292596603,0.02364139766531638,0.8537067455126596,0.6502639498721138,40.0,,,,,,,,,
adam_switch_lr0.003_s1,adam,switch,0.003,1,511,256,1,probe_loss,4.3592909485068825,6.251031492466639,1.433956018606123,False,237,0.0026799000333994627,0.006216299952939153,0.000215600011870265,0.05985922295389349,0.02058138299990803,0.8675440732146105,0.70370937026618,38.0,,,,,,,,,
adam_switch_lr0.003_s1,adam,switch,0.003,1,639,256,1,probe_loss,5.157825363360197,7.539959922558465,1.46184862638435,False,237,0.0026601001154631376,0.005861800396814942,0.00017930008471012115,0.058391127058026876,0.017425515825891292,0.8996130391803282,0.5978014396603505,26.0,,,,,,,,,
adam_switch_lr0.003_s1,adam,switch,0.003,1,767,256,1,probe_loss,4.975869205716787,6.688291244350168,1.344145307651169,False,237,0.0026618000119924545,0.005966999800875783,0.00018049986101686954,0.04068206605983627,0.016282958735017523,0.880370370876045,0.6766782116409633,37.0,,,,,,,,,
adam_switch_lr0.003_s1,adam,switch,0.003,1,895,256,1,probe_loss,4.521789915643806,10.214528375500164,2.2589568657671335,False,237,0.00314539996907115,0.006771800108253956,0.000184300122782588,0.033157543838051716,0.017312290026701253,0.8870244300544448,0.6899611769946686,42.0,,,,,,,,,
adam_switch_lr0.003_s1,adam,switch,0.003,1,1023,256,1,probe_loss,6.379632954516957,10.48456761689516,1.6434437046212502,False,237,0.003187800059095025,0.006962500279769301,0.00018090009689331055,0.02141943088933659,0.017572748145962956,0.9145254445395792,0.6266165513422562,35.0,,,,,,,,,
adam_switch_lr0.003_s1,adam,switch,0.003,1,1151,256,1,probe_loss,5.630260851116253,7.507584858545022,1.333434641319784,False,237,0.0029770000837743282,0.006666400004178286,0.00017779995687305927,0.02141967945126873,0.015778663076062054,0.9174270739816346,0.6594842707562841,32.0,,,,,,,,,
adam_switch_lr0.003_s1,adam,switch,0.003,1,1279,256,1,probe_loss,6.8428764713551065,10.108407816962979,1.4772161764541094,False,237,0.0032462000381201506,0.0069852001033723354,0.00017080013640224934,0.01603114753204928,0.015795767489590547,0.8965327020351633,0.6956339819334668,37.0,,,,,,,,,
adam_switch_lr0.003_s1,adam,switch,0.003,1,1407,256,1,probe_loss,5.350747332212431,6.888561571599363,1.28740176725016,False,237,0.003002899931743741,0.006460500182583928,0.00015900004655122757,0.02133647845923773,0.018955563330131403,0.9250165952971906,0.6230321185595555,27.0,,,,,,,,,
adam_switch_lr0.003_s1,adam,switch,0.003,1,1535,256,1,probe_loss,5.227239649044801,8.557443826551177,1.6370865697950008,False,237,0.0032395999878644943,0.0069211001973599195,0.0001952000893652439,0.020075878161221465,0.019780383557653203,0.9459901383355297,0.6026143651159531,24.0,,,,,,,,,
adam_switch_lr0.003_s1,adam,switch,0.003,1,1663,256,1,probe_loss,3.056061229330291,3.462972206067781,1.1331488298834447,False,237,0.0024337000213563442,0.00568210007622838,0.00016990001313388348,0.03909648403789887,0.018610681942973464,0.9678861167604667,0.449348718104375,12.0,,,,,,,,,
adam_switch_lr0.003_s1,adam,switch,0.003,1,1791,256,1,probe_loss,3.310454021218968,4.531350064191874,1.3688001812281176,False,237,0.0027831001207232475,0.006340699968859553,0.0001776998396962881,0.014947212238732467,0.01267329068365695,0.9977369477121504,0.4819801000528826,4.0,,,,,,,,,
adam_switch_lr0.003_s1,adam,switch,0.003,1,1919,256,1,probe_loss,2.635644176179114,3.2019538432822454,1.2148657516903927,False,237,0.0028461001347750425,0.0063368999399244785,0.00016399985179305077,0.005930155732583903,0.00494951991523097,0.9907612707871375,0.354554223018614,10.0,,,,,,,,,
adam_switch_lr0.003_s1,adam,switch,0.003,1,2047,256,1,probe_loss,3.6811296150136372,4.6703775066147495,1.2687348708305257,False,237,0.0028395000845193863,0.006403000093996525,0.0001851001288741827,0.006249391528271277,0.004248972295327521,0.9897862190113957,0.3080065718633364,9.0,,,,,,,,,
adam_switch_lr0.003_s1,adam,switch,0.003,1,2175,256,1,probe_loss,3.2720286776063485,4.807812227789812,1.4693673868735666,False,237,0.0030066000763326883,0.0065073000732809305,0.00017120013944804668,0.009602307092868769,0.006663325859951231,0.994437652665331,0.40378767916991976,10.0,,,,,,,,,
adam_switch_lr0.003_s1,adam,switch,0.003,1,2303,256,1,probe_loss,4.509016088684583,8.58074419850604,1.9030192019140262,False,237,0.002876400016248226,0.006403400097042322,0.00016740011051297188,0.008915249727815901,0.008034818450220915,0.9955203690279442,0.26551787691043055,10.0,,,,,,,,,
adam_switch_lr0.003_s1,adam,switch,0.003,1,2431,256,1,probe_loss,3.6978310257516926,4.133340408523796,1.1177742789595349,False,237,0.0029883000534027815,0.006633700104430318,0.0001689000055193901,0.005548857554359194,0.004615276762764223,0.9876405499697613,0.48590188159633624,11.0,,,,,,,,,
adam_switch_lr0.003_s1,adam,switch,0.003,1,2559,256,1,probe_loss,3.5806013046311156,5.877481695435041,1.6414789571330273,False,237,0.002799100009724498,0.006254199892282486,0.0001629998441785574,0.005654922510127497,0.005056553395575665,0.9902516118963667,0.4399250982236583,9.0,,,,,,,,,
adam_switch_lr0.003_s1,adam,switch,0.003,1,2687,256,1,probe_loss,4.052896036360241,5.850931566940483,1.4436421547578095,False,237,0.0027407000306993723,0.006324799964204431,0.0001808998640626669,0.009132002017834956,0.004610259813180533,0.9855057623240557,0.47181403236051894,15.0,,,,,,,,,
adam_switch_lr0.003_s1,adam,switch,0.003,1,2815,256,1,probe_loss,3.888584926379153,5.678589095640372,1.4603227660320066,False,237,0.003292700042948127,0.0070344998966902494,0.00017449981532990932,0.0057850201060126154,0.005319879219134861,0.9837019514986868,0.46002433027280953,16.0,,,,,,,,,
adam_switch_lr0.003_s1,adam,switch,0.003,1,2943,256,1,probe_loss,3.4212763102689148,5.9125568528471755,1.728172856165027,False,237,0.0029929999727755785,0.006620700005441904,0.00016940012574195862,0.008820370456441197,0.006131267337395179,0.9873250370845783,0.4371465644075869,10.0,,,,,,,,,
adam_switch_lr0.003_s1,adam,switch,0.003,1,3071,256,1,probe_loss,4.049219912830501,6.091718792145071,1.5044178689437528,False,237,0.002810100093483925,0.006431299960240722,0.00017019989900290966,0.00904761657200653,0.008363491178862828,0.9929813550665799,0.29506620411109624,8.0,,,,,,,,,
adam_switch_lr0.003_s1,adam,switch,0.003,1,255,256,1,grad_norm,9.887884494373749,14.287850811369642,1.444985610369892,False,237,0.0032981999684125185,0.006980500183999538,0.0001642000861465931,3.338266274325225,3.311600750201548,-0.025024881949871874,0.996646605818647,43.0,,,,,,,,,
adam_switch_lr0.003_s1,adam,switch,0.003,1,383,256,1,grad_norm,8.709923606729507,14.427745510341586,1.6564721071944126,False,237,0.0032953000627458096,0.006983499974012375,0.0001664001028984785,0.2539268353371673,0.24137597675991362,0.0646897079448766,0.9067232686327673,117.0,,,,,,,,,
adam_switch_lr0.003_s1,adam,switch,0.003,1,511,256,1,grad_norm,10.452649847989095,15.515270038804054,1.484338446656081,False,237,0.0034118997864425182,0.007168399868533015,0.00017910008318722248,0.26042383988490003,0.2599915209855297,0.03146882502995563,0.9108604314256661,119.0,,,,,,,,,
adam_switch_lr0.003_s1,adam,switch,0.003,1,639,256,1,grad_norm,11.810816360640064,16.041577250002454,1.3582107078949717,False,237,0.003266399959102273,0.006957999896258116,0.00018500001169741154,0.23569188650128314,0.23368281978114747,0.0035788774067799854,0.8925046947408477,127.0,,,,,,,,,
adam_switch_lr0.003_s1,adam,switch,0.003,1,767,256,1,grad_norm,11.52127684671206,16.471701853962266,1.4296767687396519,False,237,0.0032625000458210707,0.0071396001148968935,0.0001680999994277954,0.21448953098328144,0.21130475660851586,-0.08168212916390497,0.9107141093894026,131.0,,,,,,,,,
adam_switch_lr0.003_s1,adam,switch,0.003,1,895,256,1,grad_norm,10.400309901640819,16.088300322545976,1.5469058590271223,False,237,0.003216699929907918,0.006924099987372756,0.00016930000856518745,0.1922191309900438,0.1921422514469744,-0.021474884969694324,0.8946532866102199,129.0,,,,,,,,,
adam_switch_lr0.003_s1,adam,switch,0.003,1,1023,256,1,grad_norm,11.616881252363251,16.30967748313578,1.4039635190226172,False,237,0.0032252001110464334,0.006956000113859773,0.0002142000012099743,0.1692194076675154,0.16910934120775623,-0.00526724991422804,0.9126045577581657,124.0,,,,,,,,,
adam_switch_lr0.003_s1,adam,switch,0.003,1,1151,256,1,grad_norm,11.481958680393136,16.448669834748085,1.432566541354675,False,237,0.0032172000501304865,0.006980299949645996,0.000174699816852808,0.14629007733913552,0.14334380402377583,0.021872424971142414,0.9156363508639919,134.0,,,,,,,,,
adam_switch_lr0.003_s1,adam,switch,0.003,1,1279,256,1,grad_norm,11.711801823740355,17.58756814114281,1.5016961869600636,False,237,0.0032919999212026596,0.007022100035101175,0.00017440016381442547,0.129036138083427,0.12888914082905717,0.033681204219536874,0.9132486142179165,130.0,,,,,,,,,
adam_switch_lr0.003_s1,adam,switch,0.003,1,1407,256,1,grad_norm,11.913195167563652,18.68392657083894,1.5683388300151517,False,237,0.0033374999184161425,0.007066599791869521,0.00018049986101686954,0.11661059135578968,0.11270131575579387,0.033044996620211306,0.9109366399050329,122.0,,,,,,,,,
adam_switch_lr0.003_s1,adam,switch,0.003,1,1535,256,1,grad_norm,11.710784491953392,17.563885534735896,1.499804351006906,False,237,0.003326999954879284,0.007142600137740374,0.0001805000938475132,0.10413949900152,0.10317473148931965,0.11799226342708705,0.8874077099219153,107.0,,,,,,,,,
adam_switch_lr0.003_s1,adam,switch,0.003,1,1663,256,1,grad_norm,6.837813477870221,6.489375088022529,0.9490424254806932,False,237,0.0028164999093860388,0.006440899800509214,0.0001852000132203102,0.14043691519474355,0.09465438917775819,0.27478801228318706,0.83586905136174,92.0,,,,,,,,,
adam_switch_lr0.003_s1,adam,switch,0.003,1,1791,256,1,grad_norm,11.422328266436944,16.872929739835634,1.477188305769025,False,237,0.0031974001321941614,0.006827499950304627,0.00016709999181330204,0.07667045877741246,0.07662485215159477,0.3601910330134618,0.8480156036920893,100.0,,,,,,,,,
adam_switch_lr0.003_s1,adam,switch,0.003,1,1919,256,1,grad_norm,11.841297329611088,17.2714191476813,1.458574906694667,False,237,0.0031735000666230917,0.0068362001329660416,0.00016120006330311298,0.06675329210903276,0.06389945603562228,0.054138975195742116,0.9099727391650559,116.0,,,,,,,,,
adam_switch_lr0.003_s1,adam,switch,0.003,1,2047,256,1,grad_norm,12.1856777208297,16.78636352933798,1.37754862010211,False,237,0.0033418999519199133,0.007132899947464466,0.0001813000999391079,0.06417907147830948,0.06171661153829143,-0.01944816834167842,0.8907840424451806,128.0,,,,,,,,,
adam_switch_lr0.003_s1,adam,switch,0.003,1,2175,256,1,grad_norm,12.008495520222885,16.806182712212394,1.3995244186842533,False,237,0.0032736998982727528,0.007096499903127551,0.00017419992946088314,0.06320678305793083,0.06120699238498089,-0.044612957870652795,0.9006641555026117,136.0,,,,,,,,,
adam_switch_lr0.003_s1,adam,switch,0.003,1,2303,256,1,grad_norm,11.917092499275038,17.830917145617278,1.4962472722857527,False,237,0.0034358000848442316,0.007229600101709366,0.00016769999638199806,0.06936105441746837,0.06727609683170772,0.008005689840804147,0.9008565480944561,130.0,,,,,,,,,
adam_switch_lr0.003_s1,adam,switch,0.003,1,2431,256,1,grad_norm,12.168580880484727,18.105255477564192,1.4878690995595356,False,237,0.0032504999544471502,0.006970100104808807,0.00016990001313388348,0.0672971615972331,0.06596631511411834,0.002466486397502251,0.9011447357041521,126.0,,,,,,,,,
adam_switch_lr0.003_s1,adam,switch,0.003,1,2559,256,1,grad_norm,11.933452058687088,16.732328076605064,1.4021364475524567,False,237,0.003232399933040142,0.00701659987680614,0.00017339992336928844,0.06745060176948026,0.06594537693554259,0.013610997373235893,0.9003172544908914,125.0,,,,,,,,,
adam_switch_lr0.003_s1,adam,switch,0.003,1,2687,256,1,grad_norm,12.855252745438932,19.97099512893732,1.553528003253228,False,237,0.0032071000896394253,0.00698600010946393,0.0001797000877559185,0.07469198198759122,0.0708411706863992,0.020440851588684385,0.9187536974468239,122.0,,,,,,,,,
adam_switch_lr0.003_s1,adam,switch,0.003,1,2815,256,1,grad_norm,12.157440791708972,18.713949846455087,1.5393001016478294,False,237,0.0033271999564021826,0.007057099835947156,0.0001697998959571123,0.07959565694244529,0.0789263341181702,0.09659715243845553,0.915682781162032,132.0,,,,,,,,,
adam_switch_lr0.003_s1,adam,switch,0.003,1,2943,256,1,grad_norm,11.216393058981982,17.416948247310078,1.5528118670344517,False,237,0.0033825000282377005,0.007147400174289942,0.00018030009232461452,0.08735162662352344,0.08603946975330197,0.13072759560222244,0.9175110710315764,125.0,,,,,,,,,
adam_switch_lr0.003_s1,adam,switch,0.003,1,3071,256,1,grad_norm,12.086102864514357,17.385732445783518,1.4384895313798167,False,237,0.0032271998934447765,0.006875999737530947,0.00016409996896982193,0.08956858424729305,0.08931855920281467,0.1647575312982402,0.9124975337243175,116.0,,,,,,,,,
adam_switch_lr0.003_s1,adam,switch,0.003,1,1023,1024,1,train_loss,10.723238658672448,14.542840077813967,1.356198490094446,False,1005,0.019855499966070056,0.046795699978247285,0.00022789998911321163,0.29268284008517376,0.13996029772657848,0.8696921503753107,0.5877146643101177,216.0,,,,,,,,,
adam_switch_lr0.003_s1,adam,switch,0.003,1,1151,1024,1,train_loss,10.874563822272687,15.171402187889504,1.395127421737713,False,1005,0.021020499989390373,0.05096059991046786,0.0002585998736321926,0.19079251074400438,0.05432675336345426,0.23414379906758723,0.8077412692682711,446.0,,,,,,,,,
adam_switch_lr0.003_s1,adam,switch,0.003,1,1279,1024,1,train_loss,11.538435981343918,17.1563276619225,1.4868850240762221,False,1005,0.02331559988670051,0.054082199931144714,0.00022220006212592125,0.16796175160917678,0.05461175060469465,0.21882995978003641,0.8227666289585264,432.0,,,,,,,,,
adam_switch_lr0.003_s1,adam,switch,0.003,1,1407,1024,1,train_loss,12.004011684885095,18.12683652785288,1.5100648852814238,False,1005,0.02517580008134246,0.05849410011433065,0.0002539998386055231,0.1474707616238227,0.05592567034598507,0.20116729699590252,0.8487791264687136,451.0,,,,,,,,,
adam_switch_lr0.003_s1,adam,switch,0.003,1,1535,1024,1,train_loss,12.057156698880686,17.70698119553082,1.4685868018265558,False,1005,0.025544899981468916,0.06199139985255897,0.00027439999394118786,0.12657819467071013,0.05523927759974665,0.15811182618711545,0.8799382173783079,470.0,,,,,,,,,
adam_switch_lr0.003_s1,adam,switch,0.003,1,1663,1024,1,train_loss,11.758787687387649,17.413142432398633,1.4808620493314788,False,1005,0.026455000042915344,0.06353529985062778,0.00025599985383450985,0.12244580180971262,0.05548544479208352,0.08149997080827188,0.9188568554095766,476.0,,,,,,,,,
adam_switch_lr0.003_s1,adam,switch,0.003,1,1791,1024,1,train_loss,12.413272359735405,18.884709876470374,1.5213321136597466,False,1005,0.026038400130346417,0.06316280015744269,0.0002528000622987747,0.11592074239265503,0.055249550721740065,0.07098205921351172,0.9219352901227773,479.0,,,,,,,,,
adam_switch_lr0.003_s1,adam,switch,0.003,1,1919,1024,1,train_loss,12.681946069638476,19.159427523479053,1.510763996177854,False,1005,0.027091699885204434,0.06450699991546571,0.00024179997853934765,0.11149862176879069,0.05674099816394411,0.07778534144292124,0.921678073701904,463.0,,,,,,,,,
adam_switch_lr0.003_s1,adam,switch,0.003,1,2047,1024,1,train_loss,13.189885814301235,19.441549557756908,1.4739740609943157,False,1005,0.027071799850091338,0.06518889986909926,0.00024800002574920654,0.10478750750599405,0.05894650510199298,0.1257576300256807,0.9022488338308361,460.0,,,,,,,,,
adam_switch_lr0.003_s1,adam,switch,0.003,1,2175,1024,1,train_loss,13.552017656644585,19.571336157379122,1.444164009613967,False,1005,0.027959599858149886,0.0675607998855412,0.00024930015206336975,0.09562829987221196,0.0602032830176027,0.18105265566793194,0.8618682243476621,433.0,,,,,,,,,
adam_switch_lr0.003_s1,adam,switch,0.003,1,2303,1024,1,train_loss,14.073568785089973,19.98674111579306,1.4201615397629423,False,1005,0.031072699930518866,0.07098089973442256,0.00023170001804828644,0.08621346285515259,0.06241949239828323,0.20377400174097896,0.8330203958937036,417.0,,,,,,,,,
adam_switch_lr0.003_s1,adam,switch,0.003,1,2431,1024,1,train_loss,13.643504440602493,19.894383915392602,1.4581579096487671,False,1005,0.03222489985637367,0.07261179992929101,0.00025780010037124157,0.07484909873267687,0.061511933478242575,0.18666020363761493,0.8605149527077323,443.0,,,,,,,,,
adam_switch_lr0.003_s1,adam,switch,0.003,1,2559,1024,1,train_loss,14.538928526595397,21.52777216514112,1.4806986722413107,False,1005,0.03158139996230602,0.07290420006029308,0.00024339999072253704,0.06148226978991717,0.05665917205926664,0.016020681052003036,0.930199680602609,491.0,,,,,,,,,
adam_switch_lr0.003_s1,adam,switch,0.003,1,2687,1024,1,train_loss,14.425721862605066,21.714450585025148,1.5052592024052687,False,1005,0.034816900035366416,0.07600390003062785,0.0002476999070495367,0.05865689519507107,0.05519542224173411,0.002640128185313539,0.9376045567998115,507.0,,,,,,,,,
adam_switch_lr0.003_s1,adam,switch,0.003,1,2815,1024,1,train_loss,14.30079258191328,22.4754821632435,1.5716249315907873,False,1005,0.03473550011403859,0.07628219993785024,0.0002466000150889158,0.05723486261156921,0.05514266839614129,-0.000950835629191988,0.9332718011283908,523.0,,,,,,,,,
adam_switch_lr0.003_s1,adam,switch,0.003,1,2943,1024,1,train_loss,14.641052240104854,22.720017441710606,1.5518022249436283,False,1005,0.031951900105923414,0.072786700213328,0.00023490004241466522,0.05807361226115538,0.05644964302481962,0.016448547552282904,0.9304244087828718,503.0,,,,,,,,,
adam_switch_lr0.003_s1,adam,switch,0.003,1,3071,1024,1,train_loss,14.807864543840104,22.979883170635407,1.5518701634932746,False,1005,0.031074400059878826,0.0724145001731813,0.0002676001749932766,0.05777445777793327,0.05640446559560593,0.00655767915489453,0.9301232868579493,499.0,,,,,,,,,
adam_switch_lr0.003_s1,adam,switch,0.003,1,1023,1024,1,probe_loss,5.601316863504204,8.517212225442837,1.5205731853767042,False,1005,0.01531550008803606,0.03602469991892576,0.00022289995104074478,0.2811353884554361,0.14683300198074892,0.9884710008924913,0.4869613643382023,22.0,,,,,,,,,
adam_switch_lr0.003_s1,adam,switch,0.003,1,1151,1024,1,probe_loss,5.354392826440104,8.238450271436323,1.5386338915506317,False,1005,0.01568010007031262,0.037865799851715565,0.00024349987506866455,0.16093045993939756,0.04512370020601025,0.9794750770076834,0.22535063401291552,46.0,,,,,,,,,
adam_switch_lr0.003_s1,adam,switch,0.003,1,1279,1024,1,probe_loss,5.499454224443367,8.982933387535185,1.6334227035855367,False,1005,0.018017400056123734,0.04214000003412366,0.0002351999282836914,0.12431314329503962,0.0436526875220187,0.981561720194332,0.21419192505501317,34.0,,,,,,,,,
adam_switch_lr0.003_s1,adam,switch,0.003,1,1407,1024,1,probe_loss,5.682711878670794,9.051027269422459,1.5927302778439518,False,1005,0.018423600122332573,0.044625700218603015,0.00026439991779625416,0.09401620966769297,0.03849564520360016,0.9809902463622822,0.2910218988447539,48.0,,,,,,,,,
adam_switch_lr0.003_s1,adam,switch,0.003,1,1535,1024,1,probe_loss,5.587120243716967,9.166741490784515,1.6406916427282972,False,1005,0.020009499974548817,0.04983469983562827,0.00026979995891451836,0.06508338439592816,0.028257070094430264,0.9669758448336864,0.4265630814844436,66.0,,,,,,,,,
adam_switch_lr0.003_s1,adam,switch,0.003,1,1663,1024,1,probe_loss,4.88053059741072,7.735891692959215,1.5850513665590698,False,1005,0.020380300004035234,0.05078240018337965,0.0002568000927567482,0.05727106256935269,0.023219761942825087,0.9568243717839541,0.5902154797494751,89.0,,,,,,,,,
adam_switch_lr0.003_s1,adam,switch,0.003,1,1791,1024,1,probe_loss,5.0914563366841294,8.160799038473371,1.6028417998352484,False,1005,0.019802900031208992,0.04920410015620291,0.00026599992997944355,0.05435383718428554,0.021542051351047954,0.960124825716299,0.5761134280497201,103.0,,,,,,,,,
adam_switch_lr0.003_s1,adam,switch,0.003,1,1919,1024,1,probe_loss,4.737275896503699,7.226705090694867,1.5254980390794775,False,1005,0.019854400074109435,0.048726300010457635,0.00026819994673132896,0.053496279461673256,0.020669714422890072,0.9652252952072337,0.567050107780849,85.0,,,,,,,,,
adam_switch_lr0.003_s1,adam,switch,0.003,1,2047,1024,1,probe_loss,4.521573411617236,6.570718441416099,1.4531929138945334,False,1005,0.01954220002517104,0.045761500019580126,0.0002468000166118145,0.050723347307129296,0.020685711252661967,0.9720585235865865,0.5230372051609647,66.0,,,,,,,,,
adam_switch_lr0.003_s1,adam,switch,0.003,1,2175,1024,1,probe_loss,4.245350914391627,6.003375579962896,1.4141058539145992,False,1005,0.017261399887502193,0.0425775998737663,0.0002671999391168356,0.049290195682621975,0.021047891609304,0.97791673283133,0.4781686243360785,43.0,,,,,,,,,
adam_switch_lr0.003_s1,adam,switch,0.003,1,2303,1024,1,probe_loss,3.9819884774888377,5.872832216243941,1.4748491236085963,False,1005,0.016622399911284447,0.03937619994394481,0.0002489001490175724,0.042572887493191665,0.02139931959420196,0.987786259474872,0.41709730138917234,36.0,,,,,,,,,
adam_switch_lr0.003_s1,adam,switch,0.003,1,2431,1024,1,probe_loss,3.89905453317046,4.927358498533667,1.2637316191951429,False,1005,0.016531999921426177,0.04200139991007745,0.00025969999842345715,0.03345211001328074,0.020717605215090907,0.9930224451996155,0.36554317661390584,8.0,,,,,,,,,
adam_switch_lr0.003_s1,adam,switch,0.003,1,2559,1024,1,probe_loss,3.767079681559734,4.98032516359077,1.3220652560045398,False,1005,0.0177970000077039,0.04542029998265207,0.0003128999378532171,0.015374739277350865,0.009615605571435409,0.9968400795459363,0.5495064723531548,30.0,,,,,,,,,
adam_switch_lr0.003_s1,adam,switch,0.003,1,2687,1024,1,probe_loss,3.712921170751708,4.83646033781031,1.302602483432508,False,1005,0.02004329999908805,0.049010199727490544,0.0003153998404741287,0.013232013260242585,0.007162112365526685,0.9948480073127917,0.46865143062104914,32.0,,,,,,,,,
adam_switch_lr0.003_s1,adam,switch,0.003,1,2815,1024,1,probe_loss,4.204957428656878,5.269973854393524,1.253276387170661,False,1005,0.020558099960908294,0.049019299913197756,0.00032199989072978497,0.013058129594632366,0.007133021265071658,0.9941739634580578,0.472528718110564,40.0,,,,,,,,,
adam_switch_lr0.003_s1,adam,switch,0.003,1,2943,1024,1,probe_loss,4.16033998207224,5.981082791481914,1.4376427929581785,False,1005,0.020232800161466002,0.04970970004796982,0.00030099996365606785,0.011016808401077717,0.008381899528464838,0.9953185215970349,0.3754230385913224,34.0,,,,,,,,,
adam_switch_lr0.003_s1,adam,switch,0.003,1,3071,1024,1,probe_loss,4.823592370785776,7.471729586434587,1.5489968911318728,False,1005,0.021009900141507387,0.05222510010935366,0.00025809998624026775,0.010141117399444184,0.008871919003040055,0.9952718683733925,0.4116951391667335,27.0,,,,,,,,,
adam_switch_lr0.003_s1,adam,switch,0.003,1,1023,1024,1,grad_norm,12.780946561382065,18.745102821546062,1.466644331194126,False,1005,0.03285399987362325,0.07424559979699552,0.000274099875241518,1.6805010874594322,1.6804326854918514,-0.007872190126732907,0.9958135232416917,416.0,,,,,,,,,
adam_switch_lr0.003_s1,adam,switch,0.003,1,1151,1024,1,grad_norm,12.84370204480637,19.192984495952516,1.4943498711661265,False,1005,0.03225139994174242,0.0747235999442637,0.00027689989656209946,0.22608468537077783,0.2142908413613782,0.09313205773575375,0.9023977470520789,480.0,,,,,,,,,
adam_switch_lr0.003_s1,adam,switch,0.003,1,1279,1024,1,grad_norm,14.209603611803967,21.221694861564565,1.4934755001846518,False,1005,0.03154350002296269,0.07497980003245175,0.00027369987219572067,0.20418108163151877,0.2019711912357695,0.02753604441303048,0.9215291636052809,489.0,,,,,,,,,
adam_switch_lr0.003_s1,adam,switch,0.003,1,1407,1024,1,grad_norm,14.262993661630729,21.22633072368364,1.4882100649588854,False,1005,0.03324910020455718,0.07510180026292801,0.00024259998463094234,0.18209281282575215,0.18200409557082578,0.05943352433050134,0.9123093596303896,496.0,,,,,,,,,
adam_switch_lr0.003_s1,adam,switch,0.003,1,1535,1024,1,grad_norm,14.11059516847459,20.649964971022243,1.4634368518457455,False,1005,0.03131640003994107,0.07492649997584522,0.0002828999422490597,0.1629980601700676,0.16149012661630968,0.016444376475732027,0.9219809151059871,483.0,,,,,,,,,
adam_switch_lr0.003_s1,adam,switch,0.003,1,1663,1024,1,grad_norm,11.771383390737006,14.675794068830808,1.2467348638376103,False,1005,0.030858299927785993,0.07035549986176193,0.0002569998614490032,0.1696170493608887,0.1504840519105861,0.15319705768231762,0.8867775902216676,435.0,,,,,,,,,
adam_switch_lr0.003_s1,adam,switch,0.003,1,1791,1024,1,grad_norm,13.12783031669798,19.03238765014914,1.4497740442257883,False,1005,0.028871099930256605,0.06814309977926314,0.0002842999529093504,0.16748114735763203,0.13384615046320078,0.19185222431626747,0.8789766512925768,419.0,,,,,,,,,
adam_switch_lr0.003_s1,adam,switch,0.003,1,1919,1024,1,grad_norm,12.988471191737222,18.835203883343727,1.4501478738564686,False,1005,0.02893249993212521,0.07022679992951453,0.00025459984317421913,0.15615107450054203,0.11937957569310113,0.2476060509206001,0.8619292689123226,392.0,,,,,,,,,
adam_switch_lr0.003_s1,adam,switch,0.003,1,2047,1024,1,grad_norm,13.021729181613091,18.768564670020382,1.4413266017328883,False,1005,0.030638200230896473,0.07192370016127825,0.0002389999572187662,0.14073948949758516,0.1129006574429283,0.35311058753188623,0.7969234713760663,354.0,,,,,,,,,
adam_switch_lr0.003_s1,adam,switch,0.003,1,2175,1024,1,grad_norm,13.157537739377469,18.83908930669887,1.431809634892236,False,1005,0.031175700016319752,0.07217579986900091,0.0002500999253243208,0.1290284437224104,0.11194496683211323,0.46918280244815924,0.689681265482272,343.0,,,,,,,,,
adam_switch_lr0.003_s1,adam,switch,0.003,1,2303,1024,1,grad_norm,13.293999222608335,19.305720838287865,1.4522131764123878,False,1005,0.031145700020715594,0.0721108999568969,0.0002710998523980379,0.11030646087129367,0.10774592740376229,0.5389478231562219,0.6431091368981943,310.0,,,,,,,,,
adam_switch_lr0.003_s1,adam,switch,0.003,1,2431,1024,1,grad_norm,13.345048411902951,19.24061075936353,1.4417790153688843,False,1005,0.033601999981328845,0.073978700209409,0.00023980019614100456,0.0995611641757358,0.09812011660813162,0.5147641466121775,0.6978386661647296,340.0,,,,,,,,,
adam_switch_lr0.003_s1,adam,switch,0.003,1,2559,1024,1,grad_norm,13.362527375514539,18.764465252525568,1.404260191594408,False,1005,0.03014179994352162,0.07097640004940331,0.00027430010959506035,0.09243800457885369,0.06843869142812231,0.12132076363274119,0.9253560701570813,489.0,,,,,,,,,
adam_switch_lr0.003_s1,adam,switch,0.003,1,2687,1024,1,grad_norm,13.475897028651561,19.513938810543213,1.4480623270609716,False,1005,0.031584199983626604,0.07150860014371574,0.0002582001034170389,0.09341836121342727,0.06572474903114357,0.013120830823223588,0.9353397895972181,512.0,,,,,,,,,
adam_switch_lr0.003_s1,adam,switch,0.003,1,2815,1024,1,grad_norm,13.549053227490738,19.808909656295736,1.4620143063652509,False,1005,0.029511400032788515,0.07024720008485019,0.00025120005011558533,0.09435978292993384,0.06885494820269206,0.03511748129737979,0.9323268607119087,515.0,,,,,,,,,
adam_switch_lr0.003_s1,adam,switch,0.003,1,2943,1024,1,grad_norm,13.422853513283119,19.982235777713928,1.4886727146310366,False,1005,0.030432899948209524,0.07107569999061525,0.0002570999786257744,0.09611498288548444,0.07174037600777207,0.04693497542258419,0.9307734605739013,518.0,,,,,,,,,
adam_switch_lr0.003_s1,adam,switch,0.003,1,3071,1024,1,grad_norm,13.429605843955681,20.493351386070206,1.5259830872321345,False,1005,0.029263600008562207,0.06740999990142882,0.0002571998629719019,0.09946115570691125,0.07618853940439155,0.09034989484442318,0.9284339934775452,508.0,,,,,,,,,
adam_switch_lr0.003_s1,adam,switch,0.003,1,511,512,4,train_loss,16.26381254027036,12.549728292500072,0.7716350801158123,False,436,0.01529160002246499,0.029068600153550506,0.00023150001652538776,0.2720346246082235,0.15885288555697252,0.8995132570788454,0.55094877398239,78.0,,,,,,,,,
adam_switch_lr0.003_s1,adam,switch,0.003,1,639,512,4,train_loss,15.376795798466544,16.51110209356754,1.073767403168228,False,436,0.017049700021743774,0.030872000148519874,0.00021159998141229153,0.12507628868154622,0.04399083089293756,0.0081238774638994,0.9270032359442438,261.0,,,,,,,,,
adam_switch_lr0.003_s1,adam,switch,0.003,1,767,512,4,train_loss,14.523061589705003,16.13524374320558,1.1110084222629346,False,436,0.015960199991241097,0.02998520014807582,0.0002071000635623932,0.11357268748565522,0.045818666488404644,0.0016595089973285347,0.9239344161882787,254.0,,,,,,,,,
adam_switch_lr0.003_s1,adam,switch,0.003,1,895,512,4,train_loss,14.296597160724355,16.860199235811113,1.1793155424515627,False,436,0.016245099948719144,0.030041899997740984,0.00024319998919963837,0.10508675141071946,0.04761041129983845,-0.008922504106027941,0.9191184662123064,262.0,,,,,,,,,
adam_switch_lr0.003_s1,adam,switch,0.003,1,1023,512,4,train_loss,14.035313354143018,18.87548130791547,1.3448564226279784,False,436,0.017718999879434705,0.03190739965066314,0.00023579993285238743,0.09216875752771202,0.05017848279174712,0.022232194572077334,0.9263743875852293,264.0,,,,,,,,,
adam_switch_lr0.003_s1,adam,switch,0.003,1,1151,512,4,train_loss,12.879973925810305,16.339555585692022,1.2686016043051942,False,436,0.017593499971553683,0.032773900078609586,0.0002699000760912895,0.0834321252932302,0.05144464952268852,0.02077047849182755,0.9202855387038951,247.0,,,,,,,,,
adam_switch_lr0.003_s1,adam,switch,0.003,1,1279,512,4,train_loss,12.5323254668569,18.10610241478522,1.4447520105242064,False,436,0.017186100129038095,0.031916600186377764,0.00027750013396143913,0.0751876621678217,0.0515396982859456,0.0333753795385754,0.9238829935862887,256.0,,,,,,,,,
adam_switch_lr0.003_s1,adam,switch,0.003,1,1407,512,4,train_loss,13.211525694841486,19.084774586893452,1.4445549308771515,False,436,0.016574200009927154,0.030215000035241246,0.0002148000057786703,0.07122617637440035,0.05366621074936751,0.0590485676408652,0.91520793765175,248.0,,,,,,,,,
adam_switch_lr0.003_s1,adam,switch,0.003,1,1535,512,4,train_loss,13.001814994338838,18.2587081321176,1.4043199461050386,False,436,0.01579839992336929,0.02923469990491867,0.0002077000681310892,0.06622747828226658,0.053409816670454725,0.06399019526042718,0.926930541336039,256.0,,,,,,,,,
adam_switch_lr0.003_s1,adam,switch,0.003,1,1663,512,4,train_loss,11.46851346409451,14.188968312464732,1.2372107646633883,False,436,0.015834999969229102,0.02968990011140704,0.0002242999617010355,0.0804325576560075,0.05797235506947271,0.0876602210756955,0.8995196994047853,241.0,,,,,,,,,
adam_switch_lr0.003_s1,adam,switch,0.003,1,1791,512,4,train_loss,9.485613426244763,18.738066037369464,1.9754195322281474,False,436,0.016241899924352765,0.029615999897941947,0.00022689998149871826,0.08206266674177035,0.05800140757209647,0.07643404943813555,0.8994882700808936,253.0,,,,,,,,,
adam_switch_lr0.003_s1,adam,switch,0.003,1,1919,512,4,train_loss,11.912546701208464,13.835377153697905,1.161412206870457,False,436,0.01614820002578199,0.029752900125458837,0.00022520008496940136,0.07659089947638864,0.05964451715063856,0.09423581259913574,0.8865814369025347,212.0,,,,,,,,,
adam_switch_lr0.003_s1,adam,switch,0.003,1,2047,512,4,train_loss,11.977584264534682,16.853629770325433,1.4070975747779622,False,436,0.016273299930617213,0.029832999920472503,0.00021620001643896103,0.061528013110084843,0.05827308648035915,-0.0007900328276229379,0.9206332703258526,242.0,,,,,,,,,
adam_switch_lr0.003_s1,adam,switch,0.003,1,2175,512,4,train_loss,12.810014988355237,16.700698927578795,1.3037220442568045,False,436,0.016357499873265624,0.03047499991953373,0.00021689990535378456,0.05638655147744477,0.05468493926769618,0.03998483166876567,0.9231499483387875,236.0,,,,,,,,,
adam_switch_lr0.003_s1,adam,switch,0.003,1,2303,512,4,train_loss,12.174710701820132,16.58584785947984,1.362319669493275,False,436,0.017003700137138367,0.030466100201010704,0.00020450004376471043,0.05580452305706052,0.05544519893518679,-0.003538089124002975,0.9269914718288036,260.0,,,,,,,,,
adam_switch_lr0.003_s1,adam,switch,0.003,1,2431,512,4,train_loss,12.38906243368316,16.256081236186247,1.3121316744671094,False,436,0.01644450007006526,0.029993100091814995,0.00022529996931552887,0.055750222494255465,0.05532790790955462,0.04176337018799382,0.9235792556368777,248.0,,,,,,,,,
adam_switch_lr0.003_s1,adam,switch,0.003,1,2559,512,4,train_loss,12.939338432754882,17.19250134854429,1.3287001833898149,False,436,0.01648729993030429,0.030251000076532364,0.00021520000882446766,0.055022917832912195,0.05431604671005509,0.01114107316110293,0.9258629277702497,250.0,,,,,,,,,
adam_switch_lr0.003_s1,adam,switch,0.003,1,2687,512,4,train_loss,12.80165267856913,16.98127871657519,1.3264911291495236,False,436,0.01667400007136166,0.030433500185608864,0.0002047000452876091,0.05648498809537004,0.055542789004268865,-0.04118925203839303,0.926558619100429,271.0,,,,,,,,,
adam_switch_lr0.003_s1,adam,switch,0.003,1,2815,512,4,train_loss,11.899398477697561,15.663741584650413,1.3163473442803155,False,436,0.016337400069460273,0.02994210016913712,0.000228899996727705,0.05519119331873456,0.05480135889830077,-0.0013307944400041908,0.9206331219934277,265.0,,,,,,,,,
adam_switch_lr0.003_s1,adam,switch,0.003,1,2943,512,4,train_loss,11.654072746010549,15.45845854393736,1.3264425991530848,False,436,0.01634060009382665,0.0299880001693964,0.00021319999359548092,0.05751382490841655,0.05742133558931612,-0.014965456007687197,0.9190853365543273,261.0,,,,,,,,,
adam_switch_lr0.003_s1,adam,switch,0.003,1,3071,512,4,train_loss,12.322148950331721,17.026732125191934,1.3817989210991937,False,436,0.016910800011828542,0.03072399995289743,0.0002087999600917101,0.05844583863560913,0.058315588911363264,-0.0014588937503612531,0.9246078614568537,259.0,,,,,,,,,
adam_switch_lr0.003_s1,adam,switch,0.003,1,511,512,4,probe_loss,17.312699916610313,11.81762018695708,0.682598337860573,False,436,0.01435069995932281,0.027317999862134457,0.00024039996787905693,0.2778091337803894,0.16440686348402264,0.9826277918028029,0.4927629725770066,10.0,,,,,,,,,
adam_switch_lr0.003_s1,adam,switch,0.003,1,639,512,4,probe_loss,20.503875713712166,18.362865615268916,0.8955802245225556,False,436,0.014219800010323524,0.0274314999114722,0.0002055000513792038,0.11903305515378375,0.021611795094955644,0.8797736149152386,0.6999514346115752,72.0,,,,,,,,,
adam_switch_lr0.003_s1,adam,switch,0.003,1,767,512,4,probe_loss,15.185640856909595,17.31603691187029,1.1402901645728931,False,436,0.01428610016591847,0.027075700229033828,0.00022369995713233948,0.1013842465596697,0.021087246928564108,0.9011845652666935,0.6565676469872258,68.0,,,,,,,,,
adam_switch_lr0.003_s1,adam,switch,0.003,1,895,512,4,probe_loss,17.350480847302308,15.194826562042755,0.8757582395421208,False,436,0.014594200067222118,0.02724900026805699,0.00020450004376471043,0.08410591041888503,0.02220029786366482,0.9338974493384314,0.5527277584612532,54.0,,,,,,,,,
adam_switch_lr0.003_s1,adam,switch,0.003,1,1023,512,4,probe_loss,18.65764925650966,17.353561079456014,0.9301043685019081,False,436,0.014787099789828062,0.027854399988427758,0.00020240014418959618,0.056200535552164754,0.021114496246316096,0.9344741706126433,0.5559897209903828,54.0,,,,,,,,,
adam_switch_lr0.003_s1,adam,switch,0.003,1,1151,512,4,probe_loss,19.1530060383573,18.476270338020154,0.964666867489006,False,436,0.015104899881407619,0.028247699607163668,0.00023319991305470467,0.0405871880600818,0.01833664176980698,0.9190354416611252,0.6507742493427299,66.0,,,,,,,,,
adam_switch_lr0.003_s1,adam,switch,0.003,1,1279,512,4,probe_loss,15.436239742945308,24.6007058974177,1.5936980966274996,False,436,0.016131400130689144,0.029680600157007575,0.00022500008344650269,0.02761916681221863,0.017734997578145218,0.9171124996493925,0.6605189519653121,76.0,,,,,,,,,
adam_switch_lr0.003_s1,adam,switch,0.003,1,1407,512,4,probe_loss,17.861194784376124,24.37852143161352,1.364887496380609,False,436,0.016675099963322282,0.030272499890998006,0.00021249987185001373,0.024983444651724574,0.018056561515983404,0.927148815809889,0.6604957429962118,70.0,,,,,,,,,
adam_switch_lr0.003_s1,adam,switch,0.003,1,1535,512,4,probe_loss,15.70930012665511,26.525893956693707,1.6885471499577054,False,436,0.016351299826055765,0.029890299774706364,0.00021520000882446766,0.021901123580927783,0.01823114281359312,0.9294296526474349,0.6730223634432696,63.0,,,,,,,,,
adam_switch_lr0.003_s1,adam,switch,0.003,1,1663,512,4,probe_loss,13.791774007280681,12.570531843966727,0.9114514084504821,False,436,0.015168700134381652,0.02821010025218129,0.0002095999661833048,0.04054408308054855,0.02333386063145435,0.9644606097725631,0.5348173125003649,32.0,,,,,,,,,
adam_switch_lr0.003_s1,adam,switch,0.003,1,1791,512,4,probe_loss,6.4698920730583875,31.90444076266772,4.9312168429397225,False,436,0.014932499965652823,0.027228999882936478,0.00021030008792877197,0.041794744692023864,0.021848628880527604,0.9770776708755342,0.5212405690386969,11.0,,,,,,,,,
adam_switch_lr0.003_s1,adam,switch,0.003,1,1919,512,4,probe_loss,6.508458286553331,7.822820840797441,1.2019468353910512,False,436,0.015462200157344341,0.02857280010357499,0.00021949992515146732,0.036227917487237325,0.021222252043271102,0.9873160911886529,0.3602555448952509,10.0,,,,,,,,,
adam_switch_lr0.003_s1,adam,switch,0.003,1,2047,512,4,probe_loss,10.244582376539395,25.350643085521373,2.474541387219025,False,436,0.01478319987654686,0.027612399775534868,0.00021680002100765705,0.013317626908782186,0.009808561809108834,0.9971359763346587,0.5834130060505285,18.0,,,,,,,,,
adam_switch_lr0.003_s1,adam,switch,0.003,1,2175,512,4,probe_loss,14.163015945747407,21.13887006232238,1.4925401583459732,False,436,0.015367500018328428,0.02816890017129481,0.00021100020967423916,0.01071055919458905,0.00620282458994283,0.9938484482003734,0.46712309941439306,20.0,,,,,,,,,
adam_switch_lr0.003_s1,adam,switch,0.003,1,2303,512,4,probe_loss,13.927301122732825,18.363612259508997,1.3185334400169613,False,436,0.014962400076910853,0.027289200108498335,0.00020859995856881142,0.010987901640890632,0.006442405428348691,0.9942615477382843,0.43321688023818977,16.0,,,,,,,,,
adam_switch_lr0.003_s1,adam,switch,0.003,1,2431,512,4,probe_loss,15.622087120513326,17.476794421590622,1.118723400194196,False,436,0.014914400177076459,0.02737290016375482,0.00020070001482963562,0.00875177956797552,0.007609386761649995,0.9955239211561281,0.3925823339906461,19.0,,,,,,,,,
adam_switch_lr0.003_s1,adam,switch,0.003,1,2559,512,4,probe_loss,8.91764951669242,10.308117052998293,1.1559230976394776,False,436,0.015234200051054358,0.02785790036432445,0.00021570012904703617,0.007488787128670292,0.007409792117110089,0.9950914796633087,0.44663057402731776,15.0,,,,,,,,,
adam_switch_lr0.003_s1,adam,switch,0.003,1,2687,512,4,probe_loss,8.951881537515913,10.736360317343907,1.1993411968589538,False,436,0.016136999940499663,0.029369699768722057,0.0002158998977392912,0.008270882031726616,0.007175230823326134,0.994343131833434,0.3363523996733461,20.0,,,,,,,,,
adam_switch_lr0.003_s1,adam,switch,0.003,1,2815,512,4,probe_loss,9.776025474425222,19.05018327152567,1.9486634237361906,False,436,0.015431500039994717,0.028217999963089824,0.00021319999359548092,0.010258771078467089,0.0056296832276189965,0.9887659167668742,0.5353561431803623,19.0,,,,,,,,,
adam_switch_lr0.003_s1,adam,switch,0.003,1,2943,512,4,probe_loss,11.111771908222055,25.56397837591468,2.3006212318846146,False,436,0.015563299879431725,0.028408399783074856,0.00020950008183717728,0.009224296612055146,0.008952955307875057,0.9950173876872417,0.29536863578323014,16.0,,,,,,,,,
adam_switch_lr0.003_s1,adam,switch,0.003,1,3071,512,4,probe_loss,9.674286016688324,22.874406065441715,2.364454185661137,False,436,0.015025600092485547,0.027980200247839093,0.00021700002253055573,0.008758391692330756,0.008437639854738504,0.9933195907819653,0.44519263963604006,19.0,,,,,,,,,
adam_switch_lr0.003_s1,adam,switch,0.003,1,511,512,4,grad_norm,10.843278453341952,14.907488711461317,1.3748137867719108,False,436,0.016303400043398142,0.029766800347715616,0.00021080020815134048,2.3684817174373367,2.363417560099086,-0.01211687434309922,0.9960536575403989,166.0,,,,,,,,,
adam_switch_lr0.003_s1,adam,switch,0.003,1,639,512,4,grad_norm,10.81424656934994,14.689754187409072,1.358370561759079,False,436,0.015963600017130375,0.029370799893513322,0.00020539993420243263,0.25175109281669666,0.23948751823784098,0.050933027282887365,0.9054459555758718,239.0,,,,,,,,,
adam_switch_lr0.003_s1,adam,switch,0.003,1,767,512,4,grad_norm,11.955465485387704,14.84823912231476,1.2419624430736456,False,436,0.016217599855735898,0.029760999837890267,0.00020490004681050777,0.24245884139964682,0.2371547422525861,-0.011906524121160108,0.9230145730597195,247.0,,,,,,,,,
adam_switch_lr0.003_s1,adam,switch,0.003,1,895,512,4,grad_norm,11.776929859436368,14.93386527041496,1.2680609843701387,False,436,0.01653610006906092,0.030383500270545483,0.00022900011390447617,0.22070206632796513,0.21449128449738125,-0.0015251750015212746,0.9153132733639391,253.0,,,,,,,,,
adam_switch_lr0.003_s1,adam,switch,0.003,1,1023,512,4,grad_norm,11.30086253620103,14.668730271222117,1.2980186445266904,False,436,0.01666230009868741,0.030408100225031376,0.000238100066781044,0.19389600699489484,0.19263854153102689,-0.03893154370564937,0.915700123053181,244.0,,,,,,,,,
adam_switch_lr0.003_s1,adam,switch,0.003,1,1151,512,4,grad_norm,11.109583338127084,15.277971340944134,1.375206510986917,False,436,0.016485400032252073,0.030331000220030546,0.00021399999968707561,0.17214431572316918,0.17039172750746917,0.004562735667335431,0.9165103927564943,254.0,,,,,,,,,
adam_switch_lr0.003_s1,adam,switch,0.003,1,1279,512,4,grad_norm,10.103109831296603,13.523942055875848,1.3385920059962593,False,436,0.016619700007140636,0.030031900154426694,0.00020890007726848125,0.15241893448635463,0.150965343357223,0.017738861864815658,0.9142842391106571,249.0,,,,,,,,,
adam_switch_lr0.003_s1,adam,switch,0.003,1,1407,512,4,grad_norm,11.66418797125289,14.881323286751597,1.2758130547473632,False,436,0.01633480004966259,0.029698200058192015,0.00020590005442500114,0.13266750596981783,0.1305691037811728,0.04824104957514178,0.9114761876464799,247.0,,,,,,,,,
adam_switch_lr0.003_s1,adam,switch,0.003,1,1535,512,4,grad_norm,11.894910443562138,15.667564175640745,1.3171653750550492,False,436,0.016235100105404854,0.029732100432738662,0.0002410002052783966,0.11902569034671863,0.1173786200709273,0.07621380687935748,0.9207211010006251,230.0,,,,,,,,,
adam_switch_lr0.003_s1,adam,switch,0.003,1,1663,512,4,grad_norm,11.946151393145223,14.937285741392374,1.2503847682663292,False,436,0.015778600005432963,0.029263699892908335,0.00021849991753697395,0.14706877596617152,0.1127164017409607,0.2583722182446306,0.84883267462405,197.0,,,,,,,,,
adam_switch_lr0.003_s1,adam,switch,0.003,1,1791,512,4,grad_norm,10.441808412551014,24.158745651373888,2.3136553264408843,False,436,0.016451000003144145,0.03026379970833659,0.0002150998916476965,0.13722967587827603,0.10228152213371985,0.3742873487411673,0.8082476160192156,171.0,,,,,,,,,
adam_switch_lr0.003_s1,adam,switch,0.003,1,1919,512,4,grad_norm,11.899277818017097,12.747387976383758,1.071274086657806,False,436,0.01563849998638034,0.029217799892649055,0.00022739986889064312,0.11604272357453882,0.10310815094331369,0.5114977177360558,0.6743725018450449,142.0,,,,,,,,,
adam_switch_lr0.003_s1,adam,switch,0.003,1,2047,512,4,grad_norm,13.291779905591577,16.833017452326864,1.2664231255624059,False,436,0.016372400103136897,0.02980280015617609,0.0002180000301450491,0.0754552279765215,0.07011121057712635,0.22075205577193596,0.9020828594295797,231.0,,,,,,,,,
adam_switch_lr0.003_s1,adam,switch,0.003,1,2175,512,4,grad_norm,13.011443662894926,16.35218367670558,1.2567539852120735,False,436,0.016273299930617213,0.029793099965900183,0.00020199990831315517,0.07187502468701536,0.06259284708909717,0.0076596330934236324,0.9177983795775558,256.0,,,,,,,,,
adam_switch_lr0.003_s1,adam,switch,0.003,1,2303,512,4,grad_norm,12.123289408454282,15.520752330173087,1.2802426641196534,False,436,0.01647120015695691,0.03063519997522235,0.00023319991305470467,0.07267852614134555,0.06456042298393709,-0.0018911350486736397,0.9071542321012634,260.0,,,,,,,,,
adam_switch_lr0.003_s1,adam,switch,0.003,1,2431,512,4,grad_norm,12.510258295240593,18.500685894923997,1.4788412403892894,False,436,0.01722669997252524,0.03098050015978515,0.00022760010324418545,0.07084922928884442,0.06365368704275352,-0.018441484082827295,0.917313961706063,262.0,,,,,,,,,
adam_switch_lr0.003_s1,adam,switch,0.003,1,2559,512,4,grad_norm,12.83268796442733,17.70211389467803,1.3794548689837172,False,436,0.016404900001361966,0.030083700083196163,0.00020670006051659584,0.07327688374682695,0.06662858158169782,0.008483237957036502,0.925801959130942,256.0,,,,,,,,,
adam_switch_lr0.003_s1,adam,switch,0.003,1,2687,512,4,grad_norm,12.995841335949708,17.245085282050546,1.326969515574677,False,436,0.016267400002107024,0.029976099729537964,0.00021229987032711506,0.07637235165434719,0.06867374031782389,0.016408561916346726,0.9142226723674942,251.0,,,,,,,,,
adam_switch_lr0.003_s1,adam,switch,0.003,1,2815,512,4,grad_norm,13.487976832613953,16.87906439410068,1.251415583194588,False,436,0.016452999785542488,0.030018199933692813,0.0002071999479085207,0.07966634490504701,0.07288707104228451,0.06613454092965872,0.9270757691912747,258.0,,,,,,,,,
adam_switch_lr0.003_s1,adam,switch,0.003,1,2943,512,4,grad_norm,11.933643379055685,15.148911228896216,1.269428853176854,False,436,0.01639689994044602,0.029953900258988142,0.0002163001336157322,0.08570467378389432,0.07898831217342743,0.09075586232675287,0.9296250548867406,255.0,,,,,,,,,
adam_switch_lr0.003_s1,adam,switch,0.003,1,3071,512,4,grad_norm,11.05155091424724,17.720959630122266,1.6034816984172853,False,436,0.016967999981716275,0.030639200238510966,0.00021590013056993484,0.08906992345132102,0.08454300412357141,0.13883945582200846,0.9244242150447655,247.0,,,,,,,,,
adam_switch_lr0.003_s2,adam,switch,0.003,2,511,512,1,train_loss,10.363824305554063,13.19563307749527,1.2732397509309006,False,493,0.007257800083607435,0.01702090003527701,0.00021790014579892159,0.25587846791009156,0.15366388488188698,0.9137335583389085,0.6579035731555252,118.0,0.007212900090962648,0.0073309000581502914,0.007257800083607435,0.01685370015911758,0.01702090003527701,0.017049700021743774,0.00021790014579892159,0.00022709998302161694,0.0002125999890267849
adam_switch_lr0.003_s2,adam,switch,0.003,2,639,512,1,train_loss,10.119089091178896,12.910675822406171,1.275873322793529,False,493,0.007590499939396977,0.01737279980443418,0.00020430004224181175,0.13240910163282477,0.044852923359222446,0.08933435520488461,0.912065218251685,255.0,0.007590499939396977,0.007509599905461073,0.007710200035944581,0.017449799925088882,0.017255499958992004,0.01737279980443418,0.00020929984748363495,0.00020430004224181175,0.00018989993259310722
adam_switch_lr0.003_s2,adam,switch,0.003,2,767,512,1,train_loss,10.80782711181115,13.695758966734635,1.2672074437393117,False,493,0.008131799986585975,0.01886899978853762,0.0001987998839467764,0.10800856933370367,0.046087787113970685,0.10026192863196863,0.8835920345577505,240.0,0.007922400021925569,0.008131799986585975,0.008188199950382113,0.01825459999963641,0.01886899978853762,0.018949600169435143,0.0002155001275241375,0.0001987998839467764,0.00019040005281567574
adam_switch_lr0.003_s2,adam,switch,0.003,2,895,512,1,train_loss,10.584318389215113,14.59353718949568,1.3787885674684313,False,493,0.008625600021332502,0.019981199875473976,0.00018989993259310722,0.09273619408105781,0.04673884793212783,0.03711497616302075,0.9252652735975072,237.0,0.008625600021332502,0.008861300069838762,0.00855790008790791,0.019852600060403347,0.020930100232362747,0.019981199875473976,0.00018560001626610756,0.00020150002092123032,0.00018989993259310722
adam_switch_lr0.003_s2,adam,switch,0.003,2,1023,512,1,train_loss,11.616581232461558,15.723514816502158,1.3535406417650764,False,493,0.009374399902299047,0.021655699936673045,0.00020430004224181175,0.08106359642298877,0.049067585603946515,-0.03189073851819344,0.9250774885092906,262.0,0.009374399902299047,0.009369099978357553,0.009823000058531761,0.021655699936673045,0.020848700078204274,0.02273080009035766,0.00019260006956756115,0.00020430004224181175,0.00024099997244775295
adam_switch_lr0.003_s2,adam,switch,0.003,2,1151,512,1,train_loss,11.22001829663309,15.081825242677922,1.3441890061091688,False,493,0.009385300101712346,0.021580700064077973,0.0002272999845445156,0.07832847693013108,0.05195095909968405,-0.0928190730562661,0.9209976276121647,265.0,0.009589300025254488,0.009368499973788857,0.009385300101712346,0.021580700064077973,0.021149999927729368,0.021643799962475896,0.00021680002100765705,0.0002272999845445156,0.0002913998905569315
adam_switch_lr0.003_s2,adam,switch,0.003,2,1279,512,1,train_loss,12.098365193984538,17.47090316516029,1.4440714001464467,False,493,0.009101400151848793,0.020556500181555748,0.0002101999707520008,0.07186324784339514,0.05459494407039967,-0.05677874743162789,0.9176014830002867,262.0,0.009829599875956774,0.008940699975937605,0.009101400151848793,0.02115569985471666,0.02022720011882484,0.020556500181555748,0.0002101999707520008,0.0002052001655101776,0.00021500000730156898
adam_switch_lr0.003_s2,adam,switch,0.003,2,1407,512,1,train_loss,12.44874234530553,18.662112128870003,1.4991162650183343,False,493,0.009468999924138188,0.02130890008993447,0.00021239998750388622,0.06785012370760111,0.05577867247093587,-0.01785731217699854,0.923124195293227,265.0,0.009484600042924285,0.009468999924138188,0.009087400045245886,0.02170389983803034,0.021259799832478166,0.02130890008993447,0.00022319983690977097,0.000210499856621027,0.00021239998750388622
adam_switch_lr0.003_s2,adam,switch,0.003,2,1535,512,1,train_loss,12.510000647529377,20.00930602098678,1.5994648269613363,False,493,0.010032599791884422,0.022976899752393365,0.00022209994494915009,0.06356503758024408,0.05528131808672388,-0.0035087113664047853,0.9261459674471546,265.0,0.009913699934259057,0.010032599791884422,0.010052899830043316,0.023014399921521544,0.02229789993725717,0.022976899752393365,0.0003011999651789665,0.00021900003775954247,0.00022209994494915009
adam_switch_lr0.003_s2,adam,switch,0.003,2,1663,512,1,train_loss,11.052289794554495,16.26947164386495,1.4720453359701968,False,493,0.009615999879315495,0.02176009980030358,0.00022919988259673119,0.07868214908301621,0.06033588272130989,0.11745190565457125,0.902871390655772,240.0,0.009928999934345484,0.009266400011256337,0.009615999879315495,0.02215570001862943,0.021344399778172374,0.02176009980030358,0.00023490004241466522,0.00022919988259673119,0.00019659986719489098
adam_switch_lr0.003_s2,adam,switch,0.003,2,1791,512,1,train_loss,11.939625495454177,18.720898468061552,1.5679636245868211,False,493,0.009472000179812312,0.021420800127089024,0.00021680002100765705,0.08322419089058362,0.0600474471592234,0.06715764537652129,0.9108938666940666,248.0,0.00977870007045567,0.009469199925661087,0.009472000179812312,0.02180860028602183,0.02130529982969165,0.021420800127089024,0.0002755001187324524,0.00021680002100765705,0.00021680002100765705
adam_switch_lr0.003_s2,adam,switch,0.003,2,1919,512,1,train_loss,12.089805957140118,17.749774626656997,1.4681604228870322,False,493,0.009474199963733554,0.021325699985027313,0.00022539985366165638,0.07588762810493052,0.06172905304008048,0.09894438896240813,0.8865495898649574,246.0,0.009474199963733554,0.009677400114014745,0.009330600034445524,0.021219999762251973,0.022323000011965632,0.021325699985027313,0.00019659986719489098,0.00022799987345933914,0.00022539985366165638
adam_switch_lr0.003_s2,adam,switch,0.003,2,2047,512,1,train_loss,14.433791745678796,21.052621765697474,1.4585648827862734,False,493,0.010067200055345893,0.023261900059878826,0.00022689998149871826,0.063313881568095,0.06051340934262444,0.001756750145090116,0.9265301960648643,249.0,0.010067200055345893,0.010339000029489398,0.009950400097295642,0.022550000110641122,0.023565699812024832,0.023261900059878826,0.00021039997227489948,0.00022689998149871826,0.0002419000957161188
adam_switch_lr0.003_s2,adam,switch,0.003,2,2175,512,1,train_loss,13.616269335298538,22.053374820207946,1.6196341506727712,False,493,0.010425599990412593,0.023502199910581112,0.00023809983395040035,0.05878572602074528,0.05786701710212673,-0.00665789945573469,0.9181936941003775,249.0,0.010425599990412593,0.010808399878442287,0.010390799958258867,0.023502199910581112,0.024745499715209007,0.02304810006171465,0.00023659993894398212,0.00023809983395040035,0.00024530012160539627
adam_switch_lr0.003_s2,adam,switch,0.003,2,2303,512,1,train_loss,13.654260939274502,20.934413074353362,1.533178043649258,False,493,0.010542399948462844,0.023444399936124682,0.0002429999876767397,0.058522073614395195,0.057825468932699124,-0.02194792354976673,0.9204300297620716,263.0,0.010542399948462844,0.010687800124287605,0.010456500109285116,0.02394099999219179,0.02335070027038455,0.023444399936124682,0.00024319998919963837,0.00022849999368190765,0.0002429999876767397
adam_switch_lr0.003_s2,adam,switch,0.003,2,2431,512,1,train_loss,13.755872999032233,21.055760412804243,1.5306742374173983,False,493,0.0101560999173671,0.023388699628412724,0.00024969992227852345,0.05790536713775394,0.05768672824127838,-0.05013507239287503,0.9318186419017148,266.0,0.0101560999173671,0.010874700034037232,0.009959799936041236,0.023388699628412724,0.023962799925357103,0.02282969979569316,0.00024969992227852345,0.00025100004859268665,0.00023659993894398212
adam_switch_lr0.003_s2,adam,switch,0.003,2,2559,512,1,train_loss,14.02920311910059,21.466121436893967,1.530102690413549,False,493,0.010530100204050541,0.02382300002500415,0.0002574000973254442,0.057198931593475034,0.05605926714549995,-0.04936370611977793,0.9250940842655309,265.0,0.010530100204050541,0.009605899918824434,0.012481199810281396,0.022260900121182203,0.02382300002500415,0.025854599894955754,0.00023269979283213615,0.000268799951300025,0.0002574000973254442
adam_switch_lr0.003_s2,adam,switch,0.003,2,2687,512,1,train_loss,13.767296664869745,21.944993888144907,1.5939944073510333,False,493,0.009934799978509545,0.022859899792820215,0.0002492000348865986,0.05735199473070589,0.05643195341477954,-0.04868516833757312,0.9229883560784459,282.0,0.009928999934345484,0.009934799978509545,0.010510100051760674,0.022859899792820215,0.022981700021773577,0.022707500029355288,0.0002492000348865986,0.00023470004089176655,0.00025669997557997704
adam_switch_lr0.003_s2,adam,switch,0.003,2,2815,512,1,train_loss,13.300233396370668,21.13205247536931,1.588848243906439,False,493,0.010080600157380104,0.02264340012334287,0.00024330010637640953,0.05636538497609885,0.05581971823118299,-0.02422831796979215,0.9278598826647696,272.0,0.010080600157380104,0.010353900026530027,0.010043299989774823,0.022878200048580766,0.02264340012334287,0.022622899850830436,0.00023630005307495594,0.00024330010637640953,0.0002479997929185629
adam_switch_lr0.003_s2,adam,switch,0.003,2,2943,512,1,train_loss,13.530425610551903,20.63840288400332,1.525332866684412,False,493,0.009889899985864758,0.02214369992725551,0.00022329995408654213,0.057861444577541554,0.05783168714959435,-0.058415976715785696,0.9338757347017317,270.0,0.009858099976554513,0.010092400014400482,0.009889899985864758,0.021918399957939982,0.02226420002989471,0.02214369992725551,0.00022329995408654213,0.0002142000012099743,0.0002663999330252409
adam_switch_lr0.003_s2,adam,switch,0.003,2,3071,512,1,train_loss,13.312501797747858,20.152723299822263,1.5138193861676397,False,493,0.010063099907711148,0.022308900021016598,0.0002125999890267849,0.0566395112309303,0.05645295877608567,-0.10736533687942802,0.9293147791849412,274.0,0.010302299866452813,0.009818000020459294,0.010063099907711148,0.022713699843734503,0.02192199998535216,0.022308900021016598,0.0002125999890267849,0.00021209986880421638,0.0002470000181347132
adam_switch_lr0.003_s2,adam,switch,0.003,2,511,512,1,probe_loss,6.70595507829531,8.097018336252809,1.2074370081093824,False,493,0.00551259983330965,0.012899799970909953,0.0001954999752342701,0.2403646880853981,0.14771127394213168,0.9970357361974841,0.6110824601538317,16.0,0.00551259983330965,0.005689200013875961,0.005289499880746007,0.012899799970909953,0.012907200027257204,0.012607199838384986,0.00019749999046325684,0.00019509997218847275,0.0001954999752342701
adam_switch_lr0.003_s2,adam,switch,0.003,2,639,512,1,probe_loss,5.543968258850348,7.613129291242081,1.3732274312877857,False,493,0.005642300006002188,0.013354799943044782,0.00018880004063248634,0.10828593310645213,0.018342916648382602,0.9074433347333672,0.5128156578377557,58.0,0.005612000124529004,0.005642300006002188,0.00585260009393096,0.013325500302016735,0.013354799943044782,0.013562600128352642,0.00018880004063248634,0.00019189994782209396,0.00017870008014142513
adam_switch_lr0.003_s2,adam,switch,0.003,2,767,512,1,probe_loss,5.333160830552962,7.771031088414574,1.4571154584154637,False,493,0.00615449994802475,0.014529600273817778,0.0001868000254034996,0.08461136977679509,0.01936482293015949,0.9311255884672438,0.4906196065503568,56.0,0.006234600208699703,0.00615449994802475,0.006094800075516105,0.014323299983516335,0.014730799943208694,0.014529600273817778,0.00018329988233745098,0.0001868000254034996,0.00020970008336007595
adam_switch_lr0.003_s2,adam,switch,0.003,2,895,512,1,probe_loss,5.0416273194695975,6.954506371186408,1.3794169879097795,False,493,0.007020700024440885,0.01617940003052354,0.0002343999221920967,0.06441757533595424,0.014218358549610436,0.8934274206424873,0.6676088369385184,76.0,0.006580200046300888,0.007055399939417839,0.007020700024440885,0.015642199898138642,0.01617940003052354,0.017137699760496616,0.00021329987794160843,0.0002343999221920967,0.00025209994055330753
adam_switch_lr0.003_s2,adam,switch,0.003,2,1023,512,1,probe_loss,5.734110199470073,7.576853864159377,1.321365233765407,False,493,0.0068379000294953585,0.01629900000989437,0.00022360007278621197,0.050775317656129304,0.016902212388603306,0.9226847254342059,0.6378302527424536,58.0,0.007549799978733063,0.0068379000294953585,0.006807100027799606,0.017126400023698807,0.016076999716460705,0.01629900000989437,0.00023090001195669174,0.00021029985509812832,0.00022360007278621197
adam_switch_lr0.003_s2,adam,switch,0.003,2,1151,512,1,probe_loss,5.210971160351894,7.378808508017536,1.4160140751036605,False,493,0.00694010010920465,0.016823400044813752,0.00022579985670745373,0.043235317815081754,0.015619265674175861,0.9227779620042039,0.6614634296741311,70.0,0.006900100037455559,0.00694010010920465,0.007255799835547805,0.0167111000046134,0.016823400044813752,0.01753429975360632,0.00022579985670745373,0.00023239990696310997,0.00021239998750388622
adam_switch_lr0.003_s2,adam,switch,0.003,2,1279,512,1,probe_loss,5.730125327987505,8.999299795826156,1.5705240776970628,False,493,0.007716899970546365,0.018126199720427394,0.0002272999845445156,0.03622620642650955,0.01554992338768736,0.9280857701248625,0.6357927841617022,66.0,0.007811199873685837,0.007716899970546365,0.007694500032812357,0.018126199720427394,0.018271000124514103,0.01778799993917346,0.0002319000195711851,0.0002272999845445156,0.00022569997236132622
adam_switch_lr0.003_s2,adam,switch,0.003,2,1407,512,1,probe_loss,5.72290279231792,8.920721913487702,1.5587757187597773,False,493,0.007821999955922365,0.018506599823012948,0.0002438998781144619,0.031013328003911256,0.016405896144259826,0.9417061949631482,0.6109638059330096,59.0,0.007821999955922365,0.007813300006091595,0.007878399919718504,0.018506599823012948,0.018503400031477213,0.018599400063976645,0.0002438998781144619,0.00023070001043379307,0.0003581000491976738
adam_switch_lr0.003_s2,adam,switch,0.003,2,1535,512,1,probe_loss,6.231113414707256,8.729633992396716,1.4009749801363298,False,493,0.008380699902772903,0.01947239995934069,0.0002164000179618597,0.025553239474965975,0.014340889104211203,0.9366670539917712,0.6244646870120569,59.0,0.008380699902772903,0.008123400155454874,0.008384100161492825,0.01947239995934069,0.019237800035625696,0.019799500238150358,0.0002164000179618597,0.0002180999144911766,0.000201700022444129
adam_switch_lr0.003_s2,adam,switch,0.003,2,1663,512,1,probe_loss,5.102731294650296,5.842428391568941,1.1449610128783665,False,493,0.0070708999410271645,0.016557599883526564,0.00020899996161460876,0.045493841644093244,0.02154608564216087,0.9775483025138261,0.3873794032801063,32.0,0.0070708999410271645,0.0068286999594420195,0.00710239983163774,0.016557599883526564,0.016369800083339214,0.02155129984021187,0.0002017999067902565,0.00020899996161460876,0.0005578999407589436
adam_switch_lr0.003_s2,adam,switch,0.003,2,1791,512,1,probe_loss,3.4928091437200304,5.383245561763916,1.541236678059789,False,493,0.00894859991967678,0.02380830026231706,0.0002517998218536377,0.05162528025697713,0.017377604592180552,0.9802463784014018,0.4358329271343005,26.0,0.012736399890854955,0.006178800016641617,0.00894859991967678,0.024017799645662308,0.015230200020596385,0.02380830026231706,0.0002517998218536377,0.00023750006221234798,0.0005327002145349979
adam_switch_lr0.003_s2,adam,switch,0.003,2,1919,512,1,probe_loss,3.897811851927319,5.637201539034922,1.446247729029697,False,493,0.00936649995855987,0.017099599819630384,0.0002570000942796469,0.043018120059114005,0.019358548517359166,0.9922078922633714,0.2579844928673388,10.0,0.01233300007879734,0.006300400011241436,0.00936649995855987,0.02443790016695857,0.016109499847516418,0.017099599819630384,0.0002570000942796469,0.00043809995986521244,0.00023339991457760334
adam_switch_lr0.003_s2,adam,switch,0.003,2,2047,512,1,probe_loss,3.0882025588298534,4.986632503867436,1.6147362126909557,False,493,0.006464800098910928,0.01601230027154088,0.00029080011881887913,0.01753095495369025,0.010784246223955367,0.9986962907978348,0.4177575348054099,4.0,0.006307800067588687,0.006464800098910928,0.006805300014093518,0.015652399975806475,0.01601230027154088,0.01635130005888641,0.00021860003471374512,0.00039180018939077854,0.00029080011881887913
adam_switch_lr0.003_s2,adam,switch,0.003,2,2175,512,1,probe_loss,3.3303321558997294,5.548818897924968,1.6661457891205111,False,493,0.006792500149458647,0.016713200137019157,0.00025120005011558533,0.007916427736134475,0.005002921723365169,0.99584222492469,0.3867561412073706,10.0,0.006792500149458647,0.006878700107336044,0.006763200042769313,0.016713200137019157,0.016732800053432584,0.01650420017540455,0.00025120005011558533,0.00021569989621639252,0.00026490003801882267
adam_switch_lr0.003_s2,adam,switch,0.003,2,2303,512,1,probe_loss,3.8609800539046057,5.950151317396949,1.5410986936800064,False,493,0.007646399782970548,0.019277999876067042,0.00023090001195669174,0.005045084320548508,0.0050378708316775895,0.9952858560538226,0.40145120077977087,14.0,0.007535999873653054,0.007646399782970548,0.008057600120082498,0.019277999876067042,0.01851109997369349,0.021816200111061335,0.00023090001195669174,0.00022950000129640102,0.0002652001567184925
adam_switch_lr0.003_s2,adam,switch,0.003,2,2431,512,1,probe_loss,3.845882223509693,6.866314772075733,1.7853679267925266,False,493,0.0075066001154482365,0.018341900082305074,0.00024409987963736057,0.0054663759141810615,0.005292709475521772,0.9953305941785416,0.40223775863860045,18.0,0.00871019996702671,0.0075066001154482365,0.007379899965599179,0.01983939972706139,0.018341900082305074,0.01769759994931519,0.00024129985831677914,0.00024409987963736057,0.00026570004411041737
adam_switch_lr0.003_s2,adam,switch,0.003,2,2559,512,1,probe_loss,3.6968691543931653,5.3490960424700145,1.4469259849549798,False,493,0.007433499908074737,0.0180352998431772,0.00022489996626973152,0.005136673338623381,0.005106538503213238,0.9945856332657953,0.44858929545732695,19.0,0.007423999952152371,0.0075582999270409346,0.007433499908074737,0.017881899839267135,0.018265899969264865,0.0180352998431772,0.0002133999951183796,0.00022489996626973152,0.00022879987955093384
adam_switch_lr0.003_s2,adam,switch,0.003,2,2687,512,1,probe_loss,4.275886520043044,5.914656917258822,1.383258627078644,False,493,0.0075922999531030655,0.018438900122419,0.00023550004698336124,0.005672117853117251,0.004906830925033818,0.9919973785106652,0.4671272966683778,22.0,0.0075922999531030655,0.007590900175273418,0.007666799938306212,0.018438900122419,0.01849560020491481,0.018303200136870146,0.00023780018091201782,0.00023550004698336124,0.00021210010163486004
adam_switch_lr0.003_s2,adam,switch,0.003,2,2815,512,1,probe_loss,4.207332888184516,6.128818933986596,1.4566993144750213,False,493,0.008180700009688735,0.01941230008378625,0.00021900003775954247,0.0059314221050182385,0.005128640732603884,0.9918071967916036,0.4468927273430022,20.0,0.008350299904122949,0.008180700009688735,0.00817819987423718,0.01951770018786192,0.01941230008378625,0.019390099914744496,0.00020620017312467098,0.00026810006238520145,0.00021900003775954247
adam_switch_lr0.003_s2,adam,switch,0.003,2,2943,512,1,probe_loss,4.2008068577652224,5.720394987098765,1.3617372044907452,False,493,0.0076182999182492495,0.018414699705317616,0.00021290010772645473,0.008317867992012683,0.005767108597287877,0.9918025965874483,0.46802128922009967,26.0,0.0077749998308718204,0.0076182999182492495,0.007563400082290173,0.0185845997184515,0.018414699705317616,0.018340200185775757,0.00023150001652538776,0.00021229987032711506,0.00021290010772645473
adam_switch_lr0.003_s2,adam,switch,0.003,2,3071,512,1,probe_loss,3.510169660246272,5.178690812976397,1.4753391756605467,False,493,0.007595699978992343,0.01810990017838776,0.00020979996770620346,0.00859149557758692,0.005801107271011254,0.9917021318445003,0.46679086109388446,18.0,0.007595699978992343,0.00785369984805584,0.007534999866038561,0.01810990017838776,0.018206499749794602,0.017633899813517928,0.00020870007574558258,0.00020979996770620346,0.00022709998302161694
adam_switch_lr0.003_s2,adam,switch,0.003,2,511,512,1,grad_norm,11.412046635449121,16.818725117214015,1.4737693995194678,False,493,0.009246099973097444,0.021344800014048815,0.00025669997557997704,0.3186066017149573,0.2801621339785936,0.2005684633260546,0.8761463830963785,215.0,0.009038400137796998,0.009899300057440996,0.009246099973097444,0.021344800014048815,0.02213390008546412,0.020991099765524268,0.00026430003345012665,0.00024250010028481483,0.00025669997557997704
adam_switch_lr0.003_s2,adam,switch,0.003,2,639,512,1,grad_norm,11.207651046400922,17.197415587368166,1.5344353171033744,False,493,0.01010719989426434,0.022708300268277526,0.000233400147408247,0.30994652440281256,0.28597179311143683,0.1127403435201708,0.8952285408666439,224.0,0.009978999849408865,0.01026500016450882,0.01010719989426434,0.022499899845570326,0.022708300268277526,0.022833799943327904,0.0002671000547707081,0.000233400147408247,0.000215600011870265
adam_switch_lr0.003_s2,adam,switch,0.003,2,767,512,1,grad_norm,11.857844915626243,16.764831480229628,1.4138177383427377,False,493,0.01007349998690188,0.02286730008199811,0.0002125001046806574,0.2721452681046446,0.2694239612945654,0.09397097471576146,0.9117756191042463,229.0,0.01007349998690188,0.009989999933168292,0.010176900075748563,0.02286730008199811,0.02241980005055666,0.022982300259172916,0.00022649997845292091,0.0002125001046806574,0.00021110009402036667
adam_switch_lr0.003_s2,adam,switch,0.003,2,895,512,1,grad_norm,11.940889820947335,17.985589452221532,1.5062185249101174,False,493,0.01022180006839335,0.022728400072082877,0.00022600009106099606,0.22108313505842925,0.21958467070688428,0.1298558057739956,0.9188324275063073,234.0,0.01022180006839335,0.010356399929150939,0.009922000113874674,0.022728400072082877,0.023019100073724985,0.022412100108340383,0.00023040012456476688,0.00022600009106099606,0.00022570020519196987
adam_switch_lr0.003_s2,adam,switch,0.003,2,1023,512,1,grad_norm,11.652687259601603,18.60751805762078,1.5968435128376524,False,493,0.010068600066006184,0.022646000375971198,0.00022660009562969208,0.22431174228608228,0.22371845114316963,0.16019516178757087,0.903163725396447,221.0,0.010068600066006184,0.010275099892169237,0.00991960009559989,0.022646000375971198,0.02307180012576282,0.022447400027886033,0.00025170017033815384,0.00022660009562969208,0.0002188000362366438
adam_switch_lr0.003_s2,adam,switch,0.003,2,1151,512,1,grad_norm,12.002255107838206,19.68309788106352,1.639949968086352,False,493,0.01011650008149445,0.022755800280719995,0.00019700010307133198,0.19758364471648054,0.19756665468102547,0.22966152277514648,0.8969161856080992,219.0,0.010206700069829822,0.009991400176659226,0.01011650008149445,0.022755800280719995,0.022268100176006556,0.023124600062146783,0.00019700010307133198,0.00019120005890727043,0.000543300062417984
adam_switch_lr0.003_s2,adam,switch,0.003,2,1279,512,1,grad_norm,12.094887311018635,19.004831970535772,1.5713112062831762,False,493,0.010600199922919273,0.023173199966549873,0.00021059997379779816,0.18348267850897915,0.18340606373706728,0.18429237778847007,0.8883086276383629,222.0,0.009619500022381544,0.010672100121155381,0.010600199922919273,0.021639700047671795,0.023173199966549873,0.024075300199911,0.00021059997379779816,0.00020449981093406677,0.00022740010172128677
adam_switch_lr0.003_s2,adam,switch,0.003,2,1407,512,1,grad_norm,12.582301169417082,17.954848643274467,1.4269924397387705,False,493,0.010378099977970123,0.023508799960836768,0.00023150001652538776,0.18434886733590486,0.18138994167955086,0.19206903222561705,0.8916865616625363,220.0,0.010167399886995554,0.010545799974352121,0.010378099977970123,0.023122699931263924,0.023508799960836768,0.02355930022895336,0.00023150001652538776,0.00021680002100765705,0.00024630012921988964
adam_switch_lr0.003_s2,adam,switch,0.003,2,1535,512,1,grad_norm,12.614090846326736,18.350817038486674,1.4547871314745202,False,493,0.01070749992504716,0.023673900170251727,0.00024550012312829494,0.1610983483355221,0.15991431978049409,0.1624704149631221,0.9062259848902066,219.0,0.011133099906146526,0.010378799866884947,0.01070749992504716,0.02477659983560443,0.023402699967846274,0.023673900170251727,0.00025860010646283627,0.00024230009876191616,0.00024550012312829494
adam_switch_lr0.003_s2,adam,switch,0.003,2,1663,512,1,grad_norm,11.330509508681898,12.602504091404713,1.1122627876308793,False,493,0.010169500019401312,0.022989199962466955,0.0002397999633103609,0.180496204462419,0.15664036364754155,0.24033114748373918,0.8715746020323266,202.0,0.010237100068479776,0.010169500019401312,0.009932799963280559,0.023697099881246686,0.022989199962466955,0.02266100002452731,0.0002397999633103609,0.0002375999465584755,0.00024480000138282776
adam_switch_lr0.003_s2,adam,switch,0.003,2,1791,512,1,grad_norm,11.331732061390625,17.02206914866967,1.5021595159902439,False,493,0.009906599996611476,0.021943300031125546,0.0002430998720228672,0.16580359813260526,0.13432114266229442,0.31635779930260005,0.8379429116486927,187.0,0.009906599996611476,0.009545400040224195,0.010619000066071749,0.022307599894702435,0.021943300031125546,0.021750400308519602,0.0002430998720228672,0.000273900106549263,0.000233400147408247
adam_switch_lr0.003_s2,adam,switch,0.003,2,1919,512,1,grad_norm,12.393828471062113,16.858863588722503,1.3602627814388133,False,493,0.009248999878764153,0.022691099904477596,0.00024770013988018036,0.13245067517779563,0.12211561618365141,0.4083222692241777,0.7361913000533518,171.0,0.009248999878764153,0.010987899964675307,0.009198799962177873,0.022691099904477596,0.02333680004812777,0.020565300015732646,0.0002608001232147217,0.00022959988564252853,0.00024770013988018036
adam_switch_lr0.003_s2,adam,switch,0.003,2,2047,512,1,grad_norm,12.546574818007173,18.159140438700906,1.447338473018025,False,493,0.009782199980691075,0.021941700018942356,0.000232999911531806,0.0957975056286276,0.08681002946378422,0.09975946021886635,0.9155326600165176,263.0,0.00988809997215867,0.00964039983227849,0.009782199980691075,0.022144199814647436,0.021785199642181396,0.021941700018942356,0.00022239983081817627,0.000232999911531806,0.00023830006830394268
adam_switch_lr0.003_s2,adam,switch,0.003,2,2175,512,1,grad_norm,12.38765322371794,17.347099675154706,1.4003539945678487,False,493,0.010012099985033274,0.02228909987024963,0.00024409987963736057,0.08933978180324675,0.07897441081595084,-0.007584827529033663,0.9348764155943242,257.0,0.009726699907332659,0.01140570011921227,0.010012099985033274,0.022138499887660146,0.0248112000990659,0.02228909987024963,0.00024409987963736057,0.00025400007143616676,0.00023629982024431229
adam_switch_lr0.003_s2,adam,switch,0.003,2,2303,512,1,grad_norm,12.774488148047338,18.751091260364856,1.4678546054489925,False,493,0.009922599885612726,0.022243699990212917,0.00023099989630281925,0.089263695637689,0.08193148971229303,0.013168123027887264,0.9247107702912298,251.0,0.00984949991106987,0.010191000066697598,0.009922599885612726,0.021944599924609065,0.02255790028721094,0.022243699990212917,0.00023099989630281925,0.00023650005459785461,0.00022050016559660435
adam_switch_lr0.003_s2,adam,switch,0.003,2,2431,512,1,grad_norm,12.834221376911769,18.818287058911643,1.4662585681095512,False,493,0.010054199956357479,0.0224136000033468,0.0002343999221920967,0.09619385888731945,0.09074781070765295,-0.024259111700374262,0.9201992083147938,252.0,0.010054199956357479,0.009939900133758783,0.010064200032502413,0.022857999894768,0.022159300046041608,0.0224136000033468,0.00023959996178746223,0.0002343999221920967,0.00023279991000890732
adam_switch_lr0.003_s2,adam,switch,0.003,2,2559,512,1,grad_norm,13.205601664302366,19.297600508496423,1.4613192945734585,False,493,0.009975899942219257,0.02236770000308752,0.00021249987185001373,0.10161612701205407,0.09469338456552544,0.001154947261633859,0.9198840868726831,244.0,0.009860299993306398,0.009975899942219257,0.009996999986469746,0.02236770000308752,0.02228909987024963,0.02243750006891787,0.0002071999479085207,0.00021249987185001373,0.00021970015950500965
adam_switch_lr0.003_s2,adam,switch,0.003,2,2687,512,1,grad_norm,12.933944907286731,18.170215014423682,1.4048471015356605,False,493,0.010039699962362647,0.02218420011922717,0.0002194000408053398,0.10184230298650519,0.09802141405730337,-0.019249875076050454,0.919306016274954,239.0,0.010109999915584922,0.010039699962362647,0.009976099943742156,0.022618299815803766,0.02218420011922717,0.022153799887746572,0.00021229987032711506,0.0002194000408053398,0.00023990008048713207
adam_switch_lr0.003_s2,adam,switch,0.003,2,2815,512,1,grad_norm,13.396887384912235,20.56923201113354,1.5353739581553028,False,493,0.01014610007405281,0.022644600132480264,0.0002280999906361103,0.10356676701781027,0.10105252965620534,-0.03015764338557763,0.9258419290584227,245.0,0.010000900132581592,0.010292699793353677,0.01014610007405281,0.022411399986594915,0.02286799973808229,0.022644600132480264,0.0002280999906361103,0.00026839994825422764,0.00022749998606741428
adam_switch_lr0.003_s2,adam,switch,0.003,2,2943,512,1,grad_norm,13.186175004798852,19.853084845715387,1.505598464944553,False,493,0.010058199986815453,0.022675800137221813,0.000238100066781044,0.10242180464402402,0.10077619943885169,-0.00931995251420653,0.9219431222826561,252.0,0.01036209985613823,0.00995029998011887,0.010058199986815453,0.022701799869537354,0.022452199831604958,0.022675800137221813,0.000238100066781044,0.0002506999298930168,0.00023770006373524666
adam_switch_lr0.003_s2,adam,switch,0.003,2,3071,512,1,grad_norm,13.395766710673566,20.222614897764046,1.5096272825989825,False,493,0.010207099840044975,0.022548999870195985,0.00022950000129640102,0.10023351712553036,0.09812038697472501,0.005103273599902937,0.9176227679368827,254.0,0.010207099840044975,0.010078300023451447,0.010366900125518441,0.022548999870195985,0.022487699752673507,0.02319760015234351,0.0002508999314159155,0.0002096998505294323,0.00022950000129640102
adam_switch_lr0.003_s2,adam,switch,0.003,2,255,256,1,train_loss,9.880343541468708,11.649641276404061,1.1790724915089692,False,237,0.0028565998654812574,0.006211100146174431,0.00018310011364519596,0.2695910545533637,0.1869005965146104,0.9399402017437732,0.5714758041189887,34.0,,,,,,,,,
adam_switch_lr0.003_s2,adam,switch,0.003,2,383,256,1,train_loss,9.920695134353801,13.413971642777017,1.3521201348408087,False,237,0.0030080999713391066,0.00634999992325902,0.0001892999280244112,0.08244330274207137,0.04237108878048227,-0.02932359451780652,0.9303025041054387,135.0,,,,,,,,,
adam_switch_lr0.003_s2,adam,switch,0.003,2,511,256,1,train_loss,10.23213429152096,12.323261912528107,1.2043686645844744,False,237,0.002923100022599101,0.0063442999962717295,0.00018429988995194435,0.07598540540311896,0.042638572580838585,-0.016936397228612836,0.9176933197558831,127.0,,,,,,,,,
adam_switch_lr0.003_s2,adam,switch,0.003,2,639,256,1,train_loss,9.494232551369628,12.249684247689611,1.2902237417728393,False,237,0.002938599791377783,0.006945999804884195,0.00021989992819726467,0.0677361704778086,0.04494998808665908,0.10071232164126566,0.9102744512885381,116.0,,,,,,,,,
adam_switch_lr0.003_s2,adam,switch,0.003,2,767,256,1,train_loss,10.868915759536804,14.282160076131582,1.314037240890368,False,237,0.003128400072455406,0.006709099980071187,0.00019160006195306778,0.05441497051414052,0.04409002341397077,-0.007283856006474948,0.9149823310720735,124.0,,,,,,,,,
adam_switch_lr0.003_s2,adam,switch,0.003,2,895,256,1,train_loss,9.648885676046035,12.711527522618885,1.3174088645465094,False,237,0.0029094000346958637,0.006449699867516756,0.00019279983825981617,0.06144167290216259,0.04710144934263713,-0.08227255757518218,0.9029881888418785,125.0,,,,,,,,,
adam_switch_lr0.003_s2,adam,switch,0.003,2,1023,256,1,train_loss,11.762202415250057,16.03663356172423,1.36340397789212,False,237,0.0034866000059992075,0.0072558000683784485,0.0001922000665217638,0.05883498051837678,0.05306232676693969,-0.07346893127173842,0.9151326090713143,130.0,,,,,,,,,
adam_switch_lr0.003_s2,adam,switch,0.003,2,1151,256,1,train_loss,11.78453203793712,17.81758015826829,1.5119463463554936,False,237,0.003327100072056055,0.007233000127598643,0.0001922000665217638,0.061556995553666484,0.05532455409224801,-0.14429375252131954,0.8975722716761007,142.0,,,,,,,,,
adam_switch_lr0.003_s2,adam,switch,0.003,2,1279,256,1,train_loss,11.56457377824565,17.447524385393894,1.5087044901053577,False,237,0.003574300091713667,0.0075697998981922865,0.00020839995704591274,0.05883910887172858,0.05583155808074903,-0.052310352298837445,0.9036828100010202,134.0,,,,,,,,,
adam_switch_lr0.003_s2,adam,switch,0.003,2,1407,256,1,train_loss,11.527889852351462,17.808261015023692,1.5447979849834494,False,237,0.003251299960538745,0.00700960005633533,0.0001860000193119049,0.05658845470479482,0.05525034486310985,0.08299610848361677,0.9132163186676296,128.0,,,,,,,,,
adam_switch_lr0.003_s2,adam,switch,0.003,2,1535,256,1,train_loss,11.640393510802209,19.807727111834826,1.7016372421991905,False,237,0.003272000001743436,0.007209199946373701,0.0001860000193119049,0.05675374698083204,0.05463865082515941,0.04127616397719075,0.9098298363969719,129.0,,,,,,,,,
adam_switch_lr0.003_s2,adam,switch,0.003,2,1663,256,1,train_loss,8.565714548429211,11.651380772016394,1.3602345380693353,False,237,0.0030002999119460583,0.006558200111612678,0.00017570005729794502,0.07478355792806564,0.06113352985408962,0.026389396427869735,0.8891784157636395,116.0,,,,,,,,,
adam_switch_lr0.003_s2,adam,switch,0.003,2,1791,256,1,train_loss,12.203370472753772,17.5899866860333,1.4414039732142951,False,237,0.003325599944218993,0.007158099906519055,0.00020599993877112865,0.06320835671734742,0.06125185422159873,-0.025025531561089824,0.9187248412185842,119.0,,,,,,,,,
adam_switch_lr0.003_s2,adam,switch,0.003,2,1919,256,1,train_loss,12.380034659791113,17.865548966034222,1.44309361459701,False,237,0.0036651999689638615,0.007513999938964844,0.00021520000882446766,0.05678025589434457,0.05644261698842301,-0.011762350107566606,0.9158246496917171,122.0,,,,,,,,,
adam_switch_lr0.003_s2,adam,switch,0.003,2,2047,256,1,train_loss,12.562126313899647,18.423561455746594,1.466595781270041,False,237,0.0034187999553978443,0.007240099832415581,0.00019149994477629662,0.05999066197688606,0.05938582695641784,0.015056687894971995,0.9127749333518101,124.0,,,,,,,,,
adam_switch_lr0.003_s2,adam,switch,0.003,2,2175,256,1,train_loss,12.17569709685803,19.178110287894352,1.575113945044125,False,237,0.0035804000217467546,0.007481100037693977,0.0002196000423282385,0.059144737185601405,0.0591253715303947,-0.006309614854206592,0.9243895691894052,124.0,,,,,,,,,
adam_switch_lr0.003_s2,adam,switch,0.003,2,2303,256,1,train_loss,12.314012350011337,16.67179646898789,1.3538882368404106,False,237,0.003647899953648448,0.007369300117716193,0.00018950016237795353,0.0563762570155282,0.05598193167813927,-0.07253251533341538,0.9019721677459615,135.0,,,,,,,,,
adam_switch_lr0.003_s2,adam,switch,0.003,2,2431,256,1,train_loss,12.744608283908441,19.917265598746052,1.562799354444964,False,237,0.0030894000083208084,0.006796100176870823,0.0002022001426666975,0.05626335195375348,0.056201105309199084,-0.09697897989942104,0.9282740567909965,139.0,,,,,,,,,
adam_switch_lr0.003_s2,adam,switch,0.003,2,2559,256,1,train_loss,12.713300926268392,21.65591303502187,1.703405996650023,False,237,0.0030765000265091658,0.006655799923464656,0.0001783999614417553,0.05699808689101785,0.05564081818250231,-0.04845790192274458,0.9070516567922827,130.0,,,,,,,,,
adam_switch_lr0.003_s2,adam,switch,0.003,2,2687,256,1,train_loss,11.748290490531117,16.330939443548715,1.3900694281190205,False,237,0.0032087001018226147,0.006806400138884783,0.0001922999508678913,0.05647915705616925,0.05645361533968651,-0.008551427542420794,0.9231218049085492,138.0,,,,,,,,,
adam_switch_lr0.003_s2,adam,switch,0.003,2,2815,256,1,train_loss,11.933209182244202,17.288482094184,1.44877055535975,False,237,0.003368800040334463,0.007267800159752369,0.0002095999661833048,0.05535898480714275,0.055260413235495694,-0.03054558210554516,0.9260029916750111,136.0,,,,,,,,,
adam_switch_lr0.003_s2,adam,switch,0.003,2,2943,256,1,train_loss,12.240598548590967,18.91921917519039,1.545612259080926,False,237,0.003347399877384305,0.007190499920397997,0.000184300122782588,0.059207709443647005,0.059066373965537815,-0.11121304703903391,0.9154990359105908,138.0,,,,,,,,,
adam_switch_lr0.003_s2,adam,switch,0.003,2,3071,256,1,train_loss,11.506711500262503,16.600552040499426,1.4426843012550299,False,237,0.003433199832215905,0.007292700000107288,0.0002038001548498869,0.057623386636902675,0.05760555708564672,-0.18368146001395735,0.8989148651269465,138.0,,,,,,,,,
adam_switch_lr0.003_s2,adam,switch,0.003,2,255,256,1,probe_loss,6.2797697776695935,6.383862645244627,1.0165759050507202,False,237,0.0023944999556988478,0.005526099819689989,0.00019119982607662678,0.2610592724828059,0.18081708941515698,0.9964206397222213,0.5455977957555649,4.0,,,,,,,,,
adam_switch_lr0.003_s2,adam,switch,0.003,2,383,256,1,probe_loss,6.26314886333011,8.14956555946368,1.3011930160527214,False,237,0.002462600124999881,0.005506400018930435,0.00016399985179305077,0.0647982809522052,0.014097571999632724,0.7969957059284111,0.7316850695752871,50.0,,,,,,,,,
adam_switch_lr0.003_s2,adam,switch,0.003,2,511,256,1,probe_loss,5.892271757823975,7.346523791707844,1.2468066806241342,False,237,0.0023381998762488365,0.005355999805033207,0.00017019989900290966,0.05756929865690407,0.013812462085034938,0.854532691967656,0.67917783126398,40.0,,,,,,,,,
adam_switch_lr0.003_s2,adam,switch,0.003,2,639,256,1,probe_loss,4.587005746266702,6.316448244653957,1.3770308113947367,False,237,0.0025659999810159206,0.005751799792051315,0.0001862999051809311,0.03959178609388089,0.011485034920381018,0.8365977566841498,0.7138934772701319,40.0,,,,,,,,,
adam_switch_lr0.003_s2,adam,switch,0.003,2,767,256,1,probe_loss,6.637132097776729,8.60649570985913,1.2967190622501077,False,237,0.0027292000595480204,0.006117300363257527,0.00020500016398727894,0.03264053089409824,0.014221459294149993,0.8833649904159673,0.6808156432120878,32.0,,,,,,,,,
adam_switch_lr0.003_s2,adam,switch,0.003,2,895,256,1,probe_loss,5.204714367385713,6.628147977560493,1.2734892848480674,False,237,0.002782900119200349,0.006167900050058961,0.00018199998885393143,0.03103199922753632,0.014602523106885243,0.9003216686502262,0.6427126394824393,36.0,,,,,,,,,
adam_switch_lr0.003_s2,adam,switch,0.003,2,1023,256,1,probe_loss,5.260017669752297,8.107786407396766,1.5413990819879841,False,237,0.002914800075814128,0.006287200376391411,0.0001547001302242279,0.022447671478420667,0.016298552045156275,0.9230788944870938,0.6035588699448707,32.0,,,,,,,,,
adam_switch_lr0.003_s2,adam,switch,0.003,2,1151,256,1,probe_loss,5.002842114567128,7.142594737469822,1.4277074058907888,False,237,0.0027425000444054604,0.0061669000424444675,0.00018800003454089165,0.025477716730963242,0.01453519130589541,0.9224539652236566,0.6274566937053917,35.0,,,,,,,,,
adam_switch_lr0.003_s2,adam,switch,0.003,2,1279,256,1,probe_loss,5.987650417453975,9.860546260621552,1.6468139542479139,False,237,0.0030930000357329845,0.006789600010961294,0.0001908999402076006,0.01859326804454456,0.013996212889286994,0.9265683345740336,0.5868238408416602,36.0,,,,,,,,,
adam_switch_lr0.003_s2,adam,switch,0.003,2,1407,256,1,probe_loss,5.4874025413603515,7.882079479565246,1.4363953473716262,False,237,0.00318100000731647,0.006783799966797233,0.00019609997980296612,0.015779398314373718,0.014632005495632087,0.9297767297785704,0.5857893173224932,30.0,,,,,,,,,
adam_switch_lr0.003_s2,adam,switch,0.003,2,1535,256,1,probe_loss,4.961488419651622,6.447797914997178,1.2995692763200926,False,237,0.0030131000094115734,0.006535600172355771,0.000175100052729249,0.019395034423167885,0.014246195576035276,0.9429296615985084,0.6044786986673093,21.0,,,,,,,,,
adam_switch_lr0.003_s2,adam,switch,0.003,2,1663,256,1,probe_loss,4.3187700029839196,4.898609625177674,1.1342603615828424,False,237,0.002251700032502413,0.005241399863734841,0.00016249995678663254,0.04020070172951141,0.014354885384215978,0.9720982113560726,0.5117346241733404,13.0,,,,,,,,,
adam_switch_lr0.003_s2,adam,switch,0.003,2,1791,256,1,probe_loss,2.741121234039212,4.387681405598359,1.600688561714156,False,237,0.002412700094282627,0.0056621001567691565,0.0001938999630510807,0.01813582216324573,0.010619820044014936,0.9985466517756392,0.37783027230580984,4.0,,,,,,,,,
adam_switch_lr0.003_s2,adam,switch,0.003,2,1919,256,1,probe_loss,4.001206512468598,5.475507769711476,1.3684641751553304,False,237,0.002540100133046508,0.005574400071054697,0.00016549997963011265,0.00724470386541182,0.004493831391441525,0.9960667698548542,0.28968512607678304,6.0,,,,,,,,,
adam_switch_lr0.003_s2,adam,switch,0.003,2,2047,256,1,probe_loss,3.4721181117459303,5.308755528008418,1.5289674363464978,False,237,0.0026948999147862196,0.006063200067728758,0.00019120005890727043,0.00491949978313531,0.004822976711234276,0.9944001190482238,0.38551662154358063,11.0,,,,,,,,,
adam_switch_lr0.003_s2,adam,switch,0.003,2,2175,256,1,probe_loss,3.9373812200327416,4.933213681038695,1.252917460960936,False,237,0.0026996000669896603,0.006106700049713254,0.00018370011821389198,0.005431586054352539,0.004695482203582612,0.9942026275077891,0.3532094176406911,8.0,,,,,,,,,
adam_switch_lr0.003_s2,adam,switch,0.003,2,2303,256,1,probe_loss,3.883495951503431,4.9748953854599005,1.281035295925557,False,237,0.002674699993804097,0.006108799949288368,0.00016739987768232822,0.004889488409669222,0.002829368179774888,0.9862574910147782,0.5547622828013266,19.0,,,,,,,,,
adam_switch_lr0.003_s2,adam,switch,0.003,2,2431,256,1,probe_loss,3.941684964991513,6.587252356676855,1.6711767721627235,False,237,0.0027723999228328466,0.012074599973857403,0.0004990000743418932,0.005499595337637677,0.004585664852456528,0.9936107155134717,0.4103801311883598,9.0,,,,,,,,,
adam_switch_lr0.003_s2,adam,switch,0.003,2,2559,256,1,probe_loss,3.5304476227626167,4.198256497580856,1.1891569982549894,False,237,0.0058704998809844255,0.011748299933969975,0.00023619993589818478,0.004731320693525321,0.004731256932009301,0.9922897623876274,0.4231022049568488,9.0,,,,,,,,,
adam_switch_lr0.003_s2,adam,switch,0.003,2,2687,256,1,probe_loss,4.840777338689374,6.630839904403199,1.3697882469013705,False,237,0.006724599981680512,0.012634399812668562,0.0003575999289751053,0.005304992515971484,0.004747790013396808,0.989039140389219,0.46735723437041915,12.0,,,,,,,,,
adam_switch_lr0.003_s2,adam,switch,0.003,2,2815,256,1,probe_loss,4.046648617112024,7.795303097945299,1.9263602638937751,False,237,0.0059812001418322325,0.012050800025463104,0.000264700036495924,0.006001746347656888,0.004894552760456722,0.989245262854011,0.49523483136618585,9.0,,,,,,,,,
adam_switch_lr0.003_s2,adam,switch,0.003,2,2943,256,1,probe_loss,3.297654064933726,4.3175991672103,1.3092941473523156,False,237,0.0038419999182224274,0.008368700044229627,0.00023499992676079273,0.007658392842763038,0.006520317183451842,0.992982167969601,0.4199200015850344,12.0,,,,,,,,,
adam_switch_lr0.003_s2,adam,switch,0.003,2,3071,256,1,probe_loss,3.1991082217498064,4.078167919031755,1.2747827320455987,False,237,0.0034777000546455383,0.007525200257077813,0.00020870007574558258,0.007525153963984145,0.006545166426893871,0.9930215630631459,0.420140755576215,11.0,,,,,,,,,
adam_switch_lr0.003_s2,adam,switch,0.003,2,255,256,1,grad_norm,10.56102558375739,15.85333432494395,1.5011169321780649,False,237,0.0037306000012904406,0.00782279996201396,0.00021580001339316368,0.25963585589879995,0.2551211112864782,0.28693290468407523,0.807671707381765,91.0,,,,,,,,,
adam_switch_lr0.003_s2,adam,switch,0.003,2,383,256,1,grad_norm,8.584676809604613,13.554800411784703,1.5789529078857658,False,237,0.0034121000207960606,0.0072204002644866705,0.00020980020053684711,0.3473791073404019,0.3132863481391725,0.047202489175303286,0.9013906417101001,116.0,,,,,,,,,
adam_switch_lr0.003_s2,adam,switch,0.003,2,511,256,1,grad_norm,11.722120699088709,18.216376342268333,1.5540171279489123,False,237,0.003336800029501319,0.007071100175380707,0.0001914000604301691,0.2866637482399108,0.28656457763755794,0.05880414190062441,0.9214320139652333,120.0,,,,,,,,,
adam_switch_lr0.003_s2,adam,switch,0.003,2,639,256,1,grad_norm,11.086436108814116,15.48587492695017,1.3968307556148132,False,237,0.0032961999531835318,0.0074269999749958515,0.00020360015332698822,0.24090522082496274,0.23681416714634232,0.07033429092027978,0.8847031435930843,123.0,,,,,,,,,
adam_switch_lr0.003_s2,adam,switch,0.003,2,767,256,1,grad_norm,9.53599193613086,11.868815449765018,1.2446335451265786,False,237,0.0032857998739928007,0.007056999718770385,0.00018189987167716026,0.2504081728138566,0.2494793376092386,0.12954687307338103,0.8949212072242152,108.0,,,,,,,,,
adam_switch_lr0.003_s2,adam,switch,0.003,2,895,256,1,grad_norm,11.131853942639621,15.975872714510563,1.4351493288387787,False,237,0.0033406999427825212,0.007478700019419193,0.00023390003480017185,0.19699531640095133,0.19638965044205228,0.1784178346990361,0.8936876017327453,110.0,,,,,,,,,
adam_switch_lr0.003_s2,adam,switch,0.003,2,1023,256,1,grad_norm,11.44587491364779,17.566972784733355,1.5347863677757752,False,237,0.003342699958011508,0.007113599916920066,0.00020810007117688656,0.19456971035776166,0.1931828683765246,0.19729110125109525,0.8748024568074596,107.0,,,,,,,,,
adam_switch_lr0.003_s2,adam,switch,0.003,2,1151,256,1,grad_norm,11.681308211969226,18.14356622560368,1.5532135524866058,False,237,0.003396200016140938,0.007343199802562594,0.00022819987498223782,0.1969202811615508,0.19063288071237022,0.21758637410073198,0.8801431935239915,107.0,,,,,,,,,
adam_switch_lr0.003_s2,adam,switch,0.003,2,1279,256,1,grad_norm,11.686485050315627,16.837695227937264,1.4407835337523076,False,237,0.003317900002002716,0.007061300100758672,0.00020919996313750744,0.1710996526985177,0.17081795330832444,0.14492828601706587,0.8786890211737578,113.0,,,,,,,,,
adam_switch_lr0.003_s2,adam,switch,0.003,2,1407,256,1,grad_norm,12.37985113616424,17.246749625552198,1.393130614888469,False,237,0.003181200008839369,0.006745500024408102,0.00019429996609687805,0.16832291000814556,0.16799879361557502,0.12410720619071898,0.9005910128759245,115.0,,,,,,,,,
adam_switch_lr0.003_s2,adam,switch,0.003,2,1535,256,1,grad_norm,10.858835692195125,16.900043971994265,1.5563403343639601,False,237,0.0034874998964369297,0.00717159966006875,0.00023959996178746223,0.14874916826657927,0.14816400906838584,0.18522777201413998,0.911765705065054,110.0,,,,,,,,,
adam_switch_lr0.003_s2,adam,switch,0.003,2,1663,256,1,grad_norm,10.253388799366723,8.377308906356038,0.8170283084235959,False,237,0.0029360998887568712,0.006500799674540758,0.0001892999280244112,0.1638601450960914,0.12692027671355002,0.22152796045070383,0.8782177378663428,99.0,,,,,,,,,
adam_switch_lr0.003_s2,adam,switch,0.003,2,1791,256,1,grad_norm,11.563095356056518,16.33154240921447,1.4123849978163794,False,237,0.003467399859800935,0.007472899742424488,0.0002172999083995819,0.09215820420425182,0.09191498749242022,0.18352017265282777,0.8909454316073294,112.0,,,,,,,,,
adam_switch_lr0.003_s2,adam,switch,0.003,2,1919,256,1,grad_norm,11.893415397401974,15.617139139407692,1.313091203626768,False,237,0.0032760000322014093,0.006976500153541565,0.00019450020045042038,0.07521562539436544,0.07165780779845442,0.0010031500841724476,0.900824829639973,120.0,,,,,,,,,
adam_switch_lr0.003_s2,adam,switch,0.003,2,2047,256,1,grad_norm,11.345809945717773,18.07858646935224,1.5934152392686256,False,237,0.00328469998203218,0.0069939999375492334,0.00018289987929165363,0.0837772670701257,0.08003521639426177,-0.034017519999887696,0.9169369631705171,139.0,,,,,,,,,
adam_switch_lr0.003_s2,adam,switch,0.003,2,2175,256,1,grad_norm,11.511139855195541,15.699702335240525,1.3638703493081514,False,237,0.0032527002040296793,0.006988500244915485,0.0001898000482469797,0.08578157801228108,0.08504264173353418,-0.029976464550808078,0.9248852673033382,139.0,,,,,,,,,
adam_switch_lr0.003_s2,adam,switch,0.003,2,2303,256,1,grad_norm,11.955784835706398,17.06959815601575,1.427727112070197,False,237,0.0032623999286442995,0.006897999905049801,0.00016699987463653088,0.086300008885173,0.0831638048114615,0.041496001426477754,0.9179323607394522,118.0,,,,,,,,,
adam_switch_lr0.003_s2,adam,switch,0.003,2,2431,256,1,grad_norm,11.694938616853428,16.551786746472306,1.41529488001072,False,237,0.0033024000003933907,0.007059400202706456,0.0001881001517176628,0.09753204950702499,0.09597944023094167,-0.024758506910175053,0.9105579940972143,115.0,,,,,,,,,
adam_switch_lr0.003_s2,adam,switch,0.003,2,2559,256,1,grad_norm,12.77063107696363,17.28699667885966,1.3536524996045731,False,237,0.0032161001581698656,0.00685130013152957,0.000171000137925148,0.1064311728811817,0.10484618113268497,-0.02573518339803833,0.9243768900815972,123.0,,,,,,,,,
adam_switch_lr0.003_s2,adam,switch,0.003,2,2687,256,1,grad_norm,11.437390315286486,16.514925668137742,1.44394177455542,False,237,0.0032160000409930944,0.0070482001174241304,0.00020070001482963562,0.10034858366717406,0.09987593752483731,-0.017094308491418707,0.9362854731890337,122.0,,,,,,,,,
adam_switch_lr0.003_s2,adam,switch,0.003,2,2815,256,1,grad_norm,12.39573705863738,18.562650735194467,1.4975027823988867,False,237,0.0031498000025749207,0.0067570998799055815,0.0001900999341160059,0.0972183335303465,0.09681238364914216,-0.04345380696262182,0.9138975256432172,128.0,,,,,,,,,
adam_switch_lr0.003_s2,adam,switch,0.003,2,2943,256,1,grad_norm,11.451731673307348,16.00170864977281,1.3973178123856085,False,237,0.0032681000884622335,0.007009100168943405,0.00018690014258027077,0.1018527391099146,0.10163389137641204,-0.003540324208983887,0.8905976836469264,130.0,,,,,,,,,
adam_switch_lr0.003_s2,adam,switch,0.003,2,3071,256,1,grad_norm,11.977159370677185,16.96844229194684,1.4167334479567377,False,237,0.0034434001427143812,0.007278600241988897,0.00018720002844929695,0.099966797945393,0.09940030078449992,0.05302025344867381,0.9141376733671288,125.0,,,,,,,,,
adam_switch_lr0.003_s2,adam,switch,0.003,2,1023,1024,1,train_loss,11.085818077433231,14.557783035626985,1.3131897830130763,False,1005,0.020131600089371204,0.047086300095543265,0.00024489988572895527,0.2724171678037009,0.13516536098971144,0.8721039699697343,0.6449813464535887,238.0,,,,,,,,,
adam_switch_lr0.003_s2,adam,switch,0.003,2,1151,1024,1,train_loss,11.20234597914705,15.009497352760276,1.3398530433446854,False,1005,0.021027399925515056,0.05261559993959963,0.0002524999435991049,0.1813743525237111,0.05906571010614923,0.317143453261878,0.7314225973060624,399.0,,,,,,,,,
adam_switch_lr0.003_s2,adam,switch,0.003,2,1279,1024,1,train_loss,11.57177428851632,15.643117734131815,1.3518339836316928,False,1005,0.023437200114130974,0.06229310017079115,0.0002460998948663473,0.15209120933215298,0.05661170844248001,0.21032312456093857,0.8149391792263669,444.0,,,,,,,,,
adam_switch_lr0.003_s2,adam,switch,0.003,2,1407,1024,1,train_loss,11.753636069733615,16.45191685633897,1.39972998642554,False,1005,0.0262516001239419,0.06207640003412962,0.0002826000563800335,0.12760055133563292,0.05552161984026997,0.14426885411916646,0.8693434944773046,458.0,,,,,,,,,
adam_switch_lr0.003_s2,adam,switch,0.003,2,1535,1024,1,train_loss,12.208115145534322,17.749404707140137,1.4539021376803443,False,1005,0.02597420010715723,0.08151010004803538,0.0006111001130193472,0.11077966906728307,0.054832457491859776,0.07689405561110671,0.8942973820887453,474.0,,,,,,,,,
adam_switch_lr0.003_s2,adam,switch,0.003,2,1663,1024,1,train_loss,11.449688934226737,16.037642941295246,1.400705559201147,False,1005,0.045437500113621354,0.08697570022195578,0.00038129999302327633,0.111171282270093,0.056995325618928346,0.04800780722042093,0.9223782887324852,496.0,,,,,,,,,
adam_switch_lr0.003_s2,adam,switch,0.003,2,1791,1024,1,train_loss,12.427077535125989,18.491823533336934,1.488026728816049,False,1005,0.027970700059086084,0.06695300014689565,0.0003244001418352127,0.10863567715188255,0.05809824343566344,0.03646119777739717,0.9272898892665588,498.0,,,,,,,,,
adam_switch_lr0.003_s2,adam,switch,0.003,2,1919,1024,1,train_loss,13.047876795213696,19.59878776249158,1.502067199904963,False,1005,0.0299537000246346,0.06834040000103414,0.0002541998401284218,0.1056739377411688,0.058962148090569905,0.05119471522355572,0.920278599478015,505.0,,,,,,,,,
adam_switch_lr0.003_s2,adam,switch,0.003,2,2047,1024,1,train_loss,13.401041439567942,20.490197880482913,1.5290004118622835,False,1005,0.02804110012948513,0.06707080011256039,0.00026890006847679615,0.10061516119849304,0.06084645122889407,0.0909218580233783,0.9109701278298558,484.0,,,,,,,,,
adam_switch_lr0.003_s2,adam,switch,0.003,2,2175,1024,1,train_loss,13.348640175325633,21.066765481443927,1.5781956217821276,False,1005,0.028883199905976653,0.06890140008181334,0.00025070016272366047,0.09362760449355476,0.06263353792453688,0.16135737081098925,0.8762214091514993,455.0,,,,,,,,,
adam_switch_lr0.003_s2,adam,switch,0.003,2,2303,1024,1,train_loss,13.598560518982687,21.23877159098082,1.5618396933508445,False,1005,0.03054619999602437,0.0714953001588583,0.0002516000531613827,0.08558350093568577,0.0640150584226306,0.1729448081080176,0.8540570179013197,448.0,,,,,,,,,
adam_switch_lr0.003_s2,adam,switch,0.003,2,2431,1024,1,train_loss,13.470355888521505,21.036770897150028,1.5617086193747927,False,1005,0.030352500034496188,0.07065229979343712,0.0002656998112797737,0.07403197688551288,0.06315561809020935,0.13141544662919,0.8786676973251549,472.0,,,,,,,,,
adam_switch_lr0.003_s2,adam,switch,0.003,2,2559,1024,1,train_loss,14.718419550972076,22.89914039508372,1.5558151685906623,False,1005,0.030020499834790826,0.07183320005424321,0.00023830006830394268,0.06271243229044692,0.058609346031087,-0.011825824471751215,0.9318314679923566,518.0,,,,,,,,,
adam_switch_lr0.003_s2,adam,switch,0.003,2,2687,1024,1,train_loss,14.398272603916165,23.13234905173722,1.6066058539164958,False,1005,0.033193200128152966,0.07602950022555888,0.00025240005925297737,0.05991729917089937,0.0571747077976731,-0.027078582677576665,0.9323474525613392,530.0,,,,,,,,,
adam_switch_lr0.003_s2,adam,switch,0.003,2,2815,1024,1,train_loss,14.474007619279536,23.00461488946666,1.5893742420602475,False,1005,0.03298149979673326,0.07333599985577166,0.0002528000622987747,0.05888301880841646,0.05684069079407981,-0.02215714800985179,0.935768092931688,535.0,,,,,,,,,
adam_switch_lr0.003_s2,adam,switch,0.003,2,2943,1024,1,train_loss,14.626155334570718,22.64216494811475,1.5480599262197912,False,1005,0.030853299889713526,0.07153729978017509,0.00027540000155568123,0.05934693948437846,0.057891136402826816,-0.0496277257298362,0.9321598362971505,549.0,,,,,,,,,
adam_switch_lr0.003_s2,adam,switch,0.003,2,3071,1024,1,train_loss,14.534396006744986,22.31813196566867,1.5355390038438117,False,1005,0.030887699918821454,0.07136690011247993,0.0002720002084970474,0.05784330200293756,0.056385659781264155,-0.07331913049890475,0.9257144136881199,544.0,,,,,,,,,
adam_switch_lr0.003_s2,adam,switch,0.003,2,1023,1024,1,probe_loss,5.7101373687452375,7.758400072014254,1.358706379723945,False,1005,0.015642500016838312,0.037823500111699104,0.000260000117123127,0.2402076303549064,0.12833764317092566,0.9970983054782786,0.5748473451017345,30.0,,,,,,,,,
adam_switch_lr0.003_s2,adam,switch,0.003,2,1151,1024,1,probe_loss,5.458476498662206,7.746573132367154,1.41918228177143,False,1005,0.014947199961170554,0.03733800002373755,0.00024339999072253704,0.1431540721822639,0.0376724261291812,0.9823572146573858,0.2206071686360186,34.0,,,,,,,,,
adam_switch_lr0.003_s2,adam,switch,0.003,2,1279,1024,1,probe_loss,5.4712346902115465,7.951535594320767,1.4533347671132928,False,1005,0.01657760003581643,0.04002509987913072,0.0002492999192327261,0.11309484468988622,0.03061797932400237,0.9769224688416482,0.3099940995706456,76.0,,,,,,,,,
adam_switch_lr0.003_s2,adam,switch,0.003,2,1407,1024,1,probe_loss,5.413967241340789,8.072479501911305,1.49104697942578,False,1005,0.018665200099349022,0.045283300103619695,0.0002226999495178461,0.08698241384731842,0.024066855760779344,0.9677468342616261,0.3977786805767689,90.0,,,,,,,,,
adam_switch_lr0.003_s2,adam,switch,0.003,2,1535,1024,1,probe_loss,6.027638247518534,8.18119789385984,1.357280838349562,False,1005,0.017858099890872836,0.04416509997099638,0.00024279998615384102,0.0718127768969431,0.020598856718464943,0.9586737898367828,0.49418890543421484,88.0,,,,,,,,,
adam_switch_lr0.003_s2,adam,switch,0.003,2,1663,1024,1,probe_loss,5.347567712200147,6.97950802250262,1.3051743144045287,False,1005,0.017581799998879433,0.04386459989473224,0.0002546999603509903,0.07130315565018867,0.020043932027896467,0.9635766238884065,0.5707626429943312,87.0,,,,,,,,,
adam_switch_lr0.003_s2,adam,switch,0.003,2,1791,1024,1,probe_loss,4.585088286963517,7.089106098800184,1.5461220493738754,False,1005,0.017407200066372752,0.0431530000641942,0.00025180005468428135,0.0716104995620091,0.019670394574198946,0.9698507535442159,0.5112662755012908,79.0,,,,,,,,,
adam_switch_lr0.003_s2,adam,switch,0.003,2,1919,1024,1,probe_loss,4.733757447618641,6.69994486748183,1.4153544919907752,False,1005,0.017083399929106236,0.04239919991232455,0.0002445999998599291,0.07159023154553394,0.019094382380213402,0.9744346183958856,0.4759467182539578,69.0,,,,,,,,,
adam_switch_lr0.003_s2,adam,switch,0.003,2,2047,1024,1,probe_loss,4.090699870747256,6.4047325294874256,1.5656813581675597,False,1005,0.018627099925652146,0.04452759982086718,0.000256099971011281,0.06609046606564803,0.020771764218552924,0.9846330602281277,0.37876980555686096,54.0,,,,,,,,,
adam_switch_lr0.003_s2,adam,switch,0.003,2,2175,1024,1,probe_loss,3.9064786344069864,5.9272425499377945,1.5172852854569792,False,1005,0.01711999997496605,0.041179400170221925,0.000287200091406703,0.060614205840471086,0.023728505021540315,0.9906455706041729,0.31928071845835004,35.0,,,,,,,,,
adam_switch_lr0.003_s2,adam,switch,0.003,2,2303,1024,1,probe_loss,3.659582062566634,5.701313942081502,1.5579139488083804,False,1005,0.016486500157043338,0.039873900124803185,0.00024780002422630787,0.05144423036958746,0.027527108059334237,0.9959646883862633,0.17563346776323305,12.0,,,,,,,,,
adam_switch_lr0.003_s2,adam,switch,0.003,2,2431,1024,1,probe_loss,3.717701019176325,5.773168509864316,1.5528867114611036,False,1005,0.015932600013911724,0.03949250001460314,0.00025129993446171284,0.03691354337392687,0.0243486303139866,0.99741863118214,0.22356508551715767,4.0,,,,,,,,,
adam_switch_lr0.003_s2,adam,switch,0.003,2,2559,1024,1,probe_loss,3.607834006143301,5.306364580211168,1.4707895571624596,False,1005,0.018271700013428926,0.04737580008804798,0.0002359000500291586,0.015089960499823673,0.010981411494022108,0.998784975443811,0.4427929195549824,14.0,,,,,,,,,
adam_switch_lr0.003_s2,adam,switch,0.003,2,2687,1024,1,probe_loss,3.9815973623907377,5.786343053527807,1.4532717718231094,False,1005,0.019366199849173427,0.04953749990090728,0.00024099997244775295,0.007553812461676086,0.005719925016167857,0.995464120708641,0.4761424793309128,40.0,,,,,,,,,
adam_switch_lr0.003_s2,adam,switch,0.003,2,2815,1024,1,probe_loss,4.3044166711277425,6.280165966295596,1.4590051210470323,False,1005,0.01983180013485253,0.05110090016387403,0.00022929999977350235,0.006586022110251642,0.005276120722375136,0.9939778272452975,0.48928135113233057,38.0,,,,,,,,,
adam_switch_lr0.003_s2,adam,switch,0.003,2,2943,1024,1,probe_loss,4.105359061646307,6.66665485352319,1.6238908103813379,False,1005,0.0202885998878628,0.05167629988864064,0.00023250002413988113,0.008207267114118169,0.006094837402170584,0.9945413765786857,0.4997841370976339,31.0,,,,,,,,,
adam_switch_lr0.003_s2,adam,switch,0.003,2,3071,1024,1,probe_loss,3.9372047835870267,5.771421695047963,1.4658677951188144,False,1005,0.020003199810162187,0.05234489985741675,0.0002794000320136547,0.009257369784229448,0.006182373852198502,0.9944897716515773,0.4953017154111861,30.0,,,,,,,,,
adam_switch_lr0.003_s2,adam,switch,0.003,2,1023,1024,1,grad_norm,12.419984224860345,19.230045967007165,1.5483148463679626,False,1005,0.031322999857366085,0.07637350005097687,0.00026120012626051903,0.3025387041969428,0.26260313850238476,0.24239554738802463,0.8786189981286923,402.0,,,,,,,,,
adam_switch_lr0.003_s2,adam,switch,0.003,2,1151,1024,1,grad_norm,12.371488416826159,19.83634297426988,1.6033917913458946,False,1005,0.034278400009498,0.07647469989024103,0.00023259990848600864,0.26922046673254424,0.25372427589050567,0.202280773569381,0.8885650888402341,430.0,,,,,,,,,
adam_switch_lr0.003_s2,adam,switch,0.003,2,1279,1024,1,grad_norm,13.119725428850167,20.155124196500385,1.536245884550254,False,1005,0.03237699996680021,0.07520690024830401,0.00024410011246800423,0.23304096568155883,0.23152792242857856,0.13193140089704494,0.9190560752636368,449.0,,,,,,,,,
adam_switch_lr0.003_s2,adam,switch,0.003,2,1407,1024,1,grad_norm,13.07587276920566,18.961755183005895,1.4501330440949063,False,1005,0.032534899888560176,0.07497329986654222,0.00023619993589818478,0.20417706466199623,0.20381896089722737,0.1746873793229564,0.9013196338698798,442.0,,,,,,,,,
adam_switch_lr0.003_s2,adam,switch,0.003,2,1535,1024,1,grad_norm,12.84515312313043,19.21997095896251,1.4962819652459312,False,1005,0.03322120010852814,0.07589940028265119,0.0002405000850558281,0.19585235553615182,0.19536857179336045,0.16928423393876704,0.8998400855916633,440.0,,,,,,,,,
adam_switch_lr0.003_s2,adam,switch,0.003,2,1663,1024,1,grad_norm,12.34374719175294,15.733519742901162,1.2746145476320987,False,1005,0.032655399991199374,0.07414199970662594,0.00023069977760314941,0.1952691770652134,0.18420725390017006,0.28184310697717274,0.8710152872730917,410.0,,,,,,,,,
adam_switch_lr0.003_s2,adam,switch,0.003,2,1791,1024,1,grad_norm,12.519376582232189,18.744640281612696,1.4972502950518765,False,1005,0.030596999917179346,0.07246409985236824,0.0002280999906361103,0.19068784822573973,0.16730799273218236,0.28943818970012813,0.8662903366920538,401.0,,,,,,,,,
adam_switch_lr0.003_s2,adam,switch,0.003,2,1919,1024,1,grad_norm,12.924534430083224,18.531706395578265,1.4338393770257407,False,1005,0.030237300088629127,0.07146969996392727,0.00027469987981021404,0.1885536401497454,0.15543880917503322,0.2668532021425765,0.8753827320177766,392.0,,,,,,,,,
adam_switch_lr0.003_s2,adam,switch,0.003,2,2047,1024,1,grad_norm,13.084664388306486,19.106652513862223,1.4602325246444587,False,1005,0.03309859987348318,0.0740274996496737,0.00023709982633590698,0.16569916640472537,0.14462080154532145,0.32823276055985845,0.8319104730416291,368.0,,,,,,,,,
adam_switch_lr0.003_s2,adam,switch,0.003,2,2175,1024,1,grad_norm,13.045297214181803,18.964063740706823,1.4537088292699543,False,1005,0.030510400189086795,0.07163210026919842,0.00023870007134974003,0.15161424058841189,0.14047803323541655,0.3693178838276921,0.7855255008510013,357.0,,,,,,,,,
adam_switch_lr0.003_s2,adam,switch,0.003,2,2303,1024,1,grad_norm,13.30737222356862,19.528844954001933,1.467520756608468,False,1005,0.030352799920365214,0.07157470006495714,0.00024339999072253704,0.13320985804715285,0.13186980436917087,0.4556627368532558,0.7315447534027414,352.0,,,,,,,,,
adam_switch_lr0.003_s2,adam,switch,0.003,2,2431,1024,1,grad_norm,13.139795098005106,19.408191707586006,1.4770543652185697,False,1005,0.032200600020587444,0.07326079974882305,0.00022739986889064312,0.12084933573356318,0.11818571907630894,0.38287149444320306,0.7782886853272565,366.0,,,,,,,,,
adam_switch_lr0.003_s2,adam,switch,0.003,2,2559,1024,1,grad_norm,13.260908921606468,19.05357079889252,1.436822386122256,False,1005,0.03141170018352568,0.07270870031788945,0.0002280999906361103,0.11621478008028342,0.09090083549324306,0.04721704818648296,0.9325305297680144,499.0,,,,,,,,,
adam_switch_lr0.003_s2,adam,switch,0.003,2,2687,1024,1,grad_norm,13.025558042312277,18.573058524484402,1.4258934983170473,False,1005,0.030597100034356117,0.07130319997668266,0.00027299998328089714,0.11294907133206143,0.08928908925130968,-0.0073865214062850265,0.9347482856020202,507.0,,,,,,,,,
adam_switch_lr0.003_s2,adam,switch,0.003,2,2815,1024,1,grad_norm,13.37709367722845,19.92972446715484,1.4898396429024638,False,1005,0.03188699996098876,0.0733358000870794,0.0002598999999463558,0.11042648592145571,0.09222317362263431,-0.008270569488119254,0.9318512198747824,505.0,,,,,,,,,
adam_switch_lr0.003_s2,adam,switch,0.003,2,2943,1024,1,grad_norm,13.388377544003143,19.414972989260225,1.4501363533743852,False,1005,0.031204799888655543,0.07317079976201057,0.0002536999527364969,0.10973600474645076,0.09614737687398124,-0.010465132717722835,0.9285556128416703,502.0,,,,,,,,,
adam_switch_lr0.003_s2,adam,switch,0.003,2,3071,1024,1,grad_norm,13.521438617201891,19.720187576173576,1.4584385681480425,False,1005,0.03129740012809634,0.07263920013792813,0.00024349987506866455,0.10957509553344806,0.09683289003776051,0.011952031897470057,0.9280456851303686,490.0,,,,,,,,,
adam_switch_lr0.003_s2,adam,switch,0.003,2,511,512,4,train_loss,15.170983039393956,14.122178569480232,0.930867731696072,False,436,0.016202399972826242,0.030212400015443563,0.0002516999375075102,0.25587846791009156,0.15366388488188698,0.9137335583389085,0.6579035731555252,118.0,,,,,,,,,
adam_switch_lr0.003_s2,adam,switch,0.003,2,639,512,4,train_loss,13.276382289007575,15.643204127686074,1.1782731008460152,False,436,0.015602300176396966,0.030429200269281864,0.00023830006830394268,0.13240910163282477,0.044852923359222446,0.08933435520488461,0.912065218251685,255.0,,,,,,,,,
adam_switch_lr0.003_s2,adam,switch,0.003,2,767,512,4,train_loss,14.523813385652907,16.698881328957274,1.1497587366037745,False,436,0.01669479999691248,0.030442000133916736,0.00020859995856881142,0.10800856933370367,0.046087787113970685,0.10026192863196863,0.8835920345577505,240.0,,,,,,,,,
adam_switch_lr0.003_s2,adam,switch,0.003,2,895,512,4,train_loss,14.101142676962242,16.763380551763746,1.1887958966014107,False,436,0.016071300022304058,0.03030149987898767,0.00022300006821751595,0.09273619408105781,0.04673884793212783,0.03711497616302075,0.9252652735975072,237.0,,,,,,,,,
adam_switch_lr0.003_s2,adam,switch,0.003,2,1023,512,4,train_loss,12.86359682259909,18.12288116025828,1.4088502158602754,False,436,0.01653619995340705,0.03067629993893206,0.00022279983386397362,0.08106359642298877,0.049067585603946515,-0.03189073851819344,0.9250774885092906,262.0,,,,,,,,,
adam_switch_lr0.003_s2,adam,switch,0.003,2,1151,512,4,train_loss,13.966522529187085,18.03288788070156,1.291150881904685,False,436,0.016717599937692285,0.030658500036224723,0.0002212999388575554,0.07832847693013108,0.05195095909968405,-0.0928190730562661,0.9209976276121647,265.0,,,,,,,,,
adam_switch_lr0.003_s2,adam,switch,0.003,2,1279,512,4,train_loss,13.324816769356795,18.05218355752394,1.3547791215439986,False,436,0.016505900071933866,0.03111670003272593,0.00026919995434582233,0.07186324784339514,0.05459494407039967,-0.05677874743162789,0.9176014830002867,262.0,,,,,,,,,
adam_switch_lr0.003_s2,adam,switch,0.003,2,1407,512,4,train_loss,12.490894922895174,17.763122322865254,1.422085641782668,False,436,0.01716449996456504,0.03264400013722479,0.0002468000166118145,0.06785012370760111,0.05577867247093587,-0.01785731217699854,0.923124195293227,265.0,,,,,,,,,
adam_switch_lr0.003_s2,adam,switch,0.003,2,1535,512,4,train_loss,12.705936342213636,17.690602525800667,1.392310023388532,False,436,0.0189217000734061,0.03308030008338392,0.00021370011381804943,0.06356503758024408,0.05528131808672388,-0.0035087113664047853,0.9261459674471546,265.0,,,,,,,,,
adam_switch_lr0.003_s2,adam,switch,0.003,2,1663,512,4,train_loss,12.521606264646136,15.014433623015387,1.1990820750695197,False,436,0.017217500135302544,0.031432799994945526,0.00020499993115663528,0.07868214908301621,0.06033588272130989,0.11745190565457125,0.902871390655772,240.0,,,,,,,,,
adam_switch_lr0.003_s2,adam,switch,0.003,2,1791,512,4,train_loss,11.094352733541228,19.47767041261861,1.7556382855695896,False,436,0.018086700001731515,0.033060999820008874,0.00020379992201924324,0.08322419089058362,0.0600474471592234,0.06715764537652129,0.9108938666940666,248.0,,,,,,,,,
adam_switch_lr0.003_s2,adam,switch,0.003,2,1919,512,4,train_loss,11.146353692059122,14.35497463486119,1.287862832227184,False,436,0.016983400098979473,0.031002300092950463,0.0002101000864058733,0.07588762810493052,0.06172905304008048,0.09894438896240813,0.8865495898649574,246.0,,,,,,,,,
adam_switch_lr0.003_s2,adam,switch,0.003,2,2047,512,4,train_loss,11.404297174406612,17.61828635024319,1.5448813794314251,False,436,0.0169127001427114,0.03151200036518276,0.0002373000606894493,0.063313881568095,0.06051340934262444,0.001756750145090116,0.9265301960648643,249.0,,,,,,,,,
adam_switch_lr0.003_s2,adam,switch,0.003,2,2175,512,4,train_loss,12.518562427567343,18.070150161560424,1.4434684706103182,False,436,0.017620000056922436,0.03247370012104511,0.00023659993894398212,0.05878572602074528,0.05786701710212673,-0.00665789945573469,0.9181936941003775,249.0,,,,,,,,,
adam_switch_lr0.003_s2,adam,switch,0.003,2,2303,512,4,train_loss,12.328529652941647,17.131838254801206,1.3896092021576527,False,436,0.017648500157520175,0.03177830018103123,0.00020779995247721672,0.058522073614395195,0.057825468932699124,-0.02194792354976673,0.9204300297620716,263.0,,,,,,,,,
adam_switch_lr0.003_s2,adam,switch,0.003,2,2431,512,4,train_loss,12.140227708560545,16.473525957255767,1.3569371475330438,False,436,0.016797299962490797,0.03116580005735159,0.00021540001034736633,0.05790536713775394,0.05768672824127838,-0.05013507239287503,0.9318186419017148,266.0,,,,,,,,,
adam_switch_lr0.003_s2,adam,switch,0.003,2,2559,512,4,train_loss,11.974715971587992,17.79636106404466,1.4861614343312601,False,436,0.016771099995821714,0.030945500126108527,0.00020910007879137993,0.057198931593475034,0.05605926714549995,-0.04936370611977793,0.9250940842655309,265.0,,,,,,,,,
adam_switch_lr0.003_s2,adam,switch,0.003,2,2687,512,4,train_loss,12.24713572094153,16.624718586160746,1.3574372788025801,False,436,0.01671509980224073,0.030894799856469035,0.0002288001123815775,0.05735199473070589,0.05643195341477954,-0.04868516833757312,0.9229883560784459,282.0,,,,,,,,,
adam_switch_lr0.003_s2,adam,switch,0.003,2,2815,512,4,train_loss,11.713676355225108,16.76759890615413,1.4314548564998235,False,436,0.01722529996186495,0.03179650008678436,0.00025429995730519295,0.05636538497609885,0.05581971823118299,-0.02422831796979215,0.9278598826647696,272.0,,,,,,,,,
adam_switch_lr0.003_s2,adam,switch,0.003,2,2943,512,4,train_loss,12.288215341456288,16.732063205625415,1.3616349275046544,False,436,0.017367499880492687,0.032881899969652295,0.00024339999072253704,0.057861444577541554,0.05783168714959435,-0.058415976715785696,0.9338757347017317,270.0,,,,,,,,,
adam_switch_lr0.003_s2,adam,switch,0.003,2,3071,512,4,train_loss,12.203721140318683,16.658261468113682,1.3650149226270074,False,436,0.018610900035127997,0.03276370000094175,0.00020439992658793926,0.0566395112309303,0.05645295877608567,-0.10736533687942802,0.9293147791849412,274.0,,,,,,,,,
adam_switch_lr0.003_s2,adam,switch,0.003,2,511,512,4,probe_loss,17.311118070768877,13.918017219827712,0.8039929693119782,False,436,0.014136000070720911,0.027813100023195148,0.00024889991618692875,0.2403646880853981,0.14771127394213168,0.9970357361974841,0.6110824601538317,16.0,,,,,,,,,
adam_switch_lr0.003_s2,adam,switch,0.003,2,639,512,4,probe_loss,14.864556682729022,15.707199011280116,1.0566880228274922,False,436,0.014988099923357368,0.028342199977487326,0.0002468000166118145,0.10828593310645213,0.018342916648382602,0.9074433347333672,0.5128156578377557,58.0,,,,,,,,,
adam_switch_lr0.003_s2,adam,switch,0.003,2,767,512,4,probe_loss,17.268018624315076,15.533477819536559,0.8995518337966053,False,436,0.01561030000448227,0.02908900030888617,0.0002372001763433218,0.08461136977679509,0.01936482293015949,0.9311255884672438,0.4906196065503568,56.0,,,,,,,,,
adam_switch_lr0.003_s2,adam,switch,0.003,2,895,512,4,probe_loss,15.597414459530608,14.697905863252872,0.9423296342729354,False,436,0.01600010017864406,0.02994210016913712,0.00023820018395781517,0.06441757533595424,0.014218358549610436,0.8934274206424873,0.6676088369385184,76.0,,,,,,,,,
adam_switch_lr0.003_s2,adam,switch,0.003,2,1023,512,4,probe_loss,13.563727458122765,15.55618529942607,1.146896039267591,False,436,0.016041999915614724,0.029967299895361066,0.0002172999083995819,0.050775317656129304,0.016902212388603306,0.9226847254342059,0.6378302527424536,58.0,,,,,,,,,
adam_switch_lr0.003_s2,adam,switch,0.003,2,1151,512,4,probe_loss,16.539790576250613,15.371316832055912,0.9293537763487462,False,436,0.016891000093892217,0.031758900033310056,0.00023250002413988113,0.043235317815081754,0.015619265674175861,0.9227779620042039,0.6614634296741311,70.0,,,,,,,,,
adam_switch_lr0.003_s2,adam,switch,0.003,2,1279,512,4,probe_loss,13.937944512724362,22.894698629293558,1.6426165715032306,False,436,0.016251799883320928,0.029927899595350027,0.00022029993124306202,0.03622620642650955,0.01554992338768736,0.9280857701248625,0.6357927841617022,66.0,,,,,,,,,
adam_switch_lr0.003_s2,adam,switch,0.003,2,1407,512,4,probe_loss,13.725069865172403,14.461912384046338,1.0536858847431942,False,436,0.015852800104767084,0.030010699992999434,0.00024729990400373936,0.031013328003911256,0.016405896144259826,0.9417061949631482,0.6109638059330096,59.0,,,,,,,,,
adam_switch_lr0.003_s2,adam,switch,0.003,2,1535,512,4,probe_loss,16.05066737155764,16.404393774773347,1.0220381118758042,False,436,0.01707689999602735,0.03153320006094873,0.000233400147408247,0.025553239474965975,0.014340889104211203,0.9366670539917712,0.6244646870120569,59.0,,,,,,,,,
adam_switch_lr0.003_s2,adam,switch,0.003,2,1663,512,4,probe_loss,11.970570908368945,10.576540350601414,0.8835451902471145,False,436,0.015929199988022447,0.029200800228863955,0.00020640017464756966,0.045493841644093244,0.02154608564216087,0.9775483025138261,0.3873794032801063,32.0,,,,,,,,,
adam_switch_lr0.003_s2,adam,switch,0.003,2,1791,512,4,probe_loss,8.263147085790953,19.416556532976504,2.3497774312119653,False,436,0.01546670007519424,0.028529400005936623,0.00022109993733465672,0.05162528025697713,0.017377604592180552,0.9802463784014018,0.4358329271343005,26.0,,,,,,,,,
adam_switch_lr0.003_s2,adam,switch,0.003,2,1919,512,4,probe_loss,10.395080621882334,9.072777429595009,0.8727952922747141,False,436,0.014649000018835068,0.027447900036349893,0.000224800081923604,0.043018120059114005,0.019358548517359166,0.9922078922633714,0.2579844928673388,10.0,,,,,,,,,
adam_switch_lr0.003_s2,adam,switch,0.003,2,2047,512,4,probe_loss,11.426794668721014,11.37967875639401,0.9958767166390086,False,436,0.015318100107833743,0.028746800031512976,0.0003090999089181423,0.01753095495369025,0.010784246223955367,0.9986962907978348,0.4177575348054099,4.0,,,,,,,,,
adam_switch_lr0.003_s2,adam,switch,0.003,2,2175,512,4,probe_loss,13.947149440648866,18.304465714362436,1.3124162605596097,False,436,0.015751600032672286,0.029541100142523646,0.00022030016407370567,0.007916427736134475,0.005002921723365169,0.99584222492469,0.3867561412073706,10.0,,,,,,,,,
adam_switch_lr0.003_s2,adam,switch,0.003,2,2303,512,4,probe_loss,10.51878879423101,23.980580493226377,2.2797853405306925,False,436,0.016187299974262714,0.029948399867862463,0.0002337999176234007,0.005045084320548508,0.0050378708316775895,0.9952858560538226,0.40145120077977087,14.0,,,,,,,,,
adam_switch_lr0.003_s2,adam,switch,0.003,2,2431,512,4,probe_loss,7.403281157144137,18.63752115282558,2.517467695366459,False,436,0.016135400161147118,0.03134200000204146,0.00026999996043741703,0.0054663759141810615,0.005292709475521772,0.9953305941785416,0.40223775863860045,18.0,,,,,,,,,
adam_switch_lr0.003_s2,adam,switch,0.003,2,2559,512,4,probe_loss,7.728855992222236,20.970697846001034,2.7132990790751483,False,436,0.018388899974524975,0.03238360001705587,0.0002465001307427883,0.005136673338623381,0.005106538503213238,0.9945856332657953,0.44858929545732695,19.0,,,,,,,,,
adam_switch_lr0.003_s2,adam,switch,0.003,2,2687,512,4,probe_loss,9.582821532937773,25.694040238406583,2.681260435675634,False,436,0.015708700055256486,0.029830100014805794,0.00024119997397065163,0.005672117853117251,0.004906830925033818,0.9919973785106652,0.4671272966683778,22.0,,,,,,,,,
adam_switch_lr0.003_s2,adam,switch,0.003,2,2815,512,4,probe_loss,12.239990909742236,29.925352590117875,2.4448835632957246,False,436,0.01631260011345148,0.030829600058496,0.00024410011246800423,0.0059314221050182385,0.005128640732603884,0.9918071967916036,0.4468927273430022,20.0,,,,,,,,,
adam_switch_lr0.003_s2,adam,switch,0.003,2,2943,512,4,probe_loss,11.519485929812017,42.219059899577005,3.6650124976771394,False,436,0.01672860002145171,0.030795900151133537,0.0002715000882744789,0.008317867992012683,0.005767108597287877,0.9918025965874483,0.46802128922009967,26.0,,,,,,,,,
adam_switch_lr0.003_s2,adam,switch,0.003,2,3071,512,4,probe_loss,8.1690039874029,32.444268370823885,3.9716308647731,False,436,0.0163569999858737,0.030378199880942702,0.0002445999998599291,0.00859149557758692,0.005801107271011254,0.9917021318445003,0.46679086109388446,18.0,,,,,,,,,
adam_switch_lr0.003_s2,adam,switch,0.003,2,511,512,4,grad_norm,12.45765995896745,16.471871421933027,1.3222283700299597,False,436,0.017298299819231033,0.0323204998858273,0.0002402001991868019,0.3186066017149573,0.2801621339785936,0.2005684633260546,0.8761463830963785,215.0,,,,,,,,,
adam_switch_lr0.003_s2,adam,switch,0.003,2,639,512,4,grad_norm,10.913490297844902,13.89977849061199,1.2736327344659657,False,436,0.018095799954608083,0.0325080999173224,0.0002101999707520008,0.30994652440281256,0.28597179311143683,0.1127403435201708,0.8952285408666439,224.0,,,,,,,,,
adam_switch_lr0.003_s2,adam,switch,0.003,2,767,512,4,grad_norm,10.921708677858314,13.178654593933196,1.206647694298092,False,436,0.017257000086829066,0.03185930009931326,0.00022329995408654213,0.2721452681046446,0.2694239612945654,0.09397097471576146,0.9117756191042463,229.0,,,,,,,,,
adam_switch_lr0.003_s2,adam,switch,0.003,2,895,512,4,grad_norm,11.773097910198254,15.268128958586123,1.2968658780422062,False,436,0.017586000030860305,0.03245559986680746,0.00022689998149871826,0.22108313505842925,0.21958467070688428,0.1298558057739956,0.9188324275063073,234.0,,,,,,,,,
adam_switch_lr0.003_s2,adam,switch,0.003,2,1023,512,4,grad_norm,10.96132421440216,13.801590549558213,1.2591170810753147,False,436,0.01697320002131164,0.03134600003249943,0.00023450003936886787,0.22431174228608228,0.22371845114316963,0.16019516178757087,0.903163725396447,221.0,,,,,,,,,
adam_switch_lr0.003_s2,adam,switch,0.003,2,1151,512,4,grad_norm,11.964128254970657,15.005670538441992,1.2542218052709093,False,436,0.0173227998893708,0.031737399753183126,0.00023799994960427284,0.19758364471648054,0.19756665468102547,0.22966152277514648,0.8969161856080992,219.0,,,,,,,,,
adam_switch_lr0.003_s2,adam,switch,0.003,2,1279,512,4,grad_norm,11.729807866313614,15.184495617045636,1.294522108981291,False,436,0.017821399960666895,0.03428669995628297,0.00026290002278983593,0.18348267850897915,0.18340606373706728,0.18429237778847007,0.8883086276383629,222.0,,,,,,,,,
adam_switch_lr0.003_s2,adam,switch,0.003,2,1407,512,4,grad_norm,10.96132991851988,15.130817773816629,1.3803815674092728,False,436,0.01716129994019866,0.030900399899110198,0.00022149994038045406,0.18434886733590486,0.18138994167955086,0.19206903222561705,0.8916865616625363,220.0,,,,,,,,,
adam_switch_lr0.003_s2,adam,switch,0.003,2,1535,512,4,grad_norm,10.932549945221831,14.628592298920818,1.3380768779670085,False,436,0.016059499932453036,0.030230100033804774,0.00022920011542737484,0.1610983483355221,0.15991431978049409,0.1624704149631221,0.9062259848902066,219.0,,,,,,,,,
adam_switch_lr0.003_s2,adam,switch,0.003,2,1663,512,4,grad_norm,9.165091670269584,14.555901176575665,1.5881893711759802,False,436,0.017601599916815758,0.03156369971111417,0.00022789998911321163,0.180496204462419,0.15664036364754155,0.24033114748373918,0.8715746020323266,202.0,,,,,,,,,
adam_switch_lr0.003_s2,adam,switch,0.003,2,1791,512,4,grad_norm,9.43702880686135,25.573647536833377,2.709925767974728,False,436,0.01703890017233789,0.030484999995678663,0.000228899996727705,0.16580359813260526,0.13432114266229442,0.31635779930260005,0.8379429116486927,187.0,,,,,,,,,
adam_switch_lr0.003_s2,adam,switch,0.003,2,1919,512,4,grad_norm,11.678723284411966,11.051416641879515,0.9462863681880586,False,436,0.016556200105696917,0.030372400069609284,0.00022069993428885937,0.13245067517779563,0.12211561618365141,0.4083222692241777,0.7361913000533518,171.0,,,,,,,,,
adam_switch_lr0.003_s2,adam,switch,0.003,2,2047,512,4,grad_norm,12.087264466051153,15.595041226847256,1.2902043527423601,False,436,0.0162988998927176,0.030076400144025683,0.00023060012608766556,0.0957975056286276,0.08681002946378422,0.09975946021886635,0.9155326600165176,263.0,,,,,,,,,
adam_switch_lr0.003_s2,adam,switch,0.003,2,2175,512,4,grad_norm,11.475919532130886,16.466947127151595,1.4349130874477263,False,436,0.016410399926826358,0.030335200019180775,0.00023110001347959042,0.08933978180324675,0.07897441081595084,-0.007584827529033663,0.9348764155943242,257.0,,,,,,,,,
adam_switch_lr0.003_s2,adam,switch,0.003,2,2303,512,4,grad_norm,12.16579811580376,17.598066160098387,1.4465196604929633,False,436,0.01607550005428493,0.029576400062069297,0.00020819995552301407,0.089263695637689,0.08193148971229303,0.013168123027887264,0.9247107702912298,251.0,,,,,,,,,
adam_switch_lr0.003_s2,adam,switch,0.003,2,2431,512,4,grad_norm,13.27174424254667,18.042324526949322,1.3594539042659581,False,436,0.016767999855801463,0.03031429974362254,0.00022619985975325108,0.09619385888731945,0.09074781070765295,-0.024259111700374262,0.9201992083147938,252.0,,,,,,,,,
adam_switch_lr0.003_s2,adam,switch,0.003,2,2559,512,4,grad_norm,11.536959865791331,13.967852403506441,1.2107047754342146,False,436,0.016810699831694365,0.030946399783715606,0.00022109993733465672,0.10161612701205407,0.09469338456552544,0.001154947261633859,0.9198840868726831,244.0,,,,,,,,,
adam_switch_lr0.003_s2,adam,switch,0.003,2,2687,512,4,grad_norm,11.886269749613454,16.42327760028702,1.3817015721707906,False,436,0.01636839983984828,0.030324299819767475,0.0002101999707520008,0.10184230298650519,0.09802141405730337,-0.019249875076050454,0.919306016274954,239.0,,,,,,,,,
adam_switch_lr0.003_s2,adam,switch,0.003,2,2815,512,4,grad_norm,11.576401646780242,15.628493954927787,1.350030383515119,False,436,0.01630060002207756,0.0302775998134166,0.0002109999768435955,0.10356676701781027,0.10105252965620534,-0.03015764338557763,0.9258419290584227,245.0,,,,,,,,,
adam_switch_lr0.003_s2,adam,switch,0.003,2,2943,512,4,grad_norm,11.517313128132495,15.482610025554466,1.3442901007645813,False,436,0.016701099928468466,0.030403499957174063,0.00021469988860189915,0.10242180464402402,0.10077619943885169,-0.00931995251420653,0.9219431222826561,252.0,,,,,,,,,
adam_switch_lr0.003_s2,adam,switch,0.003,2,3071,512,4,grad_norm,12.176181665048171,16.758697393859553,1.3763508014967887,False,436,0.016820200020447373,0.030325799947604537,0.00021139997988939285,0.10023351712553036,0.09812038697472501,0.005103273599902937,0.9176227679368827,254.0,,,,,,,,,
