step,probe_nll,train_nll,train_KL,beta,train_seconds,probe_seconds
0,7.672547340393066,7.635760307312012,0.4434325695037842,0.01,0.0483529998455196,0.007060500094667
1,7.655246734619141,7.627631187438965,0.4747813045978546,0.01,0.027094000019133,0.0055494999978691
2,7.638424873352051,7.615779399871826,0.5032089948654175,0.01,0.0243571000173687,0.0046965000219643
3,7.621694087982178,7.616073131561279,0.5469998717308044,0.01,0.0251718999352306,0.0048920998815447
4,7.604178905487059,7.543026924133301,0.6400614380836487,0.01,0.0239881998859345,0.0045524002052843
5,7.5861382484436035,7.561276435852051,0.7409096360206604,0.01,0.0245940000750124,0.0044984999112784
6,7.567082405090332,7.5417046546936035,0.8923678398132324,0.01,0.0243362998589873,0.0048500001430511
7,7.546571731567383,7.533758640289307,1.021830439567566,0.01,0.0246666998136788,0.0046949000097811
8,7.524394512176514,7.474489688873291,1.1572409868240356,0.01,0.0252425998914986,0.0046256999485194
9,7.500250816345215,7.465308666229248,1.4121942520141602,0.01,0.0260277001652866,0.0046473001129925
10,7.474054336547852,7.4189300537109375,1.604727268218994,0.01,0.0308772998396307,0.0051390998996794
11,7.445476055145264,7.431690692901611,1.9494484663009644,0.01,0.02573600015603,0.0050121000967919
12,7.414139747619629,7.396681785583496,2.165807247161865,0.01,0.0255233000498265,0.0046490000095218
13,7.379632472991943,7.337525844573975,2.529609680175781,0.01,0.0250336998142302,0.0047064998652786
14,7.341610431671143,7.216445922851562,3.245370864868164,0.01,0.0243666998576372,0.0050173001363873
15,7.300021648406982,7.202944755554199,3.8203508853912354,0.01,0.0244783000089228,0.0045562998857349
16,7.254534721374512,7.2797112464904785,3.8746187686920166,0.01,0.0252447000239044,0.0046065000351518
17,7.20463228225708,7.069088935852051,4.755548477172852,0.01,0.0244743998628109,0.0048345001414418
18,7.150461673736572,7.134794235229492,5.3359456062316895,0.01,0.0255688000470399,0.0048069998156279
19,7.092038154602051,6.970798969268799,6.150987148284912,0.01,0.0253929998725652,0.0049110997933894
20,7.0294270515441895,6.971251010894775,6.834106922149658,0.01,0.0243824000936001,0.0046084001660346
21,6.963024616241455,6.909615516662598,8.247791290283203,0.01,0.0249102001544088,0.0046155999880284
22,6.893462181091309,7.0336995124816895,8.472801208496094,0.01,0.0241946999449282,0.0046832000371068
23,6.820672512054443,6.740148544311523,10.357321739196776,0.01,0.024461300112307,0.004482900025323
24,6.746111869812012,6.680799007415772,11.84584903717041,0.01,0.0232816999778151,0.0044259999413043
25,6.670708179473877,6.504190444946289,13.510891914367676,0.01,0.0232633999548852,0.0044231999199837
26,6.595271110534668,6.462388038635254,14.899137496948242,0.01,0.0246634997893124,0.0058295999187976
27,6.520737648010254,6.577744483947754,15.694486618041992,0.01,0.0240038998890668,0.0062899000477045
28,6.446592330932617,6.310643196105957,18.07133102416992,0.01,0.0268721000757068,0.0046542000491172
29,6.374165058135986,6.366685390472412,18.95009994506836,0.01,0.0260624999646097,0.0044066999107599
30,6.304299831390381,6.152932643890381,22.83940696716309,0.01,0.0240418999455869,0.0044586998410522
31,6.237303733825684,6.209584712982178,23.08363914489746,0.01,0.023926599882543,0.0049914999399334
32,6.1728715896606445,6.044174671173096,26.95137405395508,0.01,0.0233454001136124,0.0044704000465571
33,6.112327575683594,5.8856201171875,29.013822555541992,0.01,0.0260163000784814,0.0047724000178277
34,6.055408000946045,5.952462673187256,32.28660202026367,0.01,0.023311800090596,0.0044164001010358
35,6.002166748046875,5.713897705078125,33.93946838378906,0.01,0.023298299871385,0.004630499985069
36,5.952776908874512,5.649762630462647,36.08706283569336,0.01,0.0245215001050382,0.0043742000125348
37,5.907512187957764,5.8483757972717285,36.03181076049805,0.01,0.0303397998213768,0.0045064000878483
38,5.865071296691895,5.648281574249268,40.84049224853516,0.01,0.0294198000337928,0.0057008999865502
39,5.825650215148926,5.587655067443848,42.16306686401367,0.01,0.0242993999272584,0.0046593998558819
40,5.788685321807861,5.612660884857178,43.3170166015625,0.01,0.0321208999957889,0.004622200038284
41,5.754099369049072,5.4408955574035645,46.03301239013672,0.01,0.0246423999778926,0.0063579000998288
42,5.722117900848389,5.603037357330322,47.081485748291016,0.01,0.0245564999058842,0.0046542999334633
43,5.692770481109619,5.512721061706543,49.47466278076172,0.01,0.0242762002162635,0.0046653000172227
44,5.665584564208984,5.617276668548584,48.48527908325195,0.01,0.0237618000246584,0.0048314000014215
45,5.640439033508301,5.462156295776367,49.95594787597656,0.01,0.0269517002161592,0.0045996000990271
46,5.617413520812988,5.706815719604492,51.366966247558594,0.01,0.0240464000962674,0.0046455000992864
47,5.595788955688477,5.544003963470459,51.34792709350586,0.01,0.0409826000686734,0.005307100014761
48,5.576846599578857,5.565807342529297,53.64011001586914,0.01,0.0535027999430894,0.0087986998260021
49,5.559061050415039,5.497461318969727,52.7620735168457,0.01,0.0361448999028652,0.0067743000108748
50,5.5432305335998535,5.666970252990723,51.34187316894531,0.01,0.0270926000084728,0.0064012000802904
51,5.5288615226745605,5.343425273895264,51.36010360717773,0.01,0.0267026999499648,0.0046294000931084
52,5.515032768249512,5.356860637664795,52.36323928833008,0.01,0.0244543000590056,0.0046585998497903
53,5.502932548522949,5.321058750152588,51.85343551635742,0.01,0.023368899943307,0.0048966999165713
54,5.491668701171875,5.302069187164307,51.48756790161133,0.01,0.0236792999785393,0.0043334998190402
55,5.480807304382324,5.49198579788208,50.09751892089844,0.01,0.0238753000739961,0.0050651999190449
56,5.47166919708252,5.232715606689453,49.86821746826172,0.01,0.0230824998579919,0.0044557000510394
57,5.464233875274658,5.375609397888184,49.05270767211914,0.01,0.0231719999574124,0.0044366000220179
58,5.457791328430176,5.397642135620117,47.66022491455078,0.01,0.0230610000435262,0.0044158999808132
59,5.451839923858643,5.222949981689453,46.80770492553711,0.01,0.0246305998880416,0.004511599894613
60,5.447070598602295,5.338384628295898,42.97285079956055,0.01,0.0234155999496579,0.0051563000306487
61,5.443348407745361,4.943025588989258,44.77291488647461,0.01,0.0253332001157104,0.0043921000324189
62,5.440887451171875,5.218631267547607,42.96949768066406,0.01,0.0236746000591665,0.004476899979636
63,5.440776348114014,5.245848655700684,40.47125244140625,0.01,0.0233415998518466,0.0046921998728066
64,5.441283702850342,5.406578063964844,40.580196380615234,0.01,0.0254154000431299,0.0044158999808132
65,5.442200660705566,5.479371547698975,36.73185348510742,0.01,0.0237674999516457,0.0044618998654186
66,5.443097114562988,5.453589916229248,35.94083023071289,0.01,0.0241580000147223,0.0045508998446166
67,5.444783687591553,5.178412914276123,36.872650146484375,0.01,0.0256199999712407,0.0048161000013351
68,5.447203159332275,5.29506778717041,33.81022262573242,0.01,0.0235816999338567,0.0047894001472741
69,5.44973611831665,5.186572551727295,33.329734802246094,0.01,0.0249388001393526,0.0044032998848706
70,5.451815128326416,5.386602878570557,30.818580627441406,0.01,0.0262664998881518,0.0047603999264538
71,5.453623294830322,5.29929256439209,29.57278060913086,0.01,0.0235142998863011,0.0046158998738974
72,5.45553731918335,5.299504280090332,28.833755493164062,0.01,0.0260874000377953,0.0047207998577505
73,5.456726551055908,5.109219551086426,27.131027221679688,0.01,0.0251315000932663,0.0047340998426079
74,5.457677364349365,5.43032169342041,26.312833786010746,0.01,0.0249434998258948,0.0044293000828474
75,5.45746660232544,5.163456439971924,25.23967933654785,0.01,0.0236182999797165,0.0044729001820087
76,5.456686496734619,5.119015693664551,25.468149185180664,0.01,0.0235968001652508,0.0046956001315265
77,5.455862522125244,4.872735023498535,24.60249900817871,0.01,0.0233716999646276,0.0044605999719351
78,5.454655170440674,5.383174419403076,21.83240127563477,0.01,0.0235395000781863,0.004446999868378
79,5.453558921813965,5.462893486022949,21.377613067626957,0.01,0.0234103000257164,0.0053225001320242
80,5.4517364501953125,5.141190052032471,21.75339126586914,0.01,0.0236867999192327,0.004434699891135
81,5.450197696685791,5.254825592041016,21.07638168334961,0.01,0.0233579000923782,0.0044042998924851
82,5.449259281158447,5.37327766418457,20.128070831298828,0.01,0.0235520000569522,0.0046109000686556
83,5.449267387390137,5.478197574615479,18.48053741455078,0.01,0.0235409000888466,0.0045331998262554
84,5.449284553527832,5.196940898895264,17.817922592163086,0.01,0.023695999989286,0.0045941998250782
85,5.449240684509277,4.909018039703369,18.53577995300293,0.01,0.0239581000059843,0.0045989998616278
86,5.448887825012207,5.431819915771484,16.677928924560547,0.01,0.0232528999913483,0.0045901001431047
87,5.448519706726074,5.215908527374268,17.355804443359375,0.01,0.0233146001119166,0.0044092000462114
88,5.447948932647705,5.303771018981934,15.81173038482666,0.01,0.0238101000431925,0.0043986998498439
89,5.44689416885376,5.359705924987793,15.69051742553711,0.01,0.0231137999799102,0.0047210999764502
90,5.444777011871338,5.038753032684326,15.80976390838623,0.01,0.0230459000449627,0.0043934001587331
91,5.442314624786377,5.328159809112549,13.753454208374023,0.01,0.0231920001097023,0.0044469002168625
92,5.440759181976318,5.314678192138672,14.221266746520996,0.01,0.0229104000609368,0.0044654998928308
93,5.43922758102417,5.131575107574463,13.912792205810549,0.01,0.0228800000622868,0.0044015001039952
94,5.437286853790283,5.407793045043945,12.843421936035156,0.01,0.023342799860984,0.0044016998726874
95,5.436027526855469,5.4018874168396,12.687385559082031,0.01,0.0229474999941885,0.0044702999293804
96,5.434602737426758,5.111206531524658,13.290964126586914,0.01,0.0255915999878197,0.0044609000906348
97,5.432977676391602,5.062780380249023,12.847485542297363,0.01,0.023235100088641,0.0044112000614404
98,5.432151794433594,5.176311492919922,13.469430923461914,0.01,0.0228883998934179,0.0044773998670279
99,5.4309611320495605,5.2222900390625,12.410737037658691,0.01,0.0286184998694807,0.0044675001408904
100,5.429997444152832,5.216980457305908,12.841385841369627,0.01,0.0233798001427203,0.0045094999950379
101,5.428093910217285,5.29587984085083,12.000228881835938,0.01,0.0230541001074016,0.0044074999168515
102,5.426213264465332,4.9441328048706055,13.491293907165527,0.01,0.0235977999400347,0.0055038998834788
103,5.4239606857299805,5.277369499206543,12.822745323181152,0.01,0.0234847001265734,0.0045702999923378
104,5.420675754547119,5.198036670684815,13.120198249816896,0.01,0.0242563998326659,0.0043953999411314
105,5.417613983154297,5.126805305480957,12.941158294677734,0.01,0.0232871000189334,0.0045529999770224
106,5.413589000701904,5.097385406494141,13.35102653503418,0.01,0.0237873999867588,0.0044956000056117
107,5.409817695617676,5.180140495300293,13.707575798034668,0.01,0.0235632001422345,0.0044430999550968
108,5.406220436096191,5.418972015380859,13.142364501953123,0.01,0.0239782000426203,0.0053566000424325
109,5.402372360229492,5.231389999389648,11.816987037658691,0.01,0.0231723000761121,0.0050518999341875
110,5.398412227630615,5.159120559692383,12.61780834197998,0.01,0.0242142002098262,0.0043804000597447
111,5.394795894622803,5.349176406860352,12.104670524597168,0.01,0.023784999968484,0.0044857999309897
112,5.3914008140563965,5.145608901977539,12.51725959777832,0.01,0.0235504999291151,0.0046868999488651
113,5.388058662414551,5.418650627136231,12.758445739746094,0.01,0.0236448999494314,0.0046916999854147
114,5.385209083557129,4.96837854385376,12.873102188110352,0.01,0.0238103000447154,0.0046029000077396
115,5.3829450607299805,5.4004225730896,11.327914237976074,0.01,0.0240400000475347,0.0046592999715358
116,5.380666732788086,5.217576503753662,12.281207084655762,0.01,0.0236631999723613,0.0047516000922769
117,5.378141403198242,5.387728214263916,11.71433925628662,0.01,0.0242176000028848,0.0045853999909013
118,5.374893665313721,5.163870811462402,11.72885036468506,0.01,0.02380339987576,0.0046916999854147
119,5.371886730194092,5.35392427444458,12.631229400634766,0.01,0.0239955000579357,0.0046735000796616
120,5.369168758392334,5.029078960418701,12.402467727661133,0.01,0.0240772999823093,0.0048080999404191
121,5.366888523101807,5.390950202941895,11.624406814575195,0.01,0.024718000087887,0.0046459001023322
122,5.364171981811523,5.222536563873291,12.533915519714355,0.01,0.0236714000348001,0.0046198000200092
123,5.361253261566162,5.290029048919678,12.71346950531006,0.01,0.0229309999849647,0.0044317001011222
124,5.358619689941406,5.241370677947998,11.599276542663574,0.01,0.0231371000409126,0.0043916997965425
125,5.356056213378906,5.222127437591553,13.611181259155272,0.01,0.02326579997316,0.0043852000962942
126,5.35384464263916,5.298572540283203,12.692209243774414,0.01,0.0232447001617401,0.0046532999258488
127,5.351423740386963,5.232429027557373,13.018781661987305,0.01,0.0234640999697148,0.0045195000711828
128,5.348799705505371,5.40878438949585,12.042325019836426,0.01,0.0271366001106798,0.0060363998636603
129,5.346028804779053,5.205347537994385,12.131412506103516,0.01,0.0235666001681238,0.0044209000188857
130,5.343115329742432,5.3196635246276855,12.085387229919434,0.01,0.0236798000987619,0.0044395001605153
131,5.340550422668457,5.097615718841553,12.04932689666748,0.01,0.0234661998692899,0.0046435999684035
132,5.337827682495117,5.315174102783203,11.038003921508787,0.01,0.0236015999689698,0.0045461999252438
133,5.335103511810303,5.352367401123047,11.865825653076172,0.01,0.0235617000143975,0.0044197998940944
134,5.3322930335998535,5.190563678741455,12.129941940307615,0.01,0.0234509001020342,0.0045861999969929
135,5.329013824462891,4.986865043640137,12.65481185913086,0.01,0.0235147001221776,0.004606399917975
136,5.325484752655029,5.137762546539307,12.87367343902588,0.01,0.0240626998711377,0.0045024000573903
137,5.322150230407715,5.076669692993164,13.112611770629885,0.01,0.0236929000820964,0.0046192000154405
138,5.320145130157471,5.207434177398682,11.902220726013184,0.01,0.0233185000251978,0.004565600072965
139,5.318497180938721,5.3247809410095215,13.219893455505373,0.01,0.0234728998038917,0.0044839000329375
140,5.317341327667236,5.162317752838135,13.547114372253418,0.01,0.0236669001169502,0.0044644998852163
141,5.316272258758545,5.305471897125244,12.834576606750488,0.01,0.0231449999846518,0.0044444999657571
142,5.31519889831543,5.151257038116455,12.786093711853027,0.01,0.023383499821648,0.0043866001069545
143,5.314122676849365,4.892385482788086,14.17415714263916,0.01,0.0234911998268216,0.0046797001268714
144,5.313704967498779,5.106415748596191,13.376877784729004,0.01,0.0236659999936819,0.0045769000425934
145,5.313467979431152,5.261258125305176,13.2709321975708,0.01,0.0233468001242727,0.004440400050953
146,5.312463283538818,5.144097805023193,13.684771537780762,0.01,0.0244103001896291,0.0043923000339418
147,5.311487674713135,4.965526580810547,14.288372039794922,0.01,0.024690099991858,0.004505299963057
148,5.310231685638428,5.059461116790772,12.847877502441406,0.01,0.0230604000389575,0.0045496998354792
149,5.308836460113525,5.120750427246094,14.110219955444336,0.01,0.023512199986726,0.0043458000291138
150,5.308197498321533,5.152923583984375,13.796638488769531,0.01,0.0242256000638008,0.0046566000673919
151,5.307068824768066,5.142819404602051,13.672986030578612,0.01,0.0235921000130474,0.0047695999965071
152,5.305420875549316,5.2556891441345215,11.943310737609863,0.01,0.0229415998328477,0.0044450999703258
153,5.303038597106934,5.174888610839844,12.659046173095703,0.01,0.0232269999105483,0.0044215000234544
154,5.300407409667969,5.079102993011475,13.74670696258545,0.01,0.0227960001211613,0.004509299993515
155,5.297421455383301,5.193559169769287,12.84117317199707,0.01,0.0231039999052882,0.0043985000811517
156,5.294439792633057,5.198417663574219,12.834641456604004,0.01,0.0234813001006841,0.0043845998588949
157,5.2915449142456055,4.763169288635254,13.380491256713867,0.01,0.0248321001417934,0.0049304999411106
158,5.289154052734375,5.196314334869385,12.568822860717772,0.01,0.0246781001333147,0.0045044999569654
159,5.287605285644531,4.8205180168151855,13.078091621398926,0.01,0.0324001000262796,0.0047417997848242
160,5.28645658493042,5.204385280609131,12.829866409301758,0.01,0.0360809001140296,0.0061699000652879
161,5.2849836349487305,5.100991725921631,13.000872611999512,0.01,0.0415054000914096,0.006454600021243
162,5.282552719116211,5.31652307510376,11.831753730773926,0.01,0.0385447000153362,0.0073865999002009
163,5.280668258666992,5.062160491943359,13.387880325317385,0.01,0.0382490998599678,0.0072979000397026
164,5.278380870819092,4.764676570892334,12.821826934814451,0.01,0.0362720000557601,0.0068955000024288
165,5.276385307312012,4.961376190185547,12.658287048339844,0.01,0.0366581000853329,0.0074833000544458
166,5.27517032623291,5.1208577156066895,13.39026165008545,0.01,0.0385102001018822,0.0067431000061333
167,5.274797439575195,4.997721195220947,14.296771049499512,0.01,0.0361490999348461,0.0068987000267952
168,5.274054527282715,4.96217155456543,14.89154052734375,0.01,0.0363867999985814,0.0068698001559823
169,5.272062301635742,5.189584732055664,13.778275489807127,0.01,0.0362348000053316,0.0064274000469595
170,5.2689642906188965,5.008523464202881,14.139445304870604,0.01,0.035274599911645,0.0062350998632609
171,5.266403675079346,4.9608683586120605,13.320008277893066,0.01,0.0390653999056667,0.0071437999140471
172,5.265082359313965,5.234309673309326,12.83926486968994,0.01,0.041369899874553,0.0064046999905258
173,5.264215469360352,5.094496726989746,12.524688720703123,0.01,0.0378093000035733,0.0081766999792307
174,5.262400150299072,5.422047138214111,12.544872283935549,0.01,0.0375488998834043,0.0079778998624533
175,5.260069847106934,5.336557865142822,12.420188903808594,0.01,0.0379371000453829,0.0073555000126361
176,5.257387638092041,5.158981800079346,13.241637229919434,0.01,0.0376355000771582,0.0068731000646948
177,5.254815101623535,5.142430305480957,13.039945602416992,0.01,0.0363873001188039,0.0070300998631864
178,5.252636909484863,5.000028133392334,13.589296340942385,0.01,0.0397701000329107,0.0068933998700231
179,5.250981330871582,4.891978740692139,14.718401908874512,0.01,0.0388092999346554,0.0073303000535815
180,5.249817848205566,5.122673988342285,14.625228881835938,0.01,0.0367390001192688,0.0067710001021623
181,5.249232769012451,5.201135158538818,14.14696979522705,0.01,0.0373516001272946,0.0076151001267135
182,5.248966693878174,5.127110004425049,14.712315559387209,0.01,0.0385565999895334,0.0077561999205499
183,5.248354911804199,5.037078857421875,14.122991561889648,0.01,0.0377756999805569,0.0074579999782145
184,5.247889518737793,5.059782028198242,13.411724090576172,0.01,0.0377034000121057,0.0068818000145256
185,5.247174263000488,5.149737358093262,14.317545890808104,0.01,0.038203400094062,0.0074970000423491
186,5.246133804321289,5.304486274719238,14.474637985229492,0.01,0.038195899920538,0.0069281000178307
187,5.244235515594482,5.042322635650635,13.744739532470703,0.01,0.0381249000784009,0.0067769000306725
188,5.244911670684815,5.075409889221191,14.11209487915039,0.01,0.0384371001273393,0.0069242999888956
189,5.244507312774658,5.007095336914063,14.307435989379885,0.01,0.0383287998847663,0.0071097000036388
190,5.244228363037109,5.067680835723877,13.972412109375,0.01,0.0377418000716716,0.0073739001527428
191,5.242307186126709,4.982454776763916,14.111579895019531,0.01,0.0454035999719053,0.0066923000849783
192,5.240921497344971,5.173195838928223,12.92255401611328,0.01,0.0465867000166326,0.0071892000269144
193,5.239845275878906,4.993152141571045,13.52917766571045,0.01,0.037372900173068,0.006984099978581
194,5.2384443283081055,4.814584255218506,15.329174041748049,0.01,0.0456429999321699,0.0101250000298023
195,5.23782205581665,5.187521934509277,13.830648422241213,0.01,0.0393620999529957,0.0075980001129209
196,5.237684726715088,5.090678691864014,14.337091445922852,0.01,0.0384853000286966,0.0068091000430285
197,5.236972808837891,4.928561687469482,14.825693130493164,0.01,0.0362209999002516,0.0067163000348955
198,5.236168384552002,4.83939790725708,15.02467918395996,0.01,0.0454549000132828,0.0070547999348491
199,5.235296726226807,4.956602573394775,13.6880521774292,0.01,0.0386558999307453,0.0115592000074684
200,5.234277725219727,5.038500785827637,14.07610321044922,0.01,0.038231800077483,0.0069132999051362
201,5.233307838439941,5.258205890655518,12.729890823364258,0.01,0.0399473998695611,0.0076173001434654
202,5.231237888336182,5.142518520355225,12.333602905273438,0.01,0.0400167000479996,0.0073924998287111
203,5.228640079498291,4.875998497009277,13.958791732788086,0.01,0.0421610998455435,0.007046999875456
204,5.225602626800537,5.198927879333496,13.87779140472412,0.01,0.0408872000407427,0.0071556998882442
205,5.223567485809326,5.204448223114014,13.061182022094728,0.01,0.0389072999823838,0.0075602999422699
206,5.221826553344727,4.988159656524658,14.43993854522705,0.01,0.0395838001277297,0.0071373998653143
207,5.220461845397949,5.114226818084717,13.082244873046877,0.01,0.0382622999604791,0.0071964999660849
208,5.218799114227295,5.062705993652344,12.822306632995604,0.01,0.0385680999606847,0.0082096999976783
209,5.217278480529785,5.165744781494141,12.49014663696289,0.01,0.0383272001054137,0.0075441999360919
210,5.216187953948975,4.791683673858643,14.67690086364746,0.01,0.0390449999831616,0.0069979999680072
211,5.215161323547363,4.960666179656982,14.394944190979004,0.01,0.0381515000481158,0.00731120002456
212,5.212969303131104,4.914698123931885,13.736101150512695,0.01,0.0388438999652862,0.0074462001211941
213,5.210604667663574,4.880240440368652,14.874069213867188,0.01,0.0397949998732656,0.0071219999808818
214,5.208386898040772,5.259309768676758,13.483194351196287,0.01,0.0382139000575989,0.0069633000530302
215,5.206080913543701,5.058593273162842,12.552021026611328,0.01,0.0391031999606639,0.0070479998830705
216,5.204505920410156,5.2581963539123535,12.61296558380127,0.01,0.0391494999639689,0.0071155000478029
217,5.2034101486206055,5.014811992645264,13.300979614257812,0.01,0.0402208999730646,0.0069796999450773
218,5.20067310333252,5.04728889465332,13.503338813781738,0.01,0.0421114999335259,0.0069865998812019
219,5.195940971374512,5.170803070068359,14.117758750915527,0.01,0.0395704000256955,0.0069969000760465
220,5.191375732421875,4.955197811126709,14.646099090576172,0.01,0.0386987999081611,0.0073875999078154
221,5.188497066497803,5.031675338745117,15.136969566345217,0.01,0.0415474998299032,0.0073665999807417
222,5.186434745788574,4.98956823348999,14.58066749572754,0.01,0.0425597999710589,0.0078069998417049
223,5.185257911682129,4.931198120117188,14.85679817199707,0.01,0.0413415001239627,0.0081018998753279
224,5.184895992279053,4.980624675750732,13.83969497680664,0.01,0.0421270001679658,0.0079941998701542
225,5.185508728027344,4.796966552734375,15.143022537231444,0.01,0.0400068999733775,0.0078342999331653
226,5.185555934906006,4.957651615142822,14.219709396362305,0.01,0.0410974000114947,0.007333300076425
227,5.185084819793701,5.160724639892578,12.350746154785156,0.01,0.038567200070247,0.0072409000713378
228,5.182131767272949,4.816193103790283,15.434943199157717,0.01,0.0402379999868571,0.0068262000568211
229,5.177951335906982,4.753848552703857,14.28350830078125,0.01,0.0390310999937355,0.0068198998924344
230,5.175761699676514,4.85181188583374,14.695520401000977,0.01,0.0383548000827431,0.0068379000294953
231,5.174770355224609,4.944905757904053,13.810952186584473,0.01,0.0374438997823745,0.0072276000864803
232,5.173999309539795,5.155269145965576,14.356904029846191,0.01,0.0390739999711513,0.0075020999647676
233,5.173362255096436,4.863612651824951,14.533154487609863,0.01,0.0385785000398755,0.0065289000049233
234,5.171718120574951,4.920785427093506,14.958386421203612,0.01,0.0373223000206053,0.007094900123775
235,5.169753074645996,4.603200435638428,15.465200424194336,0.01,0.0410294998437166,0.006765600061044
236,5.166362285614014,4.868370532989502,14.673903465270996,0.01,0.0390477001201361,0.0068789001088589
237,5.164177417755127,5.165851593017578,12.37264633178711,0.01,0.0409331999253481,0.0074986000545322
238,5.162856578826904,5.1848320960998535,12.712339401245115,0.01,0.0391538001131266,0.0074571999721229
239,5.164113998413086,4.897091865539551,12.848847389221191,0.01,0.0383141001220792,0.0077100000344216
240,5.166096210479736,5.028975009918213,13.324959754943848,0.01,0.0388849000446498,0.0073126999195665
241,5.1649699211120605,4.900091171264648,13.647686958312988,0.01,0.0397459000814706,0.0075137000530958
242,5.161950588226318,4.929927825927734,12.223617553710938,0.01,0.0392874001991003,0.0076540000736713
243,5.158320903778076,5.147028923034668,12.43868923187256,0.01,0.0404070999938994,0.0071073002181947
244,5.156471252441406,5.03782844543457,13.345154762268066,0.01,0.0400400999933481,0.007174199912697
245,5.154531002044678,5.042316913604736,13.128175735473633,0.01,0.038559400010854,0.0076961000449955
246,5.154252529144287,4.93098258972168,13.542805671691896,0.01,0.0391080998815596,0.0081690000370144
247,5.153735160827637,5.044539451599121,13.226985931396484,0.01,0.0369673001114279,0.0075097000226378
248,5.151439189910889,4.908749103546143,13.01966667175293,0.01,0.0347500001080334,0.0063289999961853
249,5.148572444915772,4.873711109161377,14.38345718383789,0.01,0.0345712001435458,0.0073498000856488
250,5.146636009216309,4.984034538269043,14.595539093017578,0.01,0.0349900999572128,0.0065965999383479
251,5.145511627197266,4.919919490814209,14.192758560180664,0.01,0.0356592000462114,0.0065250000916421
252,5.144876956939697,4.877650737762451,14.786791801452637,0.01,0.0340521000325679,0.0072057000361382
253,5.144197463989258,5.083398818969727,14.574057579040527,0.01,0.0349852000363171,0.0067021998111158
254,5.143482208251953,4.722456932067871,14.589313507080078,0.01,0.0344416999723762,0.006399700185284
255,5.143747329711914,4.876192569732666,14.183392524719238,0.01,0.0382882000412792,0.0078030000440776
256,5.14453125,4.974972724914551,16.03032875061035,0.01,0.0378362000919878,0.0083047000225633
257,5.143194198608398,5.035976886749268,14.509489059448242,0.01,0.0347685001324862,0.0070521999150514
258,5.1432271003723145,5.041824817657471,14.579161643981934,0.01,0.0368023999035358,0.0069844999816268
259,5.143989086151123,4.991421222686768,15.456180572509766,0.01,0.0364063000306487,0.0069292001426219
260,5.144587993621826,4.96852445602417,14.10525608062744,0.01,0.036482400028035,0.0074660000391304
261,5.144517421722412,5.042453765869141,14.207810401916504,0.01,0.0374682999681681,0.0068580000661313
262,5.146264553070068,4.701850891113281,16.079561233520508,0.01,0.0389223999809473,0.0067463000304996
263,5.144493103027344,4.705779552459717,14.594362258911133,0.01,0.0373394999187439,0.0066921999678015
264,5.14208459854126,4.89093017578125,15.364790916442873,0.01,0.0357772000133991,0.007235299795866
265,5.139982223510742,4.882463455200195,14.181245803833008,0.01,0.0375707000494003,0.0064683000091463
266,5.1386895179748535,4.731424331665039,16.935518264770508,0.01,0.0351456000935286,0.0067465999163687
267,5.139229774475098,4.871987819671631,16.388309478759766,0.01,0.0366995001677423,0.0066829998977482
268,5.138561725616455,4.808202743530273,14.736618041992188,0.01,0.0361126000061631,0.0067521000746637
269,5.137248516082764,5.090651035308838,13.877337455749512,0.01,0.0366941001266241,0.0065458000171929
270,5.13898229598999,5.015064716339111,13.708833694458008,0.01,0.0395858001429587,0.0069978998508304
271,5.140435695648193,4.873250961303711,15.956186294555664,0.01,0.0367703998927027,0.0072520999237895
272,5.13856840133667,4.929919242858887,15.66132354736328,0.01,0.0376007000450044,0.0068930999841541
273,5.136582374572754,4.726056098937988,14.804239273071287,0.01,0.0384613000787794,0.0072017000056803
274,5.135343551635742,4.863638401031494,15.383048057556152,0.01,0.0372776000294834,0.0068330001085996
275,5.134608745574951,4.96442985534668,15.265043258666992,0.01,0.0380607999395579,0.0071161999367177
276,5.1334381103515625,4.704280853271484,15.715222358703612,0.01,0.0368977000471204,0.0070427001919597
277,5.132107257843018,5.042182445526123,15.59914207458496,0.01,0.0405016001313924,0.0070458999834954
278,5.131897926330566,4.8950958251953125,14.421809196472168,0.01,0.0372362998314201,0.0069319999311119
279,5.132082939147949,4.857069492340088,14.327404975891112,0.01,0.0396838998422026,0.0069545998703688
280,5.131565093994141,4.87759256362915,14.185972213745115,0.01,0.0405866000801324,0.0074304000008851
281,5.1300129890441895,4.812069416046143,13.80356216430664,0.01,0.0373961001168936,0.0068230999168008
282,5.126918792724609,4.782241821289063,15.240063667297363,0.01,0.0367118001449853,0.0074662000406533
283,5.126857757568359,4.908001899719238,15.37248992919922,0.01,0.0386183001101017,0.0069589000195264
284,5.12730073928833,4.432234764099121,18.526939392089844,0.01,0.0378572999034076,0.0071928999386727
285,5.128246784210205,4.9894633293151855,16.12589454650879,0.01,0.036864599911496,0.006911699892953
286,5.124651908874512,4.944271564483643,15.706677436828612,0.01,0.0404267001431435,0.0071776001714169
287,5.122329711914063,4.973836421966553,13.700798988342283,0.01,0.0398294001352041,0.0077073001302778
288,5.12181568145752,4.906546592712402,16.128646850585938,0.01,0.038902600063011,0.0075868999119848
289,5.123652935028076,4.982711791992188,15.123238563537598,0.01,0.041122900089249,0.0074775000102818
290,5.120404243469238,4.904273509979248,15.113250732421877,0.01,0.0378999998793005,0.0071888999082148
291,5.112960338592529,4.822926998138428,15.175764083862305,0.01,0.0398758999072015,0.0073531998787075
292,5.109634399414063,4.98241138458252,15.259127616882324,0.01,0.0389328999444842,0.0071797999553382
293,5.111212253570557,5.04774284362793,15.70059871673584,0.01,0.0399402999319136,0.0082419000100344
294,5.110581398010254,4.801452159881592,17.18358612060547,0.01,0.0398369000758975,0.0073760999366641
295,5.105625152587891,4.920130729675293,15.714777946472168,0.01,0.0393936000764369,0.0071187999565154
296,5.103862285614014,4.740726947784424,16.933027267456055,0.01,0.0379318001214414,0.0069958001840859
297,5.105734825134277,5.025867462158203,15.570950508117676,0.01,0.0399242001585662,0.0071119000203907
298,5.107057094573975,4.900432586669922,14.75238800048828,0.01,0.0403715001884847,0.0073736999183893
299,5.105339050292969,4.9405517578125,14.986677169799805,0.01,0.0423997000325471,0.0073273999150842
300,5.105310916900635,4.704135417938232,17.108938217163086,0.01,0.0417404999025166,0.0075635998509824
301,5.109367370605469,4.874560356140137,16.12786865234375,0.01,0.0408874000422656,0.0117553998716175
302,5.1124348640441895,5.219838619232178,15.447883605957031,0.01,0.0521425998304039,0.0122947001364082
303,5.111050605773926,4.847797393798828,16.96149253845215,0.01,0.0421770999673754,0.0071350000798702
304,5.109389781951904,4.88655948638916,15.882611274719238,0.01,0.0363926999270916,0.010026799980551
305,5.109387874603272,4.849018573760986,16.507740020751953,0.01,0.0365117001347243,0.0060594000387936
306,5.110808372497559,4.922893047332764,16.50782012939453,0.01,0.0389444001484662,0.0068936001043766
307,5.110398292541504,4.998671531677246,14.574708938598633,0.01,0.0367203000932931,0.0103994000237435
308,5.107314109802246,5.095560073852539,13.850359916687012,0.01,0.0408954001031816,0.0067733000032603
309,5.1036295890808105,4.812402725219727,16.454771041870117,0.01,0.0369458000641316,0.006832499988377
310,5.104021072387695,4.958672046661377,16.089889526367188,0.01,0.0466664999257773,0.007436400046572
311,5.105107307434082,4.740706443786621,18.27513885498047,0.01,0.0379346997942775,0.0066013000905513
312,5.103508949279785,4.979761600494385,17.039249420166016,0.01,0.0409025999251753,0.0075908000580966
313,5.100950717926025,4.864950180053711,18.08095932006836,0.01,0.0405269998591393,0.0075820998754352
314,5.099473476409912,4.9523539543151855,16.52961540222168,0.01,0.041193600045517,0.0076216999441385
315,5.1022772789001465,4.855370044708252,17.280330657958984,0.01,0.0397606000769883,0.0078588998876512
316,5.104275703430176,4.667483329772949,18.269535064697266,0.01,0.0391659000888466,0.0066649999935179
317,5.102357387542725,5.103484630584717,15.061930656433104,0.01,0.0368168998975306,0.0067368999589234
318,5.098564147949219,5.065779685974121,15.554279327392578,0.01,0.0375166998710483,0.0073359000962227
319,5.097767353057861,4.675902366638184,17.64848518371582,0.01,0.0382194998674094,0.0084665000904351
320,5.097565650939941,4.699606418609619,18.771577835083008,0.01,0.0364855998195707,0.0065858999732881
321,5.097018241882324,4.808984756469727,18.42176818847656,0.01,0.0405683999415487,0.0070706000551581
322,5.096043586730957,5.03211784362793,16.517723083496094,0.01,0.0359418001025915,0.0069280001334846
323,5.095811367034912,4.822824954986572,17.293394088745117,0.01,0.0376252001151442,0.0067406999878585
324,5.095003604888916,4.885105609893799,16.405303955078125,0.01,0.0390551998279988,0.0064474998507648
325,5.094540119171143,4.852204322814941,16.390600204467773,0.01,0.0362292001955211,0.0072241001762449
326,5.094213485717773,4.770601272583008,16.767709732055664,0.01,0.0388980999123305,0.0076520000584423
327,5.093528747558594,4.8249993324279785,19.443458557128903,0.01,0.0396159999072551,0.0068489999976009
328,5.093013763427734,4.924131870269775,16.48328399658203,0.01,0.0426022999454289,0.0070384999271482
329,5.092178821563721,4.902350425720215,16.97112274169922,0.01,0.0376248999964445,0.0068417999427765
330,5.090766906738281,4.741983890533447,18.94906044006348,0.01,0.0392905999906361,0.0073561000172048
331,5.0889573097229,4.853271484375,17.2895565032959,0.01,0.039278200129047,0.0067289001308381
332,5.0875163078308105,4.735198020935059,17.65744972229004,0.01,0.0394427999854087,0.007194599835202
333,5.086489200592041,4.686471939086914,17.50827980041504,0.01,0.0392354999203234,0.0069124998990446
334,5.085808277130127,4.567487716674805,19.174076080322266,0.01,0.0398725001141428,0.0070889999624341
335,5.085179328918457,4.8475494384765625,16.853261947631836,0.01,0.0392811999190598,0.0075246000196784
336,5.084331512451172,4.972740173339844,17.424205780029297,0.01,0.042898700106889,0.0079773000907152
337,5.082744121551514,5.019704341888428,16.815975189208984,0.01,0.0409527998417615,0.0076532999519258
338,5.080222129821777,4.731697082519531,17.634227752685547,0.01,0.0426030000671744,0.0072419999632984
339,5.07866096496582,4.8043365478515625,18.806665420532227,0.01,0.0411620000377297,0.0076486999168992
340,5.077230453491211,5.081340312957764,17.368938446044922,0.01,0.0408081000205129,0.0070334000047296
341,5.075708389282227,4.966733455657959,17.759075164794922,0.01,0.0356061998754739,0.0066875999327749
342,5.075078010559082,4.81685733795166,17.74588394165039,0.01,0.0375014001037925,0.0067646999377757
343,5.074806213378906,4.7494001388549805,17.903839111328125,0.01,0.0389785000588744,0.0069307000376284
344,5.075778961181641,4.740029335021973,17.850910186767578,0.01,0.0397718001622706,0.0068891998380422
345,5.078052997589111,4.829788684844971,18.394359588623047,0.01,0.03972650016658,0.0065402998588979
346,5.077919006347656,4.847256660461426,16.902427673339844,0.01,0.0360207001212984,0.006670500151813
347,5.0769548416137695,4.8660807609558105,17.070865631103516,0.01,0.0368021000176668,0.0071105000097304
348,5.077151298522949,4.818183898925781,17.785011291503906,0.01,0.035401799948886,0.0065018001478165
349,5.078867435455322,4.674500942230225,18.843063354492188,0.01,0.0375836999155581,0.0066684999037534
350,5.083827972412109,4.824066162109375,18.52373504638672,0.01,0.0365985999815166,0.006826699944213
351,5.0837836265563965,4.976415157318115,16.317554473876953,0.01,0.0364788000006228,0.0064876000396907
352,5.077550411224365,4.723515033721924,17.033170700073242,0.01,0.0425169998779892,0.0065174000337719
353,5.075302600860596,4.867849349975586,19.80131721496582,0.01,0.0417563999071717,0.0080788000486791
354,5.078845977783203,4.833511352539063,19.00075340270996,0.01,0.0423517001327127,0.0075221001170575
355,5.077167510986328,4.783083438873291,19.793529510498047,0.01,0.0400873001199215,0.0073001000564545
356,5.069947242736816,4.913686275482178,19.54860496520996,0.01,0.0379870000761002,0.0069463001564145
357,5.069706916809082,4.7240824699401855,18.371562957763672,0.01,0.0398689999710768,0.0070217999164015
358,5.080341815948486,4.930811882019043,17.13750457763672,0.01,0.0400291001424193,0.0074785000178962
359,5.081859111785889,4.918468475341797,17.509136199951172,0.01,0.0395158999599516,0.0081845000386238
360,5.071587562561035,4.626712322235107,18.261398315429688,0.01,0.0427415000740438,0.0074650000315159
361,5.061864852905273,4.626420497894287,19.72334289550781,0.01,0.04382020002231,0.00786709995009
362,5.066566467285156,4.428709030151367,21.255062103271484,0.01,0.0431120998691767,0.0079844999127089
363,5.073581695556641,4.902256011962891,19.440204620361328,0.01,0.0431580999866128,0.0084810000844299
364,5.06996488571167,4.629544734954834,21.07937812805176,0.01,0.044814100023359,0.00824850006029
365,5.061110973358154,4.82485294342041,19.26801109313965,0.01,0.0437000999227166,0.0079429000616073
366,5.059938430786133,4.7396440505981445,19.75857162475586,0.01,0.0442720002029091,0.0077120000496506
367,5.069986343383789,4.821626663208008,18.490869522094727,0.01,0.0439724000170826,0.0077243999112397
368,5.0781354904174805,4.718991279602051,17.050312042236328,0.01,0.0435085999779403,0.0078183999285101
369,5.076388359069824,4.795336246490479,18.28531265258789,0.01,0.0469247000291943,0.0077053001150488
370,5.06564998626709,4.8606390953063965,18.413713455200195,0.01,0.044276800006628,0.008282600203529
371,5.055729389190674,4.549435615539551,20.303211212158203,0.01,0.0428827998694032,0.0081765998620539
372,5.056446552276611,4.681150913238525,20.427719116210938,0.01,0.040949999820441,0.0080218000803142
373,5.057942390441895,4.798055648803711,19.90351867675781,0.01,0.0396697998512536,0.0076637000311166
374,5.055035591125488,4.852412223815918,19.74126243591309,0.01,0.0624435001518577,0.0073061999864876
375,5.053001880645752,4.723187446594238,20.36602020263672,0.01,0.0366672999225556,0.0069365000817924
376,5.057518482208252,4.661134719848633,19.30891990661621,0.01,0.0348992000799626,0.0068686997983604
377,5.065121650695801,4.56342077255249,19.705781936645508,0.01,0.0358275999315083,0.0077739998232573
378,5.064582347869873,4.662547588348389,20.258119583129883,0.01,0.0366062000393867,0.006677099969238
379,5.056818962097168,4.559275627136231,19.75341415405273,0.01,0.0408754001837223,0.0065457001328468
380,5.047334671020508,4.618754386901856,17.856185913085938,0.01,0.041749499971047,0.008271099999547
381,5.045950889587402,4.969697952270508,19.437973022460938,0.01,0.0375514000188559,0.0071141999214887
382,5.046309947967529,4.952658653259277,19.27603530883789,0.01,0.0374022999312728,0.0069804000668227
383,5.043161392211914,4.764317989349365,20.22830581665039,0.01,0.0376198999583721,0.0069247998762875
384,5.0412774085998535,4.779263973236084,19.18902015686035,0.01,0.0427699999418109,0.0091526999603956
385,5.044983863830566,4.531301975250244,20.352947235107425,0.01,0.0399861999321728,0.0080496000591665
386,5.05142068862915,4.831169605255127,18.99210929870605,0.01,0.0410541000310331,0.0070746999699622
387,5.050967693328857,4.971917152404785,18.6922607421875,0.01,0.0379726998507976,0.0074729998596012
388,5.043963432312012,4.729525566101074,19.422462463378903,0.01,0.0390985999256372,0.0069902001414448
389,5.037674903869629,4.900215148925781,17.972232818603516,0.01,0.0424496000632643,0.0076899998821318
390,5.035244464874268,4.677023887634277,18.45980262756348,0.01,0.0413833998609334,0.0076257002074271
391,5.034811019897461,4.873110771179199,20.021774291992188,0.01,0.0417341000866144,0.0085500997956842
392,5.034342288970947,4.593404293060303,21.014869689941406,0.01,0.042072599986568,0.0078704999759793
393,5.03461503982544,4.84132194519043,19.83656311035156,0.01,0.042295399820432,0.007600599899888
394,5.037012577056885,4.579111099243164,20.433429718017575,0.01,0.0427127000875771,0.0077951999846845
395,5.036455154418945,4.6384596824646,20.59434509277344,0.01,0.0426304000429809,0.0076806000433862
396,5.032350540161133,4.868653774261475,19.170923233032227,0.01,0.0440465998835861,0.0085226001683622
397,5.026503562927246,4.631445407867432,19.61070251464844,0.01,0.0401158998720347,0.006884700153023
398,5.025153636932373,4.928742408752441,19.22088432312012,0.01,0.0377317999955266,0.0076558999717235
399,5.024098873138428,4.564817905426025,21.120635986328125,0.01,0.040161200100556,0.0070539999287575
400,5.023713111877441,4.751520156860352,19.488487243652344,0.01,0.0351339001208543,0.0065619999077171
401,5.026268482208252,4.625363826751709,18.24531555175781,0.01,0.0368029000237584,0.0063169000204652
402,5.031979084014893,4.706356048583984,17.203643798828125,0.01,0.037048100028187,0.0067408999893814
403,5.035153865814209,4.635486125946045,18.23419952392578,0.01,0.0360206998884677,0.0070752000901848
404,5.033266544342041,4.923831939697266,18.009721755981445,0.01,0.0360733000561594,0.0073280001524835
405,5.031362056732178,4.873532772064209,18.306245803833008,0.01,0.0373400000389665,0.0071793000679463
406,5.029575824737549,4.726284503936768,18.36261940002441,0.01,0.0364501001313328,0.0069520999677479
407,5.028880596160889,4.657441139221191,20.140378952026367,0.01,0.0383437001146376,0.0082312999293208
408,5.026677131652832,4.673670768737793,20.23543930053711,0.01,0.0479776998981833,0.0075141000561416
409,5.02397346496582,4.600861072540283,19.698596954345703,0.01,0.0563954999670386,0.0099732999224215
410,5.022024631500244,4.78278398513794,18.603073120117188,0.01,0.0522756001446396,0.0076941999141126
411,5.020893096923828,4.7174177169799805,21.28426170349121,0.01,0.0382443000562489,0.0139890001155436
412,5.017607688903809,4.8690619468688965,19.29217529296875,0.01,0.0373389001470059,0.0074191999156028
413,5.012441158294678,4.595770359039307,20.9635066986084,0.01,0.0394488999154418,0.007075399858877
414,5.008359432220459,4.674615383148193,21.54889297485352,0.01,0.0393102001398801,0.0063583999872207
415,5.006271362304688,4.636228561401367,20.94407844543457,0.01,0.0357605000026524,0.0062357001006603
416,5.004360675811768,4.609542846679688,19.576610565185547,0.01,0.0381094000767916,0.0070227000396698
417,5.003622531890869,4.720879077911377,19.096267700195312,0.01,0.0346023000311106,0.0064969998784363
418,5.008155345916748,4.578097820281982,20.24071311950684,0.01,0.0370993998367339,0.0068447000812739
419,5.0089921951293945,4.608323097229004,20.62467765808105,0.01,0.0381289001088589,0.0066359001211822
420,5.004887104034424,4.868876934051514,19.21628189086914,0.01,0.0404456001706421,0.0069849998690187
421,5.000434875488281,4.677241802215576,20.69292259216309,0.01,0.0372960001695901,0.0072429000865668
422,4.999253749847412,4.7566447257995605,20.24277687072754,0.01,0.0358354998752474,0.0079946999903768
423,4.998264312744141,4.962135314941406,19.435302734375,0.01,0.0351932998746633,0.0061505998019129
424,4.996147155761719,4.543624401092529,20.317710876464844,0.01,0.0333980000577867,0.0063694000709801
425,4.993863105773926,4.622058391571045,19.3823184967041,0.01,0.0342673999257385,0.0076873998623341
426,4.992793083190918,4.874669551849365,18.066478729248047,0.01,0.035302200121805,0.0066353001166135
427,4.990727424621582,4.552955150604248,19.42757797241211,0.01,0.0335899000056088,0.0061298001091927
428,4.990494251251221,4.635556697845459,20.789682388305664,0.01,0.0355626000091433,0.0063132001087069
429,4.988473892211914,4.627211570739746,20.96368408203125,0.01,0.0354665000922977,0.0065494000446051
430,4.986207485198975,4.719709873199463,19.24075126647949,0.01,0.0354016998317092,0.0068765000905841
431,4.990390777587891,4.7871413230896,18.195220947265625,0.01,0.0358498999848961,0.0057721999473869
432,4.993191242218018,4.726847171783447,18.792076110839844,0.01,0.0373607999645173,0.0066303999628871
433,4.9894232749938965,4.741192817687988,19.22001838684082,0.01,0.0348489000461995,0.0064591001719236
434,4.986434459686279,4.850685119628906,19.44388198852539,0.01,0.0362474001012742,0.0060531999915838
435,4.989147186279297,4.587849140167236,20.749969482421875,0.01,0.0361383999697864,0.0066872001625597
436,4.988015651702881,4.981769561767578,18.599367141723636,0.01,0.0345749999396503,0.0063418999779969
437,4.990795612335205,4.711375236511231,19.987781524658203,0.01,0.0353706998284906,0.0059925999958068
438,4.995465278625488,4.555710315704346,19.99832344055176,0.01,0.0407853000797331,0.0067305001430213
439,4.993646144866943,4.606001853942871,17.615934371948242,0.01,0.0388287000823766,0.0073991999961435
440,4.989288806915283,4.426528930664063,19.89445304870605,0.01,0.0417990998830646,0.0085281999781727
441,4.989091873168945,4.612224102020264,20.87850952148437,0.01,0.0396407002117484,0.0070975997950881
442,4.991137981414795,4.603377342224121,19.437105178833008,0.01,0.0412373999133706,0.0074340000282973
443,4.999953269958496,4.509199142456055,20.65399169921875,0.01,0.0416814000345766,0.0074603999964892
444,5.002462863922119,4.904244899749756,19.409807205200195,0.01,0.0476400000043213,0.0081914998590946
445,4.994364738464356,4.248495578765869,20.67593765258789,0.01,0.0448982999660074,0.0085990000516176
446,4.989575386047363,4.937413215637207,19.816455841064453,0.01,0.0459445000160485,0.0098510000389069
447,4.986384391784668,4.771463394165039,19.755760192871094,0.01,0.0426386999897658,0.0069350998383015
448,4.983591556549072,4.8241777420043945,18.865339279174805,0.01,0.0372124998830258,0.0071105998940765
449,4.983599662780762,4.714844703674316,19.272350311279297,0.01,0.0381529000587761,0.0072319000028073
450,4.984241008758545,4.829952716827393,18.49747657775879,0.01,0.0375049000140279,0.0071370999794453
451,4.980377197265625,4.785552501678467,21.07174491882324,0.01,0.0369356998708099,0.007971900049597
452,4.972244739532471,4.600676536560059,20.268310546875,0.01,0.0395546997897326,0.0070833000354468
453,4.968256950378418,4.841389656066895,21.15513038635254,0.01,0.0408165999688208,0.0080158999189734
454,4.965731620788574,4.594570159912109,21.166114807128903,0.01,0.0414093998260796,0.0085197000298649
455,4.967832088470459,4.753771781921387,19.79216957092285,0.01,0.0390230999328196,0.0075605998281389
456,4.971113204956055,4.6395673751831055,19.803667068481445,0.01,0.0429120999760925,0.0076770999003201
457,4.967577934265137,4.653102874755859,19.773761749267575,0.01,0.0390707000624388,0.0077706000301986
458,4.9618353843688965,4.697260856628418,19.40693664550781,0.01,0.0371158998459577,0.0069030998274683
459,4.958943843841553,4.523839473724365,20.126691818237305,0.01,0.0370221999473869,0.0068565998226404
460,4.959044456481934,4.744287967681885,20.45835304260254,0.01,0.0370808001607656,0.0071120001375675
461,4.961461067199707,4.6638665199279785,20.023588180541992,0.01,0.0352839999832212,0.0066815000027418
462,4.964047431945801,4.687491893768311,19.41709327697754,0.01,0.0349761999677866,0.0073704998940229
463,4.974092483520508,4.459808826446533,19.519258499145508,0.01,0.0347114999312907,0.0065647000446915
464,4.972727298736572,4.5902180671691895,20.054445266723636,0.01,0.0333987001795321,0.0065235998481512
465,4.961863994598389,4.45881986618042,21.534706115722656,0.01,0.035777400014922,0.0070450000930577
466,4.959103584289551,4.825363159179688,21.16025161743164,0.01,0.037080799927935,0.0065874999854713
467,4.959458827972412,4.755980491638184,21.30531120300293,0.01,0.0364680001512169,0.0067733000032603
468,4.955981731414795,4.6022629737854,20.592477798461918,0.01,0.0356960000935941,0.0083486998919397
469,4.957886695861816,4.50884485244751,21.26189994812012,0.01,0.0363909001462161,0.0069562001153826
470,4.970298767089844,4.734047889709473,19.85980987548828,0.01,0.0351340000052005,0.0070224001538008
471,4.972515106201172,4.666233062744141,22.35129165649414,0.01,0.0340702999383211,0.0082452001515775
472,4.9602952003479,4.607414245605469,19.794235229492188,0.01,0.034843900008127,0.0061070001684129
473,4.947934627532959,4.998717784881592,21.47667694091797,0.01,0.0353126002009958,0.0073193002026528
474,4.949659824371338,4.61842155456543,22.38438415527344,0.01,0.036721299868077,0.007701100083068
475,4.950137138366699,4.572386264801025,22.172611236572266,0.01,0.0366596998646855,0.0061214000452309
476,4.945641994476318,4.713946342468262,21.415424346923828,0.01,0.0392225000541657,0.0081663001328706
477,4.949161529541016,4.641973495483398,21.17929077148437,0.01,0.0406680998858064,0.007281299913302
478,4.955523490905762,4.823914527893066,21.319168090820312,0.01,0.0397924999706447,0.0070445998571813
479,4.951896190643311,4.563589572906494,21.383207321166992,0.01,0.0389555001165717,0.0069905000273138
480,4.945008277893066,4.531040191650391,22.37468147277832,0.01,0.0398925999179482,0.0093706999905407
481,4.943896770477295,4.844696044921875,20.174976348876957,0.01,0.0394692998379468,0.0074440999887883
482,4.942629814147949,4.674092769622803,21.8472843170166,0.01,0.0403664000332355,0.0076131001114845
483,4.941229343414307,4.525957584381104,22.533578872680664,0.01,0.0376937000546604,0.0070948998909443
484,4.940389156341553,4.639347076416016,21.6270809173584,0.01,0.0390413000714033,0.0071645998395979
485,4.938934803009033,4.735105991363525,21.806835174560547,0.01,0.0399535000324249,0.0073532999958842
486,4.937892913818359,4.551320552825928,22.75979804992676,0.01,0.0381236998364329,0.0067720001097768
487,4.937378883361816,4.531202793121338,21.1565055847168,0.01,0.0388672000262886,0.0079220000188797
488,4.934097290039063,4.491479396820068,23.106220245361328,0.01,0.0417983999941498,0.0081573000643402
489,4.932595729827881,4.719475746154785,21.792537689208984,0.01,0.0385123998858034,0.007509000133723
490,4.931565761566162,4.616631507873535,22.44831275939941,0.01,0.0380036998540163,0.0073641000781208
491,4.929965496063232,4.5719404220581055,22.53269386291504,0.01,0.0403748000971972,0.0088560001458972
492,4.924571990966797,4.751120567321777,23.417131423950195,0.01,0.0410929000936448,0.0078306999057531
493,4.92117977142334,4.580575942993164,22.924917221069336,0.01,0.0425134000834077,0.0078296000137925
494,4.918787002563477,4.418853282928467,22.05992126464844,0.01,0.0408012999687343,0.0078529000747948
495,4.918781757354736,4.610806465148926,22.505931854248047,0.01,0.0412896999623626,0.00822089985013
496,4.9229021072387695,4.49259614944458,22.484960556030277,0.01,0.0433312999084591,0.0078040000516921
497,4.920263290405273,4.744423389434815,22.16275787353516,0.01,0.0386970001272857,0.0072401000652462
498,4.917065620422363,4.694703578948975,22.96152877807617,0.01,0.039060499984771,0.0073313999455422
499,4.92271900177002,4.619426250457764,21.119216918945312,0.01,0.0399789998773485,0.0074169000145047
500,4.921077728271484,4.765465259552002,21.608688354492188,0.01,0.0387673000805079,0.0068662001285701
501,4.91460657119751,4.402553558349609,23.21382141113281,0.01,0.0381935001350939,0.0076519998256117
502,4.920695781707764,4.8570661544799805,22.74207305908203,0.01,0.039201800012961,0.0077454000711441
503,4.924801826477051,4.623141288757324,23.21593475341797,0.01,0.0392037001438438,0.007315499940887
504,4.917888164520264,4.677282333374023,24.01349258422852,0.01,0.0378747000358998,0.0069367000833153
505,4.90828275680542,4.419466972351074,24.442455291748047,0.01,0.0386963998898863,0.0065967000555247
506,4.9117045402526855,4.839137554168701,21.93225860595703,0.01,0.0345302000641822,0.0065911000128835
507,4.911499500274658,4.3018107414245605,23.562694549560547,0.01,0.0376532999798655,0.0064159999601542
508,4.901421546936035,4.602503776550293,25.056371688842773,0.01,0.0374922999180853,0.0071744997985661
509,4.898331165313721,4.662504196166992,24.27944564819336,0.01,0.0342288999818265,0.0063078999519348
510,4.899413108825684,4.600968837738037,23.12047576904297,0.01,0.034795599989593,0.0064189999829977
511,4.894121646881104,4.816904544830322,22.571826934814453,0.01,0.0361264001112431,0.0063561000861227
512,4.889981269836426,4.706655979156494,23.99439811706543,0.01,0.0427010999992489,0.0092267000582069
513,4.896795272827148,4.506102561950684,23.1430606842041,0.01,0.039296600036323,0.0070231999270617
514,4.899636268615723,4.758341312408447,22.79528045654297,0.01,0.037676100153476,0.0069331999402493
515,4.890649318695068,4.5363616943359375,23.43218231201172,0.01,0.0386882000602781,0.0083359000273048
516,4.885849475860596,4.452688694000244,24.495908737182617,0.01,0.0364087999332696,0.0069834000896662
517,4.8905768394470215,4.660266399383545,23.91425132751465,0.01,0.0355557000730186,0.0065676001831889
518,4.888579368591309,4.398564338684082,24.16796493530273,0.01,0.0358818999957293,0.0069091001059859
519,4.88345193862915,4.434840202331543,24.59239387512207,0.01,0.0382847001310437,0.0062424000352621
520,4.893138408660889,4.5215911865234375,23.87922096252441,0.01,0.0396171000320464,0.00720029999502
521,4.900123119354248,4.849864959716797,23.02495384216309,0.01,0.0397447999566793,0.0078586000017821
522,4.891444683074951,4.683656215667725,24.86588478088379,0.01,0.0407756997738033,0.0075777999591082
523,4.877833366394043,4.6523942947387695,24.5355224609375,0.01,0.0364105000626295,0.0070092999376356
524,4.881968021392822,4.585604667663574,24.80815887451172,0.01,0.0354005000554025,0.0066269999369978
525,4.886269092559815,4.513828754425049,23.870407104492188,0.01,0.037678400054574,0.006678800098598
526,4.879248142242432,4.373380661010742,26.256216049194336,0.01,0.035692400066182,0.0066225000191479
527,4.873094081878662,4.366297721862793,25.47658920288086,0.01,0.0363811000715941,0.0064963998738676
528,4.878686904907227,4.502439498901367,23.33579444885254,0.01,0.0365381999872624,0.006927799899131
529,4.882348537445068,4.711366176605225,25.220815658569336,0.01,0.035098599968478,0.0065438000019639
530,4.878080368041992,4.604814529418945,24.69757080078125,0.01,0.0358808999881148,0.0063954000361263
531,4.87836503982544,4.402836799621582,25.105030059814453,0.01,0.0366340999025851,0.0065619999077171
532,4.881416320800781,4.438845157623291,25.047250747680664,0.01,0.0353225001599639,0.006560199894011
533,4.877403259277344,4.511831283569336,24.666170120239254,0.01,0.0348686999641358,0.0066684999037534
534,4.874036312103272,4.599797248840332,23.65019798278809,0.01,0.0360434998292475,0.0066575999371707
535,4.875726699829102,4.349008560180664,24.59967613220215,0.01,0.0352751000318676,0.0066897999495267
536,4.872893810272217,4.592466831207275,23.067716598510746,0.01,0.0405833001714199,0.0067213999573141
537,4.872341632843018,4.594522476196289,24.2921199798584,0.01,0.0389870000071823,0.0078217000700533
538,4.874983787536621,4.726589202880859,23.530527114868164,0.01,0.0407632000278681,0.0069637999404221
539,4.872742652893066,4.531237602233887,24.02127456665039,0.01,0.0440911001060158,0.0073853000067174
540,4.872349262237549,4.624096870422363,24.794567108154297,0.01,0.0435873998794704,0.0076107999775558
541,4.872791290283203,4.771298885345459,23.035499572753903,0.01,0.050000799819827,0.0150382998399436
542,4.872604846954346,4.71110200881958,25.28631401062012,0.01,0.042060200124979,0.0077080000191926
543,4.873077392578125,4.6904377937316895,25.51331329345703,0.01,0.0426034999545663,0.0073452999349683
544,4.871884346008301,4.57703161239624,26.68836975097656,0.01,0.0514660999178886,0.0077758999541401
545,4.870688438415527,4.66649341583252,24.811603546142575,0.01,0.0459857999812811,0.0108469000551849
546,4.868235111236572,4.515108108520508,25.08480262756348,0.01,0.0421697001438587,0.007408499950543
547,4.867064476013184,4.5774431228637695,24.845760345458984,0.01,0.040561799891293,0.0080469001550227
548,4.868072509765625,4.511085033416748,25.47986221313477,0.01,0.039104500086978,0.0078255000989884
549,4.866883754730225,4.513202667236328,25.610313415527344,0.01,0.0393379998859018,0.0069059999659657
550,4.8670334815979,4.51229190826416,23.97542953491211,0.01,0.0363919001538306,0.0067463000304996
551,4.866587162017822,4.440469264984131,25.550315856933597,0.01,0.0371092997957021,0.0069118998944759
552,4.864744186401367,4.747177600860596,24.00717544555664,0.01,0.0374406001064926,0.0068274999503046
553,4.864723205566406,4.555690765380859,24.526716232299805,0.01,0.0373194001149386,0.0070940000005066
554,4.865238666534424,4.763923168182373,23.5659122467041,0.01,0.0374117998871952,0.0064445999450981
555,4.86396074295044,4.526822090148926,25.11985206604004,0.01,0.0435891998931765,0.0066351999994367
556,4.863232135772705,4.50663423538208,24.13841819763184,0.01,0.0423168998677283,0.0075139999389648
557,4.861349582672119,4.6292805671691895,25.54857635498047,0.01,0.0445575998164713,0.0077261000405997
558,4.857094764709473,4.655735492706299,24.951549530029297,0.01,0.0405602999962866,0.0071344000753015
559,4.856435298919678,4.516005039215088,25.01256561279297,0.01,0.0406841000076383,0.0125084000173956
560,4.852715969085693,4.6737823486328125,25.272476196289062,0.01,0.041391700040549,0.0066494001075625
561,4.849392890930176,4.621580600738525,25.965951919555664,0.01,0.0471637998707592,0.0093529000878334
562,4.853121280670166,4.882867813110352,24.58244514465332,0.01,0.0487612998113036,0.0072284999769181
563,4.861626148223877,4.650113105773926,24.793004989624023,0.01,0.0385318000335246,0.0068751000799238
564,4.856400012969971,4.614053249359131,25.075315475463867,0.01,0.0369871000293642,0.0071977998595684
565,4.846489906311035,4.562502861022949,25.100906372070312,0.01,0.038664799882099,0.0078657001722604
566,4.846198081970215,4.730647087097168,23.294849395751957,0.01,0.0398363000713288,0.0070660000201314
567,4.844605445861816,4.567591667175293,25.480913162231445,0.01,0.0404837999958545,0.0074069998227059
568,4.842635154724121,4.595383644104004,25.85696601867676,0.01,0.0379719999618828,0.0069457001518458
569,4.842039108276367,4.7977142333984375,26.44629669189453,0.01,0.0373190001118928,0.0083035000134259
570,4.839382648468018,4.406399250030518,26.394336700439453,0.01,0.0375582999549806,0.0067527999635785
571,4.839591503143311,4.43498420715332,26.368526458740234,0.01,0.0362487002275884,0.0065584999974817
572,4.846257209777832,4.482766628265381,25.2851619720459,0.01,0.0380053999833762,0.0074229000601917
573,4.841091156005859,4.522502899169922,26.386005401611328,0.01,0.042965899920091,0.0069963000714778
574,4.827715396881104,4.508821487426758,26.172584533691406,0.01,0.0431683000642806,0.0079368001315742
575,4.830348014831543,4.404520511627197,28.603107452392575,0.01,0.0399093001615256,0.0075783000793308
576,4.835343837738037,4.3714680671691895,28.156850814819336,0.01,0.0354678998701274,0.0074411001987755
577,4.828641414642334,4.615900039672852,26.360153198242188,0.01,0.0399009999819099,0.0065023000352084
578,4.825212001800537,4.578802585601807,28.14337921142578,0.01,0.0392408999614417,0.007826899876818
579,4.836086273193359,4.822840690612793,26.283870697021484,0.01,0.0354140999261289,0.0071709000039845
580,4.842774391174316,4.808054924011231,26.35948371887207,0.01,0.0347402999177575,0.0069089001044631
581,4.835521697998047,4.547444820404053,27.716886520385746,0.01,0.0359942999202758,0.006640100153163
582,4.828049182891846,4.55449104309082,28.042482376098636,0.01,0.0362982999067753,0.0065087999682873
583,4.82918643951416,4.709170818328857,25.925188064575195,0.01,0.0361380998510867,0.007145500043407
584,4.828203201293945,4.432072639465332,27.867300033569336,0.01,0.0420264999847859,0.0074074000585824
585,4.828982830047607,4.508874416351318,26.416248321533203,0.01,0.0373547999188303,0.0072062001563608
586,4.832015514373779,4.709041595458984,25.96515655517578,0.01,0.0364629998803138,0.0064194998703897
587,4.833865165710449,4.52929162979126,26.83602523803711,0.01,0.0360934999771416,0.0065905000083148
588,4.839409828186035,4.670130252838135,24.70133781433105,0.01,0.0357811001595109,0.0064973998814821
589,4.834771156311035,4.737161636352539,25.475318908691406,0.01,0.0359698999673128,0.0066276001743972
590,4.833160400390625,4.635454654693604,25.26410675048828,0.01,0.0366275000851601,0.0066337001044303
591,4.834689140319824,4.468199253082275,28.22047615051269,0.01,0.0349402998108416,0.0070845000445842
592,4.828404426574707,4.614482879638672,26.331035614013672,0.01,0.0371299001853913,0.0068695000372827
593,4.825338840484619,4.311178207397461,27.074281692504883,0.01,0.036112800007686,0.0069468000438064
594,4.824761390686035,4.7823805809021,24.675973892211918,0.01,0.0369543000124394,0.0086581001523882
595,4.822925090789795,4.607479095458984,25.57697486877441,0.01,0.0372425999958068,0.0066298998426645
596,4.822658061981201,4.845232009887695,26.25653076171875,0.01,0.0365826999768614,0.007224699947983
597,4.8222832679748535,4.415643215179443,27.106372833251957,0.01,0.0374755000229924,0.0071177999489009
598,4.821131706237793,4.622547626495361,24.532188415527344,0.01,0.0396633001510053,0.006429900182411
599,4.823322772979736,4.454296112060547,25.40499496459961,0.01,0.0373673001304268,0.0072067000437527
600,4.823273181915283,4.393281936645508,26.28419303894043,0.01,0.0368711000774055,0.0070992999244481
601,4.82295036315918,4.391016006469727,27.06371116638184,0.01,0.0378717000130564,0.0066209000069648
602,4.82097864151001,4.541460514068604,25.971214294433597,0.01,0.0361292001325637,0.0070336998905986
603,4.822706699371338,4.489589214324951,28.370506286621094,0.01,0.0375745999626815,0.0074617001228034
604,4.821156978607178,4.812296390533447,25.571928024291992,0.01,0.0389727000147104,0.0067237999755889
605,4.816139221191406,4.4923248291015625,26.975244522094727,0.01,0.0362051001284271,0.0065619000233709
606,4.8240156173706055,4.570063591003418,27.791805267333984,0.01,0.0365801998414099,0.0077209998853504
607,4.825192928314209,4.558562755584717,27.18067169189453,0.01,0.0380386998876929,0.0064795000944286
608,4.814781665802002,4.952420711517334,25.95195198059082,0.01,0.0377497000154107,0.0069571000058203
609,4.814933300018311,4.340394020080566,27.149538040161133,0.01,0.0391604001633822,0.0077271999325603
610,4.821076393127441,4.516175746917725,27.284971237182617,0.01,0.0387961999513208,0.0072040001396089
611,4.815299987792969,4.433542728424072,26.792036056518555,0.01,0.0390294999815523,0.0070559999439865
612,4.808542728424072,4.550775051116943,28.1936149597168,0.01,0.037662100046873,0.0072355000302195
613,4.808276176452637,4.657773971557617,28.14409828186035,0.01,0.0355962000321596,0.0077833000104874
614,4.808248996734619,4.462526321411133,27.08544158935547,0.01,0.036082400009036,0.0058774000499397
615,4.8060173988342285,4.33598518371582,27.848848342895508,0.01,0.0346942001488059,0.0071541001088917
616,4.804713249206543,4.370612621307373,26.56487274169922,0.01,0.0364278000779449,0.0067192001733928
617,4.804622650146484,4.536434650421143,26.693523406982425,0.01,0.0348565001040697,0.0061596999876201
618,4.801575660705566,4.367904186248779,27.43674087524414,0.01,0.0357228000648319,0.0065000001341104
619,4.800045013427734,4.275693416595459,28.22244644165039,0.01,0.0416836999356746,0.0063147000037133
620,4.801939964294434,4.405656814575195,28.1050968170166,0.01,0.04127600020729,0.0075427000410854
621,4.798855304718018,4.448415756225586,27.171274185180664,0.01,0.0396668000612407,0.0070921999868005
622,4.795274257659912,4.524614334106445,26.429428100585938,0.01,0.0363075998611748,0.0068145000841468
623,4.79499101638794,4.549743175506592,27.083637237548828,0.01,0.037819999968633,0.006965999957174
624,4.791900634765625,4.461036205291748,28.016870498657227,0.01,0.0392565999645739,0.0069941999390721
625,4.792598724365234,4.421269416809082,26.761350631713867,0.01,0.0395390000194311,0.0074185999110341
626,4.793247699737549,4.529086589813232,26.507343292236328,0.01,0.0367864000145345,0.0088999001309275
627,4.785943031311035,4.7461676597595215,26.61587142944336,0.01,0.0363935998175293,0.0065631000325083
628,4.78693437576294,4.380221366882324,26.55224609375,0.01,0.0379291998688131,0.0071338999550789
629,4.790698528289795,4.669822692871094,27.89436912536621,0.01,0.0393683000002056,0.0075980999972671
630,4.783647537231445,4.676094055175781,28.169662475585938,0.01,0.0378340000752359,0.0072671000380069
631,4.7839884757995605,4.45181941986084,27.30605697631836,0.01,0.0385984000749886,0.0070138000883162
632,4.780862331390381,4.793776512145996,26.73886108398437,0.01,0.0386043000034987,0.0074370000511407
633,4.781909465789795,4.292699813842773,28.61077690124512,0.01,0.0368429999798536,0.0081205000169575
634,4.788052082061768,4.409524440765381,27.88779640197754,0.01,0.0386612999718636,0.0069856001064181
635,4.788995265960693,4.648800373077393,26.90666389465332,0.01,0.0390948001295328,0.0074819999281316
636,4.793276786804199,4.564357280731201,28.10407066345215,0.01,0.0382532000076025,0.0075338999740779
637,4.795212268829346,4.258228302001953,28.22286033630371,0.01,0.0382856999058276,0.0072415999602526
638,4.79377031326294,4.413058757781982,27.807037353515625,0.01,0.0395545000210404,0.0065643999259918
639,4.792425155639648,4.471737861633301,28.077341079711918,0.01,0.0375150002073496,0.0070680000353604
640,4.789133548736572,4.618664741516113,27.594528198242188,0.01,0.0398780000396072,0.0080756000243127
641,4.789275169372559,4.560880184173584,27.72687530517578,0.01,0.0363599001429975,0.0062094999011605
642,4.790882110595703,4.745959281921387,27.596435546875,0.01,0.0379631000105291,0.0076883998699486
643,4.797142028808594,4.522837162017822,28.157974243164062,0.01,0.0380438000429421,0.0071018999442458
644,4.794800758361816,4.5043044090271,29.11438751220703,0.01,0.037258299998939,0.0068653000053018
645,4.790503978729248,4.640869617462158,29.05574607849121,0.01,0.0363394999876618,0.006988399894908
646,4.790923118591309,4.530710697174072,30.22598648071289,0.01,0.0382980001159012,0.0068723000586032
647,4.791133880615234,4.601505756378174,28.04198455810547,0.01,0.0395025999750942,0.0069678998552262
648,4.783698081970215,4.583197116851807,29.44424819946289,0.01,0.03898789989762,0.0070261000655591
649,4.786404609680176,4.5897603034973145,27.91764640808105,0.01,0.037359699839726,0.0081050998996943
650,4.790253639221191,4.49788761138916,27.930444717407227,0.01,0.0383046001661568,0.0074695001821964
651,4.782624244689941,4.459343910217285,29.12944984436035,0.01,0.039866599952802,0.006986399879679
652,4.780120372772217,4.334580898284912,28.601837158203125,0.01,0.0371218000072985,0.007155800005421
653,4.7915802001953125,4.405520915985107,30.489303588867188,0.01,0.0390771999955177,0.0070988000370562
654,4.793202877044678,4.377269268035889,30.11759376525879,0.01,0.0381712999660521,0.0071173999458551
655,4.784358024597168,4.527550220489502,28.772869110107425,0.01,0.0362416000571101,0.0065647999290376
656,4.783407211303711,4.504927635192871,27.973848342895508,0.01,0.0468480000272393,0.0083488000091165
657,4.785806655883789,4.550004482269287,27.56011962890625,0.01,0.0388446999713778,0.0071918999310582
658,4.785419940948486,4.422329425811768,28.66761016845703,0.01,0.054608599981293,0.0070446000900119
659,4.795577049255371,4.580303192138672,30.387771606445312,0.01,0.0395170000847429,0.0092362000141292
660,4.797854900360107,4.547489166259766,29.339956283569336,0.01,0.0354145998135209,0.0065731999929994
661,4.787021636962891,4.570646286010742,28.4880428314209,0.01,0.0428981001023203,0.0070515999104827
662,4.781750202178955,4.503628253936768,27.76691055297852,0.01,0.0378660999704152,0.0068071000277996
663,4.7872748374938965,4.489177703857422,28.262453079223636,0.01,0.0349373000208288,0.0072618999984115
664,4.782707214355469,4.555927753448486,27.252716064453125,0.01,0.0390918001066893,0.0068560999352484
665,4.775299072265625,4.49623966217041,28.98046493530273,0.01,0.038302400149405,0.0063851999584585
666,4.775732040405273,4.321438789367676,29.48914337158203,0.01,0.0354459998197853,0.0119497999548912
667,4.773618221282959,4.484696865081787,30.466815948486328,0.01,0.054404100170359,0.0065695999655872
668,4.772862911224365,4.673770427703857,27.566070556640625,0.01,0.0426809000782668,0.0068012000992894
669,4.772287368774414,4.424085140228272,29.06216812133789,0.01,0.0378737999126315,0.0074243999551981
670,4.772310256958008,4.537480354309082,26.9587345123291,0.01,0.0468009000178426,0.006903699832037
671,4.7708516120910645,4.324245929718018,28.715356826782227,0.01,0.0387536000926047,0.0064688001293689
672,4.77179765701294,4.29139518737793,28.095134735107425,0.01,0.0462102000601589,0.0061482000164687
673,4.77418851852417,4.475903034210205,28.993520736694336,0.01,0.037846399936825,0.0061184999067336
674,4.771699905395508,4.544135570526123,28.496488571166992,0.01,0.0389983998611569,0.0107560998294502
675,4.771934509277344,4.4356770515441895,29.105899810791016,0.01,0.0399738999549299,0.0069663999602198
676,4.7696380615234375,4.395111083984375,27.972841262817383,0.01,0.0418306000065058,0.0067477000411599
677,4.766430377960205,4.495028018951416,29.04108047485352,0.01,0.0412204000167548,0.0076353000476956
678,4.7643256187438965,4.585348606109619,28.07909774780273,0.01,0.0382305001839995,0.0098132998682558
679,4.763660430908203,4.584824085235596,29.109514236450195,0.01,0.0578930999618023,0.007357700029388
680,4.758449554443359,4.401794910430908,27.70536231994629,0.01,0.0455165000166744,0.0074952999129891
681,4.769277095794678,4.1882171630859375,28.9183292388916,0.01,0.0392888998612761,0.0073603000491857
682,4.776168346405029,4.766296863555908,27.65567398071289,0.01,0.0396787000354379,0.0068952001165598
683,4.766397476196289,4.410236835479736,28.161117553710938,0.01,0.0389455000404268,0.0070972999092191
684,4.760281085968018,4.772480487823486,27.513124465942383,0.01,0.0378509999718517,0.0075203999876976
685,4.770682334899902,4.603616714477539,28.03534507751465,0.01,0.0375220999121665,0.0081037001218646
686,4.770610809326172,4.465814590454102,29.48525619506836,0.01,0.0395021000877022,0.0071264998987317
687,4.7601494789123535,4.483768463134766,28.02652931213379,0.01,0.046626100083813,0.0070373998023569
688,4.759314060211182,4.349686622619629,29.58794403076172,0.01,0.0361292001325637,0.0067254002206027
689,4.761842727661133,4.38375186920166,28.43320083618164,0.01,0.0365780999418348,0.0141706999856978
690,4.758512020111084,4.498484611511231,27.25162696838379,0.01,0.0620619000401347,0.0083100001793354
691,4.757145404815674,4.314796447753906,28.5833740234375,0.01,0.0355609999969601,0.0066682000178843
692,4.757358551025391,4.362941265106201,27.82456398010254,0.01,0.0355823000427335,0.0066102999262511
693,4.757544040679932,4.399548530578613,28.82256317138672,0.01,0.0379111999645829,0.0065667999442666
694,4.758323669433594,4.46401309967041,27.05772399902344,0.01,0.0388865999411791,0.0070432999636977
695,4.758775234222412,4.340617656707764,27.83949279785156,0.01,0.0380671999882906,0.0071308000478893
696,4.761554718017578,4.550348281860352,27.644922256469727,0.01,0.041427600197494,0.0069218999706208
697,4.775433540344238,4.557393550872803,28.025768280029297,0.01,0.0388142000883817,0.0070815000217407
698,4.7796478271484375,4.56828498840332,27.969970703125,0.01,0.0372923999093472,0.0072466998826712
699,4.769834995269775,4.393704414367676,27.01082801818848,0.01,0.0370648999232798,0.0070293999742716
700,4.767349720001221,4.464247226715088,28.767690658569336,0.01,0.0424444999080151,0.0067431000061333
701,4.77028226852417,4.46888542175293,28.844106674194336,0.01,0.0383752998895943,0.0068710001651197
702,4.7659220695495605,4.529453754425049,28.813552856445312,0.01,0.0376281000208109,0.0064649998676031
703,4.765089511871338,4.620759963989258,28.51488304138184,0.01,0.0345716001465916,0.0065470999106764
704,4.764033794403076,4.3018341064453125,28.08581924438477,0.01,0.0341319001745432,0.0061787997838109
705,4.759450435638428,4.53069543838501,27.665212631225582,0.01,0.0362924998626112,0.0060154001694172
706,4.761124610900879,4.557037830352783,27.983169555664062,0.01,0.0353008001111447,0.0065675999503582
707,4.76010274887085,4.472127914428711,28.621288299560547,0.01,0.0372072998434305,0.0068773999810218
708,4.759158134460449,4.558447360992432,28.795928955078125,0.01,0.0365513002034276,0.006450300104916
709,4.760347366333008,4.1963372230529785,29.390361785888672,0.01,0.0356280000414699,0.006751500070095
710,4.759936332702637,4.349958896636963,30.036890029907227,0.01,0.0379679000470787,0.0070987998042255
711,4.766103744506836,4.4005208015441895,29.428131103515625,0.01,0.0374638999346643,0.0067890000063925
712,4.760161876678467,4.416835308074951,27.496309280395508,0.01,0.0369110000319778,0.0072046997956931
713,4.7525954246521,4.537471771240234,27.559852600097656,0.01,0.0396533000748604,0.0069503001868724
714,4.7561116218566895,4.403684616088867,28.384675979614254,0.01,0.0389541999902576,0.0063412999734282
715,4.753510475158691,4.619797229766846,28.83623504638672,0.01,0.0412679999135434,0.0079224999062716
716,4.744833469390869,4.422902584075928,28.90030288696289,0.01,0.0387544999830424,0.007284500170499
717,4.747951984405518,4.629678249359131,29.539819717407227,0.01,0.0386581001803278,0.0072784998919814
718,4.751088619232178,4.4730143547058105,28.91045379638672,0.01,0.0375645000021904,0.0069619000423699
719,4.741855621337891,4.397026062011719,29.451847076416016,0.01,0.0369877000339329,0.0067694000899791
720,4.738266468048096,4.649127006530762,28.33151054382324,0.01,0.03735510003753,0.0072312999982386
721,4.741319179534912,4.4623703956604,28.249488830566406,0.01,0.0391913000494241,0.0069377000909298
722,4.737727165222168,4.364410877227783,27.75979995727539,0.01,0.0399740999564528,0.0075417999178171
723,4.735988140106201,4.536942005157471,29.453218460083008,0.01,0.0396070000715553,0.0067211999557912
724,4.738077163696289,4.53337287902832,28.166400909423828,0.01,0.0398777001537382,0.0073435001540929
725,4.735998153686523,4.68341875076294,29.821781158447266,0.01,0.0379882000852376,0.0074481999035924
726,4.740448951721191,4.622652530670166,27.21303367614746,0.01,0.0387647000607103,0.0089484001509845
727,4.740213871002197,4.361489772796631,26.73594665527344,0.01,0.0395775998476892,0.0070486001204699
728,4.73469877243042,4.187736034393311,28.79840469360352,0.01,0.039830399909988,0.0071132997982203
729,4.737984657287598,4.605111122131348,27.509769439697266,0.01,0.0384321000892668,0.0073959999717772
730,4.737802505493164,4.451656341552734,29.105567932128903,0.01,0.0394639000296592,0.0071672000922262
731,4.735001087188721,4.487601280212402,28.66551399230957,0.01,0.0394046001601964,0.0069969999603927
732,4.74116849899292,4.524654388427734,30.21678924560547,0.01,0.0396679998375475,0.0070474999956786
733,4.739475250244141,4.399343967437744,28.49654197692871,0.01,0.0364820999093353,0.0069618001580238
734,4.740742206573486,4.547196865081787,28.28948783874512,0.01,0.0390455999877303,0.0066593999508768
735,4.731122970581055,4.609040260314941,27.664766311645508,0.01,0.0389779000543057,0.0074452999979257
736,4.729849815368652,4.589849472045898,28.98223114013672,0.01,0.0444569999817758,0.006881299894303
737,4.731624126434326,4.352063655853272,29.04525184631348,0.01,0.0382181999739259,0.0133721998427063
738,4.726100921630859,4.5619425773620605,29.404319763183597,0.01,0.0392939001321792,0.0078951998148113
739,4.731868267059326,4.504328727722168,29.22777366638184,0.01,0.0396302000153809,0.0070310998708009
740,4.733146667480469,4.657303810119629,29.2346134185791,0.01,0.0424571998883038,0.0074386999476701
741,4.724957942962647,4.608015060424805,29.881521224975582,0.01,0.0416870000772178,0.0078066000714898
742,4.727165222167969,4.486687183380127,30.547142028808597,0.01,0.0413170000538229,0.0074622000101953
743,4.729555130004883,4.586341857910156,29.494524002075195,0.01,0.0415694999974221,0.0078103998675942
744,4.723567485809326,4.514465808868408,28.359813690185547,0.01,0.0384661999996751,0.0086838998831808
745,4.724397659301758,4.323000431060791,29.89672088623047,0.01,0.0389819000847637,0.0075249001383781
746,4.72307825088501,4.399039268493652,29.40690422058105,0.01,0.0395001999568194,0.0071988999843597
747,4.718161106109619,4.371246814727783,29.246431350708008,0.01,0.0381589001044631,0.0071841001044958
748,4.719820976257324,4.360440254211426,27.767221450805664,0.01,0.0415248000063002,0.0073023000732064
749,4.719775676727295,4.42352294921875,27.641605377197266,0.01,0.0419660999905318,0.0094090001657605
750,4.719459056854248,4.2623467445373535,30.073463439941406,0.01,0.0411986999679356,0.0073683999944478
751,4.721786022186279,4.574877262115479,29.299633026123047,0.01,0.0410594998393207,0.0072779001202434
752,4.723740100860596,4.649641036987305,28.880298614501957,0.01,0.0408773000817745,0.0077317000832408
753,4.725876331329346,4.508648872375488,29.434907913208008,0.01,0.040908999973908,0.0075124001596122
754,4.727641582489014,4.339239120483398,30.165721893310547,0.01,0.0395436999388039,0.0075077000074088
755,4.72318696975708,4.300574779510498,28.693584442138672,0.01,0.0404151999391615,0.0074396000709384
756,4.725170612335205,4.634403705596924,29.322717666625977,0.01,0.0396794001571834,0.0077006998471915
757,4.73827075958252,4.425814628601074,29.674909591674805,0.01,0.0422259999904781,0.0083057999145239
758,4.735876560211182,4.334356784820557,29.261558532714844,0.01,0.0412995000369846,0.0071530998684465
759,4.723741054534912,4.450691223144531,28.86704635620117,0.01,0.0586812000256031,0.008186699822545
760,4.7247843742370605,4.268502235412598,29.743423461914062,0.01,0.0358150000683963,0.0061198999173939
761,4.728921413421631,4.207558155059815,30.661714553833008,0.01,0.033886999823153,0.0070838998071849
762,4.728964328765869,4.36591911315918,29.055721282958984,0.01,0.035962900146842,0.0062990000005811
763,4.732933044433594,4.626091003417969,30.68618392944336,0.01,0.0354905000422149,0.00628890004009
764,4.732056140899658,4.367220401763916,29.794021606445312,0.01,0.0345615001861006,0.0069546999875456
765,4.724537372589111,4.37195348739624,29.13444709777832,0.01,0.0364924999885261,0.0070394999347627
766,4.720150947570801,4.353860378265381,31.04282760620117,0.01,0.0353872999548912,0.0063308000098913
767,4.723644733428955,4.295647144317627,29.0378532409668,0.01,0.0340515999123454,0.0069877998903393
768,4.717994689941406,4.396191596984863,29.434955596923828,0.01,0.039714999962598,0.0086739000398665
769,4.713957786560059,4.563363552093506,29.574087142944336,0.01,0.0430085998959839,0.0068667000159621
770,4.714887619018555,4.267580986022949,30.76681327819824,0.01,0.0429430000949651,0.007992000086233
771,4.716466903686523,4.457643508911133,29.893848419189453,0.01,0.0420917998999357,0.0075670999940484
772,4.717230796813965,4.534515857696533,29.816917419433597,0.01,0.0403652000240981,0.0075624999590218
773,4.720706462860107,4.442729473114014,29.289491653442383,0.01,0.0411016000434756,0.0088669001124799
774,4.716161727905273,4.533390522003174,29.49231338500977,0.01,0.04290880006738,0.0077931999694556
775,4.712995052337647,4.479319095611572,28.86067771911621,0.01,0.0413143001496791,0.0076993000693619
776,4.711433410644531,4.464202880859375,29.32532501220703,0.01,0.0357154000084847,0.007026599952951
777,4.711946487426758,4.493100643157959,28.582275390625,0.01,0.0370432001072913,0.0072572999633848
778,4.710655212402344,4.274140357971191,29.93597984313965,0.01,0.046978099970147,0.0075723000336438
779,4.711052894592285,4.303268909454346,29.87057304382324,0.01,0.0400952000636607,0.0066913999617099
780,4.710926055908203,4.44570255279541,30.031909942626957,0.01,0.039517099969089,0.0072798000182956
781,4.711339950561523,4.311322212219238,29.815244674682617,0.01,0.0368023999035358,0.0113747001159936
782,4.716063976287842,4.465598106384277,30.10511016845703,0.01,0.0410157002042979,0.0071386999916285
783,4.713725566864014,4.393560886383057,30.704910278320312,0.01,0.0426291001494973,0.0073306001722812
784,4.714541912078857,4.34358549118042,30.532543182373047,0.01,0.0426455999258905,0.007704900112003
785,4.713160991668701,4.068219184875488,29.767528533935547,0.01,0.03731539985165,0.0068960001226514
786,4.713559150695801,4.3080363273620605,29.65777969360352,0.01,0.0364369999151676,0.0066978000104427
787,4.714312076568604,4.462708473205566,28.77574157714844,0.01,0.037387500051409,0.006921499967575
788,4.712569713592529,4.234796047210693,30.10841941833496,0.01,0.0368069000542163,0.0068377999123185
789,4.711984634399414,4.589313983917236,29.948190689086918,0.01,0.0398601999040693,0.0072796999011188
790,4.71112871170044,4.480881690979004,29.86430931091309,0.01,0.0389956999570131,0.0070479998830705
791,4.710220336914063,4.544856548309326,31.59108161926269,0.01,0.0372016998007893,0.00725489994511
792,4.71321964263916,4.3932037353515625,30.01910781860352,0.01,0.0395358998794108,0.0089481000322848
793,4.711357593536377,4.26204252243042,30.850730895996094,0.01,0.0421886001713573,0.0069935000501573
794,4.710550308227539,4.608976364135742,28.89291763305664,0.01,0.0648577001411467,0.0068449000827968
795,4.708948612213135,4.552660465240479,29.19684410095215,0.01,0.0396314999088645,0.0119316999334841
796,4.70829439163208,4.588122367858887,28.33917999267578,0.01,0.0396819999441504,0.0086477999575436
797,4.706156253814697,4.452596187591553,28.969799041748047,0.01,0.0436497998889535,0.0076659999322146
798,4.702902317047119,4.401856899261475,29.35384178161621,0.01,0.036381300073117,0.0083366001490503
799,4.702880382537842,4.565746307373047,28.196102142333984,0.01,0.0375098001677542,0.0061381999403238
800,4.701079368591309,4.576919078826904,28.980030059814453,0.01,0.0450063999742269,0.007109300000593
801,4.702832221984863,4.493308544158936,29.7968692779541,0.01,0.0365267999004572,0.0069430998992174
802,4.702723979949951,4.563693046569824,28.042707443237305,0.01,0.0502663000952452,0.0069350998383015
803,4.697590351104736,4.467920780181885,29.308374404907227,0.01,0.044042200082913,0.0072962001431733
804,4.696300029754639,4.680585861206055,29.138334274291992,0.01,0.0419145000632852,0.0074135998729616
805,4.699912071228027,4.458956718444824,28.550142288208008,0.01,0.0430829999968409,0.0080373999662697
806,4.702149391174316,4.380970478057861,30.09364128112793,0.01,0.0432187998667359,0.0074076999444514
807,4.700053691864014,4.292520046234131,30.258169174194336,0.01,0.0424752999097108,0.0077233000192791
808,4.6986260414123535,4.246413707733154,30.416593551635746,0.01,0.0438449999783188,0.0075862999074161
809,4.701803684234619,4.359755039215088,28.967641830444336,0.01,0.041416099993512,0.0079668001271784
810,4.717695236206055,4.260150909423828,30.768672943115234,0.01,0.0420780999120324,0.0072482998948544
811,4.71826171875,4.221254825592041,28.96951675415039,0.01,0.0403423998504877,0.0070678000338375
812,4.700902938842773,4.458201885223389,28.850624084472656,0.01,0.038628599839285,0.0077372000087052
813,4.692943572998047,4.552264213562012,29.338394165039062,0.01,0.0390550000593066,0.006952199852094
814,4.713046073913574,4.266455173492432,28.588254928588867,0.01,0.040262599941343,0.0071835000999271
815,4.7195258140563965,4.392341136932373,29.795440673828125,0.01,0.0386354001238942,0.0096422999631613
816,4.704565048217773,4.453097343444824,31.04983901977539,0.01,0.0411861999891698,0.0078411998692899
817,4.689757823944092,4.300670623779297,29.434179306030277,0.01,0.0424438999034464,0.0073388000018894
818,4.723563194274902,4.326910972595215,29.362329483032227,0.01,0.0391875000204891,0.0071695998776704
819,4.756405353546143,4.269335746765137,28.919239044189453,0.01,0.0389439999125897,0.0074553999584168
820,4.755675315856934,4.496832370758057,30.267234802246094,0.01,0.0387248001061379,0.0077362998854368
821,4.724229335784912,4.508736610412598,28.832523345947266,0.01,0.0400009998120367,0.0072300999891012
822,4.688273906707764,4.368042469024658,30.4250602722168,0.01,0.0352547999937087,0.0075740001630038
823,4.693307876586914,4.334573268890381,30.239511489868164,0.01,0.037912500090897,0.0063445998821407
824,4.703140258789063,4.400327205657959,30.39432716369629,0.01,0.0343381001148372,0.0066155998501926
825,4.694563388824463,4.199368476867676,30.04541778564453,0.01,0.0413667999673634,0.0067658000625669
826,4.690428733825684,4.157084941864014,29.19464492797852,0.01,0.0410403001587837,0.0071987998671829
827,4.697675704956055,4.450198650360107,29.487499237060547,0.01,0.0403266998473554,0.0067318999208509
828,4.692483901977539,4.387480735778809,29.906360626220703,0.01,0.0392440999858081,0.0070980999153107
829,4.691558361053467,4.450371742248535,31.504199981689453,0.01,0.0394995000679045,0.0076075999531894
830,4.696489810943604,4.473658084869385,29.234111785888672,0.01,0.0373605999629944,0.007238799938932
831,4.688469886779785,4.401604175567627,29.59630012512207,0.01,0.0368832999374717,0.0066718000452965
832,4.690435409545898,4.271114826202393,30.65715980529785,0.01,0.0377823000308126,0.0071046000812202
833,4.694377422332764,4.385155200958252,29.586816787719727,0.01,0.0390538999345153,0.007087199948728
834,4.689269065856934,4.221425533294678,30.56856918334961,0.01,0.0407769000157713,0.0072125000879168
835,4.692770004272461,4.472612857818604,30.002124786376957,0.01,0.0404982001055032,0.007046400103718
836,4.697215080261231,4.632476806640625,31.326101303100582,0.01,0.0406033999752253,0.0076840000692754
837,4.69113302230835,4.410161972045898,29.37282371520996,0.01,0.0406925999559462,0.0074173000175505
838,4.691734313964844,4.465545654296875,29.314083099365234,0.01,0.0399486001115292,0.0074785000178962
839,4.697281360626221,4.366574764251709,29.719831466674805,0.01,0.0383272001054137,0.0076757001224905
840,4.689383506774902,4.393441200256348,29.41766357421875,0.01,0.0414636000059545,0.0087149001192301
841,4.68565034866333,4.371435165405273,29.89962387084961,0.01,0.0420027000363916,0.0077545000240206
842,4.6895928382873535,4.377407550811768,29.03081703186035,0.01,0.0407924999017268,0.008396300021559
843,4.6844916343688965,4.383663654327393,30.670499801635746,0.01,0.042727000080049,0.0077567000407725
844,4.69111442565918,4.469692707061768,29.64556121826172,0.01,0.0395657001063227,0.0076729001011699
845,4.7003254890441895,4.322519779205322,30.284969329833984,0.01,0.0486447000876069,0.0107533999253064
846,4.694540023803711,4.116883277893066,29.80978775024414,0.01,0.0393410997930914,0.0073228999972343
847,4.686859130859375,4.554244518280029,30.276037216186523,0.01,0.0387846999801695,0.0074074999429285
848,4.682994365692139,4.617558002471924,30.20735740661621,0.01,0.0397616999689489,0.007272999966517
849,4.682865619659424,4.360284805297852,30.16777992248535,0.01,0.0398349000606685,0.0077319999691098
850,4.690201759338379,4.350276947021484,30.74412727355957,0.01,0.0390168998856097,0.0069550999905914
851,4.694771766662598,4.401458740234375,30.330623626708984,0.01,0.0418712000828236,0.0072820999193936
852,4.689346790313721,4.476701736450195,30.22371482849121,0.01,0.0386598000768572,0.0066698000300675
853,4.686467170715332,4.47592306137085,30.12342071533203,0.01,0.0383403000887483,0.0081873000599443
854,4.691257953643799,4.263411998748779,30.546281814575195,0.01,0.039597500115633,0.0086168001871556
855,4.694934844970703,4.404759407043457,30.70855712890625,0.01,0.0401231998112052,0.0071696999948471
856,4.715821266174316,4.465676784515381,30.670307159423828,0.01,0.0389928999356925,0.007123899878934
857,4.724279403686523,4.527154445648193,30.92428398132324,0.01,0.0390679000411182,0.0071401000022888
858,4.708281517028809,4.500557899475098,30.453731536865234,0.01,0.0377833999227732,0.0073075999971479
859,4.691366672515869,4.329968452453613,32.735233306884766,0.01,0.0412339998874813,0.007546299835667
860,4.689764022827148,4.556313991546631,30.071897506713867,0.01,0.0393004999496042,0.0068015998695045
861,4.684336185455322,4.619443416595459,30.042945861816406,0.01,0.0404461999423801,0.0072067000437527
862,4.682264804840088,4.52280330657959,29.579158782958984,0.01,0.0398065000772476,0.0069709001109004
863,4.6815290451049805,4.381293773651123,30.021039962768555,0.01,0.0385490998160094,0.0076152000110596
864,4.6843671798706055,4.54637622833252,30.22150039672852,0.01,0.0422700000926852,0.0079789999872446
865,4.685047149658203,4.246428966522217,29.9267578125,0.01,0.041397700086236,0.0062554001342505
866,4.68932056427002,4.377231121063232,30.65909194946289,0.01,0.0388348000124096,0.0070493000093847
867,4.701815128326416,4.52326250076294,30.112594604492188,0.01,0.0386673999018967,0.007375800050795
868,4.70008659362793,4.682994365692139,31.18679428100586,0.01,0.0398223998490721,0.0111785000190138
869,4.682816505432129,4.1873884201049805,30.81262588500977,0.01,0.0358091001398861,0.0061298999935388
870,4.676779747009277,4.393580913543701,30.146692276000977,0.01,0.0364130998495966,0.006713000126183
871,4.68738317489624,4.295995235443115,32.532073974609375,0.01,0.0362965001258999,0.006551600061357
872,4.6826677322387695,4.360634326934815,30.48122978210449,0.01,0.0363376000896096,0.0067378000821918
873,4.677574157714844,4.273788928985596,30.98015594482422,0.01,0.0358049999922513,0.0068838000297546
874,4.684144020080566,4.517271041870117,31.43425750732422,0.01,0.0356586999259889,0.0065806000493466
875,4.684564113616943,4.22385311126709,31.95214080810547,0.01,0.0374412001110613,0.0062508999835699
876,4.683400630950928,4.404311180114746,30.307790756225582,0.01,0.0365655000787228,0.0063455000054091
877,4.682335376739502,4.456222534179688,30.398386001586918,0.01,0.0386557998135685,0.0073156000580638
878,4.683659076690674,4.411571502685547,30.472536087036133,0.01,0.039484400069341,0.0085340000223368
879,4.687013626098633,4.313908100128174,30.21046257019043,0.01,0.0386778998654335,0.0071729000192135
880,4.679922580718994,4.358333587646484,29.393091201782227,0.01,0.0385867999866604,0.007709699915722
881,4.678926944732666,4.5359883308410645,30.23529052734375,0.01,0.0379029000177979,0.0069081999827176
882,4.6792473793029785,4.341996669769287,30.87701797485352,0.01,0.038842299953103,0.0073304001707583
883,4.676951408386231,4.411195755004883,31.007747650146484,0.01,0.0396177999209612,0.0075231997761875
884,4.694120407104492,4.233986854553223,30.965347290039062,0.01,0.0395294998306781,0.0067775000352412
885,4.701661586761475,4.293707370758057,31.00888442993164,0.01,0.0370799000374972,0.0066345001105219
886,4.688657760620117,4.25612211227417,30.920867919921875,0.01,0.0371568999253213,0.0070122999604791
887,4.675588130950928,4.382827758789063,31.92955780029297,0.01,0.0371240000240504,0.0082066999748349
888,4.68241024017334,4.2238640785217285,30.872875213623047,0.01,0.0359090000856667,0.0066446000710129
889,4.681789398193359,4.352903842926025,32.60860061645508,0.01,0.0359358999412506,0.0069975000806152
890,4.678094387054443,4.386870384216309,30.7642822265625,0.01,0.0351748999673873,0.0067340000532567
891,4.699731826782227,4.486238479614258,31.218891143798828,0.01,0.039997800020501,0.0072089999448508
892,4.712396144866943,4.548924446105957,31.12358856201172,0.01,0.0426074001006782,0.0064491999801248
893,4.699134826660156,4.5501322746276855,29.93877220153809,0.01,0.0372607000172138,0.0084685999900102
894,4.678527355194092,4.25144100189209,31.424272537231445,0.01,0.0376596997957676,0.0071275997906923
895,4.6884870529174805,4.21746826171875,30.245166778564453,0.01,0.0362909999676048,0.0077432000543922
896,4.695981979370117,4.4012370109558105,30.73137092590332,0.01,0.0397288999520242,0.009553600102663
897,4.686881065368652,4.505271434783936,31.603960037231445,0.01,0.0421380000188946,0.0068423000629991
898,4.678101062774658,4.368400096893311,30.492456436157227,0.01,0.0396046000532805,0.0074035001453012
899,4.683698177337647,4.405207633972168,31.2299919128418,0.01,0.0397220000158995,0.0076784000266343
900,4.679891109466553,4.473674297332764,30.73831558227539,0.01,0.0397555001545697,0.0071246998850256
901,4.675628662109375,4.555887222290039,30.74828720092773,0.01,0.0394071999471634,0.0073180999606847
902,4.675721645355225,4.307100772857666,31.08162498474121,0.01,0.0412479001097381,0.0074293999932706
903,4.676895618438721,4.283136367797852,29.793535232543945,0.01,0.03879199991934,0.0071009998209774
904,4.682348728179932,4.189600944519043,31.83174705505371,0.01,0.0382641998585313,0.0067888000048696
905,4.684457302093506,4.252756595611572,31.83238983154297,0.01,0.0410505000036209,0.0067314999178051
906,4.682404041290283,4.541467666625977,31.686634063720703,0.01,0.0382387998979538,0.0070412999484688
907,4.679592609405518,4.213183403015137,31.408016204833984,0.01,0.0390049000270664,0.0072705000638961
908,4.683505535125732,4.428543567657471,30.546703338623047,0.01,0.0401337998919189,0.007552099879831
909,4.692241191864014,4.224720001220703,29.798755645751957,0.01,0.0438208999112248,0.0072658001445233
910,4.688591957092285,4.1454033851623535,31.47884178161621,0.01,0.0346793998032808,0.0079381999094039
911,4.684026718139648,4.27685546875,32.06324005126953,0.01,0.0374572998844087,0.0067169000394642
912,4.68593692779541,4.474404811859131,32.755958557128906,0.01,0.038428199943155,0.0066941999830305
913,4.690261363983154,4.291207313537598,32.437225341796875,0.01,0.0360135999508202,0.0070874001830816
914,4.696059703826904,4.216316223144531,31.420766830444336,0.01,0.0362313000950962,0.0070330998860299
915,4.699992656707764,4.498003959655762,32.27030944824219,0.01,0.037072200095281,0.0068500000052154
916,4.6918253898620605,4.298067569732666,31.81001663208008,0.01,0.0358405001461505,0.0065490000415593
917,4.685593128204346,4.453299522399902,31.705890655517575,0.01,0.0367678999900817,0.0072180000133812
918,4.684482574462891,4.32731819152832,31.795841217041016,0.01,0.0373337999917566,0.0072353999130427
919,4.688237190246582,4.466836452484131,31.26405334472656,0.01,0.0385883001144975,0.0068242999259382
920,4.7152018547058105,4.504331588745117,30.36310386657715,0.01,0.0379727000836283,0.0070848998147994
921,4.723201751708984,4.4309401512146,31.7883415222168,0.01,0.0430608999449759,0.0071494001895189
922,4.706432819366455,4.332719802856445,31.104326248168945,0.01,0.0573845999315381,0.0077927000820636
923,4.685072422027588,4.673679351806641,31.53630828857422,0.01,0.0401570000685751,0.0087194999214261
924,4.682186603546143,4.590035438537598,31.897571563720703,0.01,0.0508977998979389,0.0088539998978376
925,4.681624889373779,4.538757801055908,32.38169479370117,0.01,0.0449930001050233,0.0099487002007663
926,4.67564868927002,4.488659381866455,30.661439895629883,0.01,0.059907800052315,0.0100450001191347
927,4.679621696472168,4.359987258911133,31.379867553710938,0.01,0.0739672998897731,0.0120137000922113
928,4.675461769104004,4.4112725257873535,30.81104850769043,0.01,0.0769509000238031,0.0077146000694483
929,4.670820236206055,4.141778945922852,31.62643051147461,0.01,0.0431637999136,0.0080494000576436
930,4.674925804138184,4.3724284172058105,31.6094970703125,0.01,0.0567727999296039,0.007557300152257
931,4.677574157714844,4.39476203918457,32.06857681274414,0.01,0.0377193999011069,0.0069895000196993
932,4.678469181060791,4.52783203125,30.87057113647461,0.01,0.0400439999066293,0.0069160999264568
933,4.686522483825684,4.180264472961426,31.07335662841797,0.01,0.0377366999164223,0.0070790997706353
934,4.682573795318604,4.417477130889893,32.02325439453125,0.01,0.0402660998515784,0.0075831001158803
935,4.667371273040772,4.49498462677002,30.720582962036133,0.01,0.0382240999024361,0.0067169000394642
936,4.665422439575195,4.299257278442383,31.458232879638672,0.01,0.0427705999463796,0.006766099948436
937,4.665196418762207,4.317454814910889,30.40043067932129,0.01,0.0414189000148326,0.0078314000274986
938,4.669496059417725,4.301817893981934,30.99584579467773,0.01,0.0381253000814467,0.0088302998337894
939,4.670970916748047,4.300064086914063,31.77467155456543,0.01,0.0394111999776214,0.0069716998841613
940,4.680624961853027,4.33419132232666,30.6806755065918,0.01,0.0394450998865067,0.0069484999403357
941,4.683635711669922,4.085686683654785,31.96898078918457,0.01,0.037193400086835,0.0069228000938892
942,4.671199321746826,4.318934440612793,30.615554809570312,0.01,0.0388674999121576,0.0069620998110622
943,4.661705493927002,4.330907344818115,31.1176872253418,0.01,0.0406167001929134,0.0071939998306334
944,4.6671977043151855,4.281476974487305,30.33746910095215,0.01,0.0410141998436301,0.0070596002042293
945,4.663331508636475,4.421050548553467,30.990324020385746,0.01,0.040066699963063,0.0068596999626606
946,4.669449329376221,4.31265115737915,30.819313049316406,0.01,0.041492799995467,0.006485000019893
947,4.6796722412109375,4.3179240226745605,30.228952407836918,0.01,0.0417462999466806,0.0075058999937027
948,4.6790690422058105,4.244638919830322,31.20313262939453,0.01,0.0375222000293433,0.0066863000392913
949,4.676779747009277,4.342840194702148,31.665849685668945,0.01,0.0365209998562932,0.007053299807012
950,4.674499988555908,4.284491539001465,31.472700119018555,0.01,0.0376860999967902,0.0076297000050544
951,4.674942493438721,4.336319446563721,31.44785499572754,0.01,0.0386950001120567,0.0069760000333189
952,4.668658256530762,4.160940170288086,31.66267204284668,0.01,0.0562551000621169,0.0069527002051472
953,4.660760402679443,4.339272975921631,30.9576358795166,0.01,0.0431975000537931,0.0077335000969469
954,4.663985729217529,4.393599510192871,30.446453094482425,0.01,0.0414421001914888,0.0080478999298065
955,4.664949417114258,4.346412658691406,30.95901870727539,0.01,0.0410329999867826,0.0086077998857945
956,4.668853282928467,4.384561061859131,31.245023727416992,0.01,0.0388736999593675,0.0076228000689297
957,4.662681579589844,4.3086419105529785,30.482515335083008,0.01,0.0382039998658001,0.0104043001774698
958,4.662875175476074,4.4129638671875,32.43790435791016,0.01,0.0375544000416994,0.006440799916163
959,4.663809299468994,4.498476505279541,32.282108306884766,0.01,0.0360952001065015,0.0072101999539881
960,4.665212154388428,4.326086521148682,31.616016387939453,0.01,0.040207999991253,0.0069937999360263
961,4.6611647605896,4.464974880218506,30.66510772705078,0.01,0.042601800058037,0.0076395999640226
962,4.655609130859375,4.201328277587891,30.82355308532715,0.01,0.0422306999098509,0.007642300100997
963,4.653284549713135,4.402007102966309,30.10877990722656,0.01,0.0392704999540001,0.0078722999896854
964,4.658202171325684,4.410489559173584,31.69286727905273,0.01,0.0414182001259177,0.0071825000923126
965,4.653365612030029,4.249380588531494,32.10574722290039,0.01,0.0400819999631494,0.007212100084871
966,4.656196117401123,4.306488513946533,31.854930877685547,0.01,0.0408445000648498,0.0078420999925583
967,4.659935474395752,4.319645881652832,29.91459846496582,0.01,0.0391929999459534,0.0063078000675886
968,4.656136512756348,4.298355102539063,31.818164825439453,0.01,0.0356906000524759,0.0064034999813884
969,4.654295921325684,4.371435165405273,31.50177001953125,0.01,0.037191999843344,0.0067268998827785
970,4.657280445098877,4.398541927337647,31.313682556152344,0.01,0.035721099935472,0.0071666000876575
971,4.654791831970215,4.1531195640563965,32.63378143310547,0.01,0.0337307001464068,0.006192100001499
972,4.654077529907227,4.385838031768799,31.50497436523437,0.01,0.0344682999420911,0.0062849000096321
973,4.653690338134766,4.0574631690979,32.94473648071289,0.01,0.0365397999994456,0.0063934000208973
974,4.6622233390808105,4.1378350257873535,30.718116760253903,0.01,0.0359173000324517,0.0064795999787747
975,4.68025541305542,4.516150951385498,31.583738327026367,0.01,0.0414140000939369,0.0062901999335736
976,4.677116394042969,4.278881072998047,31.622543334960938,0.01,0.0504119000397622,0.0070344998966902
977,4.659110069274902,4.406162261962891,32.32244873046875,0.01,0.0422161999158561,0.0068391000386327
978,4.656761169433594,4.387511253356934,32.37073516845703,0.01,0.0375231998041272,0.0078493000473827
979,4.66184139251709,4.271348476409912,32.50016403198242,0.01,0.0362061997875571,0.0066322998609393
980,4.655350685119629,4.50976037979126,32.0786018371582,0.01,0.0361589998938143,0.0067257001064717
981,4.657336711883545,4.383491516113281,31.70531272888184,0.01,0.0349051000084728,0.0068115000613033
982,4.66409969329834,4.479796886444092,31.843168258666992,0.01,0.0359338999260216,0.0063451000023633
983,4.663677215576172,4.18198823928833,32.86440658569336,0.01,0.0365224999841302,0.0067127000074833
984,4.67158317565918,4.320763111114502,32.177337646484375,0.01,0.0351676999125629,0.0068198000080883
985,4.672542095184326,4.295188903808594,31.629444122314453,0.01,0.0355424999725073,0.0064960001036524
986,4.660808563232422,4.010295867919922,31.11074447631836,0.01,0.0365550001151859,0.0065808999352157
987,4.659102439880371,4.2517828941345215,31.9948844909668,0.01,0.0358927999623119,0.0066888001747429
988,4.657050132751465,3.950547218322754,30.13132667541504,0.01,0.0388793000020086,0.0070270998403429
989,4.659459114074707,4.584127426147461,30.648351669311523,0.01,0.0368458000011742,0.0065563002135604
990,4.660268306732178,4.56773853302002,31.845888137817383,0.01,0.0353029000107198,0.0065051999408751
991,4.658093929290772,4.216715335845947,31.31103515625,0.01,0.0402464000508189,0.0064331998582929
992,4.6588287353515625,4.299248695373535,32.09333038330078,0.01,0.0353015000000596,0.0071932000573724
993,4.658600330352783,4.367875099182129,31.803882598876957,0.01,0.0373684000223875,0.0066362000070512
994,4.664958953857422,4.386674880981445,32.57575607299805,0.01,0.0372768999077379,0.006877499865368
995,4.668479442596436,4.328782558441162,31.22908592224121,0.01,0.0360717000439763,0.0063732999842613
996,4.656671047210693,4.578325748443604,31.654565811157227,0.01,0.0365372998639941,0.0065297000110149
997,4.651855945587158,4.427975177764893,32.88014602661133,0.01,0.0368390001822263,0.0064920999575406
998,4.648731708526611,4.320773601531982,31.076095581054688,0.01,0.0393259001430124,0.0063702999614179
999,4.648987293243408,4.381246566772461,32.03973388671875,0.01,0.0394065000582486,0.006709000095725
1000,4.648961544036865,4.0559587478637695,31.81340789794922,0.01,0.0423345000017434,0.0089581001084297
1001,4.65131425857544,4.256665229797363,31.34602165222168,0.01,0.0402891000267118,0.006883599795401
1002,4.649126052856445,4.48551082611084,32.65191650390625,0.01,0.0380177001934498,0.007190000033006
1003,4.643333435058594,4.304359436035156,30.87069702148437,0.01,0.038559400010854,0.0071266000159084
1004,4.643851280212402,4.279166221618652,32.44981384277344,0.01,0.038155399961397,0.0076346998102962
1005,4.642615795135498,4.265451908111572,32.78112030029297,0.01,0.0386554000433534,0.0069844999816268
1006,4.6412272453308105,4.528584003448486,31.343982696533203,0.01,0.0385658000595867,0.0070920998696237
1007,4.640980243682861,4.2290940284729,32.638336181640625,0.01,0.0404320999514311,0.0072389000561088
1008,4.646106719970703,4.336136341094971,31.777233123779297,0.01,0.0403791000135242,0.0077445001807063
1009,4.645864486694336,4.5933380126953125,31.595535278320312,0.01,0.03610479994677,0.0076165001373738
1010,4.650192737579346,4.032591819763184,32.69407653808594,0.01,0.0411678000818938,0.0070473998785018
1011,4.653598785400391,4.363391399383545,33.87775039672852,0.01,0.040041800122708,0.0073137998115271
1012,4.645676612854004,4.277156352996826,32.11827850341797,0.01,0.0394782000221312,0.0082584000192582
1013,4.641274929046631,4.273344993591309,32.76249313354492,0.01,0.0349139999598264,0.0086616999469697
1014,4.642967224121094,4.248622894287109,32.702274322509766,0.01,0.033203899860382,0.0062104000244289
1015,4.644623279571533,4.283105850219727,32.33307266235352,0.01,0.0338123999536037,0.0077172999735921
1016,4.652513980865479,4.440450191497803,31.738597869873047,0.01,0.0339548999909311,0.0069540999829769
1017,4.65333366394043,4.474818706512451,32.27859115600586,0.01,0.0338798998855054,0.0061994001735001
1018,4.647242546081543,4.510948181152344,33.50495147705078,0.01,0.0332774000708013,0.0066752999555319
1019,4.6438889503479,4.175205230712891,32.244144439697266,0.01,0.0364534000400453,0.006654999917373
1020,4.642871379852295,4.26292896270752,33.751346588134766,0.01,0.0348020000383257,0.006327100098133
1021,4.648106575012207,4.17234992980957,33.624568939208984,0.01,0.0362239000387489,0.0064444998279213
1022,4.647698402404785,4.326758861541748,34.450958251953125,0.01,0.0366957997903227,0.0064792002085596
1023,4.641561985015869,4.316965579986572,33.44715118408203,0.01,0.0438300999812781,0.006446500075981
1024,4.639756679534912,4.4591851234436035,33.50968551635742,1.0,0.0498371000867337,0.008193999994546175
1025,4.6387529373168945,4.29667854309082,31.6851806640625,1.0,0.04398309998214245,0.009427799843251705
1026,4.642653465270996,4.198349475860596,29.333812713623047,1.0,0.04265310009941459,0.006930199917405844
1027,4.652096748352051,4.240355968475342,28.910707473754883,1.0,0.04044779995456338,0.006462200079113245
1028,4.655642032623291,4.246424198150635,26.63597297668457,1.0,0.04032790008932352,0.009290799964219332
1029,4.6577582359313965,4.267253875732422,25.631200790405273,1.0,0.03958670003339648,0.009304699953645468
1030,4.656859874725342,4.27545166015625,22.768146514892578,1.0,0.04199609998613596,0.007530799834057689
1031,4.659067630767822,4.309321403503418,21.51071548461914,1.0,0.04623629990965128,0.007073899963870645
1032,4.665490627288818,4.3240485191345215,18.808826446533203,1.0,0.043116699904203415,0.007131699938327074
1033,4.6811299324035645,4.3478102684021,15.900862693786621,1.0,0.041858000215142965,0.006940999999642372
1034,4.703495502471924,4.392153263092041,13.935646057128906,1.0,0.050316100008785725,0.006131999893113971
1035,4.743356704711914,4.446577548980713,12.304718017578125,1.0,0.04784849984571338,0.008226300124078989
1036,4.7801032066345215,4.542854309082031,10.793472290039062,1.0,0.04030460002832115,0.008502499898895621
1037,4.792043209075928,4.840437412261963,8.575911521911621,1.0,0.04221109999343753,0.007426699856296182
1038,4.805934906005859,4.488391399383545,7.372354030609131,1.0,0.043726000003516674,0.006854899926111102
1039,4.831339359283447,4.412050724029541,6.626070022583008,1.0,0.04197850008495152,0.006249800091609359
1040,4.857852458953857,4.845734119415283,6.527277946472168,1.0,0.04140930017456412,0.009770100004971027
1041,4.893579006195068,4.641001224517822,5.72675895690918,1.0,0.04197649983689189,0.008492499822750688
1042,4.935862064361572,4.398960113525391,5.390491485595703,1.0,0.03797149984166026,0.010417900048196316
1043,4.978188991546631,4.77803897857666,4.4053874015808105,1.0,0.03932569990865886,0.008885900024324656
1044,4.994226455688477,4.701869010925293,3.9493470191955566,1.0,0.04306679987348616,0.00823230016976595
1045,4.989215850830078,4.4124579429626465,3.348496437072754,1.0,0.039663400035351515,0.007771200034767389
1046,4.976922988891602,4.660154342651367,3.3025386333465576,1.0,0.04899609996937215,0.006987999891862273
1047,4.972450256347656,4.601746559143066,3.371243715286255,1.0,0.04297170019708574,0.007396700093522668
1048,4.956164836883545,4.620450973510742,3.3308041095733643,1.0,0.037389300065115094,0.01014010002836585
1049,4.951926231384277,4.480522632598877,3.355772018432617,1.0,0.052218399941921234,0.010891499929130077
1050,4.957253932952881,4.72685432434082,2.7167577743530273,1.0,0.0486691000405699,0.006908599985763431
1051,4.959848880767822,4.668810844421387,3.2299017906188965,1.0,0.041388100013136864,0.008048799820244312
1052,4.948182582855225,4.441493988037109,3.139439344406128,1.0,0.04891490004956722,0.014859799994155765
1053,4.9308295249938965,4.724156856536865,2.4285836219787598,1.0,0.04219650011509657,0.006785500096157193
1054,4.924302101135254,4.453319072723389,3.0902106761932373,1.0,0.04131629993207753,0.00612660008482635
1055,4.919223308563232,4.653865337371826,2.4933149814605713,1.0,0.05032279994338751,0.0066877000499516726
1056,4.922409534454346,4.487671375274658,2.7375431060791016,1.0,0.04416389996185899,0.006981999846175313
1057,4.9195122718811035,4.471804618835449,2.528965950012207,1.0,0.043138699838891625,0.006664799991995096
1058,4.9240875244140625,4.54897928237915,2.3947038650512695,1.0,0.04041790007613599,0.00815919996239245
1059,4.917653560638428,4.567380428314209,2.2886955738067627,1.0,0.03925120015628636,0.010681199841201305
1060,4.904798984527588,4.265264511108398,3.0762927532196045,1.0,0.04259420000016689,0.00803019991144538
1061,4.894852638244629,4.45093297958374,2.3989644050598145,1.0,0.04501620004884899,0.008271500002592802
1062,4.889890670776367,4.729041576385498,2.6024508476257324,1.0,0.04472070001065731,0.007060199975967407
1063,4.891027927398682,4.486438751220703,2.737316131591797,1.0,0.04447179986163974,0.0073732000309973955
1064,4.895215034484863,4.645639419555664,2.042844772338867,1.0,0.04493879992514849,0.007262200117111206
1065,4.891154766082764,4.488351821899414,2.7932746410369873,1.0,0.04336540005169809,0.0073247000109404325
1066,4.886229038238525,4.681986331939697,2.1564056873321533,1.0,0.04412669991143048,0.006400599842891097
1067,4.881178855895996,4.342676639556885,2.4231204986572266,1.0,0.04181710002012551,0.008401300059631467
1068,4.874221324920654,4.608797550201416,2.0586516857147217,1.0,0.03836459992453456,0.010160400066524744
1069,4.87013578414917,4.56041955947876,2.012071371078491,1.0,0.04036250011995435,0.009747900068759918
1070,4.8682332038879395,4.577266216278076,1.804929256439209,1.0,0.04134529992006719,0.007689600111916661
1071,4.867630958557129,4.690208435058594,1.7747061252593994,1.0,0.04247789992950857,0.007421300048008561
1072,4.8694610595703125,4.665478229522705,1.6728512048721313,1.0,0.04273390001617372,0.006978800054639578
1073,4.869348526000977,4.521505355834961,1.7945456504821777,1.0,0.04447780014015734,0.008136499905958772
1074,4.8649091720581055,4.636753559112549,2.013090133666992,1.0,0.0447889999486506,0.007384099997580051
1075,4.861135005950928,4.471156120300293,1.6612110137939453,1.0,0.0423439999576658,0.006722799967974424
1076,4.854050636291504,4.589597225189209,1.7523797750473022,1.0,0.04141229996457696,0.007730700075626373
1077,4.848408222198486,4.603705883026123,1.8223787546157837,1.0,0.040462500182911754,0.008173299953341484
1078,4.843179225921631,4.505748271942139,1.6227858066558838,1.0,0.03925819997675717,0.009842900093644857
1079,4.838977813720703,4.452505588531494,1.4387545585632324,1.0,0.04127970011904836,0.009473999962210655
1080,4.836094379425049,4.545991897583008,1.7901701927185059,1.0,0.04034690000116825,0.009645199868828058
1081,4.833470344543457,4.31358003616333,1.9397000074386597,1.0,0.03986789984628558,0.0082952999509871
1082,4.831974029541016,4.377779006958008,1.503287672996521,1.0,0.043002899968996644,0.008385600056499243
1083,4.832461357116699,4.365843296051025,1.513486385345459,1.0,0.0454697001259774,0.008015200030058622
1084,4.831154823303223,4.596496105194092,1.4870617389678955,1.0,0.04159379983320832,0.00843050004914403
1085,4.8314619064331055,4.494102478027344,0.9780254364013672,1.0,0.04349020007066429,0.008187299827113748
1086,4.832972049713135,4.277801513671875,1.911765456199646,1.0,0.04398710001260042,0.008166800020262599
1087,4.834465980529785,4.234926223754883,1.864513635635376,1.0,0.04826640011742711,0.01037539984099567
1088,4.8373308181762695,4.446028232574463,1.5578358173370361,1.0,0.04055340006016195,0.007092499872669578
1089,4.839713096618652,4.514709949493408,1.383114218711853,1.0,0.04240530007518828,0.008327099960297346
1090,4.844310760498047,4.569613933563232,1.5993388891220093,1.0,0.041491599986329675,0.009038500022143126
1091,4.8488874435424805,4.5665693283081055,1.306288480758667,1.0,0.03917500004172325,0.00781390001066029
1092,4.850468635559082,4.463013172149658,1.1512422561645508,1.0,0.040352199925109744,0.008525799959897995
1093,4.848388195037842,4.663944244384766,1.065245509147644,1.0,0.043002800084650517,0.00768049992620945
1094,4.842883586883545,4.3762431144714355,1.2694389820098877,1.0,0.045094900066033006,0.006909299874678254
1095,4.838931083679199,4.683228492736816,1.5372257232666016,1.0,0.045930600026622415,0.006775299785658717
1096,4.834334850311279,4.394429683685303,1.8025848865509033,1.0,0.03947720001451671,0.007249700138345361
1097,4.832819938659668,4.4544477462768555,1.7056849002838135,1.0,0.03849490010179579,0.007702899863943458
1098,4.833847999572754,4.5308146476745605,1.6721000671386719,1.0,0.04105460015125573,0.008850200101733208
1099,4.837090015411377,4.533318519592285,1.685964584350586,1.0,0.039749399991706014,0.008814000058919191
1100,4.842167854309082,4.478481292724609,1.315263271331787,1.0,0.0402305000461638,0.007910899817943573
1101,4.845012187957764,4.237085342407227,1.380325198173523,1.0,0.04159360006451607,0.007867699954658747
1102,4.844111919403076,4.7379608154296875,1.173249363899231,1.0,0.040626500034704804,0.008077300153672695
1103,4.843519687652588,4.444740295410156,1.4314656257629395,1.0,0.0430135999340564,0.007213399978354573
1104,4.840991020202637,4.558882713317871,1.2777503728866577,1.0,0.040804299991577864,0.007481499807909131
1105,4.838842391967773,4.367197513580322,1.1714493036270142,1.0,0.04032480018213391,0.009219100000336766
1106,4.837453365325928,4.498563289642334,1.1677392721176147,1.0,0.04153349995613098,0.00727060018107295
1107,4.836946487426758,4.570455074310303,1.511023759841919,1.0,0.03992060013115406,0.007493100129067898
1108,4.837193965911865,4.469168663024902,1.1380774974822998,1.0,0.041333100060001016,0.00776230008341372
1109,4.838982105255127,4.568813323974609,1.3743629455566406,1.0,0.041801400016993284,0.007518399972468615
1110,4.842244625091553,4.399984359741211,1.2413491010665894,1.0,0.04359770007431507,0.006515600020065904
1111,4.843514919281006,4.650618553161621,1.2393827438354492,1.0,0.04256030009128153,0.008557100081816316
1112,4.844651699066162,4.44132137298584,1.233710527420044,1.0,0.038873399840667844,0.007299999939277768
1113,4.843799591064453,4.444584846496582,1.1169087886810303,1.0,0.04396539996378124,0.007097400026395917
1114,4.840959072113037,4.435839653015137,1.2825734615325928,1.0,0.042776199989020824,0.006786999991163611
1115,4.839099407196045,4.472653388977051,1.2443134784698486,1.0,0.04418239998631179,0.006644400069490075
1116,4.837686061859131,4.556501865386963,1.1835490465164185,1.0,0.04445989988744259,0.006792600033804774
1117,4.837006568908691,4.461949825286865,1.1529903411865234,1.0,0.040334299905225635,0.006726199993863702
1118,4.83659553527832,4.350568771362305,1.0969364643096924,1.0,0.04186280001886189,0.007376000052317977
1119,4.836617946624756,4.709269046783447,1.142961025238037,1.0,0.03966179979033768,0.00638259993866086
1120,4.834803104400635,4.357032775878906,1.2946773767471313,1.0,0.039260199991986156,0.008878099964931607
1121,4.833123683929443,4.494151592254639,1.050689458847046,1.0,0.0433439000044018,0.007770100142806768
1122,4.833529472351074,4.393924236297607,1.1527724266052246,1.0,0.04643960017710924,0.0073922001756727695
1123,4.834048271179199,4.569003582000732,1.0047340393066406,1.0,0.04498909995891154,0.006762099917978048
1124,4.8350701332092285,4.420753479003906,1.0024592876434326,1.0,0.04110100003890693,0.007260400103405118
1125,4.836859703063965,4.489473819732666,0.8598405718803406,1.0,0.044425600208342075,0.007584600010886788
1126,4.839777946472168,4.284978866577148,1.0461567640304565,1.0,0.04275859985500574,0.006965900072827935
1127,4.841459274291992,4.363710880279541,0.9999620914459229,1.0,0.04286580020561814,0.008677799953147769
1128,4.840284824371338,4.661024570465088,1.2879537343978882,1.0,0.041602599900215864,0.008359699975699186
1129,4.837557792663574,4.7110371589660645,0.8093407154083252,1.0,0.04143780004233122,0.008074299897998571
1130,4.833388328552246,4.273190498352051,1.2033888101577759,1.0,0.04323190008290112,0.0078124001156538725
1131,4.8290114402771,4.45747184753418,1.12041437625885,1.0,0.04118729988113046,0.007143199909478426
1132,4.8266191482543945,4.398238658905029,1.0979331731796265,1.0,0.04125250014476478,0.008656200021505356
1133,4.825916767120361,4.5978522300720215,0.9601250290870667,1.0,0.041045699967071414,0.00786709995009005
1134,4.825263500213623,4.460266590118408,1.1791971921920776,1.0,0.041404200019314885,0.008650100091472268
1135,4.825183391571045,4.4244232177734375,1.1771256923675537,1.0,0.045312299858778715,0.007056199945509434
1136,4.826287746429443,4.616286754608154,0.9154778718948364,1.0,0.0417219998780638,0.007296999916434288
1137,4.828055381774902,4.501399517059326,1.0531593561172485,1.0,0.03926119999960065,0.0069048001896589994
1138,4.829432964324951,4.36750602722168,1.1765238046646118,1.0,0.042024899972602725,0.00928799994289875
1139,4.829130172729492,4.519930839538574,1.0839451551437378,1.0,0.0416465001180768,0.007866499945521355
1140,4.82902717590332,4.516055583953857,1.0806901454925537,1.0,0.038308799965307117,0.009335100185126066
1141,4.828646659851074,4.26087760925293,1.1597446203231812,1.0,0.042918199906125665,0.0071702999994158745
1142,4.8268656730651855,4.351470470428467,1.1274902820587158,1.0,0.04326150007545948,0.00796209997497499
1143,4.824760913848877,4.363468647003174,1.1997523307800293,1.0,0.04297220008447766,0.007551699876785278
1144,4.8238725662231445,4.527589797973633,1.0860893726348877,1.0,0.04203109978698194,0.007170800119638443
1145,4.823030471801758,4.291969299316406,1.086198091506958,1.0,0.04318199981935322,0.0078706000931561
1146,4.822251319885254,4.304628372192383,1.2013717889785767,1.0,0.044831000035628676,0.006884800037369132
1147,4.821750640869141,4.6182403564453125,1.1398807764053345,1.0,0.04427869990468025,0.007877999916672707
1148,4.8220391273498535,4.462263107299805,0.9198256731033325,1.0,0.03892660001292825,0.0068270000629127026
1149,4.8225274085998535,4.19909143447876,1.0521223545074463,1.0,0.03921400010585785,0.010210099862888455
1150,4.822680473327637,4.548306465148926,1.1159887313842773,1.0,0.04131280002184212,0.008082800079137087
1151,4.821900367736816,4.504891872406006,1.1521344184875488,1.0,0.04403740004636347,0.006738000083714724
1152,4.8216986656188965,4.42590856552124,1.068414330482483,1.0,0.0452868000138551,0.009479800006374717
1153,4.821620464324951,4.134616374969482,1.022434115409851,1.0,0.042106600012630224,0.008015100145712495
1154,4.821136951446533,4.686520099639893,0.9225560426712036,1.0,0.042107499903067946,0.0075270000379532576
1155,4.821373462677002,4.314304351806641,0.9779223203659058,1.0,0.04376420006155968,0.007014899980276823
1156,4.820648670196533,4.5443501472473145,0.8248958587646484,1.0,0.05065590003505349,0.006638200022280216
1157,4.8192572593688965,4.207663059234619,0.7115273475646973,1.0,0.06948020006529987,0.02196200005710125
1158,4.818366527557373,4.46574068069458,0.9657951593399048,1.0,0.04000809998251498,0.007074200082570314
1159,4.816492080688477,4.4934844970703125,0.8811979293823242,1.0,0.03905049990862608,0.0061814000364393
1160,4.813751220703125,4.526586532592773,0.9751734733581543,1.0,0.04159760009497404,0.00845710001885891
1161,4.811341285705566,4.23846960067749,1.1314923763275146,1.0,0.042021899949759245,0.00725400005467236
1162,4.809422969818115,4.478548526763916,1.298478364944458,1.0,0.06353939999826252,0.0074842998292297125
1163,4.808626174926758,4.447646141052246,0.8896146416664124,1.0,0.08141730003990233,0.020412000128999352
1164,4.807797431945801,4.390927791595459,1.0915911197662354,1.0,0.03621329995803535,0.00782739999704063
1165,4.8079328536987305,4.371646404266357,0.8738220930099487,1.0,0.036100300028920174,0.008651299867779016
1166,4.808224678039551,4.4892096519470215,0.9594530463218689,1.0,0.04154119989834726,0.008030200144276023
1167,4.809453964233398,4.496952056884766,0.7877604961395264,1.0,0.04366170009598136,0.006669300142675638
1168,4.811504364013672,4.446190357208252,0.8539481163024902,1.0,0.04243810009211302,0.006662900093942881
1169,4.813532829284668,4.4402995109558105,1.1056511402130127,1.0,0.0388606998603791,0.006392300128936768
1170,4.8162126541137695,4.546255588531494,0.9911907911300659,1.0,0.03893549996428192,0.009398199850693345
1171,4.817083358764648,4.490139007568359,1.0981552600860596,1.0,0.03959430009126663,0.00762269995175302
1172,4.817631244659424,4.376823425292969,1.1593605279922485,1.0,0.047163299983367324,0.009282900020480156
1173,4.816189765930176,4.5085039138793945,0.8848495483398438,1.0,0.04686899995431304,0.011644799960777164
1174,4.8130292892456055,4.573896408081055,0.8342750072479248,1.0,0.056505899876356125,0.006976500153541565
1175,4.809433937072754,4.355777263641357,0.856969952583313,1.0,0.04918689979240298,0.01544389990158379
1176,4.807338714599609,4.512715816497803,1.1448607444763184,1.0,0.04041090002283454,0.008018799824640155
1177,4.805415153503418,4.471529006958008,1.1108710765838623,1.0,0.043832800118252635,0.006165199913084507
1178,4.803981781005859,4.558306694030762,0.9774006009101868,1.0,0.051138099981471896,0.012650799937546253
1179,4.802587032318115,4.382022857666016,0.9751080870628357,1.0,0.06254650000482798,0.012298099929466844
1180,4.801645278930664,4.542957782745361,0.8882396221160889,1.0,0.041196499951183796,0.007762499852105975
1181,4.800670623779297,4.097770690917969,1.1822218894958496,1.0,0.04156799986958504,0.0065929999109357595
1182,4.800471305847168,4.47526741027832,0.7938510179519653,1.0,0.042897799983620644,0.006488099927082658
1183,4.800645351409912,4.526103496551514,0.9257601499557495,1.0,0.04281980008818209,0.006343600107356906
1184,4.8016037940979,4.599430084228516,0.9208570718765259,1.0,0.03828059998340905,0.005842200014740229
1185,4.803628444671631,4.529890537261963,0.9294793009757996,1.0,0.03894140012562275,0.008321700152009726
1186,4.806105613708496,4.468809604644775,0.8489537239074707,1.0,0.03978479979559779,0.0072692998219281435
1187,4.8081440925598145,4.357779502868652,0.820724606513977,1.0,0.044013099977746606,0.007992699975147843
1188,4.809257984161377,4.361044883728027,0.831619381904602,1.0,0.042787699960172176,0.0067436001263558865
1189,4.81012487411499,4.299365043640137,0.9065433740615845,1.0,0.040029400028288364,0.00847009988501668
1190,4.81062126159668,4.491426944732666,0.7664777040481567,1.0,0.042713699862360954,0.011011000024154782
1191,4.809717178344727,4.382180690765381,0.99824458360672,1.0,0.044354100013151765,0.006847400218248367
1192,4.809091567993164,4.624831676483154,0.8957669734954834,1.0,0.04477289994247258,0.007561400067061186
1193,4.808496475219727,4.240352630615234,0.968014121055603,1.0,0.04275480005890131,0.00683439988642931
1194,4.807796955108643,4.425834655761719,1.085229516029358,1.0,0.04353099991567433,0.008579599903896451
1195,4.806880474090576,4.787842750549316,0.7758495807647705,1.0,0.044029599986970425,0.00810249987989664
1196,4.806155204772949,4.633575916290283,0.8103896379470825,1.0,0.04725420009344816,0.007821600185707211
1197,4.8048505783081055,4.330458164215088,1.0622978210449219,1.0,0.044863800052553415,0.0073818000964820385
1198,4.804192543029785,4.528985500335693,0.7874332070350647,1.0,0.044100399827584624,0.006993799936026335
1199,4.804514408111572,4.267979621887207,0.7292876243591309,1.0,0.04118399997241795,0.008835699874907732
1200,4.805025100708008,4.623509883880615,0.799629807472229,1.0,0.041998800123110414,0.008934600045904517
1201,4.805853843688965,4.367708206176758,0.832554280757904,1.0,0.04550979984924197,0.008147199871018529
1202,4.8061347007751465,4.551444053649902,0.6957808136940002,1.0,0.04416049993596971,0.007677099900320172
1203,4.805102825164795,4.387320518493652,0.7854825258255005,1.0,0.04531970014795661,0.007049600128084421
1204,4.803399085998535,4.374823093414307,1.2027065753936768,1.0,0.042678199941292405,0.00609829998575151
1205,4.800643444061279,4.54682731628418,0.640940248966217,1.0,0.03990569990128279,0.008625500136986375
1206,4.796736240386963,4.546414852142334,0.6629905700683594,1.0,0.03851610003039241,0.009743799921125174
1207,4.793990612030029,4.309037208557129,1.011479377746582,1.0,0.04645860008895397,0.008580999914556742
1208,4.79202938079834,4.468157768249512,1.113866925239563,1.0,0.04368650005199015,0.007621000055223703
1209,4.790137767791748,4.26661491394043,1.0277423858642578,1.0,0.04472039989195764,0.0076321999076753855
1210,4.788181304931641,4.138195037841797,1.160602331161499,1.0,0.04245790001004934,0.0068153999745845795
1211,4.785984039306641,4.3284173011779785,0.9791004061698914,1.0,0.03943439992144704,0.009650500025600195
1212,4.783778190612793,4.45048713684082,0.96073979139328,1.0,0.04514859989285469,0.01689139986410737
1213,4.782116889953613,4.374242782592773,0.871794581413269,1.0,0.043568599969148636,0.01003060000948608
1214,4.781754970550537,4.395080089569092,0.9590753316879272,1.0,0.044696800177916884,0.007856099866330624
1215,4.781788349151611,4.443420886993408,0.9807050228118896,1.0,0.04484000010415912,0.007746600080281496
1216,4.782776355743408,4.346147537231445,1.1212608814239502,1.0,0.0442523998208344,0.007321399869397283
1217,4.783163547515869,4.619335651397705,0.656003475189209,1.0,0.0430182998534292,0.0063801000360399485
1218,4.78264045715332,4.549263000488281,0.6282874345779419,1.0,0.041966100223362446,0.008297899970784783
1219,4.781382083892822,4.370447635650635,0.8723143339157104,1.0,0.03856330015696585,0.008045800030231476
1220,4.780307292938232,4.524174690246582,0.8191171884536743,1.0,0.03802570002153516,0.009761399822309613
1221,4.779324054718018,4.238807678222656,0.87721848487854,1.0,0.038310900097712874,0.00817959988489747
1222,4.779024600982666,4.520480155944824,0.8013777136802673,1.0,0.04136100015603006,0.007840600097551942
1223,4.778781414031982,4.324435710906982,0.8047350645065308,1.0,0.044366100104525685,0.006193600129336119
1224,4.779093265533447,4.448362827301025,1.261944055557251,1.0,0.04136779997497797,0.006943000014871359
1225,4.779863357543945,4.305379390716553,0.8208025097846985,1.0,0.03880830015987158,0.009092000080272555
1226,4.781105995178223,4.473750591278076,0.9253880977630615,1.0,0.039496200159192085,0.009414599975571036
1227,4.7827043533325195,4.316035747528076,0.9026263356208801,1.0,0.04417099989950657,0.007489100098609924
1228,4.783572196960449,4.545001029968262,0.752647340297699,1.0,0.04344599996693432,0.0066651999950408936
1229,4.783775329589844,4.572879314422607,0.703141450881958,1.0,0.042300199856981635,0.006500199902802706
1230,4.783867835998535,4.149272441864014,0.8818355202674866,1.0,0.03609279985539615,0.007596899988129735
1231,4.783744812011719,4.540412902832031,1.0193711519241333,1.0,0.0385406999848783,0.009388300124555826
1232,4.78308629989624,4.43818998336792,0.6967340111732483,1.0,0.0384166999720037,0.009163099806755781
1233,4.781553268432617,4.517023086547852,0.8920616507530212,1.0,0.04194539994932711,0.007565600099042058
1234,4.779275417327881,4.518453598022461,0.7001467943191528,1.0,0.04256350011564791,0.006822000024840236
1235,4.7771735191345215,4.529005527496338,0.8443254232406616,1.0,0.04341989988461137,0.007398399990051985
1236,4.7742767333984375,4.479821681976318,0.8800926208496094,1.0,0.03976129996590316,0.007730799959972501
1237,4.771428108215332,4.294209003448486,0.7945855259895325,1.0,0.039029099978506565,0.008979700040072203
1238,4.768754005432129,4.630711555480957,0.7349379062652588,1.0,0.0396542998496443,0.00913069979287684
1239,4.76643705368042,4.257404804229736,0.9097499847412109,1.0,0.041650200029835105,0.0073626001831144094
1240,4.765072345733643,4.083552837371826,1.050665259361267,1.0,0.04184990003705025,0.006810100050643086
1241,4.76359224319458,4.439226150512695,0.8856287002563477,1.0,0.03936009993776679,0.0066263999324291945
1242,4.76231575012207,4.3369140625,0.9077214002609253,1.0,0.03655149997211993,0.008029100019484758
1243,4.761369705200195,4.392869472503662,1.0002230405807495,1.0,0.039992800215259194,0.01424000016413629
1244,4.7609028816223145,4.478830337524414,0.6671692132949829,1.0,0.04230679990723729,0.007252699928358197
1245,4.760987281799316,4.265617847442627,1.0004609823226929,1.0,0.04115650011226535,0.007312899921089411
1246,4.761819839477539,4.4910078048706055,0.864670991897583,1.0,0.0428611000534147,0.007337099872529507
1247,4.76339054107666,4.548515796661377,0.7543973326683044,1.0,0.04326900001615286,0.006950900191441178
1248,4.765315055847168,4.146162986755371,0.7219210863113403,1.0,0.040862200083211064,0.006761699914932251
1249,4.767189025878906,4.19891881942749,0.9792008399963379,1.0,0.04284540005028248,0.008273500017821789
1250,4.768402099609375,4.452624320983887,0.9135384559631348,1.0,0.04236100008711219,0.007680500159040093
1251,4.769172668457031,4.245903491973877,1.1953948736190796,1.0,0.0387618001550436,0.006354199955239892
1252,4.769018173217773,4.422988414764404,0.8404718637466431,1.0,0.03776179999113083,0.009912200039252639
1253,4.769351959228516,4.475340843200684,0.6246575713157654,1.0,0.0430763999465853,0.008165099890902638
1254,4.769588947296143,4.412766933441162,0.7227374911308289,1.0,0.0424450000282377,0.00741420011036098
1255,4.76942777633667,4.415559768676758,0.740594208240509,1.0,0.04252080013975501,0.007422199938446283
1256,4.768839359283447,4.37982702255249,0.5482302904129028,1.0,0.040625699795782566,0.00751459994353354
1257,4.768357753753662,4.394894599914551,0.6194134950637817,1.0,0.042159599950537086,0.008274399908259511
1258,4.767509460449219,4.482593536376953,0.6526496410369873,1.0,0.04162749997340143,0.008436900097876787
1259,4.766456127166748,4.484504699707031,0.7378913760185242,1.0,0.041556900134310126,0.007578199962154031
1260,4.765731334686279,4.329297065734863,0.6507666110992432,1.0,0.0416203998029232,0.008282100083306432
1261,4.764767646789551,4.354953765869141,0.8424988389015198,1.0,0.04170430009253323,0.0075517999939620495
1262,4.763397216796875,4.207371711730957,0.6866135597229004,1.0,0.045329099986702204,0.007167499978095293
1263,4.762753009796143,4.3695969581604,0.7798759937286377,1.0,0.04602859984152019,0.007151699857786298
1264,4.762120723724365,4.2173237800598145,0.6935057640075684,1.0,0.04049409995786846,0.007155900122597814
1265,4.7616119384765625,4.381760597229004,0.7163079380989075,1.0,0.03845710004679859,0.009243599837645888
1266,4.761145114898682,4.6860504150390625,0.6940141320228577,1.0,0.041430999990552664,0.009461899986490607
1267,4.7611260414123535,4.2849297523498535,0.9483304023742676,1.0,0.039640899980440736,0.008505899924784899
1268,4.76167106628418,4.294898986816406,0.7530189156532288,1.0,0.0432438999414444,0.006525699980556965
1269,4.762706756591797,4.311902046203613,0.7975274324417114,1.0,0.04189500003121793,0.007074599852785468
1270,4.763425350189209,4.534704208374023,0.7267664074897766,1.0,0.04234759998507798,0.00717219989746809
1271,4.76399040222168,4.535307884216309,0.7187415957450867,1.0,0.04172579990699887,0.008166500134393573
1272,4.763885974884033,4.276234149932861,0.8431342244148254,1.0,0.04166410001926124,0.006926400121301413
1273,4.76326322555542,4.503945827484131,0.5843232870101929,1.0,0.03957669995725155,0.009221100015565753
1274,4.762301445007324,4.478212833404541,0.6815118193626404,1.0,0.042081200052052736,0.008386600064113736
1275,4.760112762451172,4.450643539428711,0.8939138650894165,1.0,0.044898000080138445,0.006789200007915497
1276,4.756856441497803,4.447286128997803,0.8803912997245789,1.0,0.046081600012257695,0.006975300144404173
1277,4.75416898727417,4.224714756011963,1.0222899913787842,1.0,0.04458560002967715,0.0071709000039845705
1278,4.7522430419921875,4.066858291625977,0.8706417083740234,1.0,0.04354889993555844,0.007001799996942282
1279,4.751075744628906,4.333323955535889,0.8551933765411377,1.0,0.04156040004454553,0.007958400063216686
1280,4.750676155090332,4.1359782218933105,0.9463324546813965,1.0,0.04725969978608191,0.009161700028926134
1281,4.750960826873779,4.229021072387695,0.7943440675735474,1.0,0.04078120016492903,0.007074099965393543
1282,4.751920700073242,4.266898155212402,0.7585762143135071,1.0,0.04047750006429851,0.006394700147211552
1283,4.7533721923828125,4.261717319488525,0.9451093077659607,1.0,0.03833489981479943,0.009906900115311146
1284,4.754886627197266,4.468739032745361,0.5707679390907288,1.0,0.04272860009223223,0.009127099998295307
1285,4.75678825378418,4.134606838226318,1.162163496017456,1.0,0.04564280016347766,0.006889000069350004
1286,4.75746488571167,4.398231506347656,0.6116830706596375,1.0,0.04634080012328923,0.007528600050136447
1287,4.757510185241699,4.543995380401611,0.861765444278717,1.0,0.054574100067839026,0.015838799998164177
1288,4.757331848144531,4.131422996520996,0.6878471374511719,1.0,0.041235500015318394,0.009764899965375662
1289,4.757591247558594,4.395089626312256,0.643992006778717,1.0,0.038961200043559074,0.010121200000867248
1290,4.756985664367676,4.445747375488281,0.6701807975769043,1.0,0.04221949982456863,0.00961249996908009
1291,4.755812168121338,4.497023105621338,0.6043294072151184,1.0,0.040645600063726306,0.007471299963071942
1292,4.754655838012695,4.272719860076904,0.7660729885101318,1.0,0.04257249995134771,0.00736199994571507
1293,4.753322601318359,4.5377960205078125,0.7494632005691528,1.0,0.04264939995482564,0.00661260006017983
1294,4.75217866897583,4.412993907928467,0.6647712588310242,1.0,0.03796660015359521,0.008932699915021658
1295,4.750947952270508,4.264945030212402,0.7926842570304871,1.0,0.04070889996364713,0.009484000038355589
1296,4.749824047088623,4.151719093322754,0.9141565561294556,1.0,0.04415699979290366,0.008133700117468834
1297,4.749797344207764,4.499163627624512,0.5922430753707886,1.0,0.039901699870824814,0.007277800003066659
1298,4.751010417938232,4.459549903869629,0.609096109867096,1.0,0.041722900001332164,0.007360199932008982
1299,4.752774238586426,4.32149600982666,0.9022219181060791,1.0,0.04269429994747043,0.006577000021934509
1300,4.7532854080200195,4.351203918457031,0.9717555642127991,1.0,0.041231200098991394,0.006341499974951148
1301,4.752389430999756,4.359309196472168,0.6342737078666687,1.0,0.04130849987268448,0.008022800087928772
1302,4.749553680419922,4.39643669128418,0.780727744102478,1.0,0.047556000063195825,0.007897199830040336
1303,4.746755123138428,4.485742092132568,0.6380375623703003,1.0,0.05108250002376735,0.009215099969878793
1304,4.743494033813477,4.4236297607421875,0.7071350812911987,1.0,0.05749560007825494,0.012062600115314126
1305,4.741509914398193,4.325985431671143,0.5831195116043091,1.0,0.04503619996830821,0.011570499977096915
1306,4.740738868713379,4.357739448547363,0.7353842258453369,1.0,0.045029399916529655,0.007406499935314059
1307,4.740049362182617,4.346774101257324,0.8694851994514465,1.0,0.05076440004631877,0.007423300063237548
1308,4.739184856414795,4.439675807952881,0.8064437508583069,1.0,0.05446469993330538,0.007042400073260069
1309,4.738312721252441,4.138907432556152,0.7345899343490601,1.0,0.040665300097316504,0.007793699856847525
1310,4.737690448760986,4.307134628295898,0.644294798374176,1.0,0.0440134999807924,0.012719499878585339
1311,4.737267017364502,4.464706897735596,0.5794349312782288,1.0,0.040068200090900064,0.00792759982869029
1312,4.737241744995117,4.428580284118652,0.763404369354248,1.0,0.04313399991951883,0.006810699822381139
1313,4.737869739532471,4.082673072814941,0.9809004068374634,1.0,0.04323070007376373,0.007512199925258756
1314,4.738767147064209,4.367427825927734,0.7202661633491516,1.0,0.050823899917304516,0.009657899849116802
1315,4.7398176193237305,4.418638229370117,0.5829919576644897,1.0,0.038843599846586585,0.0062061999924480915
1316,4.739913463592529,4.4485368728637695,0.5895447731018066,1.0,0.04587400006130338,0.009724900126457214
1317,4.739208698272705,4.150019645690918,0.8405790328979492,1.0,0.04287889995612204,0.007657699985429645
1318,4.738584995269775,4.11548376083374,0.6661608219146729,1.0,0.04135360009968281,0.007967299781739712
1319,4.738397121429443,4.240663528442383,0.7569078803062439,1.0,0.04291469999589026,0.008307300042361021
1320,4.738235950469971,4.362433433532715,0.8499875068664551,1.0,0.043573500122874975,0.00857280008494854
1321,4.738524913787842,4.317178249359131,0.5235435366630554,1.0,0.041653400054201484,0.007476000115275383
1322,4.739010810852051,4.1846604347229,0.7039411664009094,1.0,0.0449286000803113,0.007081699790433049
1323,4.740090370178223,4.619387149810791,0.6677712202072144,1.0,0.04555049980990589,0.007247100118547678
1324,4.740336894989014,4.459490776062012,0.7651631832122803,1.0,0.05069150007329881,0.006822099909186363
1325,4.740442752838135,4.1766252517700195,0.7385742664337158,1.0,0.04366969992406666,0.007872400106862187
1326,4.740136623382568,4.549812316894531,0.5259051322937012,1.0,0.03861619997769594,0.009578200057148933
1327,4.739523410797119,4.34127950668335,0.5922210216522217,1.0,0.040479399962350726,0.01056700013577938
1328,4.738665580749512,4.5131306648254395,0.6498533487319946,1.0,0.04758310015313327,0.007830899907276034
1329,4.737576007843018,4.557925701141357,0.6490384340286255,1.0,0.04671149980276823,0.007845600135624409
1330,4.7380571365356445,4.245725631713867,0.6621558666229248,1.0,0.047472900012508035,0.0073998000007122755
1331,4.737942695617676,4.21315336227417,0.8914221525192261,1.0,0.04504929995164275,0.010267100064083934
1332,4.738500118255615,4.5487165451049805,0.6194521188735962,1.0,0.07690360001288354,0.013919699937105179
1333,4.738701820373535,4.511799335479736,0.56877601146698,1.0,0.0502036998514086,0.013631599955260754
1334,4.739186763763428,4.550586700439453,0.769692063331604,1.0,0.049812700133770704,0.007138499990105629
1335,4.739916801452637,4.410096645355225,0.9160439372062683,1.0,0.04442410008050501,0.00728060002438724
1336,4.740534782409668,4.379512310028076,0.7238491177558899,1.0,0.04035130003467202,0.008008499862626195
1337,4.741096019744873,4.460731506347656,0.6882354617118835,1.0,0.05419909977354109,0.008926700102165341
1338,4.742248058319092,4.5427141189575195,0.58577561378479,1.0,0.04406720004044473,0.008137499913573265
1339,4.742870807647705,4.485998630523682,0.7612541317939758,1.0,0.05033750017173588,0.008081800071522593
1340,4.7424421310424805,4.314228057861328,0.6657645106315613,1.0,0.055952300084754825,0.006970700109377503
1341,4.741222381591797,4.34634256362915,0.6865046620368958,1.0,0.04608349991030991,0.00873600016348064
1342,4.740577220916748,4.306640148162842,0.7144759297370911,1.0,0.05198970017954707,0.008402599953114986
1343,4.739063262939453,4.423559665679932,0.8031545281410217,1.0,0.052694099955260754,0.008926099864766002
1344,4.737576007843018,4.123924732208252,0.8082807064056396,1.0,0.05047379992902279,0.012660900130867958
1345,4.737455368041992,4.393566131591797,0.6639519333839417,1.0,0.05675209988839924,0.006615799851715565
1346,4.73786735534668,4.466821193695068,0.595447838306427,1.0,0.04563860013149679,0.008068199967965484
1347,4.738189220428467,4.641526699066162,0.5781416296958923,1.0,0.046032699989154935,0.008056999882683158
1348,4.738397121429443,4.540960788726807,0.5562369227409363,1.0,0.04417119990102947,0.007677600020542741
1349,4.738485813140869,4.453430652618408,0.8017478585243225,1.0,0.052285399986431,0.007652999833226204
1350,4.739617824554443,4.465250015258789,0.7526229619979858,1.0,0.04326750012114644,0.007456699851900339
1351,4.740605354309082,4.458454132080078,0.5389806628227234,1.0,0.03934910008683801,0.008712799986824393
1352,4.7408270835876465,4.343551158905029,0.8566131591796875,1.0,0.04169730003923178,0.009567399974912405
1353,4.741243362426758,4.269871711730957,0.7556250095367432,1.0,0.04650620021857321,0.00856649992056191
1354,4.7416205406188965,4.659185886383057,0.6038318872451782,1.0,0.04504610016010702,0.008670000126585364
1355,4.741581439971924,4.446276664733887,0.8247285485267639,1.0,0.044090500101447105,0.006567199947312474
1356,4.740926742553711,4.477244853973389,0.5899759531021118,1.0,0.046676000114530325,0.007213500095531344
1357,4.740367412567139,4.10970401763916,0.7160356044769287,1.0,0.0450721001252532,0.007102800067514181
1358,4.739310264587402,4.291718006134033,0.6730368137359619,1.0,0.03634779993444681,0.011692000087350607
1359,4.7384114265441895,4.294516563415527,0.8222014904022217,1.0,0.07927470002323389,0.007846199907362461
1360,4.738163948059082,4.394191741943359,0.5845084190368652,1.0,0.054346400080248713,0.009292999980971217
1361,4.738136291503906,4.26509428024292,0.5574360489845276,1.0,0.053055499913170934,0.009918199852108955
1362,4.738248825073242,4.250279903411865,0.5409940481185913,1.0,0.052289499901235104,0.008331699995324016
1363,4.738102436065674,4.337545394897461,0.7209643721580505,1.0,0.046130500035360456,0.007286899955943227
1364,4.7378458976745605,4.4276885986328125,0.784603476524353,1.0,0.043650100007653236,0.0076055999379605055
1365,4.7378716468811035,4.205589294433594,0.8236545920372009,1.0,0.0392295999918133,0.01102470001205802
1366,4.738559722900391,4.292369842529297,0.711947500705719,1.0,0.040552600054070354,0.01052209991030395
1367,4.73893404006958,4.311835765838623,0.7240074872970581,1.0,0.044057599967345595,0.00836639991030097
1368,4.7387847900390625,4.389074802398682,0.7205733060836792,1.0,0.04475759994238615,0.008950399933382869
1369,4.739040374755859,4.139418125152588,0.7320041656494141,1.0,0.045967800077050924,0.008051700191572309
1370,4.737955570220947,4.45476770401001,0.6314907670021057,1.0,0.04691359982825816,0.007577999960631132
1371,4.737438201904297,4.257789611816406,0.5541978478431702,1.0,0.045093800174072385,0.007091300096362829
1372,4.736505508422852,4.548151016235352,0.6202235221862793,1.0,0.04193999990820885,0.007690099999308586
1373,4.7358078956604,4.3801703453063965,0.6343802213668823,1.0,0.044263900024816394,0.009551400085911155
1374,4.736363410949707,4.207827568054199,0.6654808521270752,1.0,0.039639699971303344,0.008611900033429265
1375,4.737283229827881,4.39045524597168,0.5446950197219849,1.0,0.03949239989742637,0.009741900023072958
1376,4.7371039390563965,4.167751312255859,0.8385201692581177,1.0,0.04267439991235733,0.007863299921154976
1377,4.7368292808532715,4.405424118041992,0.6170070171356201,1.0,0.044804499950259924,0.007932099979370832
1378,4.7374186515808105,4.3159565925598145,0.8693923950195312,1.0,0.047128799837082624,0.00800469983369112
1379,4.738740921020508,4.345040321350098,0.5452893376350403,1.0,0.04310030001215637,0.007004200015217066
1380,4.740219593048096,4.261669158935547,0.8723310232162476,1.0,0.04265250009484589,0.00780189991928637
1381,4.7424211502075195,4.369536399841309,0.5895864367485046,1.0,0.0419382001273334,0.009991100057959557
1382,4.744078636169434,4.363061428070068,0.5950695276260376,1.0,0.04496960015967488,0.00887340004555881
1383,4.744649887084961,4.429653644561768,0.6164796352386475,1.0,0.042137199779972434,0.009640100179240108
1384,4.7447943687438965,4.61020040512085,0.6497271060943604,1.0,0.04386719991452992,0.007447400130331516
1385,4.74452018737793,4.187431812286377,0.7689441442489624,1.0,0.04418849991634488,0.006977100158110261
1386,4.745019912719727,4.364314079284668,0.7867282032966614,1.0,0.04141569999046624,0.006620300002396107
1387,4.745248317718506,4.508123397827148,0.6556968092918396,1.0,0.04061100003309548,0.010607500094920397
1388,4.746168613433838,4.523444652557373,0.6579513549804688,1.0,0.03847100003622472,0.007832400035113096
1389,4.747169494628906,4.325325012207031,0.575098991394043,1.0,0.04125009989365935,0.007572599919512868
1390,4.748191833496094,4.2750630378723145,0.7588074803352356,1.0,0.04355770000256598,0.007701599970459938
1391,4.748526096343994,4.403639316558838,0.5659877061843872,1.0,0.04009960009716451,0.008193299872800708
1392,4.7494797706604,4.0334792137146,0.903874933719635,1.0,0.041354000102728605,0.007420999929308891
1393,4.750015735626221,4.328541278839111,0.69976407289505,1.0,0.04057749989442527,0.006684200139716268
1394,4.750288009643555,4.394025802612305,0.6522873044013977,1.0,0.03987910016439855,0.008121700026094913
1395,4.749930381774902,4.253635406494141,1.0011346340179443,1.0,0.03953179996460676,0.0090423000510782
1396,4.749980449676514,4.44516134262085,0.5975459218025208,1.0,0.04099770006723702,0.00746010011062026
1397,4.749569892883301,4.200713634490967,0.855900228023529,1.0,0.040802699979394674,0.007685499964281917
1398,4.749344348907471,4.4644856452941895,0.7142083048820496,1.0,0.042931699892506,0.006817899877205491
1399,4.749765396118164,4.3599371910095215,0.8547871708869934,1.0,0.043932200176641345,0.006720100063830614
1400,4.750148773193359,4.331912517547607,0.6388646364212036,1.0,0.041621899930760264,0.007054900052025914
1401,4.750666618347168,4.1174468994140625,0.7225293517112732,1.0,0.04291140008717775,0.009316000156104565
1402,4.7514543533325195,4.434636116027832,0.6738965511322021,1.0,0.04328219988383353,0.007680600043386221
1403,4.75244140625,4.316810131072998,0.5535327196121216,1.0,0.04099810007028282,0.008967899950221181
1404,4.752438545227051,4.227694511413574,0.6920363903045654,1.0,0.043311500223353505,0.007558899931609631
1405,4.752213954925537,4.3803839683532715,0.45817604660987854,1.0,0.046600200003013015,0.007108199875801802
1406,4.751977920532227,4.153480052947998,0.643703281879425,1.0,0.04429659992456436,0.008318400010466576
1407,4.752130031585693,4.444931983947754,0.45829328894615173,1.0,0.0483585000038147,0.00654910015873611
1408,4.7521443367004395,4.110536098480225,0.9201639294624329,1.0,0.04889669991098344,0.008804300101473927
1409,4.751387596130371,4.265696048736572,0.6317955851554871,1.0,0.047397700138390064,0.007308600004762411
1410,4.750147342681885,4.62978458404541,0.5414542555809021,1.0,0.043803400127217174,0.00693550007417798
1411,4.749698162078857,4.377627849578857,0.5769219994544983,1.0,0.03903490002267063,0.006600799970328808
1412,4.749013423919678,4.311837196350098,0.6030358076095581,1.0,0.04042170010507107,0.008222299860790372
1413,4.748705863952637,4.246426582336426,0.5657987594604492,1.0,0.042406999971717596,0.010232000146061182
1414,4.749202728271484,4.271353721618652,0.5480344891548157,1.0,0.08510629995726049,0.012154400115832686
1415,4.7492356300354,4.413431167602539,0.4887930750846863,1.0,0.03823549998924136,0.009218599880114198
1416,4.748645782470703,4.292924880981445,0.5543664693832397,1.0,0.04174829996190965,0.008856800151988864
1417,4.748027801513672,4.571649074554443,0.5294284224510193,1.0,0.04341390007175505,0.007396599976345897
1418,4.747653961181641,4.059202671051025,0.6664285659790039,1.0,0.04336250014603138,0.007071200059726834
1419,4.747285842895508,4.3164167404174805,0.44131094217300415,1.0,0.043929400155320764,0.007004499901086092
1420,4.746409893035889,4.077383995056152,0.5614461898803711,1.0,0.04336929996497929,0.006789800012484193
1421,4.745564937591553,4.241886615753174,0.6495773792266846,1.0,0.043302700156345963,0.009113300126045942
1422,4.744724273681641,4.307998180389404,0.6317222714424133,1.0,0.044044400099664927,0.012145500164479017
1423,4.743431091308594,4.2871479988098145,0.6852259635925293,1.0,0.04026590008288622,0.006703499937430024
1424,4.742906093597412,4.2305426597595215,0.5919364094734192,1.0,0.04208980011753738,0.007905800128355622
1425,4.742697238922119,4.559962272644043,0.4823188781738281,1.0,0.044223699951544404,0.007083600154146552
1426,4.7427287101745605,4.339041233062744,0.6067953109741211,1.0,0.04504660004749894,0.007150300079956651
1427,4.742941379547119,4.302680492401123,0.6145095825195312,1.0,0.04554440011270344,0.0072310001123696566
1428,4.74311637878418,4.472671985626221,0.574356734752655,1.0,0.04225960001349449,0.0077181002125144005
1429,4.743302822113037,4.268356800079346,0.7229995131492615,1.0,0.04841959988698363,0.008130399975925684
1430,4.743842601776123,4.4636640548706055,0.7054558992385864,1.0,0.051869299961254,0.006764900172129273
1431,4.744773864746094,4.396267890930176,0.5460494160652161,1.0,0.044108400121331215,0.00873809983022511
1432,4.744687080383301,4.378391742706299,0.5535666346549988,1.0,0.040722900070250034,0.008652999997138977
1433,4.744196891784668,4.548653602600098,0.597697913646698,1.0,0.05585200013592839,0.01075540017336607
1434,4.743347644805908,4.277097225189209,0.5637644529342651,1.0,0.046065400121733546,0.008248700061812997
1435,4.741368293762207,4.140950679779053,0.7172257304191589,1.0,0.052117199869826436,0.0069929000455886126
1436,4.739626884460449,4.267879486083984,0.8482950925827026,1.0,0.052317800000309944,0.007010800065472722
1437,4.738738536834717,4.446830749511719,0.6474003791809082,1.0,0.05009280005469918,0.015499399974942207
1438,4.7384467124938965,4.471066474914551,0.5209413170814514,1.0,0.042286899872124195,0.006360499886795878
1439,4.738010406494141,4.138474464416504,0.6882238984107971,1.0,0.04118980001658201,0.006658699829131365
1440,4.737555027008057,4.218313217163086,0.7550839185714722,1.0,0.04261100012809038,0.009240999817848206
1441,4.736526012420654,4.291882514953613,0.672478437423706,1.0,0.04380789981223643,0.0069796999450773
1442,4.736586570739746,4.382274627685547,0.6153135299682617,1.0,0.04426750005222857,0.0068066001404076815
1443,4.736526966094971,4.203163146972656,0.5467390418052673,1.0,0.041954000014811754,0.007471499964594841
1444,4.735524654388428,4.412675857543945,0.5515027642250061,1.0,0.04424290009774268,0.006698200013488531
1445,4.734516620635986,4.332070350646973,0.5376605987548828,1.0,0.04290709993802011,0.006635800004005432
1446,4.733392238616943,4.0046281814575195,0.5898942351341248,1.0,0.04252790007740259,0.0077315999660640955
1447,4.73230504989624,4.5508599281311035,0.5628487467765808,1.0,0.04049489996396005,0.006838199915364385
1448,4.731170654296875,4.294748306274414,0.6851816177368164,1.0,0.04074269998818636,0.0075205001048743725
1449,4.730184555053711,4.336374759674072,0.6455291509628296,1.0,0.043786399997770786,0.007561699952930212
1450,4.729998588562012,4.445287704467773,0.5430291295051575,1.0,0.04283310007303953,0.006926400121301413
1451,4.730518341064453,4.196467399597168,0.6728611588478088,1.0,0.042789499973878264,0.0066812001168727875
1452,4.731255054473877,4.330938339233398,0.6332381963729858,1.0,0.03929769992828369,0.007086799945682287
1453,4.732390403747559,4.511780738830566,0.5803684592247009,1.0,0.04109700000844896,0.009041100041940808
1454,4.733334541320801,4.3697509765625,0.6450076103210449,1.0,0.03946910006925464,0.00836479989811778
1455,4.733850002288818,4.41498327255249,0.706888735294342,1.0,0.040666199987754226,0.008542299969121814
1456,4.734275817871094,4.459932804107666,0.6252079606056213,1.0,0.04093159991316497,0.008306100033223629
1457,4.7341389656066895,4.391748905181885,0.5712614059448242,1.0,0.04194859997369349,0.006913300137966871
1458,4.73399019241333,4.279704570770264,0.46926143765449524,1.0,0.04177830019034445,0.007113900035619736
1459,4.734142780303955,4.049740314483643,0.7215299606323242,1.0,0.04493320011533797,0.006299600005149841
1460,4.733077526092529,4.209300994873047,0.513038694858551,1.0,0.04063149983994663,0.007387200137600303
1461,4.731871604919434,4.362066745758057,0.6258909106254578,1.0,0.04224970005452633,0.008374999975785613
1462,4.730297565460205,4.326035976409912,0.5410472750663757,1.0,0.04034129995852709,0.007987200049683452
1463,4.728898525238037,4.32198429107666,0.6722800135612488,1.0,0.038894700119271874,0.009327300125733018
1464,4.727773666381836,4.384050369262695,0.577066957950592,1.0,0.041025999933481216,0.00735139986500144
1465,4.7276177406311035,4.446084976196289,0.5860363841056824,1.0,0.0425074000377208,0.008001799928024411
1466,4.727168083190918,4.294055461883545,0.608450174331665,1.0,0.04576399992220104,0.006254500010982156
1467,4.7277140617370605,4.387589931488037,0.5937827825546265,1.0,0.04455349990166724,0.007203799905255437
1468,4.728330612182617,4.421574115753174,0.6829420924186707,1.0,0.04227139987051487,0.0063858001958578825
1469,4.729106426239014,4.646958827972412,0.49745750427246094,1.0,0.04240499995648861,0.0073667000979185104
1470,4.729557514190674,4.326966762542725,0.6879481077194214,1.0,0.04099840018898249,0.010197700001299381
1471,4.729516506195068,4.407960891723633,0.4169919490814209,1.0,0.04135559988208115,0.008686000015586615
1472,4.729240894317627,4.223483085632324,0.5056992769241333,1.0,0.04174280003644526,0.009955100016668439
1473,4.728945732116699,4.102729320526123,0.6862835884094238,1.0,0.04774489998817444,0.008030499797314405
1474,4.728753089904785,4.4464640617370605,0.5879547595977783,1.0,0.04746040003374219,0.007970500038936734
1475,4.728609085083008,4.192950248718262,0.5516151189804077,1.0,0.0446210999507457,0.00653819995932281
1476,4.728443622589111,4.264476299285889,0.6504262089729309,1.0,0.04364059981890023,0.006516800029203296
1477,4.727749824523926,4.230822563171387,0.6439814567565918,1.0,0.04513589991256595,0.008806800004094839
1478,4.7267165184021,4.171130657196045,0.6675455570220947,1.0,0.04207599977962673,0.008250199956819415
1479,4.726369380950928,4.418477535247803,0.6454581618309021,1.0,0.04086529999040067,0.00894750002771616
1480,4.726890563964844,4.313889980316162,0.736515462398529,1.0,0.040510900085791945,0.009097600122913718
1481,4.727077960968018,4.316682815551758,0.6131839752197266,1.0,0.04510530014522374,0.00804660003632307
1482,4.7278666496276855,4.365635871887207,0.5921728610992432,1.0,0.043436599895358086,0.008225400000810623
1483,4.728738784790039,4.139285564422607,0.7545732259750366,1.0,0.046432900009676814,0.007613899884745479
1484,4.729660987854004,4.33073616027832,0.6046351790428162,1.0,0.043750999961048365,0.006930500036105514
1485,4.730897426605225,4.383763313293457,0.6120244264602661,1.0,0.04044770007021725,0.007647699909284711
1486,4.7314629554748535,4.541386604309082,0.47391214966773987,1.0,0.042370100039988756,0.00873570004478097
1487,4.732095241546631,4.403591156005859,0.5768713355064392,1.0,0.04151510004885495,0.009105199947953224
1488,4.73211669921875,4.260811805725098,0.5205506682395935,1.0,0.04487180011346936,0.007042099954560399
1489,4.7309889793396,4.278604984283447,0.4509890675544739,1.0,0.043135999934747815,0.00687599997036159
1490,4.7299418449401855,4.224045276641846,0.5758472681045532,1.0,0.04456369997933507,0.006817599991336465
1491,4.728615760803223,4.550073146820068,0.4197569489479065,1.0,0.04457279993221164,0.006576200015842915
1492,4.727293968200684,4.2783331871032715,0.5482644438743591,1.0,0.043500399915501475,0.0066362000070512295
1493,4.726334571838379,4.550699710845947,0.4138428568840027,1.0,0.040717399911955,0.007273500086739659
1494,4.725278854370117,4.408564567565918,0.47792595624923706,1.0,0.04143920005299151,0.008586999960243702
1495,4.724541664123535,4.433956146240234,0.571438193321228,1.0,0.04301489982753992,0.008041599998250604
1496,4.723965644836426,4.229771137237549,0.7303645014762878,1.0,0.04350270004943013,0.008587799966335297
1497,4.724165916442871,4.461409568786621,0.5507705807685852,1.0,0.039115200052037835,0.008891599951311946
1498,4.7237467765808105,4.321876049041748,0.7483660578727722,1.0,0.03765069996006787,0.010626999894157052
1499,4.723532199859619,4.359667778015137,0.5394687652587891,1.0,0.04039770015515387,0.007648400031030178
1500,4.724030017852783,4.104975700378418,0.5637246966362,1.0,0.04286389984190464,0.006960300030186772
1501,4.724858283996582,4.400216579437256,0.5851500034332275,1.0,0.041938999900594354,0.00631180009804666
1502,4.725437641143799,4.244508266448975,0.5109597444534302,1.0,0.04192980006337166,0.008100700099021196
1503,4.725820064544678,4.256884574890137,0.7337361574172974,1.0,0.041627599857747555,0.006248200079426169
1504,4.726987361907959,4.424574375152588,0.5368094444274902,1.0,0.04049260006286204,0.009003499988466501
1505,4.727635383605957,4.28179407119751,0.45684850215911865,1.0,0.04372760001569986,0.007490399992093444
1506,4.727391719818115,4.16745138168335,0.6950799822807312,1.0,0.04275610018521547,0.0075020999647676945
1507,4.726702690124512,4.3511962890625,0.7619309425354004,1.0,0.04243159992620349,0.007855500094592571
1508,4.725871562957764,4.213043212890625,0.566981852054596,1.0,0.04153839987702668,0.006445999955758452
1509,4.7252888679504395,4.414504051208496,0.4697897434234619,1.0,0.04173840000294149,0.007977799978107214
1510,4.7250752449035645,4.3005475997924805,0.6004379987716675,1.0,0.0404059998691082,0.006435000104829669
1511,4.724869728088379,4.3567986488342285,0.7279634475708008,1.0,0.03987149987369776,0.009198300074785948
1512,4.724033832550049,4.470734596252441,0.549104630947113,1.0,0.044352700002491474,0.007807200076058507
1513,4.723513126373291,4.229327201843262,0.5726408362388611,1.0,0.0466448999941349,0.007804499939084053
1514,4.723124980926514,3.9663498401641846,0.6656709909439087,1.0,0.042927199974656105,0.00653819995932281
1515,4.722494602203369,4.2869181632995605,0.565324068069458,1.0,0.04264299990609288,0.006948299938812852
1516,4.722175598144531,4.138874053955078,0.7664767503738403,1.0,0.03945809998549521,0.006802299991250038
1517,4.72199821472168,4.300765037536621,0.6507890224456787,1.0,0.04138879990205169,0.008891399949789047
1518,4.7224202156066895,4.181445598602295,0.6828503608703613,1.0,0.040876900078728795,0.007444899994879961
1519,4.723106861114502,4.404129981994629,0.6511589884757996,1.0,0.03901070007123053,0.00806450005620718
1520,4.723532676696777,4.2392659187316895,0.6390527486801147,1.0,0.045505400048568845,0.007985200034454465
1521,4.723731517791748,4.200239181518555,0.7811764478683472,1.0,0.043177800020202994,0.007626600097864866
1522,4.723433494567871,4.250401496887207,0.5490170121192932,1.0,0.04289180017076433,0.006682399893179536
1523,4.724383354187012,4.271165370941162,0.5280835032463074,1.0,0.04271159996278584,0.006925699999555945
1524,4.724472999572754,4.512035846710205,0.49196603894233704,1.0,0.03963099978864193,0.006826500175520778
1525,4.723312854766846,4.295841217041016,0.5078423023223877,1.0,0.03743249992839992,0.00820479984395206
1526,4.7218194007873535,4.1885857582092285,0.7811098098754883,1.0,0.03808020008727908,0.009798899991437793
1527,4.7190117835998535,4.163967132568359,0.6496678590774536,1.0,0.039270499954000115,0.007833100156858563
1528,4.716211318969727,4.161941051483154,0.7483469843864441,1.0,0.042505300138145685,0.007936300011351705
1529,4.713834285736084,4.336233615875244,0.561777651309967,1.0,0.0405260999687016,0.006530199898406863
1530,4.712617874145508,4.47890567779541,0.6661568284034729,1.0,0.042325800051912665,0.00830450002104044
1531,4.71223783493042,4.119839191436768,0.8067823052406311,1.0,0.04218259989283979,0.006963600171729922
1532,4.7117919921875,4.514538764953613,0.5284728407859802,1.0,0.037517499877139926,0.009351399959996343
1533,4.711529731750488,4.365184783935547,0.6414117217063904,1.0,0.0653848999645561,0.006089099915698171
1534,4.7108235359191895,4.3712334632873535,0.6080501675605774,1.0,0.06312540010549128,0.006678800098598003
1535,4.711082935333252,4.55750036239624,0.49004828929901123,1.0,0.06104560010135174,0.00876659993082285
1536,4.711365222930908,4.325718402862549,0.5405524373054504,1.0,0.045200000051409006,0.00913079991005361
1537,4.7118611335754395,4.280646800994873,0.5508432984352112,1.0,0.04538929997943342,0.007592099951580167
1538,4.712440490722656,4.362611293792725,0.44868284463882446,1.0,0.03971439995802939,0.006403299979865551
1539,4.713232040405273,4.475672245025635,0.5466058254241943,1.0,0.03999010007828474,0.007939699804410338
1540,4.714359283447266,4.40740442276001,0.5039839148521423,1.0,0.03791470010764897,0.0085873999632895
1541,4.7160563468933105,4.2752485275268555,0.4974444508552551,1.0,0.0464623998850584,0.0076407999731600285
1542,4.7160468101501465,4.271081447601318,0.5281588435173035,1.0,0.04427940002642572,0.006870100041851401
1543,4.715692520141602,4.387634754180908,0.41845494508743286,1.0,0.04575529997237027,0.011606500018388033
1544,4.714524269104004,4.189305782318115,0.5870411992073059,1.0,0.04864089982584119,0.0067939001601189375
1545,4.713207244873047,4.309004783630371,0.4884451627731323,1.0,0.041610300075262785,0.008125099819153547
1546,4.712043285369873,4.263904571533203,0.6914123296737671,1.0,0.04107749997638166,0.012073499849066138
1547,4.711733341217041,4.061783313751221,0.7516008615493774,1.0,0.040079900063574314,0.011669700033962727
1548,4.711352825164795,4.18882942199707,0.607731282711029,1.0,0.058722499990835786,0.012185100000351667
1549,4.7107014656066895,4.25169038772583,0.5208277702331543,1.0,0.047850399976596236,0.009354099864140153
1550,4.709763050079346,4.29544734954834,0.5653924345970154,1.0,0.04063249984756112,0.007961299968883395
1551,4.7092390060424805,4.215682506561279,0.674889326095581,1.0,0.0474933001678437,0.007483300054445863
1552,4.708688259124756,4.493192672729492,0.4504225254058838,1.0,0.04430910013616085,0.007331499829888344
1553,4.708432674407959,4.313178539276123,0.5974950790405273,1.0,0.040293600177392364,0.006078300066292286
1554,4.70822286605835,4.347089767456055,0.6388463377952576,1.0,0.04142719996161759,0.007732500089332461
1555,4.708347320556641,4.322447299957275,0.536374568939209,1.0,0.039977499982342124,0.008264400064945221
1556,4.708703994750977,4.263843059539795,0.4893854856491089,1.0,0.03954240004532039,0.01024980004876852
1557,4.709366321563721,4.181286811828613,0.5739352703094482,1.0,0.04285379988141358,0.008327699964866042
1558,4.709877014160156,4.5226922035217285,0.4178265929222107,1.0,0.0494007000233978,0.013260100036859512
1559,4.709486961364746,4.276108741760254,0.5248857140541077,1.0,0.049322000006213784,0.00804820004850626
1560,4.708691120147705,4.3103532791137695,0.4737626314163208,1.0,0.0512190000154078,0.007867399835959077
1561,4.7082438468933105,4.216740608215332,0.5487571954727173,1.0,0.06246050004847348,0.006397299934178591
1562,4.707080364227295,4.298983573913574,0.5551432371139526,1.0,0.0518654000479728,0.00785840000025928
1563,4.705498695373535,4.28046989440918,0.6453831195831299,1.0,0.03594140009954572,0.006789200007915497
1564,4.7035017013549805,4.468639850616455,0.6877824068069458,1.0,0.03856280003674328,0.010488100117072463
1565,4.701778888702393,4.143373966217041,0.6220632791519165,1.0,0.04799770005047321,0.006945400033146143
1566,4.700676918029785,4.351710796356201,0.5107506513595581,1.0,0.04569720011204481,0.0064403999131172895
1567,4.700259208679199,4.317394256591797,0.6432527303695679,1.0,0.04163510003127158,0.008146899985149503
1568,4.700058937072754,4.220999717712402,0.7784428596496582,1.0,0.048787400126457214,0.0087461001239717
1569,4.700297832489014,4.305011749267578,0.6301561594009399,1.0,0.04260629997588694,0.010430000023916364
1570,4.700002193450928,4.315391540527344,0.5285354852676392,1.0,0.042485699988901615,0.009964599972590804
1571,4.698855400085449,4.185703277587891,0.6159976720809937,1.0,0.045562599785625935,0.008175999857485294
1572,4.698096752166748,4.196957588195801,0.6280521154403687,1.0,0.04073250014334917,0.007002600003033876
1573,4.697731018066406,4.291995048522949,0.5859703421592712,1.0,0.04294979991391301,0.006989100016653538
1574,4.6965532302856445,4.217494010925293,0.5900107622146606,1.0,0.040802699979394674,0.006328999996185303
1575,4.694906711578369,4.480096340179443,0.780755341053009,1.0,0.0427133000921458,0.00920349988155067
1576,4.693777084350586,4.207546710968018,0.5873709917068481,1.0,0.04135899990797043,0.00636660004965961
1577,4.693075656890869,4.3884806632995605,0.5997264981269836,1.0,0.04076899983920157,0.009749799966812134
1578,4.69237756729126,4.122633457183838,0.5963263511657715,1.0,0.04249250004068017,0.0075218998827040195
1579,4.6917500495910645,4.132782459259033,0.6437665820121765,1.0,0.04394170013256371,0.007250100141391158
1580,4.691283226013184,4.2665486335754395,0.57390296459198,1.0,0.04614160000346601,0.008383500156924129
1581,4.691220283508301,4.291562557220459,0.5121771097183228,1.0,0.044210199965164065,0.0074726000893861055
1582,4.691237926483154,4.242599010467529,0.7141804695129395,1.0,0.04395759990438819,0.006808799924328923
1583,4.6909356117248535,4.0590925216674805,0.5977055430412292,1.0,0.04221859993413091,0.008534600026905537
1584,4.690735816955566,4.247289180755615,0.5729471445083618,1.0,0.04157350002788007,0.00896380003541708
1585,4.690848350524902,4.344228744506836,0.5620697140693665,1.0,0.04073680005967617,0.006529900012537837
1586,4.69105863571167,4.184151649475098,0.5132096409797668,1.0,0.043627899838611484,0.0078090999741107225
1587,4.691440105438232,4.316717624664307,0.44738754630088806,1.0,0.04322099988348782,0.00791429984383285
1588,4.692124366760254,4.692012310028076,0.4746841788291931,1.0,0.04336939984932542,0.007059199968352914
1589,4.692826747894287,4.596991062164307,0.4308301508426666,1.0,0.044713899958878756,0.007574500050395727
1590,4.693821430206299,4.131289958953857,0.4080466628074646,1.0,0.042766000144183636,0.0077726999297738075
1591,4.695338249206543,4.2977752685546875,0.535195529460907,1.0,0.040230399928987026,0.007119100075215101
1592,4.6963582038879395,4.44960880279541,0.4297492504119873,1.0,0.04000149993225932,0.009388200007379055
1593,4.6977362632751465,4.093209743499756,0.6478951573371887,1.0,0.04252830008044839,0.008263400057330728
1594,4.6995415687561035,4.276891708374023,0.46407532691955566,1.0,0.04419859987683594,0.007272399961948395
1595,4.700728416442871,4.380208492279053,0.5520262718200684,1.0,0.04141870001330972,0.006636400008574128
1596,4.700913429260254,4.1931633949279785,0.8123244047164917,1.0,0.042214800138026476,0.00869880011305213
1597,4.701252460479736,4.089789867401123,0.527373194694519,1.0,0.0416361999232322,0.008521499810740352
1598,4.700802803039551,4.587928295135498,0.7111400961875916,1.0,0.039805199950933456,0.008967800065875053
1599,4.700099945068359,4.541472434997559,0.4356507956981659,1.0,0.04180200002156198,0.008094300050288439
1600,4.698888778686523,4.331252098083496,0.6035056114196777,1.0,0.042408599983900785,0.008742299862205982
1601,4.698375701904297,4.125163555145264,0.7557727098464966,1.0,0.045584999956190586,0.007738200016319752
1602,4.698116302490234,4.112020969390869,0.5046370029449463,1.0,0.044091299874708056,0.006736299954354763
1603,4.69763708114624,4.332810401916504,0.627939760684967,1.0,0.04203510005027056,0.007059300085529685
1604,4.696841239929199,4.293812274932861,0.6637797355651855,1.0,0.0397558999247849,0.007173100020736456
1605,4.6958112716674805,4.179755687713623,0.5290175676345825,1.0,0.0407862002030015,0.009466999908909202
1606,4.695619583129883,4.089193820953369,0.694696843624115,1.0,0.04051210009492934,0.008764399914070964
1607,4.695641040802002,4.145565032958984,0.6771528124809265,1.0,0.03912439988926053,0.008227200014516711
1608,4.695733070373535,4.287660121917725,0.5419847965240479,1.0,0.04156299983151257,0.006634500110521913
1609,4.695770263671875,4.0082879066467285,0.6424237489700317,1.0,0.04366099997423589,0.00724629987962544
1610,4.69647216796875,4.393741607666016,0.6395795941352844,1.0,0.041441200068220496,0.0072633998934179544
1611,4.696863174438477,4.34440279006958,0.44192683696746826,1.0,0.03729810006916523,0.008515099994838238
1612,4.697271347045898,4.241908550262451,0.6672838926315308,1.0,0.03918530000373721,0.008376599987968802
1613,4.697024822235107,4.27400541305542,0.3740330934524536,1.0,0.04421310010366142,0.007627999875694513
1614,4.6966447830200195,4.25383186340332,0.5136535167694092,1.0,0.044321299996227026,0.006651100004091859
1615,4.696381568908691,4.409808158874512,0.5842303037643433,1.0,0.043753200210630894,0.007319800090044737
1616,4.696416854858398,4.2684712409973145,0.650128960609436,1.0,0.04266320005990565,0.006546700140461326
1617,4.6966938972473145,4.384862422943115,0.47008612751960754,1.0,0.03831350011751056,0.007963099982589483
1618,4.6974005699157715,4.305037975311279,0.5739457607269287,1.0,0.03859749995172024,0.008309700060635805
1619,4.697326183319092,4.343100547790527,0.4666179120540619,1.0,0.04406460002064705,0.007467299932613969
1620,4.697238922119141,4.181236267089844,0.47546109557151794,1.0,0.04622639995068312,0.0070646998938173056
1621,4.697287082672119,4.156002998352051,0.6408970952033997,1.0,0.047250800067558885,0.007185899885371327
1622,4.697633743286133,4.1385650634765625,0.5920643210411072,1.0,0.042911099968478084,0.006946399807929993
1623,4.698099136352539,4.391471862792969,0.4034939408302307,1.0,0.04226149991154671,0.009853400057181716
1624,4.698154926300049,4.666721343994141,0.399185448884964,1.0,0.04110120004042983,0.009175000013783574
1625,4.698483943939209,4.158783435821533,0.43451178073883057,1.0,0.046766200102865696,0.007947599980980158
1626,4.698994159698486,4.363036632537842,0.5808700919151306,1.0,0.043593999929726124,0.00730419997125864
1627,4.698953151702881,4.525742530822754,0.461855411529541,1.0,0.04130859998986125,0.007428999990224838
1628,4.699073791503906,4.329397201538086,0.48002737760543823,1.0,0.03821959998458624,0.008022499969229102
1629,4.698827266693115,4.053720951080322,0.5566237568855286,1.0,0.039725600043311715,0.009249799884855747
1630,4.698232173919678,4.100444316864014,0.516481339931488,1.0,0.04299550014548004,0.006905500078573823
1631,4.698220252990723,4.242234230041504,0.5375673770904541,1.0,0.04327160003595054,0.007776299957185984
1632,4.6981353759765625,4.134230613708496,0.5081484913825989,1.0,0.04287569993175566,0.0070229999255388975
1633,4.697856426239014,4.384922027587891,0.46104151010513306,1.0,0.041901699965819716,0.009772000135853887
1634,4.6977434158325195,4.340603351593018,0.4410191774368286,1.0,0.03852170007303357,0.007475399877876043
1635,4.69709587097168,4.205302715301514,0.5030932426452637,1.0,0.040148000000044703,0.00901270005851984
1636,4.6964521408081055,4.200006008148193,0.5139843225479126,1.0,0.0428853000048548,0.006993900053203106
1637,4.6962456703186035,4.457812309265137,0.4797535538673401,1.0,0.0411678000818938,0.007174499798566103
1638,4.6964111328125,3.969627618789673,0.6048147678375244,1.0,0.040212899912148714,0.006751899840310216
1639,4.697144985198975,3.9725582599639893,0.7160413861274719,1.0,0.038402399979531765,0.008193599991500378
1640,4.697947978973389,4.333251476287842,0.5332639813423157,1.0,0.038559299893677235,0.007658699993044138
1641,4.698940277099609,4.307208061218262,0.4214651584625244,1.0,0.04334289999678731,0.007279300130903721
1642,4.700184345245361,4.108246803283691,0.48723772168159485,1.0,0.042651499854400754,0.007066499907523394
1643,4.701210021972656,4.140847206115723,0.8474898934364319,1.0,0.040777800139039755,0.007139200111851096
1644,4.701256275177002,4.219388008117676,0.5174936056137085,1.0,0.0406594998203218,0.007026100065559149
1645,4.700619220733643,4.107326507568359,0.45712220668792725,1.0,0.03996830014511943,0.007180599961429834
1646,4.7008490562438965,4.335224151611328,0.6387609839439392,1.0,0.0394440998788923,0.009291500085964799
1647,4.700723648071289,4.1443657875061035,0.5658007860183716,1.0,0.03856070013716817,0.009976999834179878
1648,4.700455188751221,4.274650573730469,0.4567912220954895,1.0,0.04425869998522103,0.007251200033351779
1649,4.70066499710083,4.278654098510742,0.6783666014671326,1.0,0.041442800080403686,0.008365500019863248
1650,4.700425624847412,4.216865062713623,0.6525952816009521,1.0,0.04307159991003573,0.008105299901217222
1651,4.700230121612549,4.076164245605469,0.6519535779953003,1.0,0.046870200196281075,0.0069049999583512545
1652,4.700451374053955,4.132671356201172,0.6977481245994568,1.0,0.040191899985075,0.007632700027897954
1653,4.700534820556641,4.12457799911499,0.576297402381897,1.0,0.0424838000908494,0.008951400173828006
1654,4.700047969818115,4.180244445800781,0.51198410987854,1.0,0.04285199986770749,0.008558700093999505
1655,4.699258804321289,4.17376708984375,0.562446653842926,1.0,0.04218890005722642,0.008395799901336432
1656,4.698028087615967,4.420718193054199,0.4131123423576355,1.0,0.040380500024184585,0.008203400066122413
1657,4.696648597717285,4.234116077423096,0.5350367426872253,1.0,0.04238979984074831,0.007038600044324994
1658,4.695850849151611,4.3051934242248535,0.41296470165252686,1.0,0.04375370009802282,0.007171199889853597
1659,4.694948196411133,4.400946617126465,0.4027153253555298,1.0,0.0423246999271214,0.006690399954095483
1660,4.6941304206848145,4.0710835456848145,0.4910738468170166,1.0,0.037736000027507544,0.008619199972599745
1661,4.693178176879883,4.091231822967529,0.5484521389007568,1.0,0.03930529998615384,0.010456099873408675
1662,4.692500114440918,4.076259613037109,0.6340757608413696,1.0,0.04457059991545975,0.007988299941644073
1663,4.692070960998535,4.207098484039307,0.37774741649627686,1.0,0.04451690008863807,0.008447099942713976
1664,4.691186428070068,4.229867935180664,0.35810908675193787,1.0,0.04104319983161986,0.011477699968963861
1665,4.690634727478027,4.335299015045166,0.6887102723121643,1.0,0.04229319980368018,0.01035779993981123
1666,4.689817428588867,4.162136077880859,0.5163549780845642,1.0,0.046469499822705984,0.006882000016048551
1667,4.689237594604492,4.247011184692383,0.6083127856254578,1.0,0.04566340008750558,0.0073247000109404325
1668,4.688141345977783,4.116413116455078,0.4505659341812134,1.0,0.04441269999369979,0.0070773998741060495
1669,4.6879801750183105,4.035893440246582,0.5393732190132141,1.0,0.04152629990130663,0.0070303999818861485
1670,4.687546253204346,4.2605366706848145,0.4747789800167084,1.0,0.038483599899336696,0.011112499982118607
1671,4.6865668296813965,4.253288269042969,0.35833650827407837,1.0,0.03843350009992719,0.009895300026983023
1672,4.685588359832764,4.226766586303711,0.46938884258270264,1.0,0.040393800009042025,0.007341800024732947
1673,4.684219837188721,4.209035396575928,0.43172726035118103,1.0,0.04535969998687506,0.006381500046700239
1674,4.6829400062561035,4.285842418670654,0.49252641201019287,1.0,0.039789400063455105,0.006350700045004487
1675,4.682283401489258,4.351161956787109,0.4199354648590088,1.0,0.039982999907806516,0.007926799822598696
1676,4.681277275085449,4.253469944000244,0.3531010150909424,1.0,0.03729789983481169,0.006804000120609999
1677,4.680695056915283,4.158092021942139,0.4693736433982849,1.0,0.047169300029054284,0.008314500097185373
1678,4.6802754402160645,4.185927867889404,0.4678023159503937,1.0,0.04455360001884401,0.007615100126713514
1679,4.680309772491455,4.331540107727051,0.514080822467804,1.0,0.04295089980587363,0.007732900092378259
1680,4.679778099060059,4.419027805328369,0.34759870171546936,1.0,0.043769799871370196,0.00680779991671443
1681,4.679009437561035,4.3748884201049805,0.43137452006340027,1.0,0.04243350005708635,0.006322300061583519
1682,4.677902698516846,4.134581089019775,0.41652536392211914,1.0,0.04505020007491112,0.006809900049120188
1683,4.676778793334961,4.365409851074219,0.40141576528549194,1.0,0.041682900162413716,0.0065107999835163355
1684,4.676102638244629,4.153285503387451,0.5473324656486511,1.0,0.04094460001215339,0.007994600106030703
1685,4.676171779632568,4.057405948638916,0.5309213399887085,1.0,0.04196469997987151,0.006937399972230196
1686,4.676580905914307,4.299249172210693,0.4839944541454315,1.0,0.09291140013374388,0.006486100144684315
1687,4.677768707275391,4.191359996795654,0.4336033761501312,1.0,0.053652399918064475,0.01840569986961782
1688,4.678753852844238,3.8930654525756836,0.6264267563819885,1.0,0.042300299974158406,0.007752500008791685
1689,4.6800127029418945,4.230870246887207,0.38618868589401245,1.0,0.05280809989199042,0.010463000042364001
1690,4.68074369430542,4.438314437866211,0.47128504514694214,1.0,0.0400908999145031,0.010872000129893422
1691,4.6805949211120605,4.118403434753418,0.49330249428749084,1.0,0.0441854998935014,0.011006299871951342
1692,4.6800103187561035,4.222829341888428,0.37675556540489197,1.0,0.04608860006555915,0.012279899790883064
1693,4.679615497589111,4.388043403625488,0.40563565492630005,1.0,0.04905329993925989,0.005896799964830279
1694,4.679594039916992,4.348496437072754,0.48139458894729614,1.0,0.045717200031504035,0.006581899942830205
1695,4.6797003746032715,4.143980026245117,0.6004987359046936,1.0,0.040341399842873216,0.010752599919214845
1696,4.680212020874023,4.224767684936523,0.7822864055633545,1.0,0.043468300020322204,0.010072699980810285
1697,4.680320739746094,4.1487956047058105,0.5126378536224365,1.0,0.044680300168693066,0.007730700075626373
1698,4.6806254386901855,3.993359327316284,0.6239296197891235,1.0,0.04469410004094243,0.007305100094527006
1699,4.68126916885376,3.990685224533081,0.5887197256088257,1.0,0.04568580002523959,0.006821500137448311
1700,4.681187629699707,3.9251933097839355,0.7409072518348694,1.0,0.04391489992849529,0.008033700054511428
1701,4.680972099304199,4.5001091957092285,0.5706142783164978,1.0,0.0454543000087142,0.007511099800467491
1702,4.680609226226807,4.204593181610107,0.4551074206829071,1.0,0.04066559998318553,0.00735439988784492
1703,4.680813789367676,4.154852390289307,0.6748663783073425,1.0,0.0412190998904407,0.008173000067472458
1704,4.680972099304199,4.61683464050293,0.49340322613716125,1.0,0.039268000051379204,0.00888929981738329
1705,4.680712699890137,4.285284519195557,0.7260110378265381,1.0,0.039763000095263124,0.010748900007456541
1706,4.680435657501221,4.039616107940674,0.47146424651145935,1.0,0.04275569994933903,0.006699900142848492
1707,4.6808905601501465,4.193375110626221,0.462592214345932,1.0,0.0418612000066787,0.00874109985306859
1708,4.681824207305908,4.146461486816406,0.4591965079307556,1.0,0.042294299928471446,0.008111900184303522
1709,4.68312406539917,4.54062032699585,0.39233818650245667,1.0,0.044636699836701155,0.007841299986466765
1710,4.684786319732666,4.2631683349609375,0.5021004676818848,1.0,0.03996920003555715,0.006291399942710996
1711,4.685744762420654,4.295196533203125,0.4991167485713959,1.0,0.04194000014103949,0.009041700046509504
1712,4.685696601867676,4.106306552886963,0.6079261302947998,1.0,0.03902220004238188,0.009827399859204888
1713,4.684153079986572,4.011534214019775,0.5053390860557556,1.0,0.035922300070524216,0.009685900062322617
1714,4.6819748878479,4.278755187988281,0.402864009141922,1.0,0.042970600072294474,0.007533799856901169
1715,4.6798787117004395,4.269205093383789,0.5077717900276184,1.0,0.04237969988025725,0.0070170999970287085
1716,4.67854642868042,3.920258045196533,0.5289950370788574,1.0,0.043290300061926246,0.00746440002694726
1717,4.677557945251465,4.3084516525268555,0.4500791132450104,1.0,0.04357629991136491,0.006721099838614464
1718,4.677626132965088,4.31328010559082,0.47267287969589233,1.0,0.040966999949887395,0.007094800006598234
1719,4.677988529205322,4.036168098449707,0.5609551668167114,1.0,0.04246739996597171,0.0077021000906825066
1720,4.679537296295166,4.123836040496826,0.4542757570743561,1.0,0.042548099998384714,0.008297600084915757
1721,4.681276798248291,4.076087951660156,0.6535210609436035,1.0,0.03875210019759834,0.011156599968671799
1722,4.683199882507324,4.29682731628418,0.5504275560379028,1.0,0.04372250009328127,0.007301300065591931
1723,4.684859752655029,4.543432712554932,0.6769054532051086,1.0,0.04548000008799136,0.006821399787440896
1724,4.686087131500244,4.253172397613525,0.4497670531272888,1.0,0.049435799941420555,0.007866400061175227
1725,4.685901165008545,4.046837329864502,0.5213878750801086,1.0,0.045859199948608875,0.006519299931824207
1726,4.684924602508545,4.20716667175293,0.37655168771743774,1.0,0.04172419989481568,0.006423900136724114
1727,4.684101104736328,4.393490791320801,0.5304635763168335,1.0,0.042990000220015645,0.00795449991710484
1728,4.6826677322387695,4.326388835906982,0.4298535883426666,1.0,0.0416357999201864,0.008412499912083149
1729,4.68149995803833,4.162515640258789,0.5084601640701294,1.0,0.04101990000344813,0.00782279996201396
1730,4.680564880371094,4.154799461364746,0.4954220652580261,1.0,0.040887000039219856,0.008458599913865328
1731,4.680341720581055,4.182798385620117,0.4666096270084381,1.0,0.04699429986067116,0.007553699892014265
1732,4.680770397186279,4.125172138214111,0.6364043354988098,1.0,0.04479780001565814,0.0069858001079410315
1733,4.681671619415283,4.341770172119141,0.5176427960395813,1.0,0.040051599964499474,0.006235299864783883
1734,4.681641578674316,4.3446855545043945,0.4396461844444275,1.0,0.042070799972862005,0.00844090012833476
1735,4.681606769561768,3.996065378189087,0.34216785430908203,1.0,0.03951769997365773,0.006693599978461862
1736,4.681126117706299,4.454132556915283,0.533170759677887,1.0,0.04193129995837808,0.007216600002720952
1737,4.679861545562744,4.491980075836182,0.44721347093582153,1.0,0.0415888000279665,0.006508899852633476
1738,4.679419040679932,4.315077304840088,0.3951624035835266,1.0,0.039766000118106604,0.008459300035610795
1739,4.67912483215332,4.260850429534912,0.40379953384399414,1.0,0.03733940003439784,0.00877969991415739
1740,4.678499221801758,4.25936222076416,0.5652821660041809,1.0,0.0414450999815017,0.010345199843868613
1741,4.678040981292725,4.079680919647217,0.505840003490448,1.0,0.041719899978488684,0.009887899970635772
1742,4.677581787109375,4.256640911102295,0.5299487113952637,1.0,0.04391149990260601,0.007294799899682403
1743,4.677310466766357,4.412464141845703,0.42539989948272705,1.0,0.04229730018414557,0.007230099989101291
1744,4.677381992340088,4.351696968078613,0.4748058617115021,1.0,0.05336620006710291,0.006627500057220459
1745,4.6773786544799805,4.136749744415283,0.45714128017425537,1.0,0.05128909996710718,0.00963909993879497
1746,4.677196025848389,4.314108371734619,0.4311095178127289,1.0,0.04042249987833202,0.008922699838876724
1747,4.677049160003662,4.175513744354248,0.49312931299209595,1.0,0.04186149989254773,0.008223199984058738
1748,4.676997184753418,4.413008213043213,0.4060102701187134,1.0,0.041503199841827154,0.009421400027349591
1749,4.676453590393066,4.15097713470459,0.7536787390708923,1.0,0.03998570004478097,0.009382100077345967
1750,4.675953388214111,4.224768161773682,0.5224319696426392,1.0,0.043807500042021275,0.0066893999464809895
1751,4.675784111022949,4.347160339355469,0.5746939182281494,1.0,0.043570700101554394,0.007017399882897735
1752,4.675724983215332,4.153458118438721,0.6572599411010742,1.0,0.04655830003321171,0.00847340002655983
1753,4.675819396972656,4.37929105758667,0.4609512984752655,1.0,0.04148070001974702,0.008225899888202548
1754,4.675366401672363,4.2653656005859375,0.6027600169181824,1.0,0.041272099828347564,0.009318999946117401
1755,4.6756062507629395,4.447054386138916,0.6582481861114502,1.0,0.040808399906381965,0.009075699839740992
1756,4.675717353820801,4.142826557159424,0.4738072454929352,1.0,0.04351269989274442,0.007685600081458688
1757,4.675404071807861,4.196551322937012,0.6638652086257935,1.0,0.041808800073340535,0.00789130013436079
1758,4.675138473510742,4.092151165008545,0.6659908294677734,1.0,0.043372199870646,0.007504000095650554
1759,4.6748127937316895,4.355011463165283,0.4695393443107605,1.0,0.046420699916779995,0.00758740003220737
1760,4.674657344818115,4.373246192932129,0.5171752572059631,1.0,0.049525200156494975,0.007040299940854311
1761,4.6744585037231445,4.159284591674805,0.4895063042640686,1.0,0.05769559997133911,0.009584099985659122
1762,4.674006938934326,4.37916898727417,0.5172114968299866,1.0,0.049781200010329485,0.011569000082090497
1763,4.673712730407715,4.1370134353637695,0.5361018776893616,1.0,0.08777129999361932,0.007937199901789427
1764,4.672867774963379,4.313319206237793,0.3981505334377289,1.0,0.044263700023293495,0.008803100092336535
1765,4.6722002029418945,4.230006217956543,0.5607017278671265,1.0,0.04892660002224147,0.007016799878329039
1766,4.6719746589660645,4.363510608673096,0.3955056369304657,1.0,0.09497789992019534,0.006785500096157193
1767,4.671839714050293,4.5185980796813965,0.37708234786987305,1.0,0.04061360005289316,0.007887800224125385
1768,4.6718926429748535,4.297207832336426,0.34213733673095703,1.0,0.05459140008315444,0.007406299933791161
1769,4.672287464141846,4.1197028160095215,0.47511446475982666,1.0,0.047432899940758944,0.007690399885177612
1770,4.672699451446533,4.186703205108643,0.45797932147979736,1.0,0.04576250002719462,0.008112299954518676
1771,4.673203468322754,4.265069484710693,0.5448893904685974,1.0,0.04586039995774627,0.006437199888750911
1772,4.672584533691406,4.08074951171875,0.463647723197937,1.0,0.043957200134173036,0.008566899923607707
1773,4.672843933105469,4.195286750793457,0.5587554574012756,1.0,0.03959079994820058,0.00886900001205504
1774,4.672929286956787,4.248636245727539,0.5270748734474182,1.0,0.039946299977600574,0.00913399993441999
1775,4.672995567321777,4.096040725708008,0.4659007489681244,1.0,0.04033200000412762,0.009189500007778406
1776,4.672764301300049,4.016420841217041,0.564541220664978,1.0,0.04158150008879602,0.007817399920895696
1777,4.672170639038086,4.232682228088379,0.47744616866111755,1.0,0.04299559979699552,0.007871599867939949
1778,4.671292304992676,4.266369819641113,0.5515006184577942,1.0,0.04245410021394491,0.008064600173383951
1779,4.670530319213867,4.2790679931640625,0.5040066838264465,1.0,0.04402569984085858,0.007168499985709786
1780,4.67052698135376,4.323913097381592,0.33840155601501465,1.0,0.048423599917441607,0.007332999957725406
1781,4.670609951019287,4.137294769287109,0.5588389039039612,1.0,0.04687239998020232,0.007612899877130985
1782,4.670989990234375,4.074294567108154,0.6874490976333618,1.0,0.0400237999856472,0.00701720011420548
1783,4.671346664428711,4.1399431228637695,0.4863501787185669,1.0,0.03989370004273951,0.009088899940252304
1784,4.671830177307129,3.9415369033813477,0.6437934041023254,1.0,0.0417792999651283,0.007878300035372376
1785,4.672236442565918,4.164704322814941,0.5355167388916016,1.0,0.042008099844679236,0.00809999997727573
1786,4.672797203063965,4.089855194091797,0.5592025518417358,1.0,0.04294449998997152,0.009893500013276935
1787,4.673152923583984,4.158705711364746,0.5634253025054932,1.0,0.04268789989873767,0.0064905001781880856
1788,4.674208164215088,3.981074094772339,0.3715626001358032,1.0,0.042549199890345335,0.006902300054207444
1789,4.675187587738037,4.250630855560303,0.5208994746208191,1.0,0.044643300119787455,0.006571600213646889
1790,4.67689847946167,4.1232404708862305,0.4799557030200958,1.0,0.03994549997150898,0.006690999958664179
1791,4.6777424812316895,4.26234769821167,0.32623034715652466,1.0,0.041696600150316954,0.008455400122329593
1792,4.6786322593688965,4.347229957580566,0.437542200088501,1.0,0.045816099969670177,0.009402399882674217
1793,4.679720878601074,4.356215953826904,0.54561847448349,1.0,0.04116739984601736,0.008648399962112308
1794,4.679875373840332,4.244379043579102,0.5028643012046814,1.0,0.04266880010254681,0.007865300169214606
1795,4.679276466369629,4.095091819763184,0.5346136093139648,1.0,0.03906530002132058,0.008405999979004264
1796,4.678303241729736,4.047354221343994,0.6325398683547974,1.0,0.037736000027507544,0.009003899991512299
1797,4.677520751953125,3.979231119155884,0.43863582611083984,1.0,0.04164030007086694,0.008053399855270982
1798,4.676760673522949,4.212259769439697,0.5378548502922058,1.0,0.04342940007336438,0.0076524000614881516
1799,4.676381587982178,4.41404914855957,0.37746578454971313,1.0,0.041279600001871586,0.007050999905914068
1800,4.675747394561768,4.163051128387451,0.4834093749523163,1.0,0.04156700009480119,0.007516500074416399
1801,4.675204753875732,4.074777126312256,0.5072121620178223,1.0,0.04009789996780455,0.0064091000240296125
1802,4.675034999847412,4.004760265350342,0.5387510061264038,1.0,0.04024210013449192,0.008048699935898185
1803,4.674938678741455,4.12101936340332,0.6092703342437744,1.0,0.045413099927827716,0.00768949999473989
1804,4.674888610839844,4.220109939575195,0.3730291724205017,1.0,0.04179279995150864,0.007201100001111627
1805,4.6748857498168945,4.105247497558594,0.40946143865585327,1.0,0.044119999976828694,0.006780500058084726
1806,4.674656867980957,4.106137752532959,0.473655104637146,1.0,0.04191330005414784,0.007487499853596091
1807,4.675045490264893,4.147592544555664,0.412077397108078,1.0,0.043268000008538365,0.0070686000399291515
1808,4.675558567047119,4.358889579772949,0.5597811341285706,1.0,0.0393869997933507,0.006420300109311938
1809,4.676233768463135,3.928044319152832,0.5013607144355774,1.0,0.042734399903565645,0.008334300015121698
1810,4.6775994300842285,4.393186569213867,0.36060503125190735,1.0,0.03906160010956228,0.008206200087442994
1811,4.679060459136963,4.062855243682861,0.3457674980163574,1.0,0.03869340009987354,0.009714200161397457
1812,4.680686950683594,4.3682708740234375,0.3525604009628296,1.0,0.03856820007786155,0.008535400032997131
1813,4.68222713470459,4.146954536437988,0.5004584789276123,1.0,0.04217100003734231,0.007372200023382902
1814,4.683758735656738,4.1175537109375,0.45033711194992065,1.0,0.0433445000089705,0.007033099886029959
1815,4.6852216720581055,4.305171489715576,0.4109407365322113,1.0,0.04569749999791384,0.01018300000578165
1816,4.686428546905518,4.054538726806641,0.3805028796195984,1.0,0.042830900056287646,0.006271400023251772
1817,4.688198566436768,4.1113600730896,0.4686092734336853,1.0,0.04930020007304847,0.010208599967882037
1818,4.68938684463501,4.328426361083984,0.49043896794319153,1.0,0.047385399928316474,0.00586430006660521
1819,4.689877986907959,4.221109390258789,0.40870314836502075,1.0,0.040233700070530176,0.006771899992600083
1820,4.6900553703308105,4.1377739906311035,0.41665661334991455,1.0,0.06340559991076589,0.007503200089558959
1821,4.689794540405273,4.075477123260498,0.6008943319320679,1.0,0.03974010003730655,0.005907100159674883
1822,4.690393924713135,4.176335334777832,0.5662253499031067,1.0,0.05292379995808005,0.008377299876883626
1823,4.691085338592529,4.1539387702941895,0.2651582956314087,1.0,0.04746680008247495,0.006849199999123812
1824,4.691332817077637,4.178171157836914,0.4487927556037903,1.0,0.0387425001244992,0.008203700184822083
1825,4.6910223960876465,4.382478713989258,0.45772701501846313,1.0,0.03843589988537133,0.009007799904793501
1826,4.6902899742126465,4.308885097503662,0.38054588437080383,1.0,0.045125000178813934,0.00781379989348352
1827,4.689779758453369,4.121464729309082,0.41309499740600586,1.0,0.039328099926933646,0.007744300179183483
1828,4.689343452453613,4.119639873504639,0.4635491371154785,1.0,0.041292599868029356,0.0071038000751286745
1829,4.689091682434082,4.1167497634887695,0.4822281301021576,1.0,0.03898990014567971,0.0061847001779824495
1830,4.689448833465576,4.308040618896484,0.415831983089447,1.0,0.0395021999720484,0.008006199961528182
1831,4.68898344039917,4.3125104904174805,0.4644889235496521,1.0,0.038118200143799186,0.006990700028836727
1832,4.688295364379883,4.0650458335876465,0.45668038725852966,1.0,0.038735499838367105,0.008878699969500303
1833,4.6877899169921875,4.259322643280029,0.5310162901878357,1.0,0.04086589999496937,0.007425699848681688
1834,4.686631679534912,4.137012958526611,0.4671005606651306,1.0,0.04048310010693967,0.006954400101676583
1835,4.684896469116211,4.152642250061035,0.4496796131134033,1.0,0.03898399998433888,0.006384400185197592
1836,4.683599948883057,4.343398571014404,0.43236973881721497,1.0,0.03820770001038909,0.0059293999802321196
1837,4.682826519012451,4.036923885345459,0.5083447098731995,1.0,0.040540500078350306,0.00827759993262589
1838,4.682079315185547,4.409870147705078,0.41440895199775696,1.0,0.04239600012078881,0.0075298999436199665
1839,4.681807041168213,4.310884475708008,0.3973041772842407,1.0,0.039233600022271276,0.007148899836465716
1840,4.681955337524414,4.199758529663086,0.4409830570220947,1.0,0.042501999996602535,0.006417399970814586
1841,4.681475639343262,3.9782021045684814,0.4297935366630554,1.0,0.04064180003479123,0.007659099996089935
1842,4.681331157684326,4.235603332519531,0.5556097626686096,1.0,0.03820230020210147,0.008413800038397312
1843,4.6812591552734375,4.120572090148926,0.460780531167984,1.0,0.037532899994403124,0.008200699929147959
1844,4.6814656257629395,4.154485702514648,0.39605772495269775,1.0,0.03824019990861416,0.0075824998784810305
1845,4.6821441650390625,4.1019439697265625,0.6572980284690857,1.0,0.04498689994215965,0.007591100176796317
1846,4.682550430297852,4.054520606994629,0.5848472714424133,1.0,0.04171629995107651,0.007399399997666478
1847,4.6824259757995605,4.087485313415527,0.40966594219207764,1.0,0.04191179992631078,0.00631910003721714
1848,4.6823859214782715,4.192455291748047,0.35734009742736816,1.0,0.04283240018412471,0.006533500039950013
1849,4.682671546936035,4.129232406616211,0.2709791362285614,1.0,0.0385069998446852,0.006781300064176321
1850,4.682705402374268,4.255314826965332,0.4527604579925537,1.0,0.03923160000704229,0.007612199988216162
1851,4.682724952697754,4.065475940704346,0.5347462296485901,1.0,0.03807209990918636,0.008389699971303344
1852,4.682018756866455,4.194482803344727,0.4185677766799927,1.0,0.03974150004796684,0.008676900062710047
1853,4.681232929229736,4.235601902008057,0.32372406125068665,1.0,0.0403073001652956,0.007209900068119168
1854,4.680237770080566,4.323197364807129,0.4160607159137726,1.0,0.042536200024187565,0.007444699993357062
1855,4.679101943969727,4.169347286224365,0.4098888635635376,1.0,0.04048970015719533,0.007923200028017163
1856,4.677856922149658,4.05018424987793,0.47600075602531433,1.0,0.04073809995315969,0.007096400018781424
1857,4.677160739898682,4.146074295043945,0.5249569416046143,1.0,0.042560100089758635,0.006817900110036135
1858,4.676517009735107,4.241927146911621,0.3929467499256134,1.0,0.054689700016751885,0.006544099887832999
1859,4.675546169281006,4.220572471618652,0.4053516983985901,1.0,0.0521337001118809,0.008854900021106005
1860,4.674056529998779,4.226510047912598,0.32201775908470154,1.0,0.05060680001042783,0.008240400115028024
1861,4.672604084014893,4.311766624450684,0.32701346278190613,1.0,0.048458300065249205,0.010107399895787239
1862,4.6719889640808105,4.117952346801758,0.5694878697395325,1.0,0.04674479993991554,0.010927800089120865
1863,4.672027587890625,4.151458740234375,0.48982149362564087,1.0,0.04981930018402636,0.00971790007315576
1864,4.671901702880859,4.153332233428955,0.4223294258117676,1.0,0.051520399982109666,0.009457099949941039
1865,4.671606063842773,4.177427291870117,0.4788815379142761,1.0,0.050088300136849284,0.00885379989631474
1866,4.671108245849609,4.162278652191162,0.35211730003356934,1.0,0.050003499956801534,0.009162500035017729
1867,4.670233249664307,4.339075088500977,0.396511435508728,1.0,0.05076509993523359,0.008159800199791789
1868,4.669277191162109,4.446874141693115,0.38517558574676514,1.0,0.04710750002413988,0.012007600162178278
1869,4.6684889793396,4.219271183013916,0.3495156466960907,1.0,0.05022080009803176,0.009453299921005964
1870,4.667006015777588,4.135107517242432,0.36002010107040405,1.0,0.051454400178045034,0.008595900144428015
1871,4.665173053741455,4.038219451904297,0.4564454257488251,1.0,0.05163840018212795,0.009501300053671002
1872,4.663385391235352,3.9836347103118896,0.46664077043533325,1.0,0.04972130013629794,0.008798700058832765
1873,4.66254997253418,4.164196968078613,0.4007996916770935,1.0,0.0477653001435101,0.010650199837982655
1874,4.662574291229248,4.408040523529053,0.4291720986366272,1.0,0.04811069997958839,0.011048800079151988
1875,4.662158489227295,4.3050408363342285,0.4018968939781189,1.0,0.054426100105047226,0.009628599975258112
1876,4.6611223220825195,4.136707782745361,0.49720191955566406,1.0,0.054454199969768524,0.008942800108343363
1877,4.6599907875061035,4.308343410491943,0.36195600032806396,1.0,0.05197739996947348,0.009383500088006258
1878,4.658533096313477,4.187259197235107,0.4502228796482086,1.0,0.05242459988221526,0.008940400090068579
1879,4.657094955444336,4.225959300994873,0.3979656994342804,1.0,0.05006220005452633,0.009739500004798174
1880,4.656244277954102,3.9004220962524414,0.6293869614601135,1.0,0.04989859997294843,0.010029800003394485
1881,4.655788421630859,4.001473426818848,0.49428796768188477,1.0,0.050175399985164404,0.010594299994409084
1882,4.655102729797363,4.084988594055176,0.41104185581207275,1.0,0.05183170014061034,0.00999479996971786
1883,4.654627323150635,4.033253192901611,0.4812643826007843,1.0,0.05312960012815893,0.00954129989258945
1884,4.653684139251709,4.140442371368408,0.44979268312454224,1.0,0.05278580007143319,0.009014900075271726
1885,4.652585983276367,4.167355537414551,0.523118257522583,1.0,0.052662899950519204,0.009369400097057223
1886,4.651699066162109,4.1913161277771,0.32882362604141235,1.0,0.05350839998573065,0.008874200051650405
1887,4.651045799255371,4.283791542053223,0.38015761971473694,1.0,0.051077699987217784,0.00894750002771616
1888,4.65069055557251,4.043346405029297,0.5007451176643372,1.0,0.05384720000438392,0.010087399976328015
1889,4.650730133056641,4.329384803771973,0.3720581531524658,1.0,0.052074800012633204,0.010167900007218122
1890,4.650454998016357,4.032100677490234,0.6146664023399353,1.0,0.053677399875596166,0.009197300067171454
1891,4.650280952453613,4.088717460632324,0.5769197940826416,1.0,0.055141499964520335,0.010269700083881617
1892,4.650578498840332,4.0293145179748535,0.3884405195713043,1.0,0.04760689986869693,0.010842100018635392
1893,4.650680065155029,4.399363040924072,0.386936217546463,1.0,0.05123900016769767,0.009831399889662862
1894,4.6508049964904785,4.143867492675781,0.5106827616691589,1.0,0.04987029987387359,0.009357600007206202
1895,4.6512532234191895,4.397340774536133,0.33207494020462036,1.0,0.049926199950277805,0.009256700053811073
1896,4.651560306549072,4.10439920425415,0.46106213331222534,1.0,0.04988269996829331,0.008413800038397312
1897,4.651641845703125,4.012557506561279,0.48886755108833313,1.0,0.049317199969664216,0.009981400100514293
1898,4.65186882019043,4.266417503356934,0.5078949332237244,1.0,0.04781099990941584,0.008972699986770749
1899,4.651948928833008,4.214745998382568,0.5127905011177063,1.0,0.04853940010070801,0.010562499985098839
1900,4.652489185333252,3.9671521186828613,0.5021183490753174,1.0,0.04980879998765886,0.009646200109273195
1901,4.6532816886901855,4.229320049285889,0.368088960647583,1.0,0.05318779987283051,0.00898579997010529
1902,4.653957366943359,4.240571022033691,0.5267800092697144,1.0,0.05315259983763099,0.00832380005158484
1903,4.654500961303711,4.251204967498779,0.4450320899486542,1.0,0.049645000137388706,0.008425199892371893
1904,4.655350208282471,4.1764984130859375,0.438137948513031,1.0,0.05021109990775585,0.009743200149387121
1905,4.65590238571167,4.123102188110352,0.4626308083534241,1.0,0.048409400042146444,0.008881099987775087
1906,4.656041145324707,4.140118598937988,0.5764456987380981,1.0,0.049823899986222386,0.010031099896878004
1907,4.6559295654296875,4.199676036834717,0.40361809730529785,1.0,0.05030490015633404,0.009194700047373772
1908,4.6562819480896,4.261656284332275,0.346912682056427,1.0,0.0510754999704659,0.010062300134450197
1909,4.657105445861816,4.309546947479248,0.3895549476146698,1.0,0.050086299888789654,0.010128699941560626
1910,4.657517910003662,4.240450382232666,0.39373883605003357,1.0,0.04985279985703528,0.009057699935510755
1911,4.657566547393799,4.325000762939453,0.4235594570636749,1.0,0.051639300072565675,0.009579200064763427
1912,4.6572747230529785,4.3425679206848145,0.3135312795639038,1.0,0.10226799990050495,0.009017199976369739
1913,4.656830310821533,4.315195560455322,0.3108730912208557,1.0,0.05910710012540221,0.01241440000012517
1914,4.655944347381592,4.388402938842773,0.3954353928565979,1.0,0.051431499887257814,0.00983159989118576
1915,4.655323505401611,4.03361701965332,0.5341029167175293,1.0,0.05121429986320436,0.00973170017823577
1916,4.655281066894531,4.021897792816162,0.468211829662323,1.0,0.04987480002455413,0.009118699934333563
1917,4.65545129776001,4.244052410125732,0.43377256393432617,1.0,0.05074240011163056,0.009340399876236916
1918,4.655545711517334,4.116753101348877,0.3875848948955536,1.0,0.05272500007413328,0.00860680011101067
1919,4.655766487121582,4.028292655944824,0.39037781953811646,1.0,0.050264300080016255,0.008734300034120679
1920,4.655827522277832,4.245391845703125,0.3918253183364868,1.0,0.0474547001067549,0.008847300196066499
1921,4.656017303466797,4.213299751281738,0.4470541775226593,1.0,0.04271590011194348,0.006694599986076355
1922,4.656667709350586,3.965646982192993,0.3888413608074188,1.0,0.04305929993279278,0.007226499961689115
1923,4.657247066497803,4.239832401275635,0.4568026065826416,1.0,0.04043289995752275,0.007363300072029233
1924,4.65788459777832,4.1048784255981445,0.3429848551750183,1.0,0.04150720010511577,0.008411100134253502
1925,4.6587958335876465,4.185934543609619,0.4128868281841278,1.0,0.041177199920639396,0.007139499997720122
1926,4.65917444229126,4.120675563812256,0.316604346036911,1.0,0.03787359991110861,0.008835599990561604
1927,4.659186363220215,4.145613670349121,0.410076379776001,1.0,0.040420199977234006,0.010624600108712912
1928,4.658431053161621,4.060121059417725,0.3437931537628174,1.0,0.040199900045990944,0.006397800054401159
1929,4.657935619354248,4.264236927032471,0.2911404073238373,1.0,0.041168699972331524,0.007201500004157424
1930,4.658156871795654,4.271451473236084,0.33275678753852844,1.0,0.04153199982829392,0.006161099998280406
1931,4.657374382019043,4.471506595611572,0.29400885105133057,1.0,0.039205600041896105,0.006369499955326319
1932,4.65702486038208,4.010330677032471,0.4266217052936554,1.0,0.038688899949193,0.0078009001445025206
1933,4.656678676605225,4.2245259284973145,0.37373948097229004,1.0,0.03862680005840957,0.006990700028836727
1934,4.656161785125732,4.256722927093506,0.3927724063396454,1.0,0.03988320007920265,0.007366100093349814
1935,4.655552387237549,4.079230785369873,0.3398512601852417,1.0,0.04124100017361343,0.007307599997147918
1936,4.6549072265625,4.308804512023926,0.3748985826969147,1.0,0.04121250007301569,0.007063400000333786
1937,4.6546196937561035,4.030618667602539,0.5400960445404053,1.0,0.041576100047677755,0.007067000027745962
1938,4.65422248840332,4.14900541305542,0.37258434295654297,1.0,0.038992200046777725,0.006182999815791845
1939,4.654348850250244,3.969388484954834,0.5080430507659912,1.0,0.04056419990956783,0.008615900063887239
1940,4.654358386993408,4.119972229003906,0.5741405487060547,1.0,0.04827999998815358,0.006246700184419751
1941,4.654518127441406,4.071775436401367,0.36831656098365784,1.0,0.04799330001696944,0.010697099845856428
1942,4.655332088470459,4.0840840339660645,0.500157356262207,1.0,0.05116689996793866,0.009925299789756536
1943,4.655206680297852,4.2818379402160645,0.49582770466804504,1.0,0.07233070000074804,0.010778299998492002
1944,4.655660152435303,3.9218392372131348,0.43518713116645813,1.0,0.05974790011532605,0.010664600180462003
1945,4.655537128448486,4.097039699554443,0.40179896354675293,1.0,0.07025959994643927,0.009883300168439746
1946,4.655065059661865,4.055604457855225,0.37962472438812256,1.0,0.04993019998073578,0.00967159983702004
1947,4.654824256896973,3.9909629821777344,0.45154425501823425,1.0,0.061435099923983216,0.009093000087887049
1948,4.654360771179199,4.1355671882629395,0.4010709524154663,1.0,0.059981699800118804,0.008042900124564767
1949,4.653036594390869,4.2474684715271,0.3589766025543213,1.0,0.062145299976691604,0.008346300106495619
1950,4.652043342590332,4.200908660888672,0.4026886820793152,1.0,0.056645600125193596,0.009339199867099524
1951,4.650568962097168,4.180087566375732,0.4100412428379059,1.0,0.053549300180748105,0.011378299910575151
1952,4.649024963378906,4.069366455078125,0.3522768020629883,1.0,0.05531269987113774,0.009361200034618378
1953,4.648227691650391,4.1966118812561035,0.44707128405570984,1.0,0.04635110008530319,0.009775900049135089
1954,4.647665500640869,4.126845359802246,0.3738800287246704,1.0,0.052030600141733885,0.008773099863901734
1955,4.647599697113037,4.197746276855469,0.4754876494407654,1.0,0.04883130011148751,0.008697599871084094
1956,4.64698600769043,4.163534164428711,0.37574371695518494,1.0,0.041654699947685,0.0072009998839348555
1957,4.646847248077393,4.019100189208984,0.3497942090034485,1.0,0.038944399915635586,0.006433599861338735
1958,4.6463751792907715,4.131429195404053,0.47297048568725586,1.0,0.04109890013933182,0.007430800003930926
1959,4.645954132080078,4.127521514892578,0.42753443121910095,1.0,0.04194669984281063,0.006464600097388029
1960,4.645348072052002,4.282761096954346,0.3690984547138214,1.0,0.04076349991373718,0.008885000133886933
1961,4.644773006439209,4.24908971786499,0.34623703360557556,1.0,0.04029999999329448,0.007846000138670206
1962,4.643689155578613,4.102726459503174,0.46695682406425476,1.0,0.04288459988310933,0.006605200003832579
1963,4.642995357513428,4.215102672576904,0.28874388337135315,1.0,0.04244240000844002,0.0072165001183748245
1964,4.642265796661377,3.6827168464660645,0.50383061170578,1.0,0.0400006000418216,0.006116899894550443
1965,4.6414313316345215,4.275132179260254,0.4972531199455261,1.0,0.03689210000447929,0.008033499820157886
1966,4.640626430511475,3.7376151084899902,0.5766533017158508,1.0,0.03563529998064041,0.009778900071978569
1967,4.640122413635254,3.969317674636841,0.3914894163608551,1.0,0.041393599938601255,0.0077096999157220125
1968,4.639679908752441,3.965646743774414,0.42891180515289307,1.0,0.04041120014153421,0.007698899833485484
1969,4.639283657073975,4.251068592071533,0.339388906955719,1.0,0.03952520014718175,0.006956799887120724
1970,4.639249801635742,4.339498996734619,0.3937127888202667,1.0,0.0395692999009043,0.006231399951502681
1971,4.639729976654053,3.9556140899658203,0.5442816019058228,1.0,0.040910799987614155,0.007709199795499444
1972,4.639950752258301,3.9710640907287598,0.45211005210876465,1.0,0.040234100073575974,0.007940700044855475
1973,4.639743328094482,4.269739627838135,0.47250896692276,1.0,0.038747699931263924,0.009185299975797534
1974,4.639628887176514,4.117071151733398,0.5423508286476135,1.0,0.04073329991661012,0.008576000109314919
1975,4.639411926269531,4.17282247543335,0.3931138813495636,1.0,0.04053589981049299,0.009238499915227294
1976,4.63933801651001,4.399348735809326,0.24547606706619263,1.0,0.05068800016306341,0.00874900002963841
1977,4.639769554138184,4.295007705688477,0.36890679597854614,1.0,0.05130599997937679,0.009950399864464998
1978,4.640415191650391,4.218822479248047,0.4706101715564728,1.0,0.05236559989862144,0.008916500024497509
1979,4.6410908699035645,4.046472549438477,0.5126002430915833,1.0,0.05294329999014735,0.009087099926546216
1980,4.642431259155273,4.093887805938721,0.4209047853946686,1.0,0.05253179999999702,0.00938770011998713
1981,4.644193172454834,3.9842915534973145,0.5286433696746826,1.0,0.05012400005944073,0.008574600098654628
1982,4.646124839782715,4.0379157066345215,0.5451778173446655,1.0,0.047915900126099586,0.009792499942705035
1983,4.648004055023193,3.9128925800323486,0.5276675224304199,1.0,0.04828360001556575,0.010727299842983484
1984,4.648373603820801,4.2042155265808105,0.5007387399673462,1.0,0.049200200010091066,0.010131899965927005
1985,4.647861003875732,4.03239107131958,0.46769994497299194,1.0,0.053095499984920025,0.00983950006775558
1986,4.646285057067871,3.9664409160614014,0.43004104495048523,1.0,0.05070909997448325,0.009125699987635016
1987,4.644178867340088,4.078373908996582,0.37012940645217896,1.0,0.052055800100788474,0.009126200107857585
1988,4.642692565917969,4.188527584075928,0.41796940565109253,1.0,0.053382699843496084,0.008777800016105175
1989,4.640999794006348,4.176816463470459,0.442064106464386,1.0,0.051889099879190326,0.008605899987742305
1990,4.640422344207764,4.105857849121094,0.4085211455821991,1.0,0.052224199986085296,0.01002599997445941
1991,4.640690803527832,4.156980991363525,0.470814049243927,1.0,0.04957149992696941,0.010001200018450618
1992,4.640594005584717,4.044417858123779,0.5788331627845764,1.0,0.05177500005811453,0.010750900022685528
1993,4.639793872833252,4.015102386474609,0.5542097091674805,1.0,0.04951199982315302,0.010997899807989597
1994,4.6390204429626465,4.028564929962158,0.4645799696445465,1.0,0.052713099867105484,0.010109399911016226
1995,4.638416767120361,4.205921649932861,0.3818342983722687,1.0,0.05101910000666976,0.00983759993687272
1996,4.638545513153076,4.153555393218994,0.44232237339019775,1.0,0.05339600006118417,0.009706799872219563
1997,4.639319896697998,4.178835391998291,0.5032954812049866,1.0,0.05171100003644824,0.009414899861440063
1998,4.640072822570801,3.9055793285369873,0.43724751472473145,1.0,0.05465290020219982,0.00895350007340312
1999,4.640635013580322,4.231320381164551,0.37222492694854736,1.0,0.05094069987535477,0.009766400093212724
2000,4.641090393066406,4.153695583343506,0.35869595408439636,1.0,0.051668799947947264,0.00998689979314804
2001,4.641328811645508,4.128281593322754,0.5166740417480469,1.0,0.05118000018410385,0.009722699876874685
2002,4.640645503997803,4.250196933746338,0.5570918321609497,1.0,0.04972779983654618,0.010386000154539943
2003,4.639183044433594,4.016120910644531,0.5150963068008423,1.0,0.05083979992195964,0.00981099996715784
2004,4.638396263122559,3.9929440021514893,0.5012804865837097,1.0,0.0518269999884069,0.009078999981284142
2005,4.637250900268555,4.17972469329834,0.30956652760505676,1.0,0.05070649995468557,0.008894599974155426
2006,4.636453628540039,4.1696858406066895,0.5342245101928711,1.0,0.05071830004453659,0.00969720003195107
2007,4.636291980743408,4.1448588371276855,0.47972169518470764,1.0,0.05221290001645684,0.008425000123679638
2008,4.6362223625183105,4.29904842376709,0.4412149488925934,1.0,0.05148239992558956,0.00948410015553236
2009,4.635733604431152,4.182109832763672,0.3511492908000946,1.0,0.04974149982444942,0.009107199963182211
2010,4.635377407073975,4.033422946929932,0.48875105381011963,1.0,0.04818970011547208,0.01063309982419014
2011,4.6347479820251465,3.9341325759887695,0.3692930340766907,1.0,0.05025000008754432,0.009699200047180057
2012,4.635182857513428,4.153538227081299,0.3781450092792511,1.0,0.05060809990391135,0.009780599968507886
2013,4.635251045227051,4.030133247375488,0.5294150710105896,1.0,0.05336960009299219,0.008703199913725257
2014,4.635247230529785,4.159592628479004,0.38988232612609863,1.0,0.052785899955779314,0.008974200114607811
2015,4.635060787200928,4.301829814910889,0.33301281929016113,1.0,0.04968840000219643,0.008584699826315045
2016,4.634650707244873,4.268889427185059,0.26573312282562256,1.0,0.04715349990874529,0.009951499989256263
2017,4.634127140045166,4.255546569824219,0.35822975635528564,1.0,0.04951669997535646,0.010164699982851744
2018,4.633743762969971,4.068073272705078,0.41153180599212646,1.0,0.051316200057044625,0.010352799901738763
2019,4.633707046508789,3.919323444366455,0.31015682220458984,1.0,0.0524057000875473,0.009857899975031614
2020,4.633680820465088,4.121044635772705,0.3466355502605438,1.0,0.05212419992312789,0.00904799997806549
2021,4.634090900421143,4.057039260864258,0.41388076543807983,1.0,0.051161699928343296,0.009221100015565753
2022,4.634646892547607,4.180569648742676,0.3742566406726837,1.0,0.051482300041243434,0.008965000044554472
2023,4.6350884437561035,4.223783016204834,0.3964090943336487,1.0,0.05015029991045594,0.0093108001165092
2024,4.635754108428955,4.246142864227295,0.47861409187316895,1.0,0.0502768000587821,0.009793499950319529
2025,4.636784553527832,4.416134357452393,0.32973939180374146,1.0,0.051108699990436435,0.009983900003135204
2026,4.637115478515625,4.164305210113525,0.3104386031627655,1.0,0.050962600158527493,0.009904999984428287
2027,4.637502193450928,4.373165607452393,0.3456365168094635,1.0,0.05189869995228946,0.009122000075876713
2028,4.637818813323975,4.300394058227539,0.39240723848342896,1.0,0.052797399926930666,0.009068700019270182
2029,4.63856315612793,4.103870868682861,0.5072251558303833,1.0,0.05542140011675656,0.00926760002039373
2030,4.638852596282959,4.172762870788574,0.36529844999313354,1.0,0.053036299999803305,0.008882900001481175
2031,4.639410972595215,4.108786582946777,0.4536376893520355,1.0,0.050792699912562966,0.008662399835884571
2032,4.6396050453186035,4.107190132141113,0.3378544747829437,1.0,0.051324900006875396,0.01022879988886416
2033,4.639863014221191,3.958402156829834,0.5381297469139099,1.0,0.05007210001349449,0.008533600019291043
2034,4.640426158905029,3.875718593597412,0.47563686966896057,1.0,0.04885739996097982,0.011102600023150444
2035,4.641565322875977,4.204678058624268,0.4417867064476013,1.0,0.050820100121200085,0.010080799926072359
2036,4.642185211181641,3.926727056503296,0.5916798710823059,1.0,0.05141149996779859,0.00930889998562634
2037,4.642173767089844,3.959803581237793,0.3702699542045593,1.0,0.051384400110691786,0.00967329996638
2038,4.641944408416748,4.20350980758667,0.5568071007728577,1.0,0.050040500005707145,0.008520199917256832
2039,4.641714096069336,4.238791465759277,0.3349527418613434,1.0,0.052083299960941076,0.009735400089994073
2040,4.641122817993164,4.1860127449035645,0.45853421092033386,1.0,0.051289299968630075,0.009515099925920367
2041,4.6403021812438965,4.110518932342529,0.2620741128921509,1.0,0.04955309978686273,0.010513600194826722
2042,4.639975070953369,3.778318166732788,0.4994037449359894,1.0,0.05099099990911782,0.009848900139331818
2043,4.639369964599609,4.282797813415527,0.4768712520599365,1.0,0.05181160010397434,0.008916700026020408
2044,4.638981819152832,4.23552942276001,0.3556886315345764,1.0,0.05200800020247698,0.009195100050419569
2045,4.638477802276611,4.375528335571289,0.32366853952407837,1.0,0.05067960009910166,0.008647399954497814
2046,4.637911319732666,4.4361677169799805,0.4113677144050598,1.0,0.04889340000227094,0.010860699927434325
2047,4.6376824378967285,4.2438225746154785,0.4525315761566162,1.0,0.04768339986912906,0.009583699982613325
2048,4.637580871582031,4.009666919708252,0.3370180130004883,1.0,0.05278100003488362,0.011719200061634183
2049,4.637682914733887,4.126027584075928,0.4092633128166199,1.0,0.0517064998857677,0.009697400033473969
2050,4.637689113616943,4.2754130363464355,0.35907435417175293,1.0,0.05071760015562177,0.008708199951797724
2051,4.636934280395508,4.135842800140381,0.3941372036933899,1.0,0.050039200112223625,0.008842499926686287
2052,4.636327743530273,4.172100067138672,0.3015501797199249,1.0,0.07798750000074506,0.029020800022408366
2053,4.635897636413574,3.9820008277893066,0.38176873326301575,1.0,0.05333380005322397,0.009329099906608462
2054,4.635621070861816,4.1026153564453125,0.4324389100074768,1.0,0.038639199919998646,0.0063449000008404255
2055,4.635698318481445,4.171458721160889,0.42990195751190186,1.0,0.03879360016435385,0.007658099988475442
2056,4.635847091674805,4.288190841674805,0.37747666239738464,1.0,0.03955139988102019,0.008278499823063612
2057,4.635983467102051,3.833662509918213,0.4084564447402954,1.0,0.041046799859032035,0.008582599926739931
2058,4.635929584503174,4.046321868896484,0.382276713848114,1.0,0.04191810009069741,0.006767400074750185
2059,4.635748386383057,4.419787883758545,0.4615820646286011,1.0,0.041202899999916553,0.0074309001211076975
2060,4.635402679443359,4.181211471557617,0.39892667531967163,1.0,0.041869900189340115,0.0063553000800311565
2061,4.635673999786377,4.2363810539245605,0.39151784777641296,1.0,0.039282199926674366,0.008140699937939644
2062,4.635836124420166,4.327005863189697,0.3434240520000458,1.0,0.0375983000267297,0.007287700194865465
2063,4.635986328125,4.070319175720215,0.5450375080108643,1.0,0.03618200006894767,0.009951199870556593
2064,4.636240005493164,4.2554521560668945,0.39756059646606445,1.0,0.04331049998290837,0.006820700131356716
2065,4.636436462402344,4.159592628479004,0.3326910734176636,1.0,0.0407948000356555,0.0071941998321563005
2066,4.636521816253662,4.174503326416016,0.29207032918930054,1.0,0.039646000135689974,0.00661100004799664
2067,4.63606071472168,4.138397216796875,0.561296820640564,1.0,0.040522600058466196,0.008106600027531385
2068,4.635720729827881,4.216693878173828,0.36866796016693115,1.0,0.04066860000602901,0.008070700103417039
2069,4.634675025939941,3.968538999557495,0.3515225648880005,1.0,0.04726070002652705,0.010789399966597557
2070,4.633336544036865,4.071540832519531,0.4359087347984314,1.0,0.0466217000503093,0.008829300059005618
2071,4.631744861602783,3.95284366607666,0.64128178358078,1.0,0.047079999931156635,0.007662799907848239
2072,4.631093978881836,4.106855392456055,0.3454808294773102,1.0,0.04806889989413321,0.006804900011047721
2073,4.630945682525635,4.091314792633057,0.45488932728767395,1.0,0.048337499843910336,0.019462000112980604
2074,4.631260871887207,4.011706352233887,0.4107093811035156,1.0,0.059518299996852875,0.006800699979066849
2075,4.631872177124023,3.8779242038726807,0.5437807440757751,1.0,0.0555912998970598,0.013426200021058321
2076,4.632813453674316,4.040860652923584,0.42097270488739014,1.0,0.05735130002722144,0.008985199965536594
2077,4.633458614349365,4.110598087310791,0.4046056270599365,1.0,0.05779019999317825,0.008358600083738565
2078,4.633628845214844,4.117380142211914,0.42888298630714417,1.0,0.07934279995970428,0.009298099903389812
2079,4.633471965789795,4.112643241882324,0.4742794930934906,1.0,0.0726524000056088,0.024472800083458424
2080,4.633290767669678,4.12864875793457,0.44758474826812744,1.0,0.059395099990069866,0.01010640012100339
2081,4.633233070373535,3.8887765407562256,0.4983287453651428,1.0,0.06364640011452138,0.011169700184836984
2082,4.633038520812988,4.098432540893555,0.4797486960887909,1.0,0.05262840003706515,0.008511099964380264
2083,4.632165908813477,4.035949230194092,0.3626822233200073,1.0,0.05192480003461242,0.009445900097489357
2084,4.631404876708984,3.9748876094818115,0.44540300965309143,1.0,0.050997099839150906,0.00853069988079369
2085,4.630781650543213,4.219381332397461,0.28594332933425903,1.0,0.04944860003888607,0.007622199831530452
2086,4.630279541015625,4.137772083282471,0.5183957815170288,1.0,0.04983349982649088,0.011177200125530362
2087,4.629693984985352,4.073265552520752,0.34335827827453613,1.0,0.051914399955421686,0.009802599903196096
2088,4.628622055053711,3.929060459136963,0.3973330557346344,1.0,0.055138800060376525,0.009014100069180131
2089,4.62789249420166,4.128422260284424,0.4167664349079132,1.0,0.04376370017416775,0.00916990009136498
2090,4.627445220947266,4.184632778167725,0.343135803937912,1.0,0.04463819996453822,0.006773799890652299
2091,4.627057075500488,4.35630464553833,0.4268535375595093,1.0,0.039788599824532866,0.006694300100207329
2092,4.626481533050537,4.111501216888428,0.3955596089363098,1.0,0.03960820008069277,0.008800799958407879
2093,4.625453472137451,4.020069599151611,0.47121551632881165,1.0,0.03926770016551018,0.0077373001258820295
2094,4.62507963180542,4.115276336669922,0.3552282452583313,1.0,0.03904610010795295,0.00927599985152483
2095,4.625540256500244,4.133176326751709,0.40098336338996887,1.0,0.039965400006622076,0.00757280015386641
2096,4.626215934753418,4.165248394012451,0.40928077697753906,1.0,0.04158569988794625,0.007904700003564358
2097,4.626859188079834,3.9668240547180176,0.3976077437400818,1.0,0.04347230005078018,0.007987800054252148
2098,4.627867221832275,4.156129360198975,0.3757456839084625,1.0,0.04473099997267127,0.0069540999829769135
2099,4.629425048828125,4.262004375457764,0.37493664026260376,1.0,0.042231100145727396,0.00772069999948144
2100,4.63053560256958,4.0967183113098145,0.5128201842308044,1.0,0.0430479000788182,0.006939800223335624
2101,4.630880832672119,3.987307548522949,0.3450763523578644,1.0,0.04079740005545318,0.006866500014439225
2102,4.630845546722412,4.130370140075684,0.2953355312347412,1.0,0.041993699967861176,0.007887399988248944
2103,4.63078498840332,4.213605880737305,0.45840588212013245,1.0,0.04224550002254546,0.008034199941903353
2104,4.6298017501831055,4.030067443847656,0.42296645045280457,1.0,0.04123699991032481,0.008655400015413761
2105,4.628084182739258,3.8812999725341797,0.5122194290161133,1.0,0.040559699991717935,0.008564500138163567
2106,4.625779628753662,4.35766077041626,0.2764568626880646,1.0,0.04151019989512861,0.008781200041994452
2107,4.623789310455322,4.036982536315918,0.49241870641708374,1.0,0.040432200068607926,0.008827999932691455
2108,4.622709274291992,4.342048645019531,0.3063851594924927,1.0,0.04713850002735853,0.007922499906271696
2109,4.621689319610596,4.034398555755615,0.45088276267051697,1.0,0.048970700008794665,0.014328200137242675
2110,4.6207451820373535,4.020660400390625,0.3939407467842102,1.0,0.050117299892008305,0.009442100068554282
2111,4.620132923126221,4.214363098144531,0.412081241607666,1.0,0.04970910004340112,0.008999499958008528
2112,4.620086669921875,4.136483192443848,0.3557087481021881,1.0,0.050060899928212166,0.009275800082832575
2113,4.619781970977783,4.191897392272949,0.2809460759162903,1.0,0.05088969995267689,0.010410600109025836
2114,4.619542598724365,3.9630167484283447,0.3630838692188263,1.0,0.04952710005454719,0.007982600014656782
2115,4.619271278381348,3.9634718894958496,0.34224557876586914,1.0,0.04812949988991022,0.011105400044471025
2116,4.619300842285156,4.051930904388428,0.3173395097255707,1.0,0.05134289991110563,0.009571800008416176
2117,4.619779586791992,4.181727886199951,0.3102990686893463,1.0,0.05137500003911555,0.008638900006189942
2118,4.620005130767822,3.893602132797241,0.4191860556602478,1.0,0.05116709996946156,0.008966999826952815
2119,4.619771480560303,4.177565097808838,0.3293648660182953,1.0,0.04919980000704527,0.008077999809756875
2120,4.6193437576293945,4.089324474334717,0.3233693540096283,1.0,0.050601699855178595,0.010183500126004219
2121,4.619394302368164,4.174515247344971,0.2631211280822754,1.0,0.04856570018455386,0.010701999999582767
2122,4.61950159072876,4.236368656158447,0.30317625403404236,1.0,0.045821999898180366,0.011691000079736114
2123,4.619455337524414,4.028509140014648,0.3919588327407837,1.0,0.05063260020688176,0.009853200055658817
2124,4.619336128234863,4.061407566070557,0.34430333971977234,1.0,0.05178640014491975,0.00883350009098649
2125,4.619029521942139,4.085009574890137,0.33348914980888367,1.0,0.05205660010688007,0.008922599954530597
2126,4.618430137634277,4.024165630340576,0.31735333800315857,1.0,0.049658700125291944,0.008404100080952048
2127,4.617326259613037,4.27334451675415,0.2574584484100342,1.0,0.04798500007018447,0.010037499945610762
2128,4.616759777069092,3.9995713233947754,0.38932546973228455,1.0,0.04676109994761646,0.011186200194060802
2129,4.6166672706604,4.112828254699707,0.42671462893486023,1.0,0.05130799999460578,0.009357400005683303
2130,4.617234230041504,4.141172885894775,0.3387357294559479,1.0,0.05051230010576546,0.0090144001878798
2131,4.6172051429748535,4.02801513671875,0.41217881441116333,1.0,0.05167029984295368,0.00907490006648004
2132,4.617086887359619,4.040414810180664,0.38553380966186523,1.0,0.049449400044977665,0.008773300098255277
2133,4.616849899291992,4.138754844665527,0.44120365381240845,1.0,0.04834889993071556,0.010524600045755506
2134,4.616123199462891,4.280529022216797,0.32083860039711,1.0,0.04597859992645681,0.011396000161767006
2135,4.615196228027344,4.332342624664307,0.45131850242614746,1.0,0.05065350001677871,0.010253999847918749
2136,4.613852024078369,3.996544599533081,0.4657650887966156,1.0,0.05052449996583164,0.009661300107836723
2137,4.6126508712768555,4.050598621368408,0.351706326007843,1.0,0.05350580019876361,0.009278299985453486
2138,4.611462593078613,4.144088268280029,0.34411388635635376,1.0,0.04903740016743541,0.00916530005633831
2139,4.611011028289795,4.2356696128845215,0.3964431881904602,1.0,0.048112899996340275,0.009994399966672063
2140,4.610257625579834,3.951660633087158,0.4982578456401825,1.0,0.046642999863252044,0.011502199806272984
2141,4.6097493171691895,4.0355753898620605,0.4301043450832367,1.0,0.05165649997070432,0.009370499989017844
2142,4.609345436096191,4.309545516967773,0.24705690145492554,1.0,0.05331859993748367,0.008530799997970462
2143,4.6091532707214355,4.244861125946045,0.37243813276290894,1.0,0.05155800003558397,0.009395200060680509
2144,4.608816146850586,4.117696285247803,0.40820857882499695,1.0,0.04983289982192218,0.008339600171893835
2145,4.608675003051758,4.140682697296143,0.5017707943916321,1.0,0.04930650000460446,0.01038470002822578
2146,4.608969688415527,4.100485801696777,0.3423958420753479,1.0,0.04970659990794957,0.010093200020492077
2147,4.609399318695068,3.905946969985962,0.3211822211742401,1.0,0.054673400009050965,0.009245600085705519
2148,4.610520839691162,3.9635157585144043,0.4503450393676758,1.0,0.05072599998675287,0.010034499922767282
2149,4.612306594848633,4.1543049812316895,0.38117605447769165,1.0,0.05175099987536669,0.009364400058984756
2150,4.614171981811523,4.112086772918701,0.4356285333633423,1.0,0.05174480006098747,0.00992799992673099
2151,4.616172790527344,3.868959665298462,0.5711116790771484,1.0,0.04945780010893941,0.008561100112274289
2152,4.61759090423584,3.812979221343994,0.7181050777435303,1.0,0.0484827000182122,0.0097119000274688
2153,4.618935585021973,4.0106658935546875,0.6111043691635132,1.0,0.047840600134804845,0.010929499985650182
2154,4.619584083557129,4.183918476104736,0.39662712812423706,1.0,0.05025169998407364,0.00997689994983375
2155,4.619497776031494,3.9763479232788086,0.43876534700393677,1.0,0.051077499985694885,0.010390199953690171
2156,4.619025707244873,4.052081108093262,0.4258217215538025,1.0,0.05123989982530475,0.009289800189435482
2157,4.618061542510986,4.240921974182129,0.32259026169776917,1.0,0.05320650013163686,0.00911670015193522
2158,4.617039203643799,3.922377109527588,0.4616115987300873,1.0,0.05142030003480613,0.008584600174799562
2159,4.616164684295654,4.215632915496826,0.47417348623275757,1.0,0.055028900038450956,0.009815199999138713
2160,4.615350246429443,4.100033283233643,0.34269601106643677,1.0,0.04896729998290539,0.00821270002052188
2161,4.614922523498535,4.208559513092041,0.4061272144317627,1.0,0.04996079998090863,0.01043800008483231
2162,4.6142964363098145,4.07873010635376,0.37910857796669006,1.0,0.051858700113371015,0.009360000025480986
2163,4.6138811111450195,4.215190887451172,0.25546887516975403,1.0,0.05341930012218654,0.008802700089290738
2164,4.613210678100586,4.154143810272217,0.3444855213165283,1.0,0.053132399916648865,0.009348900057375431
2165,4.613061904907227,4.220284938812256,0.38661709427833557,1.0,0.04968739999458194,0.008534700144082308
2166,4.612581253051758,4.156355381011963,0.272232323884964,1.0,0.05203999998047948,0.010418199934065342
2167,4.612220287322998,4.193743705749512,0.3099289536476135,1.0,0.05256480001844466,0.008611999917775393
2168,4.6120758056640625,4.066349506378174,0.3314926326274872,1.0,0.0613362998701632,0.013365400023758411
2169,4.612227916717529,3.9718849658966064,0.4123777449131012,1.0,0.04657249990850687,0.01152110006660223
2170,4.612468719482422,4.154278755187988,0.3630339503288269,1.0,0.050608300138264894,0.010120900114998221
2171,4.61247444152832,4.109972953796387,0.35351118445396423,1.0,0.05340139986947179,0.008903800044208765
2172,4.612224102020264,4.23066520690918,0.300866037607193,1.0,0.05391859984956682,0.009267100133001804
2173,4.611838340759277,3.9261157512664795,0.4233984351158142,1.0,0.05093599995598197,0.009670000057667494
2174,4.611532211303711,4.011086940765381,0.32768282294273376,1.0,0.0488020998891443,0.010593899991363287
2175,4.611347198486328,3.9745895862579346,0.3889053761959076,1.0,0.052267400082200766,0.011381000047549605
2176,4.610833168029785,3.922308921813965,0.3718944489955902,1.0,0.05672269989736378,0.011768900090828538
2177,4.610706329345703,3.9222185611724854,0.432952344417572,1.0,0.053063200088217854,0.011353700188919902
2178,4.611216068267822,4.4484663009643555,0.2950068414211273,1.0,0.05127990012988448,0.008853900013491511
2179,4.611612319946289,4.202528953552246,0.27377232909202576,1.0,0.051347200060263276,0.009729400044307113
2180,4.611375331878662,4.101624965667725,0.34671539068222046,1.0,0.0523569998331368,0.009470300050452352
2181,4.611571788787842,3.9620790481567383,0.5612227320671082,1.0,0.04843929992057383,0.01085249986499548
2182,4.611568450927734,4.072683334350586,0.2545412480831146,1.0,0.05081339995376766,0.009793000062927604
2183,4.6116838455200195,4.13284969329834,0.3220602869987488,1.0,0.05349869979545474,0.008837100118398666
2184,4.611749649047852,4.0249738693237305,0.3672310709953308,1.0,0.05130609986372292,0.009005999891087413
2185,4.612238883972168,4.026852130889893,0.3874358534812927,1.0,0.04962760000489652,0.008684300119057298
2186,4.61232328414917,4.206579208374023,0.22343841195106506,1.0,0.04846990015357733,0.009811700088903308
2187,4.612067222595215,4.127300262451172,0.38113513588905334,1.0,0.04798980010673404,0.010696099838241935
2188,4.612080097198486,4.1813273429870605,0.4286896288394928,1.0,0.051301300060003996,0.00930729997344315
2189,4.612783432006836,4.312792778015137,0.278785765171051,1.0,0.05085129989311099,0.008982700062915683
2190,4.613728046417236,4.045403480529785,0.547166109085083,1.0,0.0503825000487268,0.008677700068801641
2191,4.614360332489014,4.094488143920898,0.4410027861595154,1.0,0.049031500006094575,0.008383800042793155
2192,4.614288806915283,4.352903366088867,0.28499725461006165,1.0,0.048437400022521615,0.010065999813377857
2193,4.6138916015625,4.15858793258667,0.39222899079322815,1.0,0.04689580015838146,0.010587099939584732
2194,4.613069534301758,4.260848522186279,0.33501681685447693,1.0,0.05737389996647835,0.009952099993824959
2195,4.612584590911865,4.2037129402160645,0.3760908246040344,1.0,0.060201099840924144,0.010180799989029765
2196,4.612218856811523,4.137341022491455,0.41827261447906494,1.0,0.058535599848255515,0.00865400000475347
2197,4.611706733703613,3.969209909439087,0.5218137502670288,1.0,0.056444100104272366,0.013035199837759137
2198,4.611839771270752,4.127711296081543,0.4020134210586548,1.0,0.052110299933701754,0.008568299934267998
2199,4.612138748168945,3.9927592277526855,0.3881351351737976,1.0,0.0610057997982949,0.01003640005365014
2200,4.612884044647217,4.25606107711792,0.35032111406326294,1.0,0.0501564999576658,0.009911200031638145
2201,4.613121032714844,4.169345378875732,0.39279788732528687,1.0,0.04949279990978539,0.011695000110194087
2202,4.613461494445801,4.1503496170043945,0.3017323911190033,1.0,0.09734990005381405,0.009080199990421534
2203,4.613917350769043,4.001925945281982,0.38728848099708557,1.0,0.0568019999191165,0.017070400062948465
2204,4.614389419555664,4.066553115844727,0.3273145854473114,1.0,0.0408720001578331,0.0073454000521451235
2205,4.615178108215332,4.237023830413818,0.35800275206565857,1.0,0.042714100098237395,0.006384400185197592
2206,4.615560054779053,4.2786641120910645,0.40634670853614807,1.0,0.03976840013638139,0.006887299939990044
2207,4.61569356918335,3.9323837757110596,0.4602436423301697,1.0,0.03814690001308918,0.007833899930119514
2208,4.616146564483643,3.898613929748535,0.43624255061149597,1.0,0.03738179989159107,0.008304900024086237
2209,4.616386413574219,3.9697799682617188,0.3849983215332031,1.0,0.03926809993572533,0.0072366001550108194
2210,4.616418361663818,3.9023993015289307,0.30104929208755493,1.0,0.04232969996519387,0.007625300204381347
2211,4.616190433502197,3.9045774936676025,0.33278024196624756,1.0,0.04034859989769757,0.007017400115728378
2212,4.616779804229736,4.099044322967529,0.37868180871009827,1.0,0.04025690001435578,0.006848399993032217
2213,4.616812705993652,3.9132485389709473,0.39124056696891785,1.0,0.03925210004672408,0.0062264997977763414
2214,4.616576671600342,4.253387928009033,0.3978881537914276,1.0,0.03836919995956123,0.007894100155681372
2215,4.615883827209473,4.1245503425598145,0.34742382168769836,1.0,0.03706029988825321,0.007860200013965368
2216,4.615406513214111,4.011439800262451,0.44246989488601685,1.0,0.03712989995256066,0.009222300024703145
2217,4.614923000335693,4.22920560836792,0.39844271540641785,1.0,0.04097099998034537,0.007459399988874793
2218,4.6144938468933105,4.125286102294922,0.3426782786846161,1.0,0.04095329996198416,0.006890499964356422
2219,4.614388942718506,4.113702774047852,0.3469868302345276,1.0,0.040128199849277735,0.0071379998698830605
2220,4.614107131958008,4.150648593902588,0.3958792984485626,1.0,0.04233420011587441,0.007186200004070997
2221,4.613483905792236,4.058530330657959,0.40982067584991455,1.0,0.04008019994944334,0.006851500133052468
2222,4.613359451293945,4.31514835357666,0.28912776708602905,1.0,0.04119170014746487,0.008343799971044064
2223,4.612774848937988,4.062492370605469,0.4032437205314636,1.0,0.037835000082850456,0.00813989993184805
2224,4.612612247467041,4.148991107940674,0.2986655831336975,1.0,0.038396199932321906,0.008891999954357743
2225,4.612911224365234,4.1121392250061035,0.37603068351745605,1.0,0.04034289997071028,0.00763330003246665
2226,4.613563537597656,4.186478614807129,0.29288119077682495,1.0,0.043276100186631083,0.006952099967747927
2227,4.614196300506592,4.055347919464111,0.399380624294281,1.0,0.04213689989410341,0.006400299957022071
2228,4.614408493041992,4.370425224304199,0.33599451184272766,1.0,0.041305899852886796,0.007320699980482459
2229,4.614753723144531,3.9957921504974365,0.4866449534893036,1.0,0.03977179992944002,0.006396499928086996
2230,4.615204811096191,4.324877738952637,0.25890254974365234,1.0,0.0419860000256449,0.007839399855583906
2231,4.616278648376465,4.055792808532715,0.4575941860675812,1.0,0.03875760012306273,0.00778290000744164
2232,4.617750644683838,4.211568355560303,0.3622598350048065,1.0,0.03829980012960732,0.008543599862605333
2233,4.61942720413208,3.9438443183898926,0.3838805854320526,1.0,0.039633600041270256,0.007668399950489402
2234,4.620716094970703,4.030215263366699,0.3920373320579529,1.0,0.04114250000566244,0.007520199986174703
2235,4.621648788452148,4.138239860534668,0.3150992691516876,1.0,0.041422400157898664,0.006895999889820814
2236,4.62169075012207,3.8525378704071045,0.49979931116104126,1.0,0.04116369993425906,0.0069560999982059
2237,4.621816158294678,3.852268934249878,0.34960663318634033,1.0,0.04350999998860061,0.006803599884733558
2238,4.622025489807129,3.972304105758667,0.5812455415725708,1.0,0.03951810020953417,0.006616299971938133
2239,4.6224870681762695,4.1786603927612305,0.4345162808895111,1.0,0.03847969998605549,0.007429799996316433
2240,4.622223854064941,4.067346096038818,0.34510642290115356,1.0,0.03943859995342791,0.00814030016772449
2241,4.621911525726318,4.3913726806640625,0.30672091245651245,1.0,0.03774790000170469,0.009278600104153156
2242,4.622021198272705,4.04071044921875,0.36776310205459595,1.0,0.042458799900487065,0.007649000035598874
2243,4.622188568115234,4.154460906982422,0.3962705731391907,1.0,0.043806899804621935,0.007684000069275498
2244,4.621687412261963,4.203166961669922,0.4816265106201172,1.0,0.05400440003722906,0.006607400020584464
2245,4.620948314666748,4.2764410972595215,0.3534606099128723,1.0,0.05181060009635985,0.01091370009817183
2246,4.6204657554626465,3.9174182415008545,0.42899641394615173,1.0,0.05038330005481839,0.008416699944064021
2247,4.620310306549072,4.17549467086792,0.3457898497581482,1.0,0.04785299999639392,0.00991329993121326
2248,4.6207194328308105,4.0573601722717285,0.3589076101779938,1.0,0.04987039999105036,0.010753000155091286
2249,4.6213274002075195,4.053266525268555,0.3492101728916168,1.0,0.05019039986655116,0.009656799957156181
2250,4.622335433959961,4.08743953704834,0.46876224875450134,1.0,0.05191939999349415,0.009913099929690361
2251,4.623208999633789,4.083090305328369,0.39381304383277893,1.0,0.05165340006351471,0.009306800086051226
2252,4.624128341674805,4.188201904296875,0.3823169767856598,1.0,0.050815500086173415,0.008577599888667464
2253,4.625274658203125,4.163943767547607,0.3444477319717407,1.0,0.05045470013283193,0.008978000143542886
2254,4.626582145690918,4.1295552253723145,0.3976896405220032,1.0,0.05016370001249015,0.008933799806982279
2255,4.627942085266113,4.094105243682861,0.4457617402076721,1.0,0.05395890004001558,0.009762299945577979
2256,4.629109859466553,4.142466068267822,0.4167269766330719,1.0,0.05157020012848079,0.008543699979782104
2257,4.629455089569092,4.094413757324219,0.36311161518096924,1.0,0.04976999992504716,0.01147629995830357
2258,4.6296467781066895,4.4687981605529785,0.3623828887939453,1.0,0.051396800205111504,0.00982480007223785
2259,4.628717422485352,4.225234031677246,0.3714801073074341,1.0,0.05003829998895526,0.009190799901261926
2260,4.627387046813965,4.1712965965271,0.38782328367233276,1.0,0.052742999978363514,0.00895889988169074
2261,4.625908851623535,4.110233783721924,0.36558112502098083,1.0,0.05220140004530549,0.009565999964252114
2262,4.62393045425415,4.136185169219971,0.4112990200519562,1.0,0.05128289991989732,0.009902399964630604
2263,4.622312068939209,4.1899638175964355,0.31340497732162476,1.0,0.049155799904838204,0.010306800017133355
2264,4.620816707611084,4.177520751953125,0.2793264389038086,1.0,0.0469374000094831,0.011231900192797184
2265,4.620016574859619,4.101786136627197,0.38417375087738037,1.0,0.052343100076541305,0.009709300007671118
2266,4.61932897567749,4.27799654006958,0.32820314168930054,1.0,0.04989579995162785,0.009465399896726012
2267,4.618418216705322,4.090319633483887,0.3544670343399048,1.0,0.05407479987479746,0.009202999994158745
2268,4.6172356605529785,4.046788215637207,0.46000537276268005,1.0,0.054341299924999475,0.009106799960136414
2269,4.616447448730469,3.996790647506714,0.4057260751724243,1.0,0.05020789988338947,0.009330600034445524
2270,4.616003036499023,4.108825206756592,0.3660452961921692,1.0,0.05432839994318783,0.009935399983078241
2271,4.6149725914001465,3.79241943359375,0.44973596930503845,1.0,0.04806279996410012,0.010187700157985091
2272,4.612915515899658,4.058388710021973,0.3920045495033264,1.0,0.046268200036138296,0.01066770008765161
2273,4.611298561096191,4.024360179901123,0.4394432604312897,1.0,0.0497985000256449,0.010536300018429756
2274,4.610634803771973,4.389108657836914,0.30972641706466675,1.0,0.049532199976965785,0.010040499968454242
2275,4.610320568084717,3.9612958431243896,0.4157772660255432,1.0,0.05226860009133816,0.008894499856978655
2276,4.609585762023926,3.6420819759368896,0.5580760836601257,1.0,0.05027420003898442,0.008198199793696404
2277,4.60940408706665,4.215975284576416,0.36899039149284363,1.0,0.050208000000566244,0.010487999999895692
2278,4.6089324951171875,4.054235458374023,0.3680873215198517,1.0,0.0490898999851197,0.009082300122827291
2279,4.607675075531006,3.969594717025757,0.5048418641090393,1.0,0.048344200011342764,0.009700199821963906
2280,4.606911659240723,4.123147964477539,0.4123144745826721,1.0,0.05064020003192127,0.009085400030016899
2281,4.6069769859313965,4.1536760330200195,0.3618440628051758,1.0,0.051489900099113584,0.008971299976110458
2282,4.607027053833008,4.089777946472168,0.3401167392730713,1.0,0.05128869996406138,0.008441600017249584
2283,4.607181072235107,4.386924743652344,0.3368978500366211,1.0,0.05164889991283417,0.009883900173008442
2284,4.607781410217285,3.8269107341766357,0.48029690980911255,1.0,0.050363900139927864,0.008119999896734953
2285,4.6083574295043945,3.943424701690674,0.35588449239730835,1.0,0.04991369997151196,0.011161800008267164
2286,4.608543395996094,4.174264430999756,0.4325519800186157,1.0,0.05183329991996288,0.00998320011422038
2287,4.609232425689697,3.8929569721221924,0.44826188683509827,1.0,0.05109329987317324,0.01008189981803298
2288,4.6096673011779785,3.912667751312256,0.42868369817733765,1.0,0.050176900113001466,0.009752999991178513
2289,4.610360145568848,3.9321019649505615,0.34100839495658875,1.0,0.050547400023788214,0.009538300102576613
2290,4.6110734939575195,4.100930213928223,0.3770034909248352,1.0,0.05108360014855862,0.008046699920669198
2291,4.611695289611816,4.227720260620117,0.49313661456108093,1.0,0.051227299962192774,0.009169500088319182
2292,4.61205530166626,3.9239675998687744,0.2679872214794159,1.0,0.0491098000202328,0.008883200120180845
2293,4.613003730773926,4.057838439941406,0.31083983182907104,1.0,0.04864259995520115,0.010911199962720275
2294,4.6142659187316895,4.108715057373047,0.31032973527908325,1.0,0.05021900008432567,0.009652000153437257
2295,4.615105628967285,4.177536964416504,0.3264089822769165,1.0,0.04985710000619292,0.009572700131684542
2296,4.616043567657471,4.154949188232422,0.36794131994247437,1.0,0.051101600052788854,0.009014899842441082
2297,4.617216110229492,4.133395671844482,0.4125064015388489,1.0,0.051970100030303,0.008639900013804436
2298,4.618197917938232,3.974810838699341,0.2786756753921509,1.0,0.04967319988645613,0.00893249991349876
2299,4.619321346282959,4.081672191619873,0.39602184295654297,1.0,0.04869770002551377,0.009426299948245287
2300,4.620260715484619,3.8830108642578125,0.5189285278320312,1.0,0.04838020005263388,0.0102463997900486
2301,4.621078014373779,4.189396381378174,0.4282647371292114,1.0,0.052286599995568395,0.010033200029283762
2302,4.621865749359131,4.381966590881348,0.32976076006889343,1.0,0.05040830001235008,0.008896700106561184
2303,4.623008728027344,4.052913665771484,0.3883991837501526,1.0,0.05204040021635592,0.009179099928587675
2304,4.624656677246094,3.9307262897491455,0.3813343048095703,1.0,0.057055599987506866,0.011629600077867508
2305,4.626209259033203,4.061786651611328,0.5223325490951538,1.0,0.04977010004222393,0.009863800136372447
2306,4.627604961395264,3.9594638347625732,0.2554216980934143,1.0,0.04990869993343949,0.010545899858698249
2307,4.6288228034973145,4.215875148773193,0.38381296396255493,1.0,0.04731149994768202,0.00994050013832748
2308,4.62941312789917,3.8697257041931152,0.5315272808074951,1.0,0.04849839978851378,0.010994700016453862
2309,4.630373477935791,4.1260223388671875,0.41464510560035706,1.0,0.0499265999533236,0.009458899963647127
2310,4.630759239196777,4.065646648406982,0.3484407663345337,1.0,0.04915330000221729,0.008998099947348237
2311,4.630723476409912,4.031330585479736,0.36611679196357727,1.0,0.049072999972850084,0.00895889988169074
2312,4.630634784698486,4.25118350982666,0.28603214025497437,1.0,0.04906950006261468,0.00835899985395372
2313,4.630284786224365,4.19425106048584,0.3573852777481079,1.0,0.049975099973380566,0.010045399889349937
2314,4.629654884338379,3.927936553955078,0.5229167938232422,1.0,0.06119480007328093,0.008947300026193261
2315,4.6285881996154785,4.168440341949463,0.28210020065307617,1.0,0.05162940011359751,0.01281600003130734
2316,4.6279377937316895,3.895132541656494,0.3330981433391571,1.0,0.049074599985033274,0.012104799970984459
2317,4.627276420593262,4.171866416931152,0.40067052841186523,1.0,0.049197599990293384,0.009586700005456805
2318,4.6264729499816895,4.0239481925964355,0.3987339735031128,1.0,0.05248420010320842,0.009183499962091446
2319,4.6255879402160645,4.090456008911133,0.49660491943359375,1.0,0.05192869994789362,0.009122299961745739
2320,4.624610900878906,4.0080952644348145,0.37691017985343933,1.0,0.05025890003889799,0.008052000077441335
2321,4.623894691467285,4.118590831756592,0.294136106967926,1.0,0.05110669997520745,0.009626199956983328
2322,4.622626781463623,4.097949981689453,0.28313755989074707,1.0,0.0525152999907732,0.00968659995123744
2323,4.6210808753967285,4.170102119445801,0.2672233283519745,1.0,0.048030100064352155,0.012145099928602576
2324,4.619896411895752,4.153301239013672,0.3425821363925934,1.0,0.05465329997241497,0.009636600036174059
2325,4.619067192077637,4.198881149291992,0.37524959444999695,1.0,0.05800680001266301,0.009680200135335326
2326,4.618174076080322,4.24953031539917,0.33931422233581543,1.0,0.057322399923577905,0.009102500043809414
2327,4.617156028747559,4.127922534942627,0.44592010974884033,1.0,0.05581080005504191,0.008538899943232536
2328,4.616401672363281,4.172584533691406,0.42880964279174805,1.0,0.0518416000995785,0.010102800093591213
2329,4.616349220275879,3.8621840476989746,0.5157688856124878,1.0,0.05473230010829866,0.009036799892783165
2330,4.617062568664551,4.213155746459961,0.5001773238182068,1.0,0.05187069997191429,0.012333600083366036
2331,4.618221282958984,4.079679012298584,0.30263257026672363,1.0,0.05124089983291924,0.008663399843499064
2332,4.619598388671875,4.077905178070068,0.46905410289764404,1.0,0.05187639989890158,0.008564800024032593
2333,4.621397972106934,3.9962422847747803,0.46981561183929443,1.0,0.05068679992109537,0.010093300137668848
2334,4.623480796813965,4.236941337585449,0.3483565151691437,1.0,0.05034069996327162,0.008892500074580312
2335,4.62504243850708,3.904017448425293,0.44180282950401306,1.0,0.05029259994626045,0.010793500114232302
2336,4.625993728637695,4.144615173339844,0.39841243624687195,1.0,0.04876789986155927,0.009555000113323331
2337,4.626863479614258,4.069505214691162,0.5237057209014893,1.0,0.05234179995022714,0.009592700051143765
2338,4.627100944519043,4.235540390014648,0.3320387303829193,1.0,0.0526781000662595,0.009769099997356534
2339,4.627282619476318,3.911386728286743,0.49090051651000977,1.0,0.035848400089889765,0.010154800023883581
2340,4.62744665145874,4.025104522705078,0.3651878237724304,1.0,0.04462979990057647,0.01137740002013743
2341,4.627542972564697,3.7652573585510254,0.44310304522514343,1.0,0.059228300116956234,0.007830999791622162
2342,4.628015041351318,4.004525661468506,0.3949875831604004,1.0,0.04206250002607703,0.007091799983754754
2343,4.628602027893066,4.163549423217773,0.342900812625885,1.0,0.03918639989569783,0.006287300027906895
2344,4.628936767578125,4.082827568054199,0.3016390800476074,1.0,0.03792330017313361,0.006624900037422776
2345,4.629488468170166,3.9809491634368896,0.48130637407302856,1.0,0.039646599907428026,0.007179100066423416
2346,4.629750728607178,3.9855449199676514,0.32959046959877014,1.0,0.03956230008043349,0.007431700127199292
2347,4.629494667053223,3.8251078128814697,0.557355523109436,1.0,0.040770200081169605,0.007845500018447638
2348,4.629305839538574,4.25941801071167,0.3656221330165863,1.0,0.039987700060009956,0.00899780006147921
2349,4.628036022186279,4.1066460609436035,0.4170582592487335,1.0,0.03865749994292855,0.00799739989452064
2350,4.6275787353515625,3.9475934505462646,0.5158802270889282,1.0,0.03655289998278022,0.009269699919968843
2351,4.626716613769531,4.298609256744385,0.4194725751876831,1.0,0.03996059997007251,0.008243200136348605
2352,4.625132083892822,4.187098026275635,0.3913785517215729,1.0,0.04101720009930432,0.006840199930593371
2353,4.623415946960449,3.8690662384033203,0.4341271221637726,1.0,0.03879150003194809,0.006361200008541346
2354,4.622350692749023,4.022810459136963,0.4728197157382965,1.0,0.03743320005014539,0.006975899916142225
2355,4.621353626251221,3.971156597137451,0.4216805398464203,1.0,0.03955259989015758,0.007924800040200353
2356,4.620815277099609,4.160275459289551,0.4112668037414551,1.0,0.04213700001128018,0.006627099821344018
2357,4.620748519897461,4.00941801071167,0.38395562767982483,1.0,0.039622100070118904,0.006855699932202697
2358,4.620559215545654,4.025742053985596,0.35206761956214905,1.0,0.04000729997642338,0.008363999892026186
2359,4.6208953857421875,4.23283576965332,0.2741222083568573,1.0,0.036385799990966916,0.008746899897232652
2360,4.621242523193359,4.120615005493164,0.3547976613044739,1.0,0.04072479996830225,0.00800059991888702
2361,4.621500492095947,3.931995153427124,0.32657623291015625,1.0,0.03951739985495806,0.007539300015196204
2362,4.622165679931641,4.101680278778076,0.3921862542629242,1.0,0.040834799874573946,0.007993799867108464
2363,4.62257194519043,4.065629959106445,0.5016652941703796,1.0,0.0423437999561429,0.006344999885186553
2364,4.623027324676514,3.8708837032318115,0.34378790855407715,1.0,0.03903139987960458,0.006384300068020821
2365,4.623508453369141,3.9319748878479004,0.4179668426513672,1.0,0.03863450000062585,0.00801369990222156
2366,4.623973846435547,4.101520538330078,0.3764559030532837,1.0,0.03851200011558831,0.007468899944797158
2367,4.625463962554932,4.0096821784973145,0.27378955483436584,1.0,0.04031010018661618,0.00826140004210174
2368,4.625860214233398,4.055668354034424,0.3866073489189148,1.0,0.04170869989320636,0.006916299927979708
2369,4.626354217529297,4.088196277618408,0.3673715889453888,1.0,0.043918299954384565,0.006781700067222118
2370,4.626895904541016,3.906254768371582,0.5153302550315857,1.0,0.04051339998841286,0.006883400026708841
2371,4.627403259277344,4.0672760009765625,0.536488950252533,1.0,0.03915020008571446,0.006309800082817674
2372,4.627537250518799,4.029555320739746,0.401928186416626,1.0,0.04024030012078583,0.0078112001065164804
2373,4.627585411071777,3.789367437362671,0.3106522262096405,1.0,0.03665530006401241,0.008482300210744143
2374,4.627338886260986,3.884115219116211,0.3456818163394928,1.0,0.03513820003718138,0.009331800043582916
2375,4.627033233642578,4.216152191162109,0.34277471899986267,1.0,0.041137600084766746,0.007681300165131688
2376,4.627013683319092,4.231157302856445,0.2991427779197693,1.0,0.042875400045886636,0.006475300062447786
2377,4.626741409301758,3.8285462856292725,0.3990538716316223,1.0,0.04266989999450743,0.006571199977770448
2378,4.626696586608887,4.075160503387451,0.28471967577934265,1.0,0.03878000006079674,0.006379200145602226
2379,4.6266255378723145,4.085366249084473,0.4080566465854645,1.0,0.03794720000587404,0.007669300073757768
2380,4.626999855041504,4.087159156799316,0.39853689074516296,1.0,0.0414839000441134,0.008342900080606341
2381,4.627132415771484,4.16226053237915,0.3777299225330353,1.0,0.05382969998754561,0.006080599967390299
2382,4.627202987670898,4.228301525115967,0.31245994567871094,1.0,0.04932550014927983,0.008870000019669533
2383,4.627523899078369,4.1586432456970215,0.38487809896469116,1.0,0.04832679987885058,0.008355099940672517
2384,4.628033638000488,3.938204765319824,0.31745457649230957,1.0,0.04838870000094175,0.010361700085923076
2385,4.6290717124938965,4.072198390960693,0.3751574754714966,1.0,0.048375099897384644,0.009916999842971563
2386,4.630600452423096,4.213797092437744,0.3480185568332672,1.0,0.04956960002891719,0.009923399891704321
2387,4.6318206787109375,4.190197467803955,0.35968339443206787,1.0,0.05254040006548166,0.009476300096139312
2388,4.633512496948242,4.4753570556640625,0.3616833984851837,1.0,0.05359610007144511,0.009216299979016185
2389,4.6349992752075195,4.051778793334961,0.37714749574661255,1.0,0.0537449000403285,0.009263999992981553
2390,4.636404037475586,3.936492919921875,0.3999217450618744,1.0,0.05285820015706122,0.008777200011536479
2391,4.637492656707764,4.018085479736328,0.338977187871933,1.0,0.04997679986990988,0.00863370019942522
2392,4.638876438140869,4.110730171203613,0.3631007671356201,1.0,0.04992890008725226,0.010274499887600541
2393,4.639996528625488,4.1186347007751465,0.33330726623535156,1.0,0.049299199832603335,0.008625299902632833
2394,4.640611171722412,3.920808792114258,0.36027243733406067,1.0,0.048963099950924516,0.009553200099617243
2395,4.641138553619385,3.7781834602355957,0.5482662320137024,1.0,0.050311399856582284,0.00976860010996461
2396,4.64058256149292,4.2149834632873535,0.38860300183296204,1.0,0.05353519995696843,0.009850399801507592
2397,4.639774799346924,4.028828144073486,0.3625931143760681,1.0,0.051971200155094266,0.009649100014939904
2398,4.640197277069092,3.907020330429077,0.36121851205825806,1.0,0.0517109998036176,0.008500600000843406
2399,4.640605449676514,4.049314022064209,0.37502023577690125,1.0,0.05069129983894527,0.009890899993479252
2400,4.6408820152282715,3.8995373249053955,0.3153979480266571,1.0,0.04857119987718761,0.00791729986667633
2401,4.641070365905762,3.990795850753784,0.3730509281158447,1.0,0.04858510009944439,0.01064380002208054
2402,4.641417980194092,3.935246229171753,0.4517814815044403,1.0,0.051484000170603395,0.009877300122752786
2403,4.642521858215332,3.6944315433502197,0.4364718794822693,1.0,0.049792899983003736,0.008717699907720089
2404,4.643742561340332,4.146337509155273,0.2940122187137604,1.0,0.05225929990410805,0.009150800062343478
2405,4.64479923248291,4.044764518737793,0.373841792345047,1.0,0.05023960000835359,0.008517600130289793
2406,4.6459574699401855,4.056588649749756,0.387182354927063,1.0,0.05057119997218251,0.010455700103193521
2407,4.646916389465332,3.963444471359253,0.42764055728912354,1.0,0.054441999876871705,0.009672899963334203
2408,4.647361755371094,4.064897060394287,0.3106767535209656,1.0,0.05426499992609024,0.012056199833750725
2409,4.647511005401611,4.048097133636475,0.2314862608909607,1.0,0.0629124001134187,0.011846100213006139
2410,4.6470818519592285,4.025542736053467,0.3384341299533844,1.0,0.05032879998907447,0.013592599891126156
2411,4.645498752593994,4.320071697235107,0.3151269257068634,1.0,0.05289790011011064,0.009398699970915914
2412,4.642854690551758,3.8215765953063965,0.29695820808410645,1.0,0.049452099949121475,0.008217600174248219
2413,4.639797210693359,3.8828039169311523,0.38726675510406494,1.0,0.05579729983583093,0.01138780009932816
2414,4.636476039886475,4.145012855529785,0.34040558338165283,1.0,0.04816179978661239,0.009460599860176444
2415,4.633403301239014,4.06635856628418,0.43282875418663025,1.0,0.046356899896636605,0.010844399919733405
2416,4.630837440490723,3.9746646881103516,0.4031454026699066,1.0,0.05358130019158125,0.009639699943363667
2417,4.628807067871094,4.024952411651611,0.3913272023200989,1.0,0.0521221999078989,0.009470300050452352
2418,4.627448081970215,4.01029109954834,0.33697885274887085,1.0,0.05185350007377565,0.009249900002032518
2419,4.626875877380371,3.999504566192627,0.3581455647945404,1.0,0.052802199963480234,0.008916100021451712
2420,4.626455783843994,3.9045729637145996,0.3322456479072571,1.0,0.05060539999976754,0.008671600138768554
2421,4.626311302185059,4.154858589172363,0.2918720543384552,1.0,0.05029459996148944,0.009793400065973401
2422,4.6262102127075195,3.855931043624878,0.38018444180488586,1.0,0.04865400004200637,0.010000500129535794
2423,4.625879287719727,4.229752063751221,0.27959492802619934,1.0,0.050114399986341596,0.009772800141945481
2424,4.625792026519775,4.020566463470459,0.30681732296943665,1.0,0.05360640003345907,0.009558500023558736
2425,4.625772476196289,4.1884636878967285,0.24750098586082458,1.0,0.05158909992314875,0.008878299966454506
2426,4.625694751739502,3.9160194396972656,0.3013083338737488,1.0,0.05347910011187196,0.009109199978411198
2427,4.626049518585205,4.185619831085205,0.337515264749527,1.0,0.05179359996691346,0.008646999951452017
2428,4.6265459060668945,3.948122501373291,0.46269991993904114,1.0,0.052118000108748674,0.010133699979633093
2429,4.627078533172607,4.06544303894043,0.41399386525154114,1.0,0.04908019979484379,0.008596899919211864
2430,4.626863479614258,3.958493232727051,0.4268805980682373,1.0,0.052193199982866645,0.010803700191900134
2431,4.626468181610107,4.032913684844971,0.36862102150917053,1.0,0.05177429993636906,0.009654599940404296
2432,4.625755310058594,3.900195598602295,0.5347288250923157,1.0,0.05559989996254444,0.010917400009930134
2433,4.6251220703125,4.015639781951904,0.33835580945014954,1.0,0.05374990007840097,0.008758099982514977
2434,4.624353885650635,4.263862609863281,0.3329686224460602,1.0,0.05309240007773042,0.010480500059202313
2435,4.623464107513428,4.294375896453857,0.41084223985671997,1.0,0.04985790001228452,0.009707999881356955
2436,4.622588157653809,3.932870626449585,0.4022254943847656,1.0,0.05041749984957278,0.009885899955406785
2437,4.621706008911133,3.9705309867858887,0.35955020785331726,1.0,0.05007449979893863,0.009890099987387657
2438,4.6209235191345215,4.076295852661133,0.39772236347198486,1.0,0.04871229990385473,0.010209399973973632
2439,4.620222568511963,4.259453296661377,0.37898653745651245,1.0,0.053508799988776445,0.008993000024929643
2440,4.619448661804199,4.072879791259766,0.4473267197608948,1.0,0.049645100021734834,0.008561599999666214
2441,4.617720603942871,4.007495403289795,0.3919597268104553,1.0,0.04781750007532537,0.011246800189837813
2442,4.615330219268799,3.968169689178467,0.3379710018634796,1.0,0.04715629993006587,0.011366700055077672
2443,4.6130690574646,4.230645179748535,0.39146560430526733,1.0,0.05078479996882379,0.010503200115635991
2444,4.611319065093994,3.9129300117492676,0.3375527560710907,1.0,0.05211140005849302,0.009744599927216768
2445,4.610409736633301,4.031055450439453,0.368815153837204,1.0,0.05201350012794137,0.008694799849763513
2446,4.609945774078369,4.180156707763672,0.38621577620506287,1.0,0.051897300174459815,0.00922549981623888
2447,4.61018180847168,4.159102916717529,0.42861154675483704,1.0,0.049028299981728196,0.00868649990297854
2448,4.610659122467041,4.138029098510742,0.5177007913589478,1.0,0.0470081998500973,0.009943699929863214
2449,4.610835075378418,4.005183219909668,0.4389369487762451,1.0,0.04604799998924136,0.011159299872815609
2450,4.611353874206543,4.06174898147583,0.3046727776527405,1.0,0.05514580011367798,0.00972919980995357
2451,4.612276077270508,3.9330227375030518,0.46467679738998413,1.0,0.06155550014227629,0.007989800069481134
2452,4.612804412841797,4.047433853149414,0.42919933795928955,1.0,0.06655029999092221,0.009414199972525239
2453,4.6130547523498535,4.016085624694824,0.3572781980037689,1.0,0.0713158999569714,0.019136900082230568
2454,4.61306095123291,4.065685749053955,0.29444465041160583,1.0,0.06002590013667941,0.015498200198635459
2455,4.6121392250061035,4.011877536773682,0.35099101066589355,1.0,0.05537499999627471,0.01408870005980134
2456,4.61104154586792,3.94687819480896,0.43162837624549866,1.0,0.05077590001747012,0.012345199938863516
2457,4.609367847442627,3.926853656768799,0.40591174364089966,1.0,0.051087900064885616,0.019476799992844462
2458,4.607724666595459,4.157469749450684,0.3767237961292267,1.0,0.07530600018799305,0.008206099970266223
2459,4.605983257293701,4.05574369430542,0.29973581433296204,1.0,0.0434646001085639,0.01039499999023974
2460,4.604416847229004,4.009605407714844,0.33625778555870056,1.0,0.04333130014128983,0.007350399857386947
2461,4.603694438934326,4.188978672027588,0.19646316766738892,1.0,0.042452000081539154,0.006870199926197529
2462,4.603447437286377,4.091464996337891,0.327906996011734,1.0,0.04253570013679564,0.006427700165659189
2463,4.603438854217529,3.8576438426971436,0.2811973989009857,1.0,0.04069149983115494,0.007570100016891956
2464,4.6040472984313965,4.192706108093262,0.31350886821746826,1.0,0.04123950004577637,0.008239600108936429
2465,4.604295253753662,4.102292537689209,0.35126543045043945,1.0,0.0379959000274539,0.008958299877122045
2466,4.60475492477417,4.061492919921875,0.2499193549156189,1.0,0.03949599992483854,0.012102300068363547
2467,4.605350017547607,3.9497294425964355,0.4307931065559387,1.0,0.040723000187426805,0.009210800053551793
2468,4.6061272621154785,4.042642116546631,0.25967273116111755,1.0,0.0402532999869436,0.007733799982815981
2469,4.607255935668945,4.125358581542969,0.3149735629558563,1.0,0.041598099982365966,0.00973409996367991
2470,4.608397960662842,4.197292327880859,0.29916366934776306,1.0,0.041561100166291,0.0076645000372081995
2471,4.608838081359863,4.0084710121154785,0.32407769560813904,1.0,0.044011399848386645,0.00692950002849102
2472,4.6095757484436035,3.827813148498535,0.5161707401275635,1.0,0.04156669997610152,0.0073201998602598906
2473,4.610456466674805,4.116399765014648,0.2758939564228058,1.0,0.041670900071039796,0.007389199919998646
2474,4.61026668548584,4.349815368652344,0.22779877483844757,1.0,0.04067120002582669,0.006799099966883659
2475,4.609971046447754,3.908545970916748,0.4137018918991089,1.0,0.04168220004066825,0.0075552999041974545
2476,4.6090264320373535,4.111332893371582,0.21493855118751526,1.0,0.040016100043430924,0.008230600040405989
2477,4.607893943786621,3.9586269855499268,0.27782508730888367,1.0,0.037557899951934814,0.007837999844923615
2478,4.607117652893066,3.9684224128723145,0.30921798944473267,1.0,0.03822360001504421,0.007596899988129735
2479,4.606283187866211,4.017362117767334,0.3165406882762909,1.0,0.04092360008507967,0.0075557001400738955
2480,4.605343818664551,3.9093315601348877,0.4286740720272064,1.0,0.0416038001421839,0.006639600032940507
2481,4.6046142578125,3.9062178134918213,0.5178653001785278,1.0,0.04120709979906678,0.006821600021794438
2482,4.604308605194092,3.834179639816284,0.38358253240585327,1.0,0.04330810019746423,0.006188099971041083
2483,4.6041951179504395,4.2250566482543945,0.3457086384296417,1.0,0.03999139997176826,0.006378700025379658
2484,4.603779315948486,3.992166757583618,0.3632184863090515,1.0,0.0394078001845628,0.005686799995601177
2485,4.603511810302734,4.286410331726074,0.2512284517288208,1.0,0.039335299981758,0.006558900000527501
2486,4.603285789489746,4.026641845703125,0.32923945784568787,1.0,0.04202120006084442,0.006400999845936894
2487,4.603116035461426,3.995934247970581,0.3343607187271118,1.0,0.04154719994403422,0.006987900007516146
2488,4.6031928062438965,4.005685329437256,0.33269843459129333,1.0,0.03857350000180304,0.006552699953317642
2489,4.604366779327393,3.940363645553589,0.41971540451049805,1.0,0.03806420019827783,0.0077754000667482615
2490,4.605454444885254,4.092484951019287,0.27727580070495605,1.0,0.03826129995286465,0.008342999964952469
2491,4.606631755828857,4.154341697692871,0.2932417392730713,1.0,0.0373889000620693,0.008435900090262294
2492,4.6074395179748535,3.9930756092071533,0.2652982473373413,1.0,0.04243650007992983,0.008019999833777547
2493,4.607812404632568,3.9902048110961914,0.5024336576461792,1.0,0.039695800049230456,0.0069603999145329
2494,4.607326984405518,3.9504234790802,0.35917744040489197,1.0,0.041255699936300516,0.008087099995464087
2495,4.606919288635254,3.7723679542541504,0.36559903621673584,1.0,0.04139919998124242,0.006312200101092458
2496,4.606135845184326,3.7985661029815674,0.4753338396549225,1.0,0.03998590004630387,0.00849999999627471
2497,4.604885101318359,4.045542240142822,0.26594382524490356,1.0,0.03767840005457401,0.007498200051486492
2498,4.603107929229736,4.12238073348999,0.2058762013912201,1.0,0.0464816999156028,0.008895699866116047
2499,4.601665019989014,4.240823745727539,0.2613599896430969,1.0,0.05050540016964078,0.009315600153058767
2500,4.600266933441162,3.864290475845337,0.3700416088104248,1.0,0.05010339990258217,0.009528500027954578
2501,4.599170207977295,4.115882396697998,0.2677343487739563,1.0,0.05167539999820292,0.009045699844136834
2502,4.597987174987793,4.3822832107543945,0.216830313205719,1.0,0.05310219991952181,0.00884949997998774
2503,4.597084999084473,4.056516170501709,0.40649452805519104,1.0,0.05102030001580715,0.008621899876743555
2504,4.596827983856201,4.0024027824401855,0.2875692844390869,1.0,0.04757319996133447,0.010197700001299381
2505,4.597212314605713,4.036777496337891,0.2855928838253021,1.0,0.04545440012589097,0.011071499902755022
2506,4.597840309143066,4.020139694213867,0.4125991463661194,1.0,0.051434600027278066,0.010385599918663502
2507,4.598974704742432,4.100722312927246,0.3150625228881836,1.0,0.052641200134530663,0.008958999998867512
2508,4.600426197052002,4.066382884979248,0.4292391538619995,1.0,0.05273459991440177,0.008499399991706014
2509,4.602261066436768,3.7978880405426025,0.6645756363868713,1.0,0.05405499995686114,0.009032500209286809
2510,4.603972434997559,4.207613468170166,0.4083217680454254,1.0,0.05123620014637709,0.009480000007897615
2511,4.605146408081055,4.00143575668335,0.4738121032714844,1.0,0.050337999826297164,0.011110399849712849
2512,4.606516361236572,3.8470911979675293,0.4536159038543701,1.0,0.048524499870836735,0.01014899997971952
2513,4.607048988342285,4.041110515594482,0.3985846936702728,1.0,0.049947400111705065,0.009254900040104985
2514,4.6070146560668945,3.8668127059936523,0.4668700098991394,1.0,0.0510793998837471,0.009570199996232986
2515,4.606616497039795,3.8365509510040283,0.360705703496933,1.0,0.050880299881100655,0.008280600188300014
2516,4.605933666229248,4.12108039855957,0.3287616968154907,1.0,0.050588699989020824,0.008363300003111362
2517,4.604763031005859,3.9395885467529297,0.3265419602394104,1.0,0.052755999844521284,0.010075500002130866
2518,4.6037397384643555,3.9842569828033447,0.46486106514930725,1.0,0.049038200173527,0.00819179997779429
2519,4.603231906890869,4.122847080230713,0.264300137758255,1.0,0.04986850009299815,0.01123919989913702
2520,4.603363990783691,3.988734006881714,0.411302775144577,1.0,0.05159329995512962,0.010167399886995554
2521,4.60388708114624,3.8665590286254883,0.34413567185401917,1.0,0.054092600010335445,0.008824000135064125
2522,4.604646682739258,4.109268665313721,0.3662327527999878,1.0,0.05300289997830987,0.00926439999602735
2523,4.605765342712402,3.8658158779144287,0.3227381408214569,1.0,0.050039099995046854,0.00849699997343123
2524,4.607006549835205,4.2076520919799805,0.27042898535728455,1.0,0.04736199998296797,0.009863199898973107
2525,4.608038425445557,4.077943801879883,0.49959829449653625,1.0,0.04610709985718131,0.011840500170364976
2526,4.609375,3.962412118911743,0.4073721766471863,1.0,0.05071129999123514,0.009995200205594301
2527,4.610752582550049,4.1821465492248535,0.2886461019515991,1.0,0.05336120002903044,0.008527700090780854
2528,4.612405776977539,4.071549415588379,0.4112839102745056,1.0,0.0518887999933213,0.009085699915885925
2529,4.613929748535156,4.168129920959473,0.3641994595527649,1.0,0.05010060011409223,0.008685899898409843
2530,4.614577293395996,4.085880279541016,0.2974463403224945,1.0,0.04882619995623827,0.010979600017890334
2531,4.614954471588135,3.9382240772247314,0.3258408308029175,1.0,0.049521599896252155,0.010387300048023462
2532,4.614580154418945,4.270096302032471,0.32128477096557617,1.0,0.04912270000204444,0.01019520009867847
2533,4.614016056060791,4.117845058441162,0.32020777463912964,1.0,0.050689500058069825,0.009651900036260486
2534,4.613574028015137,3.8643996715545654,0.4191000461578369,1.0,0.053144200006499887,0.00896540004760027
2535,4.613360404968262,3.9481470584869385,0.3596056401729584,1.0,0.05113699985668063,0.008063700050115585
2536,4.613016605377197,4.064485549926758,0.37075188755989075,1.0,0.053375500021502376,0.009347999934107065
2537,4.612890720367432,4.248472690582275,0.3123204708099365,1.0,0.04990149987861514,0.007676599780097604
2538,4.612781047821045,4.04345178604126,0.3382708430290222,1.0,0.04875739989802241,0.011531100142747164
2539,4.6130452156066895,4.111861705780029,0.2999393939971924,1.0,0.05467809992842376,0.009752599988132715
2540,4.613454341888428,4.132686138153076,0.25962936878204346,1.0,0.05072699999436736,0.009490400087088346
2541,4.6140546798706055,4.29377555847168,0.32425597310066223,1.0,0.05091099999845028,0.00917150010354817
2542,4.614943027496338,4.1288957595825195,0.3450428247451782,1.0,0.05114779993891716,0.008737599942833185
2543,4.6155266761779785,4.1163201332092285,0.37504613399505615,1.0,0.051967900013551116,0.009870100067928433
2544,4.615639686584473,4.199757099151611,0.2842734456062317,1.0,0.04846199997700751,0.007707000011578202
2545,4.615281581878662,3.9660444259643555,0.3462163805961609,1.0,0.04839510004967451,0.012063900008797646
2546,4.615195274353027,3.9292590618133545,0.3854527771472931,1.0,0.051413799868896604,0.010284699965268373
2547,4.615825653076172,4.101466178894043,0.34777310490608215,1.0,0.052729199873283505,0.00911500002257526
2548,4.616152763366699,3.9113688468933105,0.3947727382183075,1.0,0.05270770005881786,0.009354100096970797
2549,4.616674423217773,4.031008720397949,0.3536536395549774,1.0,0.05134260002523661,0.008973499992862344
2550,4.617226600646973,3.905094861984253,0.3660545349121094,1.0,0.05051590013317764,0.008712799986824393
2551,4.617985725402832,3.8414437770843506,0.3795807957649231,1.0,0.048772500129416585,0.010714299976825714
2552,4.618398189544678,3.8315446376800537,0.4850943982601166,1.0,0.05158999981358647,0.00996820000000298
2553,4.619053363800049,4.1036176681518555,0.33201515674591064,1.0,0.05312660010531545,0.008878899971023202
2554,4.619235992431641,4.0894551277160645,0.28611117601394653,1.0,0.05326789990067482,0.009287799941375852
2555,4.619508266448975,3.934335947036743,0.34573444724082947,1.0,0.0504012000747025,0.00841849995777011
2556,4.619356155395508,4.09962272644043,0.2866480052471161,1.0,0.0492529000621289,0.008449000073596835
2557,4.619619369506836,4.108606815338135,0.2722596526145935,1.0,0.05090790009126067,0.01078010001219809
2558,4.620013236999512,3.8318467140197754,0.39543014764785767,1.0,0.05166799994185567,0.009881499921903014
2559,4.620097637176514,4.178972244262695,0.42525243759155273,1.0,0.05373300006613135,0.009709500009194016
2560,4.619514465332031,4.01034688949585,0.300773948431015,1.0,0.05745620001107454,0.0109183001331985
2561,4.61905574798584,4.168578624725342,0.19954468309879303,1.0,0.05178510001860559,0.009314799914136529
2562,4.6190290451049805,3.732391119003296,0.38955405354499817,1.0,0.058297500014305115,0.010142300045117736
2563,4.619369029998779,4.214932918548584,0.299935519695282,1.0,0.05304399994201958,0.011062799952924252
2564,4.6195783615112305,3.918668508529663,0.26257818937301636,1.0,0.05115800001658499,0.010097299935296178
2565,4.619473457336426,4.184689998626709,0.26535072922706604,1.0,0.05310799996368587,0.009854800067842007
2566,4.619659423828125,3.797884464263916,0.3339102864265442,1.0,0.05365750007331371,0.010068600066006184
2567,4.620614051818848,4.046024322509766,0.31016841530799866,1.0,0.05409840005449951,0.00939009990543127
2568,4.621031761169434,4.197542667388916,0.2770128548145294,1.0,0.057670299895107746,0.011153300059959292
2569,4.621340274810791,4.288909435272217,0.3126678466796875,1.0,0.05074860015884042,0.0086495999712497
2570,4.621888160705566,4.035228252410889,0.3278443217277527,1.0,0.0496352999471128,0.010203799931332469
2571,4.622572898864746,4.008694171905518,0.2938533127307892,1.0,0.04812870011664927,0.011024300009012222
2572,4.623228549957275,4.269400119781494,0.27614352107048035,1.0,0.05183600005693734,0.009789200033992529
2573,4.624077796936035,3.9735159873962402,0.37106114625930786,1.0,0.053810999961569905,0.008601900190114975
2574,4.624882221221924,4.260614395141602,0.34800320863723755,1.0,0.05403560004197061,0.009525399887934327
2575,4.626126766204834,4.186534404754639,0.2704225182533264,1.0,0.05101999989710748,0.008680800208821893
2576,4.627146244049072,4.202390670776367,0.25678184628486633,1.0,0.05547020002268255,0.008469299878925085
2577,4.627708435058594,3.9917495250701904,0.40517643094062805,1.0,0.06057730014435947,0.02542620012536645
2578,4.628026485443115,3.956732749938965,0.34387725591659546,1.0,0.04905480006709695,0.006299300119280815
2579,4.627604961395264,4.1027936935424805,0.31277137994766235,1.0,0.05005439999513328,0.015919500030577183
2580,4.627272129058838,3.9901506900787354,0.36019042134284973,1.0,0.0547929999884218,0.009078799979761243
2581,4.626977920532227,4.085831642150879,0.26762667298316956,1.0,0.04590139980427921,0.008993200026452541
2582,4.626885414123535,4.171044826507568,0.2631571292877197,1.0,0.04275160003453493,0.008136300137266517
2583,4.627231597900391,4.034959316253662,0.281615674495697,1.0,0.04474660009145737,0.012046100106090307
2584,4.627779483795166,4.127688884735107,0.2640758454799652,1.0,0.03905040002427995,0.010612700134515762
2585,4.6283860206604,3.9323511123657227,0.24905306100845337,1.0,0.05605799984186888,0.007314600050449371
2586,4.6288838386535645,3.92360782623291,0.42940753698349,1.0,0.043873699847608805,0.007955400040373206
2587,4.629190444946289,4.015722751617432,0.28238576650619507,1.0,0.047664400190114975,0.00794279994443059
2588,4.629232883453369,4.243763446807861,0.3174382150173187,1.0,0.051550500094890594,0.007071899948641658
2589,4.629252910614014,3.8174502849578857,0.323015421628952,1.0,0.04552650009281933,0.007958499947562814
2590,4.629835605621338,3.923583984375,0.3033251464366913,1.0,0.049187899800017476,0.006516899913549423
2591,4.63030481338501,3.9607038497924805,0.4247945249080658,1.0,0.04477170016616583,0.010269799968227744
2592,4.630363464355469,3.8858237266540527,0.29151731729507446,1.0,0.04481979995034635,0.00773700000718236
2593,4.631132125854492,3.8588368892669678,0.27751392126083374,1.0,0.05410670000128448,0.008178200107067823
2594,4.632394313812256,4.051293849945068,0.34608128666877747,1.0,0.05457190005108714,0.009408700047060847
2595,4.633277893066406,4.019850730895996,0.35368576645851135,1.0,0.05701370001770556,0.014986699912697077
2596,4.633913993835449,3.9312727451324463,0.2949669063091278,1.0,0.04947820003144443,0.01041000010445714
2597,4.634459972381592,3.9290943145751953,0.42956575751304626,1.0,0.058512500021606684,0.012343999929726124
2598,4.634708881378174,4.226675510406494,0.310686320066452,1.0,0.05565820005722344,0.009334800066426396
2599,4.634611129760742,3.959502696990967,0.2686494290828705,1.0,0.05946720018982887,0.009215700207278132
2600,4.634117126464844,4.18203592300415,0.23998203873634338,1.0,0.059159599943086505,0.010357199935242534
2601,4.633749485015869,3.883774518966675,0.3027675747871399,1.0,0.053707299986854196,0.009480900131165981
2602,4.632818698883057,4.156668663024902,0.2392624467611313,1.0,0.06059159990400076,0.009273000061511993
2603,4.631657600402832,3.902946710586548,0.30041074752807617,1.0,0.06371369981206954,0.009528199909254909
2604,4.6305623054504395,4.116899013519287,0.21183496713638306,1.0,0.05689819995313883,0.010642600012943149
2605,4.629805088043213,4.073818683624268,0.2797918915748596,1.0,0.05140570015646517,0.014020100003108382
2606,4.629542827606201,3.9462246894836426,0.3036670386791229,1.0,0.0635576001368463,0.011093900073319674
2607,4.629822731018066,4.018170356750488,0.2889375388622284,1.0,0.0528657000977546,0.009394599823281169
2608,4.6293511390686035,4.038641452789307,0.367862343788147,1.0,0.051853900076821446,0.00911210011690855
2609,4.629177570343018,4.104743003845215,0.24412024021148682,1.0,0.05125409993343055,0.008578300010412931
2610,4.628787994384766,3.823076009750366,0.42253270745277405,1.0,0.04932989994995296,0.009535899851471186
2611,4.628778457641602,4.196590900421143,0.28941723704338074,1.0,0.04864669987000525,0.011771599994972348
2612,4.629167079925537,3.9817581176757812,0.29941326379776,1.0,0.05376749997958541,0.009956599911674857
2613,4.629396438598633,4.023678779602051,0.23609095811843872,1.0,0.05218599992804229,0.008660899940878153
2614,4.628469944000244,4.017524719238281,0.3424240052700043,1.0,0.053036099998280406,0.009245699970051646
2615,4.628195285797119,3.9489691257476807,0.26184916496276855,1.0,0.04973649978637695,0.008518300019204617
2616,4.6277384757995605,4.21123743057251,0.32432064414024353,1.0,0.04814299987629056,0.010988999856635928
2617,4.626521110534668,3.995952606201172,0.294851690530777,1.0,0.04914809996262193,0.011324599850922823
2618,4.625232219696045,4.32145881652832,0.22101987898349762,1.0,0.05121750012040138,0.010229799896478653
2619,4.624133586883545,4.040019512176514,0.3690330684185028,1.0,0.06765590002760291,0.01087619992904365
2620,4.622437477111816,4.018561363220215,0.26386702060699463,1.0,0.06614529993385077,0.01602500001899898
2621,4.621138572692871,3.9849956035614014,0.24863213300704956,1.0,0.054254099959507585,0.009585999883711338
2622,4.620101451873779,4.01711368560791,0.3300822079181671,1.0,0.057325299829244614,0.00897109997458756
2623,4.619152069091797,3.724283456802368,0.3874504566192627,1.0,0.05604630010202527,0.008643999928608537
2624,4.618300914764404,3.867685317993164,0.44875845313072205,1.0,0.04886320000514388,0.010635599959641695
2625,4.617473125457764,3.965785503387451,0.2541656792163849,1.0,0.04706489993259311,0.008986300090327859
2626,4.6169328689575195,3.955897569656372,0.3708885610103607,1.0,0.04258250002749264,0.011759200133383274
2627,4.616676330566406,4.282695293426514,0.2605064809322357,1.0,0.03808349999599159,0.009935399983078241
2628,4.616622447967529,3.6845123767852783,0.29127469658851624,1.0,0.045971899991855025,0.008554100058972836
2629,4.616693019866943,4.002518653869629,0.21367374062538147,1.0,0.04517229995690286,0.007227899972349405
2630,4.616917133331299,3.927326202392578,0.3375632166862488,1.0,0.04303439985960722,0.007713500177487731
2631,4.617863655090332,3.8942015171051025,0.37007057666778564,1.0,0.04261620016768575,0.007354599889367819
2632,4.618682384490967,3.9999728202819824,0.30745765566825867,1.0,0.04017530009150505,0.008761700009927154
2633,4.61986780166626,4.0293121337890625,0.2548442482948303,1.0,0.037369400030002,0.008810799801722169
2634,4.62160062789917,4.111741542816162,0.2817038893699646,1.0,0.04588190000504255,0.00750429998151958
2635,4.623178005218506,3.884967803955078,0.3252870440483093,1.0,0.04218279989436269,0.006306299939751625
2636,4.624701499938965,4.168139934539795,0.31241026520729065,1.0,0.039674000116065145,0.008066199952736497
2637,4.626027584075928,4.138701438903809,0.35741084814071655,1.0,0.04453069996088743,0.009917299961671233
2638,4.626551628112793,4.094811916351318,0.20421040058135986,1.0,0.040183400036767125,0.014945900067687035
2639,4.627477169036865,4.046604156494141,0.3211999237537384,1.0,0.041310900123789907,0.008464999962598085
2640,4.628088474273682,3.993957757949829,0.2987244129180908,1.0,0.04547040001489222,0.008090199902653694
2641,4.627723217010498,3.9792463779449463,0.25282832980155945,1.0,0.04465259984135628,0.007422600174322724
2642,4.627017974853516,4.124246120452881,0.26296085119247437,1.0,0.046332999831065536,0.007141500012949109
2643,4.626209259033203,3.9168708324432373,0.40912461280822754,1.0,0.03985019982792437,0.007478300016373396
2644,4.62476110458374,3.7970633506774902,0.33708062767982483,1.0,0.04381820000708103,0.006480199983343482
2645,4.623482704162598,4.0575270652771,0.4672759175300598,1.0,0.039987700060009956,0.00675459997728467
2646,4.622812747955322,3.942108154296875,0.3657377362251282,1.0,0.03689149999991059,0.009019500110298395
2647,4.622923851013184,3.936087131500244,0.35972702503204346,1.0,0.037916099885478616,0.009031299967318773
2648,4.622583389282227,3.979569435119629,0.42915576696395874,1.0,0.04272749996744096,0.007925800047814846
2649,4.622841835021973,3.945126533508301,0.3545185625553131,1.0,0.04195640003308654,0.006284200120717287
2650,4.623258590698242,4.062917232513428,0.3244194984436035,1.0,0.044113499810919166,0.006890400080010295
2651,4.623803615570068,3.9034416675567627,0.31104299426078796,1.0,0.046788700157776475,0.006737699965015054
2652,4.62465238571167,4.191770553588867,0.2756859064102173,1.0,0.03995630005374551,0.0077216001227498055
2653,4.62559175491333,4.124208450317383,0.3286982774734497,1.0,0.04462249996140599,0.006897999905049801
2654,4.6270670890808105,3.902341842651367,0.32844310998916626,1.0,0.038908100221306086,0.00973280007019639
2655,4.628323078155518,4.082869529724121,0.4610082507133484,1.0,0.045860799960792065,0.00993989990092814
2656,4.629429340362549,3.9625637531280518,0.29110509157180786,1.0,0.048001599963754416,0.006289300043135881
2657,4.630214691162109,4.004356861114502,0.2937975823879242,1.0,0.04498989996500313,0.007322200108319521
2658,4.631430149078369,4.073787689208984,0.24209341406822205,1.0,0.04343879991210997,0.007309400010854006
2659,4.63262414932251,4.264773368835449,0.3057917058467865,1.0,0.041623800061643124,0.006168500054627657
2660,4.633782863616943,4.035330295562744,0.3622771203517914,1.0,0.041768299881368876,0.00734109990298748
2661,4.634554386138916,4.076975345611572,0.347947359085083,1.0,0.04155299998819828,0.008388099959120154
2662,4.6354570388793945,4.003128528594971,0.32619673013687134,1.0,0.044838199857622385,0.008789799874648452
2663,4.635242462158203,4.011649131774902,0.33283063769340515,1.0,0.040874999947845936,0.006697600008919835
2664,4.635747909545898,4.027998447418213,0.27594292163848877,1.0,0.0400004000402987,0.008758899988606572
2665,4.635578632354736,3.8966383934020996,0.3120155334472656,1.0,0.04017699998803437,0.008847499964758754
2666,4.634457588195801,4.11086893081665,0.3678952157497406,1.0,0.04295370006002486,0.007364099845290184
2667,4.633019924163818,4.046625137329102,0.29002082347869873,1.0,0.04027230013161898,0.006757300114259124
2668,4.632030963897705,4.061734199523926,0.40998244285583496,1.0,0.03963449993170798,0.006477499846369028
2669,4.6313629150390625,3.858198881149292,0.34439152479171753,1.0,0.0379961000289768,0.008753300178796053
2670,4.630796432495117,3.940145254135132,0.23504230380058289,1.0,0.0389299001544714,0.009035600116476417
2671,4.6304121017456055,4.107242584228516,0.2646888494491577,1.0,0.039525500033050776,0.00872639985755086
2672,4.629889488220215,4.040133953094482,0.37094539403915405,1.0,0.04069980001077056,0.00719149992801249
2673,4.629948139190674,4.154886722564697,0.35085421800613403,1.0,0.04182399995625019,0.0069957999512553215
2674,4.630334854125977,3.7730190753936768,0.37495800852775574,1.0,0.043132000137120485,0.007149800192564726
2675,4.6307053565979,4.166903495788574,0.374642938375473,1.0,0.045028100023046136,0.0069766000378876925
2676,4.630767822265625,4.1595282554626465,0.420033723115921,1.0,0.038285099901258945,0.008143400074914098
2677,4.630148410797119,4.091070652008057,0.3252303898334503,1.0,0.04223739984445274,0.008466200204566121
2678,4.629540920257568,4.052095413208008,0.35803601145744324,1.0,0.04284520004875958,0.013037200085818768
2679,4.629217624664307,4.278472423553467,0.2628238797187805,1.0,0.04103470011614263,0.007761799963191152
2680,4.629243850708008,4.029330730438232,0.43244168162345886,1.0,0.0444879001006484,0.009089000057429075
2681,4.62913703918457,4.3096699714660645,0.29831942915916443,1.0,0.04339980008080602,0.006585299968719482
2682,4.628463268280029,4.107596397399902,0.3252687156200409,1.0,0.043118600035086274,0.007087500067427754
2683,4.627955913543701,4.009690761566162,0.3554716408252716,1.0,0.040449999971315265,0.0059893999714404345
2684,4.627656936645508,3.9937241077423096,0.2199474424123764,1.0,0.04090300016105175,0.009716700064018369
2685,4.627192497253418,3.9626705646514893,0.43522217869758606,1.0,0.04471129993908107,0.007899000076577067
2686,4.626649856567383,3.951305866241455,0.3065710663795471,1.0,0.0375684997998178,0.0064322000835090876
2687,4.625926494598389,3.9339704513549805,0.26637277007102966,1.0,0.03989410004578531,0.007528800051659346
2688,4.6251606941223145,4.001930236816406,0.3875376284122467,1.0,0.04847319982945919,0.009730899939313531
2689,4.624488353729248,3.9472222328186035,0.3084423542022705,1.0,0.042661699932068586,0.007213999982923269
2690,4.6238789558410645,4.1593098640441895,0.2845953702926636,1.0,0.04277010005898774,0.006970300106331706
2691,4.62312650680542,3.7136971950531006,0.42211949825286865,1.0,0.03845619992353022,0.007193200057372451
2692,4.622892379760742,4.03650426864624,0.24275121092796326,1.0,0.03802890004590154,0.009642799850553274
2693,4.622876167297363,3.779622793197632,0.4416778087615967,1.0,0.040761000011116266,0.011466899886727333
2694,4.622592926025391,3.9577841758728027,0.26793742179870605,1.0,0.048754499992355704,0.011185500072315335
2695,4.621944904327393,4.010551452636719,0.2786058783531189,1.0,0.0415262000169605,0.007754900027066469
2696,4.621534824371338,4.002726078033447,0.28174278140068054,1.0,0.04633620008826256,0.008317899890244007
2697,4.621225833892822,3.9745514392852783,0.2590791583061218,1.0,0.048607399920001626,0.006784399971365929
2698,4.620845794677734,4.075325965881348,0.246970534324646,1.0,0.050715699791908264,0.006351600168272853
2699,4.620334625244141,3.943256139755249,0.2590964138507843,1.0,0.041110399877652526,0.006664099870249629
2700,4.619847297668457,4.02138614654541,0.25456318259239197,1.0,0.038648199988529086,0.009313399903476238
2701,4.619775295257568,4.065586090087891,0.2583264708518982,1.0,0.039122299989685416,0.009335000067949295
2702,4.620376110076904,3.9056167602539062,0.2599920928478241,1.0,0.04256589990109205,0.007432899903506041
2703,4.621170520782471,4.124391555786133,0.24482515454292297,1.0,0.042306800140067935,0.0071628999430686235
2704,4.621952533721924,4.022217750549316,0.25669065117836,1.0,0.04196370020508766,0.0070628998801112175
2705,4.622272968292236,4.0635666847229,0.22757036983966827,1.0,0.04224790004082024,0.0063506001606583595
2706,4.6226372718811035,3.9214930534362793,0.2839520573616028,1.0,0.041254499927163124,0.008342599961906672
2707,4.622747421264648,3.964367389678955,0.2771531343460083,1.0,0.04194030002690852,0.016171800205484033
2708,4.620932102203369,3.97344970703125,0.19466102123260498,1.0,0.04870819998905063,0.011873200070112944
2709,4.618714332580566,4.018378257751465,0.2990921139717102,1.0,0.0394164000172168,0.00878269993700087
2710,4.617158889770508,3.847048282623291,0.268434077501297,1.0,0.0399422999471426,0.007516999961808324
2711,4.615967273712158,4.054892063140869,0.2809983789920807,1.0,0.041066400008276105,0.008516900008544326
2712,4.615090847015381,4.112857341766357,0.1918621063232422,1.0,0.041000999975949526,0.0063819000497460365
2713,4.614409923553467,4.0480194091796875,0.26108551025390625,1.0,0.03932729992084205,0.00820809998549521
2714,4.6125640869140625,4.039491176605225,0.306185245513916,1.0,0.038690000073984265,0.009431499987840652
2715,4.610144138336182,3.798833131790161,0.3032204210758209,1.0,0.05011219996958971,0.008899400010704994
2716,4.608595371246338,4.194640159606934,0.26950526237487793,1.0,0.043984999880194664,0.00708309980109334
2717,4.607304573059082,4.1275434494018555,0.368109792470932,1.0,0.046284599928185344,0.008836599998176098
2718,4.606239318847656,3.8501944541931152,0.3221098780632019,1.0,0.042040100088343024,0.007423400180414319
2719,4.605462551116943,3.8480989933013916,0.4028569459915161,1.0,0.04363319999538362,0.00731909996829927
2720,4.604822635650635,4.116037845611572,0.25365978479385376,1.0,0.04139859997667372,0.008059200132265687
2721,4.604265213012695,4.062470436096191,0.21581009030342102,1.0,0.038906600093469024,0.008779200026765466
2722,4.6042985916137695,3.914539337158203,0.34792032837867737,1.0,0.047299699857831,0.007512799929827452
2723,4.604827880859375,3.9890034198760986,0.3056209087371826,1.0,0.03926330013200641,0.008638800121843815
2724,4.605785846710205,4.083295822143555,0.25489509105682373,1.0,0.04386910004541278,0.007410000078380108
2725,4.607363224029541,4.012665748596191,0.26840582489967346,1.0,0.04284209990873933,0.00684100016951561
2726,4.608932018280029,4.159137725830078,0.3637876510620117,1.0,0.04519350011833012,0.006340899970382452
2727,4.609934329986572,4.022897243499756,0.1882287561893463,1.0,0.04197050002403557,0.006627399940043688
2728,4.610395431518555,3.9133708477020264,0.33871620893478394,1.0,0.04679489997215569,0.007902600103989244
2729,4.611128807067871,4.128292083740234,0.3260878920555115,1.0,0.05008580000139773,0.012821800075471401
2730,4.611483573913574,4.146971225738525,0.310091495513916,1.0,0.04364669998176396,0.008883800124749541
2731,4.6114420890808105,3.9322118759155273,0.40819695591926575,1.0,0.04020449984818697,0.006933700060471892
2732,4.610755920410156,3.9994089603424072,0.27979010343551636,1.0,0.03957049991004169,0.00801529991440475
2733,4.609930992126465,3.915750741958618,0.24768351018428802,1.0,0.041073199827224016,0.008501200005412102
2734,4.609450340270996,4.080652236938477,0.3737107813358307,1.0,0.041224800050258636,0.006921899970620871
2735,4.608615398406982,4.1688642501831055,0.2511933445930481,1.0,0.043088699923828244,0.007696600165218115
2736,4.607898235321045,4.093388080596924,0.27149826288223267,1.0,0.03926949994638562,0.006624899804592133
2737,4.607378959655762,4.031842231750488,0.36647993326187134,1.0,0.04088760004378855,0.006978000048547983
2738,4.606370449066162,3.9219696521759033,0.23935140669345856,1.0,0.040527099976316094,0.008183500031009316
2739,4.606291770935059,3.7398884296417236,0.3903658092021942,1.0,0.042998600052669644,0.009169500088319182
2740,4.606445789337158,4.117367744445801,0.26671046018600464,1.0,0.041617400012910366,0.007357500027865171
2741,4.606487274169922,4.152811527252197,0.3022676706314087,1.0,0.04125580005347729,0.007113399915397167
2742,4.607442378997803,4.131794452667236,0.22650718688964844,1.0,0.04312609997577965,0.006559000117704272
2743,4.60835075378418,4.1476006507873535,0.261951208114624,1.0,0.04038419993594289,0.0065650001633912325
2744,4.609383583068848,3.7793374061584473,0.28839901089668274,1.0,0.041573999915272,0.00802020006813109
2745,4.611145973205566,3.8287978172302246,0.3850216269493103,1.0,0.042577499989420176,0.007827800000086427
2746,4.612781047821045,3.910067558288574,0.3113594651222229,1.0,0.04275429993867874,0.007827999768778682
2747,4.614414691925049,4.0791497230529785,0.3062305450439453,1.0,0.03867030004039407,0.00779920001514256
2748,4.61641263961792,3.923036813735962,0.280340313911438,1.0,0.03890759986825287,0.008078299928456545
2749,4.618381977081299,4.03240442276001,0.33280086517333984,1.0,0.03976460010744631,0.008587700081989169
2750,4.620036602020264,4.210909843444824,0.29620930552482605,1.0,0.0418565000873059,0.007011699955910444
2751,4.621522426605225,4.230040073394775,0.2436019629240036,1.0,0.04554820014163852,0.007492000004276633
2752,4.622358798980713,4.094930171966553,0.3498786687850952,1.0,0.04455930017866194,0.0076545001938939095
2753,4.623424530029297,3.730680465698242,0.38607802987098694,1.0,0.04063150007277727,0.006594799924641848
2754,4.623713970184326,3.8412792682647705,0.3387471139431,1.0,0.038725800113752484,0.006942699896171689
2755,4.623656272888184,3.911576509475708,0.22952017188072205,1.0,0.03878349997103214,0.009641600074246526
2756,4.624427795410156,3.993595600128174,0.28699538111686707,1.0,0.04167149984277785,0.00758409989066422
2757,4.625547409057617,4.086305618286133,0.22839652001857758,1.0,0.0525150999892503,0.007258200086653233
2758,4.626518726348877,3.8889806270599365,0.29152020812034607,1.0,0.10774150001816452,0.020614299923181534
2759,4.627631187438965,3.9350223541259766,0.31534481048583984,1.0,0.08214260009117424,0.014471299946308136
2760,4.628459453582764,3.9198341369628906,0.35928118228912354,1.0,0.08132779994048178,0.01511969999410212
2761,4.628433704376221,3.9588966369628906,0.30335158109664917,1.0,0.08291579992510378,0.01512859994545579
2762,4.628696441650391,4.076484203338623,0.2838323712348938,1.0,0.08130050008185208,0.015145800076425076
2763,4.628630638122559,3.985961437225342,0.3288898468017578,1.0,0.08071419992484152,0.016330600017681718
2764,4.628324031829834,4.3139729499816895,0.1999468207359314,1.0,0.08264839998446405,0.016231599962338805
2765,4.628678321838379,4.062950134277344,0.2408604621887207,1.0,0.08226579986512661,0.01583079993724823
2766,4.628913402557373,3.8946259021759033,0.30823251605033875,1.0,0.08313050004653633,0.015218300046399236
2767,4.629574775695801,3.9768452644348145,0.3061092793941498,1.0,0.08100739982910454,0.015957700088620186
2768,4.629371643066406,4.203675746917725,0.16683265566825867,1.0,0.08243010006844997,0.014698400162160397
2769,4.629880428314209,4.060650825500488,0.2574465274810791,1.0,0.08404879993759096,0.014706100104376674
2770,4.630021572113037,4.096527099609375,0.29549112915992737,1.0,0.0814451000187546,0.014824999962002039
2771,4.629532337188721,3.9995079040527344,0.26125314831733704,1.0,0.08148010005243123,0.014458199962973595
2772,4.628523349761963,3.9899048805236816,0.28226006031036377,1.0,0.082492999965325,0.014978300081565976
2773,4.627156734466553,4.016112327575684,0.27038800716400146,1.0,0.08183580008335412,0.014133099932223558
2774,4.62544059753418,4.062973976135254,0.24833907186985016,1.0,0.08147450000979006,0.015061199897900224
2775,4.624225616455078,4.097230434417725,0.2847869098186493,1.0,0.08369320002384484,0.01535209990106523
2776,4.623444080352783,3.922856092453003,0.2631479799747467,1.0,0.08015120006166399,0.014669999945908785
2777,4.62329626083374,3.870635986328125,0.27429014444351196,1.0,0.08184949983842671,0.015689099906012416
2778,4.6233696937561035,3.858132839202881,0.295575886964798,1.0,0.08020899980328977,0.015837399987503886
2779,4.623639106750488,3.993412971496582,0.27619802951812744,1.0,0.08303830004297197,0.014731699833646417
2780,4.623921871185303,4.192827224731445,0.22515815496444702,1.0,0.0822636999655515,0.015679500065743923
2781,4.624612331390381,4.051056385040283,0.23479197919368744,1.0,0.08458000002428889,0.01524099987000227
2782,4.624956130981445,4.059119701385498,0.1484636515378952,1.0,0.08254699991084635,0.014776000054553151
2783,4.625068187713623,3.8803181648254395,0.3073471784591675,1.0,0.0826359000056982,0.014306699857115746
2784,4.624797344207764,3.9332878589630127,0.2899974584579468,1.0,0.08020269987173378,0.015241999877616763
2785,4.624605178833008,4.01561975479126,0.20876511931419373,1.0,0.0822350000962615,0.016097200103104115
2786,4.624451637268066,3.863295316696167,0.3005266785621643,1.0,0.08282010001130402,0.01516880001872778
2787,4.625113487243652,3.891368865966797,0.2797524333000183,1.0,0.08348959987051785,0.014773899922147393
2788,4.624838352203369,4.080259799957275,0.2607746422290802,1.0,0.08433529990725219,0.015984500059857965
2789,4.623929977416992,3.8730452060699463,0.2310701459646225,1.0,0.08091010013595223,0.014587300131097436
2790,4.623354911804199,3.9342200756073,0.24338607490062714,1.0,0.08109380002133548,0.01653010002337396
2791,4.622633457183838,3.880798816680908,0.1893855184316635,1.0,0.0815359998960048,0.015954199945554137
2792,4.622579574584961,3.752317190170288,0.22066707909107208,1.0,0.0823248999658972,0.016003399854525924
2793,4.622475624084473,3.9169504642486572,0.29449886083602905,1.0,0.08122910000383854,0.015788600081577897
2794,4.621925354003906,3.9356539249420166,0.18890869617462158,1.0,0.08214529999531806,0.015538600040599704
2795,4.621256351470947,4.026425361633301,0.31769099831581116,1.0,0.08300719992257655,0.0148972999304533
2796,4.621244430541992,3.9636363983154297,0.2518001198768616,1.0,0.082761500030756,0.014856599969789386
2797,4.620698928833008,4.187873363494873,0.2010362446308136,1.0,0.08242139988578856,0.014911700040102005
2798,4.619479179382324,4.001579761505127,0.30889892578125,1.0,0.08222609991207719,0.014627999858930707
2799,4.617865562438965,4.309029579162598,0.3131554424762726,1.0,0.08257809979841113,0.015438300091773272
2800,4.615812301635742,3.9666049480438232,0.2772085666656494,1.0,0.08376710000447929,0.016236399998888373
2801,4.614211559295654,4.079669952392578,0.23342785239219666,1.0,0.08284129993990064,0.015170000027865171
2802,4.612903594970703,3.9229719638824463,0.2383488565683365,1.0,0.08076699986122549,0.015273400116711855
2803,4.612168788909912,3.8760106563568115,0.20883046090602875,1.0,0.0802297000773251,0.01643379987217486
2804,4.611538887023926,3.9305200576782227,0.3284445106983185,1.0,0.0813875999301672,0.01722369994968176
2805,4.6105780601501465,3.8839662075042725,0.17364874482154846,1.0,0.08127379999496043,0.016388499876484275
2806,4.610158443450928,3.881917953491211,0.3679630756378174,1.0,0.08255510008893907,0.015456999884918332
2807,4.6094746589660645,3.94671630859375,0.23763205111026764,1.0,0.10011030011810362,0.022525299806147814
2808,4.609199047088623,4.092611789703369,0.3442525863647461,1.0,0.08107630000449717,0.01869930000975728
2809,4.608957767486572,3.9547863006591797,0.39897212386131287,1.0,0.06437629996798933,0.009744100039824843
2810,4.608737468719482,4.0295610427856445,0.24576200544834137,1.0,0.052458500023931265,0.014118700055405498
2811,4.609118938446045,3.971216917037964,0.38087034225463867,1.0,0.05924340011551976,0.00851469999179244
2812,4.609419822692871,4.176877021789551,0.1856023669242859,1.0,0.07047419995069504,0.008076899917796254
2813,4.609277248382568,3.9888458251953125,0.30600684881210327,1.0,0.058237200137227774,0.008691699942573905
2814,4.608016490936279,4.186936378479004,0.17413440346717834,1.0,0.05222189985215664,0.009257599944248796
2815,4.607365608215332,4.175257682800293,0.29097774624824524,1.0,0.0666687001939863,0.010206899838522077
2816,4.606888771057129,3.928699493408203,0.2802503705024719,1.0,0.05743200005963445,0.013069399865344167
2817,4.6062541007995605,3.8202507495880127,0.31930971145629883,1.0,0.05284899985417724,0.009253899799659848
2818,4.605552673339844,3.770026683807373,0.23975008726119995,1.0,0.05069430009461939,0.009418699890375137
2819,4.6056976318359375,4.178475379943848,0.2569264769554138,1.0,0.04903270001523197,0.008599600056186318
2820,4.606113433837891,3.9397425651550293,0.3124689757823944,1.0,0.04933299985714257,0.01095200004056096
2821,4.6060709953308105,4.085957050323486,0.3635091185569763,1.0,0.05016410001553595,0.009382900083437562
2822,4.605891704559326,4.161012172698975,0.3252684772014618,1.0,0.053298600018024445,0.008693400071933866
2823,4.605306148529053,3.8962957859039307,0.39060887694358826,1.0,0.053559800144284964,0.009403400123119354
2824,4.604674816131592,4.087796211242676,0.2882455289363861,1.0,0.04943550005555153,0.008228000020608306
2825,4.604825973510742,3.9830081462860107,0.25597861409187317,1.0,0.04734719987027347,0.010245499899610877
2826,4.605182647705078,3.828965902328491,0.3786482512950897,1.0,0.047831199830397964,0.012075599981471896
2827,4.604951858520508,3.941950798034668,0.2589239776134491,1.0,0.05074420012533665,0.008783800061792135
2828,4.604447364807129,4.063837051391602,0.2861904501914978,1.0,0.05386410001665354,0.00931319990195334
2829,4.602926254272461,4.086181163787842,0.22086158394813538,1.0,0.05019029998220503,0.00905389990657568
2830,4.601358413696289,3.874156951904297,0.3301551938056946,1.0,0.049807999981567264,0.008352200035005808
2831,4.598641872406006,3.9254648685455322,0.4392663836479187,1.0,0.05008770013228059,0.009854299947619438
2832,4.59647798538208,3.7506141662597656,0.2339799851179123,1.0,0.04727749992161989,0.008225199999287724
2833,4.59490966796875,4.0798563957214355,0.21556828916072845,1.0,0.051230299985036254,0.00985880009829998
2834,4.593502998352051,3.827566623687744,0.34305137395858765,1.0,0.06126870005391538,0.009081399999558926
2835,4.592392921447754,3.8615505695343018,0.2593347728252411,1.0,0.05378620000556111,0.008935100166127086
2836,4.591379165649414,3.971259355545044,0.19622671604156494,1.0,0.04874600004404783,0.008118800120428205
2837,4.590127468109131,4.042294979095459,0.23840489983558655,1.0,0.04622729984112084,0.009965799981728196
2838,4.589351654052734,4.108824729919434,0.23130910098552704,1.0,0.04408650007098913,0.010870300000533462
2839,4.588652610778809,3.8636932373046875,0.3214130401611328,1.0,0.053431899985298514,0.009652799926698208
2840,4.5884599685668945,3.867666006088257,0.23177462816238403,1.0,0.04983110004104674,0.009364000055938959
2841,4.588739395141602,4.081213474273682,0.2114311009645462,1.0,0.04929480003193021,0.008792100008577108
2842,4.589206218719482,4.099395275115967,0.25134629011154175,1.0,0.050710299983620644,0.008685600012540817
2843,4.589107513427734,3.808243751525879,0.3042086362838745,1.0,0.05054929992184043,0.009499100036919117
2844,4.5889434814453125,3.904412031173706,0.32864293456077576,1.0,0.047372000059112906,0.009650199906900525
2845,4.588802337646484,4.049306869506836,0.2444957196712494,1.0,0.047914399998262525,0.01102640014141798
2846,4.588706970214844,3.948549509048462,0.22848492860794067,1.0,0.04985429998487234,0.009304800070822239
2847,4.5888352394104,3.8583836555480957,0.2889992594718933,1.0,0.05171799985691905,0.009203399997204542
2848,4.589198589324951,3.9732770919799805,0.22428326308727264,1.0,0.0508409000467509,0.009779600193724036
2849,4.590470314025879,3.828385591506958,0.37225431203842163,1.0,0.05023099994286895,0.008231499930843711
2850,4.592513084411621,3.9722514152526855,0.301771342754364,1.0,0.04978539980947971,0.009516800055280328
2851,4.594690799713135,4.074901103973389,0.29440492391586304,1.0,0.04914769995957613,0.009243000065907836
2852,4.596498966217041,4.1328444480896,0.2304977923631668,1.0,0.04925200017169118,0.010323500027880073
2853,4.598212242126465,4.052192211151123,0.3363755941390991,1.0,0.0490707999560982,0.009074700064957142
2854,4.599737644195557,3.874727249145508,0.31786829233169556,1.0,0.04913639998994768,0.008186900056898594
2855,4.601944923400879,3.93340802192688,0.3316042125225067,1.0,0.047666999977082014,0.008135800017043948
2856,4.604013919830322,3.9555749893188477,0.39162617921829224,1.0,0.047479100059717894,0.009435399901121855
2857,4.605085849761963,3.792492151260376,0.2705995738506317,1.0,0.04951989999972284,0.01032420014962554
2858,4.606006145477295,3.98911190032959,0.23402220010757446,1.0,0.04970770003274083,0.009329200023785233
2859,4.6068806648254395,3.6856720447540283,0.4062437415122986,1.0,0.04832870000973344,0.009084499906748533
2860,4.6072797775268555,3.8290321826934814,0.35054972767829895,1.0,0.04941300000064075,0.009086399804800749
2861,4.6078290939331055,3.9429636001586914,0.295462042093277,1.0,0.05020579998381436,0.008016000036150217
2862,4.607855796813965,3.9289743900299072,0.2979668378829956,1.0,0.04818750009872019,0.009904199978336692
2863,4.607409954071045,3.765432596206665,0.27193787693977356,1.0,0.047779199900105596,0.010590899968519807
2864,4.607339859008789,4.035401344299316,0.18959757685661316,1.0,0.0494545002002269,0.008702500024810433
2865,4.606862545013428,3.6736104488372803,0.382804274559021,1.0,0.05101709999144077,0.008491999935358763
2866,4.606264591217041,4.08053731918335,0.30929476022720337,1.0,0.049245999893173575,0.00847050012089312
2867,4.6056342124938965,3.753434896469116,0.28728771209716797,1.0,0.04752809996716678,0.00819309987127781
2868,4.605185031890869,4.007362365722656,0.2604694366455078,1.0,0.04615489998832345,0.00994620006531477
2869,4.604652404785156,3.8701465129852295,0.3008202314376831,1.0,0.04479039995931089,0.011201899964362383
2870,4.604406356811523,4.123519420623779,0.2821982502937317,1.0,0.05417370004579425,0.010563799878582358
2871,4.603855609893799,4.025513648986816,0.2851036787033081,1.0,0.049040199955925345,0.009714500047266483
2872,4.603193283081055,3.8336246013641357,0.3057778477668762,1.0,0.04992590006440878,0.009264199994504452
2873,4.602599620819092,4.127481460571289,0.41631412506103516,1.0,0.048709499882534146,0.008357299957424402
2874,4.602247714996338,4.087456226348877,0.24843423068523407,1.0,0.04573719995096326,0.010211099870502949
2875,4.601861476898193,3.867518901824951,0.35977938771247864,1.0,0.04427250009030104,0.011017299955710769
2876,4.601491451263428,3.917372703552246,0.21384446322917938,1.0,0.05093670007772744,0.009246099973097444
2877,4.601706027984619,3.810236930847168,0.3414041996002197,1.0,0.050258199917152524,0.008106899913400412
2878,4.6021223068237305,3.9675216674804688,0.22456976771354675,1.0,0.05089109996333718,0.00863299984484911
2879,4.602237224578857,3.87300968170166,0.2712206244468689,1.0,0.0489929998293519,0.008109699934720993
2880,4.602731704711914,4.13437557220459,0.2684248685836792,1.0,0.04685890022665262,0.010231700027361512
2881,4.602654457092285,4.030346393585205,0.24290838837623596,1.0,0.04577849991619587,0.011073500150814652
2882,4.602957248687744,3.9497711658477783,0.22728374600410461,1.0,0.04921149997971952,0.010029900120571256
2883,4.603780269622803,4.213407516479492,0.26218724250793457,1.0,0.05174360005185008,0.008869899902492762
2884,4.6044840812683105,3.9806811809539795,0.2486596256494522,1.0,0.050003299955278635,0.008044900139793754
2885,4.604998588562012,3.986406087875366,0.30016636848449707,1.0,0.048961800057440996,0.008553900057449937
2886,4.605238437652588,4.1786627769470215,0.2756859362125397,1.0,0.04656750010326505,0.01070300000719726
2887,4.605449676513672,4.016469478607178,0.3055594563484192,1.0,0.04580500000156462,0.011279299855232239
2888,4.605745315551758,3.885219097137451,0.3727492094039917,1.0,0.05689650005660951,0.008457599906250834
2889,4.606013774871826,3.9891910552978516,0.31607919931411743,1.0,0.05872970004566014,0.00897870003245771
2890,4.6058030128479,3.869626045227051,0.30644550919532776,1.0,0.056963999988511205,0.008474000031128526
2891,4.605742454528809,3.9678828716278076,0.3042588233947754,1.0,0.050624100025743246,0.013667199993506074
2892,4.60569953918457,4.059775352478027,0.24039240181446075,1.0,0.0660300999879837,0.008311700075864792
2893,4.605761528015137,3.797356367111206,0.3191078305244446,1.0,0.0538457001093775,0.018884200137108564
2894,4.6063408851623535,3.9754886627197266,0.3509807288646698,1.0,0.04703700006939471,0.008329799864441156
2895,4.606964588165283,3.731835126876831,0.2684605121612549,1.0,0.05540869990363717,0.011126700090244412
2896,4.607470989227295,3.721308469772339,0.32977911829948425,1.0,0.05378319998271763,0.008841299917548895
2897,4.607955455780029,4.083981990814209,0.33890968561172485,1.0,0.050725100096315145,0.007758400170132518
2898,4.607883930206299,4.094695568084717,0.17415142059326172,1.0,0.04872990003786981,0.009740199893712997
2899,4.607778072357178,4.022921085357666,0.2470797896385193,1.0,0.04701129999011755,0.00936069991439581
2900,4.607376575469971,3.8436052799224854,0.2881046235561371,1.0,0.04858010006137192,0.009717700071632862
2901,4.607590675354004,3.942131519317627,0.24066317081451416,1.0,0.049704400124028325,0.008952500065788627
2902,4.607415676116943,3.991607666015625,0.14637987315654755,1.0,0.05101919989101589,0.008529999991878867
2903,4.607671737670898,4.222408294677734,0.2556084394454956,1.0,0.048906599869951606,0.008348700124770403
2904,4.607517242431641,3.9431161880493164,0.26023152470588684,1.0,0.044673699885606766,0.008788099978119135
2905,4.606751918792725,3.972022533416748,0.2647010385990143,1.0,0.04257849999703467,0.007151199970394373
2906,4.604827880859375,3.934248685836792,0.2039201557636261,1.0,0.041472299955785275,0.007365699857473373
2907,4.603070259094238,3.830308675765991,0.38391974568367004,1.0,0.04370350018143654,0.006606099894270301
2908,4.602220058441162,3.99605655670166,0.2315860539674759,1.0,0.04193260008469224,0.006886499933898449
2909,4.6017255783081055,3.7599289417266846,0.2515777349472046,1.0,0.03963000001385808,0.006496099987998605
2910,4.601015090942383,4.005352020263672,0.315199077129364,1.0,0.039548999862745404,0.007739400025457144
2911,4.600000381469727,3.9664111137390137,0.27730220556259155,1.0,0.03871729993261397,0.007290499983355403
2912,4.598770618438721,3.959137201309204,0.2705368399620056,1.0,0.036110500106588006,0.009363000048324466
2913,4.596930027008057,4.247990608215332,0.18795478343963623,1.0,0.040906199952587485,0.007176300045102835
2914,4.595400810241699,3.905036687850952,0.27179616689682007,1.0,0.040303500136360526,0.00787169998511672
2915,4.594335556030273,3.811823606491089,0.27740395069122314,1.0,0.04083719989284873,0.006869100034236908
2916,4.592607498168945,4.030009746551514,0.2645372450351715,1.0,0.041735699865967035,0.0062726999167352915
2917,4.591350555419922,4.029200553894043,0.2807622253894806,1.0,0.04064200003631413,0.007320500211790204
2918,4.5904340744018555,3.825216054916382,0.24970270693302155,1.0,0.03707639989443123,0.007964399876073003
2919,4.589574813842773,4.15728759765625,0.22388853132724762,1.0,0.038490100065246224,0.008311000186949968
2920,4.588568687438965,3.7994346618652344,0.2811846137046814,1.0,0.03727650013752282,0.009201999986544251
2921,4.588149547576904,3.9727039337158203,0.23014366626739502,1.0,0.04017769987694919,0.007169399876147509
2922,4.588281631469727,3.9894254207611084,0.2651911973953247,1.0,0.040842900052666664,0.008212799904868007
2923,4.588369369506836,3.986056327819824,0.2610552906990051,1.0,0.04335139994509518,0.006303400034084916
2924,4.588928699493408,3.8374743461608887,0.2894740700721741,1.0,0.04435129999183118,0.006693399976938963
2925,4.589761734008789,3.857461452484131,0.3010377585887909,1.0,0.04627289995551109,0.007342700148001313
2926,4.591039657592773,4.23581600189209,0.284993976354599,1.0,0.04833790007978678,0.010229300009086728
2927,4.591993808746338,3.7648496627807617,0.23003511130809784,1.0,0.049267000053077936,0.009683100041002035
2928,4.593029975891113,3.944018602371216,0.25675109028816223,1.0,0.05091799981892109,0.008782299933955073
2929,4.593630790710449,4.139350414276123,0.1883828490972519,1.0,0.05055549996905029,0.008803700096905231
2930,4.594029426574707,3.9474289417266846,0.30540135502815247,1.0,0.05123649979941547,0.008832699852064252
2931,4.594384670257568,4.0598464012146,0.22585421800613403,1.0,0.05056690005585551,0.008222300093621016
2932,4.594950199127197,3.853006601333618,0.3065890967845917,1.0,0.05911909998394549,0.01149849989451468
2933,4.5950608253479,3.773642063140869,0.2958184778690338,1.0,0.05264279991388321,0.00850109988823533
2934,4.5955281257629395,4.097912788391113,0.287104070186615,1.0,0.05203870008699596,0.010897800093516707
2935,4.5953216552734375,4.068400859832764,0.162870392203331,1.0,0.05376089992932975,0.009393000043928623
2936,4.595065593719482,3.7160539627075195,0.278913676738739,1.0,0.0553054001647979,0.009151900187134743
2937,4.594301223754883,3.896751880645752,0.20341123640537262,1.0,0.05396479996852577,0.008672199910506606
2938,4.593526840209961,3.9759678840637207,0.22495675086975098,1.0,0.05028030020184815,0.008712900104001164
2939,4.592990875244141,3.6498093605041504,0.24512143433094025,1.0,0.04861439997330308,0.008567000040784478
2940,4.592483997344971,3.979672431945801,0.22615018486976624,1.0,0.046377900056540966,0.011505400063470006
2941,4.59268045425415,3.909938097000122,0.31914347410202026,1.0,0.05145020014606416,0.00935319997370243
2942,4.593255043029785,4.020864486694336,0.21968434751033783,1.0,0.04783489997498691,0.008527900092303753
2943,4.594481468200684,4.087069511413574,0.31789904832839966,1.0,0.040812699822708964,0.006435800110921264
2944,4.595639228820801,3.8423211574554443,0.43103188276290894,1.0,0.09512490010820329,0.008913799887523055
2945,4.596471786499023,3.896437168121338,0.35877421498298645,1.0,0.045964600052684546,0.009324099868535995
2946,4.59788179397583,3.9971563816070557,0.22660505771636963,1.0,0.04096910008229315,0.007697600172832608
2947,4.5992045402526855,4.035725116729736,0.3382456302642822,1.0,0.03925999999046326,0.006266199983656406
2948,4.600475311279297,4.14855432510376,0.2083335965871811,1.0,0.0405695999506861,0.008565099909901619
2949,4.601587295532227,4.0034871101379395,0.2380388081073761,1.0,0.038858299842104316,0.006586600095033646
2950,4.602269172668457,3.9034981727600098,0.3160378336906433,1.0,0.04083289997652173,0.00727760000154376
2951,4.602066516876221,4.167216777801514,0.22412839531898499,1.0,0.041257800068706274,0.00605540000833571
2952,4.601645469665527,3.9813778400421143,0.25650256872177124,1.0,0.042363699991256,0.007350000087171793
2953,4.6008501052856445,4.15136194229126,0.19908040761947632,1.0,0.05184720014221966,0.016387900104746222
2954,4.599586486816406,4.02650785446167,0.26278138160705566,1.0,0.05493169999681413,0.011102099902927876
2955,4.599194049835205,4.06225061416626,0.27029794454574585,1.0,0.07853329996578395,0.04567190003581345
2956,4.598921775817871,4.007429599761963,0.3135930299758911,1.0,0.07180639985017478,0.02234890009276569
2957,4.5985541343688965,3.946733236312866,0.24631880223751068,1.0,0.09676180011592805,0.017922099912539124
2958,4.598124980926514,3.9564456939697266,0.2360704243183136,1.0,0.05860199988819659,0.013065599836409092
2959,4.5976033210754395,4.047982215881348,0.2733551263809204,1.0,0.06065929983742535,0.009261799976229668
2960,4.597506999969482,3.9749603271484375,0.22258377075195312,1.0,0.06541000003926456,0.00925999996252358
2961,4.597169876098633,3.967015504837036,0.2428041398525238,1.0,0.07207280001603067,0.009318299824371934
2962,4.5972580909729,3.7707550525665283,0.30364084243774414,1.0,0.050203199964016676,0.012655099853873253
2963,4.597324371337891,3.9125683307647705,0.19806642830371857,1.0,0.047941300086677074,0.01369299995712936
2964,4.597468376159668,3.8502273559570312,0.27047494053840637,1.0,0.071441899985075,0.013101799879223108
2965,4.597752571105957,4.085742473602295,0.2223958671092987,1.0,0.055896100122481585,0.013341899961233139
2966,4.598124027252197,3.9418296813964844,0.30367109179496765,1.0,0.05853689997456968,0.008948199916630983
2967,4.598565101623535,3.8076367378234863,0.2603362798690796,1.0,0.05321040004491806,0.00929890014231205
2968,4.598941802978516,4.045293807983398,0.3086860179901123,1.0,0.05302540003322065,0.010897500207647681
2969,4.599017143249512,3.849519729614258,0.352438360452652,1.0,0.05855770013295114,0.00798740005120635
2970,4.599469184875488,3.6108908653259277,0.3147725760936737,1.0,0.0670879001263529,0.008673999924212694
2971,4.600049018859863,3.9232873916625977,0.31776371598243713,1.0,0.04391649994067848,0.009602299891412258
2972,4.600342750549316,4.01122522354126,0.25265663862228394,1.0,0.050804599886760116,0.009270899929106236
2973,4.600178241729736,4.052401065826416,0.3187633752822876,1.0,0.05061159981414676,0.008565400028601289
2974,4.599860668182373,4.0174150466918945,0.2995031177997589,1.0,0.054516700096428394,0.011478999862447381
2975,4.6001200675964355,3.8820600509643555,0.3082585036754608,1.0,0.09789590002037585,0.014287499943748116
2976,4.600409984588623,3.7212417125701904,0.237916961312294,1.0,0.08282579993829131,0.030287700006738305
2977,4.600457191467285,4.02835750579834,0.3057959973812103,1.0,0.08325150003656745,0.011341499863192439
2978,4.600035667419434,3.950411319732666,0.21119913458824158,1.0,0.07276699994690716,0.014595899963751435
2979,4.599527835845947,4.01038122177124,0.3030491769313812,1.0,0.05271949991583824,0.008618599968031049
2980,4.599128723144531,3.865400552749634,0.32785868644714355,1.0,0.05433390010148287,0.008757499977946281
2981,4.59908390045166,3.994323492050171,0.2643337845802307,1.0,0.05276610003784299,0.008492400171235204
2982,4.599118709564209,3.9840164184570312,0.2456725686788559,1.0,0.04395179986022413,0.008116699988022447
2983,4.599194526672363,4.140210151672363,0.1788705587387085,1.0,0.07253360003232956,0.017695300048217177
2984,4.599153518676758,4.119548797607422,0.25566214323043823,1.0,0.04944680002517998,0.006999999983236194
2985,4.599663734436035,4.003159523010254,0.23947805166244507,1.0,0.040720000164583325,0.0070016998797655106
2986,4.599667072296143,4.024777412414551,0.22905275225639343,1.0,0.04112950013950467,0.007484199944883585
2987,4.599528789520264,3.9254019260406494,0.22212596237659454,1.0,0.04400899983011186,0.007843600120395422
2988,4.598759174346924,4.108400821685791,0.18418586254119873,1.0,0.05087799998000264,0.011425900040194392
2989,4.598067283630371,3.8852269649505615,0.25987425446510315,1.0,0.044613400008529425,0.00938930013217032
2990,4.597682476043701,3.8934812545776367,0.2916467487812042,1.0,0.060110799968242645,0.00895179994404316
2991,4.597434043884277,3.741927146911621,0.321161150932312,1.0,0.05099570006132126,0.01038279989734292
2992,4.597189903259277,4.1421356201171875,0.32985085248947144,1.0,0.04838640009984374,0.006547000026330352
2993,4.5969157218933105,3.937869071960449,0.4194754958152771,1.0,0.0535395999904722,0.007122299866750836
2994,4.596329212188721,4.098182201385498,0.22130095958709717,1.0,0.04823619988746941,0.007268199929967523
2995,4.5958452224731445,4.15359354019165,0.16008953750133514,1.0,0.04763540020212531,0.012281999923288822
2996,4.5949835777282715,3.962334394454956,0.23755760490894318,1.0,0.044036599807441235,0.010711800074204803
2997,4.594756603240967,3.954301357269287,0.25939634442329407,1.0,0.050912599777802825,0.009998399997130036
2998,4.594812870025635,3.9224820137023926,0.19838112592697144,1.0,0.04831830016337335,0.00780919985845685
2999,4.595073699951172,3.937527656555176,0.3399515748023987,1.0,0.05046469997614622,0.008459100034087896
3000,4.5945940017700195,3.996666193008423,0.3229764699935913,1.0,0.05212310003116727,0.012776300078257918
3001,4.593846321105957,3.7716012001037598,0.2587868571281433,1.0,0.04378369986079633,0.009116699919104576
3002,4.593703746795654,3.7595434188842773,0.19286730885505676,1.0,0.04909079987555742,0.00855650007724762
3003,4.593544960021973,4.138818740844727,0.21366193890571594,1.0,0.042649899842217565,0.0061391000635921955
3004,4.593955039978027,4.042693614959717,0.2727596163749695,1.0,0.04220380005426705,0.007491199998185039
3005,4.594809532165527,4.052814483642578,0.27182716131210327,1.0,0.054081699810922146,0.005884999874979258
3006,4.595612049102783,3.954068422317505,0.2225809097290039,1.0,0.036730100167915225,0.008747000014409423
3007,4.595780372619629,3.938308000564575,0.22081983089447021,1.0,0.04596880008466542,0.009347699815407395
3008,4.595711708068848,3.673038959503174,0.26367613673210144,1.0,0.04236049996688962,0.007921200012788177
3009,4.5959954261779785,3.841459035873413,0.18900448083877563,1.0,0.06711199996061623,0.010065600043162704
3010,4.5964531898498535,3.977044105529785,0.28272271156311035,1.0,0.052644699811935425,0.007378099951893091
3011,4.596243858337402,4.125242233276367,0.2616511583328247,1.0,0.042686899891123176,0.006652700016275048
3012,4.5955810546875,3.6884257793426514,0.31389373540878296,1.0,0.042493100045248866,0.008737399941310287
3013,4.59525728225708,3.8012993335723877,0.21675807237625122,1.0,0.04208020004443824,0.01004069996997714
3014,4.5953850746154785,3.9649739265441895,0.24536682665348053,1.0,0.03804280003532767,0.009869600180536509
3015,4.5954060554504395,4.064564228057861,0.20117786526679993,1.0,0.042303399881348014,0.0078119998797774315
3016,4.595944881439209,3.8892128467559814,0.2519581913948059,1.0,0.04718059999868274,0.006411300040781498
3017,4.596264362335205,3.977707862854004,0.33079734444618225,1.0,0.06375039997510612,0.012197799980640411
3018,4.596362113952637,3.9706876277923584,0.23429802060127258,1.0,0.04694380005821586,0.006054300116375089
3019,4.596669673919678,4.006563663482666,0.2726806104183197,1.0,0.04047479992732406,0.006545600015670061
3020,4.597155570983887,4.048325061798096,0.24849984049797058,1.0,0.04771469999104738,0.00932519999332726
3021,4.597192764282227,3.8656234741210938,0.20625805854797363,1.0,0.04081380018033087,0.009522599866613746
3022,4.597454071044922,3.8129687309265137,0.2556532025337219,1.0,0.04067600006237626,0.007316000061109662
3023,4.597604751586914,4.17702054977417,0.24475952982902527,1.0,0.042741499841213226,0.0070177000015974045
3024,4.5969672203063965,3.8223557472229004,0.19734331965446472,1.0,0.05081689986400306,0.006520099937915802
3025,4.596050262451172,4.071220874786377,0.24425768852233887,1.0,0.04217249993234873,0.00705979997292161
3026,4.59531307220459,4.039437770843506,0.19946523010730743,1.0,0.038531299913302064,0.008259800029918551
3027,4.5941338539123535,3.9712979793548584,0.26299676299095154,1.0,0.03766510006971657,0.008569699944928288
3028,4.593451976776123,4.0669779777526855,0.15978360176086426,1.0,0.041670900071039796,0.006513300118967891
3029,4.593272686004639,3.9487416744232178,0.24908970296382904,1.0,0.043538999976590276,0.007181700086221099
3030,4.592885971069336,3.992729425430298,0.259799987077713,1.0,0.039925800170749426,0.006627699825912714
3031,4.592618465423584,3.938326597213745,0.2619377076625824,1.0,0.03883560001850128,0.008378500118851662
3032,4.592679977416992,3.7295124530792236,0.3753385543823242,1.0,0.04150249995291233,0.008470900123938918
3033,4.5930867195129395,3.8288543224334717,0.3699064552783966,1.0,0.04011030006222427,0.010702700121328235
3034,4.593221187591553,3.8629887104034424,0.28175514936447144,1.0,0.03666680003516376,0.009201700100675225
3035,4.593100070953369,4.056003093719482,0.2998729646205902,1.0,0.10426729987375438,0.0070680000353604555
3036,4.5925092697143555,3.9677209854125977,0.2530359625816345,1.0,0.08238449995405972,0.0219348999671638
3037,4.592252731323242,4.005691051483154,0.1892973780632019,1.0,0.08111799997277558,0.015463000163435936
3038,4.591835021972656,3.9297776222229004,0.289924681186676,1.0,0.0829367998521775,0.015891799936071038
3039,4.591704368591309,3.7979283332824707,0.29492640495300293,1.0,0.08384009986184537,0.014989899937063456
3040,4.591651916503906,3.8651816844940186,0.3207418918609619,1.0,0.08048370014876127,0.014677600003778934
3041,4.591957092285156,3.927664041519165,0.2637009620666504,1.0,0.0814873999916017,0.01644470007158816
3042,4.592109680175781,3.9232630729675293,0.22389960289001465,1.0,0.08663420006632805,0.015725299948826432
3043,4.592928886413574,3.518421173095703,0.3392435610294342,1.0,0.082353999838233,0.014644699869677424
3044,4.593943119049072,4.207572937011719,0.2732430398464203,1.0,0.08249579998664558,0.016080199973657727
3045,4.594972610473633,4.148472309112549,0.19944338500499725,1.0,0.08553240005858243,0.016144500114023685
3046,4.595930099487305,4.028223514556885,0.3047719895839691,1.0,0.08429739996790886,0.0160606000572443
3047,4.596331596374512,3.920072317123413,0.33597612380981445,1.0,0.07993969996459782,0.014300300041213632
3048,4.596850872039795,4.025699138641357,0.24787041544914246,1.0,0.08306930004619062,0.01584300003014505
3049,4.597184181213379,3.658738136291504,0.3284616470336914,1.0,0.08913449989631772,0.015168099896982312
3050,4.597186088562012,3.9937031269073486,0.18331991136074066,1.0,0.08508399990387261,0.017301199957728386
3051,4.596724987030029,3.764800786972046,0.28324300050735474,1.0,0.08042809995822608,0.014673100085929036
3052,4.596401214599609,3.807567596435547,0.29382064938545227,1.0,0.08785509993322194,0.01527990004979074
3053,4.596380233764648,3.925879955291748,0.1720883548259735,1.0,0.0824159998446703,0.015568100148811936
3054,4.597229957580566,3.9186339378356934,0.25700435042381287,1.0,0.08247149991802871,0.015475799795240164
3055,4.597836494445801,3.8422229290008545,0.2623520791530609,1.0,0.07965339999645948,0.015258600004017353
3056,4.597870349884033,3.9798614978790283,0.21431493759155273,1.0,0.07948630000464618,0.0156402001157403
3057,4.597499847412109,3.9267351627349854,0.2720261812210083,1.0,0.08174120006151497,0.01587669993750751
3058,4.596385478973389,3.972118377685547,0.21879957616329193,1.0,0.08104959991760552,0.015164099866524339
3059,4.595760822296143,3.8565638065338135,0.2463078647851944,1.0,0.08068519993685186,0.014545999933034182
3060,4.595092296600342,3.9694175720214844,0.2762065529823303,1.0,0.08456390001811087,0.0151229000184685
3061,4.594587802886963,3.8415746688842773,0.2578463852405548,1.0,0.08172070002183318,0.016157299978658557
3062,4.594688892364502,3.992769241333008,0.29459720849990845,1.0,0.08140469994395971,0.014595000073313713
3063,4.595067977905273,3.7950401306152344,0.31114324927330017,1.0,0.07960089994594455,0.015240699984133244
3064,4.595648288726807,3.9273297786712646,0.24390432238578796,1.0,0.07879150006920099,0.015220100060105324
3065,4.596613883972168,4.03926420211792,0.2252764105796814,1.0,0.07946099992841482,0.015748400008305907
3066,4.5970282554626465,4.046919822692871,0.22623777389526367,1.0,0.08831149991601706,0.01611860003322363
3067,4.597375869750977,4.081521034240723,0.24170154333114624,1.0,0.08423750009387732,0.01906979992054403
3068,4.597675800323486,3.97348690032959,0.29112744331359863,1.0,0.08172679995186627,0.014540200121700764
3069,4.597634315490723,3.5481114387512207,0.28327658772468567,1.0,0.08040450001135468,0.014603100018575788
3070,4.598274230957031,3.911269426345825,0.3081405758857727,1.0,0.08282050001434982,0.014698100043460727
3071,4.5987725257873535,4.134852886199951,0.273406982421875,1.0,0.09235370019450784,0.014552599983289838
