step,train_loss,val_loss,train_acc,val_acc,weight_norm
0,4.786296913969766,4.7653238483407,0.01171875,0.0078125,42.1604263547633
10,4.764782609021862,4.75338749625965,0.00390625,0.00390625,41.725619752779885
20,4.721880960015716,4.75166248448197,0.01171875,0.001953125,41.3066781253481
30,4.698085925245616,4.761566740828885,0.02734375,0.005859375,40.92979910593768
40,4.704032609568642,4.774478490676225,0.0234375,0.00390625,40.60367663240163
50,4.672131799516847,4.778694244768146,0.03515625,0.001953125,40.34318140756064
60,4.66285345497178,4.783702220990609,0.02734375,0.001953125,40.17806699486742
70,4.681553729719327,4.800396291609705,0.03515625,0.00390625,40.140741694999264
80,4.621869233015992,4.835732234815427,0.0390625,0.001953125,40.20382165887472
90,4.571297212898032,4.858998988597558,0.03515625,0.00390625,40.30018562747238
100,4.57153376703476,4.88851685803256,0.0390625,0.0078125,40.44144149005342
110,4.513239204620692,4.9470216617467475,0.05078125,0.005859375,40.5891857020348
120,4.501537346548046,4.98161222850751,0.05078125,0.001953125,40.70182404712544
130,4.463018466244322,5.026832827224007,0.05078125,0.001953125,40.804921581108424
140,4.402901160524513,5.054957718437751,0.0546875,0.00390625,40.856034736904604
150,4.290938138828382,5.121013119023931,0.078125,0.001953125,40.91558253105315
160,4.419900416375258,5.156501508851886,0.0625,0.001953125,41.00760460101319
170,4.300054752076525,5.188085774590925,0.06640625,0.0,41.08687545178262
180,4.155973363063548,5.23257143127666,0.078125,0.001953125,41.17744804987748
190,4.228198522875622,5.285283051698044,0.06640625,0.0,41.27148998288413
200,4.128884353546252,5.30496041547587,0.09765625,0.0,41.38741449215368
210,4.1602130176533505,5.361941122063034,0.0859375,0.0,41.482540959276754
220,4.1925474130672695,5.382582165307617,0.0859375,0.0,41.584435014279265
230,4.068782520099921,5.422773954414434,0.078125,0.0,41.67673204159378
240,4.022204397296671,5.444011634962126,0.1171875,0.0,41.79589925618177
250,4.124356520672967,5.507089583008987,0.10546875,0.0,41.94921321987754
260,4.090981309398992,5.519048083017749,0.0625,0.0,42.06255617230501
270,3.9032476149187927,5.541061661090432,0.12109375,0.0,42.19258805562413
280,4.0463118954206925,5.5995695720221486,0.0859375,0.0,42.36178997348722
290,3.981307946690844,5.610375792582285,0.1328125,0.001953125,42.50798110533414
300,3.9233011754950806,5.6431219685653575,0.11328125,0.0,42.667319337174156
310,3.950594646391262,5.697171276481051,0.1015625,0.0,42.860999001690644
320,3.80797240877896,5.719085852930939,0.11328125,0.0,43.006546565425666
330,3.6914980671965543,5.726525322918482,0.1484375,0.001953125,43.17162809395856
340,3.867359979074004,5.807871093162404,0.12109375,0.0,43.38954957711459
350,3.7398407901462187,5.808820097623667,0.1640625,0.0,43.56565644220189
360,3.568641199905763,5.847801564028714,0.1875,0.0,43.75367505676084
370,3.7777282834455552,5.878422179695793,0.1171875,0.00390625,43.94520802526671
380,3.664527470680928,5.898204844864178,0.1171875,0.0,44.124942864198474
390,3.5561357829341875,5.930773243068534,0.17578125,0.0,44.299703236893194
400,3.6571810769432376,5.985649788465714,0.1171875,0.0,44.50750970502427
410,3.3642259096954126,5.987780863129312,0.25,0.001953125,44.7199481694983
420,3.451816035359713,6.03716553286636,0.203125,0.0,44.942272400665246
430,3.527272787262444,6.067805034089975,0.22265625,0.0,45.16858570984313
440,3.4445399417570455,6.104198877578319,0.203125,0.0,45.3579797506249
450,3.314436327183671,6.125727727965835,0.234375,0.001953125,45.57694900856959
460,3.294194019980047,6.174922235330536,0.2421875,0.00390625,45.77066063598643
470,3.2335225200204647,6.220061128871044,0.2421875,0.0,45.987966538632065
480,3.279511143659834,6.2363286706164756,0.23046875,0.005859375,46.188814492721555
490,3.3042711974827514,6.269975096504511,0.23828125,0.0,46.38823784363271
500,3.0704814518403123,6.310847500452858,0.32421875,0.001953125,46.56413349267077
510,3.1744397555646464,6.338272714026045,0.26171875,0.00390625,46.775964661114166
520,3.172266789883086,6.3848351015644935,0.23828125,0.001953125,46.92268796500299
530,3.132939385627099,6.419235124582015,0.24609375,0.005859375,47.14015062102995
540,2.9984529637952604,6.452339512208007,0.30078125,0.005859375,47.36049963510108
550,3.0278745191280696,6.4882516801140895,0.28125,0.0078125,47.55333259799024
560,2.829864240975483,6.504015673382379,0.33984375,0.00390625,47.728481053122266
570,2.8573791005061064,6.58323273345749,0.359375,0.00390625,47.90420776154579
580,2.9970149578454146,6.61913097296631,0.29296875,0.00390625,48.08161636684161
590,2.762911552270627,6.630630087379095,0.3515625,0.0078125,48.24677555657244
600,2.7399071572472726,6.651569004487247,0.34375,0.0078125,48.3994459119297
610,2.7386331331688236,6.714951281968151,0.34765625,0.0078125,48.597645773966434
620,2.752703369872324,6.735162240980036,0.3515625,0.009765625,48.73416581828604
630,2.5529216591855675,6.7382499872827575,0.390625,0.009765625,48.872014738310384
640,2.819229479962928,6.800169395562661,0.32421875,0.01171875,49.05802235869272
650,2.5842444434582785,6.848504757246265,0.41796875,0.0078125,49.23267919713125
660,2.3725845310275746,6.877706785789669,0.44921875,0.01171875,49.393390127675545
670,2.670730154050429,6.9082588011289845,0.3359375,0.01171875,49.5765148959555
680,2.391461235440475,6.949572507142125,0.42578125,0.01171875,49.70396927434847
690,2.3142204323109294,6.990165690562605,0.44921875,0.01171875,49.864497064467386
700,2.4952405605837025,6.991506874721364,0.34375,0.017578125,50.01720349289889
710,2.4578082795708833,7.0665772121760915,0.41796875,0.013671875,50.13455079262333
720,2.2283496965958234,7.093192628213654,0.48828125,0.01171875,50.270091910279774
730,2.478381930866143,7.1311034155894815,0.3984375,0.01171875,50.426104559648714
740,2.3237614665673183,7.149664634302498,0.4453125,0.017578125,50.53697667731268
750,2.147078396498213,7.1597295163261805,0.51953125,0.015625,50.660913986258386
760,2.314575646418767,7.215979898102545,0.44140625,0.013671875,50.76853698864246
770,2.048162893069291,7.248100011674252,0.5390625,0.01953125,50.895572351353216
780,2.1965829034072164,7.290343411113146,0.47265625,0.015625,51.049893495043975
790,2.1943490638427265,7.3198305541614825,0.46484375,0.01953125,51.21745910556254
800,2.0110620942258484,7.362816439414217,0.5234375,0.017578125,51.31775062787255
810,1.8419850447359094,7.377558001706389,0.63671875,0.017578125,51.430205873052515
820,2.110199251644664,7.416688421350006,0.52734375,0.01953125,51.5436808863023
830,2.0436577564063754,7.445332547391958,0.5078125,0.021484375,51.683969189809254
840,1.7260055927735418,7.480089378974028,0.65625,0.021484375,51.78904070240405
850,1.9471478077305566,7.503525965082967,0.55078125,0.015625,51.9069408066987
860,1.7342626015353777,7.550604464677696,0.62890625,0.017578125,52.00267846945013
870,1.7580293595280085,7.555771876811737,0.609375,0.021484375,52.10730121011789
880,1.9785208947366986,7.6109101328325925,0.53515625,0.025390625,52.21846693901084
890,1.7454579964514667,7.6417277238321235,0.609375,0.01953125,52.30644086111205
900,1.6455266156412687,7.654275496179105,0.6484375,0.025390625,52.39707414498738
910,1.8051306039250596,7.716560441094247,0.61328125,0.0234375,52.54825316674943
920,1.5840970828389196,7.71010133909124,0.6484375,0.021484375,52.590222222902774
930,1.6591942595768685,7.76950216326262,0.6875,0.025390625,52.67616382074471
940,1.7071329382803282,7.787626526585982,0.63671875,0.0234375,52.76751211779433
950,1.514171538533776,7.78807719139631,0.68359375,0.0234375,52.85306309084688
960,1.4577439651871535,7.8769365952245645,0.74609375,0.029296875,52.93779557423903
970,1.7090998939548963,7.934997155176835,0.59375,0.025390625,53.013419816605996
980,1.5486294603453843,7.895629350445581,0.640625,0.025390625,53.079917182015485
990,1.394590038046849,7.907250400267051,0.703125,0.025390625,53.18082459408614
1000,1.6564212590353184,7.985914149344949,0.63671875,0.025390625,53.27995249112942
1010,1.3001358265730978,8.042362279363875,0.765625,0.02734375,53.38994500518385
1020,1.3054820873322268,8.029366179119666,0.73828125,0.02734375,53.500885508126366
1030,1.496267581846547,8.05516152769737,0.67578125,0.025390625,53.5755609212987
1040,1.4015631397967334,8.047176858706221,0.68359375,0.02734375,53.634534534291035
1050,1.2544224861833837,8.118896056767788,0.7734375,0.02734375,53.667703865353204
1060,1.382719063946023,8.156300493316913,0.734375,0.025390625,53.77632676802601
1070,1.1999163975693787,8.218592821239866,0.73828125,0.033203125,53.83620461999547
1080,1.1465140820280533,8.17520298863941,0.81640625,0.025390625,53.868059958500105
1090,1.2970461174024492,8.229730668654927,0.75390625,0.03125,53.9412055766674
1100,1.1772359420097187,8.25789021784495,0.80078125,0.03125,53.98784653820052
1110,1.1017870891017423,8.244249326177982,0.8046875,0.03125,54.080293129798456
1120,1.3152829642270651,8.342080683645838,0.734375,0.025390625,54.15270263184355
1130,1.1867810767769553,8.328176096911747,0.796875,0.0234375,54.190509358287734
1140,1.078807391495513,8.36510168825466,0.84375,0.02734375,54.24368964225774
1150,1.1570298605990113,8.411122279312565,0.79296875,0.025390625,54.32389491915823
1160,1.0996241191316976,8.382265281379627,0.80859375,0.02734375,54.35925123224149
1170,0.9763369427869679,8.434946868180862,0.86328125,0.025390625,54.40797758007355
1180,1.1226388076116542,8.487130421923505,0.8046875,0.033203125,54.530181071244904
1190,1.032037773515447,8.488269008389407,0.83984375,0.021484375,54.58241844175236
1200,0.9357900190795971,8.511897592139743,0.86328125,0.02734375,54.62584670164082
1210,0.9597004671798679,8.511151784022529,0.83984375,0.02734375,54.68095486192365
1220,0.9980138287593447,8.561837906648487,0.8125,0.029296875,54.75270235541969
1230,0.8051904208426958,8.595313210131007,0.88671875,0.025390625,54.814178334650464
1240,0.9316832218794352,8.622059429098497,0.85546875,0.025390625,54.883090370009946
1250,0.8466869639870028,8.685174893483136,0.8984375,0.029296875,54.9109380919133
1260,0.8012172733410409,8.675636317395577,0.90625,0.02734375,54.93799921470469
1270,0.9645327311375202,8.720926948525674,0.8359375,0.033203125,54.987850905813566
1280,0.7410667987007171,8.714311995393087,0.9296875,0.033203125,55.059159594481976
1290,0.7389192058431142,8.724266206380387,0.9140625,0.03125,55.105637695121374
1300,0.9259813286605708,8.786785406333303,0.84765625,0.033203125,55.1815777363966
1310,0.7383935920664341,8.825785969559831,0.92578125,0.025390625,55.27223250733693
1320,0.7285236166319309,8.827338186998489,0.94140625,0.029296875,55.306504174720196
1330,0.8381071449411361,8.825992309034925,0.8671875,0.03515625,55.32101231808944
1340,0.7161765224517598,8.918337037083385,0.94140625,0.03125,55.37316509996719
1350,0.6637249388537073,8.869093253414933,0.92578125,0.02734375,55.44421698745448
1360,0.7484107403039245,8.95665888828878,0.91796875,0.03125,55.509040084792446
1370,0.7123126357542772,8.97937027941341,0.921875,0.025390625,55.5589588016777
1380,0.6030928742282442,8.946305928268822,0.95703125,0.029296875,55.57526904306129
1390,0.7412638706293113,9.017419697612112,0.8984375,0.03125,55.5980962211817
1400,0.6605286270000827,9.033677391427538,0.93359375,0.033203125,55.66230613143014
1410,0.582723347711829,9.02297606681628,0.9609375,0.025390625,55.72326214557111
1420,0.714802488363138,9.04182187700622,0.9140625,0.02734375,55.82648652005856
1430,0.6958073897980301,9.100333868419005,0.92578125,0.029296875,55.851768371927335
1440,0.5646443380465518,9.144163741469653,0.96875,0.033203125,55.922505592932
1450,0.6369796309686049,9.151145565589937,0.92578125,0.033203125,55.93637730918307
1460,0.5603933367643213,9.138991543566254,0.953125,0.03515625,55.98451871605277
1470,0.4446343098599964,9.145838331338352,0.98828125,0.033203125,56.013799742114465
1480,0.5648815977425383,9.227507773917537,0.96484375,0.03125,56.053618562496005
1490,0.5430838247635424,9.227401850799627,0.95703125,0.029296875,56.106362241946314
1500,0.4534458350119971,9.236427662482116,0.984375,0.029296875,56.18872182684
1510,0.5756381481091495,9.31649076505898,0.953125,0.037109375,56.226218274094606
1520,0.4795610069583678,9.279968237734849,0.9609375,0.0390625,56.2601588726591
1530,0.43760438274294705,9.306829471692469,0.9921875,0.029296875,56.29775805598351
1540,0.5098277195997519,9.28539191940266,0.984375,0.03125,56.34455564744538
1550,0.4640508403646845,9.369021725023977,0.9609375,0.037109375,56.38655721721489
1560,0.41423052316836145,9.38330433666623,0.9921875,0.033203125,56.42189126358804
1570,0.5100293983406871,9.395502955251018,0.9609375,0.03515625,56.461260704615086
1580,0.4446832232471849,9.40413083312449,0.96484375,0.0390625,56.48317736448191
1590,0.37605505726308647,9.389716837153491,0.9921875,0.03515625,56.51921590685
1600,0.4319228817870399,9.44293458078112,0.9765625,0.041015625,56.533298296747866
1610,0.4212537081369137,9.441707943005804,0.98828125,0.033203125,56.58295685146247
1620,0.3354236615273518,9.49876187516325,0.98828125,0.037109375,56.67424363175616
1630,0.40617780316437657,9.496582140039319,0.984375,0.03515625,56.7288193779703
1640,0.3434030289568108,9.506203002652057,0.9921875,0.033203125,56.794891119533894
1650,0.30069277281477974,9.515962407469477,0.99609375,0.037109375,56.85713736052145
1660,0.3738506190916393,9.596193325600431,0.984375,0.0390625,56.87467139613634
1670,0.36800310943735554,9.561579675403904,0.984375,0.037109375,56.92688707395295
1680,0.27578142105745934,9.519287685292474,1.0,0.04296875,56.98890565850206
1690,0.3791281914052187,9.647740510174597,0.984375,0.03125,57.040791767741425
1700,0.35181140366373703,9.600339706812928,0.9921875,0.03125,57.09764418787164
1710,0.27377346723405255,9.617352110828419,0.9921875,0.037109375,57.150895288608176
1720,0.36408440500905914,9.58687692036202,0.97265625,0.033203125,57.208350252403875
1730,0.31024185649172176,9.640358412841048,0.98828125,0.046875,57.24165882141403
1740,0.2607448425633214,9.623024374482647,1.0,0.033203125,57.275346168749884
1750,0.33883363052133514,9.643713569733732,0.9921875,0.033203125,57.37596388755971
1760,0.284612738481799,9.628658941937111,0.9921875,0.044921875,57.37094107304198
1770,0.24577770880474498,9.646988330114706,0.9921875,0.037109375,57.36687711061474
1780,0.2922123078603609,9.61599847795469,1.0,0.033203125,57.4197159268678
1790,0.25576738866229115,9.67219312259646,0.98828125,0.04296875,57.463714266390454
1800,0.23141408909732913,9.678516599211644,1.0,0.0390625,57.479147179082666
1810,0.30071430694565116,9.640524644969588,0.99609375,0.044921875,57.531626389630844
1820,0.27670961994008597,9.669270760161492,0.98828125,0.033203125,57.59148873219092
1830,0.21404562357175058,9.71578881479538,1.0,0.041015625,57.61594178157291
1840,0.26953005492892307,9.710762161636644,1.0,0.041015625,57.64373336444911
1850,0.23881477615116406,9.739072157595398,1.0,0.0390625,57.71957223885767
1860,0.20826967746216746,9.721802281327498,1.0,0.041015625,57.738396641391354
1870,0.23343445891477513,9.720208962839093,1.0,0.037109375,57.723706917527636
1880,0.20878958646929197,9.75739670773831,1.0,0.046875,57.74290530267261
1890,0.18700027481896694,9.7439993153472,1.0,0.037109375,57.79171125922561
1900,0.24222637107600248,9.811626632737124,0.99609375,0.04296875,57.84571576211571
1910,0.2202226492155826,9.751229275252467,0.99609375,0.0390625,57.909464788315155
1920,0.18731146416424155,9.836529944899675,1.0,0.044921875,57.961036287450945
1930,0.21620547040210072,9.763551065523588,0.99609375,0.04296875,58.009523340228796
1940,0.1952164609516856,9.777345120816987,1.0,0.0390625,57.982631841351214
1950,0.16761451199019287,9.753760206474746,1.0,0.037109375,57.95419146226448
1960,0.23231018840650808,9.74957538457733,1.0,0.044921875,57.971818227118405
1970,0.18145477300565357,9.813865961352851,0.99609375,0.04296875,58.02688762858909
1980,0.16360000928189788,9.702391389403859,1.0,0.046875,58.06870594444154
1990,0.2033850440585844,9.749031416560932,1.0,0.0390625,58.162469693465134
2000,0.18113714420442975,9.737982001183795,0.99609375,0.04296875,58.19440671909407
2010,0.15668976637606039,9.727239520941783,1.0,0.0390625,58.17861123453062
2020,0.20028030930254814,9.740445187317318,1.0,0.041015625,58.14305231955633
2030,0.1583738209343281,9.737383103755466,1.0,0.041015625,58.11655446643221
2040,0.14077992803173314,9.678577195263335,1.0,0.04296875,58.13512894115152
2050,0.1896921376172427,9.702769915869196,0.99609375,0.044921875,58.19850828622715
2060,0.17031166961043143,9.700030182731831,1.0,0.0390625,58.21675202704545
2070,0.1430744083535868,9.718238780153428,1.0,0.04296875,58.167261509456075
2080,0.1910198422337542,9.69122599785793,1.0,0.044921875,58.08056157753135
2090,0.15404309959391108,9.655712420182475,0.99609375,0.0390625,58.02779572150615
2100,0.1419006426077779,9.646270085428855,1.0,0.044921875,58.07793086210455
2110,0.1609572356645358,9.690339279267517,1.0,0.0390625,58.17904813570304
2120,0.16803034214250895,9.690797490506696,0.99609375,0.044921875,58.250261487743934
2130,0.12956041148398018,9.645076732536289,0.99609375,0.0390625,58.32603618156343
2140,0.15665405056438353,9.62328139846687,0.99609375,0.048828125,58.38118955943254
2150,0.13915245885784497,9.664539687013976,1.0,0.0390625,58.44744932175765
2160,0.10921100122853082,9.634482073033139,1.0,0.052734375,58.48344769382212
2170,0.1534787100110909,9.63249468669481,1.0,0.041015625,58.47956432192509
2180,0.12231378065202286,9.675564155988715,1.0,0.041015625,58.51317573352431
2190,0.11085023175572135,9.633459300379602,1.0,0.046875,58.516959202026946
2200,0.13717632168045824,9.595068363897536,1.0,0.04296875,58.57077264536445
2210,0.11986448900084422,9.660813358870385,1.0,0.04296875,58.650469288042615
2220,0.09658989702542611,9.608503256998278,1.0,0.041015625,58.7527323279528
2230,0.13589320843995228,9.66817467325931,1.0,0.04296875,58.84186331662611
2240,0.11559328716165683,9.665349854929271,1.0,0.046875,58.88425997300527
2250,0.09532430570589905,9.628898935112344,1.0,0.044921875,58.92179201267846
2260,0.14377787224515837,9.677826999066195,1.0,0.041015625,58.94380132041215
2270,0.11494690844245138,9.687017567581915,1.0,0.046875,58.99591035552654
2280,0.10131942392504921,9.598913332151435,1.0,0.048828125,59.058090358020486
2290,0.1255536892616747,9.616702929801082,0.99609375,0.046875,59.145908277983565
2300,0.12182857998477187,9.605383799455002,1.0,0.044921875,59.12016053652384
2310,0.09688047043412742,9.596372250594094,0.99609375,0.041015625,59.122294037528185
2320,0.1185588991311205,9.54046205818412,1.0,0.041015625,59.11920997540196
2330,0.1000509178517976,9.561019686914246,1.0,0.044921875,59.20331201889679
2340,0.08220458809395542,9.50580497000675,1.0,0.046875,59.20474461146487
2350,0.12502967769162224,9.540905724740979,0.99609375,0.048828125,59.21066468620618
2360,0.08942724871388372,9.452511652522816,1.0,0.041015625,59.18113466365446
2370,0.08499937484711159,9.545058517857456,1.0,0.04296875,59.233136763072324
2380,0.1199960666872937,9.450657244252126,1.0,0.052734375,59.324917244149475
2390,0.1052567474741605,9.376275566215025,1.0,0.05078125,59.401112965892324
2400,0.08945854814879592,9.462080164912994,1.0,0.046875,59.46165602398663
2410,0.09165775448894392,9.482553050569376,1.0,0.046875,59.47024968155675
2420,0.08270132690291611,9.391686414001045,1.0,0.046875,59.48122781347533
2430,0.0716284355490294,9.386230074632538,1.0,0.048828125,59.4374291799376
2440,0.09426071985734819,9.380014743429347,1.0,0.0546875,59.426208673579
2450,0.08717346929735434,9.384870165575393,0.99609375,0.0546875,59.44000720058143
2460,0.07206008788857737,9.339133791627471,1.0,0.046875,59.44913406532339
2470,0.09052153490665962,9.341039241176908,1.0,0.05078125,59.412984521890166
2480,0.07622174659472267,9.337716884683164,1.0,0.05078125,59.409852603866305
2490,0.06623245040878296,9.368989258382078,1.0,0.056640625,59.41854296841856
2500,0.09583088167702547,9.265266648247755,1.0,0.056640625,59.381817944924805
2510,0.07825996885855062,9.290349397698925,1.0,0.044921875,59.44280251793058
2520,0.06641480851803867,9.314404642506483,1.0,0.05078125,59.49295403983699
2530,0.08652260968768902,9.28747951512402,1.0,0.052734375,59.51330505639683
2540,0.08313499887356793,9.19893143547404,0.99609375,0.0546875,59.50650848630931
2550,0.07224951617166833,9.16654176783611,1.0,0.048828125,59.499046050611206
2560,0.09063125480387059,9.149284216233125,1.0,0.05078125,59.47968976047192
2570,0.07936971752374565,9.081836662728081,1.0,0.052734375,59.540566875050295
2580,0.060748295594633364,9.066770597713896,1.0,0.04296875,59.599663826306
2590,0.0853500002644351,9.0569129728663,1.0,0.056640625,59.62984634717463
2600,0.06467886586259522,9.025847509598849,1.0,0.056640625,59.637166516315936
2610,0.052480235652398614,9.005636259379813,1.0,0.05859375,59.56833726756172
2620,0.07543846309751197,8.891532623576381,1.0,0.046875,59.56438020252287
2630,0.06656238616598721,8.966704787420435,1.0,0.05859375,59.55948074882065
2640,0.058032843072589185,8.950334801626703,1.0,0.052734375,59.602699219456476
2650,0.08174346521480678,8.908640420497456,1.0,0.05859375,59.64700231778981
2660,0.0684227164751021,8.927253453511858,1.0,0.0546875,59.68603681129608
2670,0.05230059610183395,8.881955704979912,1.0,0.052734375,59.67363108480299
2680,0.06420204143849573,8.846277787604498,1.0,0.05859375,59.678734696597324
2690,0.054586621506796405,8.815186799506362,1.0,0.05859375,59.75429602683408
2700,0.048056872210662176,8.811750448826718,1.0,0.05859375,59.910162068654884
2710,0.06806376773689898,8.781927125275162,1.0,0.056640625,59.97342523053882
2720,0.04985119612408034,8.863820098566691,1.0,0.052734375,60.11170673257392
2730,0.04678860299290929,8.841662363787158,1.0,0.05859375,60.08507600491175
2740,0.06605271085261621,8.80280083179596,1.0,0.05859375,60.06985333009409
2750,0.05561624571042917,8.796569510920008,1.0,0.056640625,60.086706862164924
2760,0.05044609058830472,8.747626315319996,1.0,0.05859375,60.11465970157755
2770,0.09318822816678335,8.863272145188363,0.9921875,0.056640625,60.17473385432934
2780,0.07526274378655975,8.744764650453545,0.9921875,0.0625,60.21033149254926
2790,0.054778003619659864,8.802262539865053,1.0,0.0625,60.13339131874375
2800,0.08276504543054414,8.696373300625204,0.99609375,0.05859375,59.87505975897527
2810,0.05949089555286118,8.743662908836534,1.0,0.068359375,59.490450495329426
2820,0.05155974370476644,8.575393011512132,1.0,0.064453125,59.25362068494354
2830,0.07312630638871538,8.426586346956551,1.0,0.072265625,59.15513585812563
2840,0.05810998149172149,8.50216172261817,1.0,0.0625,59.245488810685444
2850,0.04742317468710095,8.40060178466888,1.0,0.06640625,59.355937243664975
2860,0.06255698512100849,8.392062976269374,1.0,0.0625,59.43583279071327
2870,0.052390338405523956,8.249706465838276,1.0,0.068359375,59.45903099840929
2880,0.04894778533300129,8.250958801960321,1.0,0.06640625,59.48590425612037
2890,0.06294249122236338,8.225771270480879,1.0,0.0703125,59.50563124394002
2900,0.049786027600611696,8.166838982088922,1.0,0.07421875,59.60337729758806
2910,0.043465069688961584,8.177599748748472,1.0,0.068359375,59.692773839566414
2920,0.05320388231914454,8.149869036313683,1.0,0.0703125,59.766281918682964
2930,0.04594179344168475,8.160591536817162,1.0,0.072265625,59.830873502490725
2940,0.03997382169672902,8.1762034336094,1.0,0.078125,59.92561883613827
2950,0.047821562364554177,8.178024988045674,1.0,0.076171875,59.9922267179888
2960,0.04464886514490084,8.177504678444189,1.0,0.0703125,60.10033177477186
2970,0.03589263865823271,8.147897477629986,1.0,0.076171875,60.195244586604964
2980,0.05645305064587801,8.174616230959957,1.0,0.07421875,60.19112246321054
2990,0.044845530573613075,8.217578733976366,1.0,0.080078125,60.22447040109178
3000,0.040735713842310055,8.312612098150828,1.0,0.0703125,60.24065086408147
3010,0.0498181504027161,8.243335991001828,1.0,0.076171875,60.25250423935163
3020,0.04658395829568566,8.20248921922613,0.99609375,0.07421875,60.29080132050714
3030,0.04497558626333103,8.181698636750147,1.0,0.08203125,60.37847292708071
3040,0.04817526820848265,8.152290702813175,1.0,0.083984375,60.344837339052845
3050,0.05307559368541794,8.17600756490241,0.99609375,0.08203125,60.18456352865959
3060,0.03759631030580075,8.09572160918032,1.0,0.0859375,59.97575723559223
3070,0.05624810376433847,8.004384577934061,1.0,0.083984375,59.90727431710439
3080,0.042662009473658724,8.010634122920782,1.0,0.076171875,59.72286608424497
3090,0.03763560771077345,7.8915449337558785,1.0,0.08203125,59.60409104893672
3100,0.052498428659941324,7.950975665106545,1.0,0.08984375,59.52970522184512
3110,0.047253545034431965,7.817733009293639,0.99609375,0.087890625,59.463679844037664
3120,0.03736044987308954,7.761699859428868,1.0,0.091796875,59.38025922590051
3130,0.044581257368073744,7.758868843723234,1.0,0.080078125,59.38672826298401
3140,0.03644462463349846,7.7078287795633225,1.0,0.08203125,59.4442097750133
3150,0.03400615881128237,7.744508163289098,1.0,0.087890625,59.50189874271388
3160,0.043391891478468406,7.669291640652018,1.0,0.103515625,59.59871888166182
3170,0.039012496828286114,7.62374750406413,1.0,0.0859375,59.642796450409676
3180,0.0334297071079686,7.670088036561944,1.0,0.09375,59.583833780076155
3190,0.0418558825241062,7.561914284727209,1.0,0.09375,59.571519976082186
3200,0.04082239781365863,7.5375202452046155,1.0,0.099609375,59.640605764050655
3210,0.028498521133009318,7.6422537211675206,1.0,0.091796875,59.81272514494179
3220,0.0422420444293282,7.507002506815947,1.0,0.09375,59.86069289774014
3230,0.038457571252536765,7.532194099500952,1.0,0.087890625,59.91150887530438
3240,0.036014499925856196,7.573792803379229,1.0,0.09765625,59.904356933686756
3250,0.05241738776830461,7.583583108072395,1.0,0.091796875,59.85327673764529
3260,0.036549620903540816,7.543081142912699,1.0,0.087890625,59.68537605336628
3270,0.042654100728322826,7.524810750626941,1.0,0.09375,59.56592140662574
3280,0.055394912508642376,7.440398354320282,1.0,0.09375,59.38550822754563
3290,0.04844494994400942,7.233876462121285,1.0,0.10546875,59.254223892954336
3300,0.04695616191774268,7.2845731149835355,1.0,0.095703125,58.990920436817426
3310,0.04844881898609636,7.168626174306821,1.0,0.099609375,58.7680835823672
3320,0.041066653730083655,7.111891831738339,1.0,0.10546875,58.65047088145671
3330,0.033119164257453454,7.001404626053905,1.0,0.091796875,58.630026602116
3340,0.035638542404023914,6.976819614273065,1.0,0.09765625,58.638455383885095
3350,0.03437780161205959,6.924247499537076,1.0,0.10546875,58.702699732855514
3360,0.02781116380342171,6.846005644429342,1.0,0.103515625,58.77556050690151
3370,0.03381600276683335,6.820364609883821,1.0,0.103515625,58.8485361283299
3380,0.02917468410638212,6.810661965674664,1.0,0.1171875,58.929572007082236
3390,0.026072172282768445,6.8308366279431265,1.0,0.099609375,59.04099636043555
3400,0.03038151905500143,6.828312465761989,1.0,0.1015625,59.19017617229019
3410,0.02734522924496521,6.857284844221862,1.0,0.1171875,59.38101535263754
3420,0.02354036769820363,6.901326859311297,1.0,0.103515625,59.49142186285741
3430,0.028481518417769178,6.90698666683884,1.0,0.109375,59.61211864404802
3440,0.02846626870812573,6.947919700070847,1.0,0.115234375,59.73348625565069
3450,0.02238277435738865,6.942798085175603,1.0,0.10546875,59.71572040100844
3460,0.02990508919719487,6.9688354540752435,1.0,0.115234375,59.66557184969637
3470,0.028063787753334655,7.02940758500596,1.0,0.111328125,59.63736280757739
3480,0.02247394798581679,6.986539852337711,1.0,0.12109375,59.65888593309953
3490,0.030393005085042713,7.009165842236541,1.0,0.107421875,59.6187956826401
3500,0.03587076375328011,6.9408082817931485,1.0,0.107421875,59.405976022929735
3510,0.02650706636916327,6.9909159558331195,1.0,0.11328125,59.204955252162556
3520,0.03618227623459786,6.844629482759764,1.0,0.111328125,59.024738437473715
3530,0.034841821738333646,6.823742854980105,1.0,0.11328125,58.92924451126757
3540,0.038035107060234996,6.751255270643617,0.99609375,0.115234375,58.86734406941397
3550,0.044002028363528706,6.644277488530561,0.99609375,0.12109375,58.72126721524134
3560,0.04024058407923875,6.59628003251663,0.99609375,0.119140625,58.44464612912641
3570,0.02645144033220485,6.522853473117759,1.0,0.12890625,58.3168731019826
3580,0.040837167983061196,6.412776703638387,1.0,0.125,58.129483375903504
3590,0.038557210994999036,6.369658515459556,0.99609375,0.115234375,58.05085235462071
3600,0.02960089327587476,6.255818178531343,1.0,0.12890625,57.998247950142
3610,0.03662032968012737,6.165506305729276,1.0,0.12109375,57.96290045690035
3620,0.0445767326930856,6.1311792078933545,0.99609375,0.12109375,57.95795946824861
3630,0.026084697902823827,6.07986561266668,1.0,0.130859375,57.95769658467743
3640,0.02998345586239641,6.031927880752745,1.0,0.125,57.96870704742872
3650,0.02687230587323374,5.99446485167645,1.0,0.126953125,58.01876711317094
3660,0.021881743616081282,5.944522708464352,1.0,0.13671875,58.121906119969815
3670,0.026581537724357708,5.926515191007441,1.0,0.138671875,58.245759037798805
3680,0.02404910099448904,5.996890828052688,1.0,0.130859375,58.40184305067739
3690,0.01988935563945187,5.979716019357887,1.0,0.134765625,58.511241087690934
3700,0.02450619441430539,5.92998723836433,1.0,0.14453125,58.6724998238362
3710,0.024571846399206888,5.971220477270325,1.0,0.150390625,58.7510426592589
3720,0.017971931391686954,5.9849609881583214,1.0,0.1328125,58.81833313298885
3730,0.026114412314845847,5.957152733263731,1.0,0.138671875,58.923855424445314
3740,0.01835593316247873,6.026771931207941,1.0,0.142578125,59.035776503710125
3750,0.018343623535797517,6.038846378961878,1.0,0.14453125,59.07217726990113
3760,0.023171821864463794,5.974873003893201,1.0,0.134765625,59.04671883620906
3770,0.01992479736111854,6.043619165031467,1.0,0.154296875,58.98413248068928
3780,0.026805277831331988,6.033289056100229,1.0,0.146484375,58.781143943177725
3790,0.04198565403252866,5.9771501335925965,0.9921875,0.134765625,58.47372676116955
3800,0.03164398756413742,5.947003345483314,1.0,0.140625,58.356902185523815
3810,0.03332571337633813,5.959813884865783,1.0,0.150390625,57.81663055084436
3820,0.04154313628232478,5.904083964982573,1.0,0.15234375,57.446520047076625
3830,0.05864682367706794,5.772966716351095,0.9921875,0.154296875,57.01426255787136
3840,0.036909514679545785,5.659053882900085,0.99609375,0.15234375,56.68283026518703
3850,0.04564018901894625,5.460154688641722,1.0,0.173828125,56.345201710834566
3860,0.03819660793546603,5.313879510039976,1.0,0.1953125,56.119315675830784
3870,0.03044379268674355,5.20167389284568,1.0,0.166015625,56.07242967065532
3880,0.03271383286287814,5.156491082106842,1.0,0.169921875,56.00531761544046
3890,0.027087972629581045,5.033803041033969,1.0,0.18359375,55.97748304386139
3900,0.02283566330702278,4.951695298537313,1.0,0.17578125,55.972942620873496
3910,0.027375911144010945,4.8742988233688225,1.0,0.177734375,56.00184008201528
3920,0.02344988989205588,4.8412385904768795,1.0,0.189453125,56.06812284914753
3930,0.022859822010694746,4.818521184436886,1.0,0.189453125,56.1635835888583
3940,0.024271808591939233,4.773679623675527,1.0,0.1953125,56.28940767317265
3950,0.02112264365845406,4.805010154374259,1.0,0.197265625,56.42041864710145
3960,0.01870913016962468,4.727867286071835,1.0,0.19921875,56.53522596447993
3970,0.02458514617619687,4.805868946088172,1.0,0.1953125,56.63372515510375
3980,0.018362809253432946,4.806543166778649,1.0,0.1953125,56.75546479976954
3990,0.016985013552510052,4.769757426057087,1.0,0.212890625,56.875669705566544
4000,0.02025476859689854,4.824837609161583,1.0,0.201171875,56.96171809413787
4010,0.01935849558754163,4.836094120342917,1.0,0.20703125,57.0100601887603
4020,0.014554007349510102,4.809889855254954,1.0,0.208984375,57.09185453236696
4030,0.019969847278666946,4.7870591290304505,1.0,0.2265625,57.14457709261953
4040,0.015763010559544852,4.797996011575046,1.0,0.212890625,57.1396044185436
4050,0.0166579050673847,4.893844164894197,1.0,0.21484375,57.055479068674
4060,0.037856065945189456,4.8762769221693985,0.99609375,0.224609375,56.74745003874541
4070,0.036984642676887676,4.829990545625393,1.0,0.2265625,56.204418952043866
4080,0.040040468642968945,4.860149390448804,0.9921875,0.197265625,55.768716397911014
4090,0.04055618130922404,4.651326599875524,1.0,0.234375,55.36939061563701
4100,0.04677113879716799,4.546310547843759,0.99609375,0.21484375,55.132596763001956
4110,0.02984231183990343,4.375103804348023,1.0,0.232421875,54.95840798401906
4120,0.04218011907840417,4.225337219277347,0.99609375,0.25390625,54.70398739120586
4130,0.024763488894085254,4.22607054396646,1.0,0.244140625,54.50118780935992
4140,0.021994213446490416,4.047670042163383,1.0,0.2734375,54.46021163497657
4150,0.02605028612633755,3.9917513398219135,1.0,0.26171875,54.40543537345457
4160,0.02071477079178755,3.8619923297503482,1.0,0.267578125,54.402951556016276
4170,0.019338997877118704,3.8395221125446364,1.0,0.275390625,54.45714798123319
4180,0.02235701369070198,3.7368647076726833,1.0,0.291015625,54.53176944241522
4190,0.018498633661395668,3.736804838433578,1.0,0.291015625,54.609203634723364
4200,0.017115441453630566,3.7299148112920992,1.0,0.28515625,54.708636823965456
4210,0.019347619811236765,3.671411118917927,1.0,0.302734375,54.801234779674715
4220,0.015325269458467721,3.638205153374726,1.0,0.30859375,54.900779506810416
4230,0.015570373147669344,3.627182223848657,1.0,0.30859375,54.99123804412899
4240,0.01615832148976226,3.587655903559198,1.0,0.328125,55.096929293523104
4250,0.01606184142380808,3.5837315817078306,1.0,0.3125,55.12150144222337
4260,0.011407549565074856,3.5434902629333447,1.0,0.322265625,55.139398694559546
4270,0.013737305670988968,3.5163059570452586,1.0,0.337890625,55.200327682318886
4280,0.012554925765607367,3.481994751863968,1.0,0.341796875,55.282421260071644
4290,0.009185819385730359,3.4301967352127964,1.0,0.353515625,55.29399153921863
4300,0.011723543947519434,3.4304899559503554,1.0,0.34765625,55.29212297899572
4310,0.009826427320514102,3.4027287506361494,1.0,0.341796875,55.27771544791611
4320,0.00873393991640834,3.385122885878251,1.0,0.3515625,55.26498012347768
4330,0.009674010487497848,3.3466013112264057,1.0,0.365234375,55.25834773217104
4340,0.008984979199268375,3.316356222451544,1.0,0.36328125,55.21495022468085
4350,0.0072328717100471965,3.2635605979586493,1.0,0.373046875,55.13023811082556
4360,0.009211016053232634,3.233390821412952,1.0,0.380859375,55.04885289690639
4370,0.011534479577579115,3.234163618442117,1.0,0.40234375,54.942637593605546
4380,0.011752090439795615,3.2236260169207114,1.0,0.37890625,54.760874176502
4390,0.027871878053959902,3.2441125896030574,0.99609375,0.373046875,54.4506686862382
4400,0.025726404613629544,3.29771446978414,1.0,0.369140625,54.19956791910241
4410,0.020712647904444034,3.204365087613104,1.0,0.375,53.600962114188924
4420,0.028231188019276942,3.02778173180708,1.0,0.388671875,53.12339101631609
4430,0.02774789439603028,2.7785609528623603,0.99609375,0.40625,52.6423721046742
4440,0.016284931866333594,2.6361633329156287,1.0,0.427734375,52.28876564539013
4450,0.02539526133280871,2.4911459896925723,1.0,0.455078125,52.01990222737379
4460,0.01726961364929197,2.412172446658528,1.0,0.46484375,51.80066406860451
4470,0.012033576630460077,2.315062375032795,1.0,0.46875,51.65385273200739
4480,0.014232450300037103,2.2456184860180026,1.0,0.48046875,51.5795412854531
4490,0.013201414358857903,2.1591468185464473,1.0,0.50390625,51.52813646662547
4500,0.01101587776114192,2.095194812685576,1.0,0.517578125,51.496634981347896
4510,0.014579805730902255,2.0436934537272036,1.0,0.53125,51.503412054765064
4520,0.012382236629401086,2.0309557421248656,1.0,0.51953125,51.51901441873149
4530,0.010856439355208417,1.9664228360647609,1.0,0.533203125,51.55187439197985
4540,0.011215411153664279,1.9151201376326414,1.0,0.537109375,51.57425497087465
4550,0.010544311266817971,1.8800536239837928,1.0,0.548828125,51.59731190805264
4560,0.008699039999246472,1.8247367372652143,1.0,0.56640625,51.61701841182911
4570,0.010718801923986646,1.798516417932655,1.0,0.560546875,51.63752151352521
4580,0.007713773957770246,1.7491820234789741,1.0,0.568359375,51.65316003012694
4590,0.0072407584684751145,1.686765461414104,1.0,0.591796875,51.64333085925512
4600,0.007165949239884677,1.6474903642456993,1.0,0.591796875,51.64126817654137
4610,0.006459474128515238,1.5994665462577535,1.0,0.609375,51.64730367096395
4620,0.005106413006121855,1.5422290769321336,1.0,0.611328125,51.629530969024906
4630,0.005590157116093162,1.4917382083005548,1.0,0.619140625,51.55838073444902
4640,0.005320766522038702,1.47338688544388,1.0,0.630859375,51.538036182018516
4650,0.0037215336465885947,1.3986182525209132,1.0,0.63671875,51.488679023970285
4660,0.004589960710058668,1.3619961724520084,1.0,0.654296875,51.42988302015419
4670,0.003574762766721077,1.3080985826537066,1.0,0.65625,51.37742418503728
4680,0.0026944812461961566,1.2646113464127886,1.0,0.666015625,51.31835207098428
4690,0.0035838815264056037,1.2183881579970335,1.0,0.681640625,51.27979976067014
4700,0.0026374070116338745,1.157974185010275,1.0,0.693359375,51.20873111917939
4710,0.002462187787719449,1.1224731012188929,1.0,0.693359375,51.115935057326546
4720,0.0030437045428660776,1.0781750670527015,1.0,0.703125,51.039706043125015
4730,0.002201624939976464,1.0372358510471051,1.0,0.71484375,51.006860529560804
4740,0.0018506268387219699,0.9822911179028777,1.0,0.716796875,50.899179820922825
4750,0.0018533812500416448,0.9521537394327444,1.0,0.736328125,50.801625068897785
4760,0.0018785161050345936,0.8958500887661187,1.0,0.75,50.706792198702864
4770,0.0012208734809073557,0.8484578842202123,1.0,0.765625,50.624969608261544
4780,0.0014355068194810423,0.8077139171807486,1.0,0.7734375,50.50771241550274
4790,0.001319882069907044,0.8147405180890688,1.0,0.7734375,50.42483883339794
4800,0.0010540033703869333,0.7297751042107722,1.0,0.791015625,50.334788889243214
4810,0.0012059624524489553,0.7004630429873174,1.0,0.80078125,50.23076627675383
4820,0.0009404449405231765,0.6693268500547039,1.0,0.794921875,50.13314778379911
4830,0.0008262124012196663,0.6350129411340305,1.0,0.81640625,50.03291335738323
4840,0.0009234639077744965,0.5895911047147827,1.0,0.818359375,49.98277636431556
4850,0.0007076749905675906,0.5703039345299432,1.0,0.8203125,49.922010133243184
4860,0.0005809571906562008,0.5211272567806091,1.0,0.8359375,49.86247792890753
4870,0.0006854655352601382,0.5075785639645183,1.0,0.84375,49.76401066544221
4880,0.0005550413672198071,0.4686115114909791,1.0,0.861328125,49.67027409249433
4890,0.0004339130758948094,0.44864635818594367,1.0,0.86328125,49.60946079930999
4900,0.0006128359767130303,0.4131930744578944,1.0,0.86328125,49.50202451810211
4910,0.0005677845959299121,0.4132105119648269,1.0,0.87109375,49.3255501433836
4920,0.00036224843322990894,0.3852095115362869,1.0,0.880859375,49.20786902308
4930,0.0006829615495843218,0.4127690178131626,1.0,0.86328125,49.003898803858775
4940,0.005111550788658711,0.5045148336194729,1.0,0.853515625,48.67619187503971
4950,0.022711294336373956,0.606516448427758,0.9921875,0.8203125,48.243905655380885
4960,0.02399121626057691,0.6216194359146751,0.9921875,0.8359375,47.682307266207935
4970,0.0078031900311358515,0.48850796394633916,1.0,0.84375,47.02492581790475
4980,0.016313969297963984,0.4383180916672489,0.99609375,0.853515625,46.549588409422384
4990,0.010459941171164793,0.3452818525157847,0.99609375,0.8828125,46.133268962119466
5000,0.004425374383026735,0.3089939989929775,1.0,0.90625,45.76702481759009
5010,0.004547012013944375,0.2766704144694609,1.0,0.90625,45.431428354598154
5020,0.004544203818687517,0.26140772307785926,1.0,0.916015625,45.121177064666
5030,0.004576523230224902,0.2465263619131682,1.0,0.921875,44.83767496703403
5040,0.004399146856047002,0.23676563082096724,1.0,0.923828125,44.583387404302954
5050,0.005597096660820579,0.22884152246141853,1.0,0.923828125,44.368314123144856
5060,0.006063520055613847,0.2221435009019847,1.0,0.943359375,44.19923561334754
5070,0.005662591347631385,0.20991307519167757,1.0,0.94140625,44.06872537132122
5080,0.006250217395079457,0.2000430744197467,1.0,0.943359375,43.96716155199564
5090,0.005326466571963291,0.19080902289596605,1.0,0.9453125,43.88296360317549
5100,0.005252260807519403,0.17711021923558107,1.0,0.94921875,43.81666682170776
5110,0.005214050477338159,0.16239997378808216,1.0,0.953125,43.7561674560588
5120,0.004831645598773863,0.15630309542791762,1.0,0.955078125,43.70935597094867
5130,0.00395175333112153,0.14303033903229947,1.0,0.958984375,43.65763654938051
5140,0.003176527608761197,0.13331233072456788,1.0,0.966796875,43.608952268369116
5150,0.003135967157042039,0.12499753368595011,1.0,0.96875,43.554235241988266
5160,0.00279880319399467,0.11631847110389781,1.0,0.96875,43.50847771700605
5170,0.0028854210169562532,0.11005486427088815,1.0,0.970703125,43.45572607014876
5180,0.0026205189060484247,0.09710699858604285,1.0,0.974609375,43.40355970342762
5190,0.0019698045005839236,0.09390229852428982,1.0,0.97265625,43.364325769901384
5200,0.0020222449296007396,0.08733960489272588,1.0,0.97265625,43.31244904950409
5210,0.0016872478303537593,0.0837355583438188,1.0,0.970703125,43.269574197316444
5220,0.0015404424523326249,0.07642566938107678,1.0,0.978515625,43.224787405717926
5230,0.0014411525486348812,0.07088953791704529,1.0,0.978515625,43.17971464202483
5240,0.0012240649014778936,0.06424298387185205,1.0,0.982421875,43.13191465479172
5250,0.0011677821543592832,0.061791131943058984,1.0,0.98046875,43.087746882536855
5260,0.0009420176373945176,0.0583344763597113,1.0,0.98046875,43.031157665472996
5270,0.0008512970453403596,0.052727995800846444,1.0,0.982421875,42.98777692211646
5280,0.0008373712815048258,0.05061796182239524,1.0,0.982421875,42.95023447119276
5290,0.0006975734516335386,0.04766448843122155,1.0,0.982421875,42.890863256063795
5300,0.0006726389218928728,0.04499303612796747,1.0,0.986328125,42.85536660665396
5310,0.0006347066144958425,0.03947501846833133,1.0,0.986328125,42.81681404890552
5320,0.0007563216565712371,0.03693158491187632,1.0,0.984375,42.76954746100349
5330,0.0005052025457076315,0.037434161078187075,1.0,0.98828125,42.72667234382177
5340,0.000389442560363707,0.032041391900220574,1.0,0.990234375,42.684941804321994
5350,0.00045710335093737816,0.031471520432402686,1.0,0.990234375,42.63883174363931
5360,0.0004005166827215186,0.03197216365462474,1.0,0.98828125,42.59720282134321
5370,0.00029512175298441806,0.027331140207938663,1.0,0.990234375,42.55527891533828
5380,0.00031122928544549525,0.02493742631721214,1.0,0.990234375,42.515702179967214
5390,0.00027570851707279506,0.025917682773511468,1.0,0.9921875,42.47121723704345
5400,0.00020705025281147422,0.024569021735803328,1.0,0.9921875,42.42949433031678
5410,0.0002438079407766573,0.022129436310290705,1.0,0.994140625,42.38413202806131
5420,0.00020160194507162364,0.022748001449561708,1.0,0.9921875,42.34169403872724
5430,0.00019234716709913004,0.019113408074997625,1.0,0.9921875,42.29999022273751
5440,0.00016452437594944073,0.020762538202991634,1.0,0.9921875,42.268294934437556
5450,0.00015031408846092128,0.015568380045695036,1.0,0.99609375,42.22859019249023
5460,0.00012460472206358883,0.017724058319516612,1.0,0.9921875,42.18476236133764
5470,0.00010996599822350656,0.015550486932278142,1.0,0.994140625,42.1421196334074
5480,0.0001099621451586439,0.01557682119215095,1.0,0.994140625,42.10221547734825
5490,0.00010350192332260599,0.01348864021942493,1.0,0.994140625,42.06088331657565
5500,0.00010169814156550715,0.012906485427482147,1.0,0.994140625,42.022532760756235
5510,7.687607417417205e-05,0.012028329400293742,1.0,0.99609375,41.98402308498352
5520,6.834702358085374e-05,0.013525360392274007,1.0,0.994140625,41.93080505311235
5530,7.121145386155751e-05,0.01092692753681104,1.0,0.99609375,41.897040668078226
5540,4.9036368953592405e-05,0.010166008310180226,1.0,0.994140625,41.85412699527607
5550,4.375265939467654e-05,0.008548552600488701,1.0,0.998046875,41.80847929747656
5560,5.3664724720460536e-05,0.010431264917888965,1.0,0.994140625,41.768187944982735
5570,4.3518274842028685e-05,0.00992048782728245,1.0,0.994140625,41.72441471187163
5580,4.123312591664231e-05,0.007603867354616055,1.0,0.998046875,41.67709331631219
5590,3.913938296335779e-05,0.007041174282799961,1.0,0.998046875,41.64263376383853
5600,2.700833744395826e-05,0.007540270980181463,1.0,0.99609375,41.615611692832445
5610,2.3642589554656946e-05,0.005809299743237265,1.0,1.0,41.57083175502373
5620,2.185278678297096e-05,0.006095386162639584,1.0,1.0,41.513542238242
5630,2.0488603848683768e-05,0.005675503506706666,1.0,0.998046875,41.46668716367603
5640,1.910640791696111e-05,0.004379943034309374,1.0,1.0,41.41648214283827
5650,1.726743687138615e-05,0.004441870020884354,1.0,1.0,41.367112629688236
5660,1.955709971130005e-05,0.004223492785469081,1.0,1.0,41.32208909737645
5670,1.4885479381661378e-05,0.003946750970217409,1.0,1.0,41.28242649686077
5680,1.5281822687650884e-05,0.003014661286390586,1.0,1.0,41.23521156319082
5690,1.0338882348139113e-05,0.0026425486374137947,1.0,1.0,41.19369028300029
5700,8.774339601000529e-06,0.003535710907783949,1.0,1.0,41.137778692072324
5710,1.1665336072492337e-05,0.0026801115672821433,1.0,1.0,41.07688480334709
5720,8.28074283035429e-06,0.00220164824717366,1.0,1.0,41.03715160562806
5730,7.999893836433752e-06,0.0019043753789899013,1.0,1.0,40.99348544735148
5740,7.237830644272666e-06,0.001972845548348311,1.0,1.0,40.93992834827186
5750,7.038560171062788e-06,0.0013470422063277985,1.0,1.0,40.88060902515547
5760,5.636607765555346e-06,0.0013337874799526314,1.0,1.0,40.82625140399778
5770,5.75819074591066e-06,0.001231768655587923,1.0,1.0,40.76842272428647
5780,5.380264027107719e-06,0.0010742918300073818,1.0,1.0,40.71174641004963
5790,4.607281740371764e-06,0.0009403836659119865,1.0,1.0,40.662027842299196
5800,4.2099225811890635e-06,0.0008458190215088786,1.0,1.0,40.60033755356882
5810,4.141338533519151e-06,0.0007537979102901247,1.0,1.0,40.54892520607231
5820,3.3008856400717014e-06,0.0006710620014067602,1.0,1.0,40.5004684986534
5830,3.439218573675976e-06,0.0004273389904755549,1.0,1.0,40.43972746618435
5840,2.482244638709145e-06,0.0005247453712835791,1.0,1.0,40.375940575544846
5850,2.3661050330657755e-06,0.0004436865192144825,1.0,1.0,40.307881714520704
5860,3.0127549599737626e-06,0.0002744716391578975,1.0,1.0,40.24174202174805
5870,2.211386004333465e-06,0.00039485452269283935,1.0,1.0,40.193147435251184
5880,2.1665693990978838e-06,0.0003376343012458489,1.0,1.0,40.13632698725656
5890,1.9935855434933595e-06,0.0002865107814633901,1.0,1.0,40.06871047790858
5900,1.6906138003021054e-06,0.00018089953302567247,1.0,1.0,39.99978285894636
5910,1.5572291564024183e-06,0.00018813412254721593,1.0,1.0,39.93022764671374
5920,1.672995472517968e-06,0.00018449930169570124,1.0,1.0,39.861276334536385
5930,1.2586456380691089e-06,0.00016911673002802455,1.0,1.0,39.7912507983747
5940,1.1135939187530883e-06,0.00011851521859669408,1.0,1.0,39.72531471588803
5950,9.376426646919434e-07,0.00011171073534521029,1.0,1.0,39.65352275859011
5960,9.298384339391703e-07,0.00010080761442040674,1.0,1.0,39.58696701208738
5970,8.079387157861634e-07,9.013125005191763e-05,1.0,1.0,39.51972766171177
5980,8.613979314891852e-07,6.909510791782739e-05,1.0,1.0,39.45162600903163
5990,7.536648179923729e-07,7.562361183484009e-05,1.0,1.0,39.38042948057385
6000,6.021364693712971e-07,5.895994752914954e-05,1.0,1.0,39.30921262758712
6010,5.546703981999099e-07,5.132736721535438e-05,1.0,1.0,39.23688993577031
6020,5.328503225218787e-07,4.439458838932075e-05,1.0,1.0,39.16341006015122
6030,5.258767373238853e-07,4.103858017920335e-05,1.0,1.0,39.08810498899535
6040,5.808267138626533e-07,3.767159585084387e-05,1.0,1.0,39.02376136775638
6050,4.170506646006627e-07,3.455457482566987e-05,1.0,1.0,38.9606241072348
6060,3.879773257454139e-07,2.8836613028581287e-05,1.0,1.0,38.88644336450226
6070,4.4583563089633006e-07,2.3367789396965328e-05,1.0,1.0,38.800541337092035
6080,4.053877248530734e-07,2.194969255147251e-05,1.0,1.0,38.718407673884165
6090,2.962863186425061e-07,2.0399400800745324e-05,1.0,1.0,38.63700798990403
6100,3.126306163542459e-07,1.7247264467353646e-05,1.0,1.0,38.558335287022686
6110,2.9990821162569425e-07,1.8706544669286588e-05,1.0,1.0,38.473927362802435
6120,2.6138786237995385e-07,1.2738380740535829e-05,1.0,1.0,38.39045605635288
6130,3.4504021864638283e-07,1.366166014610061e-05,1.0,1.0,38.30656969848322
6140,2.627765410160405e-07,1.3533256179548665e-05,1.0,1.0,38.23146744179834
6150,2.1366883484865407e-07,9.336905131393583e-06,1.0,1.0,38.149919220436495
6160,2.591148255294564e-07,8.712956225817445e-06,1.0,1.0,38.055585272116744
6170,1.9347901741452187e-07,8.947728963955863e-06,1.0,1.0,37.96960498407937
6180,1.8477981461716653e-07,9.03589485547441e-06,1.0,1.0,37.88570587629224
6190,2.1702507883986595e-07,8.0823414473945e-06,1.0,1.0,37.795648188646204
6200,1.8648420092483274e-07,6.131455190216418e-06,1.0,1.0,37.708424417644366
6210,1.8455342133224218e-07,6.0287113214402905e-06,1.0,1.0,37.61748118726663
6220,1.9147565256190778e-07,5.637827288310569e-06,1.0,1.0,37.52649712281785
6230,1.6013214710222266e-07,6.2389395310596515e-06,1.0,1.0,37.442556458232204
6240,1.9466340312942643e-07,4.503299379178512e-06,1.0,1.0,37.353928626215975
6250,2.0973820449418146e-07,4.155278103095214e-06,1.0,1.0,37.26425450855337
6260,1.6105174538133143e-07,4.013366287546839e-06,1.0,1.0,37.17106712880296
6270,1.6486576971950014e-07,4.187192990869065e-06,1.0,1.0,37.08327493621627
6280,1.6937012455404712e-07,4.282898806435173e-06,1.0,1.0,36.99082083770807
6290,1.452514448251867e-07,3.2133627140218565e-06,1.0,1.0,36.89945702939179
6300,1.402618141321539e-07,3.4541602643680445e-06,1.0,1.0,36.81065209040599
6310,1.4558758129730095e-07,4.064171964211546e-06,1.0,1.0,36.720055242474295
6320,1.247537319746629e-07,3.112270386695962e-06,1.0,1.0,36.63164161718783
6330,1.234101325335695e-07,2.646296805079985e-06,1.0,1.0,36.54304099308899
6340,1.7570272989971744e-07,2.7043908759615594e-06,1.0,1.0,36.45030826745734
6350,1.1886121120363905e-07,2.625751326933147e-06,1.0,1.0,36.371740685290064
6360,1.317670036556972e-07,2.6890754744508612e-06,1.0,1.0,36.285800762043365
6370,1.5109716752266503e-07,2.2762007511518453e-06,1.0,1.0,36.19371354619387
6380,1.511095144924503e-07,2.3268622647825547e-06,1.0,1.0,36.11139389559032
6390,1.2338205721810125e-07,2.2759615031658254e-06,1.0,1.0,36.030495828895425
6400,1.4638126830535332e-07,2.0240181575114602e-06,1.0,1.0,35.946639987517806
6410,1.2483507831019136e-07,2.230852837099921e-06,1.0,1.0,35.864630421723696
6420,1.2480473368271265e-07,1.8793320663163507e-06,1.0,1.0,35.78314007633938
6430,1.3653275632142458e-07,1.9460336053209284e-06,1.0,1.0,35.70171359078047
6440,1.2511435211440882e-07,1.6300944051387133e-06,1.0,1.0,35.62225004884132
6450,1.2284260560098627e-07,1.9328348595365033e-06,1.0,1.0,35.54755505860595
6460,1.2495567956369727e-07,1.7104986245278877e-06,1.0,1.0,35.47319363792703
6470,1.1152216433471809e-07,1.5415857547683876e-06,1.0,1.0,35.402078162372504
6480,1.1832477676761946e-07,1.669281150157605e-06,1.0,1.0,35.32710332382865
6490,1.610239609162341e-07,1.561318876902382e-06,1.0,1.0,35.25303903563589
6500,1.1729409445548486e-07,1.4995954679314855e-06,1.0,1.0,35.18303649390406
6510,1.1328680368540329e-07,1.60380749449036e-06,1.0,1.0,35.11404728686076
6520,1.4535693863695163e-07,1.3495454332923258e-06,1.0,1.0,35.043794665950095
6530,1.1887561357504842e-07,1.4076504415073401e-06,1.0,1.0,34.985782872423144
6540,1.2062328627290164e-07,1.4708116634632925e-06,1.0,1.0,34.92388349782736
6550,1.3147424857175685e-07,1.3289795900569824e-06,1.0,1.0,34.85362683672299
6560,1.0909561193542691e-07,1.2900640534729697e-06,1.0,1.0,34.78971260599509
6570,1.1160824331139725e-07,1.2771514782167381e-06,1.0,1.0,34.72766190613998
6580,1.2528567449257812e-07,1.543393582060191e-06,1.0,1.0,34.6689277605596
6590,1.2112652651445163e-07,1.1600363556221527e-06,1.0,1.0,34.60790689791471
6600,1.1067686774973479e-07,1.253122102331452e-06,1.0,1.0,34.5519327403539
6610,1.1331481941088664e-07,1.30544951568679e-06,1.0,1.0,34.49807002166883
6620,1.3540987411012316e-07,1.2163220878662927e-06,1.0,1.0,34.44605420521121
6630,1.2157082799407202e-07,1.1112609988866104e-06,1.0,1.0,34.39131948819326
6640,1.3020110820002663e-07,1.1117082676216336e-06,1.0,1.0,34.33829630463896
6650,1.2712820561015068e-07,1.1287148181274393e-06,1.0,1.0,34.28579272947969
6660,1.1778166123222702e-07,1.1262586131423327e-06,1.0,1.0,34.233993605905276
6670,1.5003160390855093e-07,1.0983118490518215e-06,1.0,1.0,34.18240813935368
6680,1.2598319361174457e-07,1.0175492872649538e-06,1.0,1.0,34.13378543935986
6690,1.1027567681288286e-07,1.1053064080518196e-06,1.0,1.0,34.08565832580993
6700,1.2479225487502177e-07,1.1353333169710817e-06,1.0,1.0,34.03448109818905
6710,1.235533072923991e-07,9.654330075028567e-07,1.0,1.0,33.99025348946155
6720,1.204371621539877e-07,1.0678439568255627e-06,1.0,1.0,33.946029493074654
6730,1.451880900504267e-07,1.0223228986487855e-06,1.0,1.0,33.90407153302634
6740,1.427455714540974e-07,9.846828874494714e-07,1.0,1.0,33.86377399422948
6750,1.192405066090155e-07,9.427554975042744e-07,1.0,1.0,33.82252477600395
6760,1.3042663073718618e-07,9.325212285053148e-07,1.0,1.0,33.78038000732787
6770,1.2068869318684737e-07,9.057377690312733e-07,1.0,1.0,33.7388161812488
6780,1.0748223315730542e-07,8.830481861918056e-07,1.0,1.0,33.695935218329666
6790,1.0889438597040802e-07,8.963579713534056e-07,1.0,1.0,33.65587112044652
6800,1.2344050088377264e-07,9.643681088599468e-07,1.0,1.0,33.61652043114495
6810,1.0717561137588297e-07,8.878185995508542e-07,1.0,1.0,33.581961134728154
6820,1.4930461545108584e-07,9.264897247653502e-07,1.0,1.0,33.54673651718702
6830,1.2071097511313204e-07,8.688574816732902e-07,1.0,1.0,33.51449817495307
6840,1.1577373810082979e-07,8.675597407908539e-07,1.0,1.0,33.47772798389711
6850,1.1477322656280219e-07,8.248445681670533e-07,1.0,1.0,33.44618538901274
6860,1.1872558687438599e-07,8.534286389756468e-07,1.0,1.0,33.41115511626185
6870,1.296368221531807e-07,8.315210620080732e-07,1.0,1.0,33.37738070222341
6880,1.1308077162332623e-07,8.211589563333887e-07,1.0,1.0,33.34427552546933
6890,1.1235644321168532e-07,8.208426021936369e-07,1.0,1.0,33.30951071332047
6900,1.173352624298163e-07,8.308643813285989e-07,1.0,1.0,33.28037367060993
6910,1.3470261475818982e-07,8.201513938082642e-07,1.0,1.0,33.250593943218384
6920,1.0885115508173961e-07,7.540807713439264e-07,1.0,1.0,33.22218222897732
6930,1.0238659238309634e-07,8.367831612628454e-07,1.0,1.0,33.19306371184256
6940,1.4200735523261266e-07,7.535333752571444e-07,1.0,1.0,33.163265281061086
6950,1.1104562083034648e-07,8.414369131462558e-07,1.0,1.0,33.13982421712965
6960,1.1664694644795124e-07,7.31303434478033e-07,1.0,1.0,33.11314692584895
6970,1.235017358672545e-07,7.531809737343233e-07,1.0,1.0,33.08342843477801
6980,1.2111603086530148e-07,7.47931686714364e-07,1.0,1.0,33.056614692446736
6990,1.15728556245977e-07,7.231941394388452e-07,1.0,1.0,33.032994609258814
7000,1.379752561381481e-07,8.700305464842543e-07,1.0,1.0,33.00343687726408
7010,1.1329949710485571e-07,7.05420004028359e-07,1.0,1.0,32.982043025540584
7020,1.1820955429261372e-07,7.523183295342021e-07,1.0,1.0,32.95732416147091
7030,1.3161403519465775e-07,6.71767942400092e-07,1.0,1.0,32.93586136516034
7040,1.1470888639834176e-07,7.70166456318696e-07,1.0,1.0,32.91241224212384
7050,1.1380409484154206e-07,7.282475309506778e-07,1.0,1.0,32.89062261644799
7060,1.4418041567571816e-07,7.709301452319142e-07,1.0,1.0,32.86601981273378
7070,1.1984741059336705e-07,7.465169005719001e-07,1.0,1.0,32.84579403551331
7080,1.159781968503637e-07,6.81984468764082e-07,1.0,1.0,32.827680234919264
7090,1.2643713981556468e-07,7.450516220593882e-07,1.0,1.0,32.806900607141515
7100,1.0632193706312161e-07,6.597352629505127e-07,1.0,1.0,32.78542920889661
7110,1.1035305131567852e-07,7.108610516418829e-07,1.0,1.0,32.763532536067046
7120,1.280563373285672e-07,7.068023386077424e-07,1.0,1.0,32.74325554400647
7130,1.155267920309984e-07,6.405489265273299e-07,1.0,1.0,32.726486657190485
7140,1.1577627058924082e-07,6.688455169584593e-07,1.0,1.0,32.7082316659452
7150,1.2875736990994175e-07,6.981816299513157e-07,1.0,1.0,32.68788701133089
7160,1.0943558669949531e-07,6.427566141685668e-07,1.0,1.0,32.670276628243634
7170,1.1882477378078007e-07,6.997483227663776e-07,1.0,1.0,32.652824443390735
7180,1.2739410674541022e-07,6.281331574885986e-07,1.0,1.0,32.635346632063886
7190,1.1570234551387933e-07,7.190128188412382e-07,1.0,1.0,32.61773787847555
7200,1.1434543405494558e-07,6.297724963497897e-07,1.0,1.0,32.60281579038457
7210,1.4289139242757617e-07,7.151363630123638e-07,1.0,1.0,32.58312747334615
7220,1.2651061749488856e-07,6.15383368632336e-07,1.0,1.0,32.57232465943358
7230,1.0979771668923225e-07,6.916954744234705e-07,1.0,1.0,32.557986358095164
7240,1.3388366506679753e-07,6.374711386279151e-07,1.0,1.0,32.54183043930903
7250,1.1194916471093642e-07,6.427619807525763e-07,1.0,1.0,32.52307729872003
7260,1.267500951020462e-07,6.508542137394314e-07,1.0,1.0,32.505739958403254
7270,1.4070663131624851e-07,5.758462668160005e-07,1.0,1.0,32.491384289300704
7280,1.0834080297724892e-07,7.057517890804299e-07,1.0,1.0,32.48023391675168
7290,1.1254127696779377e-07,6.504564653034429e-07,1.0,1.0,32.467653057792845
7300,1.12564087697226e-07,5.800174690522584e-07,1.0,1.0,32.45320854081353
7310,1.3025093121833138e-07,6.304289355631937e-07,1.0,1.0,32.4401526590455
7320,1.1015818764087367e-07,6.138172080529891e-07,1.0,1.0,32.427477317403806
7330,1.130068649068174e-07,6.606878966285082e-07,1.0,1.0,32.40854106314972
7340,1.1301252114214907e-07,6.037587157345172e-07,1.0,1.0,32.39490191135173
7350,1.0349897403097092e-07,6.72753507479332e-07,1.0,1.0,32.385739743869195
7360,1.2394931875549474e-07,6.000352148993619e-07,1.0,1.0,32.37603065490972
7370,1.2760837485378498e-07,6.40874181950883e-07,1.0,1.0,32.36203611264749
7380,1.2922205227757457e-07,5.981397130895922e-07,1.0,1.0,32.35177032834455
7390,1.3763692520217133e-07,5.646273616734765e-07,1.0,1.0,32.34177662508044
7400,1.1861416799320296e-07,5.915036093143474e-07,1.0,1.0,32.32872668212831
7410,1.1091460096865051e-07,5.982556869645627e-07,1.0,1.0,32.31822412423745
7420,1.1697565534678688e-07,6.775053509713608e-07,1.0,1.0,32.303954188555046
7430,1.2081470331414665e-07,5.997523999390005e-07,1.0,1.0,32.29641903574559
7440,1.0979260392321993e-07,6.317542458234736e-07,1.0,1.0,32.28644116606808
7450,1.4496026136864056e-07,5.835441347376855e-07,1.0,1.0,32.273048991693216
7460,1.262143800327069e-07,5.502963903346928e-07,1.0,1.0,32.26307044365364
7470,1.0905522618813554e-07,6.066221306906736e-07,1.0,1.0,32.25489887544116
7480,1.3997978549305574e-07,5.76132071767602e-07,1.0,1.0,32.24196577035502
7490,1.0333351844546826e-07,5.960386532243723e-07,1.0,1.0,32.23660529277269
7500,1.2366792386284295e-07,5.780159532064799e-07,1.0,1.0,32.22520352638287
7510,1.1889774771119186e-07,6.362187233594726e-07,1.0,1.0,32.21479360610297
7520,1.2389697846292708e-07,5.623158953471291e-07,1.0,1.0,32.20773276101944
7530,8.905068575438848e-08,5.601770956117166e-07,1.0,1.0,32.20215166142371
7540,1.1766415279716801e-07,5.84966914300366e-07,1.0,1.0,32.18753967491199
7550,1.0523910268147428e-07,6.331458326039982e-07,1.0,1.0,32.18072571644459
7560,1.0970928781133116e-07,5.501164542374629e-07,1.0,1.0,32.17463873851365
7570,1.4396084562703892e-07,5.979866306244668e-07,1.0,1.0,32.16396762705273
7580,1.355256451161116e-07,5.891932624449527e-07,1.0,1.0,32.15594830991618
7590,1.2855826290285007e-07,5.547919716909839e-07,1.0,1.0,32.1485960847924
7600,1.2746769850714311e-07,5.459680127571975e-07,1.0,1.0,32.14122087826687
7610,1.1633929049816374e-07,5.615039321422111e-07,1.0,1.0,32.1306423194289
7620,1.2964919832182726e-07,6.225497552189013e-07,1.0,1.0,32.122699580406724
7630,1.1563799990283024e-07,6.042239823211247e-07,1.0,1.0,32.118023447190744
7640,1.146814401833101e-07,5.612614286523725e-07,1.0,1.0,32.113559475369925
7650,1.0139794402872515e-07,6.429095122634335e-07,1.0,1.0,32.10535632055566
7660,1.434668318811528e-07,5.558781726943713e-07,1.0,1.0,32.09029675259191
7670,1.0890297891804379e-07,5.744997423789988e-07,1.0,1.0,32.08760751647717
7680,1.2004472042956075e-07,5.460866023687448e-07,1.0,1.0,32.0800438177358
7690,1.2312435865254988e-07,5.907261697213635e-07,1.0,1.0,32.06915155423578
7700,1.1931542467733512e-07,5.606726669729248e-07,1.0,1.0,32.06568825360223
7710,1.2095699549513435e-07,5.632033967237707e-07,1.0,1.0,32.06067039607583
7720,1.3246024526412449e-07,5.997175673359238e-07,1.0,1.0,32.05012216958878
7730,1.1747082370712241e-07,5.801655601705591e-07,1.0,1.0,32.04527928943535
7740,1.1139499504949765e-07,5.323811114962371e-07,1.0,1.0,32.04427185583016
7750,1.2988639131062188e-07,5.608706965353449e-07,1.0,1.0,32.03765099043575
7760,1.0411008285554031e-07,5.800476847116396e-07,1.0,1.0,32.031511811006524
7770,1.102860280564486e-07,5.12677703573608e-07,1.0,1.0,32.023510916227025
7780,1.3937444403478742e-07,5.665700310176656e-07,1.0,1.0,32.01413626808948
7790,1.2776800778661497e-07,5.517985070482497e-07,1.0,1.0,32.00688999803799
7800,1.2209736633788207e-07,5.604421495867785e-07,1.0,1.0,32.00404679244205
7810,1.0690689362581816e-07,5.968111664211929e-07,1.0,1.0,31.999786662245526
7820,1.2655785731571567e-07,5.055960175804825e-07,1.0,1.0,31.99358259331018
7830,1.2253140842680582e-07,5.574745129503041e-07,1.0,1.0,31.989540256574607
7840,1.3644714450413018e-07,5.853088175704576e-07,1.0,1.0,31.98281145920801
7850,1.2380388373379847e-07,5.741149574795708e-07,1.0,1.0,31.976186743256275
7860,1.2219979617625834e-07,5.363551115614873e-07,1.0,1.0,31.968301500024744
7870,1.2609094992219975e-07,5.342149984815304e-07,1.0,1.0,31.963245511738176
7880,1.316662605739791e-07,5.894659233528206e-07,1.0,1.0,31.956509842706097
7890,1.1496100495414366e-07,5.794615966446286e-07,1.0,1.0,31.95336712192224
7900,1.144354763102104e-07,5.480606715273419e-07,1.0,1.0,31.950772044964204
7910,1.1454182959365479e-07,5.204675510658766e-07,1.0,1.0,31.94739074347175
7920,1.3004969647805395e-07,5.337960051148553e-07,1.0,1.0,31.941395517841283
7930,1.2141935183376917e-07,5.921306989430962e-07,1.0,1.0,31.93640710409736
7940,1.2067075409401234e-07,5.0476512920918e-07,1.0,1.0,31.933438053875417
7950,1.1583336661731768e-07,5.229760695316903e-07,1.0,1.0,31.9286647795928
7960,1.1764583252187896e-07,5.496249116151196e-07,1.0,1.0,31.918787210957028
7970,1.1597372719096627e-07,5.840233070708329e-07,1.0,1.0,31.912077385920746
7980,1.2545706443743363e-07,5.223140156877002e-07,1.0,1.0,31.909997543545046
7990,1.3213826195720433e-07,5.410550288533978e-07,1.0,1.0,31.90783927858771
8000,1.0178667492631104e-07,5.119585297953815e-07,1.0,1.0,31.90452965370257
8010,1.1344758346053893e-07,5.429813287528483e-07,1.0,1.0,31.898230902870466
8020,1.2515316677901117e-07,5.284836137520121e-07,1.0,1.0,31.89058977156136
8030,1.2730028527595588e-07,5.746516710046004e-07,1.0,1.0,31.886924571284805
8040,1.3466317317751946e-07,4.91343871418638e-07,1.0,1.0,31.885520958355386
8050,1.2487111195207754e-07,5.117429375245849e-07,1.0,1.0,31.88252942712275
8060,1.1871645760087984e-07,4.934199609215122e-07,1.0,1.0,31.878284896640768
8070,1.1644650046535499e-07,5.309490079455899e-07,1.0,1.0,31.873248822513187
8080,1.2161541207079968e-07,5.332007749851274e-07,1.0,1.0,31.866157643859644
8090,1.187741264020931e-07,6.025850388272594e-07,1.0,1.0,31.864519285512554
8100,1.0546261757495112e-07,4.867643464947131e-07,1.0,1.0,31.86242804215063
8110,1.2500107015804606e-07,5.171726653562667e-07,1.0,1.0,31.853630907221778
8120,1.2817103265028003e-07,5.367721283435827e-07,1.0,1.0,31.854670479998713
8130,1.0231425242865415e-07,5.503182973029993e-07,1.0,1.0,31.85205965782665
8140,1.1944371111158606e-07,5.166696571347651e-07,1.0,1.0,31.84617231648337
8150,1.1211367920639905e-07,5.515428978303604e-07,1.0,1.0,31.84155458530028
8160,1.2387339603760193e-07,5.055632941523657e-07,1.0,1.0,31.839229627326898
8170,1.21111495535605e-07,5.365503660637633e-07,1.0,1.0,31.83408383233712
8180,1.3947484674953167e-07,5.406760238468874e-07,1.0,1.0,31.827636859852607
8190,1.2320570360828727e-07,5.210041549267451e-07,1.0,1.0,31.82477809268015
8200,1.1255049554682947e-07,5.479733591450562e-07,1.0,1.0,31.822495828494826
8210,1.158876940128928e-07,5.316882396200712e-07,1.0,1.0,31.816831333538374
8220,1.1129733343379928e-07,4.720486603324515e-07,1.0,1.0,31.812488494706887
8230,1.1266778342356896e-07,5.340449862787712e-07,1.0,1.0,31.811499215835514
8240,1.1838677524716119e-07,4.854818233408398e-07,1.0,1.0,31.805531448320377
8250,1.1571215421367064e-07,5.375896982750935e-07,1.0,1.0,31.803091813105624
8260,1.208468364602267e-07,5.478384201989725e-07,1.0,1.0,31.799210057470795
8270,1.142663154693085e-07,4.938111393262736e-07,1.0,1.0,31.79679357188709
8280,1.0202727696716936e-07,5.442763514003068e-07,1.0,1.0,31.794576844994534
8290,1.1658994698017251e-07,5.031211631678792e-07,1.0,1.0,31.788876558528578
8300,1.216088542363345e-07,5.427126593441018e-07,1.0,1.0,31.787493290573785
8310,1.225022462179304e-07,4.6922360212736396e-07,1.0,1.0,31.78642161042282
8320,1.1423025449282241e-07,5.093134619114868e-07,1.0,1.0,31.779664713052775
8330,1.1380086780358758e-07,5.221544735462815e-07,1.0,1.0,31.774887160945983
8340,1.0217494811079181e-07,5.38450819196384e-07,1.0,1.0,31.771244436186368
8350,1.3752446522948494e-07,5.368418281827145e-07,1.0,1.0,31.767836687280095
8360,1.2476541570539743e-07,4.786160543181992e-07,1.0,1.0,31.77103599993655
8370,1.1399255157058354e-07,4.841201878862036e-07,1.0,1.0,31.770238881367817
8380,1.3089582321963194e-07,4.4707891142018935e-07,1.0,1.0,31.760697349621722
8390,1.2142774567968795e-07,5.793419812677983e-07,1.0,1.0,31.755125969736646
8400,1.1411828169213384e-07,5.288229787126763e-07,1.0,1.0,31.750970223753345
8410,1.3213258382580107e-07,4.4925443235556803e-07,1.0,1.0,31.749965078932146
8420,1.1198086863700545e-07,4.870341565324446e-07,1.0,1.0,31.748379719800226
8430,1.1621850551744804e-07,5.463287572922787e-07,1.0,1.0,31.745309235651824
8440,1.1538612292908674e-07,5.244190442612697e-07,1.0,1.0,31.74385353336436
8450,1.210926648394864e-07,4.966413288512924e-07,1.0,1.0,31.73675404832966
8460,1.1523404152914626e-07,4.837058982511698e-07,1.0,1.0,31.73410160344053
8470,1.266509255504537e-07,5.506132048626666e-07,1.0,1.0,31.73466212029621
8480,9.750780616744011e-08,5.170191919944058e-07,1.0,1.0,31.734107131558783
8490,1.2392061162644795e-07,4.498998439919144e-07,1.0,1.0,31.727252596967638
8500,1.4277782915782886e-07,5.570475239568411e-07,1.0,1.0,31.72028942765692
8510,1.178351840893901e-07,4.686277999504861e-07,1.0,1.0,31.71902409824226
8520,1.024756127201111e-07,5.375390754924512e-07,1.0,1.0,31.71847294944616
8530,1.2612837361435456e-07,4.683802152800013e-07,1.0,1.0,31.713261957850584
8540,1.0999660912798078e-07,5.227277427902349e-07,1.0,1.0,31.713919424492627
8550,1.0782149973634695e-07,4.830934009194627e-07,1.0,1.0,31.709020360901345
8560,1.4043784726551148e-07,5.160112463115052e-07,1.0,1.0,31.7043354052347
8570,1.1301661119386594e-07,5.025408375220061e-07,1.0,1.0,31.703848333165933
8580,1.2315552268269655e-07,5.090676008713999e-07,1.0,1.0,31.701110768025167
8590,1.4058495868371294e-07,4.955230897982667e-07,1.0,1.0,31.69752204961607
8600,1.1324027896745892e-07,4.851005643384737e-07,1.0,1.0,31.696506036406863
8610,1.1664878972339331e-07,4.918425330019083e-07,1.0,1.0,31.692232499506666
8620,1.0447936829593517e-07,5.504026363646495e-07,1.0,1.0,31.68683241710766
8630,1.2692708665304793e-07,4.874129286148558e-07,1.0,1.0,31.683460993943406
8640,1.1213381967600999e-07,4.494055038803184e-07,1.0,1.0,31.682917483074412
8650,1.2498766554010652e-07,5.350135065557202e-07,1.0,1.0,31.68137776227848
8660,1.215376537958325e-07,4.921283000038158e-07,1.0,1.0,31.6786980169929
8670,1.1259626917019778e-07,5.002485498187177e-07,1.0,1.0,31.67496091311894
8680,1.2334838097863045e-07,4.997369507183266e-07,1.0,1.0,31.67436697081537
8690,1.1417280659581834e-07,4.982796909754327e-07,1.0,1.0,31.67071931209796
8700,1.0537085822767974e-07,4.986551674041323e-07,1.0,1.0,31.668694287011448
8710,1.2346668281254448e-07,5.19449572170967e-07,1.0,1.0,31.66332593295788
8720,1.2116852433809676e-07,5.055375322375578e-07,1.0,1.0,31.662330019594354
8730,1.1250942811470436e-07,4.5120055588529937e-07,1.0,1.0,31.662442389550236
8740,1.2461179678588067e-07,5.11671663763926e-07,1.0,1.0,31.655472164078255
8750,1.0756983993954137e-07,5.075687484485286e-07,1.0,1.0,31.652921787714696
8760,1.2057160627506564e-07,5.06253365623618e-07,1.0,1.0,31.649425916721864
8770,1.1673539923555324e-07,4.900048424069903e-07,1.0,1.0,31.647890082397684
8780,1.1828456053199612e-07,4.75530253476866e-07,1.0,1.0,31.643857078605127
8790,9.232880685506892e-08,5.325317010814932e-07,1.0,1.0,31.643276876951866
8800,1.3400142262392048e-07,4.6984113611275895e-07,1.0,1.0,31.63848220735166
8810,1.044165124052863e-07,4.731016234452501e-07,1.0,1.0,31.640564855838168
8820,1.2748920282371294e-07,5.274214820824805e-07,1.0,1.0,31.639015232638542
8830,1.2449800565855284e-07,5.090354272834936e-07,1.0,1.0,31.632937476409296
8840,1.1870685166804911e-07,5.141579176694469e-07,1.0,1.0,31.62874082768358
8850,1.1375603063346797e-07,4.94095659381867e-07,1.0,1.0,31.625879211537114
8860,1.1658961416646685e-07,4.7383410304025054e-07,1.0,1.0,31.628045316624675
8870,1.254920858193974e-07,5.18400964681986e-07,1.0,1.0,31.62437254742931
8880,1.072911526099781e-07,5.104187881799987e-07,1.0,1.0,31.62130638133076
8890,1.1344660214709633e-07,4.7609749162428196e-07,1.0,1.0,31.618322067129785
8900,1.024724275779064e-07,4.651347702028407e-07,1.0,1.0,31.615212264089404
8910,1.1113163972859276e-07,4.919089440107093e-07,1.0,1.0,31.611399519609932
8920,1.2020768352729217e-07,4.905134057139306e-07,1.0,1.0,31.611099093034564
8930,9.429920982125246e-08,4.682017824261847e-07,1.0,1.0,31.611352774683727
8940,1.1068620115327165e-07,4.96946167489337e-07,1.0,1.0,31.60646266124788
8950,1.2134376504245022e-07,5.035448566245476e-07,1.0,1.0,31.602055180979587
8960,1.2833657435188505e-07,4.927628166982268e-07,1.0,1.0,31.600075094266586
8970,1.1297383444171176e-07,4.6593324507055695e-07,1.0,1.0,31.59912845997143
8980,1.3048004961494778e-07,5.205945970528221e-07,1.0,1.0,31.593625213671476
8990,1.148379486335567e-07,5.243669591230475e-07,1.0,1.0,31.59259190043131
9000,1.1946416411408324e-07,4.784081684275026e-07,1.0,1.0,31.590780352640675
9010,1.1452384346475703e-07,4.81579994991475e-07,1.0,1.0,31.586075720907928
9020,1.1519438137779141e-07,4.906570083768888e-07,1.0,1.0,31.585247830805155
9030,1.1989479120020337e-07,5.747133126434925e-07,1.0,1.0,31.58426062408572
9040,1.2881268659891919e-07,4.576671467888274e-07,1.0,1.0,31.58259281855816
9050,1.0973362429753709e-07,5.597199379645158e-07,1.0,1.0,31.581034952485854
9060,1.0417180691454728e-07,4.70266169191045e-07,1.0,1.0,31.578341917864474
9070,1.2943674894350239e-07,4.90476488314665e-07,1.0,1.0,31.569585875731352
9080,1.1733882718926875e-07,4.92935900883235e-07,1.0,1.0,31.57121893114088
9090,1.0665960804482916e-07,4.6756627589525716e-07,1.0,1.0,31.570458830281527
9100,1.2421189862192256e-07,4.97038613428308e-07,1.0,1.0,31.566110648760127
9110,1.189834382720642e-07,5.126229321733021e-07,1.0,1.0,31.561943282042982
9120,1.0684071228944823e-07,4.763794610221782e-07,1.0,1.0,31.5626897084999
9130,1.26418342618906e-07,5.204365934565133e-07,1.0,1.0,31.56106148935005
9140,1.0903850663441147e-07,5.002688636607202e-07,1.0,1.0,31.55703976467032
9150,1.1470721032053818e-07,5.267927275155824e-07,1.0,1.0,31.552415996383036
9160,1.1321404544353094e-07,4.789953043591462e-07,1.0,1.0,31.547679346008973
9170,1.0908336893976475e-07,5.359015310957155e-07,1.0,1.0,31.548794627541966
9180,1.1064964794862051e-07,4.5856492103620686e-07,1.0,1.0,31.54916969771232
9190,1.2754264499607922e-07,5.027566399207908e-07,1.0,1.0,31.54700307293329
9200,1.1995655328445665e-07,4.690919264852766e-07,1.0,1.0,31.544169394719642
9210,1.015589960379898e-07,5.215678977354958e-07,1.0,1.0,31.541640102760475
9220,1.1786873539637492e-07,5.108763993575465e-07,1.0,1.0,31.533007656448294
9230,1.0859467456545001e-07,5.157215599406982e-07,1.0,1.0,31.533593181295686
9240,1.127182930430748e-07,4.555566369348269e-07,1.0,1.0,31.533497904996757
9250,1.1439292493232864e-07,5.615143801792096e-07,1.0,1.0,31.530415351998343
9260,1.2710740980919072e-07,4.7171174630085696e-07,1.0,1.0,31.532981298099653
9270,1.0242540895896833e-07,5.060857723395159e-07,1.0,1.0,31.531666391566148
9280,1.1574069413145436e-07,4.6633563385802465e-07,1.0,1.0,31.524364461384334
9290,1.1449576393215793e-07,5.309507868379665e-07,1.0,1.0,31.522054883089012
9300,1.263883875970444e-07,5.185388197984555e-07,1.0,1.0,31.52136410172586
9310,1.1823369865194276e-07,4.356839830128553e-07,1.0,1.0,31.52300586424985
9320,1.1706996801711858e-07,5.325968702705679e-07,1.0,1.0,31.51728580881106
9330,1.1986361390193785e-07,4.901909082010654e-07,1.0,1.0,31.515591560930197
9340,1.1549381217198092e-07,5.041302559312167e-07,1.0,1.0,31.51205244163612
9350,9.995617877941739e-08,4.5391718302307337e-07,1.0,1.0,31.51100998753746
9360,1.1112611511698103e-07,5.570790149647856e-07,1.0,1.0,31.506878432359525
9370,1.2445008383907384e-07,4.87818970558488e-07,1.0,1.0,31.49977223096335
9380,1.3337955400931052e-07,4.878297825568442e-07,1.0,1.0,31.49707038931945
9390,1.0785900760687294e-07,5.155801734061624e-07,1.0,1.0,31.499738294999492
9400,1.185884287703964e-07,4.715220801419605e-07,1.0,1.0,31.49651994176533
9410,1.0888196100302268e-07,5.629804668307956e-07,1.0,1.0,31.499177652844242
9420,1.1077191422289152e-07,4.990583120301296e-07,1.0,1.0,31.49564197865151
9430,1.5872039789425714e-07,5.402381676617737e-07,1.0,1.0,31.490242530753008
9440,1.1477335814495021e-07,4.882885219435813e-07,1.0,1.0,31.49119676518833
9450,1.2233053164963896e-07,5.212996495757306e-07,1.0,1.0,31.487739804177252
9460,1.3705167671932986e-07,5.013362684757172e-07,1.0,1.0,31.48472687903471
9470,1.202659779520901e-07,5.616125350302721e-07,1.0,1.0,31.48673433899042
9480,1.1594097202975397e-07,4.968882237226922e-07,1.0,1.0,31.48393851365558
9490,1.0985625323206624e-07,5.400521179190963e-07,1.0,1.0,31.483753233306725
9500,1.1341346741747418e-07,5.489428825726459e-07,1.0,1.0,31.477673789374442
9510,1.1665281326643378e-07,4.5778469122280173e-07,1.0,1.0,31.476459124675777
9520,1.2189061368723096e-07,5.373845463093261e-07,1.0,1.0,31.473850526226887
9530,1.227414713276007e-07,4.742336861103139e-07,1.0,1.0,31.46988890562579
9540,1.0098995043757018e-07,5.167439885598531e-07,1.0,1.0,31.46712629631868
9550,1.3309565144395654e-07,5.151111526883883e-07,1.0,1.0,31.461790511929568
9560,1.0796934199446424e-07,5.282029880796288e-07,1.0,1.0,31.46403411137365
9570,1.0736622923388585e-07,5.378260309303691e-07,1.0,1.0,31.463267336045337
9580,1.0358745316286321e-07,5.11714809950449e-07,1.0,1.0,31.46034537871656
9590,1.2428380749454343e-07,5.781946388838222e-07,1.0,1.0,31.45893393935195
9600,1.0624113486150981e-07,5.0671259224158e-07,1.0,1.0,31.459567999199724
9610,1.2351435088786883e-07,4.90480947622776e-07,1.0,1.0,31.459766014831462
9620,1.1177743625102851e-07,5.307372037468277e-07,1.0,1.0,31.45288803299774
9630,1.053947098471823e-07,5.819966979802105e-07,1.0,1.0,31.446745489714683
9640,1.3550812938132588e-07,5.408587227847359e-07,1.0,1.0,31.44349406420451
9650,1.1498956368804837e-07,5.496887735601202e-07,1.0,1.0,31.444424757345143
9660,1.0817023816194236e-07,4.982958577196004e-07,1.0,1.0,31.4466994987608
9670,1.0675710635905811e-07,5.291529891868643e-07,1.0,1.0,31.443096175935604
9680,1.1013890072408957e-07,5.363517423780216e-07,1.0,1.0,31.43935057136505
9690,1.0728170952272241e-07,5.380280158486521e-07,1.0,1.0,31.435266803086446
9700,1.1213532511396337e-07,4.864922602212729e-07,1.0,1.0,31.434784410756222
9710,1.1505279185732973e-07,5.979648116387732e-07,1.0,1.0,31.434192925301616
9720,1.07917737545896e-07,4.94742308615778e-07,1.0,1.0,31.43340919733492
9730,1.0971452368314284e-07,5.66682161115318e-07,1.0,1.0,31.433072808718215
9740,1.1567326987539368e-07,4.964083996995621e-07,1.0,1.0,31.42831426546695
9750,1.0467370751685938e-07,5.920506561339933e-07,1.0,1.0,31.42844268633176
9760,1.1683462224042333e-07,4.981762682684211e-07,1.0,1.0,31.421857393517953
9770,1.0967389026833168e-07,4.839714788196433e-07,1.0,1.0,31.420449873485044
9780,1.125929098456125e-07,5.515505372491855e-07,1.0,1.0,31.419694039562597
9790,1.1052541314641295e-07,5.72184601565424e-07,1.0,1.0,31.415994045817264
9800,1.313946934803995e-07,5.05875881947712e-07,1.0,1.0,31.417172403109166
9810,1.0553100187805256e-07,6.03813326756956e-07,1.0,1.0,31.417875834126782
9820,1.246985934292757e-07,6.113428382983738e-07,1.0,1.0,31.41315249340292
9830,1.1438591822740402e-07,4.832610586083694e-07,1.0,1.0,31.410432165645528
9840,1.0993335331850818e-07,5.258283686501894e-07,1.0,1.0,31.408926362812437
9850,1.2061881572548183e-07,6.117455703892703e-07,1.0,1.0,31.404668302272576
9860,1.1257521660531982e-07,5.393644810905709e-07,1.0,1.0,31.406219106528454
9870,1.0569769033959385e-07,5.680103863187069e-07,1.0,1.0,31.405636874257116
9880,1.1872078443258852e-07,5.899557477490076e-07,1.0,1.0,31.39916365402999
9890,1.1828199647632139e-07,5.902413617317739e-07,1.0,1.0,31.399614304543725
9900,1.2054629844252714e-07,5.517854494975551e-07,1.0,1.0,31.401670006910372
9910,1.2029047576965323e-07,6.289724647865393e-07,1.0,1.0,31.401488884139432
9920,1.0274491171786694e-07,6.584945942021465e-07,1.0,1.0,31.39290979561851
9930,1.1987854690851592e-07,4.833861211322108e-07,1.0,1.0,31.390884912926072
9940,1.1713236293370922e-07,5.601193762123716e-07,1.0,1.0,31.390424280457562
9950,1.233092048658004e-07,6.076281738912664e-07,1.0,1.0,31.38974882231821
9960,1.0944071692261552e-07,5.591743460272917e-07,1.0,1.0,31.389912742774243
9970,1.2847736601914067e-07,5.764742420906755e-07,1.0,1.0,31.386957617569553
9980,1.1974494745056722e-07,6.243932610920562e-07,1.0,1.0,31.3830006751504
9990,1.189752986651566e-07,5.188165000033727e-07,1.0,1.0,31.383423721208793
10000,1.0339026816475768e-07,4.825161754253785e-07,1.0,1.0,31.38327515123984
10010,1.18704464984232e-07,5.644703928218285e-07,1.0,1.0,31.378526094510317
10020,1.1607686166857365e-07,6.975905361666996e-07,1.0,1.0,31.374783628583273
10030,1.3401440760539567e-07,6.121425177985583e-07,1.0,1.0,31.369470270475304
10040,1.0685687743944422e-07,5.119769414958922e-07,1.0,1.0,31.373823638511343
10050,1.0286829981786708e-07,6.539580775467709e-07,1.0,1.0,31.373208798390184
10060,1.1193923785213068e-07,5.953865719964388e-07,1.0,1.0,31.373777419730093
10070,1.2211138589029904e-07,5.964850504779413e-07,1.0,1.0,31.37134500329665
10080,1.171286005231031e-07,6.197541445506895e-07,1.0,1.0,31.368790512727884
10090,1.2010365602861044e-07,6.866667565632192e-07,1.0,1.0,31.366228218295017
10100,1.0688347995134186e-07,6.068181636472448e-07,1.0,1.0,31.36525741021348
10110,9.714307720968868e-08,5.367690947148428e-07,1.0,1.0,31.364050611068745
10120,1.4080083239213416e-07,5.733138456766548e-07,1.0,1.0,31.35906002811071
10130,1.2019534153006204e-07,6.023980743782334e-07,1.0,1.0,31.359073958015642
10140,1.092745965817372e-07,6.730052663758739e-07,1.0,1.0,31.359323824099995
10150,1.2635801894732592e-07,6.985816056278633e-07,1.0,1.0,31.353778363563105
10160,1.1165942627136657e-07,6.479876426447138e-07,1.0,1.0,31.352421328878116
10170,1.1351359214298736e-07,5.370932167425212e-07,1.0,1.0,31.35282510596607
10180,1.2342823213445587e-07,6.054167686398485e-07,1.0,1.0,31.347370196277815
10190,9.907994231138727e-08,7.524001263641979e-07,1.0,1.0,31.3473555771831
10200,1.0757855792242729e-07,5.490534398073916e-07,1.0,1.0,31.34587484791905
10210,1.2504956097258397e-07,5.865125764415961e-07,1.0,1.0,31.347193642978628
10220,1.1584745482959628e-07,7.184810761269771e-07,1.0,1.0,31.34663992599844
10230,1.0941349347529858e-07,6.427683596280104e-07,1.0,1.0,31.34418842671179
10240,1.1731696490930725e-07,7.279946327992649e-07,1.0,1.0,31.338715668447904
10250,1.1439458407279471e-07,6.80595278810136e-07,1.0,1.0,31.333884621350148
10260,1.0093820410156509e-07,6.07842200618114e-07,1.0,1.0,31.33428537906785
10270,1.19296358297232e-07,6.640649905691461e-07,1.0,1.0,31.330045296084844
10280,1.101206870850277e-07,6.786954150647519e-07,1.0,1.0,31.334751651501094
10290,1.0339464288095398e-07,7.215956027178949e-07,1.0,1.0,31.335205404142652
10300,1.0949578351534593e-07,5.898298961651442e-07,1.0,1.0,31.334501473863543
10310,1.0140288199606178e-07,6.358149781539751e-07,1.0,1.0,31.32914735571844
10320,1.2531028564491882e-07,7.393034909576725e-07,1.0,1.0,31.32437851872113
10330,1.0186840608046149e-07,7.188761656505398e-07,1.0,1.0,31.32249587890427
10340,1.2334559208297487e-07,7.17864992634574e-07,1.0,1.0,31.32235954598283
10350,1.0748854596801005e-07,6.558049788074755e-07,1.0,1.0,31.324613668596722
10360,1.1302501447419163e-07,6.518076028521438e-07,1.0,1.0,31.323304614402517
10370,1.0846392717260883e-07,5.996802220455102e-07,1.0,1.0,31.32357151398797
10380,9.925400641447415e-08,7.535038260496811e-07,1.0,1.0,31.319809268784613
10390,1.267726291844264e-07,7.524907756746089e-07,1.0,1.0,31.315366045717212
10400,1.1950753076421947e-07,7.704690616533317e-07,1.0,1.0,31.316135476725655
10410,1.1095881309361549e-07,6.899577139588551e-07,1.0,1.0,31.314618429415123
10420,9.96602752351371e-08,7.415889396243283e-07,1.0,1.0,31.31325549455808
10430,1.1863485448541145e-07,5.90606547586012e-07,1.0,1.0,31.3085492258614
10440,1.16718700409823e-07,8.325370616428083e-07,1.0,1.0,31.30989068566943
10450,1.1157812080879302e-07,8.14067729414972e-07,1.0,1.0,31.307993158585674
10460,1.007121002127329e-07,6.686881155531801e-07,1.0,1.0,31.30712736819442
10470,1.127622735931756e-07,6.581834429867939e-07,1.0,1.0,31.305519052337726
10480,1.1802543674174247e-07,7.641348678182901e-07,1.0,1.0,31.303658332321827
10490,1.1971643369248733e-07,8.024658144225634e-07,1.0,1.0,31.302636082956717
10500,1.1585661617634817e-07,7.293045172368912e-07,1.0,1.0,31.303393638977425
10510,1.2166342282336641e-07,7.153800314070136e-07,1.0,1.0,31.305518584609445
10520,1.0922245616684672e-07,7.421911185038918e-07,1.0,1.0,31.300867052493025
10530,1.1477487568357699e-07,8.42523525975881e-07,1.0,1.0,31.29697204173609
10540,1.2083316009062893e-07,6.826242254529022e-07,1.0,1.0,31.297310825895146
10550,1.083472371278055e-07,7.70019581788654e-07,1.0,1.0,31.29680834011677
10560,9.199772845256812e-08,8.369894252539795e-07,1.0,1.0,31.293705784744727
10570,1.1786913882700339e-07,7.85944319676768e-07,1.0,1.0,31.290130650919895
10580,1.191720041670691e-07,7.113635741008828e-07,1.0,1.0,31.290161398048237
10590,1.0641587880233061e-07,7.666834462434962e-07,1.0,1.0,31.288156416633576
10600,1.0766113286119632e-07,8.991908777303311e-07,1.0,1.0,31.28964259900825
10610,1.1030269514823702e-07,8.302963643406372e-07,1.0,1.0,31.286798476698326
10620,1.1172892705834263e-07,7.139202895510596e-07,1.0,1.0,31.286057600448085
10630,1.3192016033212162e-07,8.717399581102543e-07,1.0,1.0,31.281239023507258
10640,1.1085870375580478e-07,1.0090167848783254e-06,1.0,1.0,31.284384276996075
10650,1.1860109502807354e-07,7.318369778460338e-07,1.0,1.0,31.285276447451594
10660,1.2372384851748955e-07,9.004216767875312e-07,1.0,1.0,31.282097763200277
10670,1.1010624788609696e-07,6.964396701842021e-07,1.0,1.0,31.279633035817675
10680,1.0470554110398448e-07,8.162550299302507e-07,1.0,1.0,31.276210564882224
10690,1.0177372452407578e-07,1.0118399104903179e-06,1.0,1.0,31.274171572650307
10700,9.523385093384925e-08,6.517977829415528e-07,1.0,1.0,31.273858257308103
10710,1.112336179901954e-07,7.87567611462178e-07,1.0,1.0,31.27393083215704
10720,1.1095184144550455e-07,9.657110313956713e-07,1.0,1.0,31.27431159244847
10730,1.1215248613932545e-07,6.408771506579691e-07,1.0,1.0,31.272649618530032
10740,1.0445501758725218e-07,8.686387970518369e-07,1.0,1.0,31.270111541170245
10750,1.3557319225410488e-07,8.778674142853166e-07,1.0,1.0,31.27016945761898
10760,1.2090187176337308e-07,8.381605397451155e-07,1.0,1.0,31.27038387399046
10770,1.2044591262159065e-07,8.133714040932224e-07,1.0,1.0,31.268674074200586
10780,1.2179858525850024e-07,8.194995171043591e-07,1.0,1.0,31.261515204815108
10790,1.1064078122015559e-07,8.532583819966253e-07,1.0,1.0,31.261297243463524
10800,1.0984834433622099e-07,8.392152192263413e-07,1.0,1.0,31.26189015600585
10810,1.1902382220421926e-07,8.248793341265061e-07,1.0,1.0,31.260924437136914
10820,1.010336671586821e-07,9.11736583178206e-07,1.0,1.0,31.26508707916334
10830,1.0004558014367552e-07,8.023891860903087e-07,1.0,1.0,31.26289960946157
10840,1.2153047266061896e-07,1.1167592008550927e-06,1.0,1.0,31.255747911039613
10850,1.190643499503202e-07,7.566824709165829e-07,1.0,1.0,31.25614133484747
10860,1.049796491019263e-07,8.619593081695692e-07,1.0,1.0,31.256214758383113
10870,1.3134507588419318e-07,1.0619292241852964e-06,1.0,1.0,31.255508330356715
10880,1.1852255099222931e-07,6.755669177115302e-07,1.0,1.0,31.258926396842366
10890,1.098646277894985e-07,7.76057500032232e-07,1.0,1.0,31.256736836707333
10900,1.2147300848977157e-07,1.067141409439413e-06,1.0,1.0,31.251091989325683
10910,1.0882247888371254e-07,9.274906147127646e-07,1.0,1.0,31.247350321284788
10920,1.1610447331342408e-07,7.954220126447862e-07,1.0,1.0,31.249676147070346
10930,1.1660070941629086e-07,1.3186135713274839e-06,1.0,1.0,31.25106683274724
10940,1.0695785964543032e-07,7.370256440367418e-07,1.0,1.0,31.252934738371593
10950,1.0019854357080443e-07,9.091613284385278e-07,1.0,1.0,31.251550410244683
10960,1.0868526747389123e-07,7.522240358430474e-07,1.0,1.0,31.248114648242527
10970,1.1991763118958274e-07,1.036777023319717e-06,1.0,1.0,31.24208236914886
10980,1.1508355576910809e-07,9.321902965691421e-07,1.0,1.0,31.24010387235676
10990,1.163226138889696e-07,8.865463507033323e-07,1.0,1.0,31.239513540263843
11000,1.103254945777481e-07,9.754798537070575e-07,1.0,1.0,31.239564307704242
11010,9.346599766466518e-08,8.07241357732463e-07,1.0,1.0,31.238885188189645
11020,1.0678180376982872e-07,9.097414978771131e-07,1.0,1.0,31.23702851853055
11030,1.1478542547101396e-07,8.93604318734432e-07,1.0,1.0,31.2401230277244
11040,1.0436799516897266e-07,8.591012218955538e-07,1.0,1.0,31.240436535796103
11050,1.2584327474538686e-07,1.1606513136410583e-06,1.0,1.0,31.2355937009279
11060,1.0574289966834648e-07,7.157638182526719e-07,1.0,1.0,31.233501867380095
11070,1.1737130355992283e-07,1.3199005148856395e-06,1.0,1.0,31.23505817583502
11080,1.0728776595731837e-07,8.688221246316515e-07,1.0,1.0,31.235042929914773
11090,1.1440997009716606e-07,1.1616633677934245e-06,1.0,1.0,31.234227582152645
11100,1.0535597049242732e-07,7.865743166815927e-07,1.0,1.0,31.232995694270677
11110,1.1875900193085362e-07,1.0438099963915894e-06,1.0,1.0,31.22909999945554
11120,9.392142075116474e-08,1.0302929955400775e-06,1.0,1.0,31.229217578121233
11130,9.965587211983281e-08,9.41196549335167e-07,1.0,1.0,31.226176888993233
11140,1.238424501350909e-07,9.203770791211892e-07,1.0,1.0,31.22728028664797
11150,1.0850471357374885e-07,7.368556926145777e-07,1.0,1.0,31.230751711135337
11160,1.0374851103669791e-07,9.801829251229866e-07,1.0,1.0,31.229869898730513
11170,1.2540484362828864e-07,9.502196959890441e-07,1.0,1.0,31.227830797266343
11180,1.0821701278038707e-07,1.0784395406245525e-06,1.0,1.0,31.22285297948959
11190,1.1857142199095687e-07,1.0423353625552194e-06,1.0,1.0,31.21947271361708
11200,1.1704586861382277e-07,9.980246230453532e-07,1.0,1.0,31.220829340462192
11210,1.1651646819343191e-07,7.341584046393072e-07,1.0,1.0,31.221278795326892
11220,1.0008724425796942e-07,1.0437622853425996e-06,1.0,1.0,31.2209502736956
11230,1.244366784759481e-07,9.539923668922104e-07,1.0,1.0,31.21887274072784
11240,1.170140006554684e-07,9.509011497730885e-07,1.0,1.0,31.2183399729495
11250,1.0145831181954747e-07,1.1930606430627462e-06,1.0,1.0,31.218667462691922
11260,1.1747730771283696e-07,8.71451504765647e-07,1.0,1.0,31.212823645749964
11270,1.1215233649119446e-07,1.0946460965511315e-06,1.0,1.0,31.21569796528
11280,1.1636228500775238e-07,8.997723775583927e-07,1.0,1.0,31.21598149576697
11290,1.1450343161313869e-07,1.0062857405919284e-06,1.0,1.0,31.216647877827405
11300,1.0968503576786436e-07,1.0004641824508986e-06,1.0,1.0,31.213282916186174
11310,1.1990291118553696e-07,8.442835084394944e-07,1.0,1.0,31.21061787660008
11320,1.1803183828157742e-07,9.615821509250302e-07,1.0,1.0,31.209667609892882
11330,1.1309718226686579e-07,7.861643742516544e-07,1.0,1.0,31.2111013707151
11340,1.0849634432891167e-07,1.10935222774341e-06,1.0,1.0,31.21040180012582
11350,1.1542943111039043e-07,1.096615467095793e-06,1.0,1.0,31.20874632183816
11360,1.1001897636040629e-07,8.893014748715385e-07,1.0,1.0,31.203961870702685
11370,1.0950973057049836e-07,8.857565084745924e-07,1.0,1.0,31.206119171487433
11380,1.1440211769788753e-07,1.3617772991561244e-06,1.0,1.0,31.205471758224895
11390,1.3231539623589212e-07,8.156918613325078e-07,1.0,1.0,31.206379513803487
11400,1.0932465919392111e-07,8.417601202911539e-07,1.0,1.0,31.211328660619547
11410,1.203812863571525e-07,9.404932459780012e-07,1.0,1.0,31.207149629359822
11420,1.0225823600838311e-07,9.425521186728762e-07,1.0,1.0,31.205558138110444
11430,1.1037136337459733e-07,9.362758341606384e-07,1.0,1.0,31.203396380681596
11440,1.1071177232882055e-07,1.1124711451159986e-06,1.0,1.0,31.19769772346833
11450,1.1605660899982173e-07,8.344982180800142e-07,1.0,1.0,31.201829320947475
11460,1.1177395639273991e-07,9.551117837498497e-07,1.0,1.0,31.20220632418401
11470,1.1683922002703115e-07,1.1287444948315876e-06,1.0,1.0,31.200913982398152
11480,1.1148192681878682e-07,8.166680365161351e-07,1.0,1.0,31.200056160996887
11490,1.0993773014019872e-07,1.3181646489563375e-06,1.0,1.0,31.197056384699664
11500,1.1947832866593408e-07,7.520835850096431e-07,1.0,1.0,31.194939037873052
11510,1.1169632794870942e-07,1.0940229229971284e-06,1.0,1.0,31.195835477466222
11520,9.051873798595095e-08,1.0033987089943273e-06,1.0,1.0,31.196091351615472
11530,1.1486706944367212e-07,1.109446054153407e-06,1.0,1.0,31.192154411202463
11540,1.0531293331985245e-07,8.464701478610097e-07,1.0,1.0,31.19298562286569
11550,1.198099046095139e-07,9.934044540328544e-07,1.0,1.0,31.195031234401288
11560,1.127325153891226e-07,8.302733910357956e-07,1.0,1.0,31.196341256923976
11570,1.0915658545376908e-07,7.27688625845418e-07,1.0,1.0,31.19431429605931
11580,1.0750665245672589e-07,1.098314907392525e-06,1.0,1.0,31.192305516666057
11590,1.2616962264596255e-07,9.221641254205839e-07,1.0,1.0,31.190955426858682
11600,1.2227161195012098e-07,1.0649019185425658e-06,1.0,1.0,31.19275248113904
11610,1.1203040690315086e-07,9.222664559557043e-07,1.0,1.0,31.19497143916012
11620,1.2175532350610735e-07,8.684260160007284e-07,1.0,1.0,31.19115100789427
11630,1.1844952413396043e-07,9.89800300035694e-07,1.0,1.0,31.189441898644848
11640,1.0014936686799083e-07,9.600731370405276e-07,1.0,1.0,31.187808946828817
11650,1.0833594911160378e-07,9.205434162420272e-07,1.0,1.0,31.1818555332243
11660,1.1448844677056308e-07,8.673542676377831e-07,1.0,1.0,31.18290673002589
11670,1.1545604985483668e-07,9.873219294094554e-07,1.0,1.0,31.18724676164825
11680,1.2695204310986156e-07,7.870525730410949e-07,1.0,1.0,31.18351541744972
11690,9.147790892532534e-08,1.1306110024247342e-06,1.0,1.0,31.185748595573433
11700,1.0042711918695579e-07,9.954385730781526e-07,1.0,1.0,31.185818482777893
11710,1.1374146071438916e-07,8.228209724044756e-07,1.0,1.0,31.185332818166067
11720,1.112004453380105e-07,1.0437282751304831e-06,1.0,1.0,31.183014764639974
11730,1.0998216454226459e-07,7.505152933132175e-07,1.0,1.0,31.182656663619827
11740,1.1802504070597507e-07,8.312730365191444e-07,1.0,1.0,31.180891546448212
11750,1.2042116572921708e-07,1.0736480582326425e-06,1.0,1.0,31.180754218706713
11760,1.1103965253035125e-07,7.961085033699229e-07,1.0,1.0,31.18022716268579
11770,1.1318212991939226e-07,9.483550683575641e-07,1.0,1.0,31.176577057006575
11780,1.141625105278177e-07,8.503664897215354e-07,1.0,1.0,31.17740819558072
11790,1.0716537077013154e-07,8.144429164264726e-07,1.0,1.0,31.180171051543876
11800,1.0942847599345607e-07,9.341821942786658e-07,1.0,1.0,31.175909940158164
11810,1.3043875711625362e-07,7.268535636627856e-07,1.0,1.0,31.178177065475612
11820,1.0843276023706086e-07,8.092741855051555e-07,1.0,1.0,31.17791597520225
11830,1.2113402264633869e-07,8.382599784946737e-07,1.0,1.0,31.176147048309215
11840,1.0619561543165467e-07,8.782833258309287e-07,1.0,1.0,31.173617912340458
11850,1.0145966992740495e-07,7.883484688955153e-07,1.0,1.0,31.17466616244865
11860,1.2901788798762245e-07,7.684646871688884e-07,1.0,1.0,31.172557834357097
11870,1.126883472784733e-07,8.42390454661345e-07,1.0,1.0,31.17266398458961
11880,1.038777072822727e-07,8.249406928849524e-07,1.0,1.0,31.174461443232133
11890,1.2689183518642508e-07,7.710081669228142e-07,1.0,1.0,31.172098369621384
11900,1.1337765137472034e-07,9.151273986847051e-07,1.0,1.0,31.173512122415218
11910,1.064527447664112e-07,8.008415827994352e-07,1.0,1.0,31.173954679181932
11920,1.2724395623053214e-07,7.731142965845851e-07,1.0,1.0,31.16978217933527
11930,1.0548842587145331e-07,7.687635987640239e-07,1.0,1.0,31.172691443117934
11940,1.0132755689707989e-07,7.458780404952242e-07,1.0,1.0,31.172703224475505
11950,1.210936942953374e-07,8.834756799166918e-07,1.0,1.0,31.1649793634154
11960,1.0367775469145369e-07,6.973755042785995e-07,1.0,1.0,31.166155350161954
11970,1.0949340595950587e-07,8.282628078617004e-07,1.0,1.0,31.167379687229133
11980,1.2862708361864924e-07,8.539286652359672e-07,1.0,1.0,31.16690812611337
11990,1.0776124194553137e-07,7.232528912464631e-07,1.0,1.0,31.164764317985952
12000,1.0590422193319984e-07,8.192629370011578e-07,1.0,1.0,31.166697986379965
12010,1.2351896564520015e-07,7.666459561461383e-07,1.0,1.0,31.164050873798953
12020,1.0846534641258915e-07,8.305385452521146e-07,1.0,1.0,31.167137839708168
12030,1.152066911874917e-07,6.369335586703275e-07,1.0,1.0,31.16552029690523
12040,1.1461458824274651e-07,7.729150402448987e-07,1.0,1.0,31.16384879403804
12050,1.2281519127316067e-07,8.802696353983806e-07,1.0,1.0,31.161737238739466
12060,1.058245122562839e-07,6.797875904714985e-07,1.0,1.0,31.16209715305492
12070,1.293238640392016e-07,8.089783220105788e-07,1.0,1.0,31.16363181130278
12080,1.011096940751831e-07,6.507581018550284e-07,1.0,1.0,31.166637311131137
12090,1.028234788548373e-07,7.790509905048989e-07,1.0,1.0,31.165439574521947
12100,1.1983927182349808e-07,6.990209084065505e-07,1.0,1.0,31.16241400263745
12110,1.146673653105381e-07,6.741999799099593e-07,1.0,1.0,31.1626563576176
12120,1.0921168195960759e-07,7.145453580066551e-07,1.0,1.0,31.161570428662415
12130,1.2383188937001903e-07,6.671424357462297e-07,1.0,1.0,31.157537300824078
12140,1.0571757635751386e-07,7.482966884145462e-07,1.0,1.0,31.160598676067867
12150,1.1162707485865542e-07,8.215908305929263e-07,1.0,1.0,31.161405641718034
12160,1.1150841019955296e-07,7.695018401577514e-07,1.0,1.0,31.157050312778722
12170,1.206354618372077e-07,5.823413863094559e-07,1.0,1.0,31.159021242812507
12180,9.223654917528129e-08,7.668398786475072e-07,1.0,1.0,31.158826326779817
12190,1.1086416513601321e-07,7.924612004548148e-07,1.0,1.0,31.157129044370674
12200,1.2181325187938817e-07,6.871368966415481e-07,1.0,1.0,31.156519066400442
12210,9.574296200432475e-08,7.287076135040716e-07,1.0,1.0,31.154936003963716
12220,1.0137199929232544e-07,7.357629115454753e-07,1.0,1.0,31.152113510015297
12230,1.1217615566072571e-07,7.164272460567982e-07,1.0,1.0,31.153851656053977
12240,9.995432033217214e-08,6.048911019699518e-07,1.0,1.0,31.154433779316985
12250,1.1834578842025759e-07,7.46771256628732e-07,1.0,1.0,31.153376325273722
12260,9.625361586224622e-08,6.91547656819612e-07,1.0,1.0,31.15616080655887
12270,1.0894039318193343e-07,7.251367800021875e-07,1.0,1.0,31.152617722437626
12280,1.203796547176079e-07,5.822605754678835e-07,1.0,1.0,31.150809346361612
12290,1.1210922797950812e-07,7.077800031436424e-07,1.0,1.0,31.150078742647793
12300,1.160177285789936e-07,6.611693413525286e-07,1.0,1.0,31.151565772719994
12310,1.0688577479903462e-07,5.881810136072866e-07,1.0,1.0,31.15387162614842
12320,1.1060076129260337e-07,6.378943335966268e-07,1.0,1.0,31.15596416841643
12330,1.1295331622496363e-07,5.536016389031628e-07,1.0,1.0,31.154187851751036
12340,1.1352910586781823e-07,6.043953434115209e-07,1.0,1.0,31.149551291377065
12350,1.1109788412397919e-07,6.246379420543397e-07,1.0,1.0,31.15141874543631
12360,9.903017088302135e-08,6.525322805808133e-07,1.0,1.0,31.149585641755873
12370,1.201357803895961e-07,6.066807280925137e-07,1.0,1.0,31.14960309007975
12380,1.2305976175774066e-07,5.055581653874924e-07,1.0,1.0,31.151127890493722
12390,1.0028570839459721e-07,5.889218863891983e-07,1.0,1.0,31.149172315198538
12400,1.1534852650653365e-07,5.608561150071114e-07,1.0,1.0,31.141716613841652
12410,1.1655083210257825e-07,5.948159996153321e-07,1.0,1.0,31.144995837121773
12420,1.0150753212438572e-07,5.516509006518494e-07,1.0,1.0,31.146272688219742
12430,1.2227403465003692e-07,5.427909912364319e-07,1.0,1.0,31.144831209499316
12440,1.0117744827370776e-07,5.626089514281963e-07,1.0,1.0,31.14392474673696
12450,1.1380546351698561e-07,5.59342587109013e-07,1.0,1.0,31.14294024455788
12460,1.1734446892794447e-07,5.830061148720666e-07,1.0,1.0,31.14271638918506
12470,1.080595097470718e-07,6.349686791685551e-07,1.0,1.0,31.144133857080828
12480,1.0139370303850376e-07,5.168010342925795e-07,1.0,1.0,31.145377433200604
12490,1.045291669874916e-07,4.794167294144403e-07,1.0,1.0,31.145423252241763
12500,1.0038939395471318e-07,4.969358707996042e-07,1.0,1.0,31.14405614129961
12510,1.1029919800632203e-07,5.603473183691684e-07,1.0,1.0,31.142560487371124
12520,1.1139794917100512e-07,5.442165735965089e-07,1.0,1.0,31.141552057772646
12530,1.0049772752957336e-07,5.60398846826906e-07,1.0,1.0,31.139930698301125
12540,1.0681419384522169e-07,5.49954390119867e-07,1.0,1.0,31.142742752808694
12550,1.1383844219173225e-07,5.031662823699642e-07,1.0,1.0,31.143162430689127
12560,1.0689053612581716e-07,5.411886300637052e-07,1.0,1.0,31.141836139656803
12570,1.0356831795304279e-07,5.300703036576632e-07,1.0,1.0,31.139805749718484
12580,1.273729583659916e-07,5.398616045501342e-07,1.0,1.0,31.141021318738
12590,1.0086401852032895e-07,5.049867553655323e-07,1.0,1.0,31.137372710297715
12600,1.0984488267802778e-07,4.835912526802032e-07,1.0,1.0,31.13617450297384
12610,1.1093408329531513e-07,4.7021067353450376e-07,1.0,1.0,31.13648198896931
12620,1.1097563044684815e-07,4.822911341464569e-07,1.0,1.0,31.13900947504891
12630,1.1734538981041052e-07,4.7513628166843585e-07,1.0,1.0,31.139339325428576
12640,1.0752309077096301e-07,5.643189207972685e-07,1.0,1.0,31.13585283303633
12650,1.1572728590639749e-07,4.434382550806358e-07,1.0,1.0,31.137912701017758
12660,1.0872398977321374e-07,4.5766812222747166e-07,1.0,1.0,31.138822569010692
12670,1.0774423945788637e-07,4.6888761462541343e-07,1.0,1.0,31.138813611610452
12680,1.0730990873749303e-07,4.799116725723294e-07,1.0,1.0,31.139432185244907
12690,1.0974073289572886e-07,4.764282182179449e-07,1.0,1.0,31.1372941068185
12700,1.2088028383270923e-07,4.697086435542652e-07,1.0,1.0,31.13207639938141
12710,1.1550473458785421e-07,4.835108943116352e-07,1.0,1.0,31.13086227461218
12720,1.262525840945658e-07,4.50259891009264e-07,1.0,1.0,31.13391790035865
12730,1.1053402116955673e-07,5.112554712687608e-07,1.0,1.0,31.136023435004972
12740,1.1016391878681135e-07,4.415638432522076e-07,1.0,1.0,31.1356994546737
12750,1.1609749938145936e-07,4.5972270139765285e-07,1.0,1.0,31.13365701911505
12760,1.0872151408736235e-07,5.28490537361829e-07,1.0,1.0,31.131690028673354
12770,1.0904869200451223e-07,4.3799940393413545e-07,1.0,1.0,31.132484696520144
12780,1.1403342573600558e-07,4.657952615852345e-07,1.0,1.0,31.133327279418975
12790,1.3230959357656368e-07,4.6613108773008547e-07,1.0,1.0,31.130162291945474
12800,1.0646090521098176e-07,4.2655801071466627e-07,1.0,1.0,31.1305984795435
12810,1.0790702426786695e-07,5.244907984200009e-07,1.0,1.0,31.129547277239272
12820,1.1841466070156318e-07,4.153759117486636e-07,1.0,1.0,31.128835575780844
12830,1.186137610610742e-07,4.77527525230411e-07,1.0,1.0,31.12860352975457
12840,1.086228144899055e-07,4.924367292710986e-07,1.0,1.0,31.13027234262143
12850,1.2143779925911086e-07,4.854068192264159e-07,1.0,1.0,31.132040697670746
12860,1.168976530067668e-07,4.4119848192969855e-07,1.0,1.0,31.131196117758105
12870,1.0229722049965797e-07,4.4340023542195245e-07,1.0,1.0,31.127814521521888
12880,1.0222051804108485e-07,4.774895070005576e-07,1.0,1.0,31.12764245154639
12890,1.0539657985536142e-07,4.7203810483558476e-07,1.0,1.0,31.12607994629618
12900,1.1430995738926176e-07,4.3789255830289356e-07,1.0,1.0,31.125911250150583
12910,1.0921238291937556e-07,5.166945215520916e-07,1.0,1.0,31.124623746968478
12920,1.0348177077761459e-07,4.200607599768933e-07,1.0,1.0,31.12538160308041
12930,1.14215118086329e-07,4.839010444321024e-07,1.0,1.0,31.125779000754022
12940,1.1693566741490556e-07,4.596163218172665e-07,1.0,1.0,31.126141091477137
12950,1.0484289142331408e-07,5.527460951676669e-07,1.0,1.0,31.127799174369663
12960,1.1229305225332007e-07,4.411563110241311e-07,1.0,1.0,31.127243513364313
12970,1.1707519601941842e-07,4.570783634517837e-07,1.0,1.0,31.12440479768386
12980,1.0979370106210615e-07,4.151286031693238e-07,1.0,1.0,31.122517134363324
12990,1.0088100010836498e-07,5.011106417221659e-07,1.0,1.0,31.123735569118416
13000,1.23424955768373e-07,5.337993395143562e-07,1.0,1.0,31.122128052277084
13010,9.805880841684921e-08,3.7927512853755596e-07,1.0,1.0,31.12762637784461
13020,1.0139185652519516e-07,4.431467963800935e-07,1.0,1.0,31.12790417652961
13030,1.1148840285148535e-07,4.628476590645418e-07,1.0,1.0,31.126378411883376
13040,1.0405175814181932e-07,4.4939078677959723e-07,1.0,1.0,31.123095250710946
13050,1.0705305267461571e-07,4.319455047068513e-07,1.0,1.0,31.122792793677302
13060,1.102691989785108e-07,4.276785094710064e-07,1.0,1.0,31.12352691551485
13070,1.1177504616949693e-07,4.6158975145767333e-07,1.0,1.0,31.126079022012632
13080,1.070545842760828e-07,4.2316280379271277e-07,1.0,1.0,31.12500617079536
13090,1.0586803134243849e-07,4.57178090056863e-07,1.0,1.0,31.12329952052845
13100,1.1162665181664894e-07,4.3809995315300096e-07,1.0,1.0,31.12019700752971
13110,1.0427830163818556e-07,4.4898604256690834e-07,1.0,1.0,31.11920196527096
13120,1.207484663697861e-07,4.915522664690474e-07,1.0,1.0,31.119424489532616
13130,1.162489525023556e-07,4.561510711369243e-07,1.0,1.0,31.12091403657899
13140,1.0200739666667866e-07,4.1524000345191946e-07,1.0,1.0,31.12171717206155
13150,1.1157501234785027e-07,4.6015817425206383e-07,1.0,1.0,31.12128236915868
13160,1.0642019226782532e-07,4.13306828589746e-07,1.0,1.0,31.121652621606636
13170,1.0528235400843682e-07,4.580029980798471e-07,1.0,1.0,31.12054185072546
13180,1.1592117143117374e-07,4.884176926803286e-07,1.0,1.0,31.115519190683436
13190,1.2128270170062157e-07,4.1146077412061506e-07,1.0,1.0,31.11593679305539
13200,1.101002152501716e-07,4.900390265999303e-07,1.0,1.0,31.117957758248643
13210,1.1015320043549907e-07,4.1995815121106004e-07,1.0,1.0,31.118748831236026
13220,1.0328759024529011e-07,3.9824721745633876e-07,1.0,1.0,31.118820930224153
13230,1.1074573914142683e-07,4.3018397034160305e-07,1.0,1.0,31.118791886027267
13240,1.1590324625886846e-07,4.925843992466917e-07,1.0,1.0,31.117095439150734
13250,1.2075647890539816e-07,3.948337534999412e-07,1.0,1.0,31.11618095213977
13260,9.71879175085936e-08,4.655934325801301e-07,1.0,1.0,31.116935229422744
13270,1.2185001379085718e-07,4.589025362095744e-07,1.0,1.0,31.11474230666859
13280,1.065719116017431e-07,4.71176452166122e-07,1.0,1.0,31.116258545398992
13290,1.0457482794641002e-07,4.3075071872773235e-07,1.0,1.0,31.117806112944358
13300,1.1256205376767021e-07,3.930172934151294e-07,1.0,1.0,31.117079823500244
13310,1.1835692717440483e-07,4.474913119998547e-07,1.0,1.0,31.11586253019988
13320,1.0867668724966711e-07,4.810960343979448e-07,1.0,1.0,31.114225850808168
13330,1.054851045493114e-07,4.319333980566903e-07,1.0,1.0,31.11138551062401
13340,1.1182703406006311e-07,4.651439148902813e-07,1.0,1.0,31.11310280961812
13350,1.140803710807889e-07,3.901544189592826e-07,1.0,1.0,31.115321149350606
13360,1.2475086265477074e-07,4.812739187042024e-07,1.0,1.0,31.11624425585155
13370,1.1918067228498005e-07,4.4814415011621663e-07,1.0,1.0,31.114052031337515
13380,1.0915424385967185e-07,4.3639211207885844e-07,1.0,1.0,31.112127060779336
13390,1.058637935408462e-07,4.393723403793883e-07,1.0,1.0,31.109430476155122
13400,1.184975533581724e-07,4.4641736285610807e-07,1.0,1.0,31.111108147689837
13410,1.0811780067268555e-07,4.5660214195887394e-07,1.0,1.0,31.113919314687426
13420,1.2803210137531902e-07,4.6422683302173187e-07,1.0,1.0,31.109547503768425
13430,1.0911103302362538e-07,4.7103549167149015e-07,1.0,1.0,31.11439544996245
13440,1.0912148930002302e-07,4.0863325097254164e-07,1.0,1.0,31.114897108951073
13450,1.0336096264151417e-07,4.313934801588162e-07,1.0,1.0,31.1150673560943
13460,1.0976517690134438e-07,4.4194665481866803e-07,1.0,1.0,31.110443009740496
13470,1.1445443175912242e-07,4.6270214932343677e-07,1.0,1.0,31.11017942790717
13480,1.1393333373414373e-07,4.741579411757554e-07,1.0,1.0,31.110887232106407
13490,1.0445674346805958e-07,4.4997114700134644e-07,1.0,1.0,31.11305624992427
13500,1.128802651912326e-07,3.970386408784202e-07,1.0,1.0,31.11198981372751
13510,1.2209189751380386e-07,4.3730239005216047e-07,1.0,1.0,31.111145783155767
13520,9.941507000094734e-08,4.572238464408395e-07,1.0,1.0,31.108053381819015
13530,1.0479142219106522e-07,4.4626521378113345e-07,1.0,1.0,31.10758726182
13540,1.2248592143552301e-07,4.3633324658801484e-07,1.0,1.0,31.108670001768107
13550,1.124886798113928e-07,4.0249021790369023e-07,1.0,1.0,31.11161598383114
13560,1.1517959480311729e-07,4.4685740708249824e-07,1.0,1.0,31.111173429052226
13570,1.2027196590648927e-07,4.4074386275416594e-07,1.0,1.0,31.11261247689876
13580,1.1231578134978415e-07,4.19534588998718e-07,1.0,1.0,31.10962975585591
13590,1.0941206206160072e-07,4.332674823799548e-07,1.0,1.0,31.109262317139255
13600,1.1319641607168307e-07,4.356173018617106e-07,1.0,1.0,31.106741931910484
13610,1.0958473515282362e-07,4.801175597717811e-07,1.0,1.0,31.108931991261777
13620,1.0054530672918257e-07,4.483434208819933e-07,1.0,1.0,31.10963969987534
13630,1.1886175916584873e-07,4.35417645787696e-07,1.0,1.0,31.108752579822973
13640,1.1163037017866261e-07,4.795479308564406e-07,1.0,1.0,31.108865294456773
13650,1.2016520596550103e-07,4.150561275443542e-07,1.0,1.0,31.10962547070833
13660,1.1320893927576281e-07,4.220479830825964e-07,1.0,1.0,31.107532136450185
13670,1.1282180560960983e-07,4.101095039299642e-07,1.0,1.0,31.105842873671158
13680,1.055953367568797e-07,4.7592727877642383e-07,1.0,1.0,31.10458646119083
13690,1.3055313537960335e-07,3.980891453407465e-07,1.0,1.0,31.10472896890613
13700,1.0386494225140238e-07,4.450578266101121e-07,1.0,1.0,31.108003471246256
13710,1.0465773977658272e-07,4.304997250095443e-07,1.0,1.0,31.108898143343637
13720,1.1736654753859074e-07,4.4074775312584387e-07,1.0,1.0,31.105331908137508
13730,1.0072944675388802e-07,4.029188571506868e-07,1.0,1.0,31.10624260945009
13740,1.0781150711943043e-07,5.246812985421136e-07,1.0,1.0,31.108573640241868
13750,1.2845249297378733e-07,4.2256667612819544e-07,1.0,1.0,31.10778277821923
13760,1.1550865948747572e-07,5.030100109035431e-07,1.0,1.0,31.104223243922714
13770,1.1359550499523737e-07,4.2167899253936834e-07,1.0,1.0,31.104355350502
13780,1.1579156122690618e-07,4.005853724005332e-07,1.0,1.0,31.105804271897743
13790,1.1640696451786421e-07,4.6960523752341757e-07,1.0,1.0,31.104110279295206
13800,1.0177995139634907e-07,4.401927393086238e-07,1.0,1.0,31.105093936616196
13810,1.1234667045997232e-07,4.1826685168594524e-07,1.0,1.0,31.10410820349441
13820,1.0715705048696669e-07,5.378677599202835e-07,1.0,1.0,31.1066550797341
13830,9.72919569986767e-08,3.974696975510059e-07,1.0,1.0,31.107247854352547
13840,1.1773432611668417e-07,4.816663476957575e-07,1.0,1.0,31.10378945796001
13850,1.0902405661468657e-07,4.2581431870814444e-07,1.0,1.0,31.101429269647905
13860,1.0973761368335653e-07,4.4492183902319053e-07,1.0,1.0,31.100283661358674
13870,1.1325327953022246e-07,4.019462936654193e-07,1.0,1.0,31.103623861955064
13880,1.092288332974193e-07,4.147913244457145e-07,1.0,1.0,31.106298777447364
13890,1.0728321180413967e-07,3.908947336609764e-07,1.0,1.0,31.1047772692968
13900,1.2708341940447585e-07,4.775074400894154e-07,1.0,1.0,31.100316187807795
13910,1.1268822991117748e-07,4.4415696187876377e-07,1.0,1.0,31.100206961559756
13920,9.238895863238755e-08,4.487431505719859e-07,1.0,1.0,31.103062811032792
13930,1.3957115940886547e-07,4.3545029688202956e-07,1.0,1.0,31.099732644819678
13940,1.0063999741178202e-07,4.007754489416898e-07,1.0,1.0,31.103056094335177
13950,9.016103398601367e-08,4.27832721316956e-07,1.0,1.0,31.102391325329467
13960,1.1146559757561542e-07,4.861798248554447e-07,1.0,1.0,31.103198818647773
13970,1.1815717970798427e-07,4.116182910858128e-07,1.0,1.0,31.102313565870162
13980,1.0319267671549072e-07,4.066193368397888e-07,1.0,1.0,31.103780659732436
13990,1.229548001239042e-07,4.5949148566532694e-07,1.0,1.0,31.100173337669453
14000,1.1257319537784076e-07,4.358906528198335e-07,1.0,1.0,31.099586889065062
14010,1.0655541663049388e-07,4.520016885174571e-07,1.0,1.0,31.100934061034597
14020,1.0413947724592924e-07,3.96379868760708e-07,1.0,1.0,31.10108278095049
14030,1.0941978791599356e-07,4.800776941622215e-07,1.0,1.0,31.104037429515813
14040,9.965534429166259e-08,4.28011585951304e-07,1.0,1.0,31.101578083166416
14050,1.21020228342523e-07,4.1093213066217863e-07,1.0,1.0,31.096960147225936
14060,1.1279356310796612e-07,4.395117376437083e-07,1.0,1.0,31.09912248790511
14070,1.0401196687023842e-07,4.856376247021362e-07,1.0,1.0,31.10045431476686
14080,1.3369946697645144e-07,4.035170151530394e-07,1.0,1.0,31.097082393284722
14090,1.0043683931931222e-07,4.322965198430294e-07,1.0,1.0,31.103585745790866
14100,9.98815591872134e-08,4.6502551684967586e-07,1.0,1.0,31.101645959098846
14110,1.324057786439325e-07,4.703760602085206e-07,1.0,1.0,31.099875354717177
14120,1.0713243091566073e-07,3.8937432659700573e-07,1.0,1.0,31.098390560590747
14130,9.039515462538097e-08,4.445199848285148e-07,1.0,1.0,31.097157229939487
14140,1.1975233810226812e-07,4.2571243669862e-07,1.0,1.0,31.097125817809413
14150,1.1396200587627049e-07,4.4307658510953393e-07,1.0,1.0,31.101745959212888
14160,9.9645429250603e-08,4.5333665155484775e-07,1.0,1.0,31.10196886646698
14170,1.0689035375141219e-07,4.4238330379020613e-07,1.0,1.0,31.099515676731922
14180,1.1013095770323149e-07,4.2616445342324305e-07,1.0,1.0,31.09854799545549
14190,9.813022899083366e-08,4.034701844410755e-07,1.0,1.0,31.099190995442765
14200,1.138551382577047e-07,4.000873953573886e-07,1.0,1.0,31.09657826958722
14210,1.1471790664227345e-07,5.384087112940665e-07,1.0,1.0,31.096130645499667
14220,1.0897008169780757e-07,3.7590653855364463e-07,1.0,1.0,31.09691691057523
14230,1.0661090424851142e-07,3.855581955371674e-07,1.0,1.0,31.099746141797006
14240,1.078370679801255e-07,4.4594307281263405e-07,1.0,1.0,31.100876352920746
14250,1.1193435427478543e-07,4.6977756156347163e-07,1.0,1.0,31.101597121547883
14260,1.1775746816588929e-07,4.205980672606044e-07,1.0,1.0,31.096662341228992
14270,1.0859637956278163e-07,4.3111277627481736e-07,1.0,1.0,31.098816869297156
14280,9.979727812547179e-08,4.353730711832e-07,1.0,1.0,31.09816612011063
14290,1.1696004484527805e-07,4.465136869493957e-07,1.0,1.0,31.096327548416443
14300,1.1399264677015695e-07,5.102068754795968e-07,1.0,1.0,31.098014749072078
14310,1.0341740508313506e-07,3.9447686724579275e-07,1.0,1.0,31.099680996147924
14320,1.2605401058588208e-07,4.5624983859339033e-07,1.0,1.0,31.093843133497106
14330,1.0600999766972924e-07,4.3213942942361176e-07,1.0,1.0,31.09495506623864
14340,1.1848122620733739e-07,4.3901378890915e-07,1.0,1.0,31.09825305004201
14350,1.2041014486823542e-07,4.357033579271105e-07,1.0,1.0,31.094727194485987
14360,1.0881732095917168e-07,4.0327772408084373e-07,1.0,1.0,31.097073258033213
14370,1.0172211203190784e-07,4.1411139740068505e-07,1.0,1.0,31.095625630905523
14380,1.1777836081373487e-07,4.4627148804927983e-07,1.0,1.0,31.093038561589744
14390,1.114831944923755e-07,4.26864579749489e-07,1.0,1.0,31.09551327464508
14400,1.04576952921989e-07,4.010267706649461e-07,1.0,1.0,31.09651124479024
14410,1.2407863388900118e-07,4.82998310842521e-07,1.0,1.0,31.091376497977137
14420,9.647171644823507e-08,4.2512533655774257e-07,1.0,1.0,31.090428445136475
14430,1.0974679169892131e-07,4.7118555256370735e-07,1.0,1.0,31.092529461017282
14440,1.1428271727489636e-07,4.254864531434187e-07,1.0,1.0,31.09511275697586
14450,1.1353469864322007e-07,3.906347049024006e-07,1.0,1.0,31.095773882291358
14460,1.0403531533613539e-07,4.505225438830951e-07,1.0,1.0,31.096151905779642
14470,1.1882999392529888e-07,3.775489208895338e-07,1.0,1.0,31.09379475068971
14480,1.1750436796130433e-07,4.2472856769096396e-07,1.0,1.0,31.094056712396252
14490,1.0288473767918929e-07,5.01153870249367e-07,1.0,1.0,31.092493909704302
14500,1.1610413532443427e-07,4.1449436226465883e-07,1.0,1.0,31.09042338560439
14510,1.131585391627328e-07,4.531418190630381e-07,1.0,1.0,31.091626300578508
14520,1.1330389490504439e-07,4.4216536442331955e-07,1.0,1.0,31.092834054800438
14530,1.0494591158074237e-07,5.057151530454059e-07,1.0,1.0,31.091476810641833
14540,1.0098847134232035e-07,3.8942869155904786e-07,1.0,1.0,31.09404779483056
14550,1.0961646627021928e-07,4.1838236758101614e-07,1.0,1.0,31.096005208753365
14560,1.1214552105718878e-07,4.1120776315978215e-07,1.0,1.0,31.092372610659535
14570,1.1165316932514932e-07,4.908203390045021e-07,1.0,1.0,31.091073521886482
14580,1.091128984506975e-07,4.27751348560468e-07,1.0,1.0,31.091391937385417
14590,1.1105395109670524e-07,4.4126553681680995e-07,1.0,1.0,31.091259101147124
14600,1.0607689283252995e-07,4.909949029008961e-07,1.0,1.0,31.091994440873204
14610,1.207695101976862e-07,3.967575635483923e-07,1.0,1.0,31.092557702846342
14620,1.1091970122391614e-07,4.3068028517366337e-07,1.0,1.0,31.090047265997
14630,1.0123399527325362e-07,4.3549973948283277e-07,1.0,1.0,31.09049056893784
14640,1.0272409456647088e-07,4.048394177785837e-07,1.0,1.0,31.09065583732701
14650,1.305655943638514e-07,4.241734316611699e-07,1.0,1.0,31.090570645812594
14660,1.0833166028129967e-07,4.1972220669208866e-07,1.0,1.0,31.091097647461496
14670,9.961492322634848e-08,4.5376949952496916e-07,1.0,1.0,31.09048055946355
14680,1.322309957495159e-07,4.784167831772554e-07,1.0,1.0,31.08815410584774
14690,1.2266198875339962e-07,3.9863628298262343e-07,1.0,1.0,31.093245364854646
14700,1.1084380121572284e-07,3.8129914610253903e-07,1.0,1.0,31.094254166474943
14710,1.1112210696458092e-07,4.2341569547466696e-07,1.0,1.0,31.090647856651756
14720,1.0648837546477954e-07,4.5499176412464325e-07,1.0,1.0,31.087772255501953
14730,1.0231967975535025e-07,4.360737005120349e-07,1.0,1.0,31.08690323902802
14740,1.0392080956077208e-07,4.169445420677916e-07,1.0,1.0,31.085582665198217
14750,1.1423321796519298e-07,4.800244764342186e-07,1.0,1.0,31.08804972619087
14760,1.0995686890592672e-07,4.1284251933624515e-07,1.0,1.0,31.089661861573237
14770,1.2009446743997593e-07,3.8519376423756523e-07,1.0,1.0,31.090982715343127
14780,1.0840160435881742e-07,4.553822707452514e-07,1.0,1.0,31.08862589216415
14790,1.0768384208585087e-07,4.4291351985405495e-07,1.0,1.0,31.088567672048434
14800,1.1192717775798801e-07,4.1322140051618287e-07,1.0,1.0,31.082612615571932
14810,1.0982003724721521e-07,5.097514555707813e-07,1.0,1.0,31.086925698493594
14820,1.0278350200508811e-07,3.869878349467098e-07,1.0,1.0,31.0892429818317
14830,1.1222876335982116e-07,4.2110478674379496e-07,1.0,1.0,31.087577202127314
14840,1.0098778023766957e-07,4.274018850834559e-07,1.0,1.0,31.09072679802289
14850,1.0691436908065808e-07,4.5790574693809304e-07,1.0,1.0,31.09061087422882
14860,1.1350653267013559e-07,4.172522585054212e-07,1.0,1.0,31.086459527076904
14870,1.1265741075487824e-07,4.251699213108406e-07,1.0,1.0,31.088056864093144
14880,1.0517016018993703e-07,4.649894742809426e-07,1.0,1.0,31.0881077391538
14890,1.2105674048451167e-07,5.081240932140458e-07,1.0,1.0,31.086327519861456
14900,1.0598428593840317e-07,4.3751548373170215e-07,1.0,1.0,31.087365684657158
14910,9.368183687528555e-08,4.356137406504944e-07,1.0,1.0,31.086573631148617
14920,1.2690501670358153e-07,4.390353930367644e-07,1.0,1.0,31.084454663283662
14930,1.2313810649073295e-07,3.973540906538506e-07,1.0,1.0,31.088037053969888
14940,1.0597746811165662e-07,4.27890315657308e-07,1.0,1.0,31.089480428859048
14950,1.206322527615443e-07,4.645447625646504e-07,1.0,1.0,31.086568606405415
14960,1.0687709638254832e-07,4.051828684444332e-07,1.0,1.0,31.088421632298967
14970,1.0960909106856493e-07,4.631752216691777e-07,1.0,1.0,31.08978258656405
14980,1.1055993932990922e-07,4.2369581183412286e-07,1.0,1.0,31.08450209101003
14990,1.0022075273622835e-07,4.623884537756779e-07,1.0,1.0,31.085926516502834
15000,1.0098530569557237e-07,4.842568397090766e-07,1.0,1.0,31.084617356980655
15010,1.2960113343787488e-07,4.742566018637384e-07,1.0,1.0,31.08057750026156
15020,1.0996817295605486e-07,4.235214285319245e-07,1.0,1.0,31.084981149562644
15030,9.949199080152373e-08,4.0583391089557585e-07,1.0,1.0,31.08782451930466
15040,1.0739906835803829e-07,4.276119532824539e-07,1.0,1.0,31.083966358146053
15050,1.0501737787004752e-07,4.432038093300953e-07,1.0,1.0,31.08643049806513
15060,9.913321873858013e-08,4.399365627150943e-07,1.0,1.0,31.08527973649791
15070,1.4079872166497532e-07,4.6146749066431086e-07,1.0,1.0,31.08037850301241
15080,1.0688131410199779e-07,4.3925319968030703e-07,1.0,1.0,31.085806273149846
15090,1.0664638801453888e-07,4.432209929080012e-07,1.0,1.0,31.08801836061586
15100,1.1794887331076881e-07,4.139935594970238e-07,1.0,1.0,31.086133281714122
15110,1.1509824884227208e-07,4.10163679603647e-07,1.0,1.0,31.08656751923202
15120,1.1039268930028714e-07,4.595020019352582e-07,1.0,1.0,31.084474453952346
15130,1.0894533294208054e-07,3.8923738078680116e-07,1.0,1.0,31.084771626362595
15140,1.153942904855286e-07,4.2661480081583146e-07,1.0,1.0,31.082472298862907
15150,1.0325460792642831e-07,4.272968752888265e-07,1.0,1.0,31.08393060748652
15160,1.1050945085658895e-07,3.950485063823593e-07,1.0,1.0,31.08568004381597
15170,1.0879891367825173e-07,4.426309306604572e-07,1.0,1.0,31.08316549386948
15180,1.1241179649259093e-07,4.639571536663381e-07,1.0,1.0,31.08274225115361
15190,1.1170750569392794e-07,3.912056130272306e-07,1.0,1.0,31.082992007875355
15200,1.0658121884234092e-07,4.142546065206052e-07,1.0,1.0,31.085372583132695
15210,1.108149162452534e-07,4.645120063735638e-07,1.0,1.0,31.086385717294508
15220,1.0535633953683369e-07,4.4054328269891107e-07,1.0,1.0,31.08425023438001
15230,1.1658111587189398e-07,3.9057746608923896e-07,1.0,1.0,31.085471897259787
15240,1.0456339894299249e-07,4.1855302777470387e-07,1.0,1.0,31.086442210412866
15250,1.1427446336833706e-07,4.871126908892248e-07,1.0,1.0,31.084637381483557
15260,1.2226312900193008e-07,4.290661575514668e-07,1.0,1.0,31.085225792529133
15270,1.0683920497118728e-07,4.3201291709763024e-07,1.0,1.0,31.084117684567424
15280,1.0952300880610141e-07,4.793134873282209e-07,1.0,1.0,31.081772802110613
15290,1.2497000058090627e-07,4.861234486885807e-07,1.0,1.0,31.082600590083096
15300,1.0190089811063527e-07,4.211432066686788e-07,1.0,1.0,31.084638407212786
15310,1.1456498649230482e-07,4.140332342431902e-07,1.0,1.0,31.08059790185412
15320,9.702731165959925e-08,4.016606821037722e-07,1.0,1.0,31.084254407880028
15330,1.1120979460146439e-07,4.099377402216913e-07,1.0,1.0,31.08425027566514
15340,1.2964446160009097e-07,4.0614421844764316e-07,1.0,1.0,31.080876578557202
15350,9.60077483719554e-08,4.541374198533357e-07,1.0,1.0,31.079759479956355
15360,1.1465509282452242e-07,4.517105569461523e-07,1.0,1.0,31.0787545961191
15370,1.1244249129156445e-07,4.240654869725681e-07,1.0,1.0,31.079067446649088
15380,9.818026103256887e-08,4.431401867795107e-07,1.0,1.0,31.080088473974065
15390,1.0738195770637682e-07,4.0782991189687794e-07,1.0,1.0,31.080145735791863
15400,1.1538713864305694e-07,4.2108510336810844e-07,1.0,1.0,31.081568494671988
15410,1.2170219757057096e-07,4.3557236358444423e-07,1.0,1.0,31.08134854251353
15420,9.633785394703696e-08,4.260780982343727e-07,1.0,1.0,31.08112918660211
15430,1.2273749626682279e-07,3.9938017881060167e-07,1.0,1.0,31.07870192411632
15440,1.1223322484134623e-07,3.926036464585878e-07,1.0,1.0,31.07815228175923
15450,1.145225207381333e-07,4.6086919614190673e-07,1.0,1.0,31.07989342054268
15460,1.1447279971574761e-07,4.83387102107669e-07,1.0,1.0,31.07881697698507
15470,1.1368666158844249e-07,4.418467036627501e-07,1.0,1.0,31.08197123116207
15480,1.088895312648305e-07,4.1130551061761425e-07,1.0,1.0,31.081335050858087
15490,1.0619628334012772e-07,4.588414876930175e-07,1.0,1.0,31.079548911251784
15500,9.768007138862904e-08,4.4979766765461996e-07,1.0,1.0,31.080841590294256
15510,1.1033524382639483e-07,4.3224061402718845e-07,1.0,1.0,31.078553943148073
15520,1.189825167950837e-07,4.122642387988433e-07,1.0,1.0,31.081853148363585
15530,1.1029220730512542e-07,4.5021275335939527e-07,1.0,1.0,31.079506320425576
15540,1.085561967171837e-07,3.9824076730965484e-07,1.0,1.0,31.078175969329305
15550,9.715918250575526e-08,4.52978105619376e-07,1.0,1.0,31.07518286905114
15560,1.0067700849501652e-07,4.190503673056248e-07,1.0,1.0,31.079378976573498
15570,1.1228550104098814e-07,4.2917889144436427e-07,1.0,1.0,31.080647892721828
15580,1.072962346157436e-07,4.830884171616631e-07,1.0,1.0,31.083737675851676
15590,1.0328723208255599e-07,4.0719938811070164e-07,1.0,1.0,31.077694535550016
15600,1.0948477435068234e-07,4.1555598913392534e-07,1.0,1.0,31.07566575373935
15610,1.2605947975151534e-07,4.3914576545215106e-07,1.0,1.0,31.076091648569715
15620,1.2064980268497684e-07,4.3079610570658517e-07,1.0,1.0,31.0813571815451
15630,9.019707065329442e-08,3.9391125301375926e-07,1.0,1.0,31.08066453647053
15640,1.1599754341889549e-07,4.57912335171888e-07,1.0,1.0,31.07811762228323
15650,1.0863363260390222e-07,4.760658273563439e-07,1.0,1.0,31.077786958659267
15660,1.112580278026621e-07,3.9454968790294784e-07,1.0,1.0,31.07744005520591
15670,1.1897029046592338e-07,4.170255079964548e-07,1.0,1.0,31.077093493882412
15680,1.041985103648075e-07,4.4549975146357373e-07,1.0,1.0,31.07622290310343
15690,1.0270401760308301e-07,4.5093059986873947e-07,1.0,1.0,31.07982405703333
15700,1.1368276457820779e-07,4.1341852715817796e-07,1.0,1.0,31.077938646571535
15710,9.970735767915269e-08,4.467884525727156e-07,1.0,1.0,31.078367038476213
15720,1.0976090276465354e-07,4.1733072954915575e-07,1.0,1.0,31.080276933249788
15730,1.208392522605619e-07,4.4137756192169487e-07,1.0,1.0,31.079555618552376
15740,1.199757051269246e-07,4.039668664664923e-07,1.0,1.0,31.0772266992072
15750,1.0686575604581593e-07,4.324258763098838e-07,1.0,1.0,31.075878131300385
15760,1.3569634648980407e-07,4.206147388282269e-07,1.0,1.0,31.072613189036247
15770,1.0671110331331414e-07,4.8042845771416e-07,1.0,1.0,31.07561102099543
15780,1.072458641304344e-07,3.897813827116882e-07,1.0,1.0,31.078008297295124
15790,1.0885625056584151e-07,4.489510752268837e-07,1.0,1.0,31.076260675040977
15800,1.0342532480652929e-07,4.356479105296139e-07,1.0,1.0,31.076788647415718
15810,1.0531397657477662e-07,4.359010307962759e-07,1.0,1.0,31.078490980246
15820,1.1591031760422903e-07,3.9039503874867337e-07,1.0,1.0,31.074240466135024
15830,1.0473269717904612e-07,4.853821183912571e-07,1.0,1.0,31.079040034496767
15840,1.0080690505769934e-07,3.6675445138916275e-07,1.0,1.0,31.07959033869481
15850,1.163601886819342e-07,4.3043370601472616e-07,1.0,1.0,31.07555695556352
15860,1.0627412458544497e-07,4.4119867702318003e-07,1.0,1.0,31.07553853041971
15870,1.0844957801256266e-07,4.041862533520199e-07,1.0,1.0,31.076243731389603
15880,1.0446277698618967e-07,4.029251837552836e-07,1.0,1.0,31.075662900909492
15890,1.1160957944855096e-07,4.375648290208082e-07,1.0,1.0,31.075950570608878
15900,1.0862741432126765e-07,4.318299030112457e-07,1.0,1.0,31.07652337947935
15910,1.0013862298537963e-07,4.3098621926361165e-07,1.0,1.0,31.07518748083337
15920,1.0818056133356532e-07,4.360539050926826e-07,1.0,1.0,31.075980229968554
15930,1.0205472534810564e-07,4.4121693757013775e-07,1.0,1.0,31.076927976435034
15940,1.2155971927432708e-07,4.426894251899723e-07,1.0,1.0,31.073496088123775
15950,1.09894514508435e-07,3.8071162447457677e-07,1.0,1.0,31.075976301412343
15960,1.0600133333441505e-07,4.6245752989401533e-07,1.0,1.0,31.077882760213743
15970,1.1753172476238454e-07,4.129311278097435e-07,1.0,1.0,31.075332012688502
15980,9.835331152232261e-08,4.158482233895495e-07,1.0,1.0,31.07702042157903
15990,9.980636680687758e-08,4.279129994783767e-07,1.0,1.0,31.07530396772935
16000,1.0863252051292399e-07,4.597767572656965e-07,1.0,1.0,31.072015825775843
16010,1.155187741047926e-07,3.932203234762001e-07,1.0,1.0,31.07338886975117
16020,1.1128683550357582e-07,4.7013424244797733e-07,1.0,1.0,31.0753743405545
16030,1.141529760567252e-07,4.795404915144142e-07,1.0,1.0,31.07400906733327
16040,1.189342406212819e-07,4.069035540923286e-07,1.0,1.0,31.07633208608353
16050,1.1614754946994122e-07,3.908043203710505e-07,1.0,1.0,31.075215318568336
16060,1.2266255707297438e-07,4.5091036058464765e-07,1.0,1.0,31.072014352417302
16070,1.0989956987153238e-07,4.280951169081258e-07,1.0,1.0,31.073355889603096
16080,1.0742703482338232e-07,4.0089206308012583e-07,1.0,1.0,31.077390631347143
16090,1.0934415941683247e-07,3.7510445920220703e-07,1.0,1.0,31.074948250105468
16100,9.913151844452682e-08,4.780454146552465e-07,1.0,1.0,31.0723050996369
16110,1.1586619722261253e-07,3.9271800630614063e-07,1.0,1.0,31.07086037539639
16120,1.1511016945202789e-07,4.0761914850386086e-07,1.0,1.0,31.07239085463446
16130,1.1149804656793262e-07,4.430021850565465e-07,1.0,1.0,31.071633654387465
16140,1.0595674313163578e-07,4.1415749103418223e-07,1.0,1.0,31.072312502400134
16150,1.2729083612695318e-07,4.3602325651430476e-07,1.0,1.0,31.068635690461107
16160,1.1293215577443174e-07,4.163677855884418e-07,1.0,1.0,31.07186904429577
16170,1.0582275455489928e-07,4.600161013724302e-07,1.0,1.0,31.072607318795434
16180,1.1574147219806702e-07,4.4583636279558164e-07,1.0,1.0,31.072769134793887
16190,1.0628768186412897e-07,3.9495033786589693e-07,1.0,1.0,31.072465670914823
16200,1.1438303034127494e-07,3.947902704048931e-07,1.0,1.0,31.074223382461827
16210,1.1197786478999945e-07,4.341337944596833e-07,1.0,1.0,31.06986730942751
16220,1.0284229252800831e-07,4.1308432708792897e-07,1.0,1.0,31.07218159003981
16230,1.1556365990745563e-07,4.3480950026259234e-07,1.0,1.0,31.073732285719743
16240,1.1143722318823752e-07,4.2514875416466945e-07,1.0,1.0,31.0740746660134
16250,1.0921883118283192e-07,4.771455185191193e-07,1.0,1.0,31.072263056145598
16260,9.969496074643084e-08,4.0645221730842104e-07,1.0,1.0,31.072169058427193
16270,1.1437031938802205e-07,3.854994407996186e-07,1.0,1.0,31.06844265140156
16280,1.1020371446588541e-07,4.412963915161835e-07,1.0,1.0,31.07077536088888
16290,1.0253064012715457e-07,4.0365878596938706e-07,1.0,1.0,31.071659356578
16300,1.2352287283192873e-07,4.177809523501507e-07,1.0,1.0,31.066769973604654
16310,1.125432248332328e-07,4.3942660800300844e-07,1.0,1.0,31.069165091966827
16320,1.0311968407569004e-07,4.099548846569256e-07,1.0,1.0,31.07253799493278
16330,1.1816434368015181e-07,4.562452616593358e-07,1.0,1.0,31.070116683549887
16340,1.114630082306788e-07,3.8560968484556836e-07,1.0,1.0,31.07091090736773
16350,1.1153803753409908e-07,4.2899461746917356e-07,1.0,1.0,31.070084439506992
16360,1.1560606025764244e-07,4.455883850830432e-07,1.0,1.0,31.07078154076232
16370,1.1838419062315859e-07,4.506560779539921e-07,1.0,1.0,31.06808126304105
16380,9.335529883461473e-08,4.035214949456209e-07,1.0,1.0,31.071635195617066
16390,1.1946456210514468e-07,4.442656967127478e-07,1.0,1.0,31.07008592906317
16400,1.0861302555213736e-07,4.131944679831622e-07,1.0,1.0,31.0727222453333
16410,1.0242318146638903e-07,4.031092317094117e-07,1.0,1.0,31.07124698091499
16420,9.764291413360842e-08,4.097039256608527e-07,1.0,1.0,31.06787713858231
16430,1.0156446267505407e-07,4.4173566935997e-07,1.0,1.0,31.069192310245892
16440,1.057898891364665e-07,4.441925297586325e-07,1.0,1.0,31.0695426733764
16450,1.223946962856754e-07,4.042791478375105e-07,1.0,1.0,31.068895571464644
16460,1.0676043409893285e-07,4.6151970351765715e-07,1.0,1.0,31.07030875654341
16470,1.0554365794282562e-07,3.876518687923523e-07,1.0,1.0,31.072227424327526
16480,9.861388952257244e-08,4.046462209713499e-07,1.0,1.0,31.06885207868387
16490,1.2786084182079381e-07,4.6394363731802013e-07,1.0,1.0,31.068012271701757
16500,9.681526755397428e-08,4.2881041453424036e-07,1.0,1.0,31.070163032191108
16510,1.1726534767244215e-07,4.5428483987432995e-07,1.0,1.0,31.06741547310717
16520,1.0881498462637841e-07,4.02381954789344e-07,1.0,1.0,31.070910702302026
16530,1.0965586829266166e-07,4.260317908974634e-07,1.0,1.0,31.069656643690365
16540,1.1059101800985463e-07,3.9790752522299907e-07,1.0,1.0,31.06803660429314
16550,1.2704520722042618e-07,4.4633968662567257e-07,1.0,1.0,31.065428472701242
16560,1.0318245277472578e-07,3.958578404013447e-07,1.0,1.0,31.068648813756983
16570,1.2048477338842541e-07,4.3036862425325014e-07,1.0,1.0,31.06692734470463
16580,1.0407090847294504e-07,4.1076628224116116e-07,1.0,1.0,31.06869762916609
16590,1.0732991565485494e-07,4.112071086955937e-07,1.0,1.0,31.068537664761756
16600,1.1319534336426507e-07,4.346525203558991e-07,1.0,1.0,31.066456524967535
16610,1.0311797095985486e-07,4.3316673120616274e-07,1.0,1.0,31.06660413063347
16620,1.1361427031771011e-07,4.1500561613698846e-07,1.0,1.0,31.0665710056372
16630,1.2223692848330674e-07,3.847837482570327e-07,1.0,1.0,31.06752980116637
16640,1.1119903099163766e-07,4.567194832761289e-07,1.0,1.0,31.06743113833039
16650,1.0664315137913072e-07,4.402690221489078e-07,1.0,1.0,31.06824056954278
16660,1.1524084040164943e-07,3.8884102441871474e-07,1.0,1.0,31.071928876700877
16670,1.0860519708580896e-07,4.132428044695541e-07,1.0,1.0,31.070885003935434
16680,1.1435633977741211e-07,4.372264809578347e-07,1.0,1.0,31.069268448166646
16690,1.0686523774448215e-07,3.940700282584997e-07,1.0,1.0,31.065801093104476
16700,1.0566462282905911e-07,4.276140263599193e-07,1.0,1.0,31.06541099706182
16710,1.0553325716164549e-07,4.494932849184325e-07,1.0,1.0,31.066609279948878
16720,1.20768945888118e-07,4.962592253169083e-07,1.0,1.0,31.06464586620466
16730,1.078784200819599e-07,4.2931568220464685e-07,1.0,1.0,31.06754617215469
16740,1.0622746902215613e-07,4.1890488562850915e-07,1.0,1.0,31.06668500382273
16750,1.1562271132558385e-07,4.032359768896842e-07,1.0,1.0,31.068113077464428
16760,9.936474664901842e-08,4.142302543759151e-07,1.0,1.0,31.066717911398587
16770,1.1129395846104329e-07,4.807570880288559e-07,1.0,1.0,31.06688228383778
16780,1.267629085929029e-07,4.104706540460568e-07,1.0,1.0,31.064073530247114
16790,1.0575821275809986e-07,4.5599785517126753e-07,1.0,1.0,31.068702018913353
16800,1.0690606603464884e-07,3.789778058194277e-07,1.0,1.0,31.068460123531583
16810,1.143363502194778e-07,4.423241510950812e-07,1.0,1.0,31.0649395910505
16820,1.160155444277461e-07,3.913311364141648e-07,1.0,1.0,31.065071581628445
16830,1.0528655199993554e-07,4.5566535058154235e-07,1.0,1.0,31.064379710563898
16840,1.1770784976985046e-07,4.0106017442272266e-07,1.0,1.0,31.0637230951426
16850,1.1444112267132968e-07,4.2488137093917136e-07,1.0,1.0,31.06626803241632
16860,9.78812000392752e-08,3.9457573714049103e-07,1.0,1.0,31.067573270919528
16870,1.1237008531994055e-07,3.915153880755578e-07,1.0,1.0,31.06270424262581
16880,1.0726821185736785e-07,4.2531428916544696e-07,1.0,1.0,31.067184284966338
16890,1.0765840964863708e-07,3.990829647865715e-07,1.0,1.0,31.067249804552837
16900,1.1112837989780625e-07,4.351658948648258e-07,1.0,1.0,31.064611498869006
16910,1.1524795027935942e-07,3.7544824977861285e-07,1.0,1.0,31.06328145004879
16920,1.077991187801507e-07,4.18585018032906e-07,1.0,1.0,31.064507854936963
16930,1.1230355223192801e-07,4.276911804906778e-07,1.0,1.0,31.065403794963622
16940,1.1444749464815076e-07,3.8669596379839707e-07,1.0,1.0,31.063437678428667
16950,1.1836444003475406e-07,4.57559565123289e-07,1.0,1.0,31.065781917042298
16960,1.1303571471541812e-07,4.2726207648789234e-07,1.0,1.0,31.065437091874635
16970,1.01115894603223e-07,3.9166668165378306e-07,1.0,1.0,31.064055052321855
16980,1.0094213829176286e-07,4.112918609272874e-07,1.0,1.0,31.064323642559582
16990,1.2058749214502962e-07,4.2143733426824905e-07,1.0,1.0,31.062438104574703
17000,1.1361262137184492e-07,3.8103871933060595e-07,1.0,1.0,31.06119638240836
17010,1.1147205575268999e-07,3.97277724970006e-07,1.0,1.0,31.061330742345916
17020,1.1400098450597688e-07,4.2131349340233146e-07,1.0,1.0,31.062881068084128
17030,1.088045534675485e-07,3.653576660494699e-07,1.0,1.0,31.064925957371976
17040,1.0915649847551149e-07,4.217787603979406e-07,1.0,1.0,31.065221186060406
17050,1.0542580192283264e-07,4.1458939891256105e-07,1.0,1.0,31.062795729673834
17060,1.1566812184133962e-07,4.4902285278444267e-07,1.0,1.0,31.06294323891099
17070,1.0281318624003087e-07,3.8540447577875566e-07,1.0,1.0,31.064806387479646
17080,1.1719006468596368e-07,4.203459218641652e-07,1.0,1.0,31.0640493039785
17090,1.0669871112203505e-07,4.089585555024093e-07,1.0,1.0,31.064001130456184
17100,1.0444850128960311e-07,4.318250471831846e-07,1.0,1.0,31.06447491177785
17110,1.176323520756248e-07,3.9486473717750026e-07,1.0,1.0,31.06035206346411
17120,1.1260591179692035e-07,4.2070458958532764e-07,1.0,1.0,31.062258887505777
17130,1.059210474884418e-07,3.95760381362437e-07,1.0,1.0,31.06310924216916
17140,1.1626944049758174e-07,4.880022957593036e-07,1.0,1.0,31.05783378828433
17150,1.3256699128401027e-07,3.747708828416012e-07,1.0,1.0,31.061022790729286
17160,1.0325466921270168e-07,4.157455938791535e-07,1.0,1.0,31.066634149739162
17170,1.1202483316507906e-07,3.993196743720162e-07,1.0,1.0,31.066818357888007
17180,1.1080598404776304e-07,4.4214889450920136e-07,1.0,1.0,31.062695673193826
17190,1.1355514803616265e-07,4.0032390106837217e-07,1.0,1.0,31.061819560771283
17200,1.1374222519062675e-07,4.368569456100989e-07,1.0,1.0,31.058999561934243
17210,1.1025241333620717e-07,3.928554638264397e-07,1.0,1.0,31.06079592529097
17220,9.728054341906069e-08,4.1485230528425397e-07,1.0,1.0,31.06121353516887
17230,1.1395809520003884e-07,4.085797642439794e-07,1.0,1.0,31.06235645229599
17240,1.0153873913956318e-07,4.2142644058887714e-07,1.0,1.0,31.0640667278825
17250,1.0571958971075593e-07,4.104284940996999e-07,1.0,1.0,31.06332051986612
17260,9.95793335420583e-08,4.3012013437792074e-07,1.0,1.0,31.06181525350005
17270,1.0310838747016491e-07,3.9708259820307886e-07,1.0,1.0,31.06204508742715
17280,1.0442019279292563e-07,3.943573139804941e-07,1.0,1.0,31.062465546449186
17290,1.203829383950469e-07,4.3365971137272535e-07,1.0,1.0,31.058328406032327
17300,1.1748873434345222e-07,4.143717421473609e-07,1.0,1.0,31.056334774769713
17310,1.0999529575241344e-07,4.1705292342352993e-07,1.0,1.0,31.060204512428186
17320,1.1320328375350991e-07,4.0325154685325177e-07,1.0,1.0,31.061277851787214
17330,1.0518350062206416e-07,4.060181677928124e-07,1.0,1.0,31.064317072956765
17340,1.1588061807541032e-07,4.002336862111228e-07,1.0,1.0,31.06179362092393
17350,1.1864719470774851e-07,4.775560308563585e-07,1.0,1.0,31.05980078077637
17360,1.0724229162012244e-07,4.1436912487458753e-07,1.0,1.0,31.05731034759687
17370,1.1338133953696099e-07,4.2311756044832023e-07,1.0,1.0,31.06111279375685
17380,1.1210032471421277e-07,4.197225723167289e-07,1.0,1.0,31.064150231862946
17390,1.1781097356134895e-07,4.271808942086803e-07,1.0,1.0,31.066859683562374
17400,1.144534264319043e-07,3.8126166991479604e-07,1.0,1.0,31.06522817473764
17410,1.2166741711884945e-07,4.299124462320084e-07,1.0,1.0,31.059296713971175
17420,1.0756805974736213e-07,4.2682347304521044e-07,1.0,1.0,31.060635340112185
17430,9.428694050865006e-08,4.068775916174124e-07,1.0,1.0,31.06111507607182
17440,1.0002558310309482e-07,4.0404581869768467e-07,1.0,1.0,31.061950385595942
17450,1.0950744465877105e-07,4.019987600992075e-07,1.0,1.0,31.06122170254057
17460,1.1168078170320656e-07,4.277828574578846e-07,1.0,1.0,31.059313581387865
17470,1.1733274831754481e-07,4.0790236777800204e-07,1.0,1.0,31.05660350512224
17480,1.0707666322565027e-07,4.1150220332814215e-07,1.0,1.0,31.057231561757227
17490,1.1665279571699668e-07,4.0875065307157983e-07,1.0,1.0,31.059820479088458
17500,1.1458391105357523e-07,4.0363002485818133e-07,1.0,1.0,31.060437227050794
17510,1.0100115129794871e-07,3.7361654400728664e-07,1.0,1.0,31.061619404832346
17520,1.1094604360059255e-07,4.16137308354191e-07,1.0,1.0,31.06114620729299
17530,1.0272203940587817e-07,3.948516128746507e-07,1.0,1.0,31.063668378967268
17540,1.0524919975217486e-07,3.9661318075700483e-07,1.0,1.0,31.06453938574548
17550,1.0656743325285117e-07,4.12357615045965e-07,1.0,1.0,31.06126689606443
17560,1.3728367516584485e-07,4.0910306935168177e-07,1.0,1.0,31.054110946171882
17570,1.0207033967710184e-07,4.387476394203052e-07,1.0,1.0,31.059366656677025
17580,1.1597306474025352e-07,3.836220817325081e-07,1.0,1.0,31.059720045888035
17590,1.2311880616393803e-07,4.112255065400061e-07,1.0,1.0,31.057516853896868
17600,1.0570331800583056e-07,4.273653985813057e-07,1.0,1.0,31.057289395773633
17610,1.0596501713446236e-07,4.0083354641326295e-07,1.0,1.0,31.058674870711688
17620,1.177820589530135e-07,3.92728969117443e-07,1.0,1.0,31.059444980774046
17630,1.2012531405354881e-07,4.4813177476559264e-07,1.0,1.0,31.059335083540287
17640,9.600205190494589e-08,4.195479627433371e-07,1.0,1.0,31.061562339215012
17650,1.0269706213129213e-07,3.9717221355806436e-07,1.0,1.0,31.06112127615985
17660,1.111490740173112e-07,4.4175423144264194e-07,1.0,1.0,31.059634066028256
17670,1.0061789721424959e-07,3.8068446983748737e-07,1.0,1.0,31.060385405784654
17680,1.2692976825875612e-07,3.9864257411079016e-07,1.0,1.0,31.059143368331714
17690,1.1826949331844875e-07,3.7147305120378367e-07,1.0,1.0,31.059732724847056
17700,1.0544598683942432e-07,4.552590413988139e-07,1.0,1.0,31.05869139322301
17710,1.2996670692814224e-07,3.9718865969506426e-07,1.0,1.0,31.058217469735457
17720,1.1254394158786702e-07,4.2123824737473635e-07,1.0,1.0,31.059748778164842
17730,1.0360158799186932e-07,3.878073688103561e-07,1.0,1.0,31.060802007653706
17740,1.1138973400993447e-07,3.735623917322377e-07,1.0,1.0,31.058488815647035
17750,1.132605954040692e-07,4.2127108539116736e-07,1.0,1.0,31.060657363386273
17760,1.0113743039009234e-07,4.2414890667512824e-07,1.0,1.0,31.060699720086085
17770,1.1318059053460839e-07,3.7592303590311997e-07,1.0,1.0,31.056712021385763
17780,1.1602529717522937e-07,3.9275334223412474e-07,1.0,1.0,31.054371960433503
17790,1.0846703681696093e-07,3.9444099657290946e-07,1.0,1.0,31.057064250194664
17800,1.1642080287710622e-07,4.3834865991690783e-07,1.0,1.0,31.056780171739035
17810,1.0842149719387446e-07,4.1463948467452727e-07,1.0,1.0,31.05662604512506
17820,1.0619350396309295e-07,3.607949665755561e-07,1.0,1.0,31.056318309669447
17830,1.1919582470286916e-07,4.2244203915705293e-07,1.0,1.0,31.0580247175052
17840,1.1754632169747e-07,3.71894386804375e-07,1.0,1.0,31.059759035658956
17850,9.873461722658068e-08,3.9796677169712643e-07,1.0,1.0,31.05942626268552
17860,1.1021831140535216e-07,3.902392204339667e-07,1.0,1.0,31.054250577817964
17870,9.909683707450255e-08,4.1860435042992264e-07,1.0,1.0,31.05393654605694
17880,1.0730305509073338e-07,3.973148445787331e-07,1.0,1.0,31.053308881694402
17890,1.1725989084421106e-07,4.086292468988443e-07,1.0,1.0,31.053371945044436
17900,1.1490547498655199e-07,4.0918602959141367e-07,1.0,1.0,31.056537637863084
17910,1.1022197866518267e-07,3.714999683315099e-07,1.0,1.0,31.058977095960838
17920,1.1139255413803574e-07,4.438735874958153e-07,1.0,1.0,31.058116629112465
17930,1.1004106564600276e-07,3.779577479808442e-07,1.0,1.0,31.05637590787303
17940,1.0288156193867519e-07,4.331126388261817e-07,1.0,1.0,31.056214631429594
17950,1.061307388948471e-07,4.08362248147828e-07,1.0,1.0,31.056565121801967
17960,9.176597997814096e-08,3.933591059747529e-07,1.0,1.0,31.055573332531075
17970,1.0363414472370419e-07,4.106911581483603e-07,1.0,1.0,31.05494161170564
17980,1.1860525124842679e-07,4.421020579395456e-07,1.0,1.0,31.05377809382769
17990,1.0614349079627972e-07,4.124136726007116e-07,1.0,1.0,31.058183045359417
18000,1.0181716340844747e-07,4.058814595832531e-07,1.0,1.0,31.057973380423718
18010,1.1294326471395645e-07,3.923771699722723e-07,1.0,1.0,31.052805153792615
18020,1.178255417006897e-07,4.2084972271397006e-07,1.0,1.0,31.056605629671964
18030,9.588799692966468e-08,4.3992747253997586e-07,1.0,1.0,31.05742440513846
18040,1.2769575476733876e-07,3.861448406151842e-07,1.0,1.0,31.056152676142382
18050,1.2057477109327365e-07,4.239831886400163e-07,1.0,1.0,31.05669308675328
18060,1.1838682877318432e-07,3.7848459463508e-07,1.0,1.0,31.056286507506396
18070,1.1498518476386569e-07,4.1694353372182e-07,1.0,1.0,31.055650005422716
18080,1.2012131363952585e-07,3.817215754061948e-07,1.0,1.0,31.053877264904916
18090,1.0747025917208989e-07,4.0445670165321525e-07,1.0,1.0,31.053892188249865
18100,1.2271798470471015e-07,3.8498994236955376e-07,1.0,1.0,31.053327814069267
18110,1.0142284941817784e-07,3.985881593578157e-07,1.0,1.0,31.054474602949128
18120,1.0997894180173619e-07,4.0981295938568055e-07,1.0,1.0,31.055616600693362
18130,1.1013965552869439e-07,3.968236563257171e-07,1.0,1.0,31.05731894824285
18140,1.1372855620966353e-07,4.142078685578748e-07,1.0,1.0,31.053551094350127
18150,1.0943437369105599e-07,3.8503267465702145e-07,1.0,1.0,31.053915519287887
18160,1.2930087249024879e-07,4.0940973791816557e-07,1.0,1.0,31.050430080493868
18170,1.1326246927754905e-07,3.997968289022412e-07,1.0,1.0,31.054710903034024
18180,1.0109720819782658e-07,3.6908655359109265e-07,1.0,1.0,31.05647557509073
18190,1.1798434726808484e-07,4.3667549166963467e-07,1.0,1.0,31.0546886835996
18200,1.0194543890876436e-07,3.8387408184860725e-07,1.0,1.0,31.056918985850757
18210,1.0909568566460322e-07,4.079144060760974e-07,1.0,1.0,31.055726597730366
18220,1.1519670458237846e-07,3.638230740349123e-07,1.0,1.0,31.05434855860514
18230,1.0383564098878309e-07,4.038485635870436e-07,1.0,1.0,31.05263656594058
18240,1.1586195665520153e-07,4.295336137542201e-07,1.0,1.0,31.05365031324153
18250,1.1210954036797289e-07,3.521456404220755e-07,1.0,1.0,31.051670157550696
18260,1.223843761610118e-07,4.020139668828311e-07,1.0,1.0,31.05148814027762
18270,1.1349552418113791e-07,3.738796680055199e-07,1.0,1.0,31.052148273225313
18280,1.1553278640326522e-07,4.461506244907942e-07,1.0,1.0,31.052778929889975
18290,1.0403652178533253e-07,3.648674683517381e-07,1.0,1.0,31.054932240399978
18300,1.1159272575317192e-07,4.247452192879936e-07,1.0,1.0,31.054572277736682
18310,1.3862405860805015e-07,3.911104663425603e-07,1.0,1.0,31.05107191005202
18320,1.077996940712256e-07,4.124436331546504e-07,1.0,1.0,31.053470986726285
18330,1.0166323174157175e-07,3.8388346233955156e-07,1.0,1.0,31.052514158553166
18340,1.1390254476078047e-07,4.135744322256941e-07,1.0,1.0,31.053070976225804
18350,1.1165802667526685e-07,3.3550040032137534e-07,1.0,1.0,31.051797706323796
18360,1.1086810361407132e-07,3.95854407683957e-07,1.0,1.0,31.05332053924841
18370,1.1262294643966854e-07,3.979194050715898e-07,1.0,1.0,31.0518834208066
18380,9.654166711126003e-08,4.454748503649435e-07,1.0,1.0,31.05222139135373
18390,1.0341641614655449e-07,3.7098973692976473e-07,1.0,1.0,31.05113069904518
18400,1.2199584698749277e-07,3.7747385783641663e-07,1.0,1.0,31.04976754140725
18410,1.1216329274988831e-07,4.20867640089215e-07,1.0,1.0,31.054239421147724
18420,1.0350685689839391e-07,4.0311303260379304e-07,1.0,1.0,31.053213385527176
18430,1.1518136852279048e-07,4.1749257589788884e-07,1.0,1.0,31.0495436234531
18440,1.053106481641513e-07,3.7384983301144406e-07,1.0,1.0,31.050386377797366
18450,1.1080361164217057e-07,4.34977209541576e-07,1.0,1.0,31.053467745817244
18460,1.16902517348922e-07,3.7655279778188193e-07,1.0,1.0,31.052245316195027
18470,1.1151591533996583e-07,4.0313425175784414e-07,1.0,1.0,31.053634356850242
18480,1.0724826778021302e-07,3.931366172183383e-07,1.0,1.0,31.050822668680688
18490,1.1712482787006464e-07,3.786460547844244e-07,1.0,1.0,31.047731671429773
18500,1.0974254726975717e-07,4.2446591247688467e-07,1.0,1.0,31.051097390741102
18510,9.965723658126498e-08,4.1577379561465705e-07,1.0,1.0,31.054100289401706
18520,1.1483525536751122e-07,3.7679992294523336e-07,1.0,1.0,31.05412934660604
18530,1.0631681117244049e-07,4.2606334523456804e-07,1.0,1.0,31.052807359098466
18540,1.1323796457854312e-07,3.6111277979542297e-07,1.0,1.0,31.05327646525508
18550,1.1503099658481319e-07,3.9037838199124606e-07,1.0,1.0,31.051220132077027
18560,1.1666195408263498e-07,4.3830377010282775e-07,1.0,1.0,31.049380269699956
18570,1.097545550604207e-07,3.7842875418518233e-07,1.0,1.0,31.051643134469458
18580,1.1813485908724541e-07,3.7581401941803553e-07,1.0,1.0,31.04895560352279
18590,1.0367727635372946e-07,3.886217128942654e-07,1.0,1.0,31.05235044828236
18600,1.0604398600367456e-07,4.241874209775251e-07,1.0,1.0,31.050693013690665
18610,1.1867744940193013e-07,3.9251277462043153e-07,1.0,1.0,31.048203049588768
18620,1.0629284244487587e-07,4.035366049634093e-07,1.0,1.0,31.052394510277445
18630,9.980133128427053e-08,3.659322547452878e-07,1.0,1.0,31.05333293920427
18640,1.110500318932885e-07,4.1820304654565694e-07,1.0,1.0,31.04861718704467
18650,1.0763476096682865e-07,3.895562208629067e-07,1.0,1.0,31.04914610271415
18660,1.0437218556605682e-07,3.7066336250464897e-07,1.0,1.0,31.04990609188017
18670,9.87141918945842e-08,3.8025357440696945e-07,1.0,1.0,31.048783250627146
18680,1.0549606636568626e-07,4.198547054493724e-07,1.0,1.0,31.051796400670522
18690,1.1044443468677787e-07,3.7580922972300587e-07,1.0,1.0,31.05236800024241
18700,1.231997393154145e-07,4.0746294578864804e-07,1.0,1.0,31.048115640592552
18710,1.0734884371659438e-07,3.705546854344277e-07,1.0,1.0,31.047121310073067
18720,9.568997744804583e-08,4.1924049803430853e-07,1.0,1.0,31.047905969554765
18730,1.1120165453105446e-07,3.943223612242719e-07,1.0,1.0,31.048549831132046
18740,1.135342669313842e-07,3.955473026632671e-07,1.0,1.0,31.050679147691426
18750,1.0823614090495078e-07,3.799287737097047e-07,1.0,1.0,31.05177131898186
18760,1.0257761292699966e-07,3.686520104886966e-07,1.0,1.0,31.052322308205376
18770,1.1627046070308552e-07,3.8101600751720576e-07,1.0,1.0,31.04984523018682
18780,1.2222745285259573e-07,3.971690416614299e-07,1.0,1.0,31.04826931131359
18790,1.1664138950122215e-07,4.773596300004184e-07,1.0,1.0,31.049760073950115
18800,1.0710819235016836e-07,3.6844648778273495e-07,1.0,1.0,31.0496534415887
18810,1.1283500772542166e-07,3.6147475487386595e-07,1.0,1.0,31.04944546756385
18820,1.1478845709596816e-07,3.9127327290952454e-07,1.0,1.0,31.048622521388403
18830,1.201633095707095e-07,4.1509654477508905e-07,1.0,1.0,31.051691987606542
18840,9.32760994146674e-08,3.6350994371719345e-07,1.0,1.0,31.053883708288694
18850,1.1735452609025279e-07,3.702365896112459e-07,1.0,1.0,31.047113991544343
18860,1.1054389351798013e-07,3.657852092398546e-07,1.0,1.0,31.05028751608948
18870,1.1034675866732714e-07,4.196295552995432e-07,1.0,1.0,31.050010520365703
18880,1.1387936674831123e-07,3.956649013478738e-07,1.0,1.0,31.0492449766101
18890,8.886538713358178e-08,3.752450527498802e-07,1.0,1.0,31.047717875295625
18900,1.0923626125275092e-07,3.765105723744523e-07,1.0,1.0,31.047990051861063
18910,1.1845097143444023e-07,3.912785599836467e-07,1.0,1.0,31.04627588373629
18920,1.0963416914868506e-07,3.751971225121607e-07,1.0,1.0,31.05021099633217
18930,1.1485789989137138e-07,4.0232272700026826e-07,1.0,1.0,31.052269183628415
18940,1.1758704666371464e-07,3.850369483246748e-07,1.0,1.0,31.05115128532112
18950,9.862539975335084e-08,3.85855090926005e-07,1.0,1.0,31.053306436992038
18960,1.1067893655104875e-07,4.000713608180906e-07,1.0,1.0,31.052555426768823
18970,1.2578836170857977e-07,4.0143693486779274e-07,1.0,1.0,31.047228161069192
18980,1.1929923309554806e-07,3.7588376717096413e-07,1.0,1.0,31.045072865119025
18990,1.0547368107332817e-07,4.01832586778126e-07,1.0,1.0,31.047931642414163
19000,1.0443682316886793e-07,3.987933048835982e-07,1.0,1.0,31.045834066759923
19010,1.0130104262734932e-07,3.7659164316325934e-07,1.0,1.0,31.047168183055444
19020,1.0110008021209787e-07,3.9957252620538826e-07,1.0,1.0,31.04869990891352
19030,1.0858237171719981e-07,3.745917369153697e-07,1.0,1.0,31.048600132727323
19040,1.2019870055780185e-07,3.790640645438868e-07,1.0,1.0,31.04690662870308
19050,1.0598612019528444e-07,3.8482576815194033e-07,1.0,1.0,31.0478254797992
19060,1.0633198744891597e-07,3.6412361136439795e-07,1.0,1.0,31.048744760460234
19070,1.2743685029805712e-07,3.9570423031040504e-07,1.0,1.0,31.046890745383212
19080,9.851593418872538e-08,3.777522769192431e-07,1.0,1.0,31.047506138914905
19090,1.0760819673835981e-07,4.339758936231588e-07,1.0,1.0,31.046139023766063
19100,1.0697973045872366e-07,3.67216193642785e-07,1.0,1.0,31.04603237397812
19110,1.0026221152187678e-07,3.937253507236485e-07,1.0,1.0,31.04984765955972
19120,1.1498122646546176e-07,3.891551595444499e-07,1.0,1.0,31.048716323083614
19130,1.0599210324695816e-07,3.6931249985091985e-07,1.0,1.0,31.04567792834967
19140,1.1039248120198093e-07,4.113764961546794e-07,1.0,1.0,31.04556761874823
19150,1.1601586346807938e-07,3.773235531560651e-07,1.0,1.0,31.045562870517596
19160,1.0474478519327967e-07,3.741153959273323e-07,1.0,1.0,31.046531625776318
19170,1.0242884550354344e-07,4.2834599175981276e-07,1.0,1.0,31.046276827035225
19180,1.1032290552527197e-07,3.697579213691044e-07,1.0,1.0,31.046736925574823
19190,1.074926873913019e-07,4.184570428256675e-07,1.0,1.0,31.046604280498137
19200,1.0884591765862498e-07,3.619328967750097e-07,1.0,1.0,31.046963856819538
19210,1.0804344336344168e-07,3.8241304048532453e-07,1.0,1.0,31.044965760665427
19220,1.0963425135647151e-07,4.0646464543296715e-07,1.0,1.0,31.044442789471038
19230,1.141129150184438e-07,3.989922494042641e-07,1.0,1.0,31.04806671942931
19240,1.3096054159843887e-07,3.585017564404618e-07,1.0,1.0,31.04795290134515
19250,1.0769886721950252e-07,4.074336699528919e-07,1.0,1.0,31.04666387261401
19260,1.0699074867866925e-07,3.8469041286677887e-07,1.0,1.0,31.04643988288653
19270,1.0882709144919825e-07,3.5776074091888514e-07,1.0,1.0,31.04787328805999
19280,1.0433551607199116e-07,3.9869647249109864e-07,1.0,1.0,31.047997490362377
19290,1.0143040507563434e-07,3.680394075766399e-07,1.0,1.0,31.04786186516033
19300,1.1575867740397821e-07,4.0269095502121197e-07,1.0,1.0,31.04525518959688
19310,1.1285380719836421e-07,4.042678025868373e-07,1.0,1.0,31.04529364838516
19320,1.1082227829360167e-07,3.557205011634325e-07,1.0,1.0,31.04442817588218
19330,1.2509883270869005e-07,3.8808618046858195e-07,1.0,1.0,31.042907263753584
19340,1.1544705445859641e-07,3.7711195908129476e-07,1.0,1.0,31.04158859558416
19350,1.0866024679138274e-07,4.173673865993029e-07,1.0,1.0,31.0423736830022
19360,1.0196319695604093e-07,3.563176552607496e-07,1.0,1.0,31.0452043762949
19370,1.0717782123351516e-07,4.1492720902966533e-07,1.0,1.0,31.04695181257424
19380,1.042117843162988e-07,3.873093303564118e-07,1.0,1.0,31.047866921972858
19390,1.1136600598730887e-07,3.920287936682078e-07,1.0,1.0,31.045618092491182
19400,1.2321423911458312e-07,3.7113328790350053e-07,1.0,1.0,31.044456283580466
19410,1.0701922181682219e-07,3.9475311702746985e-07,1.0,1.0,31.04456136710798
19420,1.1882258508381788e-07,3.959245404133582e-07,1.0,1.0,31.043726413493832
19430,1.0830561196380622e-07,3.9323637737603237e-07,1.0,1.0,31.04295990237062
19440,1.0609032521109017e-07,3.7646233806774245e-07,1.0,1.0,31.044561094942328
19450,1.091519176512056e-07,3.4254198946585866e-07,1.0,1.0,31.04333282568382
19460,1.210749388609825e-07,4.332369794322949e-07,1.0,1.0,31.041617441563314
19470,9.933271527981676e-08,3.79432933805396e-07,1.0,1.0,31.04616354436264
19480,1.1886775954046876e-07,4.098540042273127e-07,1.0,1.0,31.040149050057845
19490,1.1581954279285352e-07,3.8983339808999723e-07,1.0,1.0,31.042431041794682
19500,1.0022060561024644e-07,3.894051916363962e-07,1.0,1.0,31.043574689947587
19510,1.2209893266397404e-07,4.216734198423648e-07,1.0,1.0,31.041984283842474
19520,1.1036953439251634e-07,3.441589876358055e-07,1.0,1.0,31.045003335390803
19530,1.0845680546946426e-07,3.7198356974497136e-07,1.0,1.0,31.04573200816625
19540,1.1143573248287466e-07,3.920269966603042e-07,1.0,1.0,31.04171872603153
19550,1.1580885671967611e-07,4.049742898864588e-07,1.0,1.0,31.0429483024253
19560,1.0340425735353217e-07,3.9758936477102886e-07,1.0,1.0,31.04583604820295
19570,1.1112226419573798e-07,3.715968834725235e-07,1.0,1.0,31.046056960052756
19580,1.1222238368164108e-07,3.710960877102314e-07,1.0,1.0,31.042785165012468
19590,1.0090570880188256e-07,3.9504063711387294e-07,1.0,1.0,31.04407218929473
19600,1.1767790962785469e-07,3.761471173027923e-07,1.0,1.0,31.04272441351215
19610,1.1363344667839387e-07,3.936952523568901e-07,1.0,1.0,31.043926121295893
19620,1.0541343398271258e-07,4.1686426736068416e-07,1.0,1.0,31.045526105067783
19630,1.2466810090106815e-07,4.5846948660211447e-07,1.0,1.0,31.04394812990934
19640,1.06225803082802e-07,3.5348756343877506e-07,1.0,1.0,31.042627679151153
19650,1.0850784938759165e-07,3.8893942526524087e-07,1.0,1.0,31.04022052732314
19660,1.1032216627751646e-07,3.8899619089657574e-07,1.0,1.0,31.043290917813454
19670,1.155068955495623e-07,4.079085840650523e-07,1.0,1.0,31.0396523339432
19680,1.1822890989216855e-07,3.747341448203805e-07,1.0,1.0,31.04080860999171
19690,1.1874349126020736e-07,4.0408360604963227e-07,1.0,1.0,31.042937054287773
19700,1.1761916476116983e-07,3.6467059876243134e-07,1.0,1.0,31.047225590856605
19710,9.435135634082747e-08,4.144270984050126e-07,1.0,1.0,31.047768441121338
19720,1.1320981889812901e-07,3.724452977758509e-07,1.0,1.0,31.04101034323378
19730,1.0566080403297532e-07,3.743769748397963e-07,1.0,1.0,31.04201217590604
19740,1.1153646696453562e-07,4.075474518421633e-07,1.0,1.0,31.042275755047978
19750,1.1170196439684692e-07,3.6344403815870725e-07,1.0,1.0,31.041878956015633
19760,9.313286082802759e-08,3.9707495789117446e-07,1.0,1.0,31.044166403860732
19770,1.1180414367553006e-07,3.5473639473478346e-07,1.0,1.0,31.04383286186835
19780,1.1930449043537268e-07,3.925318116250335e-07,1.0,1.0,31.039897317362364
19790,1.1077200726558034e-07,3.977027510970373e-07,1.0,1.0,31.041359998061168
19800,9.505052169491006e-08,3.57349172859141e-07,1.0,1.0,31.041600022419523
19810,1.221232028322814e-07,3.7185716248420413e-07,1.0,1.0,31.035937751266157
19820,1.1162158439631163e-07,3.875397066892782e-07,1.0,1.0,31.039023399997415
19830,1.1512267954996803e-07,3.833081198904166e-07,1.0,1.0,31.042855001146144
19840,1.194779390465194e-07,3.9055901252099365e-07,1.0,1.0,31.04310775176628
19850,1.019221931294632e-07,3.550091051354057e-07,1.0,1.0,31.04226966000454
19860,9.990455013570416e-08,3.775015578702192e-07,1.0,1.0,31.04278228144528
19870,1.070498634296438e-07,3.672697768194051e-07,1.0,1.0,31.04207361459438
19880,1.088473462226989e-07,3.949664180973352e-07,1.0,1.0,31.04174181114665
19890,1.2516300094142105e-07,3.6940137249111967e-07,1.0,1.0,31.042046215349547
19900,1.1072890908724102e-07,3.7998535846455665e-07,1.0,1.0,31.0407592016695
19910,9.939983969141788e-08,3.6717466542664023e-07,1.0,1.0,31.039716281192987
19920,1.150619731802932e-07,4.0541211928259215e-07,1.0,1.0,31.038381949527466
19930,1.2062157619380112e-07,3.989691690374828e-07,1.0,1.0,31.038532810730157
19940,1.0436856401001192e-07,3.864164395247519e-07,1.0,1.0,31.039808788489072
19950,1.0512636456353776e-07,3.741655406773471e-07,1.0,1.0,31.039960225102877
19960,1.0942034609120312e-07,3.786083211515905e-07,1.0,1.0,31.038112580010353
19970,1.0195136397031263e-07,3.5005032882570726e-07,1.0,1.0,31.043796201907472
19980,9.463110333082474e-08,3.6638383905921483e-07,1.0,1.0,31.041678385308835
19990,1.0761149159726129e-07,4.104521284406576e-07,1.0,1.0,31.03870933893783
20000,1.0982197205241631e-07,3.603382212187902e-07,1.0,1.0,31.038726468616897
20010,9.845217396514738e-08,3.975494223581494e-07,1.0,1.0,31.038824758302148
20020,1.2153518717352497e-07,3.9398275269419275e-07,1.0,1.0,31.037907019214384
20030,1.0888266456105822e-07,3.598130139417347e-07,1.0,1.0,31.042731270531988
20040,1.0020166835249837e-07,3.621274654296159e-07,1.0,1.0,31.043205656362666
20050,1.0605671598494454e-07,3.67404999173117e-07,1.0,1.0,31.040923446323927
20060,1.1172539717637014e-07,4.036168052127165e-07,1.0,1.0,31.03871169935922
20070,1.1755454481810439e-07,3.839752798911385e-07,1.0,1.0,31.041276176587445
20080,1.0446678635381315e-07,3.6299423334492325e-07,1.0,1.0,31.03913047129282
20090,1.0462184635682384e-07,3.9723170296069365e-07,1.0,1.0,31.0400666101152
20100,9.399968985381591e-08,3.947483250438253e-07,1.0,1.0,31.03991381713039
20110,1.2007118708680132e-07,3.850328501242073e-07,1.0,1.0,31.040720147768425
20120,1.104319224156945e-07,3.780076171644494e-07,1.0,1.0,31.040495258742347
20130,1.1312330337690595e-07,4.136776301315225e-07,1.0,1.0,31.041053602798527
20140,1.1498743557825621e-07,3.4637780561779856e-07,1.0,1.0,31.0411183874357
20150,1.0046969599079883e-07,3.71369234899417e-07,1.0,1.0,31.040545540588504
20160,1.0081135440192755e-07,4.121337796984741e-07,1.0,1.0,31.040584251861944
20170,1.1796287356209196e-07,3.7280359776292403e-07,1.0,1.0,31.037228678842986
20180,1.0394732561046088e-07,3.8807886037353995e-07,1.0,1.0,31.038080899242594
20190,1.032289269969578e-07,3.903865617679024e-07,1.0,1.0,31.038315011778526
20200,1.0880928853743573e-07,4.046160990299627e-07,1.0,1.0,31.03587413944417
20210,1.244172925795047e-07,3.7101013854906064e-07,1.0,1.0,31.039787934272724
20220,1.1277203944115032e-07,3.456265624065633e-07,1.0,1.0,31.041153057061795
20230,1.196514555648276e-07,3.783344687358498e-07,1.0,1.0,31.040159347820328
20240,9.82619974630486e-08,4.263668801690519e-07,1.0,1.0,31.038908570567465
20250,1.0566968671894921e-07,3.575010878650777e-07,1.0,1.0,31.038526314179425
20260,1.1243383509940196e-07,4.035984952384685e-07,1.0,1.0,31.03901627574948
20270,1.1231633937197928e-07,3.6797721906226504e-07,1.0,1.0,31.039314677500883
20280,1.093585306206504e-07,3.5906388946065343e-07,1.0,1.0,31.038098737158133
20290,1.0925743966763167e-07,3.968687635889657e-07,1.0,1.0,31.03495429544795
20300,1.0933292595666926e-07,3.963644912225003e-07,1.0,1.0,31.036596765663585
20310,1.0877810050534502e-07,3.738538597941047e-07,1.0,1.0,31.038706349222192
20320,1.0877402881383139e-07,3.611858164871431e-07,1.0,1.0,31.035314942524987
20330,1.0662350436298282e-07,3.6546863444679376e-07,1.0,1.0,31.03638833037655
20340,1.102749161660176e-07,4.087240885915939e-07,1.0,1.0,31.038000865063754
20350,1.1839780027719311e-07,3.700994695263048e-07,1.0,1.0,31.038306401808924
20360,1.0465592763330415e-07,3.8624453247199585e-07,1.0,1.0,31.03794504986893
20370,1.0351891809982188e-07,3.5277865416201824e-07,1.0,1.0,31.03578118946281
20380,1.1698987045918205e-07,3.6889955298446896e-07,1.0,1.0,31.033522309430726
20390,1.0696370956467984e-07,3.8520945154226696e-07,1.0,1.0,31.03727511750415
20400,1.0583777113498168e-07,3.8584668511176655e-07,1.0,1.0,31.0383439412374
20410,1.117331865002246e-07,4.01359311117277e-07,1.0,1.0,31.035186465222612
20420,1.050565875607036e-07,3.89821535434969e-07,1.0,1.0,31.037481749804417
20430,1.0880524712136698e-07,3.618536762656063e-07,1.0,1.0,31.037804168226184
20440,1.2113525716938942e-07,4.000397530054717e-07,1.0,1.0,31.034593538342307
20450,9.530405054318027e-08,3.527200353409558e-07,1.0,1.0,31.03955606039645
20460,1.1403514318575114e-07,3.82724157541906e-07,1.0,1.0,31.03933572434942
20470,1.1214560847218006e-07,3.723970644277458e-07,1.0,1.0,31.036327853577905
20480,1.1173213771470928e-07,3.640220163942771e-07,1.0,1.0,31.03256430806856
20490,1.1006936407017696e-07,3.57242690253545e-07,1.0,1.0,31.033102152638115
20500,1.1850748014006649e-07,4.031642337197029e-07,1.0,1.0,31.038293142891156
20510,1.0699564768030463e-07,3.4728513091886166e-07,1.0,1.0,31.03779061657802
20520,1.1067324830046277e-07,4.0406438714128955e-07,1.0,1.0,31.03784341480884
20530,1.1044892983459294e-07,3.736866847601774e-07,1.0,1.0,31.03792544441165
20540,1.0192750633691223e-07,3.6013430136293733e-07,1.0,1.0,31.035274566390754
20550,1.219072516575459e-07,3.709318580016081e-07,1.0,1.0,31.034385084272866
20560,1.1122641493602767e-07,4.001870544036935e-07,1.0,1.0,31.03668238956253
20570,1.2059650785792554e-07,3.690367989051901e-07,1.0,1.0,31.03540366910886
20580,1.0642137291313391e-07,3.603645380444065e-07,1.0,1.0,31.034221704983864
20590,1.2670431188617769e-07,3.7282907670697205e-07,1.0,1.0,31.033056181869842
20600,1.1171321311196291e-07,3.937488677673687e-07,1.0,1.0,31.03380200533232
20610,1.0567863767986566e-07,3.723563014858352e-07,1.0,1.0,31.03389167098124
20620,1.1244894157768314e-07,4.182553831274141e-07,1.0,1.0,31.035727049235163
20630,1.1630880340685039e-07,3.7778351821877563e-07,1.0,1.0,31.03571632108764
20640,1.0449093901309274e-07,3.655449119091143e-07,1.0,1.0,31.035910424421864
20650,1.0217113569566227e-07,3.87629862084767e-07,1.0,1.0,31.03847842716143
20660,9.847044294826168e-08,3.5180995721403604e-07,1.0,1.0,31.035408228349002
20670,1.0696874581274709e-07,3.7694979874652895e-07,1.0,1.0,31.03371541432407
20680,1.1160731742851533e-07,3.5825573664189017e-07,1.0,1.0,31.03265991618187
20690,1.0574134627733858e-07,3.686792135715092e-07,1.0,1.0,31.033276729242555
20700,1.0391533734315108e-07,3.546282647621839e-07,1.0,1.0,31.034688724423074
20710,1.2355297090022857e-07,4.02345451244162e-07,1.0,1.0,31.034057946990536
20720,1.0896832087664507e-07,3.4537674831279836e-07,1.0,1.0,31.03615451294612
20730,1.0633780654086526e-07,3.571553522001803e-07,1.0,1.0,31.03706213552567
20740,1.096645912183365e-07,3.641761626779528e-07,1.0,1.0,31.032584486606638
20750,1.0114753289769357e-07,3.605085091468951e-07,1.0,1.0,31.032730242597026
20760,1.0496494339973733e-07,4.09624223783028e-07,1.0,1.0,31.03262567625486
20770,1.0956942888013907e-07,3.558559878222715e-07,1.0,1.0,31.034915108847482
20780,1.0803254064194816e-07,3.6403841796111505e-07,1.0,1.0,31.03414522978498
20790,9.370090153397313e-08,3.9862530688288963e-07,1.0,1.0,31.034779635033306
20800,1.1693387519178559e-07,3.6167564096079615e-07,1.0,1.0,31.032378168810794
20810,1.1003049936245531e-07,3.6627549514862256e-07,1.0,1.0,31.034227086401962
20820,1.0714777098019479e-07,3.6715570352478137e-07,1.0,1.0,31.034059022327234
20830,1.1802792776715134e-07,3.4770712323785794e-07,1.0,1.0,31.034166578538144
20840,1.0235915219983484e-07,3.697286978932981e-07,1.0,1.0,31.03416171666249
20850,1.0812582154053917e-07,3.836135926413419e-07,1.0,1.0,31.03363257402982
20860,1.2509440562619103e-07,3.792004715414488e-07,1.0,1.0,31.030385056748827
20870,1.1025634701889145e-07,3.781501400677342e-07,1.0,1.0,31.034481219495248
20880,1.0509395992533521e-07,3.425182834845311e-07,1.0,1.0,31.03715153654406
20890,1.2978799639764325e-07,3.852316506539858e-07,1.0,1.0,31.03173163464549
20900,1.259037866678337e-07,3.5180135978080134e-07,1.0,1.0,31.031122440295533
20910,9.844534373623865e-08,3.789141240630999e-07,1.0,1.0,31.031233715607314
20920,1.1924893621737305e-07,3.7774727844253546e-07,1.0,1.0,31.03199695577497
20930,1.0365862420914044e-07,4.2200293978405146e-07,1.0,1.0,31.03249727978116
20940,1.1064701783634177e-07,3.795649991177062e-07,1.0,1.0,31.035969423112004
20950,1.1351422899719127e-07,3.71219454725859e-07,1.0,1.0,31.035549865681947
20960,1.1616474554804818e-07,3.8754047061512263e-07,1.0,1.0,31.032341228580226
20970,9.791860260944627e-08,3.63369472957921e-07,1.0,1.0,31.029950629757128
20980,1.1773414298097391e-07,3.891808653624063e-07,1.0,1.0,31.029041907633207
20990,1.0683895834941111e-07,3.3914685261800533e-07,1.0,1.0,31.03252603704255
21000,9.82628721469662e-08,4.024333816814798e-07,1.0,1.0,31.034375160901917
21010,1.2428536542884344e-07,3.6587461154444073e-07,1.0,1.0,31.029483601809737
21020,1.07194044995976e-07,3.601335053999724e-07,1.0,1.0,31.030875153871587
21030,1.1494116336032873e-07,3.6419134909202315e-07,1.0,1.0,31.031257133952902
21040,1.074294731637314e-07,3.699682142175047e-07,1.0,1.0,31.03487293990794
21050,1.0498794012289434e-07,4.1194417348868117e-07,1.0,1.0,31.03108271079871
21060,9.859440560754018e-08,3.482556107708305e-07,1.0,1.0,31.03193954562661
21070,1.1991207224993207e-07,3.540680821142145e-07,1.0,1.0,31.03111252547568
21080,1.037270133858948e-07,4.092396901160094e-07,1.0,1.0,31.031775905031648
21090,1.0516591462198566e-07,3.5306792805399605e-07,1.0,1.0,31.035378711995886
21100,1.1452110210008606e-07,4.136813722946449e-07,1.0,1.0,31.030460123939292
21110,1.0772891513829157e-07,3.487436142449143e-07,1.0,1.0,31.03084881105854
21120,1.0713651892892792e-07,4.0946508016182265e-07,1.0,1.0,31.03091873449058
21130,1.0944030531752358e-07,3.5087637433830083e-07,1.0,1.0,31.03220595054706
21140,1.1039265761457904e-07,3.621106312830818e-07,1.0,1.0,31.030656583912005
21150,1.027544677005929e-07,3.6513402527283014e-07,1.0,1.0,31.0325513922638
21160,1.0582649764886136e-07,3.603290927925476e-07,1.0,1.0,31.030073137744566
21170,1.1059699830995645e-07,3.754540447019541e-07,1.0,1.0,31.033780377422527
21180,1.1402782713353472e-07,3.740375156906283e-07,1.0,1.0,31.03494051034171
21190,1.1111436465137883e-07,3.9079926003257185e-07,1.0,1.0,31.031299595816478
21200,1.0213427594178762e-07,3.7362166789743013e-07,1.0,1.0,31.03056550131605
21210,1.080978616534704e-07,3.792081681464031e-07,1.0,1.0,31.03242300515144
21220,9.942938558900015e-08,3.6445879203743127e-07,1.0,1.0,31.03187539069088
21230,1.0445735853585356e-07,3.766136069143591e-07,1.0,1.0,31.03098003707751
21240,1.1415737491883025e-07,3.59677303667282e-07,1.0,1.0,31.029402625365357
21250,1.0386838917268938e-07,3.7399681256599934e-07,1.0,1.0,31.02832180005332
21260,1.1786630414476394e-07,3.723922250634329e-07,1.0,1.0,31.028698523996052
21270,1.0771207376399463e-07,3.675968048200864e-07,1.0,1.0,31.0325520929941
21280,1.224592661822773e-07,3.974573415478666e-07,1.0,1.0,31.031870976820198
21290,1.121762461045402e-07,3.8694854643464556e-07,1.0,1.0,31.03275772594667
21300,1.022750362602506e-07,3.596563725807452e-07,1.0,1.0,31.033065840514908
21310,1.2124923753235233e-07,4.010156983975804e-07,1.0,1.0,31.02759388020964
21320,1.1083105147699674e-07,3.4917323707616725e-07,1.0,1.0,31.030014359156766
21330,1.0210445140446214e-07,3.638873662423911e-07,1.0,1.0,31.029486844030625
21340,1.1673289823957872e-07,4.2269878050899747e-07,1.0,1.0,31.029678286708425
21350,1.1351751317403172e-07,3.521011997475817e-07,1.0,1.0,31.030015153814485
21360,1.0535482278575126e-07,3.5624784995002083e-07,1.0,1.0,31.028831574879685
21370,1.3026497349369685e-07,3.5309989116655736e-07,1.0,1.0,31.027343463258706
21380,9.855123563902478e-08,4.292226443769105e-07,1.0,1.0,31.028920241663386
21390,1.1070080120526836e-07,3.362392231368202e-07,1.0,1.0,31.031194742974368
21400,1.177038286474848e-07,3.760913008456138e-07,1.0,1.0,31.03000134518121
21410,1.0755082021727572e-07,4.084577935134858e-07,1.0,1.0,31.029569358117996
21420,1.0858808865710081e-07,3.5521177832058175e-07,1.0,1.0,31.030895696033767
21430,1.1061575631729624e-07,3.774630150786209e-07,1.0,1.0,31.027274869670997
21440,1.1129328300041724e-07,3.698762638480538e-07,1.0,1.0,31.02629269803231
21450,1.1271883307266572e-07,4.1047880972480533e-07,1.0,1.0,31.028227340475144
21460,1.1839276951050508e-07,3.7715026693673154e-07,1.0,1.0,31.02708408845456
21470,1.0071196882658234e-07,3.560668908194476e-07,1.0,1.0,31.02969052080042
21480,1.1175856974742383e-07,3.782380781577698e-07,1.0,1.0,31.029239023176128
21490,1.1283127885616722e-07,3.7378212254854094e-07,1.0,1.0,31.023766758654187
21500,1.1736002892547036e-07,3.6587922737112536e-07,1.0,1.0,31.02759293308954
21510,9.767324275204914e-08,3.377237325578815e-07,1.0,1.0,31.03038258315067
21520,1.262609452755141e-07,3.7540375477308877e-07,1.0,1.0,31.027572073886702
21530,1.150893565730913e-07,3.866430435743411e-07,1.0,1.0,31.02821909153063
21540,9.860913493457407e-08,3.7644387252566014e-07,1.0,1.0,31.027389164429756
21550,1.2443589332634557e-07,3.5754232141578657e-07,1.0,1.0,31.023146410692718
21560,1.1288679781115774e-07,3.5395400576155174e-07,1.0,1.0,31.027792231642305
21570,1.0488190728836763e-07,3.557580071639603e-07,1.0,1.0,31.030230618153468
21580,1.0905670726925034e-07,3.564730744967644e-07,1.0,1.0,31.02979698060136
21590,1.0878490213244515e-07,3.74753823353666e-07,1.0,1.0,31.02939125147101
21600,1.0744475895134781e-07,3.6891525110922006e-07,1.0,1.0,31.029077080744745
21610,1.1903190871655211e-07,3.891479193414796e-07,1.0,1.0,31.02689996436863
21620,1.1495807602944451e-07,3.7108278112772943e-07,1.0,1.0,31.027318699349557
21630,1.0342289613230729e-07,3.815464622845108e-07,1.0,1.0,31.028764760690716
21640,1.1745064918872077e-07,3.638086948005411e-07,1.0,1.0,31.024888921925676
21650,1.1043719331496729e-07,3.8178961649198994e-07,1.0,1.0,31.02576874728953
21660,1.1842844741321172e-07,3.5674469428480264e-07,1.0,1.0,31.029206387837558
21670,1.1525579969310698e-07,3.426907973907796e-07,1.0,1.0,31.02648135603346
21680,1.0051168062077021e-07,3.9078247356229094e-07,1.0,1.0,31.02474278499484
21690,1.0497890620138423e-07,3.991489088859141e-07,1.0,1.0,31.026566319705413
21700,1.0225122059263561e-07,3.5426146204896195e-07,1.0,1.0,31.0251541803847
21710,1.087923530431617e-07,3.570733607699932e-07,1.0,1.0,31.02917645939115
21720,1.119417589912091e-07,3.9014324168505794e-07,1.0,1.0,31.031738007900884
21730,1.051588063281336e-07,4.2569929229779966e-07,1.0,1.0,31.030343407612904
21740,1.0204415930145216e-07,3.5055880052306357e-07,1.0,1.0,31.02900764835101
21750,1.0194326396806645e-07,3.744306654604184e-07,1.0,1.0,31.028920153274566
21760,1.1239535737734508e-07,3.5167244488244993e-07,1.0,1.0,31.031046240674023
21770,1.0442482837901569e-07,4.1444178556174263e-07,1.0,1.0,31.028735052589333
21780,1.0933112931064712e-07,3.571512703838079e-07,1.0,1.0,31.027122761759763
21790,1.0343205022035539e-07,3.975162765309071e-07,1.0,1.0,31.024394824636992
21800,1.0982652218216687e-07,3.9068807698824877e-07,1.0,1.0,31.022772973776657
21810,1.0106258072900506e-07,3.8005324509150485e-07,1.0,1.0,31.023982206706545
21820,1.248490732465459e-07,3.7989981382480306e-07,1.0,1.0,31.024070096486625
21830,1.1680777072557558e-07,3.3088912978505124e-07,1.0,1.0,31.027200785541872
21840,9.848646077513187e-08,3.852768872643149e-07,1.0,1.0,31.030006126223604
21850,1.1543981629028715e-07,4.056060028649371e-07,1.0,1.0,31.028852182204687
21860,9.750231197464328e-08,3.504099575092744e-07,1.0,1.0,31.025802130276823
21870,1.04073721076373e-07,3.6661987788673377e-07,1.0,1.0,31.023379389261187
21880,1.2012626747169546e-07,4.293940362687201e-07,1.0,1.0,31.021161965678353
21890,1.1353875142371671e-07,3.5287432834958335e-07,1.0,1.0,31.02710135152025
21900,9.535565374451334e-08,3.625436257329655e-07,1.0,1.0,31.029163006084737
21910,1.1877784412044747e-07,3.7182807364699745e-07,1.0,1.0,31.026053907400055
21920,1.1663861843280692e-07,3.6038447979706816e-07,1.0,1.0,31.024657933285415
21930,1.0452480961909686e-07,3.5617727411889454e-07,1.0,1.0,31.025621985225275
21940,1.2094477107946637e-07,4.432846268406648e-07,1.0,1.0,31.02239475542418
21950,1.1446157020466645e-07,3.538129444803159e-07,1.0,1.0,31.02411021798601
21960,1.1945536742638039e-07,3.5987878227074656e-07,1.0,1.0,31.024744746740133
21970,1.211264272743963e-07,3.8245772013425804e-07,1.0,1.0,31.027706355363836
21980,1.1004045041612396e-07,3.618823240571861e-07,1.0,1.0,31.025335470757476
21990,1.059264389406429e-07,3.720957345186529e-07,1.0,1.0,31.02555116695508
22000,1.1245768283752165e-07,3.779139030305882e-07,1.0,1.0,31.024616882027583
22010,1.0323115808693371e-07,3.7559471769252053e-07,1.0,1.0,31.02643260988279
22020,9.890279589986391e-08,3.601472292600458e-07,1.0,1.0,31.025195054144408
22030,1.0418326529189116e-07,4.131754519169377e-07,1.0,1.0,31.02408455702757
22040,1.0546508149301557e-07,3.6970574518943417e-07,1.0,1.0,31.02568090417032
22050,1.086406603990812e-07,3.762217931096028e-07,1.0,1.0,31.025750825948215
22060,1.1277291787151259e-07,3.5835714470950635e-07,1.0,1.0,31.026853145731963
22070,1.1091401985090098e-07,3.8041817127964004e-07,1.0,1.0,31.02649359052262
22080,1.0634580028827011e-07,3.71043274413208e-07,1.0,1.0,31.025042892858572
22090,1.2467844835921403e-07,3.9308107287736943e-07,1.0,1.0,31.02047629873775
22100,1.1614202551329403e-07,3.5652418970480126e-07,1.0,1.0,31.025373282094705
22110,1.076610881687216e-07,3.5850550047492373e-07,1.0,1.0,31.02649966066275
22120,1.1908659346501449e-07,3.461348374190913e-07,1.0,1.0,31.023216923618453
22130,1.1353632803282343e-07,3.7268197345977794e-07,1.0,1.0,31.025771616304276
22140,1.0115071759430178e-07,3.704330990137121e-07,1.0,1.0,31.027591591974673
22150,1.1638079817084924e-07,3.919057523424059e-07,1.0,1.0,31.021407719973897
22160,1.24094646214819e-07,3.9130239192198044e-07,1.0,1.0,31.02381753074412
22170,1.1200085964627844e-07,3.733330349651118e-07,1.0,1.0,31.026593185833427
22180,1.1313936117748975e-07,3.668912379630037e-07,1.0,1.0,31.02569541375631
22190,1.1517576034133272e-07,3.441517068053968e-07,1.0,1.0,31.025399988804573
22200,1.0670137960158054e-07,3.854296972380825e-07,1.0,1.0,31.02392189516045
22210,1.055983673745476e-07,3.902569691559731e-07,1.0,1.0,31.021519041042144
22220,9.662679101133812e-08,3.9271113332538364e-07,1.0,1.0,31.023389599377037
22230,9.266655086478124e-08,3.492863288057133e-07,1.0,1.0,31.025377750375725
22240,1.2833618500679636e-07,3.9622987171733135e-07,1.0,1.0,31.024315513712835
22250,9.566397042537513e-08,3.279966810379876e-07,1.0,1.0,31.02507646435029
22260,1.006418758211679e-07,3.7019586334165206e-07,1.0,1.0,31.023317382167935
22270,1.1502700293223223e-07,3.869057447313754e-07,1.0,1.0,31.020361903465368
22280,1.1632157421603674e-07,3.749368200888605e-07,1.0,1.0,31.022993399674853
22290,1.0445272144902742e-07,3.8470766936097873e-07,1.0,1.0,31.02396626971921
22300,1.068802293093996e-07,3.9047754055154895e-07,1.0,1.0,31.022223693721305
22310,1.0179128284878665e-07,3.519232783313552e-07,1.0,1.0,31.025004150925042
22320,1.054396774705858e-07,3.458400884473574e-07,1.0,1.0,31.024988386590373
22330,1.1329891596219538e-07,3.636740154208883e-07,1.0,1.0,31.025704345217815
22340,8.532708929816388e-08,3.471107089537518e-07,1.0,1.0,31.024546043070043
22350,1.0870142078159688e-07,3.917219162257985e-07,1.0,1.0,31.023587368712562
22360,1.2013153294295334e-07,3.3980531986654163e-07,1.0,1.0,31.02047935787865
22370,1.0885565019306812e-07,3.607626615528371e-07,1.0,1.0,31.026237571362838
22380,1.0316292148440632e-07,3.7007182967790995e-07,1.0,1.0,31.025324728739292
22390,1.1633252718716066e-07,3.7024736922921374e-07,1.0,1.0,31.01908519754911
22400,1.152443604477264e-07,4.1219141267523627e-07,1.0,1.0,31.021487646292233
22410,1.0061012747605426e-07,3.542754077606478e-07,1.0,1.0,31.02296933069023
22420,1.2891992632655565e-07,4.049069368871621e-07,1.0,1.0,31.019728962155344
22430,1.0700086473813272e-07,3.69727047965935e-07,1.0,1.0,31.02274791548882
22440,1.0418436268687558e-07,3.5180250121904503e-07,1.0,1.0,31.025513269581584
22450,1.0789606117796461e-07,3.761257662060701e-07,1.0,1.0,31.02455057489942
22460,1.0196066307216973e-07,3.6176338400555127e-07,1.0,1.0,31.02170104837588
22470,1.0564119117788336e-07,3.751712050818911e-07,1.0,1.0,31.020875640268258
22480,9.78022300224249e-08,3.404047147015191e-07,1.0,1.0,31.02113360945001
22490,1.0612990327165082e-07,3.8681741909546853e-07,1.0,1.0,31.02181008091063
22500,1.0530821606688914e-07,3.848198811107718e-07,1.0,1.0,31.0229563936221
22510,1.0335226456351282e-07,3.818136397346232e-07,1.0,1.0,31.018284624139763
22520,9.958411754601345e-08,3.711619531745708e-07,1.0,1.0,31.019296445961924
22530,1.0853731682277887e-07,3.6157170956526016e-07,1.0,1.0,31.02071726170724
22540,1.222591064380579e-07,3.9815251140448465e-07,1.0,1.0,31.019551377720965
22550,1.0849156128948124e-07,3.739340174533106e-07,1.0,1.0,31.021656804519054
22560,1.0346455981652517e-07,3.5765481520020786e-07,1.0,1.0,31.02161551786561
22570,1.1763107453492297e-07,3.6820946232861055e-07,1.0,1.0,31.019661909712227
22580,1.1441711598804002e-07,4.1129833246942e-07,1.0,1.0,31.020716648275485
22590,9.527368014799571e-08,3.530541844652819e-07,1.0,1.0,31.02473871563623
22600,1.1561916152748122e-07,3.5850571479878777e-07,1.0,1.0,31.02210870040747
22610,1.1082318169740699e-07,3.9611632884277613e-07,1.0,1.0,31.019277379306466
22620,1.0228872472629652e-07,3.623258370280084e-07,1.0,1.0,31.02041749948867
22630,1.0774692343518782e-07,3.4358114306839423e-07,1.0,1.0,31.02007412589929
22640,1.1961834096904587e-07,3.6835097800695206e-07,1.0,1.0,31.021077128339176
22650,1.176206437700283e-07,3.9040121515672467e-07,1.0,1.0,31.022982085700388
22660,1.064436685225627e-07,3.4869119616117235e-07,1.0,1.0,31.02517635109628
22670,1.1557190211002055e-07,3.7271991349237445e-07,1.0,1.0,31.024347241326364
22680,9.010143860519953e-08,3.4517309901257736e-07,1.0,1.0,31.022024117097743
22690,1.0657246424276082e-07,3.905558142173074e-07,1.0,1.0,31.016792698346126
22700,1.124599329729687e-07,3.703714377673137e-07,1.0,1.0,31.01750511962954
22710,1.0209897378231173e-07,3.623921178833352e-07,1.0,1.0,31.01968646845731
22720,1.1710543358669155e-07,4.2165203058891546e-07,1.0,1.0,31.02078792025876
22730,1.0758672447775624e-07,3.5843572164743955e-07,1.0,1.0,31.023133554685014
22740,1.0919200384414409e-07,3.434012478551754e-07,1.0,1.0,31.020944705351866
22750,1.1421290540955817e-07,3.4450965405676685e-07,1.0,1.0,31.015978748311824
22760,1.1256959694188478e-07,4.1255913072378897e-07,1.0,1.0,31.020997998723306
22770,1.0974526188553733e-07,3.5474492421172735e-07,1.0,1.0,31.022957766015946
22780,1.0965482683276018e-07,3.680140880329171e-07,1.0,1.0,31.01853803339773
22790,1.0515745116609895e-07,3.7536319246958054e-07,1.0,1.0,31.018317106621474
22800,1.1415435033072247e-07,3.590151957230398e-07,1.0,1.0,31.018682064903423
22810,1.1990982798821261e-07,3.8767894985951153e-07,1.0,1.0,31.021795392966645
22820,9.609972034955113e-08,3.491603489638089e-07,1.0,1.0,31.02217849363621
22830,1.1793382126628583e-07,3.7664629060037083e-07,1.0,1.0,31.02141638611838
22840,1.1778780434170328e-07,3.5615229883557423e-07,1.0,1.0,31.019806054475357
22850,1.1578900029351508e-07,3.5774762554577604e-07,1.0,1.0,31.021011272511043
22860,9.715116463394886e-08,3.572473228540529e-07,1.0,1.0,31.020995353835467
22870,1.2633828730245835e-07,3.6257022702333377e-07,1.0,1.0,31.01603006326291
22880,1.0763955697667296e-07,3.80853370471164e-07,1.0,1.0,31.01807962103722
22890,1.0670614284427819e-07,3.7369539672610247e-07,1.0,1.0,31.019008034151472
22900,1.069750622181712e-07,3.525843988919422e-07,1.0,1.0,31.019150640868183
22910,1.0033085868522868e-07,3.582923276943068e-07,1.0,1.0,31.021949052260183
22920,1.0809676612708316e-07,3.8757441700167125e-07,1.0,1.0,31.01871214514805
22930,1.135666232166756e-07,3.804630805493991e-07,1.0,1.0,31.018302700274734
22940,1.1799800998437593e-07,3.6385921193185814e-07,1.0,1.0,31.02114314853432
22950,1.0616991253850611e-07,3.678602476155336e-07,1.0,1.0,31.0205468466569
22960,1.2227335672677104e-07,3.7244572917202614e-07,1.0,1.0,31.015466933970256
22970,1.0942516011756281e-07,4.1766513121059857e-07,1.0,1.0,31.016342482918915
22980,1.0286963395674918e-07,3.525329641936892e-07,1.0,1.0,31.01928071801
22990,1.256034879151496e-07,3.76680007769751e-07,1.0,1.0,31.01618718992501
23000,1.198320103220106e-07,3.7326706292274413e-07,1.0,1.0,31.01441374370968
23010,1.0399971024335368e-07,3.6937938456921194e-07,1.0,1.0,31.01622707093776
23020,1.053484688400206e-07,3.6525908489495044e-07,1.0,1.0,31.017421271617632
23030,1.0151642608416035e-07,3.6986623385339396e-07,1.0,1.0,31.019694819456806
23040,1.0057333650680294e-07,3.7310157604282977e-07,1.0,1.0,31.017848699458177
23050,1.0944248675754884e-07,4.0465331003730095e-07,1.0,1.0,31.01646371886462
23060,1.0542589471122807e-07,3.623117288838078e-07,1.0,1.0,31.018258949187672
23070,1.09583825725961e-07,3.723423074549534e-07,1.0,1.0,31.019033408128116
23080,1.2567440704032463e-07,3.748278444276751e-07,1.0,1.0,31.019620898619145
23090,1.0370263574170533e-07,3.7238090318952605e-07,1.0,1.0,31.018803115406044
23100,1.1158886654395331e-07,3.534511509402885e-07,1.0,1.0,31.017680451791826
23110,1.1132548875140857e-07,3.6210967039199136e-07,1.0,1.0,31.019291687410195
23120,1.0003978341791995e-07,3.7875847353730567e-07,1.0,1.0,31.018085298497493
23130,1.0273573514508097e-07,3.482879746193254e-07,1.0,1.0,31.015061964124698
23140,1.1981672654806142e-07,3.9749132956748735e-07,1.0,1.0,31.015245694712736
23150,1.0720629344776657e-07,3.3853654259868544e-07,1.0,1.0,31.01565759169063
23160,1.021403873206706e-07,3.6929434345000036e-07,1.0,1.0,31.016630332594197
23170,1.1804132609731393e-07,3.6626610630212566e-07,1.0,1.0,31.01850069855404
23180,1.0850215866187465e-07,3.7911514366899576e-07,1.0,1.0,31.021941207881643
23190,9.954414390817541e-08,3.406346123913076e-07,1.0,1.0,31.02078198060189
23200,1.0092409320000623e-07,3.541264084702654e-07,1.0,1.0,31.014855435723348
23210,1.0636063761815778e-07,3.706070025361538e-07,1.0,1.0,31.015293736715407
23220,1.1601787369683413e-07,3.7252758920723053e-07,1.0,1.0,31.015987397332296
23230,1.0768661592866491e-07,3.6859974039161977e-07,1.0,1.0,31.01607064606446
23240,1.218769153965835e-07,3.717193567343864e-07,1.0,1.0,31.01785997314244
23250,1.0735591608859664e-07,3.381542268477519e-07,1.0,1.0,31.02135126746691
23260,1.1146262407536957e-07,4.0170041228539644e-07,1.0,1.0,31.018198753689774
23270,1.1505477157996039e-07,3.8408668906444375e-07,1.0,1.0,31.015822750911195
23280,1.1236988550979226e-07,3.466687687590239e-07,1.0,1.0,31.016712821061997
23290,1.1000926788920838e-07,3.6619114766109905e-07,1.0,1.0,31.019474413596758
23300,9.621748859903767e-08,3.8884421950053055e-07,1.0,1.0,31.017183804620533
23310,1.173686030595205e-07,3.656723967903781e-07,1.0,1.0,31.014449035714737
23320,1.2338974544392597e-07,3.68336973786216e-07,1.0,1.0,31.016082856433695
23330,1.0176802364849151e-07,3.5466907175215796e-07,1.0,1.0,31.016628673560813
23340,1.0508850295325213e-07,3.627348266836727e-07,1.0,1.0,31.018145335023252
23350,1.1899869964606183e-07,3.451131960969909e-07,1.0,1.0,31.01478728593357
23360,1.0708916039127869e-07,3.6961792272915426e-07,1.0,1.0,31.017388738861143
23370,1.0559220469598921e-07,3.5143028171184345e-07,1.0,1.0,31.016056364877493
23380,1.1591932735954572e-07,3.687633759718512e-07,1.0,1.0,31.014006916471047
23390,9.596819286982098e-08,3.764869081703857e-07,1.0,1.0,31.017091794056476
23400,9.822032802954149e-08,3.9238654388152083e-07,1.0,1.0,31.01745286053211
23410,1.17664006258518e-07,3.865140704772647e-07,1.0,1.0,31.01292299849435
23420,1.0788893171111523e-07,3.4405497377755925e-07,1.0,1.0,31.01498600084485
23430,1.1172143074641018e-07,3.6166490851311624e-07,1.0,1.0,31.015150849015924
23440,1.053147431541559e-07,3.649764347065063e-07,1.0,1.0,31.016035254604432
23450,1.0493776518086131e-07,3.6144670858807387e-07,1.0,1.0,31.01677633090336
23460,1.1054334327701399e-07,3.741415257813474e-07,1.0,1.0,31.016348146955792
23470,1.1182001310259743e-07,3.5896010832523434e-07,1.0,1.0,31.015479853319526
23480,1.177625128900246e-07,3.775658892183004e-07,1.0,1.0,31.014140424621228
23490,1.0793405278838302e-07,3.564724737611546e-07,1.0,1.0,31.013219656601077
23500,1.2199610837432837e-07,3.3859094288127276e-07,1.0,1.0,31.01167588195496
23510,1.0434567740335608e-07,4.0095318631032647e-07,1.0,1.0,31.014870278659618
23520,1.1318018455375927e-07,3.7235402025674574e-07,1.0,1.0,31.01554205197496
23530,1.0965117949015088e-07,3.804841989593263e-07,1.0,1.0,31.014551123769227
23540,1.1867083917825785e-07,3.315078771771328e-07,1.0,1.0,31.015180761960984
23550,1.0920970788445164e-07,3.885432947643246e-07,1.0,1.0,31.01512447946289
23560,1.1485045925171417e-07,3.5526809087631327e-07,1.0,1.0,31.015129458306333
23570,1.0274476259932177e-07,3.732506078059877e-07,1.0,1.0,31.014399172776514
23580,1.0876168609417163e-07,3.627578858036278e-07,1.0,1.0,31.015423906284703
23590,1.2032188087239444e-07,3.5816477804139253e-07,1.0,1.0,31.01134958411157
23600,1.1355848604456437e-07,3.959080217109313e-07,1.0,1.0,31.01268357039016
23610,1.1608987688897117e-07,3.62882601147562e-07,1.0,1.0,31.01294694583109
23620,1.05503909549565e-07,3.6883993233329405e-07,1.0,1.0,31.01538692918395
23630,1.1107174912983774e-07,3.686967989972758e-07,1.0,1.0,31.0131265618226
23640,1.1404624395652038e-07,3.603707506894799e-07,1.0,1.0,31.011597912764415
23650,1.2550342420184876e-07,3.6821689461489066e-07,1.0,1.0,31.01172189940375
23660,1.1310200627758398e-07,3.639064995794591e-07,1.0,1.0,31.01691236488304
23670,1.1115539564707405e-07,3.5198846347671035e-07,1.0,1.0,31.016629850187737
23680,1.0681449035432482e-07,3.554292303936161e-07,1.0,1.0,31.01624436480924
23690,1.08512016739808e-07,3.757846987618848e-07,1.0,1.0,31.011927336089162
23700,1.1488679347509783e-07,3.7088119761913227e-07,1.0,1.0,31.010094902463507
23710,1.1302159195400595e-07,3.595989580410508e-07,1.0,1.0,31.009725567146354
23720,1.1703312700644432e-07,3.7006459940527194e-07,1.0,1.0,31.01256999955652
23730,1.0937657272427166e-07,3.4449946134859196e-07,1.0,1.0,31.012476335761885
23740,1.1706873242701184e-07,3.827402476910794e-07,1.0,1.0,31.01222313551983
23750,1.0910384833951542e-07,3.642199955830113e-07,1.0,1.0,31.012623407266
23760,1.00662724223599e-07,3.7875659856903703e-07,1.0,1.0,31.012423895552143
23770,1.193159188447537e-07,3.462353459227337e-07,1.0,1.0,31.00929091352872
23780,1.0282449082021563e-07,3.77551903767782e-07,1.0,1.0,31.01122362665771
23790,1.100727646296448e-07,3.4041002177448626e-07,1.0,1.0,31.011725110522463
23800,1.1186975324204926e-07,3.848460201759158e-07,1.0,1.0,31.009520589302884
23810,1.0055574313523809e-07,3.463216316818995e-07,1.0,1.0,31.013448231746775
23820,1.0670424392657717e-07,3.665974848475999e-07,1.0,1.0,31.012618875251665
23830,1.0668149379936772e-07,3.6807687484856014e-07,1.0,1.0,31.013300861262188
23840,1.2242824148928047e-07,3.661138434270245e-07,1.0,1.0,31.011771885586164
23850,1.0315457829387206e-07,3.7010986109218185e-07,1.0,1.0,31.01293976712571
23860,1.1657428833593662e-07,3.5110731793991724e-07,1.0,1.0,31.011524454140222
23870,1.1413490492848062e-07,3.5394895604808965e-07,1.0,1.0,31.013229717092806
23880,1.1070831166430331e-07,3.729071359988893e-07,1.0,1.0,31.013840428944633
23890,1.1541121794411507e-07,3.408258404560371e-07,1.0,1.0,31.01222215271271
23900,1.084815152915477e-07,3.6533721941184715e-07,1.0,1.0,31.011602534525316
23910,1.1184545632268118e-07,3.6996074787531513e-07,1.0,1.0,31.011447953285302
23920,9.985207188406571e-08,3.5442656805287404e-07,1.0,1.0,31.009901146526015
23930,1.1040356235278389e-07,3.6655843416172464e-07,1.0,1.0,31.010861827541206
23940,1.0384338301244119e-07,3.837477138375223e-07,1.0,1.0,31.013742338194465
23950,1.1596268135836512e-07,4.110636925711721e-07,1.0,1.0,31.011471450912765
23960,1.2000150881255906e-07,3.5030130924014045e-07,1.0,1.0,31.013413501887158
23970,1.1198323379131923e-07,3.673847468865692e-07,1.0,1.0,31.011946325974268
23980,1.0496901331686208e-07,3.6523725321041743e-07,1.0,1.0,31.007171433091347
23990,1.0537435451241204e-07,3.6931918389243976e-07,1.0,1.0,31.00632616505423
24000,9.149632865772069e-08,3.7689102254822713e-07,1.0,1.0,31.00919257657947
24010,1.2615798966031943e-07,3.5571191077110157e-07,1.0,1.0,31.007721085525898
24020,1.1704662899961747e-07,4.130608329941808e-07,1.0,1.0,31.01092278305775
24030,1.0682899598729158e-07,3.5170482530532963e-07,1.0,1.0,31.013526875537167
24040,1.1007658306415194e-07,3.676585961554944e-07,1.0,1.0,31.01307642714613
24050,1.0769368751912983e-07,3.700959124501411e-07,1.0,1.0,31.011809733574342
24060,1.0867950250081586e-07,3.7326091521613076e-07,1.0,1.0,31.01020764533137
24070,1.1639041499683054e-07,3.664903753833271e-07,1.0,1.0,31.00349920406763
24080,9.53498969114208e-08,3.741005905370921e-07,1.0,1.0,31.00881992340603
24090,1.0375334825014876e-07,3.6354800555220917e-07,1.0,1.0,31.012593388173432
24100,1.1999447377427584e-07,3.4308141477785166e-07,1.0,1.0,31.01151480287774
24110,1.2351129090560212e-07,4.203495552713499e-07,1.0,1.0,31.008335173590208
24120,1.0457356576079953e-07,3.454120048065575e-07,1.0,1.0,31.009404819112397
24130,1.1895259123792992e-07,3.677666946921032e-07,1.0,1.0,31.010055656230094
24140,1.0380400706788759e-07,3.4817565485202e-07,1.0,1.0,31.010559274031298
24150,1.1130203304562145e-07,3.80465345034036e-07,1.0,1.0,31.008736473374853
24160,1.20009458974171e-07,3.460268701674441e-07,1.0,1.0,31.011227786052252
24170,1.1893649768197826e-07,3.7922851780747133e-07,1.0,1.0,31.01090733712922
24180,1.0560899625538291e-07,3.4720467187067045e-07,1.0,1.0,31.012726451246092
24190,1.1965269014269568e-07,3.7748879976152297e-07,1.0,1.0,31.008029329529915
24200,1.1557793799994233e-07,3.521084474452179e-07,1.0,1.0,31.008532507841927
24210,1.0961057492912852e-07,3.395507838073797e-07,1.0,1.0,31.00954576653025
24220,1.1639636525113511e-07,4.1818080457033424e-07,1.0,1.0,31.007628024984847
24230,1.0150697211216352e-07,3.545577029008522e-07,1.0,1.0,31.01102607333223
24240,1.1028154555937023e-07,3.655852174070131e-07,1.0,1.0,31.01347237894065
24250,1.064959967652284e-07,3.4254023002967647e-07,1.0,1.0,31.01099826259462
24260,1.174168843883824e-07,3.4264300118200555e-07,1.0,1.0,31.009090221333746
24270,9.842343979515917e-08,3.7312880217938183e-07,1.0,1.0,31.00666239467371
24280,1.1355394764304704e-07,3.746610211137911e-07,1.0,1.0,31.00581037165615
24290,1.1219984726866861e-07,4.2132329498550754e-07,1.0,1.0,31.00916638327157
24300,9.742678299550827e-08,3.4423506146530537e-07,1.0,1.0,31.012914639198392
24310,1.0761262284247988e-07,3.836261658706899e-07,1.0,1.0,31.00942376584956
24320,1.2385198797675768e-07,3.597836077641707e-07,1.0,1.0,31.00980105663687
24330,1.0073054168879625e-07,3.482412629851765e-07,1.0,1.0,31.01069432016645
24340,1.1338398987590592e-07,3.843915481602627e-07,1.0,1.0,31.00944584240637
24350,1.1098745797660194e-07,3.4880192688239705e-07,1.0,1.0,31.010994125518828
24360,9.997403243374666e-08,3.737407234265523e-07,1.0,1.0,31.0109863311845
24370,1.235345533785459e-07,3.813244928329852e-07,1.0,1.0,31.009516622094626
24380,1.037610971559499e-07,3.6123348912631026e-07,1.0,1.0,31.00983161751845
24390,1.0630819629788257e-07,3.657445354185362e-07,1.0,1.0,31.00910929578617
24400,1.1012327178305293e-07,3.620333482678079e-07,1.0,1.0,31.007318936122484
24410,1.0036171930122666e-07,3.6726104224131306e-07,1.0,1.0,31.005049276746607
24420,1.035383367994599e-07,3.6997197095573784e-07,1.0,1.0,31.006142780127906
24430,1.1983468625552248e-07,3.7683258329421585e-07,1.0,1.0,31.003634758370808
24440,1.1113489250857592e-07,3.516088621145e-07,1.0,1.0,31.006925076759785
24450,1.0616658244979318e-07,3.6993415434264866e-07,1.0,1.0,31.00804431064494
24460,1.1189516892639844e-07,3.6557517789599764e-07,1.0,1.0,31.004924297306196
24470,9.74277884683003e-08,3.6768721531253545e-07,1.0,1.0,31.00510871913798
24480,1.0978645232908988e-07,3.6550181307692965e-07,1.0,1.0,31.00755916191499
24490,1.144545205312475e-07,3.646773318093417e-07,1.0,1.0,31.009459789321003
24500,1.0968142883875377e-07,3.7528787862387095e-07,1.0,1.0,31.01091260942947
24510,9.700631084459336e-08,3.683328570323993e-07,1.0,1.0,31.011397803256205
24520,1.1067964037681151e-07,3.692911315994601e-07,1.0,1.0,31.00457854817622
24530,1.1586275789334948e-07,3.212358649276284e-07,1.0,1.0,31.00803265071396
24540,9.760147488294965e-08,3.839631460106395e-07,1.0,1.0,31.009660081112806
24550,1.1725230551316854e-07,3.592135248195265e-07,1.0,1.0,31.005870564429515
24560,1.0659987708774877e-07,3.4549626753042376e-07,1.0,1.0,31.00779881406016
24570,1.1743419998386506e-07,3.7074685301085724e-07,1.0,1.0,31.007266582455873
24580,1.156781532243764e-07,3.63598902250842e-07,1.0,1.0,31.00320422494407
24590,1.1768155598766757e-07,3.4798082393083785e-07,1.0,1.0,31.003115115251724
24600,1.1162500290883937e-07,3.832460734599749e-07,1.0,1.0,31.004843693678087
24610,1.1322908942865244e-07,3.6713735896720304e-07,1.0,1.0,31.005703717164728
24620,1.1352694782451992e-07,3.466132725237428e-07,1.0,1.0,31.004624499038094
24630,1.1276767137482932e-07,4.075991368747595e-07,1.0,1.0,31.005223856165088
24640,1.0862792063396993e-07,3.473616523790016e-07,1.0,1.0,31.0097796864421
24650,1.1024802383774434e-07,3.5352863396847734e-07,1.0,1.0,31.00974797782454
24660,1.1784442112174966e-07,3.72091757388139e-07,1.0,1.0,31.00848277012136
24670,1.1639351497958152e-07,3.6783225355954324e-07,1.0,1.0,31.00209989240547
24680,1.1436816358596072e-07,3.860284504957568e-07,1.0,1.0,31.004818513334467
24690,9.909492254974536e-08,3.7149529706395676e-07,1.0,1.0,31.004970406992847
24700,1.2375565480593743e-07,3.7567160796113663e-07,1.0,1.0,31.00227039286646
24710,9.710419905532949e-08,3.4778355811303056e-07,1.0,1.0,31.004891971690647
24720,1.0151152526727156e-07,3.7748365237062983e-07,1.0,1.0,31.00821633280893
24730,1.2253538536752847e-07,3.558441471363886e-07,1.0,1.0,31.007695175228452
24740,1.1641836816224198e-07,3.7465179086450434e-07,1.0,1.0,31.00582821662974
24750,9.456753035879669e-08,3.6872674563621057e-07,1.0,1.0,31.003730497354617
24760,1.1508163563573535e-07,3.3882446909417796e-07,1.0,1.0,31.001000300325153
24770,1.0021014549653149e-07,3.717519273040183e-07,1.0,1.0,31.00555851648164
24780,1.166520929080842e-07,3.9091243529145217e-07,1.0,1.0,31.005435833706102
24790,1.0734768733133267e-07,3.490761920426316e-07,1.0,1.0,31.00619719904645
24800,1.0814180423387359e-07,3.6146249875305445e-07,1.0,1.0,31.0022717990582
24810,1.0854894361139147e-07,3.7206836064338537e-07,1.0,1.0,31.004179728281063
24820,1.1349380846462275e-07,3.458357668515174e-07,1.0,1.0,31.001451339771
24830,1.260177498824183e-07,3.475061740447194e-07,1.0,1.0,31.005426001881236
24840,1.1661483629344352e-07,3.814078806562226e-07,1.0,1.0,31.007796158346725
24850,1.1314089845872425e-07,3.3125914490787006e-07,1.0,1.0,31.004101925373362
24860,1.0832108722612621e-07,3.619545059283876e-07,1.0,1.0,31.002365239015305
24870,1.1700224813029289e-07,3.752437710015331e-07,1.0,1.0,31.001787314075543
24880,1.3010448897050124e-07,3.675679445383709e-07,1.0,1.0,31.0042075760496
24890,1.0996814351275037e-07,3.487327260354908e-07,1.0,1.0,31.001335528459972
24900,1.0948817673706737e-07,3.6877990594108063e-07,1.0,1.0,31.000167330799588
24910,1.1522604379091626e-07,3.427308580283721e-07,1.0,1.0,31.00035818899252
24920,1.1150480294100124e-07,3.7079223926939266e-07,1.0,1.0,31.00374861249038
24930,1.0615796164822788e-07,3.8023422724125324e-07,1.0,1.0,31.00454636410141
24940,1.1347410311585967e-07,3.3009437955100517e-07,1.0,1.0,31.006728790838608
24950,1.0952869365045026e-07,4.2135186378381436e-07,1.0,1.0,31.006794715977904
24960,9.738392606924818e-08,3.5292368770729204e-07,1.0,1.0,31.00208386949468
24970,1.19503824775321e-07,3.375344688134777e-07,1.0,1.0,31.00226921394557
24980,9.980241903029132e-08,3.946511076664133e-07,1.0,1.0,31.005873190628442
24990,1.0468392387489709e-07,3.438995956394433e-07,1.0,1.0,31.00448934577972
25000,1.169073521479587e-07,4.2731146246030575e-07,1.0,1.0,31.000043837226386
25010,1.0959951944110876e-07,3.3125456204712524e-07,1.0,1.0,31.00297008966895
25020,9.408650806538465e-08,3.512802266134562e-07,1.0,1.0,31.004097725471468
25030,1.1380961664451696e-07,3.797134859845097e-07,1.0,1.0,30.99945186565771
25040,1.0680047419865844e-07,3.258629375339048e-07,1.0,1.0,31.003249791374284
25050,1.090296746531984e-07,3.318312853502439e-07,1.0,1.0,31.004457586887213
25060,1.1827484826559521e-07,3.887273634730357e-07,1.0,1.0,31.005203856189283
25070,1.1125761306621122e-07,3.468286048241992e-07,1.0,1.0,31.00347729266691
25080,1.0600900253254068e-07,3.556852255219283e-07,1.0,1.0,31.002611535657437
25090,1.1823677703781373e-07,3.504721666451224e-07,1.0,1.0,31.00275103662196
25100,9.916567906225887e-08,3.6476951082624837e-07,1.0,1.0,31.00401182544259
25110,1.0321412299292425e-07,3.592176365275372e-07,1.0,1.0,31.00238676863981
25120,1.1036855023549326e-07,3.6561353345417563e-07,1.0,1.0,31.00142369743021
25130,1.2007248943567292e-07,3.4902368870077563e-07,1.0,1.0,31.000974916955894
25140,1.0661741654766111e-07,3.648657008881796e-07,1.0,1.0,31.001999833757385
25150,1.0129279357174271e-07,3.4899336381135235e-07,1.0,1.0,30.998794451270296
25160,9.846089262561793e-08,3.406229294591921e-07,1.0,1.0,31.001672103383505
25170,1.1196467347367286e-07,3.9205812060029827e-07,1.0,1.0,31.00099477684957
25180,1.1101712685467828e-07,3.606229954452907e-07,1.0,1.0,31.00308775842913
25190,1.0910632820795797e-07,3.5190083389156753e-07,1.0,1.0,31.000960228830916
25200,1.0684222466842949e-07,3.501782280611075e-07,1.0,1.0,30.999196143563328
25210,1.2035554569007995e-07,3.767358041801896e-07,1.0,1.0,31.001563221033464
25220,1.110395382793595e-07,3.456972667395253e-07,1.0,1.0,31.002595836182582
25230,1.1546397002174579e-07,3.554887363258706e-07,1.0,1.0,31.002969751945194
25240,1.0876170170774652e-07,3.6095796261837343e-07,1.0,1.0,31.000781874068217
25250,1.1477165537614112e-07,3.5058872215846815e-07,1.0,1.0,31.001432998129136
25260,1.0856681683851885e-07,3.5461124253364413e-07,1.0,1.0,31.000278528670886
25270,1.2422312507052737e-07,3.670567161202858e-07,1.0,1.0,30.99728520237497
25280,1.116809316235641e-07,3.458644038792685e-07,1.0,1.0,31.002405736261345
25290,1.0734927975630059e-07,3.589718683945067e-07,1.0,1.0,31.00394058923996
25300,1.0275009685931544e-07,3.6263984928135365e-07,1.0,1.0,31.003758322221504
25310,1.0984334686520377e-07,3.5552255075198006e-07,1.0,1.0,31.00084944551344
25320,1.0888769614540752e-07,3.5638685208783556e-07,1.0,1.0,30.99988047722852
25330,1.3010922618318773e-07,3.6415740813231827e-07,1.0,1.0,30.996500945512796
25340,1.1015630721342567e-07,3.7453676214948435e-07,1.0,1.0,31.00218527311751
25350,1.0442578908037137e-07,3.5919475090756515e-07,1.0,1.0,31.003592923683847
25360,1.1355989051975394e-07,3.539401065323243e-07,1.0,1.0,31.00222102635732
25370,1.043532335694009e-07,3.833726095920227e-07,1.0,1.0,30.99861381217056
25380,1.0859979884140528e-07,3.4256157765459396e-07,1.0,1.0,30.998689298819954
25390,1.1005285164464143e-07,3.958943722016286e-07,1.0,1.0,31.00198156102237
25400,1.2173804885544646e-07,3.257573166076864e-07,1.0,1.0,30.999789346069104
25410,9.701687052773273e-08,3.7034043983420826e-07,1.0,1.0,31.00098093972372
25420,1.08504326145982e-07,3.7392207094694667e-07,1.0,1.0,30.998571376360932
25430,1.1342935729418818e-07,3.3595849629980625e-07,1.0,1.0,31.00199006141033
25440,1.0095440607633986e-07,3.5518286029233567e-07,1.0,1.0,31.002077539397767
25450,1.3176605265548343e-07,3.7036684801815276e-07,1.0,1.0,30.99528662216536
25460,1.2242701585318375e-07,3.7434753874599375e-07,1.0,1.0,30.99978913151049
25470,1.0137417980859166e-07,3.3918605819580543e-07,1.0,1.0,31.002390761836633
25480,1.1970861850499897e-07,3.439755025647411e-07,1.0,1.0,31.000786079505303
25490,1.1240031403467263e-07,3.616095647052059e-07,1.0,1.0,30.999377153337072
25500,1.0595757647881704e-07,3.69550840595759e-07,1.0,1.0,30.998522103675693
25510,1.1162529782493543e-07,3.580066222679109e-07,1.0,1.0,30.997277872576454
25520,9.738621740650056e-08,3.6356858268295876e-07,1.0,1.0,30.997979996077458
25530,1.0705943971784484e-07,3.6775247118994577e-07,1.0,1.0,30.997576623346422
25540,1.1322120701875993e-07,3.491894433667445e-07,1.0,1.0,30.996598596080588
25550,1.0511541865837064e-07,3.7315307103789673e-07,1.0,1.0,30.99980073934694
25560,1.0180880591243438e-07,3.363215042307476e-07,1.0,1.0,31.00269119197109
25570,1.1118023159401825e-07,3.6818872053855814e-07,1.0,1.0,31.003721431089115
25580,1.0992376390139274e-07,3.375923348558217e-07,1.0,1.0,30.998996407254797
25590,1.0920478898511361e-07,3.3802373702570126e-07,1.0,1.0,30.99894920549823
25600,1.163539458028306e-07,3.5920909517992266e-07,1.0,1.0,30.996699175848317
25610,1.1519303775655202e-07,3.498989879546086e-07,1.0,1.0,30.99911896489465
25620,1.1850698070977791e-07,3.482145932005804e-07,1.0,1.0,31.00074668405923
25630,1.1596597224431187e-07,3.7241467918913866e-07,1.0,1.0,30.998377399553263
25640,1.0091961709807819e-07,3.490777567721995e-07,1.0,1.0,30.99770262355569
25650,1.0629173892767559e-07,3.520187591601011e-07,1.0,1.0,30.997506334028483
25660,1.1726895825805255e-07,3.5263203450093303e-07,1.0,1.0,30.995420500912285
25670,1.0640857965593868e-07,3.528131870449061e-07,1.0,1.0,30.99749564725749
25680,1.1497218698923184e-07,3.7051694283173827e-07,1.0,1.0,30.998867835321487
25690,1.2185187822949718e-07,3.436062598727681e-07,1.0,1.0,30.999421973443162
25700,1.0485993079746638e-07,3.6801627285729196e-07,1.0,1.0,30.99985922715804
25710,1.0119336278286664e-07,3.4011839413115215e-07,1.0,1.0,30.99939530927579
25720,1.1754092384245883e-07,3.461366685457938e-07,1.0,1.0,30.99727337627908
25730,1.0550287452222238e-07,3.672982318338702e-07,1.0,1.0,30.99760683837238
25740,9.417175483699779e-08,3.35737358855428e-07,1.0,1.0,30.998034273959266
25750,1.1561610359601873e-07,3.786387555662346e-07,1.0,1.0,30.994609478423076
25760,1.0878684548388415e-07,3.522979993772365e-07,1.0,1.0,30.996545853992224
25770,1.0816376893633385e-07,3.576554694427342e-07,1.0,1.0,30.999887240225746
25780,1.0485778037498855e-07,3.351273905986447e-07,1.0,1.0,30.998513124132263
25790,1.0781401381452768e-07,3.637205923280974e-07,1.0,1.0,30.999299797498967
25800,9.872023465985123e-08,3.240430195912915e-07,1.0,1.0,30.999522962720594
25810,1.263065484466864e-07,3.893683036764941e-07,1.0,1.0,30.99375766816383
25820,1.335968267306552e-07,3.330906331353378e-07,1.0,1.0,30.995104817746434
25830,9.908482623030756e-08,3.9001592065510626e-07,1.0,1.0,30.998455011818162
25840,1.1740986726693419e-07,3.309119256366884e-07,1.0,1.0,30.99905569676259
25850,1.0696794695842193e-07,3.4303922783148e-07,1.0,1.0,30.9983638483434
25860,1.085941695920865e-07,3.4910995637194083e-07,1.0,1.0,30.998190346028654
25870,1.2644853856335514e-07,3.7327246492158995e-07,1.0,1.0,30.993414352942363
25880,1.0899670002861867e-07,3.582837047488586e-07,1.0,1.0,30.998131801435232
25890,1.0316009566426491e-07,3.36500811327028e-07,1.0,1.0,30.99880351760621
25900,1.350830027950227e-07,3.434380222919711e-07,1.0,1.0,30.994149215368875
25910,1.0851911441132787e-07,3.692948428407231e-07,1.0,1.0,30.996944482589043
25920,1.0426231672919488e-07,3.4044527402558655e-07,1.0,1.0,31.00074809685816
25930,1.0984047550679793e-07,3.3706303423097945e-07,1.0,1.0,30.997608598724188
25940,1.0645894600195157e-07,3.793401063048503e-07,1.0,1.0,30.9961916510022
25950,1.047518367153103e-07,3.369593048504273e-07,1.0,1.0,30.996594397522927
25960,1.0694505477012253e-07,3.5968304218510764e-07,1.0,1.0,30.995879767814092
25970,1.076110508904204e-07,3.479246295769395e-07,1.0,1.0,30.993865839246336
25980,1.0525244900084338e-07,3.352353831387764e-07,1.0,1.0,30.996372533638713
25990,1.1703043095732283e-07,3.8044525007397993e-07,1.0,1.0,30.995294152167432
26000,1.1734915971323083e-07,3.356194919445904e-07,1.0,1.0,30.99691716565514
26010,1.1571365015707457e-07,3.567626432906696e-07,1.0,1.0,30.996301730372892
26020,1.16232810320946e-07,3.443533879477601e-07,1.0,1.0,30.996698683392978
26030,9.962919034344559e-08,3.5356439570255465e-07,1.0,1.0,30.995879423928507
26040,1.0342083576436548e-07,3.7286073202981294e-07,1.0,1.0,30.995361926467428
26050,1.0807746489611726e-07,3.386512854484383e-07,1.0,1.0,30.995473014533978
26060,1.1700698493299506e-07,3.7922597928539517e-07,1.0,1.0,30.99891482892233
26070,1.0432620928657558e-07,3.332375250494885e-07,1.0,1.0,31.00006747641853
26080,1.2535117922226934e-07,3.5440853084354505e-07,1.0,1.0,30.99594796013928
26090,1.2099675601930962e-07,3.4960961166764983e-07,1.0,1.0,30.998478609752574
26100,1.0900659530616729e-07,3.5490495947950156e-07,1.0,1.0,30.99870481346211
26110,1.174315966639037e-07,3.449430442336848e-07,1.0,1.0,30.993969695885667
26120,1.0473052387928388e-07,3.5287149012303e-07,1.0,1.0,30.99270165403838
26130,1.1006773329784503e-07,3.491350987097037e-07,1.0,1.0,30.993381896918386
26140,1.2013669307239187e-07,3.5960540416309935e-07,1.0,1.0,30.99702989319468
26150,1.129557958589399e-07,3.4386339805493395e-07,1.0,1.0,30.996233914822476
26160,1.0598134525051886e-07,3.8605728743259175e-07,1.0,1.0,30.997218194977396
26170,1.282628607760973e-07,3.411912698360289e-07,1.0,1.0,30.993842994539552
26180,1.118628733433356e-07,3.576185638650532e-07,1.0,1.0,30.99454029006259
26190,1.0883932209992965e-07,3.7204213353247535e-07,1.0,1.0,30.995527957144382
26200,1.1236594129670503e-07,3.368790813714927e-07,1.0,1.0,30.994759167624185
26210,1.0202988761448214e-07,3.7448296979247214e-07,1.0,1.0,30.995783795453782
26220,1.0589263694558212e-07,3.426689447058635e-07,1.0,1.0,30.99491371794591
26230,1.1424120264186665e-07,3.5680574284560293e-07,1.0,1.0,30.996075831645097
26240,1.0587040443917027e-07,3.223939777593854e-07,1.0,1.0,30.99425980922742
26250,1.1387267251066268e-07,3.467808733603772e-07,1.0,1.0,30.994299721954135
26260,1.2313715487248565e-07,3.256367796770557e-07,1.0,1.0,30.996372587772484
26270,9.162857601511676e-08,3.5135630696483425e-07,1.0,1.0,30.99721558417242
26280,1.00826532699711e-07,3.7281269207304366e-07,1.0,1.0,30.997233952717703
26290,1.2581840246035513e-07,3.9057273799962584e-07,1.0,1.0,30.99340437085889
26300,1.203672202618359e-07,3.346107809975247e-07,1.0,1.0,30.994610462826255
26310,9.303540317837966e-08,3.4605874129874736e-07,1.0,1.0,30.996838611304653
26320,1.1997854117042075e-07,3.6503958151984546e-07,1.0,1.0,30.99209312443903
26330,1.0778813706043946e-07,3.744287720254932e-07,1.0,1.0,30.996351328129478
26340,1.0572920528840986e-07,3.288054445833233e-07,1.0,1.0,30.99923207632491
26350,1.1042002342328077e-07,3.4678153676174493e-07,1.0,1.0,30.996200352502054
26360,1.0462817184032222e-07,3.6385799336222427e-07,1.0,1.0,30.995189796300263
26370,1.1563008718494724e-07,3.4981882124851036e-07,1.0,1.0,30.993337371183344
26380,1.1145926973550108e-07,3.4770118433641e-07,1.0,1.0,30.993462677486423
26390,1.1977385150082124e-07,3.4058308219485295e-07,1.0,1.0,30.99592363485483
26400,1.0425747005832066e-07,3.4440976359986877e-07,1.0,1.0,30.997454667607354
26410,9.946222847846239e-08,3.551921780417406e-07,1.0,1.0,30.995831154560296
26420,1.0792318956024305e-07,3.423934017283329e-07,1.0,1.0,30.99412346382125
26430,1.0197863338596934e-07,3.5418157020451864e-07,1.0,1.0,30.99170160130873
26440,1.0998874796654591e-07,3.6347206184317606e-07,1.0,1.0,30.986070991468363
26450,1.0483113714270928e-07,3.561505394782865e-07,1.0,1.0,30.994254554101012
26460,9.588654366920125e-08,3.4220253580887424e-07,1.0,1.0,30.998130102707528
26470,1.0803917043127368e-07,3.350541890624893e-07,1.0,1.0,30.99554232282381
26480,1.2671500096202268e-07,3.347505354581318e-07,1.0,1.0,30.994057236568178
26490,9.873851326809632e-08,3.6466734123713247e-07,1.0,1.0,30.994147868927218
26500,1.1129356725855245e-07,3.4464043588946754e-07,1.0,1.0,30.993162526693144
26510,1.0343728885076609e-07,3.591822656892091e-07,1.0,1.0,30.99609720620875
26520,1.0093756565121394e-07,3.2432327957181857e-07,1.0,1.0,30.994892812200476
26530,1.0824668869956026e-07,3.3107030049023984e-07,1.0,1.0,30.996327749878397
26540,9.937576809380045e-08,3.850715099419854e-07,1.0,1.0,30.992462238830544
26550,1.0625215926207805e-07,3.490244126116033e-07,1.0,1.0,30.992757381917915
26560,1.0856244265609659e-07,3.5761619528153004e-07,1.0,1.0,30.992270190769336
26570,1.0580036469756304e-07,3.512820770550622e-07,1.0,1.0,30.991927770910667
26580,1.1153420221877855e-07,3.4886147742537415e-07,1.0,1.0,30.993026775606747
26590,1.0004159346353601e-07,3.454637480908522e-07,1.0,1.0,30.992353147888814
26600,1.068168566642564e-07,3.6566471619806284e-07,1.0,1.0,30.99196012916308
26610,1.0401427403000176e-07,3.512205475578024e-07,1.0,1.0,30.991960980354655
26620,1.0867967840918568e-07,3.3866285002378405e-07,1.0,1.0,30.991352369866966
26630,1.063596924766085e-07,3.724164006396822e-07,1.0,1.0,30.99148147074143
26640,1.1791579132294742e-07,3.256261080403829e-07,1.0,1.0,30.993380374672174
26650,1.1169591526128996e-07,3.6433389456722675e-07,1.0,1.0,30.998283919117043
26660,1.0324497037536971e-07,3.248191699078968e-07,1.0,1.0,30.99312809316468
26670,9.562083212858067e-08,3.59529507286856e-07,1.0,1.0,30.9905130155919
26680,1.1806592983683704e-07,3.4714310249525074e-07,1.0,1.0,30.989673052661775
26690,1.1517503697114729e-07,3.692307558484426e-07,1.0,1.0,30.99736618167849
26700,9.558264300525228e-08,3.5260952069982295e-07,1.0,1.0,30.996268568490727
26710,1.3706293529988428e-07,3.6249061598963107e-07,1.0,1.0,30.99473803820547
26720,1.108597745267541e-07,3.3060299006490274e-07,1.0,1.0,30.993107518577855
26730,1.0916614200763871e-07,3.650821774456363e-07,1.0,1.0,30.99314398498139
26740,1.1375056782635521e-07,3.6942451758790705e-07,1.0,1.0,30.989723464035986
26750,1.0108581977451703e-07,3.618895662848625e-07,1.0,1.0,30.99179715440918
26760,1.1099201681568927e-07,3.2464698908214094e-07,1.0,1.0,30.993927161851055
26770,1.0793376623462675e-07,3.551666282500421e-07,1.0,1.0,30.989781760294786
26780,1.0201245551359485e-07,3.5091203154682046e-07,1.0,1.0,30.986256639362573
26790,1.043691309413453e-07,3.630330328059341e-07,1.0,1.0,30.98662556973442
26800,1.1159208924341579e-07,3.192944402437146e-07,1.0,1.0,30.988353423453656
26810,1.2414807406490981e-07,3.79418348352455e-07,1.0,1.0,30.993218977332273
26820,9.030823518736236e-08,3.256702715792082e-07,1.0,1.0,30.994775651570507
26830,1.2732567504760984e-07,3.4831449915277186e-07,1.0,1.0,30.987715798355328
26840,1.2862336754146624e-07,3.492044432868721e-07,1.0,1.0,30.990548309700067
26850,1.0146399456885926e-07,3.194751368459589e-07,1.0,1.0,30.993496859835542
26860,1.0826589261276018e-07,3.4364448291394366e-07,1.0,1.0,30.99004669050349
26870,1.147562822521212e-07,3.45104969388933e-07,1.0,1.0,30.990835113532192
26880,9.863576345423563e-08,3.3689651559827553e-07,1.0,1.0,30.992578749969194
26890,1.1544972826448983e-07,3.4633670253504463e-07,1.0,1.0,30.98858685953467
26900,1.2559090404247195e-07,3.347838023124787e-07,1.0,1.0,30.990122466609964
26910,1.0506132416409338e-07,3.665249722383602e-07,1.0,1.0,30.993414535802362
26920,1.0007411068746843e-07,3.4361537465193405e-07,1.0,1.0,30.99188443799987
26930,1.039977611805774e-07,3.4736714424417417e-07,1.0,1.0,30.990233045288207
26940,1.1765610251295258e-07,3.25207414201987e-07,1.0,1.0,30.990741818192294
26950,1.2024535855429e-07,3.694933813540313e-07,1.0,1.0,30.98899399807593
26960,1.0668317829189377e-07,3.502526431378462e-07,1.0,1.0,30.987141005946015
26970,1.1857821572576948e-07,3.4693717911995966e-07,1.0,1.0,30.989504273031297
26980,1.0767306932910626e-07,3.2745391688838896e-07,1.0,1.0,30.989630514269106
26990,1.0860865774826327e-07,3.6589996029959966e-07,1.0,1.0,30.98958925551717
27000,1.0156710597685928e-07,3.578035877630652e-07,1.0,1.0,30.98878012353192
27010,1.0976271376169601e-07,3.3265625664572364e-07,1.0,1.0,30.9893292094276
27020,1.0713415060843196e-07,3.246621586387113e-07,1.0,1.0,30.987594348767214
27030,1.0880060263074537e-07,3.7466268541142433e-07,1.0,1.0,30.98883851369331
27040,1.201245579503938e-07,3.6718891592597004e-07,1.0,1.0,30.98948610230765
27050,1.056813550063576e-07,3.438421799345391e-07,1.0,1.0,30.98868268438427
27060,1.0726748103150031e-07,3.311316760591326e-07,1.0,1.0,30.98812589015702
27070,1.2356999873487036e-07,3.516371552927289e-07,1.0,1.0,30.98604710552949
27080,1.0809277453351096e-07,3.595630966986313e-07,1.0,1.0,30.98670058569182
27090,1.0076736550766618e-07,3.4125254200692145e-07,1.0,1.0,30.990166167157128
27100,1.199887298656118e-07,3.3751631825389585e-07,1.0,1.0,30.988739944834844
27110,1.1821766452236086e-07,3.4280560201265146e-07,1.0,1.0,30.989251083019518
27120,1.031570686498976e-07,3.395143621006779e-07,1.0,1.0,30.989343555366947
27130,1.1439468474997078e-07,3.299669858560867e-07,1.0,1.0,30.988284113336686
27140,1.1177862730135067e-07,3.4999158167978533e-07,1.0,1.0,30.98952393076467
27150,1.047478318536738e-07,3.5580052380785263e-07,1.0,1.0,30.988588988672763
27160,1.1676619784671874e-07,3.7536603484363573e-07,1.0,1.0,30.98456895719663
27170,1.0123134773391038e-07,3.504294994813741e-07,1.0,1.0,30.98638566316117
27180,1.0955115757694467e-07,3.1727059128167753e-07,1.0,1.0,30.988415085833942
27190,1.1235511644966712e-07,3.3273286273905636e-07,1.0,1.0,30.987282315140316
27200,1.0524971189053029e-07,3.937544563177575e-07,1.0,1.0,30.98995700058563
27210,9.644476715189023e-08,3.2738570963446497e-07,1.0,1.0,30.988410952775453
27220,1.1617086070370772e-07,3.38292641469361e-07,1.0,1.0,30.986907432835217
27230,1.0508676127869745e-07,3.486485931436462e-07,1.0,1.0,30.984245328488598
27240,1.0191798618221188e-07,3.2676590259180415e-07,1.0,1.0,30.987148964314358
27250,1.1344393539193859e-07,3.5160360960147197e-07,1.0,1.0,30.989214250162217
27260,1.0057383419982495e-07,3.304165659914686e-07,1.0,1.0,30.99143908001492
27270,1.0515078126762981e-07,3.3605910983923384e-07,1.0,1.0,30.98941528913684
27280,1.1323041903652194e-07,3.4550287335065677e-07,1.0,1.0,30.98261736981739
27290,1.0947292856553578e-07,3.766202167815647e-07,1.0,1.0,30.985911923025977
27300,1.1128885986922871e-07,3.238223011513942e-07,1.0,1.0,30.98931230590752
27310,1.207445268427609e-07,3.448748558027325e-07,1.0,1.0,30.98817084227791
27320,1.0552221070948608e-07,3.2695508124748864e-07,1.0,1.0,30.98750411280462
27330,9.482339859202925e-08,3.774743472076357e-07,1.0,1.0,30.9869853436512
27340,1.3121446692087256e-07,3.332572955247623e-07,1.0,1.0,30.987308718452123
27350,1.0326200308940733e-07,3.8941852446605515e-07,1.0,1.0,30.989012255172796
27360,9.913471605967054e-08,3.5930712417080303e-07,1.0,1.0,30.988194470879957
27370,1.0380455997946905e-07,3.322355900095725e-07,1.0,1.0,30.98623711104217
27380,1.1247410279686916e-07,3.310796814345085e-07,1.0,1.0,30.985814596360594
27390,1.0461169768246298e-07,3.467534101346959e-07,1.0,1.0,30.99103134453768
27400,1.0344281460977694e-07,3.3472680361534564e-07,1.0,1.0,30.99095956989936
27410,9.898031882451617e-08,3.670115414748675e-07,1.0,1.0,30.99001405647743
27420,1.0308503140329872e-07,3.545475846969229e-07,1.0,1.0,30.986464078260173
27430,1.178696920863541e-07,3.390292828990152e-07,1.0,1.0,30.98334976772961
27440,1.2313905949630805e-07,3.3739919754271226e-07,1.0,1.0,30.983573367179186
27450,1.0701586236963836e-07,3.277542744525408e-07,1.0,1.0,30.98742899903272
27460,1.2045312005744134e-07,3.5108908110443287e-07,1.0,1.0,30.98948104587256
27470,1.09521833649687e-07,3.461122510281883e-07,1.0,1.0,30.991519010873024
27480,9.770776136484565e-08,3.504139706603129e-07,1.0,1.0,30.987396585848746
27490,1.142651871282261e-07,3.7530458267657776e-07,1.0,1.0,30.98504952803208
27500,1.052331909675685e-07,3.2984021209251e-07,1.0,1.0,30.986134023650187
27510,1.0676157027454215e-07,3.248889851423869e-07,1.0,1.0,30.986706235846867
27520,1.0315454327561756e-07,3.376745017659373e-07,1.0,1.0,30.984865153806158
27530,1.0309883713357632e-07,3.832868517034277e-07,1.0,1.0,30.98452409251748
27540,1.1511017243735344e-07,3.291299293872424e-07,1.0,1.0,30.98565876465383
27550,1.0981601197194072e-07,3.581728184902226e-07,1.0,1.0,30.98380644802799
27560,1.1867995993453085e-07,3.2737009152376437e-07,1.0,1.0,30.985681461094526
27570,1.1412439377873502e-07,3.4200847942858535e-07,1.0,1.0,30.988827992329675
27580,1.0986950406856936e-07,3.4420473424410065e-07,1.0,1.0,30.984328871499375
27590,1.0604678347070159e-07,3.3092176772480917e-07,1.0,1.0,30.98792928980508
27600,9.375773072089468e-08,3.391203821759076e-07,1.0,1.0,30.987177675252017
27610,1.2257389556606011e-07,3.5009581620943743e-07,1.0,1.0,30.98441083631278
27620,1.0847943669500608e-07,3.6152931010221223e-07,1.0,1.0,30.983679285630643
27630,1.1709120591036927e-07,3.2788077740972123e-07,1.0,1.0,30.984053883650073
27640,1.0968232270170664e-07,3.2705758734114003e-07,1.0,1.0,30.986104791190968
27650,1.0958127351823259e-07,3.6635251772416814e-07,1.0,1.0,30.984209631243402
27660,1.0131822510174583e-07,3.2404132027709217e-07,1.0,1.0,30.98520947266894
27670,1.202597675131356e-07,3.551569703269623e-07,1.0,1.0,30.98101821704061
27680,1.0596773770102846e-07,3.600216926174607e-07,1.0,1.0,30.985836823655482
27690,1.1675268519759329e-07,3.34300552099637e-07,1.0,1.0,30.986778510438892
27700,1.1441287376788417e-07,3.376672298065203e-07,1.0,1.0,30.990083548665883
27710,1.1280958830835934e-07,3.4634367298582633e-07,1.0,1.0,30.98383276608394
27720,1.0848473630974805e-07,3.215254931936728e-07,1.0,1.0,30.981700200804024
27730,1.244509667912744e-07,3.5087258432974174e-07,1.0,1.0,30.979927197484617
27740,1.0958485053871953e-07,3.530169330357133e-07,1.0,1.0,30.984397154426684
27750,1.0814458045478197e-07,3.3270662802281824e-07,1.0,1.0,30.98484732014826
27760,1.1088814998761805e-07,3.374055548316307e-07,1.0,1.0,30.982844447931583
27770,1.1391265743772766e-07,3.5002989277491624e-07,1.0,1.0,30.982568838782583
27780,9.699393071151337e-08,3.5049992340516604e-07,1.0,1.0,30.98321448132554
27790,1.1456618307042454e-07,3.523903929037738e-07,1.0,1.0,30.9796037998527
27800,1.153547737015033e-07,3.205023554833507e-07,1.0,1.0,30.98331435553916
27810,1.1090836556360724e-07,3.8095697157397654e-07,1.0,1.0,30.98716658323033
27820,1.1857905701324958e-07,3.7056793373338175e-07,1.0,1.0,30.982075104431363
27830,1.0455335124163772e-07,3.3630480835155005e-07,1.0,1.0,30.982153363584448
27840,1.0727167910651211e-07,3.280366292144137e-07,1.0,1.0,30.983151847035504
27850,1.1024055223873301e-07,3.4442429772305324e-07,1.0,1.0,30.981884186873863
27860,9.705722668874286e-08,3.262928496762918e-07,1.0,1.0,30.98083001306905
27870,1.1576892802963677e-07,3.4384048466561453e-07,1.0,1.0,30.98268700289835
27880,1.1027761567189105e-07,3.224886301965378e-07,1.0,1.0,30.984547610577494
27890,1.0445887417124301e-07,3.658442157643731e-07,1.0,1.0,30.986679803917095
27900,1.0906538199978235e-07,3.364616532992955e-07,1.0,1.0,30.985479668792784
27910,1.2051200612635978e-07,3.453364838395726e-07,1.0,1.0,30.98045003977252
27920,1.0892290190380024e-07,3.404533561623179e-07,1.0,1.0,30.982879904195286
27930,9.606254763430925e-08,3.492460545056268e-07,1.0,1.0,30.982766598859417
27940,1.2512260272918323e-07,3.355232229195858e-07,1.0,1.0,30.97958615239763
27950,1.08675432784784e-07,3.295982272226498e-07,1.0,1.0,30.983235478305097
27960,1.0415903911831745e-07,3.461658356780573e-07,1.0,1.0,30.98593684703069
27970,1.1115440090762277e-07,3.374003652920676e-07,1.0,1.0,30.982816387428876
27980,1.0602010561429782e-07,3.415815113203144e-07,1.0,1.0,30.982447321871927
27990,9.438508418276854e-08,3.6223302377143196e-07,1.0,1.0,30.98370920936611
28000,1.194957828449943e-07,3.8300342559519175e-07,1.0,1.0,30.98259141315847
28010,1.1543255759552719e-07,3.295089429144063e-07,1.0,1.0,30.984345177837923
28020,9.856705964797879e-08,3.398614995065977e-07,1.0,1.0,30.98320130537125
28030,1.101391123044002e-07,3.27843241985897e-07,1.0,1.0,30.97994309552206
28040,1.1166873455778097e-07,3.33552690383833e-07,1.0,1.0,30.979905249565537
28050,1.1125927428866822e-07,3.379713576928703e-07,1.0,1.0,30.980123929478253
28060,1.3057730719075843e-07,3.363762267174124e-07,1.0,1.0,30.978397352195355
28070,1.0401876648836555e-07,3.365867089956902e-07,1.0,1.0,30.980871530160197
28080,1.1566371360479054e-07,3.3436018357755705e-07,1.0,1.0,30.982749452579164
28090,1.1165081749563567e-07,3.13390831829393e-07,1.0,1.0,30.98458890436478
28100,1.0791699416652259e-07,3.48827476075825e-07,1.0,1.0,30.982430529423016
28110,9.504514266500696e-08,3.3506009412195173e-07,1.0,1.0,30.98046408827897
28120,1.1242952715901058e-07,3.3566724701602163e-07,1.0,1.0,30.978578301594496
28130,1.0515165767702106e-07,3.5176735257676994e-07,1.0,1.0,30.980856705286197
28140,1.0336248473958774e-07,3.4647554523426994e-07,1.0,1.0,30.983178945612927
28150,1.3312528237186222e-07,3.4334064384430196e-07,1.0,1.0,30.980992048152288
28160,1.0387006503563113e-07,3.2303705925651825e-07,1.0,1.0,30.983278015463668
28170,9.998418048998104e-08,3.4093253728574266e-07,1.0,1.0,30.981922975937124
28180,1.047387436181496e-07,3.6873520006456526e-07,1.0,1.0,30.979439908083833
28190,1.1016873826743554e-07,3.112057498059654e-07,1.0,1.0,30.98282915453122
28200,1.1593980545477302e-07,3.6423585526021814e-07,1.0,1.0,30.982593490252604
28210,1.1614217341169765e-07,3.129672716411806e-07,1.0,1.0,30.984932508866727
28220,1.0549195699559497e-07,3.6584432353730244e-07,1.0,1.0,30.981879878687597
28230,1.0843690986410428e-07,3.2828029385181347e-07,1.0,1.0,30.979075946987464
28240,1.10850639501193e-07,3.70485130166836e-07,1.0,1.0,30.97788558637819
28250,1.1548654146281439e-07,3.253850571882363e-07,1.0,1.0,30.98039575960388
28260,9.420402349884958e-08,3.355163197513411e-07,1.0,1.0,30.980859363340816
28270,1.1343837246451133e-07,3.4925914866859e-07,1.0,1.0,30.978065957009576
28280,1.0211158851607719e-07,3.509533869243569e-07,1.0,1.0,30.980717997804195
28290,9.922238784510195e-08,3.1961124856051e-07,1.0,1.0,30.982327971203777
28300,1.1666588074110143e-07,3.5324669185446543e-07,1.0,1.0,30.978361622527853
28310,9.956749098324995e-08,3.361439329072013e-07,1.0,1.0,30.974774960900024
28320,1.0636005169394794e-07,3.245625080736469e-07,1.0,1.0,30.978648457243327
28330,1.3216584329597621e-07,3.297351695896995e-07,1.0,1.0,30.978907012494886
28340,1.1333805864176117e-07,3.4828387576183225e-07,1.0,1.0,30.981514314317955
28350,9.908031941030657e-08,3.867027885129782e-07,1.0,1.0,30.978493392268742
28360,1.2707520038957097e-07,3.2547944161769656e-07,1.0,1.0,30.977650880116624
28370,1.1385407382726507e-07,3.540362543241449e-07,1.0,1.0,30.976851790862504
28380,1.034009107535761e-07,3.30554989202259e-07,1.0,1.0,30.978109049628184
28390,1.3064990165176155e-07,3.295683992721694e-07,1.0,1.0,30.978842652912657
28400,1.11697229546828e-07,3.457749012382291e-07,1.0,1.0,30.979629982036354
28410,9.865905489069343e-08,3.3943804215438003e-07,1.0,1.0,30.980704168983046
28420,1.0924275190605544e-07,3.4442786117020406e-07,1.0,1.0,30.97656757482051
28430,1.0793742930258118e-07,3.299763481189501e-07,1.0,1.0,30.97897129697583
28440,9.621980361197781e-08,3.2825592307689755e-07,1.0,1.0,30.981396919278463
28450,1.0362152056454066e-07,3.521849211761132e-07,1.0,1.0,30.976860956183632
28460,1.1177269322246628e-07,3.2964272717274207e-07,1.0,1.0,30.976895108597393
28470,1.115106677549339e-07,3.424043921276198e-07,1.0,1.0,30.97885734074437
28480,1.1240666294198415e-07,3.26444637176626e-07,1.0,1.0,30.978228429301517
28490,1.1806900776513579e-07,3.406568519845396e-07,1.0,1.0,30.97602016924884
28500,1.0123962205787211e-07,3.3845263448115425e-07,1.0,1.0,30.979944574043298
28510,9.471531928353822e-08,3.514406213854323e-07,1.0,1.0,30.980038694314395
28520,1.0962980122719748e-07,3.1775100720057793e-07,1.0,1.0,30.980756102967135
28530,1.0656152510680294e-07,3.442116676002241e-07,1.0,1.0,30.980490624725498
28540,1.2080339549088649e-07,3.3898895286607886e-07,1.0,1.0,30.97975248298481
28550,1.0953001772106322e-07,3.431404416388654e-07,1.0,1.0,30.978404063590922
28560,1.0564871107824809e-07,3.3748196471019256e-07,1.0,1.0,30.977906076261796
28570,1.1267988627704928e-07,3.9277088064744393e-07,1.0,1.0,30.973734047350042
28580,1.1065406362467328e-07,3.126688195587523e-07,1.0,1.0,30.97654625483665
28590,1.0646374131389389e-07,3.306020203892262e-07,1.0,1.0,30.980980164289498
28600,1.0846372675038761e-07,3.3807180586110025e-07,1.0,1.0,30.98168029036722
28610,1.1391334073411956e-07,3.273435303128895e-07,1.0,1.0,30.977602939882114
28620,1.0986043614786548e-07,3.7183181978671276e-07,1.0,1.0,30.97656587392565
28630,1.3247270657088093e-07,3.088369059138627e-07,1.0,1.0,30.9747736280654
28640,1.0906115029725789e-07,3.4314967834791015e-07,1.0,1.0,30.976759312016785
28650,1.0347921712500712e-07,3.199225447573259e-07,1.0,1.0,30.977765394109994
28660,1.1689714739860172e-07,3.6835750336648944e-07,1.0,1.0,30.97588803325382
28670,1.0965149565379625e-07,3.5181560625888565e-07,1.0,1.0,30.979758041753325
28680,9.825060280374505e-08,3.234113014818924e-07,1.0,1.0,30.980293713664956
28690,1.1447970813353623e-07,3.251150935234057e-07,1.0,1.0,30.973622811365587
28700,1.1681047572660427e-07,3.6645024768381367e-07,1.0,1.0,30.97314634165628
28710,9.67987990831752e-08,3.2508187611836277e-07,1.0,1.0,30.9770339600117
28720,1.0531767196831864e-07,3.418527518458692e-07,1.0,1.0,30.9775676330169
28730,1.0223865958249896e-07,3.225876153902917e-07,1.0,1.0,30.977663711386306
28740,1.0951979488581402e-07,3.3311364759024294e-07,1.0,1.0,30.977465196509183
28750,1.2841005352543275e-07,3.2860795833528553e-07,1.0,1.0,30.97373707533448
28760,1.083480851860453e-07,3.4282021405925904e-07,1.0,1.0,30.975038162425474
28770,1.0721314048253878e-07,3.2883925167045544e-07,1.0,1.0,30.975868260708342
28780,1.2396792366846996e-07,3.2432600806885024e-07,1.0,1.0,30.976585558999947
28790,1.1618345704896255e-07,3.564874406981875e-07,1.0,1.0,30.979057885053752
28800,9.61992965256887e-08,3.192771714475927e-07,1.0,1.0,30.98079930367265
28810,1.061562076000802e-07,3.39029903342585e-07,1.0,1.0,30.974862050915373
28820,1.0713592142734016e-07,3.4908966153797736e-07,1.0,1.0,30.975097074676594
28830,1.0081812868090383e-07,3.2425412817280595e-07,1.0,1.0,30.975997230323834
28840,1.0814371073765447e-07,3.68528514516051e-07,1.0,1.0,30.975417204050103
28850,1.1403297327561009e-07,3.3030716678440777e-07,1.0,1.0,30.978837175844635
28860,1.0137714245918451e-07,3.156055416230584e-07,1.0,1.0,30.97922905825448
28870,1.1723315724168341e-07,3.5175771937268217e-07,1.0,1.0,30.978457181760916
28880,1.1234788699888886e-07,3.364400917662957e-07,1.0,1.0,30.977470520040395
28890,1.0236026301695053e-07,3.4256685108811624e-07,1.0,1.0,30.97520627952758
28900,1.272373746432415e-07,3.3662998633242646e-07,1.0,1.0,30.973383838533433
28910,1.0766490236447274e-07,3.50224010994484e-07,1.0,1.0,30.97503182984253
28920,1.0132669462421048e-07,3.189354306665733e-07,1.0,1.0,30.976948560021153
28930,1.1780072004528999e-07,3.6516268751617884e-07,1.0,1.0,30.977527945547408
28940,1.091567389423526e-07,3.065655045208648e-07,1.0,1.0,30.98202390312208
28950,1.0826260811413047e-07,3.4333350100585796e-07,1.0,1.0,30.980378657528114
28960,1.1218983469950014e-07,3.236154655915766e-07,1.0,1.0,30.973213126306803
28970,1.0070007943059861e-07,3.9702080245633947e-07,1.0,1.0,30.973349192611835
28980,1.0568830201957863e-07,3.317021839460642e-07,1.0,1.0,30.975458573684644
28990,1.1601200505212725e-07,3.6500208624965136e-07,1.0,1.0,30.974031434368875
29000,1.047943885346248e-07,3.3186389595101064e-07,1.0,1.0,30.976129073599342
29010,1.1081195529896833e-07,3.3617993206616026e-07,1.0,1.0,30.97588152896163
29020,1.228664071153036e-07,3.3664782856833676e-07,1.0,1.0,30.974683245955386
29030,1.0304969365291258e-07,3.7884015233745035e-07,1.0,1.0,30.976851579567196
29040,9.521699512912458e-08,3.332650173341792e-07,1.0,1.0,30.974895162423874
29050,1.0848386207824065e-07,3.7360414854853136e-07,1.0,1.0,30.9749596105761
29060,1.0761452677388422e-07,3.4436102852979483e-07,1.0,1.0,30.974117233042183
29070,1.0721078383743066e-07,3.32674566581176e-07,1.0,1.0,30.97322413799731
29080,1.1185761472736249e-07,3.5550661485554424e-07,1.0,1.0,30.975119093479822
29090,1.026741636396808e-07,3.4029133147051515e-07,1.0,1.0,30.97331872577527
29100,1.0865667573174044e-07,3.38122543835229e-07,1.0,1.0,30.97228300417366
29110,1.2011110517708377e-07,3.2654269409921164e-07,1.0,1.0,30.97480293296324
29120,1.0864037354627127e-07,3.890962961553924e-07,1.0,1.0,30.97757108046402
29130,9.998409663396101e-08,3.09677371666444e-07,1.0,1.0,30.976912136710343
29140,1.237411398039523e-07,3.561356154054347e-07,1.0,1.0,30.97156076475826
29150,1.1570112413065442e-07,3.4236068788617615e-07,1.0,1.0,30.975089589722597
29160,1.0413083931429083e-07,3.216397165271967e-07,1.0,1.0,30.976790129464934
29170,1.1438061660386832e-07,3.5510955793469963e-07,1.0,1.0,30.973632485914816
29180,1.1248777590397132e-07,3.3667820882830736e-07,1.0,1.0,30.975744790333046
29190,9.260212640357065e-08,3.3778423440351766e-07,1.0,1.0,30.976548466545175
29200,1.2531019715711262e-07,3.3398710507774086e-07,1.0,1.0,30.973627827806062
29210,1.1507023560648981e-07,3.402650775268882e-07,1.0,1.0,30.975234530369622
29220,1.0601296901265264e-07,3.284275614132799e-07,1.0,1.0,30.976771207281264
29230,1.2571322431492158e-07,3.377906654113655e-07,1.0,1.0,30.97397669037657
29240,1.1565295511341467e-07,3.399447433591695e-07,1.0,1.0,30.971596183580143
29250,9.349676943985606e-08,3.317768450376894e-07,1.0,1.0,30.97313704795899
29260,1.0888172255059276e-07,3.650178670945281e-07,1.0,1.0,30.972430201365338
29270,9.827119421482334e-08,3.127647661118794e-07,1.0,1.0,30.973523654996033
29280,1.1014236283909224e-07,3.453057992009381e-07,1.0,1.0,30.973057863054375
29290,1.2672843083970793e-07,3.2979026489841613e-07,1.0,1.0,30.974321070759547
29300,9.742239941455162e-08,3.3211175245236406e-07,1.0,1.0,30.97506502823755
29310,1.0770826495046094e-07,3.2630436931678574e-07,1.0,1.0,30.976541152114248
29320,1.2500023635057341e-07,3.6918952770698094e-07,1.0,1.0,30.97537080828075
29330,1.2258828970813384e-07,3.7162417773481506e-07,1.0,1.0,30.975541734447937
29340,1.1197454699238314e-07,2.984098805856774e-07,1.0,1.0,30.974963549923288
29350,1.0769220992491229e-07,3.5009560100881345e-07,1.0,1.0,30.971828931327572
29360,1.1920340583636806e-07,3.3348394904804516e-07,1.0,1.0,30.972519965353918
29370,1.1082843997355816e-07,3.197420403393457e-07,1.0,1.0,30.974200345610956
29380,1.1361240126119325e-07,3.617637521434926e-07,1.0,1.0,30.973085916551533
29390,1.1219877035288104e-07,3.2921146617582016e-07,1.0,1.0,30.97219447702455
29400,1.0708661036736933e-07,3.560408857836888e-07,1.0,1.0,30.971989986629662
29410,1.141298416717279e-07,3.5995135022277625e-07,1.0,1.0,30.97151264336553
29420,1.0540629329459293e-07,3.309248876613813e-07,1.0,1.0,30.973954803331786
29430,1.0384028216099685e-07,3.171103936937641e-07,1.0,1.0,30.97348621134854
29440,1.3281588809765203e-07,3.547340061910818e-07,1.0,1.0,30.97081611527383
29450,1.1283000094474837e-07,3.42203519827276e-07,1.0,1.0,30.972793873347886
29460,1.1167667545708022e-07,3.298020671703196e-07,1.0,1.0,30.97436405739589
29470,1.1212288692481294e-07,3.16647896944007e-07,1.0,1.0,30.97281900670562
29480,1.1516388191205987e-07,3.251196223174694e-07,1.0,1.0,30.972141805802345
29490,1.0811928503057203e-07,3.6144985042920815e-07,1.0,1.0,30.970944174699408
29500,1.3368178415186e-07,3.3354544012941286e-07,1.0,1.0,30.97236586115879
29510,1.0903687940470952e-07,3.197055603207323e-07,1.0,1.0,30.974128117422538
29520,9.972842072135461e-08,3.493566249007283e-07,1.0,1.0,30.974003768232826
29530,1.1932309218621072e-07,3.1881575782549026e-07,1.0,1.0,30.968229041835325
29540,1.2052567442207412e-07,3.444298825882457e-07,1.0,1.0,30.97218929430676
29550,1.0806207849424159e-07,3.806026147140769e-07,1.0,1.0,30.974582042252134
29560,1.1790672939451312e-07,3.216967533249119e-07,1.0,1.0,30.974066378447773
29570,1.0126913414890767e-07,3.4140004480255967e-07,1.0,1.0,30.97298652181225
29580,1.23066349378118e-07,3.216434099328827e-07,1.0,1.0,30.971977546981158
29590,1.1324316865452988e-07,3.583882260377745e-07,1.0,1.0,30.974346064075416
29600,1.0601491009678252e-07,3.31010861454703e-07,1.0,1.0,30.970941369283793
29610,1.0296441658399176e-07,3.443884467072213e-07,1.0,1.0,30.969796531867473
29620,1.1729776810446619e-07,3.6040182375374176e-07,1.0,1.0,30.969778941510796
29630,1.1752939982599304e-07,3.2780060708622535e-07,1.0,1.0,30.97065932657563
29640,1.0264249444921906e-07,3.3985910817489507e-07,1.0,1.0,30.972656359902317
29650,1.0172836167363124e-07,3.2935553023519147e-07,1.0,1.0,30.973971743947214
29660,1.1905481499189376e-07,3.320438640759794e-07,1.0,1.0,30.970979937107668
29670,1.1026969966187835e-07,3.24243401971147e-07,1.0,1.0,30.97193410953165
29680,1.1309602081221416e-07,3.266002835233915e-07,1.0,1.0,30.97001722600167
29690,1.0705283855993617e-07,3.626222224409867e-07,1.0,1.0,30.969274868418754
29700,1.105900514805704e-07,3.125312883174076e-07,1.0,1.0,30.97191544793028
29710,1.1635022301812618e-07,3.8453281545019643e-07,1.0,1.0,30.973623511737102
29720,1.2590590108217856e-07,3.159966502374217e-07,1.0,1.0,30.97209959775643
29730,9.572647286486131e-08,3.3115116606293846e-07,1.0,1.0,30.97234662353159
29740,9.861414444388905e-08,3.4998099396565966e-07,1.0,1.0,30.97074976949452
29750,1.0917827396191313e-07,3.175698662797728e-07,1.0,1.0,30.968469239466298
29760,1.1345548106851431e-07,3.165494055703088e-07,1.0,1.0,30.96978808966335
29770,1.2099009207135667e-07,3.565585235025309e-07,1.0,1.0,30.969987240220206
29780,1.1216926855756381e-07,3.437376733168107e-07,1.0,1.0,30.971960080008046
29790,1.2298989832949692e-07,3.487661093502904e-07,1.0,1.0,30.973250323079302
29800,1.144565696076975e-07,3.3577043772990475e-07,1.0,1.0,30.974661211579484
29810,1.118747290374676e-07,3.517013127850173e-07,1.0,1.0,30.97239076223893
29820,1.1193331907219675e-07,3.220824626693968e-07,1.0,1.0,30.97197003040997
29830,1.1248702998654293e-07,3.412782996589291e-07,1.0,1.0,30.970136135653345
29840,1.0145889156461055e-07,3.225160542294169e-07,1.0,1.0,30.97140227735507
29850,1.0807109462392213e-07,3.24333363079485e-07,1.0,1.0,30.969811433638334
29860,1.1563786404167695e-07,3.417787441015468e-07,1.0,1.0,30.97251799354508
29870,1.1310236747162745e-07,3.3054597700461233e-07,1.0,1.0,30.974410394967247
29880,1.088208702747342e-07,3.1590430252984437e-07,1.0,1.0,30.97589921450297
29890,1.067128208979598e-07,3.2925508323753337e-07,1.0,1.0,30.971078001269866
29900,1.1883675607579387e-07,3.5494736325770633e-07,1.0,1.0,30.967824278139933
29910,1.0356483603603599e-07,3.75037464145298e-07,1.0,1.0,30.968720741299773
29920,1.3229696114845915e-07,3.4574883890066136e-07,1.0,1.0,30.966229425435152
29930,9.86342380362161e-08,3.249668084741681e-07,1.0,1.0,30.971781817686107
29940,1.0367938824009291e-07,3.0818322190087426e-07,1.0,1.0,30.972508695766727
29950,1.0821253586988854e-07,3.7517738523859446e-07,1.0,1.0,30.969065649874825
29960,9.426531633981632e-08,3.572540721438077e-07,1.0,1.0,30.972173673575202
29970,1.1128737202996586e-07,3.123088353570076e-07,1.0,1.0,30.972721069162116
29980,1.0626733424802001e-07,3.6203085366988113e-07,1.0,1.0,30.968858866990324
29990,1.069059281514245e-07,2.998810098599088e-07,1.0,1.0,30.974496322412172
30000,1.0431364217661983e-07,3.527694914796759e-07,1.0,1.0,30.975039120748313
30010,1.1637149932002816e-07,3.4319588412927004e-07,1.0,1.0,30.97005733743314
30020,1.0698867307505409e-07,3.6170686106971745e-07,1.0,1.0,30.969563470041763
30030,1.1648779225893829e-07,3.3561257146357037e-07,1.0,1.0,30.969409769477714
30040,1.1471298601105945e-07,3.79846643321736e-07,1.0,1.0,30.972623383140476
30050,1.1023952585219642e-07,3.078834406519409e-07,1.0,1.0,30.97208243797303
30060,1.1171609434505175e-07,3.469739592206605e-07,1.0,1.0,30.97077727194201
30070,1.1809556708498172e-07,3.155866315730105e-07,1.0,1.0,30.971191875966856
30080,1.0841707594960357e-07,3.337982620969183e-07,1.0,1.0,30.970343267332037
30090,1.0688248754724413e-07,3.5740791173757396e-07,1.0,1.0,30.969788597566744
30100,1.0789881119341563e-07,3.060271765107391e-07,1.0,1.0,30.969957847211496
30110,1.0076851833979102e-07,3.353598812427859e-07,1.0,1.0,30.969740302497947
30120,1.124618299566678e-07,3.5350467106997714e-07,1.0,1.0,30.96865811356195
30130,1.161298077875146e-07,3.06330150717867e-07,1.0,1.0,30.969407648555187
30140,1.0771688938939597e-07,3.500867378092579e-07,1.0,1.0,30.9703766107017
30150,9.971295574136139e-08,3.5374760458217627e-07,1.0,1.0,30.970165548729554
30160,1.1156193860639745e-07,3.100858088956808e-07,1.0,1.0,30.967880586485663
30170,1.0347987677428469e-07,3.2743743430686816e-07,1.0,1.0,30.96835189517155
30180,1.0000440384572895e-07,3.5426929364393185e-07,1.0,1.0,30.96890472489364
30190,1.1834072198732828e-07,3.253511178307027e-07,1.0,1.0,30.969510199364464
30200,1.0741947418751568e-07,3.4383708560639396e-07,1.0,1.0,30.971161482381827
30210,1.0282087615469293e-07,3.4965075200744477e-07,1.0,1.0,30.968952229440497
30220,1.1148294131791077e-07,3.065882791195995e-07,1.0,1.0,30.968431849839515
30230,1.0403687815251698e-07,3.3502436373991477e-07,1.0,1.0,30.97109698111428
30240,1.1531704035138954e-07,3.3552457161588955e-07,1.0,1.0,30.97020115961226
30250,1.0353988345535386e-07,3.450600990237622e-07,1.0,1.0,30.972168388150404
30260,1.0159688438115095e-07,3.3239007389866e-07,1.0,1.0,30.96844056888272
30270,1.0930802897223042e-07,3.4853847568382346e-07,1.0,1.0,30.96905373738694
30280,1.0617082998214256e-07,3.2148387877206463e-07,1.0,1.0,30.96464142695188
30290,1.0602494512840115e-07,3.931204414644091e-07,1.0,1.0,30.96719536441067
30300,1.0321527297304594e-07,3.177988532074209e-07,1.0,1.0,30.96973104100588
30310,1.0444833964709844e-07,3.405485730347473e-07,1.0,1.0,30.970650690433338
30320,1.1439663349387316e-07,3.4340909492152354e-07,1.0,1.0,30.9690834560469
30330,9.535411940566947e-08,3.231326494436068e-07,1.0,1.0,30.96908336998323
30340,1.041139076717212e-07,3.235058554531858e-07,1.0,1.0,30.96566237705096
30350,1.1335132857398386e-07,3.479891940123549e-07,1.0,1.0,30.9684399338941
30360,9.488189964166709e-08,3.4580937331797156e-07,1.0,1.0,30.970774602053517
30370,1.0730021365298858e-07,3.2204352906913365e-07,1.0,1.0,30.967356234607344
30380,1.1565663573632688e-07,3.0999868294452917e-07,1.0,1.0,30.969470547395535
30390,1.0316475061146095e-07,3.466893250361492e-07,1.0,1.0,30.968040479065053
30400,1.1230839008724761e-07,3.310567696526213e-07,1.0,1.0,30.9671401052857
30410,1.1282813498936289e-07,3.0661492170709434e-07,1.0,1.0,30.968556797263993
30420,1.0988901240204484e-07,3.279408751699715e-07,1.0,1.0,30.968850745613125
30430,1.1653597472517507e-07,3.6642482154456753e-07,1.0,1.0,30.967181646407877
30440,1.1369251090777538e-07,3.1923524176274844e-07,1.0,1.0,30.96800348423349
30450,1.0215429560799834e-07,3.2686123971748995e-07,1.0,1.0,30.9683517754802
30460,1.0636394063104174e-07,3.18525066992096e-07,1.0,1.0,30.967240382984155
30470,1.047497518780132e-07,3.5140442831587246e-07,1.0,1.0,30.969435676040945
30480,1.1156619977658936e-07,3.254249330249748e-07,1.0,1.0,30.96972215591415
30490,1.1325752342795625e-07,3.792536563898994e-07,1.0,1.0,30.970050174459814
30500,1.0613051854511972e-07,3.1489152409213384e-07,1.0,1.0,30.968773403370474
30510,1.142626531643828e-07,3.356112665952595e-07,1.0,1.0,30.968217499227844
30520,1.03741641310753e-07,3.4535007404935143e-07,1.0,1.0,30.968314928088006
30530,9.734482960497144e-08,3.4404831665323455e-07,1.0,1.0,30.967592102098884
30540,1.1716260517525601e-07,3.186955169270733e-07,1.0,1.0,30.96688851214504
30550,1.0815222550089775e-07,3.212466039656631e-07,1.0,1.0,30.968187794754808
30560,1.1175606751742097e-07,3.241198023295425e-07,1.0,1.0,30.96751715868016
30570,1.1200527635878755e-07,3.5149574864739477e-07,1.0,1.0,30.967752201252658
30580,1.03065706632443e-07,3.6534511385706206e-07,1.0,1.0,30.966911218149793
30590,1.0748715898781814e-07,3.207622248203848e-07,1.0,1.0,30.96645415219688
30600,1.1377800672600751e-07,3.01393297481488e-07,1.0,1.0,30.96967584250021
30610,1.137576166699075e-07,3.7140609221759125e-07,1.0,1.0,30.970101564295966
30620,1.0709551950120666e-07,3.265632551175758e-07,1.0,1.0,30.96618685424424
30630,1.0892309973381771e-07,3.2580189045243184e-07,1.0,1.0,30.96484329588369
30640,1.1799305537759165e-07,3.4159829314649254e-07,1.0,1.0,30.964705630310775
30650,1.0070665936032501e-07,3.501225092685722e-07,1.0,1.0,30.96730172767098
30660,9.968152582666956e-08,3.2772675228166456e-07,1.0,1.0,30.968901584364488
30670,1.1354545815101135e-07,3.3057694208923806e-07,1.0,1.0,30.96706649558904
30680,1.0554225679954229e-07,3.3472523142907697e-07,1.0,1.0,30.966007314057798
30690,1.0602816127779027e-07,3.237256824793656e-07,1.0,1.0,30.96652286568565
30700,1.0570176171750615e-07,3.638856182796501e-07,1.0,1.0,30.967552769633166
30710,1.0838513254565e-07,3.2123707180490497e-07,1.0,1.0,30.967284358439905
30720,9.609311916947214e-08,3.6056172514297197e-07,1.0,1.0,30.96605291508902
30730,1.0967228308290465e-07,3.269426299636699e-07,1.0,1.0,30.966097402519523
30740,9.690371848792773e-08,3.2372844325417147e-07,1.0,1.0,30.966601614306477
30750,1.0924613421059596e-07,3.5928501531158367e-07,1.0,1.0,30.967096945963426
30760,1.1061026770145096e-07,3.4101580353395267e-07,1.0,1.0,30.967379592170325
30770,9.869717186416916e-08,3.122165747996012e-07,1.0,1.0,30.966828784720047
30780,1.0332327460650347e-07,3.4159109468686206e-07,1.0,1.0,30.965993081359212
30790,1.0741612670402751e-07,3.508407014543492e-07,1.0,1.0,30.96577997365546
30800,1.1253311510988061e-07,3.324841327571276e-07,1.0,1.0,30.96918378545602
30810,1.129291775410866e-07,3.081118102320998e-07,1.0,1.0,30.969082112850145
30820,1.214575671831155e-07,3.2461382956382257e-07,1.0,1.0,30.965434327562377
30830,1.1640635117716028e-07,3.462087671007881e-07,1.0,1.0,30.96631261840174
30840,1.0109206554707545e-07,3.386650785754589e-07,1.0,1.0,30.96901054092672
30850,1.2586901511034267e-07,3.1202171191108253e-07,1.0,1.0,30.96531473055049
30860,1.1007289898152903e-07,3.7250244079307403e-07,1.0,1.0,30.966374438574334
30870,1.082768768299119e-07,3.1193152651691196e-07,1.0,1.0,30.96668095640385
30880,1.1651815711189877e-07,3.388080982371052e-07,1.0,1.0,30.967375309623716
30890,1.1334072219923182e-07,3.466802218719744e-07,1.0,1.0,30.967142557010387
30900,1.0771347148786694e-07,3.353242396635724e-07,1.0,1.0,30.966008419513027
30910,1.2822441752080776e-07,3.325411612071938e-07,1.0,1.0,30.96301591897279
30920,1.135285426634679e-07,3.518119897256672e-07,1.0,1.0,30.96530596623296
30930,1.1283979391158365e-07,3.342714461998383e-07,1.0,1.0,30.965924497761314
30940,1.2016983006207218e-07,3.7431891674150087e-07,1.0,1.0,30.965460172205812
30950,1.1678494548445194e-07,3.4370660448416754e-07,1.0,1.0,30.965505796365544
30960,1.0580415114591635e-07,3.196534085327325e-07,1.0,1.0,30.96836956462576
30970,1.09289312449638e-07,3.5093984352069265e-07,1.0,1.0,30.96636908780527
30980,1.088502473210228e-07,3.1705804101633577e-07,1.0,1.0,30.965969429146643
30990,9.827552960656075e-08,3.6003913059376703e-07,1.0,1.0,30.96473651623454
31000,1.253501303191689e-07,3.1788398268304925e-07,1.0,1.0,30.964390245804275
31010,1.1002962684228036e-07,3.3076895543252505e-07,1.0,1.0,30.9657475292206
31020,1.1355389150047416e-07,3.3410706240480716e-07,1.0,1.0,30.964978401994305
31030,1.2401012769964182e-07,3.3630546141749446e-07,1.0,1.0,30.963519678412187
31040,1.0334865890252086e-07,3.1590389732219213e-07,1.0,1.0,30.965719661801288
31050,1.1379700838455935e-07,3.3372406683336266e-07,1.0,1.0,30.965114462000432
31060,1.1112551183059247e-07,3.318182303859966e-07,1.0,1.0,30.964545074746727
31070,1.0613251166537073e-07,3.8548698439325676e-07,1.0,1.0,30.96628835518044
31080,1.1257259192310943e-07,3.1036642733199367e-07,1.0,1.0,30.96899860053907
31090,1.0025933863036533e-07,3.5275373094410685e-07,1.0,1.0,30.964346821895294
31100,1.1021784175077839e-07,3.402484730853521e-07,1.0,1.0,30.965192488379298
31110,1.1470678350279951e-07,3.545779725749625e-07,1.0,1.0,30.96516860691328
31120,1.2023484129263087e-07,3.2520211393276254e-07,1.0,1.0,30.965445682451964
31130,1.0817638389403377e-07,3.9549085981860493e-07,1.0,1.0,30.96642632755258
31140,1.0447005075121015e-07,3.042828057158241e-07,1.0,1.0,30.966544991414874
31150,1.1186982483112743e-07,3.820596773494631e-07,1.0,1.0,30.9618634508397
31160,1.144255462445542e-07,3.349798971316191e-07,1.0,1.0,30.963364345078244
31170,1.0804242568783418e-07,3.0855162826395164e-07,1.0,1.0,30.965241698724927
31180,1.0683338002133815e-07,3.26277196713158e-07,1.0,1.0,30.965241295470484
31190,1.1198139929815367e-07,3.3704897326732513e-07,1.0,1.0,30.965801939371197
31200,1.0705063572081271e-07,3.615718919768805e-07,1.0,1.0,30.96518846862586
31210,1.0955003378417352e-07,3.527820764473314e-07,1.0,1.0,30.961592138907946
31220,1.134033598260536e-07,3.2772901379094857e-07,1.0,1.0,30.96309686357939
31230,1.1400456986206251e-07,3.3688570571190745e-07,1.0,1.0,30.964903621989276
31240,1.1434484201111289e-07,3.520530141192874e-07,1.0,1.0,30.96761544520053
31250,1.0484392229904983e-07,3.3513609745716306e-07,1.0,1.0,30.966921723433874
31260,9.974583225319094e-08,3.1088288512041645e-07,1.0,1.0,30.96419383187439
31270,1.2458999577776425e-07,3.621394856012989e-07,1.0,1.0,30.961968967430774
31280,1.1818801861936615e-07,3.1782386583639936e-07,1.0,1.0,30.964403202622407
31290,1.165006914278383e-07,3.481949391775812e-07,1.0,1.0,30.964718609675373
31300,1.1381952032304114e-07,3.3907403632623236e-07,1.0,1.0,30.9647222176325
31310,1.117728199591221e-07,3.202260952045058e-07,1.0,1.0,30.966036282373604
31320,1.0405829451129288e-07,3.4435371226633347e-07,1.0,1.0,30.9642596527464
31330,1.0963282948535385e-07,3.532905772994306e-07,1.0,1.0,30.963699745817614
31340,1.0851099961088071e-07,3.169251064133731e-07,1.0,1.0,30.962845433683704
31350,1.0273446729568724e-07,3.357195333487008e-07,1.0,1.0,30.963790308026574
31360,1.145341899592425e-07,3.477676054534399e-07,1.0,1.0,30.962826074085903
31370,1.1321588098298342e-07,3.37281456667326e-07,1.0,1.0,30.964060293268815
31380,1.0280716031367631e-07,3.2160068359664097e-07,1.0,1.0,30.963770330006692
31390,1.1816366345707967e-07,3.6308915521732844e-07,1.0,1.0,30.96266074201848
31400,1.0873909171223158e-07,3.265044529238028e-07,1.0,1.0,30.96314749158
31410,9.493637969737441e-08,3.5623146576274785e-07,1.0,1.0,30.96419327498053
31420,1.0029347429697905e-07,3.063717151227147e-07,1.0,1.0,30.963423488658385
31430,1.1504472157421056e-07,3.4413807774811503e-07,1.0,1.0,30.96340111432249
31440,1.1373222601872643e-07,3.234930709527639e-07,1.0,1.0,30.96351464380509
31450,1.099566404873087e-07,3.556013196619348e-07,1.0,1.0,30.963141368782555
31460,1.0628102964857248e-07,3.411505815325818e-07,1.0,1.0,30.96547568979845
31470,1.0162167274452123e-07,3.223791017165971e-07,1.0,1.0,30.96428255470321
31480,1.0809450424855456e-07,3.344964620795151e-07,1.0,1.0,30.96103721149544
31490,1.1861405807693699e-07,3.1345915606633127e-07,1.0,1.0,30.960943983687834
31500,9.889543379095412e-08,3.1674904554924555e-07,1.0,1.0,30.964583660244454
31510,1.1240221974111362e-07,3.5002053100806405e-07,1.0,1.0,30.96354113410099
31520,1.0884319681787124e-07,3.1627421603907305e-07,1.0,1.0,30.963987869076615
31530,1.0578326006871092e-07,3.222372551067589e-07,1.0,1.0,30.966365585076996
31540,1.1125976520150936e-07,3.233325206208815e-07,1.0,1.0,30.964286662173567
31550,1.1435362558297341e-07,3.374650467499354e-07,1.0,1.0,30.964805627230565
31560,1.0218083923910806e-07,3.4780486663160764e-07,1.0,1.0,30.964064330534512
31570,1.2098969762291434e-07,3.3247262659627314e-07,1.0,1.0,30.96080931067188
31580,1.1156898190522835e-07,3.400168114521038e-07,1.0,1.0,30.963744270194727
31590,1.0864652691017826e-07,3.2914667832272794e-07,1.0,1.0,30.96477647991792
31600,1.192890463054764e-07,3.0443085683451313e-07,1.0,1.0,30.96196410119855
31610,1.0430096276809994e-07,3.769430049676537e-07,1.0,1.0,30.96415240894464
31620,1.0384975671134756e-07,3.267764175698664e-07,1.0,1.0,30.96687686347321
31630,1.179472328944279e-07,3.3589783173314106e-07,1.0,1.0,30.963699960361797
31640,1.0762324225486408e-07,3.2321695978072465e-07,1.0,1.0,30.96273103087122
31650,1.1550994850979108e-07,3.4213907577670766e-07,1.0,1.0,30.9611544872929
31660,1.1894683601661668e-07,3.232419585027757e-07,1.0,1.0,30.96032901748643
31670,1.0831208161122424e-07,3.3878492974773274e-07,1.0,1.0,30.962208048754658
31680,1.0518645202926079e-07,3.15119805711416e-07,1.0,1.0,30.961650500421023
31690,1.0722309738521383e-07,3.597406621278217e-07,1.0,1.0,30.962568073996007
31700,1.1998552612531953e-07,3.236792129868224e-07,1.0,1.0,30.96270576231485
31710,1.0443332721661123e-07,3.3965360316260724e-07,1.0,1.0,30.96386728987975
31720,1.1424117181570913e-07,3.1896658875429244e-07,1.0,1.0,30.962667229957958
31730,1.0860895646423236e-07,3.4526324475970943e-07,1.0,1.0,30.958288039269064
31740,9.102887175649636e-08,3.3276800760017907e-07,1.0,1.0,30.958382188252685
31750,1.0770683722680619e-07,3.4773177036309017e-07,1.0,1.0,30.957928126307014
31760,1.1501287701623135e-07,3.576810088048577e-07,1.0,1.0,30.960412889926054
31770,1.018253548257815e-07,3.3213055391809196e-07,1.0,1.0,30.963204016260825
31780,9.939953698548677e-08,3.312305823962239e-07,1.0,1.0,30.963216859056473
31790,1.075253004351234e-07,3.4327689245869326e-07,1.0,1.0,30.96240815592354
31800,1.0221126565602236e-07,3.447817954072027e-07,1.0,1.0,30.959211714934998
31810,1.0961587176923023e-07,3.340269980711919e-07,1.0,1.0,30.95970256467638
31820,1.0593608362801021e-07,3.30911258798679e-07,1.0,1.0,30.961431008587983
31830,1.042563057348432e-07,3.482959300317312e-07,1.0,1.0,30.960354717020866
31840,1.0673657983359732e-07,3.518153381489569e-07,1.0,1.0,30.957939113234794
31850,1.17423135536141e-07,3.342822579934713e-07,1.0,1.0,30.9609105930605
31860,1.026252232286436e-07,3.236218222952066e-07,1.0,1.0,30.96262118674337
31870,1.133706963360666e-07,3.4482857687406486e-07,1.0,1.0,30.964308336791152
31880,1.0642982686884235e-07,3.361372958790433e-07,1.0,1.0,30.963161592114236
31890,1.0177066103096447e-07,3.1588047099489097e-07,1.0,1.0,30.96274157170525
31900,1.221435191134629e-07,3.5827282127480164e-07,1.0,1.0,30.957397158745167
31910,1.0572546073793009e-07,3.0708295634923094e-07,1.0,1.0,30.9575986883876
31920,1.0491570048973855e-07,3.417917948739265e-07,1.0,1.0,30.961911055222718
31930,1.1648116008619485e-07,3.317636537595288e-07,1.0,1.0,30.96339361106931
31940,1.2070462543989927e-07,3.4756781404320693e-07,1.0,1.0,30.961602806147905
31950,1.1393116135154795e-07,3.2727328997417694e-07,1.0,1.0,30.960813337992807
31960,1.0751496342692547e-07,3.3368995165459516e-07,1.0,1.0,30.960188325420425
31970,1.0917837608730666e-07,3.462751256581573e-07,1.0,1.0,30.957969388883754
31980,1.0673020862136686e-07,3.3400186770107604e-07,1.0,1.0,30.959131414641952
31990,1.1220684370728051e-07,3.3131132224937216e-07,1.0,1.0,30.956907999909117
32000,1.1163973142869324e-07,3.2166439504775624e-07,1.0,1.0,30.962076029828673
32010,1.1141316933805682e-07,3.15480924596906e-07,1.0,1.0,30.962253703615502
32020,1.1780403412185333e-07,3.5002707200220963e-07,1.0,1.0,30.959940627404155
32030,1.2109928455754916e-07,3.2219500247453585e-07,1.0,1.0,30.960541650586276
32040,9.251563598747513e-08,3.1774506248684985e-07,1.0,1.0,30.961152881150657
32050,1.1958061895221727e-07,3.344086715503284e-07,1.0,1.0,30.956661420899724
32060,1.0165320662908767e-07,3.2349380704172266e-07,1.0,1.0,30.95780560192475
32070,1.0160840721639324e-07,3.3361817436056386e-07,1.0,1.0,30.960133876365266
32080,1.1611110946059215e-07,3.2477434045541487e-07,1.0,1.0,30.959890477152854
32090,1.0513053587218142e-07,3.669032234110364e-07,1.0,1.0,30.960745649317452
32100,1.1186756256687191e-07,3.007716950313661e-07,1.0,1.0,30.961332289193184
32110,1.1326471282623805e-07,3.468333447764486e-07,1.0,1.0,30.961306192749465
32120,1.1483130108284992e-07,3.4174431529330064e-07,1.0,1.0,30.962456004839357
32130,1.0842627755148999e-07,3.243128900450634e-07,1.0,1.0,30.960734499977395
32140,1.1656413893175222e-07,3.3250410593757215e-07,1.0,1.0,30.958840024430547
32150,1.0376245109254853e-07,3.3820622423788017e-07,1.0,1.0,30.96251300368752
32160,1.0309375461792029e-07,3.165070286845874e-07,1.0,1.0,30.962713316981663
32170,1.0721631688074222e-07,3.104256090200409e-07,1.0,1.0,30.959856122312516
32180,1.1814704092370033e-07,3.2933817786301107e-07,1.0,1.0,30.96085719230543
32190,1.111739259466107e-07,3.186642272942788e-07,1.0,1.0,30.960434355286136
32200,1.1263493496986294e-07,3.2325346519203683e-07,1.0,1.0,30.95881632792496
32210,1.1532891664984127e-07,3.7731670114567875e-07,1.0,1.0,30.959481890756752
32220,1.0000317588390244e-07,3.0509129550145825e-07,1.0,1.0,30.96228175308463
32230,1.1708642901636977e-07,3.2102696023867286e-07,1.0,1.0,30.96001618250197
32240,9.894212219551857e-08,3.5826323127305267e-07,1.0,1.0,30.960289693021203
32250,1.0981686677596945e-07,3.3623249524928295e-07,1.0,1.0,30.960941285146284
32260,1.125775668047387e-07,3.0644718407454064e-07,1.0,1.0,30.962897006607538
32270,1.1432152772026323e-07,3.3824544307130904e-07,1.0,1.0,30.96047648771355
32280,1.1597053848587978e-07,3.344865816247274e-07,1.0,1.0,30.96034347915334
32290,1.0981153808343905e-07,3.187649744041819e-07,1.0,1.0,30.959343245602803
32300,1.12647168680639e-07,3.255576919446924e-07,1.0,1.0,30.958370485395307
32310,9.985308320720623e-08,3.1085237564846565e-07,1.0,1.0,30.96071438589367
32320,1.1167539726845464e-07,3.437278860658289e-07,1.0,1.0,30.956376662792373
32330,1.0555109069475532e-07,3.0560830748780807e-07,1.0,1.0,30.961843059102254
32340,1.0710964633816926e-07,3.0618844435438687e-07,1.0,1.0,30.96080112652294
32350,1.1829797691694438e-07,3.415733827396416e-07,1.0,1.0,30.961674682420927
32360,1.0532510892734916e-07,3.2056565815269647e-07,1.0,1.0,30.959611056522885
32370,1.0888941600413207e-07,3.2273674369913526e-07,1.0,1.0,30.95707219416576
32380,1.1768235640451431e-07,3.600254231822564e-07,1.0,1.0,30.957705575878606
32390,9.881343189315495e-08,3.4359584236919814e-07,1.0,1.0,30.957831645435675
32400,9.46289722441336e-08,3.168198356932976e-07,1.0,1.0,30.961533538536745
32410,1.0633341942712976e-07,3.25187386314071e-07,1.0,1.0,30.9597001541687
32420,9.775136593916533e-08,3.1290337769015516e-07,1.0,1.0,30.959380953179956
32430,1.0767987740820854e-07,3.301130011645386e-07,1.0,1.0,30.95986009874402
32440,1.150356343516657e-07,3.222242847796692e-07,1.0,1.0,30.959290192211107
32450,1.0830781517920546e-07,3.312527653642365e-07,1.0,1.0,30.959014124944517
32460,1.0569592822348973e-07,3.234519458635404e-07,1.0,1.0,30.959121224283322
32470,1.1318831362545866e-07,3.6441364919838954e-07,1.0,1.0,30.956147915454757
32480,9.780871621581108e-08,3.270017379341711e-07,1.0,1.0,30.95846889264287
32490,1.1010306388860369e-07,3.325383055747856e-07,1.0,1.0,30.959447802570224
32500,1.2709651142349396e-07,3.553227247578711e-07,1.0,1.0,30.956941790189536
32510,1.0713701668967762e-07,3.2990510954394895e-07,1.0,1.0,30.96217082943935
32520,1.0846465786340079e-07,3.5831063362156776e-07,1.0,1.0,30.960588568525296
32530,1.1653259670843907e-07,3.16992796806934e-07,1.0,1.0,30.95841632263144
32540,1.1504943907307997e-07,3.5839882498404016e-07,1.0,1.0,30.956871318485458
32550,1.0477546331500547e-07,3.385036057088636e-07,1.0,1.0,30.958326842948424
32560,1.157513849080543e-07,3.2004670820318624e-07,1.0,1.0,30.958610762876372
32570,1.0293392640492328e-07,3.2873499868022524e-07,1.0,1.0,30.957789865298853
32580,1.044466120935233e-07,3.580118438236198e-07,1.0,1.0,30.958044392421225
32590,1.192808213005603e-07,3.384803721352849e-07,1.0,1.0,30.958013761955023
32600,1.0487734348893223e-07,3.2674733530382596e-07,1.0,1.0,30.957693663026713
32610,1.033301030552146e-07,3.335788889433023e-07,1.0,1.0,30.955501487246206
32620,1.0789943801131228e-07,3.395890009492601e-07,1.0,1.0,30.956303742610274
32630,1.1123902199885004e-07,3.6685837431584416e-07,1.0,1.0,30.955966550552972
32640,9.895215290768172e-08,3.170242603657027e-07,1.0,1.0,30.957057768990776
32650,1.109904338714584e-07,3.2824261210779223e-07,1.0,1.0,30.955792406651664
32660,9.455797362700551e-08,3.2270747587587173e-07,1.0,1.0,30.9595773986429
32670,1.0696476248457027e-07,3.587676082589265e-07,1.0,1.0,30.961061884135628
32680,1.1656590742729516e-07,3.1864034825450126e-07,1.0,1.0,30.959158330602634
32690,1.1214512196187827e-07,3.249593616100477e-07,1.0,1.0,30.95789922498895
32700,1.1801846616406828e-07,3.218001607674131e-07,1.0,1.0,30.959699778001838
32710,1.0698654447045967e-07,3.485013009429132e-07,1.0,1.0,30.9598234641852
32720,9.539990362144187e-08,3.4820852233682583e-07,1.0,1.0,30.957508887290366
32730,1.0967052952475264e-07,3.155392918391863e-07,1.0,1.0,30.956231677481547
32740,1.1672550021285964e-07,3.3112423485733464e-07,1.0,1.0,30.95713664409458
32750,1.0819492985045839e-07,3.181292522798874e-07,1.0,1.0,30.95585307839142
32760,1.1426083335348208e-07,3.3975939347995485e-07,1.0,1.0,30.955356749179664
32770,1.1044517597236666e-07,3.452779947193736e-07,1.0,1.0,30.95647820472037
32780,1.0334499158040551e-07,3.330406085792488e-07,1.0,1.0,30.958450594165438
32790,1.1265063058647886e-07,3.4882096078855497e-07,1.0,1.0,30.95890586304511
32800,1.1793566151501765e-07,3.1397410388447197e-07,1.0,1.0,30.959542505019808
32810,1.0240109498767372e-07,3.4323426107405284e-07,1.0,1.0,30.956343103798456
32820,1.1010625708876623e-07,3.2972299823502087e-07,1.0,1.0,30.957867960273752
32830,1.3503527686626998e-07,3.2828447206289934e-07,1.0,1.0,30.95704372824592
32840,1.0965086339174096e-07,3.189351709146369e-07,1.0,1.0,30.961551013878843
32850,1.0162563705447434e-07,3.0671417988799937e-07,1.0,1.0,30.959903159217582
32860,1.2229696057428568e-07,3.352565466477901e-07,1.0,1.0,30.956787875443382
32870,1.0616603180064946e-07,3.4218165741684724e-07,1.0,1.0,30.956616319335495
32880,1.0597139895505506e-07,3.3077917935014255e-07,1.0,1.0,30.957618525035063
32890,1.1177547804183577e-07,3.393013403591585e-07,1.0,1.0,30.954317452067535
32900,1.0886127086121941e-07,3.277265103065383e-07,1.0,1.0,30.955635828857925
32910,1.0121147812990274e-07,3.1022907409975006e-07,1.0,1.0,30.958147635112542
32920,1.2055188556707399e-07,3.2242216840714224e-07,1.0,1.0,30.957816628567677
32930,1.02045831727694e-07,3.7588273988754985e-07,1.0,1.0,30.95590652862829
32940,1.0776430222333693e-07,3.054505593539946e-07,1.0,1.0,30.9559322591548
32950,1.1028126637627592e-07,3.408504355524997e-07,1.0,1.0,30.95736409972186
32960,1.0841322704548249e-07,3.180746213213932e-07,1.0,1.0,30.954519698412135
32970,1.0221375722233884e-07,3.2567243689518066e-07,1.0,1.0,30.955579818350266
32980,1.0001891596355322e-07,3.5495101447930414e-07,1.0,1.0,30.95730529026316
32990,1.1160139840380192e-07,3.285215304379019e-07,1.0,1.0,30.95553420050404
33000,1.0194692421173532e-07,3.2082302010260976e-07,1.0,1.0,30.95680159122097
33010,1.1654083243416053e-07,3.2935990115640775e-07,1.0,1.0,30.95261783957245
33020,1.2690959087180767e-07,3.5414512404442214e-07,1.0,1.0,30.954240597242578
33030,9.194566646027998e-08,3.2954235074562333e-07,1.0,1.0,30.956523075324487
33040,1.1636223741848329e-07,3.445724670865349e-07,1.0,1.0,30.95347362661845
33050,9.977739795918316e-08,3.325512651076234e-07,1.0,1.0,30.957019905544094
33060,1.0950816043920744e-07,2.99644137771543e-07,1.0,1.0,30.958109719077765
33070,1.0712186416210875e-07,3.264119102391967e-07,1.0,1.0,30.955850696277242
33080,1.1451360647012174e-07,3.2532666792571606e-07,1.0,1.0,30.9562598256739
33090,9.892241158538806e-08,3.247451102861827e-07,1.0,1.0,30.956091080148042
33100,1.1058851211496588e-07,3.576502951000626e-07,1.0,1.0,30.958096852826316
33110,1.0894686590357036e-07,3.284973041343556e-07,1.0,1.0,30.95896563357324
33120,9.801873851298036e-08,3.208737374888988e-07,1.0,1.0,30.957982616375702
33130,1.2185527901775758e-07,3.481183211659654e-07,1.0,1.0,30.95452262196332
33140,1.0953529601275631e-07,3.016680325644726e-07,1.0,1.0,30.958129619063133
33150,9.830027034690479e-08,3.072542971391592e-07,1.0,1.0,30.95917161737531
33160,1.2387967057005652e-07,3.2882188976808294e-07,1.0,1.0,30.956779285198934
33170,1.0668930175378288e-07,3.3190903221078483e-07,1.0,1.0,30.955343427606437
33180,1.1196471934663031e-07,3.14875745320079e-07,1.0,1.0,30.958362562765796
33190,1.125551616281038e-07,3.1499930587374775e-07,1.0,1.0,30.9598720713728
33200,1.0465405458604548e-07,3.561716516217185e-07,1.0,1.0,30.954692170496084
33210,1.0219118144433711e-07,3.1498046914105215e-07,1.0,1.0,30.952369011492415
33220,1.1778636050254003e-07,3.5919453997860954e-07,1.0,1.0,30.95200634517328
33230,1.0909025904029046e-07,3.079593083746051e-07,1.0,1.0,30.953169478297966
33240,9.984015797647701e-08,3.276397230574624e-07,1.0,1.0,30.955646808407536
33250,1.0118848811143256e-07,3.264946323649235e-07,1.0,1.0,30.95412364573845
33260,9.935514858451409e-08,3.241220684084597e-07,1.0,1.0,30.95530713956456
33270,9.875083825746633e-08,3.3754505922032505e-07,1.0,1.0,30.95548387466643
33280,1.1844699234331464e-07,3.315437109187963e-07,1.0,1.0,30.953012932072085
33290,1.0222676712811828e-07,2.9541226585004233e-07,1.0,1.0,30.95360050051011
33300,9.625204539311103e-08,3.457087664439541e-07,1.0,1.0,30.954344481594234
33310,1.2176806341250936e-07,3.1624727002683775e-07,1.0,1.0,30.95517559046748
33320,9.986883624956185e-08,3.370550699201613e-07,1.0,1.0,30.956718875920654
33330,1.0643283055475392e-07,3.38005116729813e-07,1.0,1.0,30.956990146328163
33340,1.1191986569982765e-07,3.395361753104251e-07,1.0,1.0,30.956708030984277
33350,1.1282773575042025e-07,3.349014713143378e-07,1.0,1.0,30.954350618254214
33360,1.0663379419713474e-07,2.9556928780389764e-07,1.0,1.0,30.954357026405578
33370,1.1192359752540014e-07,3.596719853897052e-07,1.0,1.0,30.955321212694454
33380,1.04558248684801e-07,3.432425444163133e-07,1.0,1.0,30.954813180732717
33390,1.0668121298558271e-07,3.260723809348545e-07,1.0,1.0,30.953187048947534
33400,1.0769031846827377e-07,3.0612125475339e-07,1.0,1.0,30.953043913174447
33410,1.0876787039619282e-07,3.556668012690864e-07,1.0,1.0,30.954361077730688
33420,9.299939855783013e-08,3.133185767991735e-07,1.0,1.0,30.95819267899734
33430,9.53709973644639e-08,3.4456638331938704e-07,1.0,1.0,30.956636714064448
33440,1.0479364638437809e-07,3.074820567042884e-07,1.0,1.0,30.95591690024918
33450,9.539474210793186e-08,3.102539831612434e-07,1.0,1.0,30.954086169309576
33460,1.225243510812806e-07,3.324519171183067e-07,1.0,1.0,30.95102479194134
33470,1.1057596593328897e-07,3.281691104107103e-07,1.0,1.0,30.953008050025755
33480,1.0102488037988474e-07,3.2269674119989997e-07,1.0,1.0,30.952982810429088
33490,1.0684444472662569e-07,3.1144878723775256e-07,1.0,1.0,30.94989546101742
33500,1.1549566595468843e-07,3.2059341132500456e-07,1.0,1.0,30.952279072951278
33510,1.0406654495750195e-07,3.267001005957709e-07,1.0,1.0,30.955201862358944
33520,1.085919825779111e-07,3.5170589526858864e-07,1.0,1.0,30.956609357276285
33530,1.0645475854552023e-07,3.1511098505000024e-07,1.0,1.0,30.955422834431047
33540,1.062551802936728e-07,3.1503320538000647e-07,1.0,1.0,30.95567460593438
33550,1.212286854425032e-07,3.2966321989158114e-07,1.0,1.0,30.951426653290113
33560,1.0496754654121014e-07,3.3374468059696543e-07,1.0,1.0,30.952872549334028
33570,9.701787904524289e-08,3.120479673636552e-07,1.0,1.0,30.953635297222608
33580,1.1898917745255487e-07,3.6589245857096895e-07,1.0,1.0,30.952120302346465
33590,1.064937110313254e-07,3.034251064272678e-07,1.0,1.0,30.953021789711904
33600,9.393229924051729e-08,3.18836203095739e-07,1.0,1.0,30.952405977937136
33610,1.2463137339398682e-07,3.312884943912287e-07,1.0,1.0,30.953175091327754
33620,1.0897737265453669e-07,3.2477811071725474e-07,1.0,1.0,30.953078756633147
33630,9.725789898362987e-08,3.2105687792909937e-07,1.0,1.0,30.95450354755635
33640,9.56305540504763e-08,3.1394549143631755e-07,1.0,1.0,30.952000040089303
33650,1.1826375844480157e-07,3.236157476566733e-07,1.0,1.0,30.952907127979415
33660,1.1007580068407223e-07,3.129779208994907e-07,1.0,1.0,30.954186049065413
33670,1.2227515460353578e-07,3.109778629774751e-07,1.0,1.0,30.95162282854983
33680,1.0630677464360025e-07,3.420946948554792e-07,1.0,1.0,30.952116709039778
33690,1.0163564219541236e-07,3.1403784970876456e-07,1.0,1.0,30.955775920284992
33700,1.0636802886996397e-07,3.1089848073509384e-07,1.0,1.0,30.95718111153161
33710,1.0374152844054209e-07,3.2454297849748185e-07,1.0,1.0,30.952863782113717
33720,1.0790738677718743e-07,3.214763881777628e-07,1.0,1.0,30.951866569179394
33730,1.2181841582778003e-07,3.325180706691008e-07,1.0,1.0,30.951496958018794
33740,1.15936317576958e-07,3.065770611203485e-07,1.0,1.0,30.949933160870945
33750,9.884533925735482e-08,3.2754840512858037e-07,1.0,1.0,30.95200336953583
33760,1.192891925245042e-07,3.0989189342391354e-07,1.0,1.0,30.947661152696117
33770,1.1392348492301707e-07,3.3225478660662623e-07,1.0,1.0,30.95158733414462
33780,1.0140618104555184e-07,3.300424711842114e-07,1.0,1.0,30.954776831132023
33790,1.276797136064513e-07,3.029431993719342e-07,1.0,1.0,30.95301406170035
33800,1.0838653497484716e-07,3.5253032529734166e-07,1.0,1.0,30.95084151403323
33810,1.0448067482593004e-07,3.0854816010705437e-07,1.0,1.0,30.951751166908714
33820,1.2433013548251747e-07,3.461084623500032e-07,1.0,1.0,30.952897450597714
33830,1.1266788021361757e-07,3.0611241665251814e-07,1.0,1.0,30.953309298404154
33840,1.0262633519150725e-07,3.2287847859421053e-07,1.0,1.0,30.951170694678844
33850,1.1146389404184795e-07,3.510311765637612e-07,1.0,1.0,30.945288302475767
33860,1.0098998070346826e-07,2.9291013988411914e-07,1.0,1.0,30.95286266184009
33870,1.0695144390576499e-07,3.1184355990237926e-07,1.0,1.0,30.955521503635296
33880,1.1662850655582895e-07,3.189857554592115e-07,1.0,1.0,30.95397033616097
33890,1.1021944461969306e-07,3.1091433878582453e-07,1.0,1.0,30.951312546157514
33900,1.0074172365090695e-07,3.2638475070885436e-07,1.0,1.0,30.950774143571778
33910,1.1117114875408034e-07,3.290757425482962e-07,1.0,1.0,30.951772093283527
33920,1.0200324247695502e-07,3.5122358439362804e-07,1.0,1.0,30.952381197159017
33930,1.1634001562356974e-07,2.976992055481512e-07,1.0,1.0,30.955944667192558
33940,1.0235521961947942e-07,3.3520326651275285e-07,1.0,1.0,30.955967124356576
33950,1.1345741772534348e-07,3.0211494469125436e-07,1.0,1.0,30.953806989669296
33960,9.678133855563503e-08,3.2196296496694667e-07,1.0,1.0,30.95251665961738
33970,1.1609103100119805e-07,3.348811220221128e-07,1.0,1.0,30.946911913530094
33980,1.0301291341596576e-07,3.1359936902996113e-07,1.0,1.0,30.95021303681019
33990,1.0681433599838764e-07,3.221057447173531e-07,1.0,1.0,30.94969222357502
34000,1.0801150087739791e-07,3.235607524745958e-07,1.0,1.0,30.952969780950042
34010,1.1705513594866693e-07,3.6350186150602926e-07,1.0,1.0,30.953341188539266
34020,1.056811752571796e-07,3.1030247941011955e-07,1.0,1.0,30.95229101010674
34030,1.1148771018424713e-07,3.301660153961545e-07,1.0,1.0,30.954005281100905
34040,1.1642240991008582e-07,3.107023640050018e-07,1.0,1.0,30.953405365393817
34050,9.890224168550324e-08,3.171758418143736e-07,1.0,1.0,30.950019102006813
34060,1.1498880633210221e-07,3.0343848767657375e-07,1.0,1.0,30.95036254052394
34070,1.1443143580466963e-07,3.2100282288743943e-07,1.0,1.0,30.951796114640835
34080,1.0360280049592916e-07,3.517204892551733e-07,1.0,1.0,30.952174665815896
34090,1.139806679650523e-07,3.0796381524294073e-07,1.0,1.0,30.952129829680974
34100,1.1775572254196843e-07,3.1748755636173267e-07,1.0,1.0,30.955343005338644
34110,1.1553060699115304e-07,3.345301893134472e-07,1.0,1.0,30.95334938320134
34120,1.1480868201066075e-07,3.366182200918408e-07,1.0,1.0,30.952554015577284
34130,1.076661970550782e-07,3.0217445766593204e-07,1.0,1.0,30.95044529291536
34140,1.1054745340956792e-07,3.4581411444314566e-07,1.0,1.0,30.95093539938534
34150,1.0476951974121143e-07,3.192991104137002e-07,1.0,1.0,30.949773877663553
34160,1.0327589898326832e-07,3.175599140628111e-07,1.0,1.0,30.95103506737162
34170,1.2193885606737866e-07,3.2695019977403277e-07,1.0,1.0,30.953522724635565
34180,1.0333892215433378e-07,3.2353241946606296e-07,1.0,1.0,30.95310958714731
34190,1.0387529758297397e-07,3.209359538933226e-07,1.0,1.0,30.948688371418758
34200,1.0836431765535622e-07,3.2405365688248447e-07,1.0,1.0,30.947561575016117
34210,1.0791235428574835e-07,3.615321900104293e-07,1.0,1.0,30.950029856237162
34220,1.1842631994364597e-07,3.0305445587929656e-07,1.0,1.0,30.955016684032667
34230,1.0110175333095877e-07,3.413544947540324e-07,1.0,1.0,30.956391192351145
34240,1.312983555223736e-07,3.359137889788254e-07,1.0,1.0,30.94823434687436
34250,1.1764807282011058e-07,3.409786426913365e-07,1.0,1.0,30.949175077762096
34260,1.1264195037741049e-07,3.158072362608392e-07,1.0,1.0,30.951147983800922
34270,1.1205861722234236e-07,3.4822605754622135e-07,1.0,1.0,30.95286183776197
34280,9.7481080041228e-08,3.1267905607103084e-07,1.0,1.0,30.953460340634866
34290,1.028895537445148e-07,3.1893063068333136e-07,1.0,1.0,30.95055628013625
34300,1.193026311719302e-07,3.3906693821008867e-07,1.0,1.0,30.94975097483007
34310,9.843300066210217e-08,3.522620066933287e-07,1.0,1.0,30.95089412362354
34320,9.84507113880296e-08,3.07889012447872e-07,1.0,1.0,30.951093261039723
34330,1.0539973958933856e-07,3.2884768999994343e-07,1.0,1.0,30.950572050897126
34340,1.0030765672310568e-07,3.1864283978706135e-07,1.0,1.0,30.951713868102797
34350,1.0004480693915406e-07,3.2110109158711657e-07,1.0,1.0,30.947776073318938
34360,1.1739292655486018e-07,3.250156265662004e-07,1.0,1.0,30.947463553604038
34370,1.0862525999506279e-07,3.290065291869883e-07,1.0,1.0,30.95332563987593
34380,9.129765253240283e-08,3.0080271141960343e-07,1.0,1.0,30.95539582166017
34390,1.1616109347305531e-07,3.2954959556778455e-07,1.0,1.0,30.953665446112087
34400,1.0626372474440232e-07,3.181297361534026e-07,1.0,1.0,30.955302614070593
34410,1.0695022699902123e-07,3.136383445499142e-07,1.0,1.0,30.954291571100825
34420,1.1117318096442272e-07,3.1718005979670134e-07,1.0,1.0,30.950795913397137
34430,1.1338408059000309e-07,3.172749729468261e-07,1.0,1.0,30.952153212808177
34440,1.162354253405782e-07,3.40901289454946e-07,1.0,1.0,30.95389156816864
34450,1.0445797033869666e-07,3.2418307157624404e-07,1.0,1.0,30.95439403705749
34460,1.0154209646130187e-07,3.4202816609524114e-07,1.0,1.0,30.954630933668334
34470,1.008476125441446e-07,2.958868633255741e-07,1.0,1.0,30.9533463034268
34480,1.1358587825395037e-07,3.288179621367572e-07,1.0,1.0,30.94960345975768
34490,1.1446848531203918e-07,3.160259309510237e-07,1.0,1.0,30.948184478934987
34500,9.799590413131762e-08,2.9920163620930267e-07,1.0,1.0,30.94887069206035
34510,1.2149803411417074e-07,3.3290478074646234e-07,1.0,1.0,30.94757880042352
34520,1.1114463324576429e-07,3.240997689542269e-07,1.0,1.0,30.952406186794178
34530,1.0095021887851319e-07,3.0983529537094294e-07,1.0,1.0,30.95270790467651
34540,1.1739252167078704e-07,3.293248430631098e-07,1.0,1.0,30.949555735655103
34550,1.131001401971777e-07,3.120320974989727e-07,1.0,1.0,30.948521569969444
34560,1.0771785273300437e-07,3.154402741542688e-07,1.0,1.0,30.949658696738304
34570,1.0666957327354839e-07,3.3004226534854105e-07,1.0,1.0,30.950311825001524
34580,1.1102762003562468e-07,3.2932583242453373e-07,1.0,1.0,30.95308697043169
34590,1.0775155106103101e-07,3.123008846930498e-07,1.0,1.0,30.954594998241138
34600,1.0786182870619457e-07,3.353925131359912e-07,1.0,1.0,30.952325778241043
34610,1.019219181205564e-07,3.1164317914571126e-07,1.0,1.0,30.952180656890196
34620,1.175726288324034e-07,3.1944265728478424e-07,1.0,1.0,30.95265564992439
34630,1.1247521119359566e-07,3.2991727818588255e-07,1.0,1.0,30.9529938540271
34640,1.1245222697422058e-07,3.039759300276681e-07,1.0,1.0,30.95185146661189
34650,1.0284382416853203e-07,3.342617902484309e-07,1.0,1.0,30.952512115807266
34660,1.2637946297344203e-07,3.0555074132734273e-07,1.0,1.0,30.95371327065218
34670,1.0829082925849368e-07,3.1293754625020923e-07,1.0,1.0,30.952331348128617
34680,1.1175781275040002e-07,3.3232910065007087e-07,1.0,1.0,30.951946248776974
34690,1.1265944465257946e-07,3.2534368796015436e-07,1.0,1.0,30.950157060875952
34700,1.1895479000168041e-07,3.1382584478971773e-07,1.0,1.0,30.949706770907756
34710,1.0562799334182936e-07,3.174934110155347e-07,1.0,1.0,30.949168586289442
34720,1.146015764966406e-07,3.4634696878423545e-07,1.0,1.0,30.947805100377614
34730,1.1312476947376634e-07,3.120674566283948e-07,1.0,1.0,30.9486322244171
34740,1.0112645088293807e-07,3.169798593048471e-07,1.0,1.0,30.950447679624894
34750,1.1964795984628517e-07,3.070955369375184e-07,1.0,1.0,30.94863061956973
34760,1.1425719111603852e-07,3.4482950331272334e-07,1.0,1.0,30.952042113036406
34770,1.093533426356671e-07,3.05200152586067e-07,1.0,1.0,30.952047810123062
34780,1.0773668755192975e-07,3.3433528341645397e-07,1.0,1.0,30.95103312479564
34790,1.1392774620397021e-07,3.207992652183985e-07,1.0,1.0,30.9506122751623
34800,9.307862839064749e-08,3.571097330204733e-07,1.0,1.0,30.950406819475564
34810,1.138474132139199e-07,3.108625503306753e-07,1.0,1.0,30.948907730143198
34820,1.1059205326390118e-07,3.397581285386502e-07,1.0,1.0,30.947771119600574
34830,1.0371302683852188e-07,3.145930775638725e-07,1.0,1.0,30.948931002569118
34840,9.968931102110575e-08,3.166167994557414e-07,1.0,1.0,30.945595118479893
34850,1.1127258255777804e-07,3.428706183077305e-07,1.0,1.0,30.9494109604422
34860,9.815738229118958e-08,3.2129727010237256e-07,1.0,1.0,30.95376761469395
34870,1.1435529900548967e-07,3.422686112117219e-07,1.0,1.0,30.952788835816868
34880,1.0150458560907533e-07,3.0797503356078146e-07,1.0,1.0,30.952528098720315
34890,1.2380361383704499e-07,3.1561485070033666e-07,1.0,1.0,30.94967936743476
34900,1.16906665912918e-07,3.3824042095102597e-07,1.0,1.0,30.94787191856799
34910,1.1258420996789065e-07,3.071485487884645e-07,1.0,1.0,30.948406791616662
34920,1.0257987164103222e-07,3.2482942659714797e-07,1.0,1.0,30.949351261256314
34930,1.1429430661781281e-07,3.278160662910793e-07,1.0,1.0,30.946421133422618
34940,1.1073934010411209e-07,3.309022134332378e-07,1.0,1.0,30.948875483080368
34950,1.0650554749721223e-07,3.2279367723495105e-07,1.0,1.0,30.950689062457
34960,1.178776571879378e-07,3.072194495502496e-07,1.0,1.0,30.950799469551335
34970,1.1688735421559064e-07,3.2167080440308344e-07,1.0,1.0,30.949211456535757
34980,1.073267914273107e-07,3.469467482804913e-07,1.0,1.0,30.949421671242238
34990,1.2001650754053785e-07,3.132759722998296e-07,1.0,1.0,30.947277582037323
35000,1.2068794939022022e-07,3.5508824867468846e-07,1.0,1.0,30.95022556388651
35010,1.0132761316002208e-07,2.999556605359811e-07,1.0,1.0,30.951434992466467
35020,1.1375842933725919e-07,3.1952125381388684e-07,1.0,1.0,30.9471811229268
35030,1.1686053569353489e-07,3.091808173552711e-07,1.0,1.0,30.946788322619046
35040,1.0483630079133525e-07,3.2471684152428554e-07,1.0,1.0,30.949463944173147
35050,1.1403457121800931e-07,3.537151668572178e-07,1.0,1.0,30.948027337184605
35060,1.0321911540418487e-07,3.25674424032737e-07,1.0,1.0,30.950676074525134
35070,1.1011254943336051e-07,3.0808427622482387e-07,1.0,1.0,30.95096787348313
35080,1.1042938084324907e-07,3.3418211904421205e-07,1.0,1.0,30.94955369323481
35090,1.043349165384641e-07,2.9966943776808535e-07,1.0,1.0,30.94942234812996
35100,1.0369882514653204e-07,3.31307912311657e-07,1.0,1.0,30.94679046911822
35110,1.1952738439150495e-07,3.1545560987219173e-07,1.0,1.0,30.94696036266643
35120,1.1469338327254322e-07,3.1659037295503746e-07,1.0,1.0,30.947360363781353
35130,9.903149652333522e-08,3.255994654832151e-07,1.0,1.0,30.950488718292736
35140,1.205265320333214e-07,2.912397571018104e-07,1.0,1.0,30.94862924278372
35150,1.1080279382492263e-07,3.3931131295081855e-07,1.0,1.0,30.946968392597395
35160,1.0670001430985968e-07,3.3200143350931257e-07,1.0,1.0,30.946630073904725
35170,1.1783717854452169e-07,3.232301624131055e-07,1.0,1.0,30.94690062533199
35180,1.1728305641251965e-07,3.354906551885391e-07,1.0,1.0,30.947474020263883
35190,9.485492454972579e-08,3.1035075987914775e-07,1.0,1.0,30.9492338761819
35200,1.241371476751009e-07,3.149211492602863e-07,1.0,1.0,30.949102862530165
35210,1.0791730541457486e-07,3.3396925558057344e-07,1.0,1.0,30.95013585886479
35220,1.0635734043983097e-07,3.2771169748834555e-07,1.0,1.0,30.951723935870234
35230,1.1302699971875476e-07,3.142738203816074e-07,1.0,1.0,30.9495432176759
35240,9.590495139370821e-08,3.1413599102144666e-07,1.0,1.0,30.951017811807215
35250,1.1539522567370305e-07,3.145004460947408e-07,1.0,1.0,30.94731629208107
35260,1.207309572830082e-07,3.344423113831322e-07,1.0,1.0,30.943368830178713
35270,1.0250085723023499e-07,3.2652148187829065e-07,1.0,1.0,30.948944575340587
35280,9.629511669511957e-08,2.9785062739110103e-07,1.0,1.0,30.95272044032075
35290,1.1917220765875516e-07,3.637841972398915e-07,1.0,1.0,30.948355752454138
35300,1.0658130257747697e-07,2.856867854597049e-07,1.0,1.0,30.950471490877234
35310,1.1218375942809641e-07,3.2941335651464365e-07,1.0,1.0,30.948707398468557
35320,1.1499742688411608e-07,3.3370861406505217e-07,1.0,1.0,30.946233033631874
35330,1.1291015435100444e-07,3.3006939656262106e-07,1.0,1.0,30.947843003880003
35340,1.0849221266181366e-07,3.0959302735963286e-07,1.0,1.0,30.94864726546986
35350,1.2504788322127706e-07,3.1608509754408375e-07,1.0,1.0,30.946763344624152
35360,1.1024911829968702e-07,3.3710124233972535e-07,1.0,1.0,30.946773325091755
35370,1.0478859221058925e-07,3.2778209540627656e-07,1.0,1.0,30.948357857461676
35380,1.1853465978861853e-07,3.036611785014817e-07,1.0,1.0,30.94872682987156
35390,1.1076830249446548e-07,3.253222194625434e-07,1.0,1.0,30.9489851237401
35400,9.899277612416546e-08,3.3592381531793226e-07,1.0,1.0,30.947559551285558
35410,1.0372684240267896e-07,3.2955193358161137e-07,1.0,1.0,30.945027300047656
35420,1.0029143744218645e-07,3.120861487836318e-07,1.0,1.0,30.94553112436317
35430,1.0682068296061226e-07,3.3894873758840295e-07,1.0,1.0,30.9461405288178
35440,1.1986898865995607e-07,3.1171147992245355e-07,1.0,1.0,30.94575419216419
35450,1.2350926664210795e-07,3.12549738875967e-07,1.0,1.0,30.947720471082373
35460,1.1193675475413715e-07,3.4445835439274764e-07,1.0,1.0,30.94959353939542
35470,1.1455077260087219e-07,3.033354070384533e-07,1.0,1.0,30.947166889176227
35480,1.0965593055215932e-07,3.179730248616239e-07,1.0,1.0,30.94796329417089
35490,1.0150935994517801e-07,3.160829542357849e-07,1.0,1.0,30.95000776776156
35500,1.2802107402575645e-07,3.18321832921806e-07,1.0,1.0,30.944331475017208
35510,1.0557097940795979e-07,3.7185319747355896e-07,1.0,1.0,30.947682857413557
35520,1.2213509407427092e-07,3.035491528253145e-07,1.0,1.0,30.94933219176071
35530,9.729174944915465e-08,3.366390408028411e-07,1.0,1.0,30.95041495059284
35540,1.0772686044330785e-07,3.343839743396248e-07,1.0,1.0,30.948265388490572
35550,1.0955980451448403e-07,3.033541469738358e-07,1.0,1.0,30.948306205217776
35560,1.0949917642868023e-07,3.3484953547948774e-07,1.0,1.0,30.945404662330468
35570,1.172403184245474e-07,3.2800829766394243e-07,1.0,1.0,30.94392401959725
35580,1.0508314189862476e-07,3.376822080344685e-07,1.0,1.0,30.94623312985344
35590,1.2027040385884417e-07,3.14002690718205e-07,1.0,1.0,30.94850523612086
35600,9.951877586124182e-08,2.9778337712440307e-07,1.0,1.0,30.951289168380246
35610,9.449157030072377e-08,3.380832825304905e-07,1.0,1.0,30.949307891507182
35620,1.2604551685073864e-07,3.2742264133442285e-07,1.0,1.0,30.94602094367532
35630,9.932335732660348e-08,3.4536631530866204e-07,1.0,1.0,30.944195083517755
35640,9.734758184613364e-08,3.0437175594521966e-07,1.0,1.0,30.948587948946805
35650,1.1363803879002344e-07,3.5675630193337313e-07,1.0,1.0,30.947292907180056
35660,1.1798166501984408e-07,3.036341574180942e-07,1.0,1.0,30.949058390627332
35670,1.1037464628860203e-07,3.211730111315923e-07,1.0,1.0,30.94746541605403
35680,1.090160968471462e-07,3.194618192577577e-07,1.0,1.0,30.94737101152891
35690,1.0278695038401277e-07,3.163695275611689e-07,1.0,1.0,30.946729996658
35700,1.0137901772147202e-07,3.3540748756940837e-07,1.0,1.0,30.945483301355665
35710,1.1148264378462549e-07,3.2438520417410855e-07,1.0,1.0,30.94433211714976
35720,1.1073448737060666e-07,3.214768274798265e-07,1.0,1.0,30.948191653190793
35730,9.828454367666494e-08,3.122585838453482e-07,1.0,1.0,30.94821197039695
35740,1.1468014019226947e-07,3.3717747423590455e-07,1.0,1.0,30.94712743130514
35750,1.1673148010529482e-07,3.1972977592706146e-07,1.0,1.0,30.949316973532415
35760,1.1371914698000612e-07,3.2557447334661435e-07,1.0,1.0,30.949272039679855
35770,1.1137654549249821e-07,3.1755271019219836e-07,1.0,1.0,30.945580237446368
35780,1.1910255967385975e-07,3.2169264426761035e-07,1.0,1.0,30.94480058980942
35790,1.0366516746867257e-07,3.374524919921219e-07,1.0,1.0,30.947518997296946
35800,1.1841032373267973e-07,3.13055478141857e-07,1.0,1.0,30.944292076380904
35810,1.1076141417819195e-07,3.2351467635301436e-07,1.0,1.0,30.946987352136222
35820,1.0233477630271226e-07,3.634316900228915e-07,1.0,1.0,30.9473806630722
35830,1.1156618927012696e-07,3.119363075822712e-07,1.0,1.0,30.948216693501532
35840,1.0281295679574388e-07,3.3049004680703997e-07,1.0,1.0,30.946830555582903
35850,1.1381347952184243e-07,3.0941924970418354e-07,1.0,1.0,30.94828542998577
35860,1.2621518901558206e-07,3.1271985356232003e-07,1.0,1.0,30.94571752391698
35870,1.2176130562556607e-07,3.272180024495183e-07,1.0,1.0,30.943734723588207
35880,1.121468582937003e-07,3.165132475363969e-07,1.0,1.0,30.945154845050137
35890,1.0256317131154334e-07,3.0732929029333614e-07,1.0,1.0,30.949526339951596
35900,1.0797175662259368e-07,3.1204942178874904e-07,1.0,1.0,30.948699024629697
35910,1.0711790142547008e-07,3.2202899161253884e-07,1.0,1.0,30.947697814474356
35920,1.0861036249698057e-07,3.13079111930019e-07,1.0,1.0,30.947165870016054
35930,1.1208072654593732e-07,3.2506136593913455e-07,1.0,1.0,30.945824613074535
35940,1.0153498849974127e-07,3.450853968418782e-07,1.0,1.0,30.945914522774068
35950,1.0776971089448949e-07,3.3948645485370103e-07,1.0,1.0,30.94795089722341
35960,1.0550003104796798e-07,3.0200700917927007e-07,1.0,1.0,30.949212317465403
35970,1.0831657271160559e-07,3.128150940701639e-07,1.0,1.0,30.94778723394168
35980,1.1978889289193334e-07,3.126467229249563e-07,1.0,1.0,30.946287792711313
35990,1.1285691395837318e-07,3.1973056641442967e-07,1.0,1.0,30.946582900990997
36000,1.0570277124238024e-07,3.2877267499929486e-07,1.0,1.0,30.947481989912138
36010,1.1495008787096763e-07,3.3247922892656153e-07,1.0,1.0,30.944423754499503
36020,1.1223614894995077e-07,3.1202028450600195e-07,1.0,1.0,30.946351764380005
36030,1.0811101996327686e-07,2.9692032912856003e-07,1.0,1.0,30.947922919626293
36040,1.1805358783321958e-07,3.6616959336329805e-07,1.0,1.0,30.949337409270214
36050,1.0648965970943102e-07,3.109060970786775e-07,1.0,1.0,30.948306112791894
36060,1.0169589892183546e-07,3.455796781939775e-07,1.0,1.0,30.94865787650438
36070,1.1189479075784885e-07,3.286998914870238e-07,1.0,1.0,30.943497696398413
36080,9.978321171974499e-08,3.04478325745381e-07,1.0,1.0,30.94607961410564
36090,1.0496815409125237e-07,3.05823972177228e-07,1.0,1.0,30.94919492164461
36100,1.1469914379910192e-07,3.246552500074913e-07,1.0,1.0,30.94619138590849
36110,1.1077258953410398e-07,3.1893000742496737e-07,1.0,1.0,30.94660854894964
36120,1.1827708387540886e-07,3.096417851742191e-07,1.0,1.0,30.946397568834538
36130,1.182759009196934e-07,3.067155162246269e-07,1.0,1.0,30.9466382530936
36140,1.2048981925475646e-07,3.230377840107754e-07,1.0,1.0,30.94407781765783
36150,1.0348942470283075e-07,3.293501150311404e-07,1.0,1.0,30.945752301645108
36160,1.1541355854959542e-07,3.269542573497181e-07,1.0,1.0,30.946585366535743
36170,1.1014701545885166e-07,3.02994559408684e-07,1.0,1.0,30.946338178776667
36180,1.0808380930613727e-07,3.2166676860989974e-07,1.0,1.0,30.947399748747767
36190,1.0917987823293804e-07,3.099204341576191e-07,1.0,1.0,30.94796537426787
36200,1.1196766710894122e-07,3.311344524275979e-07,1.0,1.0,30.948065126881424
36210,1.0947780107724337e-07,3.3212811754776096e-07,1.0,1.0,30.950485979058943
36220,1.200295672968547e-07,3.059942860466927e-07,1.0,1.0,30.94787301587155
36230,1.1196501811578506e-07,3.13155154187128e-07,1.0,1.0,30.948665343798172
36240,1.1588019161262364e-07,3.1231537490069834e-07,1.0,1.0,30.94731871188799
36250,1.1326461391287568e-07,3.386726859917822e-07,1.0,1.0,30.943548170533525
36260,1.1036646458476039e-07,3.1817380346680703e-07,1.0,1.0,30.945439572097712
36270,1.082161716584085e-07,3.374631812420161e-07,1.0,1.0,30.947851957819676
36280,1.0762106572815671e-07,3.170060851451333e-07,1.0,1.0,30.94356419425791
36290,9.911588242781318e-08,3.201869134320927e-07,1.0,1.0,30.94533896758518
36300,1.0762159773123865e-07,3.3715924110180344e-07,1.0,1.0,30.945043002828278
36310,1.0191944560272354e-07,3.282095169515081e-07,1.0,1.0,30.940391097872627
36320,1.1632717730470409e-07,3.07504513732961e-07,1.0,1.0,30.94437481855868
36330,1.0314661857274045e-07,3.3250569938375216e-07,1.0,1.0,30.946618525427688
36340,1.111740393766424e-07,3.424785744752378e-07,1.0,1.0,30.944976707931833
36350,1.0814188166239714e-07,3.1303451692979766e-07,1.0,1.0,30.946817133920565
36360,1.0525772462440887e-07,3.2480478579145185e-07,1.0,1.0,30.94611179843834
36370,1.0103889204715717e-07,3.157814484061383e-07,1.0,1.0,30.942482619905316
36380,1.1009701128956012e-07,3.4644199189386396e-07,1.0,1.0,30.943317879048784
36390,1.0265380617127463e-07,3.1571885523531115e-07,1.0,1.0,30.945969070933415
36400,1.2470006712133107e-07,3.236877845017467e-07,1.0,1.0,30.943070441745604
36410,1.0730473684387852e-07,3.1520064736523985e-07,1.0,1.0,30.946248352706377
36420,1.1020442802258153e-07,3.2173803467926546e-07,1.0,1.0,30.946969604163364
36430,1.32531142077618e-07,3.6753577079895634e-07,1.0,1.0,30.94366947316854
36440,1.1527034406908594e-07,2.9947648657899084e-07,1.0,1.0,30.946883990624528
36450,1.0268178782828137e-07,3.00957124783078e-07,1.0,1.0,30.94763631060012
36460,1.2298744181711778e-07,3.412188903389355e-07,1.0,1.0,30.946110866710466
36470,1.0311206676178663e-07,3.037684741689978e-07,1.0,1.0,30.947496458736477
36480,1.1477161156930499e-07,3.2656372009372613e-07,1.0,1.0,30.946552875941762
36490,1.0933061353409854e-07,3.1869866745130487e-07,1.0,1.0,30.944584014662638
36500,1.2224797034168197e-07,3.0667369731539425e-07,1.0,1.0,30.941480967828934
36510,9.61855911946315e-08,3.364288614604543e-07,1.0,1.0,30.94294675617646
36520,1.1513068455401804e-07,3.293458165647655e-07,1.0,1.0,30.94383731914298
36530,1.1615324249621228e-07,3.0770445220713475e-07,1.0,1.0,30.946564857851268
36540,1.0174534237768187e-07,3.05467429473974e-07,1.0,1.0,30.947465211557862
36550,1.2378297683777698e-07,3.397555830835246e-07,1.0,1.0,30.941971898748793
36560,1.0759322868900907e-07,3.254132892734497e-07,1.0,1.0,30.94618422435867
36570,1.0874213257106054e-07,3.025023238123275e-07,1.0,1.0,30.947197308262325
36580,1.0244485997027019e-07,3.1165546148073453e-07,1.0,1.0,30.950504270831743
36590,1.056530980815942e-07,3.029292376904098e-07,1.0,1.0,30.948315740773662
36600,1.0520983948349722e-07,3.1939032675912704e-07,1.0,1.0,30.946509895700768
36610,1.1288518506475512e-07,3.155123047185893e-07,1.0,1.0,30.943930226080674
36620,1.074449947653238e-07,3.301997877703097e-07,1.0,1.0,30.943724963491437
36630,1.013912132631628e-07,3.4038286097207685e-07,1.0,1.0,30.943041690853878
36640,1.202755740061851e-07,3.245102651060616e-07,1.0,1.0,30.947758086798355
36650,1.1107621620391006e-07,3.1233387535900276e-07,1.0,1.0,30.9483855775058
36660,1.017376932888963e-07,3.1496815074536176e-07,1.0,1.0,30.94681698661565
36670,1.2040348744969656e-07,3.305194582700259e-07,1.0,1.0,30.94253948027261
36680,1.1474777050005358e-07,3.2557322912676296e-07,1.0,1.0,30.944765862982095
36690,1.064853278862922e-07,3.2331061624973015e-07,1.0,1.0,30.94676393576405
36700,1.1313450010863857e-07,3.041851145569518e-07,1.0,1.0,30.945820679455096
36710,1.1554190967039282e-07,3.238405068517228e-07,1.0,1.0,30.9433048442809
36720,9.875604853737859e-08,3.186333668091932e-07,1.0,1.0,30.94289213191708
36730,1.1712430087969017e-07,3.1307044648823584e-07,1.0,1.0,30.943679138429967
36740,1.1234852600026161e-07,3.224829190743633e-07,1.0,1.0,30.944744141499193
36750,1.217384127086286e-07,3.434853177616549e-07,1.0,1.0,30.94508961478042
36760,1.0801415636455816e-07,3.237604338358037e-07,1.0,1.0,30.945691760097336
36770,1.09622645431147e-07,3.1721129212799144e-07,1.0,1.0,30.945357957141894
36780,9.914371381537796e-08,3.349072521008908e-07,1.0,1.0,30.94576614062235
36790,1.2480301179888738e-07,2.9428515069824595e-07,1.0,1.0,30.9454901867822
36800,1.0318083073013322e-07,3.407261930969058e-07,1.0,1.0,30.94652453033156
36810,1.043750895090397e-07,3.0747590906722073e-07,1.0,1.0,30.945540982065886
36820,1.0476932989617902e-07,2.95954490785755e-07,1.0,1.0,30.94564999272038
36830,1.0342486318000008e-07,3.158895473168388e-07,1.0,1.0,30.944290574101533
36840,1.0399616953480312e-07,3.136547199529912e-07,1.0,1.0,30.943492428010067
36850,1.0841739486069417e-07,3.0849662919604513e-07,1.0,1.0,30.942427452047884
36860,1.1074967903447718e-07,3.1044946858744843e-07,1.0,1.0,30.941848986386614
36870,1.0682311810185041e-07,3.467722843813998e-07,1.0,1.0,30.942236442726113
36880,1.1348771170725288e-07,2.9887392810188195e-07,1.0,1.0,30.943364458834726
36890,1.1137424255226446e-07,3.238131717881429e-07,1.0,1.0,30.946007833193097
36900,1.0649461934472139e-07,3.218878501067676e-07,1.0,1.0,30.94598064357464
36910,1.0109653045903356e-07,3.221041444197463e-07,1.0,1.0,30.947281242160827
36920,1.0389814473081706e-07,3.33276626730472e-07,1.0,1.0,30.94305052151475
36930,1.017560537925722e-07,3.111901941391219e-07,1.0,1.0,30.942352875221136
36940,1.0939366852060439e-07,2.987290158810312e-07,1.0,1.0,30.942123137387185
36950,1.0950181364207271e-07,3.1789908606771295e-07,1.0,1.0,30.9459727614653
36960,1.050150605086158e-07,3.095080623342518e-07,1.0,1.0,30.946426921086292
36970,1.1054795035359872e-07,3.0972021347671864e-07,1.0,1.0,30.94009520718702
36980,1.2145572230320134e-07,3.2480788431042493e-07,1.0,1.0,30.940969768001885
36990,9.660942797251252e-08,3.2252643246820365e-07,1.0,1.0,30.942658223543596
37000,1.0286125072696267e-07,3.339251373540281e-07,1.0,1.0,30.942844424785285
37010,1.0916026036926809e-07,3.47067617151465e-07,1.0,1.0,30.946160225092218
37020,9.340637186607875e-08,2.985084896513019e-07,1.0,1.0,30.948246111072347
37030,1.2349074928862528e-07,3.314806278566251e-07,1.0,1.0,30.945246882951782
37040,1.1643048853176931e-07,3.0684864670673675e-07,1.0,1.0,30.942670091668717
37050,1.1080612663766157e-07,3.2658672139001333e-07,1.0,1.0,30.94448314164498
37060,1.2179936769209993e-07,3.0947812383478444e-07,1.0,1.0,30.9420351625734
37070,1.1157772553301558e-07,3.2757154109212356e-07,1.0,1.0,30.94409394825979
37080,1.1177328568690095e-07,3.17854122024706e-07,1.0,1.0,30.94363096257431
37090,1.165168827968133e-07,2.9326061959657985e-07,1.0,1.0,30.94477643421802
37100,1.0899126772905035e-07,3.3611377569475786e-07,1.0,1.0,30.94616771074504
37110,1.0805691317597476e-07,3.0714423175292444e-07,1.0,1.0,30.94664531164807
37120,1.0837603703657169e-07,3.374356425340106e-07,1.0,1.0,30.945833063830857
37130,1.0645020251524433e-07,3.268983323074932e-07,1.0,1.0,30.943358315154125
37140,1.1031786871215467e-07,3.2174624472258916e-07,1.0,1.0,30.94144135321615
37150,1.1713684843482107e-07,3.290313422889356e-07,1.0,1.0,30.94186478611596
37160,1.0899884524467156e-07,3.1622424621168503e-07,1.0,1.0,30.941707690404215
37170,1.173943381349454e-07,3.1552694722515185e-07,1.0,1.0,30.942419468207575
37180,1.1074090802260948e-07,3.2544505620624903e-07,1.0,1.0,30.944855823885103
37190,9.836462214584183e-08,3.366939609027897e-07,1.0,1.0,30.944845037690694
37200,1.1302710574595054e-07,3.004513685355751e-07,1.0,1.0,30.94214026050201
37210,1.201648199173433e-07,3.249980959143209e-07,1.0,1.0,30.943373561449743
37220,1.0114544900107552e-07,3.0781285068309736e-07,1.0,1.0,30.946617500980917
37230,9.514389363677482e-08,3.2859381368757065e-07,1.0,1.0,30.94605389546174
37240,1.0638590165547975e-07,3.178229679070722e-07,1.0,1.0,30.94191697303902
37250,1.0723051260300905e-07,3.1909868447383773e-07,1.0,1.0,30.943477444923616
37260,1.0438667158069845e-07,3.1153122381553425e-07,1.0,1.0,30.94409061864781
37270,9.874627070675622e-08,3.0634134579971873e-07,1.0,1.0,30.94502470995054
37280,1.08414179936634e-07,3.1858681251785135e-07,1.0,1.0,30.942771338496247
37290,9.537619500125498e-08,3.177777633623526e-07,1.0,1.0,30.94411322271256
37300,1.2051963725868328e-07,3.460143754032402e-07,1.0,1.0,30.941240918127225
37310,1.0986778285338866e-07,3.009200018777136e-07,1.0,1.0,30.941823667258863
37320,9.930038907708434e-08,3.0518868914547246e-07,1.0,1.0,30.943505079052883
37330,1.1627459195405204e-07,3.3337488435927745e-07,1.0,1.0,30.9436595376168
37340,1.0598239652520055e-07,3.1436866767466043e-07,1.0,1.0,30.94473603482016
37350,1.0097380139143093e-07,3.153816366892516e-07,1.0,1.0,30.94458057476971
37360,1.0076795679722698e-07,3.1209478167887945e-07,1.0,1.0,30.941381812936733
37370,1.015434328701704e-07,3.174021034584337e-07,1.0,1.0,30.9419519659797
37380,1.0411400471403362e-07,3.259204271283203e-07,1.0,1.0,30.940918333289552
37390,1.0290045051913247e-07,3.2863158930006057e-07,1.0,1.0,30.939942203511237
37400,1.1361666928857516e-07,2.9608049908967363e-07,1.0,1.0,30.94074927110546
37410,1.1352038576584032e-07,3.136847916147482e-07,1.0,1.0,30.942821046590705
37420,1.21663987024656e-07,3.2088063924762636e-07,1.0,1.0,30.944168493145046
37430,1.1716440701660352e-07,3.0456239059467225e-07,1.0,1.0,30.944576730750185
37440,1.0070016636382831e-07,3.2172989947479846e-07,1.0,1.0,30.9453785873915
37450,1.0796625259628605e-07,3.285026679040235e-07,1.0,1.0,30.944054343663762
37460,1.1654260818102193e-07,3.11952164083866e-07,1.0,1.0,30.942500108930638
37470,9.915721965765028e-08,2.995145158261257e-07,1.0,1.0,30.940374349384257
37480,1.2549761945298692e-07,3.1488841077411986e-07,1.0,1.0,30.939284218978088
37490,1.1513453420053491e-07,3.2636230378488043e-07,1.0,1.0,30.941400366820485
37500,1.0715253098767395e-07,3.168708946560859e-07,1.0,1.0,30.94525651495392
37510,1.2046440288164786e-07,3.1747451175598776e-07,1.0,1.0,30.94317756697951
37520,1.0098701982433256e-07,3.2665223373374783e-07,1.0,1.0,30.945578900767625
37530,1.1217862330286899e-07,3.118382484554593e-07,1.0,1.0,30.94319134303006
37540,1.2313410686944045e-07,3.250692521443183e-07,1.0,1.0,30.94257976925116
37550,1.1521685313884808e-07,3.041098206440011e-07,1.0,1.0,30.94080657681754
37560,1.008051590131348e-07,3.22604477631311e-07,1.0,1.0,30.942950380426776
37570,1.0632710107566595e-07,3.110037607096689e-07,1.0,1.0,30.93916471485295
37580,1.1037005099171747e-07,3.0435852514239466e-07,1.0,1.0,30.94450527521183
37590,1.0075404202474485e-07,3.0506765357971155e-07,1.0,1.0,30.94467269383492
37600,9.815953348418494e-08,3.19934673245399e-07,1.0,1.0,30.94194498106893
37610,1.1486571061511753e-07,3.2544350370733163e-07,1.0,1.0,30.94283220018481
37620,1.0337881326440108e-07,3.4160195585900675e-07,1.0,1.0,30.94127233805645
37630,1.2014542058176143e-07,3.039632667346645e-07,1.0,1.0,30.942480842071845
37640,1.1647255971358084e-07,3.1223298150557094e-07,1.0,1.0,30.94236754498837
37650,9.443481315404821e-08,3.435985940450103e-07,1.0,1.0,30.94325444585009
37660,1.1585155246628227e-07,3.0418453898371305e-07,1.0,1.0,30.94013707206333
37670,1.1845386225830795e-07,3.3074616575449415e-07,1.0,1.0,30.941824101526
37680,1.1279865019528403e-07,3.23560665736894e-07,1.0,1.0,30.944474448266146
37690,1.19055742733618e-07,3.301990242605759e-07,1.0,1.0,30.946549618602155
37700,1.058662251023439e-07,2.8063409707364674e-07,1.0,1.0,30.94528665985295
37710,1.0280701202368011e-07,3.0959646164680933e-07,1.0,1.0,30.943936780183446
37720,1.1747767814290286e-07,3.168240717455736e-07,1.0,1.0,30.93840037942135
37730,1.0205501243063268e-07,3.430636827601055e-07,1.0,1.0,30.941299031806448
37740,9.925915372627885e-08,2.9884793312217733e-07,1.0,1.0,30.942694854634556
37750,1.3463097970757968e-07,3.2869264042994986e-07,1.0,1.0,30.939812462919356
37760,1.041685647279113e-07,3.2982818463128515e-07,1.0,1.0,30.94190533537927
37770,9.941057107131338e-08,2.998033648499037e-07,1.0,1.0,30.944476747640575
37780,1.0301868017521069e-07,3.139778694930226e-07,1.0,1.0,30.942443392329988
37790,1.1607394150865151e-07,3.289522182012862e-07,1.0,1.0,30.943737820397157
37800,1.1258081520667174e-07,3.1630256899163104e-07,1.0,1.0,30.944334749567524
37810,1.1415141624825858e-07,3.26382003674038e-07,1.0,1.0,30.94112977970976
37820,1.206009547116985e-07,3.1373851244727813e-07,1.0,1.0,30.941161801388787
37830,1.0086068068346033e-07,3.5663143884090124e-07,1.0,1.0,30.943931426264555
37840,1.2204477785874785e-07,3.07955388757466e-07,1.0,1.0,30.94176905854306
37850,1.01014293176337e-07,3.2824112824364675e-07,1.0,1.0,30.940770235044923
37860,1.166643814765628e-07,3.10314621935099e-07,1.0,1.0,30.9411783830661
37870,1.117457763277206e-07,3.131693937793481e-07,1.0,1.0,30.941302115246714
37880,1.0909461464598703e-07,3.1662415084631504e-07,1.0,1.0,30.941710472828785
37890,1.0514831451948525e-07,3.1572181535282966e-07,1.0,1.0,30.94172957143383
37900,1.0388659741190154e-07,3.466901526585391e-07,1.0,1.0,30.938375324456846
37910,1.0793113193725687e-07,2.9488549346242427e-07,1.0,1.0,30.94070749054681
37920,1.018089781334535e-07,3.368467182391202e-07,1.0,1.0,30.944121824163958
37930,1.1934399534207203e-07,3.057221374719486e-07,1.0,1.0,30.94491778954073
37940,1.1086495207502518e-07,3.0328940917689615e-07,1.0,1.0,30.945805272387467
37950,1.0571515809038573e-07,3.305671185781007e-07,1.0,1.0,30.944488829178702
37960,1.16414858797295e-07,3.329244882672823e-07,1.0,1.0,30.940458922163106
37970,1.2065768387241967e-07,3.098214442757366e-07,1.0,1.0,30.942449870862944
37980,1.0881538121002024e-07,3.2708818308691746e-07,1.0,1.0,30.943617452608976
37990,1.0405744773675133e-07,3.0577209995687677e-07,1.0,1.0,30.940060963937817
38000,1.1513213239380193e-07,3.318210366154765e-07,1.0,1.0,30.93956341128893
38010,1.0552505551227019e-07,3.1438839288994823e-07,1.0,1.0,30.941845916397938
38020,1.1413461604017488e-07,3.102168131977319e-07,1.0,1.0,30.94104310448579
38030,1.1393466941228612e-07,3.1844333731534514e-07,1.0,1.0,30.94498504014678
38040,1.1336096770066345e-07,3.227102121567874e-07,1.0,1.0,30.942716510766576
38050,1.1620347093084294e-07,3.1049891766617995e-07,1.0,1.0,30.944367037306847
38060,1.1674777998956644e-07,3.205656014019682e-07,1.0,1.0,30.94173529896491
38070,1.1356479439305263e-07,3.413151856303825e-07,1.0,1.0,30.9396212750589
38080,1.2741651616334324e-07,3.190687856061477e-07,1.0,1.0,30.93861918406531
38090,1.1044641839246488e-07,3.112788621654632e-07,1.0,1.0,30.941412160404155
38100,1.0885052948676608e-07,3.3065082575265875e-07,1.0,1.0,30.942470752648653
38110,1.0670420159546981e-07,3.138277687729694e-07,1.0,1.0,30.94175458487109
38120,1.2238251696360433e-07,3.158066408307916e-07,1.0,1.0,30.941405124340204
38130,1.1691847624217626e-07,3.339092236690581e-07,1.0,1.0,30.942698453387507
38140,1.1710208263932508e-07,2.984611548677086e-07,1.0,1.0,30.942140925513577
38150,1.0840503303678706e-07,3.090922979440113e-07,1.0,1.0,30.941435581620066
38160,1.0514755338149627e-07,3.33670606477173e-07,1.0,1.0,30.94231584300264
38170,1.0117167030043975e-07,3.01806832323726e-07,1.0,1.0,30.93976867351354
38180,1.0226737102326319e-07,3.351542398113202e-07,1.0,1.0,30.940345575806415
38190,1.070693506580905e-07,3.1909584851522544e-07,1.0,1.0,30.940955197353638
38200,1.2438418733437822e-07,3.5311951182430716e-07,1.0,1.0,30.941412139267424
38210,1.0741690018360378e-07,3.018415092590635e-07,1.0,1.0,30.94349205457602
38220,9.323787227552263e-08,3.239177512727727e-07,1.0,1.0,30.944701014490327
38230,1.1093989807193529e-07,3.085619686774553e-07,1.0,1.0,30.940144254290036
38240,1.1083111382432911e-07,3.2285233580309524e-07,1.0,1.0,30.940528208237833
38250,1.0244133787583821e-07,3.40669866761537e-07,1.0,1.0,30.941205225929114
38260,1.1678339575611439e-07,3.2382200854124344e-07,1.0,1.0,30.938292847946308
38270,1.120142505791791e-07,3.273688353551896e-07,1.0,1.0,30.942643590746172
38280,9.111567711508287e-08,3.127706834066632e-07,1.0,1.0,30.941679209426646
38290,1.0954288268365529e-07,3.367675498956754e-07,1.0,1.0,30.941171429001148
38300,1.1462598310913511e-07,3.2499447494402333e-07,1.0,1.0,30.938569672972463
38310,1.2283478849908979e-07,3.0597408779123797e-07,1.0,1.0,30.938502323270633
38320,1.0186433153419144e-07,3.4211839992157006e-07,1.0,1.0,30.941210622969493
38330,1.1494576341702421e-07,3.3298905266213907e-07,1.0,1.0,30.94401519230128
38340,1.004648998972737e-07,3.3534665396767376e-07,1.0,1.0,30.942825491201635
38350,1.0047478343337247e-07,3.213275456132514e-07,1.0,1.0,30.942465332110892
38360,1.0067002523931993e-07,3.0548644334076086e-07,1.0,1.0,30.940554880567436
38370,1.109726830444e-07,3.312082335448e-07,1.0,1.0,30.941332097985136
38380,1.1214164231116286e-07,3.044272468692774e-07,1.0,1.0,30.936963005192755
38390,1.0902815082372819e-07,3.276585422073432e-07,1.0,1.0,30.941123186326305
38400,9.067469771116382e-08,3.0561050149536473e-07,1.0,1.0,30.942465965896748
38410,1.0462709636621756e-07,3.095960632318949e-07,1.0,1.0,30.940984113912204
38420,1.1345348882769163e-07,3.1379553057922315e-07,1.0,1.0,30.939865420387825
38430,1.1775035131913438e-07,3.291853884066019e-07,1.0,1.0,30.941248108773323
38440,1.1222406219919163e-07,3.2441348231802885e-07,1.0,1.0,30.938219485332933
38450,9.934253148343724e-08,3.2857324720159644e-07,1.0,1.0,30.942405019664697
38460,9.723432301118293e-08,3.148120569364185e-07,1.0,1.0,30.943834169024875
38470,1.0633508241675373e-07,3.1180081454186457e-07,1.0,1.0,30.94226500877844
38480,1.1432400098334268e-07,3.2677643457805896e-07,1.0,1.0,30.939651980895935
38490,1.0471735569952137e-07,3.1280593752323717e-07,1.0,1.0,30.939512159184485
38500,1.1558113719714622e-07,3.068345834271671e-07,1.0,1.0,30.938026047404723
38510,9.975444532935942e-08,3.5413872643487985e-07,1.0,1.0,30.94048195957972
38520,1.1294000056985415e-07,3.08078312728383e-07,1.0,1.0,30.94255173667345
38530,1.1412597085997043e-07,2.9453610349847e-07,1.0,1.0,30.941256141602103
38540,1.0911608553532668e-07,3.3401106579648844e-07,1.0,1.0,30.942293640232112
38550,1.0967769463127761e-07,3.2034225707566053e-07,1.0,1.0,30.94100924411035
38560,1.0763151794446835e-07,3.283395184457539e-07,1.0,1.0,30.9378715333136
38570,1.1427885073849193e-07,3.1357475793746374e-07,1.0,1.0,30.939240431486468
38580,1.0705232953317315e-07,3.292180602760748e-07,1.0,1.0,30.942119423329977
38590,9.788867741661589e-08,3.3106468795264987e-07,1.0,1.0,30.94012135835469
38600,1.0084081790809974e-07,2.935727513305925e-07,1.0,1.0,30.93860440431696
38610,1.0718589595556689e-07,3.340933987210968e-07,1.0,1.0,30.940242269431984
38620,1.1434307908875196e-07,3.189713368960143e-07,1.0,1.0,30.942458047812543
38630,1.0837429306946726e-07,3.2528685118553736e-07,1.0,1.0,30.94275671171932
38640,1.013233701072221e-07,2.9927485497950846e-07,1.0,1.0,30.942866120667954
38650,1.147405776080507e-07,3.3556067755426013e-07,1.0,1.0,30.93706353967504
38660,1.0140431388619705e-07,2.9986282576531885e-07,1.0,1.0,30.93940503594276
38670,9.698787967399066e-08,3.1986089883419985e-07,1.0,1.0,30.942325115308602
38680,1.1332236002884545e-07,3.0022979459129234e-07,1.0,1.0,30.940367933719667
38690,1.021046053879417e-07,3.1412577201832644e-07,1.0,1.0,30.942743098518555
38700,1.059257264271804e-07,3.405252902464231e-07,1.0,1.0,30.941415431792947
38710,1.2035470640193758e-07,3.00293902398824e-07,1.0,1.0,30.938637097949726
38720,1.0884243079458319e-07,3.114483049160219e-07,1.0,1.0,30.941161396615403
38730,1.1354156252120551e-07,3.011703312421159e-07,1.0,1.0,30.94118716266147
38740,1.1037018380575725e-07,3.324968216692547e-07,1.0,1.0,30.93879965327427
38750,1.1110472109287082e-07,3.210698025742303e-07,1.0,1.0,30.936310927468824
38760,1.1688224635964007e-07,3.344094164197308e-07,1.0,1.0,30.937519567518653
38770,1.2094275814578617e-07,3.1596006480333325e-07,1.0,1.0,30.93909442291046
38780,1.0534150719963925e-07,3.0842735950358795e-07,1.0,1.0,30.939888171012182
38790,1.0019925460839847e-07,3.1785928214311665e-07,1.0,1.0,30.937983156447423
38800,1.2464323217815782e-07,3.590102131582638e-07,1.0,1.0,30.939730073551694
38810,1.1914473777604337e-07,3.0517685637502994e-07,1.0,1.0,30.94105644402021
38820,1.0273092436483378e-07,3.0550740454899265e-07,1.0,1.0,30.940950969070563
38830,1.2020823444394107e-07,3.2024820103977297e-07,1.0,1.0,30.938044743512325
38840,1.1058015052551258e-07,3.26828815820755e-07,1.0,1.0,30.93909578680562
38850,9.887539453930961e-08,3.0620141645958465e-07,1.0,1.0,30.940511010251253
38860,1.1976017504820603e-07,3.353509673859728e-07,1.0,1.0,30.940898992290634
38870,1.0296631780220951e-07,2.8726228091462e-07,1.0,1.0,30.942463868384625
38880,1.1385957888790293e-07,3.043992238333857e-07,1.0,1.0,30.94101841079348
38890,1.1970685824522468e-07,3.2621134997687995e-07,1.0,1.0,30.93938421142888
38900,1.0558243621352137e-07,3.2771476798940595e-07,1.0,1.0,30.937210869501843
38910,1.1151881791403241e-07,3.1559064770885604e-07,1.0,1.0,30.93549393674003
38920,1.246545040194703e-07,3.1462790766628695e-07,1.0,1.0,30.93812607889912
38930,1.0486796819895441e-07,3.1372186624731835e-07,1.0,1.0,30.939461189215674
38940,1.0370759777990311e-07,3.1912215745530446e-07,1.0,1.0,30.940182223393453
38950,1.2450806342726013e-07,3.127426341043275e-07,1.0,1.0,30.93716207631298
38960,1.0450132368589479e-07,3.2172137754726245e-07,1.0,1.0,30.938761744688748
38970,1.1566455394247324e-07,3.1686704569668463e-07,1.0,1.0,30.937833389545087
38980,1.0650021187939884e-07,2.988940036142644e-07,1.0,1.0,30.940864682018486
38990,1.0737435320627072e-07,3.082639012928348e-07,1.0,1.0,30.94071618359389
39000,1.1617960761653469e-07,3.147952728614678e-07,1.0,1.0,30.93849140414474
39010,1.0296727480469747e-07,3.1054673321830283e-07,1.0,1.0,30.934646686842356
39020,1.0280661723031506e-07,3.2268706063823193e-07,1.0,1.0,30.938258693622917
39030,9.363403020839384e-08,3.1289415215127724e-07,1.0,1.0,30.939197013775626
39040,1.1048104697321275e-07,3.0264554158716694e-07,1.0,1.0,30.939135509804384
39050,1.199287710449094e-07,3.2962074637687144e-07,1.0,1.0,30.938981968050204
39060,9.552092169029696e-08,2.9697376191502473e-07,1.0,1.0,30.940493831379943
39070,1.0571696166031169e-07,3.4159633859070055e-07,1.0,1.0,30.935697348548164
39080,1.0817689847767504e-07,2.982408925745635e-07,1.0,1.0,30.93689163474194
39090,1.0985173571786694e-07,3.08998421824256e-07,1.0,1.0,30.940031152989135
39100,1.2256444242885662e-07,3.2814535693119745e-07,1.0,1.0,30.937589287599888
39110,1.0273836001305856e-07,3.2733820252494513e-07,1.0,1.0,30.939516757382208
39120,1.065442915229572e-07,3.0274835105128306e-07,1.0,1.0,30.940902418688776
39130,1.1809497042149732e-07,3.241589899195609e-07,1.0,1.0,30.941504467867517
39140,1.0879922171357821e-07,3.25469149153822e-07,1.0,1.0,30.938949208888893
39150,1.0544989060026632e-07,3.212371009555185e-07,1.0,1.0,30.937341101286687
39160,1.1583714105842242e-07,3.0424156460479654e-07,1.0,1.0,30.935116445410287
39170,1.1339859846279923e-07,3.2619416482477155e-07,1.0,1.0,30.93863976132399
39180,1.1591538192848662e-07,3.0411675563128247e-07,1.0,1.0,30.939184787910342
39190,1.0882507067076957e-07,3.290032146837132e-07,1.0,1.0,30.93906678398153
39200,1.1419410454807392e-07,3.1269710568493214e-07,1.0,1.0,30.93962984566332
39210,1.2098133602245068e-07,3.1934279473530906e-07,1.0,1.0,30.93906381951092
39220,1.1008724831456648e-07,3.1375343307507886e-07,1.0,1.0,30.939787843271503
39230,1.0379794556651506e-07,3.293051278744032e-07,1.0,1.0,30.937248508206473
39240,1.0601919800749057e-07,3.081446091766247e-07,1.0,1.0,30.935891260160314
39250,1.206150645727841e-07,3.5135225270980794e-07,1.0,1.0,30.93638449240552
39260,9.434694930608796e-08,2.866582549358576e-07,1.0,1.0,30.93846317467387
39270,1.0858239451221481e-07,3.2852694787594296e-07,1.0,1.0,30.938630251267135
39280,1.1491988703759867e-07,3.2749839204623506e-07,1.0,1.0,30.93596741699457
39290,1.1122137951339309e-07,3.013221454482724e-07,1.0,1.0,30.936290039602714
39300,1.0225296944701922e-07,3.36298700783628e-07,1.0,1.0,30.938796127692257
39310,1.1259742648641632e-07,3.207696146022307e-07,1.0,1.0,30.937503583231166
39320,1.1000444971314192e-07,3.1824266729640617e-07,1.0,1.0,30.939819238392392
39330,1.0876291938371523e-07,3.279174526081062e-07,1.0,1.0,30.940414408094043
39340,1.1339041623635888e-07,3.066249682032007e-07,1.0,1.0,30.937537507708917
39350,1.0743979336223486e-07,3.098046951896189e-07,1.0,1.0,30.937587572178803
39360,1.0255773581641623e-07,3.11125173208001e-07,1.0,1.0,30.937970898850224
39370,1.0852903846787098e-07,3.487715367861664e-07,1.0,1.0,30.93632101531648
39380,1.0477249122975562e-07,2.9823985844628447e-07,1.0,1.0,30.93799882674761
39390,9.434564633394438e-08,3.141871810975118e-07,1.0,1.0,30.937717657222404
39400,1.1198096720604483e-07,3.1722277466884054e-07,1.0,1.0,30.93612122843604
39410,1.1598247032939454e-07,3.2661050509143415e-07,1.0,1.0,30.934949706355546
39420,1.1200073516779873e-07,2.940734747992937e-07,1.0,1.0,30.93789125182186
39430,1.1616850224819289e-07,3.0445457267544834e-07,1.0,1.0,30.940444477722075
39440,1.0743307257261291e-07,3.2985908623727424e-07,1.0,1.0,30.938462180562553
39450,1.1191143481438982e-07,3.2824677198041907e-07,1.0,1.0,30.938161017980253
39460,1.1755185219677327e-07,2.9355370460171724e-07,1.0,1.0,30.938476209946398
39470,1.1380454905157831e-07,3.346313434857039e-07,1.0,1.0,30.93751512988765
39480,9.81058300443474e-08,3.1084679528942303e-07,1.0,1.0,30.93721646926696
39490,1.1348811777797548e-07,3.1972572088842793e-07,1.0,1.0,30.936781463081847
39500,1.0342443593567578e-07,2.998108226270523e-07,1.0,1.0,30.938681144100652
39510,1.1189051369581618e-07,3.4034494748214115e-07,1.0,1.0,30.940565203367445
39520,1.2120593804181671e-07,2.931915036775727e-07,1.0,1.0,30.938397031828956
39530,1.0136429526373883e-07,3.1922795860438123e-07,1.0,1.0,30.939383573951535
39540,1.1047296855968592e-07,3.163294330268601e-07,1.0,1.0,30.939812303653895
39550,1.0872420261175106e-07,3.293900688794758e-07,1.0,1.0,30.93804758765303
39560,1.2034509989492567e-07,3.2474773146021965e-07,1.0,1.0,30.938778449777367
39570,1.0663421103769768e-07,3.300756147092403e-07,1.0,1.0,30.93794925158332
39580,1.0169822262661348e-07,3.0102564514544977e-07,1.0,1.0,30.938318471074222
39590,1.2078633931600197e-07,3.130618490622446e-07,1.0,1.0,30.93901050641066
39600,1.0833725839473204e-07,3.1605605424370045e-07,1.0,1.0,30.939065153045792
39610,1.1270704920606188e-07,3.1540291185271474e-07,1.0,1.0,30.93770879139467
39620,1.0660184603024151e-07,3.0738091293990393e-07,1.0,1.0,30.934346848075045
39630,1.0657948096429022e-07,2.9837286130820177e-07,1.0,1.0,30.934541330847605
39640,1.1726173067246015e-07,3.135611574277505e-07,1.0,1.0,30.93331311155405
39650,9.940566261216886e-08,3.180417655186184e-07,1.0,1.0,30.937259576838386
39660,1.0738537880586548e-07,3.3176956281348077e-07,1.0,1.0,30.93996877156404
39670,1.1674814339941537e-07,3.072369803004174e-07,1.0,1.0,30.93980751072171
39680,1.1429618804572453e-07,3.074726149859981e-07,1.0,1.0,30.940512498740567
39690,1.1116325148174948e-07,3.423465792187484e-07,1.0,1.0,30.93765315241183
39700,1.0042007893184783e-07,3.1296903599856007e-07,1.0,1.0,30.934420862076347
39710,1.1094429562047106e-07,3.280768896400561e-07,1.0,1.0,30.93546783785488
39720,9.788609734983751e-08,3.2434539708413567e-07,1.0,1.0,30.938154947472263
39730,1.1630563185299208e-07,3.032569290099146e-07,1.0,1.0,30.938402460144772
39740,1.129035466126561e-07,3.204462832106328e-07,1.0,1.0,30.93721054184099
39750,1.1679110760917852e-07,3.099863432907236e-07,1.0,1.0,30.939851227255385
39760,1.0749376662364415e-07,2.923127575381628e-07,1.0,1.0,30.941271428106173
39770,1.0419429245656512e-07,3.4092756107750327e-07,1.0,1.0,30.939586195578677
39780,1.045860176919066e-07,3.0904250257871344e-07,1.0,1.0,30.937267297644752
39790,9.816027866693857e-08,3.148047745048622e-07,1.0,1.0,30.934828132184833
39800,1.1178962603193872e-07,3.0762418505329874e-07,1.0,1.0,30.93665829426133
39810,1.0696605186103322e-07,3.239597699644289e-07,1.0,1.0,30.937968418765937
39820,1.1247833737402143e-07,3.2093500838591076e-07,1.0,1.0,30.937332756397772
39830,1.082612862116213e-07,3.3643582048664673e-07,1.0,1.0,30.93821038040275
39840,1.0919629820997353e-07,3.1736411021179695e-07,1.0,1.0,30.93807681362393
39850,1.0986073424738984e-07,2.964423977228094e-07,1.0,1.0,30.93910316444782
39860,1.0019995064798468e-07,3.141741065864636e-07,1.0,1.0,30.93710923347918
39870,9.986077134668452e-08,3.0238733845771165e-07,1.0,1.0,30.93650706925629
39880,1.0878441309592956e-07,3.400761494871315e-07,1.0,1.0,30.936056465082643
39890,1.1371878551270751e-07,3.217877026177358e-07,1.0,1.0,30.93790790540101
39900,9.339265253170954e-08,3.162415431764586e-07,1.0,1.0,30.936792267081522
39910,1.0522967190056287e-07,3.0660312126910877e-07,1.0,1.0,30.935191502251605
39920,1.1112524467867567e-07,3.100209840236289e-07,1.0,1.0,30.935341985242157
39930,1.0929374485736186e-07,3.3473341623148715e-07,1.0,1.0,30.937938843995624
39940,1.1375880091498253e-07,3.104624593929953e-07,1.0,1.0,30.936037894736316
39950,1.0704352890577555e-07,3.227413110407077e-07,1.0,1.0,30.937644102731586
39960,9.714826264070077e-08,3.061828649317068e-07,1.0,1.0,30.93707779886581
39970,1.1403307553637343e-07,3.0298819396864994e-07,1.0,1.0,30.93381863398537
39980,1.0647409548150315e-07,3.3334740402234183e-07,1.0,1.0,30.934728822361645
39990,1.0165388655951799e-07,3.270283381615411e-07,1.0,1.0,30.93791608118731
40000,1.2424998103650747e-07,3.16645042614073e-07,1.0,1.0,30.9339040967236
40010,1.104505703695396e-07,3.2699228133288835e-07,1.0,1.0,30.93944110119814
40020,1.123728579310988e-07,3.000220709799032e-07,1.0,1.0,30.944550949328086
40030,1.0955743752193566e-07,3.127732575850565e-07,1.0,1.0,30.940225249682282
40040,1.0932940792737223e-07,3.2797101077973115e-07,1.0,1.0,30.939950593553274
40050,1.0002946623563072e-07,3.097724813351401e-07,1.0,1.0,30.940010485560485
40060,1.2991915589804354e-07,3.101752153530549e-07,1.0,1.0,30.933781941960824
40070,1.0145093188139243e-07,3.208494602255919e-07,1.0,1.0,30.937358342058417
40080,1.1488761675225136e-07,3.3094114078089347e-07,1.0,1.0,30.93805930307345
40090,1.235391066381949e-07,3.300017734496213e-07,1.0,1.0,30.938306949842776
40100,1.1166412928343764e-07,3.2046236787525535e-07,1.0,1.0,30.93652443842865
40110,1.0013537865151033e-07,3.1808844871173695e-07,1.0,1.0,30.936428928042048
40120,1.1191902527966696e-07,3.067899628041745e-07,1.0,1.0,30.93161710028237
40130,1.1040158901171768e-07,3.166739179899646e-07,1.0,1.0,30.93675783120226
40140,1.0952224059042633e-07,3.2285590826222255e-07,1.0,1.0,30.93735920711862
40150,1.1816131922934453e-07,3.0109718112701006e-07,1.0,1.0,30.933909495288106
40160,1.0790931020684802e-07,3.347024628151373e-07,1.0,1.0,30.939925578246417
40170,1.0710608676784562e-07,2.883556036160365e-07,1.0,1.0,30.941934067920783
40180,1.104207959676673e-07,3.449001087059349e-07,1.0,1.0,30.938846668083926
40190,1.054583101608018e-07,2.977687758994601e-07,1.0,1.0,30.935655630284582
40200,9.771245452759111e-08,3.1631929169392913e-07,1.0,1.0,30.934546425342013
40210,1.0915460170161897e-07,3.2042517644684264e-07,1.0,1.0,30.933307751262138
40220,1.0832800740174524e-07,3.1205124625126344e-07,1.0,1.0,30.937640083169757
40230,9.628264702340208e-08,3.11349494696152e-07,1.0,1.0,30.93825735875053
40240,1.2032879241976513e-07,3.357114267468066e-07,1.0,1.0,30.933369694227444
40250,1.1373181823564358e-07,3.214728407849438e-07,1.0,1.0,30.935198437810307
40260,1.0557970152225587e-07,3.327064737391736e-07,1.0,1.0,30.93751331070384
40270,1.1120637569187473e-07,3.1142103855386725e-07,1.0,1.0,30.938688847957582
40280,1.0981574974575204e-07,3.264675028429437e-07,1.0,1.0,30.93644512700748
40290,1.0627659584683668e-07,2.95985231000928e-07,1.0,1.0,30.936343584418
40300,1.1397942083084066e-07,3.2168035418165116e-07,1.0,1.0,30.934481540304024
40310,1.0515552046983076e-07,3.305833834833903e-07,1.0,1.0,30.934628061266313
40320,9.938624055320775e-08,3.291292830840098e-07,1.0,1.0,30.93622454893378
40330,1.1016688500004348e-07,3.11107491127791e-07,1.0,1.0,30.936560171104155
40340,9.98541598834557e-08,3.25360060208244e-07,1.0,1.0,30.938230868541318
40350,1.0211785321413918e-07,3.2626506708275916e-07,1.0,1.0,30.936761011536728
40360,1.1829454720431583e-07,2.94817126476605e-07,1.0,1.0,30.93493868796006
40370,1.0188131234936016e-07,3.261435733957723e-07,1.0,1.0,30.938852923926024
40380,9.514208652627594e-08,3.192806681514949e-07,1.0,1.0,30.93901583557413
40390,1.1919157535326081e-07,3.131147411437631e-07,1.0,1.0,30.937844041044958
40400,1.0725034002010957e-07,3.001662943872444e-07,1.0,1.0,30.9389394759831
40410,1.0459454357269526e-07,3.3673204402371123e-07,1.0,1.0,30.936931954166493
40420,1.2547796292037494e-07,3.0405555526121507e-07,1.0,1.0,30.936202422717184
40430,1.218939077817161e-07,3.168259967038888e-07,1.0,1.0,30.935489103793167
40440,1.0555510200013393e-07,3.183620253934493e-07,1.0,1.0,30.936441438636784
40450,1.1102205923946469e-07,3.2549793103157417e-07,1.0,1.0,30.933675402028896
40460,1.0673480881574419e-07,3.29226581374871e-07,1.0,1.0,30.935106338677976
40470,1.0392655961628937e-07,3.0998746607479794e-07,1.0,1.0,30.935492307818112
40480,1.2333905928924303e-07,3.123958692018007e-07,1.0,1.0,30.934939061216365
40490,1.1237799905987673e-07,3.276551307290731e-07,1.0,1.0,30.937277826368447
40500,9.826258858551184e-08,3.1200298558248943e-07,1.0,1.0,30.93724617499435
40510,1.2039732897282045e-07,3.4959873856066755e-07,1.0,1.0,30.93204581093463
40520,1.0400399168801071e-07,3.0246347311079585e-07,1.0,1.0,30.93769751413402
40530,1.193664689672869e-07,3.250784411120359e-07,1.0,1.0,30.938864660253262
40540,1.1173607051634815e-07,2.962052024081899e-07,1.0,1.0,30.936267801289446
40550,1.1336366354466199e-07,3.299770276061748e-07,1.0,1.0,30.936759271760458
40560,1.0974345892125326e-07,3.2116787102777624e-07,1.0,1.0,30.937761791717982
40570,1.065821556919272e-07,3.1934695421184297e-07,1.0,1.0,30.936511314850488
40580,1.1670721561517308e-07,3.2289773699338267e-07,1.0,1.0,30.937874743386534
40590,9.994048795441904e-08,3.226741365241637e-07,1.0,1.0,30.937728052802967
40600,1.1484239987598862e-07,3.1893945542593497e-07,1.0,1.0,30.93579701368864
40610,1.0822545329343313e-07,3.085121414923488e-07,1.0,1.0,30.93757066061642
40620,9.865222023726226e-08,3.3254279433312684e-07,1.0,1.0,30.937551168389042
40630,1.0007919903246071e-07,3.202227966957607e-07,1.0,1.0,30.936177821745506
40640,1.1781482853487337e-07,3.0763596262732645e-07,1.0,1.0,30.93528775821489
40650,1.0139765509660208e-07,3.09834848373652e-07,1.0,1.0,30.93648059429979
40660,1.2021585572596444e-07,3.485154129981083e-07,1.0,1.0,30.9364210303362
40670,1.0136314518639367e-07,3.070576276874936e-07,1.0,1.0,30.938709704632437
40680,1.0933797098703879e-07,3.1282367948508356e-07,1.0,1.0,30.935578779477048
40690,1.0585286533039833e-07,3.203690200040165e-07,1.0,1.0,30.934757560789098
40700,1.1596487509635531e-07,2.993162891737562e-07,1.0,1.0,30.936450948871766
40710,1.0048825213954928e-07,3.164291650661594e-07,1.0,1.0,30.935977134006386
40720,1.1646030907877242e-07,3.2075179328212444e-07,1.0,1.0,30.93211878766328
40730,1.0279874358281657e-07,3.0224230753506774e-07,1.0,1.0,30.937556856631392
40740,9.8638894770826e-08,3.421873759522707e-07,1.0,1.0,30.93742378687783
40750,1.1570462682861507e-07,3.120585753007476e-07,1.0,1.0,30.93556145884788
40760,1.1798629913097458e-07,3.4854657881223467e-07,1.0,1.0,30.93808902844728
40770,1.0289802139673894e-07,3.0987732297415697e-07,1.0,1.0,30.93961220824337
40780,1.0495529873564949e-07,2.989372735398694e-07,1.0,1.0,30.9388861356393
40790,1.08063918203314e-07,3.205474516354071e-07,1.0,1.0,30.938840766806273
40800,1.1096331203206207e-07,3.20804425973206e-07,1.0,1.0,30.93425735205398
40810,1.2686787334305037e-07,3.032486623120705e-07,1.0,1.0,30.932221385360037
40820,1.0541037744195803e-07,3.2541397581734346e-07,1.0,1.0,30.933423526636055
40830,1.20736683140434e-07,3.28145745241613e-07,1.0,1.0,30.937312991230574
40840,1.2391646672800852e-07,3.09210684266022e-07,1.0,1.0,30.93712172131677
40850,1.0980127292568439e-07,3.3806609095127153e-07,1.0,1.0,30.93905233989168
40860,1.11917436298355e-07,3.0704171105019325e-07,1.0,1.0,30.939740260357112
40870,1.1304161774978999e-07,3.0770808177222694e-07,1.0,1.0,30.940419727455975
40880,1.0439400450083695e-07,3.1066979512551055e-07,1.0,1.0,30.937703790648545
40890,1.1365842287465791e-07,3.14414403524879e-07,1.0,1.0,30.93527229729892
40900,1.0399387001601327e-07,3.305158179583337e-07,1.0,1.0,30.935833633414738
40910,1.0909599703295305e-07,3.1070814706629294e-07,1.0,1.0,30.936019088939585
40920,1.0435185139409114e-07,3.0722352313239553e-07,1.0,1.0,30.93574268263368
40930,1.1138073497127055e-07,3.1741724731872946e-07,1.0,1.0,30.9291536026175
40940,1.180200277565045e-07,3.327562491963957e-07,1.0,1.0,30.932737616997095
40950,1.0331982655028466e-07,3.05286046365319e-07,1.0,1.0,30.936976156485432
40960,1.277195578123913e-07,3.3118866587414575e-07,1.0,1.0,30.934106914538415
40970,1.1050574332862543e-07,3.140467456683889e-07,1.0,1.0,30.93555681001508
40980,1.0079507427553787e-07,3.087478924509206e-07,1.0,1.0,30.93810793026523
40990,1.1592612897667735e-07,3.2494682397383285e-07,1.0,1.0,30.936807723572514
41000,1.1346361651389075e-07,2.9761864408175683e-07,1.0,1.0,30.93716652683557
41010,9.985629044604084e-08,3.1520451662547077e-07,1.0,1.0,30.938425049649766
41020,1.0110732759143168e-07,3.0168847384849473e-07,1.0,1.0,30.935961548709933
41030,1.0134548393641684e-07,3.2101445416720795e-07,1.0,1.0,30.935328909959782
41040,1.0361399557253146e-07,3.1197536249768943e-07,1.0,1.0,30.933782491948932
41050,1.037225304352644e-07,3.2090428682441024e-07,1.0,1.0,30.934446207015583
41060,9.770211238918924e-08,3.321273882917602e-07,1.0,1.0,30.935060745925334
41070,9.470063742111232e-08,3.370104825774106e-07,1.0,1.0,30.93644189030186
41080,1.1731405081037999e-07,3.008098449281835e-07,1.0,1.0,30.935560970105374
41090,1.1913987495719886e-07,3.019022512710514e-07,1.0,1.0,30.936972002211785
41100,1.0436176767130146e-07,3.3010582889499994e-07,1.0,1.0,30.937942651462834
41110,1.0855224706359989e-07,3.386306987415244e-07,1.0,1.0,30.936292707477886
41120,1.0244859523692578e-07,3.4226567635100907e-07,1.0,1.0,30.93519909833766
41130,1.0639218382271918e-07,3.045967380286788e-07,1.0,1.0,30.9365919589836
41140,1.1870291734497694e-07,3.0762035266178166e-07,1.0,1.0,30.93449413124184
41150,1.0378811923077937e-07,3.128682036852783e-07,1.0,1.0,30.93587325194617
41160,1.0388710774744873e-07,3.048928314332499e-07,1.0,1.0,30.934801346383427
41170,1.0813343620593687e-07,3.3152574505728005e-07,1.0,1.0,30.933523842055873
41180,9.975313860134907e-08,3.0091922245667914e-07,1.0,1.0,30.9348211880341
41190,1.0935072695658431e-07,3.1503929521686736e-07,1.0,1.0,30.93562277953383
41200,1.1716094535697694e-07,3.3094545545336037e-07,1.0,1.0,30.93314458515534
41210,1.102134364355767e-07,3.3483737348920557e-07,1.0,1.0,30.93958809614617
41220,1.042090307495777e-07,2.9008940558029013e-07,1.0,1.0,30.938978172975737
41230,1.187795442727443e-07,3.3272227286591973e-07,1.0,1.0,30.935472525784068
41240,1.0517731594220869e-07,3.055114689331681e-07,1.0,1.0,30.935308393732253
41250,9.821940094673068e-08,3.257993874669244e-07,1.0,1.0,30.93249430769431
41260,1.109515416276604e-07,2.9804381190439364e-07,1.0,1.0,30.933082492380166
41270,1.1005252612683129e-07,3.1992405361444464e-07,1.0,1.0,30.935607074478238
41280,1.0704214280718497e-07,3.2279892450443387e-07,1.0,1.0,30.93661343597522
41290,1.1358041438658903e-07,3.0913340343055296e-07,1.0,1.0,30.934665173554922
41300,1.276267086427216e-07,3.11206341100036e-07,1.0,1.0,30.935434192434922
41310,1.0565161178779209e-07,3.0957664782617927e-07,1.0,1.0,30.93605632864339
41320,1.2543930184015062e-07,3.103034861798005e-07,1.0,1.0,30.934887765462246
41330,1.206114916070546e-07,3.0716720321122734e-07,1.0,1.0,30.935279295781427
41340,1.0422706483275781e-07,3.1234904586910106e-07,1.0,1.0,30.935679161521172
41350,1.0745949214363124e-07,3.4034475993462197e-07,1.0,1.0,30.936391983762636
41360,1.0018766471371248e-07,3.17781765694495e-07,1.0,1.0,30.935677780099304
41370,1.051257072289814e-07,3.284529529491355e-07,1.0,1.0,30.93605911550559
41380,1.0740952316722475e-07,3.0168093242746924e-07,1.0,1.0,30.93685684015082
41390,1.0480043691891614e-07,3.406380728984447e-07,1.0,1.0,30.939285597648208
41400,9.993575088949709e-08,2.9503018639445663e-07,1.0,1.0,30.939168317250054
41410,1.0878117997636237e-07,3.197322564089805e-07,1.0,1.0,30.93407568519162
41420,1.080810100285627e-07,3.2866792836337284e-07,1.0,1.0,30.934210710350055
41430,9.911153458238674e-08,3.1262390252168063e-07,1.0,1.0,30.93496923407179
41440,1.1476267152167996e-07,3.189179548175435e-07,1.0,1.0,30.93272480962817
41450,1.1020483182385465e-07,3.421023595861713e-07,1.0,1.0,30.931725306157823
41460,9.36266355370742e-08,3.066807740825599e-07,1.0,1.0,30.93571036400642
41470,1.1624367143294791e-07,3.355762184804595e-07,1.0,1.0,30.935313560080157
41480,9.905964294239395e-08,3.0738694970314227e-07,1.0,1.0,30.93672730173466
41490,1.1807414476304063e-07,3.2737704625757837e-07,1.0,1.0,30.938228901550396
41500,1.1325809245948296e-07,3.00558368263746e-07,1.0,1.0,30.93965996070595
41510,1.0843799445662727e-07,3.11787827243078e-07,1.0,1.0,30.938030204518082
41520,9.746270803482608e-08,3.092894705074278e-07,1.0,1.0,30.93607517294068
41530,1.1310351813032898e-07,3.220582512516315e-07,1.0,1.0,30.934849623407974
41540,1.0791859591679917e-07,3.021597173357674e-07,1.0,1.0,30.931446581784
41550,1.0648409174682622e-07,3.1232437245008865e-07,1.0,1.0,30.934362506960618
41560,1.1008006567546138e-07,3.104344183751159e-07,1.0,1.0,30.932705955586755
41570,1.0184973005957078e-07,3.1062199572059877e-07,1.0,1.0,30.93474506744149
41580,1.035804394645389e-07,3.14572120966379e-07,1.0,1.0,30.934043312782144
41590,1.171339601833574e-07,3.121013859749341e-07,1.0,1.0,30.935608037702888
41600,1.0753601999830782e-07,3.0565294939831115e-07,1.0,1.0,30.932658174323674
41610,1.134888537308711e-07,3.7899014838281155e-07,1.0,1.0,30.93487345146598
41620,1.0912807013735248e-07,2.970383030542935e-07,1.0,1.0,30.932598947718123
41630,1.1093274593961723e-07,3.262102564042999e-07,1.0,1.0,30.935622510086752
41640,1.0674285958265452e-07,2.9389380192278545e-07,1.0,1.0,30.937174536530907
41650,1.1534819994187383e-07,3.2838226430980626e-07,1.0,1.0,30.933116036064483
41660,1.0990154084857672e-07,3.279625875579965e-07,1.0,1.0,30.934534259720156
41670,1.1096839532866936e-07,3.208154291113449e-07,1.0,1.0,30.934465625678257
41680,1.1511859408896314e-07,3.0174458815923925e-07,1.0,1.0,30.93559055268162
41690,1.0882050569959936e-07,3.133873524010847e-07,1.0,1.0,30.93581276408173
41700,1.0855459159703485e-07,3.1823762240719423e-07,1.0,1.0,30.934682300421695
41710,1.1267268742020525e-07,2.9987453871369783e-07,1.0,1.0,30.935229985828233
41720,1.0797258657861857e-07,3.0949365812206987e-07,1.0,1.0,30.936167279734196
41730,1.0901504307714101e-07,3.321390850111194e-07,1.0,1.0,30.933920281225213
41740,1.1459891134457787e-07,3.1346254062686627e-07,1.0,1.0,30.934375100666344
41750,1.1578078788490966e-07,3.1375615333101163e-07,1.0,1.0,30.930237671931817
41760,1.1269185240488978e-07,3.076968600230176e-07,1.0,1.0,30.932562727263548
41770,1.1622874120845682e-07,3.6263365833905373e-07,1.0,1.0,30.934593875886538
41780,1.1584506874526562e-07,2.953168389220914e-07,1.0,1.0,30.93659681659074
41790,1.1646681794507638e-07,3.180186251858823e-07,1.0,1.0,30.936471517533473
41800,1.0984088553682303e-07,2.9905066056878435e-07,1.0,1.0,30.93690813544909
41810,1.1867679949823792e-07,3.4186318729613753e-07,1.0,1.0,30.935496752221532
41820,9.701746637324152e-08,3.0913323077375833e-07,1.0,1.0,30.935760244760747
41830,1.2482040858973486e-07,3.03585847138621e-07,1.0,1.0,30.931716027799425
41840,1.1293208901782119e-07,3.089130681272239e-07,1.0,1.0,30.93402272344965
41850,9.940427078399248e-08,3.095005804061563e-07,1.0,1.0,30.934983790114554
41860,1.1958389140014545e-07,3.1640565194935327e-07,1.0,1.0,30.93111635915499
41870,1.0620941076816222e-07,3.1565102878513937e-07,1.0,1.0,30.932974843495824
41880,1.1179653086223475e-07,3.11860427533503e-07,1.0,1.0,30.935979846562443
41890,1.1261849907508073e-07,3.1949840046268305e-07,1.0,1.0,30.93693179714877
41900,1.0595169233714038e-07,3.349676589478083e-07,1.0,1.0,30.934919952550494
41910,9.781585976675474e-08,3.0672638586954873e-07,1.0,1.0,30.93422742985493
41920,1.1661855735494098e-07,3.2293852993698056e-07,1.0,1.0,30.931871490388456
41930,1.1436279118951519e-07,3.182932916085231e-07,1.0,1.0,30.932627305420088
41940,1.048721307365542e-07,3.092754254902823e-07,1.0,1.0,30.935142959197165
41950,1.1464856462188123e-07,3.2388629932648286e-07,1.0,1.0,30.935528636191826
41960,1.0689533174265676e-07,2.9369040563238725e-07,1.0,1.0,30.93413205036259
41970,9.532230584810506e-08,3.0816231918716895e-07,1.0,1.0,30.933546753072775
41980,1.15168104963229e-07,3.201147964709595e-07,1.0,1.0,30.930176017068348
41990,1.0620177915299147e-07,3.3196651787060825e-07,1.0,1.0,30.930683398054967
42000,1.0149023499569241e-07,3.0617961243636694e-07,1.0,1.0,30.93384399849006
42010,1.1215406429609034e-07,3.0478980888848527e-07,1.0,1.0,30.93318005835648
42020,9.940544818902651e-08,3.043545401329775e-07,1.0,1.0,30.933852437383784
42030,1.0341472593682973e-07,3.2913109253485776e-07,1.0,1.0,30.932885193628888
42040,1.0539573198961164e-07,3.108909840876408e-07,1.0,1.0,30.934665458701833
42050,1.0381127199931979e-07,3.1687855179512084e-07,1.0,1.0,30.93450108021223
42060,9.118065991905146e-08,3.024881376070334e-07,1.0,1.0,30.935532927644292
42070,1.1611862397780981e-07,2.9994708249066304e-07,1.0,1.0,30.936054309417422
42080,1.0306151412357784e-07,3.618059378809732e-07,1.0,1.0,30.93852793833432
42090,1.2158293780117452e-07,3.1524274315702006e-07,1.0,1.0,30.93780944027013
42100,1.1353023520108289e-07,3.014406560420719e-07,1.0,1.0,30.939891680886817
42110,1.0710124643131491e-07,3.4080563746276655e-07,1.0,1.0,30.93627566899127
42120,9.411157159646792e-08,2.851313813209903e-07,1.0,1.0,30.935237506126374
42130,1.113647524436351e-07,3.316953531781824e-07,1.0,1.0,30.931510332985198
42140,9.755008044420555e-08,2.963632291223899e-07,1.0,1.0,30.93335225887974
42150,1.1674690725075006e-07,3.0451075715687607e-07,1.0,1.0,30.932200506331526
42160,1.1714087992752865e-07,3.051817017981127e-07,1.0,1.0,30.932780189632417
42170,1.0047524312922777e-07,3.267202120251856e-07,1.0,1.0,30.93213245465931
42180,1.1704770357200317e-07,2.9406270909426016e-07,1.0,1.0,30.934015422552875
42190,1.1874409308022629e-07,3.3081027695118336e-07,1.0,1.0,30.933411897351206
42200,1.1759435330396194e-07,2.9821877777104196e-07,1.0,1.0,30.934136217358848
42210,1.0436924314015786e-07,3.107826833779042e-07,1.0,1.0,30.933457071778832
42220,1.1268991876632862e-07,3.104519392862149e-07,1.0,1.0,30.932096900374926
42230,1.0538099106795407e-07,3.15364086592032e-07,1.0,1.0,30.935316302455544
42240,1.1041702933288725e-07,3.172435502028056e-07,1.0,1.0,30.937883346145867
42250,1.0939108940678401e-07,2.9903339386131866e-07,1.0,1.0,30.93716892693281
42260,1.02353161203558e-07,3.0957779802562534e-07,1.0,1.0,30.933526730581846
42270,1.1049612363164463e-07,3.1470642928220793e-07,1.0,1.0,30.93218230628039
42280,1.1273724598170334e-07,3.30233315132524e-07,1.0,1.0,30.934426337131953
42290,1.1420600797897875e-07,3.09018230324121e-07,1.0,1.0,30.93590018676828
42300,1.0859131617505171e-07,2.9721049637456056e-07,1.0,1.0,30.93593922812276
42310,1.0939971636877448e-07,3.1653084058497103e-07,1.0,1.0,30.93139853333595
42320,1.0148233879273311e-07,3.39533572290659e-07,1.0,1.0,30.931414108699084
42330,1.1212944800601695e-07,3.0529375777439354e-07,1.0,1.0,30.93266713346876
42340,9.838054551242111e-08,3.297832913552216e-07,1.0,1.0,30.934767089385478
42350,1.0101351333885224e-07,3.026505547938074e-07,1.0,1.0,30.93048910272657
42360,1.1504774370764982e-07,2.9713684668956917e-07,1.0,1.0,30.930335940834603
42370,1.2706223397006446e-07,3.143438849124332e-07,1.0,1.0,30.933522077811066
42380,9.508027565358265e-08,3.008917285217828e-07,1.0,1.0,30.935842270362773
42390,1.0953873254398127e-07,3.108144211121362e-07,1.0,1.0,30.936772086792754
42400,1.1572796693805882e-07,3.094603851572529e-07,1.0,1.0,30.937018105150585
42410,1.1168398876998481e-07,3.2686727926573164e-07,1.0,1.0,30.935275743519657
42420,1.0720282836175537e-07,3.178534199369589e-07,1.0,1.0,30.932699403243337
42430,1.1210442314792832e-07,3.191232392372319e-07,1.0,1.0,30.932366447502442
42440,9.890028540139333e-08,3.143786835201043e-07,1.0,1.0,30.93264908226461
42450,1.024067815473545e-07,3.152307374349441e-07,1.0,1.0,30.931792618071174
42460,1.1794327635641887e-07,3.0531133278017043e-07,1.0,1.0,30.93120068681044
42470,1.0936679139570368e-07,3.2631357996630003e-07,1.0,1.0,30.93431570375086
42480,1.0934047686489698e-07,3.3025477258041163e-07,1.0,1.0,30.934277664184517
42490,1.0223157793544913e-07,2.9995702307021177e-07,1.0,1.0,30.934554728597803
42500,9.809814458641032e-08,3.181844798455843e-07,1.0,1.0,30.934615771363553
42510,1.0613120723089981e-07,3.0364852843373466e-07,1.0,1.0,30.933434694316222
42520,1.1899858513540488e-07,3.3834100307486684e-07,1.0,1.0,30.931158983642188
42530,1.1395040450894886e-07,3.0273596147816083e-07,1.0,1.0,30.936107578375225
42540,1.0014469988542916e-07,3.237352205918301e-07,1.0,1.0,30.93627782289117
42550,1.0751614114430263e-07,3.246285553151014e-07,1.0,1.0,30.93273812750946
42560,1.086797458185435e-07,3.478777106340287e-07,1.0,1.0,30.932924502561633
42570,1.0457306467198835e-07,2.995573203546286e-07,1.0,1.0,30.930437818716594
42580,1.2450176188433558e-07,3.348798904919166e-07,1.0,1.0,30.931861256042044
42590,1.0309917085310703e-07,3.043689449293339e-07,1.0,1.0,30.933120383851836
42600,9.961866088876198e-08,3.141469438236691e-07,1.0,1.0,30.932640411722264
42610,1.1273507007933763e-07,3.005095249493666e-07,1.0,1.0,30.934446503766807
42620,1.0416748081425424e-07,3.23431993454557e-07,1.0,1.0,30.929720488186593
42630,1.1717948174795872e-07,3.0932607222564817e-07,1.0,1.0,30.928963571188213
42640,1.1486269547018052e-07,3.085133207492305e-07,1.0,1.0,30.9319632675735
42650,1.1621547197859674e-07,3.2267027813482464e-07,1.0,1.0,30.929652226504203
42660,1.1015188145162829e-07,3.1288139719674587e-07,1.0,1.0,30.933315276452436
42670,1.1516378688264997e-07,3.1301185343660707e-07,1.0,1.0,30.93359858339176
42680,1.0650000571602853e-07,3.0287545130990446e-07,1.0,1.0,30.934378098748354
42690,9.563205407407114e-08,3.1477648441794164e-07,1.0,1.0,30.9349955190343
42700,1.351785926334542e-07,3.2783928015878033e-07,1.0,1.0,30.92714331776344
42710,1.1146768419802232e-07,3.2248976112221124e-07,1.0,1.0,30.931338001111783
42720,9.742227527591749e-08,3.316763452406471e-07,1.0,1.0,30.933901225685286
42730,1.0611911227484311e-07,2.9171801772248456e-07,1.0,1.0,30.932767711287585
42740,1.0884830454083991e-07,3.105586962940672e-07,1.0,1.0,30.933897422219978
42750,1.1000415839073732e-07,3.3218605328848903e-07,1.0,1.0,30.934781337985886
42760,1.1736972386243541e-07,3.1589289693895664e-07,1.0,1.0,30.933821727155525
42770,1.0620471263679446e-07,3.0742248321789636e-07,1.0,1.0,30.933146269594044
42780,1.067838517381198e-07,3.1759883345052194e-07,1.0,1.0,30.932272752045865
42790,1.1807798654186664e-07,2.997283373414615e-07,1.0,1.0,30.934814351581124
42800,1.1829255913965187e-07,3.2026394249245086e-07,1.0,1.0,30.93425861229748
42810,1.1026149735927039e-07,3.066622699796721e-07,1.0,1.0,30.936861652346064
42820,1.1974736078112677e-07,3.370999516296527e-07,1.0,1.0,30.93461334576323
42830,1.1679103998828124e-07,3.018950277725621e-07,1.0,1.0,30.931507250190318
42840,1.0026084061206042e-07,3.1741079796929767e-07,1.0,1.0,30.931033340855464
42850,1.0171780147808264e-07,3.211672947213097e-07,1.0,1.0,30.93267724942038
42860,1.1540887354439757e-07,3.0278976848069864e-07,1.0,1.0,30.932555685068213
42870,1.0827223076945642e-07,3.1160174565584e-07,1.0,1.0,30.931654516424707
42880,1.2117299000646266e-07,3.107346952861406e-07,1.0,1.0,30.932174722058967
42890,1.067960293749983e-07,3.2538924466435e-07,1.0,1.0,30.931076766845546
42900,1.0811135223129951e-07,3.167766773601583e-07,1.0,1.0,30.935070645637133
42910,1.1083414341133097e-07,2.920652258781403e-07,1.0,1.0,30.931518165716533
42920,1.0983189693006864e-07,3.3271757434077567e-07,1.0,1.0,30.931592611348538
42930,1.0123983316033857e-07,3.3062055572705855e-07,1.0,1.0,30.93100191979689
42940,1.0934360557782696e-07,3.1468906055658455e-07,1.0,1.0,30.932092074537046
42950,1.1187157053622634e-07,3.0435563581429227e-07,1.0,1.0,30.930084910810084
42960,9.650073283356776e-08,3.217196348722367e-07,1.0,1.0,30.931617034814938
42970,1.1506654500492998e-07,3.251441249769713e-07,1.0,1.0,30.93289508523788
42980,1.0457962446361443e-07,2.982295253333108e-07,1.0,1.0,30.931918553880944
42990,1.0432704702369793e-07,3.1388100221520565e-07,1.0,1.0,30.93170428915444
43000,1.1681061949962352e-07,3.106640078887039e-07,1.0,1.0,30.92715451423054
43010,1.0782733059416681e-07,3.1993097580350903e-07,1.0,1.0,30.931320059905254
43020,9.093842193151909e-08,3.359258942897235e-07,1.0,1.0,30.932232080518638
43030,1.1445930279456463e-07,3.0003563668263177e-07,1.0,1.0,30.927126948089334
43040,1.0458943175175913e-07,3.309456885263537e-07,1.0,1.0,30.933681454500913
43050,1.088051941886594e-07,2.913083326047727e-07,1.0,1.0,30.935980219027876
43060,1.1759253359661186e-07,3.038728459596945e-07,1.0,1.0,30.93426095708008
43070,1.2584035788859788e-07,3.0699128889471517e-07,1.0,1.0,30.931225977234238
43080,1.0774788751971012e-07,3.302005452548428e-07,1.0,1.0,30.930959565910552
43090,1.1691161509245535e-07,3.208736358567136e-07,1.0,1.0,30.93124410416352
43100,1.1515234262634516e-07,3.156030382459016e-07,1.0,1.0,30.929151232056544
43110,1.0136875939398822e-07,3.008031786563663e-07,1.0,1.0,30.93118797643948
43120,1.1321199490562313e-07,3.2336285173349763e-07,1.0,1.0,30.933120534639844
43130,9.91748974835802e-08,2.974043943389412e-07,1.0,1.0,30.932402848479963
43140,1.078603048224658e-07,3.308377208404379e-07,1.0,1.0,30.93192964093446
43150,1.199222674759646e-07,3.170061483175732e-07,1.0,1.0,30.93084336254991
43160,1.2333788080333608e-07,3.345413476123176e-07,1.0,1.0,30.93263378279412
43170,1.067552947736945e-07,2.946067641960533e-07,1.0,1.0,30.931772638925885
43180,1.1070166545688288e-07,3.187842360281956e-07,1.0,1.0,30.93012781335242
43190,1.0528844262018345e-07,3.056378895494379e-07,1.0,1.0,30.931234214037886
43200,1.1061587497526983e-07,3.0397896928269335e-07,1.0,1.0,30.935357929417762
43210,1.1713393435049961e-07,3.137434735993493e-07,1.0,1.0,30.933593143840852
43220,1.10450994064842e-07,3.231578896070957e-07,1.0,1.0,30.932078307662444
43230,1.0759481376491362e-07,3.1898610244767705e-07,1.0,1.0,30.93302763508854
43240,1.0756024589423831e-07,3.0984818605703536e-07,1.0,1.0,30.931528896447013
43250,1.1512351431760885e-07,3.2035153345985083e-07,1.0,1.0,30.932458385538492
43260,1.0946426984518688e-07,3.053253678583092e-07,1.0,1.0,30.93295291147218
43270,1.1491489437283008e-07,3.159354571081748e-07,1.0,1.0,30.928554810077873
43280,1.0185898615913558e-07,3.0484567065112227e-07,1.0,1.0,30.93094562982014
43290,1.1061404957323962e-07,3.203538170424134e-07,1.0,1.0,30.93343335952887
43300,1.1758006867322885e-07,2.9982178695165657e-07,1.0,1.0,30.9319998392988
43310,1.0710802634853805e-07,3.1210788447447716e-07,1.0,1.0,30.933232390874938
43320,1.0400071739684246e-07,3.2057151316987876e-07,1.0,1.0,30.93329395534469
43330,1.1459253911279379e-07,3.3002371542618443e-07,1.0,1.0,30.930714807099353
43340,1.1828098001166636e-07,3.026026750518029e-07,1.0,1.0,30.93467994145876
43350,1.0208039923049814e-07,3.0017538781963665e-07,1.0,1.0,30.933559763509642
43360,1.2450327749889813e-07,2.972191880123799e-07,1.0,1.0,30.929144349908988
43370,1.1276030870935446e-07,3.2343924338892915e-07,1.0,1.0,30.93029681344906
43380,1.0546873235164387e-07,3.3314992783872794e-07,1.0,1.0,30.93189888690983
43390,1.229747426807897e-07,3.180197599994287e-07,1.0,1.0,30.930260335078472
43400,1.0697409534644754e-07,3.0210549072319773e-07,1.0,1.0,30.93270274655627
43410,1.172581616072716e-07,3.2239499280091255e-07,1.0,1.0,30.933874351043286
43420,1.0448151911276066e-07,3.29991296709723e-07,1.0,1.0,30.932452248402402
43430,1.0010121736068599e-07,3.015053589640555e-07,1.0,1.0,30.932431667642334
43440,1.0243992072693548e-07,3.228755290559192e-07,1.0,1.0,30.931027324567765
43450,1.0643605287648013e-07,3.1712495459625454e-07,1.0,1.0,30.932767104850996
43460,1.0925967033689834e-07,3.1888878441569164e-07,1.0,1.0,30.932480377849963
43470,1.0969077562776264e-07,2.929735516693153e-07,1.0,1.0,30.931567663732793
43480,1.2478331618610393e-07,3.247538502474872e-07,1.0,1.0,30.929106945145598
43490,1.0819234609501064e-07,3.106866954231213e-07,1.0,1.0,30.93196767916452
43500,1.0484941405740133e-07,3.267714658461865e-07,1.0,1.0,30.932192113942005
43510,1.0322642795488725e-07,3.2108887166630466e-07,1.0,1.0,30.931038805014644
43520,1.0301036520061606e-07,3.079247700611751e-07,1.0,1.0,30.9312551683359
43530,1.0480511146412584e-07,3.242773192758346e-07,1.0,1.0,30.932080433629018
43540,1.0887138769419122e-07,3.0544012296608314e-07,1.0,1.0,30.928846744156793
43550,1.0704267099785028e-07,3.104253949156078e-07,1.0,1.0,30.93112213598829
43560,1.120750490852633e-07,3.3129442718215106e-07,1.0,1.0,30.93261865914942
43570,1.0355357458365837e-07,2.986596692381863e-07,1.0,1.0,30.930008633412744
43580,1.1134686638077889e-07,3.3970824051431606e-07,1.0,1.0,30.92891804442638
43590,1.0995678403018258e-07,3.017304720550558e-07,1.0,1.0,30.92884020636671
43600,1.0585285983878574e-07,2.9333085078427485e-07,1.0,1.0,30.930048133488523
43610,1.2202880237251938e-07,3.2532300508882157e-07,1.0,1.0,30.930513120884353
43620,1.1084262378307757e-07,3.233956320869634e-07,1.0,1.0,30.933029023930228
43630,1.164595413030758e-07,3.4415179865354556e-07,1.0,1.0,30.931319418074054
43640,1.048458198427396e-07,3.251039171079751e-07,1.0,1.0,30.93507262575913
43650,1.1199698182729467e-07,3.133628978241675e-07,1.0,1.0,30.934105160773402
43660,1.1295039972427157e-07,3.1247101141000996e-07,1.0,1.0,30.931483858960167
43670,1.0411613312143387e-07,3.312224369257314e-07,1.0,1.0,30.931430738675143
43680,1.0637700582914961e-07,3.177515946086916e-07,1.0,1.0,30.929304601029042
43690,1.2229301145062188e-07,3.1389896857532546e-07,1.0,1.0,30.92581191797819
43700,9.713800242230355e-08,3.227097814255786e-07,1.0,1.0,30.932093110212953
43710,9.873175575762286e-08,3.1364223093528286e-07,1.0,1.0,30.934354060991648
43720,1.0227116436385939e-07,3.194238305538336e-07,1.0,1.0,30.932900171264478
43730,9.58224217826454e-08,3.067786612248641e-07,1.0,1.0,30.93286859833453
43740,1.0706322917369418e-07,3.2296588509173164e-07,1.0,1.0,30.93098025038716
43750,1.1160363776278717e-07,2.832991002193381e-07,1.0,1.0,30.929383821386786
43760,1.0754651408802602e-07,3.1933330111211556e-07,1.0,1.0,30.92904991705812
43770,1.0289264742601507e-07,3.1819923145198133e-07,1.0,1.0,30.930419322386705
43780,1.0359195800149688e-07,2.961910761675481e-07,1.0,1.0,30.929381683386936
43790,1.1880114672051801e-07,3.1885097620670163e-07,1.0,1.0,30.93370176382491
43800,1.023583227122068e-07,3.2305347582828083e-07,1.0,1.0,30.934340916008317
43810,1.1175247806612492e-07,3.048241916477602e-07,1.0,1.0,30.9305630096729
43820,1.136806463075278e-07,3.2826057770380945e-07,1.0,1.0,30.932239100451152
43830,1.0079450026699868e-07,3.0317410969273797e-07,1.0,1.0,30.9321922760063
43840,1.1913528186488494e-07,3.0711791268901975e-07,1.0,1.0,30.930185857220945
43850,1.1101683723847985e-07,2.9792852130172674e-07,1.0,1.0,30.931451015827815
43860,1.0153868932724404e-07,3.2637847605488315e-07,1.0,1.0,30.930074937895885
43870,1.1566116933853335e-07,3.0175587286022493e-07,1.0,1.0,30.929582516851625
43880,1.0946945724988491e-07,3.1079371729760045e-07,1.0,1.0,30.92859054504852
43890,1.0496802159011585e-07,3.1031675966877257e-07,1.0,1.0,30.931616140072556
43900,1.0909306902551087e-07,3.2089413904543807e-07,1.0,1.0,30.929396372286167
43910,1.0684181016278757e-07,3.0979738673335e-07,1.0,1.0,30.930938894620393
43920,1.0037658479504511e-07,3.0239129688480367e-07,1.0,1.0,30.930079996091216
43930,1.1206668208416543e-07,3.074516797515766e-07,1.0,1.0,30.93109152030846
43940,1.0625871465820052e-07,3.093579232967968e-07,1.0,1.0,30.92983904310544
43950,1.1964792460460672e-07,3.0215812414973083e-07,1.0,1.0,30.932002738845153
43960,1.1378629098919384e-07,3.105540234162815e-07,1.0,1.0,30.93482775820258
43970,1.0888008865625715e-07,3.214701423789915e-07,1.0,1.0,30.933470530713777
43980,1.0673570276367722e-07,3.1061841005471914e-07,1.0,1.0,30.92977052971397
43990,1.1579317714540299e-07,3.2362548864627014e-07,1.0,1.0,30.92838015361983
44000,9.513859626581915e-08,3.0425756448117586e-07,1.0,1.0,30.929874565445793
44010,1.0520430625807014e-07,3.102473332448861e-07,1.0,1.0,30.93183537684333
44020,1.1193288757773185e-07,3.1644556694445446e-07,1.0,1.0,30.92989439862258
44030,9.491994549598825e-08,2.8835770372954614e-07,1.0,1.0,30.93373071382628
44040,1.0823030168961602e-07,3.0623474232870845e-07,1.0,1.0,30.930960382983166
44050,1.082202795910745e-07,3.2982337140536363e-07,1.0,1.0,30.930450829038612
44060,1.1409144313845213e-07,3.007952064721158e-07,1.0,1.0,30.93092449507043
44070,1.112914831204839e-07,3.3583638759882894e-07,1.0,1.0,30.93253572330411
44080,1.1862847936590218e-07,3.1506780015891105e-07,1.0,1.0,30.93323449165174
44090,1.1200931332143105e-07,2.968696874910293e-07,1.0,1.0,30.931579254985248
44100,1.0329293904471435e-07,3.294867719481313e-07,1.0,1.0,30.93059830362914
44110,1.180952374582291e-07,3.025028591312377e-07,1.0,1.0,30.92871224175153
44120,1.076237602041691e-07,3.1771257215802296e-07,1.0,1.0,30.928546167881848
44130,9.798723838746212e-08,3.085190594328117e-07,1.0,1.0,30.928597997812783
44140,1.2245908391478754e-07,3.2206712850013096e-07,1.0,1.0,30.929047049516942
44150,1.1210669164892028e-07,3.0137660996669377e-07,1.0,1.0,30.926488429815613
44160,1.1788491856766726e-07,3.183518432454788e-07,1.0,1.0,30.92956787278901
44170,1.1178373356130485e-07,3.228866791494728e-07,1.0,1.0,30.92937526221648
44180,1.026884592689626e-07,3.2290777823280183e-07,1.0,1.0,30.932441816391083
44190,1.0380536466897539e-07,2.9485056079066766e-07,1.0,1.0,30.93215041153271
44200,1.1762127088479188e-07,3.0705411566679554e-07,1.0,1.0,30.93108945220506
44210,1.070856145818039e-07,3.3557737750862984e-07,1.0,1.0,30.927631711188923
44220,1.0943278895479136e-07,2.897593188007456e-07,1.0,1.0,30.92745088311101
44230,1.1210360010376146e-07,3.198466250528947e-07,1.0,1.0,30.927940772913963
44240,1.1154369557988305e-07,3.1377610809313086e-07,1.0,1.0,30.928904666401234
44250,9.908061372379996e-08,2.96776477439018e-07,1.0,1.0,30.929647069711052
44260,1.1126826649372039e-07,3.193200445734883e-07,1.0,1.0,30.926492968084823
44270,1.1538291159797502e-07,3.0586989516705423e-07,1.0,1.0,30.931439502093912
44280,1.0527661304191132e-07,3.0333793479068666e-07,1.0,1.0,30.931309771402596
44290,1.0832852584629109e-07,2.981601536730531e-07,1.0,1.0,30.930989802702356
44300,1.1721552049316929e-07,3.056847826381359e-07,1.0,1.0,30.930654883852487
44310,1.0520754219132075e-07,3.0670974721934057e-07,1.0,1.0,30.928921099123272
44320,1.0803758598911496e-07,3.451615468830014e-07,1.0,1.0,30.928461531320522
44330,1.1037723737327906e-07,2.9972420408606796e-07,1.0,1.0,30.928164227817792
44340,1.0611900149093691e-07,3.209320021868668e-07,1.0,1.0,30.928761244785466
44350,1.1490940911821361e-07,3.026845838524787e-07,1.0,1.0,30.928924516094273
44360,1.0987585384635805e-07,3.1171213146887994e-07,1.0,1.0,30.929063411492965
44370,1.1174106850912792e-07,3.0990904823784366e-07,1.0,1.0,30.930041769862658
44380,1.078532797148159e-07,2.934162148480533e-07,1.0,1.0,30.92963358504991
44390,9.774534961089598e-08,3.3275098714229766e-07,1.0,1.0,30.92917978855727
44400,9.744378803885562e-08,2.9229498932001675e-07,1.0,1.0,30.93010792689816
44410,1.1312988823838281e-07,2.9971504473308463e-07,1.0,1.0,30.928761370008466
44420,9.825113703137131e-08,3.1212787862823106e-07,1.0,1.0,30.93178498768659
44430,1.0985489291711966e-07,3.237793796141414e-07,1.0,1.0,30.931840605250834
44440,1.2381332034102504e-07,2.99011310032721e-07,1.0,1.0,30.92931673494458
44450,1.0038616135895422e-07,3.3298670558831317e-07,1.0,1.0,30.929609066386522
44460,1.131924859876183e-07,3.104416266824725e-07,1.0,1.0,30.92980029881367
44470,1.046882195103216e-07,3.140807757336253e-07,1.0,1.0,30.929056082038237
44480,1.1422114147643284e-07,3.021393453529627e-07,1.0,1.0,30.929741993575337
44490,1.0837386593998668e-07,3.2857779753348025e-07,1.0,1.0,30.930026481976526
44500,1.1047834078080624e-07,2.9763455025892165e-07,1.0,1.0,30.929219396263107
44510,1.1315352845358486e-07,3.2497247136585115e-07,1.0,1.0,30.927065132218715
44520,1.1924226220618174e-07,3.0511517410066016e-07,1.0,1.0,30.92714238904611
44530,1.1301553530614355e-07,3.226911263882049e-07,1.0,1.0,30.928579369792274
44540,1.1596548883096186e-07,3.160947825115674e-07,1.0,1.0,30.92811535016601
44550,1.0392116619903805e-07,2.9738892943958805e-07,1.0,1.0,30.929794098159036
44560,1.166082082246184e-07,3.10061460855085e-07,1.0,1.0,30.925163446655286
44570,1.0654700497607451e-07,3.057547224208265e-07,1.0,1.0,30.92754686646037
44580,1.1277454203640375e-07,3.2045863038553044e-07,1.0,1.0,30.92840629270369
44590,1.0677871642433622e-07,2.995888959360629e-07,1.0,1.0,30.932073342576185
44600,1.0854424487955063e-07,3.0762663168473955e-07,1.0,1.0,30.93046608650727
44610,1.0009918606512797e-07,3.202532751068506e-07,1.0,1.0,30.93015340173779
44620,1.1269263858976364e-07,2.966378655683156e-07,1.0,1.0,30.92865988455306
44630,1.1062204121855984e-07,3.1319391452364823e-07,1.0,1.0,30.928739948270817
44640,1.1031461649587789e-07,3.027060576449943e-07,1.0,1.0,30.929214018323112
44650,1.0857457147114786e-07,3.030020395179572e-07,1.0,1.0,30.929228468054486
44660,1.109811085086419e-07,3.019211244078989e-07,1.0,1.0,30.929837822283254
44670,1.1000752825412825e-07,3.1210998553191483e-07,1.0,1.0,30.929051841257746
44680,1.2655335395502456e-07,3.183162857344519e-07,1.0,1.0,30.92660692470899
44690,9.782734849764338e-08,3.07307118268043e-07,1.0,1.0,30.928243531978815
44700,1.1156160695038242e-07,3.053237749308309e-07,1.0,1.0,30.929577602038247
44710,1.1321796954878021e-07,2.98042519683159e-07,1.0,1.0,30.927368104572995
44720,1.1261673495695602e-07,3.1084393279942394e-07,1.0,1.0,30.927102059904392
44730,1.046162247842115e-07,3.21190124541574e-07,1.0,1.0,30.929473856342558
44740,1.3049951985272605e-07,2.983870012692039e-07,1.0,1.0,30.926156073000374
44750,1.0542931803496881e-07,3.187021080215782e-07,1.0,1.0,30.931597604929234
44760,1.014391113082405e-07,3.117374960656451e-07,1.0,1.0,30.93051541915552
44770,1.0579607447910917e-07,3.0450193982481755e-07,1.0,1.0,30.92933037208824
44780,1.1282280265118163e-07,3.263382827611507e-07,1.0,1.0,30.92957256286432
44790,1.0135999077434513e-07,3.151625949060892e-07,1.0,1.0,30.929108240653488
44800,1.1665261342051649e-07,3.0346543372003243e-07,1.0,1.0,30.92948079298826
44810,1.1337428727046793e-07,3.2169843233803783e-07,1.0,1.0,30.929830755219296
44820,1.0093543080606922e-07,3.108860302667675e-07,1.0,1.0,30.92936750938427
44830,1.1394424330501818e-07,3.2715911731451207e-07,1.0,1.0,30.926072319341156
44840,1.1196513329750462e-07,3.1486267454474e-07,1.0,1.0,30.92440927977823
44850,1.1460034310157327e-07,3.213730957006421e-07,1.0,1.0,30.92875652827608
44860,1.2686985143001622e-07,3.253228089212443e-07,1.0,1.0,30.931551531107512
44870,1.1378868266802496e-07,2.963486083345578e-07,1.0,1.0,30.929933243560605
44880,1.0460037662750781e-07,3.056962150467128e-07,1.0,1.0,30.929351466464343
44890,1.1092406696586314e-07,3.0992693816916464e-07,1.0,1.0,30.927374175176723
44900,1.065347228992264e-07,3.3060518380646496e-07,1.0,1.0,30.925167704910947
44910,1.212696283340611e-07,3.231181364028002e-07,1.0,1.0,30.927456566664922
44920,1.1087784340390637e-07,3.228438573773044e-07,1.0,1.0,30.93181427834803
44930,1.072192880737753e-07,3.024329460970296e-07,1.0,1.0,30.92987084985924
44940,1.0592924533885477e-07,3.2958158480529433e-07,1.0,1.0,30.929127052921018
44950,1.1785200609181032e-07,2.9887684125759676e-07,1.0,1.0,30.924894658529272
44960,1.1724748831985518e-07,3.0819910244327473e-07,1.0,1.0,30.9311041351914
44970,1.0399455876620492e-07,3.247688494114306e-07,1.0,1.0,30.934182015018514
44980,1.0819432923134264e-07,2.8879667713922755e-07,1.0,1.0,30.93212446622353
44990,1.0227605549249944e-07,3.075404714707341e-07,1.0,1.0,30.92798719402053
45000,1.0672998232315205e-07,3.110949114405378e-07,1.0,1.0,30.92694764908425
45010,1.1357601820180861e-07,3.3462082626931883e-07,1.0,1.0,30.92598567999345
45020,1.0124475147379942e-07,3.0140379071149626e-07,1.0,1.0,30.931010161167357
45030,9.601971632125417e-08,2.98926926713457e-07,1.0,1.0,30.932358521284154
45040,1.1643246607776025e-07,3.0954708159293176e-07,1.0,1.0,30.933194792546058
45050,1.0802565485597843e-07,3.01574372284951e-07,1.0,1.0,30.93216129081939
45060,1.0777275635759587e-07,3.0267627406507886e-07,1.0,1.0,30.929626938094867
45070,1.2896327677299346e-07,3.393721412099995e-07,1.0,1.0,30.926131945661616
45080,1.1075394425173195e-07,3.0225356423411827e-07,1.0,1.0,30.928114479588103
45090,1.1624640114853795e-07,3.0642877993034503e-07,1.0,1.0,30.932486474941566
45100,1.1698779390629115e-07,2.9536502478163547e-07,1.0,1.0,30.932474541560577
45110,1.0287707033069216e-07,3.191525356993705e-07,1.0,1.0,30.93289116855783
45120,1.0332536704189268e-07,2.9597685159125255e-07,1.0,1.0,30.929688880426777
45130,1.0944645379837837e-07,3.1645813004691266e-07,1.0,1.0,30.92758591918304
45140,1.1755698194025472e-07,2.9860403072971475e-07,1.0,1.0,30.926101859718592
45150,1.0873343611778235e-07,3.041480870780917e-07,1.0,1.0,30.928681592858357
45160,1.1109719904463028e-07,3.253906624233622e-07,1.0,1.0,30.928222011625902
45170,1.1261476989308266e-07,3.242258421510333e-07,1.0,1.0,30.92949246370732
45180,1.0532901781343108e-07,3.0022001474003206e-07,1.0,1.0,30.929758575816393
45190,1.1340078118424917e-07,3.0419449685720214e-07,1.0,1.0,30.92873330694285
45200,1.1484579009035225e-07,3.0579265213540857e-07,1.0,1.0,30.92843851991382
45210,1.03739360615605e-07,3.2008114435268494e-07,1.0,1.0,30.930788971650554
45220,1.019783046559206e-07,3.0137764721694695e-07,1.0,1.0,30.93250013568104
45230,1.0360934687805676e-07,2.996373820364542e-07,1.0,1.0,30.933543814001155
45240,1.0506855503180674e-07,3.1165654444491807e-07,1.0,1.0,30.92873551422846
45250,1.1251641896685852e-07,3.08246427340583e-07,1.0,1.0,30.930467753552392
45260,1.0536118518947429e-07,3.2424284363534844e-07,1.0,1.0,30.930821390573527
45270,9.500551843991096e-08,3.046407233416249e-07,1.0,1.0,30.93013938617106
45280,1.1195829775122205e-07,3.091466442485985e-07,1.0,1.0,30.926356166064497
45290,1.0634556960134276e-07,3.1918553075367385e-07,1.0,1.0,30.926370279919947
45300,1.0937764680606775e-07,3.111344118370219e-07,1.0,1.0,30.92761391589702
45310,9.876253909796289e-08,3.025345631820443e-07,1.0,1.0,30.931066487679363
45320,1.11142572800213e-07,3.250629993488219e-07,1.0,1.0,30.928840391829347
45330,1.04916767610461e-07,2.93313816384079e-07,1.0,1.0,30.929893447660838
45340,1.0158100360524648e-07,3.177307059498438e-07,1.0,1.0,30.930181221383236
45350,9.884982879285169e-08,3.0759606688402144e-07,1.0,1.0,30.930607972454652
45360,1.1417819266338023e-07,3.284374064891662e-07,1.0,1.0,30.9288652846365
45370,1.2330357533894934e-07,2.900641230291958e-07,1.0,1.0,30.928584161681126
45380,1.1604572461510917e-07,3.1909424028927203e-07,1.0,1.0,30.930141732027202
45390,1.0577739798218921e-07,2.997692581124088e-07,1.0,1.0,30.930651580298957
45400,1.0555532467728743e-07,3.2113607297415043e-07,1.0,1.0,30.930338925638882
45410,1.0971516355470786e-07,3.0675326917459066e-07,1.0,1.0,30.92838567018597
45420,1.0359355407527897e-07,3.258292924979989e-07,1.0,1.0,30.9274958910471
45430,1.1224593706018441e-07,3.3266708915702143e-07,1.0,1.0,30.927500966012936
45440,1.1358287244458014e-07,3.032752286329238e-07,1.0,1.0,30.92933397548844
45450,1.0461060021899682e-07,3.0188318993825276e-07,1.0,1.0,30.930505767636205
45460,1.2481954951025657e-07,3.1766910368893275e-07,1.0,1.0,30.928560916581976
45470,1.0990655577125424e-07,3.1700762735566323e-07,1.0,1.0,30.930358096065135
45480,1.0361391962763896e-07,2.989585109912693e-07,1.0,1.0,30.928366296564032
45490,1.0405076775215799e-07,3.1207470065141685e-07,1.0,1.0,30.92560999889875
45500,1.0623395412633213e-07,2.9684646962044466e-07,1.0,1.0,30.9267509446082
45510,1.0499480054867497e-07,3.2398320607152145e-07,1.0,1.0,30.927494214344637
45520,1.1332446626158997e-07,3.0594651716338543e-07,1.0,1.0,30.93029975815071
45530,1.1691406178851551e-07,3.1043964481959225e-07,1.0,1.0,30.926079450843385
45540,1.0531728634206994e-07,2.997523199633839e-07,1.0,1.0,30.929407910037597
45550,1.0892564855444423e-07,3.031122926434963e-07,1.0,1.0,30.92827946955683
45560,9.99575320946217e-08,2.857084858935053e-07,1.0,1.0,30.929770606556033
45570,1.0198292343623616e-07,3.44299289047759e-07,1.0,1.0,30.931131467243247
45580,1.0832801300872417e-07,3.120984286686055e-07,1.0,1.0,30.930419563170027
45590,1.030911263790097e-07,2.9896156016635374e-07,1.0,1.0,30.928465953675484
45600,1.0987773617346476e-07,3.1306328083262943e-07,1.0,1.0,30.927982694057462
45610,1.3782809493340887e-07,3.0890176018381674e-07,1.0,1.0,30.92746490931895
45620,1.2380338189225476e-07,2.8759457964483203e-07,1.0,1.0,30.92962452577578
45630,1.1005996201638338e-07,2.935341763669145e-07,1.0,1.0,30.93075045343926
45640,1.1386619196214028e-07,2.8471484220286953e-07,1.0,1.0,30.92950008808711
45650,1.0354391612582479e-07,3.2724868016078824e-07,1.0,1.0,30.927989573617996
45660,1.080585819211113e-07,3.1326987609624044e-07,1.0,1.0,30.928786854023297
45670,1.1369136458195602e-07,3.147150456766561e-07,1.0,1.0,30.928422552620457
45680,1.0229343766364608e-07,2.8838740919070965e-07,1.0,1.0,30.928650063085023
45690,1.0954041253965443e-07,3.045777423849521e-07,1.0,1.0,30.92647856169226
45700,1.041096744267144e-07,3.1353038354660205e-07,1.0,1.0,30.926969880549738
45710,1.0988931043559105e-07,2.9714774912576896e-07,1.0,1.0,30.92799264194661
45720,9.269818907485301e-08,3.0598616218112577e-07,1.0,1.0,30.92679978887624
45730,1.2512964472264578e-07,3.2322880130534083e-07,1.0,1.0,30.922913379179068
45740,1.0418882349105105e-07,3.0551081167029605e-07,1.0,1.0,30.926790055752786
45750,1.099230588796694e-07,2.8949871625777827e-07,1.0,1.0,30.928153491607524
45760,1.200914972145949e-07,3.077170072998518e-07,1.0,1.0,30.9267704330883
45770,1.0125721778376939e-07,3.071006468827496e-07,1.0,1.0,30.92727443439574
45780,9.968096953117041e-08,3.007676692085075e-07,1.0,1.0,30.927551799567485
45790,1.2297074831165326e-07,3.2738365580518754e-07,1.0,1.0,30.925507293849844
45800,1.002079359205401e-07,3.017880164799738e-07,1.0,1.0,30.926804070039115
45810,1.1331691152798387e-07,3.054831170515663e-07,1.0,1.0,30.926886663213832
45820,1.145434724776132e-07,3.0358561618064054e-07,1.0,1.0,30.925691951940635
45830,1.0284607548494915e-07,3.1175493130691976e-07,1.0,1.0,30.925245361197142
45840,1.0860116842004815e-07,2.8855994229131706e-07,1.0,1.0,30.926942572017637
45850,1.1435184687205433e-07,3.149387666748788e-07,1.0,1.0,30.929856647779825
45860,1.1514450657382014e-07,3.314167723086813e-07,1.0,1.0,30.92907465202555
45870,9.998207266829657e-08,3.079518966102314e-07,1.0,1.0,30.92916092135452
45880,1.215267373863962e-07,3.0568294136263735e-07,1.0,1.0,30.925973352332676
45890,1.1618121937079042e-07,3.1592930136507237e-07,1.0,1.0,30.928894366818053
45900,1.066296391359625e-07,3.109658899238855e-07,1.0,1.0,30.927844035875285
45910,9.837727096822002e-08,2.9980958329131486e-07,1.0,1.0,30.928798742808596
45920,1.0531278200529073e-07,3.298708692722767e-07,1.0,1.0,30.926760311570852
45930,1.0349942151262853e-07,2.7548098485080113e-07,1.0,1.0,30.927940835273294
45940,1.1255532507418601e-07,3.447220375636821e-07,1.0,1.0,30.92400708638049
45950,1.0854070645152403e-07,3.113106460567533e-07,1.0,1.0,30.92650830751106
45960,9.893122593593206e-08,2.9646240902831917e-07,1.0,1.0,30.927843376362258
45970,1.1018353596391109e-07,3.2190208627518696e-07,1.0,1.0,30.926003537533227
45980,1.08796637000236e-07,2.9629084717510036e-07,1.0,1.0,30.927406535484266
45990,1.1336994925574634e-07,3.1181864896300945e-07,1.0,1.0,30.927180829765547
46000,1.1096768797724615e-07,2.8968831564477564e-07,1.0,1.0,30.927938062923047
46010,1.1102568859079799e-07,3.115583919409183e-07,1.0,1.0,30.927248825900758
46020,1.022802818036665e-07,2.8809404542239166e-07,1.0,1.0,30.927435512489954
46030,1.1038830184636915e-07,3.164725829310716e-07,1.0,1.0,30.928901221327536
46040,9.654087669722145e-08,2.933323244756566e-07,1.0,1.0,30.925884764245843
46050,1.0335755390698888e-07,3.188176489805541e-07,1.0,1.0,30.924934847011535
46060,1.0936085256759309e-07,2.965330827171896e-07,1.0,1.0,30.928713278107253
46070,1.0141779327867014e-07,2.9721152036089634e-07,1.0,1.0,30.931273873882848
46080,1.1855073949315494e-07,2.9524627981804494e-07,1.0,1.0,30.92936475879072
46090,1.0379307613686158e-07,3.094153943047384e-07,1.0,1.0,30.926228190427707
46100,1.2710969804037906e-07,2.929232528554965e-07,1.0,1.0,30.926150813901188
46110,1.0746078059841364e-07,3.3752264364856765e-07,1.0,1.0,30.926342937953372
46120,1.0166950003685048e-07,3.0606102001418285e-07,1.0,1.0,30.92606221972293
46130,1.1562178051094945e-07,2.7977785269899427e-07,1.0,1.0,30.92940103814661
46140,1.1031935999655389e-07,3.1316318596264134e-07,1.0,1.0,30.9276871251059
46150,1.1278351904936127e-07,3.046287969244408e-07,1.0,1.0,30.925033068475443
46160,1.2511841008951082e-07,3.1921886026813724e-07,1.0,1.0,30.924824839280564
46170,9.826788088245418e-08,2.9612710249194664e-07,1.0,1.0,30.926090533950777
46180,1.2893407474166958e-07,3.0978650183406454e-07,1.0,1.0,30.924437156217834
46190,1.1270561132910037e-07,2.8466163857556685e-07,1.0,1.0,30.926701780345198
46200,1.0261168374638205e-07,3.1681867000641214e-07,1.0,1.0,30.927836710543232
46210,1.1513388111252287e-07,3.028848351895316e-07,1.0,1.0,30.926897910948508
46220,1.1116930452895159e-07,3.122151011447147e-07,1.0,1.0,30.929708694063553
46230,1.1083899119791279e-07,2.8944239370484166e-07,1.0,1.0,30.931149749213652
46240,1.0986243431172918e-07,3.0413572260851526e-07,1.0,1.0,30.926887234605225
46250,1.193118726946121e-07,3.2127010200385296e-07,1.0,1.0,30.924053676528203
46260,1.0032740703456103e-07,3.0057934871512914e-07,1.0,1.0,30.926700239927637
46270,1.0732998738249128e-07,2.9985792740018377e-07,1.0,1.0,30.923609287927672
46280,1.1356909057078456e-07,3.120933653129389e-07,1.0,1.0,30.923589977482575
46290,9.658457872688031e-08,3.248596299633917e-07,1.0,1.0,30.924892559532314
46300,1.1742291216683435e-07,3.041486133870465e-07,1.0,1.0,30.920492291087633
46310,1.0281620832496939e-07,2.9720849565813644e-07,1.0,1.0,30.92650376586078
46320,1.1170036323728365e-07,3.007411671862544e-07,1.0,1.0,30.92801638688477
46330,1.166005952815922e-07,3.2252606716677506e-07,1.0,1.0,30.92617251417034
46340,1.0865052053862406e-07,2.952481138475259e-07,1.0,1.0,30.92725269721531
46350,1.1344971975250905e-07,3.065597717853435e-07,1.0,1.0,30.927265366279517
46360,1.1113950444876396e-07,3.258184831257403e-07,1.0,1.0,30.926631499696857
46370,1.1463440136612223e-07,2.9250133111659897e-07,1.0,1.0,30.925649889987763
46380,1.0395080527003656e-07,2.9727913232625094e-07,1.0,1.0,30.926454121092533
46390,1.1070399620117339e-07,3.1136188978934654e-07,1.0,1.0,30.92570706183028
46400,1.0728498370038194e-07,3.068849979600854e-07,1.0,1.0,30.927207317664706
46410,1.0424981860359839e-07,3.0503459160520997e-07,1.0,1.0,30.92575806263561
46420,1.0823668264413564e-07,3.0453357768749164e-07,1.0,1.0,30.921633395456197
46430,1.041537822255499e-07,3.0502721281276705e-07,1.0,1.0,30.92441045581166
46440,1.0215410943594303e-07,2.938806612324483e-07,1.0,1.0,30.928318509006036
46450,1.094092074334976e-07,2.942386417846647e-07,1.0,1.0,30.925287140739332
46460,1.0183033397920804e-07,2.98419075772146e-07,1.0,1.0,30.926293568222583
46470,1.0289140590270384e-07,3.0095473822557947e-07,1.0,1.0,30.923372658028764
46480,1.0916459993254589e-07,3.117854008333646e-07,1.0,1.0,30.925490882885438
46490,1.0293589862835093e-07,2.885497845081174e-07,1.0,1.0,30.92718157386202
46500,9.924766840526983e-08,3.2079474049336926e-07,1.0,1.0,30.926769382265608
46510,1.150966844075212e-07,2.9875567874151355e-07,1.0,1.0,30.924471161029874
46520,1.1234701997024233e-07,2.9834652622687975e-07,1.0,1.0,30.927763347675906
46530,1.0593418729783897e-07,3.000215176628322e-07,1.0,1.0,30.92897024041303
46540,1.033150341941237e-07,3.3644707642726656e-07,1.0,1.0,30.925478797642878
46550,1.0828576748401256e-07,2.914650993433937e-07,1.0,1.0,30.926564049404064
46560,1.0123210963595861e-07,2.9038097213086e-07,1.0,1.0,30.924742341110413
46570,1.3295622753657242e-07,3.2155154108347255e-07,1.0,1.0,30.922929398198765
46580,1.1427137059046158e-07,2.9443422837315354e-07,1.0,1.0,30.92667096141161
46590,1.0616338331583692e-07,2.981360366348754e-07,1.0,1.0,30.927738079614862
46600,1.1282640296135916e-07,3.136840760220735e-07,1.0,1.0,30.92629431077909
46610,1.1935741107207523e-07,3.1487599255809084e-07,1.0,1.0,30.92748478017522
46620,1.117874246216616e-07,3.150488642105911e-07,1.0,1.0,30.92848208100601
46630,1.10976262628164e-07,2.9277269064878437e-07,1.0,1.0,30.927404260241275
46640,1.0950591776167857e-07,3.1967649809072095e-07,1.0,1.0,30.92406767721475
46650,1.0145968243848028e-07,2.9597479892827183e-07,1.0,1.0,30.925719594304322
46660,1.0207377802952158e-07,3.1598720291578833e-07,1.0,1.0,30.9246833251732
46670,1.1156059021041992e-07,2.976920604492226e-07,1.0,1.0,30.92869407505861
46680,9.571979255192512e-08,2.997946799012046e-07,1.0,1.0,30.926490569042457
46690,1.298531537954658e-07,3.224924694877341e-07,1.0,1.0,30.92623363418309
46700,1.0846719576489527e-07,3.0160168074334866e-07,1.0,1.0,30.927449936651794
46710,1.0633267759455726e-07,2.9520608258923734e-07,1.0,1.0,30.927561334191388
46720,1.1880186411773834e-07,3.1912614198686147e-07,1.0,1.0,30.92564823921927
46730,9.971024614241865e-08,2.882211223499527e-07,1.0,1.0,30.9244058335504
46740,1.0624565697225276e-07,3.0564693315007394e-07,1.0,1.0,30.924118662505002
46750,1.0810901816732152e-07,3.139468346982623e-07,1.0,1.0,30.921605643891606
46760,1.0434085128296657e-07,3.209726887191453e-07,1.0,1.0,30.925091042862324
46770,1.1307786259872495e-07,3.103377321704674e-07,1.0,1.0,30.926270885873183
46780,9.876268317494205e-08,2.9457705085127126e-07,1.0,1.0,30.93074158981724
46790,1.0947024357385136e-07,3.182274526083937e-07,1.0,1.0,30.926283657217365
46800,9.915487677251418e-08,2.9176085365238836e-07,1.0,1.0,30.92502783705387
46810,1.1286328283025276e-07,3.224995582142634e-07,1.0,1.0,30.921004503114037
46820,1.0767577757666785e-07,3.2112223094422653e-07,1.0,1.0,30.92408901799751
46830,1.0211176723730929e-07,2.990522041690034e-07,1.0,1.0,30.9261342579494
46840,1.1090624983855583e-07,3.11378585614344e-07,1.0,1.0,30.9245638621303
46850,1.1887140709465485e-07,3.013224330803126e-07,1.0,1.0,30.925473498367747
46860,1.1625118568094724e-07,3.0324784309862855e-07,1.0,1.0,30.926536137528565
46870,1.1283287558946752e-07,2.9791310052495446e-07,1.0,1.0,30.92679041410542
46880,1.212388885966208e-07,2.9083261009999114e-07,1.0,1.0,30.92480386738164
46890,1.0174335104693349e-07,3.1416016023899924e-07,1.0,1.0,30.925351641032282
46900,1.1392544730887624e-07,3.1929156409606693e-07,1.0,1.0,30.9239848389802
46910,1.224950899361419e-07,3.0802864905708235e-07,1.0,1.0,30.926484204904014
46920,1.0484676514361816e-07,2.9324754919499944e-07,1.0,1.0,30.928725307932908
46930,1.078316779003434e-07,2.9581523796912183e-07,1.0,1.0,30.925079001873204
46940,1.0163090628250257e-07,3.0800296257545587e-07,1.0,1.0,30.925550901492294
46950,1.1225386685160311e-07,3.062584673604711e-07,1.0,1.0,30.925138994071467
46960,1.1197596653298933e-07,3.1461669347911557e-07,1.0,1.0,30.923877423644875
46970,1.1045260637724324e-07,3.0955180558135074e-07,1.0,1.0,30.92709566735048
46980,1.1062386862127058e-07,2.95445636679544e-07,1.0,1.0,30.926627840155394
46990,1.194959594301704e-07,3.113830390507407e-07,1.0,1.0,30.92661641500602
47000,1.0810204836746494e-07,2.8828225195926396e-07,1.0,1.0,30.924523951102003
47010,1.0422647387686421e-07,3.273475700900007e-07,1.0,1.0,30.924517986185275
47020,1.2432407127513567e-07,3.1005454327457946e-07,1.0,1.0,30.921945248614637
47030,1.0749884868164572e-07,3.173662942456395e-07,1.0,1.0,30.924492279594226
47040,1.0042467781485199e-07,3.028920359713764e-07,1.0,1.0,30.92530142942494
47050,1.2184523238400902e-07,2.8750705312468755e-07,1.0,1.0,30.926039444882758
47060,1.0167125722160712e-07,3.093472995243719e-07,1.0,1.0,30.92394863972932
47070,1.0752918409540598e-07,3.007478723818786e-07,1.0,1.0,30.922836695634995
47080,1.2265290930173423e-07,3.1106135153571415e-07,1.0,1.0,30.922650923386364
47090,1.0815158775940703e-07,3.145376043281661e-07,1.0,1.0,30.92605712440756
47100,9.78205320469452e-08,2.8732895414163776e-07,1.0,1.0,30.926910467832403
47110,1.0199222418234075e-07,3.142223605253359e-07,1.0,1.0,30.92387931345916
47120,1.0416068088125651e-07,3.04989738039263e-07,1.0,1.0,30.924602752930756
47130,1.1113166996939479e-07,3.026620333289086e-07,1.0,1.0,30.92615728069729
47140,1.1891543763483706e-07,2.9737447326911856e-07,1.0,1.0,30.927015619127918
47150,1.145063039521541e-07,2.994078209839659e-07,1.0,1.0,30.923788872220154
47160,9.69903914735228e-08,2.9431234166846714e-07,1.0,1.0,30.92463888370965
47170,1.1778107981336452e-07,3.1314940531871656e-07,1.0,1.0,30.922994344440802
47180,1.1391221541837616e-07,2.917265170293981e-07,1.0,1.0,30.927591621780454
47190,1.0550010029982313e-07,3.06367698494728e-07,1.0,1.0,30.92740136103369
47200,1.035667511169448e-07,3.0216761765778095e-07,1.0,1.0,30.92482683034303
47210,1.0598765863356463e-07,3.077237178665013e-07,1.0,1.0,30.922075446541914
47220,1.0517678781718836e-07,3.032968566972594e-07,1.0,1.0,30.922485130435156
47230,1.2003685001279548e-07,3.2750993196409535e-07,1.0,1.0,30.92509111266734
47240,1.078080263986131e-07,3.084441927365433e-07,1.0,1.0,30.923654297704303
47250,1.0989490095491219e-07,3.02426906322511e-07,1.0,1.0,30.923150864427
47260,1.1183023288440233e-07,3.0832247001545095e-07,1.0,1.0,30.922243284394053
47270,1.2849782973196204e-07,2.962422886623299e-07,1.0,1.0,30.926554241138998
47280,1.131997073682328e-07,3.0028429643797247e-07,1.0,1.0,30.928130577960502
47290,1.15427316482605e-07,3.160912026074065e-07,1.0,1.0,30.92627648480532
47300,1.1109306877306652e-07,3.036473742069757e-07,1.0,1.0,30.921823371224825
47310,1.114029634121348e-07,3.14634437106336e-07,1.0,1.0,30.92339784943408
47320,1.2275466930274284e-07,2.9576533584861846e-07,1.0,1.0,30.923434547339912
47330,1.1794172556341392e-07,3.3203539438732717e-07,1.0,1.0,30.924400291553322
47340,1.0679485426772036e-07,2.854116459278723e-07,1.0,1.0,30.92531365197431
47350,1.0694023500583798e-07,3.0930392245840204e-07,1.0,1.0,30.92414441740333
47360,1.088677586773383e-07,3.044920850324572e-07,1.0,1.0,30.922841610021838
47370,1.0663045133668619e-07,3.0579183255907734e-07,1.0,1.0,30.92219413698225
47380,1.1041059475268521e-07,3.0035671461883413e-07,1.0,1.0,30.923866104182924
47390,1.1348669452288073e-07,3.0866318504678854e-07,1.0,1.0,30.92514204402393
47400,9.625857566559594e-08,2.867866887327275e-07,1.0,1.0,30.926009281237466
47410,1.1330402169919546e-07,3.2378735983254563e-07,1.0,1.0,30.919975956119522
47420,1.1239078967181888e-07,3.0498799753143304e-07,1.0,1.0,30.922023458211193
47430,1.0645112428538007e-07,2.847074613545438e-07,1.0,1.0,30.925888592347675
47440,1.229576978519151e-07,3.0473244511323235e-07,1.0,1.0,30.923217135399664
47450,1.0932847133380426e-07,3.059360535087795e-07,1.0,1.0,30.925578474378607
47460,1.1623132749869875e-07,3.010851147952555e-07,1.0,1.0,30.923906825386776
47470,1.2870064500286092e-07,2.99090637838499e-07,1.0,1.0,30.919672705691152
47480,1.0905398589233979e-07,3.029149719476892e-07,1.0,1.0,30.920647680617506
47490,1.0201191202602682e-07,2.974185524388652e-07,1.0,1.0,30.92280130039196
47500,1.2468078586901548e-07,3.0753636991352326e-07,1.0,1.0,30.919979094064992
47510,1.0689687267474566e-07,3.074729021362114e-07,1.0,1.0,30.922111664530387
47520,1.081973274428907e-07,3.0270099070047827e-07,1.0,1.0,30.92097868527239
47530,1.1893773665474937e-07,2.9559314592501047e-07,1.0,1.0,30.919271224370437
47540,1.095618990659043e-07,3.194868996164883e-07,1.0,1.0,30.92049236042593
47550,1.0275222945899931e-07,2.8688143383513684e-07,1.0,1.0,30.92302278519861
47560,1.1618266021311672e-07,2.9782170599698276e-07,1.0,1.0,30.923892297556932
47570,1.0333140484303303e-07,2.977368269908131e-07,1.0,1.0,30.91956536187973
47580,1.1409743580089933e-07,3.079674167425844e-07,1.0,1.0,30.92148241329103
47590,1.0270451975920208e-07,3.1175059623959943e-07,1.0,1.0,30.91999313123836
47600,1.1731016942856143e-07,2.976778860321839e-07,1.0,1.0,30.920290967320014
47610,1.0539075379169074e-07,3.189637233246801e-07,1.0,1.0,30.924050183543088
47620,1.1129160497237976e-07,2.9800017251685483e-07,1.0,1.0,30.921230578557655
47630,1.1263894827393336e-07,3.1538814219928086e-07,1.0,1.0,30.918756639932514
47640,1.1845129170789614e-07,2.912551283820195e-07,1.0,1.0,30.91979087175994
47650,1.2031652379958213e-07,3.1779773751445536e-07,1.0,1.0,30.918604758147126
47660,1.186677423324232e-07,3.0766953527510106e-07,1.0,1.0,30.91908736063788
47670,1.0358504566940257e-07,2.9648448107597094e-07,1.0,1.0,30.92052537924306
47680,1.1353973732913742e-07,3.090084865192996e-07,1.0,1.0,30.92039543564242
47690,1.1721686615569538e-07,2.9541410056394063e-07,1.0,1.0,30.92080764723566
47700,9.246859482109212e-08,3.380117847887181e-07,1.0,1.0,30.91995898552826
47710,1.1046328014106398e-07,2.836337755187997e-07,1.0,1.0,30.919260584257902
47720,1.0607814066497903e-07,3.273993641542824e-07,1.0,1.0,30.918397327958903
47730,9.800370145779972e-08,2.8570396469197933e-07,1.0,1.0,30.9188685430577
47740,1.1451317846157464e-07,3.180007926518568e-07,1.0,1.0,30.91716986079648
47750,1.1607122195332268e-07,3.006056984084177e-07,1.0,1.0,30.920539122777342
47760,1.0061597744819057e-07,2.8535847647112326e-07,1.0,1.0,30.919547538988574
47770,1.083295339315493e-07,3.1534184306198463e-07,1.0,1.0,30.918850356158288
47780,1.1292992945737577e-07,2.994673345341907e-07,1.0,1.0,30.916707761301172
47790,1.0637796878969491e-07,3.110370023907057e-07,1.0,1.0,30.91708411226606
47800,1.1890154272309271e-07,3.038995168189118e-07,1.0,1.0,30.920548328462093
47810,1.0473400400747504e-07,3.1523993903388185e-07,1.0,1.0,30.919037941902403
47820,1.1236922723050703e-07,2.9400433538514304e-07,1.0,1.0,30.9180136516536
47830,1.1522193944174621e-07,3.171984040440231e-07,1.0,1.0,30.91719051485307
47840,1.0692776344060613e-07,2.990045216172263e-07,1.0,1.0,30.919179652650193
47850,1.0194142290428625e-07,3.1429723370297183e-07,1.0,1.0,30.9193902523539
47860,1.1379535778351165e-07,3.2094388873896984e-07,1.0,1.0,30.917324745906306
47870,1.1868247380302964e-07,2.975314656332741e-07,1.0,1.0,30.914106582572728
47880,1.0313757714652145e-07,3.0402724322596495e-07,1.0,1.0,30.91539112678992
47890,1.1104108356389868e-07,2.886604362622344e-07,1.0,1.0,30.915052317057977
47900,1.1083335069377739e-07,3.2078349096968734e-07,1.0,1.0,30.9182371655185
47910,9.754568422466432e-08,3.02846961239683e-07,1.0,1.0,30.91661956832033
47920,1.1400845465908215e-07,3.03719051450269e-07,1.0,1.0,30.917376730242754
47930,1.1148344127090163e-07,3.052390602744053e-07,1.0,1.0,30.91624039403649
47940,9.702410642121921e-08,2.961565531831013e-07,1.0,1.0,30.91544063031449
47950,1.1324249632686346e-07,2.9993694238974685e-07,1.0,1.0,30.91514723946655
47960,1.1033226701215627e-07,2.9925533775932673e-07,1.0,1.0,30.91718427331545
47970,1.0754007915300233e-07,3.347700037505353e-07,1.0,1.0,30.917443514159864
47980,1.2075988318695156e-07,2.859365430082643e-07,1.0,1.0,30.912285354452585
47990,1.1111575948199033e-07,3.123518006692172e-07,1.0,1.0,30.915530523797536
48000,9.809922344235832e-08,2.979487515142131e-07,1.0,1.0,30.916046938354864
48010,1.0170581485232102e-07,3.375167585716882e-07,1.0,1.0,30.909246103757297
48020,1.0303436008836071e-07,3.029306900861794e-07,1.0,1.0,30.912226285400205
48030,1.040289881250193e-07,3.050805667279672e-07,1.0,1.0,30.915260293327044
48040,1.1791548476524481e-07,3.2055434001417696e-07,1.0,1.0,30.91487288134653
48050,1.1365609284829518e-07,3.047495460649907e-07,1.0,1.0,30.916546014389
48060,9.307392362856278e-08,2.8211600735845964e-07,1.0,1.0,30.915093873653724
48070,1.1413400218912512e-07,3.4525504966165666e-07,1.0,1.0,30.91296417658799
48080,1.0128781434578856e-07,2.8102578471334365e-07,1.0,1.0,30.917000177868413
48090,1.0075889003292108e-07,2.985862030182397e-07,1.0,1.0,30.915484569792497
48100,1.0917348724399615e-07,3.233823483415299e-07,1.0,1.0,30.911211293216365
48110,1.0890705099802785e-07,3.292488572631216e-07,1.0,1.0,30.910747981334733
48120,1.0295667379931022e-07,2.8480942003712866e-07,1.0,1.0,30.91335331664634
48130,1.0929190206715236e-07,3.1176991887910004e-07,1.0,1.0,30.91377625496816
48140,9.923737644465714e-08,2.933884355926907e-07,1.0,1.0,30.915689052423282
48150,1.0272841972033343e-07,3.134430265335979e-07,1.0,1.0,30.91350390896502
48160,1.1581536733273867e-07,2.9455137695209125e-07,1.0,1.0,30.909146070603644
48170,1.1131730493691635e-07,3.0680894288484895e-07,1.0,1.0,30.91101316954481
48180,1.1210471764662975e-07,3.0666023861055245e-07,1.0,1.0,30.912054833634233
48190,9.836887166949812e-08,3.1170355792437574e-07,1.0,1.0,30.912755892388518
48200,1.1627890240831977e-07,2.924675883421049e-07,1.0,1.0,30.913175898983063
48210,1.2104977505663892e-07,2.980079644380634e-07,1.0,1.0,30.91025245983373
48220,1.2177403286827828e-07,3.0772219161297573e-07,1.0,1.0,30.91056742725951
48230,1.0720619863094888e-07,2.958186856094616e-07,1.0,1.0,30.909568268940255
48240,1.0309566589233657e-07,3.131794877022507e-07,1.0,1.0,30.909285521155805
48250,1.1043107101154954e-07,2.9255516650356475e-07,1.0,1.0,30.90963959626624
48260,9.942019985180448e-08,3.4496792232799755e-07,1.0,1.0,30.910569927821406
48270,9.723971709725264e-08,2.985627151885377e-07,1.0,1.0,30.90951611292811
48280,1.1779699419561465e-07,3.170637357504477e-07,1.0,1.0,30.90305876200358
48290,1.0328947172589094e-07,3.059556356496166e-07,1.0,1.0,30.91024885189027
48300,1.0993004131615785e-07,2.9915027086119264e-07,1.0,1.0,30.912463081403605
48310,1.1577130043374486e-07,3.0808637600893094e-07,1.0,1.0,30.91110031145524
48320,1.1887115437653239e-07,2.9569059014924116e-07,1.0,1.0,30.907601530091412
48330,1.0024597663544395e-07,3.2280428244558774e-07,1.0,1.0,30.907583243567974
48340,1.2664797720910144e-07,2.9375888212058634e-07,1.0,1.0,30.906791958139944
48350,1.1096080833603289e-07,3.1514911740654695e-07,1.0,1.0,30.906644575119397
48360,9.936534735885192e-08,3.2024610278690284e-07,1.0,1.0,30.90781771614505
48370,1.3237420065536985e-07,3.0213973002687107e-07,1.0,1.0,30.904613250355062
48380,1.0283732319732666e-07,3.1781939140089824e-07,1.0,1.0,30.904331578279432
48390,1.10942484757541e-07,2.962293990083453e-07,1.0,1.0,30.907754109977642
48400,1.211702195113626e-07,3.002201521897486e-07,1.0,1.0,30.906326015888475
48410,1.065482105804168e-07,3.052367145383748e-07,1.0,1.0,30.907944333836245
48420,1.048666336532199e-07,3.033324083996953e-07,1.0,1.0,30.908671734424292
48430,1.1491140515630684e-07,3.0564097467047053e-07,1.0,1.0,30.909537636033342
48440,1.0111844563971003e-07,3.066075083624433e-07,1.0,1.0,30.910304965318844
48450,9.961568030343003e-08,2.937885233659531e-07,1.0,1.0,30.910678244050448
48460,1.0886264878222869e-07,2.9716454645009454e-07,1.0,1.0,30.90669783144382
48470,1.1928938389803854e-07,3.1437305073638416e-07,1.0,1.0,30.907506720272043
48480,1.0236934107279045e-07,3.119465335359629e-07,1.0,1.0,30.906420451278045
48490,1.09898162946937e-07,3.293249426897285e-07,1.0,1.0,30.904265671759212
48500,1.1109745530180501e-07,2.8968707241183405e-07,1.0,1.0,30.903211395363613
48510,9.896820151316312e-08,2.9561967806296927e-07,1.0,1.0,30.903059507316254
48520,1.1697801573946453e-07,3.066616845900502e-07,1.0,1.0,30.903353536446396
48530,1.0925630260270258e-07,3.2155149085785715e-07,1.0,1.0,30.907564885802103
48540,1.0154945499224557e-07,2.828919522173027e-07,1.0,1.0,30.91007888743995
48550,1.1688696730134094e-07,3.014950738465727e-07,1.0,1.0,30.90693262137651
48560,1.1775245470707861e-07,2.912869168779039e-07,1.0,1.0,30.906451292630994
48570,1.1499748787309692e-07,3.186666309675576e-07,1.0,1.0,30.90444069609799
48580,1.0908342638532962e-07,2.769498040669341e-07,1.0,1.0,30.903380583210666
48590,1.077598229573291e-07,2.8703447063430286e-07,1.0,1.0,30.90457042250806
48600,1.0519664261905847e-07,3.192752006726403e-07,1.0,1.0,30.905736653982792
48610,1.041951752431275e-07,3.022634183174715e-07,1.0,1.0,30.90241598509163
48620,9.728892303766275e-08,3.2620873227025016e-07,1.0,1.0,30.90170597044556
48630,1.0189650342548528e-07,2.921586938076844e-07,1.0,1.0,30.902045866363178
48640,1.1010236307263109e-07,3.2912615457924217e-07,1.0,1.0,30.900281777155797
48650,1.0513538262915468e-07,2.933274353503555e-07,1.0,1.0,30.904256607706785
48660,1.0208860215787839e-07,2.8580360924470527e-07,1.0,1.0,30.905625371485325
48670,1.1633655969469163e-07,3.152118226874336e-07,1.0,1.0,30.90139894308878
48680,1.1331999706714601e-07,2.980596456006524e-07,1.0,1.0,30.904669855290447
48690,9.697909432208366e-08,2.927982374514408e-07,1.0,1.0,30.904704306713153
48700,1.1345538661071434e-07,2.842301157495213e-07,1.0,1.0,30.903213172948675
48710,9.861686784261021e-08,3.1475968397449966e-07,1.0,1.0,30.902216924399966
48720,9.961380683498916e-08,3.772689830653446e-07,1.0,1.0,30.90417821747315
48730,1.1039808263534573e-07,2.881732978716141e-07,1.0,1.0,30.90517254417531
48740,9.765692817472274e-08,2.790964716006024e-07,1.0,1.0,30.908618764275516
48750,1.0487369087827421e-07,2.979803793447218e-07,1.0,1.0,30.90664705771649
48760,1.1423334606790369e-07,2.8816934921298425e-07,1.0,1.0,30.904857652993893
48770,1.065413539578901e-07,3.0578265730889384e-07,1.0,1.0,30.901791728007833
48780,1.1236896363990875e-07,2.8596292148801915e-07,1.0,1.0,30.899917271256236
48790,1.2332468038366358e-07,3.386435247663008e-07,1.0,1.0,30.89942796005825
48800,1.1100621465430094e-07,3.097443172342581e-07,1.0,1.0,30.900172218988637
48810,1.0019808093410406e-07,3.074597559879962e-07,1.0,1.0,30.90340281237376
48820,1.0999981770170555e-07,3.2083886016556196e-07,1.0,1.0,30.900598245408975
48830,1.1295217578911228e-07,2.785402529270201e-07,1.0,1.0,30.902938684263905
48840,1.0016076414378692e-07,2.968723765359264e-07,1.0,1.0,30.903548019741407
48850,1.1119446292770032e-07,3.0128511996759866e-07,1.0,1.0,30.902151525889206
48860,1.1615693039916753e-07,3.183947252832797e-07,1.0,1.0,30.903656566374465
48870,1.0178699619133652e-07,3.0316354098160097e-07,1.0,1.0,30.902128618108904
48880,1.097213712449372e-07,2.8591012373498554e-07,1.0,1.0,30.901424652331087
48890,9.306484884098329e-08,3.037973558389994e-07,1.0,1.0,30.902884770736495
48900,1.0814862532180644e-07,3.0392383563404606e-07,1.0,1.0,30.903348480803896
48910,1.0506689302574883e-07,3.094423151822689e-07,1.0,1.0,30.900129735551563
48920,1.0866105357138778e-07,3.1011185827564303e-07,1.0,1.0,30.90343015740024
48930,1.00581354309155e-07,2.8497599506074526e-07,1.0,1.0,30.90492316355511
48940,1.1341627805208381e-07,2.977157315707213e-07,1.0,1.0,30.901874433829
48950,1.1784868264904699e-07,2.9957540648960675e-07,1.0,1.0,30.90025075379789
48960,1.131617681816165e-07,2.843022446247547e-07,1.0,1.0,30.902429167972024
48970,1.188270418723911e-07,2.8720330005878354e-07,1.0,1.0,30.90093244609458
48980,1.0792014082671596e-07,2.919835212198938e-07,1.0,1.0,30.899684653816912
48990,1.0340248516488819e-07,3.0158274949654733e-07,1.0,1.0,30.897867945236662
49000,1.1780648015079755e-07,2.8722315397221447e-07,1.0,1.0,30.899664855646943
49010,1.184146699126466e-07,3.2829686043249856e-07,1.0,1.0,30.903879720469273
49020,1.0923481997700742e-07,2.9434008412900176e-07,1.0,1.0,30.90567276721919
49030,1.1403702172386305e-07,3.021509098901024e-07,1.0,1.0,30.904026037489263
49040,1.0888967504249374e-07,2.900517002883021e-07,1.0,1.0,30.90290207168429
49050,9.519195628780265e-08,2.831928409875953e-07,1.0,1.0,30.90436507823433
49060,1.2340686550463608e-07,2.8998647127528955e-07,1.0,1.0,30.899624879777512
49070,1.0720174639264554e-07,3.10728676260295e-07,1.0,1.0,30.900256163045384
49080,1.1460418020992738e-07,2.8297892127309905e-07,1.0,1.0,30.89959435938756
49090,1.0782569999261267e-07,3.0497133075693894e-07,1.0,1.0,30.898846400125166
49100,1.1063748777854102e-07,3.0688331793867436e-07,1.0,1.0,30.899642472741387
49110,1.1100201046189065e-07,3.149176977744815e-07,1.0,1.0,30.900089033782063
49120,1.116972324486552e-07,2.9060079267682674e-07,1.0,1.0,30.90015964701212
49130,9.952050573857177e-08,2.88708158789115e-07,1.0,1.0,30.8981804554771
49140,1.0797726311191297e-07,2.919913229569944e-07,1.0,1.0,30.897170453757166
49150,1.1109117082130394e-07,2.979506382630624e-07,1.0,1.0,30.898009575262925
49160,1.1033097255044672e-07,2.96012712865131e-07,1.0,1.0,30.899293193828164
49170,9.442733676413783e-08,2.9914813483997863e-07,1.0,1.0,30.899420543286485
49180,1.1631961338612441e-07,3.0732307804769597e-07,1.0,1.0,30.897485438484924
49190,1.154471717595893e-07,3.155746417714193e-07,1.0,1.0,30.898905858207723
49200,1.0391463769774286e-07,2.953407655975768e-07,1.0,1.0,30.89918307037989
49210,1.0906195887145273e-07,2.937931142346963e-07,1.0,1.0,30.898341601007104
49220,9.17083871663544e-08,2.936970954154459e-07,1.0,1.0,30.89599739917214
49230,9.959343508319069e-08,2.9680228867548066e-07,1.0,1.0,30.89646922742599
49240,1.2021552148855876e-07,2.888062859506233e-07,1.0,1.0,30.894837698782812
49250,1.0343553038384724e-07,3.1584471697581193e-07,1.0,1.0,30.89822919866809
49260,1.111440649599209e-07,2.916022257937089e-07,1.0,1.0,30.89993420451431
49270,1.2352665418250848e-07,2.7727778322672394e-07,1.0,1.0,30.89865652236329
49280,1.1867738799423682e-07,3.0384624882021086e-07,1.0,1.0,30.897466144626513
49290,9.91903676507989e-08,2.889201094104634e-07,1.0,1.0,30.897749347842748
49300,1.2568313650903924e-07,2.941359925819738e-07,1.0,1.0,30.89797816992816
49310,1.0388542665708511e-07,2.895642065059216e-07,1.0,1.0,30.896935700843194
49320,1.0113454443330288e-07,3.153256774766358e-07,1.0,1.0,30.895658713392343
49330,1.1116758318498766e-07,2.7669094627235033e-07,1.0,1.0,30.896553920813272
49340,1.1622106275496964e-07,2.925426863301942e-07,1.0,1.0,30.897471343425114
49350,1.1123673454899535e-07,3.0473977338619915e-07,1.0,1.0,30.897595224832358
49360,1.1940968072114655e-07,3.089005739889725e-07,1.0,1.0,30.895558829947362
49370,1.183351018020498e-07,2.8750831357541323e-07,1.0,1.0,30.894712229965823
49380,1.1238523621662165e-07,2.9094011085733463e-07,1.0,1.0,30.89599319743021
49390,1.1889690979933876e-07,2.980992179610947e-07,1.0,1.0,30.89792486340707
49400,9.822091766127713e-08,2.8404247235470994e-07,1.0,1.0,30.896557893696276
49410,1.0343569067286168e-07,3.0530651808693877e-07,1.0,1.0,30.894856376558288
49420,1.336118874484174e-07,2.948745890706935e-07,1.0,1.0,30.892612928675163
49430,1.1782792783341386e-07,2.949846954298152e-07,1.0,1.0,30.895538309764465
49440,1.068812582802804e-07,2.9183748850176876e-07,1.0,1.0,30.898337984373097
49450,1.0875810275080865e-07,2.937307537575935e-07,1.0,1.0,30.896458152713087
49460,1.1622427874067635e-07,2.8724782575396386e-07,1.0,1.0,30.89771076298039
49470,1.0017774579245165e-07,2.884981866378251e-07,1.0,1.0,30.897930313875857
49480,1.1732950712570896e-07,2.950544731642636e-07,1.0,1.0,30.89524026204886
49490,1.1401827950428726e-07,3.0352764759598504e-07,1.0,1.0,30.896291064082043
49500,1.1272956216933876e-07,3.0517334054900066e-07,1.0,1.0,30.89747292381986
49510,1.22114958602582e-07,2.841899372668441e-07,1.0,1.0,30.89761439874927
49520,1.2172951411285838e-07,2.8628288305475064e-07,1.0,1.0,30.89518061132541
49530,1.0092218689893789e-07,3.05975850646356e-07,1.0,1.0,30.89711823640687
49540,1.1531125314608221e-07,2.886700444435062e-07,1.0,1.0,30.89494767047093
49550,1.1001831423050054e-07,2.8662740021312234e-07,1.0,1.0,30.89604516901902
49560,1.1194667820557343e-07,2.9356446694550354e-07,1.0,1.0,30.89694864169554
49570,1.1401415582763716e-07,2.815487851566679e-07,1.0,1.0,30.895624518609825
49580,1.104902676980237e-07,2.909030772741125e-07,1.0,1.0,30.894118613795573
49590,1.0490834928308893e-07,2.950628683159773e-07,1.0,1.0,30.893434478135166
49600,1.106894081203256e-07,2.961303836961756e-07,1.0,1.0,30.89580239022179
49610,1.0680441867305588e-07,2.91958466347885e-07,1.0,1.0,30.895435675142483
49620,1.0703640081863449e-07,2.87900167307316e-07,1.0,1.0,30.895724025252555
49630,1.1977902208903614e-07,2.9458569550917844e-07,1.0,1.0,30.889928895551773
49640,1.1006980245149023e-07,2.97756415838668e-07,1.0,1.0,30.894315515036684
49650,1.1184339201453316e-07,2.7960081150915925e-07,1.0,1.0,30.90053692404932
49660,1.1166770938164481e-07,3.4660040386726176e-07,1.0,1.0,30.898506519115156
49670,1.1074427481065908e-07,2.8442940141904627e-07,1.0,1.0,30.897712950698935
49680,1.055487151794818e-07,2.976234271801084e-07,1.0,1.0,30.89643836249578
49690,1.1894670224868788e-07,2.841862728411288e-07,1.0,1.0,30.895631872303024
49700,1.182358427143965e-07,3.13618428673062e-07,1.0,1.0,30.895322855639726
49710,9.468322027790068e-08,3.0342741634447645e-07,1.0,1.0,30.894106127843703
49720,1.1897606347862165e-07,2.963949346198058e-07,1.0,1.0,30.897172061090792
49730,1.0881790226064121e-07,2.8961894416096046e-07,1.0,1.0,30.89974608221028
49740,9.635452123532328e-08,2.934493927747834e-07,1.0,1.0,30.898439805035206
49750,1.0805366542264619e-07,2.898186305594768e-07,1.0,1.0,30.89529631253909
49760,1.1071038990534295e-07,2.9888679475927744e-07,1.0,1.0,30.89258873361135
49770,1.0556865111347767e-07,2.809210253798256e-07,1.0,1.0,30.8937735640555
49780,1.1863510827696639e-07,2.957801617373235e-07,1.0,1.0,30.895692774737974
49790,1.1211812301714697e-07,2.89779265879012e-07,1.0,1.0,30.895032356056245
49800,9.787865011623784e-08,2.858661729743195e-07,1.0,1.0,30.89285687989548
49810,1.0728204750875964e-07,2.9514953388016686e-07,1.0,1.0,30.894510500438102
49820,1.0867274836384395e-07,2.9128382190697185e-07,1.0,1.0,30.895003039724372
49830,1.108336377888015e-07,2.9323983778015106e-07,1.0,1.0,30.894509104517404
49840,1.1255104046273088e-07,2.8440008773256923e-07,1.0,1.0,30.89187343938412
49850,1.1383908124873151e-07,2.958676985246294e-07,1.0,1.0,30.892030832807407
49860,9.606286979128884e-08,3.0263209098625765e-07,1.0,1.0,30.89395343004737
49870,1.0572131479986291e-07,2.8945412307891273e-07,1.0,1.0,30.894811607266547
49880,1.0268143286808112e-07,2.8326186616395916e-07,1.0,1.0,30.89646984523375
49890,9.408623628547174e-08,2.794083089725582e-07,1.0,1.0,30.894786260411315
49900,1.0785230049052068e-07,2.9807285328173596e-07,1.0,1.0,30.896878487287413
49910,1.0784777594544334e-07,2.8639577427398307e-07,1.0,1.0,30.895757411516694
49920,9.985799198149425e-08,2.995141319829348e-07,1.0,1.0,30.894493724107324
49930,1.070378966380997e-07,2.7651654936638116e-07,1.0,1.0,30.893565561741465
49940,1.1616943160740288e-07,3.0051454712732664e-07,1.0,1.0,30.89023496353342
49950,1.168153444070226e-07,2.939046730216738e-07,1.0,1.0,30.89173006485275
49960,1.1241719347592393e-07,2.9517089618590513e-07,1.0,1.0,30.89142000034545
49970,1.087510569358881e-07,2.879478390745465e-07,1.0,1.0,30.890470995355663
49980,1.0188222222269986e-07,2.869262625406294e-07,1.0,1.0,30.891529161670366
49990,1.1347195724095519e-07,2.921472013699694e-07,1.0,1.0,30.891247060133626
50000,1.0086777507452603e-07,2.955377139365836e-07,1.0,1.0,30.889669338874473
50010,1.1016530327696025e-07,2.9885102179672756e-07,1.0,1.0,30.889022913750928
50020,1.0824613991768594e-07,2.932038305097773e-07,1.0,1.0,30.89124084144074
50030,1.197804925912529e-07,2.9327625813164726e-07,1.0,1.0,30.89220455354323
50040,1.0317308655002274e-07,2.748950442388089e-07,1.0,1.0,30.894169649804848
50050,1.1202051776824733e-07,2.9293517311469476e-07,1.0,1.0,30.88790567942452
50060,1.0766252728244292e-07,2.969174741944969e-07,1.0,1.0,30.889105648883117
50070,1.1153931554086248e-07,3.1560159344945866e-07,1.0,1.0,30.89080934464841
50080,1.074729577920552e-07,2.888380941945781e-07,1.0,1.0,30.892222211819426
50090,1.0683623375844185e-07,2.897151353899871e-07,1.0,1.0,30.889330054492206
50100,1.0585535695506604e-07,2.8989743079911313e-07,1.0,1.0,30.887137662554522
50110,1.1921601037874608e-07,2.940303353279178e-07,1.0,1.0,30.887226583835194
50120,1.1093234557486012e-07,2.9281578342849994e-07,1.0,1.0,30.889239592247282
50130,1.0215912039095975e-07,2.9414563277073794e-07,1.0,1.0,30.890813503894428
50140,1.1773617682114626e-07,2.997441543424336e-07,1.0,1.0,30.88587240689374
50150,1.0017575793580584e-07,2.90282787780831e-07,1.0,1.0,30.8887778534936
50160,1.0374272897956156e-07,3.012545706883104e-07,1.0,1.0,30.891372946281532
50170,1.1003060663543346e-07,2.9277107134317626e-07,1.0,1.0,30.889938079111978
50180,1.1612077593108578e-07,2.99330078132927e-07,1.0,1.0,30.891163946935364
50190,9.294913717993616e-08,2.769483976860186e-07,1.0,1.0,30.88808324060759
50200,1.1283309151225828e-07,2.9237627382950647e-07,1.0,1.0,30.882498836337398
50210,1.0126420152098673e-07,2.9274238256968437e-07,1.0,1.0,30.88578488848447
50220,1.0981664367833289e-07,2.9055718881502325e-07,1.0,1.0,30.889611341916
50230,1.1682919169806686e-07,3.004642894248325e-07,1.0,1.0,30.886903020570248
50240,1.0026048381720659e-07,2.760836201061751e-07,1.0,1.0,30.888748127378957
50250,1.0544070332129114e-07,3.0250899019923424e-07,1.0,1.0,30.887363719229967
50260,1.2090511928499159e-07,2.964992681479379e-07,1.0,1.0,30.880770683809292
50270,9.191378707249926e-08,2.947444302141261e-07,1.0,1.0,30.883608416914345
50280,9.951524433545742e-08,2.955482235856773e-07,1.0,1.0,30.88509828155628
50290,1.0386947672545751e-07,2.913981445813274e-07,1.0,1.0,30.884987170089204
50300,1.0332488943863934e-07,3.0539980972229005e-07,1.0,1.0,30.885125433709558
50310,1.0949593128789013e-07,2.8506514541430696e-07,1.0,1.0,30.884246240598053
50320,1.1810266521548207e-07,2.892328356971354e-07,1.0,1.0,30.883771143922054
50330,1.1113595367543994e-07,2.8459462856131946e-07,1.0,1.0,30.886093708024816
50340,9.759258622602185e-08,2.9476218912954376e-07,1.0,1.0,30.8878711341107
50350,1.1414440697392736e-07,2.9166301759861104e-07,1.0,1.0,30.885171355061342
50360,1.0443241370514424e-07,2.948361920568675e-07,1.0,1.0,30.88323538166662
50370,1.0460259119515721e-07,2.90515986008227e-07,1.0,1.0,30.882581570011723
50380,1.1620050120672727e-07,2.859087434594565e-07,1.0,1.0,30.87850840301231
50390,1.0706349966757051e-07,2.9755863226116677e-07,1.0,1.0,30.878935763163224
50400,1.1208101394312182e-07,2.8379919209669333e-07,1.0,1.0,30.88349999454759
50410,1.1660822408438752e-07,3.2079255233208117e-07,1.0,1.0,30.88702122601491
50420,1.1241666694447052e-07,2.700613727874819e-07,1.0,1.0,30.887973230356028
50430,9.962794158536688e-08,2.884411294212734e-07,1.0,1.0,30.888357277268447
50440,1.082323429857938e-07,2.744546908290921e-07,1.0,1.0,30.88164069494929
50450,1.1291024896507528e-07,3.0529842408590017e-07,1.0,1.0,30.878511085249286
50460,1.046862176506974e-07,3.0049882147313967e-07,1.0,1.0,30.880720638019216
50470,1.159174109580625e-07,2.6747310779766924e-07,1.0,1.0,30.88335956259544
50480,1.0415884489721458e-07,3.0382175436943796e-07,1.0,1.0,30.881196695617664
50490,1.0929363513142076e-07,2.931636332332476e-07,1.0,1.0,30.88079878332533
50500,1.1377978723615196e-07,2.860917357965635e-07,1.0,1.0,30.88100389088086
50510,1.1599126935577565e-07,2.93473216495336e-07,1.0,1.0,30.882183889731618
50520,9.85861580447461e-08,2.9830359932690103e-07,1.0,1.0,30.88128396287875
50530,1.2504023258056846e-07,2.898938003211495e-07,1.0,1.0,30.87597967350671
50540,1.0386692210647067e-07,3.006073751464757e-07,1.0,1.0,30.876925163038695
50550,1.1581504981875134e-07,3.0514734387007844e-07,1.0,1.0,30.87614260522136
50560,1.0981014472886265e-07,2.9983815619732077e-07,1.0,1.0,30.88010630458168
50570,9.969526605998999e-08,2.8806336291181246e-07,1.0,1.0,30.880642611843903
50580,1.1028391385239222e-07,3.1390016105399314e-07,1.0,1.0,30.877890041023388
50590,1.2058028851778489e-07,2.933905566971866e-07,1.0,1.0,30.87711978249963
50600,1.0643771210456312e-07,2.8780642194624356e-07,1.0,1.0,30.88140014873212
50610,9.87441590975067e-08,2.8876554008614545e-07,1.0,1.0,30.880639162312537
50620,1.1416014378734213e-07,2.941640414977826e-07,1.0,1.0,30.87745200567933
50630,9.749915865984844e-08,2.9105315058330225e-07,1.0,1.0,30.880188598344734
50640,1.0369724384854726e-07,2.859491529530638e-07,1.0,1.0,30.876835211524828
50650,1.2755283583391255e-07,2.8967641078805085e-07,1.0,1.0,30.870589152487153
50660,1.189724603432152e-07,2.9139274131844077e-07,1.0,1.0,30.87417545020387
50670,1.05436879121907e-07,2.900850148751821e-07,1.0,1.0,30.876308290221434
50680,1.1238722964496456e-07,2.87665369327672e-07,1.0,1.0,30.87402718560746
50690,1.1471693106163962e-07,2.951764777806156e-07,1.0,1.0,30.873065129679784
50700,1.0246690303784393e-07,2.8844685852918564e-07,1.0,1.0,30.873899921275168
50710,1.0989005205017869e-07,2.934650003228127e-07,1.0,1.0,30.873532389127195
50720,1.0448447874963867e-07,2.9764216687724246e-07,1.0,1.0,30.871723563995985
50730,1.1371816760598531e-07,2.8267231487951333e-07,1.0,1.0,30.87232106600371
50740,1.1523890021264041e-07,2.878183472243117e-07,1.0,1.0,30.874394302031924
50750,9.899992584627782e-08,2.928974623322248e-07,1.0,1.0,30.875648931879084
50760,1.084627740506144e-07,2.815601280959334e-07,1.0,1.0,30.87507880147248
50770,1.2006462115725057e-07,2.82822564084775e-07,1.0,1.0,30.872996959311973
50780,9.519585492792449e-08,2.917700444674683e-07,1.0,1.0,30.868774989257055
50790,1.0000767280992448e-07,2.8799068160823367e-07,1.0,1.0,30.86855767420564
50800,1.1601659617703952e-07,2.979042889811249e-07,1.0,1.0,30.86500242213151
50810,1.297347030885603e-07,2.905978027370737e-07,1.0,1.0,30.870371806667297
50820,9.978752310349728e-08,2.9841914806803313e-07,1.0,1.0,30.87228040099393
50830,1.2239617559237742e-07,2.8791177465553533e-07,1.0,1.0,30.86840840538253
50840,1.077257915452117e-07,2.939690148804884e-07,1.0,1.0,30.867431537840364
50850,1.0016070409505034e-07,2.9561464832171064e-07,1.0,1.0,30.867596648411446
50860,1.116116419888842e-07,3.1971566133562187e-07,1.0,1.0,30.86760377254911
50870,1.0897469650408022e-07,2.9419015702648206e-07,1.0,1.0,30.868227268717174
50880,1.0847765730685281e-07,2.979100643779572e-07,1.0,1.0,30.868497215502885
50890,1.2067049104842034e-07,2.7684052302710635e-07,1.0,1.0,30.863628660349576
50900,1.1032363971059756e-07,3.0858192354767336e-07,1.0,1.0,30.86745518489727
50910,1.1197846202830222e-07,2.8842552626028255e-07,1.0,1.0,30.867624284314665
50920,1.2107947109673512e-07,2.9100173169867706e-07,1.0,1.0,30.86319407707068
50930,1.1636459976897803e-07,2.9843777111930923e-07,1.0,1.0,30.864592043381418
50940,1.0014536363169508e-07,2.8833232342602046e-07,1.0,1.0,30.86419265293885
50950,1.2471803220668893e-07,2.853714446833519e-07,1.0,1.0,30.86301432322965
50960,1.1940557902833806e-07,3.111374745836509e-07,1.0,1.0,30.86363104007523
50970,1.1363918815980519e-07,3.1207984118644135e-07,1.0,1.0,30.86397946924112
50980,1.0990617303769366e-07,3.0173577687938143e-07,1.0,1.0,30.864526385278662
50990,1.1580364785612555e-07,2.901954063252467e-07,1.0,1.0,30.864192764567964
51000,1.0768365793438589e-07,2.809997727722457e-07,1.0,1.0,30.861614599614068
51010,1.049026054805153e-07,3.1376044227047095e-07,1.0,1.0,30.859499794532425
51020,1.0349416257762715e-07,2.903519869330559e-07,1.0,1.0,30.86210747681429
51030,1.0185344187013536e-07,2.8518011726749265e-07,1.0,1.0,30.863025518135675
51040,1.1932865089912145e-07,3.006978072413484e-07,1.0,1.0,30.860539694026013
51050,1.1462808199425252e-07,2.9076787109514717e-07,1.0,1.0,30.86099386596238
51060,1.035568254210183e-07,2.809708492999519e-07,1.0,1.0,30.860818565261848
51070,1.141307929895338e-07,2.9533564148311415e-07,1.0,1.0,30.86036661445539
51080,1.0692658515957925e-07,2.875476210310722e-07,1.0,1.0,30.859875874660702
51090,9.68557850719198e-08,2.8373043405462955e-07,1.0,1.0,30.85988164381235
51100,1.152393997527437e-07,3.0046648353103454e-07,1.0,1.0,30.854881961398046
51110,9.614933619209724e-08,2.738409753701941e-07,1.0,1.0,30.85940786214448
51120,9.900164534694412e-08,2.7985703941599236e-07,1.0,1.0,30.86123528474498
51130,1.178639291569591e-07,2.903396766582793e-07,1.0,1.0,30.85570043940753
51140,1.1127677501860138e-07,3.074088330479997e-07,1.0,1.0,30.85434161367483
51150,1.0839897897235521e-07,2.788491000395344e-07,1.0,1.0,30.855118255662084
51160,1.0769060703664406e-07,2.872972992078498e-07,1.0,1.0,30.857163453250585
51170,1.0977838992277915e-07,2.857150617011597e-07,1.0,1.0,30.85578185973597
51180,9.914073523883055e-08,2.8902568886304946e-07,1.0,1.0,30.857159985277168
51190,1.1390144689847351e-07,2.8393462370063274e-07,1.0,1.0,30.853258629954926
51200,1.1499130407345425e-07,3.0135708996163663e-07,1.0,1.0,30.854778140937693
51210,1.104805360558089e-07,2.831666313826002e-07,1.0,1.0,30.85715666690361
51220,1.375528803220758e-07,2.881842991163537e-07,1.0,1.0,30.856268681656715
51230,1.0936458425961699e-07,3.2124840890456077e-07,1.0,1.0,30.860353764961275
51240,9.076746061287567e-08,2.763604057165384e-07,1.0,1.0,30.860026189861635
51250,1.0058718425818653e-07,2.852103489477572e-07,1.0,1.0,30.854849769820394
51260,1.0840134397048393e-07,3.0088664361954085e-07,1.0,1.0,30.85181290427256
51270,1.0007624726587525e-07,2.8040033073298857e-07,1.0,1.0,30.85064427887022
51280,1.1117079827792003e-07,2.894341755496932e-07,1.0,1.0,30.851996767235047
51290,1.0649303375679515e-07,2.856773852317746e-07,1.0,1.0,30.853905992228054
51300,1.0603322729987915e-07,2.9097908820304354e-07,1.0,1.0,30.8513334454641
51310,1.1806694760394419e-07,3.0103309487256166e-07,1.0,1.0,30.849643032219063
51320,1.0898240040851106e-07,2.802623473702257e-07,1.0,1.0,30.85237967067175
51330,1.1488101770962991e-07,2.9553833427207154e-07,1.0,1.0,30.85339979830729
51340,1.1044040111894161e-07,2.971917390593541e-07,1.0,1.0,30.85352435941381
51350,1.1105451125863083e-07,2.793106074750217e-07,1.0,1.0,30.85774298596583
51360,1.0296254026859958e-07,3.0887837173325293e-07,1.0,1.0,30.857041968423907
51370,1.0361290817359323e-07,3.1828341629730726e-07,1.0,1.0,30.85560548247579
51380,1.157998877315034e-07,2.9657277701327563e-07,1.0,1.0,30.858033156622916
51390,1.0311634318324276e-07,2.7117950381466493e-07,1.0,1.0,30.855745132099717
51400,1.2042175767379746e-07,2.877779894236176e-07,1.0,1.0,30.847969226718888
51410,1.1266085988436822e-07,2.745931801628606e-07,1.0,1.0,30.850253135789345
51420,1.002069629855967e-07,2.8964914971186855e-07,1.0,1.0,30.851067461463778
51430,1.1332261334694879e-07,2.8434298579796204e-07,1.0,1.0,30.851971585916292
51440,1.1405658807784144e-07,2.748177507302563e-07,1.0,1.0,30.850871148836863
51450,1.0509971297672447e-07,2.9024299110275127e-07,1.0,1.0,30.853804598884295
51460,1.1221231531896667e-07,2.853876119461384e-07,1.0,1.0,30.85220372541504
51470,9.695988035450309e-08,3.088645397580608e-07,1.0,1.0,30.851890424142308
51480,1.1193358517271076e-07,2.707208024324531e-07,1.0,1.0,30.85026196012436
51490,1.1690971533966276e-07,2.911099682538866e-07,1.0,1.0,30.84973508537125
51500,1.1280123725313081e-07,2.9023126640401355e-07,1.0,1.0,30.852164581051593
51510,1.0531092960537122e-07,2.7883561013772707e-07,1.0,1.0,30.852910144282855
51520,1.053042930818301e-07,2.7895129997348035e-07,1.0,1.0,30.848047328454246
51530,1.1604497639112667e-07,2.893249365835361e-07,1.0,1.0,30.847399820318547
51540,1.0290774218214834e-07,2.850903128281455e-07,1.0,1.0,30.847488183682255
51550,1.153023790461057e-07,2.9464353907524974e-07,1.0,1.0,30.84742623408079
51560,9.898382729127876e-08,2.7129640555945524e-07,1.0,1.0,30.8517346734415
51570,1.0552835035709749e-07,2.9803156977127956e-07,1.0,1.0,30.848850506499254
51580,1.0214130185887581e-07,2.7450914536711923e-07,1.0,1.0,30.84459695084406
51590,1.017301243930654e-07,3.0759704935302614e-07,1.0,1.0,30.844276558258322
51600,1.0892624285157078e-07,2.890573059542948e-07,1.0,1.0,30.84536172555305
51610,1.222882585776659e-07,3.335646489653355e-07,1.0,1.0,30.85139295437998
51620,1.0614094510123127e-07,2.7100790993690894e-07,1.0,1.0,30.854710218935516
51630,1.1151032727468136e-07,2.8050038173962203e-07,1.0,1.0,30.852190737597223
51640,1.1042231156548692e-07,2.7933823111851955e-07,1.0,1.0,30.850639138739027
51650,1.1118143530945496e-07,2.877878414737018e-07,1.0,1.0,30.84366220192821
51660,1.2160300531998954e-07,2.9186137187535494e-07,1.0,1.0,30.842568925594442
51670,1.0853438003931162e-07,2.843386879724832e-07,1.0,1.0,30.843139687417764
51680,1.1270036783424041e-07,2.8159938294271216e-07,1.0,1.0,30.842344789536707
51690,1.0911878258723967e-07,2.8887931925068437e-07,1.0,1.0,30.845338261701656
51700,1.1217510357054338e-07,2.941379574112164e-07,1.0,1.0,30.845161582111036
51710,1.0688276478721676e-07,2.692599646135137e-07,1.0,1.0,30.84372830840759
51720,1.0396990001500766e-07,2.8096855612212903e-07,1.0,1.0,30.84368760700104
51730,1.1372356840898486e-07,2.952529591007292e-07,1.0,1.0,30.8426448770806
51740,1.1340381418434649e-07,2.8920813978808115e-07,1.0,1.0,30.840569973872693
51750,1.1231574397056706e-07,2.9336359347063357e-07,1.0,1.0,30.840974577397347
51760,1.2210621649968968e-07,2.812084128422635e-07,1.0,1.0,30.840344790393928
51770,1.0302822711166903e-07,2.9560129311373684e-07,1.0,1.0,30.8414197478943
51780,1.0132184427727051e-07,2.692166850802547e-07,1.0,1.0,30.84323223713501
51790,9.908826533021302e-08,2.9978095469686144e-07,1.0,1.0,30.8413799078236
51800,1.1134642284869527e-07,2.7126274931703144e-07,1.0,1.0,30.838842954648655
51810,9.659602104917205e-08,2.809164256219417e-07,1.0,1.0,30.839924758973446
51820,1.016466711926788e-07,2.831404191803184e-07,1.0,1.0,30.838235095537648
51830,1.095191397840687e-07,2.817649205963845e-07,1.0,1.0,30.838172721974523
51840,1.153232535907723e-07,2.882335609747562e-07,1.0,1.0,30.838612867561494
51850,1.1645363992992204e-07,2.964761012432347e-07,1.0,1.0,30.840866836883198
51860,1.0085343429345448e-07,2.7335193544674744e-07,1.0,1.0,30.84296475584143
51870,9.663080196203868e-08,2.835446623032615e-07,1.0,1.0,30.844448162508368
51880,1.2548480488302954e-07,2.930168521625549e-07,1.0,1.0,30.83864445180989
51890,1.1542236396259993e-07,2.8546941950346525e-07,1.0,1.0,30.84134510973907
51900,1.2138168861712692e-07,2.7232100730137855e-07,1.0,1.0,30.842908423354636
51910,1.1685757454366761e-07,2.808789389474584e-07,1.0,1.0,30.839062048617954
51920,1.1352286700343761e-07,2.7906656892664014e-07,1.0,1.0,30.836858863579362
51930,9.81800556411864e-08,2.9898555512207087e-07,1.0,1.0,30.834474781882673
51940,1.2253125635803458e-07,2.8942445346321046e-07,1.0,1.0,30.83240773847007
51950,1.2171894774673543e-07,2.8684278258754475e-07,1.0,1.0,30.83360748848232
51960,1.1335532102309574e-07,2.8954011944918305e-07,1.0,1.0,30.835637926812467
51970,1.1643942864060491e-07,2.918501041855807e-07,1.0,1.0,30.834829588880766
51980,1.0574217595654025e-07,2.8520812266543974e-07,1.0,1.0,30.835066698466726
51990,1.0524605521474562e-07,2.640957573741992e-07,1.0,1.0,30.837716784529643
52000,1.0536571063550007e-07,2.91701491166854e-07,1.0,1.0,30.837144839940628
52010,1.0360524341624175e-07,2.9130546840642166e-07,1.0,1.0,30.83732287677237
52020,1.1222492931019468e-07,2.7621617248990104e-07,1.0,1.0,30.839663494943945
52030,1.0368850365172844e-07,2.8648598847594604e-07,1.0,1.0,30.840013805479582
52040,1.0802829422560843e-07,2.7535252596494236e-07,1.0,1.0,30.83655227823611
52050,1.0594243006621436e-07,2.799055304492977e-07,1.0,1.0,30.83461057670145
52060,1.1837839493028266e-07,2.7857170433796517e-07,1.0,1.0,30.830454516161453
52070,1.0908835852558432e-07,2.8217472099778217e-07,1.0,1.0,30.83294327192406
52080,1.0416804535467572e-07,2.9044350122620125e-07,1.0,1.0,30.83405501720679
52090,1.0908238074504389e-07,2.8355782331994634e-07,1.0,1.0,30.836891219638673
52100,1.1264230980253454e-07,2.8690272887768406e-07,1.0,1.0,30.837339073911888
52110,9.829266886946192e-08,2.7488493693159023e-07,1.0,1.0,30.837140749146513
52120,1.1530745531051087e-07,3.045372962820492e-07,1.0,1.0,30.833426878931533
52130,8.860888817070587e-08,2.8312175061256873e-07,1.0,1.0,30.832156156542386
52140,1.0556830574516337e-07,2.7106030850089854e-07,1.0,1.0,30.833197604936434
52150,1.0177612894562403e-07,2.682917789198611e-07,1.0,1.0,30.832329607703215
52160,1.1220956782897223e-07,3.067967870189385e-07,1.0,1.0,30.832150015053703
52170,1.0209147296675877e-07,2.7031890199865734e-07,1.0,1.0,30.833326957802537
52180,1.2492645792670855e-07,2.859257468778806e-07,1.0,1.0,30.829275447440317
52190,9.693071308466068e-08,2.672300993223512e-07,1.0,1.0,30.828328629384824
52200,1.0931519606856327e-07,2.93391350336452e-07,1.0,1.0,30.829156219340522
52210,1.1283415221687683e-07,2.856798129763682e-07,1.0,1.0,30.83056979605028
52220,1.1012577362708744e-07,2.723624033662221e-07,1.0,1.0,30.83185623364548
52230,1.0813407060987281e-07,2.781213282035238e-07,1.0,1.0,30.831140104700808
52240,1.1866551589563177e-07,2.9285250958952066e-07,1.0,1.0,30.8293985764474
52250,1.1877623025181168e-07,2.7297180535467675e-07,1.0,1.0,30.83108388000381
52260,1.0756830246319335e-07,2.750185091499597e-07,1.0,1.0,30.83308709035052
52270,1.0450858512997238e-07,2.694819113689451e-07,1.0,1.0,30.83134316686218
52280,1.0176233621491187e-07,2.7172399088643996e-07,1.0,1.0,30.828578190309408
52290,9.902299369899088e-08,2.919817389269656e-07,1.0,1.0,30.82493548717723
52300,1.1911030799716807e-07,2.801554862437859e-07,1.0,1.0,30.825787621419213
52310,1.0701492586422138e-07,3.077687838672175e-07,1.0,1.0,30.82814139277283
52320,9.648430777471377e-08,2.685448860468654e-07,1.0,1.0,30.83138877948639
52330,1.1772896233757856e-07,3.0671227480182935e-07,1.0,1.0,30.82436215029377
52340,1.0457046094954245e-07,2.745801748653658e-07,1.0,1.0,30.8264953195215
52350,1.0741858215989451e-07,2.752183040550113e-07,1.0,1.0,30.829631805589322
52360,1.0600882024773689e-07,2.920744553877847e-07,1.0,1.0,30.829260117475005
52370,9.830729518813959e-08,2.8624880454049613e-07,1.0,1.0,30.82742164662261
52380,1.0951213084162214e-07,2.7682434407613534e-07,1.0,1.0,30.82812696151696
52390,1.127801830437364e-07,2.899134029101542e-07,1.0,1.0,30.824666016853037
52400,1.029630281078352e-07,2.6819186038129256e-07,1.0,1.0,30.82539116151753
52410,1.1363480831432999e-07,2.9706186013070185e-07,1.0,1.0,30.825167626725584
52420,1.1396394251758671e-07,2.822174542996007e-07,1.0,1.0,30.82348364736499
52430,9.690065118345964e-08,2.763229292344701e-07,1.0,1.0,30.828344013448607
52440,9.864304372485015e-08,2.789991330203541e-07,1.0,1.0,30.827496817719386
52450,1.2162754133958801e-07,2.9121064820525016e-07,1.0,1.0,30.826129122138333
52460,1.1270274705277061e-07,2.894320997180924e-07,1.0,1.0,30.825810505480405
52470,1.0115966174332022e-07,2.6162679473520375e-07,1.0,1.0,30.826419603525242
52480,1.22267630356633e-07,2.812370094579933e-07,1.0,1.0,30.825262998459547
52490,1.0813752472712849e-07,2.93132706386574e-07,1.0,1.0,30.82519766654197
52500,1.0196910259526306e-07,2.651799840805013e-07,1.0,1.0,30.824354078741013
52510,1.1439498658147065e-07,2.765636518016166e-07,1.0,1.0,30.821732854108735
52520,1.1053567546025596e-07,2.7415517016782366e-07,1.0,1.0,30.824271252159292
52530,1.108301539887676e-07,2.896062922109778e-07,1.0,1.0,30.823776932876424
52540,1.2421256836966987e-07,2.7265940109016804e-07,1.0,1.0,30.82040862911381
52550,1.0439977761755517e-07,2.787326147094637e-07,1.0,1.0,30.821676967074964
52560,1.0247127057123761e-07,2.7498007133366034e-07,1.0,1.0,30.824369559525305
52570,1.2023571423876717e-07,2.9039567936346073e-07,1.0,1.0,30.82356968193297
52580,1.0012316083038069e-07,2.610477714437006e-07,1.0,1.0,30.82459276738225
52590,1.0038113149561621e-07,2.688287194470316e-07,1.0,1.0,30.824433029696973
52600,1.2505742868740032e-07,2.970702558102682e-07,1.0,1.0,30.826618029869273
52610,1.1522519358610921e-07,2.8024696495360063e-07,1.0,1.0,30.83063924265053
52620,1.0517618896809609e-07,2.775388780928024e-07,1.0,1.0,30.825682255692268
52630,1.2502836192965877e-07,2.8366061997020875e-07,1.0,1.0,30.818943166029424
52640,1.0408638873797134e-07,2.8711935941962356e-07,1.0,1.0,30.818400023671447
52650,9.986891029313268e-08,2.8357558280503834e-07,1.0,1.0,30.819453208324777
52660,1.0240851909176987e-07,2.7749688608635736e-07,1.0,1.0,30.821181260083737
52670,1.1324213633935277e-07,2.8634278128378117e-07,1.0,1.0,30.81867568064031
52680,9.550272071345763e-08,2.702667483135935e-07,1.0,1.0,30.817888628319203
52690,1.0272812838379491e-07,2.9219637863060727e-07,1.0,1.0,30.816288801205427
52700,1.0575068340769201e-07,2.7147998538300696e-07,1.0,1.0,30.81615644968539
52710,1.0444050087392998e-07,2.7969717242129286e-07,1.0,1.0,30.81716888986835
52720,1.1626300353526774e-07,2.8180568495641917e-07,1.0,1.0,30.819380731136793
52730,1.1580949469951763e-07,2.736541369838378e-07,1.0,1.0,30.821569827341786
52740,1.0208988387363831e-07,2.7662275505051454e-07,1.0,1.0,30.81896309231249
52750,1.1129467943074966e-07,2.822106381686697e-07,1.0,1.0,30.815850567875835
52760,1.1232013091111743e-07,2.8094781388324487e-07,1.0,1.0,30.817596890491735
52770,1.0817689276148066e-07,2.8318309798441183e-07,1.0,1.0,30.816408122879984
52780,9.864491147535591e-08,3.003717040893793e-07,1.0,1.0,30.817656452109414
52790,1.0022418110100367e-07,2.7062589796451046e-07,1.0,1.0,30.819454114222577
52800,1.0279285268707333e-07,2.774229316972891e-07,1.0,1.0,30.816522655932406
52810,1.3084071136955858e-07,2.7267521175981685e-07,1.0,1.0,30.81431393772625
52820,1.0664607695855505e-07,2.9535981744519865e-07,1.0,1.0,30.816329121356727
52830,1.0218202402143122e-07,2.9898808808391667e-07,1.0,1.0,30.821230088733014
52840,1.2863423905580513e-07,2.7855101919857126e-07,1.0,1.0,30.815131940693277
52850,1.0871256520606148e-07,2.791870584181331e-07,1.0,1.0,30.814698694115844
52860,1.2300510959771789e-07,2.817257667736346e-07,1.0,1.0,30.81618140166698
52870,1.1204850519301815e-07,2.8636510199944743e-07,1.0,1.0,30.819173449096734
52880,1.1517722857163452e-07,2.8261055669140633e-07,1.0,1.0,30.816315135201894
52890,9.972764810204912e-08,2.7707924229651664e-07,1.0,1.0,30.81486813326612
52900,1.1496275774087124e-07,3.0082032847885847e-07,1.0,1.0,30.810069744776026
52910,1.1516244273410111e-07,2.679755343402364e-07,1.0,1.0,30.814881964885533
52920,1.0580088050896466e-07,2.727507127472454e-07,1.0,1.0,30.81528035563224
52930,1.1535634249646892e-07,2.7883213532386334e-07,1.0,1.0,30.813548431731796
52940,1.1472445413601191e-07,2.778398674642378e-07,1.0,1.0,30.812816515559167
52950,9.902477391790364e-08,2.841942258383266e-07,1.0,1.0,30.816270048647354
52960,1.0756315822675022e-07,2.6013889370155166e-07,1.0,1.0,30.815331164486146
52970,1.0431705528338143e-07,2.9633787816457315e-07,1.0,1.0,30.81706031419714
52980,1.0581178357650349e-07,2.644910305217966e-07,1.0,1.0,30.816751620668175
52990,1.0338228135537968e-07,2.7170526338913266e-07,1.0,1.0,30.812485293725338
53000,9.738829945113889e-08,2.742127432281441e-07,1.0,1.0,30.81234279081715
53010,1.204582501009414e-07,2.8297723972626617e-07,1.0,1.0,30.814393256997505
53020,1.0813675682353669e-07,2.752147718602654e-07,1.0,1.0,30.811741459582947
53030,1.0647309604762359e-07,2.8825729059016785e-07,1.0,1.0,30.809664390893378
53040,1.1491792279788318e-07,2.867667278740818e-07,1.0,1.0,30.811455209417222
53050,1.1657010714073988e-07,2.615297313180043e-07,1.0,1.0,30.81103265501936
53060,9.791699681360598e-08,2.754082768027027e-07,1.0,1.0,30.81003838994437
53070,1.0224307567871794e-07,2.9133915049419004e-07,1.0,1.0,30.809617567819497
53080,1.104436912041125e-07,2.835728357670073e-07,1.0,1.0,30.812010953783343
53090,1.191180070990921e-07,2.720589799256949e-07,1.0,1.0,30.813910494624285
53100,9.934272496919938e-08,2.639851794532775e-07,1.0,1.0,30.812629328421338
53110,1.1052002279495515e-07,2.794789632336767e-07,1.0,1.0,30.80761401893267
53120,1.1389689766801141e-07,2.639430066373717e-07,1.0,1.0,30.806947900121855
53130,1.0855385259130635e-07,2.7742380150491325e-07,1.0,1.0,30.80819547263472
53140,1.1319987953898465e-07,2.7131509551341956e-07,1.0,1.0,30.809533214088326
53150,1.0896592571943523e-07,2.8771019105561304e-07,1.0,1.0,30.811086331591444
53160,9.908457970433869e-08,2.9482541230313137e-07,1.0,1.0,30.80879598723281
53170,1.1396309709529365e-07,2.8927996509278657e-07,1.0,1.0,30.806864763717435
53180,1.0449225462910801e-07,2.723123991753617e-07,1.0,1.0,30.80610840292485
53190,1.0676415499144433e-07,2.6846561650905023e-07,1.0,1.0,30.808851626889986
53200,1.1993872517283637e-07,2.786418305147258e-07,1.0,1.0,30.808844438282364
53210,1.0247287130195629e-07,2.8137436537875464e-07,1.0,1.0,30.808758840159598
53220,1.0938313238191037e-07,2.9086028439607427e-07,1.0,1.0,30.80708965389037
53230,1.2783109197832556e-07,2.779889674307735e-07,1.0,1.0,30.80422245812686
53240,1.1242006910723036e-07,2.70074976177319e-07,1.0,1.0,30.80685317216771
53250,1.1336551683461748e-07,2.7644371747207273e-07,1.0,1.0,30.808780933861414
53260,1.1430562942519068e-07,2.7323733950269977e-07,1.0,1.0,30.810703492210468
53270,1.0562700817672797e-07,2.624413187800394e-07,1.0,1.0,30.81441599167826
53280,1.0879187466962448e-07,2.6785411748356064e-07,1.0,1.0,30.818107125800996
53290,1.1304331181496667e-07,2.6387901333578935e-07,1.0,1.0,30.812901725733223
53300,1.0578614391705563e-07,2.783878302175354e-07,1.0,1.0,30.80641303718391
53310,1.1337814442778486e-07,2.7438389976148104e-07,1.0,1.0,30.804183836639233
53320,1.0663824193996928e-07,2.73023904761513e-07,1.0,1.0,30.804881667722885
53330,1.0555732284323403e-07,2.9711572675656116e-07,1.0,1.0,30.804904008429983
53340,9.852769990685887e-08,2.841784470336951e-07,1.0,1.0,30.806705562327704
53350,1.1569988170368397e-07,2.704376707468173e-07,1.0,1.0,30.807769278839775
53360,1.0535430695177898e-07,2.7479829733614287e-07,1.0,1.0,30.809131796689375
53370,9.733504747577825e-08,2.861191426317938e-07,1.0,1.0,30.80470589311542
53380,1.1666664014902882e-07,2.825061321126941e-07,1.0,1.0,30.799440180512175
53390,1.0924450920838338e-07,2.861856966331284e-07,1.0,1.0,30.79899613608258
53400,1.1069871628118731e-07,2.8096301507528977e-07,1.0,1.0,30.80332872715588
53410,1.1220074138097446e-07,3.002553219131677e-07,1.0,1.0,30.80548789333329
53420,1.0226423710117153e-07,2.7025545058435437e-07,1.0,1.0,30.80469318870479
53430,9.047389543422066e-08,2.8859975267461005e-07,1.0,1.0,30.8054602103756
53440,1.0201470060019245e-07,2.6949598855940134e-07,1.0,1.0,30.804037275315505
53450,1.0532378976555043e-07,2.8933304230231303e-07,1.0,1.0,30.801333162340942
53460,1.0507326143767877e-07,2.6459738116573735e-07,1.0,1.0,30.80072902638182
53470,1.1755048416935773e-07,2.8379549893254025e-07,1.0,1.0,30.800241454211637
53480,1.1760071839336623e-07,2.722602325356389e-07,1.0,1.0,30.799807903571118
53490,1.1754303137388328e-07,2.984167168136659e-07,1.0,1.0,30.803419765824184
53500,1.0881064172084407e-07,2.6973040311782715e-07,1.0,1.0,30.80612521398175
53510,1.0764398232227773e-07,2.727953173259136e-07,1.0,1.0,30.804225140697287
53520,1.1338110599943716e-07,2.649048223257631e-07,1.0,1.0,30.799733084896893
53530,1.1997705923920136e-07,3.0914864091404763e-07,1.0,1.0,30.799471515545974
53540,1.0507897550248742e-07,2.898492942251453e-07,1.0,1.0,30.80049916809099
53550,1.0515065144744066e-07,2.7377816061843697e-07,1.0,1.0,30.80109112170736
53560,1.1373831754480068e-07,2.690127821828142e-07,1.0,1.0,30.80062239220709
53570,1.1412921945514338e-07,2.8954962952406805e-07,1.0,1.0,30.80074774859926
53580,1.0676497119931726e-07,2.7373688406838477e-07,1.0,1.0,30.803075073103493
53590,1.1689792198022162e-07,2.742138228605603e-07,1.0,1.0,30.79859147743385
53600,1.0610139714979971e-07,2.690780826901153e-07,1.0,1.0,30.799952290801716
53610,1.0039975380443098e-07,2.7418568909840567e-07,1.0,1.0,30.799002154306798
53620,1.214753655040218e-07,2.713628543030376e-07,1.0,1.0,30.794404846897006
53630,1.1218355933306457e-07,2.687490231056544e-07,1.0,1.0,30.796539707729544
53640,1.0625090287836213e-07,2.742793056969117e-07,1.0,1.0,30.798700639762366
53650,1.225592238800049e-07,2.848256989574984e-07,1.0,1.0,30.79875739697228
53660,1.0474629261201162e-07,2.70571439951296e-07,1.0,1.0,30.800303427415404
53670,9.538407306291768e-08,2.5931148843097455e-07,1.0,1.0,30.799427666926206
53680,1.0458238856077401e-07,2.741412522319721e-07,1.0,1.0,30.796994746340655
53690,1.0535794793517488e-07,2.809556204527298e-07,1.0,1.0,30.799762593615984
53700,1.0466568789943835e-07,2.695962436819875e-07,1.0,1.0,30.8055022800009
53710,1.0185728374705821e-07,2.626563394750877e-07,1.0,1.0,30.804082270896224
53720,1.1009201767437368e-07,2.674620323864412e-07,1.0,1.0,30.79950507144844
53730,1.0410484255730052e-07,3.071743336407311e-07,1.0,1.0,30.793758418425046
53740,1.1290530344089822e-07,2.740558761828815e-07,1.0,1.0,30.794295357183568
53750,1.154857998772759e-07,2.67093895995957e-07,1.0,1.0,30.798666596764694
53760,9.687110839295947e-08,2.553075422753503e-07,1.0,1.0,30.8013081240517
53770,1.0764107843834053e-07,2.916235149637729e-07,1.0,1.0,30.79947632297003
53780,1.1271210093623308e-07,2.7433859465259827e-07,1.0,1.0,30.797581444341848
53790,1.0727143755485853e-07,2.6395327209686895e-07,1.0,1.0,30.795412022078505
53800,1.0297410693771302e-07,2.703855181407625e-07,1.0,1.0,30.795584555300064
53810,1.1495089325060972e-07,2.726866509806448e-07,1.0,1.0,30.793107852697293
53820,1.1463724763789991e-07,2.8458611276871555e-07,1.0,1.0,30.79225955669595
53830,1.2111813958629078e-07,2.7522346241383675e-07,1.0,1.0,30.791749980285054
53840,1.081654123154869e-07,2.9015765860770794e-07,1.0,1.0,30.800123110986846
53850,1.0981608198863966e-07,2.505094337325082e-07,1.0,1.0,30.80084573653322
53860,1.231947863312895e-07,2.760065326708912e-07,1.0,1.0,30.794694342695614
53870,1.0435944019520693e-07,2.620422187003754e-07,1.0,1.0,30.79496514799306
53880,1.0600096954302575e-07,2.7708058581399426e-07,1.0,1.0,30.793974345351845
53890,1.0760082873285629e-07,2.7377161990253366e-07,1.0,1.0,30.793092949971815
53900,1.0108186306374283e-07,2.7082938042149405e-07,1.0,1.0,30.788080414341525
53910,1.1338778717600523e-07,2.9430912896479504e-07,1.0,1.0,30.788896281118912
53920,1.198097540144153e-07,2.8779147684761435e-07,1.0,1.0,30.792959430648107
53930,1.0332641127749322e-07,2.5321548131354916e-07,1.0,1.0,30.79749514101435
53940,1.1765635578060076e-07,2.9519921061559595e-07,1.0,1.0,30.79707410420304
53950,1.071049998188639e-07,2.6902826804397947e-07,1.0,1.0,30.795021124374088
53960,1.1454447264703207e-07,2.571546659310812e-07,1.0,1.0,30.792046595238155
53970,1.011679250636003e-07,2.6203579418523893e-07,1.0,1.0,30.791282924487334
53980,1.1282335922393325e-07,2.7248086751608096e-07,1.0,1.0,30.786343832897906
53990,1.09845830157587e-07,2.559865811479154e-07,1.0,1.0,30.788526074356586
54000,1.1743573370308463e-07,2.8901949311951745e-07,1.0,1.0,30.790526025470047
54010,1.1698504990034768e-07,2.6621986802657074e-07,1.0,1.0,30.78848632250159
54020,1.1057913566071511e-07,2.767541047011562e-07,1.0,1.0,30.786565875027215
54030,1.0777076154454111e-07,2.7591753682955776e-07,1.0,1.0,30.78668013266541
54040,1.2144609415829464e-07,2.6660391449472106e-07,1.0,1.0,30.786864139476492
54050,1.2050546190846974e-07,2.8179497214603967e-07,1.0,1.0,30.790714717289294
54060,1.0789729677332227e-07,2.722632108287696e-07,1.0,1.0,30.790298283961526
54070,1.1401311507663869e-07,2.716812472380196e-07,1.0,1.0,30.79098093106047
54080,1.0292732757628235e-07,2.722707115628725e-07,1.0,1.0,30.78865990626381
54090,9.296642717485156e-08,2.835787036219387e-07,1.0,1.0,30.789589451450894
54100,1.1276506683500723e-07,2.8383532910620854e-07,1.0,1.0,30.790188802617894
54110,1.040568694574188e-07,2.721486674721533e-07,1.0,1.0,30.785248573044697
54120,1.0650754461813787e-07,2.879430700515956e-07,1.0,1.0,30.78562515381017
54130,1.230015688504882e-07,2.660870625322201e-07,1.0,1.0,30.78520025707272
54140,1.173858482142331e-07,2.646158190813526e-07,1.0,1.0,30.786580044163237
54150,1.0541143156815179e-07,2.8306045284008007e-07,1.0,1.0,30.788263519286865
54160,1.0351695049284434e-07,2.698735838144628e-07,1.0,1.0,30.782624346480873
54170,1.125220924911999e-07,2.7884606733942136e-07,1.0,1.0,30.77971506529626
54180,1.0612515757460713e-07,2.785329074957732e-07,1.0,1.0,30.78176682097867
54190,1.0626547250729577e-07,2.775711641837617e-07,1.0,1.0,30.78327372685534
54200,1.1174481737172191e-07,2.701229052763637e-07,1.0,1.0,30.78604864766237
54210,1.0010425611928693e-07,2.729831433038601e-07,1.0,1.0,30.783963620916797
54220,1.1370409980995176e-07,2.85329920069161e-07,1.0,1.0,30.78240900572469
54230,9.791385507291984e-08,2.564247468386143e-07,1.0,1.0,30.784994292350927
54240,1.0265803337008392e-07,2.9802924099186227e-07,1.0,1.0,30.785876373203987
54250,1.0914161970344276e-07,2.8035958539845275e-07,1.0,1.0,30.78483501415376
54260,1.0672981310552589e-07,2.7925190484987076e-07,1.0,1.0,30.788191929029253
54270,1.1517124601356187e-07,2.5980956057059786e-07,1.0,1.0,30.78787871936805
54280,1.1306195082553046e-07,2.6662503602290424e-07,1.0,1.0,30.791863567789985
54290,9.710265766282768e-08,2.6689337215294284e-07,1.0,1.0,30.788649116468516
54300,1.1339395885820825e-07,2.8652682714152374e-07,1.0,1.0,30.787439585550757
54310,1.0753690845667171e-07,2.830557572574368e-07,1.0,1.0,30.787518892483504
54320,1.0613412645463421e-07,2.7359015333595347e-07,1.0,1.0,30.789681090621578
54330,1.1358392951410571e-07,2.6437537923430536e-07,1.0,1.0,30.78848219322544
54340,1.0554051256722677e-07,2.7093889267898984e-07,1.0,1.0,30.783410687614573
54350,1.1565856982874388e-07,2.6624309959949535e-07,1.0,1.0,30.783795372278103
54360,9.855725650443165e-08,2.7152534755918405e-07,1.0,1.0,30.788641278377114
54370,1.2272849774855723e-07,2.6267112643850405e-07,1.0,1.0,30.7872991545202
54380,1.0856344516940887e-07,2.62283060683853e-07,1.0,1.0,30.787926359794827
54390,9.444691946699811e-08,2.6589750169439015e-07,1.0,1.0,30.78690252852469
54400,1.2002742333087083e-07,2.5431454489495767e-07,1.0,1.0,30.78397669647919
54410,1.135632629946063e-07,2.6897527839087594e-07,1.0,1.0,30.78679901715594
54420,9.830455409171322e-08,2.6189807364820507e-07,1.0,1.0,30.78692119636181
54430,1.1578231081194143e-07,2.661806229383834e-07,1.0,1.0,30.784455326129702
54440,1.0430893951837315e-07,2.665650616409811e-07,1.0,1.0,30.786022015640658
54450,9.753079693957012e-08,2.7625272324719823e-07,1.0,1.0,30.782654499142463
54460,1.2320598215904935e-07,2.708301746206642e-07,1.0,1.0,30.782143322199122
54470,1.1789985214196277e-07,2.5943374359942697e-07,1.0,1.0,30.782334951277708
54480,1.1064498820606486e-07,2.652304664115381e-07,1.0,1.0,30.784961884655736
54490,1.2894339159453373e-07,2.6505552386718596e-07,1.0,1.0,30.77960941910484
54500,1.1573812022410063e-07,2.720565761104565e-07,1.0,1.0,30.78277914872937
54510,1.0183490948183709e-07,2.676186317438935e-07,1.0,1.0,30.782738467600485
54520,1.0826024585063468e-07,2.90543402571004e-07,1.0,1.0,30.77841324970155
54530,1.0175960265549061e-07,2.7116976053626375e-07,1.0,1.0,30.779715061962552
54540,1.0328267666214061e-07,2.863265661800229e-07,1.0,1.0,30.78219293335904
54550,1.1749099183465045e-07,2.6933469680092013e-07,1.0,1.0,30.78061499878687
54560,1.1026337980315317e-07,2.683950585616805e-07,1.0,1.0,30.778546253583215
54570,1.1015930207332744e-07,2.631296039881528e-07,1.0,1.0,30.777373537562298
54580,1.0997148431598597e-07,2.5850320847725074e-07,1.0,1.0,30.776438420813932
54590,1.293214888564776e-07,2.6998950423106863e-07,1.0,1.0,30.775594396615595
54600,9.34415688829151e-08,2.767071464962076e-07,1.0,1.0,30.779000141898464
54610,1.1758026615841123e-07,2.591736891038188e-07,1.0,1.0,30.778192049642595
54620,1.1377114486305329e-07,2.4716384889263946e-07,1.0,1.0,30.782496040525928
54630,1.0811211599157416e-07,3.094394062045491e-07,1.0,1.0,30.78283620499097
54640,1.0968843755656323e-07,2.811566264449183e-07,1.0,1.0,30.78192139883198
54650,1.1484072046464896e-07,2.620653302980846e-07,1.0,1.0,30.782511940371972
54660,9.839181983330165e-08,2.6363268616798483e-07,1.0,1.0,30.77716447432046
54670,1.2302058902947864e-07,2.6860364014857475e-07,1.0,1.0,30.774040539299442
54680,1.1678371495073492e-07,2.6431450307587334e-07,1.0,1.0,30.772422682694774
54690,1.0671894297552117e-07,3.245594160203953e-07,1.0,1.0,30.77414832422105
54700,1.0506761774786528e-07,2.6999232161661706e-07,1.0,1.0,30.77532582251936
54710,1.0943053793407924e-07,2.6182459823318436e-07,1.0,1.0,30.77974201865655
54720,1.0220921139649147e-07,2.6523385178918895e-07,1.0,1.0,30.784347156850043
54730,1.2252962093125113e-07,2.7500971948075034e-07,1.0,1.0,30.779509720092438
54740,1.0354262503786313e-07,2.679709496810524e-07,1.0,1.0,30.778509505500804
54750,1.062099781348647e-07,2.67874965830587e-07,1.0,1.0,30.773644956518282
54760,1.1004402199586545e-07,2.773461585642555e-07,1.0,1.0,30.769839318631824
54770,1.0903077014144753e-07,2.690497694424254e-07,1.0,1.0,30.768644046734497
54780,1.023019935496396e-07,2.6431969609730925e-07,1.0,1.0,30.7730634341165
54790,1.1211273134965984e-07,2.78520332779152e-07,1.0,1.0,30.778749169633354
54800,1.1259280764304786e-07,2.6227670431683675e-07,1.0,1.0,30.779883609224907
54810,9.788956581961979e-08,2.742848301212182e-07,1.0,1.0,30.781865959471354
54820,1.21070244198242e-07,2.757057966969603e-07,1.0,1.0,30.774183739673663
54830,1.1438134024028639e-07,2.70781987917933e-07,1.0,1.0,30.774473924973734
54840,1.0870556664153495e-07,2.6366839060627306e-07,1.0,1.0,30.7752017089834
54850,1.1889093606180518e-07,2.7167802901675405e-07,1.0,1.0,30.773938131963213
54860,1.030615391749461e-07,2.881124182794225e-07,1.0,1.0,30.777619475483014
54870,1.1458812783494095e-07,2.64923245432001e-07,1.0,1.0,30.7821338896957
54880,9.733083227758396e-08,2.725586311487359e-07,1.0,1.0,30.7808544802014
54890,1.033738320664385e-07,2.7845445459440915e-07,1.0,1.0,30.771389147824266
54900,1.0076577521572957e-07,2.6873388533522823e-07,1.0,1.0,30.766905186017595
54910,1.2067471706093893e-07,2.704174278449192e-07,1.0,1.0,30.766995928659348
54920,1.1132856520473688e-07,2.5904871593385883e-07,1.0,1.0,30.77210097521279
54930,9.730511228455184e-08,2.749450187742436e-07,1.0,1.0,30.774918829668387
54940,1.1842596650852035e-07,2.4884600857537035e-07,1.0,1.0,30.772470160567714
54950,9.979532679873304e-08,2.708857961177962e-07,1.0,1.0,30.77054421564715
54960,1.1600174119851e-07,2.976245103308577e-07,1.0,1.0,30.769112297844018
54970,1.1377026781793617e-07,2.534756697491192e-07,1.0,1.0,30.77466679847822
54980,1.0274571661617767e-07,2.6462783594628296e-07,1.0,1.0,30.772395544467596
54990,1.1250643753513178e-07,2.665929460928213e-07,1.0,1.0,30.769814853090097
55000,1.1789740731600238e-07,2.799872009782617e-07,1.0,1.0,30.769865306017916
55010,1.0500359855635255e-07,2.806855247360699e-07,1.0,1.0,30.770046194551732
55020,1.0440646872926663e-07,2.6635814259536013e-07,1.0,1.0,30.768860570973715
55030,1.232850955386395e-07,2.5898173875375864e-07,1.0,1.0,30.76958819126742
55040,1.0701794740368143e-07,2.7171785110134467e-07,1.0,1.0,30.771766284166443
55050,1.0283604511797951e-07,2.6083905068941255e-07,1.0,1.0,30.773941035101043
55060,1.3444431897833846e-07,2.7049436260163525e-07,1.0,1.0,30.772991491948012
55070,9.289260233149858e-08,2.6171436955423864e-07,1.0,1.0,30.77098213858755
55080,1.0206582931137335e-07,2.8490651059224604e-07,1.0,1.0,30.767605966465947
55090,1.2099473989330213e-07,2.7374619628970236e-07,1.0,1.0,30.769305493368655
55100,1.0807367973590693e-07,2.5594001231468565e-07,1.0,1.0,30.772815992100764
55110,1.170403936504283e-07,2.6468515011036395e-07,1.0,1.0,30.775495366395386
55120,1.0155128097646219e-07,2.864445602729049e-07,1.0,1.0,30.77478417923925
55130,1.1116754002490228e-07,2.5694290060927277e-07,1.0,1.0,30.768376642361286
55140,1.1273374102753698e-07,2.58379290710288e-07,1.0,1.0,30.768858368386287
55150,1.268523124369007e-07,2.8371592966766065e-07,1.0,1.0,30.76644835480798
55160,1.0093499515296232e-07,2.9672090789747295e-07,1.0,1.0,30.769847914901778
55170,1.0555242823456989e-07,2.6322069356574535e-07,1.0,1.0,30.771138582677377
55180,1.1134191780395241e-07,2.6229875210744707e-07,1.0,1.0,30.769147822160118
55190,1.0317012905229644e-07,2.6527919100671547e-07,1.0,1.0,30.766457523720284
55200,1.1050237929536285e-07,2.7921132279068075e-07,1.0,1.0,30.762841161931956
55210,1.0116434244022221e-07,2.6031140114093234e-07,1.0,1.0,30.76105498568132
55220,1.0966494921085139e-07,2.716026766224401e-07,1.0,1.0,30.76183653862158
55230,1.0538214646487549e-07,2.645204076888565e-07,1.0,1.0,30.764505704067844
55240,1.278623971134529e-07,3.006281105610944e-07,1.0,1.0,30.763344148245572
55250,9.426903021148279e-08,2.7068834095595404e-07,1.0,1.0,30.767198159365606
55260,1.1045261766877767e-07,2.650488449340199e-07,1.0,1.0,30.76599403826461
55270,1.1584844539369289e-07,2.7396764427681994e-07,1.0,1.0,30.759508670584722
55280,1.0925044598411749e-07,2.7276689221507424e-07,1.0,1.0,30.764269484373347
55290,1.0372585355996694e-07,2.5158553538362524e-07,1.0,1.0,30.767036966776516
55300,1.1814824933929965e-07,2.7285900681126774e-07,1.0,1.0,30.763927493025925
55310,1.100648699636141e-07,2.6398114640283763e-07,1.0,1.0,30.763369346526723
55320,1.0564484645069868e-07,2.6815412974949787e-07,1.0,1.0,30.761936802867403
55330,1.171289840058341e-07,2.8266894612874474e-07,1.0,1.0,30.761990823118737
55340,1.1006917097001775e-07,2.6026117209031165e-07,1.0,1.0,30.764346044732925
55350,1.0737224029692125e-07,2.6501192783155603e-07,1.0,1.0,30.76430827338019
55360,1.0855475358298825e-07,2.922317823920732e-07,1.0,1.0,30.76338639158844
55370,1.0230772579348751e-07,2.646234639929284e-07,1.0,1.0,30.762051642546126
55380,1.0165436324334964e-07,2.5909024819320644e-07,1.0,1.0,30.760426681188317
55390,1.1277090939898993e-07,2.7955986783722377e-07,1.0,1.0,30.758736808883462
55400,1.0810917361136049e-07,2.828608635183564e-07,1.0,1.0,30.759927928186197
55410,1.0016920543198192e-07,2.699064341633011e-07,1.0,1.0,30.76265672031527
55420,1.1439945521448857e-07,2.6394168457756163e-07,1.0,1.0,30.763432294860692
55430,1.1391408992373514e-07,2.7239115027436414e-07,1.0,1.0,30.763832668240063
55440,9.324512500206758e-08,2.7080327654574866e-07,1.0,1.0,30.761773483479676
55450,1.1380919385300729e-07,2.7172869593408447e-07,1.0,1.0,30.75921859342642
55460,9.485862105010355e-08,2.6749421770734225e-07,1.0,1.0,30.760248665180082
55470,1.1201162815761832e-07,2.828194999497566e-07,1.0,1.0,30.75901945359485
55480,1.0429970192711388e-07,2.5673840486480353e-07,1.0,1.0,30.754227408736067
55490,1.1046235696186609e-07,2.7057205642125846e-07,1.0,1.0,30.759346703822033
55500,1.1215451911343664e-07,2.7601713378301074e-07,1.0,1.0,30.761825405470702
55510,1.1189157460520836e-07,2.706272551443972e-07,1.0,1.0,30.759950193364332
55520,9.378425360809614e-08,2.7815258568006893e-07,1.0,1.0,30.76057713731411
55530,1.0530150447826266e-07,2.582764015180466e-07,1.0,1.0,30.759288575573784
55540,1.2825263879823343e-07,2.8275405773649966e-07,1.0,1.0,30.756519855808023
55550,1.1040472978205674e-07,2.809300485390078e-07,1.0,1.0,30.756615211737287
55560,1.097267514795638e-07,2.6246823503495064e-07,1.0,1.0,30.75626554842524
55570,1.120761935814272e-07,2.7356032708788374e-07,1.0,1.0,30.75322479962049
55580,1.1558147642537591e-07,2.8268801546344084e-07,1.0,1.0,30.75635496759911
55590,1.0412845642707223e-07,2.5688019473152393e-07,1.0,1.0,30.759772234840284
55600,1.0427679061621976e-07,2.7059796467801173e-07,1.0,1.0,30.759915917049227
55610,1.0680617220206103e-07,2.5939798511161105e-07,1.0,1.0,30.756418087036757
55620,9.33735393794046e-08,2.6878241507627804e-07,1.0,1.0,30.75262505720027
55630,1.0504146005812289e-07,2.885658023923933e-07,1.0,1.0,30.74917615767253
55640,1.0725860114942959e-07,2.778756888129925e-07,1.0,1.0,30.752097843630207
55650,1.1135818959810244e-07,2.685344577912494e-07,1.0,1.0,30.757942623645587
55660,1.2108016319379834e-07,2.689832289728083e-07,1.0,1.0,30.757491965859767
55670,1.1417864245417731e-07,2.6584097864877425e-07,1.0,1.0,30.759797672491295
55680,1.0155205503906122e-07,4.106473831300303e-07,1.0,1.0,30.760977982203272
55690,1.1061919691399186e-07,2.562600720768352e-07,1.0,1.0,30.7694383032787
55700,9.96129440779049e-08,2.7170187409178814e-07,1.0,1.0,30.770887025241414
55710,1.124585891884068e-07,2.606133987219556e-07,1.0,1.0,30.766535654871248
55720,1.002436412602101e-07,2.633819959669405e-07,1.0,1.0,30.76256722471355
55730,1.1028019162984607e-07,2.6488933532364706e-07,1.0,1.0,30.75652693256631
55740,9.965578858869225e-08,2.5686073671774343e-07,1.0,1.0,30.75312961747674
55750,1.0963902027878497e-07,3.0154219980621805e-07,1.0,1.0,30.750738465927373
55760,1.0910229519598003e-07,2.757892608860634e-07,1.0,1.0,30.75435696614591
55770,9.743556416445892e-08,2.6917821451737907e-07,1.0,1.0,30.753736165382
55780,1.1089503927028367e-07,2.6754025479533434e-07,1.0,1.0,30.749116914027308
55790,1.022894578861326e-07,2.7740630487532775e-07,1.0,1.0,30.750895485932805
55800,1.1100633322259017e-07,2.628001028324213e-07,1.0,1.0,30.75163893503106
55810,1.1494774810988274e-07,2.7172394523378323e-07,1.0,1.0,30.750575275842557
55820,1.193580577547125e-07,2.4966248816073477e-07,1.0,1.0,30.752904826196627
55830,1.0459668010403998e-07,2.845526407637271e-07,1.0,1.0,30.75484860719845
55840,1.2155479400926694e-07,2.7154542631268396e-07,1.0,1.0,30.75635515610176
55850,1.0920594099339035e-07,2.759753703507542e-07,1.0,1.0,30.753681604560327
55860,1.300860186134355e-07,3.010867182776617e-07,1.0,1.0,30.750690535332993
55870,1.2058217357375133e-07,2.595652672346319e-07,1.0,1.0,30.756622138068508
55880,1.0906444204024855e-07,2.6237564429752384e-07,1.0,1.0,30.753285564972405
55890,1.0747468980586497e-07,2.6595839713608467e-07,1.0,1.0,30.754660544809028
55900,1.1307739682555281e-07,2.619639620374916e-07,1.0,1.0,30.75644795091331
55910,1.0846059832340558e-07,2.620748995089641e-07,1.0,1.0,30.753854332204227
55920,9.593516058747181e-08,2.7124076552336504e-07,1.0,1.0,30.74857595888099
55930,1.1231659464462019e-07,2.6738800642098727e-07,1.0,1.0,30.744540959680215
55940,1.0969553079836742e-07,2.58535590182622e-07,1.0,1.0,30.747867255738853
55950,9.778277250141587e-08,2.550388891732698e-07,1.0,1.0,30.750082985160972
55960,1.140427423756902e-07,2.836380720528621e-07,1.0,1.0,30.75157592076749
55970,1.0735072797799672e-07,2.7731863715127757e-07,1.0,1.0,30.751785084521366
55980,1.1115220119330626e-07,2.6820945342632605e-07,1.0,1.0,30.75249081513949
55990,1.188138469742527e-07,2.5358821878264794e-07,1.0,1.0,30.75337049606161
56000,1.1822434290723383e-07,2.879948425368966e-07,1.0,1.0,30.753369284768883
56010,1.1203582823249004e-07,2.6425995480926063e-07,1.0,1.0,30.754646906016287
56020,1.1921989728746655e-07,2.6652186275795484e-07,1.0,1.0,30.7498382542585
56030,1.1453400004653595e-07,2.678768329089366e-07,1.0,1.0,30.75242381717872
56040,1.0535864637131535e-07,2.95371277516127e-07,1.0,1.0,30.75541873892272
56050,1.1963326157246048e-07,2.682044159562013e-07,1.0,1.0,30.75467457767597
56060,1.0889673713347278e-07,2.6353086361791417e-07,1.0,1.0,30.75630971380648
56070,9.978957497989499e-08,2.780569548933138e-07,1.0,1.0,30.75009652554163
56080,1.1297740000055461e-07,2.562791899537811e-07,1.0,1.0,30.742096570697733
56090,1.1445651927054107e-07,2.958671174029003e-07,1.0,1.0,30.74588275682943
56100,9.648799439323203e-08,2.6463357347786285e-07,1.0,1.0,30.748860130101292
56110,1.2060568377289793e-07,2.6045353939370976e-07,1.0,1.0,30.74495515501908
56120,1.007977464470877e-07,2.813685836692376e-07,1.0,1.0,30.745703970133654
56130,1.0727988012536105e-07,2.99579955048142e-07,1.0,1.0,30.74752087396953
56140,1.2001202837049875e-07,2.843939571556841e-07,1.0,1.0,30.751460845853465
56150,1.0357539842392007e-07,2.6050429065070313e-07,1.0,1.0,30.753727571078134
56160,9.460542721077751e-08,2.7022220452036944e-07,1.0,1.0,30.751646256805568
56170,1.1887643780948101e-07,2.6097890900991707e-07,1.0,1.0,30.74534922134865
56180,1.0707150633875259e-07,2.6174672001647197e-07,1.0,1.0,30.7477570108439
56190,1.11488375055224e-07,2.693528452439427e-07,1.0,1.0,30.74856091556385
56200,1.2221644120621388e-07,2.518564574649308e-07,1.0,1.0,30.746620310458873
56210,1.0617613864395722e-07,2.6395125652844436e-07,1.0,1.0,30.744952673510422
56220,1.0189284262537765e-07,2.5844793351108963e-07,1.0,1.0,30.744145676487378
56230,1.2745325583909275e-07,2.7035780703996813e-07,1.0,1.0,30.744839640894412
56240,1.1315814067033833e-07,2.7570592244871036e-07,1.0,1.0,30.745257876489074
56250,1.1251242053897889e-07,2.646980972179836e-07,1.0,1.0,30.74630937817216
56260,1.2244130491124635e-07,2.696582304670493e-07,1.0,1.0,30.74729735016894
56270,1.1475952612430291e-07,2.5663538574473925e-07,1.0,1.0,30.74862365148954
56280,1.0221958031948146e-07,2.8958145786439074e-07,1.0,1.0,30.748474911687985
56290,1.0554205965678928e-07,2.605647207867669e-07,1.0,1.0,30.74497205313182
56300,1.0234530673864785e-07,2.665618831510206e-07,1.0,1.0,30.744416424526698
56310,1.0697255118135826e-07,2.627455553829967e-07,1.0,1.0,30.743598709276455
56320,1.0241032145314893e-07,2.761843554192094e-07,1.0,1.0,30.7412802668789
56330,1.0819459781595862e-07,2.8104377906058374e-07,1.0,1.0,30.742062153963087
56340,1.0007610343538236e-07,2.6971129305275414e-07,1.0,1.0,30.74336495338854
56350,1.0506150737974368e-07,2.639699467260967e-07,1.0,1.0,30.739981216811636
56360,1.047204356136744e-07,2.7259185234477976e-07,1.0,1.0,30.739693629273283
56370,1.0335431240538591e-07,2.731520625636972e-07,1.0,1.0,30.73971865739451
56380,1.238979044952088e-07,2.709286859342246e-07,1.0,1.0,30.745176034326615
56390,9.419628885591544e-08,2.6478492643073753e-07,1.0,1.0,30.748318794759246
56400,1.0112272382294345e-07,2.611035269118167e-07,1.0,1.0,30.742996672297746
56410,1.1165761165471576e-07,2.6898451210519564e-07,1.0,1.0,30.737933008189927
56420,1.0116702924437208e-07,2.6982786866105826e-07,1.0,1.0,30.738824063882696
56430,1.0574730434843855e-07,2.7674687874688034e-07,1.0,1.0,30.739655970433564
56440,1.0673001359767816e-07,2.660998782794002e-07,1.0,1.0,30.7408268518717
56450,1.0281290205811353e-07,2.740846305616914e-07,1.0,1.0,30.74274606459053
56460,1.0963438108508186e-07,2.6301858874628806e-07,1.0,1.0,30.740406459170384
56470,1.2768874016244706e-07,2.6110578239148294e-07,1.0,1.0,30.739813008573755
56480,1.0534581127542017e-07,2.9945366522673336e-07,1.0,1.0,30.74519371043327
56490,1.031724932839255e-07,2.720038724547003e-07,1.0,1.0,30.74732178222574
56500,1.0715525185526584e-07,2.576636288942892e-07,1.0,1.0,30.74752489340267
56510,1.0134767441430226e-07,2.8581376671224893e-07,1.0,1.0,30.744068524334487
56520,1.1481556726658148e-07,2.896166128904794e-07,1.0,1.0,30.740911672152084
56530,1.2008379127142484e-07,2.58070606073374e-07,1.0,1.0,30.7395787694079
56540,1.0550203563428092e-07,2.678965165017805e-07,1.0,1.0,30.74040163421038
56550,9.453415881241723e-08,2.9014278612076405e-07,1.0,1.0,30.742390943245162
56560,1.1576053947243547e-07,2.747988954435631e-07,1.0,1.0,30.742688916235846
56570,1.0596402720718639e-07,2.568456792677575e-07,1.0,1.0,30.74342751544383
56580,1.0919086421692863e-07,2.656563042448164e-07,1.0,1.0,30.746355591182784
56590,1.0905433975845534e-07,2.8070673770777845e-07,1.0,1.0,30.74064505794687
56600,9.621235349829103e-08,2.573867608568762e-07,1.0,1.0,30.736967518667118
56610,1.0408150661129484e-07,2.6305601004054133e-07,1.0,1.0,30.73742768010575
56620,1.204860143113453e-07,2.859587253341479e-07,1.0,1.0,30.73944457885277
56630,1.2052611122328462e-07,2.65995760867124e-07,1.0,1.0,30.74142389859357
56640,1.2335089434755098e-07,2.722133282335547e-07,1.0,1.0,30.740668212830922
56650,1.2341044957564436e-07,2.583491152071963e-07,1.0,1.0,30.740022453748086
56660,9.822350915572551e-08,2.822450683717571e-07,1.0,1.0,30.742253907002354
56670,1.0029159482570536e-07,2.710035136035066e-07,1.0,1.0,30.739742170782144
56680,1.1682524888585531e-07,2.7976130659409026e-07,1.0,1.0,30.7365430584952
56690,1.1029939192345916e-07,2.726764793735807e-07,1.0,1.0,30.735630886862136
56700,1.0920637987984566e-07,2.6594548279864893e-07,1.0,1.0,30.737336436463266
56710,1.1245267727433208e-07,2.776713490018825e-07,1.0,1.0,30.73685205088907
56720,1.078736171071663e-07,2.564626711421859e-07,1.0,1.0,30.739811482755073
56730,1.065380785976912e-07,3.224951354206554e-07,1.0,1.0,30.73793243660743
56740,1.1197972475888558e-07,2.706660512393746e-07,1.0,1.0,30.73926857241663
56750,1.0256399010228497e-07,2.711394807398966e-07,1.0,1.0,30.74236696326246
56760,1.039899203012008e-07,2.540680009930316e-07,1.0,1.0,30.741827250921112
56770,1.0786368513859605e-07,2.629901814693642e-07,1.0,1.0,30.73578318093984
56780,1.1535050902589928e-07,2.4969475459149904e-07,1.0,1.0,30.73177925418416
56790,1.0612239924228658e-07,2.750187775816208e-07,1.0,1.0,30.735187005606807
56800,1.067498799874919e-07,2.7646720740226957e-07,1.0,1.0,30.734190024051163
56810,1.1839475030402546e-07,2.585799750659109e-07,1.0,1.0,30.734545005212876
56820,1.0481500746891102e-07,2.673428447733898e-07,1.0,1.0,30.73863838929043
56830,1.030084325371698e-07,2.612466603362998e-07,1.0,1.0,30.738910867648137
56840,1.0617946676028584e-07,2.6150831930857803e-07,1.0,1.0,30.734880908259957
56850,1.1937479761235548e-07,2.666690687008495e-07,1.0,1.0,30.73540066971955
56860,1.0997109244937863e-07,2.689423147800923e-07,1.0,1.0,30.73742214847289
56870,9.740518920975759e-08,2.6614742310222397e-07,1.0,1.0,30.73961165696732
56880,9.543444584940499e-08,2.596759857432725e-07,1.0,1.0,30.73567788032038
56890,1.040774512207795e-07,2.828022867102954e-07,1.0,1.0,30.731221295635628
56900,1.0028974382241154e-07,2.8071965199177504e-07,1.0,1.0,30.73149077369683
56910,1.0132415107690749e-07,2.6734160780101965e-07,1.0,1.0,30.732813327177002
56920,1.1265886879140354e-07,2.628685107774867e-07,1.0,1.0,30.73507619904932
56930,1.0692473471709688e-07,2.7063379859378036e-07,1.0,1.0,30.735560515861934
56940,1.0749186971121497e-07,2.67817209418241e-07,1.0,1.0,30.7317809375173
56950,1.3057524396600825e-07,2.7686535989598316e-07,1.0,1.0,30.730973909841524
56960,1.1063622727447731e-07,2.573090462310641e-07,1.0,1.0,30.73212591649598
56970,1.0489905571176736e-07,3.117333760248774e-07,1.0,1.0,30.73559887932235
56980,1.1707633865532017e-07,2.7753756016957486e-07,1.0,1.0,30.73640872725522
56990,1.1191844218039902e-07,2.6250631099837094e-07,1.0,1.0,30.7369943283386
57000,9.490062208900126e-08,2.455189826421021e-07,1.0,1.0,30.73641087953976
57010,1.10488439912337e-07,2.814749565212522e-07,1.0,1.0,30.728441020204315
57020,1.1078140676001205e-07,2.821994439973342e-07,1.0,1.0,30.7295403892961
57030,1.0995056679887861e-07,2.5882356289779467e-07,1.0,1.0,30.731687534585078
57040,1.1236346751266211e-07,2.604535610839658e-07,1.0,1.0,30.72938837326996
57050,1.0738523747262927e-07,2.737686418821539e-07,1.0,1.0,30.73297157009576
57060,1.0884227084519489e-07,2.5780377194359276e-07,1.0,1.0,30.73204379314258
57070,1.160911969225231e-07,2.6683352208942993e-07,1.0,1.0,30.72672153955389
57080,1.0420748802742792e-07,2.8588259777600184e-07,1.0,1.0,30.727764308073677
57090,1.061227211771815e-07,2.7807547398789426e-07,1.0,1.0,30.731059360129844
57100,1.1829848801750218e-07,2.903689776638801e-07,1.0,1.0,30.73322325918045
57110,1.1735149115237167e-07,2.677249712803003e-07,1.0,1.0,30.731128346201118
57120,1.114231466659988e-07,2.7824236938538204e-07,1.0,1.0,30.73069401243671
57130,9.828586019384072e-08,2.64088493353368e-07,1.0,1.0,30.730594776732193
57140,1.1468255911006894e-07,2.960865571598526e-07,1.0,1.0,30.732608897074012
57150,1.1604179367040108e-07,2.57492951951271e-07,1.0,1.0,30.733757700920986
57160,1.1628676666326151e-07,2.794285212761444e-07,1.0,1.0,30.732075371190213
57170,1.0416316718480152e-07,2.661974027690614e-07,1.0,1.0,30.731607161432976
57180,1.0821785405867505e-07,2.913860291029963e-07,1.0,1.0,30.729284968096536
57190,1.3410043797177063e-07,2.693224477778987e-07,1.0,1.0,30.73110194773488
57200,1.0719956868260034e-07,3.5076260386975214e-07,1.0,1.0,30.732943408323642
57210,1.0545802040231775e-07,2.7310611822503314e-07,1.0,1.0,30.734540180837783
57220,1.212607490328676e-07,2.528262955472435e-07,1.0,1.0,30.735536119044216
57230,1.0845134882245224e-07,2.627553360413907e-07,1.0,1.0,30.73360545035103
57240,1.1049209950988089e-07,3.3063555162283514e-07,1.0,1.0,30.731505604551273
57250,1.2369999974777257e-07,2.482117711435233e-07,1.0,1.0,30.732928178602
57260,1.0368961108229625e-07,2.788946946330933e-07,1.0,1.0,30.738411921982298
57270,9.896501945866932e-08,2.45810382111562e-07,1.0,1.0,30.735940327222945
57280,1.1758214092974e-07,2.6506021237748706e-07,1.0,1.0,30.72747900395044
57290,1.1698911136323709e-07,2.8530608544207025e-07,1.0,1.0,30.727009118731406
57300,9.164790401473057e-08,2.564167304515302e-07,1.0,1.0,30.728254073082493
57310,1.1993722077460414e-07,2.698702523558608e-07,1.0,1.0,30.726074451245296
57320,1.0508952299313169e-07,2.6973578631514527e-07,1.0,1.0,30.727674377048075
57330,1.1640793779224303e-07,2.751878660594628e-07,1.0,1.0,30.725042374705012
57340,1.1168253171804411e-07,2.6918642414639137e-07,1.0,1.0,30.727667777756082
57350,1.110937323475926e-07,2.6655116112129733e-07,1.0,1.0,30.732390518191593
57360,1.128122427270566e-07,2.593224715679875e-07,1.0,1.0,30.73591095553017
57370,1.0819527433265778e-07,2.8223719570144186e-07,1.0,1.0,30.731769386305427
57380,1.0945318223212811e-07,2.6961956613190184e-07,1.0,1.0,30.73234494711925
57390,1.0066853239365186e-07,2.646700267938476e-07,1.0,1.0,30.72930654178251
57400,1.1088934010778661e-07,2.621158744202439e-07,1.0,1.0,30.72091915924573
57410,1.0037911311551477e-07,2.759547717015733e-07,1.0,1.0,30.72019146845358
57420,1.0297781306213285e-07,2.76514549605795e-07,1.0,1.0,30.725973869067875
57430,1.1548507060405404e-07,2.610039237070035e-07,1.0,1.0,30.728785907364138
57440,1.0935937125264861e-07,2.616649395964117e-07,1.0,1.0,30.726264412781024
57450,1.1372066250611842e-07,2.557608810741745e-07,1.0,1.0,30.724315403925374
57460,1.1533214269993873e-07,2.706872013227647e-07,1.0,1.0,30.722855066912363
57470,9.80693132316487e-08,2.569876481670877e-07,1.0,1.0,30.72365294910006
57480,9.937451372268125e-08,2.5553734942941764e-07,1.0,1.0,30.726260090565468
57490,1.2199542064763177e-07,3.0166479663090603e-07,1.0,1.0,30.730722634419557
57500,1.0787026619195445e-07,2.87514675374752e-07,1.0,1.0,30.742479097397382
57510,9.912689408397831e-08,2.52024412029143e-07,1.0,1.0,30.740607917926678
57520,1.1184122904708078e-07,2.7595199411043363e-07,1.0,1.0,30.732231557767857
57530,1.1304962782953484e-07,2.783592543732556e-07,1.0,1.0,30.727267664708254
57540,9.92292078778403e-08,2.727923457492585e-07,1.0,1.0,30.727426113119332
57550,1.1094229954269917e-07,2.75910130301981e-07,1.0,1.0,30.727363142148022
57560,1.131108087817297e-07,2.567350379973106e-07,1.0,1.0,30.72899213906078
57570,1.0333860427384418e-07,2.628380056819414e-07,1.0,1.0,30.72633735268533
57580,1.1423775472670166e-07,2.7406871878142005e-07,1.0,1.0,30.722836623152315
57590,1.049272899558421e-07,2.6655228210901926e-07,1.0,1.0,30.72376002017864
57600,1.0138002979018148e-07,2.7601208152564067e-07,1.0,1.0,30.72249124116354
57610,1.0666752877164824e-07,2.821532229702048e-07,1.0,1.0,30.72108733086307
57620,1.0284035973989542e-07,2.5551795066507564e-07,1.0,1.0,30.721460051132382
57630,1.1243204188347949e-07,2.569773349873363e-07,1.0,1.0,30.72529501972994
57640,1.1198548033917571e-07,2.6430191241590335e-07,1.0,1.0,30.725430067643224
57650,1.1248002799363498e-07,2.662934964849799e-07,1.0,1.0,30.725641773207574
57660,1.068185167778298e-07,2.655487662003536e-07,1.0,1.0,30.727554816449835
57670,9.250791837398858e-08,2.472431078016828e-07,1.0,1.0,30.72741079991491
57680,1.1635075056095188e-07,2.802791173803074e-07,1.0,1.0,30.721979416057376
57690,1.0429520443731699e-07,2.8282760810052646e-07,1.0,1.0,30.719781441010433
57700,1.2451702435565882e-07,2.654440923654046e-07,1.0,1.0,30.717649526323452
57710,1.331080035785043e-07,2.7059588518278643e-07,1.0,1.0,30.72875390964669
57720,1.0687737213563971e-07,2.4738534805017215e-07,1.0,1.0,30.736927189725503
57730,1.0011235184053614e-07,2.654686609296566e-07,1.0,1.0,30.735966067021728
57740,1.0524766225097145e-07,2.6662984663293195e-07,1.0,1.0,30.732885357363713
57750,1.0853625938811474e-07,2.753050441901505e-07,1.0,1.0,30.72633798372585
57760,1.1533537479739557e-07,2.7026610390767574e-07,1.0,1.0,30.71804911615745
57770,1.0887330205330071e-07,2.5620810177915706e-07,1.0,1.0,30.719662045057746
57780,1.0446135576667346e-07,2.6905083082829037e-07,1.0,1.0,30.718936166484962
57790,1.1522893525156607e-07,2.6866844457885745e-07,1.0,1.0,30.716139040744384
57800,1.1730169037136295e-07,2.672114701186819e-07,1.0,1.0,30.72016612175329
57810,9.957701296081255e-08,2.6562119790539634e-07,1.0,1.0,30.722292778154824
57820,1.1320476486166492e-07,2.82461765333943e-07,1.0,1.0,30.71927349571911
57830,1.010156534614651e-07,2.4856212012929827e-07,1.0,1.0,30.720852835935897
57840,1.0406773138502087e-07,2.759163025158007e-07,1.0,1.0,30.722651357615913
57850,1.149189273817e-07,2.7259446186372544e-07,1.0,1.0,30.719077303548673
57860,1.0592106585498286e-07,2.6868887404455573e-07,1.0,1.0,30.72240887109984
57870,1.0451587290051121e-07,2.721647810793881e-07,1.0,1.0,30.72467826611726
57880,1.3777076944416945e-07,2.670347626143878e-07,1.0,1.0,30.722668372183342
57890,1.0858655160993134e-07,2.5970258786645974e-07,1.0,1.0,30.71939554840875
57900,1.118183487965629e-07,2.621205352831655e-07,1.0,1.0,30.718690445325738
57910,1.2581710948686103e-07,2.709599891913914e-07,1.0,1.0,30.717322495126517
57920,1.1435885083031045e-07,2.591428208413375e-07,1.0,1.0,30.71863691630983
57930,9.830103731151839e-08,2.7554317942976406e-07,1.0,1.0,30.7196908257571
57940,1.1376410486167745e-07,2.5941665501470155e-07,1.0,1.0,30.718063288330246
57950,1.0434500436213405e-07,2.8607993508642876e-07,1.0,1.0,30.72120661853449
57960,9.970214362464784e-08,2.935962328543218e-07,1.0,1.0,30.720142476417863
57970,1.320730671309435e-07,2.6490872915856425e-07,1.0,1.0,30.7180405620117
57980,9.547448080288946e-08,2.8280075336057515e-07,1.0,1.0,30.71699729860564
57990,1.111247382668036e-07,2.540229041855289e-07,1.0,1.0,30.71711115446802
58000,1.059558823400802e-07,2.5784539471312425e-07,1.0,1.0,30.712093312928655
58010,1.0912428539627332e-07,2.718890492521462e-07,1.0,1.0,30.71430730791262
58020,1.204738785947232e-07,2.5927806886837125e-07,1.0,1.0,30.71707531416251
58030,1.3206695770031608e-07,2.681416457560696e-07,1.0,1.0,30.716237191640637
58040,1.1663596820135828e-07,2.5941589690009513e-07,1.0,1.0,30.716119983039963
58050,1.0069603240486039e-07,2.650254727185764e-07,1.0,1.0,30.71493026893478
58060,1.08162043576689e-07,2.922404377674122e-07,1.0,1.0,30.709881314666085
58070,1.0299334837845828e-07,2.592223163150757e-07,1.0,1.0,30.71248473558828
58080,9.871914657889041e-08,2.808508615632365e-07,1.0,1.0,30.716122113806723
58090,1.0717855361017952e-07,2.71346226144741e-07,1.0,1.0,30.716025003250984
58100,1.1985601015832266e-07,2.848229340506507e-07,1.0,1.0,30.71969961794872
58110,1.0948815389422836e-07,2.70908057997518e-07,1.0,1.0,30.719970594049975
58120,1.1628023442880704e-07,2.8995928819678925e-07,1.0,1.0,30.715283948366302
58130,9.735729713595655e-08,2.549736387410037e-07,1.0,1.0,30.71752365251658
58140,1.0874706680305735e-07,2.523579379445509e-07,1.0,1.0,30.717483232379173
58150,1.1297241170331334e-07,2.8103693229080967e-07,1.0,1.0,30.715549776447077
58160,1.0849251214514753e-07,2.5911759695775664e-07,1.0,1.0,30.72089380769206
58170,1.0359621255933979e-07,2.440905071242965e-07,1.0,1.0,30.722472021865098
58180,1.0734770463162305e-07,2.6009321016617626e-07,1.0,1.0,30.717963388311652
58190,1.0627861372749022e-07,2.821323556354581e-07,1.0,1.0,30.709870789571276
58200,1.0979312027404407e-07,2.7562975343068406e-07,1.0,1.0,30.70921009038384
58210,1.2287425203150272e-07,2.739039652515879e-07,1.0,1.0,30.709395437085174
58220,1.1782777071816835e-07,2.587567568408005e-07,1.0,1.0,30.713206549803306
58230,1.1086331959010664e-07,2.803646816457781e-07,1.0,1.0,30.717005491922905
58240,1.242378881327541e-07,2.8499723288798105e-07,1.0,1.0,30.717673278720074
58250,1.0984580673199114e-07,2.55783976511641e-07,1.0,1.0,30.718628870005357
58260,9.846828955362618e-08,3.204945026424253e-07,1.0,1.0,30.717018231460465
58270,1.3766666929141708e-07,2.59045150758411e-07,1.0,1.0,30.72009636107523
58280,9.465489102267892e-08,2.694863734240036e-07,1.0,1.0,30.723080330644688
58290,1.1073591989285479e-07,2.5227296078198395e-07,1.0,1.0,30.721494778919578
58300,1.0923761880467195e-07,2.596448126647548e-07,1.0,1.0,30.71723843975146
58310,1.0205750939970655e-07,2.4735401357293716e-07,1.0,1.0,30.718616374296936
58320,1.0578765559849998e-07,2.674396947944437e-07,1.0,1.0,30.72184739060684
58330,1.3146209781872172e-07,2.582765916230537e-07,1.0,1.0,30.71823154973338
58340,1.009315579708573e-07,2.5043269894356203e-07,1.0,1.0,30.719554832986088
58350,1.092879440854001e-07,2.5843085920439976e-07,1.0,1.0,30.72040648278526
58360,1.0103321450275615e-07,2.5967585950031057e-07,1.0,1.0,30.719193057555284
58370,1.1081468799320876e-07,2.6906716179761417e-07,1.0,1.0,30.712305749124063
58380,1.1838607311281435e-07,2.659130039288844e-07,1.0,1.0,30.71273817375953
58390,1.1809214673465943e-07,2.621110279141048e-07,1.0,1.0,30.715737022691734
58400,9.626823372493226e-08,2.666634889128867e-07,1.0,1.0,30.718966640668715
58410,1.1266108952328548e-07,2.5614932309281205e-07,1.0,1.0,30.719643485474727
58420,1.1726507590257952e-07,2.5495605350095956e-07,1.0,1.0,30.71542912957055
58430,9.856167844920565e-08,2.732015244296038e-07,1.0,1.0,30.710162450056494
58440,1.0563581358641693e-07,2.523522568211171e-07,1.0,1.0,30.709768733423854
58450,1.1170542377871751e-07,2.809277855892948e-07,1.0,1.0,30.70767524384517
58460,1.105842411315085e-07,2.735419236199985e-07,1.0,1.0,30.71199765206604
58470,9.768267689803193e-08,2.5571683542386357e-07,1.0,1.0,30.716848353187725
58480,1.1461443788268538e-07,2.5118068002956355e-07,1.0,1.0,30.718472299986534
58490,1.1217587420357597e-07,2.7013431155456313e-07,1.0,1.0,30.716480619921395
58500,1.0198263043857818e-07,2.626049846039119e-07,1.0,1.0,30.71280626456855
58510,1.072877631082179e-07,2.683138646771319e-07,1.0,1.0,30.708579234859382
58520,9.624247001092898e-08,2.9121358946532604e-07,1.0,1.0,30.712186267058517
58530,1.0779599794477222e-07,2.7352664946224426e-07,1.0,1.0,30.713850451452718
58540,9.71174714478594e-08,2.9562520024633334e-07,1.0,1.0,30.714405246867436
58550,1.0556199062189048e-07,2.746774580026082e-07,1.0,1.0,30.71827330007123
58560,1.2157318743874765e-07,2.7238360971801476e-07,1.0,1.0,30.71724343059483
58570,1.1353782698890591e-07,2.5997410814452414e-07,1.0,1.0,30.716084078607647
58580,1.017356580685341e-07,2.5774378118220344e-07,1.0,1.0,30.71608040248684
58590,1.0279670065799955e-07,2.739862584436317e-07,1.0,1.0,30.711892619187854
58600,1.0845859103184544e-07,2.569308061077037e-07,1.0,1.0,30.707702472431126
58610,1.0904576618027743e-07,2.573102991124365e-07,1.0,1.0,30.70922059088821
58620,1.0547544394016384e-07,2.6812688522350344e-07,1.0,1.0,30.712877393835523
58630,1.0963292624790137e-07,2.6004727345126957e-07,1.0,1.0,30.711896267402324
58640,1.0910523031283464e-07,2.588070010830994e-07,1.0,1.0,30.71202736137024
58650,1.0631817956837743e-07,2.517137449606834e-07,1.0,1.0,30.709838686625453
58660,1.2155605491759811e-07,2.7417097345368266e-07,1.0,1.0,30.710200039847287
58670,1.072761230600173e-07,2.503774451021595e-07,1.0,1.0,30.71446932135811
58680,1.0227381350756466e-07,2.579331460691023e-07,1.0,1.0,30.71544510717877
58690,1.1902006474756565e-07,2.6212085792474484e-07,1.0,1.0,30.71379800167079
58700,1.0466083607117413e-07,2.9043839691198524e-07,1.0,1.0,30.71573642717088
58710,1.002026948500267e-07,2.5909312242117217e-07,1.0,1.0,30.716664025913925
58720,1.1341979887851366e-07,2.7109897104767886e-07,1.0,1.0,30.713013001436543
58730,1.1443004088093769e-07,2.591054300401552e-07,1.0,1.0,30.717222986288462
58740,1.1811071276939479e-07,2.5116869306634864e-07,1.0,1.0,30.717114198310465
58750,1.086824942967997e-07,2.7187644536148364e-07,1.0,1.0,30.713908860176943
58760,1.0851508701923396e-07,2.68546018711322e-07,1.0,1.0,30.70928669497886
58770,1.1467139064828279e-07,2.805113631318434e-07,1.0,1.0,30.707569382691705
58780,1.352979927164761e-07,2.549799065337038e-07,1.0,1.0,30.71212413267511
58790,1.07473471946742e-07,2.725859622717744e-07,1.0,1.0,30.71576306257205
58800,1.0159310066919685e-07,2.5543058615447886e-07,1.0,1.0,30.71463436133136
58810,1.1671507280695142e-07,2.630378768717886e-07,1.0,1.0,30.71050026276029
58820,1.0747483612913416e-07,2.519516382952374e-07,1.0,1.0,30.7108294453167
58830,1.1202701022918097e-07,2.5264306871113533e-07,1.0,1.0,30.711564788856307
58840,1.0125650197552903e-07,2.7298279738874056e-07,1.0,1.0,30.70788733220945
58850,1.0685877538186933e-07,2.6343498297388745e-07,1.0,1.0,30.705341898196078
58860,1.0458156201010831e-07,2.6041055220531155e-07,1.0,1.0,30.70345323848455
58870,1.1406421979342772e-07,2.4799355826512595e-07,1.0,1.0,30.70798937468791
58880,1.050167414973612e-07,2.6084709395808627e-07,1.0,1.0,30.710073462078725
58890,1.0202360620543568e-07,2.690691741368762e-07,1.0,1.0,30.71214108136848
58900,9.935209189481739e-08,2.493940270317764e-07,1.0,1.0,30.709966235080064
58910,1.1936759290195447e-07,2.6564544742259146e-07,1.0,1.0,30.70708341127736
58920,1.0672172541099384e-07,2.6456397538378666e-07,1.0,1.0,30.706739051318408
58930,1.1042425234022171e-07,2.689529151345644e-07,1.0,1.0,30.70926010127246
58940,9.944755405683215e-08,2.563369064823452e-07,1.0,1.0,30.7138757649159
58950,9.922857573882558e-08,2.723284303651337e-07,1.0,1.0,30.712407760530926
58960,1.0839019399825118e-07,2.515682349329036e-07,1.0,1.0,30.70887954716915
58970,1.0110272371632836e-07,2.678996072170964e-07,1.0,1.0,30.70664749135469
58980,1.0116255725219789e-07,2.673420561375551e-07,1.0,1.0,30.70379025337154
58990,1.0880014548618084e-07,2.75094317703757e-07,1.0,1.0,30.702164797545688
59000,9.954409032454159e-08,2.6448537337398173e-07,1.0,1.0,30.706084853920082
59010,9.998181780114343e-08,2.938301867740333e-07,1.0,1.0,30.708862733258695
59020,1.321459747513185e-07,2.5758423077449315e-07,1.0,1.0,30.713350088034705
59030,1.05782490031837e-07,2.5083215737126345e-07,1.0,1.0,30.719762913208253
59040,9.602274885553268e-08,2.559500250792958e-07,1.0,1.0,30.716540442279637
59050,1.158932995674432e-07,2.659915879630002e-07,1.0,1.0,30.70465511452935
59060,1.2704266474379438e-07,2.716865711892968e-07,1.0,1.0,30.707997709298983
59070,1.0277475137384674e-07,2.685584159349991e-07,1.0,1.0,30.713753930195434
59080,1.0884061526584526e-07,2.782803791480905e-07,1.0,1.0,30.714674386675668
59090,9.815701513085264e-08,2.7026273482857245e-07,1.0,1.0,30.70942499571475
59100,1.0773007427156403e-07,2.549678855368471e-07,1.0,1.0,30.706477973936813
59110,1.2336236830991395e-07,2.5402126959198084e-07,1.0,1.0,30.701353153994013
59120,1.1633837463449089e-07,2.728263255815169e-07,1.0,1.0,30.704155059697158
59130,1.0714228576917538e-07,2.649751285456356e-07,1.0,1.0,30.704280860756665
59140,1.1960005617019767e-07,2.636984503002161e-07,1.0,1.0,30.702896996704283
59150,1.0722118587732318e-07,3.0456197702336524e-07,1.0,1.0,30.703645432187653
59160,1.0825699556321154e-07,2.6495768414010314e-07,1.0,1.0,30.70515673333086
59170,1.1033072679519563e-07,2.8174788570622473e-07,1.0,1.0,30.708744194432608
59180,1.0152691223326842e-07,2.532968950907249e-07,1.0,1.0,30.708989233797514
59190,1.1209814814379686e-07,2.6353973694303353e-07,1.0,1.0,30.706686964959296
59200,1.108425505852682e-07,2.7256120074284203e-07,1.0,1.0,30.705130670567044
59210,1.1054441371663309e-07,2.729712491283211e-07,1.0,1.0,30.71692380751328
59220,9.73788100920715e-08,2.851085939711912e-07,1.0,1.0,30.719633405962444
59230,1.1980570240092784e-07,2.710816908269618e-07,1.0,1.0,30.714127259416134
59240,1.0691896724464934e-07,2.7061811410955975e-07,1.0,1.0,30.709411451629062
59250,1.0460322969836363e-07,2.804635364550487e-07,1.0,1.0,30.705165046040797
59260,1.282267073608335e-07,2.596019571151537e-07,1.0,1.0,30.70288319224313
59270,1.1699301696226909e-07,2.612933345316014e-07,1.0,1.0,30.706735784966895
59280,1.0570729719676043e-07,2.5994766981456814e-07,1.0,1.0,30.711403246187167
59290,9.657455234469436e-08,2.5636478392763876e-07,1.0,1.0,30.711751990205624
59300,1.0270525345362006e-07,2.663535506115378e-07,1.0,1.0,30.70716479121316
59310,9.139508502071354e-08,2.729929616464283e-07,1.0,1.0,30.703982666157042
59320,1.2366728812827102e-07,2.778065082290157e-07,1.0,1.0,30.70210982861878
59330,1.075468423525158e-07,2.5615888590613426e-07,1.0,1.0,30.70211796518697
59340,9.538223452599109e-08,2.6428256173210625e-07,1.0,1.0,30.702548865172037
59350,1.1479456981216784e-07,2.5708382771185203e-07,1.0,1.0,30.70513396327105
59360,1.0947294403483163e-07,2.7150701513418023e-07,1.0,1.0,30.708823343264484
59370,1.074336811042605e-07,2.722958258881576e-07,1.0,1.0,30.706255783367837
59380,1.097284794251466e-07,2.6200007217801217e-07,1.0,1.0,30.705925310711145
59390,1.1733861200108744e-07,2.560171760423208e-07,1.0,1.0,30.701743491935883
59400,8.890255327889744e-08,2.6358358635407594e-07,1.0,1.0,30.700845602479095
59410,1.1828464258794616e-07,2.7697685700067695e-07,1.0,1.0,30.702093673704283
59420,1.0188488513608338e-07,2.786829872983786e-07,1.0,1.0,30.704495906427397
59430,9.985327816500771e-08,2.636258828068111e-07,1.0,1.0,30.705925709570682
59440,1.1670971307631077e-07,2.6660165228561446e-07,1.0,1.0,30.704338084515896
59450,1.0613433927642202e-07,2.695114427857702e-07,1.0,1.0,30.700391727216456
59460,1.2378265121593805e-07,2.56583265682952e-07,1.0,1.0,30.70004616742565
59470,1.1689789302383698e-07,3.0519958379150997e-07,1.0,1.0,30.703933062904053
59480,1.0561763713507122e-07,2.736837081913622e-07,1.0,1.0,30.71206304533064
59490,1.0274077628134615e-07,2.515024995480426e-07,1.0,1.0,30.71218340182479
59500,1.1030793894010248e-07,2.5741143076017424e-07,1.0,1.0,30.705457961904898
59510,1.1013300065658702e-07,2.671734975761426e-07,1.0,1.0,30.703803538047268
59520,1.1151803014867433e-07,2.6197715374955435e-07,1.0,1.0,30.70298618883384
59530,1.2901599916170607e-07,2.603407315959331e-07,1.0,1.0,30.705589219311808
59540,1.2838816034064025e-07,2.768162574227862e-07,1.0,1.0,30.709584249135208
59550,1.1755059199401171e-07,2.556953926347779e-07,1.0,1.0,30.707442118460317
59560,1.1526997377293844e-07,2.5506608587865714e-07,1.0,1.0,30.701422774933214
59570,9.801390499747104e-08,2.827672560496569e-07,1.0,1.0,30.700640179715542
59580,1.1002559947724673e-07,2.484172422486538e-07,1.0,1.0,30.702381552224217
59590,1.0503349634546706e-07,2.5220064625290975e-07,1.0,1.0,30.703053906168094
59600,1.0698506023459977e-07,2.7549889889627777e-07,1.0,1.0,30.702984575403775
59610,1.0091162778621125e-07,2.870192517875495e-07,1.0,1.0,30.70415346894297
59620,1.0830261565202053e-07,2.593467960630628e-07,1.0,1.0,30.70426929997355
59630,1.204752961389305e-07,2.60672739839948e-07,1.0,1.0,30.704268451117297
59640,1.0553659146210624e-07,2.6378826074146045e-07,1.0,1.0,30.70594517161154
59650,1.1125433975051261e-07,2.529660359890917e-07,1.0,1.0,30.70455427363894
59660,1.1285905556881544e-07,2.6463426706147704e-07,1.0,1.0,30.704177602112726
59670,9.82985711691985e-08,2.683489263405952e-07,1.0,1.0,30.703117491287056
59680,1.023097838175704e-07,2.5135623742912447e-07,1.0,1.0,30.703912946745945
59690,1.0841520381339031e-07,2.581849610235432e-07,1.0,1.0,30.70031314907432
59700,1.1084980314862244e-07,2.823728958173755e-07,1.0,1.0,30.70008123957049
59710,1.1032465262367012e-07,2.401118605405465e-07,1.0,1.0,30.69907886871054
59720,1.0753190914365844e-07,2.6302382933708905e-07,1.0,1.0,30.698808000472994
59730,1.0454723425473248e-07,2.8340440092859506e-07,1.0,1.0,30.700438775584857
59740,1.1577949328837001e-07,2.5276574390806333e-07,1.0,1.0,30.699206838571644
59750,1.089227534568029e-07,2.5210512809834175e-07,1.0,1.0,30.698581817334286
59760,1.0167179206639484e-07,2.558791560255179e-07,1.0,1.0,30.69966685216547
59770,1.1641736112823e-07,2.5935395971096554e-07,1.0,1.0,30.697424929171586
59780,1.1239811835718118e-07,2.653239718334786e-07,1.0,1.0,30.699189564493093
59790,1.0590715845625365e-07,2.497735375976583e-07,1.0,1.0,30.69979075559377
59800,1.0971902898552027e-07,2.5131187320501105e-07,1.0,1.0,30.69667134883485
59810,1.1804836602806344e-07,2.727714271252549e-07,1.0,1.0,30.696125566848114
59820,1.150327676568961e-07,2.520950588007531e-07,1.0,1.0,30.697843432475764
59830,1.147329929844978e-07,2.5730341850704305e-07,1.0,1.0,30.69501450823002
59840,1.0361304162392081e-07,2.631728427053503e-07,1.0,1.0,30.697599795681594
59850,1.0389885012982083e-07,2.890047995122513e-07,1.0,1.0,30.696213570030014
59860,1.194797390351673e-07,2.649853189741864e-07,1.0,1.0,30.69881245158113
59870,1.1007432916003626e-07,2.691544895480684e-07,1.0,1.0,30.704225507253085
59880,1.0374182314192485e-07,2.478839444905563e-07,1.0,1.0,30.7037156952699
59890,1.0150817210830629e-07,2.5842445143396077e-07,1.0,1.0,30.700924101023357
59900,1.0191259335326365e-07,2.592020342408872e-07,1.0,1.0,30.697111822393133
59910,1.1134090551343649e-07,2.5483768048301294e-07,1.0,1.0,30.69813919996126
59920,1.1296231521753815e-07,2.458466023811909e-07,1.0,1.0,30.700138295935453
59930,1.0919386754484382e-07,2.7841033312711747e-07,1.0,1.0,30.706695418561164
59940,1.0350531857324364e-07,2.4916735606614755e-07,1.0,1.0,30.701781155196432
59950,1.2984947668817953e-07,2.862668050016076e-07,1.0,1.0,30.693245852098777
59960,1.0864108660223739e-07,2.566525031516961e-07,1.0,1.0,30.69329090154847
59970,1.0676918616645527e-07,2.550624117351794e-07,1.0,1.0,30.693711190257265
59980,1.2840928107425227e-07,2.6263697781674095e-07,1.0,1.0,30.702356144454907
59990,1.0951900698858977e-07,2.686482242669088e-07,1.0,1.0,30.709015215225246
60000,9.718388410899983e-08,2.4542018661124303e-07,1.0,1.0,30.70680622851884
60010,1.1476226428895789e-07,2.794377578614337e-07,1.0,1.0,30.698732691104297
60020,1.206741041194841e-07,2.582804820363094e-07,1.0,1.0,30.69445279332616
60030,1.0077394489978089e-07,2.6070967434423355e-07,1.0,1.0,30.698749295341237
60040,1.2000049886450324e-07,2.589543412525151e-07,1.0,1.0,30.70232426682503
60050,9.651229723188528e-08,2.770416245465877e-07,1.0,1.0,30.706904330031943
60060,1.0394523625906837e-07,2.5274011007684664e-07,1.0,1.0,30.70694245687252
60070,1.106083566850708e-07,2.7732637818273603e-07,1.0,1.0,30.701899613042173
60080,1.0761472489293347e-07,2.5618226304695624e-07,1.0,1.0,30.700591901290426
60090,1.1504161941609043e-07,2.5356464852370906e-07,1.0,1.0,30.701935883963614
60100,1.0912097407463643e-07,2.7553621867243625e-07,1.0,1.0,30.698095317490065
60110,9.096685383721016e-08,2.580068170805666e-07,1.0,1.0,30.695190116720013
60120,1.1485734129620791e-07,2.689157141297661e-07,1.0,1.0,30.693532573494622
60130,1.198783239767012e-07,2.5866522415122943e-07,1.0,1.0,30.697509870633393
60140,1.0908492180033787e-07,2.746996478680695e-07,1.0,1.0,30.70153062764091
60150,1.0812895098208068e-07,2.5212046186177226e-07,1.0,1.0,30.700292434993678
60160,1.201046563129604e-07,2.6741177223167463e-07,1.0,1.0,30.69321108333465
60170,1.1310619310742946e-07,2.7783482179808525e-07,1.0,1.0,30.69332326758187
60180,1.0609321829501228e-07,2.4861241526376296e-07,1.0,1.0,30.695491119020996
60190,1.2139222163056652e-07,2.6269255631026826e-07,1.0,1.0,30.69703585926146
60200,1.0063158361913387e-07,2.517658387994644e-07,1.0,1.0,30.697731559099267
60210,1.0308475765683593e-07,2.550509934218315e-07,1.0,1.0,30.697050475868593
60220,1.2077554419176538e-07,2.512294118055437e-07,1.0,1.0,30.698927075182997
60230,1.0361237124148721e-07,2.681943924186759e-07,1.0,1.0,30.698559282078865
60240,1.0535787783621628e-07,2.603941223853022e-07,1.0,1.0,30.69849721387121
60250,1.2449439382239398e-07,2.464037463012551e-07,1.0,1.0,30.700784735600575
60260,9.980523772923214e-08,2.6725472413221416e-07,1.0,1.0,30.702333162396947
60270,9.428493119492661e-08,3.0562404127834006e-07,1.0,1.0,30.70354705638953
60280,1.2335042604422837e-07,2.5612822791197177e-07,1.0,1.0,30.70551339775079
60290,1.097008333430224e-07,2.502844766151395e-07,1.0,1.0,30.701214476486765
60300,1.1262370095226901e-07,2.546339780006337e-07,1.0,1.0,30.696746562305908
60310,1.1382611688673926e-07,2.855812638349202e-07,1.0,1.0,30.691171067372487
60320,1.16999835508982e-07,2.7323747307080785e-07,1.0,1.0,30.692325146829678
60330,1.0409538445449993e-07,2.5241092002631437e-07,1.0,1.0,30.69754942691718
60340,1.1291874347103171e-07,2.7612433802250326e-07,1.0,1.0,30.69697824926148
60350,1.0973532807395862e-07,2.648282725547451e-07,1.0,1.0,30.695852930847288
60360,9.997114488236144e-08,2.6621990690129355e-07,1.0,1.0,30.697251261118698
60370,1.1745358254434867e-07,2.5985209840658484e-07,1.0,1.0,30.694232903143142
60380,9.654197962078345e-08,2.574276206680451e-07,1.0,1.0,30.6947291129899
60390,1.1242644493745755e-07,2.626419553599655e-07,1.0,1.0,30.6938089459578
60400,1.0956403889298836e-07,2.696183487399964e-07,1.0,1.0,30.692751294996324
60410,1.1255341058444947e-07,2.602659641005149e-07,1.0,1.0,30.692523130008386
60420,1.1363222035443788e-07,2.6998090083724153e-07,1.0,1.0,30.6941188857849
60430,1.181175196264881e-07,2.983551009816111e-07,1.0,1.0,30.69305996740554
60440,1.0481374299198196e-07,2.4502233814930016e-07,1.0,1.0,30.69529826728371
60450,1.0167406680274525e-07,2.6323723917901333e-07,1.0,1.0,30.697089762634327
60460,1.2389383333001567e-07,2.7140943015611454e-07,1.0,1.0,30.696119060173334
60470,1.0811761199384384e-07,2.5514541426051165e-07,1.0,1.0,30.69759536301454
60480,1.0100745835919333e-07,2.6146205368102507e-07,1.0,1.0,30.69445227183543
60490,1.026073588789873e-07,2.60070634778133e-07,1.0,1.0,30.695973380374063
60500,1.0894416669362269e-07,2.626730604433579e-07,1.0,1.0,30.696192808498857
60510,9.640415063170749e-08,2.524335200878331e-07,1.0,1.0,30.69450516421804
60520,1.0934056280799133e-07,2.7610993848669104e-07,1.0,1.0,30.694128484189456
60530,1.0237973796608415e-07,2.744286068985795e-07,1.0,1.0,30.695851399802585
60540,1.1038667647036896e-07,2.4408875206794097e-07,1.0,1.0,30.693547808250983
60550,1.056778552618208e-07,2.7219437909902266e-07,1.0,1.0,30.69278625998484
60560,1.1663672441551208e-07,2.6274543142414846e-07,1.0,1.0,30.694998415486925
60570,1.072000533215832e-07,2.538592439283249e-07,1.0,1.0,30.701044256760873
60580,1.0211533101167515e-07,2.60244824929486e-07,1.0,1.0,30.69885837711654
60590,1.1508429525848446e-07,2.6061061192441396e-07,1.0,1.0,30.69278558024833
60600,9.982822778898795e-08,2.7108268751355605e-07,1.0,1.0,30.689611359693533
60610,1.1457821931577327e-07,2.8790860250467853e-07,1.0,1.0,30.688694355061898
60620,1.0464898313076062e-07,2.787703981415336e-07,1.0,1.0,30.693288865085187
60630,1.1415231227952639e-07,2.592359388674826e-07,1.0,1.0,30.698023677701638
60640,1.1949054485208736e-07,2.530619095708307e-07,1.0,1.0,30.695442934230808
60650,1.0806646885901394e-07,2.7194337757300763e-07,1.0,1.0,30.690469864638928
60660,1.0419468005428223e-07,2.645138649085077e-07,1.0,1.0,30.690932913378322
60670,1.1561190784191358e-07,2.812508594026492e-07,1.0,1.0,30.69280938840211
60680,1.0716972657408305e-07,2.6797315266515706e-07,1.0,1.0,30.695072917572272
60690,1.008068186549564e-07,2.5878969221112656e-07,1.0,1.0,30.69708092775668
60700,1.1894373974122964e-07,2.605011214011012e-07,1.0,1.0,30.69439304588474
60710,1.0005173349116461e-07,2.681193308336145e-07,1.0,1.0,30.690190316543415
60720,1.0718210656502348e-07,2.706574307513741e-07,1.0,1.0,30.68935996280641
60730,1.1322573168497859e-07,2.6941798098600386e-07,1.0,1.0,30.69195294626831
60740,1.03725237402622e-07,2.530649345685827e-07,1.0,1.0,30.691436591834705
60750,1.0556742718426639e-07,2.7774992613657025e-07,1.0,1.0,30.695929978871327
60760,1.2241340453702033e-07,2.603032318776395e-07,1.0,1.0,30.69672922881738
60770,1.0916976250103276e-07,2.4596802464315927e-07,1.0,1.0,30.696839589185302
60780,9.632720235805862e-08,2.648827436638218e-07,1.0,1.0,30.697912522920117
60790,1.118230387870105e-07,2.618486828622542e-07,1.0,1.0,30.69418901444598
60800,1.2026544412529583e-07,2.6639574218450073e-07,1.0,1.0,30.692360889249883
60810,1.039318525797139e-07,2.6188520315943096e-07,1.0,1.0,30.69177679503848
60820,1.0319576587636586e-07,2.760363219818597e-07,1.0,1.0,30.692537340077216
60830,1.0525720611810328e-07,2.740150856640486e-07,1.0,1.0,30.68962307851083
60840,1.047988711805611e-07,2.635856341845785e-07,1.0,1.0,30.689202037920527
60850,1.1386040639248582e-07,2.605687592658373e-07,1.0,1.0,30.690416402008015
60860,1.1666877462366236e-07,2.487401747970384e-07,1.0,1.0,30.693062415050242
60870,1.1646168029315361e-07,2.5841559063475595e-07,1.0,1.0,30.696774051064008
60880,1.2105283642363702e-07,2.520965188727258e-07,1.0,1.0,30.69219068906121
60890,1.0050696126753249e-07,2.6148547967687653e-07,1.0,1.0,30.694502953331277
60900,1.1021277631571801e-07,2.5865186444170787e-07,1.0,1.0,30.69890478442033
60910,1.2627059933381972e-07,2.837676285681401e-07,1.0,1.0,30.69655719728922
60920,9.94140072553027e-08,2.553371099979432e-07,1.0,1.0,30.69394781400699
60930,1.1441597568670516e-07,2.6147925955391417e-07,1.0,1.0,30.69014810342792
60940,1.0682869556672345e-07,2.6504191647729683e-07,1.0,1.0,30.688179533716983
60950,1.126890447501594e-07,2.5504470392452243e-07,1.0,1.0,30.687778790241126
60960,1.1375977532834364e-07,2.7968132806362025e-07,1.0,1.0,30.689268147308038
60970,1.0832294582110807e-07,2.695191963802195e-07,1.0,1.0,30.69086839188967
60980,1.1221611589888065e-07,2.639133119491876e-07,1.0,1.0,30.692013459969235
60990,1.084846157128728e-07,2.6550550615660464e-07,1.0,1.0,30.693143776012583
61000,1.1810587384544598e-07,2.7978659752317507e-07,1.0,1.0,30.693782358357492
61010,1.1709534336807848e-07,2.7706148873947365e-07,1.0,1.0,30.697689852230067
61020,1.0224046399018813e-07,2.7423214088122065e-07,1.0,1.0,30.69884237836834
61030,1.2463848787999547e-07,2.5834429775914247e-07,1.0,1.0,30.69710178762114
61040,1.1025115985171796e-07,2.550894875477454e-07,1.0,1.0,30.699380545975888
61050,1.0655024374739455e-07,2.7092206458736697e-07,1.0,1.0,30.698128686058215
61060,1.2104911616179312e-07,2.5352016049392583e-07,1.0,1.0,30.69152602649881
61070,1.0740725155940635e-07,2.6171315012094886e-07,1.0,1.0,30.693085007141633
61080,1.0104604998979532e-07,2.5536569979733996e-07,1.0,1.0,30.691470117069976
61090,1.1174085782734862e-07,2.6472933038366703e-07,1.0,1.0,30.688711983653185
61100,1.0837773999013e-07,2.5939195513954867e-07,1.0,1.0,30.691620560809756
61110,1.015551204835634e-07,2.5631270779219214e-07,1.0,1.0,30.692706146720568
61120,1.0520205789054642e-07,2.561391316590495e-07,1.0,1.0,30.69373591920688
61130,9.89519489429587e-08,2.563623519731877e-07,1.0,1.0,30.691888534027967
61140,1.0866859004623148e-07,2.567544865819856e-07,1.0,1.0,30.693864447932484
61150,1.1908371002711113e-07,2.4948667298558275e-07,1.0,1.0,30.69950922088163
61160,9.87223321750334e-08,2.7403402099204054e-07,1.0,1.0,30.698359438207483
61170,1.0358792980317097e-07,2.609218660998498e-07,1.0,1.0,30.69407174187119
61180,9.758450542306506e-08,2.484924083057806e-07,1.0,1.0,30.691526303244625
61190,1.1123857058393675e-07,2.597953958668842e-07,1.0,1.0,30.68864664951395
61200,9.686428402607035e-08,2.6187262332600073e-07,1.0,1.0,30.68484418092653
61210,1.204731629609738e-07,2.7169582835500123e-07,1.0,1.0,30.683612595412836
61220,1.1190718834676705e-07,3.5675690928357063e-07,1.0,1.0,30.69176396306706
61230,1.0569220491892066e-07,2.509165839659811e-07,1.0,1.0,30.69923871808321
61240,1.1129071947781498e-07,2.5618893792494704e-07,1.0,1.0,30.70125654877133
61250,9.77405824865871e-08,2.600472421959445e-07,1.0,1.0,30.697664588850692
61260,9.970709683337499e-08,2.871178844126893e-07,1.0,1.0,30.699486940218456
61270,1.045325349454959e-07,2.547661223473317e-07,1.0,1.0,30.69747813481141
61280,9.959572171470543e-08,2.607884637650545e-07,1.0,1.0,30.693306144944955
61290,1.0342868010885685e-07,2.5260971404975657e-07,1.0,1.0,30.687932517790113
61300,1.0284340364278353e-07,2.7281565867994474e-07,1.0,1.0,30.685989822307594
61310,1.0910531534814919e-07,2.709887697442508e-07,1.0,1.0,30.688367376026616
61320,9.849095660720946e-08,2.5466402921021794e-07,1.0,1.0,30.689664521684538
61330,1.1561053767070985e-07,2.595177106260599e-07,1.0,1.0,30.685131016276863
61340,1.046281219114484e-07,2.553258479704264e-07,1.0,1.0,30.68579404027799
61350,9.291349478368599e-08,2.550385421075918e-07,1.0,1.0,30.68817637491636
61360,1.1851607296297467e-07,2.5273059205664474e-07,1.0,1.0,30.685489554891955
61370,1.3118452982870327e-07,2.559859189561673e-07,1.0,1.0,30.68691594155381
61380,1.014816334424397e-07,2.6281700787603754e-07,1.0,1.0,30.690668705151428
61390,1.1691225182207002e-07,2.562425746176817e-07,1.0,1.0,30.68912094910099
61400,1.0924763088417871e-07,2.538801478583652e-07,1.0,1.0,30.69320794637236
61410,1.045327460833267e-07,2.5722826652097015e-07,1.0,1.0,30.693866423814963
61420,1.1315623299584174e-07,2.776863591385005e-07,1.0,1.0,30.69056360361538
61430,1.0421218269407295e-07,2.915530363596318e-07,1.0,1.0,30.688390857906136
61440,9.912047452920841e-08,2.826423583757062e-07,1.0,1.0,30.69335419655379
61450,9.924975394339328e-08,2.6068594462270124e-07,1.0,1.0,30.699604687906106
61460,1.0790050057127639e-07,2.5184495688256687e-07,1.0,1.0,30.701760500093954
61470,9.423779252963097e-08,2.431631683426424e-07,1.0,1.0,30.69942473551911
61480,9.891704475386012e-08,2.6014396588978824e-07,1.0,1.0,30.689562202470594
61490,1.0377389332599001e-07,2.5748380738583155e-07,1.0,1.0,30.685326414292984
61500,1.0511006162416418e-07,2.9551259459729726e-07,1.0,1.0,30.686394643336698
61510,1.2156742626398505e-07,2.687982806459352e-07,1.0,1.0,30.689903086671414
61520,1.094494022639354e-07,2.5027575629519463e-07,1.0,1.0,30.692652424218615
61530,9.588318952611561e-08,2.5766839944901737e-07,1.0,1.0,30.69208347795202
61540,1.2041641571160213e-07,2.6069362587653787e-07,1.0,1.0,30.687705377624127
61550,1.0659304373599339e-07,2.542029539338102e-07,1.0,1.0,30.68752991590507
61560,1.0134039882829543e-07,2.591866323746451e-07,1.0,1.0,30.68916642206973
61570,1.2785468093988772e-07,2.623580495919381e-07,1.0,1.0,30.693995475399046
61580,1.0038840845800655e-07,2.630172579720357e-07,1.0,1.0,30.69561625490824
61590,9.123238049390064e-08,2.56150032982566e-07,1.0,1.0,30.69260562123602
61600,1.0805866726362278e-07,2.566927361403035e-07,1.0,1.0,30.686941681024923
61610,9.541012900192975e-08,2.760232822186478e-07,1.0,1.0,30.68821082686259
61620,1.0240751350947018e-07,2.719474871937569e-07,1.0,1.0,30.68591791754258
61630,1.1709759473644683e-07,2.602096504404948e-07,1.0,1.0,30.68828310962486
61640,1.0044202775824469e-07,2.5131444275467815e-07,1.0,1.0,30.685916641358066
61650,1.1068541561498967e-07,2.6815488835377715e-07,1.0,1.0,30.684269956814834
61660,1.2061243183215915e-07,2.59439206491582e-07,1.0,1.0,30.68223444714771
61670,1.1157201007020995e-07,2.602982426034797e-07,1.0,1.0,30.68567575835433
61680,1.1766880722545197e-07,2.5668018242560935e-07,1.0,1.0,30.686925256364507
61690,1.1919226842613897e-07,3.007353077265026e-07,1.0,1.0,30.686793564833486
61700,1.1449638225340094e-07,2.525671649433547e-07,1.0,1.0,30.691044771409775
61710,1.0949807187656987e-07,2.9597690460245353e-07,1.0,1.0,30.691034034680236
61720,1.0665804353259133e-07,2.715767557804951e-07,1.0,1.0,30.690069087824828
61730,1.144387110268266e-07,2.4898464506493615e-07,1.0,1.0,30.689069846594254
61740,1.0478889701702472e-07,2.916068012426599e-07,1.0,1.0,30.68571102484716
61750,1.1131231230761352e-07,2.521207137263964e-07,1.0,1.0,30.68395568410101
61760,1.0166535203992836e-07,2.615101615188875e-07,1.0,1.0,30.685731008753233
61770,1.0977367570062731e-07,2.6042759952351934e-07,1.0,1.0,30.690242194947
61780,1.1140761267683476e-07,2.771359289739769e-07,1.0,1.0,30.69117425435293
61790,1.035544195150833e-07,2.5505706294859404e-07,1.0,1.0,30.692130016675424
61800,1.1801398240703512e-07,2.51877971426876e-07,1.0,1.0,30.6924941729256
61810,1.038747933775619e-07,2.611485352799551e-07,1.0,1.0,30.689235908614656
61820,1.1368448604367461e-07,2.5637818593906414e-07,1.0,1.0,30.69016888782417
61830,9.847848886631699e-08,2.4530417757492993e-07,1.0,1.0,30.68968088753712
61840,1.0806576545426491e-07,2.6955012652367114e-07,1.0,1.0,30.6831966838484
61850,1.0943319431922259e-07,2.5808980854472244e-07,1.0,1.0,30.680855547724317
61860,9.268711949289445e-08,2.580953440136876e-07,1.0,1.0,30.681625458963758
61870,1.1815753977328674e-07,2.6623582783199926e-07,1.0,1.0,30.68315683117903
61880,9.806188316122951e-08,2.448195753338033e-07,1.0,1.0,30.688118888607814
61890,1.0556655798315279e-07,2.6866671476454727e-07,1.0,1.0,30.687923460509868
61900,1.1556489751881475e-07,2.6843526779507957e-07,1.0,1.0,30.68623087766216
61910,1.0824389720265354e-07,2.7057259248084536e-07,1.0,1.0,30.684830213566336
61920,1.0953824242349186e-07,2.682546843257944e-07,1.0,1.0,30.68482062648974
61930,1.140019787873543e-07,2.449055560595875e-07,1.0,1.0,30.68428131710584
61940,1.1531097822689721e-07,2.4727242036727746e-07,1.0,1.0,30.68805977934223
61950,1.0189240201710449e-07,2.534717141322582e-07,1.0,1.0,30.688688792982763
61960,1.0905338853010197e-07,2.7092402528957233e-07,1.0,1.0,30.68490438214799
61970,1.0121520034610607e-07,2.6808391115707893e-07,1.0,1.0,30.68200216032292
61980,1.0008736985226707e-07,2.4574296707991744e-07,1.0,1.0,30.683140795131074
61990,1.322513825113251e-07,2.666451893586373e-07,1.0,1.0,30.688634184530503
62000,1.128165831167857e-07,2.7241823466690853e-07,1.0,1.0,30.692562123901933
62010,9.741243569616413e-08,2.4721514632627194e-07,1.0,1.0,30.692431938789422
62020,1.1009167151988659e-07,2.4988105553797215e-07,1.0,1.0,30.688067917258255
62030,1.145231489147867e-07,2.502973149694662e-07,1.0,1.0,30.681991820679663
62040,1.193257672336312e-07,2.5060532143975765e-07,1.0,1.0,30.681128287508194
62050,1.1419304034504654e-07,2.5586606325804016e-07,1.0,1.0,30.680786971530246
62060,1.0154990447325e-07,2.661516412601453e-07,1.0,1.0,30.683706153800674
62070,9.072531450064122e-08,2.6999712166232544e-07,1.0,1.0,30.68323707198918
62080,1.221073047905727e-07,2.5897957325177715e-07,1.0,1.0,30.679612120444663
62090,1.1573820429306879e-07,2.6394637424836203e-07,1.0,1.0,30.681481910803466
62100,1.1796874211675847e-07,2.7431376327178954e-07,1.0,1.0,30.682789850913682
62110,9.765728659759658e-08,2.6453608170647655e-07,1.0,1.0,30.688734298783707
62120,1.0048639669153895e-07,2.5591343655231725e-07,1.0,1.0,30.690013059444095
62130,1.0621204426034156e-07,2.5282214212209583e-07,1.0,1.0,30.68582745219123
62140,1.238953755223449e-07,2.599020647331613e-07,1.0,1.0,30.683035241842926
62150,1.1596123962998813e-07,2.8593085593328054e-07,1.0,1.0,30.684091779713736
62160,1.0192686477272187e-07,2.6787748814916915e-07,1.0,1.0,30.686388004270547
62170,1.0116208199047195e-07,2.689528960784173e-07,1.0,1.0,30.688923776145725
62180,1.0439491324709046e-07,2.6017284897369496e-07,1.0,1.0,30.685638369388798
62190,1.0758761780235984e-07,2.6933933627520373e-07,1.0,1.0,30.685105106831408
62200,1.1068558441122936e-07,2.5180547428836884e-07,1.0,1.0,30.682263869811614
62210,1.2949568799225914e-07,2.568743116553054e-07,1.0,1.0,30.685761447521482
62220,1.0546951937280557e-07,2.4805000148263276e-07,1.0,1.0,30.690018721642527
62230,1.1728350903568458e-07,2.495219766818741e-07,1.0,1.0,30.68471048365495
62240,9.99269465790139e-08,2.6321039806801225e-07,1.0,1.0,30.68168109922356
62250,1.2627988254424534e-07,2.590351759008241e-07,1.0,1.0,30.679547226357496
62260,1.2719780950344356e-07,2.640703578757526e-07,1.0,1.0,30.679529493187523
62270,9.850659926943762e-08,2.623417955177445e-07,1.0,1.0,30.688294039880862
62280,1.1259862245548113e-07,2.574048457572283e-07,1.0,1.0,30.687821220707733
62290,1.0773068054422387e-07,2.5232518926817646e-07,1.0,1.0,30.687880306130285
62300,1.0948335651466752e-07,2.4216297315553296e-07,1.0,1.0,30.686790866630712
62310,1.1102898327302842e-07,2.725894441707989e-07,1.0,1.0,30.686151241814436
62320,1.1667292994844309e-07,2.693205659886708e-07,1.0,1.0,30.683221268212325
62330,1.007925030232449e-07,2.489927451188901e-07,1.0,1.0,30.68116853113196
62340,1.1492392269072637e-07,2.603606402148926e-07,1.0,1.0,30.68014797081213
62350,1.1699346119480678e-07,2.6811103553270853e-07,1.0,1.0,30.684269502305803
62360,1.1283951593811964e-07,2.5475318545386856e-07,1.0,1.0,30.680860180444196
62370,1.1609603127344974e-07,2.641338801302366e-07,1.0,1.0,30.683378497831065
62380,9.774774519030089e-08,2.700769186394261e-07,1.0,1.0,30.684094554436765
62390,1.0454247224543301e-07,2.578378031826413e-07,1.0,1.0,30.6825340457897
62400,1.0519720072021939e-07,2.5225641167934325e-07,1.0,1.0,30.679649879992315
62410,1.0611198925159272e-07,2.670079979802863e-07,1.0,1.0,30.67962861461901
62420,1.0256502268880134e-07,2.685588655362523e-07,1.0,1.0,30.67869380065156
62430,1.0990281642408957e-07,2.880310204246227e-07,1.0,1.0,30.681164491582223
62440,1.3762776030915035e-07,2.6536148341252164e-07,1.0,1.0,30.686790835988212
62450,1.2131437104289604e-07,2.9451312909087137e-07,1.0,1.0,30.694258675521812
62460,1.0419115693334138e-07,2.6164659143497644e-07,1.0,1.0,30.699282439392793
62470,1.0649317354291287e-07,2.49594550270901e-07,1.0,1.0,30.691455569144345
62480,1.1606008738659151e-07,2.4831524334516073e-07,1.0,1.0,30.6839103099641
62490,1.0305100366238142e-07,2.5983382163977093e-07,1.0,1.0,30.682433798797646
62500,1.1884298612856191e-07,2.8546909871003165e-07,1.0,1.0,30.67978627859124
62510,1.1504887771060841e-07,2.556265280451423e-07,1.0,1.0,30.681318626512738
62520,9.905041739951784e-08,2.665895749005883e-07,1.0,1.0,30.682925501017877
62530,1.1475568572384927e-07,2.6047331291780853e-07,1.0,1.0,30.6795193151427
62540,1.1425350596578483e-07,2.469126656729339e-07,1.0,1.0,30.680859850906952
62550,1.0593023320094833e-07,2.6983298187535385e-07,1.0,1.0,30.68130531497027
62560,1.1576479099665737e-07,2.5027400615128067e-07,1.0,1.0,30.68255773585581
62570,9.781150723510879e-08,2.5975445969228814e-07,1.0,1.0,30.685904868922297
62580,1.0069490414778436e-07,2.5662190583692944e-07,1.0,1.0,30.681659514077406
62590,1.1656307677485756e-07,2.5831129389809847e-07,1.0,1.0,30.67732816559286
62600,1.0837892028356143e-07,2.7271013521609216e-07,1.0,1.0,30.679523791085067
62610,9.776850401052536e-08,2.63107422521412e-07,1.0,1.0,30.681571783181937
62620,1.1975829123244983e-07,2.5115963357853004e-07,1.0,1.0,30.67728409116451
62630,1.1147279656530255e-07,2.656582728175397e-07,1.0,1.0,30.67857878379132
62640,1.0015540522530816e-07,2.669158656782575e-07,1.0,1.0,30.680285473556033
62650,1.1376064723632107e-07,2.792619486112069e-07,1.0,1.0,30.6827097906631
62660,1.301136110359825e-07,2.62946947305703e-07,1.0,1.0,30.684732618687928
62670,1.0813005578123408e-07,2.737201290148366e-07,1.0,1.0,30.68592982499211
62680,1.0550294160427471e-07,2.6795866911742043e-07,1.0,1.0,30.682837169140093
62690,1.0138648129197345e-07,2.496916182940347e-07,1.0,1.0,30.681277451880465
62700,1.0165785839265039e-07,2.564562543780795e-07,1.0,1.0,30.679638360711394
62710,1.2296893734506847e-07,2.557298751505989e-07,1.0,1.0,30.6782654324452
62720,1.0718847313672071e-07,2.6030938568078767e-07,1.0,1.0,30.68200029280299
62730,1.1027903854892943e-07,2.754333247624338e-07,1.0,1.0,30.6851022462953
62740,1.0915263557437952e-07,2.5049918805174296e-07,1.0,1.0,30.687272494550708
62750,1.0582775029073857e-07,2.50654306477607e-07,1.0,1.0,30.683117327286432
62760,1.0631562347001581e-07,2.595166116202305e-07,1.0,1.0,30.678630767600072
62770,1.260631209169168e-07,2.600327597707897e-07,1.0,1.0,30.67594577485738
62780,1.0115305068452327e-07,3.0115810027855734e-07,1.0,1.0,30.67725437869022
62790,1.213195087832604e-07,2.586798197564528e-07,1.0,1.0,30.6782803981533
62800,1.169836800064376e-07,2.635969986380182e-07,1.0,1.0,30.677379438857642
62810,1.1034485482743988e-07,2.57053084086708e-07,1.0,1.0,30.677583603053016
62820,1.053601169351047e-07,2.7064375616914175e-07,1.0,1.0,30.6801194781085
62830,1.1678501232101958e-07,2.5523255310523314e-07,1.0,1.0,30.681606418033088
62840,1.0691937908672988e-07,2.5401053922716876e-07,1.0,1.0,30.684389378179816
62850,1.0650950877289776e-07,2.52404460318631e-07,1.0,1.0,30.686404695317467
62860,1.154916420342766e-07,2.74260888695576e-07,1.0,1.0,30.683055968930052
62870,1.121822082996653e-07,2.667384677018282e-07,1.0,1.0,30.688072388865656
62880,1.0348320045139708e-07,2.5438400551388367e-07,1.0,1.0,30.689513227994524
62890,1.0446193457780883e-07,2.56317905624366e-07,1.0,1.0,30.68293031102043
62900,1.068480866848012e-07,2.527142307975842e-07,1.0,1.0,30.679693470010672
62910,1.0623577354389923e-07,2.614826835848764e-07,1.0,1.0,30.678233637914623
62920,1.0696569995127359e-07,2.5561985456442534e-07,1.0,1.0,30.676522051929652
62930,1.1818124634124536e-07,2.5945324943654267e-07,1.0,1.0,30.678041797541024
62940,9.751115795100282e-08,2.68130548631596e-07,1.0,1.0,30.679717127475854
62950,1.1813993079220682e-07,2.6537796368335636e-07,1.0,1.0,30.678199971404204
62960,9.445377849967435e-08,2.460550379612694e-07,1.0,1.0,30.677020932452553
62970,9.78704752565438e-08,2.6493143116009667e-07,1.0,1.0,30.67836524017317
62980,1.138330681350959e-07,2.671356780524838e-07,1.0,1.0,30.679721305722637
62990,1.2389041727167725e-07,2.7970685388652827e-07,1.0,1.0,30.687363754169827
63000,1.0985773766168482e-07,2.547757450616843e-07,1.0,1.0,30.68951048960995
63010,1.02567442002529e-07,2.5721990900879756e-07,1.0,1.0,30.687084859760976
63020,1.0066176757142572e-07,2.719097787037662e-07,1.0,1.0,30.684081290540504
63030,1.0668395779797205e-07,2.4915613316553935e-07,1.0,1.0,30.68401271798324
63040,1.0305063010987719e-07,2.452548924472503e-07,1.0,1.0,30.680559017911964
63050,9.785553302114926e-08,2.49847945389259e-07,1.0,1.0,30.680624095077203
63060,1.3118057205652298e-07,2.528166203072011e-07,1.0,1.0,30.67923666126756
63070,1.1743508481522178e-07,2.49679829342963e-07,1.0,1.0,30.68775714381442
63080,9.944611966887821e-08,2.6615684178408e-07,1.0,1.0,30.692173300232824
63090,8.842577622007999e-08,2.5222542766556637e-07,1.0,1.0,30.68499005113502
63100,1.044477176181008e-07,2.7438386514562354e-07,1.0,1.0,30.678359416099617
63110,1.1805088559063672e-07,2.620062281366344e-07,1.0,1.0,30.676227205900265
63120,1.0792609903504539e-07,2.5869127125593815e-07,1.0,1.0,30.679385825332794
63130,1.1034935782835562e-07,2.5040023438408505e-07,1.0,1.0,30.683299339082808
63140,1.0228432330814303e-07,2.605479286444181e-07,1.0,1.0,30.681632915783716
63150,1.0585395477706253e-07,2.6425666913271466e-07,1.0,1.0,30.67873731478177
63160,1.0706494498174874e-07,2.631334089276717e-07,1.0,1.0,30.677735328994345
63170,1.1178813677407257e-07,2.5829217812454987e-07,1.0,1.0,30.68120291406236
63180,9.062128582215662e-08,2.817819903407015e-07,1.0,1.0,30.680254620384595
63190,1.1465711454439921e-07,2.767302612114936e-07,1.0,1.0,30.67453904512978
63200,1.148247739326474e-07,2.571968667030015e-07,1.0,1.0,30.67919162292534
63210,1.155678663436838e-07,2.539481220354558e-07,1.0,1.0,30.68238104916943
63220,1.2078434693378444e-07,2.4994053525197955e-07,1.0,1.0,30.68019842226397
63230,9.554969202438268e-08,2.5493784641477816e-07,1.0,1.0,30.67474724080697
63240,1.133849053345479e-07,2.758077824048789e-07,1.0,1.0,30.67273889058957
63250,1.0549757931394702e-07,2.7558695400196793e-07,1.0,1.0,30.674239396361774
63260,1.0788360006862362e-07,2.451038222562543e-07,1.0,1.0,30.67679890838135
63270,9.891862489752293e-08,2.504711755206309e-07,1.0,1.0,30.67801598560843
63280,1.1915292315872607e-07,2.5266487495988043e-07,1.0,1.0,30.675199788138087
63290,1.1846198781981821e-07,2.75988763003872e-07,1.0,1.0,30.67554399431375
63300,1.0265843058647402e-07,2.4664621979807375e-07,1.0,1.0,30.675964816043432
63310,1.1467109937444159e-07,2.5075882774419286e-07,1.0,1.0,30.677492636440306
63320,1.1202695260343351e-07,2.5654508062760043e-07,1.0,1.0,30.686906830960268
63330,1.0934060588909218e-07,2.5260384190772877e-07,1.0,1.0,30.692827586050488
63340,1.0914235184007014e-07,2.5185817734381023e-07,1.0,1.0,30.6893721679093
63350,9.534573406853866e-08,2.4973986975764187e-07,1.0,1.0,30.68169263940458
63360,1.0374600867444066e-07,2.5615675501308345e-07,1.0,1.0,30.673582482695668
63370,1.1781849508424574e-07,2.7770292212202406e-07,1.0,1.0,30.675800142999964
63380,1.0420559010925925e-07,2.6868264685348883e-07,1.0,1.0,30.679734207445925
63390,1.0731202975138327e-07,2.9406811012487284e-07,1.0,1.0,30.687137536793756
63400,1.0516806511969582e-07,2.435520395269851e-07,1.0,1.0,30.687188998633808
63410,1.1571648535906112e-07,2.451019381200626e-07,1.0,1.0,30.680643386619938
63420,1.0451727610198443e-07,2.6369912227890376e-07,1.0,1.0,30.680781581877405
63430,1.053939725468995e-07,2.3815188874883104e-07,1.0,1.0,30.682527366086774
63440,9.943794321700357e-08,2.6858114043309286e-07,1.0,1.0,30.681303395796345
63450,1.2370374174337961e-07,2.6731257108676183e-07,1.0,1.0,30.676638723691322
63460,1.1731145581530105e-07,2.460332240409004e-07,1.0,1.0,30.676230513570058
63470,1.2603027245753102e-07,2.5251678617933813e-07,1.0,1.0,30.678688680567863
63480,1.0874371426654486e-07,2.5862394409864385e-07,1.0,1.0,30.68053955800051
63490,1.321052324347348e-07,2.5260622764777814e-07,1.0,1.0,30.678983494716135
63500,1.1574150270837147e-07,2.716138163699457e-07,1.0,1.0,30.678572246227255
63510,1.0720788859714447e-07,2.6054938549305346e-07,1.0,1.0,30.67906314028895
63520,1.0894871022180611e-07,2.434917666520861e-07,1.0,1.0,30.679609148087675
63530,1.1446337133893995e-07,2.534059830129643e-07,1.0,1.0,30.680868591852093
63540,1.0997003406993022e-07,2.719452610682707e-07,1.0,1.0,30.680892000847994
63550,1.1740826088715202e-07,2.628938268997099e-07,1.0,1.0,30.682709849348534
63560,1.1314617831320737e-07,2.5225041070151454e-07,1.0,1.0,30.680779594211028
63570,9.484769058542464e-08,2.440152284329783e-07,1.0,1.0,30.67721843007856
63580,1.1615748702752725e-07,2.5042881074047104e-07,1.0,1.0,30.67592952881996
63590,1.0955266526898793e-07,2.530564625223357e-07,1.0,1.0,30.674771939310023
63600,1.0452773833852413e-07,3.1193316946232845e-07,1.0,1.0,30.6747481987144
63610,1.0228243624660112e-07,2.478937328049697e-07,1.0,1.0,30.680388637616065
63620,1.0978480582174557e-07,2.525701498874119e-07,1.0,1.0,30.682110270678063
63630,1.0859466204037136e-07,2.565230498876897e-07,1.0,1.0,30.679111212450994
63640,1.105695085768665e-07,2.440436262417728e-07,1.0,1.0,30.677321297713473
63650,1.3173641110649308e-07,2.6778873638420923e-07,1.0,1.0,30.67697627231518
63660,9.657749418449719e-08,2.4853538873872186e-07,1.0,1.0,30.683074471821545
63670,1.198437266893518e-07,2.6336006826959865e-07,1.0,1.0,30.68091870262523
63680,1.1877194941673231e-07,2.430410730093301e-07,1.0,1.0,30.678894791690464
63690,1.0613866879408229e-07,2.6978515662665264e-07,1.0,1.0,30.677047337905332
63700,1.0364356427538384e-07,2.8880777764003047e-07,1.0,1.0,30.67641763817884
63710,1.119374855605033e-07,2.4456298422406815e-07,1.0,1.0,30.683514296368383
63720,1.0074008218052683e-07,2.3770170654215888e-07,1.0,1.0,30.683800214607032
63730,1.0988270845795631e-07,2.7261040283459107e-07,1.0,1.0,30.679950481623052
63740,1.1606997305433047e-07,2.5825365789523866e-07,1.0,1.0,30.678537936066917
63750,1.2081194858782494e-07,2.5923364133042925e-07,1.0,1.0,30.677732154351432
63760,1.2559302444417297e-07,2.4260654798086484e-07,1.0,1.0,30.67338506615531
63770,1.2471531610643212e-07,2.6381771006357707e-07,1.0,1.0,30.67650110082971
63780,1.0581882301670372e-07,2.5323960456068245e-07,1.0,1.0,30.67703880814481
63790,1.1391540436960291e-07,2.4312778703165775e-07,1.0,1.0,30.67652700533029
63800,1.120942799859657e-07,2.5759200225065894e-07,1.0,1.0,30.676021966132417
63810,1.1041289078974932e-07,2.6139068987232694e-07,1.0,1.0,30.677938617132963
63820,1.1440583145601379e-07,2.3763530780916433e-07,1.0,1.0,30.678720084310726
63830,1.1190670248967842e-07,2.534895691460741e-07,1.0,1.0,30.676927384941617
63840,9.672336503346388e-08,2.400298120721392e-07,1.0,1.0,30.674479609144807
63850,1.0806001863241332e-07,2.5353493232069855e-07,1.0,1.0,30.672789980958697
63860,1.1578445563320368e-07,2.4114292285906903e-07,1.0,1.0,30.673349753028415
63870,1.0611301151904221e-07,2.5814137113622085e-07,1.0,1.0,30.67266619935565
63880,1.0671751584038782e-07,2.564666972056053e-07,1.0,1.0,30.67301707225759
63890,1.1315989597387554e-07,2.531772484311389e-07,1.0,1.0,30.67205776623222
63900,1.1014381723728488e-07,2.6101214946906423e-07,1.0,1.0,30.67334411747849
63910,1.2293554408915686e-07,2.696757300498096e-07,1.0,1.0,30.676376343603117
63920,1.208085335318041e-07,2.53024924527479e-07,1.0,1.0,30.67966720228342
63930,1.0969376485830287e-07,2.4091914573468603e-07,1.0,1.0,30.681048809517076
63940,1.0995922280723607e-07,2.623290234898888e-07,1.0,1.0,30.679944904842156
63950,1.080355781087769e-07,2.445448595769511e-07,1.0,1.0,30.67836555824129
63960,9.983886008427105e-08,2.577509950451109e-07,1.0,1.0,30.67467427950522
63970,1.0995752565980354e-07,2.5518521551218563e-07,1.0,1.0,30.669694712498067
63980,1.0240877161154502e-07,2.468333664785083e-07,1.0,1.0,30.674129083832646
63990,1.0226217274096115e-07,2.649680011027752e-07,1.0,1.0,30.676476353392502
64000,1.1052993194508704e-07,2.551563999545517e-07,1.0,1.0,30.67323967624537
64010,1.0531697531965823e-07,2.670555710041843e-07,1.0,1.0,30.6755820541678
64020,1.0679819006094057e-07,3.0752125434962125e-07,1.0,1.0,30.67756470458068
64030,1.1446134242585917e-07,2.5840019963455406e-07,1.0,1.0,30.67589716279623
64040,1.0572692148026573e-07,2.683278936064453e-07,1.0,1.0,30.676041583849315
64050,1.0504125150752691e-07,2.5121279576700735e-07,1.0,1.0,30.676632482311778
64060,1.1677642726348964e-07,2.654049102079581e-07,1.0,1.0,30.674151776698388
64070,1.1187867871678571e-07,2.990398777686327e-07,1.0,1.0,30.674375589739462
64080,9.970533131490448e-08,2.7020267601797075e-07,1.0,1.0,30.680786423165422
64090,1.248580695326113e-07,2.456381525830624e-07,1.0,1.0,30.67960112443998
64100,9.461434979371008e-08,2.5898223081511976e-07,1.0,1.0,30.677669478343216
64110,9.702581160179788e-08,2.421845198128705e-07,1.0,1.0,30.67311793066484
64120,1.1228911008281517e-07,2.768225129816728e-07,1.0,1.0,30.668523104887427
64130,1.0966957425462416e-07,2.569530239970901e-07,1.0,1.0,30.673520708799348
64140,1.0507432995123744e-07,2.4509056822234464e-07,1.0,1.0,30.67887102693237
64150,1.1803236847032581e-07,2.665719580908709e-07,1.0,1.0,30.67640394236893
64160,9.826134032565228e-08,2.616879646086164e-07,1.0,1.0,30.675586894352623
64170,1.0101303320975168e-07,2.4262112487662466e-07,1.0,1.0,30.677277394509627
64180,1.1426347163297791e-07,2.6366506788897985e-07,1.0,1.0,30.678454984635213
64190,1.119538933929847e-07,2.4581470540221965e-07,1.0,1.0,30.677338860506254
64200,9.686881595298279e-08,2.8220911501343347e-07,1.0,1.0,30.679828472898397
64210,1.156697786921671e-07,2.429486619301043e-07,1.0,1.0,30.67913421017872
64220,1.0677714878394477e-07,2.4204940305145945e-07,1.0,1.0,30.67863743655688
64230,1.0063781713641082e-07,2.557236535158299e-07,1.0,1.0,30.676934088348027
64240,9.663377492617197e-08,2.579472105134165e-07,1.0,1.0,30.678581265922606
64250,1.1107760270480228e-07,2.763792418370607e-07,1.0,1.0,30.680613899309034
64260,1.0490445263189768e-07,2.5752285779097004e-07,1.0,1.0,30.686936361088613
64270,1.067238646630705e-07,2.4601979955302346e-07,1.0,1.0,30.68539147914079
64280,1.0610892360085475e-07,2.5713953065226495e-07,1.0,1.0,30.68042281027573
64290,1.0133282823355725e-07,2.494042529093823e-07,1.0,1.0,30.674481393313016
64300,1.049288325959525e-07,2.645286510280598e-07,1.0,1.0,30.66837814173172
64310,1.0702815918149631e-07,2.635977440363641e-07,1.0,1.0,30.667687010614912
64320,1.1330723052498633e-07,2.6553959564437284e-07,1.0,1.0,30.67107593931586
64330,1.1339283509549539e-07,2.634030029584195e-07,1.0,1.0,30.673251829508086
64340,1.0294210709439634e-07,2.527929374544395e-07,1.0,1.0,30.673784963161
64350,9.558540438253423e-08,2.61736599401911e-07,1.0,1.0,30.675677575045196
64360,1.0899312097348934e-07,2.499955566404456e-07,1.0,1.0,30.67425925409112
64370,1.226315560976597e-07,2.704710769050811e-07,1.0,1.0,30.672334431683545
64380,1.0294357137560427e-07,2.5179296220542016e-07,1.0,1.0,30.67128232403834
64390,1.2880761257792687e-07,2.436231683426131e-07,1.0,1.0,30.672390603488616
64400,1.164175078903186e-07,2.4697353884315583e-07,1.0,1.0,30.679789197998996
64410,1.1587783291375152e-07,2.6567687689857806e-07,1.0,1.0,30.682536113986416
64420,1.0243932013454157e-07,2.4662042268115194e-07,1.0,1.0,30.679870676836074
64430,1.1656923110143967e-07,2.5727884316726293e-07,1.0,1.0,30.67476187665595
64440,9.41139390303906e-08,2.714230569210029e-07,1.0,1.0,30.671636630746647
64450,1.1846165619543345e-07,2.579385425541497e-07,1.0,1.0,30.672458082822132
64460,1.074051536403795e-07,2.5838792442069655e-07,1.0,1.0,30.677474045878487
64470,9.342773090394802e-08,2.576029962447639e-07,1.0,1.0,30.67827368473116
64480,1.0445082016342423e-07,2.553606733049952e-07,1.0,1.0,30.67408269612437
64490,1.1990853025553378e-07,2.6156402164618936e-07,1.0,1.0,30.67735531180156
64500,1.066226415350049e-07,2.433788218714906e-07,1.0,1.0,30.6764122578305
64510,1.202627072513766e-07,2.6327182290538975e-07,1.0,1.0,30.671264989933874
64520,9.935576251904596e-08,2.6283078838715656e-07,1.0,1.0,30.675166072100694
64530,9.913161767664722e-08,2.572061937767034e-07,1.0,1.0,30.674667555116454
64540,1.0847591928848268e-07,2.6385010779698446e-07,1.0,1.0,30.669370746303073
64550,1.0504438080284385e-07,2.826153907416324e-07,1.0,1.0,30.672086886832638
64560,9.40728136283912e-08,2.625064026561903e-07,1.0,1.0,30.67636548109914
64570,1.1361874528155334e-07,2.479558877053193e-07,1.0,1.0,30.67634839488476
64580,1.1104183362167705e-07,2.624071539722195e-07,1.0,1.0,30.675370315683722
64590,1.0025381913471359e-07,2.5874096142252803e-07,1.0,1.0,30.673831820391253
64600,1.2510402907354303e-07,2.6293728823346166e-07,1.0,1.0,30.67042907302436
64610,1.1302704888156835e-07,2.4998436373800024e-07,1.0,1.0,30.67207699130845
64620,1.153947310014873e-07,2.5814857146316786e-07,1.0,1.0,30.67254545977245
64630,1.2762071327618104e-07,2.5822320721385626e-07,1.0,1.0,30.670673188814863
64640,9.870470926364992e-08,2.47639062539021e-07,1.0,1.0,30.675784822750984
64650,1.0462473624353588e-07,2.5575112723434644e-07,1.0,1.0,30.677275512841813
64660,1.236850522464073e-07,2.636554730474427e-07,1.0,1.0,30.67547826065874
64670,1.0584782344648892e-07,2.5069056014125677e-07,1.0,1.0,30.67661349710366
64680,1.0543964873781137e-07,3.029067717892496e-07,1.0,1.0,30.675024696792292
64690,1.1004928899761498e-07,2.5515562912217253e-07,1.0,1.0,30.67178249463516
64700,1.1020539917376819e-07,2.556441014312087e-07,1.0,1.0,30.673719001112023
64710,1.1753078457665755e-07,2.6619087979383884e-07,1.0,1.0,30.674268163908632
64720,1.0996550633444743e-07,2.652578793029318e-07,1.0,1.0,30.674196131890657
64730,1.0186147520055927e-07,2.635237065227284e-07,1.0,1.0,30.674853305444916
64740,9.663987711722245e-08,2.5062320246069574e-07,1.0,1.0,30.676623588781712
64750,1.2860211996602041e-07,2.503411341135413e-07,1.0,1.0,30.67225716242899
64760,1.2331748635392987e-07,2.466615974391859e-07,1.0,1.0,30.67611220417776
64770,1.0508582330922269e-07,2.4097137798631135e-07,1.0,1.0,30.677025106083295
64780,1.0274293949520482e-07,2.4632857881499804e-07,1.0,1.0,30.673224095956297
64790,1.1523313658676517e-07,2.4921482152426655e-07,1.0,1.0,30.669040289922275
64800,1.0894636501100935e-07,2.475413540187143e-07,1.0,1.0,30.66603018883074
64810,1.112371955074455e-07,2.5287113319137587e-07,1.0,1.0,30.664380062383948
64820,1.0956688194055717e-07,2.723345700987111e-07,1.0,1.0,30.668613033302467
64830,1.074192173185182e-07,2.662674773113525e-07,1.0,1.0,30.67162305667037
64840,1.1685307106655297e-07,2.411616068580013e-07,1.0,1.0,30.668090629373776
64850,1.1346729272050291e-07,2.5615181343276897e-07,1.0,1.0,30.666741616044447
64860,1.0892158676539663e-07,2.572227742142506e-07,1.0,1.0,30.668534697903784
64870,1.1400247405058979e-07,2.603403635777136e-07,1.0,1.0,30.67868259904164
64880,1.1398089521214874e-07,2.5553222854163945e-07,1.0,1.0,30.687531531900635
64890,9.70486511812109e-08,2.4563703188832776e-07,1.0,1.0,30.684328996586512
64900,1.1259774314152344e-07,2.5171769721311856e-07,1.0,1.0,30.672153909222004
64910,1.1403817820815933e-07,2.606204628622781e-07,1.0,1.0,30.671799653367547
64920,1.0625698435567887e-07,2.547414311358805e-07,1.0,1.0,30.67200493641354
64930,1.3284785443376457e-07,2.5143391472516574e-07,1.0,1.0,30.668586056469273
64940,1.0335055209131406e-07,2.4315646102518143e-07,1.0,1.0,30.673576340387523
64950,1.0324333764259471e-07,2.5323077502760004e-07,1.0,1.0,30.671977319573283
64960,1.2180434677343416e-07,2.5731891796788403e-07,1.0,1.0,30.67019481229377
64970,1.0819258455730995e-07,2.9523805642110897e-07,1.0,1.0,30.679575812337003
64980,9.484400341841217e-08,2.464582202559978e-07,1.0,1.0,30.67916595824686
64990,1.0418224513973616e-07,2.613310297100662e-07,1.0,1.0,30.67410331908285
65000,1.0884902406419686e-07,2.4610005943788894e-07,1.0,1.0,30.672580799364255
65010,1.1142898428578567e-07,2.5937313653393147e-07,1.0,1.0,30.66992840872019
65020,1.0116151789029898e-07,2.6590787811383425e-07,1.0,1.0,30.666453613821055
65030,1.160373954620134e-07,3.0224073161893115e-07,1.0,1.0,30.67017293842304
65040,1.0288219400996654e-07,2.681462628046232e-07,1.0,1.0,30.68050609165675
65050,1.0552506886265104e-07,2.6831655415667563e-07,1.0,1.0,30.685019234565907
65060,1.0308171314602088e-07,2.3497873978034452e-07,1.0,1.0,30.682925263271272
65070,1.1039659552891878e-07,2.4840945203757566e-07,1.0,1.0,30.67749806931984
65080,1.0644695515380543e-07,2.5650208790567373e-07,1.0,1.0,30.67224660371366
65090,1.0204052725223492e-07,2.478861659585971e-07,1.0,1.0,30.66774396677594
65100,9.712056968094363e-08,2.52514794232711e-07,1.0,1.0,30.666874460495617
65110,1.0775936539744897e-07,2.72591592718447e-07,1.0,1.0,30.665296242945995
65120,1.1700765417968205e-07,3.1736018601435596e-07,1.0,1.0,30.66951132295468
65130,1.1497350033210547e-07,4.079421548417735e-07,1.0,1.0,30.684428335485986
65140,1.1893736106207955e-07,2.468447028833197e-07,1.0,1.0,30.69469509148844
65150,9.377423979919418e-08,2.8238207689951773e-07,1.0,1.0,30.691150546872283
65160,1.0622690594364264e-07,2.4876243334810566e-07,1.0,1.0,30.682007908915367
65170,1.1481382855483323e-07,2.69215161418847e-07,1.0,1.0,30.674514633692773
65180,1.0645398094192011e-07,2.43675199365191e-07,1.0,1.0,30.67184857931954
65190,1.0841817017536277e-07,2.5121398262016007e-07,1.0,1.0,30.669375066744962
65200,1.109929187294814e-07,2.634755540783422e-07,1.0,1.0,30.66355143110036
65210,1.0381927891927804e-07,2.6667573022017306e-07,1.0,1.0,30.666330097084664
65220,1.0589622672943764e-07,2.75025075418854e-07,1.0,1.0,30.67038866701116
65230,1.084965697946575e-07,2.5039673539630425e-07,1.0,1.0,30.67157465756803
65240,1.1183390861773499e-07,2.8595032172733913e-07,1.0,1.0,30.67255172208174
65250,9.643599002321627e-08,2.484593861028807e-07,1.0,1.0,30.675945627904024
65260,1.0947710486092077e-07,2.5002967809523363e-07,1.0,1.0,30.675039538067395
65270,9.857364871255106e-08,2.450694168991458e-07,1.0,1.0,30.673090427395323
65280,1.0756926618869352e-07,2.5887356273974404e-07,1.0,1.0,30.67081703122884
65290,9.81869823172124e-08,2.3988642366569395e-07,1.0,1.0,30.675262493473504
65300,1.1311630973065155e-07,2.6002214297807165e-07,1.0,1.0,30.680399808913034
65310,1.1685314076940154e-07,2.590164665540851e-07,1.0,1.0,30.678770139977946
65320,1.1688058804686993e-07,2.5062594601690384e-07,1.0,1.0,30.67320304239508
65330,9.996654140050197e-08,2.721963370631095e-07,1.0,1.0,30.666486974837962
65340,1.0458077531749397e-07,2.5058396824435826e-07,1.0,1.0,30.66852236043909
65350,1.261280346048893e-07,2.7275734421423815e-07,1.0,1.0,30.6698055109548
65360,9.678686875373187e-08,2.6797643421404774e-07,1.0,1.0,30.674812075754435
65370,1.0508624396399666e-07,2.399757627488517e-07,1.0,1.0,30.67589177248771
65380,1.101206136706265e-07,2.758811734351798e-07,1.0,1.0,30.675377573151692
65390,9.663361813365111e-08,2.4896237418675103e-07,1.0,1.0,30.672473604677442
65400,9.926128143509113e-08,2.8936277539061766e-07,1.0,1.0,30.670781547426373
65410,1.1013287204018485e-07,2.5137657373154083e-07,1.0,1.0,30.670902994943816
65420,1.1579047041324483e-07,2.525075681551145e-07,1.0,1.0,30.67766782674498
65430,1.0707766072056105e-07,2.503189871704816e-07,1.0,1.0,30.67829261400513
65440,1.0586519901742767e-07,2.441052607879447e-07,1.0,1.0,30.67724234260122
65450,1.047990264870669e-07,2.4926698803315513e-07,1.0,1.0,30.674036220638516
65460,1.1115960075446182e-07,2.4523616737950963e-07,1.0,1.0,30.671681117475906
65470,1.0974134679411282e-07,2.549031380589647e-07,1.0,1.0,30.67733903750139
65480,9.250099530804624e-08,2.4322868842562886e-07,1.0,1.0,30.678790289132515
65490,9.990468019096969e-08,2.602455491807499e-07,1.0,1.0,30.673566405132593
65500,1.266161914325149e-07,2.443421720123579e-07,1.0,1.0,30.668903135766445
65510,1.0895444954190939e-07,2.510442857319768e-07,1.0,1.0,30.67147566365107
65520,9.82248203156657e-08,2.726920834442853e-07,1.0,1.0,30.67019803200167
65530,1.0981506471743173e-07,2.7797248277176443e-07,1.0,1.0,30.668376329516313
65540,1.0791479699491397e-07,2.6558904105819127e-07,1.0,1.0,30.668574967719213
65550,1.0699372236914926e-07,2.7209684760236886e-07,1.0,1.0,30.67368402252661
65560,1.1560740063108773e-07,2.4553289357685513e-07,1.0,1.0,30.67440055842319
65570,1.1296416527299162e-07,2.645210237004935e-07,1.0,1.0,30.673376508788124
65580,9.744371609493343e-08,2.526710431059436e-07,1.0,1.0,30.675414161145124
65590,1.0853860057093702e-07,2.5143339168125106e-07,1.0,1.0,30.678681883899525
65600,1.028980117883174e-07,2.3937943382938403e-07,1.0,1.0,30.681787602361677
65610,1.1451814575927589e-07,2.523510493275143e-07,1.0,1.0,30.67874943085087
65620,1.1392572134974384e-07,2.483396341645417e-07,1.0,1.0,30.672114272661144
65630,1.0616030933351814e-07,2.7572196116356175e-07,1.0,1.0,30.671358463753418
65640,1.0020905919500728e-07,2.663088245983695e-07,1.0,1.0,30.67652868630124
65650,1.174104610286743e-07,2.528483300203013e-07,1.0,1.0,30.676870170183395
65660,1.0682691182713371e-07,2.538139419450549e-07,1.0,1.0,30.674294126855003
65670,9.656746421972361e-08,2.5702938635786445e-07,1.0,1.0,30.672940016680638
65680,1.3880504991823297e-07,2.754186650163535e-07,1.0,1.0,30.6790618172797
65690,1.0308043021744178e-07,2.426462154238419e-07,1.0,1.0,30.68551402702969
65700,1.0161213061712115e-07,2.8075057903186025e-07,1.0,1.0,30.681882976220745
65710,1.0644381516187698e-07,2.474925326086225e-07,1.0,1.0,30.675160837404228
65720,1.0134855081560329e-07,2.687144122278553e-07,1.0,1.0,30.67144610613261
65730,1.0502483071166548e-07,2.5688586722044303e-07,1.0,1.0,30.66851461834165
65740,1.234567452439954e-07,2.700606476248278e-07,1.0,1.0,30.667720862544257
65750,1.064290124642957e-07,2.4942456048069415e-07,1.0,1.0,30.669970846570813
65760,1.0062091494686526e-07,2.5483127923776744e-07,1.0,1.0,30.669523065457533
65770,1.1303045272885042e-07,2.6473973032708887e-07,1.0,1.0,30.6665428811946
65780,9.643059815297869e-08,2.565757785860211e-07,1.0,1.0,30.668383822937297
65790,1.0228351764273352e-07,2.7067176129521323e-07,1.0,1.0,30.67078133207836
65800,1.0455190602723697e-07,2.557249022115147e-07,1.0,1.0,30.6730961190022
65810,1.1168231296529958e-07,2.400939039049649e-07,1.0,1.0,30.676599792129135
65820,1.0276363708001317e-07,2.477524084435341e-07,1.0,1.0,30.676212794929903
65830,1.0221770006809374e-07,2.561790634370808e-07,1.0,1.0,30.670701300937342
65840,1.2221742829549563e-07,2.5012200330658943e-07,1.0,1.0,30.667390455632184
65850,1.0690153710717312e-07,2.559743746102363e-07,1.0,1.0,30.66823065932552
65860,1.2065524554075907e-07,2.6295240054934076e-07,1.0,1.0,30.66828361130253
65870,1.2128860214411184e-07,2.5108890492095743e-07,1.0,1.0,30.67310664405363
65880,9.824072739319252e-08,2.600315474631828e-07,1.0,1.0,30.673286691844176
65890,1.11076583804055e-07,2.6411884563546387e-07,1.0,1.0,30.672222595223392
65900,1.1829794818336432e-07,2.795643495973963e-07,1.0,1.0,30.67398679994813
65910,9.854841384744796e-08,2.535995901310214e-07,1.0,1.0,30.673616101662248
65920,1.1220680561153783e-07,2.4980521080285496e-07,1.0,1.0,30.668481161253123
65930,1.0771754772741461e-07,2.6786605243543015e-07,1.0,1.0,30.66830952394002
65940,1.1023526736895971e-07,2.5800096167275316e-07,1.0,1.0,30.66882167761644
65950,1.1758147936252183e-07,2.832477938840774e-07,1.0,1.0,30.672330166820913
65960,1.0907254746953627e-07,2.689603511799292e-07,1.0,1.0,30.67731694972539
65970,1.0445717695230897e-07,2.435313801716694e-07,1.0,1.0,30.67884685116701
65980,1.1913663517417544e-07,2.771977040322624e-07,1.0,1.0,30.672386365102245
65990,1.2662696675341598e-07,2.5861301695323785e-07,1.0,1.0,30.679492766487297
66000,1.0276472859596173e-07,2.5734303830364073e-07,1.0,1.0,30.681263526536178
66010,1.005067078339752e-07,2.484044271349513e-07,1.0,1.0,30.67703787820606
66020,1.0907738285364989e-07,2.5772532637232625e-07,1.0,1.0,30.673839773553446
66030,1.044493257816979e-07,2.9528378293241275e-07,1.0,1.0,30.674377051884395
66040,1.1547668830473392e-07,2.4079701408652755e-07,1.0,1.0,30.668491761581446
66050,1.0122569806906761e-07,2.4802683821363907e-07,1.0,1.0,30.674053135564392
66060,9.20010768461615e-08,2.7366537703411033e-07,1.0,1.0,30.673072358097254
66070,1.1729536956989236e-07,2.62746420157977e-07,1.0,1.0,30.673829178964855
66080,9.806203594644872e-08,2.4660750952104737e-07,1.0,1.0,30.674541255139427
66090,1.0929814962440492e-07,2.5049955234738133e-07,1.0,1.0,30.673566709329325
66100,1.1838354328327465e-07,2.526239011333897e-07,1.0,1.0,30.673086834387078
66110,1.0238481668123905e-07,2.4878644622436756e-07,1.0,1.0,30.66890889953793
66120,1.1948046900071213e-07,2.5358343625812614e-07,1.0,1.0,30.671353859959677
66130,1.3431046870484014e-07,2.497198490869981e-07,1.0,1.0,30.672171996123527
66140,1.29402693443916e-07,2.5036685343897107e-07,1.0,1.0,30.67611624856431
66150,1.1333088985440178e-07,2.537118073981124e-07,1.0,1.0,30.686861619060025
66160,1.1334761021119956e-07,2.457589963338678e-07,1.0,1.0,30.682982882380784
66170,1.0726287533363938e-07,2.5210962561769567e-07,1.0,1.0,30.675897867906325
66180,1.1297415371668286e-07,2.528461185594365e-07,1.0,1.0,30.670667979571043
66190,1.0549109469598028e-07,2.580805123858359e-07,1.0,1.0,30.666960163675007
66200,1.0827800686716075e-07,2.4636268382917255e-07,1.0,1.0,30.662639961381913
66210,1.1706856009877399e-07,2.582075754871393e-07,1.0,1.0,30.665389418098403
66220,1.090787068630791e-07,2.6323232080570246e-07,1.0,1.0,30.669674521051963
66230,1.2154976219378617e-07,2.639302699286985e-07,1.0,1.0,30.670995087791315
66240,1.0156250917730038e-07,2.5989028666264124e-07,1.0,1.0,30.672607555538335
66250,1.0593922417852402e-07,2.809441992113506e-07,1.0,1.0,30.67211471453465
66260,9.776431248212765e-08,2.9099868261551606e-07,1.0,1.0,30.67722757480427
66270,1.0456070500101275e-07,2.4916483895488175e-07,1.0,1.0,30.680240759777544
66280,1.2276807814498337e-07,2.4976339886087667e-07,1.0,1.0,30.677847376778335
66290,1.0061128288422708e-07,2.501927267429739e-07,1.0,1.0,30.677697111220173
66300,1.0265910065482252e-07,2.511777527601065e-07,1.0,1.0,30.673129351031783
66310,1.3268369110708637e-07,2.552957349603127e-07,1.0,1.0,30.669924178208287
66320,9.738910129223994e-08,2.592216060277827e-07,1.0,1.0,30.67165904757465
66330,1.0225848623621795e-07,2.5942515955425723e-07,1.0,1.0,30.67164737799771
66340,9.884320204738003e-08,2.4667096437248483e-07,1.0,1.0,30.674718387685942
66350,1.0749569757424074e-07,2.6258440909051137e-07,1.0,1.0,30.671410117868213
66360,1.0125227263193656e-07,3.00866385250033e-07,1.0,1.0,30.67229763351993
66370,1.137449358138073e-07,2.62305118921732e-07,1.0,1.0,30.676603969438993
66380,1.1006769203182428e-07,2.523848321735982e-07,1.0,1.0,30.67763929540402
66390,1.0516933446745095e-07,2.633185941307099e-07,1.0,1.0,30.674021991084587
66400,1.1306817763777429e-07,2.4475802079606866e-07,1.0,1.0,30.666271593158026
66410,1.1150676127485111e-07,2.5463887126921427e-07,1.0,1.0,30.66504175438751
66420,9.782388417027904e-08,2.434381929112654e-07,1.0,1.0,30.667488264160628
66430,1.1063840591904083e-07,2.508059655411331e-07,1.0,1.0,30.666845058616143
66440,1.0623183456503157e-07,2.5243811044792127e-07,1.0,1.0,30.67202103712491
66450,1.0423654756674111e-07,2.5643980916584284e-07,1.0,1.0,30.673062174658643
66460,1.0773913375200086e-07,2.6447527598265744e-07,1.0,1.0,30.670600786662785
66470,1.0751735879368684e-07,2.661666310559879e-07,1.0,1.0,30.669086714330902
66480,1.0017547253449992e-07,2.517168373092902e-07,1.0,1.0,30.67241026970229
66490,1.0070374203986406e-07,2.475895830714984e-07,1.0,1.0,30.67130509435816
66500,1.0846208558368173e-07,2.5551143297998403e-07,1.0,1.0,30.671660659956665
66510,9.895909485518184e-08,2.493053757167627e-07,1.0,1.0,30.6721865024475
66520,1.0339712678418434e-07,2.660358656751366e-07,1.0,1.0,30.673495443137934
66530,1.0936536237870278e-07,2.4929464837070355e-07,1.0,1.0,30.671878637050927
66540,1.0227355629233038e-07,2.4452366125824453e-07,1.0,1.0,30.667983778336
66550,1.266426091678565e-07,2.4441622202658224e-07,1.0,1.0,30.664663703178828
66560,1.0337685105832353e-07,2.6487767084068533e-07,1.0,1.0,30.66571939821231
66570,1.0528692795465892e-07,2.443578728821004e-07,1.0,1.0,30.66783163902302
66580,1.0478986200427796e-07,2.7290233695226776e-07,1.0,1.0,30.67026759307764
66590,1.1046305302979085e-07,2.477587838083557e-07,1.0,1.0,30.672866235999305
66600,1.3630717925548188e-07,2.505612472365203e-07,1.0,1.0,30.68858340327614
66610,1.364508286687883e-07,2.836034777349522e-07,1.0,1.0,30.721417237896947
66620,1.066626176607605e-07,2.473864666385655e-07,1.0,1.0,30.73381596446817
66630,9.120873292878333e-08,2.397485541395252e-07,1.0,1.0,30.714790800749025
66640,1.0002500683790416e-07,2.675303164283809e-07,1.0,1.0,30.68566453456764
66650,1.0316981151310113e-07,2.5964707375032015e-07,1.0,1.0,30.66544809584084
66660,9.678022233207443e-08,2.707646238757469e-07,1.0,1.0,30.658587305502593
66670,1.119163971889809e-07,2.7301677542044883e-07,1.0,1.0,30.660121770451223
66680,1.1273208692435694e-07,2.6655532749198153e-07,1.0,1.0,30.665294160433827
66690,1.0867388708758872e-07,2.7257902305295965e-07,1.0,1.0,30.670547964372282
66700,1.177346539972309e-07,2.7712128209238776e-07,1.0,1.0,30.674846692425994
66710,9.703464514789853e-08,2.3960677862857767e-07,1.0,1.0,30.677612034983618
66720,1.1450586066254144e-07,2.5444336209480793e-07,1.0,1.0,30.67494601404388
66730,1.2339636131646494e-07,2.605113607458158e-07,1.0,1.0,30.671363545482375
66740,1.0926353350913149e-07,2.661590361862363e-07,1.0,1.0,30.67454138778661
66750,1.1156495321050563e-07,2.40120156051356e-07,1.0,1.0,30.674584278552924
66760,1.0658717060391694e-07,2.62800162454246e-07,1.0,1.0,30.672497135650712
66770,1.141660627228413e-07,2.469017705211846e-07,1.0,1.0,30.67458702704438
66780,9.788893654200041e-08,2.346002715176314e-07,1.0,1.0,30.677034738984243
66790,1.1750672711070911e-07,2.560699649342872e-07,1.0,1.0,30.67190905126427
66800,1.0714040904727964e-07,2.5284665882168834e-07,1.0,1.0,30.66950863191969
66810,1.1466248154682866e-07,2.6027043904926e-07,1.0,1.0,30.669722754106033
66820,1.2984451387768124e-07,2.5413500977458773e-07,1.0,1.0,30.67098403896709
66830,1.0777480140739309e-07,2.484305499000618e-07,1.0,1.0,30.671862998341002
66840,1.0235122621948139e-07,2.536757261070995e-07,1.0,1.0,30.671160083406946
66850,1.1655330832693793e-07,2.6589970030066646e-07,1.0,1.0,30.671981670255477
66860,1.0047878287294608e-07,2.4807842759171296e-07,1.0,1.0,30.67221730095316
66870,9.516029659425803e-08,2.561072543034075e-07,1.0,1.0,30.672202508757703
66880,1.1837160919765249e-07,2.525329469297006e-07,1.0,1.0,30.676894163699085
66890,1.2021046395529826e-07,2.54536424160207e-07,1.0,1.0,30.683140411897288
66900,1.0182356229888232e-07,2.75997064581126e-07,1.0,1.0,30.683750691645656
66910,1.0317136437654527e-07,2.501018909995774e-07,1.0,1.0,30.682104832215217
66920,1.0823164906769561e-07,2.5657316339779416e-07,1.0,1.0,30.67827425081244
66930,1.0059627923038481e-07,2.471781588802994e-07,1.0,1.0,30.677433868337854
66940,1.1662617909654199e-07,3.1741785952611e-07,1.0,1.0,30.682287654920064
66950,1.170357348353265e-07,2.3421174761554095e-07,1.0,1.0,30.68558684833576
66960,1.1347008003662856e-07,2.416782255816869e-07,1.0,1.0,30.68190326033691
66970,1.1690909242957987e-07,2.5189935654730215e-07,1.0,1.0,30.671678304477265
66980,1.0918250641579524e-07,2.569814629910185e-07,1.0,1.0,30.66758133469037
66990,9.107841720167683e-08,2.485606404667309e-07,1.0,1.0,30.669455922275297
67000,1.1195504746860617e-07,2.725615720512352e-07,1.0,1.0,30.670151981671868
67010,1.1993424060032387e-07,2.480026690637935e-07,1.0,1.0,30.67256025541454
67020,9.546313628087944e-08,2.5668105426855784e-07,1.0,1.0,30.672923366728977
67030,1.1285016184726215e-07,2.808605015415974e-07,1.0,1.0,30.674485192450412
67040,1.084130047084946e-07,2.3873269354161616e-07,1.0,1.0,30.67370611786248
67050,1.055221740434485e-07,2.604699711023932e-07,1.0,1.0,30.671270409359543
67060,1.2783986174798296e-07,2.5619903319298705e-07,1.0,1.0,30.668625406171767
67070,1.3256515524107794e-07,2.4810526651570875e-07,1.0,1.0,30.677002979052727
67080,1.098914206237921e-07,2.5866972371024134e-07,1.0,1.0,30.682757736667572
67090,1.2224460036585142e-07,2.5923635749000417e-07,1.0,1.0,30.677309204945306
67100,1.1180449421961909e-07,2.52893535821092e-07,1.0,1.0,30.676778002668577
67110,1.0618149789287497e-07,2.3587280218087664e-07,1.0,1.0,30.672646635340175
67120,1.0767473572181034e-07,2.5493603585079605e-07,1.0,1.0,30.672404154420757
67130,1.114912668552848e-07,2.575649673340205e-07,1.0,1.0,30.672310675427262
67140,1.0574105854891833e-07,2.479447573894606e-07,1.0,1.0,30.670796413049107
67150,1.3308202010378313e-07,2.568480728520704e-07,1.0,1.0,30.66832623219446
67160,1.1175284028292539e-07,2.393555423940731e-07,1.0,1.0,30.671431813755543
67170,1.13535633575735e-07,2.5255871585619173e-07,1.0,1.0,30.6720225572652
67180,1.0961400288678349e-07,2.625591922126202e-07,1.0,1.0,30.671356876425445
67190,1.0818397935853396e-07,2.6510729322494696e-07,1.0,1.0,30.675142214390018
67200,9.96518748904771e-08,2.467429183309629e-07,1.0,1.0,30.67900273807359
67210,1.1165956216025652e-07,2.3674434358720365e-07,1.0,1.0,30.675422762092985
67220,1.1946829563720638e-07,2.687535246913905e-07,1.0,1.0,30.67730152806262
67230,9.875503847039382e-08,2.530097624737269e-07,1.0,1.0,30.67923449277627
67240,1.1143949399817033e-07,2.4067484344109e-07,1.0,1.0,30.673828267223353
67250,1.1238884902319405e-07,2.827937310908195e-07,1.0,1.0,30.67090368531209
67260,1.0288230569509275e-07,2.56208145262958e-07,1.0,1.0,30.671926746467808
67270,1.0750589851549933e-07,2.6472509196952624e-07,1.0,1.0,30.67046800117912
67280,1.064251330415698e-07,2.640539363932884e-07,1.0,1.0,30.67163531997546
67290,1.1216078114917937e-07,2.524001861043249e-07,1.0,1.0,30.676530015505367
67300,1.2569693931735308e-07,2.459490725782265e-07,1.0,1.0,30.676097693889023
67310,1.1103579039925285e-07,2.493040673414929e-07,1.0,1.0,30.673786573961657
67320,1.1749684317251546e-07,2.605672713331913e-07,1.0,1.0,30.67656406194782
67330,1.2835545770842183e-07,2.4485861645759827e-07,1.0,1.0,30.676344015694177
67340,9.962131789283238e-08,2.4501347263761897e-07,1.0,1.0,30.67714207461242
67350,9.692919617735413e-08,2.629245450683598e-07,1.0,1.0,30.677295094099417
67360,1.1028273762282991e-07,2.4326518655244377e-07,1.0,1.0,30.673988440557387
67370,9.408558973135676e-08,2.585320214910407e-07,1.0,1.0,30.673349044629287
67380,1.0269690135235053e-07,2.467395709440176e-07,1.0,1.0,30.672163821196218
67390,1.1674917034207632e-07,2.564462575248263e-07,1.0,1.0,30.667016570404932
67400,1.0817093742311162e-07,2.4790593446830426e-07,1.0,1.0,30.669232699250234
67410,1.0607603888606499e-07,2.591187104903412e-07,1.0,1.0,30.670688397006195
67420,1.1940070937682585e-07,2.5598632075071714e-07,1.0,1.0,30.669348728404135
67430,1.0529134168767133e-07,2.538251845155678e-07,1.0,1.0,30.672030707967618
67440,1.0357589894548432e-07,2.502963508245959e-07,1.0,1.0,30.67324036174112
67450,1.062339398957388e-07,2.3690176513184945e-07,1.0,1.0,30.673955027875756
67460,9.594587327435017e-08,2.577921913672762e-07,1.0,1.0,30.67973618147943
67470,1.1167698478677924e-07,2.555382518187296e-07,1.0,1.0,30.678488688505748
67480,1.2028635003495244e-07,2.5148437031298185e-07,1.0,1.0,30.672966832638473
67490,1.0092567745451561e-07,2.5392047270398836e-07,1.0,1.0,30.670850739342793
67500,1.0063877424449934e-07,2.533100012738561e-07,1.0,1.0,30.666935404505736
67510,1.1908320427545617e-07,2.607309108410079e-07,1.0,1.0,30.663232880183685
67520,1.1175704152649247e-07,2.5272504783121227e-07,1.0,1.0,30.667978288224397
67530,1.0432424848086029e-07,2.6576624398624843e-07,1.0,1.0,30.671191570223268
67540,1.2225903361349045e-07,2.4330566764471466e-07,1.0,1.0,30.67380973478113
67550,1.1912678612408998e-07,2.587259339087285e-07,1.0,1.0,30.672666970014035
67560,1.1068795686506521e-07,2.6016209418243623e-07,1.0,1.0,30.674040932665868
67570,1.152508540711827e-07,2.5106510056878225e-07,1.0,1.0,30.670975116668398
67580,9.538310420846277e-08,2.6489627225752165e-07,1.0,1.0,30.66905991125056
67590,1.0032594715775199e-07,2.589789918693355e-07,1.0,1.0,30.668011255272546
67600,1.0575232057053404e-07,2.629608748046835e-07,1.0,1.0,30.669957029096008
67610,1.1086132435201902e-07,2.602350869256018e-07,1.0,1.0,30.671562851146437
67620,1.0779474273190699e-07,2.471043624065181e-07,1.0,1.0,30.671539849406
67630,1.094459259167026e-07,2.515717177116318e-07,1.0,1.0,30.666425473311197
67640,9.471256117873661e-08,2.594631763433224e-07,1.0,1.0,30.665394087987174
67650,1.1450681857023383e-07,2.536959848914615e-07,1.0,1.0,30.668841101815282
67660,1.1978673537851851e-07,2.457334891551016e-07,1.0,1.0,30.673175694175686
67670,1.1228556366624417e-07,2.648237618019602e-07,1.0,1.0,30.672962097203737
67680,1.031539657519658e-07,2.79195687690038e-07,1.0,1.0,30.673038578512177
67690,1.0921724371559959e-07,2.6298949518945726e-07,1.0,1.0,30.669212619456307
67700,1.0947591047900858e-07,2.499185938054272e-07,1.0,1.0,30.670004596342892
67710,1.057036297004278e-07,2.369782046928952e-07,1.0,1.0,30.667580690240325
67720,1.0706411525206715e-07,2.606663660048392e-07,1.0,1.0,30.672331292301635
67730,1.181409325911226e-07,2.4397400241854946e-07,1.0,1.0,30.674309938737036
67740,1.045519473994806e-07,2.5298185936574666e-07,1.0,1.0,30.67325439604943
67750,1.3103537469953144e-07,2.5281621936188483e-07,1.0,1.0,30.672538343311658
67760,1.1076665479294627e-07,2.740532288325999e-07,1.0,1.0,30.673255137532404
67770,1.1353012010255495e-07,2.5574795414039956e-07,1.0,1.0,30.675635510693933
67780,1.0712885053347458e-07,2.5918828355681225e-07,1.0,1.0,30.672983326391314
67790,1.1743450859905407e-07,2.458658603077577e-07,1.0,1.0,30.66762298587985
67800,1.1316299965543885e-07,2.635211868080335e-07,1.0,1.0,30.667708003437944
67810,1.1152623223746559e-07,2.581372932576838e-07,1.0,1.0,30.663937671215617
67820,1.1522035468183639e-07,2.514714851092426e-07,1.0,1.0,30.665429511528018
67830,1.0462217601646301e-07,2.427667490209295e-07,1.0,1.0,30.666852324922584
67840,1.0833199827095914e-07,2.4638883142512575e-07,1.0,1.0,30.670618563662654
67850,1.093873067963026e-07,2.4881838816733554e-07,1.0,1.0,30.670042424143418
67860,1.0274734814600633e-07,2.648389467996283e-07,1.0,1.0,30.669343582410296
67870,1.1549506503516414e-07,2.6041297753112543e-07,1.0,1.0,30.666580158667127
67880,1.2040243495049692e-07,2.574752789129306e-07,1.0,1.0,30.665386238215156
67890,1.0589051689669229e-07,2.3400438544160357e-07,1.0,1.0,30.67023580815341
67900,1.0684822959470684e-07,2.777053750727801e-07,1.0,1.0,30.673023076392607
67910,9.782634021644104e-08,2.465745307002866e-07,1.0,1.0,30.671174073828634
67920,1.0294702045965226e-07,2.648098803790102e-07,1.0,1.0,30.666273323338153
67930,1.2083835570275497e-07,2.4869805676271705e-07,1.0,1.0,30.663719703132795
67940,1.0227212499671637e-07,2.713320046033456e-07,1.0,1.0,30.667385338678475
67950,1.1379508020302424e-07,2.459782900252731e-07,1.0,1.0,30.668898964715783
67960,1.2863074922346047e-07,2.655558964834671e-07,1.0,1.0,30.667895275755217
67970,1.0628034172757837e-07,2.9320164567683967e-07,1.0,1.0,30.67278909696158
67980,1.0009412106584029e-07,2.7636204086565535e-07,1.0,1.0,30.672894972845977
67990,1.0487355818577893e-07,2.6810727671134547e-07,1.0,1.0,30.67578504200668
68000,1.1497930011581229e-07,2.3952812607741654e-07,1.0,1.0,30.671906529982685
68010,1.0410647153471339e-07,2.5413327756886753e-07,1.0,1.0,30.669017769728953
68020,9.989741682542385e-08,2.454295670207429e-07,1.0,1.0,30.663002789371085
68030,9.77949466509347e-08,2.4524869056543993e-07,1.0,1.0,30.661793147776297
68040,1.0288374576627048e-07,2.588235046592973e-07,1.0,1.0,30.66388347825997
68050,1.0897912808937012e-07,2.436902611968515e-07,1.0,1.0,30.668884373844218
68060,1.036843501347859e-07,2.7157151554265423e-07,1.0,1.0,30.673650418880968
68070,1.1515792320863155e-07,2.4117410577758106e-07,1.0,1.0,30.676402053724516
68080,1.105446120399985e-07,2.483438409498864e-07,1.0,1.0,30.672119752440306
68090,1.0877501850850586e-07,2.5680666741756497e-07,1.0,1.0,30.66725102881556
68100,1.0493281867396647e-07,2.5375113739438373e-07,1.0,1.0,30.66886975856752
68110,1.1126513590189784e-07,2.4944860026804845e-07,1.0,1.0,30.66680561940255
68120,9.775439562650317e-08,2.5687441861850895e-07,1.0,1.0,30.665089079238115
68130,1.0443133815996855e-07,2.5564597415286573e-07,1.0,1.0,30.661845589371552
68140,1.1398092538841483e-07,2.6223895146084395e-07,1.0,1.0,30.664639112110702
68150,1.1208803096224651e-07,2.7341750449680385e-07,1.0,1.0,30.668673440643982
68160,1.0506879013122764e-07,2.4924116187920406e-07,1.0,1.0,30.669282143597165
68170,1.0778940800980046e-07,2.591631731495176e-07,1.0,1.0,30.67123708270934
68180,1.1640731579641468e-07,2.482343430781051e-07,1.0,1.0,30.669440529263102
68190,1.0713183793754706e-07,2.661655517961306e-07,1.0,1.0,30.666754137983165
68200,1.0699650237115404e-07,2.8573605980621e-07,1.0,1.0,30.662830144439646
68210,9.917721950734062e-08,2.555110957500714e-07,1.0,1.0,30.66567854163359
68220,1.1323088780636896e-07,2.5182400672247385e-07,1.0,1.0,30.667230417237842
68230,1.2414315922177522e-07,2.492636596074675e-07,1.0,1.0,30.666698754086443
68240,1.0661769526559647e-07,2.480727839067814e-07,1.0,1.0,30.66672270587035
68250,1.1405916860435663e-07,2.7218645931225914e-07,1.0,1.0,30.665552060723897
68260,1.0060690518371662e-07,2.557746405721476e-07,1.0,1.0,30.665595003201563
68270,1.0892570497026368e-07,2.4716681495253455e-07,1.0,1.0,30.663160268570447
68280,9.937231821410301e-08,2.604008712542677e-07,1.0,1.0,30.664804552524796
68290,1.1510036140247744e-07,2.5685944461905136e-07,1.0,1.0,30.668610536670304
68300,1.0874953839497524e-07,2.3609980423898567e-07,1.0,1.0,30.6753204207914
68310,1.0495176854471762e-07,2.387865584672856e-07,1.0,1.0,30.674286665040395
68320,1.153921740706463e-07,2.5249049816775346e-07,1.0,1.0,30.669436892532776
68330,1.0944422320374906e-07,2.519611364595506e-07,1.0,1.0,30.666329505429882
68340,1.0960954653729457e-07,2.5894329548890107e-07,1.0,1.0,30.664753181749685
68350,1.1636242473751403e-07,2.8844390330714863e-07,1.0,1.0,30.665329203349295
68360,1.0659234088072632e-07,2.7107773704543317e-07,1.0,1.0,30.670467575202466
68370,1.1358837765707759e-07,2.626358382838349e-07,1.0,1.0,30.676988608654447
68380,1.0793221417396561e-07,2.354813893647522e-07,1.0,1.0,30.68194541567082
68390,1.0346233795093845e-07,2.704603461285434e-07,1.0,1.0,30.677516232131484
68400,1.171346182701422e-07,2.5312306643085886e-07,1.0,1.0,30.670782980850923
68410,1.0732760403065232e-07,2.5456587888741774e-07,1.0,1.0,30.668662314018302
68420,9.891402792104707e-08,2.6865922345665236e-07,1.0,1.0,30.668659609321466
68430,9.831422174750657e-08,2.4843213285428266e-07,1.0,1.0,30.667964453842277
68440,9.83769225072014e-08,2.4519775511566193e-07,1.0,1.0,30.66464746136256
68450,1.069794181983183e-07,2.5507605510902136e-07,1.0,1.0,30.663497837445362
68460,1.0581356544719152e-07,2.8778201872107255e-07,1.0,1.0,30.665494794661097
68470,1.238799451330179e-07,2.6314884775559095e-07,1.0,1.0,30.670245069492438
68480,1.1129895013128056e-07,2.558486853457733e-07,1.0,1.0,30.678926535317753
68490,1.0236158125178464e-07,2.3890338322017943e-07,1.0,1.0,30.678640851926016
68500,1.1436559454540037e-07,2.7047818679752293e-07,1.0,1.0,30.67330463007544
68510,9.657778303393566e-08,2.513195488036978e-07,1.0,1.0,30.66847452346248
68520,9.472972174197437e-08,2.606574615209864e-07,1.0,1.0,30.664058108350613
68530,1.128368837105282e-07,2.408650829370127e-07,1.0,1.0,30.663167326895124
68540,1.0592996977922328e-07,2.5033201016609223e-07,1.0,1.0,30.664909774641448
68550,1.1402470398865896e-07,2.482712289765436e-07,1.0,1.0,30.664633298743805
68560,1.0225035155285657e-07,2.521712549910077e-07,1.0,1.0,30.663831292717624
68570,1.0900014899658418e-07,2.5306841985830194e-07,1.0,1.0,30.66751869074518
68580,1.1065984019122826e-07,2.4011371270566327e-07,1.0,1.0,30.67440133162071
68590,1.0645500063068786e-07,2.62185334455057e-07,1.0,1.0,30.675776542137204
68600,1.0219403676116049e-07,2.3223290053810266e-07,1.0,1.0,30.676696994887802
68610,1.046454058975956e-07,2.510447478990737e-07,1.0,1.0,30.673960000256614
68620,1.1775890261979555e-07,2.4619999417114915e-07,1.0,1.0,30.66771975787607
68630,1.0450501011340018e-07,2.544977520736558e-07,1.0,1.0,30.66586511208295
68640,1.1025433689658738e-07,2.743823343515701e-07,1.0,1.0,30.665685705328023
68650,1.254242471655346e-07,2.614801074534829e-07,1.0,1.0,30.66613251258722
68660,1.0588495975162076e-07,2.5331021999894104e-07,1.0,1.0,30.668460346160803
68670,1.0129388257453994e-07,2.5090091312981895e-07,1.0,1.0,30.66773049205752
68680,1.1389507550770379e-07,2.527029765781186e-07,1.0,1.0,30.66196870828513
68690,1.0997241530721096e-07,2.491469824736417e-07,1.0,1.0,30.66430670273929
68700,1.0482549472147576e-07,2.440711482337305e-07,1.0,1.0,30.665369853298937
68710,9.76123812365142e-08,2.6751046872461016e-07,1.0,1.0,30.665292858835198
68720,9.741178885961329e-08,2.5272362844187923e-07,1.0,1.0,30.672719113049624
68730,1.1169283767134125e-07,2.3512358883474662e-07,1.0,1.0,30.676794168732787
68740,1.2015012250430845e-07,2.5461940161118693e-07,1.0,1.0,30.675424048732143
68750,1.0490681852241149e-07,2.518522195360767e-07,1.0,1.0,30.669383086109214
68760,1.0242654689406633e-07,2.690089340695884e-07,1.0,1.0,30.66869932384317
68770,9.677737352057266e-08,2.3762565304349427e-07,1.0,1.0,30.672352806457948
68780,1.1946804661010486e-07,2.791095485140731e-07,1.0,1.0,30.670734990156337
68790,9.808188355836149e-08,2.475582919694009e-07,1.0,1.0,30.67160320419334
68800,1.1410137395561345e-07,2.4671779375217194e-07,1.0,1.0,30.66577902599162
68810,1.209836730345941e-07,2.394211296361886e-07,1.0,1.0,30.669055354054464
68820,1.0527741263824833e-07,2.561268859169939e-07,1.0,1.0,30.66949453399126
68830,1.0986239130829787e-07,2.5120456215944406e-07,1.0,1.0,30.667451263413618
68840,1.0797151559823607e-07,2.5649137110086594e-07,1.0,1.0,30.668548017499024
68850,1.0060986095312905e-07,2.525856023268871e-07,1.0,1.0,30.666456273372727
68860,1.1346570652218971e-07,2.478937726582011e-07,1.0,1.0,30.662728516558598
68870,1.0840177653274176e-07,2.4403033441947527e-07,1.0,1.0,30.66233938438838
68880,1.0856307261277417e-07,2.5138636224727535e-07,1.0,1.0,30.664479164315054
68890,1.0759511927011547e-07,2.789145253385845e-07,1.0,1.0,30.667979486633463
68900,1.1074743787594695e-07,2.5204919772872355e-07,1.0,1.0,30.672065306399965
68910,1.048018674415528e-07,2.6252309331650767e-07,1.0,1.0,30.67039914207125
68920,1.2466715126674026e-07,2.6684292074190576e-07,1.0,1.0,30.665232847602855
68930,1.0633930741642027e-07,2.5800447738824e-07,1.0,1.0,30.666952736559917
68940,1.0663396632749406e-07,2.6405526016811567e-07,1.0,1.0,30.666548598075913
68950,1.0988985918044629e-07,3.2763137706314794e-07,1.0,1.0,30.667760389863695
68960,9.794242526279824e-08,2.646555666499729e-07,1.0,1.0,30.676660483634762
68970,1.0297181534409326e-07,2.4812864803750466e-07,1.0,1.0,30.677645161131196
68980,1.224706646042591e-07,2.528590041972168e-07,1.0,1.0,30.670863246200643
68990,1.0851816682380276e-07,2.545758311301166e-07,1.0,1.0,30.665109869108516
69000,1.1109931004689138e-07,2.4516817067310923e-07,1.0,1.0,30.66525153332511
69010,1.1408375743800661e-07,2.4402989917368103e-07,1.0,1.0,30.66706598447652
69020,1.0573994613561409e-07,2.668932584555537e-07,1.0,1.0,30.668086493063864
69030,1.0633119743193667e-07,2.533510920330061e-07,1.0,1.0,30.66318834900162
69040,1.0976145464087847e-07,2.6414547087467854e-07,1.0,1.0,30.660853023098536
69050,1.1660515996769795e-07,3.0217232791744e-07,1.0,1.0,30.663166904887323
69060,1.03080921621097e-07,2.86460257739869e-07,1.0,1.0,30.671592516927966
69070,1.269458825637912e-07,2.3994210645114005e-07,1.0,1.0,30.671181090153688
69080,9.684151516294687e-08,2.5741995896040883e-07,1.0,1.0,30.670726805455597
69090,9.94638397315482e-08,2.5628847348886813e-07,1.0,1.0,30.664466437820092
69100,1.249547419222348e-07,2.5967887635702127e-07,1.0,1.0,30.663173203504442
69110,1.0586755182867026e-07,2.3865420164455017e-07,1.0,1.0,30.672056338725415
69120,9.842353691642887e-08,2.4872054915813057e-07,1.0,1.0,30.678436925317204
69130,1.2228520669692764e-07,2.331351972599617e-07,1.0,1.0,30.671641741062242
69140,1.27210907581933e-07,2.5494243788883194e-07,1.0,1.0,30.667691320388506
69150,9.186745509816741e-08,2.5310923303245946e-07,1.0,1.0,30.665788902104357
69160,1.2801519505504128e-07,2.4831061052503885e-07,1.0,1.0,30.664100760274103
69170,1.177909090877476e-07,2.649337347913403e-07,1.0,1.0,30.663692114808274
69180,1.0949349517477933e-07,2.4708379130381515e-07,1.0,1.0,30.667854533866855
69190,1.0981386338886319e-07,2.460954359349446e-07,1.0,1.0,30.667642468893877
69200,1.2622694514566375e-07,2.466594227637399e-07,1.0,1.0,30.667330884498057
69210,1.0122934895368433e-07,2.5218293263488483e-07,1.0,1.0,30.675698903376222
69220,1.269559007178711e-07,2.580908264880087e-07,1.0,1.0,30.679917501982555
69230,1.1263811261493331e-07,2.3421869012435458e-07,1.0,1.0,30.677992559612804
69240,1.047221386572607e-07,2.459207823495545e-07,1.0,1.0,30.67208949557547
69250,1.0596770568176724e-07,2.631866455760654e-07,1.0,1.0,30.661235337611608
69260,1.0357117447156303e-07,2.5018959528838095e-07,1.0,1.0,30.664088515425412
69270,1.0894970491963871e-07,2.6150086711196783e-07,1.0,1.0,30.665091849712983
69280,1.1728338906829887e-07,2.376659594929006e-07,1.0,1.0,30.662002932308607
69290,1.1123994387241905e-07,2.6089426925793596e-07,1.0,1.0,30.665232431408068
69300,1.116937808539671e-07,2.5423623871975925e-07,1.0,1.0,30.66698571909019
69310,1.2275292809692658e-07,2.426469283759913e-07,1.0,1.0,30.671539834762033
69320,1.1127355324657614e-07,2.5321439166361804e-07,1.0,1.0,30.674915473753675
69330,1.0631931894638654e-07,2.3884099124729024e-07,1.0,1.0,30.676407102189415
69340,1.1300175382010169e-07,2.685330875556603e-07,1.0,1.0,30.67189429017964
69350,1.1007569203859733e-07,2.488172333322624e-07,1.0,1.0,30.66728771011368
69360,1.2047283145764898e-07,2.491796480417788e-07,1.0,1.0,30.66365120069311
69370,1.058233948812932e-07,2.5691325444199247e-07,1.0,1.0,30.664992521246116
69380,1.0706696168701099e-07,2.3860032324894874e-07,1.0,1.0,30.6692008580892
69390,1.0155558077015093e-07,2.6374679530890575e-07,1.0,1.0,30.67113132297087
69400,1.090604432128831e-07,2.576933151179028e-07,1.0,1.0,30.670602127527907
69410,1.1172376216869659e-07,2.505763611784653e-07,1.0,1.0,30.665935078467296
69420,1.1094566658631178e-07,2.52789821142585e-07,1.0,1.0,30.663674397325394
69430,1.3031296660564552e-07,2.4706947754005694e-07,1.0,1.0,30.66426883703228
69440,1.2176530423492567e-07,2.521383601402338e-07,1.0,1.0,30.668298874733587
69450,9.251869867817223e-08,2.4545047705658683e-07,1.0,1.0,30.6664226818688
69460,1.194741829481801e-07,2.5856669521450876e-07,1.0,1.0,30.66461087604951
69470,1.0180227598181383e-07,2.507083708807675e-07,1.0,1.0,30.66753342726378
69480,1.1898400386476675e-07,2.6198964218457203e-07,1.0,1.0,30.669776527225043
69490,1.206072068220702e-07,2.365693177271941e-07,1.0,1.0,30.6669102441519
69500,1.0471411866418013e-07,2.562511599428753e-07,1.0,1.0,30.665573578570207
69510,1.001748719500427e-07,2.6512746620878733e-07,1.0,1.0,30.666742629382984
69520,1.1768852279458467e-07,2.4143814625786824e-07,1.0,1.0,30.664535657724464
69530,9.169240304078424e-08,2.465040454990573e-07,1.0,1.0,30.66622677727084
69540,1.0388943961880068e-07,2.5365950227926507e-07,1.0,1.0,30.663367089894418
69550,1.231131493786754e-07,2.5230356224937826e-07,1.0,1.0,30.666967977166607
69560,1.176159922108931e-07,2.4857957158520754e-07,1.0,1.0,30.671926502947425
69570,1.0171185169664206e-07,2.502060037679427e-07,1.0,1.0,30.67465777977604
69580,1.1763076085506275e-07,2.527359693040414e-07,1.0,1.0,30.668570071191056
69590,1.1063952389463893e-07,2.5553646258893105e-07,1.0,1.0,30.662726828611287
69600,1.286546898128618e-07,2.50698307058518e-07,1.0,1.0,30.66499838052384
69610,1.0844016210372901e-07,3.5821091995548623e-07,1.0,1.0,30.675721028459414
69620,9.872551969988009e-08,2.2976687011396339e-07,1.0,1.0,30.684985745091655
69630,1.0024804588328619e-07,2.38782800651762e-07,1.0,1.0,30.67729755199674
69640,1.217937203141911e-07,2.651277556235179e-07,1.0,1.0,30.666951721737497
69650,1.0731271154736275e-07,2.5367470503709696e-07,1.0,1.0,30.66357082480832
69660,1.0751033040659757e-07,2.522435709767283e-07,1.0,1.0,30.663157436739134
69670,1.1223513814868602e-07,2.539311898503127e-07,1.0,1.0,30.661076291943566
69680,1.0101184411932882e-07,2.5461389371741035e-07,1.0,1.0,30.66276828396572
69690,9.874358989706902e-08,2.430712411427874e-07,1.0,1.0,30.666543146231486
69700,1.0700178227366979e-07,2.7225479206441345e-07,1.0,1.0,30.669243939748643
69710,1.0603075260139062e-07,2.389140119022763e-07,1.0,1.0,30.671825643103546
69720,1.0778309674267385e-07,2.5641158819610554e-07,1.0,1.0,30.667536471852895
69730,1.1100958240409178e-07,2.474404802238075e-07,1.0,1.0,30.662350540831724
69740,1.0775839041628832e-07,2.6592225474747197e-07,1.0,1.0,30.66322455201425
69750,1.0048408144277586e-07,2.449714498524347e-07,1.0,1.0,30.666867117798535
69760,1.130816373352643e-07,2.4112568631057766e-07,1.0,1.0,30.664211401903703
69770,1.0837561980039097e-07,2.652717246875906e-07,1.0,1.0,30.6629472485481
69780,1.1812742037754165e-07,2.487222785630763e-07,1.0,1.0,30.664591655739287
69790,1.1200617977979357e-07,2.5755052065846976e-07,1.0,1.0,30.665269920788507
69800,1.1492874274123574e-07,2.4926876375205347e-07,1.0,1.0,30.663705573053498
69810,1.1336953848871511e-07,2.613894062206518e-07,1.0,1.0,30.660509457530807
69820,1.0895883973121142e-07,2.651305110992133e-07,1.0,1.0,30.662635531662104
69830,1.1767669029066583e-07,2.6218256444841307e-07,1.0,1.0,30.66470080115923
69840,1.1144569208518474e-07,2.446537428145029e-07,1.0,1.0,30.668625602435622
69850,1.150215556296503e-07,2.4492183893078565e-07,1.0,1.0,30.668074953573825
69860,1.0379724674041887e-07,2.4315449909986796e-07,1.0,1.0,30.665172522455343
69870,9.932453010081884e-08,2.583366179981435e-07,1.0,1.0,30.666150232102453
69880,9.609785155951851e-08,2.534832114527427e-07,1.0,1.0,30.6625928144514
69890,1.0485089419580392e-07,2.473367005127171e-07,1.0,1.0,30.665405947295415
69900,1.0850779016230337e-07,2.405676479775532e-07,1.0,1.0,30.663963085271792
69910,1.3130400669436653e-07,2.4911099581574434e-07,1.0,1.0,30.662870139359192
69920,1.125240052975714e-07,2.44179417174468e-07,1.0,1.0,30.664394418532066
69930,1.0488050635662518e-07,2.4310377848617753e-07,1.0,1.0,30.665071188806905
69940,1.196401865131675e-07,2.473263349965578e-07,1.0,1.0,30.663410993331595
69950,1.0465273153160348e-07,2.4380878371091093e-07,1.0,1.0,30.667099899979686
69960,1.0884006589732735e-07,2.546316279904254e-07,1.0,1.0,30.666516362846885
69970,1.1531036821278656e-07,2.47391847229664e-07,1.0,1.0,30.664997709105698
69980,1.1174208910410665e-07,2.4462415153262385e-07,1.0,1.0,30.661124118453497
69990,1.0627829198357219e-07,2.4531856164898425e-07,1.0,1.0,30.660635360179693
70000,1.2102298320082987e-07,2.717132440955777e-07,1.0,1.0,30.664399181308312
70010,1.1501214145813006e-07,2.4380062881294125e-07,1.0,1.0,30.672455931043704
70020,9.666549724009704e-08,3.0316088724608823e-07,1.0,1.0,30.675904298487215
70030,9.850993858900535e-08,2.435938159236287e-07,1.0,1.0,30.672470245981962
70040,1.172289566370207e-07,2.452359236780587e-07,1.0,1.0,30.666461449870415
70050,1.0059231142479238e-07,2.3526137570526535e-07,1.0,1.0,30.663893992485868
70060,1.1765244291794927e-07,2.667340458613646e-07,1.0,1.0,30.662131840653583
70070,1.2732920329665197e-07,2.5204192606359277e-07,1.0,1.0,30.665627701824423
70080,1.1092380293345313e-07,2.481692558927915e-07,1.0,1.0,30.670085475201176
70090,1.0476530169858532e-07,2.4950933966323924e-07,1.0,1.0,30.66769461257269
70100,1.0736328505711238e-07,2.546568236817962e-07,1.0,1.0,30.666555905121637
70110,1.1025436619979773e-07,2.6832866709965523e-07,1.0,1.0,30.66275931207539
70120,1.1083915574746981e-07,2.803446929707844e-07,1.0,1.0,30.661105632303087
70130,1.0205515445643244e-07,2.7340173035238336e-07,1.0,1.0,30.667417493814366
70140,1.1530736187166056e-07,2.387800528388342e-07,1.0,1.0,30.6711401172103
70150,1.2311958299981998e-07,2.556930293889572e-07,1.0,1.0,30.664609899832215
70160,1.0108400713655683e-07,2.7204940945717627e-07,1.0,1.0,30.662079273121265
70170,1.0695467356118888e-07,2.561777785266606e-07,1.0,1.0,30.666229138287967
70180,1.0854668595415458e-07,3.0856772271186566e-07,1.0,1.0,30.672291912480116
70190,1.0139975158139609e-07,2.4131992828220575e-07,1.0,1.0,30.67967803681472
70200,9.676968050915104e-08,2.5104329341402e-07,1.0,1.0,30.683384496782043
70210,9.560758066457729e-08,2.7097815523971015e-07,1.0,1.0,30.677832946564397
70220,1.0155462186447396e-07,2.388921864767707e-07,1.0,1.0,30.66744696297196
70230,1.0511998385512507e-07,2.984970484018874e-07,1.0,1.0,30.659712731972125
70240,1.200986203952406e-07,3.0075085570081295e-07,1.0,1.0,30.659247435697278
70250,9.839535705242176e-08,2.539147414109604e-07,1.0,1.0,30.667857426094237
70260,9.94199904489164e-08,2.4393708563750184e-07,1.0,1.0,30.667118369899168
70270,1.1050542787673675e-07,2.556404174865935e-07,1.0,1.0,30.6634443427142
70280,1.1279702867705895e-07,2.5892102665766836e-07,1.0,1.0,30.661925845372355
70290,1.0851977607181795e-07,2.550498307728904e-07,1.0,1.0,30.663012738333247
70300,1.0772517154006239e-07,2.446626487734829e-07,1.0,1.0,30.66254181683297
70310,1.1601584037076979e-07,2.45208469424656e-07,1.0,1.0,30.66883432965802
70320,1.0029143344856086e-07,2.5187622765977146e-07,1.0,1.0,30.670760831491304
70330,1.1488462195037203e-07,2.444623186901702e-07,1.0,1.0,30.671010955202807
70340,1.1058324097038926e-07,2.572484188997248e-07,1.0,1.0,30.665895472766156
70350,1.030552986107487e-07,2.584230449627309e-07,1.0,1.0,30.664526612633527
70360,1.062091620557224e-07,2.4575253610894313e-07,1.0,1.0,30.662244065241698
70370,1.203225090723251e-07,2.5473954048870317e-07,1.0,1.0,30.66122019678055
70380,1.1148488072881102e-07,2.47550343917808e-07,1.0,1.0,30.6631342314935
70390,1.0709042228493755e-07,2.5104671498631455e-07,1.0,1.0,30.662055393652103
70400,1.1804417196355198e-07,2.506832933620819e-07,1.0,1.0,30.662773644961412
70410,9.671568857166605e-08,2.5156783156614696e-07,1.0,1.0,30.66273003753263
70420,1.1199189832942168e-07,2.4162427515819676e-07,1.0,1.0,30.660579610391302
70430,1.0173395419857865e-07,2.507475518251312e-07,1.0,1.0,30.664535497352976
70440,1.1429798247902803e-07,2.4078834971063965e-07,1.0,1.0,30.666075685716606
70450,1.2945146006071457e-07,2.573128959147532e-07,1.0,1.0,30.665979173186663
70460,1.0880134388368841e-07,2.5560045294591243e-07,1.0,1.0,30.66746346162129
70470,1.1926963475710598e-07,2.599699471168197e-07,1.0,1.0,30.66331276253992
70480,9.695133911337687e-08,2.6028068784337075e-07,1.0,1.0,30.66439943717923
70490,1.333438950607199e-07,2.5509282520713653e-07,1.0,1.0,30.66519523669581
70500,1.0496198534590095e-07,2.5407021234296817e-07,1.0,1.0,30.666864607225897
70510,1.179751675932992e-07,2.7305104900973746e-07,1.0,1.0,30.660246430000193
70520,1.1140409535457511e-07,2.540152896879973e-07,1.0,1.0,30.66108029618989
70530,8.879303294978943e-08,2.589417843088842e-07,1.0,1.0,30.66204125978352
70540,1.0439244693966603e-07,2.513720257088776e-07,1.0,1.0,30.659030146491563
70550,1.0318310933516113e-07,2.4710053483049814e-07,1.0,1.0,30.66046241517358
70560,1.1425271273631219e-07,2.667351526168887e-07,1.0,1.0,30.661500270235248
70570,1.1205261251936889e-07,2.570626007641822e-07,1.0,1.0,30.661713336387688
70580,1.1278622613035252e-07,2.3838221656470833e-07,1.0,1.0,30.658526826949686
70590,9.493357971277804e-08,2.5010627299212756e-07,1.0,1.0,30.660638715916924
70600,1.1101885874115056e-07,2.5489042513861e-07,1.0,1.0,30.66461723542366
70610,1.1912078781594768e-07,2.5145077664469345e-07,1.0,1.0,30.669411935499163
70620,9.570930034674624e-08,2.455376507622242e-07,1.0,1.0,30.67091872874054
70630,1.1421143686908882e-07,2.633077360822644e-07,1.0,1.0,30.66677203411487
70640,9.929051688482122e-08,2.3988336995429203e-07,1.0,1.0,30.670598533100147
70650,1.0230902268866283e-07,2.517875260927238e-07,1.0,1.0,30.672001683039642
70660,1.2243114648313231e-07,2.449083655668793e-07,1.0,1.0,30.667920391733038
70670,1.1197701725621331e-07,2.3860532002588825e-07,1.0,1.0,30.668002960775556
70680,1.0901280171156741e-07,2.47834292214831e-07,1.0,1.0,30.663483816892747
70690,1.2967620430555938e-07,2.581434288757484e-07,1.0,1.0,30.661332952477228
70700,1.1519295302728095e-07,2.3985100208461256e-07,1.0,1.0,30.661373609705628
70710,1.0582262052593269e-07,2.4569121203789056e-07,1.0,1.0,30.663739688578193
70720,1.2695216611620766e-07,2.5249473300538323e-07,1.0,1.0,30.662585553226776
70730,1.0432655957007457e-07,2.390896193500717e-07,1.0,1.0,30.66363700221791
70740,1.0287756130743738e-07,2.503405461275117e-07,1.0,1.0,30.66416204289534
70750,1.0583834633869528e-07,2.636704531900932e-07,1.0,1.0,30.659687352692064
70760,1.1452712751111354e-07,2.4678060987307305e-07,1.0,1.0,30.662510413245563
70770,9.904447799677358e-08,2.4921584892169994e-07,1.0,1.0,30.667081784574776
70780,1.0877848699496407e-07,2.415284339322761e-07,1.0,1.0,30.664816222288202
70790,1.1194163344976346e-07,2.484514744221729e-07,1.0,1.0,30.661416372283913
70800,1.1091292749883616e-07,2.497020280367024e-07,1.0,1.0,30.660961301254044
70810,1.3645162285007887e-07,2.524189776520952e-07,1.0,1.0,30.65980418867152
70820,1.0979077968836639e-07,2.454256659867261e-07,1.0,1.0,30.666637026773675
70830,9.680630546990762e-08,2.552802012122842e-07,1.0,1.0,30.66740932063222
70840,1.1892363029030346e-07,2.5239670528967947e-07,1.0,1.0,30.65782868238834
70850,1.0527868381619216e-07,2.5682283557223434e-07,1.0,1.0,30.659532236405926
70860,1.0535618044925432e-07,2.4852479454512794e-07,1.0,1.0,30.663142211270223
70870,1.0705385787178976e-07,3.0087308296252137e-07,1.0,1.0,30.661133071978902
70880,1.0974285573395261e-07,2.560727895209913e-07,1.0,1.0,30.666568498771344
70890,1.0455485012685163e-07,2.480569136565399e-07,1.0,1.0,30.66509891422161
70900,1.2078271198884203e-07,2.4904797454532117e-07,1.0,1.0,30.661431573121927
70910,1.073052912503551e-07,2.6457995998901765e-07,1.0,1.0,30.66279094057044
70920,1.1333976950321561e-07,2.6190144238508916e-07,1.0,1.0,30.667732268033237
70930,1.3161996349108411e-07,2.573445032743956e-07,1.0,1.0,30.665857279975903
70940,9.78164285988715e-08,2.677859755077953e-07,1.0,1.0,30.665719020468632
70950,1.0870451475620607e-07,2.466457687913091e-07,1.0,1.0,30.662731616453243
70960,1.1892866572902526e-07,2.5310862812914983e-07,1.0,1.0,30.658401546770623
70970,1.0565752190597051e-07,2.5136505773093885e-07,1.0,1.0,30.659643012693234
70980,1.090334718921461e-07,2.446672459454314e-07,1.0,1.0,30.660762294189364
70990,1.1765222345453413e-07,2.470194798895651e-07,1.0,1.0,30.65775794256692
71000,1.0352690629886926e-07,2.646413789251801e-07,1.0,1.0,30.6627040332885
71010,9.851379460295741e-08,2.442366262766093e-07,1.0,1.0,30.66046657773167
71020,1.1111714522157754e-07,2.458124538273227e-07,1.0,1.0,30.658656985208516
71030,1.1083049255554574e-07,2.632979495794093e-07,1.0,1.0,30.65699136481446
71040,1.0733994369065032e-07,2.5103643039789004e-07,1.0,1.0,30.657837886495372
71050,1.317778058704393e-07,2.4626801463561415e-07,1.0,1.0,30.661764329068017
71060,1.1901994255360962e-07,2.5746139351618156e-07,1.0,1.0,30.66264560188602
71070,9.583444220875111e-08,2.4534001626068016e-07,1.0,1.0,30.66148614843937
71080,1.3328312328652323e-07,2.4613950378809873e-07,1.0,1.0,30.658100901545733
71090,1.036801229090474e-07,2.537657255632263e-07,1.0,1.0,30.660623883273615
71100,1.0707417479212887e-07,2.5149965072074737e-07,1.0,1.0,30.660891376944313
71110,1.1074934562266071e-07,2.557450024852345e-07,1.0,1.0,30.66122634941902
71120,1.0624113285507241e-07,2.4698676645049774e-07,1.0,1.0,30.663146138399604
71130,1.1458389149768505e-07,2.403302143604222e-07,1.0,1.0,30.662658318514517
71140,1.1668693782490154e-07,2.582373911727677e-07,1.0,1.0,30.66054264564535
71150,1.0647132012520658e-07,2.4257013561380824e-07,1.0,1.0,30.66159928808198
71160,1.0442970363457912e-07,2.695013544781991e-07,1.0,1.0,30.66261025087052
71170,1.1274978038834126e-07,2.537271020774009e-07,1.0,1.0,30.66463323955095
71180,1.0100432839465583e-07,2.4569753893880616e-07,1.0,1.0,30.659967786677445
71190,1.2468903295422075e-07,2.626645513634435e-07,1.0,1.0,30.657673026264355
71200,1.1337879572577381e-07,2.52728494501789e-07,1.0,1.0,30.663950799082677
71210,9.518540052117069e-08,2.390978693141651e-07,1.0,1.0,30.66240536153541
71220,1.0103892412174252e-07,2.655214604788311e-07,1.0,1.0,30.661782858947024
71230,1.2655923345167086e-07,2.5540230529109735e-07,1.0,1.0,30.65959983989603
71240,1.0674221434471382e-07,2.503718305803388e-07,1.0,1.0,30.663937428902702
71250,1.0963211192163511e-07,2.501603509188724e-07,1.0,1.0,30.67158965569229
71260,1.0367364282076927e-07,2.4934165662611877e-07,1.0,1.0,30.67233661493828
71270,1.0154839684079353e-07,2.425526845394242e-07,1.0,1.0,30.667045283060936
71280,1.007756310481157e-07,2.6895208649764137e-07,1.0,1.0,30.659145967012005
71290,1.1817054462269998e-07,2.5391982359950523e-07,1.0,1.0,30.654950651833126
71300,1.0263706026412856e-07,2.743839897082378e-07,1.0,1.0,30.656635257294333
71310,1.0136232067930677e-07,2.624791897363089e-07,1.0,1.0,30.660840035972228
71320,1.2411724094908265e-07,2.7678905207426984e-07,1.0,1.0,30.66754067340884
71330,1.0304285246125213e-07,2.3371952887336901e-07,1.0,1.0,30.671197911843954
71340,1.1036340560043038e-07,2.44264026519609e-07,1.0,1.0,30.665077590909636
71350,1.2649127988500125e-07,2.479259500696457e-07,1.0,1.0,30.655262854400437
71360,1.0939053359199126e-07,2.6601873592044467e-07,1.0,1.0,30.655679876104628
71370,1.0870592441207181e-07,2.505864973757317e-07,1.0,1.0,30.66141957642973
71380,1.230159656638763e-07,2.8616089202848267e-07,1.0,1.0,30.66839602594663
71390,1.0392215139237875e-07,2.4264866531458327e-07,1.0,1.0,30.674819147975228
71400,1.0724019065077942e-07,2.3289295094156992e-07,1.0,1.0,30.672580459490117
71410,1.1132353500508935e-07,2.373751579049416e-07,1.0,1.0,30.660863044219624
71420,1.0682949308691159e-07,2.5076962807852667e-07,1.0,1.0,30.657059973859134
71430,1.0695831805367079e-07,2.5032821718881554e-07,1.0,1.0,30.656751009997542
71440,1.2618589313627344e-07,2.5323191713490304e-07,1.0,1.0,30.656779399640673
71450,1.1098443802897075e-07,2.536719373073085e-07,1.0,1.0,30.66064562332289
71460,1.1176025792552052e-07,2.4875558947852655e-07,1.0,1.0,30.66300837185439
71470,1.1115703166238117e-07,2.511668253207558e-07,1.0,1.0,30.661336367061008
71480,1.1804093511669746e-07,2.496087232266333e-07,1.0,1.0,30.66085287464963
71490,1.1755048714458205e-07,2.5120830747628936e-07,1.0,1.0,30.660674445933157
71500,1.1276768636666722e-07,2.513437745298565e-07,1.0,1.0,30.661102289835167
71510,9.785425431144652e-08,2.506447006213582e-07,1.0,1.0,30.65679598657657
71520,1.0864735290029268e-07,2.5112011361435996e-07,1.0,1.0,30.656715185372903
71530,1.1800600594661347e-07,2.5214260262701963e-07,1.0,1.0,30.659930271844882
71540,1.0722076986220545e-07,2.4387208673612893e-07,1.0,1.0,30.66154945780667
71550,9.999769282788652e-08,2.6079070070949967e-07,1.0,1.0,30.661930569494473
71560,1.2355758527328462e-07,2.4904180847007613e-07,1.0,1.0,30.66490142908381
71570,1.044574811268533e-07,2.514201440763746e-07,1.0,1.0,30.666916320761374
71580,1.1856299008634895e-07,2.543828071526923e-07,1.0,1.0,30.66859864503229
71590,1.0051202323864342e-07,2.533809670995542e-07,1.0,1.0,30.66311349908681
71600,1.1699691147046834e-07,2.562483737778198e-07,1.0,1.0,30.658938457344163
71610,1.041885461287826e-07,2.729550535379677e-07,1.0,1.0,30.659577479959008
71620,1.0922967183847292e-07,2.65894421829376e-07,1.0,1.0,30.65922008241249
71630,1.2183033682257913e-07,2.415652694903416e-07,1.0,1.0,30.66008936565882
71640,1.0285672990406257e-07,2.4111203552858037e-07,1.0,1.0,30.658859574017068
71650,1.2076169533692137e-07,2.723489326786881e-07,1.0,1.0,30.65817227630732
71660,1.0179125838086077e-07,2.538027828224845e-07,1.0,1.0,30.659910923466374
71670,9.914752649909272e-08,2.407764815820783e-07,1.0,1.0,30.658636419617654
71680,1.2599949929402533e-07,2.505548464531637e-07,1.0,1.0,30.660280885178533
71690,1.1267845089108082e-07,2.5229137330815026e-07,1.0,1.0,30.665086531091468
71700,9.815686367274809e-08,2.720686131364244e-07,1.0,1.0,30.66644617801655
71710,1.074649800334068e-07,2.597612747395208e-07,1.0,1.0,30.660959336418355
71720,1.1175910142097708e-07,2.4213324887578573e-07,1.0,1.0,30.658974022118667
71730,9.896808363148686e-08,2.738658075554581e-07,1.0,1.0,30.658367860962088
71740,1.2091548128798429e-07,3.0818987713056366e-07,1.0,1.0,30.658158115133418
71750,1.1463715284195099e-07,2.5169070454713554e-07,1.0,1.0,30.661042057075505
71760,1.0433507266960481e-07,2.491360917844023e-07,1.0,1.0,30.66034563040937
71770,1.1816047104015804e-07,2.6210816517566756e-07,1.0,1.0,30.654118816070216
71780,1.1172640715087388e-07,2.6337899753405976e-07,1.0,1.0,30.657317851344462
71790,1.0602299889134842e-07,2.552419965369995e-07,1.0,1.0,30.660668494726686
71800,1.2063147492338705e-07,2.584128887518895e-07,1.0,1.0,30.658803911068258
71810,1.2095997595621193e-07,2.487288146693426e-07,1.0,1.0,30.664126446481287
71820,9.863590863922573e-08,2.4399577961498944e-07,1.0,1.0,30.66317357115716
71830,1.1126718143378468e-07,2.515557248892368e-07,1.0,1.0,30.659685121533286
71840,1.1135098472980466e-07,2.6441058548652167e-07,1.0,1.0,30.66174464255671
71850,1.0140419835629836e-07,2.6438632640330083e-07,1.0,1.0,30.664314291399677
71860,1.3026200671179667e-07,2.4220593738522405e-07,1.0,1.0,30.66117621712481
71870,1.2219281529187504e-07,2.517203384133443e-07,1.0,1.0,30.66229069418275
71880,9.249527202071959e-08,2.442461051106346e-07,1.0,1.0,30.659917821756007
71890,1.0604989986309243e-07,2.662329994497126e-07,1.0,1.0,30.655873628854096
71900,1.0493737866775606e-07,2.4603183930335875e-07,1.0,1.0,30.654726651672682
71910,1.0566504033038974e-07,2.602455535692134e-07,1.0,1.0,30.656096864543184
71920,1.1473158986791934e-07,2.5592754005876525e-07,1.0,1.0,30.655223712251455
71930,1.0969961257351859e-07,2.5814189111027944e-07,1.0,1.0,30.65649358085586
71940,9.310774808928521e-08,2.6009230429650726e-07,1.0,1.0,30.66098072588645
71950,1.006915608571235e-07,2.525432723182629e-07,1.0,1.0,30.661282232708984
71960,1.0613778387908567e-07,2.63111029422857e-07,1.0,1.0,30.661774477659144
71970,1.0418891138166362e-07,2.833806767373139e-07,1.0,1.0,30.660017254717516
71980,1.1771744886052326e-07,2.6963082723204356e-07,1.0,1.0,30.65959548730571
71990,1.1221438354137367e-07,2.6681831929100764e-07,1.0,1.0,30.662038202343695
72000,1.0564144027417843e-07,2.8462833146373615e-07,1.0,1.0,30.665852635441006
72010,1.1034624063372366e-07,2.551294689389911e-07,1.0,1.0,30.668279610531663
72020,1.0084964867746213e-07,2.4738034887594454e-07,1.0,1.0,30.668009261082553
72030,1.0657958822395764e-07,2.621843507296276e-07,1.0,1.0,30.667565394037325
72040,1.1582417528354708e-07,2.5710208851429733e-07,1.0,1.0,30.664414730468707
72050,1.1060439267576141e-07,2.4435208932820965e-07,1.0,1.0,30.657817384618788
72060,1.0323394035283703e-07,2.4978458667740096e-07,1.0,1.0,30.656955046180013
72070,1.1919378090335473e-07,2.490188403121057e-07,1.0,1.0,30.656085479390796
72080,1.1160124655115117e-07,2.6282973235813947e-07,1.0,1.0,30.656684899937606
72090,1.0212348714259694e-07,2.4906574594869645e-07,1.0,1.0,30.657143050435085
72100,1.2945355735161078e-07,2.528633970049929e-07,1.0,1.0,30.654900133122496
72110,1.2180038925804425e-07,2.445266895986696e-07,1.0,1.0,30.65768277667
72120,1.0362548368911458e-07,2.660985032589623e-07,1.0,1.0,30.65963968128683
72130,1.1461771945427719e-07,2.773876802818815e-07,1.0,1.0,30.658072427046882
72140,1.0257053002425308e-07,2.4946085798078606e-07,1.0,1.0,30.66345416594082
72150,1.1039322808630682e-07,2.635584056811234e-07,1.0,1.0,30.663962213074235
72160,1.1656096045493508e-07,2.577433386455792e-07,1.0,1.0,30.660620404715644
72170,1.0941312533212438e-07,2.4192165461201196e-07,1.0,1.0,30.66039812624358
72180,1.0515858205422896e-07,2.5208471650807273e-07,1.0,1.0,30.66371586304974
72190,1.1638642062038826e-07,2.533950554818501e-07,1.0,1.0,30.66126456565987
72200,1.1699270382987594e-07,2.829930842592603e-07,1.0,1.0,30.65882596456954
72210,9.89936730079031e-08,2.4195676375163214e-07,1.0,1.0,30.65781606954768
72220,1.1204698024757271e-07,2.5247998017956085e-07,1.0,1.0,30.65673977877668
72230,1.2633093070196038e-07,2.475646854693571e-07,1.0,1.0,30.660713579676607
72240,1.020073397846497e-07,2.4583565889775943e-07,1.0,1.0,30.66484042508929
72250,1.0419713426506321e-07,2.696803722818486e-07,1.0,1.0,30.66027689035084
72260,1.0480572000754645e-07,2.686691302283718e-07,1.0,1.0,30.656823268464528
72270,9.9117912677048e-08,2.7750126938940846e-07,1.0,1.0,30.656371801321143
72280,1.2434158971823085e-07,2.39948206527197e-07,1.0,1.0,30.65489490355209
72290,1.0577598728706906e-07,2.8767443292084575e-07,1.0,1.0,30.662730227471968
72300,1.2321616537642893e-07,2.4626826186552033e-07,1.0,1.0,30.666593358432518
72310,1.0872772789275324e-07,2.5584708447006005e-07,1.0,1.0,30.66887590396849
72320,1.1097858805573452e-07,2.504906208524782e-07,1.0,1.0,30.666078519279484
72330,9.479803820163331e-08,2.3906702601786985e-07,1.0,1.0,30.662837835248773
72340,1.1853201278590866e-07,2.6527853554928883e-07,1.0,1.0,30.65916743588688
72350,9.965232417481877e-08,2.682407336844292e-07,1.0,1.0,30.659648378309125
72360,1.1188727734714085e-07,2.5484791627772807e-07,1.0,1.0,30.660585842057852
72370,1.1381214416115595e-07,2.5295264152400253e-07,1.0,1.0,30.666125005737076
72380,1.0902044135452571e-07,2.422805431123145e-07,1.0,1.0,30.66984728487898
72390,1.0509317699516819e-07,2.5068389633932417e-07,1.0,1.0,30.668835506740542
72400,1.0565572922070151e-07,2.5330481893807383e-07,1.0,1.0,30.66226925364685
72410,1.021781737055678e-07,2.496568744648448e-07,1.0,1.0,30.658257244926478
72420,1.07994720653612e-07,2.633742616858244e-07,1.0,1.0,30.654817390588352
72430,1.18856726294498e-07,2.7617263921952284e-07,1.0,1.0,30.652935595196272
72440,1.1334449301747968e-07,2.4215874585077916e-07,1.0,1.0,30.656676713374225
72450,1.0406275435125566e-07,2.5415279113729594e-07,1.0,1.0,30.661161183449824
72460,1.1283839875797882e-07,2.422511868177552e-07,1.0,1.0,30.661574795800412
72470,1.1090377877748913e-07,2.463741816622427e-07,1.0,1.0,30.663959469520133
72480,1.067638448727573e-07,2.494685435858896e-07,1.0,1.0,30.66409316734262
72490,1.1012513967864349e-07,2.5756832531355244e-07,1.0,1.0,30.66580302378575
72500,1.1504160059166616e-07,2.4642448514173315e-07,1.0,1.0,30.66625800813099
72510,1.0180416443977834e-07,2.626242075679402e-07,1.0,1.0,30.66266968442493
72520,1.2467380746993328e-07,2.574023119342558e-07,1.0,1.0,30.659563036069233
72530,1.0838795757572923e-07,2.5566722059384446e-07,1.0,1.0,30.661153033521167
72540,1.0099973811094044e-07,2.6647118054251605e-07,1.0,1.0,30.659139287379478
72550,1.188467398132501e-07,2.5403746309520547e-07,1.0,1.0,30.656448898709872
72560,1.0752609043115895e-07,2.513783585394635e-07,1.0,1.0,30.66123546640466
72570,1.0870861439434037e-07,2.540878938003458e-07,1.0,1.0,30.66378574667026
72580,1.1316475474516697e-07,2.433419694985044e-07,1.0,1.0,30.663581804010757
72590,1.0461231173589996e-07,2.439828665515552e-07,1.0,1.0,30.66362789747176
72600,1.0617238785493986e-07,2.6541669068801163e-07,1.0,1.0,30.65891995426062
72610,1.2788005270334406e-07,2.661255346798787e-07,1.0,1.0,30.656320868794698
72620,9.265540054020555e-08,2.532107651486722e-07,1.0,1.0,30.658845812567144
72630,9.564590573946796e-08,2.764580719300974e-07,1.0,1.0,30.660603523786595
72640,1.1527082805353023e-07,2.450806685352393e-07,1.0,1.0,30.663091017991846
72650,1.1619184061958086e-07,2.725018501047113e-07,1.0,1.0,30.66077610544147
72660,1.027433248281756e-07,2.61064664128251e-07,1.0,1.0,30.662699098718114
72670,1.1687107580926123e-07,2.5251518516855187e-07,1.0,1.0,30.65837291612336
72680,1.1634470595355154e-07,2.7972858452468945e-07,1.0,1.0,30.659773739581095
72690,1.0688804212688254e-07,2.706447434367256e-07,1.0,1.0,30.663244643786715
72700,1.287789715453182e-07,2.6622165117721186e-07,1.0,1.0,30.67103277230955
72710,1.1488676008065456e-07,2.60348092553315e-07,1.0,1.0,30.676350260424734
72720,1.167743362085788e-07,2.3837453428806804e-07,1.0,1.0,30.675759198055278
72730,9.639037288702956e-08,2.3358566161605254e-07,1.0,1.0,30.672994993232585
72740,1.0214599249137926e-07,2.4979017540362334e-07,1.0,1.0,30.663710437157384
72750,1.0316189175516032e-07,2.5196741412617915e-07,1.0,1.0,30.6558230095449
72760,1.191358638248275e-07,2.579982457551368e-07,1.0,1.0,30.654048940674233
72770,1.1061522527415776e-07,2.7507213419415154e-07,1.0,1.0,30.65467382305699
72780,1.0922245036921147e-07,2.570578404322275e-07,1.0,1.0,30.659686434562715
72790,1.3218754570446638e-07,2.524110800011681e-07,1.0,1.0,30.658993074077497
72800,1.1383237440010578e-07,2.5417040516505013e-07,1.0,1.0,30.661126941443896
72810,1.1752517609392298e-07,2.375972930908619e-07,1.0,1.0,30.6620910866279
72820,1.100752526327709e-07,2.5951002184553317e-07,1.0,1.0,30.661842084096318
72830,1.0533982260331398e-07,2.496113397246225e-07,1.0,1.0,30.66603354640229
72840,1.1415728946583753e-07,2.6415633833254604e-07,1.0,1.0,30.665129045286797
72850,1.1515422304995892e-07,2.561853349551013e-07,1.0,1.0,30.66525253735719
72860,1.2053691439892943e-07,2.613077660956935e-07,1.0,1.0,30.66588126279023
72870,1.0288700837692872e-07,2.4392464307793744e-07,1.0,1.0,30.668366556828747
72880,1.0723300277817458e-07,2.5106062412278363e-07,1.0,1.0,30.66662221454326
72890,1.1227121953646306e-07,2.570211530553853e-07,1.0,1.0,30.666850432061572
72900,1.0140156563697106e-07,2.573128751283358e-07,1.0,1.0,30.663953710561596
72910,1.202280292809246e-07,2.463911202883326e-07,1.0,1.0,30.658549560627044
72920,9.572164798958095e-08,2.534256078390095e-07,1.0,1.0,30.663112563434982
72930,1.0694754010920346e-07,2.5821135405396274e-07,1.0,1.0,30.661069016452824
72940,1.236528787634193e-07,2.522966307519684e-07,1.0,1.0,30.65859010548786
72950,1.0190587300521583e-07,2.445894524207149e-07,1.0,1.0,30.65887062960116
72960,9.462519865823693e-08,2.5965848225878893e-07,1.0,1.0,30.659737910968367
72970,1.2208777557111978e-07,2.5291031762532614e-07,1.0,1.0,30.656620144087412
72980,1.114534812778106e-07,2.4167081086793787e-07,1.0,1.0,30.661699166058586
72990,1.0638815670721572e-07,2.57942777782605e-07,1.0,1.0,30.66146908403727
73000,1.1756951054544857e-07,2.4719625799429017e-07,1.0,1.0,30.6613265627071
73010,1.0658457638114406e-07,2.526379111408012e-07,1.0,1.0,30.665490325539526
73020,1.1069182187262014e-07,2.40633773835024e-07,1.0,1.0,30.67158986451361
73030,1.020890863665439e-07,2.590002580543826e-07,1.0,1.0,30.672583962273162
73040,1.0193356171503962e-07,2.5094037981104754e-07,1.0,1.0,30.670335231804305
73050,1.0276323660650616e-07,2.575266271045505e-07,1.0,1.0,30.664936083103164
73060,1.1258451217730302e-07,2.7587833928456047e-07,1.0,1.0,30.661285494715116
73070,1.002000466174948e-07,2.3346734790086308e-07,1.0,1.0,30.661977033668503
73080,1.0522388230024856e-07,2.653140166946982e-07,1.0,1.0,30.66141394939627
73090,1.2127878405724476e-07,2.440880435877787e-07,1.0,1.0,30.666043318011518
73100,9.835307620565352e-08,2.699620111716573e-07,1.0,1.0,30.66679977640916
73110,1.0547592795048273e-07,2.471612059687742e-07,1.0,1.0,30.664091172317367
73120,1.1335998489364754e-07,2.569388161610097e-07,1.0,1.0,30.657692744617087
73130,1.0813156738081586e-07,3.0342951404271904e-07,1.0,1.0,30.66363245248333
73140,1.1395799184965673e-07,2.370268412122457e-07,1.0,1.0,30.668976557220837
73150,1.1209489922707714e-07,2.5413416163623225e-07,1.0,1.0,30.66440025147115
73160,1.0946966073171968e-07,2.9475837211910045e-07,1.0,1.0,30.660674831143172
73170,1.0205158090589764e-07,2.5790598520942377e-07,1.0,1.0,30.660962957672105
73180,1.150482996834954e-07,2.41817752649338e-07,1.0,1.0,30.657857333380633
73190,1.1436068047243091e-07,2.597706561678044e-07,1.0,1.0,30.66158296577616
73200,9.75559628926344e-08,2.4686662681492635e-07,1.0,1.0,30.661848541611317
73210,1.2103114084525365e-07,2.551336979158756e-07,1.0,1.0,30.65835809166006
73220,1.0165155866944597e-07,2.602255449215227e-07,1.0,1.0,30.65812269017945
73230,1.0355662027094176e-07,2.4553566398739245e-07,1.0,1.0,30.660772641924794
73240,1.1787400769579298e-07,2.596935443683931e-07,1.0,1.0,30.656395804829863
73250,9.981742125841235e-08,2.6653494747080065e-07,1.0,1.0,30.657621800805504
73260,1.0567137626607884e-07,2.644183232261041e-07,1.0,1.0,30.659159394182613
73270,1.2476728800523007e-07,2.593399610366486e-07,1.0,1.0,30.657261674245724
73280,1.048031584446893e-07,2.5782839426772453e-07,1.0,1.0,30.66073578185233
73290,1.0526349781329128e-07,2.588476895075596e-07,1.0,1.0,30.66050975619468
73300,9.640154804248957e-08,3.159130198897419e-07,1.0,1.0,30.65754217916416
73310,1.1485443938177214e-07,2.645727961244828e-07,1.0,1.0,30.662960096776892
73320,1.017277819060042e-07,2.4247138585189907e-07,1.0,1.0,30.665780419880154
73330,1.1741305038959867e-07,2.775540396465738e-07,1.0,1.0,30.65770182862645
73340,1.0008684841940808e-07,2.890002040743918e-07,1.0,1.0,30.663694295283833
73350,1.0035575649118027e-07,2.52920019974708e-07,1.0,1.0,30.667205620095405
73360,1.1272228016372904e-07,2.4798187836311843e-07,1.0,1.0,30.662145924871055
73370,1.0596398822943262e-07,2.6232428175474934e-07,1.0,1.0,30.6594734809571
73380,1.1573949146613595e-07,2.784992155128287e-07,1.0,1.0,30.66197666468678
73390,1.1705014834491936e-07,2.2618898465085399e-07,1.0,1.0,30.66845040352253
73400,1.0778644700642251e-07,2.493111528475595e-07,1.0,1.0,30.66680741613271
73410,1.0029260532601305e-07,2.490781054826715e-07,1.0,1.0,30.665448135999327
73420,1.0610260060090518e-07,2.5406037595767464e-07,1.0,1.0,30.661218146343888
73430,1.1511075465566468e-07,2.5236558177903906e-07,1.0,1.0,30.65558509797182
73440,1.060797810784886e-07,2.7673801615712173e-07,1.0,1.0,30.653000132954226
73450,1.0860556014897987e-07,2.8054954733915544e-07,1.0,1.0,30.655848417322733
73460,1.0689451066385055e-07,2.6795909525430107e-07,1.0,1.0,30.660879068202647
73470,9.96341789060898e-08,2.3826313747326657e-07,1.0,1.0,30.66657296559586
73480,1.224678806272554e-07,2.4552517878992687e-07,1.0,1.0,30.668667091562703
73490,1.1306336116279655e-07,2.5476639195944156e-07,1.0,1.0,30.665785987968032
73500,1.0643114688443755e-07,2.642985154457957e-07,1.0,1.0,30.66555275707141
73510,1.1943663805493045e-07,2.5909486218642023e-07,1.0,1.0,30.66442414639804
73520,1.1134196960317911e-07,2.610607507383092e-07,1.0,1.0,30.663367322963087
73530,1.0545117637729329e-07,2.538970037200743e-07,1.0,1.0,30.66329227020247
73540,1.0595043695086697e-07,2.625383591506858e-07,1.0,1.0,30.661743430015957
73550,9.594747416621802e-08,2.642382991289217e-07,1.0,1.0,30.661067572482164
73560,9.595644379785822e-08,2.534509131001533e-07,1.0,1.0,30.658634965018297
73570,1.0957844776183325e-07,2.567164238437615e-07,1.0,1.0,30.655371929088325
73580,1.1304194248516596e-07,2.688020282927105e-07,1.0,1.0,30.657190298816968
73590,1.182049803727643e-07,2.5608042066174813e-07,1.0,1.0,30.663411676274652
73600,1.0769993748258375e-07,2.7548364037660715e-07,1.0,1.0,30.663801940460022
73610,1.0839364227149288e-07,2.4592178735084453e-07,1.0,1.0,30.662239780879517
73620,1.1451004491568399e-07,2.4993128902839803e-07,1.0,1.0,30.663230802196892
73630,1.244374421934289e-07,2.497896273980067e-07,1.0,1.0,30.666874976144204
73640,1.0592618160555586e-07,2.594697297180623e-07,1.0,1.0,30.668466775121267
73650,9.008113096218638e-08,2.5619038174093865e-07,1.0,1.0,30.666177997266885
73660,1.1669077264091276e-07,2.393690135579935e-07,1.0,1.0,30.661223338103753
73670,1.1108121454271435e-07,2.5636076423275144e-07,1.0,1.0,30.661662352599542
73680,1.0636551684069356e-07,2.540980087102298e-07,1.0,1.0,30.663082824773703
73690,1.2025749431762214e-07,2.4155290714663914e-07,1.0,1.0,30.661762018519898
73700,1.0559585082928106e-07,2.5458486536074695e-07,1.0,1.0,30.662841519385406
73710,9.836092847808793e-08,2.493502812588725e-07,1.0,1.0,30.65903524744666
73720,1.0835413256852361e-07,2.9793691803245976e-07,1.0,1.0,30.655928767272925
73730,1.0429800691157025e-07,2.641024217255115e-07,1.0,1.0,30.656406591767745
73740,1.0728559735947614e-07,2.4883077849520273e-07,1.0,1.0,30.659568595671683
73750,1.0714023759864594e-07,2.4680386927267734e-07,1.0,1.0,30.662525422776607
73760,1.0346857933271291e-07,2.5200394793851436e-07,1.0,1.0,30.659183892974376
73770,9.390388699038618e-08,2.5242963312702655e-07,1.0,1.0,30.656745677477726
73780,1.1275040528971867e-07,2.4527462330027446e-07,1.0,1.0,30.652441886971047
73790,1.0721897626403638e-07,2.643093084945737e-07,1.0,1.0,30.660749396756927
73800,9.636116481028801e-08,2.575251993271214e-07,1.0,1.0,30.666777833335882
73810,9.96060192475474e-08,2.481713788247562e-07,1.0,1.0,30.661215392519313
73820,1.105862601181562e-07,2.4352389269566195e-07,1.0,1.0,30.659382827078836
73830,1.0207524204280875e-07,2.5648853925986175e-07,1.0,1.0,30.661909728466387
73840,1.1715511592939798e-07,2.740195904950563e-07,1.0,1.0,30.659430266692794
73850,1.1146091215698703e-07,2.4523271987745217e-07,1.0,1.0,30.658814358453167
73860,1.0360642576629533e-07,2.4447576835781846e-07,1.0,1.0,30.660420297742913
73870,1.0941263246974233e-07,2.5689300246360676e-07,1.0,1.0,30.662764384089733
73880,1.0374651102959039e-07,2.5222934006673674e-07,1.0,1.0,30.663878954280793
73890,1.1202883839492396e-07,2.478885376321589e-07,1.0,1.0,30.663797131460377
73900,1.0915326835107475e-07,2.519830084541422e-07,1.0,1.0,30.660373774694463
73910,1.07329032973184e-07,2.472165656638249e-07,1.0,1.0,30.661229613126363
73920,9.929040113046067e-08,2.557557128294255e-07,1.0,1.0,30.662573826485623
73930,1.1966401422371136e-07,2.5145283994057134e-07,1.0,1.0,30.660908319676768
73940,1.0214666629714613e-07,2.5021082608516513e-07,1.0,1.0,30.662736546597486
73950,1.0005450463133403e-07,2.257096943053187e-07,1.0,1.0,30.667936244783974
73960,1.1539065574828321e-07,2.8145795996931374e-07,1.0,1.0,30.669231549176974
73970,1.1361814655406853e-07,2.531426884755439e-07,1.0,1.0,30.66851225956764
73980,1.0743060579629091e-07,2.565400753237791e-07,1.0,1.0,30.666607267649514
73990,1.0809298759432325e-07,2.592631169263227e-07,1.0,1.0,30.662050144423496
74000,1.0043824826417003e-07,2.4334652067029195e-07,1.0,1.0,30.660842038945958
74010,9.426682900245063e-08,2.6347930331223957e-07,1.0,1.0,30.65498158774145
74020,1.2288804206968302e-07,2.439716759251625e-07,1.0,1.0,30.655656916149887
74030,1.0560625172092264e-07,2.8892314978012937e-07,1.0,1.0,30.658332915049723
74040,1.0242863740084376e-07,2.510053857538666e-07,1.0,1.0,30.661722666721587
74050,1.1691383948670264e-07,2.512829021938589e-07,1.0,1.0,30.659025522784095
74060,9.266498710347247e-08,2.6133708798928144e-07,1.0,1.0,30.664256122669894
74070,1.0562544957678891e-07,2.508832022615797e-07,1.0,1.0,30.66506278550905
74080,1.1650684413326081e-07,2.5647147539859234e-07,1.0,1.0,30.65806797986415
74090,1.0563121798763911e-07,2.51546075191999e-07,1.0,1.0,30.654391962809736
74100,9.934001974983453e-08,2.6177979073057003e-07,1.0,1.0,30.65611165249949
74110,1.2254153690657174e-07,2.7566615360772894e-07,1.0,1.0,30.65471104899716
74120,1.051002161326235e-07,2.4591628234075805e-07,1.0,1.0,30.65627684042064
74130,1.0513191141397371e-07,2.585489086860383e-07,1.0,1.0,30.657183213563407
74140,9.945893898920587e-08,2.6341966041840547e-07,1.0,1.0,30.658339373424596
74150,1.0723613625422594e-07,2.4460364562349533e-07,1.0,1.0,30.659562761600824
74160,1.0792000399274646e-07,2.4601419296163405e-07,1.0,1.0,30.659049280036708
74170,1.0687501276512837e-07,2.595885592512767e-07,1.0,1.0,30.661184757898727
74180,1.1358679623370269e-07,2.5353904842817e-07,1.0,1.0,30.661246404056325
74190,9.678847231863338e-08,2.5326383424246897e-07,1.0,1.0,30.65927682933461
74200,1.0753990369051631e-07,2.637595572128202e-07,1.0,1.0,30.663418415144562
74210,1.270972983900868e-07,2.4192701753549585e-07,1.0,1.0,30.6705874714324
74220,1.1481090971215823e-07,2.564949935018966e-07,1.0,1.0,30.673179408321513
74230,1.0509447028706939e-07,2.534493301919758e-07,1.0,1.0,30.667322527157513
74240,9.45156052413648e-08,2.478916451042383e-07,1.0,1.0,30.65823577726918
74250,1.1106214945215392e-07,2.4510682518848995e-07,1.0,1.0,30.65456771363523
74260,1.1014653894230146e-07,2.5020893019578044e-07,1.0,1.0,30.654136621865025
74270,1.2005727444715525e-07,2.597005075213881e-07,1.0,1.0,30.653381892516393
74280,1.0454498964863429e-07,2.524704039965185e-07,1.0,1.0,30.654806109510996
74290,1.1493948702717936e-07,2.5129028341747627e-07,1.0,1.0,30.655828577048702
74300,1.0063531622629365e-07,2.56393539288636e-07,1.0,1.0,30.659539429190485
74310,9.708508225449436e-08,2.564716012277524e-07,1.0,1.0,30.662285715711686
74320,1.2068983540662538e-07,2.485343068938068e-07,1.0,1.0,30.661945004601442
74330,1.0909365058486436e-07,2.5099379852602325e-07,1.0,1.0,30.66846955993224
74340,1.0665253831713407e-07,2.5427863088439163e-07,1.0,1.0,30.6711723910943
74350,1.216491776372612e-07,2.4344893345015134e-07,1.0,1.0,30.665595232176628
74360,1.1197295423098874e-07,2.5155017952049334e-07,1.0,1.0,30.663642930346064
74370,1.0449704011514582e-07,2.8218500128331784e-07,1.0,1.0,30.65909080982224
74380,1.1273062336963701e-07,2.442515507662519e-07,1.0,1.0,30.657944162369436
74390,1.0682652649817905e-07,2.535940450284571e-07,1.0,1.0,30.659398155630733
74400,1.0339892805609779e-07,2.592769639446149e-07,1.0,1.0,30.658851302658665
74410,1.2016562096099413e-07,2.4392016641916044e-07,1.0,1.0,30.65904675188527
74420,1.2371268838948015e-07,2.3979223960718474e-07,1.0,1.0,30.65971175604363
74430,1.0872001579894512e-07,2.725799046060951e-07,1.0,1.0,30.66359088219378
74440,1.0647652737544697e-07,2.5685003567192423e-07,1.0,1.0,30.663178323747786
74450,1.1075866538462646e-07,2.541485534841317e-07,1.0,1.0,30.6576954845704
74460,1.0297964955812382e-07,2.652460507085097e-07,1.0,1.0,30.658729913505375
74470,1.2584557807354803e-07,2.5978386351540404e-07,1.0,1.0,30.6541007841674
74480,1.0366804034514009e-07,2.521663029078661e-07,1.0,1.0,30.657967233982664
74490,1.1441770862895771e-07,2.589514127253164e-07,1.0,1.0,30.65926413401937
74500,1.0841930306768697e-07,2.6542500910747584e-07,1.0,1.0,30.65827315008873
74510,1.0907996552678451e-07,2.7290499898820373e-07,1.0,1.0,30.663024872271183
74520,9.918346987074128e-08,2.5447383004497067e-07,1.0,1.0,30.665003946086216
74530,1.1546992508108144e-07,2.4565267304945787e-07,1.0,1.0,30.660783650276063
74540,1.134127956701542e-07,2.6110753811597755e-07,1.0,1.0,30.66599264583715
74550,1.0787969314762869e-07,2.3598438796513396e-07,1.0,1.0,30.676967092062288
74560,1.0583466180040234e-07,2.5224029906437547e-07,1.0,1.0,30.670103904576294
74570,1.0745516188570395e-07,2.478663444053133e-07,1.0,1.0,30.663571039435663
74580,1.0508280140345374e-07,2.813243246147869e-07,1.0,1.0,30.660115777665734
74590,1.2191200779567412e-07,2.5885146877699703e-07,1.0,1.0,30.656311719794733
74600,1.0309002191407361e-07,2.43096103167515e-07,1.0,1.0,30.657421683576707
74610,1.060394744778573e-07,2.380275615962113e-07,1.0,1.0,30.658212101110216
74620,1.0877388595553081e-07,2.56834366491375e-07,1.0,1.0,30.657033237728886
74630,1.1172972577939175e-07,2.4406492534325444e-07,1.0,1.0,30.65628380875574
74640,1.0397968329659462e-07,2.4926393938647185e-07,1.0,1.0,30.657907062636042
74650,1.1825166543220425e-07,2.4887997674312933e-07,1.0,1.0,30.65701556365415
74660,1.0426234076500516e-07,2.567047853916641e-07,1.0,1.0,30.658855578218514
74670,9.653900449248081e-08,2.656705779187743e-07,1.0,1.0,30.658957670872248
74680,1.1822527767740317e-07,2.556319869232203e-07,1.0,1.0,30.65567369860156
74690,1.1461212867716255e-07,2.508594810170082e-07,1.0,1.0,30.656153771888853
74700,1.0922344182490744e-07,2.9302412024542084e-07,1.0,1.0,30.65895708020723
74710,1.1238269022857755e-07,2.9021163924353756e-07,1.0,1.0,30.664294051526316
74720,1.0868014194943108e-07,2.3947723932679935e-07,1.0,1.0,30.66372484500056
74730,1.0164900859520962e-07,2.394897921787742e-07,1.0,1.0,30.659000192776187
74740,1.2346611911350917e-07,2.6222885533298545e-07,1.0,1.0,30.65290792790157
74750,1.2167770759476373e-07,2.542935042279277e-07,1.0,1.0,30.6644211991365
74760,1.0452264108521291e-07,2.485407417912535e-07,1.0,1.0,30.66999955296111
74770,1.0730268190393499e-07,2.279286356168111e-07,1.0,1.0,30.66733293856894
74780,1.0730726380801845e-07,2.5273455060878524e-07,1.0,1.0,30.659991119354647
74790,1.120387890462534e-07,2.6668903473678627e-07,1.0,1.0,30.657698040801513
74800,1.0792405005341286e-07,2.750778205449611e-07,1.0,1.0,30.655174562951153
74810,1.0840871665103452e-07,2.628315740382846e-07,1.0,1.0,30.659117988396883
74820,9.60295161608385e-08,2.6748179690397263e-07,1.0,1.0,30.661145762602196
74830,9.521470051220172e-08,2.4706484979332916e-07,1.0,1.0,30.66368408669891
74840,1.0426486915235479e-07,2.445262637275413e-07,1.0,1.0,30.664974323792535
74850,1.0357472254592246e-07,2.5956962973352097e-07,1.0,1.0,30.665538307024146
74860,1.1022545736218377e-07,2.453805988386461e-07,1.0,1.0,30.661173492165204
74870,1.0823300237996508e-07,2.407623002691435e-07,1.0,1.0,30.660623493288153
74880,1.0214308047747209e-07,2.6306705551404195e-07,1.0,1.0,30.657411135931273
74890,1.143300512040584e-07,2.5657178464871907e-07,1.0,1.0,30.652999998670804
74900,1.0210288739088721e-07,2.417605524197808e-07,1.0,1.0,30.660364415644395
74910,1.006040158171623e-07,2.4754230998114877e-07,1.0,1.0,30.66323854452789
74920,1.216498461007513e-07,2.64439124523159e-07,1.0,1.0,30.660191263373132
74930,1.1974300350340057e-07,2.5027199163142023e-07,1.0,1.0,30.66628698192569
74940,1.08577667702587e-07,2.6154239673129665e-07,1.0,1.0,30.665843933240456
74950,1.1858957871666414e-07,2.4179440007701813e-07,1.0,1.0,30.660561088225396
74960,1.0944191738468693e-07,2.4634317315608895e-07,1.0,1.0,30.666769114875603
74970,1.1024381130998332e-07,2.593786001280713e-07,1.0,1.0,30.66834993350539
74980,1.1182083776758586e-07,2.493175587498314e-07,1.0,1.0,30.665220088916954
74990,1.1036807596312282e-07,2.5089258375571347e-07,1.0,1.0,30.659661003663327
75000,1.0508029117618195e-07,2.6701634145136716e-07,1.0,1.0,30.65630184510244
75010,1.2519446865018152e-07,2.540829902998105e-07,1.0,1.0,30.656824696174304
75020,1.0687200874190145e-07,2.6030244864381916e-07,1.0,1.0,30.664153615960892
75030,1.0319767299575302e-07,2.4148126929503234e-07,1.0,1.0,30.662864780960273
75040,1.101191426107382e-07,2.677671064842805e-07,1.0,1.0,30.660014357644698
75050,1.2137883627018342e-07,2.673661159956742e-07,1.0,1.0,30.65828341687516
75060,1.0637924058676427e-07,2.537953830028922e-07,1.0,1.0,30.66077058755393
75070,1.0988594345274332e-07,2.558990419336103e-07,1.0,1.0,30.661172169811355
75080,1.073406426215121e-07,2.4825696539488197e-07,1.0,1.0,30.65931184439654
75090,1.118855196369816e-07,2.596647596611992e-07,1.0,1.0,30.656030638778716
75100,1.1658391400395179e-07,2.634443022828744e-07,1.0,1.0,30.652437027131132
75110,1.0953576538736559e-07,2.7289378311909904e-07,1.0,1.0,30.65798351453158
75120,1.1716348793371418e-07,2.498301467912609e-07,1.0,1.0,30.665512517703554
75130,1.1383513779468227e-07,2.4179577856239043e-07,1.0,1.0,30.66440915882703
75140,1.0102226611573774e-07,2.415968375429056e-07,1.0,1.0,30.658883759904832
75150,1.0377980644786243e-07,2.644868903057014e-07,1.0,1.0,30.658054035612768
75160,1.0753842589026625e-07,2.4564044474545664e-07,1.0,1.0,30.658031627602792
75170,1.0371316758811423e-07,2.435361263647315e-07,1.0,1.0,30.65899494688548
75180,9.769502894346496e-08,2.480705838213447e-07,1.0,1.0,30.659778446052503
75190,9.884762803576223e-08,2.459880587839143e-07,1.0,1.0,30.657328713850994
75200,1.0583582708946533e-07,2.5630808794077254e-07,1.0,1.0,30.65565010009399
75210,9.805287187646648e-08,2.62840857588588e-07,1.0,1.0,30.654254503438253
75220,1.2703225348545559e-07,2.767564541063683e-07,1.0,1.0,30.659161858089625
75230,1.1424218959333447e-07,2.4334160137885994e-07,1.0,1.0,30.66534829561189
75240,1.0402806759163769e-07,2.5629712373586816e-07,1.0,1.0,30.66437149631428
75250,1.2570501328947046e-07,2.465866522010923e-07,1.0,1.0,30.663688844546602
75260,1.2993359423354484e-07,2.495399964731898e-07,1.0,1.0,30.667669773861086
75270,9.906730368137585e-08,2.906822723034354e-07,1.0,1.0,30.677894608022644
75280,1.0422605286519982e-07,2.560442107688345e-07,1.0,1.0,30.68549934819609
75290,1.1344500630422524e-07,2.565411084775939e-07,1.0,1.0,30.686216504811615
75300,1.0268930069491276e-07,2.5868786797428873e-07,1.0,1.0,30.676653719943353
75310,1.2099435356052018e-07,2.4120669207867284e-07,1.0,1.0,30.66539816777841
75320,1.2062907513696896e-07,2.5340150725746095e-07,1.0,1.0,30.659661606627765
75330,1.100908741991281e-07,2.494355833375046e-07,1.0,1.0,30.657070964505298
75340,1.0801078367602537e-07,2.661948171980363e-07,1.0,1.0,30.65422580161284
75350,1.0825722992880255e-07,2.4096500047938744e-07,1.0,1.0,30.65398341682193
75360,1.133504203307451e-07,2.4143227378359505e-07,1.0,1.0,30.656537601505697
75370,1.0803089808406966e-07,2.3883732257017225e-07,1.0,1.0,30.657870626506277
75380,1.1232396055355254e-07,2.525063534433083e-07,1.0,1.0,30.66008615351722
75390,1.0283145592389433e-07,2.721294530026962e-07,1.0,1.0,30.66351667553
75400,1.1616475903072826e-07,2.3584185443612138e-07,1.0,1.0,30.663706353976682
75410,1.0867254781527952e-07,2.528892656398586e-07,1.0,1.0,30.661064820862933
75420,1.06793027316759e-07,2.418937865468033e-07,1.0,1.0,30.659455022494775
75430,1.1644498011421566e-07,2.5121258056776685e-07,1.0,1.0,30.657408075133848
75440,1.0870649210604226e-07,2.558315127042096e-07,1.0,1.0,30.660331628301446
75450,9.364208700660276e-08,2.447883745740365e-07,1.0,1.0,30.65864848415211
75460,1.0687944007701477e-07,2.716198904242217e-07,1.0,1.0,30.654656318922683
75470,9.279305119871336e-08,2.4787615067809183e-07,1.0,1.0,30.659184515616108
75480,1.0685291710086205e-07,2.524428570472105e-07,1.0,1.0,30.65833582617316
75490,1.317470237413603e-07,2.583192424356001e-07,1.0,1.0,30.657898382759942
75500,9.986718914166616e-08,2.394871559561263e-07,1.0,1.0,30.663868577017876
75510,1.1339293268705921e-07,2.481061511882399e-07,1.0,1.0,30.663263616684265
75520,1.2166736858458713e-07,2.5170850630123e-07,1.0,1.0,30.661190146910762
75530,1.0762971827481783e-07,2.5452007186886334e-07,1.0,1.0,30.657217338909664
75540,1.0979478994837388e-07,2.55959979180457e-07,1.0,1.0,30.657933744177793
75550,1.1636918140593706e-07,2.4836689935320355e-07,1.0,1.0,30.657595051174706
75560,1.044934138594349e-07,2.553329883184673e-07,1.0,1.0,30.658491678536052
75570,9.815528988032105e-08,2.4859584109884614e-07,1.0,1.0,30.65993967487813
75580,1.2044873765809713e-07,2.5183497673502215e-07,1.0,1.0,30.65607812879673
75590,1.1043267751597752e-07,2.4500317143441244e-07,1.0,1.0,30.659707868232633
75600,9.642097420072187e-08,2.4641789717153624e-07,1.0,1.0,30.665130580852164
75610,1.2551519928099826e-07,2.6015325004984587e-07,1.0,1.0,30.66237645240645
75620,1.1306878444414444e-07,2.3557342153250275e-07,1.0,1.0,30.664238988049853
75630,1.02254312181734e-07,2.446273732429889e-07,1.0,1.0,30.662900691036114
75640,1.1353250209394357e-07,2.445196750059077e-07,1.0,1.0,30.656296601465343
75650,1.0785568773618234e-07,2.4584221696639966e-07,1.0,1.0,30.65519889069367
75660,9.995354872487587e-08,2.766637142061834e-07,1.0,1.0,30.65491965043875
75670,1.1894083814268405e-07,2.894424251543972e-07,1.0,1.0,30.655464720105787
75680,1.1820829454700335e-07,2.818512593637482e-07,1.0,1.0,30.66072477079596
75690,1.0463338233681358e-07,2.470150433847093e-07,1.0,1.0,30.666933049319226
75700,1.2794436241635713e-07,2.5205378015078053e-07,1.0,1.0,30.667657825983195
75710,1.0061366618380294e-07,2.505164604966241e-07,1.0,1.0,30.6672627288344
75720,1.0578126011901624e-07,2.3508072997778332e-07,1.0,1.0,30.662772459962884
75730,1.0078305203139619e-07,2.4953636155315273e-07,1.0,1.0,30.655014990021737
75740,1.0417481972316457e-07,2.4933898927401184e-07,1.0,1.0,30.657193062190245
75750,1.0268135081648034e-07,2.458618537176041e-07,1.0,1.0,30.65734031461186
75760,1.22444951318864e-07,2.507382818259745e-07,1.0,1.0,30.65753102970818
75770,1.0984893062368782e-07,2.412645918723504e-07,1.0,1.0,30.658762615366687
75780,1.0160899772791826e-07,2.467026133664421e-07,1.0,1.0,30.661425386449988
75790,1.1704457759484625e-07,2.5786532802140464e-07,1.0,1.0,30.659821547081297
75800,1.1631613470787633e-07,2.4974562252649813e-07,1.0,1.0,30.660664456797104
75810,1.0404159173332767e-07,2.562156984072269e-07,1.0,1.0,30.65933882895435
75820,1.0909424259245069e-07,2.426663327796205e-07,1.0,1.0,30.659110298071553
75830,1.1033339303147516e-07,2.480917796378225e-07,1.0,1.0,30.659487307881456
75840,1.0247630478811508e-07,2.379853375067959e-07,1.0,1.0,30.658437602453894
75850,1.1315403501426224e-07,2.3478438408719305e-07,1.0,1.0,30.656658919868104
75860,1.1012901385774434e-07,2.518059736242534e-07,1.0,1.0,30.656371225838733
75870,1.143660343588205e-07,2.513657867013708e-07,1.0,1.0,30.657841797632756
75880,1.0717941562908091e-07,2.5543828404568487e-07,1.0,1.0,30.658212567062503
75890,1.1336174686484465e-07,2.445779747506463e-07,1.0,1.0,30.65886659442477
75900,1.0300619267738995e-07,2.508265102633887e-07,1.0,1.0,30.662477661331906
75910,1.1333263887687226e-07,2.4585152061956294e-07,1.0,1.0,30.657885697986064
75920,1.1210892486700293e-07,2.462056052570271e-07,1.0,1.0,30.65829119673372
75930,1.0084143325346436e-07,2.6065021941791313e-07,1.0,1.0,30.6580422490044
75940,1.0682673861975978e-07,2.630189186594994e-07,1.0,1.0,30.65651420232317
75950,1.005964159720467e-07,2.886002484351958e-07,1.0,1.0,30.65580063037152
75960,1.0591412620738745e-07,2.8686055283143564e-07,1.0,1.0,30.660419989730606
75970,1.0298768070971819e-07,2.719749944364749e-07,1.0,1.0,30.6656969013445
75980,1.3290052351725657e-07,2.540904649157737e-07,1.0,1.0,30.666307398315737
75990,9.71395177769536e-08,2.404792413631871e-07,1.0,1.0,30.669231759161725
76000,1.1920283437418629e-07,2.465095266368233e-07,1.0,1.0,30.664855118924777
76010,1.1464230865799974e-07,2.524569438795397e-07,1.0,1.0,30.66416836195437
76020,1.0831783299446271e-07,2.5664635923031184e-07,1.0,1.0,30.66670656581944
76030,9.959686112624743e-08,2.6173172781323085e-07,1.0,1.0,30.663536317235582
76040,1.1710856087945651e-07,2.4774929044000577e-07,1.0,1.0,30.662343937770423
76050,1.012956127883341e-07,2.4385726769097163e-07,1.0,1.0,30.65869233066147
76060,1.1610076525809897e-07,2.4598842310594073e-07,1.0,1.0,30.656497311290956
76070,1.0715227033152485e-07,2.6375017122472197e-07,1.0,1.0,30.657701025944746
76080,1.0967594243233861e-07,2.5871845715363917e-07,1.0,1.0,30.658910695014487
76090,1.1410308769000721e-07,2.452593284010095e-07,1.0,1.0,30.65692800482609
76100,1.1740349635889704e-07,2.5139468607770355e-07,1.0,1.0,30.654091568136057
76110,9.554302891781685e-08,2.4945807861629284e-07,1.0,1.0,30.65433727939708
76120,1.216134945300916e-07,2.4835947732969216e-07,1.0,1.0,30.653204893225553
76130,1.0312808800791163e-07,2.46592900738169e-07,1.0,1.0,30.662002656235924
76140,1.1410941646026029e-07,2.478782201990349e-07,1.0,1.0,30.66921459921264
76150,1.0820286187104407e-07,2.6781163821805886e-07,1.0,1.0,30.666731806735385
76160,1.1714556585026376e-07,2.4233374101430675e-07,1.0,1.0,30.665887237136506
76170,9.624988496898372e-08,2.459878032455361e-07,1.0,1.0,30.66228606615282
76180,1.1756455280058624e-07,2.606762352430783e-07,1.0,1.0,30.655560079356455
76190,1.0433327440005655e-07,2.429716530088054e-07,1.0,1.0,30.653951751290172
76200,1.042513495222935e-07,2.510096382811511e-07,1.0,1.0,30.65585292937676
76210,1.1803434494673386e-07,2.3897457538815994e-07,1.0,1.0,30.65825165599447
76220,1.0545416124029691e-07,2.441511866043776e-07,1.0,1.0,30.65961258710735
76230,1.0609454468573724e-07,2.6268056272758965e-07,1.0,1.0,30.661909912976938
76240,9.597027349301172e-08,2.542872475260831e-07,1.0,1.0,30.664142589495842
76250,1.1780799393032296e-07,2.510734165028091e-07,1.0,1.0,30.661210991371547
76260,1.1142101141694582e-07,2.387307606806411e-07,1.0,1.0,30.65767499875314
76270,1.2224383323386592e-07,2.503639726199392e-07,1.0,1.0,30.65355040265946
76280,1.1476801657135654e-07,2.6397469399142144e-07,1.0,1.0,30.656407625322228
76290,9.756235626393376e-08,2.6265459642584506e-07,1.0,1.0,30.659870488215315
76300,1.1290620799896214e-07,2.417582404970167e-07,1.0,1.0,30.656018329360254
76310,9.096704433304095e-08,2.435573146794964e-07,1.0,1.0,30.655382435576037
76320,1.0639656292369559e-07,2.5332601392942564e-07,1.0,1.0,30.65451176794463
76330,1.082092918288782e-07,2.5391289876120824e-07,1.0,1.0,30.656188587267884
76340,1.0390952624589983e-07,2.800548921627965e-07,1.0,1.0,30.658012244402315
76350,9.38473334827689e-08,3.459366677619681e-07,1.0,1.0,30.665546695270532
76360,1.2021505250960337e-07,2.4232361708283845e-07,1.0,1.0,30.671775585164184
76370,1.205856003141098e-07,2.4134090643494265e-07,1.0,1.0,30.674495856178414
76380,1.0118008012872796e-07,2.5516274676114875e-07,1.0,1.0,30.672915939839257
76390,1.1166259461060717e-07,2.403017317822264e-07,1.0,1.0,30.66447058158007
76400,1.0525412795295728e-07,2.432818931427145e-07,1.0,1.0,30.656853741008906
76410,1.0950200070657389e-07,2.551928138992806e-07,1.0,1.0,30.656341911176487
76420,1.1508074723141514e-07,2.5553330142928786e-07,1.0,1.0,30.659296224194954
76430,1.0421699013290258e-07,2.473811141665755e-07,1.0,1.0,30.658396393397947
76440,1.0296628664509425e-07,2.5469692649494707e-07,1.0,1.0,30.65491440989599
76450,1.0606815750856388e-07,3.4213824263761045e-07,1.0,1.0,30.65319873484572
76460,1.0551041170115277e-07,2.8202578311592524e-07,1.0,1.0,30.661673033693233
76470,1.037170030246367e-07,2.452362301042665e-07,1.0,1.0,30.668750444728275
76480,1.1520777620367384e-07,2.3901893366627397e-07,1.0,1.0,30.67868339888525
76490,1.1746622945318667e-07,2.402331865145718e-07,1.0,1.0,30.678081944265806
76500,9.369617719008818e-08,2.674696744239613e-07,1.0,1.0,30.66756407931104
76510,1.1967212010994826e-07,2.6251446982769857e-07,1.0,1.0,30.6584815824017
76520,1.0336259804631491e-07,2.5381360148823107e-07,1.0,1.0,30.65431053642949
76530,9.483211846288428e-08,2.728250423283806e-07,1.0,1.0,30.65482095127223
76540,1.0801614921421719e-07,2.6493831873837495e-07,1.0,1.0,30.653517203218588
76550,1.1684834069144466e-07,2.665289932296749e-07,1.0,1.0,30.656987498080944
76560,1.0419967746635464e-07,2.521267640475542e-07,1.0,1.0,30.660543634793207
76570,1.222387612743385e-07,2.6778862479077654e-07,1.0,1.0,30.65816499539592
76580,1.0555218643150688e-07,2.696502685075562e-07,1.0,1.0,30.661913249732457
76590,1.1358898833779374e-07,2.700579208938226e-07,1.0,1.0,30.66020309919318
76600,1.0364557063799606e-07,2.508614441570438e-07,1.0,1.0,30.65805312059091
76610,1.1841091086934035e-07,2.536286383202708e-07,1.0,1.0,30.656284205383745
76620,1.0886885294054137e-07,2.505705408979312e-07,1.0,1.0,30.657479381040975
76630,1.1900947500912953e-07,2.3969232643107007e-07,1.0,1.0,30.656687971426976
76640,1.0651239059922089e-07,2.8378735095948123e-07,1.0,1.0,30.664829720304954
76650,1.0973061153644425e-07,2.579994664125587e-07,1.0,1.0,30.66461082632092
76660,1.1908437625097552e-07,2.40045829605236e-07,1.0,1.0,30.66135556257232
76670,1.1591080597838733e-07,2.697577308677023e-07,1.0,1.0,30.656860530635832
76680,9.75112231243723e-08,2.5496187245618104e-07,1.0,1.0,30.654739064021562
76690,1.0653600611302117e-07,2.63094810550308e-07,1.0,1.0,30.654345683893887
76700,1.0757648219865277e-07,2.507390654789016e-07,1.0,1.0,30.653834649342052
76710,1.062508966331269e-07,2.6043088753802093e-07,1.0,1.0,30.65685595719452
76720,1.2296785494511144e-07,2.5670767652078536e-07,1.0,1.0,30.6583198727824
76730,9.836425310605522e-08,2.676889283356154e-07,1.0,1.0,30.661413912040306
76740,1.0414444221151891e-07,2.4587579973375397e-07,1.0,1.0,30.66084918686527
76750,1.2184801367615452e-07,2.370550846863027e-07,1.0,1.0,30.654636695868103
76760,1.0921060618654948e-07,2.596691340531149e-07,1.0,1.0,30.654326947609455
76770,1.0398394947974465e-07,2.555204088127748e-07,1.0,1.0,30.655892372478256
76780,1.1327472711432606e-07,2.481703057486665e-07,1.0,1.0,30.656076988333393
76790,1.069809958467733e-07,2.520058123653916e-07,1.0,1.0,30.657349538658494
76800,1.0865860615517385e-07,2.4864347155879444e-07,1.0,1.0,30.65530502579492
76810,1.1112852729398983e-07,2.4604486325480785e-07,1.0,1.0,30.65012708675295
76820,1.0470672488991401e-07,2.5755474890656136e-07,1.0,1.0,30.656345302933563
76830,1.1124322858777664e-07,2.4432856476738077e-07,1.0,1.0,30.659426155335233
76840,1.0796271039433663e-07,2.376090388511955e-07,1.0,1.0,30.660649019058912
76850,1.0812978511831411e-07,2.4398210086980324e-07,1.0,1.0,30.661124350238588
76860,1.0343362493216715e-07,2.601962842712853e-07,1.0,1.0,30.659169656646746
76870,1.0532009408929804e-07,2.45727746624852e-07,1.0,1.0,30.65373785336657
76880,1.0356941039952985e-07,2.5250726842260297e-07,1.0,1.0,30.653972102726353
76890,9.995085563154116e-08,2.5584482465883877e-07,1.0,1.0,30.657074308488784
76900,1.117010917043105e-07,2.460871085123328e-07,1.0,1.0,30.65427161610565
76910,1.1069275525839603e-07,2.5403847259268693e-07,1.0,1.0,30.65775533080146
76920,1.1207631791918679e-07,2.5848582568518277e-07,1.0,1.0,30.66363048539466
76930,1.2064210908403758e-07,2.42793954050748e-07,1.0,1.0,30.66308055286203
76940,1.0425331796300573e-07,2.39694583064002e-07,1.0,1.0,30.66384505764608
76950,1.1209204940402492e-07,2.428519552600988e-07,1.0,1.0,30.656968928803725
76960,1.2687387232961124e-07,2.6008963769297507e-07,1.0,1.0,30.658045285580467
76970,1.1442316790436733e-07,2.387069617225328e-07,1.0,1.0,30.65969893787281
76980,1.0265124744282925e-07,2.4187613149733787e-07,1.0,1.0,30.65932780411701
76990,1.0824077290851024e-07,2.446439030936219e-07,1.0,1.0,30.658915468331752
77000,1.197285910794855e-07,2.419255213314014e-07,1.0,1.0,30.66215162500204
77010,1.2249082130060397e-07,2.6990118000555044e-07,1.0,1.0,30.670610691044658
77020,1.2977335584803123e-07,2.4232937391723274e-07,1.0,1.0,30.68141647756421
77030,1.1821284485112244e-07,2.3244656999352112e-07,1.0,1.0,30.678971748007104
77040,9.271317392192769e-08,2.365907094878429e-07,1.0,1.0,30.67013176774339
77050,1.1996266799069464e-07,2.4368572068236267e-07,1.0,1.0,30.658152080087692
77060,9.945931833584383e-08,2.519162095788089e-07,1.0,1.0,30.65184439292515
77070,1.0307357124793135e-07,2.6974540738823454e-07,1.0,1.0,30.651731071950856
77080,1.198292325755389e-07,2.596286278065671e-07,1.0,1.0,30.65380395586576
77090,1.0946618723700831e-07,2.43072023194607e-07,1.0,1.0,30.657924413049322
77100,1.0717652029326217e-07,2.3957956257191075e-07,1.0,1.0,30.65740599794604
77110,1.0592611448445134e-07,2.4141214750412447e-07,1.0,1.0,30.658544873027562
77120,9.910641688706146e-08,2.776750279745645e-07,1.0,1.0,30.655363127030842
77130,1.0071295640782905e-07,2.4113690323397013e-07,1.0,1.0,30.658867411053347
77140,1.0117527264700535e-07,2.5416875540595493e-07,1.0,1.0,30.65940265833551
77150,9.967182372969132e-08,2.417777587669454e-07,1.0,1.0,30.658163278767926
77160,9.980596387753983e-08,2.490016468759909e-07,1.0,1.0,30.655940987608957
77170,1.0824677243279267e-07,2.557226524659687e-07,1.0,1.0,30.649717585456756
77180,1.1534557460187882e-07,2.387504917597731e-07,1.0,1.0,30.655465018138333
77190,1.0386021274991635e-07,2.579689813456157e-07,1.0,1.0,30.657407067371697
77200,1.0170039781259516e-07,2.6795052129727214e-07,1.0,1.0,30.660362189660724
77210,1.0625754057624356e-07,2.490110012084633e-07,1.0,1.0,30.660957176985143
77220,1.0457186267292259e-07,2.6165853230473275e-07,1.0,1.0,30.659263580765064
77230,1.1549583214167309e-07,2.672876171601683e-07,1.0,1.0,30.658936995322648
77240,1.1524660961745775e-07,2.27651591611875e-07,1.0,1.0,30.659381042532665
77250,1.0418720400214562e-07,2.6203203985172123e-07,1.0,1.0,30.661082974580573
77260,1.0365434774095868e-07,2.6053950502556836e-07,1.0,1.0,30.658777686291753
77270,1.1090836074374603e-07,2.6330248947333933e-07,1.0,1.0,30.656447330113973
77280,1.1568132226473647e-07,3.131897648950121e-07,1.0,1.0,30.65697891856294
77290,1.1198087558102005e-07,2.8274177240329766e-07,1.0,1.0,30.661185586797956
77300,1.006206663767447e-07,2.6782393842305136e-07,1.0,1.0,30.66772739574121
77310,1.0903129012660347e-07,2.3836984232761267e-07,1.0,1.0,30.663991927382504
77320,1.1238710790371923e-07,2.5333997674747374e-07,1.0,1.0,30.65845300934182
77330,1.2091152334692014e-07,2.549870721139773e-07,1.0,1.0,30.658045316975052
77340,9.483080428510616e-08,2.3661429550419646e-07,1.0,1.0,30.65906267253449
77350,1.0715374242222712e-07,2.3977906381593343e-07,1.0,1.0,30.656062518412302
77360,1.1951167378573187e-07,2.5625830635131977e-07,1.0,1.0,30.656571641037008
77370,9.964095970490813e-08,2.482527553924123e-07,1.0,1.0,30.658148398132575
77380,1.220547141137051e-07,2.416160230076301e-07,1.0,1.0,30.65231855676305
77390,1.1526546864781328e-07,2.541504652805881e-07,1.0,1.0,30.6549213866928
77400,1.0113974153306125e-07,2.5733350245380784e-07,1.0,1.0,30.656483745053105
77410,1.239949332542926e-07,2.5896111009447735e-07,1.0,1.0,30.65321351908115
77420,1.1488989880714224e-07,2.3765734183236815e-07,1.0,1.0,30.653893374949977
77430,1.0236406399693965e-07,2.4632393049190016e-07,1.0,1.0,30.65288129706902
77440,1.1541083864808841e-07,2.697964208497919e-07,1.0,1.0,30.652795957302505
77450,1.1143719107302706e-07,2.47235356877126e-07,1.0,1.0,30.65601227543569
77460,9.815031421064544e-08,2.503255176089127e-07,1.0,1.0,30.66384209203696
77470,1.2281879912081122e-07,2.431046622493741e-07,1.0,1.0,30.665206427719376
77480,1.0399829952696265e-07,2.491471245406471e-07,1.0,1.0,30.664555287915228
77490,1.0064207402391642e-07,2.7639907343304214e-07,1.0,1.0,30.65922362718298
77500,1.1907106797273162e-07,2.571161100791995e-07,1.0,1.0,30.660703017359165
77510,1.1773640257252609e-07,2.4952077093317473e-07,1.0,1.0,30.65891053147193
77520,1.1831204461690391e-07,2.4840569225617286e-07,1.0,1.0,30.65710706870446
77530,1.2568694977934253e-07,2.4522108699553867e-07,1.0,1.0,30.655833467318896
77540,1.2218444693237502e-07,2.5675620558301514e-07,1.0,1.0,30.655647606551543
77550,1.0211731291060221e-07,2.5286676799356434e-07,1.0,1.0,30.65591060896614
77560,1.1648167021502812e-07,2.435710042693839e-07,1.0,1.0,30.654687081677142
77570,1.1607064691541625e-07,2.410614566673148e-07,1.0,1.0,30.65501900296555
77580,1.0617292160929985e-07,2.6157583231885535e-07,1.0,1.0,30.660273098819527
77590,1.1516723410875733e-07,2.453585404284e-07,1.0,1.0,30.659610709164262
77600,1.0687852450457429e-07,2.465829557457836e-07,1.0,1.0,30.652928461099506
77610,1.1184765365568981e-07,2.438318940472194e-07,1.0,1.0,30.651128935124714
77620,1.2477309334202867e-07,2.5793052214906273e-07,1.0,1.0,30.649778265970006
77630,1.1228011500770192e-07,2.687964637663007e-07,1.0,1.0,30.657504813668368
77640,9.607098802493111e-08,2.414073951097648e-07,1.0,1.0,30.665315443090144
77650,1.1254625960131497e-07,2.6622403033594594e-07,1.0,1.0,30.663830559275358
77660,1.0379470669141017e-07,2.579880303490342e-07,1.0,1.0,30.65733937157674
77670,1.0516417728675886e-07,2.6405814762020504e-07,1.0,1.0,30.653425345059247
77680,1.1812802562910042e-07,2.3802804318157463e-07,1.0,1.0,30.650510878792808
77690,1.151531147543416e-07,2.686150925349343e-07,1.0,1.0,30.65736882976857
77700,1.15754668567125e-07,2.440497335820643e-07,1.0,1.0,30.663356018395685
77710,1.1014099379635084e-07,2.5321196827648015e-07,1.0,1.0,30.663429546309626
77720,9.808148715655665e-08,2.5165734914767245e-07,1.0,1.0,30.661625279987597
77730,9.762286188465586e-08,2.517941047085064e-07,1.0,1.0,30.656123408729766
77740,1.1255431744409816e-07,2.547542573105885e-07,1.0,1.0,30.653375074475015
77750,1.238968211521381e-07,2.4142574138211194e-07,1.0,1.0,30.65735268145364
77760,9.46127395726701e-08,2.5034653071013223e-07,1.0,1.0,30.661419233825324
77770,1.2098544750894573e-07,2.41933865688168e-07,1.0,1.0,30.660498890430205
77780,1.0439334142011289e-07,2.3908364397462435e-07,1.0,1.0,30.655101738773595
77790,1.0344618067312041e-07,2.516133506667606e-07,1.0,1.0,30.65249052275816
77800,1.1066215355442223e-07,2.5115701081914834e-07,1.0,1.0,30.65193877113861
77810,1.1098166866246645e-07,2.5296163822550587e-07,1.0,1.0,30.655832216862585
77820,1.1926439864035579e-07,2.399433058515335e-07,1.0,1.0,30.65571807180267
77830,1.1345943037870492e-07,2.5534345760902664e-07,1.0,1.0,30.653589660191322
77840,1.1327173831221442e-07,2.559924939855374e-07,1.0,1.0,30.655770249202252
77850,1.0678266552121969e-07,2.438662277732835e-07,1.0,1.0,30.654810744210163
77860,1.348144360512223e-07,2.4140088480137343e-07,1.0,1.0,30.653048595776546
77870,1.114674668997236e-07,2.518283785876611e-07,1.0,1.0,30.663098202538382
77880,9.111446806310956e-08,2.4773287181840376e-07,1.0,1.0,30.66406023997614
77890,1.18368190998471e-07,2.582065741824977e-07,1.0,1.0,30.658186258367696
77900,1.1242772987836111e-07,2.4229729097737656e-07,1.0,1.0,30.65511299962715
77910,1.0136494293192401e-07,2.7106922327602823e-07,1.0,1.0,30.654113418089967
77920,1.262092453280681e-07,2.788524336220386e-07,1.0,1.0,30.652935738470767
77930,1.251038453710324e-07,2.3868386990406386e-07,1.0,1.0,30.662924804615436
77940,1.1185242856424407e-07,2.4203444039334745e-07,1.0,1.0,30.66803282837417
77950,1.1295152354531766e-07,2.526178282469496e-07,1.0,1.0,30.667082998158175
77960,9.983537495051381e-08,2.4818805961614013e-07,1.0,1.0,30.658573809064176
77970,1.1473198247794332e-07,2.442024962142112e-07,1.0,1.0,30.65434557361746
77980,1.064537277816813e-07,2.453358799301967e-07,1.0,1.0,30.652335938318444
77990,1.2105010049510363e-07,2.7168464932921104e-07,1.0,1.0,30.65219935017939
78000,1.0095766522700475e-07,2.54504379838962e-07,1.0,1.0,30.65538747705949
78010,1.284586455987701e-07,2.6385757172924784e-07,1.0,1.0,30.655888874085182
78020,1.1127300267949367e-07,2.616722467526564e-07,1.0,1.0,30.659741940163094
78030,1.1091890035975854e-07,2.499585495074773e-07,1.0,1.0,30.66451814473903
78040,1.0097909078997303e-07,2.412794787916143e-07,1.0,1.0,30.661872569741806
78050,1.0398453588265167e-07,2.5292150351778353e-07,1.0,1.0,30.656224797468948
78060,1.1005691845076368e-07,2.5813105294405697e-07,1.0,1.0,30.65186290384607
78070,1.200028338030208e-07,2.501408983342215e-07,1.0,1.0,30.649581970116664
78080,1.1282562968149199e-07,2.4468469757887485e-07,1.0,1.0,30.652456895644324
78090,1.0972168932978556e-07,2.5913221157697507e-07,1.0,1.0,30.65540425790021
78100,1.1970357856107566e-07,2.6774511019786525e-07,1.0,1.0,30.652572661203916
78110,9.886653967784644e-08,2.487643378554239e-07,1.0,1.0,30.656193570052874
78120,1.0664885544907428e-07,2.6109626771069096e-07,1.0,1.0,30.655620887524968
78130,1.237244122859044e-07,2.552890840442486e-07,1.0,1.0,30.658530567436067
78140,1.0258832360408318e-07,2.468241550647332e-07,1.0,1.0,30.661356799452445
78150,1.0316488870388457e-07,2.4355764755093366e-07,1.0,1.0,30.658503503407843
78160,1.0333991675069929e-07,2.61834518489221e-07,1.0,1.0,30.652158313328805
78170,1.09566613632617e-07,2.4187151411448764e-07,1.0,1.0,30.650052487067573
78180,9.998987773811818e-08,2.45840165401211e-07,1.0,1.0,30.651428124878805
78190,1.1970953059473872e-07,2.745915984230232e-07,1.0,1.0,30.65301057740494
78200,1.1874931953135934e-07,2.9043709342203733e-07,1.0,1.0,30.677723206686803
78210,8.790619383454972e-08,2.971374341142423e-07,1.0,1.0,30.701301677539988
78220,1.2818474625757127e-07,2.9022449720975254e-07,1.0,1.0,30.702029583574003
78230,1.4245290687552837e-07,2.2217313718029767e-07,1.0,1.0,30.692901928984895
78240,1.1583825080608894e-07,2.3611675051466565e-07,1.0,1.0,30.685654693154305
78250,1.1532330725942244e-07,2.4779518396589447e-07,1.0,1.0,30.674128484981146
78260,1.0203165902808273e-07,2.5103911239307015e-07,1.0,1.0,30.66331505087913
78270,1.102387403355696e-07,2.4771655572227473e-07,1.0,1.0,30.654225988660322
78280,1.1670989984905965e-07,2.559664945595523e-07,1.0,1.0,30.652523407084935
78290,1.142838970036999e-07,2.7180133713466497e-07,1.0,1.0,30.651579522298036
78300,1.0945210148014815e-07,2.6929471579059234e-07,1.0,1.0,30.657069493427052
78310,1.0697666613541071e-07,2.4379523104066474e-07,1.0,1.0,30.65897680635438
78320,1.1108066237177293e-07,2.6465175488032027e-07,1.0,1.0,30.661350897022025
78330,1.1076446261452968e-07,2.402340556381449e-07,1.0,1.0,30.65981556578896
78340,1.2160713062967996e-07,2.949939930522119e-07,1.0,1.0,30.65631338951213
78350,1.0506390497430284e-07,2.6349369646663574e-07,1.0,1.0,30.658647023559435
78360,1.153247196580165e-07,2.518331192449928e-07,1.0,1.0,30.66162762532307
78370,1.1767193493040597e-07,2.5007911975416707e-07,1.0,1.0,30.662006274964238
78380,1.1341689136171302e-07,2.736720228889237e-07,1.0,1.0,30.66136455546833
78390,1.0034765259332711e-07,2.9316233546339453e-07,1.0,1.0,30.661343726858743
78400,1.210627304098429e-07,2.9148018645814376e-07,1.0,1.0,30.664096301383058
78410,1.052944469548885e-07,2.683446791370317e-07,1.0,1.0,30.674307784636454
78420,1.017309482718744e-07,2.4666502439317366e-07,1.0,1.0,30.678531220840632
78430,1.1021909714253601e-07,2.898273985500222e-07,1.0,1.0,30.67070911368804
78440,1.0537515731960498e-07,2.43632421097401e-07,1.0,1.0,30.667677833013286
78450,9.902528495071343e-08,2.564013451818394e-07,1.0,1.0,30.663407125549856
78460,1.0903471846712469e-07,2.635715309082829e-07,1.0,1.0,30.659450278668686
78470,1.2074858503979752e-07,2.5273945977645744e-07,1.0,1.0,30.657888700461537
78480,9.354418815889115e-08,2.581940562499477e-07,1.0,1.0,30.658573133334926
78490,1.2789727909941303e-07,2.469263875200446e-07,1.0,1.0,30.65653824245631
78500,1.0075261851343883e-07,2.705586950028031e-07,1.0,1.0,30.657332899537973
78510,1.1249745584926495e-07,2.6051157610244985e-07,1.0,1.0,30.65751535169276
78520,1.24704094980158e-07,2.595299027851909e-07,1.0,1.0,30.660214319916886
78530,1.1647741322698186e-07,2.4228630225770216e-07,1.0,1.0,30.663471448573535
78540,1.041740543841454e-07,2.600014183698041e-07,1.0,1.0,30.659925885263775
78550,1.0889931374686332e-07,2.573554515645691e-07,1.0,1.0,30.659451624095983
78560,1.0276521752273083e-07,2.5243369192236725e-07,1.0,1.0,30.65385313200606
78570,1.275416138696555e-07,2.865378783048337e-07,1.0,1.0,30.655386458095933
78580,1.11208295971145e-07,2.8130182069301684e-07,1.0,1.0,30.664556222071433
78590,1.095573033366106e-07,2.327566137963135e-07,1.0,1.0,30.67399728114136
78600,9.17585495713285e-08,2.474547917312147e-07,1.0,1.0,30.671387846388875
78610,1.0676299055817836e-07,2.640415403574152e-07,1.0,1.0,30.66149759905802
78620,1.0557428964637945e-07,2.4645974981520615e-07,1.0,1.0,30.656574231989545
78630,1.113420120225655e-07,2.567974903826536e-07,1.0,1.0,30.654715642533066
78640,1.0975692852752862e-07,2.594749503464355e-07,1.0,1.0,30.654889962850852
78650,1.1803707853297352e-07,2.422089452971243e-07,1.0,1.0,30.657991137211347
78660,9.896591069636817e-08,2.874600412113251e-07,1.0,1.0,30.660945863396158
78670,1.0965596009717325e-07,2.922219130997331e-07,1.0,1.0,30.65769240958138
78680,1.1794325403087629e-07,3.000224904279493e-07,1.0,1.0,30.663321428401353
78690,1.1043208571265237e-07,2.4284687999509583e-07,1.0,1.0,30.667165697270658
78700,1.2319333731499206e-07,2.660556411747778e-07,1.0,1.0,30.662587242184582
78710,1.103757617221414e-07,2.560762071691427e-07,1.0,1.0,30.666273700606155
78720,1.1107364704780672e-07,2.66225073805824e-07,1.0,1.0,30.66377630309572
78730,1.0930305474313265e-07,2.390970342605486e-07,1.0,1.0,30.660224710981183
78740,1.0229565128840896e-07,2.447963899921396e-07,1.0,1.0,30.66132175772002
78750,1.0392790347615696e-07,2.54291432353991e-07,1.0,1.0,30.6587069704653
78760,1.025582118015757e-07,2.5275754677630076e-07,1.0,1.0,30.65662744509032
78770,1.1503256100706906e-07,3.0819196899610355e-07,1.0,1.0,30.65423014388782
78780,1.157808752254798e-07,2.628836909139118e-07,1.0,1.0,30.65939998729739
78790,1.1584608795332948e-07,2.451179018185984e-07,1.0,1.0,30.664438296584695
78800,1.1112563960386269e-07,2.4149375458140303e-07,1.0,1.0,30.663928867946442
78810,9.200040933579268e-08,2.4281184699891047e-07,1.0,1.0,30.658956713681114
78820,1.1044297209487211e-07,2.4595723416381446e-07,1.0,1.0,30.652947466983804
78830,1.0742244287012194e-07,2.4555224479840453e-07,1.0,1.0,30.65689220041418
78840,1.1628951806348728e-07,2.477046269032553e-07,1.0,1.0,30.657570721478034
78850,1.0867399793164456e-07,2.5442482299314824e-07,1.0,1.0,30.65844345311628
78860,1.2256949183482434e-07,2.499738325939409e-07,1.0,1.0,30.658794950703925
78870,1.013383750880105e-07,2.5235036762321403e-07,1.0,1.0,30.660873774613403
78880,1.0762175251877357e-07,2.647713537436276e-07,1.0,1.0,30.657063070378825
78890,1.1286926164567573e-07,2.5450392888843244e-07,1.0,1.0,30.6583097290426
78900,1.046663049985598e-07,2.6515773145178e-07,1.0,1.0,30.662896039029256
78910,1.084938258487113e-07,2.3949755835050126e-07,1.0,1.0,30.662644795525626
78920,1.1108493383066675e-07,2.545205733689044e-07,1.0,1.0,30.65927162904968
78930,9.595299816905441e-08,2.3170017282108833e-07,1.0,1.0,30.654081296989116
78940,1.1597140928822468e-07,2.7526671224875895e-07,1.0,1.0,30.648676919056122
78950,1.0112404261681459e-07,2.492563289220204e-07,1.0,1.0,30.652351354521993
78960,1.1944747949989088e-07,2.476456296353361e-07,1.0,1.0,30.655119315269033
78970,1.050799436944736e-07,2.472606962566583e-07,1.0,1.0,30.660409592315805
78980,1.0901895222308994e-07,2.658999030256106e-07,1.0,1.0,30.664166045783332
78990,1.0925503990054907e-07,2.4267397308186145e-07,1.0,1.0,30.66672799742069
79000,1.2782203801187617e-07,2.3555207180358255e-07,1.0,1.0,30.66667419614008
79010,1.113732596571789e-07,2.5922779053170837e-07,1.0,1.0,30.660656337379145
79020,1.0415787886262817e-07,2.465107676291092e-07,1.0,1.0,30.65868452717273
79030,1.1308808801052117e-07,2.539896037363947e-07,1.0,1.0,30.65757104809751
79040,1.0483726100608319e-07,2.5827190300987663e-07,1.0,1.0,30.660706932827747
79050,1.0765999965085074e-07,2.4461764608046116e-07,1.0,1.0,30.660507905388148
79060,1.1197337549133473e-07,2.4889799255088205e-07,1.0,1.0,30.65342565775859
79070,1.0848785898495937e-07,2.3420164696195172e-07,1.0,1.0,30.655371198015853
79080,1.0010537927331095e-07,2.5957336845360433e-07,1.0,1.0,30.657157305698437
79090,1.1108019030725656e-07,2.4212344685988885e-07,1.0,1.0,30.654745447411816
79100,1.0580297713386318e-07,2.471431336693301e-07,1.0,1.0,30.65666861772025
79110,1.0181932710992767e-07,2.512427628287585e-07,1.0,1.0,30.658039056359517
79120,1.1603461454471882e-07,2.668170591688901e-07,1.0,1.0,30.656014527781547
79130,1.0178348647860972e-07,2.7270132577709126e-07,1.0,1.0,30.653977987506448
79140,1.1218571050419691e-07,2.5539367697030595e-07,1.0,1.0,30.657167291931707
79150,1.0845228745263513e-07,2.6597213674030654e-07,1.0,1.0,30.660334035366496
79160,1.0662454570513309e-07,2.5568577336898566e-07,1.0,1.0,30.660079443245717
79170,1.0428215650670499e-07,2.6667915695894645e-07,1.0,1.0,30.657021831889267
79180,1.201319178047296e-07,2.76842417228369e-07,1.0,1.0,30.65355314864194
79190,1.0278668273534507e-07,2.6051111685174003e-07,1.0,1.0,30.657400995643158
79200,1.1046278947350591e-07,2.3236914751595385e-07,1.0,1.0,30.66076882165673
79210,1.0684926040100865e-07,2.466249584976134e-07,1.0,1.0,30.658115744948894
79220,1.1340537819500855e-07,2.447042000384448e-07,1.0,1.0,30.662004079741287
79230,9.129445894702719e-08,2.426169772656063e-07,1.0,1.0,30.66400205956496
79240,1.1676490192872614e-07,2.5059394592503884e-07,1.0,1.0,30.65973357452233
79250,1.1658281359468622e-07,2.496628554710607e-07,1.0,1.0,30.656068916508573
79260,1.0199821691543414e-07,2.492839903588162e-07,1.0,1.0,30.651758619836034
79270,1.1935576828211283e-07,2.6673218200443584e-07,1.0,1.0,30.65349789785839
79280,1.1267139991365412e-07,2.741068987163882e-07,1.0,1.0,30.65948537965858
79290,1.1329025709555373e-07,2.523797912055438e-07,1.0,1.0,30.6671514013101
79300,1.2321677863622323e-07,2.42516250204274e-07,1.0,1.0,30.667793454140682
79310,1.1284587995987924e-07,2.5541353043730773e-07,1.0,1.0,30.665843775857525
79320,9.76711490693054e-08,2.621551392529189e-07,1.0,1.0,30.667452971478237
79330,1.1449383243450892e-07,2.451774829550046e-07,1.0,1.0,30.664839439523202
79340,1.0120029528050963e-07,2.514773966486703e-07,1.0,1.0,30.66473182243603
79350,9.724805900093908e-08,2.4343536849568415e-07,1.0,1.0,30.658664787326483
79360,1.0904461749868309e-07,2.559901156633486e-07,1.0,1.0,30.652187648808905
79370,1.1168815957433983e-07,2.621564235468623e-07,1.0,1.0,30.65084435466654
79380,1.0416805793055902e-07,2.5595767323707044e-07,1.0,1.0,30.649223092043588
79390,1.1603704255153574e-07,2.4661825343451163e-07,1.0,1.0,30.652225793687894
79400,1.0315651439477045e-07,2.589154156211931e-07,1.0,1.0,30.65819313903959
79410,1.0661933376325972e-07,2.3957714201163976e-07,1.0,1.0,30.659650295502324
79420,1.1810796466575928e-07,2.529453384659365e-07,1.0,1.0,30.65597832244425
79430,1.1897770198382617e-07,2.49036454452849e-07,1.0,1.0,30.653601136688618
79440,1.097356933969832e-07,2.5860085685401703e-07,1.0,1.0,30.652431993434174
79450,1.0382636488927362e-07,2.3812322053920047e-07,1.0,1.0,30.651803574988516
79460,1.0693246402662431e-07,3.114243282427993e-07,1.0,1.0,30.65465355692687
79470,9.844968983189604e-08,2.513342400717354e-07,1.0,1.0,30.659245681085956
79480,1.2188550352078678e-07,2.610011115790754e-07,1.0,1.0,30.66191713463352
79490,1.0047484328411066e-07,2.4215084000476844e-07,1.0,1.0,30.661915635440373
79500,1.1903925405445426e-07,2.411049675872363e-07,1.0,1.0,30.66220963503973
79510,1.0927347670975638e-07,2.421589492333681e-07,1.0,1.0,30.662675453276716
79520,1.0604349987584949e-07,2.45773173311177e-07,1.0,1.0,30.659777282969362
79530,9.848364555343082e-08,2.564513007928842e-07,1.0,1.0,30.655553200686594
79540,1.0856843477299367e-07,2.447378328968772e-07,1.0,1.0,30.65067611695295
79550,1.0266126726056716e-07,2.509764747238397e-07,1.0,1.0,30.650985643224963
79560,1.0774592149747526e-07,2.457657465051589e-07,1.0,1.0,30.64966005258198
79570,1.0971616707535484e-07,2.5109163490770444e-07,1.0,1.0,30.65312755025653
79580,1.0437066879744532e-07,2.439993146844534e-07,1.0,1.0,30.653735767884
79590,1.1002934647298625e-07,2.5686894447189855e-07,1.0,1.0,30.652906380648382
79600,1.0251507803630471e-07,2.4130669937504816e-07,1.0,1.0,30.651310693405566
79610,1.0859743649725187e-07,2.725657901111797e-07,1.0,1.0,30.656026852643556
79620,1.0425550943184666e-07,2.470008345689564e-07,1.0,1.0,30.658333472139965
79630,1.1795665818025525e-07,2.3966081323707155e-07,1.0,1.0,30.659340818023438
79640,1.1395900752964788e-07,2.490299658779339e-07,1.0,1.0,30.658992217895733
79650,1.0758470082332054e-07,2.5389530809457794e-07,1.0,1.0,30.654175609289716
79660,1.0074755369978756e-07,2.7007763149519105e-07,1.0,1.0,30.65097184768359
79670,1.1923690983014505e-07,2.6242889311310056e-07,1.0,1.0,30.65628356266551
79680,1.1032966437303027e-07,2.6111711319502744e-07,1.0,1.0,30.664704533686574
79690,1.0367409812610538e-07,2.484573257499001e-07,1.0,1.0,30.66043586704028
79700,1.0542841480299906e-07,2.608711987607906e-07,1.0,1.0,30.654852182961296
79710,1.044421534220757e-07,2.519928440366913e-07,1.0,1.0,30.651327636001778
79720,1.120375657619865e-07,2.3891015710954243e-07,1.0,1.0,30.649370868468033
79730,1.135645581153186e-07,2.759693268497507e-07,1.0,1.0,30.652017876584473
79740,9.963108331480544e-08,2.5758993268867583e-07,1.0,1.0,30.65135765086592
79750,1.0955343431320207e-07,2.5489899465414633e-07,1.0,1.0,30.651646088818364
79760,1.1328950985968203e-07,2.4433149339467954e-07,1.0,1.0,30.657647692268636
79770,9.522224363514968e-08,2.5699898339330503e-07,1.0,1.0,30.657440315281267
79780,1.2533998669847013e-07,2.3532783134583206e-07,1.0,1.0,30.654418302803958
79790,1.0990095041605934e-07,2.5887140553550196e-07,1.0,1.0,30.656827382438074
79800,1.0540253798386497e-07,2.450691975321872e-07,1.0,1.0,30.653090634639128
79810,1.1357466678825291e-07,3.0832342201619376e-07,1.0,1.0,30.650197292234935
79820,1.095085062446084e-07,2.6960619462184125e-07,1.0,1.0,30.658210252886118
79830,1.065588691992372e-07,2.3815234673898115e-07,1.0,1.0,30.66205206804581
79840,1.0180394014460976e-07,2.465604926485421e-07,1.0,1.0,30.660048566232888
79850,1.1439514931319288e-07,2.482217827141987e-07,1.0,1.0,30.656054999159824
79860,1.098991458795409e-07,2.6272126329412556e-07,1.0,1.0,30.65491827345532
79870,1.2648864442431673e-07,2.747928482201997e-07,1.0,1.0,30.650621974048377
79880,1.0033230888824141e-07,2.696717632532318e-07,1.0,1.0,30.661221517093875
79890,1.0570967413453696e-07,2.584090151258118e-07,1.0,1.0,30.662861076994353
79900,1.1325828456051347e-07,2.361029262323244e-07,1.0,1.0,30.662014945674503
79910,1.0733652322133517e-07,2.3644205101426805e-07,1.0,1.0,30.658719971713467
79920,1.0792283020684035e-07,2.522148415821321e-07,1.0,1.0,30.654439202475036
79930,1.1703554452699272e-07,2.4716969119828877e-07,1.0,1.0,30.64891771118699
79940,1.0612184681885812e-07,2.557482469628262e-07,1.0,1.0,30.649532170858663
79950,1.2161862513467712e-07,2.3827974299307064e-07,1.0,1.0,30.654967629620735
79960,1.0382055811758797e-07,2.606820156104417e-07,1.0,1.0,30.661660986738113
79970,1.0824347500533525e-07,2.4279484712486893e-07,1.0,1.0,30.662424161353975
79980,1.0478167673326114e-07,2.3611104215363357e-07,1.0,1.0,30.658599130079978
79990,1.0612928832968992e-07,2.7476385672875085e-07,1.0,1.0,30.654977267433686
80000,1.0778778335088939e-07,2.464736700671251e-07,1.0,1.0,30.651276705048055
80010,1.0810895273521088e-07,2.466512582690437e-07,1.0,1.0,30.6532416664852
80020,1.1738812591798889e-07,2.6069663151522336e-07,1.0,1.0,30.652082018175648
80030,1.1021504032485268e-07,2.4021406004155535e-07,1.0,1.0,30.656089085613306
80040,1.2215088867483958e-07,2.475120895483851e-07,1.0,1.0,30.65725909599204
80050,1.0155893727677187e-07,2.594208733036976e-07,1.0,1.0,30.65409286311718
80060,1.0475079492576399e-07,2.679770571470769e-07,1.0,1.0,30.649915059894948
80070,1.0861216556878746e-07,2.6855575903979645e-07,1.0,1.0,30.652263511457605
80080,1.2105968083148495e-07,2.537798340266269e-07,1.0,1.0,30.65027485266237
80090,9.97891636114182e-08,2.519596361951498e-07,1.0,1.0,30.65057124453689
80100,1.0915895345535834e-07,2.5380546930837775e-07,1.0,1.0,30.652205264850227
80110,1.1619417007251437e-07,2.444016911088576e-07,1.0,1.0,30.652363440396876
80120,1.1046288645332953e-07,2.488544446817628e-07,1.0,1.0,30.65734072249316
80130,1.0515746795177395e-07,2.667317881289958e-07,1.0,1.0,30.65766317847441
80140,1.1522904726378298e-07,2.687209834586596e-07,1.0,1.0,30.657421920161045
80150,1.0703622519189968e-07,2.826173829363038e-07,1.0,1.0,30.657702975326284
80160,1.0190818741985495e-07,2.546778033733446e-07,1.0,1.0,30.663529210528736
80170,1.1357593820054679e-07,2.532305826720905e-07,1.0,1.0,30.66272118384027
80180,9.97862971759934e-08,2.5472164004319134e-07,1.0,1.0,30.657758108453077
80190,1.0594636989653423e-07,2.798001342686547e-07,1.0,1.0,30.656046624385702
80200,1.1485124577159237e-07,2.592650614967238e-07,1.0,1.0,30.658636473529928
80210,1.0640641114717069e-07,2.5177996192057734e-07,1.0,1.0,30.65542258940568
80220,1.1038796908415892e-07,2.684418185302503e-07,1.0,1.0,30.65352909448573
80230,1.3142763708565902e-07,2.6747574396303313e-07,1.0,1.0,30.654431923342695
80240,1.0592722830996793e-07,2.394422140088025e-07,1.0,1.0,30.654683894690063
80250,1.1353949035093493e-07,2.6328156538853176e-07,1.0,1.0,30.653312743054922
80260,1.0666211309629448e-07,2.49047565930544e-07,1.0,1.0,30.650521788307966
80270,1.038532030035664e-07,2.48475686887729e-07,1.0,1.0,30.649737601219453
80280,1.0416709325043628e-07,2.4516464897037797e-07,1.0,1.0,30.65224689607848
80290,1.4286761584730425e-07,2.610156605750016e-07,1.0,1.0,30.655144866194785
80300,1.0622521211042517e-07,2.5250953711286194e-07,1.0,1.0,30.66056048899706
80310,1.0857504134423416e-07,2.6661264515335287e-07,1.0,1.0,30.659916246538675
80320,9.885024499685823e-08,2.430825693984476e-07,1.0,1.0,30.655070221391398
80330,1.112717283628824e-07,2.7787838076298345e-07,1.0,1.0,30.652939091866582
80340,1.1026095541733077e-07,2.49980387053255e-07,1.0,1.0,30.654119588545612
80350,1.1368565745274028e-07,2.3485488663353877e-07,1.0,1.0,30.652771003642382
80360,1.08489972605155e-07,2.555326807813771e-07,1.0,1.0,30.651018935740858
80370,1.0783826486626171e-07,2.527582555783449e-07,1.0,1.0,30.656414965019813
80380,1.2144485341764747e-07,2.4678754344014064e-07,1.0,1.0,30.65885539237978
80390,1.1241080286010409e-07,2.472035159435968e-07,1.0,1.0,30.660159909258372
80400,1.0792935493385488e-07,2.367986793137558e-07,1.0,1.0,30.660510265793462
80410,1.1402612958455287e-07,2.492111994325569e-07,1.0,1.0,30.655904610890044
80420,1.0689708300441303e-07,2.471850846190182e-07,1.0,1.0,30.656262332839926
80430,1.00013717964324e-07,2.585032859705187e-07,1.0,1.0,30.654345595533652
80440,1.163803379661454e-07,2.560752537610966e-07,1.0,1.0,30.646954247163496
80450,1.1363748348141526e-07,2.559329681552696e-07,1.0,1.0,30.648530446630815
80460,1.0906405022752423e-07,2.3277462366346127e-07,1.0,1.0,30.65281872988479
80470,1.0587055314784349e-07,2.3645769676609696e-07,1.0,1.0,30.654587295840344
80480,1.2566083805932886e-07,2.5526214291370774e-07,1.0,1.0,30.65347933384968
80490,1.0748950675865538e-07,2.8360019002361853e-07,1.0,1.0,30.657174531623212
80500,9.808715933572465e-08,2.3820689955761104e-07,1.0,1.0,30.664637473468634
80510,1.0210088976920419e-07,2.4293180343120324e-07,1.0,1.0,30.668409662142135
80520,1.0311850809110968e-07,2.5156653444869447e-07,1.0,1.0,30.66877729396595
80530,1.0239341155097915e-07,2.2884025959557543e-07,1.0,1.0,30.66387607150671
80540,1.1653270648619433e-07,2.5465302602180685e-07,1.0,1.0,30.65599883958817
80550,1.0442349307462914e-07,2.5060555251243874e-07,1.0,1.0,30.652563517174006
80560,1.246855554743919e-07,2.5936706911462376e-07,1.0,1.0,30.651319166969625
80570,1.022153547449226e-07,2.3661728542237717e-07,1.0,1.0,30.6559349706647
80580,1.044054230223104e-07,2.418267921048309e-07,1.0,1.0,30.661000173255225
80590,1.1010227379819385e-07,2.5087895568954237e-07,1.0,1.0,30.65466604562759
80600,1.0357118308828422e-07,2.8001266031510943e-07,1.0,1.0,30.65300871967943
80610,1.0818479188148859e-07,2.696512606084852e-07,1.0,1.0,30.65636096249482
80620,1.2056717722180704e-07,2.431603145461173e-07,1.0,1.0,30.658911713815147
80630,1.0886402298366245e-07,2.606433010203497e-07,1.0,1.0,30.657110144613426
80640,1.1439464374008518e-07,2.3369729851439265e-07,1.0,1.0,30.660071959290732
80650,1.1075128526891332e-07,2.595009231822771e-07,1.0,1.0,30.659841496034023
80660,1.06948252853847e-07,2.336408299992874e-07,1.0,1.0,30.661971732412777
80670,1.0227811699885947e-07,2.495106882768121e-07,1.0,1.0,30.65872010951731
80680,1.0245878547063695e-07,2.592212314956644e-07,1.0,1.0,30.65456680224726
80690,1.1210345003549787e-07,2.5415879123589005e-07,1.0,1.0,30.649999617110048
80700,1.1433759790578982e-07,2.4914030798916674e-07,1.0,1.0,30.652315914621422
80710,1.060424800120291e-07,2.558756675169267e-07,1.0,1.0,30.65361027585601
80720,1.0722577523723029e-07,2.4384043296517734e-07,1.0,1.0,30.65355118706288
80730,1.028728334504408e-07,2.708243781795443e-07,1.0,1.0,30.6549046476473
80740,1.0817038773159806e-07,2.368951827269831e-07,1.0,1.0,30.651980062527596
80750,1.1262477040755819e-07,2.5831256182081464e-07,1.0,1.0,30.655825662153447
80760,9.456971602573603e-08,2.507845372182966e-07,1.0,1.0,30.65813618986002
80770,1.146650930597151e-07,2.554809073547781e-07,1.0,1.0,30.657009439868833
80780,1.2196107799916258e-07,2.7462314923712824e-07,1.0,1.0,30.663143563037465
80790,9.792259392867782e-08,2.575216968071185e-07,1.0,1.0,30.671279843815878
80800,1.1310790016521594e-07,2.635964561511787e-07,1.0,1.0,30.667505826602163
80810,1.0681794147443757e-07,2.54015345721417e-07,1.0,1.0,30.66068080172046
80820,9.542141608326547e-08,2.83601574011506e-07,1.0,1.0,30.660213069842882
80830,1.3114504877584458e-07,2.4355809084314395e-07,1.0,1.0,30.665138072430395
80840,1.0459930715903031e-07,2.56960455383303e-07,1.0,1.0,30.671429202631497
80850,9.323584419496325e-08,2.588466802467623e-07,1.0,1.0,30.664687687672117
80860,1.0942099899975557e-07,2.544065862773317e-07,1.0,1.0,30.653186187851222
80870,1.1291062657691838e-07,2.4835918539647277e-07,1.0,1.0,30.653853900662323
80880,1.024036252457927e-07,2.483561332067823e-07,1.0,1.0,30.65580408424537
80890,1.0198239121181285e-07,2.5299745426956133e-07,1.0,1.0,30.651625506333048
80900,1.1265846291873195e-07,2.530926508395861e-07,1.0,1.0,30.653900025928362
80910,1.0976288132586715e-07,2.780563374809174e-07,1.0,1.0,30.65567917425954
80920,1.2180226670554732e-07,2.5790874591366544e-07,1.0,1.0,30.65641751397276
80930,1.0482615333923724e-07,2.407909061184833e-07,1.0,1.0,30.65573047354178
80940,9.925367741828987e-08,2.459330940545794e-07,1.0,1.0,30.65573904114593
80950,1.1890879775003901e-07,2.610741893788993e-07,1.0,1.0,30.65486849151567
80960,9.965361410430606e-08,2.7007492937498474e-07,1.0,1.0,30.65640475723715
80970,1.0508336812738714e-07,2.546342086983506e-07,1.0,1.0,30.65887703771724
80980,1.0949243015624714e-07,2.4204554813300664e-07,1.0,1.0,30.66001385152291
80990,9.732158274940324e-08,2.496997822097559e-07,1.0,1.0,30.66389901332964
81000,1.0508440246813419e-07,2.9204334111131983e-07,1.0,1.0,30.663913421678306
81010,1.2983117406890945e-07,2.3507733205490883e-07,1.0,1.0,30.665038721241242
81020,1.2295111767903693e-07,2.3963291590392717e-07,1.0,1.0,30.670630097925585
81030,9.570659459227123e-08,2.5726069059605886e-07,1.0,1.0,30.668893785368546
81040,1.1746934307332352e-07,2.514606668956031e-07,1.0,1.0,30.660357392663858
81050,1.111850655828424e-07,2.607833360896226e-07,1.0,1.0,30.655219868271825
81060,1.1532556892178115e-07,2.572497291243947e-07,1.0,1.0,30.65236532818331
81070,1.1754943822075495e-07,2.466902854892735e-07,1.0,1.0,30.65173751688836
81080,1.1142501201455404e-07,2.3740264615736455e-07,1.0,1.0,30.657506943728713
81090,1.0657709279233072e-07,2.5900692538439187e-07,1.0,1.0,30.659114758557937
81100,1.1058398525087668e-07,2.56307206424302e-07,1.0,1.0,30.65686638771367
81110,1.0457405213776009e-07,2.654382996715953e-07,1.0,1.0,30.65806905071087
81120,1.0296957997832973e-07,2.386485557570981e-07,1.0,1.0,30.655490070682568
81130,1.2206234871537585e-07,2.493502548177301e-07,1.0,1.0,30.651034668129803
81140,1.0019040662486555e-07,2.6002634532085905e-07,1.0,1.0,30.651896811692644
81150,1.1495231156950766e-07,2.591771361286611e-07,1.0,1.0,30.65490942550582
81160,1.1795268413152413e-07,2.632677005281074e-07,1.0,1.0,30.653550625668846
81170,9.708612573962271e-08,2.56554432169101e-07,1.0,1.0,30.660153984846882
81180,9.249148759181333e-08,2.360829617825245e-07,1.0,1.0,30.66409764701574
81190,1.1710808955626743e-07,2.5111704913343064e-07,1.0,1.0,30.660763691895596
81200,1.0852560155735145e-07,2.3865715881161644e-07,1.0,1.0,30.657767200267234
81210,1.0384035524017257e-07,2.611528587713086e-07,1.0,1.0,30.654340523064384
81220,1.2912163762110728e-07,2.493754560486517e-07,1.0,1.0,30.650968582126122
81230,1.1701001638590467e-07,2.803120793020368e-07,1.0,1.0,30.662364750850525
81240,1.1249524257406244e-07,2.730166072616178e-07,1.0,1.0,30.670243812638372
81250,1.1109006675844847e-07,2.3079592255630284e-07,1.0,1.0,30.670102620479117
81260,1.1576905240296927e-07,2.499256380642447e-07,1.0,1.0,30.667460292413995
81270,9.8734216476008e-08,2.9104867366151696e-07,1.0,1.0,30.663442545194275
81280,1.0996447963776558e-07,2.755760076075086e-07,1.0,1.0,30.663055289733798
81290,1.0103197685965561e-07,2.388774726881698e-07,1.0,1.0,30.659176399175852
81300,1.0217336569498778e-07,2.845248321648797e-07,1.0,1.0,30.656252320925645
81310,1.0860884174015685e-07,2.7312591511964247e-07,1.0,1.0,30.655692126721164
81320,1.1001190221251811e-07,2.3681089665791848e-07,1.0,1.0,30.658190119106134
81330,1.0165852887968083e-07,2.4999548501585563e-07,1.0,1.0,30.65985054665284
81340,1.0311070595849619e-07,2.430609375268917e-07,1.0,1.0,30.655684519127057
81350,1.1639953938347248e-07,2.404085415864952e-07,1.0,1.0,30.652171241784863
81360,1.0110893339967558e-07,2.8212773497914757e-07,1.0,1.0,30.65497943489929
81370,1.1015046748982526e-07,2.7178159414751823e-07,1.0,1.0,30.658563144790744
81380,1.0895418722400813e-07,2.454109242208166e-07,1.0,1.0,30.662962214611305
81390,9.651365280515115e-08,2.544646424533453e-07,1.0,1.0,30.660519736463975
81400,1.1524476960114847e-07,2.5490915522793874e-07,1.0,1.0,30.655303302218446
81410,1.1007380563152204e-07,2.428797011129956e-07,1.0,1.0,30.653164216243844
81420,1.0883159583740835e-07,2.7646281119786976e-07,1.0,1.0,30.65601378682287
81430,1.3994508803239994e-07,2.542001492590496e-07,1.0,1.0,30.66024699332373
81440,9.45708127552248e-08,2.593680265683664e-07,1.0,1.0,30.663795470479613
81450,1.0722146832519594e-07,2.415393787780481e-07,1.0,1.0,30.66410949579985
81460,1.053261646872649e-07,2.531301987904733e-07,1.0,1.0,30.65778126928656
81470,1.1373311723625643e-07,2.510912033662992e-07,1.0,1.0,30.65253089866066
81480,1.1539968741295042e-07,2.5063439652311296e-07,1.0,1.0,30.648916477105967
81490,1.2055240472867281e-07,2.5093009644756577e-07,1.0,1.0,30.65255115082882
81500,9.956891046065379e-08,2.46642266178447e-07,1.0,1.0,30.654136219313347
81510,1.0894665426417778e-07,2.777825013624822e-07,1.0,1.0,30.65445733949118
81520,1.0779900279098278e-07,2.620299251953863e-07,1.0,1.0,30.65458445845574
81530,1.0997271633702631e-07,2.6141487668792613e-07,1.0,1.0,30.654781852778306
81540,9.14269904753509e-08,2.402893991177346e-07,1.0,1.0,30.656592365816607
81550,1.276550284295089e-07,2.5278060361021575e-07,1.0,1.0,30.65238769667445
81560,1.0570237871163986e-07,2.5538141974729626e-07,1.0,1.0,30.65560202274806
81570,9.192945242163667e-08,2.4051940795699885e-07,1.0,1.0,30.656213092943936
81580,1.1247909038429424e-07,2.549360782849827e-07,1.0,1.0,30.652990643011123
81590,1.0852318255944701e-07,2.494970657269174e-07,1.0,1.0,30.655065377028308
81600,1.0057320914290648e-07,2.790490142042762e-07,1.0,1.0,30.660828426656114
81610,1.1558183265668328e-07,2.401615138483704e-07,1.0,1.0,30.667773748871756
81620,1.221257039331157e-07,2.4472183028570443e-07,1.0,1.0,30.665043196311967
81630,1.0998047535406943e-07,2.450076012080395e-07,1.0,1.0,30.661156892190654
81640,1.0869271551846151e-07,2.479356807286729e-07,1.0,1.0,30.651576961200785
81650,1.1530661881928626e-07,2.4301911347919875e-07,1.0,1.0,30.651097467769045
81660,9.607646744556336e-08,2.484621511952943e-07,1.0,1.0,30.654693201899097
81670,1.059892452628946e-07,2.5428053765156047e-07,1.0,1.0,30.65704341430224
81680,1.1525206986237267e-07,2.421018345314628e-07,1.0,1.0,30.66177623720261
81690,9.618142526549814e-08,2.7491789549142603e-07,1.0,1.0,30.6627173612269
81700,1.1640226746227147e-07,2.4955436364976967e-07,1.0,1.0,30.660875902782326
81710,1.1175399460172641e-07,2.3681223295735932e-07,1.0,1.0,30.66085836104974
81720,1.0797131501448809e-07,2.6247991300271025e-07,1.0,1.0,30.660334911607006
81730,1.0646773436142627e-07,2.5081464570522245e-07,1.0,1.0,30.652954457463505
81740,1.1179642490108524e-07,2.454559201012264e-07,1.0,1.0,30.64913767512576
81750,1.1920038941915215e-07,2.692560811723043e-07,1.0,1.0,30.65297146192337
81760,1.1349573221341401e-07,2.428147027278363e-07,1.0,1.0,30.66118727527086
81770,1.0981420483855106e-07,2.4882699004695434e-07,1.0,1.0,30.66116074818526
81780,9.761333455114935e-08,2.420273811714083e-07,1.0,1.0,30.65890298606709
81790,1.1138892466635475e-07,2.450278918968251e-07,1.0,1.0,30.653428817635245
81800,1.0163337168988154e-07,2.448490919559916e-07,1.0,1.0,30.657314215892622
81810,1.1306382952098616e-07,2.5126101662241296e-07,1.0,1.0,30.663231358895615
81820,1.1578505600797175e-07,2.5524511360586363e-07,1.0,1.0,30.662402859125805
81830,9.923619403102694e-08,2.431916026388897e-07,1.0,1.0,30.656695199786817
81840,1.0930355282513495e-07,2.481884681946124e-07,1.0,1.0,30.654048563570267
81850,1.1627259413253754e-07,2.5093013666838804e-07,1.0,1.0,30.652484617462154
81860,1.1055216371953243e-07,2.400121712633437e-07,1.0,1.0,30.658729973660215
81870,1.0272930250537806e-07,2.3839880229472497e-07,1.0,1.0,30.658647402694662
81880,1.1492748554247377e-07,2.6024946881931786e-07,1.0,1.0,30.652047866326825
81890,1.0096161324840496e-07,2.495623923319325e-07,1.0,1.0,30.65204573067155
81900,1.0885193330877449e-07,2.4778859227905124e-07,1.0,1.0,30.65193026193892
81910,1.341685475168184e-07,2.558060592724108e-07,1.0,1.0,30.651609647299004
81920,1.0041200520876368e-07,2.5556649517004795e-07,1.0,1.0,30.653474954552735
81930,9.314383230878248e-08,2.6776856450863873e-07,1.0,1.0,30.65470096557966
81940,1.3147876963194232e-07,2.475849162876474e-07,1.0,1.0,30.657518260671722
81950,1.137512097272767e-07,2.348496808330478e-07,1.0,1.0,30.658499287769867
81960,1.0346745378532846e-07,2.994679905491209e-07,1.0,1.0,30.656490272348666
81970,1.4302492619226808e-07,3.4225137277287615e-07,1.0,1.0,30.655323741990255
81980,1.241592109223802e-07,2.4163379874533763e-07,1.0,1.0,30.665146429841684
81990,1.0136314557753916e-07,2.434341193522778e-07,1.0,1.0,30.66239556122837
82000,1.0617072921428942e-07,2.5132200519717405e-07,1.0,1.0,30.66107330281871
82010,1.073838086534393e-07,2.462197766042479e-07,1.0,1.0,30.65832941190814
82020,1.0633594349247954e-07,2.573569763570439e-07,1.0,1.0,30.65465166419544
82030,1.0401989205773155e-07,2.3917117546975967e-07,1.0,1.0,30.64961229914809
82040,1.098059107714412e-07,2.585081093440767e-07,1.0,1.0,30.6485270936413
82050,1.0448804720905202e-07,2.476390339466628e-07,1.0,1.0,30.64917494968007
82060,1.1595819152247318e-07,2.4736645282762024e-07,1.0,1.0,30.65145012570777
82070,1.068543716770529e-07,2.554386973521705e-07,1.0,1.0,30.651798281724677
82080,1.134068367243078e-07,2.6182606373882245e-07,1.0,1.0,30.65237252232943
82090,1.1234231756464843e-07,2.67791473107965e-07,1.0,1.0,30.65589865680586
82100,1.2799506651902214e-07,2.5795130966996075e-07,1.0,1.0,30.65998761362333
82110,9.266115904272652e-08,2.642938104514068e-07,1.0,1.0,30.65994155809514
82120,1.1058179931473492e-07,2.4633743431658103e-07,1.0,1.0,30.655685097098623
82130,9.512384749900107e-08,2.4645709221183355e-07,1.0,1.0,30.654558443926174
82140,1.085531299675858e-07,2.5484724871754184e-07,1.0,1.0,30.653229101391226
82150,1.2826977651059544e-07,2.7163456684486893e-07,1.0,1.0,30.650034009285605
82160,1.0775764409920328e-07,2.5130835990850104e-07,1.0,1.0,30.65176610789992
82170,1.0111460279277493e-07,2.3436823085731244e-07,1.0,1.0,30.656336061223392
82180,1.149351656031802e-07,2.477414927728192e-07,1.0,1.0,30.654157907512435
82190,1.1067815234258007e-07,2.539999336879159e-07,1.0,1.0,30.651990123871805
82200,9.621390306196989e-08,2.610567029184657e-07,1.0,1.0,30.653415969337257
82210,1.16393709042445e-07,2.532045620551406e-07,1.0,1.0,30.647484171879988
82220,1.1264365137258275e-07,2.4606374836681043e-07,1.0,1.0,30.649327522121958
82230,1.0770666904974048e-07,2.4015249810801544e-07,1.0,1.0,30.652636595282452
82240,1.1803863092557415e-07,2.4529480219584317e-07,1.0,1.0,30.653368523155017
82250,1.0696635789333589e-07,2.693798580237821e-07,1.0,1.0,30.65336878530154
82260,1.1426343694402017e-07,2.3875483265002727e-07,1.0,1.0,30.65757234899343
82270,1.1267373792898825e-07,2.7130683071311143e-07,1.0,1.0,30.65395759384323
82280,1.0697226022058669e-07,2.425095430199393e-07,1.0,1.0,30.653662513322857
82290,1.0443535742372235e-07,2.5230022739360407e-07,1.0,1.0,30.652703599424296
82300,1.0732774894295708e-07,2.545373725595336e-07,1.0,1.0,30.651108485206258
82310,1.2143135485119898e-07,2.5488544053082793e-07,1.0,1.0,30.652179676458395
82320,1.0237781489542327e-07,2.542154986499106e-07,1.0,1.0,30.655273388894614
82330,1.18021384765346e-07,2.4137785596298785e-07,1.0,1.0,30.659418579182486
82340,1.097363559249314e-07,2.5917985793567196e-07,1.0,1.0,30.662227924812495
82350,1.000488630827476e-07,2.6899113670255445e-07,1.0,1.0,30.658117119464023
82360,1.202961817887581e-07,2.4960876221993844e-07,1.0,1.0,30.652245331628187
82370,9.712392657794896e-08,2.683442279046474e-07,1.0,1.0,30.65238530699095
82380,1.0241064293099295e-07,2.603723731505022e-07,1.0,1.0,30.650738720780645
82390,1.2184488035137661e-07,2.5966690700570884e-07,1.0,1.0,30.65172177383015
82400,1.0736335571407397e-07,2.6342875168839283e-07,1.0,1.0,30.654865928024506
82410,1.0703692131425609e-07,2.4534799216073406e-07,1.0,1.0,30.65395689097802
82420,1.1859033807550867e-07,2.5013581668476574e-07,1.0,1.0,30.652356601360122
82430,1.1245447440525179e-07,2.4090916795224307e-07,1.0,1.0,30.651912199212976
82440,1.1226396211400064e-07,2.443761083928312e-07,1.0,1.0,30.655737430901677
82450,1.1983852892509497e-07,2.460493398156731e-07,1.0,1.0,30.654493546797756
82460,1.068374089351417e-07,2.3773182090474324e-07,1.0,1.0,30.653225295790588
82470,1.0177256631859125e-07,2.5659483339283133e-07,1.0,1.0,30.655954161685198
82480,1.1305312539286993e-07,2.54868649750082e-07,1.0,1.0,30.651736665806716
82490,1.318872186484656e-07,2.411480169725835e-07,1.0,1.0,30.65475473316096
82500,1.10734316136362e-07,2.6157880449547483e-07,1.0,1.0,30.665191918033646
82510,1.1407851315743905e-07,2.6027371984094927e-07,1.0,1.0,30.663721150568396
82520,1.1105073371783078e-07,2.506808028821047e-07,1.0,1.0,30.667547072033532
82530,1.0824807789400891e-07,2.345730724873233e-07,1.0,1.0,30.6595637547253
82540,1.0326268730630229e-07,2.470262449385358e-07,1.0,1.0,30.64879091753719
82550,1.0390662116897057e-07,2.4902286974682775e-07,1.0,1.0,30.64337684990382
82560,9.852420260888987e-08,2.568967739438795e-07,1.0,1.0,30.64570887805195
82570,1.0529360703451479e-07,2.670799589686162e-07,1.0,1.0,30.64520772736332
82580,1.0430623598651196e-07,2.3297877221436205e-07,1.0,1.0,30.652057758140888
82590,1.0452419780207382e-07,2.502611947308199e-07,1.0,1.0,30.654375545628135
82600,1.0740613916514636e-07,2.6157855473114273e-07,1.0,1.0,30.651904727154957
82610,1.0973488896923624e-07,2.6074044082116546e-07,1.0,1.0,30.6492546035554
82620,9.545266013139998e-08,2.665103290074963e-07,1.0,1.0,30.65118715977716
82630,1.1298267845995158e-07,2.7389927276288816e-07,1.0,1.0,30.650909798899228
82640,9.330290076913896e-08,2.5354831220452564e-07,1.0,1.0,30.653695006394802
82650,1.1046912706454761e-07,3.08722362187876e-07,1.0,1.0,30.65479382299732
82660,1.1245484172569344e-07,2.7399874979718104e-07,1.0,1.0,30.657530802813472
82670,1.0952841002664144e-07,2.398421129483657e-07,1.0,1.0,30.656765547318678
82680,9.453575342254085e-08,2.4213765685504825e-07,1.0,1.0,30.653789779965685
82690,1.0282126490011254e-07,2.650757485391355e-07,1.0,1.0,30.6544991842731
82700,1.0985819108052121e-07,3.0089896350916786e-07,1.0,1.0,30.658542934886114
82710,9.26025577587871e-08,2.5008550509561195e-07,1.0,1.0,30.665819537500496
82720,1.14972121886487e-07,2.295219671909221e-07,1.0,1.0,30.668426493892447
82730,1.1755390274734336e-07,2.59568565688363e-07,1.0,1.0,30.667397886336193
82740,1.0094966560384324e-07,2.401313565167755e-07,1.0,1.0,30.6597863612393
82750,1.1815341005745061e-07,2.5208022352436187e-07,1.0,1.0,30.650040006993013
82760,1.0561261908436076e-07,2.49697144432778e-07,1.0,1.0,30.648242494906007
82770,1.0028417209654905e-07,2.495834271806894e-07,1.0,1.0,30.649904077672247
82780,1.2295003709684154e-07,2.5444268875956055e-07,1.0,1.0,30.65019400468021
82790,1.1341781138479634e-07,2.4959090743846127e-07,1.0,1.0,30.649020869970325
82800,9.449332909806549e-08,2.605040949111423e-07,1.0,1.0,30.650974071783175
82810,1.1310573975003545e-07,2.6435909057849433e-07,1.0,1.0,30.651246492543468
82820,1.1426463234854282e-07,2.4235609223834413e-07,1.0,1.0,30.652714021347677
82830,1.1318275565882696e-07,2.5256160320402427e-07,1.0,1.0,30.656246230030323
82840,1.1440267844185296e-07,2.42182226313246e-07,1.0,1.0,30.653716624750096
82850,1.1176770198325664e-07,2.4642557383862006e-07,1.0,1.0,30.651295790637068
82860,1.1469470022425162e-07,2.476792787003662e-07,1.0,1.0,30.648915129472194
82870,1.2900971394525947e-07,3.1288629897960065e-07,1.0,1.0,30.651203963763216
82880,1.1777346172005773e-07,3.4213477652360477e-07,1.0,1.0,30.662761867355137
82890,9.593269537971883e-08,2.3737615059936261e-07,1.0,1.0,30.667222386988612
82900,1.1599471753514118e-07,2.443239769170765e-07,1.0,1.0,30.656452941276036
82910,1.0597564798104427e-07,2.3966779087309933e-07,1.0,1.0,30.655832824686865
82920,9.929931098064413e-08,2.6913169715355055e-07,1.0,1.0,30.652998473541565
82930,1.206862123124735e-07,2.6825578946111406e-07,1.0,1.0,30.646122660407165
82940,1.1283428073155988e-07,2.6326090859500777e-07,1.0,1.0,30.650480473512506
82950,9.735187017422142e-08,2.451242481948707e-07,1.0,1.0,30.654877268688498
82960,1.0941292958219409e-07,2.3776485191075743e-07,1.0,1.0,30.65569673740884
82970,1.095774960563294e-07,2.6731682084112833e-07,1.0,1.0,30.656118589160844
82980,9.971953675623555e-08,2.4375101137918707e-07,1.0,1.0,30.65587756442149
82990,1.1021113925623203e-07,2.55757529320044e-07,1.0,1.0,30.6555132201706
83000,1.0053422502962647e-07,2.520280783850613e-07,1.0,1.0,30.65320123918317
83010,9.364276705083217e-08,2.702561071677767e-07,1.0,1.0,30.650765846358407
83020,1.142126324547316e-07,2.6206733226938377e-07,1.0,1.0,30.64721389166634
83030,1.0847297718040153e-07,2.5697191450126236e-07,1.0,1.0,30.64883928240643
83040,1.117311331959116e-07,2.710071874984779e-07,1.0,1.0,30.650942208294317
83050,1.1204123899099871e-07,2.4448274523864876e-07,1.0,1.0,30.655867601719912
83060,1.028151079969116e-07,2.469434120118752e-07,1.0,1.0,30.657223187931844
83070,1.1027929302123478e-07,2.4429606779340005e-07,1.0,1.0,30.657217882295516
83080,1.0226015383501007e-07,2.6437800066981067e-07,1.0,1.0,30.650348849727287
83090,1.0820794277863735e-07,2.517601032563383e-07,1.0,1.0,30.6490845529615
83100,1.0700698356701027e-07,2.457061010636814e-07,1.0,1.0,30.64928442694319
83110,1.1358424833983804e-07,2.414582888811857e-07,1.0,1.0,30.649305785840863
83120,1.0850050995034916e-07,2.490508707852778e-07,1.0,1.0,30.653874028311705
83130,1.1330215930336671e-07,2.673200752955202e-07,1.0,1.0,30.653656571450487
83140,9.948707035998376e-08,2.431926578948603e-07,1.0,1.0,30.65074826023098
83150,1.0151982740081731e-07,2.457439623706949e-07,1.0,1.0,30.647674095291165
83160,1.0547669080448606e-07,2.627623812480635e-07,1.0,1.0,30.653035454576784
83170,1.360690520802544e-07,2.4125192108046564e-07,1.0,1.0,30.6541734748848
83180,1.1123145422207025e-07,2.489080231982643e-07,1.0,1.0,30.659455998600922
83190,1.0847240884921982e-07,2.373646067715941e-07,1.0,1.0,30.657982053520403
83200,1.1491841953440274e-07,2.70023433297821e-07,1.0,1.0,30.65524189222578
83210,1.0608858174697437e-07,2.4146503476303226e-07,1.0,1.0,30.648619925003345
83220,1.0386602896401169e-07,2.54776948912125e-07,1.0,1.0,30.64821510368016
83230,1.2788036787357077e-07,2.5210817014794895e-07,1.0,1.0,30.652772212388157
83240,9.752006313060887e-08,2.336551984690328e-07,1.0,1.0,30.651947435966164
83250,1.1396102977779323e-07,2.5781267651711237e-07,1.0,1.0,30.654455319503178
83260,1.2295021574002795e-07,2.4426485242095564e-07,1.0,1.0,30.652908901113957
83270,1.1302489881057909e-07,2.522735716921236e-07,1.0,1.0,30.656267268457732
83280,9.626216484808824e-08,2.633366518608508e-07,1.0,1.0,30.65684416273314
83290,1.2036433202635892e-07,2.420930407413738e-07,1.0,1.0,30.649570122484587
83300,1.0931341525397896e-07,2.5390989128758145e-07,1.0,1.0,30.650249784454495
83310,1.1016296142432138e-07,2.47108774958633e-07,1.0,1.0,30.652752677206163
83320,1.0505551504211354e-07,2.5368720978045396e-07,1.0,1.0,30.650353517235203
83330,1.149264254069901e-07,2.6096752497632756e-07,1.0,1.0,30.65300376022934
83340,9.684398413152555e-08,2.6584980224257063e-07,1.0,1.0,30.66076503948383
83350,1.0733439924425076e-07,2.404255903350413e-07,1.0,1.0,30.655865827647254
83360,1.0739824045970597e-07,2.443097800613719e-07,1.0,1.0,30.65397271944846
83370,9.865968733176552e-08,2.5608258638989415e-07,1.0,1.0,30.653042676563505
83380,1.1737338225122289e-07,2.575166120641644e-07,1.0,1.0,30.652323822814566
83390,9.720264990881754e-08,2.5346655194453966e-07,1.0,1.0,30.65180508525369
83400,1.0334001308762093e-07,2.5904182375248847e-07,1.0,1.0,30.6476797991783
83410,1.1450720180521998e-07,2.6612767314322516e-07,1.0,1.0,30.6456381856796
83420,1.0887300140550883e-07,2.528555520845172e-07,1.0,1.0,30.649778705012825
83430,1.0864418289310635e-07,2.665250725113396e-07,1.0,1.0,30.65215525594463
83440,1.2291504599760228e-07,2.4245444382411555e-07,1.0,1.0,30.652773842286607
83450,1.2167911284131912e-07,2.6835261859701716e-07,1.0,1.0,30.653629611631953
83460,1.0404927697893407e-07,2.3763111486275264e-07,1.0,1.0,30.652224031679413
83470,1.3278212024641733e-07,2.651735834174119e-07,1.0,1.0,30.64908337508224
83480,1.1608876356093833e-07,2.7568754681675014e-07,1.0,1.0,30.65219750098993
83490,1.0764270496546257e-07,2.355102610394917e-07,1.0,1.0,30.65248050358036
83500,1.386571628836354e-07,2.479109594735419e-07,1.0,1.0,30.656863612483647
83510,1.0562188436543568e-07,2.5126300916179573e-07,1.0,1.0,30.664343272848104
83520,9.602947273990772e-08,2.404905681880622e-07,1.0,1.0,30.66716553362799
83530,1.1250300428357426e-07,2.6035160416202736e-07,1.0,1.0,30.66327146677231
83540,1.1123020125663843e-07,2.586183966296042e-07,1.0,1.0,30.655723092525125
83550,1.0968404155230547e-07,2.626622659553921e-07,1.0,1.0,30.650847614572893
83560,1.1182748749184242e-07,2.4468059207084856e-07,1.0,1.0,30.65279444366132
83570,1.0813607834628728e-07,2.4710680344725244e-07,1.0,1.0,30.652933836710883
83580,1.159715171202927e-07,2.4680737001772164e-07,1.0,1.0,30.65305480235256
83590,1.1513766949727478e-07,2.595853079083366e-07,1.0,1.0,30.65277553902712
83600,1.0992930257124095e-07,2.530589847496393e-07,1.0,1.0,30.654257135798982
83610,1.1100440170344201e-07,2.7977424615549573e-07,1.0,1.0,30.65419246021009
83620,1.1114587112708974e-07,2.424251295123451e-07,1.0,1.0,30.65462297989317
83630,9.699772979892506e-08,2.596117096317382e-07,1.0,1.0,30.654894632931722
83640,9.904340410641159e-08,2.6645462347364435e-07,1.0,1.0,30.65672358945434
83650,1.2026608090215428e-07,2.458160290125079e-07,1.0,1.0,30.65608008154915
83660,1.151277116877192e-07,2.435904872931313e-07,1.0,1.0,30.658832149614224
83670,1.0142390603459007e-07,2.524396843042838e-07,1.0,1.0,30.662245971872302
83680,1.1430154193606896e-07,2.3348571835886294e-07,1.0,1.0,30.66337443013136
83690,9.94184465647975e-08,2.471325846553051e-07,1.0,1.0,30.659056205480613
83700,1.0881865146638782e-07,2.483002010073432e-07,1.0,1.0,30.654939913696545
83710,1.1531607487954982e-07,2.386332405182449e-07,1.0,1.0,30.65274355500504
83720,1.0948943622976934e-07,2.5178383101651833e-07,1.0,1.0,30.65018115669946
83730,1.0921947947169252e-07,2.5039660472370154e-07,1.0,1.0,30.651702374333034
83740,1.1451857616624496e-07,2.55210286938679e-07,1.0,1.0,30.65498275833419
83750,9.395762363832616e-08,2.5771117755440856e-07,1.0,1.0,30.66099775147943
83760,9.458850512324559e-08,2.452971716421819e-07,1.0,1.0,30.66319007089724
83770,1.2006989667217169e-07,2.4970806692068887e-07,1.0,1.0,30.660142817459732
83780,1.1447990704247413e-07,2.383167221803604e-07,1.0,1.0,30.658728459983422
83790,9.000527644318278e-08,2.69035376333295e-07,1.0,1.0,30.653594489147505
83800,1.21280296623857e-07,2.5673735138225473e-07,1.0,1.0,30.647907445694365
83810,1.2150724868618566e-07,2.7259648921525867e-07,1.0,1.0,30.649146484300896
83820,1.1250938899631934e-07,2.613570533214299e-07,1.0,1.0,30.65698110777233
83830,1.2326879078104262e-07,2.400523942743338e-07,1.0,1.0,30.660583251920908
83840,1.130095671210697e-07,2.438137178017862e-07,1.0,1.0,30.660911499186856
83850,1.0736000113753876e-07,2.9207520871234363e-07,1.0,1.0,30.663828063129866
83860,1.1345320228171898e-07,2.9611204560749873e-07,1.0,1.0,30.668755425804743
83870,1.0677336706336792e-07,2.4289206729814163e-07,1.0,1.0,30.673778241310977
83880,9.77219151806746e-08,2.3185795240261794e-07,1.0,1.0,30.66961181792148
83890,1.0443167784102592e-07,2.586091311525202e-07,1.0,1.0,30.657296704922807
83900,1.1209216494113445e-07,2.473381097683713e-07,1.0,1.0,30.651013111450524
83910,1.0568328007478221e-07,2.5077048904559715e-07,1.0,1.0,30.65015875557584
83920,1.135248708969618e-07,2.4742616437960316e-07,1.0,1.0,30.649572652683933
83930,1.049543722019856e-07,2.581262109094781e-07,1.0,1.0,30.647820445208904
83940,1.1649534921883662e-07,2.57227034590443e-07,1.0,1.0,30.648360046061022
83950,1.2633820723234382e-07,2.395621176436703e-07,1.0,1.0,30.653133155574103
83960,9.50969265363808e-08,2.6146560541523637e-07,1.0,1.0,30.654392308019585
83970,9.929703654388744e-08,2.9270988044408335e-07,1.0,1.0,30.65219740080492
83980,1.1949031895377038e-07,2.56840085333728e-07,1.0,1.0,30.651643095010716
83990,1.1809676915135266e-07,2.536314947777526e-07,1.0,1.0,30.65684473558011
84000,1.1424987558023645e-07,2.6764724080187326e-07,1.0,1.0,30.658895692234026
84010,1.2036358331049629e-07,2.609325006968108e-07,1.0,1.0,30.65981362191489
84020,1.1600154159945325e-07,2.536496864560061e-07,1.0,1.0,30.659820750909805
84030,1.0256162347325123e-07,2.5060281011656016e-07,1.0,1.0,30.65601370824392
84040,1.0226221584468698e-07,2.720808435369526e-07,1.0,1.0,30.65224282797767
84050,1.004396365070177e-07,2.821338946929486e-07,1.0,1.0,30.65196717194664
84060,1.1142397619898499e-07,2.6830911285691576e-07,1.0,1.0,30.660969816470416
84070,1.2693204769710256e-07,2.493596836876687e-07,1.0,1.0,30.66125753293438
84080,1.0287318863939251e-07,2.406201434743279e-07,1.0,1.0,30.66046945210906
84090,1.0429433276313514e-07,2.459448482682817e-07,1.0,1.0,30.655889497858453
84100,1.2115213559783796e-07,2.7615205118516963e-07,1.0,1.0,30.650422036423247
84110,1.1688652606118273e-07,2.5208465529003294e-07,1.0,1.0,30.65410107886281
84120,8.762334251650342e-08,2.476478890337559e-07,1.0,1.0,30.65636383724285
84130,1.082278737841012e-07,2.5827440191013836e-07,1.0,1.0,30.65485896677207
84140,1.2488236592418933e-07,2.439551942544254e-07,1.0,1.0,30.65452133042436
84150,1.1251680548878124e-07,2.368287349096867e-07,1.0,1.0,30.654229855414815
84160,1.1653159234325996e-07,2.829080933200776e-07,1.0,1.0,30.65542405768059
84170,1.0774000312527844e-07,2.727939894974429e-07,1.0,1.0,30.65591661962683
84180,1.0499073644773144e-07,2.7432487660340413e-07,1.0,1.0,30.65825660410722
84190,1.0571239756091587e-07,2.600355984778584e-07,1.0,1.0,30.658327888781848
84200,1.088664301238641e-07,2.512204076551633e-07,1.0,1.0,30.659184426269018
84210,9.75080563077438e-08,2.499647759337184e-07,1.0,1.0,30.65425679017152
84220,1.1450635654078833e-07,2.6073425703522595e-07,1.0,1.0,30.645324647146573
84230,9.62988802398256e-08,2.6456884376121525e-07,1.0,1.0,30.64803504553021
84240,1.2022499614924826e-07,2.541634358924837e-07,1.0,1.0,30.65007974414453
84250,1.1302586971245855e-07,2.692917178401138e-07,1.0,1.0,30.65366350461242
84260,9.708636041064845e-08,2.3484017092242675e-07,1.0,1.0,30.652242675645727
84270,1.0791634127942552e-07,2.585879238229944e-07,1.0,1.0,30.6506512336537
84280,9.948986058251689e-08,2.4833012595272157e-07,1.0,1.0,30.6485491666406
84290,1.0644299562472727e-07,2.429755616781374e-07,1.0,1.0,30.64692780803275
84300,1.1354074479945287e-07,2.461576301596703e-07,1.0,1.0,30.649256185960052
84310,1.0413823725195942e-07,2.7781370680176896e-07,1.0,1.0,30.654036574943632
84320,1.298905771800211e-07,2.4081755149456043e-07,1.0,1.0,30.659148865841818
84330,9.985291343025903e-08,2.5080465143060273e-07,1.0,1.0,30.661140204738064
84340,1.203063429235907e-07,2.3348096822485018e-07,1.0,1.0,30.66082919777979
84350,1.0231438145429572e-07,2.428178493754968e-07,1.0,1.0,30.658280069825107
84360,1.1128504963531236e-07,2.4487285083393137e-07,1.0,1.0,30.653365628265107
84370,1.0449147723471844e-07,2.425303317860654e-07,1.0,1.0,30.64672392848894
84380,1.0922190071481566e-07,2.4441352936152927e-07,1.0,1.0,30.645130191285475
84390,1.0641651391462751e-07,2.681237192457988e-07,1.0,1.0,30.649944268758272
84400,1.0820777602176212e-07,2.435665889997549e-07,1.0,1.0,30.65530338925771
84410,1.0096616543859048e-07,2.551954523577646e-07,1.0,1.0,30.655855716513393
84420,1.042224646698235e-07,2.417989850939169e-07,1.0,1.0,30.65541955729494
84430,1.1911546602428056e-07,2.7120202981789226e-07,1.0,1.0,30.64857468025798
84440,1.1038460452515472e-07,2.8243032042094225e-07,1.0,1.0,30.651523387716974
84450,1.0454234611802422e-07,2.4999958830340347e-07,1.0,1.0,30.655286459051972
84460,1.0412971098192816e-07,2.547576777793178e-07,1.0,1.0,30.652988812826568
84470,1.0277678346083528e-07,2.5135406954418947e-07,1.0,1.0,30.652833650443373
84480,9.773377501725268e-08,2.432840049108412e-07,1.0,1.0,30.649833325812136
84490,1.3077583680607395e-07,2.5861620938191104e-07,1.0,1.0,30.64537270534636
84500,1.0797797020773323e-07,2.398465420250577e-07,1.0,1.0,30.65357557060682
84510,9.92453555655491e-08,2.568318993691017e-07,1.0,1.0,30.65825820575654
84520,1.2450028352761868e-07,2.4104899426913303e-07,1.0,1.0,30.652993340662977
84530,1.2583466769644399e-07,2.3679924896630313e-07,1.0,1.0,30.65237531180443
84540,9.580880681517442e-08,2.519892457157518e-07,1.0,1.0,30.652704904969003
84550,1.0041458040535647e-07,2.539912172758057e-07,1.0,1.0,30.649531673529346
84560,1.2220872758512027e-07,2.596445225486282e-07,1.0,1.0,30.65324401232271
84570,1.0734824616835784e-07,2.770882052988254e-07,1.0,1.0,30.666241965265357
84580,1.2247240325786914e-07,2.4712061361119e-07,1.0,1.0,30.666777033999253
84590,1.0770405444102224e-07,2.3120642328226996e-07,1.0,1.0,30.662938644356657
84600,9.547520675789101e-08,2.736675026496879e-07,1.0,1.0,30.656069742484057
84610,1.2345164306784243e-07,2.419518901499343e-07,1.0,1.0,30.64863758125356
84620,1.0898712395423387e-07,2.7009337578620594e-07,1.0,1.0,30.64835447924681
84630,1.0394998112902379e-07,2.5118794855954995e-07,1.0,1.0,30.64734773340073
84640,1.0608132757372821e-07,2.7328436597222693e-07,1.0,1.0,30.648096775955562
84650,1.1005061581432589e-07,2.46974594387854e-07,1.0,1.0,30.64944869854315
84660,1.1067672884088424e-07,2.6266207339614704e-07,1.0,1.0,30.650407745751394
84670,1.127291222425393e-07,2.415181867942378e-07,1.0,1.0,30.650897000299505
84680,1.123485911432059e-07,2.6398260534286473e-07,1.0,1.0,30.656526616385456
84690,9.683712928010942e-08,2.4536585071841535e-07,1.0,1.0,30.660667684107484
84700,1.1075886609748565e-07,2.392079666347605e-07,1.0,1.0,30.657233884616062
84710,1.0975675097978781e-07,2.6435555411704136e-07,1.0,1.0,30.65491303259485
84720,1.0390184370081525e-07,2.611923129383977e-07,1.0,1.0,30.654317513370206
84730,1.1383410798085322e-07,2.643766483259498e-07,1.0,1.0,30.656682670775176
84740,9.901180521067177e-08,2.616267453791721e-07,1.0,1.0,30.658570716772275
84750,1.0496672187755234e-07,2.72761711691277e-07,1.0,1.0,30.656363591024636
84760,1.0718301134144045e-07,2.488753225519389e-07,1.0,1.0,30.652073949536486
84770,1.0031493196270486e-07,2.5694172935210386e-07,1.0,1.0,30.646233714349272
84780,9.955163049921282e-08,2.5769897366389126e-07,1.0,1.0,30.648698815214377
84790,1.1257597708928622e-07,2.968548606796252e-07,1.0,1.0,30.65393804536838
84800,1.2160264856202836e-07,3.8925733783206165e-07,1.0,1.0,30.6609876728068
84810,1.1040660977075546e-07,2.3481966051767633e-07,1.0,1.0,30.674908662483567
84820,1.0746216409809806e-07,2.425552226554653e-07,1.0,1.0,30.671089474048802
84830,1.0769640529165503e-07,2.4218698923813935e-07,1.0,1.0,30.66335422832851
84840,9.855652729476384e-08,2.4207995808592754e-07,1.0,1.0,30.654137404839634
84850,1.2262120479148256e-07,2.487748879541305e-07,1.0,1.0,30.64495457023799
84860,1.0785705460009684e-07,2.800017637830054e-07,1.0,1.0,30.64561733083916
84870,1.0665100658852667e-07,2.600599420149634e-07,1.0,1.0,30.64798971371489
84880,9.654764146403761e-08,2.493543129835973e-07,1.0,1.0,30.650386260470633
84890,1.1542852367712175e-07,2.4394515140629407e-07,1.0,1.0,30.65371044249463
84900,9.960747872207874e-08,2.4473897270517736e-07,1.0,1.0,30.654530374521684
84910,1.0557376758085302e-07,2.412168192542468e-07,1.0,1.0,30.653120055290632
84920,1.1041488472638446e-07,2.559088635640537e-07,1.0,1.0,30.650233660493303
84930,1.0525493549200856e-07,2.498329262017906e-07,1.0,1.0,30.64752625988182
84940,1.1201166221492569e-07,2.531281817865373e-07,1.0,1.0,30.648420150265345
84950,1.0990282814592211e-07,2.5725009175158876e-07,1.0,1.0,30.64812182532412
84960,1.0722782698441978e-07,2.5443202212550515e-07,1.0,1.0,30.65283205932016
84970,1.151049955041826e-07,2.542335732041464e-07,1.0,1.0,30.654210517649613
84980,1.0863036540518814e-07,2.6234480020747257e-07,1.0,1.0,30.65867890063115
84990,9.636392517388432e-08,2.4817534898093335e-07,1.0,1.0,30.655853971582324
85000,1.1487925045437293e-07,2.7238430108260265e-07,1.0,1.0,30.648729216180815
85010,1.088103696579916e-07,2.426702095649222e-07,1.0,1.0,30.650080277528243
85020,1.038436040735244e-07,2.3411406172561483e-07,1.0,1.0,30.654830762266354
85030,1.074027872142519e-07,2.560824076754152e-07,1.0,1.0,30.659696354256923
85040,1.0039499138624472e-07,2.2471262404193024e-07,1.0,1.0,30.66594865292479
85050,9.604419608746066e-08,2.527369239018026e-07,1.0,1.0,30.660452760521324
85060,1.2369015793963695e-07,2.6198575511074287e-07,1.0,1.0,30.64942430401783
85070,1.1955338610181596e-07,2.73728348417278e-07,1.0,1.0,30.648450382086555
85080,1.173893906705613e-07,2.425257104035692e-07,1.0,1.0,30.655271687831757
85090,1.1031410008092803e-07,2.477202291373183e-07,1.0,1.0,30.65673742402602
85100,1.0784306931856964e-07,2.493956224385011e-07,1.0,1.0,30.655503283335804
85110,1.0747077299407177e-07,2.4920428452343614e-07,1.0,1.0,30.656214196852712
85120,1.1304319422140812e-07,2.5877447469106354e-07,1.0,1.0,30.652435317216366
85130,1.0824447595792638e-07,2.5764261761657914e-07,1.0,1.0,30.649681882270354
85140,9.883054977601847e-08,2.695287231143588e-07,1.0,1.0,30.65084744130918
85150,1.2865984412607816e-07,2.705957506410635e-07,1.0,1.0,30.649119751104273
85160,1.0913540343005644e-07,2.5200158016315167e-07,1.0,1.0,30.658206866024194
85170,8.949397820899048e-08,2.498135538815709e-07,1.0,1.0,30.655510098532176
85180,1.106442658105782e-07,2.410682214351108e-07,1.0,1.0,30.651360489294216
85190,1.1667700682379666e-07,2.5941192584614347e-07,1.0,1.0,30.650254041428294
85200,1.0187198830410763e-07,2.458871773580353e-07,1.0,1.0,30.650750980558765
85210,1.2649831178434217e-07,2.582000700172479e-07,1.0,1.0,30.64701898635284
85220,1.0940630826453589e-07,2.4737004793397176e-07,1.0,1.0,30.650047137959806
85230,9.543325680900965e-08,2.420457995245888e-07,1.0,1.0,30.652716342468345
85240,1.1231997286155467e-07,2.464462941485454e-07,1.0,1.0,30.650298559902435
85250,1.1957752658199233e-07,2.558254316173127e-07,1.0,1.0,30.64902335325936
85260,1.053369714893103e-07,2.70871838649865e-07,1.0,1.0,30.647960923449386
85270,1.1468805982413023e-07,2.5647813517166297e-07,1.0,1.0,30.646975001796502
85280,1.0183108954429174e-07,2.5981068809613994e-07,1.0,1.0,30.65043181456887
85290,9.712368205853155e-08,2.646216219777667e-07,1.0,1.0,30.651715481267978
85300,1.1787242140067102e-07,2.6160901364187574e-07,1.0,1.0,30.650651888883765
85310,1.0018208732872887e-07,2.544663144748728e-07,1.0,1.0,30.65289368096483
85320,1.0801060863832007e-07,2.683899958092434e-07,1.0,1.0,30.650744395527685
85330,1.2445694464941325e-07,2.518853321237963e-07,1.0,1.0,30.646937609343407
85340,1.180194667692562e-07,2.5310849449086143e-07,1.0,1.0,30.644960219907272
85350,1.0756806155334621e-07,2.51162833355909e-07,1.0,1.0,30.65108299028919
85360,1.0171701290130113e-07,2.495145669638e-07,1.0,1.0,30.65283328264928
85370,1.0456738434055868e-07,2.44926568470151e-07,1.0,1.0,30.652933540365662
85380,9.907867783854826e-08,2.607883156462717e-07,1.0,1.0,30.653002210423292
85390,1.108185624436484e-07,2.9589859629836305e-07,1.0,1.0,30.647654106172673
85400,1.0952491982730554e-07,2.4268183326855527e-07,1.0,1.0,30.647317347386576
85410,1.1338948154830609e-07,2.4775425024067233e-07,1.0,1.0,30.649961219036395
85420,9.858533156885267e-08,2.4931647334644773e-07,1.0,1.0,30.653550217604327
85430,1.1942789544881673e-07,2.6656380665812413e-07,1.0,1.0,30.654067747668698
85440,1.0635506594535972e-07,2.555428429517255e-07,1.0,1.0,30.65523880032183
85450,1.1847247501603426e-07,2.487660963950417e-07,1.0,1.0,30.654319235290163
85460,9.611987272936035e-08,2.5848601119608343e-07,1.0,1.0,30.65346925781079
85470,1.0555938604907472e-07,2.5517981180576623e-07,1.0,1.0,30.651984959147345
85480,1.0670258354158006e-07,2.621810038013103e-07,1.0,1.0,30.64772238388139
85490,1.0928359116208977e-07,2.7313665114507054e-07,1.0,1.0,30.647374535879873
85500,8.900316668308646e-08,2.686701352646741e-07,1.0,1.0,30.64901224660347
85510,1.2924997178106824e-07,2.6040325278905293e-07,1.0,1.0,30.64748916749413
85520,1.0783262549032421e-07,2.4174940133338883e-07,1.0,1.0,30.652351066687945
85530,9.532879946962498e-08,2.4235965576490604e-07,1.0,1.0,30.654140306096235
85540,1.1106776336761426e-07,2.5672231040484247e-07,1.0,1.0,30.64844986400539
85550,1.1834339789354989e-07,2.599148633542936e-07,1.0,1.0,30.648647473320654
85560,1.057814338920367e-07,2.4765784790234256e-07,1.0,1.0,30.649925375489033
85570,1.1433173497552629e-07,2.5663635463482087e-07,1.0,1.0,30.646320265771454
85580,1.0606400153149894e-07,2.569122360799692e-07,1.0,1.0,30.646868557924954
85590,1.1229362412931881e-07,2.4661870210662294e-07,1.0,1.0,30.647879372725008
85600,1.1110179390102188e-07,2.9708662047132856e-07,1.0,1.0,30.648800196777767
85610,1.0341676586084e-07,2.515045713300481e-07,1.0,1.0,30.65827062360201
85620,1.0254961836885162e-07,2.3747322400705104e-07,1.0,1.0,30.661685321211714
85630,1.1133214300329269e-07,2.576842600737621e-07,1.0,1.0,30.6540237755201
85640,1.0666776723001558e-07,2.608910807560022e-07,1.0,1.0,30.64831554181798
85650,1.1647973082478942e-07,2.574892599629863e-07,1.0,1.0,30.649248707583602
85660,1.175547696652768e-07,2.617580275890277e-07,1.0,1.0,30.650149960607994
85670,1.1461931837030507e-07,2.43893448118572e-07,1.0,1.0,30.65160006131115
85680,1.0434531150602459e-07,2.883608214269061e-07,1.0,1.0,30.64937759255756
85690,1.2633038397544402e-07,2.5214766507838675e-07,1.0,1.0,30.6456981371999
85700,1.1170882211954999e-07,2.5086000874342656e-07,1.0,1.0,30.64570557872847
85710,1.0228191219817982e-07,2.4730379031725437e-07,1.0,1.0,30.646143443498953
85720,1.198461407482047e-07,2.428135406501914e-07,1.0,1.0,30.64774333274188
85730,1.182930419467216e-07,2.4541129877975076e-07,1.0,1.0,30.65204449817546
85740,1.0118438990039935e-07,3.0700772901469815e-07,1.0,1.0,30.651966159478437
85750,1.2403483257035634e-07,2.4699728843843747e-07,1.0,1.0,30.65371353437575
85760,1.0085554908975455e-07,2.747681279636089e-07,1.0,1.0,30.658374280238984
85770,1.0620794565533637e-07,2.4445141178873096e-07,1.0,1.0,30.657053251394203
85780,1.273366566696804e-07,2.593035516593724e-07,1.0,1.0,30.652159788820473
85790,1.0564399842664542e-07,2.602781403305709e-07,1.0,1.0,30.649634851339126
85800,1.0130533133751792e-07,2.4201304284769247e-07,1.0,1.0,30.64936258229228
85810,1.010880809296096e-07,2.502476276133873e-07,1.0,1.0,30.645042956241475
85820,1.09920445438887e-07,2.566956387148448e-07,1.0,1.0,30.644353366167127
85830,9.186926225777742e-08,2.5004708652221234e-07,1.0,1.0,30.649358807820175
85840,1.2572715405675505e-07,2.6583965831643365e-07,1.0,1.0,30.65422925257427
85850,1.068243987752273e-07,2.4865626797132107e-07,1.0,1.0,30.656226368324624
85860,9.673538569514991e-08,2.5074125371809884e-07,1.0,1.0,30.651451210971583
85870,1.2444877123781257e-07,2.4150457666807364e-07,1.0,1.0,30.64364319479788
85880,1.0986826746332951e-07,2.6745502939680074e-07,1.0,1.0,30.643736785854298
85890,1.0172886792205405e-07,2.697853303468824e-07,1.0,1.0,30.652311320124756
85900,1.2856848024015045e-07,2.744988584220239e-07,1.0,1.0,30.651035700168684
85910,1.024577988228926e-07,2.329398433053999e-07,1.0,1.0,30.655453191990023
85920,1.1048055986600773e-07,2.5992606977395667e-07,1.0,1.0,30.654884217860875
85930,1.2646329873017383e-07,2.449773796084679e-07,1.0,1.0,30.650426091144364
85940,1.200201117021542e-07,2.6798620364948104e-07,1.0,1.0,30.65154904566738
85950,1.0222845907743499e-07,2.596261601330768e-07,1.0,1.0,30.65363142793475
85960,1.1855644483269702e-07,2.752385735131819e-07,1.0,1.0,30.65624436372642
85970,1.1955391209262722e-07,2.4570463458097615e-07,1.0,1.0,30.65684409672176
85980,1.0065057953309984e-07,2.711045787162133e-07,1.0,1.0,30.65158271973524
85990,1.1735346529688162e-07,2.643116386358392e-07,1.0,1.0,30.64660600696806
86000,1.0997504590638492e-07,2.454189208675698e-07,1.0,1.0,30.649856318959202
86010,1.0773374990864912e-07,2.5031916666803464e-07,1.0,1.0,30.654967662198764
86020,1.0047986930511324e-07,2.89016042016993e-07,1.0,1.0,30.65787438040394
86030,9.939048271735147e-08,2.441842021710935e-07,1.0,1.0,30.656642225682532
86040,1.0020889671295205e-07,2.5429346306273856e-07,1.0,1.0,30.651840814460066
86050,1.2103463877154639e-07,2.521785775840371e-07,1.0,1.0,30.646102717948416
86060,1.1746285027248562e-07,2.54924266676988e-07,1.0,1.0,30.649652669427812
86070,1.0264556183246317e-07,2.7465571835333104e-07,1.0,1.0,30.653625974463736
86080,1.1165866368613796e-07,2.6119142427982e-07,1.0,1.0,30.652355972538217
86090,9.965661426096559e-08,2.475310189128039e-07,1.0,1.0,30.65017448482593
86100,1.0524247302165119e-07,2.3517446832106092e-07,1.0,1.0,30.647589562980894
86110,1.2293269237703046e-07,2.893189501987523e-07,1.0,1.0,30.647700006983015
86120,1.0533264367766655e-07,2.512486278787598e-07,1.0,1.0,30.654438828252037
86130,9.864002010099308e-08,2.6020481348790856e-07,1.0,1.0,30.657553745707837
86140,1.1477220507958914e-07,2.535950551987238e-07,1.0,1.0,30.656735019674876
86150,1.0888553492495741e-07,2.584904437184414e-07,1.0,1.0,30.65374821528122
86160,1.0836371799192784e-07,2.7488294442484216e-07,1.0,1.0,30.651376049342275
86170,1.161648075826977e-07,2.611545394629952e-07,1.0,1.0,30.64847991325567
86180,1.1581328518316164e-07,2.65991536252472e-07,1.0,1.0,30.647058887433932
86190,1.125422472812186e-07,2.519480367388218e-07,1.0,1.0,30.647777046078616
86200,1.1931605501969727e-07,2.491593337509777e-07,1.0,1.0,30.646687412397608
86210,1.1203028558221436e-07,2.451777368823655e-07,1.0,1.0,30.646279542917053
86220,1.154476505199704e-07,2.748608992544682e-07,1.0,1.0,30.64940844282096
86230,1.208308621408397e-07,2.490688799968428e-07,1.0,1.0,30.65175888524955
86240,1.119440085591893e-07,8.520106402317208e-07,1.0,1.0,30.68625176252139
86250,1.0333544736595524e-06,8.924285100891495e-07,1.0,1.0,30.76638816611509
86260,3.369942560540842e-07,1.1554475406293214e-06,1.0,1.0,30.910103673083018
86270,2.859942768535571e-07,6.78515032170094e-07,1.0,1.0,31.003357167647017
86280,1.444047848734335e-07,5.239469285406347e-07,1.0,1.0,31.021843341888047
86290,1.5757594335867422e-05,0.00547094108607368,1.0,0.998046875,30.976241852420213
86300,9.338478842322817e-05,0.0009041627850437817,1.0,1.0,30.866108793925132
86310,0.009695037777216595,0.02539585567428225,0.99609375,0.994140625,30.725666457929254
86320,0.0028569607629397565,0.013921800254507396,1.0,0.99609375,30.552814787994894
86330,0.0005868155947292745,0.0024877152128705746,1.0,1.0,30.396814342283665
86340,0.00058179132671542,0.0007315013505295101,1.0,1.0,30.186033677415974
86350,0.0004155070429914025,0.0006326152407137821,1.0,1.0,29.939237445232614
86360,0.0002858289556142712,0.0006345314212378415,1.0,1.0,29.67986073185044
86370,0.0003328139169311578,0.0005835757184449313,1.0,1.0,29.42113410734873
86380,0.0003003580216689073,0.0006165213474167826,1.0,1.0,29.168600235273384
86390,0.0004245552216499664,0.000703637601245174,1.0,1.0,28.926939395997582
86400,0.000511299235119905,0.0008421459256554304,1.0,1.0,28.703555927197016
86410,0.0005858683809814537,0.0009871110056326627,1.0,1.0,28.506692850825676
86420,0.0006557201741409371,0.0011589095771637884,1.0,1.0,28.33674327759524
86430,0.0008314687177953344,0.0012906089980805387,1.0,1.0,28.202939781785467
86440,0.0010131831026163737,0.0013963078048376883,1.0,1.0,28.10620496941679
86450,0.0009518454324827706,0.001431164292953686,1.0,1.0,28.04176233517407
86460,0.0009773337738966552,0.0014251725023632388,1.0,1.0,28.009106827409823
86470,0.0010297139412898783,0.0014009988999712627,1.0,1.0,28.002854792111187
86480,0.000997426644914454,0.0013426749068724368,1.0,1.0,28.017233218532155
86490,0.0008710538701595346,0.0012621935856482604,1.0,1.0,28.046165670945783
86500,0.0008901575989576782,0.001173433334699869,1.0,1.0,28.086809654449613
86510,0.0008055148312397328,0.001106577811377803,1.0,1.0,28.13773769200184
86520,0.0007901653453404934,0.0010125544212973771,1.0,1.0,28.19461332365449
86530,0.0007201410153715663,0.000955281012273219,1.0,1.0,28.256000622794854
86540,0.0006153660635360225,0.0008728941857457563,1.0,1.0,28.323070677012822
86550,0.0005527780946514921,0.000797334808885134,1.0,1.0,28.39124770005773
86560,0.0005259937815363765,0.000745656622615423,1.0,1.0,28.458909763549205
86570,0.000459359670419319,0.0006822887853343086,1.0,1.0,28.534808957042543
86580,0.00041367898679384375,0.0006244080057577152,1.0,1.0,28.613284387181405
86590,0.00042978691081839584,0.0005747967269442867,1.0,1.0,28.688239041707572
86600,0.00036806144805148614,0.0005155556433683924,1.0,1.0,28.76590420020956
86610,0.0003226097805638998,0.00047013661231399087,1.0,1.0,28.845189767929558
86620,0.0003032593283641092,0.00043314737297093,1.0,1.0,28.922318325203253
86630,0.00028128273283658714,0.0003956637248965939,1.0,1.0,28.998701780378884
86640,0.00022137161824947916,0.00036793353645651715,1.0,1.0,29.079733761430887
86650,0.0002540779742214729,0.0003329594406175635,1.0,1.0,29.15628256390089
86660,0.0001955375486322915,0.0003009351727422942,1.0,1.0,29.23856672804912
86670,0.00017736524173799458,0.0002747680998867553,1.0,1.0,29.315756776589392
86680,0.00017607394970949513,0.0002532276858387598,1.0,1.0,29.396074048072435
86690,0.00013765851437332188,0.00022684515546510519,1.0,1.0,29.472118459817807
86700,0.0001342294260366872,0.00020908367353534465,1.0,1.0,29.5507954086253
86710,0.00012471783217930476,0.00019206521799794465,1.0,1.0,29.627795849082897
86720,0.00011144107156046282,0.00017647113420512297,1.0,1.0,29.707478569135997
86730,9.537224151324771e-05,0.00015996129865256337,1.0,1.0,29.783328040918516
86740,9.677680547581003e-05,0.00014664541931848859,1.0,1.0,29.858444344108044
86750,7.767556027954413e-05,0.0001320732225805803,1.0,1.0,29.934620187474486
86760,6.577155331767906e-05,0.00012205738560095535,1.0,1.0,30.009878434808652
86770,6.39723925325283e-05,0.00011198880473825912,1.0,1.0,30.080959854964416
86780,5.128086172703139e-05,0.00010149635969841746,1.0,1.0,30.16123755764249
86790,5.130826414406943e-05,9.157332289714316e-05,1.0,1.0,30.232318747403873
86800,4.901819344039684e-05,8.136943328053542e-05,1.0,1.0,30.303619733413537
86810,4.3356383091681156e-05,7.897639671160506e-05,1.0,1.0,30.37127744141782
86820,3.617493601247632e-05,7.024099310477449e-05,1.0,1.0,30.443178968040797
86830,3.6881231048229514e-05,6.532898976147484e-05,1.0,1.0,30.512530799876902
86840,3.317468202395026e-05,5.891111935620716e-05,1.0,1.0,30.585414280333538
86850,2.974355607144573e-05,5.4513519758677685e-05,1.0,1.0,30.65413614460336
86860,2.586201874614783e-05,4.981187848276438e-05,1.0,1.0,30.71844531541765
86870,2.5696672635271083e-05,4.516278571435159e-05,1.0,1.0,30.786588544364136
86880,1.943742056319087e-05,3.973071449070872e-05,1.0,1.0,30.852122944917518
86890,2.051996518124881e-05,3.797883848371488e-05,1.0,1.0,30.90887802859767
86900,1.8320155388527045e-05,3.47458342937336e-05,1.0,1.0,30.973425939814856
86910,1.5553478388464735e-05,3.301279537780939e-05,1.0,1.0,31.04120498109908
86920,1.4094255911049529e-05,2.9546969905908017e-05,1.0,1.0,31.10400772274197
86930,1.3128165264000188e-05,2.5709517211884243e-05,1.0,1.0,31.160116176638034
86940,1.1290045857436494e-05,2.3976038635204853e-05,1.0,1.0,31.21533032436979
86950,1.1839715370642475e-05,2.243934321048892e-05,1.0,1.0,31.269357459004173
86960,1.0423143143952775e-05,2.0076366340097762e-05,1.0,1.0,31.326455893372643
86970,8.460003688542983e-06,1.84287930953287e-05,1.0,1.0,31.382346037540092
86980,8.947735868771585e-06,1.6606784852757194e-05,1.0,1.0,31.43789625542403
86990,6.552141507115528e-06,1.58196664122805e-05,1.0,1.0,31.493188243910925
87000,7.406803284395274e-06,1.4686334942513555e-05,1.0,1.0,31.546660919191634
87010,6.483637830158462e-06,1.2748829705588586e-05,1.0,1.0,31.594346491736726
87020,5.3738539681806385e-06,1.2314869785907572e-05,1.0,1.0,31.645768647107495
87030,4.567060705490462e-06,1.0671988981765682e-05,1.0,1.0,31.699299307681898
87040,4.104490221057271e-06,1.0601140325546612e-05,1.0,1.0,31.749524884275928
87050,4.171538485316009e-06,9.34782428499232e-06,1.0,1.0,31.79522095621653
87060,3.5923901243915214e-06,8.702798333757627e-06,1.0,1.0,31.838673699752583
87070,2.6287127895031003e-06,7.83879162929531e-06,1.0,1.0,31.878076140459424
87080,2.708948519068829e-06,7.3679099939536155e-06,1.0,1.0,31.92179233495252
87090,2.4713642243514704e-06,6.4470592582671405e-06,1.0,1.0,31.967497541622713
87100,2.2554811239215914e-06,6.043138105180585e-06,1.0,1.0,32.01104269133656
87110,2.5725548737776227e-06,5.6967371791575756e-06,1.0,1.0,32.05018603145539
87120,1.953640093590629e-06,5.187992425777474e-06,1.0,1.0,32.09174736522448
87130,1.945184389730936e-06,5.0357044979324e-06,1.0,1.0,32.128690388725225
87140,1.4664964249222594e-06,4.179438805738833e-06,1.0,1.0,32.16783946565985
87150,1.690007078350797e-06,4.0035176482194285e-06,1.0,1.0,32.20616350240824
87160,1.309464665780731e-06,3.7756500323910206e-06,1.0,1.0,32.23608821643925
87170,1.2933000447973485e-06,3.623694528519999e-06,1.0,1.0,32.26742594546914
87180,1.2342880783683055e-06,3.104033364375468e-06,1.0,1.0,32.30236824283598
87190,1.2162256238464377e-06,3.0801186919016565e-06,1.0,1.0,32.32910399949292
87200,1.0698879242664954e-06,2.6040636006164675e-06,1.0,1.0,32.35825939399978
87210,8.94382421451985e-07,2.566955357061586e-06,1.0,1.0,32.38798233413249
87220,9.368380163093439e-07,2.2507458628391026e-06,1.0,1.0,32.4127226057801
87230,8.361282374803566e-07,2.140397413402316e-06,1.0,1.0,32.438984493882
87240,6.757316256372766e-07,1.9565265613054637e-06,1.0,1.0,32.46311418784863
87250,6.346127690325023e-07,1.900537268884274e-06,1.0,1.0,32.47403289383927
87260,6.059135002623337e-07,1.6858645143639962e-06,1.0,1.0,32.49671413303313
87270,5.257755234286132e-07,1.6473384001676785e-06,1.0,1.0,32.51737741135582
87280,5.002747630586164e-07,1.5343325117833947e-06,1.0,1.0,32.5293626766024
87290,4.823811398847212e-07,1.4530644547955303e-06,1.0,1.0,32.542134450403765
87300,3.9795191234885564e-07,1.2391348129828227e-06,1.0,1.0,32.554433727647684
87310,4.2793346483668127e-07,1.2270522489947863e-06,1.0,1.0,32.56521697573883
87320,3.581328438916857e-07,1.1393377422922521e-06,1.0,1.0,32.57089812600666
87330,3.3509367009507997e-07,1.0470746995024122e-06,1.0,1.0,32.57238589035995
87340,3.0761327882271634e-07,1.0629861090577771e-06,1.0,1.0,32.5768164264501
87350,2.578600326968424e-07,9.002687380260516e-07,1.0,1.0,32.57877023519587
87360,2.609713781258717e-07,8.7743071573333e-07,1.0,1.0,32.57768196478381
87370,2.9300511224139275e-07,8.419063932418812e-07,1.0,1.0,32.57463735651362
87380,2.462030826652169e-07,8.004183961437484e-07,1.0,1.0,32.57289020981312
87390,2.0102156095704453e-07,7.61346722055036e-07,1.0,1.0,32.56573390502755
87400,2.5305531305814644e-07,7.235181866593938e-07,1.0,1.0,32.55280230480569
87410,2.1313976872094327e-07,6.869770365336835e-07,1.0,1.0,32.54418431606322
87420,2.178953981063911e-07,6.419569834088699e-07,1.0,1.0,32.534828242829015
87430,1.8353860401700837e-07,6.309234753017129e-07,1.0,1.0,32.52112162606937
87440,2.0488136493192083e-07,5.603002635361467e-07,1.0,1.0,32.50431793168321
87450,1.6333368535477636e-07,5.77299134173822e-07,1.0,1.0,32.48759669695989
87460,1.885605830760888e-07,5.439762900287097e-07,1.0,1.0,32.465317001715384
87470,1.443937176987083e-07,4.931519755206446e-07,1.0,1.0,32.44916189983497
87480,1.3963484459163614e-07,5.207908720433505e-07,1.0,1.0,32.42744672233855
87490,1.5657733389501927e-07,4.712793467955241e-07,1.0,1.0,32.403583902221314
87500,1.4514526528851086e-07,4.7030322682815234e-07,1.0,1.0,32.382022456783794
87510,1.3694512749353367e-07,4.260616397951033e-07,1.0,1.0,32.356526231751715
87520,1.493319209211725e-07,4.5362317555149297e-07,1.0,1.0,32.32917939037373
87530,1.2238385596880674e-07,4.3129179096982893e-07,1.0,1.0,32.307881735159306
87540,1.3749899243108392e-07,4.167543149701013e-07,1.0,1.0,32.281989057228294
87550,1.2149096324875167e-07,3.988629337561827e-07,1.0,1.0,32.25252975280776
87560,1.2140269299635685e-07,4.4068947765008383e-07,1.0,1.0,32.22063170854016
87570,1.1625332887297409e-07,4.039056033136643e-07,1.0,1.0,32.193206909348746
87580,1.426791988054973e-07,4.0610169285763363e-07,1.0,1.0,32.16373360200708
87590,1.2664262547425348e-07,3.5696108676693006e-07,1.0,1.0,32.137979565165985
87600,1.0731120882797367e-07,3.787716073226334e-07,1.0,1.0,32.110302339299224
87610,1.1513118854050919e-07,3.810397339640454e-07,1.0,1.0,32.082196860267075
87620,1.1765628954910915e-07,3.615631797764382e-07,1.0,1.0,32.052681505024594
87630,1.0779773314878623e-07,3.421029482089071e-07,1.0,1.0,32.02324198154509
87640,1.038499554383986e-07,3.3521651174890625e-07,1.0,1.0,31.99117555651772
87650,1.2667585536875102e-07,3.6113187880922075e-07,1.0,1.0,31.964012525414876
87660,9.572841421405334e-08,3.2931758240993473e-07,1.0,1.0,31.94011011919623
87670,1.1330302708066598e-07,3.3057043064004626e-07,1.0,1.0,31.908910443607347
87680,1.0179456609966695e-07,3.6423970688757954e-07,1.0,1.0,31.881788157467955
87690,9.61280802157648e-08,3.2987196604931125e-07,1.0,1.0,31.855373133206133
87700,1.2654451965717496e-07,3.254413575597067e-07,1.0,1.0,31.82877975503145
87710,1.1629965539723572e-07,3.4384574313740993e-07,1.0,1.0,31.801369909229305
87720,1.0714301870119013e-07,3.265673137873522e-07,1.0,1.0,31.7760380770946
87730,1.196444067883127e-07,3.1707440726048097e-07,1.0,1.0,31.75135425193248
87740,1.0831828019370311e-07,3.518846008000011e-07,1.0,1.0,31.72925547067535
87750,1.0385378170108569e-07,3.100009957071246e-07,1.0,1.0,31.706018355431045
87760,1.0965357467232733e-07,3.0734002936704754e-07,1.0,1.0,31.676974260471315
87770,1.0532521221852067e-07,3.071282735282303e-07,1.0,1.0,31.650698893346913
87780,1.0416122031935418e-07,3.2497666409129815e-07,1.0,1.0,31.62773703259783
87790,1.1852298071098707e-07,3.4039366832204474e-07,1.0,1.0,31.605196166337105
87800,1.0177415226451702e-07,3.151822192873141e-07,1.0,1.0,31.586517686441013
87810,1.0009387588873587e-07,3.4674125503619096e-07,1.0,1.0,31.56648358890652
87820,1.1228173362510113e-07,3.132753233148984e-07,1.0,1.0,31.545613521165212
87830,9.516526554878358e-08,3.194062410981045e-07,1.0,1.0,31.530748925198733
87840,9.19186150694792e-08,3.0975532966201897e-07,1.0,1.0,31.512558737121935
87850,1.1800237730760629e-07,3.393272044251041e-07,1.0,1.0,31.493719116704224
87860,1.3177495400983815e-07,3.057330598955506e-07,1.0,1.0,31.47615198588151
87870,9.710184306708626e-08,3.0813445098044264e-07,1.0,1.0,31.46111217646615
87880,1.0002977125296666e-07,3.182784049762943e-07,1.0,1.0,31.43901221143409
87890,1.1574075659220701e-07,3.1469776185414195e-07,1.0,1.0,31.421126500796596
87900,1.1421230475886616e-07,2.918979400542842e-07,1.0,1.0,31.404884663909627
87910,1.0532071908200222e-07,3.3095792312897535e-07,1.0,1.0,31.387847462607613
87920,8.886411023397622e-08,3.08828496245413e-07,1.0,1.0,31.371585568486182
87930,1.0986653625293785e-07,3.0996708590698565e-07,1.0,1.0,31.359788548699587
87940,1.1095470861795785e-07,3.0249357247740264e-07,1.0,1.0,31.34676664168002
87950,1.0767647877560347e-07,3.0399947210923973e-07,1.0,1.0,31.33064045448178
87960,9.609023385261155e-08,2.784325942354354e-07,1.0,1.0,31.312012041891226
87970,1.2153755952625903e-07,3.582165761459269e-07,1.0,1.0,31.294993981285486
87980,1.0285669029077101e-07,2.9081142931765836e-07,1.0,1.0,31.284293026322636
87990,1.0179778558307699e-07,3.1285906833542925e-07,1.0,1.0,31.274971989335977
88000,1.111531745899301e-07,2.8601137102544916e-07,1.0,1.0,31.26278787512881
88010,1.0022402446575951e-07,2.843756911523851e-07,1.0,1.0,31.24896039622506
88020,1.1464519048922288e-07,3.0663994109511105e-07,1.0,1.0,31.230795019534007
88030,1.1760451641343308e-07,2.9296993301909596e-07,1.0,1.0,31.216771989935012
88040,1.0522426554262967e-07,3.127672065669138e-07,1.0,1.0,31.21175915040397
88050,9.601449787607878e-08,2.920291142071602e-07,1.0,1.0,31.200824347149233
88060,1.3020210733105032e-07,2.9686931486732816e-07,1.0,1.0,31.18671581325992
88070,1.1194342294918294e-07,2.7855880911761634e-07,1.0,1.0,31.175291623410164
88080,1.1607452561211673e-07,2.921700046497444e-07,1.0,1.0,31.163446694841063
88090,1.1658221573253288e-07,2.851586238126507e-07,1.0,1.0,31.155835975532543
88100,1.1134086518110254e-07,2.8781627947499426e-07,1.0,1.0,31.144145263189497
88110,1.0529699212636067e-07,2.8451611563878725e-07,1.0,1.0,31.132743427856273
88120,1.2978526955024077e-07,3.125558552228804e-07,1.0,1.0,31.121072324142265
88130,1.2798687979794234e-07,2.7380883214508895e-07,1.0,1.0,31.121582985013582
88140,1.107880075660882e-07,3.0915393659567404e-07,1.0,1.0,31.11538643041915
88150,1.108080553359128e-07,2.9085065519054e-07,1.0,1.0,31.103503197820796
88160,1.0744332774452453e-07,2.9194113616007694e-07,1.0,1.0,31.089274295052512
88170,1.0293069388475323e-07,2.9512351842310864e-07,1.0,1.0,31.079218632777835
88180,1.0667098557725731e-07,3.1871147699792385e-07,1.0,1.0,31.068394348246628
88190,1.0275545010715287e-07,2.9936058158510536e-07,1.0,1.0,31.066901929320625
88200,1.213355421705764e-07,2.942898152404116e-07,1.0,1.0,31.0586706414173
88210,1.2377513674223774e-07,2.7629407674194105e-07,1.0,1.0,31.04856956877801
88220,1.1248448076884055e-07,3.0719496989919436e-07,1.0,1.0,31.039118750478902
88230,1.0375732313497923e-07,3.305165648174613e-07,1.0,1.0,31.029432689390905
88240,1.1345090896632324e-07,2.6199308621467256e-07,1.0,1.0,31.02512284860049
88250,9.692173396733466e-08,2.827521973372029e-07,1.0,1.0,31.02118465108649
88260,1.1394922444307314e-07,3.232993311708477e-07,1.0,1.0,31.018698372454
88270,1.0362366762438241e-07,2.856624472145256e-07,1.0,1.0,31.015459287990815
88280,1.1011679319792359e-07,2.850986860466788e-07,1.0,1.0,31.003078822372455
88290,1.0106870080634084e-07,2.7145116586820846e-07,1.0,1.0,30.992265246759924
88300,1.261644332075995e-07,3.0081470227717164e-07,1.0,1.0,30.983054084431707
88310,1.098098334847361e-07,2.732866654092794e-07,1.0,1.0,30.984546047104654
88320,1.0661914603349284e-07,2.8286226411620793e-07,1.0,1.0,30.979822957079925
88330,1.2393337135132674e-07,3.0950470597266994e-07,1.0,1.0,30.972782597818238
88340,1.120771578499623e-07,3.297994060765642e-07,1.0,1.0,30.968645300183347
88350,8.9117444806518e-08,2.975211980757674e-07,1.0,1.0,30.965175681420565
88360,1.1718104026442243e-07,3.020471013561553e-07,1.0,1.0,30.95871611800166
88370,1.127569923690388e-07,2.9211514846256027e-07,1.0,1.0,30.953327013341895
88380,1.053296742051269e-07,2.8525273267949264e-07,1.0,1.0,30.943185641721147
88390,1.1538544356130518e-07,2.7858206690089093e-07,1.0,1.0,30.934744565418082
88400,1.0473002658525376e-07,2.802423430485476e-07,1.0,1.0,30.92688196074819
88410,1.1086432991739937e-07,3.097734723380822e-07,1.0,1.0,30.925755381068196
88420,1.0939549551500054e-07,3.0980580527172454e-07,1.0,1.0,30.930111209551722
88430,1.0365401388011328e-07,2.6994149594636357e-07,1.0,1.0,30.93157838228403
88440,1.0282433164771481e-07,2.840902795475833e-07,1.0,1.0,30.9223511538933
88450,1.1746229040292323e-07,2.776938222392376e-07,1.0,1.0,30.905764703256267
88460,1.0736710124716636e-07,2.9304198417642826e-07,1.0,1.0,30.902994029329975
88470,9.557593973066699e-08,2.7479635702305176e-07,1.0,1.0,30.900513487827393
88480,1.3460648188636022e-07,3.0675151156590683e-07,1.0,1.0,30.88938445543191
88490,1.2556739153097088e-07,2.7939085752807486e-07,1.0,1.0,30.89126186892953
88500,1.1021683727224287e-07,2.8038998248089933e-07,1.0,1.0,30.88971159571919
88510,1.1593564582963925e-07,3.3047066215317854e-07,1.0,1.0,30.88364325977521
88520,1.0957593667428512e-07,2.907374783164698e-07,1.0,1.0,30.878822238750985
88530,1.0027211264689457e-07,2.808727461162379e-07,1.0,1.0,30.87713661565166
88540,1.2421348581995274e-07,2.634472019828647e-07,1.0,1.0,30.87617368943587
88550,1.008094367419156e-07,2.9934954680980795e-07,1.0,1.0,30.876166873997413
88560,9.215201677726177e-08,2.7860646261160216e-07,1.0,1.0,30.86820626469769
88570,1.1305740793587691e-07,2.8172194019464627e-07,1.0,1.0,30.860101555092175
88580,1.2130220582568717e-07,2.7777258136041784e-07,1.0,1.0,30.858753850493553
88590,1.0976096528277445e-07,2.9184440063541825e-07,1.0,1.0,30.85704400415933
88600,1.1269393797845171e-07,3.1512236562935594e-07,1.0,1.0,30.850078322707162
88610,1.0457567997764979e-07,2.80721581592384e-07,1.0,1.0,30.847625019236133
88620,1.0134569950528275e-07,2.920722651235258e-07,1.0,1.0,30.848402675232816
88630,1.2068694735946823e-07,2.9364338673340906e-07,1.0,1.0,30.84466836259192
88640,1.0856938286916982e-07,2.817867719360778e-07,1.0,1.0,30.844148872865002
88650,1.0157898012483847e-07,2.6750852158749694e-07,1.0,1.0,30.84114324759789
88660,1.1563230089827521e-07,3.1330356997946566e-07,1.0,1.0,30.83953945565638
88670,1.010149539634335e-07,2.954851836533367e-07,1.0,1.0,30.839677664398547
88680,9.621961582581463e-08,2.5791113293500514e-07,1.0,1.0,30.839537189925984
88690,1.0271788682594469e-07,2.7381110959588544e-07,1.0,1.0,30.835122820336256
88700,1.0610320903755275e-07,2.974347172625106e-07,1.0,1.0,30.829398967291482
88710,1.0408917135413171e-07,3.000155493095571e-07,1.0,1.0,30.825097251036873
88720,1.0989185364919536e-07,2.883710009663123e-07,1.0,1.0,30.82166394695613
88730,1.0320745753411848e-07,2.8329510201500886e-07,1.0,1.0,30.821248721437247
88740,9.947774032834495e-08,2.7553541914434934e-07,1.0,1.0,30.816267016413665
88750,1.1462022221165731e-07,2.900595908342335e-07,1.0,1.0,30.810005565369835
88760,1.3282845659495072e-07,2.797852564424585e-07,1.0,1.0,30.809807902724664
88770,9.433442209096158e-08,2.7256726982417233e-07,1.0,1.0,30.812613105811327
88780,1.0995811909442284e-07,2.793493052771089e-07,1.0,1.0,30.810431178524958
88790,1.0522476253176014e-07,2.7225700442650117e-07,1.0,1.0,30.80640407303241
88800,9.875911431953996e-08,2.7291269009897976e-07,1.0,1.0,30.80051572199967
88810,1.0724998655982015e-07,3.033207707469595e-07,1.0,1.0,30.79487190825691
88820,1.2128870386131636e-07,2.8528545957527135e-07,1.0,1.0,30.798506438536982
88830,1.1297868661659727e-07,2.7678761516696143e-07,1.0,1.0,30.80315806811673
88840,1.1131171624092856e-07,2.942970974808482e-07,1.0,1.0,30.80027276785206
88850,1.0692848272579775e-07,3.31910804886857e-07,1.0,1.0,30.799664746970233
88860,9.540306870739007e-08,2.9683494591545683e-07,1.0,1.0,30.801219837771505
88870,1.2334886734007065e-07,2.7749979716663695e-07,1.0,1.0,30.796166914346113
88880,1.0187266189988125e-07,2.4789882188498156e-07,1.0,1.0,30.794361945241945
88890,9.529115369397199e-08,3.0674548551938567e-07,1.0,1.0,30.7890211625826
88900,1.249411194332472e-07,2.7449978305398933e-07,1.0,1.0,30.78313684016392
88910,1.1560445148120774e-07,2.7247778500905004e-07,1.0,1.0,30.77741094564876
88920,9.32656818643259e-08,2.904363435909736e-07,1.0,1.0,30.77650372152758
88930,1.0434510800749037e-07,2.7675270761837377e-07,1.0,1.0,30.774109631674985
88940,1.1773193411596434e-07,2.8107158203018056e-07,1.0,1.0,30.775407940902046
88950,1.0636444423487416e-07,2.7234419485890066e-07,1.0,1.0,30.77362265118566
88960,1.105946746225186e-07,2.754163403599136e-07,1.0,1.0,30.77312466390444
88970,1.106605943642787e-07,2.832209046909066e-07,1.0,1.0,30.769119581517817
88980,1.0073314602886813e-07,2.713873690186294e-07,1.0,1.0,30.765448231439137
88990,1.0970142801453642e-07,2.8568417694548386e-07,1.0,1.0,30.760096515876594
89000,1.0819045413630561e-07,2.7206450043040077e-07,1.0,1.0,30.76094313890356
89010,9.166254804027689e-08,2.6559275633215474e-07,1.0,1.0,30.765280172033115
89020,1.1882206265960384e-07,2.657964387292626e-07,1.0,1.0,30.761457129021764
89030,1.0784398619090492e-07,2.7155824233045863e-07,1.0,1.0,30.762647242995072
89040,1.1620248335381848e-07,3.114018682889099e-07,1.0,1.0,30.7614887370122
89050,1.1248519921164877e-07,2.7801519134113397e-07,1.0,1.0,30.763347806544992
89060,1.120717518264866e-07,3.192702891067314e-07,1.0,1.0,30.768630236210335
89070,1.0904227773103711e-07,2.6102452306298334e-07,1.0,1.0,30.767581619335502
89080,1.199820175876853e-07,2.6904146924186297e-07,1.0,1.0,30.758169045580857
89090,9.371647542680857e-08,2.996393651191615e-07,1.0,1.0,30.755253651187545
89100,1.0535761414452134e-07,2.7995915968830024e-07,1.0,1.0,30.751409933510775
89110,1.1397711233144375e-07,2.775276222178058e-07,1.0,1.0,30.747382526084017
89120,1.0909562100206402e-07,3.17151673039407e-07,1.0,1.0,30.7485144045876
89130,1.2682647330732576e-07,2.6328084969571376e-07,1.0,1.0,30.75445068549019
89140,1.0884400188161387e-07,2.8371941267310404e-07,1.0,1.0,30.75788146652564
89150,1.1302147030520184e-07,2.9779372328797545e-07,1.0,1.0,30.75707187721471
89160,1.2376177803528685e-07,2.738573962388877e-07,1.0,1.0,30.757971410590322
89170,1.1202622463360517e-07,2.7668766228177924e-07,1.0,1.0,30.755144155160142
89180,1.223075541296887e-07,2.7002691702407064e-07,1.0,1.0,30.74534456942164
89190,1.033009536606368e-07,2.7866257439103636e-07,1.0,1.0,30.741778662988843
89200,1.2094682967925755e-07,2.7889341681182256e-07,1.0,1.0,30.738310019974175
89210,1.1369728748610682e-07,2.6838368096829363e-07,1.0,1.0,30.738633709556275
89220,9.674802138371909e-08,2.8586487639859285e-07,1.0,1.0,30.737905756313406
89230,1.2098531758869738e-07,2.682884079586522e-07,1.0,1.0,30.734387469221833
89240,1.0212283027871667e-07,2.7699481555057903e-07,1.0,1.0,30.733146119490733
89250,9.965337857784946e-08,2.919091019779037e-07,1.0,1.0,30.73309636618178
89260,1.2488026862979693e-07,2.661420238203507e-07,1.0,1.0,30.733968029348745
89270,1.1151114685420885e-07,2.9030926422751155e-07,1.0,1.0,30.734286270610326
89280,1.1880087213987e-07,2.63167715800455e-07,1.0,1.0,30.739414364594364
89290,1.1116115511770415e-07,2.6864826778858135e-07,1.0,1.0,30.737055182563935
89300,9.49830523955875e-08,2.430841886201775e-07,1.0,1.0,30.737313843631956
89310,1.0475917136616157e-07,2.9771311463560024e-07,1.0,1.0,30.73485180788648
89320,1.1470294663334624e-07,2.9209943084957725e-07,1.0,1.0,30.731673366492974
89330,1.0904841506137142e-07,2.862161130479338e-07,1.0,1.0,30.732374982175962
89340,1.0565751662341247e-07,2.74730873303936e-07,1.0,1.0,30.729582117776953
89350,1.265702232222437e-07,2.7107130092733337e-07,1.0,1.0,30.731510992782585
89360,1.070334990561542e-07,2.648140630255772e-07,1.0,1.0,30.733011101148435
89370,1.1999383398865684e-07,2.7058288333616155e-07,1.0,1.0,30.72998162233611
89380,9.926699440746503e-08,2.6845236892971793e-07,1.0,1.0,30.72483428379322
89390,1.1551996800075139e-07,2.6950165442588397e-07,1.0,1.0,30.720855083209614
89400,1.0923293885356915e-07,2.866892018585096e-07,1.0,1.0,30.71905606576458
89410,1.1579900321874506e-07,2.829427601863702e-07,1.0,1.0,30.718593046150943
89420,1.1319449756811506e-07,2.8613208606478746e-07,1.0,1.0,30.721467548924476
89430,9.896632756046011e-08,2.791318001457352e-07,1.0,1.0,30.721610603995597
89440,1.2031272749668955e-07,2.74531961616713e-07,1.0,1.0,30.716306569810303
89450,1.1599894602548166e-07,2.764393235263052e-07,1.0,1.0,30.715392786611616
89460,1.2833778805346286e-07,2.834250029368885e-07,1.0,1.0,30.71802580371939
89470,1.0621397908261702e-07,2.832262649222727e-07,1.0,1.0,30.72331242659632
89480,9.856113999723e-08,2.6958765038818384e-07,1.0,1.0,30.72688184375734
89490,1.0691540692226701e-07,2.6322271578303654e-07,1.0,1.0,30.724148392497035
89500,1.1746677926104946e-07,2.740573705066288e-07,1.0,1.0,30.716907874128555
89510,1.197292618856552e-07,2.7089437655651574e-07,1.0,1.0,30.712787194807266
89520,9.640090240870737e-08,2.774668877686387e-07,1.0,1.0,30.714250608341374
89530,1.1980948519354157e-07,2.78840514967877e-07,1.0,1.0,30.71514807312146
89540,1.1921783325376128e-07,2.776878780018184e-07,1.0,1.0,30.717224455672547
89550,1.0977538135320196e-07,2.4987259783828166e-07,1.0,1.0,30.7216536892941
89560,1.0542484380838787e-07,2.637546562936714e-07,1.0,1.0,30.71633943078829
89570,1.0214346638506389e-07,2.6686196146155076e-07,1.0,1.0,30.711695121748534
89580,1.010902080583284e-07,2.8265120926749025e-07,1.0,1.0,30.710312734239142
89590,1.2238445847770068e-07,2.759748328012498e-07,1.0,1.0,30.706138343965613
89600,9.807697458836128e-08,2.7581310881631776e-07,1.0,1.0,30.70677814092948
89610,1.0028067274862692e-07,2.6243627049289666e-07,1.0,1.0,30.704962244855796
89620,1.0680470977258456e-07,2.8984726440413037e-07,1.0,1.0,30.704811464459308
89630,1.0940174684048325e-07,2.8390371802904315e-07,1.0,1.0,30.7076404368089
89640,9.999281595107824e-08,2.9249202830855895e-07,1.0,1.0,30.71080624771432
89650,1.152744828611623e-07,2.9104422901611425e-07,1.0,1.0,30.71001166583007
89660,1.1541367039999167e-07,2.714017303249678e-07,1.0,1.0,30.708931808747355
89670,1.101781209394999e-07,2.741184645907071e-07,1.0,1.0,30.70752629012361
89680,1.0678817369595955e-07,2.8581741883421247e-07,1.0,1.0,30.707514444275688
89690,1.1627898290938649e-07,2.7790818471150377e-07,1.0,1.0,30.70592474074699
89700,1.0971016958861395e-07,2.711680540895317e-07,1.0,1.0,30.704690200305315
89710,1.199959330236344e-07,2.6827200419415305e-07,1.0,1.0,30.70962418377881
89720,1.0449048852653253e-07,2.592015448780945e-07,1.0,1.0,30.710748894321092
89730,1.0073821771110338e-07,2.673585755080514e-07,1.0,1.0,30.709309459105075
89740,1.123625024107537e-07,2.8279103082902655e-07,1.0,1.0,30.70385742568269
89750,1.049991505862852e-07,2.808677497108582e-07,1.0,1.0,30.699647635926514
89760,9.77297039313526e-08,2.850137426055077e-07,1.0,1.0,30.69856954971405
89770,1.2488819577129e-07,2.6696752444268645e-07,1.0,1.0,30.699411151579536
89780,9.989007055430833e-08,2.635564659691871e-07,1.0,1.0,30.698827383960975
89790,1.0550362893082711e-07,2.803731074476731e-07,1.0,1.0,30.696467476538132
89800,1.1486430256345772e-07,2.866219854665979e-07,1.0,1.0,30.694654079434454
89810,1.1716457949824456e-07,2.686454910925011e-07,1.0,1.0,30.6947151432021
89820,1.0084036859898629e-07,2.7223992342731303e-07,1.0,1.0,30.699885808650176
89830,1.195969346165996e-07,2.623480134658252e-07,1.0,1.0,30.697076754872054
89840,1.0318190442655097e-07,2.569149325235346e-07,1.0,1.0,30.694866028394053
89850,1.0452068013447059e-07,2.664432364536424e-07,1.0,1.0,30.695320978585556
89860,1.3231941208734574e-07,2.7835616732878794e-07,1.0,1.0,30.692912494545322
89870,1.1288939685364966e-07,2.597340010385453e-07,1.0,1.0,30.694338400465533
89880,1.0084994774626346e-07,2.6871784978292205e-07,1.0,1.0,30.69456374615026
89890,9.925603450652895e-08,2.827645665781346e-07,1.0,1.0,30.694024581130762
89900,1.1521652609725375e-07,2.690959926423054e-07,1.0,1.0,30.694939369161137
89910,1.0871870134235915e-07,2.8622075964794524e-07,1.0,1.0,30.693616131784484
89920,1.1418644175085561e-07,2.533784973774798e-07,1.0,1.0,30.69150862433879
89930,1.0658709576529812e-07,2.726687075595453e-07,1.0,1.0,30.691289481163174
89940,9.848173451129267e-08,2.789670357049717e-07,1.0,1.0,30.69358670663388
89950,1.2590508945386333e-07,2.7015822562957317e-07,1.0,1.0,30.690842411325196
89960,1.1491771109682584e-07,2.7102732945814256e-07,1.0,1.0,30.688584326416382
89970,8.98849990756502e-08,2.7713072275882184e-07,1.0,1.0,30.689069004224944
89980,1.142036761182412e-07,2.7381488683062246e-07,1.0,1.0,30.691255496962498
89990,9.885717705514725e-08,2.703721052138536e-07,1.0,1.0,30.696051714586606
90000,1.0029557994525873e-07,2.652589045809681e-07,1.0,1.0,30.6962214444361
90010,1.1525234534205828e-07,2.7443603991044167e-07,1.0,1.0,30.690691565440382
90020,1.0832731212272701e-07,2.744040690690392e-07,1.0,1.0,30.686298709002173
90030,1.0578197912315297e-07,2.8094586176624994e-07,1.0,1.0,30.6866246442383
90040,1.3000153405665645e-07,2.818357604271419e-07,1.0,1.0,30.685748249509583
90050,1.1455502850782753e-07,2.6303510954795376e-07,1.0,1.0,30.689627340428075
90060,9.42073853664607e-08,2.7326213664300623e-07,1.0,1.0,30.69242890202139
90070,1.0799905709901654e-07,2.9374590172818697e-07,1.0,1.0,30.68859563697589
90080,1.1727585621669525e-07,2.8140652198774075e-07,1.0,1.0,30.687672547227635
90090,1.1381376256388905e-07,2.696890980759162e-07,1.0,1.0,30.68668216299058
90100,1.2216056697243363e-07,2.627849012049439e-07,1.0,1.0,30.685908336557397
90110,1.131347823521423e-07,2.7246088985213896e-07,1.0,1.0,30.6860151078691
90120,1.1008366924883231e-07,2.62874377416053e-07,1.0,1.0,30.688057920949046
90130,1.2028877445755232e-07,2.712758022710316e-07,1.0,1.0,30.686484356846943
90140,1.0418277115219499e-07,2.6288395434142546e-07,1.0,1.0,30.687746325240326
90150,1.133342480651307e-07,2.6389882227338406e-07,1.0,1.0,30.686610337293637
90160,1.2418061393522884e-07,2.620272549165693e-07,1.0,1.0,30.684061412144327
90170,1.1922011961592277e-07,2.6267101723592037e-07,1.0,1.0,30.68248397816408
90180,9.937568940487983e-08,2.672964750800118e-07,1.0,1.0,30.684181371398008
90190,1.3053979863799417e-07,2.6838380249890563e-07,1.0,1.0,30.684511170830426
90200,9.764312265838496e-08,2.5809128520469166e-07,1.0,1.0,30.685703774101597
90210,1.265150718940498e-07,2.6755872942443677e-07,1.0,1.0,30.68614778382287
90220,1.248611700302399e-07,2.905679416541017e-07,1.0,1.0,30.68829534923795
90230,1.0144006281104935e-07,2.601814535992455e-07,1.0,1.0,30.687732971517008
90240,9.999285887159729e-08,2.696196315604043e-07,1.0,1.0,30.685524798822996
90250,1.0270588579962603e-07,2.7347991339783876e-07,1.0,1.0,30.684927955363687
90260,1.1229950163873134e-07,2.669876277973034e-07,1.0,1.0,30.68371928267258
90270,1.107343822213531e-07,2.9283848722644e-07,1.0,1.0,30.682189577116294
90280,1.0828742971969914e-07,2.894749197641449e-07,1.0,1.0,30.681196737301274
90290,1.0786568936834778e-07,3.1748045990452714e-07,1.0,1.0,30.688394664961216
90300,1.066512953415806e-07,2.7001687528552414e-07,1.0,1.0,30.691848089081198
90310,1.1606064812734572e-07,2.787069147936722e-07,1.0,1.0,30.6894946502228
90320,9.849019643558476e-08,2.743055572811528e-07,1.0,1.0,30.68680812755701
90330,1.0746423107986314e-07,2.7216296686044035e-07,1.0,1.0,30.681787870352665
90340,1.0581462562969859e-07,2.791556073418717e-07,1.0,1.0,30.680994542441905
90350,1.0962667395599505e-07,2.618930738262584e-07,1.0,1.0,30.67672972396014
90360,1.2910557129074414e-07,2.749281070094585e-07,1.0,1.0,30.67777882363459
90370,1.039341814976044e-07,2.7156392317438446e-07,1.0,1.0,30.68271693494596
90380,1.164448797518416e-07,2.617046461792561e-07,1.0,1.0,30.688510746245345
90390,1.0524723527335402e-07,2.773171812141775e-07,1.0,1.0,30.692292993833792
90400,1.232707805499639e-07,2.6274573721053654e-07,1.0,1.0,30.685497523427326
90410,1.1100771366131331e-07,2.563607412373727e-07,1.0,1.0,30.67913749612302
90420,1.1705092041016072e-07,2.748040702259076e-07,1.0,1.0,30.675584295689244
90430,1.069709592993393e-07,2.722633998531273e-07,1.0,1.0,30.67504183222669
90440,1.0132238205945381e-07,2.646530258999914e-07,1.0,1.0,30.679273451225253
90450,1.0812845710850242e-07,2.6329567527041793e-07,1.0,1.0,30.679419253188993
90460,1.1834039117938146e-07,2.798923920903446e-07,1.0,1.0,30.679048083357934
90470,1.112407037529023e-07,2.737207788696313e-07,1.0,1.0,30.678143285263126
90480,1.1066390715654083e-07,2.9102126184838935e-07,1.0,1.0,30.680197618044545
90490,1.2690884888918474e-07,2.564829435027172e-07,1.0,1.0,30.681868484405033
90500,1.1050268910180896e-07,2.8535554953505415e-07,1.0,1.0,30.677737031478124
90510,1.0678929417137009e-07,2.8514387529707775e-07,1.0,1.0,30.67871801531055
90520,1.1193146544870783e-07,2.9998899923468556e-07,1.0,1.0,30.67499750769111
90530,1.0591206954590419e-07,3.0211367986396646e-07,1.0,1.0,30.680482335808012
90540,1.0594068815050968e-07,2.6199203152165153e-07,1.0,1.0,30.68115664058633
90550,1.1470097415021546e-07,2.5622071712423655e-07,1.0,1.0,30.67984039400746
90560,1.133856418249253e-07,2.595115296594318e-07,1.0,1.0,30.679147226431926
90570,1.0736271611841622e-07,2.62619457364105e-07,1.0,1.0,30.67774744989618
90580,1.1068879553312873e-07,2.850914297347991e-07,1.0,1.0,30.677168364595985
90590,1.1166776408115896e-07,3.111431843513298e-07,1.0,1.0,30.682230020113582
90600,1.0857412115344587e-07,2.8821012020544956e-07,1.0,1.0,30.690697240900658
90610,1.0452846781300915e-07,2.697390264058903e-07,1.0,1.0,30.6971223170867
90620,1.0338439310227104e-07,2.592586933430777e-07,1.0,1.0,30.689560192782206
90630,9.87707339907516e-08,2.4752543478498577e-07,1.0,1.0,30.680192717746863
90640,1.1024871744045213e-07,2.802126313024015e-07,1.0,1.0,30.67120975609981
90650,1.0748178930399961e-07,3.030692729686749e-07,1.0,1.0,30.66890973401208
90660,1.058940497993668e-07,2.668656415584366e-07,1.0,1.0,30.672739265016133
90670,1.0101056052744957e-07,2.6747601167056427e-07,1.0,1.0,30.675805680786677
90680,1.0848944093694839e-07,2.547801991024181e-07,1.0,1.0,30.680695735754185
90690,1.0727564345355788e-07,2.6071288375074334e-07,1.0,1.0,30.680640573632243
90700,1.1786643568681919e-07,2.693312346235911e-07,1.0,1.0,30.676757574294257
90710,1.1211346134698932e-07,2.9503346650076163e-07,1.0,1.0,30.675730002421155
90720,1.0157876875519437e-07,3.270973922841467e-07,1.0,1.0,30.676286337730122
90730,1.141920589598094e-07,2.7405745257319114e-07,1.0,1.0,30.677365120104803
90740,1.0331112821898985e-07,2.664342615394893e-07,1.0,1.0,30.6767568054501
90750,9.971190701639311e-08,2.564924826519258e-07,1.0,1.0,30.67383444538752
90760,1.2263511020561303e-07,2.6719708314255894e-07,1.0,1.0,30.668462929166797
90770,1.0612587056594474e-07,2.700531956684994e-07,1.0,1.0,30.673888706682384
90780,1.1900895279548295e-07,2.597464970659081e-07,1.0,1.0,30.67824648543696
90790,1.1941197328073826e-07,2.9258757299619284e-07,1.0,1.0,30.678484743304953
90800,1.168970025643143e-07,2.815115545850062e-07,1.0,1.0,30.676378583440567
90810,1.0729779751647083e-07,3.019185113031155e-07,1.0,1.0,30.67729532936652
90820,1.1469936587973821e-07,2.925627520506298e-07,1.0,1.0,30.67702872614603
90830,1.1634585380885419e-07,2.69954967242321e-07,1.0,1.0,30.679115864445667
90840,1.0553419735718248e-07,2.60009623588395e-07,1.0,1.0,30.67697063874777
90850,1.1124381760331295e-07,2.6727151266997735e-07,1.0,1.0,30.669403550200464
90860,1.1110912552630132e-07,2.688807585251416e-07,1.0,1.0,30.672373255343896
90870,1.026372972845786e-07,2.890307726396983e-07,1.0,1.0,30.677461822214468
90880,1.1768884918478162e-07,3.0194662682948705e-07,1.0,1.0,30.67977157229197
90890,9.153787317068868e-08,2.8094697371894623e-07,1.0,1.0,30.68576489117376
90900,1.0667604286029936e-07,2.762854875261486e-07,1.0,1.0,30.679607875577837
90910,1.109074928399047e-07,2.6323572901220107e-07,1.0,1.0,30.67217928534195
90920,1.0796419567754036e-07,2.5554523039728915e-07,1.0,1.0,30.673329948238194
90930,1.0047290314067656e-07,2.7815456158785184e-07,1.0,1.0,30.67634422321786
90940,1.1358207392581737e-07,2.5152483995236636e-07,1.0,1.0,30.67389433135631
90950,1.0652007277432389e-07,2.798020965690968e-07,1.0,1.0,30.67354574251678
90960,1.1179267026321167e-07,2.685866470125127e-07,1.0,1.0,30.67382117429178
90970,1.1768968229653233e-07,2.574380956241778e-07,1.0,1.0,30.669849380153757
90980,1.1887533098581027e-07,2.8675611054022896e-07,1.0,1.0,30.667268113176288
90990,1.0972143564934987e-07,2.9135874520653e-07,1.0,1.0,30.665293613634738
91000,1.0622926198936254e-07,2.9038451022237636e-07,1.0,1.0,30.668611265125016
91010,1.096780153800609e-07,2.6333055749110396e-07,1.0,1.0,30.668841296547264
91020,1.0301091949260484e-07,2.767039311320846e-07,1.0,1.0,30.669130950319694
91030,1.2573041855056944e-07,2.691269320192804e-07,1.0,1.0,30.66934964356038
91040,1.1565744077148934e-07,2.6195997380673774e-07,1.0,1.0,30.673559832965463
91050,1.0430300274357089e-07,2.924107149807304e-07,1.0,1.0,30.675010685575202
91060,1.1446646433745745e-07,3.2064122897707304e-07,1.0,1.0,30.679788979142955
91070,1.1171233739351842e-07,2.439164283863016e-07,1.0,1.0,30.681803681697254
91080,9.313695013001666e-08,2.6388866299137507e-07,1.0,1.0,30.678045894027616
91090,1.0538876899267002e-07,2.749746689425483e-07,1.0,1.0,30.673093060462225
91100,1.2174646622676928e-07,2.6337246753148904e-07,1.0,1.0,30.676154244543834
91110,9.450796962515175e-08,2.679800320486726e-07,1.0,1.0,30.680534163538166
91120,1.1915780661799407e-07,3.088155817271191e-07,1.0,1.0,30.678915351857082
91130,1.1086687406023969e-07,2.6236599629576974e-07,1.0,1.0,30.681085095371156
91140,1.099779262419713e-07,2.7593519866831987e-07,1.0,1.0,30.67758105166528
91150,1.086426019371705e-07,2.6280586683768615e-07,1.0,1.0,30.67080186194504
91160,1.0578528649720528e-07,2.8082599402763803e-07,1.0,1.0,30.668323992838534
91170,1.0713319905536749e-07,2.7628437238293175e-07,1.0,1.0,30.666930051877767
91180,1.0185224181539748e-07,2.7886718084619703e-07,1.0,1.0,30.666436101776924
91190,1.0099029522814033e-07,2.7503589239308166e-07,1.0,1.0,30.671551255649803
91200,9.833396312594313e-08,2.6128475621818485e-07,1.0,1.0,30.670953507189456
91210,1.061421842490382e-07,2.7311634235160456e-07,1.0,1.0,30.67193495711892
91220,1.1221867962850688e-07,2.455614591281202e-07,1.0,1.0,30.671937886525118
91230,1.1279064330138808e-07,2.6636500890708437e-07,1.0,1.0,30.670370367074643
91240,1.1302469962610999e-07,2.759343701489564e-07,1.0,1.0,30.668199338622617
91250,1.0857661404894016e-07,2.6688890911938357e-07,1.0,1.0,30.668139884899613
91260,1.0768987926729292e-07,2.6084754042404225e-07,1.0,1.0,30.667873951779747
91270,1.0341238298163625e-07,2.5903176958662296e-07,1.0,1.0,30.66609904371742
91280,1.0985780444455327e-07,2.5713813226624817e-07,1.0,1.0,30.669357144098175
91290,1.0023549272097393e-07,2.7325943327029055e-07,1.0,1.0,30.675107968279786
91300,1.2035728926986937e-07,3.0613449233032225e-07,1.0,1.0,30.672302492822574
91310,1.2463300961606568e-07,2.8172770277144854e-07,1.0,1.0,30.6762971690553
91320,1.000044177971993e-07,2.5758070197998404e-07,1.0,1.0,30.679822554039394
91330,1.301939500710651e-07,2.5112613485960213e-07,1.0,1.0,30.67989192783138
91340,9.765471160410257e-08,2.753781678977056e-07,1.0,1.0,30.68056900360397
91350,1.0504033427660063e-07,2.712468107010301e-07,1.0,1.0,30.67545532092352
91360,1.1815361005801277e-07,2.8028736859708015e-07,1.0,1.0,30.665833828787825
91370,1.0148905875706125e-07,2.7245834785825447e-07,1.0,1.0,30.66540834452373
91380,1.1235346752444054e-07,2.610767649363993e-07,1.0,1.0,30.66538123438448
91390,1.059239264992253e-07,2.6759595215005016e-07,1.0,1.0,30.663704694139884
91400,1.163914513770202e-07,2.70151321923858e-07,1.0,1.0,30.663298248732257
91410,1.0640841577945898e-07,2.78781676653153e-07,1.0,1.0,30.66283322761056
91420,1.0119171048053091e-07,2.614290926061349e-07,1.0,1.0,30.66843928318523
91430,1.1567328170052785e-07,2.59277402687226e-07,1.0,1.0,30.67624071277261
91440,1.027673244730831e-07,2.8566713384072167e-07,1.0,1.0,30.673442740489744
91450,1.0257318057854236e-07,2.823299905929312e-07,1.0,1.0,30.669584058261695
91460,1.0306526905063605e-07,2.6204344095152825e-07,1.0,1.0,30.667745121820822
91470,1.1445771197320718e-07,2.620722215326637e-07,1.0,1.0,30.66949442577285
91480,1.0929546479010167e-07,2.602070444546631e-07,1.0,1.0,30.668659100945202
91490,1.051347599701919e-07,2.7112016369161115e-07,1.0,1.0,30.667964904619883
91500,1.0642102204177156e-07,2.7215578319820415e-07,1.0,1.0,30.66724601578337
91510,1.3129981667447178e-07,2.753398244967614e-07,1.0,1.0,30.6629017207657
91520,9.222746579052803e-08,2.71598243458593e-07,1.0,1.0,30.66669208375234
91530,1.018090925886164e-07,2.615874147716545e-07,1.0,1.0,30.666878471263757
91540,1.0810553671213388e-07,2.5955018852496583e-07,1.0,1.0,30.665078757551072
91550,1.0065510011404841e-07,2.783499570248532e-07,1.0,1.0,30.66502317179428
91560,1.0105645040328875e-07,3.1955909049000964e-07,1.0,1.0,30.669802100338444
91570,1.0559014135536627e-07,2.697201660938088e-07,1.0,1.0,30.67037089754467
91580,9.920230789692143e-08,2.6191788955470237e-07,1.0,1.0,30.672234268687365
91590,9.363552780235828e-08,2.6062285538535287e-07,1.0,1.0,30.670470878819597
91600,1.1380049657447948e-07,2.8173965082092393e-07,1.0,1.0,30.67023646507558
91610,1.062288426224237e-07,2.7410816563972796e-07,1.0,1.0,30.667576250038692
91620,1.0362561290394427e-07,2.6921081354947604e-07,1.0,1.0,30.665393437065955
91630,1.202371402475562e-07,2.730548197741962e-07,1.0,1.0,30.66168716790294
91640,1.0302935142836628e-07,2.694277364240555e-07,1.0,1.0,30.660819936400966
91650,1.0623142083423382e-07,2.681487901953764e-07,1.0,1.0,30.66009174357665
91660,1.2733012013188785e-07,2.7228258289670703e-07,1.0,1.0,30.656568990261796
91670,1.121098847680923e-07,2.69756714891001e-07,1.0,1.0,30.6651525062673
91680,1.2247916502832352e-07,2.891113925023837e-07,1.0,1.0,30.671307906741767
91690,1.2554076527616892e-07,2.6378854241606996e-07,1.0,1.0,30.671349727941976
91700,1.2050037578273127e-07,2.542000537619001e-07,1.0,1.0,30.671165509428835
91710,1.0310469663870034e-07,3.033217315653452e-07,1.0,1.0,30.670630635244997
91720,1.2576344257986444e-07,2.6328999343386097e-07,1.0,1.0,30.665640190525977
91730,1.0856370257715517e-07,2.672614749567968e-07,1.0,1.0,30.665864260119122
91740,1.047220290538886e-07,2.7270502458084185e-07,1.0,1.0,30.663138302502965
91750,1.1265283882140511e-07,3.050670439746543e-07,1.0,1.0,30.66428821982705
91760,1.036857826414291e-07,2.691646570537226e-07,1.0,1.0,30.6709460148084
91770,9.590913240710345e-08,2.5855497460586926e-07,1.0,1.0,30.669070946861964
91780,1.1759302523799388e-07,2.6668462860038983e-07,1.0,1.0,30.660159517868983
91790,1.1201897902969025e-07,2.8802332718719667e-07,1.0,1.0,30.65788254075643
91800,1.0229258203453509e-07,2.5836809267498935e-07,1.0,1.0,30.6590886259873
91810,1.1800634338844587e-07,2.6685504485274594e-07,1.0,1.0,30.662879259051543
91820,1.1385736299264826e-07,2.677612192932172e-07,1.0,1.0,30.674051376463844
91830,1.0255452285936369e-07,2.7510874195833087e-07,1.0,1.0,30.67209325996515
91840,1.0939177859698394e-07,2.695809806173308e-07,1.0,1.0,30.660195797315243
91850,1.111859715780682e-07,2.8411213565621584e-07,1.0,1.0,30.659221687056426
91860,9.872623769741929e-08,2.656456341435376e-07,1.0,1.0,30.66590791683727
91870,1.1109904463606598e-07,2.6712176887604344e-07,1.0,1.0,30.66252985896196
91880,1.0444710569973392e-07,2.8276961616920295e-07,1.0,1.0,30.66145884720151
91890,1.0326722039823714e-07,2.6531217643079904e-07,1.0,1.0,30.662368398530795
91900,1.0873971104683647e-07,2.672053895582053e-07,1.0,1.0,30.66106669434502
91910,1.1200380339549946e-07,2.5254570325240793e-07,1.0,1.0,30.663933637935152
91920,1.0059208347854029e-07,2.5799194554564604e-07,1.0,1.0,30.662284799839128
91930,1.1463990071589883e-07,2.586298982120908e-07,1.0,1.0,30.661207584813404
91940,9.236901864612194e-08,2.6216498591218407e-07,1.0,1.0,30.662194363631553
91950,1.0431310482026697e-07,2.5818351053191724e-07,1.0,1.0,30.66248195440763
91960,1.0413809272462379e-07,2.7446553823585416e-07,1.0,1.0,30.662036821414308
91970,1.0826116227453146e-07,2.5892334960062833e-07,1.0,1.0,30.657954624489328
91980,1.0649244400347004e-07,2.7055475901413285e-07,1.0,1.0,30.65787274851812
91990,1.298313339543947e-07,3.1043729474577047e-07,1.0,1.0,30.65959412329368
92000,1.0696518800771658e-07,2.7893564468873923e-07,1.0,1.0,30.670098639439615
92010,1.0588144030579606e-07,2.708478068920004e-07,1.0,1.0,30.6732607408089
92020,1.1558317661350304e-07,2.6725068415787355e-07,1.0,1.0,30.66370735583049
92030,1.0250937947121951e-07,2.600195960932151e-07,1.0,1.0,30.65799377273363
92040,9.73989351644223e-08,2.563036562122927e-07,1.0,1.0,30.65654257612181
92050,1.156326547122636e-07,2.7782743738211495e-07,1.0,1.0,30.654491209029597
92060,1.1885032888263464e-07,2.7298450522653614e-07,1.0,1.0,30.659659956311387
92070,1.052155528539937e-07,2.851251873671483e-07,1.0,1.0,30.662220453637154
92080,1.0848631134720386e-07,2.788667430305274e-07,1.0,1.0,30.660144924120257
92090,1.0554605969389202e-07,2.9467160741699144e-07,1.0,1.0,30.66011586589375
92100,9.862732021253193e-08,2.6623879848130775e-07,1.0,1.0,30.657257048269813
92110,1.1248357873223597e-07,2.635335160943604e-07,1.0,1.0,30.656765938562643
92120,9.857704360901529e-08,2.711040848395889e-07,1.0,1.0,30.65651015640751
92130,1.1202216242991656e-07,2.897997074019011e-07,1.0,1.0,30.659688679276346
92140,1.1024215002929656e-07,2.6446087172138944e-07,1.0,1.0,30.664504761183377
92150,1.0761309938718977e-07,2.709316056242668e-07,1.0,1.0,30.66339469891211
92160,1.1649842883662872e-07,2.656700429139726e-07,1.0,1.0,30.663400806926525
92170,1.0145556056301674e-07,2.817182478402552e-07,1.0,1.0,30.664982131428584
92180,1.1915135086611715e-07,2.4337023752835745e-07,1.0,1.0,30.66846964562509
92190,1.0099573825391424e-07,2.738944226273108e-07,1.0,1.0,30.663666951812004
92200,1.2356654839837798e-07,2.5459144542350335e-07,1.0,1.0,30.658896240106802
92210,1.1742207025635348e-07,2.7842604411296374e-07,1.0,1.0,30.664198388484547
92220,1.0431222621862276e-07,2.732358323359693e-07,1.0,1.0,30.663735905554756
92230,1.2723569263173743e-07,2.6970500659467604e-07,1.0,1.0,30.66214258887628
92240,1.101229614478107e-07,2.683947155992079e-07,1.0,1.0,30.660850902276223
92250,1.0948825185691736e-07,2.6445662267461664e-07,1.0,1.0,30.65886670057235
92260,9.99194938759337e-08,2.68724725296476e-07,1.0,1.0,30.65662106553691
92270,1.1098101280218821e-07,2.939678679799052e-07,1.0,1.0,30.65863557982206
92280,1.0179906667952147e-07,2.622167796807831e-07,1.0,1.0,30.661658124711213
92290,1.1153394103208703e-07,2.933567874362028e-07,1.0,1.0,30.659921351370702
92300,1.1711331376333964e-07,2.6612151317588437e-07,1.0,1.0,30.667856346666856
92310,1.0398253810068576e-07,2.3986721060067906e-07,1.0,1.0,30.667937347488017
92320,1.1101294296719001e-07,2.7016299273195365e-07,1.0,1.0,30.66235668694255
92330,1.2114298494927918e-07,2.6482500843475953e-07,1.0,1.0,30.66327050585822
92340,1.0662437071993131e-07,2.53593712237399e-07,1.0,1.0,30.668528232610097
92350,1.2069456170390651e-07,2.833998026104799e-07,1.0,1.0,30.66270524632267
92360,1.0416175750235803e-07,2.6770296842837994e-07,1.0,1.0,30.661295235440125
92370,1.0938574916692829e-07,2.805697681324747e-07,1.0,1.0,30.661558255178356
92380,1.1201743528092788e-07,2.7095617673526815e-07,1.0,1.0,30.656432707817643
92390,1.1584453785888757e-07,2.7410035582249537e-07,1.0,1.0,30.653643836854993
92400,1.0311362878365862e-07,2.5801092699381967e-07,1.0,1.0,30.65423948748476
92410,1.0611837826082421e-07,2.6600898847836987e-07,1.0,1.0,30.657549896583404
92420,1.1052796528760758e-07,2.694462134191028e-07,1.0,1.0,30.658909165104618
92430,1.0288976234969263e-07,2.551572918885085e-07,1.0,1.0,30.659125539070754
92440,1.2060003977992442e-07,2.7650302736771896e-07,1.0,1.0,30.659668673145042
92450,1.0139231312876283e-07,2.6750804293283377e-07,1.0,1.0,30.658785362791384
92460,1.0014401882159446e-07,2.559309769234219e-07,1.0,1.0,30.658223847340288
92470,1.189623566949685e-07,3.074897042727638e-07,1.0,1.0,30.65477291868819
92480,1.0673645293652739e-07,2.8869939842874666e-07,1.0,1.0,30.656594207151574
92490,9.870005292094472e-08,2.680991086404565e-07,1.0,1.0,30.65860755033259
92500,1.2277330778328928e-07,2.6559247402722873e-07,1.0,1.0,30.657840778991055
92510,1.2807740576528448e-07,2.7442782021375944e-07,1.0,1.0,30.663661869954172
92520,9.582175861746122e-08,2.703124523393172e-07,1.0,1.0,30.66724799889996
92530,9.123275750883927e-08,2.680505827463708e-07,1.0,1.0,30.665537805801293
92540,1.3078788378473893e-07,2.818399216830128e-07,1.0,1.0,30.65883554015861
92550,1.0666864266192749e-07,2.786013075362213e-07,1.0,1.0,30.65761339983089
92560,1.230698331003909e-07,2.882004853515758e-07,1.0,1.0,30.65261641737281
92570,1.2469679640004736e-07,2.8064755993830684e-07,1.0,1.0,30.65602971668192
92580,1.0729636369417815e-07,2.602171952081711e-07,1.0,1.0,30.663505784518026
92590,1.2358878523509762e-07,2.6575585701350205e-07,1.0,1.0,30.662172087400894
92600,1.0646689571908015e-07,2.631892549816594e-07,1.0,1.0,30.66452593943266
92610,1.0387870795005597e-07,2.553617520510678e-07,1.0,1.0,30.6638001113908
92620,1.0814384830262593e-07,2.7251448781239276e-07,1.0,1.0,30.655570307130215
92630,1.262564870760953e-07,3.0884908734975614e-07,1.0,1.0,30.656030736626054
92640,1.115657823868471e-07,2.542184234208079e-07,1.0,1.0,30.664756455196432
92650,1.1071045404923414e-07,2.4387101754847587e-07,1.0,1.0,30.664928615509172
92660,9.924632180093593e-08,2.763716210568534e-07,1.0,1.0,30.666146077943875
92670,1.0439177304960345e-07,2.663029486584165e-07,1.0,1.0,30.663889858461637
92680,1.1137241262180786e-07,2.6093047903704264e-07,1.0,1.0,30.659475382348592
92690,1.1646115504792193e-07,2.780248070065654e-07,1.0,1.0,30.656089836669782
92700,1.0229957667078227e-07,2.8310137379225987e-07,1.0,1.0,30.65639673203673
92710,1.1411002275770603e-07,2.997519251898381e-07,1.0,1.0,30.656185718091248
92720,1.1439747590781409e-07,3.140034704808973e-07,1.0,1.0,30.65847281907187
92730,9.867839236328604e-08,3.1600354745469123e-07,1.0,1.0,30.66121612774228
92740,1.2076293023596863e-07,2.563946945058284e-07,1.0,1.0,30.660572647543795
92750,1.1345409704288773e-07,2.7081497327197816e-07,1.0,1.0,30.662334095531694
92760,1.1205330299876372e-07,2.5410360984032767e-07,1.0,1.0,30.66304345612302
92770,1.1641080451330517e-07,2.8564316001560334e-07,1.0,1.0,30.66057305815037
92780,1.059697242480362e-07,2.8499825808262733e-07,1.0,1.0,30.658578443735852
92790,1.0886872105432164e-07,3.132481126771088e-07,1.0,1.0,30.657292644436485
92800,1.2285501060523414e-07,2.555166104402507e-07,1.0,1.0,30.656520870456948
92810,9.78439862031343e-08,2.719351404222801e-07,1.0,1.0,30.66026191127075
92820,1.0717875178664296e-07,2.560221635914401e-07,1.0,1.0,30.661898019118585
92830,1.128835044403519e-07,2.6520435163024955e-07,1.0,1.0,30.65818900712145
92840,1.0069527928443076e-07,2.7140400783930127e-07,1.0,1.0,30.65487939251431
92850,1.1205818888341564e-07,2.8471400140139956e-07,1.0,1.0,30.653663443688384
92860,1.1015496770694961e-07,2.6683917813026446e-07,1.0,1.0,30.654128342389246
92870,1.0563339150352797e-07,2.6773163103195396e-07,1.0,1.0,30.657059319301716
92880,1.2521034541015858e-07,2.8998895954803286e-07,1.0,1.0,30.66320282533071
92890,1.1625597385794351e-07,2.7140096386439893e-07,1.0,1.0,30.668164226392427
92900,1.1681683905909313e-07,2.8060866986920913e-07,1.0,1.0,30.66395160854065
92910,1.1292983807255171e-07,2.6346936148822283e-07,1.0,1.0,30.658567041638076
92920,1.1285189268260625e-07,2.759347586436009e-07,1.0,1.0,30.65439306644879
92930,1.1228430303069072e-07,2.999878336032455e-07,1.0,1.0,30.653407451933834
92940,1.0758469974567766e-07,2.832064143110455e-07,1.0,1.0,30.654886299147588
92950,1.0978214630641708e-07,2.874159948374531e-07,1.0,1.0,30.661273116768303
92960,9.90852425975326e-08,2.6633326409916475e-07,1.0,1.0,30.664448040562846
92970,1.1149683258350568e-07,2.502566261507085e-07,1.0,1.0,30.664481134849147
92980,1.1056642814275777e-07,2.9124100481979813e-07,1.0,1.0,30.663657924784587
92990,1.0476386791934263e-07,2.924795886831179e-07,1.0,1.0,30.661234507753868
93000,1.0400710318149505e-07,2.8559931163132034e-07,1.0,1.0,30.658608612118968
93010,1.1265087228695489e-07,2.58914956228309e-07,1.0,1.0,30.65459592060325
93020,1.1719187991527676e-07,2.6839972292494144e-07,1.0,1.0,30.653694008358354
93030,1.067368155096604e-07,2.784994377391785e-07,1.0,1.0,30.65690904726643
93040,1.1098265633691825e-07,3.176539574851188e-07,1.0,1.0,30.65820278941743
93050,9.269027255901751e-08,2.5264678627461387e-07,1.0,1.0,30.66024585096517
93060,1.2017021882183318e-07,2.452986006646298e-07,1.0,1.0,30.659868425476354
93070,1.1709914395079385e-07,2.7839383639731477e-07,1.0,1.0,30.657818824258637
93080,1.0783075374597024e-07,2.652936458221705e-07,1.0,1.0,30.65749688830702
93090,1.144937662954377e-07,2.648005612480951e-07,1.0,1.0,30.65526689974732
93100,1.1038799361350032e-07,2.9348260371485274e-07,1.0,1.0,30.65242763559448
93110,1.1375590996253777e-07,2.708582286020494e-07,1.0,1.0,30.651860952610264
93120,9.94534621474444e-08,2.7006438827368736e-07,1.0,1.0,30.652866624302483
93130,1.294508348427407e-07,2.6562267107254167e-07,1.0,1.0,30.651664605271563
93140,1.2273034997756314e-07,2.807976610564419e-07,1.0,1.0,30.65878323025002
93150,1.0869623536402293e-07,2.804749900631834e-07,1.0,1.0,30.66187009415638
93160,1.2442296772387506e-07,2.541691099083816e-07,1.0,1.0,30.656993884000883
93170,1.170089233437736e-07,2.7368572687856657e-07,1.0,1.0,30.656200274029164
93180,1.2046288846709058e-07,2.7597747219968966e-07,1.0,1.0,30.656412578987062
93190,1.1486013566041099e-07,2.681120478377128e-07,1.0,1.0,30.65701837592862
93200,1.0554253253733677e-07,2.7017662612137457e-07,1.0,1.0,30.656222324392694
93210,9.602936583610325e-08,2.9381540824689447e-07,1.0,1.0,30.65447203605584
93220,1.1109595366839969e-07,2.6425054959838206e-07,1.0,1.0,30.65346578907795
93230,1.003038893344149e-07,2.7189434673510286e-07,1.0,1.0,30.656301790567227
93240,1.2243365192071012e-07,2.436795658546201e-07,1.0,1.0,30.65743351302554
93250,1.1252181282853183e-07,2.481638739589172e-07,1.0,1.0,30.659072438659177
93260,1.2465258054458788e-07,2.717849790212196e-07,1.0,1.0,30.65330406296478
93270,9.91934555691998e-08,2.6019839191584977e-07,1.0,1.0,30.65499948232748
93280,1.1512409430559485e-07,2.817031986519623e-07,1.0,1.0,30.65403405428422
93290,1.0717173770746951e-07,2.60436231268202e-07,1.0,1.0,30.656693897376364
93300,1.0868337981519627e-07,2.7163501342779333e-07,1.0,1.0,30.657769700939348
93310,1.242816027992593e-07,2.845832908543762e-07,1.0,1.0,30.65219969072684
93320,1.0979897184224952e-07,2.5644798856760996e-07,1.0,1.0,30.65464580635052
93330,1.0947337511337929e-07,2.76390993886822e-07,1.0,1.0,30.657322246153797
93340,1.286398637171632e-07,2.568594159880297e-07,1.0,1.0,30.660785697148633
93350,1.1152549251997246e-07,2.659481024026042e-07,1.0,1.0,30.66868301763069
93360,1.0797097378138647e-07,2.6010383061575677e-07,1.0,1.0,30.67175836550204
93370,1.1303611559563737e-07,2.7416762990278826e-07,1.0,1.0,30.66442890098135
93380,1.0055883581712369e-07,2.6160613315965287e-07,1.0,1.0,30.65448872937061
93390,1.0705703678046294e-07,2.5853494497660957e-07,1.0,1.0,30.654298994371608
93400,1.2348158623043553e-07,2.749856582839268e-07,1.0,1.0,30.654608875378212
93410,1.0105691818853898e-07,2.6074667065825815e-07,1.0,1.0,30.658963644321872
93420,1.122576128914087e-07,2.6232659509641583e-07,1.0,1.0,30.65883160021847
93430,1.0359858999700906e-07,2.6392934324709985e-07,1.0,1.0,30.661046651560895
93440,1.1361643201903031e-07,2.5347634068242515e-07,1.0,1.0,30.659038751235272
93450,9.688480079873861e-08,2.635975781023923e-07,1.0,1.0,30.653442115522747
93460,1.0679781141565433e-07,2.536752674447076e-07,1.0,1.0,30.650580008324127
93470,1.0710064672675377e-07,2.7440078358901036e-07,1.0,1.0,30.653439425097133
93480,9.86298437106415e-08,2.7669769695589017e-07,1.0,1.0,30.65464416078485
93490,1.1545621693025539e-07,3.2067085602334476e-07,1.0,1.0,30.65297281091786
93500,1.0954322032105157e-07,2.4964045055101563e-07,1.0,1.0,30.659862386536
93510,9.63219060503117e-08,2.6562826498447355e-07,1.0,1.0,30.660067468613256
93520,1.2290336019445807e-07,2.8405793278387847e-07,1.0,1.0,30.655769773655777
93530,1.1643197479416292e-07,2.887432311404149e-07,1.0,1.0,30.658008414164847
93540,1.011932701496621e-07,2.6728884712567217e-07,1.0,1.0,30.662392180235194
93550,1.101755862218429e-07,2.733824971851994e-07,1.0,1.0,30.660987230799396
93560,1.144099075714785e-07,2.6361270864766817e-07,1.0,1.0,30.657794518847663
93570,1.0697742898199003e-07,2.8057559606780446e-07,1.0,1.0,30.652443723990956
93580,1.0237036148621635e-07,2.80431868522757e-07,1.0,1.0,30.650949122435712
93590,9.926475170626565e-08,3.088309320599612e-07,1.0,1.0,30.655526936112587
93600,1.092344292849471e-07,3.566715409954322e-07,1.0,1.0,30.658985594889952
93610,1.1306577094340555e-07,2.593648050074147e-07,1.0,1.0,30.66766021463292
93620,1.1133266100786799e-07,2.839442646098893e-07,1.0,1.0,30.66652860106163
93630,1.041149094723038e-07,2.645121836831576e-07,1.0,1.0,30.662398424652256
93640,1.2088005078607535e-07,2.782937141994841e-07,1.0,1.0,30.65660948531043
93650,9.613267569378362e-08,2.595862642916229e-07,1.0,1.0,30.662723156583247
93660,1.0846096688198577e-07,2.6832417693192615e-07,1.0,1.0,30.664162504938172
93670,1.1252403013067558e-07,2.682860325024768e-07,1.0,1.0,30.657355273137064
93680,9.919128522902981e-08,2.773610047979719e-07,1.0,1.0,30.653034627621558
93690,1.1347706422878996e-07,2.7013485059342214e-07,1.0,1.0,30.655279607913542
93700,1.0909445995318597e-07,2.6029928419991906e-07,1.0,1.0,30.660211497346488
93710,1.135443694024318e-07,2.84154283958796e-07,1.0,1.0,30.662289321236557
93720,1.0443112367798411e-07,2.5503172937537356e-07,1.0,1.0,30.66183471027796
93730,1.1345319566924382e-07,2.6334199521036493e-07,1.0,1.0,30.659380026826774
93740,1.1099998485560448e-07,2.6852723603361997e-07,1.0,1.0,30.659421071587087
93750,1.1291160920161393e-07,2.64577265258277e-07,1.0,1.0,30.662106793371596
93760,1.1761465827902412e-07,2.6585915523910684e-07,1.0,1.0,30.66049595549479
93770,1.1737655177601265e-07,2.594178446919869e-07,1.0,1.0,30.656546355004604
93780,1.069197646881614e-07,2.6937475556261535e-07,1.0,1.0,30.656893430879006
93790,1.0456166822368829e-07,2.988947615093601e-07,1.0,1.0,30.653879432587985
93800,9.18186446736573e-08,2.6339764986175225e-07,1.0,1.0,30.654953646983966
93810,1.0043653776961554e-07,2.5723156236714504e-07,1.0,1.0,30.654994130970213
93820,1.0741984916958447e-07,2.8788237138742247e-07,1.0,1.0,30.653132237532883
93830,1.0033240372283323e-07,2.6291062703370817e-07,1.0,1.0,30.65810754164027
93840,1.1578148222588701e-07,2.6535076460793497e-07,1.0,1.0,30.6595045377198
93850,1.2311780328581746e-07,3.0784179722712473e-07,1.0,1.0,30.65870720649642
93860,1.1216056992621509e-07,2.3828113234519583e-07,1.0,1.0,30.658733932476316
93870,9.94591873747936e-08,2.5706957305665814e-07,1.0,1.0,30.66021963139162
93880,1.1244399081736101e-07,2.710383892034607e-07,1.0,1.0,30.654559154500724
93890,1.2003964541177164e-07,2.7437195249758434e-07,1.0,1.0,30.655753886125883
93900,1.0624179660665162e-07,2.8325603661290333e-07,1.0,1.0,30.65658290419671
93910,1.2103000464798643e-07,2.7325591206195696e-07,1.0,1.0,30.651091140589028
93920,1.0906062177873337e-07,2.7141294159734515e-07,1.0,1.0,30.65019507705549
93930,1.1846984387495572e-07,2.663715302663968e-07,1.0,1.0,30.654477334215894
93940,1.1261972455772713e-07,2.7754919235393174e-07,1.0,1.0,30.65965782927689
93950,1.1462075807460732e-07,2.87292469387586e-07,1.0,1.0,30.65913844670348
93960,1.2210665621169724e-07,2.8780979276830247e-07,1.0,1.0,30.657533328808466
93970,1.0977353461391237e-07,2.730300962529579e-07,1.0,1.0,30.6588546734781
93980,1.011960972421286e-07,2.5582034495594656e-07,1.0,1.0,30.65933527661094
93990,9.236583813273642e-08,2.7495696144864456e-07,1.0,1.0,30.6562462923083
94000,1.1687056356517133e-07,2.860413656860933e-07,1.0,1.0,30.650874202401535
94010,1.1669057908591374e-07,2.7647569557857427e-07,1.0,1.0,30.655332854643166
94020,1.0410597420090917e-07,2.6462625351238216e-07,1.0,1.0,30.65665467944645
94030,1.1257432595753452e-07,2.869794273475045e-07,1.0,1.0,30.650317136527217
94040,1.1506048314055194e-07,2.714710413759474e-07,1.0,1.0,30.650178561670614
94050,1.0778882114251006e-07,2.624284386105532e-07,1.0,1.0,30.651686871387017
94060,1.0905052225452512e-07,2.766428028948339e-07,1.0,1.0,30.651619430474994
94070,1.113517652333099e-07,3.071640853509999e-07,1.0,1.0,30.659532966159734
94080,1.144756074776512e-07,2.5975487867064087e-07,1.0,1.0,30.665900797961303
94090,1.1294552561395706e-07,3.308472559902653e-07,1.0,1.0,30.66366510046362
94100,1.1164773392192773e-07,3.2589489337662333e-07,1.0,1.0,30.664211005227866
94110,9.53239458739712e-08,2.610800612447117e-07,1.0,1.0,30.66127309539171
94120,1.159907622970275e-07,2.5901159908492254e-07,1.0,1.0,30.657326576520664
94130,1.0263710082206251e-07,3.059705435181724e-07,1.0,1.0,30.655050673650816
94140,1.0384654148010923e-07,2.9801112575020613e-07,1.0,1.0,30.653451293236973
94150,1.0934622796115098e-07,3.097832444365471e-07,1.0,1.0,30.65861624847403
94160,1.201565956914681e-07,2.6431490824311114e-07,1.0,1.0,30.65800222470842
94170,9.471754202810824e-08,2.638912488910218e-07,1.0,1.0,30.654498946938986
94180,1.2038414682092636e-07,2.642359494163309e-07,1.0,1.0,30.652311789345312
94190,1.1401493694059783e-07,2.8279190864510044e-07,1.0,1.0,30.65126674234829
94200,1.0601863608211758e-07,2.648481258825561e-07,1.0,1.0,30.657052304624735
94210,1.0906649767675321e-07,2.642704830894116e-07,1.0,1.0,30.658803267030905
94220,1.1521391835292783e-07,2.97547682840908e-07,1.0,1.0,30.658788590555385
94230,1.1207874561016529e-07,2.460029036225479e-07,1.0,1.0,30.658861802872767
94240,1.2735426457654692e-07,2.6001265326444633e-07,1.0,1.0,30.654421408601376
94250,1.1234382035355744e-07,2.6421418007028354e-07,1.0,1.0,30.654997013820086
94260,1.2134890725526097e-07,2.5374020897149195e-07,1.0,1.0,30.657146904015622
94270,1.1937319433785895e-07,2.8091824693079947e-07,1.0,1.0,30.660699369849038
94280,1.0401012183792561e-07,2.42940351225978e-07,1.0,1.0,30.66007514474543
94290,1.0317964337873547e-07,2.9788113547640273e-07,1.0,1.0,30.656171370128344
94300,1.1853103978264174e-07,2.7491101044926795e-07,1.0,1.0,30.651644009231035
94310,1.1793329475570484e-07,2.90621894518667e-07,1.0,1.0,30.64850206731887
94320,1.0839964416178825e-07,2.7584079627955374e-07,1.0,1.0,30.65028038001615
94330,1.1191643916945327e-07,2.792819176748934e-07,1.0,1.0,30.651287996784852
94340,1.1682752945844757e-07,2.64813192157225e-07,1.0,1.0,30.651950572060755
94350,1.0554572885090058e-07,2.785066001689176e-07,1.0,1.0,30.65402549068823
94360,1.1483701190834532e-07,3.0402013989106317e-07,1.0,1.0,30.65478794200637
94370,1.069919313556649e-07,2.6588351725577806e-07,1.0,1.0,30.654934218255647
94380,1.1041043878468377e-07,2.750266696454689e-07,1.0,1.0,30.653252609411524
94390,1.2062355463418458e-07,2.7422189711688443e-07,1.0,1.0,30.652858644706278
94400,1.0898873429835858e-07,2.5383704489657053e-07,1.0,1.0,30.652865240715396
94410,1.0513520693460046e-07,2.4921465713739197e-07,1.0,1.0,30.652125331272295
94420,1.353578978254411e-07,2.737933393065376e-07,1.0,1.0,30.652788820446172
94430,1.0401176935768083e-07,2.7014552138704765e-07,1.0,1.0,30.655960662527765
94440,1.114223717733105e-07,2.787374893528454e-07,1.0,1.0,30.65664321249534
94450,1.1602545304163291e-07,2.647646735225558e-07,1.0,1.0,30.655153135970505
94460,1.1056998690344469e-07,2.669107582530555e-07,1.0,1.0,30.652868183751693
94470,1.0333581846222773e-07,2.713888993392485e-07,1.0,1.0,30.65277944794741
94480,1.2367023881405087e-07,2.7928032037592047e-07,1.0,1.0,30.655812178376546
94490,1.1496429525030566e-07,2.622612815916439e-07,1.0,1.0,30.656865969125278
94500,1.0835939398864073e-07,2.6245818887656197e-07,1.0,1.0,30.65367699063476
94510,1.1176073444982691e-07,2.7321997103154415e-07,1.0,1.0,30.650620830086012
94520,1.1547673664430362e-07,2.6250023456791545e-07,1.0,1.0,30.6643215917842
94530,1.0832518050431197e-07,2.7763900273194226e-07,1.0,1.0,30.6677917129983
94540,1.1848100486549512e-07,2.777695879967881e-07,1.0,1.0,30.66173703871434
94550,1.2199988116044006e-07,2.6092494967731083e-07,1.0,1.0,30.660700110712842
94560,1.057571930010077e-07,2.566451260074829e-07,1.0,1.0,30.65968365341494
94570,1.0643465821316524e-07,2.634684328327867e-07,1.0,1.0,30.660921378009565
94580,1.0868959182467533e-07,2.6420828777233246e-07,1.0,1.0,30.657142673170984
94590,1.0646709567253922e-07,2.6558637712630386e-07,1.0,1.0,30.65287454097352
94600,1.1265726944840341e-07,2.583452872441144e-07,1.0,1.0,30.65030379919861
94610,1.1107917755893639e-07,2.6637898949227995e-07,1.0,1.0,30.655976779085126
94620,9.948745427746637e-08,2.8353206990330107e-07,1.0,1.0,30.656487811898547
94630,1.322495091818569e-07,2.480860284208148e-07,1.0,1.0,30.656631582292665
94640,1.227302400198526e-07,2.907547010056937e-07,1.0,1.0,30.66311555066886
94650,1.0460085280723909e-07,2.8191364261501606e-07,1.0,1.0,30.66525232132206
94660,1.314989821391207e-07,2.5727884090840854e-07,1.0,1.0,30.66024545179025
94670,1.135594258741773e-07,2.6180250383907815e-07,1.0,1.0,30.651404195000396
94680,1.0846588311144979e-07,2.7185668368553324e-07,1.0,1.0,30.649430535296457
94690,1.1461911959464757e-07,2.6309146069284406e-07,1.0,1.0,30.653162607010223
94700,1.0856943413386081e-07,2.666960741814714e-07,1.0,1.0,30.653707007193567
94710,1.1271900125595758e-07,2.88072383866974e-07,1.0,1.0,30.654345485743367
94720,1.1320138528097644e-07,2.734824213375103e-07,1.0,1.0,30.652376525113898
94730,1.1503044241321444e-07,2.5579406802248595e-07,1.0,1.0,30.654338219576758
94740,1.0374855067061602e-07,2.797294898125898e-07,1.0,1.0,30.657380957080825
94750,1.1856066898258598e-07,2.670798135185316e-07,1.0,1.0,30.657194420676312
94760,1.08494279831716e-07,2.7428538554160027e-07,1.0,1.0,30.661462297726704
94770,1.0338381011280486e-07,2.5132687061250534e-07,1.0,1.0,30.66226439288872
94780,1.1300391963151348e-07,2.611385106355598e-07,1.0,1.0,30.65493847981071
94790,1.0244257515741176e-07,2.6521654302933746e-07,1.0,1.0,30.65161106707513
94800,1.044358039903167e-07,2.740363335504604e-07,1.0,1.0,30.649436168919497
94810,1.0306950522894116e-07,2.8095762513240746e-07,1.0,1.0,30.648408538908146
94820,1.0191059844902679e-07,2.581320848534061e-07,1.0,1.0,30.654781444641536
94830,1.0613696319780218e-07,2.7158283589163046e-07,1.0,1.0,30.657876726763657
94840,1.1258291944839263e-07,2.7386368322812314e-07,1.0,1.0,30.653058035332105
94850,1.0538270226528217e-07,2.6073812367616947e-07,1.0,1.0,30.648851577105894
94860,1.061538201321071e-07,2.7015209250207146e-07,1.0,1.0,30.657342107126702
94870,1.0418352916026656e-07,2.6443096950424577e-07,1.0,1.0,30.659902930462312
94880,1.0208086408949922e-07,3.124468933055998e-07,1.0,1.0,30.657362312487038
94890,9.411835631022991e-08,2.6012992806961916e-07,1.0,1.0,30.65633713025995
94900,1.2816357071922286e-07,3.097916240631963e-07,1.0,1.0,30.649527387167772
94910,1.073576745085075e-07,3.1431403780686235e-07,1.0,1.0,30.65400852801732
94920,1.0331497984661038e-07,2.664327579519462e-07,1.0,1.0,30.659148022273012
94930,1.0626049364161446e-07,2.729494282980784e-07,1.0,1.0,30.65785711238188
94940,1.0699675431199352e-07,2.777265234574268e-07,1.0,1.0,30.655038778293353
94950,9.976245054933379e-08,2.954785980258848e-07,1.0,1.0,30.651630827887672
94960,1.2287519397892345e-07,3.582528178960064e-07,1.0,1.0,30.655392588652052
94970,1.132942344180885e-07,2.7829447740675446e-07,1.0,1.0,30.663806484340622
94980,1.0627734929362921e-07,2.543613945701363e-07,1.0,1.0,30.666996053508033
94990,1.1500854971633198e-07,2.584795213616678e-07,1.0,1.0,30.659448720144063
95000,1.1599267856062938e-07,2.648399107218892e-07,1.0,1.0,30.651003958940155
95010,1.0110330198897972e-07,2.640625288826255e-07,1.0,1.0,30.64968450056855
95020,1.2534758659802157e-07,2.916229998822079e-07,1.0,1.0,30.645617082288187
95030,1.0729285207998472e-07,2.753319734665168e-07,1.0,1.0,30.646915326965072
95040,1.1582048528041529e-07,3.203402202506539e-07,1.0,1.0,30.650605930877816
95050,1.0935888155341198e-07,2.696518889012351e-07,1.0,1.0,30.65341026007277
95060,1.1207251277356708e-07,2.9693850781668963e-07,1.0,1.0,30.657910584604974
95070,1.0117117913176633e-07,2.5836825089329175e-07,1.0,1.0,30.665869542365535
95080,1.1871120703035272e-07,2.554015158497602e-07,1.0,1.0,30.664741898435484
95090,1.0536145331384187e-07,2.606059155129029e-07,1.0,1.0,30.66511860541663
95100,1.0948029429871288e-07,2.550809525535448e-07,1.0,1.0,30.66432334394825
95110,1.0653159900049393e-07,2.90346356312295e-07,1.0,1.0,30.662238800321532
95120,1.0348375828609692e-07,2.617945345424323e-07,1.0,1.0,30.658512596414432
95130,1.004299299039687e-07,2.683875072382375e-07,1.0,1.0,30.654073196197995
95140,1.2685740205731616e-07,2.7648253272306546e-07,1.0,1.0,30.650747908938726
95150,1.1585380168377111e-07,2.9835104167461085e-07,1.0,1.0,30.65912116867804
95160,1.0116940040845204e-07,3.0349841078824763e-07,1.0,1.0,30.66619470561968
95170,1.0044523330026985e-07,2.8590941532003313e-07,1.0,1.0,30.666422240208444
95180,1.1347115627969342e-07,2.6759372166671464e-07,1.0,1.0,30.664190028846193
95190,9.66792350363147e-08,2.669923230221626e-07,1.0,1.0,30.66372297892178
95200,1.2638144217365469e-07,2.791232190870029e-07,1.0,1.0,30.66208019081086
95210,9.837587558924176e-08,2.563645983599165e-07,1.0,1.0,30.660767553900055
95220,1.1183002545815513e-07,2.7808671604170575e-07,1.0,1.0,30.65656079005209
95230,1.3168304588698816e-07,2.85233938999682e-07,1.0,1.0,30.65138067250615
95240,1.026925748382558e-07,2.80147213889279e-07,1.0,1.0,30.65256393894153
95250,1.0496708498666268e-07,2.6524870642938545e-07,1.0,1.0,30.65972353275709
95260,1.1441540322794025e-07,2.6325677422225264e-07,1.0,1.0,30.65967077150772
95270,1.0806604878116985e-07,3.0338737697371623e-07,1.0,1.0,30.657931072759908
95280,9.295002176270612e-08,2.6390873597687574e-07,1.0,1.0,30.655371319944106
95290,1.1463085222475734e-07,2.6706462228693463e-07,1.0,1.0,30.6529700893128
95300,1.067145459394963e-07,2.5960260567930025e-07,1.0,1.0,30.655007435721476
95310,1.2471453975957096e-07,2.7596619743630786e-07,1.0,1.0,30.659213329683492
95320,1.1791171046719525e-07,2.554890743735267e-07,1.0,1.0,30.663003516917048
95330,9.726764826242868e-08,2.5454124199272717e-07,1.0,1.0,30.6627107674733
95340,1.0924525225764636e-07,2.537999886555507e-07,1.0,1.0,30.654648913463536
95350,1.1899273843314195e-07,2.7083665291832563e-07,1.0,1.0,30.650132722841935
95360,9.908012021743924e-08,2.549609556860722e-07,1.0,1.0,30.650189213422742
95370,1.1898858920859143e-07,2.732788967927317e-07,1.0,1.0,30.652699436227433
95380,1.2815630861754152e-07,2.514473030502732e-07,1.0,1.0,30.659816149729423
95390,1.0389756888027494e-07,2.7290496421217585e-07,1.0,1.0,30.671366271181505
95400,1.0180845261446055e-07,2.4960168605794186e-07,1.0,1.0,30.670556758235346
95410,1.0788503173135401e-07,2.700427884303004e-07,1.0,1.0,30.661366290813593
95420,1.0469416066058037e-07,2.793748183218224e-07,1.0,1.0,30.654563728982158
95430,1.0065430262917468e-07,3.2063905977569024e-07,1.0,1.0,30.652491944687327
95440,1.2028304996864137e-07,2.6531204122477716e-07,1.0,1.0,30.654162046276266
95450,1.0460367723913587e-07,3.1014570318089663e-07,1.0,1.0,30.652928837118107
95460,8.829436848127474e-08,3.2686470479585667e-07,1.0,1.0,30.657500493930986
95470,1.1919597569206663e-07,2.700208858469592e-07,1.0,1.0,30.659743404365734
95480,1.0673096814621157e-07,2.529053269480035e-07,1.0,1.0,30.66299995135617
95490,1.0730490640578901e-07,2.587757195595763e-07,1.0,1.0,30.65958228504428
95500,1.0081543153649442e-07,2.6811881044303166e-07,1.0,1.0,30.65259290434007
95510,1.1241964016099648e-07,2.678652541701226e-07,1.0,1.0,30.64908623103364
95520,9.657984339518989e-08,2.701498682655959e-07,1.0,1.0,30.651059372666094
95530,1.0597137087526271e-07,2.8288568162935963e-07,1.0,1.0,30.655228408363158
95540,1.0312021797553723e-07,2.7504063290140957e-07,1.0,1.0,30.656268273024516
95550,9.555964751704072e-08,2.9472799562957717e-07,1.0,1.0,30.66000242799309
95560,1.2106422716686198e-07,2.7818560816769366e-07,1.0,1.0,30.65650152002779
95570,1.1141036624118361e-07,2.8583410751134387e-07,1.0,1.0,30.654178535618847
95580,1.0655601635134508e-07,2.7050619140379766e-07,1.0,1.0,30.653032048327418
95590,1.342785042532486e-07,2.664666970912095e-07,1.0,1.0,30.654991320239947
95600,1.2171624545392834e-07,2.624429688686427e-07,1.0,1.0,30.665747050249102
95610,1.0240708049648001e-07,2.612653898150291e-07,1.0,1.0,30.67170480182055
95620,1.1113409459863531e-07,2.4714990679042485e-07,1.0,1.0,30.663202320343593
95630,1.0892174644826882e-07,2.589783152611316e-07,1.0,1.0,30.65900816031556
95640,1.1557573428573965e-07,2.552437591093109e-07,1.0,1.0,30.65701729345117
95650,1.2436584675088e-07,3.0571281677230966e-07,1.0,1.0,30.652503332296103
95660,1.1456048167171147e-07,2.8426501858327035e-07,1.0,1.0,30.653621317431316
95670,1.1156265095313602e-07,2.7860943720825676e-07,1.0,1.0,30.65481888683996
95680,1.0335239416465434e-07,2.8176623176628096e-07,1.0,1.0,30.653553544917045
95690,1.1514083614348913e-07,2.9195513008797617e-07,1.0,1.0,30.654186326183336
95700,1.1190055915906263e-07,2.738482728413838e-07,1.0,1.0,30.65598004901945
95710,1.0425544981980889e-07,2.73464458901282e-07,1.0,1.0,30.6552146391623
95720,1.0955278304714957e-07,2.870884045018302e-07,1.0,1.0,30.65501829046714
95730,1.0424209590056416e-07,2.583904108133531e-07,1.0,1.0,30.65382077682966
95740,1.2274497982925275e-07,2.5953456534248346e-07,1.0,1.0,30.65107516785049
95750,9.77644959279548e-08,2.599638441837443e-07,1.0,1.0,30.651487912903427
95760,1.0437934874196412e-07,2.5408539103148874e-07,1.0,1.0,30.65356918371905
95770,1.0574998812498152e-07,2.74268085423869e-07,1.0,1.0,30.655129591088716
95780,1.0304907807757223e-07,2.546182563568777e-07,1.0,1.0,30.653440739008058
95790,1.001478054907686e-07,2.5275903915110946e-07,1.0,1.0,30.653722177650188
95800,9.783294594276057e-08,2.6164211347844444e-07,1.0,1.0,30.65013317330242
95810,1.1285167992348058e-07,2.6539588216103004e-07,1.0,1.0,30.649165437892986
95820,1.0342951873660159e-07,2.9035833972071405e-07,1.0,1.0,30.656326616358655
95830,1.1357238697150858e-07,2.8943294195688665e-07,1.0,1.0,30.66070961377508
95840,1.0380914697320645e-07,2.815095728428543e-07,1.0,1.0,30.666417003135813
95850,1.102628983369352e-07,2.6795940535003164e-07,1.0,1.0,30.664722327514763
95860,1.1109365963284823e-07,2.676561479703997e-07,1.0,1.0,30.658626240213557
95870,1.1245784251166299e-07,2.7317094216869374e-07,1.0,1.0,30.660067853582888
95880,1.1662556511411684e-07,2.6689750320701097e-07,1.0,1.0,30.65924960498252
95890,1.1369913137609789e-07,2.5485023135555767e-07,1.0,1.0,30.660489541641926
95900,1.0035000413133853e-07,2.5919906471399333e-07,1.0,1.0,30.66024959121112
95910,1.0662725635313606e-07,2.6864406027106707e-07,1.0,1.0,30.65660260968428
95920,1.304470961787858e-07,2.8555520400171836e-07,1.0,1.0,30.65323801690961
95930,1.2679130210105222e-07,2.7478196174208477e-07,1.0,1.0,30.65480500134906
95940,1.0844125325168975e-07,3.1723352255351873e-07,1.0,1.0,30.659824575962702
95950,1.148922029680824e-07,2.6278582835325005e-07,1.0,1.0,30.657137502335807
95960,1.0339575706178789e-07,2.6593461679690455e-07,1.0,1.0,30.654518560807553
95970,1.0541729353642431e-07,2.6552533718496843e-07,1.0,1.0,30.65410137611818
95980,1.2310163784062887e-07,2.6630242026235817e-07,1.0,1.0,30.65113216587079
95990,1.1750658948848389e-07,2.6921753467375285e-07,1.0,1.0,30.657641012054263
96000,1.0378286703548474e-07,2.990221835370601e-07,1.0,1.0,30.662322835659538
96010,1.1590125799425432e-07,2.6484860676731266e-07,1.0,1.0,30.664342397563463
96020,1.0055128679103211e-07,2.646283900015609e-07,1.0,1.0,30.6633317311534
96030,1.0498196289471182e-07,2.8693896118387e-07,1.0,1.0,30.657142824683675
96040,1.0446794671501721e-07,2.497124794967382e-07,1.0,1.0,30.65287054359607
96050,1.1298216897048697e-07,2.888407159873315e-07,1.0,1.0,30.64519259061386
96060,1.1343112013706055e-07,2.57640745989139e-07,1.0,1.0,30.648353407736025
96070,1.1703083161272694e-07,2.718454273124871e-07,1.0,1.0,30.65200199125954
96080,1.0850998502574686e-07,2.634200331183244e-07,1.0,1.0,30.655193942136286
96090,1.0478038784333625e-07,2.503228806628853e-07,1.0,1.0,30.658747351398038
96100,1.145073461718137e-07,2.7707471798217906e-07,1.0,1.0,30.655466478217676
96110,1.090507361568624e-07,2.580618086870551e-07,1.0,1.0,30.65284639654953
96120,9.979308467497255e-08,2.663131352027462e-07,1.0,1.0,30.651704907510027
96130,1.1655458210177103e-07,2.8639795206566634e-07,1.0,1.0,30.649502252971285
96140,1.112032613222611e-07,2.783717925998486e-07,1.0,1.0,30.650924329777745
96150,1.1139370144320684e-07,3.012940655193503e-07,1.0,1.0,30.65887219723561
96160,1.2313374236360103e-07,3.067667057573879e-07,1.0,1.0,30.66435459416954
96170,9.665653978578972e-08,2.472022081403564e-07,1.0,1.0,30.66241769361939
96180,1.0367685965911191e-07,2.8092148379114834e-07,1.0,1.0,30.659160772862357
96190,1.2103004971334752e-07,2.652221128968818e-07,1.0,1.0,30.659560142067726
96200,1.1578738016627187e-07,2.5766793688336344e-07,1.0,1.0,30.658755662175302
96210,1.0040199382089832e-07,3.0546120645388887e-07,1.0,1.0,30.662484752196086
96220,1.1703796393698393e-07,2.626514088417205e-07,1.0,1.0,30.66241429319125
96230,1.0304881757787177e-07,2.649745430686811e-07,1.0,1.0,30.661861572345025
96240,1.1553755788749847e-07,2.4361348920526684e-07,1.0,1.0,30.65855768883329
96250,1.0595370005197084e-07,2.705117286724368e-07,1.0,1.0,30.652379961655605
96260,9.481297191901386e-08,2.820510550095138e-07,1.0,1.0,30.649454735749785
96270,1.1884451108901513e-07,2.611247934739719e-07,1.0,1.0,30.648999984953562
96280,1.2723073789283295e-07,2.7989560300719676e-07,1.0,1.0,30.648096230051863
96290,1.0349332341786886e-07,2.6785848021347344e-07,1.0,1.0,30.654179074903638
96300,1.1270647198076803e-07,2.533200222097975e-07,1.0,1.0,30.658911228559212
96310,1.0347060548100125e-07,2.4600401102749225e-07,1.0,1.0,30.659600113796984
96320,1.1149581899247776e-07,2.6576448023956137e-07,1.0,1.0,30.654722578468522
96330,1.0262420359250732e-07,2.6066156176295546e-07,1.0,1.0,30.65019180924588
96340,1.298915881794063e-07,2.805736115511425e-07,1.0,1.0,30.646933204933724
96350,1.1812180528920197e-07,2.8327728128646815e-07,1.0,1.0,30.653302156144594
96360,9.652277053388408e-08,2.5922552354749815e-07,1.0,1.0,30.66233245737675
96370,1.0150255675240057e-07,2.5594481899736955e-07,1.0,1.0,30.657736519326892
96380,1.0496655231510017e-07,2.863042099018761e-07,1.0,1.0,30.657040925948532
96390,1.0620663310518274e-07,2.542773774131998e-07,1.0,1.0,30.655524982517907
96400,1.3163352311475805e-07,2.758125619575262e-07,1.0,1.0,30.65191304175242
96410,1.0192597657154123e-07,2.7946454806061116e-07,1.0,1.0,30.65515491850091
96420,1.1786934298796413e-07,2.8403396669603733e-07,1.0,1.0,30.654968071279516
96430,1.1016527244254324e-07,2.604119405050535e-07,1.0,1.0,30.653584093409112
96440,1.0550295550658412e-07,2.6948111778453465e-07,1.0,1.0,30.652476967217964
96450,1.0787451377951191e-07,2.643350885470179e-07,1.0,1.0,30.651312288315435
96460,1.1196058815893552e-07,2.585153726856729e-07,1.0,1.0,30.652894532094344
96470,9.66125061369888e-08,2.762018365920463e-07,1.0,1.0,30.65519378694701
96480,1.0595078240424202e-07,2.57921999992732e-07,1.0,1.0,30.655393295612917
96490,1.204581075860536e-07,2.5083850465472043e-07,1.0,1.0,30.65665192811948
96500,1.1346771901896478e-07,2.623763387474742e-07,1.0,1.0,30.656081624278244
96510,9.453613054709829e-08,2.513087261137863e-07,1.0,1.0,30.653230338754
96520,1.0236817281530038e-07,2.751928733543055e-07,1.0,1.0,30.648480646087574
96530,1.0545428816842027e-07,2.623133866584788e-07,1.0,1.0,30.645599190173808
96540,1.0159686221658681e-07,2.557546755074984e-07,1.0,1.0,30.653473737746356
96550,1.006641913493595e-07,2.6437444090014286e-07,1.0,1.0,30.657911990409612
96560,1.1169978413230885e-07,2.740252015195921e-07,1.0,1.0,30.666041573361213
96570,1.1657269691648293e-07,2.647515727734579e-07,1.0,1.0,30.677942272864616
96580,1.1976070524310703e-07,2.4451572310926425e-07,1.0,1.0,30.673502420548513
96590,1.1433111202979653e-07,2.547292102956835e-07,1.0,1.0,30.662051979681898
96600,1.0429099236504881e-07,2.679797820195551e-07,1.0,1.0,30.6508548296978
96610,1.1393748014887363e-07,2.8785227248316465e-07,1.0,1.0,30.647801947556957
96620,1.0792067348239172e-07,2.62653876851613e-07,1.0,1.0,30.652689465541805
96630,1.0811758952230134e-07,2.84042127418479e-07,1.0,1.0,30.651441036445654
96640,1.1012462892941208e-07,2.7382801301996727e-07,1.0,1.0,30.648397440882306
96650,1.2011152630944505e-07,2.5731607319582245e-07,1.0,1.0,30.648826471790965
96660,9.630636700455076e-08,2.706349103509641e-07,1.0,1.0,30.65106763925923
96670,1.137787979168458e-07,2.7574502882301356e-07,1.0,1.0,30.652049823415368
96680,1.0527421147122897e-07,2.5702917975873083e-07,1.0,1.0,30.6571596016848
96690,9.432860303272279e-08,2.5587236025179395e-07,1.0,1.0,30.65361163805756
96700,1.0806273848105215e-07,2.5746056952780283e-07,1.0,1.0,30.649590385441684
96710,1.093898436424277e-07,2.812655416602077e-07,1.0,1.0,30.649976672213167
96720,1.0144798554320114e-07,3.208269500239333e-07,1.0,1.0,30.650303763280547
96730,1.1413736619785094e-07,2.6739348592561987e-07,1.0,1.0,30.658112802598087
96740,9.042947330741027e-08,2.5684266258080296e-07,1.0,1.0,30.661938780730242
96750,9.813708114107975e-08,2.645281378822846e-07,1.0,1.0,30.6574660363719
96760,1.2378285670493975e-07,2.546056898222112e-07,1.0,1.0,30.65400199665957
96770,1.036662432874818e-07,2.544843013068151e-07,1.0,1.0,30.6529997388347
96780,1.0268095011570262e-07,2.708402356986512e-07,1.0,1.0,30.65134952915109
96790,1.1809785162673173e-07,2.6531562420488473e-07,1.0,1.0,30.650454235447953
96800,1.247703904647464e-07,3.099769167577863e-07,1.0,1.0,30.649709930399187
96810,1.0041490365336816e-07,3.18873417371736e-07,1.0,1.0,30.6544192568157
96820,1.0950706992955427e-07,3.1268446780031455e-07,1.0,1.0,30.658427081015414
96830,9.702149374178316e-08,2.8811861911455944e-07,1.0,1.0,30.666484705678467
96840,1.0836119063383506e-07,2.8739796831028715e-07,1.0,1.0,30.66677459552233
96850,1.1351370144934598e-07,2.742489531504467e-07,1.0,1.0,30.662465744990378
96860,1.0310603457552771e-07,2.620540889897083e-07,1.0,1.0,30.6557064521636
96870,1.1205184316036466e-07,2.6188293321319556e-07,1.0,1.0,30.655570071456122
96880,1.1044407307217748e-07,2.652809085702108e-07,1.0,1.0,30.657976511972873
96890,9.878550630318707e-08,2.723981477834247e-07,1.0,1.0,30.653987525981847
96900,9.359700478054166e-08,2.748618487228038e-07,1.0,1.0,30.64920357147635
96910,1.0487594453252797e-07,2.9033911102570205e-07,1.0,1.0,30.647912069645766
96920,1.1610915066290275e-07,2.7633939057298085e-07,1.0,1.0,30.65009205628965
96930,1.0734643875645167e-07,2.621706832203034e-07,1.0,1.0,30.6532789423889
96940,1.1352360172971616e-07,2.5753262759847336e-07,1.0,1.0,30.654205567939552
96950,1.0531950326368999e-07,2.5158776231070304e-07,1.0,1.0,30.65110057842338
96960,1.1736974154090825e-07,2.790334631947648e-07,1.0,1.0,30.649325658043445
96970,1.183195743734885e-07,2.993232062949399e-07,1.0,1.0,30.651962100796947
96980,1.0553702514187009e-07,2.9145832330725585e-07,1.0,1.0,30.658829446047495
96990,1.0767159620289007e-07,2.6992242547340156e-07,1.0,1.0,30.65973736243851
97000,1.1657489535665932e-07,2.6229020669896974e-07,1.0,1.0,30.65606481362716
97010,1.1328894923738232e-07,2.687125484828387e-07,1.0,1.0,30.651284409582612
97020,1.0694933647353067e-07,2.654635237715258e-07,1.0,1.0,30.650464878021545
97030,1.1411326904288752e-07,2.764032687001373e-07,1.0,1.0,30.64544728627633
97040,1.1105696588395517e-07,2.634513744562056e-07,1.0,1.0,30.64274239058162
97050,1.0934404801771029e-07,2.854812876443128e-07,1.0,1.0,30.646267013282838
97060,1.220753040921586e-07,2.765382876409841e-07,1.0,1.0,30.652626874680063
97070,1.1959286585519182e-07,2.9193180716323213e-07,1.0,1.0,30.654281495072034
97080,1.0964161511841897e-07,2.6996093809486105e-07,1.0,1.0,30.656629015991154
97090,1.0287728118350628e-07,2.4710781121837335e-07,1.0,1.0,30.65711634601825
97100,9.953610944085752e-08,2.797745935967669e-07,1.0,1.0,30.65404478669864
97110,9.673375932367307e-08,2.6913859552616477e-07,1.0,1.0,30.651772197509306
97120,1.0710137016316186e-07,2.829880865583469e-07,1.0,1.0,30.648714102840287
97130,1.1126314238427955e-07,2.755470196723663e-07,1.0,1.0,30.65387627562667
97140,9.531291692754641e-08,2.436920032744588e-07,1.0,1.0,30.65495252468317
97150,1.0889674062707361e-07,2.6217540953768037e-07,1.0,1.0,30.648677179875257
97160,1.27484984119204e-07,2.4953935214847077e-07,1.0,1.0,30.653889014348326
97170,1.0265702434411948e-07,2.690509766801597e-07,1.0,1.0,30.659926248369224
97180,1.1449669568282104e-07,2.8326682007536383e-07,1.0,1.0,30.658251800959135
97190,1.0952258783655259e-07,2.6827290560589353e-07,1.0,1.0,30.65438812572523
97200,1.0268290597139608e-07,2.6464510070651637e-07,1.0,1.0,30.652021936962228
97210,1.1446578750080538e-07,2.724602630395474e-07,1.0,1.0,30.651728764358683
97220,1.1817332838635782e-07,2.6886801845721786e-07,1.0,1.0,30.654823331838447
97230,1.1127396283576004e-07,2.671583418697675e-07,1.0,1.0,30.650803910244946
97240,1.150370574179561e-07,2.711403280130231e-07,1.0,1.0,30.646682765939378
97250,1.0227246012204098e-07,2.893221361590799e-07,1.0,1.0,30.647242301203477
97260,1.207525878045335e-07,2.63783792357699e-07,1.0,1.0,30.65390915005932
97270,1.1443478964691341e-07,2.691286699740696e-07,1.0,1.0,30.65820253529221
97280,1.1233606802370705e-07,2.6919467428973493e-07,1.0,1.0,30.659467773506982
97290,1.0513754553497327e-07,3.1998560906367073e-07,1.0,1.0,30.65995660825868
97300,1.122148371236336e-07,2.517670340222945e-07,1.0,1.0,30.656179091753742
97310,9.911958215080994e-08,2.682689939214594e-07,1.0,1.0,30.65495342662036
97320,1.0864227393595638e-07,2.686058819486013e-07,1.0,1.0,30.65276065811975
97330,1.2321394455032608e-07,2.721713762143351e-07,1.0,1.0,30.64834169762282
97340,1.0956636948774066e-07,2.992340858897131e-07,1.0,1.0,30.651857955359265
97350,1.1628194034593571e-07,2.5097209242638156e-07,1.0,1.0,30.65596313454611
97360,1.1456640462045795e-07,2.8334603258046073e-07,1.0,1.0,30.65130605373163
97370,1.045765250445149e-07,2.8880431237663835e-07,1.0,1.0,30.650446674059552
97380,1.2788302381407022e-07,2.618430597108573e-07,1.0,1.0,30.653285286124074
97390,1.0996414232804202e-07,3.0467867768678487e-07,1.0,1.0,30.653882341605634
97400,1.3080642766591184e-07,2.7157315281894765e-07,1.0,1.0,30.65606209348537
97410,9.657537611954356e-08,2.6347593880665167e-07,1.0,1.0,30.657922956395176
97420,1.1495034339405379e-07,3.0262456037232113e-07,1.0,1.0,30.65439322606213
97430,9.750763384972227e-08,2.624582773434896e-07,1.0,1.0,30.651982587201488
97440,1.090459074264848e-07,2.558289748439284e-07,1.0,1.0,30.647981442699905
97450,9.930151219502517e-08,2.641071489015632e-07,1.0,1.0,30.647350789898056
97460,1.1475930444166675e-07,2.841100483629276e-07,1.0,1.0,30.647855652894368
97470,1.1527819615857962e-07,2.5136280098080654e-07,1.0,1.0,30.652176475090343
97480,1.3174876940328579e-07,2.429996243211899e-07,1.0,1.0,30.655174558251225
97490,1.297258333795999e-07,2.618218472708556e-07,1.0,1.0,30.65901322363794
97500,1.1427397913310733e-07,3.251339245366187e-07,1.0,1.0,30.659076076890052
97510,1.1733829602349496e-07,2.3574959327943356e-07,1.0,1.0,30.65830679014811
97520,1.159216194239349e-07,2.9479503993004596e-07,1.0,1.0,30.656748559568097
97530,9.477344294222007e-08,2.5162953760325326e-07,1.0,1.0,30.656217042673433
97540,1.1951797887730723e-07,2.6971251858350445e-07,1.0,1.0,30.654277968621063
97550,1.1872674010456092e-07,2.707520684018227e-07,1.0,1.0,30.648847699182756
97560,1.0992471062936804e-07,2.828937274677816e-07,1.0,1.0,30.65033666920482
97570,1.0796571396438179e-07,2.983272337576678e-07,1.0,1.0,30.653067433304926
97580,9.312098602602967e-08,2.5593386609235876e-07,1.0,1.0,30.65276814479777
97590,1.0250187055357047e-07,2.6131544448109545e-07,1.0,1.0,30.648443516987154
97600,1.1521477746931278e-07,2.710570382220797e-07,1.0,1.0,30.647767991898064
97610,1.0632944155000507e-07,2.547706206706447e-07,1.0,1.0,30.651601219081115
97620,1.092457230007224e-07,2.6407393534495797e-07,1.0,1.0,30.653704795906265
97630,1.088843381224301e-07,2.601120963180517e-07,1.0,1.0,30.650181183647465
97640,1.1544190146098015e-07,3.156458943642165e-07,1.0,1.0,30.648871315594054
97650,1.1324164318432839e-07,2.830904551254209e-07,1.0,1.0,30.65394353752005
97660,1.2491897896735984e-07,2.531262467728806e-07,1.0,1.0,30.657520035148284
97670,9.641456270788018e-08,3.0950602081550917e-07,1.0,1.0,30.65880523621012
97680,1.0535759202082635e-07,2.4223122790384575e-07,1.0,1.0,30.655912552769646
97690,1.2303618999130713e-07,2.612007549029205e-07,1.0,1.0,30.649903377011945
97700,1.0524375895240542e-07,2.9103168334433377e-07,1.0,1.0,30.65114244721912
97710,1.139154846341161e-07,2.66594323563851e-07,1.0,1.0,30.654958561864735
97720,1.1157674586360354e-07,2.450237235204019e-07,1.0,1.0,30.658237948111335
97730,1.0616819535036906e-07,2.620078870665814e-07,1.0,1.0,30.65308811261903
97740,9.874187963201261e-08,2.562405970733842e-07,1.0,1.0,30.649696698111686
97750,1.1461507939180731e-07,2.890125291134807e-07,1.0,1.0,30.646624128862136
97760,1.099389735663944e-07,2.973227557334484e-07,1.0,1.0,30.650429007322366
97770,1.0010907135116925e-07,2.764408021314556e-07,1.0,1.0,30.654930325322514
97780,1.0406055047402688e-07,2.4759164367910383e-07,1.0,1.0,30.65107472263243
97790,9.808337182393661e-08,2.7867343730217225e-07,1.0,1.0,30.650380085999974
97800,1.0506196007983234e-07,2.757536941766907e-07,1.0,1.0,30.652127633555956
97810,1.1961989948989496e-07,2.551021372746005e-07,1.0,1.0,30.649011669651035
97820,1.0784388240700668e-07,2.7102354399300255e-07,1.0,1.0,30.6487217733757
97830,1.1040248709462477e-07,2.9416462842889756e-07,1.0,1.0,30.651640598579064
97840,1.0961913636443712e-07,2.8139734703289424e-07,1.0,1.0,30.654730897071342
97850,9.750522014645536e-08,2.772855576822153e-07,1.0,1.0,30.660837892869235
97860,9.339668048858949e-08,3.3174684455702054e-07,1.0,1.0,30.65963231430038
97870,1.1474911877689846e-07,2.581224450144875e-07,1.0,1.0,30.65842967409022
97880,1.1399708639549486e-07,2.585923342762989e-07,1.0,1.0,30.65771679218562
97890,1.0832495466629403e-07,2.7849199720300266e-07,1.0,1.0,30.65090918637788
97900,1.2549840408934147e-07,2.865886683538768e-07,1.0,1.0,30.646393995683646
97910,1.1542710463066486e-07,2.617924030699455e-07,1.0,1.0,30.65060338060026
97920,9.541712921747272e-08,2.963759222923625e-07,1.0,1.0,30.653709977392545
97930,1.1748567273845746e-07,2.6500291003921876e-07,1.0,1.0,30.653626824471157
97940,1.0308154857746741e-07,2.6411391726866765e-07,1.0,1.0,30.657169911490627
97950,1.193103150579222e-07,2.6416836977947606e-07,1.0,1.0,30.654888645773266
97960,1.248749280417288e-07,2.5862561715370775e-07,1.0,1.0,30.651471958801842
97970,1.0469796938211228e-07,2.757812942596753e-07,1.0,1.0,30.652172335553434
97980,9.826700498276355e-08,2.8615673735156985e-07,1.0,1.0,30.64880691803613
97990,1.2854981000659325e-07,2.4865024985249747e-07,1.0,1.0,30.64416500432109
98000,1.1494591495634841e-07,2.6692204208837297e-07,1.0,1.0,30.647560716228096
98010,1.0066239894079647e-07,2.6301478563618015e-07,1.0,1.0,30.649677715849318
98020,1.0990216740032648e-07,2.754944518703e-07,1.0,1.0,30.650916273170807
98030,9.865453719693294e-08,2.591265732407309e-07,1.0,1.0,30.652264654692814
98040,1.1583179242921496e-07,2.5714479303393453e-07,1.0,1.0,30.653984499586876
98050,1.2368771728708982e-07,2.6839391598871276e-07,1.0,1.0,30.650880399063627
98060,1.1302945590482783e-07,2.585006758813468e-07,1.0,1.0,30.6503506630433
98070,1.0622562958751259e-07,2.599215137494089e-07,1.0,1.0,30.65054381324916
98080,1.1665536890306345e-07,2.5273522771260815e-07,1.0,1.0,30.648617768389077
98090,1.0201548206067328e-07,2.727378349491679e-07,1.0,1.0,30.649227790951056
98100,9.241832339472348e-08,2.5381471676881584e-07,1.0,1.0,30.65361898842942
98110,1.0999648972884496e-07,2.730668488135897e-07,1.0,1.0,30.653168535301585
98120,1.0691901619627744e-07,2.547364055948748e-07,1.0,1.0,30.656146802581006
98130,1.0848548534205487e-07,2.8026785099673505e-07,1.0,1.0,30.653229711272434
98140,1.1611935708388633e-07,2.617259780885824e-07,1.0,1.0,30.64704914426894
98150,1.2033477652675058e-07,2.585801119376177e-07,1.0,1.0,30.647091410314413
98160,1.0139712504364402e-07,2.6202829858070265e-07,1.0,1.0,30.64536518509704
98170,1.1551509999716395e-07,3.182767632131204e-07,1.0,1.0,30.642363248321942
98180,1.083328075374299e-07,2.6285215665189767e-07,1.0,1.0,30.64746645108321
98190,1.0394650954140012e-07,2.6498934913190406e-07,1.0,1.0,30.649917080799526
98200,1.227804011521524e-07,2.6793396306645415e-07,1.0,1.0,30.65102882901995
98210,1.1544338481654847e-07,2.53476203954029e-07,1.0,1.0,30.653718672645496
98220,1.0432820238474034e-07,2.7267990683011035e-07,1.0,1.0,30.655126829076828
98230,1.060645972742517e-07,2.7922306355439405e-07,1.0,1.0,30.651921900597824
98240,1.0122940126033048e-07,2.779216887864206e-07,1.0,1.0,30.649202414115027
98250,1.063259740299952e-07,2.9699754525862347e-07,1.0,1.0,30.648337361477488
98260,1.1296702317124331e-07,2.6588893736207007e-07,1.0,1.0,30.651323864542487
98270,1.0648978845425787e-07,2.5122903015771635e-07,1.0,1.0,30.650397370737117
98280,1.0225467456916033e-07,3.173535264401975e-07,1.0,1.0,30.648017484341
98290,1.0575812684653118e-07,2.827940415615082e-07,1.0,1.0,30.64875415191575
98300,1.213078742389171e-07,2.7811292950637835e-07,1.0,1.0,30.650026395455917
98310,9.162653085052017e-08,2.7461687509439695e-07,1.0,1.0,30.6524681602369
98320,1.2500154330944547e-07,2.545974359585291e-07,1.0,1.0,30.648081415893497
98330,1.0942743667382061e-07,2.638711071792855e-07,1.0,1.0,30.647772426343003
98340,8.988991123059787e-08,2.5638724138313114e-07,1.0,1.0,30.648297243408656
98350,1.1360028204893601e-07,2.6308738405698133e-07,1.0,1.0,30.646321555624475
98360,1.137501855404431e-07,2.5145971468950205e-07,1.0,1.0,30.652093194627298
98370,1.1336746448118212e-07,2.58117698941103e-07,1.0,1.0,30.653069744342208
98380,1.1421500294428103e-07,2.738070206728958e-07,1.0,1.0,30.64951617166394
98390,1.1395040966857515e-07,2.541688472099328e-07,1.0,1.0,30.6516913254492
98400,1.0009626260211485e-07,2.410370699652194e-07,1.0,1.0,30.652205740289528
98410,1.0887634651418588e-07,2.4827426743458265e-07,1.0,1.0,30.652598138458718
98420,1.0249551374299587e-07,2.633226418784681e-07,1.0,1.0,30.652302790255128
98430,1.069356067444051e-07,2.5677275595923345e-07,1.0,1.0,30.649381635770485
98440,1.352743525808174e-07,2.7371201183269096e-07,1.0,1.0,30.649399071873855
98450,1.1912832513072273e-07,2.5229764830919397e-07,1.0,1.0,30.652657035193872
98460,9.588866819202447e-08,2.7509120118343613e-07,1.0,1.0,30.657200533809853
98470,1.0500550778388784e-07,2.668783296474948e-07,1.0,1.0,30.657853271084463
98480,1.0827251152487195e-07,2.5608304928753327e-07,1.0,1.0,30.655591506549477
98490,1.2206658369471903e-07,2.5278107006727976e-07,1.0,1.0,30.649612897887728
98500,1.1479074079656119e-07,2.713426553817438e-07,1.0,1.0,30.645000513069483
98510,1.1701384126372631e-07,2.640412197237143e-07,1.0,1.0,30.64797441226882
98520,1.009539989443107e-07,2.5428362711969216e-07,1.0,1.0,30.649471864582093
98530,1.2252789501583003e-07,2.865553341820935e-07,1.0,1.0,30.653320559243475
98540,1.1358201747764895e-07,2.5247810076516016e-07,1.0,1.0,30.664222685420185
98550,1.0798014470347191e-07,2.6033313302838835e-07,1.0,1.0,30.664123992561862
98560,1.0517864684273287e-07,2.7926941839797355e-07,1.0,1.0,30.65244690409837
98570,1.1796653230105167e-07,2.740873744722138e-07,1.0,1.0,30.649347529442135
98580,1.0525738920746309e-07,2.5680193984516674e-07,1.0,1.0,30.649012291842872
98590,1.206794847600292e-07,2.594376309347578e-07,1.0,1.0,30.641445566508455
98600,1.1073118626054894e-07,2.68126172460139e-07,1.0,1.0,30.64718079993764
98610,1.0055174609614343e-07,3.0906131475891907e-07,1.0,1.0,30.65232196945354
98620,1.0860220433105873e-07,2.7524341012066837e-07,1.0,1.0,30.651625526966516
98630,1.0999897865744248e-07,2.91442208661544e-07,1.0,1.0,30.653085305022888
98640,1.110272181740775e-07,2.6930125665994424e-07,1.0,1.0,30.650591844468973
98650,1.108853059393245e-07,2.5225097395406475e-07,1.0,1.0,30.64905715191883
98660,1.0442602569252847e-07,2.6959973805342696e-07,1.0,1.0,30.65135895003272
98670,1.0734466884887238e-07,2.568501949304108e-07,1.0,1.0,30.65125312120078
98680,1.0847017499766295e-07,2.665602441882607e-07,1.0,1.0,30.645171317846504
98690,1.1337010538966812e-07,2.6036117215098844e-07,1.0,1.0,30.64810119492925
98700,1.072504028417452e-07,2.560660458846081e-07,1.0,1.0,30.648803118663395
98710,1.058341652737855e-07,2.86265901797371e-07,1.0,1.0,30.652315425087075
98720,1.0123323292273311e-07,2.4499123250539914e-07,1.0,1.0,30.6533114118955
98730,1.0078826722453643e-07,2.55538867744433e-07,1.0,1.0,30.651512082937234
98740,1.0977708343998686e-07,2.6885045840113103e-07,1.0,1.0,30.647651552071196
98750,1.0124451077296225e-07,2.534109385071856e-07,1.0,1.0,30.65108707649035
98760,1.0577670030662679e-07,2.5040088240313023e-07,1.0,1.0,30.648949941543957
98770,1.096722284552216e-07,2.669050282881467e-07,1.0,1.0,30.645982793955483
98780,9.721557982156583e-08,2.6279268953369487e-07,1.0,1.0,30.644233561137725
98790,9.509153531105867e-08,2.75808363602967e-07,1.0,1.0,30.64562590256404
98800,1.250739463917317e-07,2.6740916084267915e-07,1.0,1.0,30.64900672689063
98810,1.1225513459059614e-07,2.6655068231438083e-07,1.0,1.0,30.649950375222794
98820,1.1018251132678683e-07,2.6923157283352825e-07,1.0,1.0,30.652936683735838
98830,1.2228416967687884e-07,2.928501509324305e-07,1.0,1.0,30.650427975065245
98840,1.0202234253761136e-07,2.9671665311979694e-07,1.0,1.0,30.653261061473852
98850,1.037013734668186e-07,2.6096543718246927e-07,1.0,1.0,30.652188547026178
98860,1.1209075915762621e-07,2.7016883381448877e-07,1.0,1.0,30.65034161635808
98870,1.1055619902131565e-07,2.445499722479569e-07,1.0,1.0,30.648920496625376
98880,1.1113777580066175e-07,2.728608485628045e-07,1.0,1.0,30.645510606996048
98890,1.1644328466852948e-07,2.616786631122076e-07,1.0,1.0,30.64420448245275
98900,1.1386859707458528e-07,2.6724982906992376e-07,1.0,1.0,30.653114571070354
98910,1.163268338557513e-07,2.5658629999697495e-07,1.0,1.0,30.665522190848677
98920,1.1509122092965794e-07,2.6971681202242847e-07,1.0,1.0,30.66930944904962
98930,1.0290403393313451e-07,2.404568440285822e-07,1.0,1.0,30.6630778107633
98940,9.640600765102438e-08,2.538553073450995e-07,1.0,1.0,30.655672443086715
98950,1.240817633253645e-07,2.559227548834248e-07,1.0,1.0,30.645397347924487
98960,1.13551582541408e-07,2.9459050632619067e-07,1.0,1.0,30.642463874524363
98970,1.1564692315061558e-07,2.850996495713336e-07,1.0,1.0,30.643920564365793
98980,1.0744563001900139e-07,2.527213777552535e-07,1.0,1.0,30.646813256471635
98990,1.1029713009162004e-07,2.5749269128454206e-07,1.0,1.0,30.648429921350843
99000,9.907899865444545e-08,2.595920990124329e-07,1.0,1.0,30.64968617294562
99010,1.1333675760018019e-07,2.9056497028670186e-07,1.0,1.0,30.648213944928266
99020,1.1003853692182074e-07,2.6713791424855684e-07,1.0,1.0,30.649835913357023
99030,1.0053168237453163e-07,2.5550132103698215e-07,1.0,1.0,30.652117779262863
99040,1.1752140235773478e-07,2.7045568217530295e-07,1.0,1.0,30.65186365776138
99050,1.0695918443837782e-07,2.689480212057841e-07,1.0,1.0,30.655728171307445
99060,9.697793698656542e-08,2.5692389367798506e-07,1.0,1.0,30.656551777091458
99070,9.163739903907608e-08,2.733819466358742e-07,1.0,1.0,30.65202908469864
99080,1.1207755033267787e-07,2.4537430112967166e-07,1.0,1.0,30.649751839012616
99090,9.399484676391751e-08,2.6845435759707625e-07,1.0,1.0,30.648517585652048
99100,1.0851832106535691e-07,2.5812889998221403e-07,1.0,1.0,30.64343808039288
99110,1.0634856209968859e-07,2.66247127275677e-07,1.0,1.0,30.646902150804973
99120,1.0533649952964847e-07,2.601332598090361e-07,1.0,1.0,30.65095573684637
99130,1.1453739400230282e-07,2.642143845005838e-07,1.0,1.0,30.64464129485159
99140,1.0121592033801043e-07,2.6687113745940775e-07,1.0,1.0,30.647993418942658
99150,1.1573162842373175e-07,2.485112559599138e-07,1.0,1.0,30.648901733220114
99160,1.1169706517860048e-07,2.6953215269795973e-07,1.0,1.0,30.65003656821979
99170,1.0463551704854475e-07,2.623099307627147e-07,1.0,1.0,30.64856893673621
99180,1.197543264050292e-07,2.5327064029453817e-07,1.0,1.0,30.65511543029912
99190,1.2044353918195153e-07,2.69933286091234e-07,1.0,1.0,30.659023161374265
99200,1.1457561532039895e-07,2.5275782853284286e-07,1.0,1.0,30.663151116665173
99210,1.086261907298531e-07,2.5340982323567224e-07,1.0,1.0,30.66218476143639
99220,1.0659565172595355e-07,2.553853653802058e-07,1.0,1.0,30.656665161473548
99230,9.569702916099641e-08,2.766269027180303e-07,1.0,1.0,30.650655057507638
99240,1.1146177432256988e-07,2.8861194487979417e-07,1.0,1.0,30.64940769233038
99250,1.09548086463181e-07,2.747003505572306e-07,1.0,1.0,30.653556626358363
99260,1.1143069012370045e-07,2.80376826622962e-07,1.0,1.0,30.652379909092442
99270,1.0206444433945372e-07,2.8335548518439404e-07,1.0,1.0,30.654940814073683
99280,1.2366777239066363e-07,2.426257251052559e-07,1.0,1.0,30.655107617898135
99290,1.0188778410153448e-07,2.5963907821299073e-07,1.0,1.0,30.654184692805647
99300,1.043900306619257e-07,2.5476716655268613e-07,1.0,1.0,30.647963541706034
99310,1.0382563429286781e-07,2.6400662362525105e-07,1.0,1.0,30.643961679011273
99320,1.0422088203419358e-07,2.8404190591619173e-07,1.0,1.0,30.6447522855329
99330,1.0473461288190993e-07,2.513829948228924e-07,1.0,1.0,30.651363352625125
99340,1.1541266776349242e-07,2.557277764287688e-07,1.0,1.0,30.654824279193623
99350,1.0096664461931167e-07,2.579756419676339e-07,1.0,1.0,30.6547752551764
99360,9.724383942083262e-08,2.676438739478155e-07,1.0,1.0,30.65049354778953
99370,1.289624446986905e-07,2.8309342001804333e-07,1.0,1.0,30.65017914595265
99380,1.0281941676580274e-07,2.511870780726725e-07,1.0,1.0,30.655118081572898
99390,1.005959149396492e-07,2.5447955169410295e-07,1.0,1.0,30.653348607306192
99400,1.1361537240148299e-07,2.690211721022899e-07,1.0,1.0,30.650299969603857
99410,1.1656880738716921e-07,2.669269778208884e-07,1.0,1.0,30.64933285771797
99420,1.0033346499419092e-07,2.5758847256948586e-07,1.0,1.0,30.65298999054652
99430,1.1195053802604e-07,2.545407922522602e-07,1.0,1.0,30.649669803045807
99440,1.0157317713211013e-07,2.7790851838331365e-07,1.0,1.0,30.648034719611385
99450,9.985197533526709e-08,2.6569530942094476e-07,1.0,1.0,30.646193334040312
99460,1.1867002484679567e-07,2.516938565089343e-07,1.0,1.0,30.64040731093257
99470,1.0811411728895731e-07,2.900559672049435e-07,1.0,1.0,30.646884447515035
99480,1.15372153040174e-07,2.85904623889974e-07,1.0,1.0,30.65056745056463
99490,1.1088538814695092e-07,2.978449315900377e-07,1.0,1.0,30.652473872369868
99500,1.0892374421035293e-07,2.611629325731723e-07,1.0,1.0,30.652832128734637
99510,1.0874963227015882e-07,2.5387219971433604e-07,1.0,1.0,30.65198196328536
99520,1.0317507290544882e-07,2.445973624496393e-07,1.0,1.0,30.649961918605825
99530,1.1245640973841904e-07,2.636552359512739e-07,1.0,1.0,30.648906539738753
99540,1.0242262515591749e-07,2.734310955518368e-07,1.0,1.0,30.650121070564325
99550,1.0882942666786388e-07,2.6665395775370885e-07,1.0,1.0,30.650451135975956
99560,1.1843499096752396e-07,2.671236584968221e-07,1.0,1.0,30.649872152204843
99570,1.0464452601889675e-07,2.8080863378557457e-07,1.0,1.0,30.64750263520939
99580,1.30076645348535e-07,3.0044276171361924e-07,1.0,1.0,30.645611710357134
99590,1.1107943778684069e-07,2.840355528145592e-07,1.0,1.0,30.65515410639597
99600,1.0142201165519405e-07,2.9106506718774207e-07,1.0,1.0,30.666745246962197
99610,1.1102340258984888e-07,2.508473459798131e-07,1.0,1.0,30.665811985550697
99620,9.817785502168294e-08,2.4889060842958285e-07,1.0,1.0,30.658916807342557
99630,9.965745507840075e-08,2.805316916594377e-07,1.0,1.0,30.648964536511052
99640,1.1767152741800732e-07,2.597909607285206e-07,1.0,1.0,30.642424198524516
99650,1.0794801252161925e-07,2.565583279706555e-07,1.0,1.0,30.644695831593697
99660,1.0530275702574184e-07,2.65268909330678e-07,1.0,1.0,30.648197275746693
99670,1.1894875342226503e-07,2.7973877826336955e-07,1.0,1.0,30.648201984103437
99680,9.68790179462499e-08,2.697161422586933e-07,1.0,1.0,30.64828100285186
99690,1.021194813960685e-07,2.7300208997293955e-07,1.0,1.0,30.648660758436222
99700,1.2016996169126673e-07,2.562669077181599e-07,1.0,1.0,30.647128492911428
99710,1.0839763728520913e-07,2.714633679531438e-07,1.0,1.0,30.645268458733188
99720,1.1923904209094807e-07,2.8140181705996013e-07,1.0,1.0,30.650520896865395
99730,1.0659422077528703e-07,2.592053069078156e-07,1.0,1.0,30.660009765858682
99740,1.0998311937175477e-07,2.72982947910472e-07,1.0,1.0,30.663880454018706
99750,1.0330575309063282e-07,2.447635940116957e-07,1.0,1.0,30.66120956357888
99760,1.152861472135092e-07,2.460006557085844e-07,1.0,1.0,30.65277350612927
99770,9.760857300263788e-08,2.634058108880589e-07,1.0,1.0,30.64615991364736
99780,1.1341603553788983e-07,2.672732807660886e-07,1.0,1.0,30.64009195900545
99790,1.0590821108088915e-07,2.53686981864239e-07,1.0,1.0,30.646261904677026
99800,1.0427426590773329e-07,2.717852344997167e-07,1.0,1.0,30.645683269196823
99810,1.106463745815656e-07,2.5779083940542296e-07,1.0,1.0,30.644977784768784
99820,1.211780040186677e-07,2.550971908658343e-07,1.0,1.0,30.644241393173697
99830,1.0852440233880165e-07,3.089462575306926e-07,1.0,1.0,30.647714243071604
99840,9.885123911073342e-08,2.452392672883407e-07,1.0,1.0,30.650046915672203
99850,1.1280777621158933e-07,2.5345442108621115e-07,1.0,1.0,30.645664062406563
99860,1.0948893740844125e-07,2.749380989319119e-07,1.0,1.0,30.647777515712296
99870,1.0997082058492373e-07,2.7621616764811296e-07,1.0,1.0,30.6513209420312
99880,1.0305560068977898e-07,2.6635649171456566e-07,1.0,1.0,30.65284133201946
99890,1.059534498502722e-07,2.658031161669895e-07,1.0,1.0,30.65009909681298
99900,9.354500455408677e-08,2.5159700901665013e-07,1.0,1.0,30.644306420106247
99910,1.1176465181587892e-07,2.583939512896023e-07,1.0,1.0,30.641083454829804
99920,1.0186166209149146e-07,2.697132770891264e-07,1.0,1.0,30.643777945109335
99930,9.799912045504485e-08,2.6121952488978124e-07,1.0,1.0,30.646042573070055
99940,1.0794742300336897e-07,2.852407293937238e-07,1.0,1.0,30.642958353142
99950,1.1865141293677748e-07,2.5912067174507295e-07,1.0,1.0,30.64588108986326
99960,9.842184638965215e-08,2.83731633631743e-07,1.0,1.0,30.65013265945234
99970,1.1839057348430363e-07,2.7454581211678587e-07,1.0,1.0,30.649742606317158
99980,1.0263927905234457e-07,2.6442150859214713e-07,1.0,1.0,30.65332391665322
99990,9.564018787900475e-08,2.585303074744666e-07,1.0,1.0,30.65138264824996
100000,1.1202739165102675e-07,2.6861264375149713e-07,1.0,1.0,30.644567933046957
100010,1.053054212278771e-07,2.5642201188024003e-07,1.0,1.0,30.6418616990641
100020,9.706483665712417e-08,2.50206113827632e-07,1.0,1.0,30.6445528082634
100030,1.1347180435263735e-07,2.6548238164638003e-07,1.0,1.0,30.64972952526339
100040,9.861588321325914e-08,2.430382617925754e-07,1.0,1.0,30.654831479790744
100050,1.0378281205721016e-07,2.473564801864001e-07,1.0,1.0,30.653599619650354
100060,1.0844640522646596e-07,2.6955369646420194e-07,1.0,1.0,30.64682416278843
100070,1.1014230390809133e-07,2.5995265860263636e-07,1.0,1.0,30.646893002564024
100080,1.1135106174677791e-07,2.617253980019527e-07,1.0,1.0,30.648224598974913
100090,1.0320034086246593e-07,2.609951571017699e-07,1.0,1.0,30.642390721782792
100100,1.0492565617391135e-07,2.5997730052021394e-07,1.0,1.0,30.641337324341887
100110,1.0345556900212433e-07,2.721527510381452e-07,1.0,1.0,30.64408064964649
100120,1.1114543446174648e-07,2.7343823741949455e-07,1.0,1.0,30.643252754310502
100130,1.0506212668951427e-07,2.6235426777529443e-07,1.0,1.0,30.643085336569698
100140,1.0320039056503196e-07,2.585462110697366e-07,1.0,1.0,30.641347936305568
100150,1.1059572652514693e-07,2.546683637761727e-07,1.0,1.0,30.639640252984734
100160,1.129464393656494e-07,2.5544776593507987e-07,1.0,1.0,30.64582923550907
100170,1.024962408813497e-07,2.4371408914138395e-07,1.0,1.0,30.65279106036342
100180,1.0461518469288223e-07,2.5601358733350336e-07,1.0,1.0,30.649502737265177
100190,1.0835349423361195e-07,2.59179877365481e-07,1.0,1.0,30.648670757264213
100200,1.1657491013205902e-07,2.64642979532686e-07,1.0,1.0,30.6531328889049
100210,1.1300348282324598e-07,2.622955253025187e-07,1.0,1.0,30.652878631340982
100220,9.746815803813152e-08,2.5698206584886814e-07,1.0,1.0,30.64672684084043
100230,1.1626440332367793e-07,2.643550973825755e-07,1.0,1.0,30.645160065566234
100240,1.1593830650627386e-07,2.6751734776495033e-07,1.0,1.0,30.641986361646882
100250,1.0628213137241497e-07,2.599396295880965e-07,1.0,1.0,30.63960914974287
100260,1.06358012418453e-07,2.535233489631191e-07,1.0,1.0,30.6407586623261
100270,1.0874564479757203e-07,2.622099248001028e-07,1.0,1.0,30.644662740241174
100280,1.0475394533350362e-07,2.4486823050603784e-07,1.0,1.0,30.646794535582437
100290,1.0021557370655796e-07,2.69099613706894e-07,1.0,1.0,30.6476083296415
100300,1.3324029415039412e-07,2.581135856149753e-07,1.0,1.0,30.645851936434973
100310,1.0562642918728222e-07,2.56936044003651e-07,1.0,1.0,30.648404506775748
100320,1.098787605430305e-07,2.6574384180125283e-07,1.0,1.0,30.64684542298777
100330,1.1666881670406533e-07,2.57447148903983e-07,1.0,1.0,30.65091323859089
100340,9.811182120784293e-08,2.412442577169766e-07,1.0,1.0,30.65247339637637
100350,1.025785827012456e-07,2.4738532092418294e-07,1.0,1.0,30.649398248171554
100360,1.0258366863474296e-07,2.6608003996431085e-07,1.0,1.0,30.648187038953164
100370,9.688709476545454e-08,2.4953393014046183e-07,1.0,1.0,30.64686429532373
100380,1.0714199807072929e-07,2.6228348541302754e-07,1.0,1.0,30.642116487101994
100390,1.236297308148055e-07,2.547758453664411e-07,1.0,1.0,30.643128066614388
100400,1.1054673901786395e-07,2.5996385620204845e-07,1.0,1.0,30.647331237109803
100410,1.018055901197806e-07,2.6209457590023134e-07,1.0,1.0,30.646683725936192
100420,1.2980016995492482e-07,2.7124311209711185e-07,1.0,1.0,30.646382169633583
100430,1.1411763899192876e-07,2.6889926532067303e-07,1.0,1.0,30.651201094239525
100440,1.0342471222639943e-07,2.7235728033795436e-07,1.0,1.0,30.650934128465707
100450,1.1176114324201836e-07,2.588138027108699e-07,1.0,1.0,30.645930730633626
100460,1.1193568366781791e-07,2.575251713738253e-07,1.0,1.0,30.649120157188783
100470,1.1526828533600324e-07,2.498673555926081e-07,1.0,1.0,30.652740575566092
100480,1.2020080119565188e-07,2.538120122721352e-07,1.0,1.0,30.652306333737435
100490,1.1193298692826075e-07,2.46167760784479e-07,1.0,1.0,30.656127937683937
100500,1.0731944744283711e-07,2.824126501360724e-07,1.0,1.0,30.652956774086853
100510,1.1538866556818006e-07,2.787955906517847e-07,1.0,1.0,30.65204984255581
100520,1.1372506938206203e-07,2.4729980272062024e-07,1.0,1.0,30.650626355794188
100530,1.114223242242324e-07,2.7151175929383155e-07,1.0,1.0,30.64813200241119
100540,1.104675725760435e-07,2.646982433409529e-07,1.0,1.0,30.648070852787548
100550,1.0413201895459562e-07,2.540120464453615e-07,1.0,1.0,30.651454194746982
100560,9.954450797996424e-08,2.712595857283021e-07,1.0,1.0,30.648224065242395
100570,1.0380938198127406e-07,2.673241867392213e-07,1.0,1.0,30.641961857275007
100580,1.097067092420507e-07,2.8810313322292047e-07,1.0,1.0,30.645785284526877
100590,1.2079598035099169e-07,3.268768511873431e-07,1.0,1.0,30.650890244276344
100600,1.1928460295362573e-07,2.6011822832768894e-07,1.0,1.0,30.655972666426905
100610,1.1318358544355527e-07,2.737906899178469e-07,1.0,1.0,30.654336355832765
100620,9.60027927327944e-08,2.6962515490117377e-07,1.0,1.0,30.6485585468019
100630,1.1686354308487456e-07,2.616275419009274e-07,1.0,1.0,30.643807608849247
100640,1.0808846126712278e-07,2.623712054131728e-07,1.0,1.0,30.642642893387396
100650,1.0686575847790868e-07,2.5335482355723757e-07,1.0,1.0,30.645143988459115
100660,1.1133585976489118e-07,2.5251744938252394e-07,1.0,1.0,30.64552855330917
100670,1.0005339677911865e-07,2.590071225543442e-07,1.0,1.0,30.650029136058393
100680,9.171176580671716e-08,2.520396934460014e-07,1.0,1.0,30.651746186958864
100690,1.094568709132094e-07,2.8001633828727926e-07,1.0,1.0,30.652701537588918
100700,1.0637061371003395e-07,2.679826003966922e-07,1.0,1.0,30.65396660172333
100710,1.0836449540078094e-07,2.502008922387265e-07,1.0,1.0,30.651626821626937
100720,1.1075164753648064e-07,2.6322664991483616e-07,1.0,1.0,30.646730908559586
100730,1.1384903422330408e-07,2.727004027281885e-07,1.0,1.0,30.64253726759121
100740,9.651554333953538e-08,2.6402788328012847e-07,1.0,1.0,30.643810288240843
100750,1.0234595243233153e-07,2.732254199970158e-07,1.0,1.0,30.643848845861477
100760,1.0915709624611987e-07,2.653257413210214e-07,1.0,1.0,30.644096243588628
100770,1.0791947174940511e-07,2.4707631397251493e-07,1.0,1.0,30.64297438684584
100780,1.2017637792373535e-07,2.714952853726776e-07,1.0,1.0,30.646113524933813
100790,1.0309749768280284e-07,2.585730137338347e-07,1.0,1.0,30.64704179338446
100800,9.667821451196983e-08,2.990099502631266e-07,1.0,1.0,30.651100289499965
100810,1.0206644801512092e-07,2.8333619963198433e-07,1.0,1.0,30.64873920893156
100820,1.2105220049728714e-07,2.5409873438081637e-07,1.0,1.0,30.64991594516657
100830,9.378617317615442e-08,2.466196469300946e-07,1.0,1.0,30.648997041460362
100840,1.204516078123073e-07,2.502005344140774e-07,1.0,1.0,30.64591925723591
100850,9.7929984686203e-08,2.719767442798055e-07,1.0,1.0,30.646280771711677
100860,1.080688469211988e-07,2.8176282938744525e-07,1.0,1.0,30.650328103195033
100870,1.2487432362895353e-07,2.5905353235725556e-07,1.0,1.0,30.652358166602284
100880,9.704987443548662e-08,2.767880308902756e-07,1.0,1.0,30.653150725017863
100890,1.0318417263714347e-07,2.542339266643526e-07,1.0,1.0,30.649045531149465
100900,9.617106613941139e-08,2.6475190407711437e-07,1.0,1.0,30.64384262320368
100910,1.0803453713083474e-07,2.6684780625811446e-07,1.0,1.0,30.641978066788933
100920,1.1744483207719244e-07,2.536145666666863e-07,1.0,1.0,30.642177235579794
100930,1.0641362455697078e-07,2.716306451135488e-07,1.0,1.0,30.64423444659897
100940,1.113949988586572e-07,2.677964667372792e-07,1.0,1.0,30.642924188943034
100950,1.000231983551086e-07,2.7209881684470276e-07,1.0,1.0,30.644130751346168
100960,1.1743596758053456e-07,2.5972174155458594e-07,1.0,1.0,30.64705107591688
100970,1.0071792013163329e-07,2.873346053741012e-07,1.0,1.0,30.644525778656128
100980,1.0832840197443936e-07,3.0421283287112685e-07,1.0,1.0,30.646725177485838
100990,1.252611397158868e-07,2.4564279201237106e-07,1.0,1.0,30.652920349836332
101000,9.632385371228511e-08,2.339202429195345e-07,1.0,1.0,30.654439090736812
101010,9.486639935043954e-08,2.4864999748279897e-07,1.0,1.0,30.65032811298908
101020,1.1812690615613833e-07,2.59327522681696e-07,1.0,1.0,30.64512789306922
101030,1.0249890729692194e-07,2.668725461355211e-07,1.0,1.0,30.6418865887395
101040,1.0949980224753581e-07,2.56345471908359e-07,1.0,1.0,30.64332168757363
101050,1.1895347806694634e-07,2.5805447228259765e-07,1.0,1.0,30.64871166088389
101060,1.0139328207236931e-07,2.635296612647926e-07,1.0,1.0,30.65514061156897
101070,1.0591176289488488e-07,2.606152272486497e-07,1.0,1.0,30.659409226907666
101080,1.1765201743417719e-07,2.487229245858179e-07,1.0,1.0,30.653173012938442
101090,1.1541536462827905e-07,2.597146950798182e-07,1.0,1.0,30.649886010890256
101100,1.0350948000302323e-07,2.7199502290002894e-07,1.0,1.0,30.646214081298965
101110,1.2605591551028638e-07,2.5784596008854433e-07,1.0,1.0,30.64110234889592
101120,1.1705501237188103e-07,2.55368506112912e-07,1.0,1.0,30.640726588238287
101130,9.76915035359568e-08,2.558563117125959e-07,1.0,1.0,30.64066150273402
101140,1.0973783116628844e-07,2.717631831242228e-07,1.0,1.0,30.6370765427856
101150,1.1321963796446072e-07,2.5972815912531546e-07,1.0,1.0,30.641127897383058
101160,1.0689917448938556e-07,2.5868110866251887e-07,1.0,1.0,30.645732552755344
101170,1.1263682230420468e-07,2.5702023727225796e-07,1.0,1.0,30.649195948408735
101180,1.1284096523577553e-07,2.8482082015502115e-07,1.0,1.0,30.64854854994189
101190,9.301155180755184e-08,2.6017856476124997e-07,1.0,1.0,30.64534778134761
101200,1.1213492556891186e-07,2.557676277505211e-07,1.0,1.0,30.6453785262312
101210,9.777304580647816e-08,2.629003231055864e-07,1.0,1.0,30.651806915695797
101220,9.592159341312348e-08,2.507283659379965e-07,1.0,1.0,30.650256332083732
101230,1.2095995621568904e-07,2.767989027367843e-07,1.0,1.0,30.642427593304312
101240,9.926434380058803e-08,2.833760989122029e-07,1.0,1.0,30.642746081675675
101250,1.101868448304315e-07,3.129359002498514e-07,1.0,1.0,30.644596049581146
101260,1.1667312723239973e-07,2.8984103922937934e-07,1.0,1.0,30.650598526139564
101270,1.0477729966615592e-07,2.5594833026634744e-07,1.0,1.0,30.652539156122845
101280,1.0533882549696324e-07,2.5929617174310124e-07,1.0,1.0,30.649371018658528
101290,1.140634907026852e-07,2.638769117622936e-07,1.0,1.0,30.645286801166122
101300,1.1658167294165155e-07,2.637252558789629e-07,1.0,1.0,30.641451850556656
101310,9.836525840709619e-08,2.7527332774785857e-07,1.0,1.0,30.646418647451288
101320,1.1783835431111541e-07,2.4886745097986004e-07,1.0,1.0,30.647922100686955
101330,1.174074301260402e-07,2.500412470624391e-07,1.0,1.0,30.65377514454263
101340,1.030820928634293e-07,2.4359134471663734e-07,1.0,1.0,30.65699291726689
101350,1.2235353425862305e-07,2.513197481670739e-07,1.0,1.0,30.652116401124093
101360,1.0142408561061444e-07,2.646107991451792e-07,1.0,1.0,30.644491356000636
101370,1.0008922852251579e-07,2.6206722867635175e-07,1.0,1.0,30.639503941803962
101380,1.3982958034114833e-07,2.583241867050262e-07,1.0,1.0,30.638161915653605
101390,1.1008542119803641e-07,2.605485456894351e-07,1.0,1.0,30.64477905970356
101400,9.426529723782603e-08,2.4988536914575034e-07,1.0,1.0,30.64906080388876
101410,9.750553001812279e-08,2.5279281178402286e-07,1.0,1.0,30.65193930447634
101420,9.853319440822508e-08,2.599790571335028e-07,1.0,1.0,30.65804086002558
101430,9.995624787046047e-08,2.7237160521852126e-07,1.0,1.0,30.65906081919741
101440,1.25520713517714e-07,2.6053423316821356e-07,1.0,1.0,30.65275281721133
101450,1.070556892754371e-07,2.448415723542636e-07,1.0,1.0,30.651995057863292
101460,1.0723345353476176e-07,2.53914045129382e-07,1.0,1.0,30.650555364000507
101470,1.0714564678336051e-07,2.56177518611876e-07,1.0,1.0,30.648055171630077
101480,1.0971112725810969e-07,2.7234807860145167e-07,1.0,1.0,30.64250317398937
101490,1.011869138202509e-07,2.810520986946029e-07,1.0,1.0,30.644096892931227
101500,1.1676891663080627e-07,2.566744618438733e-07,1.0,1.0,30.645562381760197
101510,1.0952461871926954e-07,2.5528911381384457e-07,1.0,1.0,30.64596667045174
101520,9.906105829593275e-08,2.875567667484643e-07,1.0,1.0,30.648716571025698
101530,1.2457754440023956e-07,2.81040194150677e-07,1.0,1.0,30.650274767814665
101540,1.1739245692651169e-07,2.73047008439504e-07,1.0,1.0,30.654282063278654
101550,1.184648509828784e-07,2.7245767827678695e-07,1.0,1.0,30.65672975225645
101560,1.1181244043409598e-07,2.483991151696175e-07,1.0,1.0,30.6536243006716
101570,1.0581398143190812e-07,2.6904765783875777e-07,1.0,1.0,30.65213856734342
101580,1.0728779123475772e-07,2.5007980676062205e-07,1.0,1.0,30.649544060527347
101590,1.102355523200747e-07,2.5963614410830153e-07,1.0,1.0,30.64778355759459
101600,1.0844469991887572e-07,2.616057443284087e-07,1.0,1.0,30.647451094002285
101610,9.203753032162768e-08,2.9333512756541107e-07,1.0,1.0,30.64665416473293
101620,1.1570424395974497e-07,2.598578780619736e-07,1.0,1.0,30.64725134800467
101630,1.0892575311782352e-07,2.5595473489520803e-07,1.0,1.0,30.648076595651215
101640,9.708553867789466e-08,2.6505568275968344e-07,1.0,1.0,30.64714180476692
101650,1.084614682925434e-07,2.6499528523601424e-07,1.0,1.0,30.646795394679874
101660,1.0392266290568e-07,2.686566568382753e-07,1.0,1.0,30.647016798723314
101670,1.0252462229957309e-07,2.45796097408218e-07,1.0,1.0,30.648871633348318
101680,1.2186172612576281e-07,2.404524058406706e-07,1.0,1.0,30.647504359836194
101690,1.1091596143438842e-07,2.765091071678437e-07,1.0,1.0,30.64838822108059
101700,1.0837834958085103e-07,2.538373733831021e-07,1.0,1.0,30.646278866368924
101710,1.1860764364741927e-07,2.606320672791955e-07,1.0,1.0,30.646633800513015
101720,1.016789569165725e-07,2.668109832780933e-07,1.0,1.0,30.64996721828225
101730,1.0402203606639463e-07,2.556970989743534e-07,1.0,1.0,30.652069687275993
101740,1.1162919651684797e-07,2.6085405017904697e-07,1.0,1.0,30.6498972547247
101750,1.0868502388931395e-07,2.630959514186989e-07,1.0,1.0,30.64920693952004
101760,1.0714789466796207e-07,2.5242596559365677e-07,1.0,1.0,30.648224719536756
101770,1.1336320533302238e-07,2.635312016878521e-07,1.0,1.0,30.64915277178017
101780,1.0447344703343649e-07,2.5878995767404405e-07,1.0,1.0,30.648769353026847
101790,9.451553719223233e-08,2.5576494893238603e-07,1.0,1.0,30.646692215573193
101800,1.1582538188529094e-07,2.56956080504754e-07,1.0,1.0,30.640446770311723
101810,1.1098535323552167e-07,2.5920672375473164e-07,1.0,1.0,30.644466590071453
101820,1.0505551579966251e-07,2.5374059081726976e-07,1.0,1.0,30.646906525342565
101830,1.1205350505305533e-07,2.727973414283993e-07,1.0,1.0,30.647819509044005
101840,1.1295086480379803e-07,3.0458864121541916e-07,1.0,1.0,30.647574058784002
101850,1.0901457610516341e-07,2.509489057839959e-07,1.0,1.0,30.65193273905759
101860,1.0684720417454135e-07,2.4518383810323773e-07,1.0,1.0,30.649395065846242
101870,1.0188830435257043e-07,2.693192639616865e-07,1.0,1.0,30.648781699905886
101880,1.0757103511626366e-07,2.5285100488093283e-07,1.0,1.0,30.645421955038078
101890,1.1337302073327598e-07,2.523095181768359e-07,1.0,1.0,30.647037773003987
101900,1.0866790120795767e-07,2.779606549142521e-07,1.0,1.0,30.652645245352584
101910,1.0095018376778276e-07,2.503192525964311e-07,1.0,1.0,30.64914270084061
101920,1.1973468028899751e-07,2.6077785453061424e-07,1.0,1.0,30.642230491979298
101930,1.0231652758125663e-07,2.723488693682742e-07,1.0,1.0,30.640527540216887
101940,1.0195162276968945e-07,2.7236244897675056e-07,1.0,1.0,30.644578758937207
101950,1.149075328564191e-07,3.045797386936998e-07,1.0,1.0,30.647291709163888
101960,1.0454057540566994e-07,2.777006577382346e-07,1.0,1.0,30.65190868167708
101970,1.2866295525562127e-07,2.732830724998119e-07,1.0,1.0,30.659178580804692
101980,1.2124058406783942e-07,2.981848595447986e-07,1.0,1.0,30.66694437337031
101990,1.1080081204469611e-07,2.457941754593976e-07,1.0,1.0,30.67347428094493
102000,1.0283073352143249e-07,2.630856558915806e-07,1.0,1.0,30.665860596220398
102010,1.1261507764518334e-07,2.589073497349494e-07,1.0,1.0,30.652434095796824
102020,1.1573073471598911e-07,2.718056679122003e-07,1.0,1.0,30.645124688139283
102030,9.35302603601713e-08,2.5616462146057657e-07,1.0,1.0,30.64165235989572
102040,1.135243326295011e-07,2.646008620562906e-07,1.0,1.0,30.637745196389577
102050,1.1394918446739232e-07,2.8627252743133415e-07,1.0,1.0,30.641948076294124
102060,1.0815782596577778e-07,2.519628236701686e-07,1.0,1.0,30.64552564874258
102070,1.147612773366069e-07,2.614469746712122e-07,1.0,1.0,30.647975932649313
102080,1.1187818302275774e-07,2.861915445576104e-07,1.0,1.0,30.649503403720598
102090,1.0487927395290397e-07,2.5491394007413184e-07,1.0,1.0,30.650276953125367
102100,1.2519483988650675e-07,2.538470716366221e-07,1.0,1.0,30.648172033052344
102110,9.67667860704512e-08,2.5921030286812003e-07,1.0,1.0,30.650504966885713
102120,1.03760703628922e-07,2.676885312031454e-07,1.0,1.0,30.64804495656918
102130,1.2013560521861564e-07,2.471965215858315e-07,1.0,1.0,30.644848439303292
102140,1.0048694634746886e-07,2.933835778696506e-07,1.0,1.0,30.644684348446123
102150,1.0264002003669129e-07,2.83786570676334e-07,1.0,1.0,30.646476744617555
102160,1.0755454130434238e-07,2.926416421199965e-07,1.0,1.0,30.645073768298094
102170,1.0749508965750368e-07,2.8929696080353904e-07,1.0,1.0,30.643223977691683
102180,1.1483612596578963e-07,2.580255128022428e-07,1.0,1.0,30.64680075846673
102190,1.1703174032991818e-07,2.7364622525517046e-07,1.0,1.0,30.64762192934476
102200,1.0006355439151231e-07,2.4741873341274066e-07,1.0,1.0,30.64794669042969
102210,1.003840984911196e-07,2.5288930657155857e-07,1.0,1.0,30.647111141130708
102220,1.2396479463452655e-07,2.655712884127442e-07,1.0,1.0,30.645106422048332
102230,1.1157698200116997e-07,2.399193881110908e-07,1.0,1.0,30.644270548254276
102240,1.0973986344249256e-07,2.564878791113844e-07,1.0,1.0,30.645209646371462
102250,1.0516792872858334e-07,2.6210513948936747e-07,1.0,1.0,30.641242226599413
102260,1.1886698415358057e-07,2.7182955077147446e-07,1.0,1.0,30.646090300568144
102270,1.1164816950012633e-07,2.495224789407849e-07,1.0,1.0,30.65423075364082
102280,1.0223641514446029e-07,2.389377004468409e-07,1.0,1.0,30.657907251505428
102290,9.782258638326329e-08,2.5111921710271795e-07,1.0,1.0,30.651381875917075
102300,9.805114913464663e-08,2.4248424235724686e-07,1.0,1.0,30.64620925418393
102310,1.221710986719937e-07,2.6836917258575783e-07,1.0,1.0,30.64493586762472
102320,1.2827228151348274e-07,2.56149029530656e-07,1.0,1.0,30.653820292714883
102330,1.1317201786025784e-07,2.590838018716642e-07,1.0,1.0,30.658342612213335
102340,1.2656698171287607e-07,2.562189447694731e-07,1.0,1.0,30.65408823432673
102350,1.0390862483631215e-07,2.454055228695316e-07,1.0,1.0,30.651719871597674
102360,1.0750320374879703e-07,2.5991510835230467e-07,1.0,1.0,30.652004823821148
102370,1.2900628394855565e-07,2.531583126578688e-07,1.0,1.0,30.64830582277179
102380,1.0157606582444691e-07,2.5832039163754904e-07,1.0,1.0,30.646544382668033
102390,1.0003111378201012e-07,2.582569019644255e-07,1.0,1.0,30.64268002867179
102400,1.1364458058823031e-07,2.6416976058869345e-07,1.0,1.0,30.639659892525028
102410,1.1427806255609314e-07,2.648850554287751e-07,1.0,1.0,30.644220989218006
102420,1.1069504289348849e-07,2.592994489198135e-07,1.0,1.0,30.64795631304026
102430,1.0570778544747105e-07,2.540374264101437e-07,1.0,1.0,30.64362394861536
102440,1.0474186967372923e-07,2.678981009566327e-07,1.0,1.0,30.64369506272638
102450,1.1024482916981978e-07,2.685679437052066e-07,1.0,1.0,30.644226780637265
102460,1.1438682377358162e-07,2.463709964465829e-07,1.0,1.0,30.648970739644632
102470,9.863413826158195e-08,2.798029232733437e-07,1.0,1.0,30.64730360384411
102480,1.0893376701882653e-07,2.5643008152459885e-07,1.0,1.0,30.65261298051719
102490,1.0965191555753714e-07,2.5331462480266756e-07,1.0,1.0,30.655602190306155
102500,1.0001457705344098e-07,2.5148339124140475e-07,1.0,1.0,30.65041815111501
102510,1.0093519169011213e-07,2.560283904793041e-07,1.0,1.0,30.646702266540483
102520,1.1733341396794592e-07,2.51215862894751e-07,1.0,1.0,30.646346903400634
102530,1.0291946550763804e-07,2.552763015416214e-07,1.0,1.0,30.650507026646732
102540,1.0090761297633199e-07,2.533688263836579e-07,1.0,1.0,30.647753562638204
102550,1.1941503125133892e-07,2.5801047888290453e-07,1.0,1.0,30.641749040067072
102560,1.1115600849372174e-07,2.490333622508029e-07,1.0,1.0,30.642291041583928
102570,1.0423185870401856e-07,2.548924973583643e-07,1.0,1.0,30.641846965723158
102580,1.0060308199117812e-07,2.7210476343882943e-07,1.0,1.0,30.643608128091877
102590,1.0400057941224237e-07,2.504173759654397e-07,1.0,1.0,30.645062956298535
102600,1.1472667081687264e-07,2.551000883063476e-07,1.0,1.0,30.649755932478474
102610,1.1952600161096517e-07,2.425051601057525e-07,1.0,1.0,30.65157907219813
102620,1.0164511923267682e-07,2.6450023912071584e-07,1.0,1.0,30.648365199883923
102630,1.2343605477983666e-07,2.724304495828604e-07,1.0,1.0,30.6462340102435
102640,1.2160111238809307e-07,2.501105340788089e-07,1.0,1.0,30.648447365947295
102650,1.2069609796888593e-07,2.4998155697374426e-07,1.0,1.0,30.644647646095702
102660,1.1156167874134832e-07,2.500014738628648e-07,1.0,1.0,30.648454674319375
102670,1.0875892557160374e-07,2.684889453307825e-07,1.0,1.0,30.64888176019611
102680,9.955196995074637e-08,2.619313978535363e-07,1.0,1.0,30.64902502996565
102690,9.97933484203347e-08,3.011684514977375e-07,1.0,1.0,30.647401380758257
102700,1.1827265684362948e-07,2.675320841353148e-07,1.0,1.0,30.64605764939307
102710,1.1455844667059387e-07,2.703952621581776e-07,1.0,1.0,30.64663601760545
102720,1.0008711756757526e-07,2.51663144807662e-07,1.0,1.0,30.648048815699642
102730,1.0895581614384067e-07,2.7514814822850787e-07,1.0,1.0,30.645269110979388
102740,1.1121640025171288e-07,2.6321440672254513e-07,1.0,1.0,30.644386206234792
102750,1.042617387664035e-07,2.6160429030674315e-07,1.0,1.0,30.642211784472003
102760,1.1369547798786285e-07,2.992800835570428e-07,1.0,1.0,30.64221168721582
102770,1.073521901008776e-07,2.4216903136949905e-07,1.0,1.0,30.651057981131128
102780,9.7029715388731e-08,2.4842283411613066e-07,1.0,1.0,30.65072787612023
102790,1.1228650914961773e-07,2.6427658785653564e-07,1.0,1.0,30.645714586239947
102800,1.0841314765430575e-07,2.7419461186412405e-07,1.0,1.0,30.64253600541602
102810,1.0951054192136178e-07,2.648121340625294e-07,1.0,1.0,30.643537833941586
102820,1.0936647584081577e-07,2.6316087174250365e-07,1.0,1.0,30.644376845844175
102830,1.0124642562949621e-07,2.49925272126094e-07,1.0,1.0,30.64438260852468
102840,9.927788946084333e-08,2.617646205814225e-07,1.0,1.0,30.64576693437325
102850,1.0744767480007274e-07,2.4802430785936456e-07,1.0,1.0,30.645642643340665
102860,1.1033866200398301e-07,2.658775623981737e-07,1.0,1.0,30.643750672158088
102870,1.1070750224990515e-07,2.564425740407569e-07,1.0,1.0,30.64547780148453
102880,1.255272375935141e-07,2.6218186015020934e-07,1.0,1.0,30.64477727881986
102890,1.044823451638306e-07,2.519522305657572e-07,1.0,1.0,30.64391310442524
102900,1.1036452250711711e-07,2.568953212786756e-07,1.0,1.0,30.64361534892534
102910,1.2516728059679256e-07,2.763067109998407e-07,1.0,1.0,30.64507317014642
102920,1.0639987860007213e-07,2.609672714354945e-07,1.0,1.0,30.64442787432042
102930,1.0674630592950042e-07,2.7470419740102576e-07,1.0,1.0,30.64299478345462
102940,1.17639446977434e-07,2.7063872077130726e-07,1.0,1.0,30.643436358816643
102950,1.1128224981891536e-07,2.4391233276146346e-07,1.0,1.0,30.646910566410963
102960,1.0370975220814283e-07,2.5813806706229407e-07,1.0,1.0,30.649153757729803
102970,1.0406880405007703e-07,2.501769519361117e-07,1.0,1.0,30.645609427331898
102980,1.1474790868125591e-07,2.482435770736441e-07,1.0,1.0,30.64546877132012
102990,1.0706789081455782e-07,2.5810547391625673e-07,1.0,1.0,30.64457382453937
103000,1.1757314232835644e-07,2.7860979910107744e-07,1.0,1.0,30.645391276420533
103010,1.0698895481133143e-07,2.897230862015084e-07,1.0,1.0,30.64749092436634
103020,1.078169659742914e-07,2.759757133375407e-07,1.0,1.0,30.65072438122322
103030,1.0811240807295256e-07,2.5760051754127105e-07,1.0,1.0,30.64837315725579
103040,1.0729068164108827e-07,2.473468242925174e-07,1.0,1.0,30.648847663940384
103050,9.229484024490631e-08,3.277091102272878e-07,1.0,1.0,30.647338281325915
103060,1.1765058870654025e-07,2.601930981975419e-07,1.0,1.0,30.648131055987683
103070,1.0226879181363356e-07,2.4988436074425037e-07,1.0,1.0,30.64813279005755
103080,1.0385583063202177e-07,2.8186541689293066e-07,1.0,1.0,30.645252549785308
103090,1.130000156990678e-07,2.7189754761135317e-07,1.0,1.0,30.63863591436556
103100,1.2377257567885072e-07,2.6549365175791676e-07,1.0,1.0,30.64287434145848
103110,1.0451629189748581e-07,2.5957672040209666e-07,1.0,1.0,30.64465655979631
103120,1.1347562596785999e-07,2.606070036457557e-07,1.0,1.0,30.641816944551334
103130,1.0676808267582332e-07,2.6671926266555504e-07,1.0,1.0,30.64004034495607
103140,1.0509206479224522e-07,2.615171406190542e-07,1.0,1.0,30.643499526777024
103150,1.1214074762177735e-07,2.667518629125833e-07,1.0,1.0,30.643630267422765
103160,1.2711708023259592e-07,2.519965193993797e-07,1.0,1.0,30.64995061353684
103170,1.090477758504059e-07,2.48648219675559e-07,1.0,1.0,30.654429637107455
103180,9.905311341077912e-08,2.7436311478808686e-07,1.0,1.0,30.651150653592104
103190,1.0393622747183131e-07,2.6387220332645544e-07,1.0,1.0,30.64528089792844
103200,1.1447135025302585e-07,2.5047109154241076e-07,1.0,1.0,30.642034671199077
103210,1.2665189344386128e-07,2.5733509873963574e-07,1.0,1.0,30.643241915942443
103220,1.0827563847670955e-07,2.4119611714645476e-07,1.0,1.0,30.643831415775256
103230,1.2094457528567827e-07,2.6307479152527584e-07,1.0,1.0,30.64543988959197
103240,1.0511101346685149e-07,2.852994255467908e-07,1.0,1.0,30.64712009920425
103250,9.826228713239667e-08,2.553430407814044e-07,1.0,1.0,30.64696641065595
103260,1.0227892162122164e-07,2.56573401153596e-07,1.0,1.0,30.64362723776401
103270,1.1921168840585322e-07,2.632636724894524e-07,1.0,1.0,30.63972708541254
103280,1.0638430121006753e-07,2.689130231304669e-07,1.0,1.0,30.640347476349838
103290,1.0335482499167174e-07,2.5332651588684695e-07,1.0,1.0,30.640298591723237
103300,1.1371996324706417e-07,2.6482773224151726e-07,1.0,1.0,30.63785553088578
103310,1.1130272652660622e-07,2.6185368232895255e-07,1.0,1.0,30.644089322527094
103320,1.0305694727135702e-07,2.6518969133080835e-07,1.0,1.0,30.656521219794254
103330,1.2460608062029297e-07,2.55927299780436e-07,1.0,1.0,30.66554525316984
103340,9.879779982782937e-08,2.4121640337225723e-07,1.0,1.0,30.671029633393108
103350,1.0242369240376934e-07,2.8194270387145694e-07,1.0,1.0,30.664371638203775
103360,1.1359889914180676e-07,2.492089556286125e-07,1.0,1.0,30.653388766702275
103370,1.0199376825824854e-07,2.599274149159779e-07,1.0,1.0,30.644201290888855
103380,1.0746754320102754e-07,2.499695918103707e-07,1.0,1.0,30.639473071402573
103390,1.1184265477128924e-07,2.7964884093533943e-07,1.0,1.0,30.63992172413871
103400,1.1724101661735283e-07,2.683918417536454e-07,1.0,1.0,30.643114955690102
103410,1.0360647107654344e-07,2.5913140989838045e-07,1.0,1.0,30.643969896421684
103420,1.1077587260489015e-07,2.677034592979997e-07,1.0,1.0,30.64840243063463
103430,9.911961288378207e-08,2.60633775145282e-07,1.0,1.0,30.654756237837027
103440,1.0729288022406203e-07,2.4668598732027586e-07,1.0,1.0,30.654508092148713
103450,1.0681885287612403e-07,2.8297016771901596e-07,1.0,1.0,30.647573223514073
103460,1.2791517738054906e-07,2.8694149241507173e-07,1.0,1.0,30.64090579044629
103470,1.0557333233310994e-07,2.7508884093582983e-07,1.0,1.0,30.638460320770815
103480,1.0559268700310132e-07,2.524657334637334e-07,1.0,1.0,30.642922309781316
103490,1.090862989656244e-07,2.6110249927388963e-07,1.0,1.0,30.643289470727005
103500,1.1157435122913768e-07,2.5797789274912643e-07,1.0,1.0,30.64497637716561
103510,1.012406407641378e-07,2.838797832397129e-07,1.0,1.0,30.644772018462888
103520,1.0603307451748419e-07,2.5245762992009663e-07,1.0,1.0,30.642805730721317
103530,1.1565420863578875e-07,2.6111273924817776e-07,1.0,1.0,30.642470578851626
103540,1.2117804818259157e-07,2.8227182786568023e-07,1.0,1.0,30.640212687009186
103550,1.0255306399114108e-07,2.579208765171227e-07,1.0,1.0,30.64439428532356
103560,1.07340488905466e-07,2.773386663097471e-07,1.0,1.0,30.65056978815886
103570,1.1163291345067639e-07,2.5511716209136775e-07,1.0,1.0,30.649960911487252
103580,1.1289996071570385e-07,2.5789246202444704e-07,1.0,1.0,30.64708824079429
103590,1.0011096176931519e-07,2.573629114111181e-07,1.0,1.0,30.64391472970452
103600,1.1131480923751915e-07,2.5022372154961345e-07,1.0,1.0,30.64709714644814
103610,9.52704585755944e-08,2.7778499980709923e-07,1.0,1.0,30.64635634301749
103620,1.0908099186383333e-07,2.4908498609840033e-07,1.0,1.0,30.64595028193558
103630,1.166767067455051e-07,2.4699964750429734e-07,1.0,1.0,30.65244779632859
103640,1.1417613702093554e-07,2.7173816867967543e-07,1.0,1.0,30.6526408644683
103650,9.861339309568528e-08,2.3906309237460796e-07,1.0,1.0,30.65444454772903
103660,1.2188306844919533e-07,2.473259168858749e-07,1.0,1.0,30.650768782963628
103670,1.0211108813840403e-07,2.7474576600325175e-07,1.0,1.0,30.649184939901215
103680,1.1275145560326729e-07,2.590207655983673e-07,1.0,1.0,30.646814527865207
103690,1.153315591834149e-07,2.732978151304726e-07,1.0,1.0,30.64212879349704
103700,1.0917766104945548e-07,3.6120873502143815e-07,1.0,1.0,30.647377015438956
103710,1.0694754487685384e-07,2.4870674477889645e-07,1.0,1.0,30.659877404426386
103720,1.193518261012411e-07,2.5139937307214216e-07,1.0,1.0,30.65845642729065
103730,1.0729492637355972e-07,2.831710619867882e-07,1.0,1.0,30.650842391075898
103740,1.0623443110316607e-07,2.55402300064516e-07,1.0,1.0,30.6490811917951
103750,1.1374772016892492e-07,2.616932355773169e-07,1.0,1.0,30.644271667904885
103760,1.0235838515976045e-07,2.740817358861297e-07,1.0,1.0,30.642550722371524
103770,9.372148693566507e-08,2.5947277350357494e-07,1.0,1.0,30.642834558287763
103780,1.1639134578892051e-07,2.5072052999777964e-07,1.0,1.0,30.64155822057054
103790,1.1109952585153274e-07,2.802457564876992e-07,1.0,1.0,30.644144575016373
103800,1.0840060511287322e-07,2.557782713139961e-07,1.0,1.0,30.64769719221257
103810,1.109691335636694e-07,2.5660453243750796e-07,1.0,1.0,30.645802134130804
103820,1.1144623695324392e-07,2.6772374792742225e-07,1.0,1.0,30.646227421582168
103830,1.0079264061533557e-07,2.5107416283367306e-07,1.0,1.0,30.64486861954049
103840,1.229450562709101e-07,2.412907458979495e-07,1.0,1.0,30.647085848337337
103850,1.0005585946943672e-07,2.5933392321129853e-07,1.0,1.0,30.65000825961171
103860,9.292967268013356e-08,2.43097698539067e-07,1.0,1.0,30.648375570376327
103870,1.213835351498907e-07,2.673191674623092e-07,1.0,1.0,30.64328364599581
103880,1.1106786725038639e-07,2.610435875579785e-07,1.0,1.0,30.64071734076156
103890,1.0550121139801378e-07,2.5386444306362514e-07,1.0,1.0,30.647030167266216
103900,1.1175041224280732e-07,2.687473335709605e-07,1.0,1.0,30.64903137883753
103910,1.1834808319476757e-07,2.4128712515780506e-07,1.0,1.0,30.653688550826857
103920,9.427345445601249e-08,2.4994656854254353e-07,1.0,1.0,30.649900370644534
103930,1.0920340741326766e-07,2.56043016668949e-07,1.0,1.0,30.644033205085837
103940,1.0064562656062209e-07,2.6850207890724447e-07,1.0,1.0,30.644329987246472
103950,1.0965419601897548e-07,2.508070557698388e-07,1.0,1.0,30.64362500799715
103960,1.0330043618260153e-07,2.7014149134319643e-07,1.0,1.0,30.642835522801118
103970,1.0266001188069562e-07,2.730982764638342e-07,1.0,1.0,30.639403629873357
103980,1.2066173931518083e-07,2.814122125287915e-07,1.0,1.0,30.64280234472344
103990,1.1811149414346599e-07,2.579434669616529e-07,1.0,1.0,30.65022157670866
104000,1.0936168171385096e-07,2.6690450847111457e-07,1.0,1.0,30.652781449498885
104010,1.1274824967781226e-07,2.4822463642793726e-07,1.0,1.0,30.65004285143086
104020,1.037222299269477e-07,2.7665531177626475e-07,1.0,1.0,30.644944047178885
104030,1.0317229131171717e-07,2.4746686759201605e-07,1.0,1.0,30.643919592269334
104040,1.1874725993978116e-07,2.475090009851119e-07,1.0,1.0,30.642592033108517
104050,1.0982238215223362e-07,2.7672296697891806e-07,1.0,1.0,30.642497605899198
104060,1.0448349512950541e-07,2.6093773496800174e-07,1.0,1.0,30.644362557536617
104070,1.1070038058452615e-07,3.091613118956131e-07,1.0,1.0,30.64811892357471
104080,1.1171527786809306e-07,2.903243878495418e-07,1.0,1.0,30.646612810018684
104090,9.70308164587481e-08,2.804455179291646e-07,1.0,1.0,30.647115798963892
104100,1.1228751953011118e-07,2.7275651059400526e-07,1.0,1.0,30.64988344992705
104110,1.1629219167263192e-07,2.550078964772483e-07,1.0,1.0,30.653309505347476
104120,9.682794085583957e-08,2.7876052805592016e-07,1.0,1.0,30.652279166308176
104130,1.1491224132227522e-07,2.82110602573185e-07,1.0,1.0,30.652475995223558
104140,1.2667064866334623e-07,2.8443878760136954e-07,1.0,1.0,30.65853149484315
104150,1.127214562269021e-07,2.5350388466282376e-07,1.0,1.0,30.664252235713786
104160,1.0318941994158219e-07,2.4451803462087376e-07,1.0,1.0,30.65967651438814
104170,1.1522422421064592e-07,2.574116837671615e-07,1.0,1.0,30.649775690872435
104180,1.0323573636423313e-07,2.810177453753059e-07,1.0,1.0,30.641917815024765
104190,1.070551212269581e-07,2.7196636644102027e-07,1.0,1.0,30.642005042633915
104200,1.0754902908126011e-07,2.4684107091852546e-07,1.0,1.0,30.64517588578742
104210,1.106315433689214e-07,2.6710347456669025e-07,1.0,1.0,30.6448146810459
104220,9.486965349407534e-08,3.520434199409903e-07,1.0,1.0,30.642065726279377
104230,1.3347792590893247e-07,3.018365782423882e-07,1.0,1.0,30.642802045686086
104240,9.711749581160721e-08,3.318531644007312e-07,1.0,1.0,30.6535058899025
104250,1.0737826986553998e-07,2.418962348892974e-07,1.0,1.0,30.663364514513763
104260,1.1344253007388915e-07,2.542838796958632e-07,1.0,1.0,30.663551888092435
104270,1.0115441509143679e-07,2.574549608771461e-07,1.0,1.0,30.654997327505548
104280,1.0853353890395562e-07,2.6913100681485054e-07,1.0,1.0,30.64907166321843
104290,1.1009360591106359e-07,2.6564250974996687e-07,1.0,1.0,30.645109284322185
104300,9.830977203262717e-08,2.4848307511454193e-07,1.0,1.0,30.641185059328578
104310,1.0542728247448427e-07,2.604688240313612e-07,1.0,1.0,30.640019516220942
104320,1.0816034315696161e-07,2.7943799422832805e-07,1.0,1.0,30.63992815217771
104330,1.0566020046018828e-07,2.602061014557122e-07,1.0,1.0,30.641595877521482
104340,1.0180829651664278e-07,2.52027930298748e-07,1.0,1.0,30.64645220136217
104350,1.0373605109650966e-07,2.6891706398801585e-07,1.0,1.0,30.643599131604347
104360,1.0285828348489209e-07,2.9703396023698004e-07,1.0,1.0,30.646435503661912
104370,1.0073558254785293e-07,2.6852524737435955e-07,1.0,1.0,30.64823880194206
104380,1.2529792627776104e-07,2.6180279508126974e-07,1.0,1.0,30.64446977166184
104390,1.0595732140642083e-07,2.7549404289520476e-07,1.0,1.0,30.642767900615453
104400,1.0732318654687019e-07,2.635980879429135e-07,1.0,1.0,30.65000135527962
104410,1.1836124158814783e-07,2.4310676608015423e-07,1.0,1.0,30.652533448977703
104420,1.1084667422560023e-07,2.594908300316564e-07,1.0,1.0,30.649934360898293
104430,1.1149602404630732e-07,2.496558114772019e-07,1.0,1.0,30.645133723109545
104440,1.1556420398943222e-07,2.649571117650252e-07,1.0,1.0,30.643143164734163
104450,1.1544144533622136e-07,2.5044505728215566e-07,1.0,1.0,30.64164627983367
104460,9.954207652570564e-08,2.644514762447968e-07,1.0,1.0,30.643031004675187
104470,1.1976114029595563e-07,2.65840209303227e-07,1.0,1.0,30.644249736454995
104480,1.1346107974606214e-07,2.65742204810786e-07,1.0,1.0,30.648571492210998
104490,1.009236560166683e-07,2.503099717048453e-07,1.0,1.0,30.647091893872922
104500,1.1555638491830537e-07,2.5849039129325405e-07,1.0,1.0,30.642272411828188
104510,1.2115732797491025e-07,2.4559097468944094e-07,1.0,1.0,30.644682657155254
104520,9.837913632355436e-08,2.729472646629424e-07,1.0,1.0,30.648268545365053
104530,1.2063245208574662e-07,2.641361518889214e-07,1.0,1.0,30.64697784080247
104540,1.1148124734534833e-07,2.8606562919692626e-07,1.0,1.0,30.644752511949033
104550,1.0253681399367863e-07,2.91146478703439e-07,1.0,1.0,30.644612583554057
104560,1.2884118561268216e-07,4.2688127823445305e-07,1.0,1.0,30.64627564407536
104570,1.1788020858282452e-07,2.614832579225656e-07,1.0,1.0,30.667012397047596
104580,1.0224953847758343e-07,2.3599458082085391e-07,1.0,1.0,30.674248019432085
104590,1.1514504137709033e-07,2.4999500808029183e-07,1.0,1.0,30.662637485886652
104600,9.565778296703374e-08,2.7980954040653065e-07,1.0,1.0,30.64677794072162
104610,1.0197304385600514e-07,2.471199750856661e-07,1.0,1.0,30.63980659083446
104620,1.2048208830081878e-07,2.68194471521035e-07,1.0,1.0,30.638682699059395
104630,1.0512921149269324e-07,2.5508742458980616e-07,1.0,1.0,30.642428202092454
104640,1.0588019763875519e-07,2.628751904412672e-07,1.0,1.0,30.64038283613558
104650,1.248618220112572e-07,2.6953506778099563e-07,1.0,1.0,30.640123289880265
104660,1.3156353897038275e-07,2.590416492470315e-07,1.0,1.0,30.642983350688795
104670,1.1552976561879276e-07,2.534800577235873e-07,1.0,1.0,30.647875558730764
104680,1.0712100263488402e-07,2.493898833106845e-07,1.0,1.0,30.64895330629921
104690,9.928964252764326e-08,2.889246652672815e-07,1.0,1.0,30.646365033932152
104700,1.1064103656947157e-07,2.5661665641504373e-07,1.0,1.0,30.645839955666197
104710,1.1492057854490784e-07,2.7349292998009164e-07,1.0,1.0,30.6434336478947
104720,9.870524139840298e-08,2.690388373071725e-07,1.0,1.0,30.641437801930564
104730,1.1837443070034909e-07,2.6542751086026967e-07,1.0,1.0,30.64363775930265
104740,1.1365758324260564e-07,2.582997294375857e-07,1.0,1.0,30.64915805677481
104750,9.83430068024607e-08,2.898988219152465e-07,1.0,1.0,30.651243874415123
104760,1.0152327775996938e-07,2.4870820451773825e-07,1.0,1.0,30.647388754334596
104770,1.1070529925817438e-07,2.4323749758942897e-07,1.0,1.0,30.644071338097962
104780,1.1107288614767092e-07,2.6254545726975783e-07,1.0,1.0,30.648816038125684
104790,1.0280722182842879e-07,2.487401534446677e-07,1.0,1.0,30.656007238105833
104800,1.2039490981559334e-07,2.639824097387999e-07,1.0,1.0,30.65595149459113
104810,1.1656096194912915e-07,2.5724510639896876e-07,1.0,1.0,30.653447687227043
104820,1.005995891845565e-07,2.6064351792731487e-07,1.0,1.0,30.64896095006264
104830,1.2071918332418263e-07,2.529139372458306e-07,1.0,1.0,30.6427547023645
104840,9.715354926785158e-08,2.7126816146803586e-07,1.0,1.0,30.640317739112255
104850,9.985579983104297e-08,2.8425892901841266e-07,1.0,1.0,30.642590393122795
104860,1.1128683951808508e-07,2.527010810898693e-07,1.0,1.0,30.642888672371065
104870,1.2032966443780427e-07,2.588037235667571e-07,1.0,1.0,30.64039733166787
104880,1.0031693513366569e-07,2.6556716763105644e-07,1.0,1.0,30.639125364313493
104890,1.2493339592159654e-07,3.059171782990435e-07,1.0,1.0,30.63725365117366
104900,1.0236800661249974e-07,2.6967463267109777e-07,1.0,1.0,30.64287869096023
104910,1.0284533650415395e-07,2.541469067645346e-07,1.0,1.0,30.647220949918133
104920,1.1974145233997114e-07,2.833859066851827e-07,1.0,1.0,30.64355425131601
104930,1.0360494358174487e-07,2.6162076319761723e-07,1.0,1.0,30.64164139451906
104940,1.051735005068751e-07,2.655897585373961e-07,1.0,1.0,30.642904614898455
104950,1.1807264128561642e-07,2.637061567981028e-07,1.0,1.0,30.645108905605632
104960,1.0506371827826254e-07,2.5343759380732e-07,1.0,1.0,30.650295619548288
104970,9.367012158696724e-08,2.4877850103658547e-07,1.0,1.0,30.649405529233473
104980,9.993667090964248e-08,2.664350274377425e-07,1.0,1.0,30.64437899636893
104990,9.5000697908012e-08,2.5584556507592063e-07,1.0,1.0,30.647501228609276
105000,1.1976293737438438e-07,2.621992139967607e-07,1.0,1.0,30.6463948790383
105010,1.256363860668437e-07,3.2182042015532974e-07,1.0,1.0,30.646501239905096
105020,1.0366070480804686e-07,2.871459476309874e-07,1.0,1.0,30.64730164126934
105030,1.0623533532587272e-07,2.709074471470682e-07,1.0,1.0,30.64906313069174
105040,1.0983343621090473e-07,2.590037488431102e-07,1.0,1.0,30.64499669538713
105050,1.1102112778448804e-07,2.5158594776545786e-07,1.0,1.0,30.64254170023996
105060,1.0112043639959294e-07,2.5582936381712617e-07,1.0,1.0,30.64639216568925
105070,1.2290483063865585e-07,2.4383478172379094e-07,1.0,1.0,30.64607894813295
105080,9.168873310825596e-08,2.59385317535236e-07,1.0,1.0,30.65081406831801
105090,1.1209578067505327e-07,2.415841921580272e-07,1.0,1.0,30.649393785507566
105100,1.0397600609558256e-07,2.818887451897933e-07,1.0,1.0,30.646383344746933
105110,9.721320748871105e-08,2.4688860966311535e-07,1.0,1.0,30.645435407331885
105120,1.0010497765434434e-07,2.7360761850298173e-07,1.0,1.0,30.644174919209412
105130,1.1130907720724978e-07,2.566008279438632e-07,1.0,1.0,30.64078392295461
105140,1.1717319719534925e-07,2.8956836075675215e-07,1.0,1.0,30.643740020640976
105150,1.1142398708299827e-07,2.526665481943349e-07,1.0,1.0,30.64807184776983
105160,1.1196307402934748e-07,2.5203871231644935e-07,1.0,1.0,30.651105499622002
105170,1.1428402284480743e-07,2.7398870503288144e-07,1.0,1.0,30.654322689879617
105180,1.0356031037513915e-07,2.836011657930042e-07,1.0,1.0,30.6582168433138
105190,1.1720308546994404e-07,2.537809711184822e-07,1.0,1.0,30.653286003686343
105200,1.0451535850576441e-07,2.5125703910515305e-07,1.0,1.0,30.646024012448194
105210,1.0939173670195281e-07,2.693162385959579e-07,1.0,1.0,30.63965812385839
105220,1.102151756597701e-07,2.506764794448276e-07,1.0,1.0,30.63492666161976
105230,1.1356488478556295e-07,2.630864192285239e-07,1.0,1.0,30.6385720634265
105240,9.63291779324217e-08,2.551697258183599e-07,1.0,1.0,30.644363134458708
105250,1.1675780896749027e-07,2.6555874647315097e-07,1.0,1.0,30.645308256417067
105260,1.1408168548713165e-07,2.742040602701444e-07,1.0,1.0,30.648847593905746
105270,1.0206119536175377e-07,3.4830098783937677e-07,1.0,1.0,30.649815242880297
105280,1.238857797404155e-07,2.7627124947775316e-07,1.0,1.0,30.653332575431108
105290,1.144789930061266e-07,2.4299902561578634e-07,1.0,1.0,30.655158339305235
105300,1.0367468616581752e-07,2.6817169484796527e-07,1.0,1.0,30.65077480996249
105310,1.2543367353968057e-07,2.527644640463104e-07,1.0,1.0,30.64773454611732
105320,1.0543812192669012e-07,2.550898842063031e-07,1.0,1.0,30.644147212646708
105330,1.0905255940172368e-07,2.860322609962562e-07,1.0,1.0,30.64419508973144
105340,1.2865190644388138e-07,2.7554277250622817e-07,1.0,1.0,30.639903847155253
105350,9.987252371692036e-08,2.6926299674611324e-07,1.0,1.0,30.641562609766815
105360,1.0423550643084714e-07,2.589564438329315e-07,1.0,1.0,30.642821335249963
105370,1.1565134038658205e-07,2.5989156353399857e-07,1.0,1.0,30.643218994036275
105380,9.404081537766338e-08,2.6324936331754465e-07,1.0,1.0,30.64406228274964
105390,1.1206778364619191e-07,2.812908548385767e-07,1.0,1.0,30.639908732651723
105400,1.132106056061206e-07,2.7223340975419313e-07,1.0,1.0,30.63877935762313
105410,1.245978247953982e-07,2.8125471548458825e-07,1.0,1.0,30.64088493918337
105420,1.0550341162343656e-07,2.4585107276906337e-07,1.0,1.0,30.642544658678133
105430,1.1716426896604846e-07,2.4564289551796937e-07,1.0,1.0,30.63931763829375
105440,1.0104275343008679e-07,2.499101187404713e-07,1.0,1.0,30.643960103432427
105450,1.0166201428354211e-07,2.747030031327784e-07,1.0,1.0,30.645514614100918
105460,1.2828019315093724e-07,3.108449579029638e-07,1.0,1.0,30.64190842358886
105470,1.169517358092731e-07,2.6294262961297853e-07,1.0,1.0,30.65135566216319
105480,9.933579960972708e-08,2.620422089854459e-07,1.0,1.0,30.655412995173542
105490,1.2265987482113715e-07,2.584178439697491e-07,1.0,1.0,30.64913456177401
105500,1.0548367872983117e-07,2.5714827087561223e-07,1.0,1.0,30.644940168225663
105510,1.1161973182120562e-07,2.542663942317638e-07,1.0,1.0,30.642264565715898
105520,1.1770953830155375e-07,2.5498933962854167e-07,1.0,1.0,30.63857184962719
105530,1.056684710197703e-07,2.7129448951363466e-07,1.0,1.0,30.641451138872036
105540,1.0992986922787367e-07,2.579274831491552e-07,1.0,1.0,30.64821002973697
105550,1.204813704786096e-07,2.4219147815818196e-07,1.0,1.0,30.652362964990232
105560,1.1166513646697095e-07,2.404623716842993e-07,1.0,1.0,30.657117656520768
105570,1.0674799048082594e-07,2.652805448663366e-07,1.0,1.0,30.651481236030577
105580,1.203229303272006e-07,2.8633745129641264e-07,1.0,1.0,30.64242121811918
105590,1.2605687283338014e-07,2.46728577501709e-07,1.0,1.0,30.642458792586556
105600,1.108313018586195e-07,2.5455670877244497e-07,1.0,1.0,30.643970690520394
105610,9.715609198757396e-08,2.577640895892906e-07,1.0,1.0,30.64259887617345
105620,1.1509822902522043e-07,2.8802710961307796e-07,1.0,1.0,30.64183388313299
105630,1.1808857723721894e-07,2.453408732859056e-07,1.0,1.0,30.65202637548952
105640,9.829834776278963e-08,2.607761137854098e-07,1.0,1.0,30.653870370038373
105650,9.873525390824099e-08,2.5813863124347164e-07,1.0,1.0,30.653971824839036
105660,9.944666819380395e-08,2.499709020199408e-07,1.0,1.0,30.65041839921231
105670,1.0889963627802797e-07,2.6669212416329884e-07,1.0,1.0,30.64198056031456
105680,1.0545301400312854e-07,2.519294748162242e-07,1.0,1.0,30.6519946364518
105690,1.1205625718657775e-07,2.576566404611698e-07,1.0,1.0,30.65876327284823
105700,1.1475773731175625e-07,3.13404817177831e-07,1.0,1.0,30.65101989938739
105710,1.157735498241646e-07,2.525165263443816e-07,1.0,1.0,30.654244039481995
105720,1.0394023345196233e-07,2.379098349267955e-07,1.0,1.0,30.656201048497806
105730,1.153300700619752e-07,2.747714704999018e-07,1.0,1.0,30.651072253552154
105740,1.0776637841624951e-07,2.5065818108300114e-07,1.0,1.0,30.648884971606066
105750,1.0492283718188125e-07,2.6166155754193074e-07,1.0,1.0,30.64599317164132
105760,1.2114087241247746e-07,2.65727408909201e-07,1.0,1.0,30.643137954016307
105770,1.0707172850039402e-07,2.918457133107857e-07,1.0,1.0,30.64024426073174
105780,9.872830549672457e-08,2.897976454092578e-07,1.0,1.0,30.642962203671704
105790,1.0039470918932074e-07,2.601908678368084e-07,1.0,1.0,30.647256352986478
105800,1.1558395994633473e-07,2.497845700106688e-07,1.0,1.0,30.645024093911196
105810,1.096374862531474e-07,2.633358318450143e-07,1.0,1.0,30.643144505892565
105820,1.206931100504571e-07,2.716862409599477e-07,1.0,1.0,30.64065414941419
105830,1.2088467627497302e-07,2.561530713617231e-07,1.0,1.0,30.641404717663175
105840,1.107577304948054e-07,2.6737562588385804e-07,1.0,1.0,30.64217845864335
105850,1.2038471684559998e-07,2.748711787472443e-07,1.0,1.0,30.640110639215717
105860,1.2003396839708266e-07,2.507829537377474e-07,1.0,1.0,30.643568789311487
105870,1.0799137618484104e-07,2.6511992027163183e-07,1.0,1.0,30.646258947484622
105880,1.1204414250369576e-07,2.7964770213555653e-07,1.0,1.0,30.644685021161834
105890,1.0587225082142959e-07,2.466584281056148e-07,1.0,1.0,30.650055354189227
105900,9.79430159204941e-08,2.6773337458164814e-07,1.0,1.0,30.647769478612563
105910,1.1971588753544383e-07,2.68707429432524e-07,1.0,1.0,30.641526915551434
105920,8.897179206257618e-08,2.544990043900573e-07,1.0,1.0,30.64381067919771
105930,1.017904111653639e-07,2.602125290699392e-07,1.0,1.0,30.642536654305584
105940,1.1263722478274154e-07,2.710428335216652e-07,1.0,1.0,30.638870762566082
105950,1.0642207586282852e-07,2.62388081677317e-07,1.0,1.0,30.64136945263279
105960,9.906865860884599e-08,2.60594298147363e-07,1.0,1.0,30.643965524714982
105970,1.1200222814306844e-07,2.848753961737741e-07,1.0,1.0,30.639268082975065
105980,1.0863649474840008e-07,2.5365166562581166e-07,1.0,1.0,30.642796497496285
105990,1.1092668119053273e-07,2.518114853030507e-07,1.0,1.0,30.644346748717883
106000,1.1271596145018797e-07,2.708617990071365e-07,1.0,1.0,30.644287464714843
106010,1.1111813881208282e-07,2.575252993523788e-07,1.0,1.0,30.64725936406691
106020,1.0873167500263027e-07,2.564157523461706e-07,1.0,1.0,30.647026957409203
106030,1.138023020117114e-07,2.865063091175139e-07,1.0,1.0,30.649927760012098
106040,1.0312619890330387e-07,2.5608673792773876e-07,1.0,1.0,30.651651453074855
106050,9.760210102175466e-08,2.51395972484564e-07,1.0,1.0,30.650047626982566
106060,1.1421178376150258e-07,2.6632885033444904e-07,1.0,1.0,30.642415777462407
106070,1.1509551880117487e-07,2.6127697619922084e-07,1.0,1.0,30.64380672018501
106080,1.1388369996662331e-07,2.5191836624568635e-07,1.0,1.0,30.64356304817753
106090,1.1611036032571197e-07,2.759932347938025e-07,1.0,1.0,30.648946419122353
106100,1.0973212338750105e-07,2.4333007220313655e-07,1.0,1.0,30.655932334412302
106110,1.0708467940448427e-07,2.777616708885851e-07,1.0,1.0,30.654550910775686
106120,1.1905398368983763e-07,2.597065014025757e-07,1.0,1.0,30.648176349368757
106130,1.167909502233171e-07,2.4625497288696156e-07,1.0,1.0,30.64467508851465
106140,1.0606989820536445e-07,2.513823560666993e-07,1.0,1.0,30.646251694283876
106150,1.132290653195803e-07,2.930802215196976e-07,1.0,1.0,30.644059730597252
106160,1.122562115673519e-07,2.683969580626198e-07,1.0,1.0,30.646682938696856
106170,1.0639450186431776e-07,2.5276746717780257e-07,1.0,1.0,30.646481440635117
106180,1.0549158983465811e-07,2.6204068507732985e-07,1.0,1.0,30.645602180378017
106190,1.0377719815986458e-07,2.624206096316223e-07,1.0,1.0,30.64803607143332
106200,1.0331460640629456e-07,2.8559668570491544e-07,1.0,1.0,30.645878216319282
106210,1.0685177912439328e-07,2.6017917911626965e-07,1.0,1.0,30.644452067096054
106220,1.1680553242788816e-07,2.6214820087691594e-07,1.0,1.0,30.644311759980038
106230,9.953509036392746e-08,2.6290583339804465e-07,1.0,1.0,30.642754427219778
106240,1.2975831040641528e-07,2.682436061620287e-07,1.0,1.0,30.64355603801166
106250,1.112340208572944e-07,2.689553006741557e-07,1.0,1.0,30.647106359714424
106260,9.815788434152646e-08,2.540757608674674e-07,1.0,1.0,30.648379961420545
106270,1.3146607244971927e-07,2.690548119465649e-07,1.0,1.0,30.640719346933714
106280,1.0707497419933166e-07,2.620075500438796e-07,1.0,1.0,30.639054094368955
106290,1.0774962421725548e-07,2.548730257225278e-07,1.0,1.0,30.641709455025076
106300,1.1193504434213035e-07,2.583585506878727e-07,1.0,1.0,30.64347207024461
106310,1.3592128233296906e-07,2.877955887929916e-07,1.0,1.0,30.64592831251768
106320,1.0656693685729e-07,2.6418189454985336e-07,1.0,1.0,30.661609983802066
106330,1.0932442494125496e-07,2.4582115738209257e-07,1.0,1.0,30.664894625069778
106340,1.0674791790120438e-07,2.454171603406412e-07,1.0,1.0,30.65238485116969
106350,1.0870943381001878e-07,2.8251069094406726e-07,1.0,1.0,30.641383853581644
106360,1.0643477923301764e-07,2.7036735840579914e-07,1.0,1.0,30.64054527027364
106370,1.0925241703589282e-07,2.94517531794141e-07,1.0,1.0,30.63956543673427
106380,1.0382231743317634e-07,2.805455756004664e-07,1.0,1.0,30.64415921361212
106390,1.4088122753196613e-07,2.958404102063198e-07,1.0,1.0,30.64275202496536
106400,9.789151773402521e-08,2.8760887109776385e-07,1.0,1.0,30.65066133711464
106410,1.0692802944348745e-07,2.457394893524855e-07,1.0,1.0,30.652556023147262
106420,1.129766095617035e-07,2.377670819651382e-07,1.0,1.0,30.644876294129606
106430,1.0425875262686299e-07,2.9265048106321445e-07,1.0,1.0,30.644684451363496
106440,1.0852698086473917e-07,2.586953542002928e-07,1.0,1.0,30.644478767768902
106450,1.16379609297551e-07,3.1930958756597445e-07,1.0,1.0,30.641951341457975
106460,1.1812335930280457e-07,2.4805414845678826e-07,1.0,1.0,30.646051038149967
106470,8.762822315845383e-08,2.686853013937745e-07,1.0,1.0,30.64654427069712
106480,1.1400242271784011e-07,2.708744123432756e-07,1.0,1.0,30.645096774152453
106490,1.203084956362247e-07,2.7920580989447787e-07,1.0,1.0,30.64443172589353
106500,1.1247315638282258e-07,2.633177658870639e-07,1.0,1.0,30.64352794244107
106510,1.2476708383108422e-07,2.5359101335657224e-07,1.0,1.0,30.64333083798571
106520,1.0852817375084507e-07,2.61408738735054e-07,1.0,1.0,30.641112175245397
106530,1.0364440297253479e-07,2.618241954814617e-07,1.0,1.0,30.640170151793928
106540,1.0933815475885925e-07,3.0406741728067474e-07,1.0,1.0,30.63964894467356
106550,1.1626070313546593e-07,2.6246885438113377e-07,1.0,1.0,30.648780333597255
106560,1.0374873605503427e-07,2.668558034297339e-07,1.0,1.0,30.653895810205384
106570,1.5268416311115836e-07,2.70908815853495e-07,1.0,1.0,30.651531451626877
106580,1.1809967928609227e-07,2.475426915951395e-07,1.0,1.0,30.658868008934885
106590,9.339699328321415e-08,2.6707239371987643e-07,1.0,1.0,30.655441270178972
106600,1.1963698100916128e-07,2.512294933333584e-07,1.0,1.0,30.643480460006785
106610,1.1228478218305304e-07,2.5512776367910747e-07,1.0,1.0,30.6441225099631
106620,1.1541831673924262e-07,3.120845305820199e-07,1.0,1.0,30.642931501324288
106630,1.1616863732037271e-07,2.739340236319553e-07,1.0,1.0,30.641877204246107
106640,1.2604216336945875e-07,2.564097039366375e-07,1.0,1.0,30.64142212475212
106650,1.0335806372187856e-07,2.633467440877188e-07,1.0,1.0,30.64130056620163
106660,1.1326701516501776e-07,2.563411519982877e-07,1.0,1.0,30.641971851393375
106670,1.0281925863064247e-07,2.623016317089478e-07,1.0,1.0,30.64691421661081
106680,9.202792500999949e-08,2.6215309142856044e-07,1.0,1.0,30.651080347978063
106690,1.220446077176964e-07,2.6716320592821364e-07,1.0,1.0,30.64499497473678
106700,1.2041914043072511e-07,2.575638082509586e-07,1.0,1.0,30.642081497850185
106710,9.579650620154989e-08,2.550227116673038e-07,1.0,1.0,30.640557208707516
106720,1.2400933792093992e-07,2.5851868683704337e-07,1.0,1.0,30.637836507281772
106730,1.228952480900591e-07,2.5116568149237194e-07,1.0,1.0,30.643102215146243
106740,1.0411955891682836e-07,2.7455281196786163e-07,1.0,1.0,30.65046734570914
106750,1.2853233674059532e-07,2.60115733267376e-07,1.0,1.0,30.652721201751426
106760,1.0748408203364974e-07,2.741607055675527e-07,1.0,1.0,30.65605517132704
106770,9.87105570205271e-08,2.470757300761581e-07,1.0,1.0,30.65739901894099
106780,1.0433311910874752e-07,2.5175664145552407e-07,1.0,1.0,30.654464275585916
106790,1.0696235813800312e-07,2.7538670066926633e-07,1.0,1.0,30.64481453072397
106800,1.0966680316861793e-07,2.6073750918604746e-07,1.0,1.0,30.63864407331792
106810,1.1272408214701724e-07,2.765832416224225e-07,1.0,1.0,30.63972734015755
106820,1.0529176001396853e-07,2.663291450167801e-07,1.0,1.0,30.64218686360204
106830,1.1578096091161329e-07,2.463705621761872e-07,1.0,1.0,30.643763185550718
106840,1.0732432592510615e-07,2.58748865319815e-07,1.0,1.0,30.642601436381224
106850,1.1686436025729916e-07,2.6423946616184085e-07,1.0,1.0,30.644659591710468
106860,9.995773408904388e-08,2.628153470873616e-07,1.0,1.0,30.648406288552756
106870,1.0391792547905863e-07,2.4337689482294387e-07,1.0,1.0,30.649350713478164
106880,1.1300795773466495e-07,2.5188709502019756e-07,1.0,1.0,30.649223794244097
106890,1.0439672579602922e-07,2.510593938853511e-07,1.0,1.0,30.65066085773737
106900,1.0892448408045746e-07,2.576299557193708e-07,1.0,1.0,30.650173857929566
106910,1.2102092033012313e-07,2.728444803728603e-07,1.0,1.0,30.648158359045677
106920,9.571505584515008e-08,2.441283285364118e-07,1.0,1.0,30.647651460199
106930,9.792529028311469e-08,2.50480677063822e-07,1.0,1.0,30.644381463224885
106940,1.0312080723278546e-07,2.665663832151303e-07,1.0,1.0,30.6403788503348
106950,1.1120072347101961e-07,2.6949143019810805e-07,1.0,1.0,30.64145980815961
106960,1.208969252398192e-07,2.659672690648289e-07,1.0,1.0,30.64186366508303
106970,1.1749544745881594e-07,2.7200280184464653e-07,1.0,1.0,30.64515831708162
106980,1.0703626112188173e-07,2.4237060708971307e-07,1.0,1.0,30.6473308536703
106990,1.0667367703727787e-07,2.6875645745562547e-07,1.0,1.0,30.648576899011413
107000,1.0872921777568235e-07,2.850907629438325e-07,1.0,1.0,30.64376098436363
107010,1.0654955446275164e-07,2.7702166575542346e-07,1.0,1.0,30.641688731205164
107020,1.0623757633517484e-07,3.0975596971710903e-07,1.0,1.0,30.64562513760544
107030,1.1206378284294092e-07,2.913193491171363e-07,1.0,1.0,30.649468640913664
107040,1.0031554539800355e-07,2.8337552379621134e-07,1.0,1.0,30.64944463556365
107050,1.2087717131123073e-07,2.4685679109136424e-07,1.0,1.0,30.64835567338347
107060,1.08790182522825e-07,2.5134852499955195e-07,1.0,1.0,30.645241738827252
107070,1.0802980565927963e-07,2.5979406924293727e-07,1.0,1.0,30.64418758612407
107080,1.0563030859877862e-07,2.6682230048848346e-07,1.0,1.0,30.642010494837436
107090,1.0999237239520474e-07,2.714829391987456e-07,1.0,1.0,30.6468963672208
107100,1.0939004260611519e-07,2.457235051273393e-07,1.0,1.0,30.64666530798461
107110,1.1738373321876162e-07,2.5214946733523697e-07,1.0,1.0,30.64032316407947
107120,1.1658630366146669e-07,2.521240174862688e-07,1.0,1.0,30.638846175055804
107130,9.828633869174245e-08,2.45511701584319e-07,1.0,1.0,30.641716285528304
107140,1.1763085627189842e-07,2.5274171841694234e-07,1.0,1.0,30.640480422380744
107150,1.0605393208285742e-07,2.701365554720071e-07,1.0,1.0,30.643176172290264
107160,1.0057630389795781e-07,2.5889673768711126e-07,1.0,1.0,30.6459858837392
107170,1.1565382310861259e-07,2.55454551983491e-07,1.0,1.0,30.6490049963666
107180,1.1825253075888515e-07,2.6743995971112596e-07,1.0,1.0,30.65023655741079
107190,9.382263894190113e-08,2.84110946922665e-07,1.0,1.0,30.648256406794694
107200,1.2088437428109915e-07,2.4416526564584015e-07,1.0,1.0,30.644517129078285
107210,1.1650095684778837e-07,2.5105822807304505e-07,1.0,1.0,30.642397376315664
107220,9.376419443315224e-08,2.855024210099191e-07,1.0,1.0,30.64273710413561
107230,1.266067499286378e-07,2.6451989935382704e-07,1.0,1.0,30.635606000901824
107240,9.695657542498321e-08,2.6388065138536975e-07,1.0,1.0,30.64181336920421
107250,1.0311294912869893e-07,2.504760088910656e-07,1.0,1.0,30.642914505288612
107260,1.1916088110851966e-07,2.545207344409439e-07,1.0,1.0,30.642079507397558
107270,1.2571818199615247e-07,2.562503818385863e-07,1.0,1.0,30.643675409333433
107280,1.0040378135267077e-07,2.5637434544364536e-07,1.0,1.0,30.648770928755827
107290,1.0158013222154524e-07,2.478713105066266e-07,1.0,1.0,30.649201018509725
107300,1.0835981512200969e-07,2.470961394940075e-07,1.0,1.0,30.64668984092893
107310,9.456511125321552e-08,2.431411089543057e-07,1.0,1.0,30.64208051648567
107320,1.113090813522823e-07,3.088272898689974e-07,1.0,1.0,30.63881300199625
107330,1.2817497621335623e-07,2.790608872330777e-07,1.0,1.0,30.64010253037248
107340,1.0883586716918126e-07,2.704152295626077e-07,1.0,1.0,30.64359208859072
107350,1.412268865219779e-07,2.7528610920580523e-07,1.0,1.0,30.642336818518157
107360,1.1251971599639495e-07,2.7000674546884255e-07,1.0,1.0,30.64974972318434
107370,1.1415987027775395e-07,2.4510300864602647e-07,1.0,1.0,30.65584255898475
107380,1.0512782528888048e-07,2.595571487377629e-07,1.0,1.0,30.653924091506713
107390,1.0324730553934221e-07,2.866429449844062e-07,1.0,1.0,30.64548676921858
107400,1.0264384171320021e-07,2.532482137752108e-07,1.0,1.0,30.64311290083288
107410,1.2557458873262564e-07,2.629746821649432e-07,1.0,1.0,30.64107641327696
107420,1.0500313620356692e-07,2.512836422908583e-07,1.0,1.0,30.651166711275046
107430,9.759626640984414e-08,2.634825992127573e-07,1.0,1.0,30.655756864411625
107440,1.200341605540081e-07,3.084721232201867e-07,1.0,1.0,30.648614379179886
107450,1.0703566179295649e-07,2.6616341288580957e-07,1.0,1.0,30.648341583281603
107460,1.0246430021461544e-07,2.5157627906348764e-07,1.0,1.0,30.646169450531236
107470,1.0807161060928048e-07,2.563245786464875e-07,1.0,1.0,30.643841895864526
107480,1.0722570397314908e-07,2.563534613824691e-07,1.0,1.0,30.64050344352214
107490,1.0603935879061071e-07,2.5685884138487887e-07,1.0,1.0,30.64323460275355
107500,1.1210049066285803e-07,2.5293062189991634e-07,1.0,1.0,30.643802436064444
107510,1.0126523954059626e-07,2.3816908018061246e-07,1.0,1.0,30.645350879830637
107520,9.856509390624223e-08,2.6189220332170075e-07,1.0,1.0,30.643468849332283
107530,1.2284855987369223e-07,2.54415435291241e-07,1.0,1.0,30.64203223854589
107540,1.0379189977817987e-07,2.5835780031699446e-07,1.0,1.0,30.644604733239053
107550,1.1157159970466573e-07,3.2617648780800753e-07,1.0,1.0,30.64671869381257
107560,1.120866500091305e-07,2.457557154214692e-07,1.0,1.0,30.65120404672729
107570,1.0377961924546144e-07,2.7189702963200507e-07,1.0,1.0,30.649973738880544
107580,1.0796956315519018e-07,2.53823936237014e-07,1.0,1.0,30.645569167096145
107590,1.2842238649657977e-07,2.6977026527591073e-07,1.0,1.0,30.643059957291218
107600,1.1315676954900494e-07,2.7284776934650124e-07,1.0,1.0,30.64587257950799
107610,1.094314206299116e-07,2.7910221482415156e-07,1.0,1.0,30.648187679014256
107620,1.1905428654537947e-07,2.730845650414425e-07,1.0,1.0,30.647499316232224
107630,1.0881690311774083e-07,2.936284340499196e-07,1.0,1.0,30.647130184423066
107640,1.0562871786169995e-07,2.6682638948425556e-07,1.0,1.0,30.64805779804318
107650,1.1784527804267105e-07,2.548640523743725e-07,1.0,1.0,30.64605263420854
107660,1.1254041034835935e-07,2.5325601374185054e-07,1.0,1.0,30.64815749717779
107670,1.1570255953803414e-07,2.5126044617656854e-07,1.0,1.0,30.64608160017593
107680,1.245179962206977e-07,2.479186195232201e-07,1.0,1.0,30.641341417677424
107690,1.179394245317197e-07,2.6162288640491586e-07,1.0,1.0,30.641002318038787
107700,9.101054468152956e-08,2.532333621572093e-07,1.0,1.0,30.64199423531276
107710,1.3060427333951826e-07,2.62568430871863e-07,1.0,1.0,30.637062137369174
107720,1.07781967383243e-07,2.752045633350771e-07,1.0,1.0,30.6392363106263
107730,1.0693825598044478e-07,2.5594810956576786e-07,1.0,1.0,30.643479414703464
107740,1.00168082383422e-07,2.490600770288174e-07,1.0,1.0,30.646873402413867
107750,1.1094687467472675e-07,2.5906598014593026e-07,1.0,1.0,30.646541460090635
107760,1.0355837896156333e-07,2.462233582270939e-07,1.0,1.0,30.647252467514893
107770,1.2352299925956553e-07,2.5363314189915754e-07,1.0,1.0,30.648517909938157
107780,1.1119572524501703e-07,2.490249986902898e-07,1.0,1.0,30.653775068524766
107790,9.655537584472001e-08,2.428130943766192e-07,1.0,1.0,30.65604193390619
107800,1.1667049969700153e-07,2.6888210900336853e-07,1.0,1.0,30.650108082283843
107810,9.858498950310606e-08,2.6555621668446783e-07,1.0,1.0,30.64475709664641
107820,1.1205641564406448e-07,2.69713162100693e-07,1.0,1.0,30.64365851592443
107830,1.2188064444092288e-07,2.6543606395323144e-07,1.0,1.0,30.641446938890077
107840,1.2015518285262768e-07,2.5578891258309485e-07,1.0,1.0,30.642680316310067
107850,9.594436033862487e-08,2.575154887439868e-07,1.0,1.0,30.640991306036547
107860,1.1848540146356388e-07,2.6307467959325035e-07,1.0,1.0,30.639758994540855
107870,1.2791864597261514e-07,2.8284767768773e-07,1.0,1.0,30.642805248349344
107880,9.895037364406798e-08,2.629541460619854e-07,1.0,1.0,30.64519665418551
107890,1.0797347677606308e-07,2.6527362215036455e-07,1.0,1.0,30.644034437661805
107900,1.0554416978745759e-07,2.541385042155498e-07,1.0,1.0,30.643531161278155
107910,9.600349940842952e-08,2.565284794150413e-07,1.0,1.0,30.64322850075981
107920,1.2145395508540418e-07,2.8145976780088033e-07,1.0,1.0,30.64103357983352
107930,1.1691779190109559e-07,2.5979995230477084e-07,1.0,1.0,30.647825398497087
107940,9.600301348626768e-08,2.782988780131362e-07,1.0,1.0,30.64885825496563
107950,1.1366038921259147e-07,2.839654850605513e-07,1.0,1.0,30.64471191858347
107960,1.1124521942160274e-07,2.514270714338882e-07,1.0,1.0,30.64976618661819
107970,9.949040174704656e-08,2.4037644600384136e-07,1.0,1.0,30.650752137710533
107980,1.0616932276975648e-07,2.710741841731047e-07,1.0,1.0,30.64421700653063
107990,1.0311886735038916e-07,2.6719203530263425e-07,1.0,1.0,30.64094605062023
108000,9.871768300574037e-08,2.6326256405270305e-07,1.0,1.0,30.6391978283694
108010,1.2520744291469485e-07,2.5662273980652726e-07,1.0,1.0,30.637871192024082
108020,1.0789989903432952e-07,2.8692182984154915e-07,1.0,1.0,30.641408279287557
108030,1.0490679860901592e-07,2.797500384762428e-07,1.0,1.0,30.647983928591866
108040,1.1256900095798486e-07,2.5891898283198054e-07,1.0,1.0,30.647124727354363
108050,1.0923999332694269e-07,2.7380150991805295e-07,1.0,1.0,30.64271900625261
108060,1.0827771502349833e-07,2.5265062950026225e-07,1.0,1.0,30.640669565026734
108070,1.2378676243443492e-07,2.527934379931812e-07,1.0,1.0,30.64569690567915
108080,1.0178362051726152e-07,2.791844633340886e-07,1.0,1.0,30.64656583703558
108090,1.2662057120445632e-07,3.0113589412538914e-07,1.0,1.0,30.64718652918609
108100,9.869708215588136e-08,2.9314911522090537e-07,1.0,1.0,30.6495725977931
108110,9.680576519567314e-08,2.619618990035776e-07,1.0,1.0,30.6499836402215
108120,9.479095683991382e-08,2.5581639114693344e-07,1.0,1.0,30.64530595827796
108130,1.0524092155442638e-07,2.462035516890183e-07,1.0,1.0,30.643617888720122
108140,1.1256651516480071e-07,2.8499089281343525e-07,1.0,1.0,30.64060737585054
108150,1.0903930201256265e-07,2.871414091034994e-07,1.0,1.0,30.64158451721763
108160,1.3222886380544645e-07,2.549361307478124e-07,1.0,1.0,30.642473215446834
108170,1.0347292944725616e-07,2.660700679466827e-07,1.0,1.0,30.647199136091366
108180,8.815675256842413e-08,2.5009229238332655e-07,1.0,1.0,30.645607086225553
108190,1.0857484059883614e-07,2.4861520999373233e-07,1.0,1.0,30.639142125077015
108200,1.1169510923441628e-07,2.6053087376729687e-07,1.0,1.0,30.63977810069989
108210,1.2562690522808113e-07,2.5152484443967994e-07,1.0,1.0,30.64681462472681
108220,1.0908492536939622e-07,2.6260395920171507e-07,1.0,1.0,30.648925807098145
108230,1.1342917207151997e-07,2.4205282730685697e-07,1.0,1.0,30.650340840345663
108240,1.1536531027557115e-07,2.643733857348557e-07,1.0,1.0,30.652755017870913
108250,1.1097538491215501e-07,2.5110222209744604e-07,1.0,1.0,30.650497222270783
108260,9.941320245924244e-08,2.550179215069665e-07,1.0,1.0,30.646287634950557
108270,1.1025484875904953e-07,2.5382591648399224e-07,1.0,1.0,30.64536356239814
108280,1.1727767608463101e-07,2.6430785126784056e-07,1.0,1.0,30.64682656013476
108290,1.268791207543603e-07,2.7690844230288344e-07,1.0,1.0,30.645412292631075
108300,1.0840611166503278e-07,2.781681151599615e-07,1.0,1.0,30.645771578070267
108310,1.2442699040528885e-07,2.566185516724122e-07,1.0,1.0,30.642899396023807
108320,1.070666360975493e-07,2.760023747184052e-07,1.0,1.0,30.643230628505766
108330,1.1053086857328584e-07,2.575337576826286e-07,1.0,1.0,30.641830803285384
108340,1.227811084526687e-07,2.67076069027569e-07,1.0,1.0,30.639458935276195
108350,1.046496805622025e-07,2.5591201651096926e-07,1.0,1.0,30.643329608112275
108360,1.0964934216107663e-07,3.0540121126342155e-07,1.0,1.0,30.643226049622392
108370,1.0862271610274997e-07,2.5232874963036e-07,1.0,1.0,30.64337849779953
108380,1.0246652608410983e-07,2.832027567674754e-07,1.0,1.0,30.64063756051986
108390,9.953269072958842e-08,2.7058529101869625e-07,1.0,1.0,30.63851560946293
108400,1.1263457143061631e-07,2.6619722743679947e-07,1.0,1.0,30.640829452431106
108410,1.1277711249395077e-07,2.957784673889876e-07,1.0,1.0,30.643766475564618
108420,9.787175773126641e-08,3.0444227979587904e-07,1.0,1.0,30.64743369889437
108430,1.1338257837561719e-07,2.567344393661294e-07,1.0,1.0,30.6497307506039
108440,9.468143720493043e-08,2.55272475041115e-07,1.0,1.0,30.65199948436923
108450,9.54810122813842e-08,2.735386481113794e-07,1.0,1.0,30.647393875219052
108460,1.0719953070702634e-07,2.5807032561324057e-07,1.0,1.0,30.643869517425323
108470,1.0373610035499344e-07,2.612095081037555e-07,1.0,1.0,30.642644105421184
108480,1.1495823583050234e-07,2.568674384836915e-07,1.0,1.0,30.6393473993924
108490,1.031914585096579e-07,2.656126264463609e-07,1.0,1.0,30.63831614225517
108500,1.0314406567202194e-07,2.615178417626495e-07,1.0,1.0,30.63830663143375
108510,1.1419315300300649e-07,2.7137280022191386e-07,1.0,1.0,30.645927168296495
108520,1.0998355044254104e-07,3.1014915251362945e-07,1.0,1.0,30.657845681967043
108530,9.276459354171766e-08,2.486692688694257e-07,1.0,1.0,30.655655049525116
108540,1.0420279340361635e-07,2.523753437265776e-07,1.0,1.0,30.64773024878307
108550,1.198765818947145e-07,3.427251829688676e-07,1.0,1.0,30.64049693847037
108560,1.1210735292576105e-07,2.585791342313985e-07,1.0,1.0,30.646988430460674
108570,1.0273699067455648e-07,2.440795524829278e-07,1.0,1.0,30.650687312738032
108580,1.0983289840983666e-07,2.684502254500479e-07,1.0,1.0,30.64417457049222
108590,9.445984874004311e-08,2.5385071617874467e-07,1.0,1.0,30.640410376939826
108600,1.0111519988551098e-07,2.6472704933434117e-07,1.0,1.0,30.638413057340287
108610,1.153142602462728e-07,2.510245601413724e-07,1.0,1.0,30.63849031451274
108620,1.0762735536872951e-07,2.623629471497857e-07,1.0,1.0,30.63985520233823
108630,1.1372531759404451e-07,2.8436219469609803e-07,1.0,1.0,30.64023021263463
108640,1.083273971813211e-07,3.1522938296417044e-07,1.0,1.0,30.641880352700568
108650,1.1128709809559895e-07,2.7689686656378414e-07,1.0,1.0,30.64355395587362
108660,1.1405117997354189e-07,2.491328751354793e-07,1.0,1.0,30.64434243015083
108670,1.0848468971814105e-07,2.5609179300274953e-07,1.0,1.0,30.647883317504828
108680,1.124515095909442e-07,2.4839964514169015e-07,1.0,1.0,30.644367084495286
108690,1.0935575347165624e-07,2.9014068040910543e-07,1.0,1.0,30.642584338783536
108700,1.208527743082532e-07,2.6614274209731034e-07,1.0,1.0,30.644692809434524
108710,1.0957807820939794e-07,2.9746051140028016e-07,1.0,1.0,30.653857228396056
108720,1.028188788953556e-07,2.3603444528796363e-07,1.0,1.0,30.656845003638153
108730,1.1850146713759012e-07,2.5003807734427193e-07,1.0,1.0,30.651627204297505
108740,1.047327769883309e-07,2.6809523697162075e-07,1.0,1.0,30.64399500726918
108750,1.1362495273189573e-07,2.805146790069546e-07,1.0,1.0,30.638342103856964
108760,1.1671030750366814e-07,2.7264616411043616e-07,1.0,1.0,30.635266175281874
108770,1.0985773920488983e-07,2.57467313016149e-07,1.0,1.0,30.64083695395806
108780,1.0267489980935882e-07,2.447078924800591e-07,1.0,1.0,30.642316944725415
108790,1.0427248491136416e-07,2.696787386774553e-07,1.0,1.0,30.641588432419194
108800,1.2106591241284312e-07,2.58555831648917e-07,1.0,1.0,30.644881865203157
108810,1.0341580280193841e-07,2.4602796944435357e-07,1.0,1.0,30.647240674028836
108820,1.2961495659074083e-07,2.691246433972528e-07,1.0,1.0,30.64649626773254
108830,1.0811129543888776e-07,2.4681713903448936e-07,1.0,1.0,30.647595473957487
108840,1.0624965569842323e-07,2.593365160941561e-07,1.0,1.0,30.647237387864774
108850,1.203389902054416e-07,2.622052397921527e-07,1.0,1.0,30.645523929334242
108860,1.1198933614918709e-07,2.660275796376491e-07,1.0,1.0,30.641284956265153
108870,1.1798837237772853e-07,2.763744784048643e-07,1.0,1.0,30.63907253760825
108880,1.253775317970423e-07,2.607723509983063e-07,1.0,1.0,30.64324532611746
108890,1.2261463752517252e-07,2.9171379002668317e-07,1.0,1.0,30.664723938701513
108900,1.0508709898688411e-07,2.59671349620085e-07,1.0,1.0,30.719677768578254
108910,1.3118134735858463e-07,2.4715009386469936e-07,1.0,1.0,30.756488052393365
108920,9.566677517305054e-08,2.3545454257499248e-07,1.0,1.0,30.7546551834974
108930,9.055037774000474e-08,2.547741343720365e-07,1.0,1.0,30.71324543967502
108940,1.1379719052562392e-07,3.014949474832262e-07,1.0,1.0,30.666974722230208
108950,1.2409964495074505e-07,2.891656254082297e-07,1.0,1.0,30.638119908029257
108960,1.0415230478925303e-07,3.133319953262991e-07,1.0,1.0,30.628447397897894
108970,1.1838341781756005e-07,2.7945767541229056e-07,1.0,1.0,30.630684050337177
108980,1.0497191965484709e-07,3.0192096770038873e-07,1.0,1.0,30.64065959657026
108990,1.0432659107418884e-07,3.0190209336523155e-07,1.0,1.0,30.646649105555078
109000,1.235531507760238e-07,2.767263941910998e-07,1.0,1.0,30.643490124095504
109010,1.0684857235573396e-07,2.8276917381292796e-07,1.0,1.0,30.64343052814354
109020,1.0373803399603074e-07,2.831808247110455e-07,1.0,1.0,30.64807226595908
109030,1.31499091320547e-07,2.6905100205644275e-07,1.0,1.0,30.64942863380464
109040,1.0419198004970854e-07,2.87938064124156e-07,1.0,1.0,30.654475304348363
109050,1.0081407989289151e-07,3.5182974726011014e-07,1.0,1.0,30.657229538762884
109060,1.263867411413232e-07,2.585269171527954e-07,1.0,1.0,30.659838125289777
109070,1.1047982123175661e-07,2.731096867134308e-07,1.0,1.0,30.657993158616797
109080,1.042645182807783e-07,3.118308140897828e-07,1.0,1.0,30.651490563328707
109090,1.2407899592711456e-07,2.7371758364364944e-07,1.0,1.0,30.654649476425828
109100,1.1803452706631147e-07,2.76522631552586e-07,1.0,1.0,30.66115356394245
109110,1.0363973038206896e-07,2.674871123217058e-07,1.0,1.0,30.663051936971232
109120,1.0375056599989007e-07,2.693796873570798e-07,1.0,1.0,30.65552200043435
109130,1.066824477142811e-07,2.574597565650506e-07,1.0,1.0,30.650967498763144
109140,1.0216162944550843e-07,2.9865635797378144e-07,1.0,1.0,30.648149159679942
109150,1.2509265955810236e-07,3.143232083987417e-07,1.0,1.0,30.650891084223655
109160,1.0273275739968507e-07,2.71803699400017e-07,1.0,1.0,30.65689107977326
109170,9.982381094157542e-08,2.9084814476473743e-07,1.0,1.0,30.657219978237723
109180,1.2095960474207258e-07,2.603761360896386e-07,1.0,1.0,30.65206475649168
109190,1.1479319349773369e-07,2.8718743182122906e-07,1.0,1.0,30.653951135917715
109200,1.0216778243134383e-07,2.772247283721587e-07,1.0,1.0,30.660182672968244
109210,1.097837553196883e-07,2.632695059769082e-07,1.0,1.0,30.66090601733893
109220,1.0164882289261275e-07,2.4440732297390957e-07,1.0,1.0,30.66377656823418
109230,1.0193621805719196e-07,2.450810801812336e-07,1.0,1.0,30.6647045985235
109240,1.2076988220485125e-07,2.719209188805116e-07,1.0,1.0,30.655158295764085
109250,1.1253973680222192e-07,2.5871421779602623e-07,1.0,1.0,30.654167103649765
109260,1.1427937480515129e-07,2.389893548580827e-07,1.0,1.0,30.65284988375529
109270,1.1375279451548934e-07,2.814484731899518e-07,1.0,1.0,30.651829301892842
109280,1.1203022258268078e-07,2.6855341437498313e-07,1.0,1.0,30.65196294575231
109290,9.292491831337385e-08,2.585099084811695e-07,1.0,1.0,30.650826763322844
109300,1.2804364444768305e-07,2.846389610569494e-07,1.0,1.0,30.64576955649874
109310,1.1270235432307758e-07,2.464911134291948e-07,1.0,1.0,30.652602457551883
109320,1.0669589628159287e-07,2.523684591091291e-07,1.0,1.0,30.651887062183516
109330,1.3953637688853624e-07,2.589904615243798e-07,1.0,1.0,30.65041664693924
109340,1.0960368658655848e-07,2.8144075595134203e-07,1.0,1.0,30.65686082710756
109350,9.86043424260291e-08,2.531587340908063e-07,1.0,1.0,30.65980979030462
109360,1.061872036391378e-07,2.8437908369543503e-07,1.0,1.0,30.658133006048875
109370,1.1161591680630309e-07,2.426112063752475e-07,1.0,1.0,30.653644394411817
109380,1.0282967519691851e-07,2.6201581194290655e-07,1.0,1.0,30.651299313734057
109390,1.1253239330572459e-07,2.641129054199055e-07,1.0,1.0,30.650526612303786
109400,9.662427484858189e-08,2.700670620317071e-07,1.0,1.0,30.65151129194785
109410,1.1684021993856005e-07,2.502528518861921e-07,1.0,1.0,30.65011329918496
109420,1.0784643432221199e-07,2.722130027390007e-07,1.0,1.0,30.649566220269158
109430,1.1777044236873187e-07,2.7392018334953284e-07,1.0,1.0,30.648925836671417
109440,1.0133452479488348e-07,2.5462209651087825e-07,1.0,1.0,30.647366397010817
109450,1.1621339651630587e-07,2.85670246851722e-07,1.0,1.0,30.64564980580911
109460,1.067286914177808e-07,2.6136076956551333e-07,1.0,1.0,30.650373064867182
109470,1.0069662200539009e-07,2.695319558876305e-07,1.0,1.0,30.65233057222405
109480,1.195658589320608e-07,2.6041970790250783e-07,1.0,1.0,30.647241775825936
109490,1.2727806130554066e-07,2.666502697400973e-07,1.0,1.0,30.65176468883116
109500,1.0580517265246615e-07,2.5414199909013e-07,1.0,1.0,30.653664771733293
109510,1.0894126695597489e-07,2.608233885202546e-07,1.0,1.0,30.650192129294528
109520,1.1858124139476379e-07,2.5370154673219746e-07,1.0,1.0,30.65161885380215
109530,1.0972739306925149e-07,2.603863966761515e-07,1.0,1.0,30.65056621291226
109540,1.1233984070778205e-07,2.562270060897599e-07,1.0,1.0,30.647247492070314
109550,1.0945781933170667e-07,2.48630851745985e-07,1.0,1.0,30.647154478764364
109560,1.1465351918937027e-07,2.9080036506169797e-07,1.0,1.0,30.653596473357045
109570,1.0198135769767905e-07,2.414380546897246e-07,1.0,1.0,30.660384043395176
109580,9.840116163349802e-08,2.522063702003778e-07,1.0,1.0,30.65645895550497
109590,1.0955546753128484e-07,2.56795037122343e-07,1.0,1.0,30.652103438362325
109600,1.038978268088261e-07,2.976138208416716e-07,1.0,1.0,30.64926113495769
109610,1.1298520655460445e-07,2.814349468147229e-07,1.0,1.0,30.64754705809444
109620,1.0049235558072643e-07,2.6308825129584533e-07,1.0,1.0,30.65009509885968
109630,1.1566350409904344e-07,2.423091985946576e-07,1.0,1.0,30.65160277649071
109640,1.019009040658485e-07,2.6008488892930476e-07,1.0,1.0,30.65114627778436
109650,1.0209974561483027e-07,2.561316151720085e-07,1.0,1.0,30.64707603152637
109660,1.1019254098568528e-07,2.5006719963810827e-07,1.0,1.0,30.645699740131647
109670,1.0628226053425236e-07,2.5050506097988484e-07,1.0,1.0,30.64870460458907
109680,9.942119058407236e-08,2.720229088747138e-07,1.0,1.0,30.652778682897125
109690,1.2269316289345597e-07,2.721733275053263e-07,1.0,1.0,30.648609996941335
109700,1.0359116031918348e-07,2.6590541005250837e-07,1.0,1.0,30.648468963914436
109710,9.904047194987322e-08,2.613489585692301e-07,1.0,1.0,30.648662366473825
109720,1.1886158451751567e-07,2.509374279080992e-07,1.0,1.0,30.64363438870023
109730,1.1714504963913713e-07,2.554292823033245e-07,1.0,1.0,30.651662834244654
109740,9.290363060878158e-08,2.452869589308642e-07,1.0,1.0,30.654127241319088
109750,1.0958610160775536e-07,2.7289367262847715e-07,1.0,1.0,30.64591996800204
109760,1.1043958140428725e-07,2.637968271141727e-07,1.0,1.0,30.644083556749266
109770,9.747108988118441e-08,2.4260965496682515e-07,1.0,1.0,30.647054469888324
109780,1.1110524575804215e-07,2.6645530586454925e-07,1.0,1.0,30.64619856849247
109790,1.207425381537458e-07,2.4458280047864967e-07,1.0,1.0,30.64930016074234
109800,1.0883026324260541e-07,2.5956967253366735e-07,1.0,1.0,30.655501547567386
109810,1.1200970130474007e-07,2.497978833232317e-07,1.0,1.0,30.653855535878215
109820,1.0996316953383487e-07,2.594789286127712e-07,1.0,1.0,30.650967506729724
109830,9.6286362869004e-08,2.6300195717476044e-07,1.0,1.0,30.64678060846778
109840,1.1594088762419087e-07,2.708236543487113e-07,1.0,1.0,30.637859548725764
109850,1.0709701157676191e-07,3.885551577675684e-07,1.0,1.0,30.64222145599557
109860,1.1758316277687643e-07,3.0164885313179084e-07,1.0,1.0,30.655482268891383
109870,1.0582943672452834e-07,2.762350436671883e-07,1.0,1.0,30.661241054813633
109880,1.0810750660520751e-07,2.5057998841718683e-07,1.0,1.0,30.658405839182784
109890,1.1686807094655171e-07,2.5317703770095766e-07,1.0,1.0,30.655406097330783
109900,1.1846098510530902e-07,2.504934190066195e-07,1.0,1.0,30.651312279455894
109910,1.1240555257077505e-07,2.5205243281713106e-07,1.0,1.0,30.6449494508011
109920,9.691165422512459e-08,3.101466014554244e-07,1.0,1.0,30.64407441886784
109930,1.1448059824525054e-07,2.742782587442951e-07,1.0,1.0,30.643370926192933
109940,1.3043523465747795e-07,2.564914742564813e-07,1.0,1.0,30.64841950015125
109950,1.3303765512957526e-07,2.4830882335677763e-07,1.0,1.0,30.658713734408284
109960,1.0506001506523079e-07,2.465972438993647e-07,1.0,1.0,30.668347672941177
109970,1.0696528646422372e-07,3.2815252096583087e-07,1.0,1.0,30.667314453659145
109980,9.909907672481282e-08,2.7567055472416026e-07,1.0,1.0,30.664425998635206
109990,9.743138137424192e-08,2.893297192951182e-07,1.0,1.0,30.655325947090684
110000,1.0015727778845783e-07,2.5025872535707595e-07,1.0,1.0,30.65265156102051
110010,1.2000844803980995e-07,2.5771626097071627e-07,1.0,1.0,30.64955130245057
110020,1.107494473794197e-07,2.73730822939127e-07,1.0,1.0,30.64729061895849
110030,1.0925856261303285e-07,2.677142593735181e-07,1.0,1.0,30.643116548054078
110040,1.263854183051595e-07,2.555793231244306e-07,1.0,1.0,30.64547122061971
110050,1.100616532104815e-07,2.670769515367623e-07,1.0,1.0,30.645605663088695
110060,1.0147004181036057e-07,2.859065666458903e-07,1.0,1.0,30.64520262310087
110070,1.0141915762372883e-07,2.8346305424402753e-07,1.0,1.0,30.64769063152233
110080,1.0849467175792572e-07,2.547312657303519e-07,1.0,1.0,30.647164864085617
110090,1.0986820131187801e-07,2.524938372528875e-07,1.0,1.0,30.647939635317943
110100,1.0428309079066518e-07,2.534844931571071e-07,1.0,1.0,30.648027408281838
110110,1.1446647921459057e-07,2.692536686896692e-07,1.0,1.0,30.646765431245004
110120,1.1419683695033829e-07,2.5329983293131606e-07,1.0,1.0,30.651416560686073
110130,1.1348189187495057e-07,2.45536679185755e-07,1.0,1.0,30.65259536995051
110140,1.1149048764335255e-07,2.5740332751553714e-07,1.0,1.0,30.649327509423983
110150,9.964355668571207e-08,2.5931394428775067e-07,1.0,1.0,30.645562713936744
110160,1.0257958989364231e-07,2.825704027599902e-07,1.0,1.0,30.64422584877852
110170,1.2143024424279853e-07,3.01224307158721e-07,1.0,1.0,30.643223707022894
110180,1.0542240093222687e-07,2.6050883019205486e-07,1.0,1.0,30.647099721507907
110190,1.0592755105118854e-07,2.677607814953012e-07,1.0,1.0,30.647543953886128
110200,1.0404380037277279e-07,2.7408556923442315e-07,1.0,1.0,30.645877457726314
110210,1.152398272354407e-07,2.668621352279927e-07,1.0,1.0,30.643617411497225
110220,1.1142395345678493e-07,2.49232638946877e-07,1.0,1.0,30.64629088410213
110230,1.1985015109238575e-07,2.592002280714748e-07,1.0,1.0,30.651088488879505
110240,9.956631725340188e-08,2.6334647677505057e-07,1.0,1.0,30.64781102404655
110250,9.914974656046091e-08,2.766483738518508e-07,1.0,1.0,30.645853793069428
110260,1.1661925684155239e-07,3.230852118211272e-07,1.0,1.0,30.646112871553708
110270,1.0128014921634393e-07,3.036084094316985e-07,1.0,1.0,30.657671609927473
110280,1.00781558965424e-07,2.739773785279369e-07,1.0,1.0,30.66202675522002
110290,1.0165091090173053e-07,2.513257010363677e-07,1.0,1.0,30.66206683525613
110300,1.1265342692986967e-07,2.656321292041346e-07,1.0,1.0,30.651958862865655
110310,1.1166992776725256e-07,2.8868762953134885e-07,1.0,1.0,30.64364745490812
110320,1.186582899196314e-07,3.1851740938778555e-07,1.0,1.0,30.644124349311323
110330,1.0769268925392868e-07,2.664365977547507e-07,1.0,1.0,30.65913014592968
110340,1.0557555040853937e-07,2.537275956658114e-07,1.0,1.0,30.66443058767926
110350,9.72641002448557e-08,2.912476394835257e-07,1.0,1.0,30.662580283283233
110360,9.56878126920216e-08,2.509723471401087e-07,1.0,1.0,30.65328735018724
110370,1.0548284873705788e-07,2.583962482132934e-07,1.0,1.0,30.643275577634242
110380,1.1518793647382608e-07,2.679980180444729e-07,1.0,1.0,30.634907727556325
110390,1.1562809858285866e-07,2.6287345691533854e-07,1.0,1.0,30.64102940573482
110400,1.0570396981302353e-07,2.525182641364395e-07,1.0,1.0,30.65009922959529
110410,1.2335898017463193e-07,2.515788774587122e-07,1.0,1.0,30.650498694980282
110420,1.0034639790014727e-07,2.6738240404197105e-07,1.0,1.0,30.650554235086975
110430,9.682286073741581e-08,2.555439242471592e-07,1.0,1.0,30.643389355923013
110440,1.1532376375998137e-07,2.694340881234203e-07,1.0,1.0,30.637824011527474
110450,1.172693861491471e-07,2.6867601218419587e-07,1.0,1.0,30.64313477804985
110460,1.121493031501098e-07,2.542933925163154e-07,1.0,1.0,30.646708378508926
110470,1.0604701907701394e-07,2.735350115068573e-07,1.0,1.0,30.64826669409841
110480,1.0634559382567977e-07,2.537557361719263e-07,1.0,1.0,30.646190925331037
110490,1.0868441893057664e-07,2.774910514534277e-07,1.0,1.0,30.64517762721221
110500,1.2603157322710532e-07,2.72186183769799e-07,1.0,1.0,30.645346951415206
110510,1.1052777618844301e-07,3.4977564392793674e-07,1.0,1.0,30.652728643268244
110520,1.1946219466868487e-07,2.754817804451867e-07,1.0,1.0,30.6610141645191
110530,1.1100458584250784e-07,3.076483548431478e-07,1.0,1.0,30.65978296144792
110540,1.0407613986709102e-07,2.606470593741083e-07,1.0,1.0,30.653335973020823
110550,9.878134157518176e-08,2.519193048407376e-07,1.0,1.0,30.647010886317947
110560,1.0339510219424704e-07,2.6054917089140905e-07,1.0,1.0,30.640874336902016
110570,1.1292232063094392e-07,2.5037165367421186e-07,1.0,1.0,30.640626597123443
110580,9.900683281090819e-08,2.729122352334321e-07,1.0,1.0,30.645597114622912
110590,1.0671936301937365e-07,2.6104446938785244e-07,1.0,1.0,30.647631768735025
110600,1.0276224502647541e-07,2.4438559028572753e-07,1.0,1.0,30.646487453362074
110610,1.164506386340421e-07,2.608928692029829e-07,1.0,1.0,30.650272855621377
110620,1.2963689260508578e-07,2.574121507285318e-07,1.0,1.0,30.65379455096977
110630,9.462826638502997e-08,2.5736877615646275e-07,1.0,1.0,30.660279661857153
110640,1.1834312194811107e-07,2.799486479470734e-07,1.0,1.0,30.654425260860446
110650,1.1352957403386959e-07,2.5760675525898755e-07,1.0,1.0,30.647620013532315
110660,1.1335994107880043e-07,2.951975890606193e-07,1.0,1.0,30.644667968006118
110670,1.0546206469573608e-07,3.3511505399301664e-07,1.0,1.0,30.645369812458302
110680,1.1752953284180275e-07,2.6104975176196736e-07,1.0,1.0,30.643970760511987
110690,1.0744150278228155e-07,2.6906696437059016e-07,1.0,1.0,30.644697166720754
110700,1.0689401181526394e-07,2.639446755284128e-07,1.0,1.0,30.643000172387218
110710,1.3119222145975737e-07,2.738542671689309e-07,1.0,1.0,30.639305502016988
110720,1.0972225428509647e-07,2.6768781643286433e-07,1.0,1.0,30.643596813039135
110730,1.1626168750246013e-07,2.558224980832083e-07,1.0,1.0,30.64620778212644
110740,1.0713016716405665e-07,2.5100052523954945e-07,1.0,1.0,30.647166074305037
110750,1.1708089862931319e-07,2.7694474805326525e-07,1.0,1.0,30.644368911503697
110760,1.0865958517257879e-07,2.5817263991968315e-07,1.0,1.0,30.648577563134012
110770,1.0489511884945138e-07,2.6894511141058216e-07,1.0,1.0,30.649275891029337
110780,1.0270215893602726e-07,2.562876853028584e-07,1.0,1.0,30.645809111316677
110790,1.0164452501944342e-07,2.789805932574552e-07,1.0,1.0,30.646575293376692
110800,1.2219896811109767e-07,2.6384904596934096e-07,1.0,1.0,30.644607054462714
110810,1.198085107214688e-07,2.903464248803707e-07,1.0,1.0,30.65397188172461
110820,1.0237415390483898e-07,2.362608323101442e-07,1.0,1.0,30.66183768623959
110830,1.1279484081375416e-07,2.8379027644859815e-07,1.0,1.0,30.654613169299218
110840,1.0449600968197541e-07,3.0809915895479526e-07,1.0,1.0,30.64927216184381
110850,1.1176044834960693e-07,2.469267007863154e-07,1.0,1.0,30.647290417146653
110860,1.1416894295691588e-07,2.7096409763561614e-07,1.0,1.0,30.641541591142378
110870,1.1441114885606872e-07,2.445961903738364e-07,1.0,1.0,30.641009274439277
110880,1.2261619152271244e-07,2.6161583315257785e-07,1.0,1.0,30.644467143902116
110890,1.2345018322608258e-07,2.5104421446377716e-07,1.0,1.0,30.64881807639744
110900,1.0987125853268677e-07,2.6101872478314006e-07,1.0,1.0,30.647716785474728
110910,1.0494138081106657e-07,2.630936454628185e-07,1.0,1.0,30.647023588651106
110920,1.1195201452143385e-07,2.504476969630578e-07,1.0,1.0,30.646979717057192
110930,1.2077904341874405e-07,2.576298219076274e-07,1.0,1.0,30.642790594441546
110940,1.0676786052419743e-07,2.744141653215158e-07,1.0,1.0,30.64245991972782
110950,1.202723274493995e-07,2.491916036547578e-07,1.0,1.0,30.645063451673142
110960,1.0044420725254665e-07,2.974690822665904e-07,1.0,1.0,30.643668919069988
110970,1.0418427268827485e-07,2.717880772751914e-07,1.0,1.0,30.644989263059667
110980,1.1216465428604901e-07,2.510406501615295e-07,1.0,1.0,30.64117655522594
110990,1.0873373755677758e-07,3.007498788771773e-07,1.0,1.0,30.642024352181544
111000,9.447217298294043e-08,2.9026081340575773e-07,1.0,1.0,30.64646630797054
111010,1.2990722076104397e-07,2.781084353643674e-07,1.0,1.0,30.648533349348224
111020,9.910002300811415e-08,2.3881774441839286e-07,1.0,1.0,30.65031727711854
111030,1.0830086899596661e-07,2.488875485300356e-07,1.0,1.0,30.648039462021643
111040,1.1974705616362489e-07,2.6273225647413633e-07,1.0,1.0,30.645792438342347
111050,1.0282564472201037e-07,2.545200013214055e-07,1.0,1.0,30.64571540372013
111060,9.39840027810938e-08,2.4754561016031356e-07,1.0,1.0,30.643866314541803
111070,1.1901205364916535e-07,2.6789318552045586e-07,1.0,1.0,30.643721632954673
111080,1.1778160041482043e-07,2.524853236880394e-07,1.0,1.0,30.650481784803254
111090,1.0522450409431755e-07,2.730233502280877e-07,1.0,1.0,30.654310595713998
111100,1.0425063122482405e-07,2.5216241565826835e-07,1.0,1.0,30.64792096059416
111110,1.0593975365272545e-07,2.7265193896608685e-07,1.0,1.0,30.643164469633042
111120,1.2003072140128773e-07,2.660620408925655e-07,1.0,1.0,30.639321153202722
111130,1.1840986260262387e-07,2.5545002219855257e-07,1.0,1.0,30.641683044933853
111140,1.1298873174006568e-07,2.558067169708728e-07,1.0,1.0,30.645426175200978
111150,9.813599514618752e-08,2.610733631459928e-07,1.0,1.0,30.645964683231014
111160,1.0762502628911326e-07,2.483245212473641e-07,1.0,1.0,30.64587573292967
111170,1.1825843629222995e-07,2.611249155450973e-07,1.0,1.0,30.642536835323213
111180,1.1782830475847747e-07,2.573347896330937e-07,1.0,1.0,30.640477897618826
111190,1.4367365867553164e-07,2.648772249640349e-07,1.0,1.0,30.643934988421186
111200,9.929994756761692e-08,3.171992406945142e-07,1.0,1.0,30.652727467081938
111210,1.0348059100639702e-07,2.4334012075141835e-07,1.0,1.0,30.658324814296204
111220,9.978547659084515e-08,2.445685035907874e-07,1.0,1.0,30.651656428429323
111230,9.198011850284215e-08,2.6601315580520857e-07,1.0,1.0,30.645257208232326
111240,9.728679289054511e-08,2.4902188398299295e-07,1.0,1.0,30.639353511938577
111250,1.1539223988997491e-07,2.6490749966812714e-07,1.0,1.0,30.639802281082392
111260,1.0140354460909643e-07,2.834425784631819e-07,1.0,1.0,30.641183625415348
111270,1.1602899346799411e-07,2.732068645566439e-07,1.0,1.0,30.640576327095744
111280,1.1235942502014285e-07,2.6652812423853937e-07,1.0,1.0,30.642994316700637
111290,9.280260758318384e-08,2.628845354201675e-07,1.0,1.0,30.64572967801831
111300,1.0643831675266336e-07,2.6832757665702156e-07,1.0,1.0,30.64600668090785
111310,1.089719889773318e-07,2.60670279966786e-07,1.0,1.0,30.647966095497125
111320,1.0415069640035712e-07,2.545270873708178e-07,1.0,1.0,30.64927623398544
111330,1.1087041130558133e-07,2.432440842407837e-07,1.0,1.0,30.646925413395707
111340,1.2627315951160327e-07,2.6882517324312246e-07,1.0,1.0,30.64647944247194
111350,9.819832531889651e-08,2.77119628989154e-07,1.0,1.0,30.644490872258547
111360,1.141691871512633e-07,2.913903432560007e-07,1.0,1.0,30.64292880730223
111370,1.1809147002767446e-07,2.7522990406095903e-07,1.0,1.0,30.647280494867836
111380,1.0273307319477796e-07,2.647807781533946e-07,1.0,1.0,30.65201426361605
111390,9.956066063140157e-08,2.8002114183266864e-07,1.0,1.0,30.647568350055053
111400,1.1452420128261246e-07,2.6600275676921896e-07,1.0,1.0,30.64771124718371
111410,1.1740087066146735e-07,2.7955747618891164e-07,1.0,1.0,30.643382593538224
111420,1.055110428932251e-07,2.604057481525777e-07,1.0,1.0,30.643643167599524
111430,1.127733989972681e-07,2.5030976027520635e-07,1.0,1.0,30.6416394950828
111440,1.0136940372786283e-07,2.726052468312662e-07,1.0,1.0,30.640840045552586
111450,1.0660927934496119e-07,2.68281831780045e-07,1.0,1.0,30.639779422635428
111460,1.1167161016724816e-07,2.5356951804857375e-07,1.0,1.0,30.63981195417875
111470,1.1020406640772192e-07,2.763353781878809e-07,1.0,1.0,30.649617778423504
111480,1.095560492486972e-07,2.7139265958852035e-07,1.0,1.0,30.651954804740672
111490,1.2231996494680824e-07,2.4226876019636967e-07,1.0,1.0,30.649418102893645
111500,1.1575847889565336e-07,2.5701381332680846e-07,1.0,1.0,30.64338909143641
111510,1.0591276373773907e-07,2.4931575707773007e-07,1.0,1.0,30.63992970918428
111520,1.0953399989328872e-07,2.5099966339742284e-07,1.0,1.0,30.636245404766605
111530,1.2034612063315853e-07,2.62427718248025e-07,1.0,1.0,30.644376809606555
111540,1.0761328810115819e-07,2.4966420401745854e-07,1.0,1.0,30.645469955082216
111550,1.169132506307511e-07,2.5145907818466805e-07,1.0,1.0,30.650471608851813
111560,1.1321514800706353e-07,2.487857028779088e-07,1.0,1.0,30.653187435594322
111570,1.0189666370326857e-07,2.6865641061602586e-07,1.0,1.0,30.651738758015455
111580,1.0386929457086154e-07,2.4844813262823e-07,1.0,1.0,30.647543520815322
111590,1.0742996749050016e-07,2.7293863747758967e-07,1.0,1.0,30.64182515062418
111600,9.811479409219507e-08,2.7077355931932144e-07,1.0,1.0,30.640522823710334
111610,1.205541143735556e-07,2.683819129163327e-07,1.0,1.0,30.643086225661907
111620,1.186401455873522e-07,2.60055042695205e-07,1.0,1.0,30.64489787358447
111630,1.1351771361092736e-07,2.647136175428323e-07,1.0,1.0,30.648939600979027
111640,1.2696438927522618e-07,2.5791989187564953e-07,1.0,1.0,30.647408012385387
111650,1.0304581775557731e-07,2.549745912477918e-07,1.0,1.0,30.65024246278139
111660,1.1339297807533731e-07,2.6201055725397e-07,1.0,1.0,30.648004228078317
111670,1.1275225784761369e-07,2.7011796222565694e-07,1.0,1.0,30.645323383223026
111680,9.48322272916693e-08,2.8939728382375296e-07,1.0,1.0,30.644666727547985
111690,1.1513296581478036e-07,2.5839956659091157e-07,1.0,1.0,30.644428648081377
111700,1.1031110427701214e-07,2.557699910117426e-07,1.0,1.0,30.64579703313355
111710,1.1575331797512671e-07,2.57455170973659e-07,1.0,1.0,30.641934139344574
111720,1.1289263794760085e-07,2.54536626043981e-07,1.0,1.0,30.6454758984229
111730,1.1043074854820686e-07,2.44011370667471e-07,1.0,1.0,30.653993311721134
111740,1.1163485557967732e-07,2.6173230314639206e-07,1.0,1.0,30.652081757846943
111750,9.20158276836517e-08,2.867793888779222e-07,1.0,1.0,30.645576288621108
111760,1.1880065472074861e-07,2.706275475566019e-07,1.0,1.0,30.638163492437293
111770,1.0865486594929841e-07,2.756121237451366e-07,1.0,1.0,30.639702074785706
111780,1.116538667998714e-07,2.6878510712581753e-07,1.0,1.0,30.639242117131094
111790,1.1624642713842245e-07,2.6810049759777087e-07,1.0,1.0,30.642109335273577
111800,1.022451947308842e-07,2.651981072269772e-07,1.0,1.0,30.64126917526243
111810,1.1104993365936659e-07,2.7765045475884285e-07,1.0,1.0,30.643411542739138
111820,1.1568261926222029e-07,2.4830811069727673e-07,1.0,1.0,30.642915501780582
111830,1.1548733484860745e-07,2.63093152068046e-07,1.0,1.0,30.6438418097427
111840,1.0840659673609106e-07,2.5813677036140454e-07,1.0,1.0,30.65372048865011
111850,1.1080703182691396e-07,2.5417090560416304e-07,1.0,1.0,30.660880387530586
111860,1.0924486663710991e-07,2.4899991343399355e-07,1.0,1.0,30.653852991387517
111870,1.25017136731519e-07,2.5330925786682614e-07,1.0,1.0,30.650140936118873
111880,1.1601994891109561e-07,2.5628489784909303e-07,1.0,1.0,30.652251322896255
111890,1.1913106319493236e-07,2.446713640158482e-07,1.0,1.0,30.650188071604
111900,1.1294333942989743e-07,2.9494597265319875e-07,1.0,1.0,30.64887064668202
111910,1.0842333972315788e-07,2.7977418872636444e-07,1.0,1.0,30.645622633228566
111920,1.203076788543412e-07,2.6451723776261693e-07,1.0,1.0,30.641140663593802
111930,1.049351358254899e-07,2.439310353694616e-07,1.0,1.0,30.6407620066512
111940,1.243979590934684e-07,2.706013365966166e-07,1.0,1.0,30.644676634268812
111950,1.07423925841192e-07,2.5860659845858057e-07,1.0,1.0,30.643762976137246
111960,1.1681554138706548e-07,2.976944607549677e-07,1.0,1.0,30.643755342813414
111970,1.0532236610868523e-07,3.162203751687633e-07,1.0,1.0,30.6453195605554
111980,1.0122812903142113e-07,2.756035018898927e-07,1.0,1.0,30.650580172979055
111990,1.267608365533496e-07,3.101510579290006e-07,1.0,1.0,30.653727225363063
112000,1.1664454160291838e-07,2.7137285945908505e-07,1.0,1.0,30.655669723855965
112010,1.0633388949943193e-07,2.500535866160091e-07,1.0,1.0,30.653587309229163
112020,9.80889136188287e-08,2.462647437455294e-07,1.0,1.0,30.64552247326203
112030,1.1723593483777835e-07,2.650665971314867e-07,1.0,1.0,30.635014037641042
112040,1.0675526635116639e-07,2.7199376914352e-07,1.0,1.0,30.638572552105774
112050,1.0706009943285477e-07,2.5392274074797e-07,1.0,1.0,30.64065447207972
112060,1.1308921414982422e-07,2.674767693965375e-07,1.0,1.0,30.64541075254954
112070,9.311383761208872e-08,2.801273731087251e-07,1.0,1.0,30.648304046399826
112080,1.1194729639688272e-07,2.5458140713582826e-07,1.0,1.0,30.64710780503372
112090,1.126521527168155e-07,2.569220871167344e-07,1.0,1.0,30.644186075395574
112100,1.004243533544978e-07,2.4987547253834714e-07,1.0,1.0,30.645470414616746
112110,1.0336235838258178e-07,2.591563395959059e-07,1.0,1.0,30.645682120964953
112120,1.0251327901176377e-07,3.007429348055975e-07,1.0,1.0,30.64324676253691
112130,1.1768974086801078e-07,2.4608569141480224e-07,1.0,1.0,30.641690711114823
112140,1.0666113090691931e-07,2.5904484030638643e-07,1.0,1.0,30.647659317232524
112150,1.038110507236284e-07,2.55466292781657e-07,1.0,1.0,30.643905559024198
112160,1.0963548086016709e-07,2.5045483489831283e-07,1.0,1.0,30.644384092092128
112170,9.88324892527963e-08,2.4239899752341566e-07,1.0,1.0,30.64559541701479
112180,1.1469558050617223e-07,2.6619357592531497e-07,1.0,1.0,30.639932155493092
112190,1.0987151077786154e-07,2.8922952782592e-07,1.0,1.0,30.640575389056526
112200,9.486247902167668e-08,2.7976973319373873e-07,1.0,1.0,30.641760258874406
112210,1.1138404491265102e-07,2.8422273919471723e-07,1.0,1.0,30.641458747547457
112220,9.908992640849988e-08,2.629921541186566e-07,1.0,1.0,30.645134441850836
112230,1.0656684386170356e-07,2.409996410682564e-07,1.0,1.0,30.6457508991293
112240,1.0990376886302462e-07,2.875471999610415e-07,1.0,1.0,30.647031721293892
112250,9.956237535986123e-08,2.5116056383673367e-07,1.0,1.0,30.645387420051797
112260,1.088488606450977e-07,2.650509593315899e-07,1.0,1.0,30.643230971283042
112270,1.238440869086735e-07,2.975309569670134e-07,1.0,1.0,30.640333711158654
112280,1.0661044429818124e-07,2.570501600706641e-07,1.0,1.0,30.643081860003083
112290,1.0862325567286322e-07,2.646490809179497e-07,1.0,1.0,30.644522523607815
112300,1.0318076104288584e-07,2.7442451544292217e-07,1.0,1.0,30.644968302547067
112310,1.2018827058828105e-07,2.6561963729971427e-07,1.0,1.0,30.64250683668498
112320,1.1273973665256805e-07,2.61394608938722e-07,1.0,1.0,30.646413607194585
112330,1.1245214097748207e-07,2.3855613798973545e-07,1.0,1.0,30.64803951092656
112340,1.038424318157807e-07,2.408995531809312e-07,1.0,1.0,30.645687297003732
112350,1.1615271142380904e-07,2.480015726404746e-07,1.0,1.0,30.64422018637246
112360,1.3212925976616948e-07,2.617457684091459e-07,1.0,1.0,30.64414855356698
112370,1.0688668296908263e-07,2.6391553990212875e-07,1.0,1.0,30.64393911457029
112380,1.1855606547358945e-07,2.5788602191930355e-07,1.0,1.0,30.64425979586608
112390,1.0881117174377244e-07,2.610539357218579e-07,1.0,1.0,30.646948919838383
112400,1.031541226246546e-07,2.785918784667988e-07,1.0,1.0,30.646827902114442
112410,1.0390472345075859e-07,2.543477935013168e-07,1.0,1.0,30.645747197672545
112420,1.0716293844460796e-07,2.557668101213681e-07,1.0,1.0,30.64016275247439
112430,1.2944440822427484e-07,2.5685176228013075e-07,1.0,1.0,30.641468493342668
112440,1.0993602623164506e-07,2.4790293443315406e-07,1.0,1.0,30.64407295751127
112450,1.1180217339204109e-07,2.6473928199063294e-07,1.0,1.0,30.643148170601453
112460,1.1638528487306725e-07,2.52772052983267e-07,1.0,1.0,30.639711116083912
112470,1.0561736772728247e-07,2.9965077204275087e-07,1.0,1.0,30.641905621465483
112480,1.190091026213503e-07,2.593994121441727e-07,1.0,1.0,30.641929224914044
112490,1.0219588781447787e-07,2.4301146463477657e-07,1.0,1.0,30.646040348882792
112500,1.1069801874912947e-07,2.8828982146026895e-07,1.0,1.0,30.646379012974382
112510,1.2537492859880348e-07,2.913704156441607e-07,1.0,1.0,30.652547393072673
112520,9.88293676115304e-08,2.816166338123534e-07,1.0,1.0,30.6651435136089
112530,9.618000836464253e-08,3.0372950187502873e-07,1.0,1.0,30.66977218256735
112540,1.0879184013328134e-07,2.4629227270284555e-07,1.0,1.0,30.665242078264747
112550,9.440608636544021e-08,2.5166276273101885e-07,1.0,1.0,30.659784402051688
112560,9.7741444720163e-08,3.195839655426705e-07,1.0,1.0,30.651474686831467
112570,1.2159579954528626e-07,2.600542663613239e-07,1.0,1.0,30.64393335796859
112580,1.2142744100509904e-07,2.93437928906984e-07,1.0,1.0,30.643721971020344
112590,1.068828511756581e-07,2.5696672612802113e-07,1.0,1.0,30.648292543419714
112600,1.1421874056710388e-07,2.557929835171578e-07,1.0,1.0,30.65169047330149
112610,1.0356461591738936e-07,2.6322317246748766e-07,1.0,1.0,30.650621358451584
112620,9.842099469800954e-08,2.447350368618598e-07,1.0,1.0,30.64672142760627
112630,1.1787980924701491e-07,2.6107019988571665e-07,1.0,1.0,30.642530119124164
112640,1.2587687545816246e-07,2.6321317226587936e-07,1.0,1.0,30.643393900004067
112650,1.0117663249066964e-07,2.6298847949862483e-07,1.0,1.0,30.648989401633926
112660,1.0971234928636526e-07,2.4976748260900284e-07,1.0,1.0,30.64944208149137
112670,1.0732577298436966e-07,2.497627963265363e-07,1.0,1.0,30.649555166348648
112680,1.0489044858216965e-07,2.5447994442016884e-07,1.0,1.0,30.64815292348489
112690,1.1345163542612434e-07,2.8140283606254786e-07,1.0,1.0,30.646008748809585
112700,1.1644827609009489e-07,2.982199898633071e-07,1.0,1.0,30.641463205203625
112710,1.1010079522259008e-07,2.6665935743318427e-07,1.0,1.0,30.64467207445317
112720,1.0508121855175689e-07,2.545336968312785e-07,1.0,1.0,30.645241452123308
112730,1.0519182523385147e-07,2.634638128201698e-07,1.0,1.0,30.64089967198303
112740,1.1183786026138091e-07,2.789132539548363e-07,1.0,1.0,30.641372069850505
112750,1.2482371427189967e-07,2.731955825530935e-07,1.0,1.0,30.64519984836195
112760,1.0822166112532915e-07,2.3937486508832846e-07,1.0,1.0,30.653713141368957
112770,1.0688771395587639e-07,2.5406886229082484e-07,1.0,1.0,30.64823476237943
112780,1.252593287413991e-07,2.737076846808042e-07,1.0,1.0,30.643859938660064
112790,1.0244816289966422e-07,2.604464575019562e-07,1.0,1.0,30.640884612953332
112800,1.1185888065931354e-07,2.448667120242161e-07,1.0,1.0,30.640503515156308
112810,1.0555721003385397e-07,2.5986476884972025e-07,1.0,1.0,30.641876334826357
112820,1.14660453069434e-07,2.590949618704159e-07,1.0,1.0,30.64735354672842
112830,9.970943075201198e-08,2.420671120387779e-07,1.0,1.0,30.652200633837907
112840,1.054959245797953e-07,2.539101875613201e-07,1.0,1.0,30.651227964406026
112850,1.0638782575281566e-07,2.709404122417877e-07,1.0,1.0,30.64746130249913
112860,9.824309042246217e-08,2.7033823341821507e-07,1.0,1.0,30.648943471797974
112870,1.1184765528203006e-07,2.515712956714572e-07,1.0,1.0,30.64863882180159
112880,1.130680931718082e-07,2.6615845755467557e-07,1.0,1.0,30.643438036062484
112890,1.091382478053974e-07,2.750744467246184e-07,1.0,1.0,30.64015405508508
112900,1.1676209326853695e-07,2.6091071236179436e-07,1.0,1.0,30.642798662812123
112910,1.0129821269287675e-07,2.460939496365867e-07,1.0,1.0,30.641541715454245
112920,1.2794826939224796e-07,2.575133129896294e-07,1.0,1.0,30.645140402108602
112930,1.1950449958082195e-07,2.758748064525067e-07,1.0,1.0,30.654338049844924
112940,1.1105504739961005e-07,2.40039053476218e-07,1.0,1.0,30.659294158078403
112950,9.581254407238083e-08,2.8168573588667045e-07,1.0,1.0,30.655763442649842
112960,1.0309460933846363e-07,2.4817003042077953e-07,1.0,1.0,30.648149400215267
112970,1.1221911610328593e-07,2.5795160870423665e-07,1.0,1.0,30.647027864648468
112980,1.0157083729149208e-07,2.6572196252721114e-07,1.0,1.0,30.64845305748438
112990,1.1809706752041741e-07,2.730093750263726e-07,1.0,1.0,30.644927462976405
113000,1.065354165809477e-07,2.66564525100715e-07,1.0,1.0,30.640196183242697
113010,1.0601212033568588e-07,2.7652594221423094e-07,1.0,1.0,30.640053347839956
113020,1.09327085659545e-07,2.910861339455079e-07,1.0,1.0,30.641149332247412
113030,1.1068566844803092e-07,2.9190311901074244e-07,1.0,1.0,30.647205512908073
113040,1.0077007468388269e-07,2.545824704042297e-07,1.0,1.0,30.648073663828935
113050,1.141658604616846e-07,2.4900283013841616e-07,1.0,1.0,30.646686234312785
113060,1.0291338456474578e-07,2.649456698928541e-07,1.0,1.0,30.64201825418266
113070,1.0199050581281556e-07,2.626593453647746e-07,1.0,1.0,30.639549953520785
113080,1.2202517456233703e-07,2.6761796550997317e-07,1.0,1.0,30.639624590586852
113090,1.2538840582600302e-07,2.543073735433807e-07,1.0,1.0,30.644763185500423
113100,1.0037296424185697e-07,2.4839700908658157e-07,1.0,1.0,30.649115371941182
113110,1.0588796846088553e-07,2.9426690026310313e-07,1.0,1.0,30.644375993657604
113120,9.041386365318456e-08,2.636112807726713e-07,1.0,1.0,30.644636989781638
113130,1.0626125399279704e-07,2.56396620770388e-07,1.0,1.0,30.64674665633977
113140,1.2990252098383184e-07,2.4676641127977915e-07,1.0,1.0,30.646825042140946
113150,9.628944540869646e-08,3.1750323868242975e-07,1.0,1.0,30.65544748180922
113160,1.0809112044001326e-07,2.5730293466149695e-07,1.0,1.0,30.656090262523023
113170,1.0058908605958673e-07,2.542553826665021e-07,1.0,1.0,30.650181783835375
113180,1.0055023363411056e-07,2.5966206027617487e-07,1.0,1.0,30.643296988467462
113190,1.1332840345798963e-07,2.7513731822723705e-07,1.0,1.0,30.64144305775358
113200,1.0976119987663702e-07,3.024648765686829e-07,1.0,1.0,30.63826699449468
113210,1.1341739513046575e-07,2.4351918066600034e-07,1.0,1.0,30.643010828122517
113220,1.1142304927583663e-07,2.537583433851012e-07,1.0,1.0,30.646579996136705
113230,1.0307186701355347e-07,2.5079606507724656e-07,1.0,1.0,30.645368123246843
113240,1.0601028907498029e-07,2.585650487017698e-07,1.0,1.0,30.64541931308017
113250,1.0819546807117701e-07,2.570811752117029e-07,1.0,1.0,30.64664121058941
113260,1.2073433959951514e-07,2.506882501377541e-07,1.0,1.0,30.646168089293248
113270,1.1785774411837613e-07,2.6348979859670903e-07,1.0,1.0,30.644968199676484
113280,1.2162802772959527e-07,2.6224428341281445e-07,1.0,1.0,30.6463052370804
113290,1.1581301011515891e-07,2.677198953915983e-07,1.0,1.0,30.64394731701564
113300,9.944902783512968e-08,2.7255467814882593e-07,1.0,1.0,30.646266794860907
113310,1.1574000918563906e-07,2.55596795753582e-07,1.0,1.0,30.644495021739058
113320,1.1185788723767377e-07,2.568817417313902e-07,1.0,1.0,30.643040973274694
113330,1.1042521151074284e-07,2.657430961147813e-07,1.0,1.0,30.64662841377594
113340,1.0011355207440052e-07,2.623670489229626e-07,1.0,1.0,30.64502451626231
113350,1.1306656984377468e-07,2.7978044676600483e-07,1.0,1.0,30.644912435318176
113360,9.624858423694791e-08,2.798497676966972e-07,1.0,1.0,30.64676433268628
113370,9.365519732364302e-08,2.4559181851301715e-07,1.0,1.0,30.64856631968106
113380,1.1649249832620449e-07,2.520386439700099e-07,1.0,1.0,30.644486476591766
113390,1.1356181026932705e-07,3.3463559911990843e-07,1.0,1.0,30.645462552938895
113400,9.73773991407192e-08,2.472904791201903e-07,1.0,1.0,30.64762743708025
113410,1.2908419016750698e-07,2.4713686420474674e-07,1.0,1.0,30.645947767094345
113420,1.0059842057039039e-07,2.6653171630033197e-07,1.0,1.0,30.649920561597852
113430,1.0894247696804483e-07,2.5336905697930515e-07,1.0,1.0,30.644378449403334
113440,1.2019646893169164e-07,2.751907214332041e-07,1.0,1.0,30.63661829660397
113450,1.1420083329598805e-07,2.770910931914356e-07,1.0,1.0,30.643163229945547
113460,9.953885084660051e-08,2.563182056531968e-07,1.0,1.0,30.647248019292693
113470,9.825002120732772e-08,2.6332467712944784e-07,1.0,1.0,30.643539431923898
113480,1.0921721941191998e-07,2.6892062470569723e-07,1.0,1.0,30.640682200198135
113490,1.0281596088576708e-07,2.986345556041474e-07,1.0,1.0,30.641822350278655
113500,1.1763767359888565e-07,2.968217633863928e-07,1.0,1.0,30.641544771940392
113510,1.106073853705975e-07,2.9436000699681094e-07,1.0,1.0,30.64175465612196
113520,1.1003845411025111e-07,2.6889810754299735e-07,1.0,1.0,30.64257954229038
113530,1.1799691513354593e-07,2.55103351298968e-07,1.0,1.0,30.640590712082155
113540,9.99746189908491e-08,2.6233698991913725e-07,1.0,1.0,30.64117991555782
113550,1.081007352478282e-07,2.5682282261080945e-07,1.0,1.0,30.64021800024299
113560,1.1154036643571373e-07,2.7483559092907633e-07,1.0,1.0,30.640622576983827
113570,1.0446832270652095e-07,2.808476691023997e-07,1.0,1.0,30.643228122485322
113580,1.0248776936320564e-07,2.5666805833656423e-07,1.0,1.0,30.64265495405516
113590,1.2833387090518054e-07,2.859860053812783e-07,1.0,1.0,30.638922298270145
113600,1.1531536854951664e-07,2.6845707873879585e-07,1.0,1.0,30.64384064687305
113610,9.585066897887172e-08,2.5278782943846347e-07,1.0,1.0,30.64245007325483
113620,1.1735004715246233e-07,2.526005468753248e-07,1.0,1.0,30.637369799913262
113630,1.0965616382332498e-07,2.731421438689116e-07,1.0,1.0,30.642290174362618
113640,1.1949714905416888e-07,2.7324206270547515e-07,1.0,1.0,30.648174479676907
113650,1.2574895768453222e-07,2.631406274212007e-07,1.0,1.0,30.653030749088963
113660,1.2170306489152823e-07,2.707049514748302e-07,1.0,1.0,30.65805912011193
113670,1.2015417129153023e-07,2.424579281125883e-07,1.0,1.0,30.655068423280525
113680,1.1370994181244689e-07,2.416228754153342e-07,1.0,1.0,30.651687520031704
113690,1.0792249191556617e-07,2.5361037211311673e-07,1.0,1.0,30.64354313494577
113700,1.1724943105242063e-07,2.6857548342170537e-07,1.0,1.0,30.644376492697113
113710,1.0218922141988275e-07,3.144036817708415e-07,1.0,1.0,30.641566732569277
113720,1.0352806991598662e-07,2.5021032737782644e-07,1.0,1.0,30.643962256634655
113730,1.0609315418060338e-07,2.7868786933081016e-07,1.0,1.0,30.645381167531035
113740,1.0494499309562484e-07,2.43917256164885e-07,1.0,1.0,30.64302084941101
113750,1.0302801548281514e-07,2.699255245020608e-07,1.0,1.0,30.639755857911016
113760,1.0998891844698548e-07,2.6356708028302327e-07,1.0,1.0,30.64118872719897
113770,1.0746985208553512e-07,2.516512732533375e-07,1.0,1.0,30.641263762173924
113780,1.1215549955763863e-07,2.7030396852104864e-07,1.0,1.0,30.642469322135657
113790,1.0518073200837051e-07,2.7048886291265665e-07,1.0,1.0,30.642670306689794
113800,1.0651254724422443e-07,2.634868047927576e-07,1.0,1.0,30.638347383620495
113810,1.0367519472750335e-07,2.5795933967584356e-07,1.0,1.0,30.643625937152784
113820,1.0514581176062813e-07,2.856922086359665e-07,1.0,1.0,30.645819996757623
113830,1.1084928787048997e-07,2.843767486131246e-07,1.0,1.0,30.646098605884358
113840,1.0486846685349339e-07,2.879970637401467e-07,1.0,1.0,30.64596045645187
113850,1.0820858274560207e-07,2.610073673131418e-07,1.0,1.0,30.643532375447016
113860,1.018146317781163e-07,2.54571600931491e-07,1.0,1.0,30.638432158694016
113870,1.0633428408034521e-07,2.6037188559622607e-07,1.0,1.0,30.638581865351647
113880,9.85573994163551e-08,2.710473082546421e-07,1.0,1.0,30.639803579663376
113890,1.245823171562004e-07,2.610511366596265e-07,1.0,1.0,30.64166742705032
113900,1.0189628621898907e-07,2.598481397927787e-07,1.0,1.0,30.650063030025933
113910,1.1410699486242931e-07,2.5681574588891567e-07,1.0,1.0,30.64822427269651
113920,1.132346973690971e-07,2.4808338729935255e-07,1.0,1.0,30.641712621894495
113930,1.0159023186719425e-07,2.594541393976103e-07,1.0,1.0,30.642489064403094
113940,1.0625679973871763e-07,2.548190244283911e-07,1.0,1.0,30.638476934691173
113950,1.1425638080556271e-07,2.918207541427464e-07,1.0,1.0,30.63717942746771
113960,1.436656111552628e-07,2.4856018083197086e-07,1.0,1.0,30.64341843520695
113970,9.936316703232043e-08,2.811317478503683e-07,1.0,1.0,30.652815675284604
113980,1.0401168962268261e-07,2.73167872635298e-07,1.0,1.0,30.651809228353333
113990,1.0427482738256813e-07,2.388911110060917e-07,1.0,1.0,30.64774106368348
114000,9.427551214568662e-08,2.520695192164053e-07,1.0,1.0,30.644763802492943
114010,1.169192771500753e-07,2.590238646110176e-07,1.0,1.0,30.63713003196194
114020,1.1324255763143291e-07,2.488288591781998e-07,1.0,1.0,30.63898973085776
114030,1.1417758812576752e-07,2.6154061577514114e-07,1.0,1.0,30.643669949837513
114040,1.1420970181901973e-07,2.595830121859051e-07,1.0,1.0,30.647980087177007
114050,1.1414626810859477e-07,2.548259016038229e-07,1.0,1.0,30.646780687302115
114060,1.0602796399681973e-07,2.524762952804295e-07,1.0,1.0,30.642643806662637
114070,1.200948665878403e-07,2.641649464078398e-07,1.0,1.0,30.643949136477985
114080,1.1678039854765707e-07,2.9326784723452813e-07,1.0,1.0,30.648150694188068
114090,1.1250906868838062e-07,2.5506749501262094e-07,1.0,1.0,30.652147591958716
114100,1.3959913749061093e-07,2.491194551077655e-07,1.0,1.0,30.65562785139966
114110,1.0340218605348909e-07,2.6756766719595304e-07,1.0,1.0,30.653247760802934
114120,1.1355663928541243e-07,2.527430414019901e-07,1.0,1.0,30.647012368944985
114130,1.1366669665020403e-07,2.7356834309639114e-07,1.0,1.0,30.644113315421983
114140,1.0123603292630972e-07,2.4629261046600927e-07,1.0,1.0,30.644433943885506
114150,1.022543083077274e-07,2.582542622766366e-07,1.0,1.0,30.6439974720083
114160,1.1337521438749341e-07,2.727396865293418e-07,1.0,1.0,30.640266293445826
114170,1.1431001636085917e-07,2.937556207334579e-07,1.0,1.0,30.640282634337648
114180,1.1159344733464224e-07,2.997899928876603e-07,1.0,1.0,30.642793502546848
114190,1.0642633940041846e-07,2.636974150820431e-07,1.0,1.0,30.645460162631043
114200,1.2025993842068834e-07,2.839944392816469e-07,1.0,1.0,30.650688852819073
114210,9.201893637754171e-08,2.4870751465064485e-07,1.0,1.0,30.656490387037763
114220,1.0519153977651331e-07,2.570635375228616e-07,1.0,1.0,30.64938878578599
114230,1.0608397348926676e-07,2.6614953952428105e-07,1.0,1.0,30.63998848775407
114240,1.0264227577396935e-07,2.531812102667377e-07,1.0,1.0,30.64026459547672
114250,1.0682039918908832e-07,2.644783601204873e-07,1.0,1.0,30.640952379961643
114260,1.191240550626217e-07,2.710762777149976e-07,1.0,1.0,30.643325741483427
114270,1.0667574777886661e-07,2.7482491050055676e-07,1.0,1.0,30.64421479511491
114280,1.1435469687766702e-07,2.6877500668600626e-07,1.0,1.0,30.6448293141891
114290,1.0041936688662783e-07,2.464041789184955e-07,1.0,1.0,30.642873099848277
114300,9.559224457406704e-08,2.6910763031878825e-07,1.0,1.0,30.64083480511737
114310,1.637439652571803e-07,2.624408589172333e-07,1.0,1.0,30.649135037843457
114320,1.0353584173851776e-07,2.5088472641515745e-07,1.0,1.0,30.66399088279297
114330,1.0963380421976035e-07,2.641504423670813e-07,1.0,1.0,30.663127835123678
114340,1.0000654344661932e-07,2.484850266897909e-07,1.0,1.0,30.65309332859218
114350,1.1323116779862836e-07,2.6522964554082247e-07,1.0,1.0,30.636886200129876
114360,1.2579199394887518e-07,2.7306099435550464e-07,1.0,1.0,30.635608450997974
114370,9.832727026479584e-08,2.4554090142747397e-07,1.0,1.0,30.64614033764752
114380,9.785014504316824e-08,2.6190493658153777e-07,1.0,1.0,30.64580336604915
114390,1.1976723815796424e-07,2.658744321838871e-07,1.0,1.0,30.645442562915814
114400,1.1034293481287975e-07,2.4946698164553215e-07,1.0,1.0,30.644897277666743
114410,1.0559976814787768e-07,2.5837321159743235e-07,1.0,1.0,30.637828541376503
114420,1.0483083056602619e-07,2.5859266908417515e-07,1.0,1.0,30.638418911274453
114430,1.1044606075531077e-07,2.5350282820011426e-07,1.0,1.0,30.63919465940248
114440,9.477115845742648e-08,2.733219794024769e-07,1.0,1.0,30.638573745187443
114450,9.607557093834963e-08,2.5790475984698954e-07,1.0,1.0,30.63816201502731
114460,1.2088127979060995e-07,2.4751976091098204e-07,1.0,1.0,30.637891289401566
114470,1.0250441763617376e-07,2.492706999600515e-07,1.0,1.0,30.64005234926862
114480,1.14371799582802e-07,2.60201590704003e-07,1.0,1.0,30.642558906858135
114490,1.1806546978350679e-07,2.6597618604949614e-07,1.0,1.0,30.643006880642737
114500,1.1010389728810927e-07,2.5107494546852307e-07,1.0,1.0,30.642948386348564
114510,1.135985666509701e-07,2.5612996850929084e-07,1.0,1.0,30.64548636869578
114520,1.1872003694124231e-07,2.4039780004733995e-07,1.0,1.0,30.645366493749798
114530,1.0933076232955497e-07,2.535900888349811e-07,1.0,1.0,30.64237786611122
114540,1.073270337146465e-07,2.758098996470734e-07,1.0,1.0,30.64150310988654
114550,1.0966771516833284e-07,2.868573837741132e-07,1.0,1.0,30.638589991263572
114560,1.1098933856621329e-07,2.787183181955083e-07,1.0,1.0,30.63678167248001
114570,1.0503108740490494e-07,2.8405162538826235e-07,1.0,1.0,30.642326045721063
114580,1.1172515930254125e-07,2.625847476477781e-07,1.0,1.0,30.64607421059092
114590,1.2370275674511166e-07,2.5179626368332013e-07,1.0,1.0,30.6484212833813
114600,1.0465820410893967e-07,2.617498528419605e-07,1.0,1.0,30.64658216980338
114610,1.1164235342519202e-07,2.6363158316874946e-07,1.0,1.0,30.643150250685835
114620,9.856046891795877e-08,2.5370681570102977e-07,1.0,1.0,30.646758921105402
114630,1.0730737006170085e-07,2.459041072539843e-07,1.0,1.0,30.64646545510234
114640,1.1260619095575298e-07,2.567100958905687e-07,1.0,1.0,30.642221271438924
114650,1.1339623688894812e-07,2.564712368161682e-07,1.0,1.0,30.641493445958854
114660,1.0496225123866386e-07,2.595633029061367e-07,1.0,1.0,30.640892457370647
114670,1.1887779709858244e-07,2.6782965611176595e-07,1.0,1.0,30.63718350186878
114680,1.1151432313414288e-07,2.6522910372941123e-07,1.0,1.0,30.6373844917405
114690,9.787609023586272e-08,2.8453895563362977e-07,1.0,1.0,30.637217042325986
114700,1.0872663948992398e-07,3.0370213154618384e-07,1.0,1.0,30.638299352708582
114710,9.463825928388523e-08,3.148177117807918e-07,1.0,1.0,30.64192790605597
114720,1.1849200188677983e-07,3.7480536609694205e-07,1.0,1.0,30.648272359979817
114730,1.0930539830886403e-07,2.9953937250374473e-07,1.0,1.0,30.66065265387149
114740,9.737463801781659e-08,2.552277268068517e-07,1.0,1.0,30.665815731923917
114750,9.519546134925971e-08,2.5194813080639953e-07,1.0,1.0,30.654532824960388
114760,1.2538198914865626e-07,2.5756180124267754e-07,1.0,1.0,30.637625775695103
114770,1.1398774841783717e-07,2.425770803455703e-07,1.0,1.0,30.641213829624217
114780,9.79951939173798e-08,2.4922897403735325e-07,1.0,1.0,30.645396613160653
114790,1.1834273061624536e-07,2.6031449172026924e-07,1.0,1.0,30.64411891877569
114800,1.1581442282225364e-07,2.540459638093168e-07,1.0,1.0,30.64301159260939
114810,1.0447686158578857e-07,2.498421686712168e-07,1.0,1.0,30.64300813233292
114820,1.151098106455483e-07,2.687248100083207e-07,1.0,1.0,30.64367599088031
114830,1.013677312455793e-07,2.5105418276898695e-07,1.0,1.0,30.644802850841863
114840,1.1741579425718221e-07,2.8187530064285706e-07,1.0,1.0,30.642193181073644
114850,1.1896505622964295e-07,2.9149067558486506e-07,1.0,1.0,30.637930304596086
114860,1.0943787142363936e-07,2.504131189227623e-07,1.0,1.0,30.63936805142707
114870,1.0442121653872935e-07,2.5213815072894067e-07,1.0,1.0,30.64198815956997
114880,1.1093198933915106e-07,2.891179078326796e-07,1.0,1.0,30.64031801128235
114890,1.0551687526155169e-07,2.597161147361793e-07,1.0,1.0,30.642037882104795
114900,1.0661803616345374e-07,2.636092375260972e-07,1.0,1.0,30.639776059177354
114910,1.1381413048834884e-07,2.690436132059511e-07,1.0,1.0,30.639369523146947
114920,1.262892910216148e-07,2.3980503393852887e-07,1.0,1.0,30.64172375770636
114930,1.0088931645886821e-07,2.4651510423535243e-07,1.0,1.0,30.64483517017775
114940,1.0588900277905545e-07,2.6185255902072467e-07,1.0,1.0,30.64824341530031
114950,9.548419896119124e-08,2.394945446635752e-07,1.0,1.0,30.65045685693371
114960,1.0444034123381342e-07,2.605222232934288e-07,1.0,1.0,30.648655598698156
114970,1.0622555857687238e-07,2.8165691111860183e-07,1.0,1.0,30.641682688400632
114980,1.1785702550439882e-07,2.6791900621591963e-07,1.0,1.0,30.642273441475812
114990,1.0372281835916374e-07,2.783016593718348e-07,1.0,1.0,30.649155008691956
115000,1.1848417284420806e-07,2.62829607400775e-07,1.0,1.0,30.65253678146993
115010,1.0603123065141226e-07,2.529532159204695e-07,1.0,1.0,30.64899067508692
115020,1.1591244439642502e-07,2.6173295096817466e-07,1.0,1.0,30.64449481565869
115030,1.0317481370209233e-07,2.530214953098492e-07,1.0,1.0,30.640674836247648
115040,1.2322120423182134e-07,2.4603940961131016e-07,1.0,1.0,30.640785681665434
115050,9.89085534339167e-08,2.485647728758005e-07,1.0,1.0,30.641913984545322
115060,1.0416364911299788e-07,2.458566135547671e-07,1.0,1.0,30.638030749313423
115070,1.151727461539658e-07,2.5949845504218163e-07,1.0,1.0,30.637595662989458
115080,1.0882742903648422e-07,2.521025957190466e-07,1.0,1.0,30.641808974258556
115090,1.1445191464096998e-07,2.88400329812052e-07,1.0,1.0,30.643630102836827
115100,1.1053302159779281e-07,2.523316990648131e-07,1.0,1.0,30.645749281575597
115110,1.056193011641105e-07,2.5934156703568895e-07,1.0,1.0,30.64385566060849
115120,1.135016740317357e-07,2.360280752720166e-07,1.0,1.0,30.639326327790293
115130,1.0756812207999965e-07,2.641077639240612e-07,1.0,1.0,30.640830821871308
115140,1.0839583263835146e-07,2.715183259596563e-07,1.0,1.0,30.640678057977148
115150,1.1724067485194938e-07,2.8891874016577865e-07,1.0,1.0,30.6391865873567
115160,1.1533121378516309e-07,2.6492855337913647e-07,1.0,1.0,30.63899758896208
115170,1.04565209155305e-07,2.766817892970766e-07,1.0,1.0,30.641294576071452
115180,1.1992269377554176e-07,2.627134873358525e-07,1.0,1.0,30.63909008538567
115190,1.0426263886648737e-07,2.543580031418294e-07,1.0,1.0,30.643636169840192
115200,1.010481860474203e-07,3.0201018994152004e-07,1.0,1.0,30.644054844828
115210,1.2140637382692812e-07,2.512212593162252e-07,1.0,1.0,30.63930967660809
115220,1.1562393290518284e-07,2.5820987629484784e-07,1.0,1.0,30.640452395839407
115230,1.0942327036068252e-07,2.3747172702247622e-07,1.0,1.0,30.646390956321582
115240,1.0133284641178193e-07,2.5651703466919913e-07,1.0,1.0,30.648337519112403
115250,1.1195542840769143e-07,2.4218553026782484e-07,1.0,1.0,30.647284690535333
115260,1.0286611376001148e-07,2.481408804310437e-07,1.0,1.0,30.650969121573766
115270,1.2888671657186562e-07,2.710071961562937e-07,1.0,1.0,30.652245506494875
115280,1.0488504251108316e-07,2.5882195809757226e-07,1.0,1.0,30.646742361064355
115290,1.1480720162971437e-07,2.599971759882297e-07,1.0,1.0,30.643712564866718
115300,1.1911543957546465e-07,2.4538113503644267e-07,1.0,1.0,30.64650061712044
115310,1.1768640952865857e-07,2.6075569450328295e-07,1.0,1.0,30.64798532993005
115320,1.0050049730971214e-07,2.7540723733459965e-07,1.0,1.0,30.646480083419213
115330,1.0315616715456517e-07,2.7042069250447777e-07,1.0,1.0,30.641282036779696
115340,1.0313157022884487e-07,3.0966304743241045e-07,1.0,1.0,30.642000051516103
115350,1.0897109032257575e-07,2.722349751836134e-07,1.0,1.0,30.644435209141704
115360,1.1100085807627701e-07,2.627514397554213e-07,1.0,1.0,30.645361233945803
115370,1.0949751665205844e-07,2.5651967643609773e-07,1.0,1.0,30.646066241314962
115380,9.53692625371598e-08,2.515938383034217e-07,1.0,1.0,30.646398800428447
115390,1.1006574304777607e-07,2.594808038628222e-07,1.0,1.0,30.638973526489867
115400,9.40373459418275e-08,2.535532477728894e-07,1.0,1.0,30.639887032155176
115410,1.1034151685402327e-07,2.811728429866586e-07,1.0,1.0,30.639939137793046
115420,1.1714192401140139e-07,2.518555759635289e-07,1.0,1.0,30.637842377493165
115430,1.113297856967905e-07,2.809930290217586e-07,1.0,1.0,30.638475991794504
115440,1.1212250758255464e-07,2.859862235865783e-07,1.0,1.0,30.643635300453642
115450,1.1816588954916658e-07,2.7401017192563325e-07,1.0,1.0,30.64473293103037
115460,1.0551043120728032e-07,2.6100772861668175e-07,1.0,1.0,30.643401963788534
115470,1.0026558088398426e-07,2.415388514067985e-07,1.0,1.0,30.63949420820299
115480,1.1738596019853218e-07,2.8002759221590425e-07,1.0,1.0,30.63852678092929
115490,1.1097192230349491e-07,2.4876681193477476e-07,1.0,1.0,30.639537353366418
115500,1.0168653265282498e-07,2.6729740160114904e-07,1.0,1.0,30.63761998146101
115510,1.2659919323063674e-07,2.7433539921468933e-07,1.0,1.0,30.634665490834568
115520,1.0943691020179113e-07,2.6402392601688264e-07,1.0,1.0,30.641814760167723
115530,1.0382122103665266e-07,2.5011123554911355e-07,1.0,1.0,30.646287489226772
115540,1.2180494089223144e-07,2.724813802693054e-07,1.0,1.0,30.647574949813833
115550,1.0258477133396068e-07,2.587906323346128e-07,1.0,1.0,30.648476375936806
115560,1.0528280859792761e-07,2.955618604358777e-07,1.0,1.0,30.650520787676868
115570,1.0953432377417585e-07,2.8277949895270293e-07,1.0,1.0,30.652946973401484
115580,1.1736401589075662e-07,2.536456558902614e-07,1.0,1.0,30.651159702167188
115590,1.0786134520651237e-07,2.4282622195532697e-07,1.0,1.0,30.644290431759114
115600,1.1509155093942426e-07,3.0749341689869694e-07,1.0,1.0,30.637544474698334
115610,1.0694182710866793e-07,3.1219828230961634e-07,1.0,1.0,30.63692315017179
115620,1.0891660615373666e-07,2.591378424414479e-07,1.0,1.0,30.64497216732533
115630,1.225619352969067e-07,2.617767348708283e-07,1.0,1.0,30.651204903412523
115640,1.0593476116194617e-07,2.664815134870782e-07,1.0,1.0,30.653382814054492
115650,1.1130902378881243e-07,2.600633329967039e-07,1.0,1.0,30.65234154599622
115660,1.1517261506459808e-07,2.4022170506516347e-07,1.0,1.0,30.648514449508454
115670,1.0749633542966126e-07,2.5022616786226266e-07,1.0,1.0,30.639895885625755
115680,1.0249566223376205e-07,2.6401473223387067e-07,1.0,1.0,30.635109714578533
115690,1.062435866592214e-07,2.960357695274528e-07,1.0,1.0,30.63254486662384
115700,1.0430442079481361e-07,2.9807153802300186e-07,1.0,1.0,30.638703650126843
115710,1.0215968699302127e-07,2.9714316861259517e-07,1.0,1.0,30.646010540788424
115720,1.1357895974879891e-07,2.4311905304723577e-07,1.0,1.0,30.644481936218504
115730,1.078574522536871e-07,2.6055351716866706e-07,1.0,1.0,30.64613739051914
115740,1.1720708930187446e-07,2.6543580108837205e-07,1.0,1.0,30.64402351106074
115750,1.0828234314481957e-07,2.774959532839453e-07,1.0,1.0,30.637976598427503
115760,1.0166846358723606e-07,2.699920416574295e-07,1.0,1.0,30.637833469700233
115770,1.046503871418895e-07,2.6007755971401317e-07,1.0,1.0,30.638315952647023
115780,1.0356001350426601e-07,2.6853889388248805e-07,1.0,1.0,30.637091969244665
115790,1.180253652432112e-07,2.5270820219600563e-07,1.0,1.0,30.63636518702681
115800,1.0686876682525649e-07,2.669159339720722e-07,1.0,1.0,30.635833236044824
115810,1.0346015744464506e-07,2.6193126953976726e-07,1.0,1.0,30.63903661620857
115820,1.0522674732837743e-07,2.6508171756195344e-07,1.0,1.0,30.643787859236983
115830,9.930921734555785e-08,2.563852990127328e-07,1.0,1.0,30.644244150535474
115840,1.1100187860252328e-07,2.605577688881135e-07,1.0,1.0,30.636384808887343
115850,1.0121040967475204e-07,2.6164389346634986e-07,1.0,1.0,30.637706455612243
115860,1.0603438480070298e-07,2.5876554528578036e-07,1.0,1.0,30.636968524046253
115870,1.2272404307959656e-07,2.559101406825753e-07,1.0,1.0,30.638420963915078
115880,1.0641934531669531e-07,2.9266896318657837e-07,1.0,1.0,30.639966281610373
115890,1.06425109439289e-07,2.581486923885447e-07,1.0,1.0,30.638860302861023
115900,1.1389884273172023e-07,2.582549007251819e-07,1.0,1.0,30.638041387033077
115910,1.0911687563920875e-07,2.80345182980629e-07,1.0,1.0,30.64183610419098
115920,1.0283156790302742e-07,2.62098063339601e-07,1.0,1.0,30.64257201573462
115930,1.2593131003269587e-07,2.652995355702058e-07,1.0,1.0,30.638917014221903
115940,1.0711486761938896e-07,2.583526877114852e-07,1.0,1.0,30.63821499435732
115950,1.0538094712133178e-07,2.625319308278504e-07,1.0,1.0,30.636847414911298
115960,1.0382286310685548e-07,2.617841375599573e-07,1.0,1.0,30.634228475103203
115970,1.0304613507804712e-07,2.58004135800249e-07,1.0,1.0,30.635733265427753
115980,9.68569517762474e-08,2.50550803433735e-07,1.0,1.0,30.638265739786647
115990,1.0906683923320643e-07,2.633690064163191e-07,1.0,1.0,30.635857626078938
116000,1.1913266659692396e-07,2.452664603880357e-07,1.0,1.0,30.63853500511616
116010,1.0252995030673171e-07,2.524582190828966e-07,1.0,1.0,30.6392651217648
116020,1.0861457541838903e-07,2.9662047229184894e-07,1.0,1.0,30.639501905948887
116030,9.402480711546032e-08,2.5620972368390096e-07,1.0,1.0,30.644172280454818
116040,1.0408660569078545e-07,2.913581156543821e-07,1.0,1.0,30.641989304669863
116050,1.2008640784967805e-07,2.7901676571187607e-07,1.0,1.0,30.639094755738483
116060,1.0856192121786026e-07,2.695073076012953e-07,1.0,1.0,30.63948266051731
116070,1.1079016496648061e-07,2.6060427346807986e-07,1.0,1.0,30.642088387761923
116080,1.2412566734809647e-07,2.5169749358010303e-07,1.0,1.0,30.643813543977036
116090,1.0473058762905224e-07,2.521657411918664e-07,1.0,1.0,30.645082875502386
116100,1.0574153124920316e-07,2.66795055467336e-07,1.0,1.0,30.64418182911856
116110,1.0648768964293892e-07,2.494292379093521e-07,1.0,1.0,30.64354298819456
116120,1.1398922173307602e-07,2.7214360134962416e-07,1.0,1.0,30.644076884914902
116130,1.0242780646436107e-07,2.865213345117427e-07,1.0,1.0,30.6426801249404
116140,1.0722883690453786e-07,2.4833163987328506e-07,1.0,1.0,30.63784328081047
116150,1.1992200024818818e-07,2.7050843810584953e-07,1.0,1.0,30.63723172800712
116160,1.0497273007110776e-07,2.6501639543144134e-07,1.0,1.0,30.640117789467585
116170,1.1258928778066042e-07,2.486788435957897e-07,1.0,1.0,30.641206143194886
116180,1.036445091634859e-07,2.556618964334171e-07,1.0,1.0,30.643137330154033
116190,1.0225550300366912e-07,2.6267369187708706e-07,1.0,1.0,30.638516101075993
116200,1.1800697722593052e-07,2.8829860088434434e-07,1.0,1.0,30.6340815725395
116210,1.1732383534434577e-07,2.71795840131934e-07,1.0,1.0,30.635275348676863
116220,1.0971622371655679e-07,2.600429198973475e-07,1.0,1.0,30.63849352489765
116230,1.1708758046414705e-07,3.639239074302261e-07,1.0,1.0,30.641317927826734
116240,1.0901001194421608e-07,3.1039993067273446e-07,1.0,1.0,30.647235854904242
116250,9.923711932183755e-08,2.5327410944768266e-07,1.0,1.0,30.64884139360635
116260,1.180841627107364e-07,2.6200107028653135e-07,1.0,1.0,30.646992149002095
116270,1.1230464392159748e-07,2.5102580334704127e-07,1.0,1.0,30.650019739768364
116280,9.036646923724191e-08,2.4933740953973565e-07,1.0,1.0,30.650826814296483
116290,1.0212658981869615e-07,2.578281116459359e-07,1.0,1.0,30.64198176824139
116300,1.1540993957348823e-07,2.652970089807414e-07,1.0,1.0,30.637758229435125
116310,1.0536378068538057e-07,2.619308694390169e-07,1.0,1.0,30.63725628541876
116320,1.0733527941692482e-07,2.616863061175065e-07,1.0,1.0,30.63598028908303
116330,1.0880583497788468e-07,2.578613130010979e-07,1.0,1.0,30.636310826409066
116340,1.0234940469361406e-07,2.4455919457692224e-07,1.0,1.0,30.638473715121023
116350,1.112224207825749e-07,2.6778469744651874e-07,1.0,1.0,30.63491778962898
116360,1.136299924214901e-07,2.575603209378985e-07,1.0,1.0,30.63754616609904
116370,1.0815490677600235e-07,2.787010648314887e-07,1.0,1.0,30.639612049332158
116380,1.212493977684391e-07,2.7302960927355857e-07,1.0,1.0,30.63878743253123
116390,9.758010938786995e-08,2.884971674594917e-07,1.0,1.0,30.641155012785973
116400,1.0872838342889344e-07,3.1443779256975336e-07,1.0,1.0,30.64342258919495
116410,1.3139934418913465e-07,2.4386172449228985e-07,1.0,1.0,30.644037370675868
116420,1.040346178768603e-07,3.0172886039909126e-07,1.0,1.0,30.646754042633635
116430,9.745967257051109e-08,2.971284576396877e-07,1.0,1.0,30.647963834517597
116440,1.0960239550708874e-07,2.4393794121221383e-07,1.0,1.0,30.64743480233357
116450,1.1747435554936195e-07,2.5089947333695473e-07,1.0,1.0,30.64880778853353
116460,1.0048317322917094e-07,2.3830180840818592e-07,1.0,1.0,30.648355894381922
116470,1.0840984176600663e-07,2.610360212295853e-07,1.0,1.0,30.641762381977696
116480,1.0514583995890987e-07,2.5494479344077874e-07,1.0,1.0,30.640568422233763
116490,1.0761037401013044e-07,2.66717574219024e-07,1.0,1.0,30.63726594617956
116500,1.0619231322507047e-07,2.615404577917706e-07,1.0,1.0,30.63648137026906
116510,1.2530101782414805e-07,2.603390154275061e-07,1.0,1.0,30.6356690260119
116520,1.0749924715470677e-07,2.499988729256956e-07,1.0,1.0,30.643137051596955
116530,1.1748234237275148e-07,2.56107633214058e-07,1.0,1.0,30.646189205662
116540,1.127856840087191e-07,2.4472799402482794e-07,1.0,1.0,30.65207937841945
116550,9.667860922536242e-08,2.5016430742521723e-07,1.0,1.0,30.648677441122306
116560,1.1035282463679067e-07,2.5929991826143573e-07,1.0,1.0,30.642396645421048
116570,1.0527344901951261e-07,2.6422861543455573e-07,1.0,1.0,30.640630718978365
116580,1.0495200137349357e-07,2.6418627471631006e-07,1.0,1.0,30.64180087650899
116590,1.1750665037623035e-07,2.5615759584248147e-07,1.0,1.0,30.640788329506094
116600,1.0077009704461742e-07,2.631871611939465e-07,1.0,1.0,30.64673809807206
116610,9.226462466297664e-08,2.52991466866142e-07,1.0,1.0,30.646263124979292
116620,1.1019383660299603e-07,2.819076717393294e-07,1.0,1.0,30.641796636196133
116630,1.1245298602004711e-07,2.4554249695201216e-07,1.0,1.0,30.64561750363976
116640,9.931757444445884e-08,3.057429634948999e-07,1.0,1.0,30.647370213315845
116650,1.1860397994352149e-07,2.568659213581216e-07,1.0,1.0,30.64767056390954
116660,1.0381141662538237e-07,2.502799278200232e-07,1.0,1.0,30.644252573549394
116670,1.020575622154984e-07,2.526639924267597e-07,1.0,1.0,30.643645439220258
116680,1.217350245189229e-07,2.684827689700789e-07,1.0,1.0,30.64176259705652
116690,9.735228038915914e-08,2.7444678310172437e-07,1.0,1.0,30.6429832494055
116700,1.0077042078782893e-07,2.6970591623945246e-07,1.0,1.0,30.642674320482442
116710,1.1476002908194853e-07,2.7247707601804397e-07,1.0,1.0,30.63794915573279
116720,1.1078397203021459e-07,2.433696627420382e-07,1.0,1.0,30.640152722579632
116730,1.0241483537900015e-07,2.5108163365542847e-07,1.0,1.0,30.63882260079542
116740,1.0930687647275846e-07,2.686485521904908e-07,1.0,1.0,30.639887076192608
116750,9.688836328958141e-08,2.4993397629967325e-07,1.0,1.0,30.641079705030553
116760,1.0583048617160194e-07,2.639468215847142e-07,1.0,1.0,30.64045176514518
116770,1.1410400170460166e-07,2.6253142420709303e-07,1.0,1.0,30.638929646011942
116780,1.1078179714515368e-07,2.5797472221550996e-07,1.0,1.0,30.63826707874556
116790,9.584135291922396e-08,2.6644190385965974e-07,1.0,1.0,30.639037925611163
116800,1.2230873531302355e-07,2.6663975240064633e-07,1.0,1.0,30.639370665319383
116810,1.0685740944341295e-07,2.8867309326786056e-07,1.0,1.0,30.64195276596265
116820,9.074550120564842e-08,2.9409645878391653e-07,1.0,1.0,30.643598871098867
116830,1.1562055565336421e-07,2.4750911409794405e-07,1.0,1.0,30.643980962771774
116840,9.536346929991735e-08,2.6424485939556077e-07,1.0,1.0,30.641721791453747
116850,1.0926320782276553e-07,2.786386151403663e-07,1.0,1.0,30.63758737345837
116860,1.1845886738801584e-07,2.5497946773556277e-07,1.0,1.0,30.637599842629065
116870,1.1048693900043743e-07,2.60233497299118e-07,1.0,1.0,30.64598524082757
116880,1.0204286193795883e-07,2.50052855319199e-07,1.0,1.0,30.649455562273413
116890,1.1067643385610953e-07,2.61149217702443e-07,1.0,1.0,30.64630573743501
116900,1.011076358899615e-07,2.4961110075704426e-07,1.0,1.0,30.645040843634167
116910,1.1129280452120758e-07,2.5725717902880436e-07,1.0,1.0,30.650128315218623
116920,1.0772288578157033e-07,2.7107522514162534e-07,1.0,1.0,30.652709971731536
116930,1.0346400979223705e-07,2.493413591017116e-07,1.0,1.0,30.648273511640518
116940,1.0768009575243243e-07,2.6374526866953556e-07,1.0,1.0,30.645045949909534
116950,1.260731872024216e-07,2.728747877073356e-07,1.0,1.0,30.63954274041019
116960,1.1539860739652936e-07,2.5861337705556253e-07,1.0,1.0,30.636348213835767
116970,1.1057326178836688e-07,2.7304981867790445e-07,1.0,1.0,30.640025324876635
116980,1.0659136734504529e-07,2.937574404416369e-07,1.0,1.0,30.641099605292972
116990,1.0498833557724762e-07,2.5170793760717344e-07,1.0,1.0,30.639487358463942
117000,1.0333705480233944e-07,2.560749107759528e-07,1.0,1.0,30.63986235994865
117010,1.214437231619436e-07,2.541316028662386e-07,1.0,1.0,30.63916459887037
117020,1.0617796254209933e-07,2.8301120650837634e-07,1.0,1.0,30.639121385174477
117030,1.0251421387455176e-07,2.734294267672766e-07,1.0,1.0,30.64019189855113
117040,1.0986958150749297e-07,2.763582367136536e-07,1.0,1.0,30.63865307627227
117050,1.033708608011251e-07,2.5937375155611977e-07,1.0,1.0,30.64201775946625
117060,9.178090737385088e-08,2.671842032391104e-07,1.0,1.0,30.63973878742843
117070,1.0330316024480252e-07,2.782589116462011e-07,1.0,1.0,30.632859176032117
117080,1.1043450429142307e-07,2.487218149501247e-07,1.0,1.0,30.633408873519354
117090,1.1707560266821734e-07,2.613914525470773e-07,1.0,1.0,30.639878296394816
117100,1.1526122300300947e-07,2.539274664093634e-07,1.0,1.0,30.64078886919959
117110,1.2103319721788768e-07,2.7388426320085197e-07,1.0,1.0,30.64061617618973
117120,9.218679993102169e-08,2.5980309736320576e-07,1.0,1.0,30.647361537274175
117130,1.082173325601011e-07,2.927266771124478e-07,1.0,1.0,30.640667892014516
117140,1.1820252024224923e-07,2.720042227907713e-07,1.0,1.0,30.63954655678181
117150,1.0272009642210741e-07,2.4534821604325183e-07,1.0,1.0,30.64464943758597
117160,1.1816502404767624e-07,2.6324686636963707e-07,1.0,1.0,30.64015495740883
117170,1.1248787336605679e-07,2.520898044958041e-07,1.0,1.0,30.639501020556708
117180,1.0244059554435217e-07,2.3699863597507978e-07,1.0,1.0,30.63799843794387
117190,1.0081660935725165e-07,2.710732426027009e-07,1.0,1.0,30.63560149815106
117200,1.1275577752037897e-07,3.068835752574343e-07,1.0,1.0,30.63609777725121
117210,1.0084898342473739e-07,2.591116624708715e-07,1.0,1.0,30.638741997896666
117220,1.233188227735562e-07,3.026493576357274e-07,1.0,1.0,30.638018742356813
117230,1.1175190176681225e-07,2.7136018341396786e-07,1.0,1.0,30.637507308760032
117240,1.1825245344478376e-07,2.8272950087707946e-07,1.0,1.0,30.639262411869392
117250,1.2090659028637285e-07,3.5903486495188723e-07,1.0,1.0,30.641795755235773
117260,1.1689072900961895e-07,2.630417862249176e-07,1.0,1.0,30.648293268516948
117270,9.225518983881256e-08,2.628716733543413e-07,1.0,1.0,30.65066465623264
117280,1.0545197553244385e-07,2.6909185633366427e-07,1.0,1.0,30.644122306926917
117290,1.0641229378159412e-07,2.7878472188852553e-07,1.0,1.0,30.6400391976361
117300,1.0941098903884085e-07,2.638978931873521e-07,1.0,1.0,30.64559869396056
117310,1.0925833788343473e-07,2.7829582588214447e-07,1.0,1.0,30.646057552953906
117320,1.1042249433227623e-07,2.5038603967599205e-07,1.0,1.0,30.644412266215525
117330,1.151632238841912e-07,2.5694429493210765e-07,1.0,1.0,30.643298196747608
117340,1.1740067596169873e-07,2.7542172053155204e-07,1.0,1.0,30.639615934414323
117350,1.135800764613942e-07,2.7430376478855576e-07,1.0,1.0,30.63958084857388
117360,9.934167650815151e-08,2.5559506555787134e-07,1.0,1.0,30.638326036645097
117370,1.0919819250060221e-07,2.629631687628121e-07,1.0,1.0,30.6354403601466
117380,1.158129433983257e-07,2.548939572292235e-07,1.0,1.0,30.63511062239845
117390,1.136380660858228e-07,2.458680185306306e-07,1.0,1.0,30.641645286043794
117400,1.0956218183204783e-07,2.5244174580504804e-07,1.0,1.0,30.644372381807216
117410,1.1101881574801301e-07,2.5867216867230784e-07,1.0,1.0,30.649562588556602
117420,9.558939418080928e-08,2.6427512071561284e-07,1.0,1.0,30.65502576333958
117430,1.1169821325883065e-07,2.6839270718271253e-07,1.0,1.0,30.656420032863153
117440,1.0676538571236486e-07,2.5293306146871687e-07,1.0,1.0,30.648612799501308
117450,1.0414784678703834e-07,2.7377754527030965e-07,1.0,1.0,30.64104588143139
117460,1.1595998926531634e-07,2.8059568198301574e-07,1.0,1.0,30.63396356708277
117470,1.0010430451947952e-07,2.467663415573489e-07,1.0,1.0,30.63441906740965
117480,1.099460251527543e-07,2.601075310670818e-07,1.0,1.0,30.636728233189018
117490,1.1173536351989652e-07,2.936090417948212e-07,1.0,1.0,30.63582397808701
117500,1.1901899037965537e-07,2.4260940427478255e-07,1.0,1.0,30.642838832637064
117510,1.0687028728502132e-07,2.8671303210294843e-07,1.0,1.0,30.64785696353285
117520,1.2852033744829872e-07,2.676391704975382e-07,1.0,1.0,30.644969390798014
117530,1.0941428994957369e-07,2.8788500766715694e-07,1.0,1.0,30.648684702403788
117540,9.257722315279886e-08,2.4599570184659855e-07,1.0,1.0,30.64546683916504
117550,1.187962687181803e-07,2.5722700975532594e-07,1.0,1.0,30.637742259994656
117560,1.0802026092687757e-07,2.750544126105853e-07,1.0,1.0,30.638731168256495
117570,1.0894930797369017e-07,2.513522672291533e-07,1.0,1.0,30.64181533118275
117580,1.0914313804844382e-07,2.693199637805753e-07,1.0,1.0,30.643652866071427
117590,1.0029486868475422e-07,2.9273321316433197e-07,1.0,1.0,30.6507469211206
117600,1.0086171948620352e-07,2.841498330981207e-07,1.0,1.0,30.662312031444788
117610,1.1437177531964923e-07,2.4623384366558025e-07,1.0,1.0,30.665419234952584
117620,8.810290678118599e-08,3.218960387513772e-07,1.0,1.0,30.662790954320787
117630,9.939780283142922e-08,2.5134656663791843e-07,1.0,1.0,30.655730503838953
117640,1.0809621284335404e-07,2.5133589318694753e-07,1.0,1.0,30.64272778651112
117650,9.757910255883718e-08,2.659891603552844e-07,1.0,1.0,30.63562132950564
117660,1.094825545199799e-07,2.8243540713953385e-07,1.0,1.0,30.637262495296685
117670,1.0667619206280906e-07,2.627179472460204e-07,1.0,1.0,30.639760266870955
117680,1.0782051655999016e-07,2.611885837688858e-07,1.0,1.0,30.638383587603997
117690,1.1449302797215231e-07,2.587355340181765e-07,1.0,1.0,30.638054609403497
117700,1.1283222184571075e-07,2.653386309226911e-07,1.0,1.0,30.638822590295515
117710,1.1755236731794659e-07,2.7387573801471483e-07,1.0,1.0,30.63859686843517
117720,1.0803665563479297e-07,3.325717761426959e-07,1.0,1.0,30.641763408909178
117730,1.2512355089687182e-07,2.7095835508492114e-07,1.0,1.0,30.647736464565906
117740,1.011533308760996e-07,2.512984277182349e-07,1.0,1.0,30.651551493675438
117750,1.0087447213299312e-07,2.6575970140101864e-07,1.0,1.0,30.647802446388827
117760,1.1459610683244642e-07,2.772726056136498e-07,1.0,1.0,30.64001206498114
117770,1.0590839169402705e-07,2.526851364790719e-07,1.0,1.0,30.638524233802514
117780,1.1045746147368136e-07,2.6695526558303033e-07,1.0,1.0,30.639052543659467
117790,1.2907967595130286e-07,2.5720444054931406e-07,1.0,1.0,30.64851444856016
117800,1.1138377840339449e-07,2.4099724734744457e-07,1.0,1.0,30.655785201712813
117810,1.0172437783374296e-07,2.613749372964792e-07,1.0,1.0,30.649545206135112
117820,1.1138564141340449e-07,2.5571243020179854e-07,1.0,1.0,30.63704900848165
117830,1.0357710369722001e-07,2.6609730985490624e-07,1.0,1.0,30.635596762849822
117840,1.019358409638121e-07,2.653326020995583e-07,1.0,1.0,30.638811405738927
117850,1.1550557791091931e-07,2.638831490479881e-07,1.0,1.0,30.64013697014776
117860,1.0383686154081167e-07,2.624190755401577e-07,1.0,1.0,30.64389915460849
117870,1.0313375852431203e-07,2.814189001786169e-07,1.0,1.0,30.646805380510166
117880,1.0827868123626734e-07,2.8703681103308265e-07,1.0,1.0,30.647057435879837
117890,1.0120683698563164e-07,2.655241207830483e-07,1.0,1.0,30.64656433959931
117900,1.0585616687522182e-07,2.7065970578721924e-07,1.0,1.0,30.64234369294776
117910,1.1384435985160886e-07,2.565072460167591e-07,1.0,1.0,30.63862965183213
117920,1.1366365991802925e-07,2.496154719496037e-07,1.0,1.0,30.637180341606754
117930,1.0479540358314035e-07,2.854456931451453e-07,1.0,1.0,30.6424337762666
117940,1.240604115347382e-07,2.673677244458349e-07,1.0,1.0,30.642661696927437
117950,1.176896255673256e-07,2.532376010344916e-07,1.0,1.0,30.640209582754913
117960,1.1087584049350186e-07,2.750466731153963e-07,1.0,1.0,30.640909964382935
117970,1.1512262043005274e-07,2.6080663658802784e-07,1.0,1.0,30.638773616928187
117980,9.79603100713687e-08,2.66700481459306e-07,1.0,1.0,30.6367889350706
117990,1.1038162496641061e-07,3.055261094471502e-07,1.0,1.0,30.636008747073564
118000,1.2036419421298661e-07,2.6698923163904507e-07,1.0,1.0,30.641000000478424
118010,1.2160022379535125e-07,2.573497108153999e-07,1.0,1.0,30.644828447467585
118020,1.0805333050361892e-07,2.8379680834042096e-07,1.0,1.0,30.644311539687358
118030,1.0208944596271636e-07,2.8167491521662793e-07,1.0,1.0,30.639661738272608
118040,1.111500765025989e-07,2.510356506139524e-07,1.0,1.0,30.64127434466315
118050,1.191929657980253e-07,2.658820475510996e-07,1.0,1.0,30.640144264526516
118060,1.0852495975861751e-07,2.6305646387787893e-07,1.0,1.0,30.645216650289637
118070,1.1723345820466854e-07,2.5067210570921525e-07,1.0,1.0,30.647486680642082
118080,9.226710948267934e-08,2.5743184413537547e-07,1.0,1.0,30.646991667192793
118090,1.0623168740733745e-07,2.852545367432604e-07,1.0,1.0,30.64607045674852
118100,1.1214935866012898e-07,2.5663824500400455e-07,1.0,1.0,30.64282107536769
118110,1.1185978642568841e-07,2.6796037374505696e-07,1.0,1.0,30.64068142980178
118120,1.1200309185934404e-07,2.616133671440081e-07,1.0,1.0,30.637466239456
118130,1.0793297456068662e-07,2.525740738475698e-07,1.0,1.0,30.634648509466608
118140,1.0790298219231428e-07,2.551948940853244e-07,1.0,1.0,30.64016718409085
118150,1.2183343863924992e-07,2.567662884105484e-07,1.0,1.0,30.64257964473123
118160,1.0793212397670824e-07,2.684533988908761e-07,1.0,1.0,30.641224477047107
118170,1.1023995513650433e-07,2.6264502521929836e-07,1.0,1.0,30.641442411744528
118180,1.1818910085576177e-07,2.6572611937830793e-07,1.0,1.0,30.642735275997467
118190,1.1339915753227523e-07,2.6865548022790897e-07,1.0,1.0,30.6501823523639
118200,9.687032513781214e-08,2.6513332701047525e-07,1.0,1.0,30.651421031915504
118210,9.539505003361923e-08,2.8690269588287657e-07,1.0,1.0,30.643675456713723
118220,1.0640095520662871e-07,2.6302585538935245e-07,1.0,1.0,30.64183632513771
118230,1.1371472052139686e-07,2.770487653009523e-07,1.0,1.0,30.641755046897416
118240,1.0344927604338718e-07,2.649789238920507e-07,1.0,1.0,30.640950171560483
118250,1.0831964787074244e-07,3.0146970843654973e-07,1.0,1.0,30.640002021104834
118260,3.580158255640561e-07,3.2265306941277393e-07,1.0,1.0,30.652119832405713
118270,0.00019352874872374353,0.008017020785435619,1.0,0.994140625,30.59838407542998
118280,0.01881114276504921,0.005444417540838333,0.9921875,1.0,30.47416445079622
118290,0.005108582195768491,0.004078963797264586,0.99609375,0.998046875,30.308568387434374
118300,0.006417121279919549,0.0010628816799751833,0.99609375,1.0,30.121437403628185
118310,0.000530752405414977,0.0010573230495831364,1.0,1.0,29.897312790005124
118320,0.0002728045182549817,0.0004936633698845746,1.0,1.0,29.65420571723252
118330,0.000288759815580141,0.00047439435007881836,1.0,1.0,29.402961025080412
118340,0.00025545005711524954,0.00048577259574147236,1.0,1.0,29.15594532668384
118350,0.00032015350160913264,0.0005185090860901127,1.0,1.0,28.91847185566199
118360,0.00043737759664766554,0.0005984136511040232,1.0,1.0,28.693529482072975
118370,0.0004925496988026757,0.0007372772457839609,1.0,1.0,28.486956209758915
118380,0.0006424042991505964,0.0008967864253541097,1.0,1.0,28.307907445348334
118390,0.0008190379270932947,0.0010544802904137477,1.0,1.0,28.160769337045654
118400,0.0009750654097265213,0.0011554238876399332,1.0,1.0,28.047671046898763
118410,0.0009569154930862753,0.0012367470174863937,1.0,1.0,27.972591955230225
118420,0.0009463625314011681,0.0012906205909086561,1.0,1.0,27.931128957046482
118430,0.0009555883641107083,0.0013034251273525278,1.0,1.0,27.91597376877137
118440,0.000938587932778413,0.0012876463371052041,1.0,1.0,27.926951198556914
118450,0.0009483345390960514,0.0012304900878901252,1.0,1.0,27.95457621849564
118460,0.0007959131237185434,0.0011955123378109545,1.0,1.0,27.997645614331475
118470,0.000905515528489892,0.0011239949945139618,1.0,1.0,28.050934327159165
118480,0.0008337906507821181,0.0010607792641789274,1.0,1.0,28.11080332140169
118490,0.0006617362405687898,0.001011374265174244,1.0,1.0,28.18051455322698
118500,0.0006048968249102194,0.000908860686891077,1.0,1.0,28.254114414315
118510,0.0006069258514732035,0.0008644279581020664,1.0,1.0,28.329931083074236
118520,0.000576677506720308,0.0007876378649801415,1.0,1.0,28.406401587050063
118530,0.0004960170006427796,0.0007331153659697863,1.0,1.0,28.489864852247987
118540,0.0004886530191922239,0.0006777042672896079,1.0,1.0,28.573544532738275
118550,0.00040587515016365813,0.0006130993590188785,1.0,1.0,28.656103308500306
118560,0.00038622846299603465,0.000568582675139565,1.0,1.0,28.740293479515667
118570,0.00040044551708881234,0.0005250306361855114,1.0,1.0,28.82014635327016
118580,0.00032134601680897974,0.00048006292584545305,1.0,1.0,28.907214247226737
118590,0.00027880247198599036,0.0004355136985364515,1.0,1.0,28.996782185149986
118600,0.00028730273310118915,0.000414010932162652,1.0,1.0,29.07363926200847
118610,0.00023481433764014118,0.00037548339044484586,1.0,1.0,29.15807935573866
118620,0.0002252070118941837,0.00033664029807185374,1.0,1.0,29.24537618293891
118630,0.00018591759597731664,0.00031179819117162867,1.0,1.0,29.336773647484684
118640,0.00017758898738935903,0.0002857921331218791,1.0,1.0,29.417453377857992
118650,0.0001475626002328593,0.0002616203987921107,1.0,1.0,29.498190174533455
118660,0.00014288575721798887,0.0002444553665018839,1.0,1.0,29.57571107264574
118670,0.00012127328833973675,0.0002192783015344789,1.0,1.0,29.657870581989645
118680,0.00012423540850897412,0.00019344044231207538,1.0,1.0,29.74044094845175
118690,0.00010490228001304089,0.00018438622885479629,1.0,1.0,29.822154796238006
118700,0.00010415348000529569,0.00017052610835523058,1.0,1.0,29.905978578290263
118710,8.747885749174022e-05,0.00015509235411945087,1.0,1.0,29.982253569327955
118720,8.255037023391547e-05,0.0001410170078677882,1.0,1.0,30.058006543676626
118730,7.022238217654626e-05,0.00012900000647205617,1.0,1.0,30.135180939893626
118740,7.34293936220003e-05,0.00011871040251430297,1.0,1.0,30.214114309705376
118750,6.037995484220993e-05,0.00010838863225937935,1.0,1.0,30.29228659930698
118760,5.65687552822037e-05,9.953451114116501e-05,1.0,1.0,30.36399213314836
118770,4.298798837714197e-05,9.053789290228074e-05,1.0,1.0,30.439328768824577
118780,5.0254367600444425e-05,8.206383061856078e-05,1.0,1.0,30.51550205066792
118790,3.957112176096631e-05,7.823687643875192e-05,1.0,1.0,30.58661713005349
118800,3.2901315410779596e-05,7.050900004557385e-05,1.0,1.0,30.657771564114736
118810,3.962674919547135e-05,6.458814719738395e-05,1.0,1.0,30.72519738581209
118820,2.6274241768737977e-05,5.732637681635131e-05,1.0,1.0,30.799724129560914
118830,2.538046059471082e-05,5.4382311663798504e-05,1.0,1.0,30.870568925446733
118840,2.3254370617614965e-05,4.911501079146945e-05,1.0,1.0,30.940437962094805
118850,2.3337108392068362e-05,4.513724274652276e-05,1.0,1.0,31.01175004071172
118860,1.9456108604041743e-05,4.301975227772985e-05,1.0,1.0,31.079393443146156
118870,1.7451965992402943e-05,3.735361720035595e-05,1.0,1.0,31.141789660636345
118880,1.4717127741006944e-05,3.455625394244871e-05,1.0,1.0,31.19900179737132
118890,1.2724858758664435e-05,3.257722721261774e-05,1.0,1.0,31.26499420680432
118900,1.4364709279618052e-05,2.875493887874224e-05,1.0,1.0,31.328798287006563
118910,1.1384614585428515e-05,2.782641183449554e-05,1.0,1.0,31.39333210863756
118920,9.702505321420515e-06,2.4497132389792477e-05,1.0,1.0,31.452085510639748
118930,1.0533425957639234e-05,2.2976741017316896e-05,1.0,1.0,31.51180886517239
118940,8.417463890466417e-06,2.0333647447021e-05,1.0,1.0,31.57203086647174
118950,7.281055517978559e-06,2.016441299131073e-05,1.0,1.0,31.63033196083192
118960,6.519686408363437e-06,1.7809854286032992e-05,1.0,1.0,31.687769402720857
118970,6.656675952567415e-06,1.6263149759574943e-05,1.0,1.0,31.73970056376206
118980,5.901656100866395e-06,1.5080506844133207e-05,1.0,1.0,31.79384224062008
118990,5.84059544370954e-06,1.3763680204450059e-05,1.0,1.0,31.848336153429347
119000,4.948490122429536e-06,1.2722399891561238e-05,1.0,1.0,31.897167407601923
119010,5.007051517988951e-06,1.1478489645583681e-05,1.0,1.0,31.953228787664177
119020,4.206831858429485e-06,1.1024953296299235e-05,1.0,1.0,32.00676886957276
119030,3.665792690793261e-06,9.76568005831213e-06,1.0,1.0,32.05134012043397
119040,2.854248156799764e-06,9.59172889360543e-06,1.0,1.0,32.1007063503407
119050,3.296097062658662e-06,8.871032600430532e-06,1.0,1.0,32.14688713604266
119060,2.714417634084801e-06,7.721902081244444e-06,1.0,1.0,32.197403196804196
119070,2.385319029662508e-06,7.304093890430826e-06,1.0,1.0,32.241948972111295
119080,2.4509437774277953e-06,6.848744847546119e-06,1.0,1.0,32.28433925432888
119090,1.8814984742543524e-06,6.068638883406492e-06,1.0,1.0,32.32259707584771
119100,1.7939942276151448e-06,5.726354924502047e-06,1.0,1.0,32.36315652398703
119110,1.8424141422575103e-06,5.488911629265795e-06,1.0,1.0,32.40573537052405
119120,1.3548962360549073e-06,4.792625075836837e-06,1.0,1.0,32.44417241047948
119130,1.2918454135945745e-06,4.908902512607102e-06,1.0,1.0,32.4814968723523
119140,1.475100463253813e-06,4.1618924673273975e-06,1.0,1.0,32.510875301028484
119150,1.2108155680849835e-06,4.824646205416661e-06,1.0,1.0,32.549244643475944
119160,9.507351397230818e-07,3.446552185861189e-06,1.0,1.0,32.58217565550846
119170,9.831656819569764e-07,3.733058629893597e-06,1.0,1.0,32.614070669957414
119180,9.344837311379285e-07,2.9802412446529383e-06,1.0,1.0,32.63924527092571
119190,7.361700407744048e-07,3.237682515773041e-06,1.0,1.0,32.662989210475665
119200,9.079463191164245e-07,2.5446593107046263e-06,1.0,1.0,32.68017623965417
119210,6.738566316246377e-07,2.830439744643588e-06,1.0,1.0,32.70726356228685
119220,5.825217398279338e-07,2.650306141926332e-06,1.0,1.0,32.732010898660455
119230,6.474214125977511e-07,2.533230556289812e-06,1.0,1.0,32.74519869693112
119240,4.831456020943316e-07,1.9194692643918763e-06,1.0,1.0,32.769913618241596
119250,4.607669809038203e-07,1.9520726123403163e-06,1.0,1.0,32.786857837944545
119260,4.813452531639164e-07,1.764088596824884e-06,1.0,1.0,32.798291035273294
119270,4.2246578410394037e-07,1.7297745702798421e-06,1.0,1.0,32.80061185653729
119280,4.308057037619265e-07,1.659184179270598e-06,1.0,1.0,32.809317533409
119290,3.8401043380586957e-07,1.5892465581755455e-06,1.0,1.0,32.81766015073958
119300,3.255092312742925e-07,1.4567165640862666e-06,1.0,1.0,32.82391228887518
119310,2.933170379772837e-07,1.327961835610277e-06,1.0,1.0,32.82340799067645
119320,3.192785816510261e-07,1.3884145199232278e-06,1.0,1.0,32.81807887650516
119330,2.776567656864137e-07,1.190516733526605e-06,1.0,1.0,32.81486456290368
119340,2.508577447000051e-07,1.2304949749542236e-06,1.0,1.0,32.81269763197289
119350,2.6905025215660475e-07,1.2249459195472855e-06,1.0,1.0,32.80878332426719
119360,2.456258610961104e-07,1.0563763366238367e-06,1.0,1.0,32.79800394093753
119370,1.9007820104859606e-07,9.266611674346736e-07,1.0,1.0,32.78650218172729
119380,2.4917846505740925e-07,9.223720382226801e-07,1.0,1.0,32.77181607971238
119390,1.8813078644786417e-07,9.95915473664162e-07,1.0,1.0,32.76032676922861
119400,1.7480869018268306e-07,9.151417334941004e-07,1.0,1.0,32.74490415187227
119410,1.923008460568959e-07,7.560133254194197e-07,1.0,1.0,32.721975028639626
119420,2.0418118587202172e-07,6.933891245799762e-07,1.0,1.0,32.70292498869369
119430,1.6802126306951652e-07,8.207080317854898e-07,1.0,1.0,32.68292826834981
119440,1.7705997092565e-07,1.009986147686178e-06,1.0,1.0,32.65905625003131
119450,1.772964143217833e-07,5.959855586722361e-07,1.0,1.0,32.632500030526245
119460,1.435283039897192e-07,6.782363344686608e-07,1.0,1.0,32.60740192233165
119470,1.466713228111332e-07,7.240413771866617e-07,1.0,1.0,32.58162366253076
119480,1.458678988417984e-07,5.60188356131809e-07,1.0,1.0,32.550838368236654
119490,1.4697029885725703e-07,5.860317156561805e-07,1.0,1.0,32.520051831897156
119500,1.766449681798742e-07,6.727029834741602e-07,1.0,1.0,32.491280646113246
119510,1.1691495365094536e-07,5.840859121897564e-07,1.0,1.0,32.464022817773106
119520,1.3006612888576364e-07,5.395948759926673e-07,1.0,1.0,32.43419574850064
119530,1.3889862594329255e-07,4.933563079594343e-07,1.0,1.0,32.400216725324576
119540,1.2842143190733252e-07,4.898137589161912e-07,1.0,1.0,32.36930268196551
119550,1.1715494476666731e-07,5.51402483925246e-07,1.0,1.0,32.33555124297344
119560,1.319577378239282e-07,4.24032583545919e-07,1.0,1.0,32.30600131047903
119570,1.2706065011493335e-07,4.469607825998752e-07,1.0,1.0,32.272608477771
119580,1.21277291724234e-07,5.412085840538551e-07,1.0,1.0,32.23833628515771
119590,1.2405720655935887e-07,4.129596350262988e-07,1.0,1.0,32.2034076964348
119600,1.1689929893479072e-07,4.652631722598819e-07,1.0,1.0,32.17164635613771
119610,1.1574383166420208e-07,4.320957829259545e-07,1.0,1.0,32.14363444368649
119620,1.2324598645233287e-07,4.746653506537852e-07,1.0,1.0,32.11065452700759
119630,1.0757000807864034e-07,4.612198125162643e-07,1.0,1.0,32.0787399068624
119640,9.967501966260304e-08,4.1053298485675925e-07,1.0,1.0,32.05091948784559
119650,1.0500717554731732e-07,4.2812262582909156e-07,1.0,1.0,32.01552531509117
119660,1.0425758012118116e-07,4.0357163673786836e-07,1.0,1.0,31.98452031545338
119670,1.0437230145038814e-07,4.557075469665736e-07,1.0,1.0,31.9564385441702
119680,1.3056371867055735e-07,3.9576474551368276e-07,1.0,1.0,31.926801172320722
119690,1.0167724163701438e-07,3.496646498146255e-07,1.0,1.0,31.899409409153364
119700,1.147211163930461e-07,3.6317479082532206e-07,1.0,1.0,31.868873082865846
119710,1.1319911118880835e-07,3.8014302343543917e-07,1.0,1.0,31.833830780741206
119720,1.0750866824313134e-07,3.754497483594586e-07,1.0,1.0,31.806879653882785
119730,1.1381966332681839e-07,4.124167160828174e-07,1.0,1.0,31.784537234967672
119740,1.2373729827444348e-07,3.953207844348414e-07,1.0,1.0,31.76274721738752
119750,1.0684888316279033e-07,3.7946923386954964e-07,1.0,1.0,31.7384794672622
119760,1.1600448232463551e-07,3.660476173119512e-07,1.0,1.0,31.709570112388967
119770,1.2216808111312299e-07,3.902426905955746e-07,1.0,1.0,31.685235090937798
119780,9.727263436601956e-08,3.268503719214322e-07,1.0,1.0,31.65995214117987
119790,9.432380242887794e-08,3.5239748585923095e-07,1.0,1.0,31.636184361962226
119800,1.0713344223663637e-07,3.506263965817836e-07,1.0,1.0,31.606899135476368
119810,1.0678604402456116e-07,3.4337147959520047e-07,1.0,1.0,31.587600565681374
119820,9.780226253615823e-08,3.805130100713108e-07,1.0,1.0,31.567611011275996
119830,1.1539822505307942e-07,3.4497287363991353e-07,1.0,1.0,31.546583566371435
119840,1.0084449853532987e-07,3.358902370324512e-07,1.0,1.0,31.53098036027636
119850,1.0133587584714508e-07,3.570629659330879e-07,1.0,1.0,31.51121081780385
119860,1.0882071996441355e-07,3.2897331386737403e-07,1.0,1.0,31.49060200794057
119870,1.0847670729782929e-07,3.2463433074581627e-07,1.0,1.0,31.4754374848189
119880,1.0230883445732684e-07,3.435112702934066e-07,1.0,1.0,31.45517134919734
119890,1.2039659244436867e-07,3.3916275009181885e-07,1.0,1.0,31.434769789783644
119900,1.1890990876063132e-07,3.136719755465885e-07,1.0,1.0,31.41949570153281
119910,9.932800709194098e-08,3.326203083367459e-07,1.0,1.0,31.405266429715574
119920,1.149151599539872e-07,3.4645943299506847e-07,1.0,1.0,31.385775922480374
119930,1.0098177892201499e-07,3.1039795214905266e-07,1.0,1.0,31.36587901965969
119940,9.618672147573805e-08,3.286796624732818e-07,1.0,1.0,31.350416192942255
119950,1.2081220137699218e-07,3.555612685639865e-07,1.0,1.0,31.333809881121013
119960,1.037983874899777e-07,3.125676561337329e-07,1.0,1.0,31.320498038648278
119970,1.1885642183139892e-07,3.2804902443428537e-07,1.0,1.0,31.308825076766947
119980,1.0437389542581202e-07,3.572591406487395e-07,1.0,1.0,31.297279180132545
119990,1.0128237777204986e-07,2.8579599860760984e-07,1.0,1.0,31.284961795553038
