step,ipr_u1,ipr_u2,ipr_w,erank_w1,erank_w2,w1_norm,w2_norm,sv1_0,sv2_0,sv1_1,sv2_1,sv1_2,sv2_2,sv1_3,sv2_3,sv1_4,sv2_4
0,0.1582870500904482,0.15972369576088086,0.1557615084352264,42.107829504376014,22.05868464934277,1.0021959810199919,0.9959939801705091,28.596090081021856,26.135541138407714,27.959090695180127,25.606359290915588,27.930270038651056,25.16816660838244,27.56966747686651,25.12028807390907,26.99289630038569,24.570128353379797
100,0.15835668141996445,0.15971084127730673,0.15573631414228736,42.09948410373783,22.06359867104103,1.0036824386998833,0.9975081638466933,28.609878456135817,26.099543784199778,28.025019300883283,25.592941884926937,27.988653388280873,25.26425003649558,27.575649830420794,25.07548628892344,27.040061011021017,24.768445016810166
200,0.1584066703495119,0.1596985356194333,0.15623601532910827,42.085095569115076,21.99801338362709,1.0094333310849943,1.0033111708757234,28.755783209881226,26.640300103731132,28.22515342049932,26.092084774821455,28.162429744165564,25.540207850048066,27.691250775626873,25.03090247647963,27.214426911500535,24.92150997431169
300,0.15843923278862268,0.1596878514698645,0.15726916385424522,42.06406974681014,21.676782148230863,1.0189854760871808,1.012936152427397,29.02772692406846,29.789184966592373,28.535519654677834,26.111586889372596,28.444091945125994,25.56162395167612,27.90445807022986,25.010954393045463,27.504481007811638,24.956604721093985
400,0.15845716334478888,0.15968038268568638,0.1588627700573209,42.03508836180365,20.911633332605817,1.031938608622312,1.025979216023432,29.425575788669207,33.96294477739081,28.937289096719603,26.1498377227064,28.823001453582037,25.591654636550256,28.20728202368318,25.01112449558363,27.899222674676366,24.978910373033123
500,0.15846367450817317,0.15967811356528955,0.16102954968397384,41.99660135158891,19.631792520520083,1.0479033857546185,1.0420473175318279,29.95056852428964,38.5858302685729,29.414169950429574,26.210419452411546,29.287627496960834,25.637446932318937,28.593209103196493,25.033408597488485,28.387210576673006,25.005108004697263
600,0.158462134593178,0.1596832093363498,0.16373627318212322,41.947270082524106,17.94328364259033,1.0664618046086856,1.060718698677738,30.599357897178145,43.38095012925161,29.954831961932292,26.29718573210727,29.825285542086274,25.701508050815626,29.05641077104338,25.07921982483362,28.954292119711415,25.042625341552217
700,0.15845569472770799,0.1596977324956061,0.16688567486124176,41.88638170828752,16.07434341472878,1.0871392732456768,1.0815149492503995,31.36244668636026,48.18024036532476,30.551378404818998,26.415258915425923,30.42169739598731,25.786808601534585,29.615084420723115,25.149507198624626,29.557482390834885,25.101247228661364
800,0.15844677781219285,0.1597232664259476,0.17031882703843473,41.81420429126329,14.2587368236559,1.1093913987565431,1.1038879005726285,32.225403083711754,52.85803421925238,31.194357518207735,26.570760446678694,31.061095981847448,25.897594345507496,30.290323125258805,25.25135849583944,30.144199557537114,25.191375692406442
900,0.15843659165314694,0.15976052141537367,0.173833953921556,41.732213157524484,12.654194457839276,1.1326105484192301,1.1272263718935989,33.16767868273452,57.307022395682296,31.870440104986383,26.770423828676506,31.72654713637029,26.039919336658635,31.001157683672382,25.40321503554103,30.757526112562182,25.320399086602748
1000,0.15842476601319327,0.1598090630750449,0.17721371760420215,41.643084901268345,11.329501673404396,1.1561560999104707,1.1508866721164117,34.16078753912947,61.43138554348909,32.56359805838988,27.021139040238754,32.400086350969474,26.222079163044054,31.715719816802366,25.628251068984213,31.38877243883501,25.48597138550586
1100,0.15840931520617085,0.15986728124913288,0.18025357174513024,41.550375683300565,10.29075142207838,1.1794070504008074,1.174245317840371,35.169534460648485,65.14844421971877,33.25750638362058,27.32951512240444,33.06353091117502,26.454926642140773,32.412013643897595,25.928711271526954,32.02362250715619,25.69395121389382
1200,0.15838700872544495,0.15993271228945927,0.1827854621446993,41.457890727901564,9.512293392141094,1.2018272193453894,1.1967645297198775,36.156949288552866,68.39411794746128,33.93751819887375,27.701552366652084,33.70084539878638,26.75208413342408,33.07461735467471,26.298947944127768,32.65393891117482,25.96191021577038
1300,0.15835406034058225,0.16000264372999412,0.18469297332408,41.36888849637214,8.957971055944704,1.2230260070377952,1.2180529865027767,37.090741072819576,71.12845358318538,34.59231845027035,28.142473171929076,34.30105278227058,27.129610731753512,33.695410732060665,26.737106517008304,33.27443438078473,26.313489462689425
1400,0.1583069433238069,0.16007481498259882,0.18591624248735367,41.285367357812945,8.592196342729617,1.2427964314387145,1.2379038699059735,37.94853413561626,73.33828291406785,35.2154533737832,28.65673866370364,34.860080319384195,27.603096908187993,34.27297386831355,27.245261612813565,33.87051690576545,26.757958847532738
1500,0.15824303187723604,0.16014797457847496,0.1864476506447226,41.20766843813935,8.384467519459843,1.2611198861919963,1.256299435442707,38.720231965321695,75.03558980156467,35.80608000011511,29.248224131857917,35.38118652947149,28.181000613153554,34.811139375417625,27.83089773644002,34.43509719742145,27.277342664574395
1600,0.1581609426448929,0.16022214611947885,0.1863213347640827,41.13448134508004,8.31051069461007,1.2781396514879204,1.2733843026315008,39.40735760943403,76.25204769258089,36.36851820228093,29.920477222750733,35.87442950429977,28.861548359067083,35.3173219922778,28.503292025527582,34.971808562359655,27.854874505204098
1700,0.15806055894744284,0.16029859243386943,0.18560035882362327,41.06316287178099,8.351937360213393,1.2941155076956123,1.289419778298076,40.020326753343326,77.0315270128206,36.91097732853374,30.676935304634892,36.355595931982265,29.638033211614957,35.80119033610058,29.26592538555843,35.488617193251365,28.487786720432204
1800,0.15794284644394482,0.16037959132399227,0.1843647472474639,40.99019419539182,8.495342483446272,1.3093746236720967,1.3047346486933753,40.57497257280817,77.42266443302734,37.444053267802964,31.520977327609113,36.84454798208958,30.504206496575858,36.27416583277119,30.11636240555479,35.99379839361086,29.180766457538862
1900,0.15780961162642757,0.1604681361156679,0.1827021536968211,40.9116043960904,8.731223145796147,1.3242704665610185,1.3196839199073613,41.08944342361115,77.47296495127249,37.97946847065488,32.45573043875645,37.36257714127913,31.456024853729353,36.749463906512254,31.0503078507798,36.49446286786225,29.93940679829824
2000,0.157663288643079,0.16056768264904725,0.18070161861934964,40.82327665323158,9.052820593571532,1.3391546706863275,1.3346206044689057,41.58201108376157,77.22502987459062,38.52925009955513,33.48367877311516,37.92888727765783,32.491872354163256,37.24084271612381,32.06379576856888,36.99909081245065,30.768078296834567
2100,0.1575067910851081,0.1606819637591871,0.1784499315215765,40.72112126034721,9.45486897155132,1.3543619135559448,1.3498805499824733,42.069896789316466,76.71479548416411,39.10541787727468,34.60627892795075,38.55782253603864,33.612218263306865,37.759641998695756,33.153872214825626,37.52232841930728,31.669978657540785
2200,0.15734344749110898,0.1608148952245724,0.17602977289618926,40.60114164525117,9.932176332708282,1.37020482578008,1.3657773503899506,42.5689765773974,75.97133964752877,39.720334529702235,35.823854486237956,39.25827297469966,34.818707729830244,38.31448652410432,34.319004074371556,38.08478981849865,32.647577446736214
2300,0.15717698515665252,0.16097056849307992,0.17351878735157664,40.459431774274435,10.477960866465732,1.386975435009561,1.3826038753779608,43.09422488420241,75.01779868553355,40.38871557322757,37.13585849134556,40.033498591790895,36.11298417289467,38.914459130760335,35.55929498198437,38.707006747387354,33.70291507073413
2400,0.15701154845094323,0.16115331347092945,0.17098891716529682,40.292134494945245,11.081937769504966,1.4049503568963044,1.4006374359683746,43.66091549478469,73.87303350167615,41.136396548332144,38.54140982900543,40.873992296256944,37.49583025129004,39.572509818945676,36.876060032817286,39.40351063144765,34.837711608707636
2500,0.15685172537994618,0.1613678265091237,0.16850554455071712,40.09537292565859,11.728310317642208,1.424397653183179,1.4201466284185773,44.28696689651399,72.55387101824658,42.01744719226603,40.040041486566025,41.74028428900341,38.966839613181335,40.31324703156762,38.27062840950811,40.174754323540625,36.053315145070805
2600,0.15670254375238266,0.16161935244079764,0.16612625528914007,39.86515350279509,12.394099714552642,1.4455845347021639,1.4413991466681813,44.997556875716,71.077904440429,43.05398390236978,41.632753088252606,42.62043106246501,40.524391451974054,41.18075126070592,39.74254390296643,41.00054591398036,37.35054487605636
2700,0.15656943546620186,0.16191389085506358,0.163899203421192,39.59722432690581,13.048582906776929,1.4687857859453028,1.4646701006899732,45.834156391251696,69.46695688574177,44.209070725506315,43.323616058698406,43.55036208088546,42.16560801642615,42.19116454641749,41.2872372581304,41.88857868615533,38.72947283756928
2800,0.15645812214069707,0.16225835949968495,0.16186129332365323,39.286879720980764,13.654804713190673,1.4942928333033358,1.4902512131662364,46.867093739583474,67.75150205254234,45.446306527036285,45.12193779768404,44.54532313896081,43.88632120696416,43.338730124414866,42.89304091897052,42.86815467654347,40.18918861906261
2900,0.15637438092516037,0.16266062152800795,0.16003651239161462,38.92873411816486,14.173817760378373,1.52242328698933,1.518460254297271,48.18533367512395,65.97670995336136,46.736701056289874,47.043854201018284,45.61042560736068,45.681573299942954,44.62251050481761,44.53758876839102,43.95966049116534,41.72751852083735
3000,0.15632367235593178,0.16312917886588232,0.15843491415595948,38.51661620769581,14.571295818341047,1.5535280746448314,1.5496483352236101,49.83460244218211,64.21171565833066,48.104873723515645,49.11039112280274,46.775810010640136,47.54731275519659,46.02572902264269,46.18409055150936,45.17818192992056,43.34052333496791
3100,0.15631059809592668,0.16367239698324254,0.15705267830864897,38.04396731698177,14.824765105389531,1.5879888603291092,1.5841970982765041,51.80561390611877,62.56591905534446,49.62103897981642,51.33772198929262,48.160457171342415,49.48230651000319,47.47327174513069,47.778356308283136,46.53005353370812,45.02105660484491
3200,0.1563382128855525,0.16429714493134004,0.15587357090516457,37.505485884074915,14.928953562689482,1.6261908436212875,1.6224916537367646,54.08050543023936,61.22088664124696,51.340285376996,53.71365819288724,49.885304235316916,51.48708973282885,48.935159821933595,49.24850920391051,47.99726799910351,46.75394914054304
3300,0.15640736210139167,0.16500699125369236,0.15487175528458272,36.90074581468003,14.897431507858318,1.66845297671934,1.6648504695902904,56.63020132322738,60.49747662282092,53.29312324463244,56.13261214896496,51.901809841574746,53.558757952751215,50.58016911384975,50.531199866221854,49.53607410840095,48.498436704464524
3400,0.15651641132544075,0.16580042246189874,0.15401570374236814,36.23910726578773,14.760100564834694,1.7149094733815642,1.711406844105636,59.3860318109964,60.98652427273787,55.49318011707817,58.198724077550295,54.16449513018872,55.683260811562214,52.50025219962594,51.73632469438553,51.15872662592926,50.14385408526828
3500,0.15666171132998258,0.16666980591936054,0.15327279811684338,35.542301715880264,14.556784602827177,1.7653730137537789,1.7619719596315868,62.23214380504787,62.93909310363918,57.933666358945715,59.64765245265196,56.65190666186334,57.82394206821469,54.64602560510816,53.27187126312926,52.967822881943775,51.72143028484897
3600,0.15683841437524013,0.167601396869341,0.15261415127247888,34.84145226058349,14.32779651350172,1.819235668314345,1.8159358672365207,65.03463913162399,65.38131510223742,60.57776467311168,61.18382946341843,59.323117813186066,59.91032322908084,56.934126948521,55.17285542527202,55.048248492630044,53.79515944227585
3700,0.15704073873335342,0.16857573179934268,0.15201859359415693,34.171889296711846,14.104737747592438,1.8754412601077244,1.8722400562308479,67.67712862217657,67.73892980290354,63.35254152794635,63.03197794175903,62.09015007040397,61.89073821286216,59.302663424426456,57.260568435106904,57.32169325342111,56.2496514554892
3800,0.15726190131366458,0.16956826632925417,0.15147417910205846,33.56986008607499,13.905948881985282,1.9325549726592235,1.9294475041178205,70.06868483909744,69.8298200497376,66.15050210948763,65.01022395316774,64.81604635636756,63.81677362303622,61.727771535987046,59.482022807927365,59.61707437344601,58.66446073957645
3900,0.15749484747371065,0.17055179836637502,0.15097642479424775,33.067099328946455,13.737575054136732,1.9889894084961144,1.9859690206629788,72.14154167318335,71.60281383963873,68.84083344714449,66.92150594264156,67.34855197250218,65.71743271807587,64.18839890498494,61.78443613729444,61.80417859350614,60.921137199085685
4000,0.1577338413121942,0.1715011545114806,0.15052449755758796,32.68128690183156,13.597560170706535,2.0433701226403147,2.040428974871964,73.86267442668182,73.07968850278226,71.29606974439727,68.66647754811123,69.57047241536888,67.53699770297884,66.61273187084768,64.04533669423353,63.83182068155334,63.050848036508654
4100,0.1579759040569347,0.17239781090459708,0.1501176780476325,32.41037121133023,13.479995900666186,2.0948340286772607,2.0919640455981727,75.2447187859876,74.32616436652239,73.42452115732594,70.23299872699992,71.43335043423001,69.18463976969015,68.9048878406847,66.18396190996634,65.71529595500583,65.07273064865915
4200,0.158221089314866,0.17323179070832376,0.14975361757023917,32.23649883548046,13.378544572105744,2.143058791715177,2.140252337390036,76.33639566686226,75.42245633227087,75.18660476010072,71.67256996177117,72.95706793430165,70.58201848095148,71.00101313366936,68.1730608414599,67.49843577425085,66.95833996156495
4300,0.15847104772029041,0.17400023191329717,0.149428464260423,32.13506007170933,13.288327144308266,2.18806184141497,2.1853120634440186,77.20737241363575,76.43473712420675,76.58197451347702,73.03588437540623,74.20358095024804,71.72559989916041,72.87773698385269,69.99652489997487,69.21645789166264,68.68239794408855
4400,0.15872658846398827,0.17470419606519189,0.1491378119726592,32.08218206244338,13.20639465354702,2.2299538320519443,2.2272547054232437,77.97954717272619,77.39611289606253,77.58433048883592,74.33769538829863,75.24757766402284,72.71293650114946,74.53485567203757,71.62533256528495,70.87769364759622,70.28523980259801
4500,0.15898573308844943,0.17534585723715168,0.148877502622214,32.05845781307456,13.131429698909479,2.2687814670055975,2.266127600698149,78.75992753816944,78.30583813582457,78.1880048048948,75.58383099525494,76.18783450313467,73.7342992112609,75.94905368971266,72.99697276818287,72.46911056963972,71.86993476681022
4600,0.1592432964118862,0.1759271276557771,0.14864393483030688,32.04991091570918,13.063161078900272,2.304496489666413,2.301882856931078,79.45087115928085,79.1465159676344,78.59323092265002,76.77496466334063,77.32882027114452,74.94497907013985,76.87448076081529,74.16679763922915,73.97170404668012,73.22904880616035
4700,0.15949194826476823,0.17644954185897685,0.14843409037562322,32.047542091215405,13.001701874695838,2.3370150332867667,2.334436992754974,80.05078662200518,79.90675455016519,78.92691751457214,77.89804899195266,78.41607910836024,76.212477224481,77.58404074215744,75.35085895641853,75.3716661952661,74.17517391406574
4800,0.15972406355775814,0.17691465781120336,0.1482454522769721,32.04622935807249,12.947017346288622,2.366295277939173,2.363748462410344,80.6213657560917,80.59637448728756,79.5247087892443,78.92525499397071,79.06393905945943,77.40918125929413,78.1965629240825,76.43803227093959,76.65086166597831,74.92019100624124
4900,0.15993356107876708,0.17732450281599546,0.14807591312395896,32.04352821238064,12.89871779739779,2.3923784570711897,2.389858812919405,81.26038779086313,81.24876849447786,80.30092810290796,79.82087564602368,79.40008153719049,78.47217540731302,78.68874855024485,77.36986768450832,77.76805951088825,75.58257455056756
5000,0.1601170865188145,0.1776819102671878,0.14792369334326294,32.038703547324374,12.856137149256435,2.41539019899936,2.4128940639020637,82.03563339953023,81.90601565471873,80.90589245324485,80.55918543135243,79.81352879775402,79.37558895723285,79.06553408237785,78.15982591557767,78.66388668650988,76.17966918442472
5100,0.16027417020174328,0.177990702079188,0.14778727154157179,32.03200734198444,12.818500469969669,2.435524446284088,2.433048519391589,82.87981627228052,82.58708683618222,81.38534683041304,81.14839300417391,80.30265121280236,80.11347261549354,79.57319659676179,78.8343112037526,79.16818681240305,76.70887810273476
5200,0.1604065615484582,0.17825565124134823,0.1476653186398553,32.02414260421211,12.785054550650758,2.453023290035376,2.4505646420088327,83.70332913323674,83.27703888575407,81.80491129245662,81.62616108448155,80.8267105310777,80.69625720837902,80.13787676233886,79.4205196669464,79.4667295041955,77.17496352169192
5300,0.16051722479465372,0.17848225598955367,0.14755662188042035,32.01589638168895,12.755135054050761,2.468156052592272,2.4657121779674114,84.4593566069557,83.95059863893066,82.18825457708785,82.02625148237135,81.35772457671756,81.15212617187855,80.60362170499238,79.93995001555255,79.78242028948002,77.61096908851204
5400,0.16060944968847607,0.1786763341314036,0.14746002675580036,32.00792397319486,12.728186049264025,2.481200095520005,2.4787688202358296,85.12928565153092,84.58809573116028,82.53983532610665,82.36656909344677,81.86813761258328,81.52103843073903,80.98734424230476,80.40334214275394,80.11406028666973,78.0835103883574
5500,0.16068628232182142,0.1788435890130531,0.14737439597421878,32.000659344575574,12.703751414012133,2.4924251937593205,2.490004699208944,85.7094906555138,85.1772498299526,82.85925678624163,82.65752318017475,82.33872355806824,81.8455666517613,81.31279820773996,80.80826282356045,80.42955929122584,78.56526287143348
5600,0.16075031013127283,0.17898923415071152,0.14729860370512096,31.99430970576239,12.681455674735625,2.502082800785513,2.499671493390923,86.20418919348681,85.71183002919817,83.14743349351784,82.90915459397246,82.75885344714648,82.16349917883565,81.59512964657256,81.14246162017865,80.71095520718426,78.9937568264864
5700,0.16080361994172937,0.1791177441170844,0.14723154451653983,31.988907027099284,12.660986866715824,2.5103996330453495,2.5079961374922677,86.6214392273855,86.19026633493105,83.40981309515647,83.13415802760349,83.12148636265721,82.49518270174981,81.84354746248671,81.39725887919796,80.95561996750112,79.35550810721756
5800,0.16084787864721334,0.17923275612534703,0.14717216759378715,31.984369198788677,12.642085637566185,2.5175749653640853,2.5151781820672734,86.97078657503602,86.61434115680133,83.65788762881421,83.35229509844565,83.41909428633232,82.82969000329888,82.06403886166254,81.58012080089632,81.16797102760941,79.6550535949644
5900,0.16088443287512952,0.17933710485466542,0.14711949724781356,31.980558107298535,12.624538456587,2.5237805032068943,2.52138947438776,87.26188844496784,86.98800112587053,83.90085066949361,83.59744282327857,83.64963686470351,83.12603201168285,82.26088542605396,81.70889433896929,81.35392900739227,79.90116051566947
6000,0.16091439869478746,0.17943291215588908,0.14707263535796808,31.977322245940297,12.608171338736819,2.5291621027223945,2.526776072402931,87.50376181371769,87.31638056064676,84.13302194049372,83.89768202967636,83.82728545673753,83.34655086926888,82.43743559431256,81.80032881950767,81.51863479270334,80.10303141255532
6100,0.16093873113200863,0.1795217356125606,0.14703078739442538,31.97451674533471,12.592844628808928,2.533842500589978,2.531460793867447,87.7044380512109,87.60508502530327,84.34578844091261,84.23439682887438,83.96924622548391,83.50290257973548,82.59643020437915,81.86636335827119,81.66591799761449,80.26903398638488
6200,0.16095825923754647,0.1796046891112033,0.14699324671724712,31.97202043468761,12.578447069173377,2.537924443117931,2.5355464939296515,87.87084455301424,87.85972884552972,84.53652566758761,84.5762736802393,84.08612692771061,83.62213612332403,82.74013490138081,81.91498213104715,81.79846276931849,80.40628547483038
6300,0.1609737242411778,0.17968257651000277,0.1469593943860312,31.969735253560508,12.564888739959134,2.541493825067094,2.539119145547998,88.0088555969665,88.08565483278122,84.70605065351862,84.90616199171825,84.1841798387907,83.7190557576825,82.87041467277702,81.95153618806022,81.91813523540219,80.52064085802459
6400,0.1609857780677548,0.17975597955311712,0.14692870163356633,31.967586898184265,12.55209623938668,2.5446225744012825,2.542250777218718,88.12338431390893,88.28777356272644,84.85623564712327,85.2160847487634,84.26761682255959,83.80060225311125,82.98878857884392,81.97967703670628,82.0262928444803,80.61680957080716
6500,0.1609950015879934,0.17982533647564045,0.14690070999778584,31.965519988732325,12.54000814133487,2.5473711080799326,2.545001796894771,88.21851315383066,88.47045877605224,84.98913672133777,85.50225190742853,84.33953005709009,83.87045504305317,83.09648913827519,82.00194463834511,82.12400954509653,80.69852406062579
6600,0.1610019013034281,0.17989098354250704,0.14687502550163717,31.963495387408155,12.52857130158484,2.5497904343743816,2.54742326525907,88.29762027964274,88.6375185508703,85.10670098476936,85.76300533241708,84.40231135466678,83.93088336536721,83.19453139566046,82.02010072636897,82.21218756910126,80.76872851595006
6700,0.16100691798342728,0.1799532032439517,0.14685131569733328,31.961485699783246,12.517738083789945,2.551923759699038,2.54955852663986,88.36349620331346,88.79216531704645,85.21070051685429,85.99795385395132,84.45781552400483,83.98344772436455,83.28376143970557,82.03538222316408,82.29163738671842,80.82974294253265
6800,0.1610104283156615,0.18001223338755973,0.1468292965484017,31.95947184100846,12.507465415380063,2.553807939884956,2.551444372496768,88.4184369631236,88.93700618111572,85.30272824340189,86.20754608099836,84.50750227521745,84.02931263635212,83.36490774175407,82.04864114155544,82.36311088865011,80.8833746363538
6900,0.1610127533641533,0.1800682861184762,0.14680873388812488,31.957442328700356,12.497713490178468,2.555474466272551,2.553112389173786,88.46433030828778,89.07408794923793,85.38421406115037,86.39282647466231,84.55249743993656,84.06940474637926,83.43861471271691,82.06046704900483,82.42729628261583,80.93102132496578
7000,0.16101415415022172,0.1801215604822097,0.14678942401451983,31.955389000410506,12.488445968965191,2.556950372038063,2.554589635026053,88.5027343263246,89.20491066354236,85.45642998972285,86.55526604474754,84.593676407496,84.10447621642155,83.50546387133558,82.07125734116686,82.48483664727733,80.9737859954702
7100,0.1610148491380085,0.1801722376908207,0.14677119361020358,31.95330804483286,12.479627865614495,2.5582590348369614,2.555899477417241,88.53492777331553,89.33053011024029,85.52051780517475,86.69663907314691,84.63170795495346,84.13517305860843,83.56599788436577,82.08128342501796,82.53633672172474,81.01251269412643
7200,0.16101502517051614,0.18022049108753896,0.14675390268431493,31.95119827857346,12.471226902515797,2.559420606618398,2.5570620650892786,88.56195429847637,89.45162058133779,85.57749400135364,86.81887951874303,84.66710434965407,84.16204794890038,83.62072094479214,82.09072311906573,82.5823450533985,81.04787526886003
7300,0.16101482406281348,0.18026648490160446,0.14673743152608626,31.949059633053192,12.46321332165151,2.5604525572686945,2.558095004385357,88.5846790322467,89.56857792152896,85.62825204084272,86.9239973709569,84.70026443743471,84.18557693809254,83.67010657191203,82.09969917284505,82.62336400245462,81.08037544707169
7400,0.16101436667564117,0.180310375724228,0.14672168051347886,31.946893772442206,12.455558669927084,2.5613700724376347,2.559013348963158,88.60380458377412,89.68160523784245,85.67359051987322,87.01396435993253,84.73147744290621,84.2061774845017,83.71458974347084,82.10828459171829,82.65985721595078,81.11042760437128
7500,0.16101374496295728,0.18035230783041686,0.14670656111564012,31.944702640135233,12.448236967392017,2.562186439459932,2.5598304743491274,88.61991432905445,89.79078845236425,85.7142031966965,87.09066584040828,84.76098019122712,84.22421615230581,83.75459345145964,82.11653962211348,82.6922488923663,81.13835075559955
7600,0.16101303349111443,0.1803924155547301,0.14669200484813585,31.942489970483507,12.441223966254968,2.562913159807063,2.5605578903075217,88.63347885704408,89.89616248251716,85.75069879907,87.15584975458484,84.78895100202331,84.24002015612841,83.79049663030067,82.12448853407798,82.72092470383943,81.16436927247014
7700,0.16101229105524498,0.18043083009695396,0.14667794719355742,31.940259750707465,12.434497503739387,2.5635603938542477,2.561205736401846,88.64488876062562,89.99772753231485,85.7836115523534,87.21108306577693,84.81553358655341,84.25386963069839,83.82265219430612,82.13216007482818,82.74623984638274,81.18870287931561
7800,0.16101156409645492,0.1804676646504593,0.14666433819162733,31.938013843004992,12.428036845883174,2.5641369953639916,2.561782847280305,88.65446358978116,90.09550029130929,85.81340989422348,87.25776770599091,84.8408465275209,84.26600923204653,83.85138757473892,82.13956853441854,82.76852018203834,81.21149966381003
7900,0.16101088173412853,0.18050303747331561,0.14665113551905684,31.935756808589343,12.42182267712945,2.5646506839458167,2.5622970626272887,88.66246832340912,90.18951941732132,85.84048693644048,87.29714038638328,84.86497878199594,84.27666432438077,83.87701099905254,82.14673079127645,82.78805275076385,81.23289292789863
8000,0.16101027068783771,0.18053704073738178,0.1466383034018183,31.933492904637397,12.415838060069504,2.5651083334561706,2.5627552444641197,88.66912371602443,90.27984917342674,85.86519468343727,87.33025481007996,84.88800896219135,84.28602195013808,83.89979464275208,82.15366280654608,82.80510436370119,81.25298626365247
8100,0.16100975466671857,0.18056976967935312,0.14662580898714903,31.93122430390218,12.410066929226613,2.565516024958612,2.5631632804700324,88.67460807467813,90.36656197103282,85.88783081590663,87.35802501894274,84.9100238178005,84.2942477888861,83.91999756867551,82.16036833689135,82.81992265773984,81.27186625687057
8200,0.16100934129711011,0.1806013120063745,0.14661362723038965,31.928956895487374,12.404494352613474,2.565878989617188,2.5635266020771565,88.67907074668392,90.44976733518831,85.90864787684431,87.38124054125274,84.93107129076814,84.30149715948721,83.93784949102421,82.16686537102954,82.83271501936906,81.28962042030976
8300,0.161009040786798,0.1806317437567143,0.14660173784911518,31.926691081508423,12.399107127285003,2.5662019468262467,2.5638498723924497,88.68264278897641,90.52958057454588,85.92787840650637,87.40056384240731,84.95121042658937,84.30789543402909,83.95355666891885,82.17316563952421,82.84368409994016,81.30630732617361
8400,0.16100885924586364,0.18066114108326026,0.14659011509340042,31.92443207149582,12.393892583333104,2.5664891150196354,2.564137306160469,88.68542638948966,90.60615347596409,85.94570649107429,87.41656160579076,84.97049101639891,84.31355434282918,83.96731452483161,82.17927987618873,82.85302068881848,81.32198705395282
8500,0.16100879761304027,0.1806895652738591,0.14657874598514514,31.92218201068424,12.388839613882629,2.5667441056654483,2.5643926428854416,88.68751243601767,90.6796186727504,85.96229571832899,87.4297236868491,84.98895851867434,84.31857940901205,83.97928839324068,82.18522544661866,82.86088024566712,81.33672486588465
8600,0.16100885817638902,0.1807170729818531,0.14656761306856356,31.919942856933282,12.383937976042146,2.566970259270656,2.564618973768925,88.68898243172563,90.75012462907571,85.97780050216969,87.44045065437766,85.00666499045384,84.3230414625821,83.98964684751878,82.19100524142799,82.86740617046812,81.35054915402097
8700,0.16100903811726763,0.18074373075752168,0.14655670572306922,31.917717874680573,12.379177599427713,2.567170474986488,2.564819363031313,88.68990109339414,90.81782740210022,85.9923287729507,87.44909725471454,85.02364566960074,84.32703357575421,83.99854352113626,82.19663648978181,82.8727313659728,81.36352502277758
8800,0.16100933849893648,0.18076957585712772,0.14654600911895693,31.91550854109338,12.374550379745274,2.56734729740541,2.564996326716486,88.69031957665416,90.88285647706772,86.00598887722757,87.45596051241294,85.039931278498,84.33061489462379,84.00609038715828,82.2021331387674,82.87698535457494,81.37568177308826
8900,0.16100975034374498,0.18079465963333333,0.14653552043448537,31.913316524856597,12.370047725795109,2.567503142974435,2.565152291271301,88.69029709054166,90.94537305295414,86.0188808214997,87.46129822917023,85.05556971564478,84.33384081852547,84.0124254924001,82.20750624319518,82.88027217251476,81.38706928219881
9000,0.16101027437993365,0.18081902204188186,0.1465252294840652,31.91114343835697,12.365662776172071,2.567640037316616,2.5652892553044246,88.68986602116264,91.00551354942714,86.0310821128216,87.46531641402538,85.07059069228612,84.33675338112438,84.01765262202917,82.21276622691337,82.88268755542354,81.39771542322599
9100,0.16101090318164024,0.18084270880419637,0.146515129302466,31.908990368316605,12.361388472154886,2.5677597794573987,2.5654091265413315,88.68907729618424,91.06340319561087,86.04265848226146,87.46821667613584,85.08502129559251,84.33941822630109,84.021872558299,82.21793157611856,82.88432832744398,81.40766415926608
9200,0.16101163475768215,0.18086574240006353,0.14650520793592786,31.9068582827906,12.357219135412594,2.567864127936976,2.5655135150734054,88.68796740954096,91.11917258335782,86.05367933727855,87.47013648535372,85.09889903139687,84.34186166482026,84.02518285652421,82.22300219966483,82.88526893825787,81.41694244403696
9300,0.16101245753469243,0.18088816450455447,0.14649546260091825,31.90474902089601,12.353148961224779,2.5679544542201627,2.56560390784773,88.68655278909628,91.17292653801627,86.06418783016284,87.47122310580855,85.112239592986,84.34411012104601,84.027657558379,82.2279947167669,82.88559166735484,81.42558889782691
9400,0.1610133795552686,0.18091000197476678,0.14648588780258007,31.902662515467753,12.34917224185751,2.568032166052608,2.56568171125402,88.68486995052628,91.22479989752634,86.07422701010812,87.4715976504148,85.12508560805682,84.34619645908343,84.02937527858593,82.23292425850579,82.88534496817388,81.43363238545287
9500,0.1610143837449207,0.18093128260444621,0.14647647910957184,31.90059998123616,12.345283922701674,2.5680984129932365,2.565748066782638,88.68294269953186,91.27489761082504,86.08384521041387,87.47135658569614,85.137441749761,84.3481526379066,84.0304019068812,82.2377779728548,82.88460641816839,81.44111217245995
9600,0.16101547390664087,0.1809520383268057,0.14646723130542705,31.898562066011554,12.341479936721747,2.568154321507303,2.5658040750888143,88.68079036387718,91.32330749544296,86.09307505382574,87.4705842932419,85.14934772816925,84.35000131833256,84.03081944239108,82.24257112526354,82.88341732797126,81.44805145023625
9700,0.16101663906238092,0.18097228630461154,0.14645813755589862,31.896547267162013,12.337756632484055,2.5682008283692266,2.5658506938399954,88.67843865221373,91.37011393844885,86.1019512076061,87.46936027599214,85.16082183644842,84.35175095346125,84.03066803302144,82.24732154195028,82.8818225740137,81.45447364387555
9800,0.1610178883432388,0.18099204410765296,0.14644919630192382,31.89455757834758,12.334108977855735,2.568238806511574,2.5658887887209767,88.67590317914943,91.41543595911634,86.1104955862043,87.46775481990176,85.17188281054801,84.35342167009208,84.0300100018848,82.25202055615951,82.87987483260848,81.46041677766353
9900,0.1610192022530814,0.18101134337583918,0.14644040241645917,31.892593490807734,12.330534096253336,2.568269115842133,2.565919221012679,88.67319939774217,91.45934477139517,86.11874034388552,87.46581667746726,85.18254749405577,84.35503228465103,84.02888386603175,82.25668996811874,82.87761127780144,81.46589090870138
10000,0.16102058234898906,0.18103018983348781,0.14643175716187784,31.89065478405411,12.327028693760965,2.5682924414383037,2.565942621390074,88.67034996898236,91.50190367559256,86.12669629605406,87.46359777895611,85.19284389529243,84.35658345460799,84.02734196753524,82.26131901729387,82.87506587530774,81.47094324747974
10100,0.1610220202865295,0.18104862100540992,0.14642324899664083,31.888739815384945,12.323590458424507,2.568309417108926,2.5659596479870754,88.66736672929675,91.54317413711239,86.13439936988955,87.46114228806066,85.20277961280881,84.35810014549918,84.0254292831937,82.26591068172871,82.87227556890583,81.4755794405688
10200,0.16102351783884383,0.18106663969629044,0.14641488483378676,31.886849910690437,12.320215713679822,2.5683206381755004,2.5659709986871313,88.66425293154118,91.58323668979142,86.14185455239434,87.45849992558877,85.21237784049117,84.35958596514183,84.02317438009835,82.27047491166647,82.86927510698278,81.47982745438533
10300,0.16102507151270698,0.1810842601542221,0.14640665305233985,31.884984285855342,12.316901221643558,2.568326587781174,2.565977111918023,88.66103356624241,91.62216491000554,86.14907879992296,87.45569122150567,85.22165170009458,84.36104198139155,84.02061786771736,82.27502680297975,82.86608015669552,81.48370472973677
10400,0.16102667787137087,0.18110150522080762,0.14639855101239146,31.883142873192522,12.31364547096248,2.5683278497764794,2.5659784237260377,88.6577231255572,91.65999855381774,86.15609278778768,87.45274830329797,85.23061301971255,84.36246351635012,84.01778017037397,82.2795507631409,82.86272134552375,81.48722392836623
10500,0.16102833019607413,0.18111838666892421,0.14639057816015935,31.881326164303545,12.310445600104762,2.568324760774417,2.565975359643949,88.65431856166492,91.69679649816322,86.16289315357837,87.44969430254412,85.2392770901244,84.3638760410063,84.01469076037958,82.28404929400264,82.85921740883163,81.49042483270634
10600,0.1610300230239588,0.1811349177353161,0.14638273231276086,31.87953436429975,12.307299921489138,2.5683177987166537,2.565968307767357,88.65083595492813,91.73259725123049,86.16950499339761,87.44654051534488,85.24766383313205,84.36527122595768,84.01137515630539,82.28853654545611,82.8555796802524,81.49331596414574
10700,0.16103176149684584,0.18115110436542234,0.14637501092403313,31.877765711197384,12.30420586766278,2.568307235719725,2.5659576146511345,88.64728006746742,91.76745977902966,86.17594011371423,87.44333053476113,85.25578441166577,84.36666486103408,84.00787017245486,82.29299645943165,82.85182216714651,81.49591726001475
10800,0.1610335355012009,0.18116696185601774,0.14636740784031346,31.876020266131594,12.301162134966468,2.568293415589353,2.5659437902098015,88.64366701406178,91.80140990741549,86.1822013653942,87.44006136521283,85.26364203089086,84.36806192185615,84.00418340469787,82.29744721073965,82.84798925324488,81.49825479123761
10900,0.16103534846370776,0.18118250948735193,0.14635992296444333,31.874296902612347,12.298166859784812,2.5682767934529607,2.5659269473962985,88.64000484238834,91.83451339975768,86.18830529484865,87.43675219573187,85.27125534456323,84.36943667319198,84.00034674139002,82.30188800900139,82.84407865891816,81.50032398645247
11000,0.1610371975340849,0.1811977427870287,0.14635255788566587,31.87259752035429,12.295217920538347,2.5682574179403805,2.5659076596472734,88.6362909560726,91.86680390622384,86.19424914524787,87.4334153815366,85.27863216201042,84.37084191253905,83.9963708784746,82.30631296966669,82.840097984617,81.50216140497439
11100,0.16103907720627766,0.18121268843696123,0.1463453064681362,31.870919386036825,12.29231359612652,2.5682356698230384,2.5658859812023738,88.63254170896813,91.89830488394908,86.20005645932486,87.43008381042053,85.28578560783053,84.37225452500783,83.99226262837804,82.31072091187666,82.83605237136089,81.50377360231191
11200,0.16104098283755877,0.1812273464806164,0.14633816542804154,31.869265335134692,12.289452972409602,2.568211671407621,2.5658619553469215,88.62876026810352,91.92905126084683,86.20571796699318,87.42675145026385,85.29271067428358,84.37365881391484,83.98804410347543,82.31511712601093,82.83196490260406,81.5051610944822
11300,0.16104291314125066,0.18124172945024258,0.1463311390327144,31.8676327446711,12.286634183927088,2.5681857267853205,2.565835993322861,88.6249439014584,91.95908955579469,86.21124470144537,87.42342151257951,85.29942476803332,84.37506929961175,83.98373870941194,82.31949931443617,82.82783873586457,81.50634967675215
11400,0.1610448757311814,0.18125583736463463,0.14632421033321089,31.866021195011694,12.28385683443486,2.568158002015424,2.565808197650928,88.62110326141824,91.98842585539353,86.21663771317323,87.42010021182288,85.30593922469174,84.37647458987716,83.97934851110242,82.32385948139581,82.82369424301528,81.50735324401971
11500,0.16104685732887244,0.18126969075709667,0.1463173875303979,31.864430429275753,12.281118641363639,2.5681286447240432,2.565778788714685,88.61724648957045,92.01708445151694,86.22191219909578,87.41680108712973,85.31227165471164,84.37789503026906,83.97489110880204,82.32822124382935,82.81952536004201,81.5081927862333
11600,0.16104886117436604,0.18128328936002105,0.14631066995880207,31.862861448080114,12.278418830634003,2.568097733970503,2.565747784116794,88.61337543070935,92.04510792391373,86.227065409311,87.41351416596481,85.31841462006022,84.37931721822191,83.97036733873949,82.33257703356043,82.81533993491016,81.50886892165236
11700,0.16105088781385893,0.18129664680012617,0.14630404962294966,31.86131274007333,12.27575539348202,2.568065508963422,2.5657156131315757,88.60949487350662,92.07252866234502,86.23210949617614,87.41027927483239,85.32438325104694,84.38077036075728,83.96578936010212,82.33689586224656,82.8111394596816,81.50938774023929
11800,0.16105292906710275,0.18130976057776182,0.14629752396673076,31.85978217030446,12.27312851905034,2.5680322226773815,2.565682053509844,88.60561988347294,92.09934957731986,86.23704302639156,87.40707185913685,85.33019113399314,84.38221387409165,83.96116148055893,82.34120580682591,82.80695410373275,81.50975315185657
11900,0.16105497759309917,0.18132264385904204,0.1462910934525065,31.85827273916432,12.270536867154833,2.5679977980114765,2.5656475719302234,88.60173015784571,92.12560539272287,86.241869371226,87.40390357106808,85.33583420522183,84.38365859906006,83.95649210193433,82.34551158321015,82.80276712640337,81.50999816789505
12000,0.16105705383478644,0.18133530326669628,0.146284753046453,31.856782785852687,12.267978934806708,2.567962348569106,2.565612043413425,88.59784002207267,92.15130792103918,86.24660294431321,87.40079146011597,85.3413138186859,84.3851086679598,83.95180362349168,82.34980925349413,82.79858611975513,81.510111624634
12100,0.16105913863544208,0.1813477416257058,0.14627850472196896,31.855310208897833,12.265453978403313,2.567926187833744,2.5655758578075223,88.59395767982417,92.17649247482717,86.25123538882082,87.39773874754246,85.34664858144409,84.38659108075042,83.94709867017376,82.35407920540626,82.79442843858175,81.51011357257572
12200,0.16106123708430833,0.18135998123175925,0.14627234351600565,31.853857239738055,12.262961618089077,2.5678890758016983,2.5655387471215576,88.59007586698792,92.20116088329222,86.25576974963703,87.39470465641324,85.35183921009153,84.38806465564734,83.94237952886614,82.35833849395793,82.79027897977465,81.51000291263922
12300,0.16106334961691668,0.18137201596444374,0.14626627776067766,31.852420859648017,12.260500983455621,2.56785138477964,2.565500966910315,88.58619955967674,92.2253238410976,86.26021348501502,87.39172521823365,85.35688270611837,84.38955200036679,83.93765489552965,82.3625783446815,82.78615126110124,81.50979128691279
12400,0.16106547363047535,0.18138384612903552,0.14626029319539288,31.85100262206309,12.258070327350003,2.5678131447083747,2.5654624511839104,88.58235074329316,92.24900917487261,86.26457420966595,87.38881142237241,85.361802353721,84.39103772529246,83.9329182505801,82.36678625457685,82.78204055137601,81.50948778903908
12500,0.16106760445323684,0.18139547286715152,0.1462543917214561,31.84960179697965,12.255669843103394,2.5677741893413395,2.5654237934374993,88.57850445698199,92.27223607181043,86.26884329637052,87.38595088305571,85.36658070914537,84.39253976935316,83.92817140457912,82.3710107562544,82.77795452105849,81.50911578626452
12600,0.16106974986207193,0.18140691902049794,0.14624857107410852,31.848218312093636,12.253297991953374,2.567734715586876,2.565384511514804,88.57467791840793,92.2950212253023,86.27303206014753,87.38314124898747,85.37122397645271,84.394037487523,83.92342092606914,82.375207102299,82.77389726962453,81.5086447657488
12700,0.16107189092244226,0.18141818071576876,0.14624283047405978,31.84685235181165,12.250955131296726,2.5676949215769658,2.5653445540094277,88.57086241181597,92.31736923272908,86.27714885794559,87.38036513841134,85.37575954633097,84.3955269103103,83.91868015021998,82.37936167238935,82.76987297040594,81.50809707661058
12800,0.16107403627094175,0.18142926170872656,0.14623716630739023,31.84550154130183,12.248639336027024,2.5676547979711075,2.5653044605263604,88.56706590953367,92.33930189667564,86.28119175344784,87.37766486887757,85.38018836088364,84.39702553935058,83.91396145998198,82.38351063777378,82.76586428923686,81.50749156079765
12900,0.1610761938657298,0.18144017296974058,0.1462315840775245,31.84416649951193,12.246350883909342,2.5676143546723376,2.565264049776682,88.56328529458851,92.36082508978015,86.28515651626522,87.37499956792122,85.38450105249329,84.3985270111031,83.90926042659942,82.38766189999772,82.76187669947598,81.50682655609351
13000,0.16107834782945424,0.181450913643714,0.14622606773111432,31.842847178815965,12.244089133363175,2.5675737714685116,2.5652231510104806,88.55953314918638,92.38194462705482,86.28904832383701,87.37239996602582,85.38872870727509,84.40002055673034,83.90457811242925,82.39178491692763,82.75793785744156,81.50610203904486
13100,0.16108050702800028,0.18146148421909847,0.1462206195711176,31.84154269547524,12.24185283143102,2.5675329250980647,2.565182217760344,88.55580805630723,92.40269231561176,86.2928672037589,87.36985814224667,85.3928520068123,84.40153221392481,83.89992092343175,82.39588670036406,82.75401549742568,81.5053060882973
13200,0.16108267833124063,0.1814718910575668,0.14621524743393885,31.840254890489973,12.239641910092455,2.567491913688989,2.5651410856400165,88.55209975888766,92.42304990354448,86.29662322084599,87.3673727938758,85.39686658238895,84.40305119837163,83.89527154098532,82.39995468664209,82.75012238015029,81.50447443239018
13300,0.16108485142391699,0.181482144288881,0.14620994530261283,31.838979766763906,12.237454944924258,2.567450568346699,2.5650998791318016,88.548415646184,92.44307353859651,86.30030023998738,87.36494477668329,85.4007947084046,84.4045654459108,83.8906342016518,82.40401258101441,82.74627907438143,81.50359978993792
13400,0.1610870261481922,0.1814922477921105,0.1462047094023112,31.837721777359548,12.235292789215064,2.567409137757853,2.5650583660480284,88.54474641203542,92.46273028245382,86.30392506756063,87.36256766866815,85.40461578258693,84.40606000048027,83.8860068756784,82.40806907929864,82.74245502007523,81.50267781124155
13500,0.16108918744632786,0.1815022112077062,0.14619954229512427,31.83647804623273,12.233154587892379,2.567367729028127,2.565016903213438,88.54110014241064,92.48203544608644,86.30748235423958,87.3602343942652,85.408338059535,84.40757081871497,83.8814329448332,82.41209169259781,82.7386890406997,81.50172721645234
13600,0.16109135147804876,0.18151201419189497,0.14619443007196578,31.83524818096929,12.231038690624414,2.5673262112047186,2.564975469112104,88.53748702418005,92.50102812867993,86.310971349478,87.35796698466244,85.4119925037698,84.40908563323568,83.8768626821022,82.41610986441066,82.73493759533444,81.50073799669057
13700,0.16109351069819366,0.18152168180033595,0.14618938443237256,31.834030900797664,12.228945908045267,2.5672847697637886,2.5649339182972604,88.5339079629107,92.51970116881508,86.31441007706562,87.3557259334495,85.41555603830055,84.41058228020944,83.87234985131239,82.42009467978697,82.73122210069195,81.49971190877079
13800,0.16109566635337547,0.1815312051574211,0.14618439574665143,31.83282869577972,12.226875547318903,2.567243214193638,2.564892322434834,88.53035542605348,92.53805932811122,86.31777321035229,87.35354584544558,85.4190482525906,84.41207775108077,83.86786900334785,82.42405067932886,82.7275399765466,81.49865432034807
13900,0.1610978193015547,0.18154058606126688,0.14617947182740035,31.831637704613442,12.224826247237656,2.5672016418447376,2.5648509196348632,88.52683513876117,92.55610733957788,86.32109137398508,87.35144102681019,85.42245898296113,84.41359124357363,83.86340837641737,82.42798966870791,82.72390296458288,81.4975818114498
14000,0.16109997914358531,0.18154983591800147,0.14617461503015663,31.83045941010386,12.222798761536724,2.5671601327025235,2.5648095427582986,88.52333941978107,92.57385492485402,86.32435507490257,87.34937093962334,85.42580234016812,84.41509057071272,83.85895974525076,82.43189603009598,82.72031148318622,81.49649095154618
14100,0.1611021333912392,0.1815589570759546,0.14616981160087164,31.829295838522416,12.220792017840065,2.567118678687665,2.564768181873814,88.51984839961494,92.59131046431462,86.32756117138861,87.34734748531825,85.42907545425567,84.41659734648375,83.85456870195725,82.43578867491915,82.71674598877021,81.495375856332
14200,0.16110428434501847,0.1815679493053782,0.1461650631089567,31.82814464593035,12.21880560194242,2.5670773225977803,2.564726846722257,88.51640424457256,92.60849523167018,86.33072206388789,87.3453676843251,85.43227013222149,84.41808842675088,83.85021091149436,82.43964041940369,82.71320326304186,81.49424523655827
14300,0.161106430526949,0.1815768257544585,0.1461603608161634,31.827005922614106,12.216838981658684,2.5670360243086026,2.564685425855706,88.51299465229712,92.62539953029246,86.33382326077087,87.34343897894345,85.43539750326615,84.41958371949096,83.84587380468957,82.44347462505354,82.7097081160968,81.49309929115319
14400,0.16110856908255447,0.18158557420885668,0.14615571166471023,31.825879382549395,12.214892281349591,2.566994871584273,2.5646441380126155,88.50961438148899,92.64203420915426,86.33688185357077,87.34156549655683,85.43846328617266,84.42105406723847,83.84157106564008,82.44729213021544,82.70624064817396,81.49192626686187
14500,0.1611106948302404,0.18159420085167854,0.1461511201010852,31.824762692630774,12.212964167103387,2.5669538843851347,2.564602947123555,88.50626656844113,92.65840354716353,86.33989191378366,87.33974599327757,85.44146552754427,84.42252982188606,83.83732966440621,82.45110093408896,82.70280390443641,81.49072792451342
14600,0.16111281961248358,0.18160271195113528,0.14614659085380297,31.823658655017507,12.211055385582185,2.5669129632207417,2.5645619704809763,88.50294361021713,92.67452351235654,86.34284855388744,87.33796096649247,85.44440254227345,84.42400491753574,83.83311509860205,82.45487053664002,82.69940370253079,81.48951199154908
14700,0.161114934392864,0.18161110455041252,0.1461421040029433,31.822564307170136,12.209165354260236,2.5668721031884014,2.564521146324039,88.49965425246421,92.69039662759003,86.34577088680226,87.33621506048827,85.44727971853287,84.42545384361387,83.82892593176848,82.45863061875161,82.69603251606733,81.48830485503143
14800,0.16111704899759893,0.18161938410784176,0.1461376611237996,31.82148227553783,12.207292983050914,2.566831304662521,2.5644803597336905,88.49638062633234,92.70602535941082,86.34863987424163,87.33455402631432,85.4501071222741,84.42690929580073,83.82477433244654,82.46235660319958,82.69270404325565,81.48707336595463
14900,0.161119153493186,0.18162756426704568,0.14613327644616317,31.82041044633818,12.20543839244857,2.566790637626846,2.564439666097244,88.49313571094488,92.72140558965965,86.35145871398183,87.33290369572262,85.45287746179459,84.4283875960846,83.82065612713129,82.46606797393422,82.68942236381305,81.48585445646475
15000,0.16112125893526075,0.1816356317360794,0.14612893891844544,31.819351126480477,12.203601259239315,2.5667502440224936,2.564399245224053,88.48991925619497,92.73657303889135,86.35424742550381,87.33129680431594,85.45557841499846,84.42984386774057,83.81658972297326,82.46975100124595,82.68615846660035,81.4846118528124
15100,0.1611233519347237,0.18164359352701293,0.1461246366253714,31.81829965018939,12.201781862181516,2.566710026002668,2.5643591725515504,88.48675005029791,92.75150133111264,86.35698898604137,87.3297311754971,85.45824506621588,84.4312903302646,83.81256323916037,82.47343812130653,82.68291433716291,81.48339988630028
15200,0.16112543664520035,0.18165144777823242,0.14612038315151812,31.817257404379244,12.199979585571068,2.56666989628034,2.564319377997821,88.48361635211859,92.76620602329913,86.35968838151271,87.32821200712928,85.46085841188665,84.43273294937387,83.80855660049991,82.47709403292781,82.67971634712862,81.48218292104117
15300,0.16112751366742134,0.18165920822050305,0.14611618165600945,31.816227773437195,12.198193750586638,2.566629857220415,2.564279509322806,88.48050888320826,92.78069762135031,86.36233542003485,87.3267272524596,85.46340284134395,84.43416476733522,83.80458902946256,82.48069654394895,82.67653420674463,81.48096576545811
15400,0.1611295906812004,0.18166686454008588,0.14611201542494517,31.815207667510382,12.196423972561528,2.566590088672992,2.5642396243636107,88.47743298048412,92.79498352688572,86.36494909508669,87.32526912435306,85.46590882519082,84.43558654556571,83.80066643081327,82.48428765182037,82.67338582246406,81.47972879638539
15500,0.16113165744997934,0.1816744276322902,0.14610788475298164,31.814197552711853,12.194670378475251,2.5665506862154412,2.564199740625767,88.47439318689702,92.80905300636499,86.36751895130284,87.32384931815146,85.46836628872825,84.43698653941209,83.79679669808034,82.48786769340441,82.6702686884836,81.47847068794151
15600,0.1611337076749944,0.18168188689863962,0.14610379956259395,31.813195791977673,12.192932914632134,2.5665111845227653,2.564160286601088,88.47136794086313,92.82293598155559,86.37004786694844,87.32245913709562,85.47078285848374,84.43837383565413,83.79296032086994,82.49143148725908,82.66718796297295,81.47723015180534
15700,0.16113574471846362,0.18168925899050398,0.14609976041597572,31.812203384472856,12.191210859314996,2.566471924379674,2.564121162820191,88.46836960211024,92.8366097900692,86.37254498715673,87.32112336811383,85.47317234913127,84.43978240830741,83.78914459846006,82.4949746932386,82.66413756723709,81.4759791760004
15800,0.16113776413729533,0.18169653277873074,0.14609575505853434,31.81122014264873,12.189504654208582,2.566432854024239,2.5640820819331864,88.46540179626118,92.85008641088446,86.37501743773089,87.31980737654465,85.47550067321063,84.441169384335,83.78537668028389,82.49847594045097,82.66111549781265,81.47473396428765
15900,0.16113979645871632,0.18170371692750095,0.1460917894221557,31.810245133787813,12.187812958907992,2.5663942084640055,2.564043315732191,88.46247361269677,92.86337774433692,86.37745918257264,87.31853197122823,85.47780374104501,84.4425520231387,83.7816568043099,82.50197631424923,82.65813641538995,81.47351565648444
16000,0.16114180863867078,0.18171081929811886,0.14608786416718003,31.809280381347808,12.186136056845758,2.566355588037333,2.564004646679813,88.45956057480666,92.87647173071196,86.37985361456506,87.31728648853331,85.48006776473645,84.44392756429632,83.77796298341849,82.50545347048529,82.65516900417971,81.47230733377917
16100,0.16114381082613852,0.18171784461391619,0.14608396600803014,31.808326298557127,12.184473997829958,2.566317104193036,2.5639660389294847,88.45667759713055,92.88939134490825,86.38220565512023,87.31608248880202,85.48228233317619,84.44526722511866,83.77428321773748,82.5088978668183,82.65223890089301,81.47108043089267
16200,0.1611458048782381,0.18172478012001117,0.14608011458246184,31.807378147903545,12.182826298495334,2.5662788782072936,2.5639277789551285,88.4538249284265,92.90212316520947,86.38453762147664,87.31491401825637,85.48445927275739,84.44661254969368,83.77064790480172,82.51233088220329,82.64933736019856,81.46987741579305
16300,0.16114778181528214,0.18173162654235045,0.14607629208453812,31.80643787761372,12.181192797486124,2.5662407430490184,2.563889815052178,88.45101178713864,92.91468288112053,86.38682968698765,87.3137807344204,85.48657804074892,84.44797100672635,83.7670670161359,82.51574227414902,82.6464486941739,81.46866886677498
16400,0.1611497468232561,0.1817383878148151,0.14607250826069607,31.805506791230826,12.179572660333102,2.566203041396731,2.563851751853848,88.44821329348046,92.92708556818643,86.38910460915234,87.31267367984098,85.48868653387866,84.44929703436033,83.76352395098793,82.51910102178182,82.64360394370927,81.4674718960113
16500,0.16115170899168738,0.18174507389822703,0.1460687549282936,31.80458542149221,12.177965748163652,2.5661655579673837,2.5638140202139885,88.44544469287968,92.93932891339318,86.39134391782791,87.3115850797292,85.49075296600257,84.45062276270603,83.76001818350679,82.5224456806829,82.64079324076985,81.46627073111313
16600,0.16115366255908473,0.18175169647981448,0.14606504371111176,31.80367158583303,12.176372776359639,2.566128184141512,2.563776374837563,88.44270348927314,92.95138911370636,86.39354122145333,87.31051384747249,85.49279867731873,84.45196081759312,83.75655232772709,82.52577652309124,82.63799630551871,81.46507662626402
16700,0.16115561909625456,0.1817582351059392,0.14606136486477075,31.802765308805583,12.1747923617517,2.5660909351378294,2.5637391771064286,88.43999922682039,92.96330763715855,86.39571426033554,87.30950046778649,85.49480255315866,84.45328490775962,83.75310952048666,82.52906748170226,82.63521747133674,81.46388651041494
16800,0.16115755007457824,0.18176470063189845,0.14605772463248928,31.801868467101865,12.173225298038968,2.5660539240887603,2.5637020865102262,88.43731898409368,92.97506848212824,86.39787232541792,87.3085106135044,85.49675372559247,84.45457979633768,83.7497074749905,82.5323181076423,82.6324665471636,81.46271706172269
16900,0.16115946771467157,0.18177109729171625,0.1460541057060749,31.800978420203425,12.171671035846005,2.566017029962141,2.563665307164141,88.43466890926723,92.98668280705972,86.39999189079896,87.30754510016965,85.49866866653831,84.45587665601563,83.74632521258565,82.53557560971443,82.62972459764536,81.46154934726829
17000,0.1611613752288991,0.1817774097130193,0.1460505210749584,31.800093244040497,12.17012920881982,2.5659805831249516,2.5636286368699737,88.43205207423784,92.99813963569272,86.40210183525396,87.30661295403705,85.50057532066805,84.45715666052973,83.74299102485077,82.5388156695375,82.62702608584539,81.46039326227977
17100,0.1611632778768014,0.18178364068005967,0.14604697144509948,31.79921559746592,12.168600397789245,2.5659443175082552,2.56359195055018,88.42945322083352,93.00945069384362,86.40418009646562,87.3056928698962,85.50245573904769,84.45842343203547,83.73968737456603,82.54202090947658,82.62436049098457,81.45922812816347
17200,0.16116517752647352,0.18178980623581537,0.14604345216277845,31.798347249169,12.16708399224916,2.5659083330251473,2.563555413862829,88.42689318859904,93.02060313425332,86.40623643899409,87.30479715236167,85.50429757521968,84.45966860590529,83.73642052943246,82.54520650773043,82.62171439968306,81.45807601153194
17300,0.16116705422304586,0.18179591365401018,0.14603995469705514,31.797487176887003,12.165579679620754,2.5658723854880376,2.563519288277329,88.42435265518635,93.03162072161764,86.40823637566274,87.30391840422092,85.50610701238091,84.46092147643348,83.73318580958998,82.54837374152241,82.61908483124131,81.45694239455484
17400,0.16116891531559438,0.18180196271736482,0.14603649253364903,31.796631710234397,12.164086467841573,2.5658365511938763,2.563483523832499,88.42184055682243,93.04250635105629,86.41021173378864,87.30307737587094,85.50787452517932,84.46217828853426,83.72999429091578,82.55152614748077,82.61648076419067,81.45583849935315
17500,0.16117077374022415,0.18180794111227475,0.14603306701867075,31.79578201066234,12.162605212296416,2.565800893626288,2.5634479078771673,88.41935606689047,93.05326897115854,86.41217195997605,87.30225946741103,85.50961931823157,84.46340707060256,83.72683033427846,82.55463696734236,82.61389144315054,81.45473815201116
17600,0.16117262700534069,0.18181384732700467,0.1460296533686633,31.794941300035195,12.161134865615182,2.5657656022820965,2.5634124101780285,88.41689075135312,93.06389355013323,86.41409500924856,87.30147006937695,85.51135227814174,84.46463935011451,83.72370160020927,82.55774589120647,82.61132885153225,81.45363208190864
17700,0.16117445645676862,0.18181967686819758,0.1460262702688022,31.794106869444747,12.159675826418521,2.56573045329984,2.5633771330377315,88.4144315428137,93.07439114509494,86.41599884603116,87.30069856760478,85.51306223549966,84.46586349563127,83.72061024417832,82.56084003034076,82.60879445984642,81.45253037451143
17800,0.16117628014727076,0.1818254540925555,0.14602290630098572,31.79328069621266,12.158228008784379,2.5656954644443286,2.5633422678414095,88.41201070097225,93.08475943954693,86.41787444272514,87.29995491335592,85.51473185289794,84.46709450460577,83.7175412507612,82.56391919605242,82.60626108700166,81.4514286812048
17900,0.16117808852586693,0.18183116736631702,0.14601958340393867,31.79246051027785,12.156791856255095,2.565660648879535,2.5633076567644526,88.40962460073764,93.09500682599062,86.41973458519693,87.29922875288584,85.51638314705154,84.46831629006863,83.71448697654036,82.56695912594348,82.60374551642629,81.45033574556693
18000,0.16117988757091417,0.1818368162433047,0.1460162820781034,31.791648288319635,12.155366296305818,2.5656260953074437,2.5632731812496083,88.40726890023956,93.10510960358282,86.42157633000413,87.29854042868624,85.51801156737295,84.46950582334355,83.71145728417794,82.56998862322534,82.60124588189134,81.4492887718143
18100,0.161181676534208,0.18184241751778854,0.14601300549802196,31.790841459884735,12.153951382201495,2.5655917741646235,2.5632387707170796,88.40492880686529,93.11509964074192,86.4233954177686,87.29786175946626,85.5196179704069,84.47070132965885,83.70847321526767,82.57298020811427,82.59878923129853,81.44823159235047
18200,0.16118345332370462,0.18184795453786023,0.14600974815150972,31.790038260444927,12.15254654962484,2.565557576682164,2.5632046786411027,88.40260963116394,93.12499336748641,86.42519557763401,87.29720460224851,85.5211927937414,84.47187935639559,83.70554217568758,82.57598150899318,82.59636206541296,81.44719407343773
18300,0.1611852160308214,0.18185342179914118,0.14600650799774087,31.78924319376828,12.151152228835652,2.565523577719734,2.5631707371564114,88.40031587306198,93.13476635534846,86.426959117865,87.29657080699782,85.52275195461158,84.47304621000322,83.7026385859671,82.5789379853353,82.59393721815188,81.44617071916663
18400,0.1611869672269956,0.18185883871654532,0.14600330851298407,31.788452774957452,12.14976894206681,2.565489733604594,2.5631368285385707,88.39803513357569,93.14438942304888,86.4286899556026,87.29596270385659,85.52429308341632,84.47420425120963,83.6997831285231,82.58189639953125,82.5915362217302,81.44514193295169
18500,0.16118870190056428,0.18186419592105596,0.14600013281143598,31.787667020232437,12.148396425205037,2.565456150397544,2.5631029783281454,88.39579259140021,93.15390318388982,86.4304164194959,87.29535978247647,85.52580785506917,84.47533252098617,83.69694724442718,82.58482220946891,82.58915566139606,81.44411467326711
18600,0.16119042862014316,0.18186950468800656,0.14599697261227698,31.786889921996785,12.147034023766146,2.5654228667288863,2.5630693927944224,88.39357461492841,93.16329440638955,86.43211049549403,87.29477524938837,85.5272906453089,84.47646567370326,83.69413632371739,82.58773204531083,82.58678937641787,81.4431104319907
18700,0.16119215214370186,0.18187474252049907,0.1459938458884639,31.786117726210094,12.145680878017204,2.5653896956153512,2.5630359828435156,88.39136725413651,93.17259376821816,86.43378631840503,87.29420267327801,85.52878102190569,84.47759583814641,83.69138155035279,82.59063408021869,82.58443756118524,81.44211015205656
18800,0.16119386827928417,0.1818799361505633,0.14599073364895793,31.78534937468418,12.144337951715245,2.5653567583097026,2.5630027730284817,88.3891942435247,93.18178463506788,86.43546065802792,87.29363743646294,85.53025857173465,84.4787175808678,83.68863891771748,82.59348980660849,82.58210017940284,81.44111907995493
18900,0.16119557494685408,0.1818850794444328,0.1459876460068675,31.78458906945208,12.143004475928501,2.5653240350542137,2.56296979853048,88.38703504005375,93.19087636986967,86.43711580408272,87.29309441956325,85.53170602629623,84.47983314643893,83.68591988510846,82.59632545693982,82.57978303303153,81.44013523515457
19000,0.16119726300424722,0.18189016397352925,0.14598457599147863,31.78383629093406,12.14168013689611,2.5652915174588755,2.562937172623275,88.3848914613231,93.19988031272065,86.43874428166305,87.29256599422642,85.53312216660505,84.48095916173348,83.68323956813363,82.59915304090585,82.57746932488384,81.43916756903711
19100,0.16119893727422477,0.18189521529234184,0.14598152646248763,31.78308921999599,12.140365803906713,2.5652591032483016,2.562904583693471,88.38275457741622,93.20876370633988,86.4403445247973,87.29204993441687,85.534514589036,84.48207250427335,83.68057912789709,82.6019427986843,82.57517603074537,81.43822104048192
19200,0.1612006030474714,0.18190021173237234,0.14597849260665777,31.782348002114734,12.139059844247033,2.5652267778751154,2.562872372092738,88.38063833654425,93.21756824234953,86.44193139584024,87.2915556405484,85.53588133880915,84.48317090537533,83.67793489960496,82.60472962790661,82.57290894893474,81.43728009885645
19300,0.1612022574344615,0.18190514569987357,0.14597548313597117,31.78161144261409,12.13776287756095,2.565194644558969,2.562840157043968,88.3785608954918,93.22627667031904,86.44350216077203,87.29108937578143,85.53722096498528,84.48424143137512,83.67531330628822,82.60747461379479,82.57065540293208,81.43635253314753
19400,0.16120389770653465,0.18191003897889862,0.14597248827932446,31.78087908626594,12.136475235498843,2.565162720346873,2.5628080469732355,88.37651401967008,93.23487575064713,86.44505567952372,87.29064223141201,85.5385447314298,84.4852991341949,83.67271701829848,82.61020281374213,82.56842161615619,81.4354190934523
19500,0.1612055284611053,0.18191487379805563,0.14596951045273435,31.780152325083343,12.135196658928843,2.5651310391110527,2.5627764406497424,88.37447518314445,93.2433860925791,86.44657637008294,87.29021083256114,85.53986459667402,84.48637064982084,83.67015579553065,82.61294136792735,82.56621688116141,81.43451645535606
19600,0.1612071495939132,0.18191967301898274,0.14596656844916803,31.779428615113435,12.133927057571317,2.565099585018204,2.5627450208173053,88.37246046710798,93.25180502736656,86.44810066647528,87.28976998844537,85.54116919140668,84.48743912030118,83.66761961125638,82.61566145682332,82.56402521223097,81.43362803214204
19700,0.16120876325742103,0.18192441841819482,0.14596364009079843,31.778710095926538,12.132665904585744,2.565068308033096,2.562713745757268,88.37048615663149,93.26012104692052,86.44959076349156,87.28934036864723,85.54244563268395,84.48850682998106,83.66510953052234,82.61837904186154,82.56186172308253,81.43274475944477
19800,0.16121036148944837,0.1819291178758615,0.14596072676443775,31.777996582975707,12.131413096843692,2.5650372337996132,2.562682725820662,88.36853188987892,93.26835045168284,86.45106091111084,87.28891251150768,85.54371755374758,84.48956204413106,83.6626232959974,82.62110308427067,82.55971616937515,81.43187498917247
19900,0.1612119548001176,0.18193377035839145,0.14595782276970573,31.777288065894542,12.130168304092585,2.565006166563823,2.562652045167543,88.36657573247018,93.27650624967146,86.45251739033445,87.28852883666279,85.54496912379001,84.49059379595309,83.6601659154766,82.62380203240313,82.5575783274486,81.43104291803951
20000,0.16121353461585047,0.18193837911497812,0.14595494259398908,31.776585214089355,12.128932136266135,2.5649751967214094,2.562621463155686,88.36463324577852,93.28455756379246,86.45395448958939,87.28818086448321,85.54620434435896,84.49161893991446,83.65774721073781,82.62645275843958,82.55543731010303,81.43021837543273
20100,0.16121510285778096,0.18194294823096954,0.14595208086770192,31.775886282871877,12.127704749267162,2.5649444527166847,2.5625909482626192,88.36270706829605,93.29253390865492,86.45537015245964,87.28781545454952,85.54743026737867,84.4926304942515,83.65536126477656,82.6290673446933,82.5533099765248,81.42940176410987
20200,0.16121665535158625,0.1819474727280831,0.14594924419978214,31.77519105947217,12.126485499013782,2.5649139810848376,2.5625605574825863,88.36080676088385,93.30042196581974,86.45677750731285,87.28745440574104,85.5486531915133,84.49363695462472,83.65300209974647,82.63168027867215,82.55119680708943,81.42858786675221
20300,0.1612181934866603,0.18195193983325497,0.1459464256159085,31.77450118058533,12.12527371269879,2.564883714541165,2.562530316848359,88.35892432812786,93.30823521895996,86.45816029743843,87.28710993635369,85.54986309453993,84.49464072412964,83.6506745042853,82.63428198923042,82.54910565293241,81.42778333322966
20400,0.16121973109558052,0.18195638251421825,0.14594362293300697,31.773814107863874,12.124070971048532,2.5648535464997426,2.562500148757145,88.35706665571381,93.3159420735723,86.4595415383147,87.28677364493011,85.55104138582004,84.49565645228029,83.64837018582465,82.63686276196033,82.54703280456474,81.42698016445748
20500,0.16122125821031016,0.18196078153251335,0.14594083905867808,31.77313353315038,12.122876006885878,2.564823530798134,2.562469981609434,88.35522685691824,93.32356396812038,86.46089292787663,87.28644951513483,85.55220338510823,84.49667008825894,83.64607471336488,82.63941778464026,82.54496814784885,81.42617061701431
20600,0.1612227783505126,0.18196513689438484,0.14593806943916743,31.77245980860005,12.121688442450967,2.5647936268872047,2.5624402001979742,88.35338783050754,93.33112316096334,86.46222843426858,87.28614205140711,85.55334854040436,84.49767729158282,83.64378861474488,82.64194923801526,82.54291760877057,81.42537588939581
20700,0.1612242842166719,0.18196946024263697,0.14593530575293065,31.77178674604503,12.120508763594083,2.5647639574821355,2.562410513727834,88.35157686198576,93.3385958466414,86.46357221946151,87.28584117713197,85.55448324844174,84.49866988546789,83.64154004854971,82.64447551748903,82.54088982510522,81.42460303676746
20800,0.16122576818341622,0.18197374265328076,0.14593256118621029,31.77111669599558,12.119336551634204,2.564734463178525,2.562380939477513,88.34979551088942,93.3460055533076,86.46490358283125,87.2855494076377,85.55560360253547,84.49963976266116,83.63931433335452,82.64697449183866,82.5388723425728,81.42382312803132
20900,0.16122725169770694,0.18197797952757316,0.14592983547643604,31.77045295381987,12.118172374166013,2.5647052978200717,2.5623512862438917,88.3480284851119,93.35332362925557,86.46621738447615,87.2852691543735,85.55671340848228,84.50058639634706,83.6371271068621,82.64944947804332,82.53687450650288,81.42304274418596
21000,0.1612287239818736,0.18198217172259712,0.14592713136664567,31.769793924621275,12.117016048998591,2.5646761357342505,2.5623220320643445,88.34627503009034,93.3605507140878,86.46750201330556,87.28500938738902,85.55781000852873,84.50154260360972,83.63495303260478,82.651917108897,82.53488235324944,81.42228676149844
21100,0.16123019415299342,0.1819863332535445,0.14592444540574143,31.769139907493823,12.115866604434496,2.564647062246145,2.5622931477999162,88.34453875842274,93.3677271214958,86.46876478330708,87.2847576349973,85.55888623806159,84.50250420829124,83.63279180501993,82.65436301262473,82.53288739015235,81.42154753694298
21200,0.1612316520747745,0.18199046581498943,0.14592177453322489,31.768489958012424,12.114724298120342,2.5646181925565577,2.5622644865799016,88.34281117748462,93.37484254912991,86.47002177185169,87.28450521041184,85.55994262640274,84.5034756199795,83.63066292240212,82.65678254146081,82.53091385865899,81.42080573949404
21300,0.16123309422393192,0.18199455958884783,0.14591911162844065,31.767844639168914,12.113588765062698,2.5645895362905224,2.5622358963834366,88.34110927728153,93.381882495713,86.47127759205608,87.28427553724372,85.56097419671538,84.50442652985686,83.62854931536535,82.65917236375395,82.5289584347175,81.42007024524153
21400,0.16123452105267208,0.18199860852557292,0.14591646567503483,31.767202500708212,12.112460018664063,2.5645610192918493,2.562207188886012,88.33941607375013,93.38884528225151,86.47252908855451,87.28405581590592,85.56200531813366,84.50534622769625,83.62646066039797,82.66155515351285,82.52702265459313,81.4193372520566
21500,0.16123593815343965,0.18200262080465743,0.1459138404701198,31.766563100355775,12.111339603380326,2.5645326705189264,2.562178562326314,88.33774152832483,93.39572809352185,86.47375967863054,87.28381936614058,85.56303358926884,84.50626696989933,83.62440220917419,82.66392703033362,82.52511130825363,81.41861070415483
21600,0.16123734280480584,0.18200658864153382,0.1459112263432582,31.765929311612375,12.1102251243603,2.564504516458841,2.5621502818641426,88.33608171666097,93.40257021403106,86.47497780850769,87.28359238778891,85.56404664446126,84.50720067585902,83.6223752476645,82.66628731399841,82.52319814439547,81.41791782715158
21700,0.1612387450401716,0.18201052702008053,0.14590862420409378,31.76529904333491,12.109117343705933,2.564476495655643,2.5621222073744905,88.33443977784404,93.40933531368768,86.47618801388614,87.2833915516886,85.56506261514903,84.50812221322023,83.62035426455918,82.66863885987821,82.52129748573574,81.41723401209099
21800,0.16124012975710822,0.18201442492800748,0.14590603789899875,31.764672099946548,12.108016604983016,2.564448603883732,2.56209426160001,88.33281321407767,93.41601444830444,86.47737574139045,87.28322420792584,85.56605994795638,84.50901631091368,83.61836311379892,82.6709730331253,82.51940967763004,81.41655496982922
21900,0.1612415025113258,0.18201829475748899,0.1459034662616023,31.76404931293997,12.106922416647484,2.5644209186224667,2.562066453280234,88.33120402519688,93.42263480672624,86.47856739494301,87.28306627788487,85.56703683497075,84.50989827693836,83.6163939354728,82.67328892225503,82.51754379851862,81.41588189119108
22000,0.16124287305675233,0.18202212953926095,0.14590089798811567,31.76343055149534,12.105834984539973,2.5643932760823596,2.5620388226149418,88.32960676550847,93.42920415183714,86.47974225164518,87.28290693654382,85.56800226248532,84.51077946057005,83.61443890796093,82.675588359279,82.51568692161685,81.41520975863126
22100,0.16124423629668166,0.18202593387554084,0.14589835029417506,31.762816912277046,12.104754124349379,2.564365781936786,2.5620112833147886,88.32801735886272,93.43570665706501,86.48089819258576,87.28274445675027,85.56896233372075,84.5116550535882,83.61250371791316,82.67787252874392,82.51384039123616,81.4145582950032
22200,0.16124560102611066,0.18202971135527582,0.14589582700240564,31.76220791630637,12.103679483916354,2.564338443482996,2.561983915275859,88.32643770346807,93.44215421715364,86.48203736960622,87.28259677024452,85.56991158185704,84.51251029922105,83.61057561956514,82.68014027545038,82.51199905545046,81.41392988834764
22300,0.1612469520245841,0.18203345805625906,0.14589330655495597,31.76160064594769,12.102611013980157,2.5643111990211787,2.5619567780354,88.32486781028275,93.44854193411429,86.48315840550553,87.28246573408808,85.57086848619541,84.51337350497744,83.60867214644571,82.6823937839836,82.51017236991858,81.4133099815981
22400,0.1612482909011423,0.18203716395219605,0.1458907978156051,31.760995416602633,12.10154914086492,2.5642841110828742,2.561929817927615,88.32332355351272,93.45486777459627,86.48427123019528,87.28234084907231,85.57180813816423,84.51424824824798,83.6068099885822,82.68462480170359,82.50835822702602,81.41268745556236
22500,0.16124960703975477,0.18204084383301591,0.14588830138111922,31.760395853044898,12.100493435805616,2.564257182760194,2.5619029386197574,88.32178870310106,93.4611338962705,86.48536843910871,87.28222023043782,85.57272276929368,84.51511333750571,83.60496410463172,82.6868509555103,82.50653818017476,81.4120657483283
22600,0.1612509291776102,0.18204448424951516,0.14588581743781862,31.759798705505272,12.099443448431169,2.5642303627282823,2.561876070354749,88.32027589514645,93.46735528642719,86.4864668545864,87.28207415794279,85.57362034805183,84.51597910510536,83.6031336723576,82.68906571568633,82.50473021131027,81.41145440181162
22700,0.16125224599355953,0.18204809559780297,0.14588334264399808,31.759205600666714,12.098399586050766,2.5642036241548714,2.5618494041838753,88.31876725591005,93.47352662111422,86.48754474900488,87.28192808242075,85.57450452778912,84.51683834262803,83.60132730982713,82.69127418680982,82.50294259443523,81.41084437333461
22800,0.1612535426529243,0.1820516706351055,0.14588087765132682,31.758614987836133,12.097361542305775,2.5641771215030325,2.5618230355931075,88.31728212981706,93.47963831402355,86.48862557586465,87.28180824016583,85.57538175926219,84.51772086175235,83.59952952064512,82.69346802050796,82.50117811627834,81.41024710453462
22900,0.16125483232846247,0.1820552282060667,0.14587842727896144,31.758027771948314,12.096329782086531,2.5641507893841275,2.5617968065050722,88.31581582908412,93.48568869233284,86.48969186940391,87.28171174544445,85.57625292143784,84.51859015118052,83.59774617319046,82.69564427621813,82.49942596640004,81.4096594966994
23000,0.1612561166481646,0.182058753230921,0.1458759950137361,31.757444260246118,12.09530411651006,2.564124619538911,2.5617706064923373,88.3143728872979,93.49167526272055,86.49073481664634,87.2816254811548,85.57712289563679,84.51944515066911,83.5959817846461,82.69779791402706,82.49767753367873,81.4090833994995
23100,0.16125738384788518,0.1820622371561729,0.14587356385772116,31.75686264130768,12.094284082888649,2.564098517319834,2.5617444940172516,88.31294553997196,93.49761540704064,86.49177216293431,87.28155767040757,85.57798966383415,84.52027724807354,83.59423272825566,82.69991970260813,82.4959248197004,81.40852121951485
23200,0.16125865320198182,0.18206569618345944,0.14587115397561026,31.756283725474848,12.093270153319102,2.5640724637891865,2.561718562421395,88.31152744493639,93.5035067406213,86.49280278490944,87.28150616633103,85.57883926738032,84.52108313343078,83.5925044547816,82.70203488427755,82.49419290804673,81.4079521123349
23300,0.16125991796941977,0.18206913246814055,0.14586875056817547,31.75570838589992,12.092262760919025,2.5640465095035783,2.561692740020458,88.31011264569155,93.50933754703527,86.49382981691141,87.2814277739599,85.57967638809039,84.52189857602495,83.59080324014248,82.70412625266842,82.49247312938864,81.40739543937357
23400,0.1612611627348797,0.1820725279773647,0.1458663561777918,31.755136637517747,12.091261088695658,2.564020777581498,2.5616671997888036,88.30870552241673,93.5151024754831,86.49486006548355,87.28135170669111,85.58050314719674,84.52273126993671,83.58912098568942,82.70623670334056,82.4907762654097,81.40685885261516
23500,0.16126239407700027,0.18207589515047698,0.14586398178556426,31.75456893499347,12.090265096176294,2.5639950507660214,2.5616420138845335,88.30731064874048,93.52081804720234,86.49586955314238,87.28128840010254,85.58131490361882,84.52355352654232,83.58743874454123,82.70834683708811,82.48907534721936,81.40633778780692
23600,0.16126362196704838,0.18207923674493798,0.1458616119252942,31.75400450187945,12.089274110489505,2.5639694401073987,2.561616927542022,88.30594299256786,93.52649182855008,86.49686293898753,87.28124082118018,85.58212401439073,84.52437284886855,83.58575489549706,82.71044148118027,82.48738166843299,81.40582911308914
23700,0.16126483567082112,0.18208255319820854,0.14585924757656,31.75344406036123,12.088288247965435,2.5639439836030227,2.5615918457863214,88.30458535281028,93.53214318183271,86.4978403468032,87.2811748746499,85.5829254303263,84.52517627072957,83.58409465945424,82.71252059762539,82.48570628519822,81.40531627856832
23800,0.16126604837106415,0.18208585614100975,0.14585689977103602,31.752883813050623,12.087307619415876,2.563918678635839,2.5615669336671822,88.30323977373403,93.53774239307714,86.4988166982095,87.28112107914228,85.58372135203854,84.52599420882262,83.58246801813463,82.71458524710292,82.48403746857309,81.40481015997969
23900,0.16126725438314563,0.18208913274269828,0.14585456503627703,31.75232509240087,12.086332104986537,2.563893507243981,2.561542017551931,88.3019077475907,93.54329268098498,86.49978626446487,87.28107594739056,85.58451137511715,84.52679782327056,83.58086606222933,82.7166520811718,82.48237968055287,81.40430556489481
24000,0.16126845178633303,0.18209238262073837,0.14585224445388018,31.75177199553269,12.085362956054917,2.563868494200857,2.5615170054880196,88.30058169656232,93.54877328305516,86.500743908157,87.28102991454276,85.58528825039612,84.5275890994193,83.57927373237843,82.71870327514885,82.48072744374817,81.40378907916363
24100,0.16126963839283773,0.18209559969629763,0.1458499349343398,31.751222927769966,12.08439938613311,2.5638436051689975,2.5614920732680746,88.29926500693507,93.5542067491792,86.50169742965919,87.28098096239742,85.58605231620777,84.52837585514843,83.577702477834,82.72072210441436,82.4790816660873,81.40326718236082
24200,0.16127081870934187,0.1820987845271413,0.14584763349793317,31.75067538469528,12.08344037839101,2.563818907895514,2.56146748490237,88.29796661600051,93.55959903520385,86.5026378327897,87.28095259829887,85.58681755561602,84.5291553895983,83.57616144742406,82.72273990443227,82.47745364187796,81.4027741395358
24300,0.16127198403827026,0.18210195120561032,0.14584533659942803,31.75013094537143,12.082486765033229,2.5637943068028797,2.56144284791372,88.29668505774222,93.56493180481804,86.50356193893553,87.2809414427893,85.58756929991962,84.52991624166688,83.57465351255718,82.72471956594197,82.47582806585375,81.40228974687894
24400,0.16127314060036638,0.1821050831440258,0.14584305155459892,31.749590080374087,12.081537881074508,2.563769784808812,2.5614183807426207,88.29540832827212,93.57022907792539,86.50447885657199,87.28093350272611,85.58831071584669,84.53069085065862,83.57314546833902,82.72669067537608,82.47421899440154,81.40180649875333
24500,0.1612742962195872,0.18210818424140895,0.1458407878888616,31.749049808466303,12.080594008891492,2.5637453526281004,2.5613940546290475,88.29415206408353,93.57547375636808,86.50540361036661,87.28093342526081,85.58904736973703,84.53146310179704,83.57164299814825,82.72864998138658,82.47262154639057,81.40134175056257
24600,0.16127544180044992,0.1821112706002571,0.1458385371798185,31.74851202533167,12.079655927497203,2.5637210623362967,2.561369966939217,88.29291685610254,93.58066591925397,86.50631551138005,87.28093480334303,85.58977790024724,84.53223521898099,83.57014857115914,82.73059882825636,82.4710382658058,81.4008742003452
24700,0.16127657921442523,0.18211433910538555,0.1458362897146955,31.747979575387212,12.07872326329993,2.5636968178192134,2.561345991533933,88.29167163707923,93.58581533527689,86.50721121038661,87.2809419750503,85.59050492432992,84.53299992360114,83.56867089374718,82.73253446312795,82.46944220888545,81.40040910254208
24800,0.16127770372466774,0.18211737287652124,0.1458340522964692,31.7474495863694,12.077795398904787,2.563672669237882,2.5613220748886616,88.29043504033537,93.59091938589154,86.50811456954342,87.28095147395722,85.59121825318745,84.53374832120926,83.56720570444152,82.73446857075571,82.4678520487767,81.39995257211135
24900,0.16127882641860344,0.1821203824933758,0.14583182064985922,31.74692019539344,12.076872964163497,2.563648649306533,2.5612980775900653,88.28919928625443,93.5959833825494,86.50902183694828,87.28093420098013,85.59193698560738,84.53448107884267,83.56575157737942,82.73637346553994,82.46627676442226,81.39950687584097
25000,0.16127994659999836,0.18212337180277405,0.14582959930885162,31.74639564625096,12.07595515774733,2.5636247615441783,2.5612742739128116,88.28797311844352,93.60101790054814,86.5099090703223,87.28092432837593,85.59264327986706,84.53521597294021,83.5643230754367,82.73826326781804,82.46471684568037,81.39907131709067
25100,0.16128105686442307,0.18212633772912953,0.14582738174551327,31.74587481362432,12.075042639583122,2.563601092676133,2.561250471933542,88.2867691207288,93.60598278138167,86.51077550977917,87.28092519841337,85.59334269778024,84.5359463887053,83.56291071364883,82.74014806514893,82.46316528199097,81.39864455078224
25200,0.1612821473257195,0.1821292822443779,0.14582517029270892,31.74535616414966,12.074134414742048,2.5635774770909996,2.56122683236458,88.2855653402198,93.61092164532538,86.51163661040195,87.28092726360245,85.59403333517173,84.53666974351871,83.56150451380059,82.74202422695042,82.46162361238721,81.39820972008332
25300,0.1612832308321582,0.18213220645049544,0.14582296529539984,31.744840595690363,12.073230430034872,2.5635540177175082,2.5612033571656507,88.28437679683404,93.61583295616518,86.51250113595553,87.28093191419048,85.59470734926319,84.53740137109482,83.56010931839589,82.74387594891739,82.46008506743316,81.39778426369998
25400,0.1612843037270323,0.1821351061758548,0.14582076824923856,31.74432812233757,12.072331095666417,2.5635307466060824,2.5611800861418814,88.28321393485147,93.62069424395855,86.51335515593618,87.28095188904119,85.59537522339197,84.53813783515255,83.55873502370899,82.745726548168,82.45855396015494,81.39737882215022
25500,0.1612853759232227,0.1821379761071538,0.1458185837860576,31.743817141976262,12.07143664689045,2.563507655602014,2.5611568283727872,88.28205848066504,93.62550918311999,86.51420007206953,87.28097457753651,85.59606181063353,84.538859761564,83.55737812718003,82.7475546643824,82.457022837255,81.39697751350836
25600,0.16128643790218616,0.1821408151663688,0.14581641063228834,31.743309165868414,12.070546826630565,2.5634846945402816,2.561133649762619,88.28090438125646,93.63028914568581,86.51504365570514,87.28100545116115,85.59674175563758,84.53954946708488,83.5560385322557,82.74938156466887,82.45549923769663,81.39657951623056
25700,0.1612874887778185,0.1821436397151744,0.1458142450030009,31.742802043693914,12.069661712111369,2.5634617808988804,2.5611105499119344,88.279757406408,93.63502001795283,86.51588249554649,87.2810364643596,85.5973986735981,84.54024757045141,83.5547155244111,82.75119640981593,82.45401365382101,81.39618739031988
25800,0.16128853476308622,0.1821464464676679,0.14581209448819682,31.742297682019675,12.068781805421558,2.5634388997434274,2.561087530948755,88.27862209897194,93.63970212334466,86.5167056704719,87.28106723877741,85.59804151843632,84.54095091097732,83.55340906381903,82.75298532735353,82.45254263829956,81.39579661394052
25900,0.1612895707217234,0.18214922676280537,0.14580995120969087,31.741795847340832,12.067905536666343,2.5634161432847726,2.5610646609109713,88.27751074289094,93.64436242489168,86.51750738311765,87.2811040633196,85.5986873969058,84.54166950489781,83.55210741591571,82.75476778273347,82.45107755707977,81.39541333737387
26000,0.16129060412501445,0.1821519932199077,0.14580781966720632,31.741296594778426,12.067032903105222,2.563393406817152,2.561041978715773,88.27639694190738,93.64900808259301,86.51830542550614,87.28113681096595,85.59932239412062,84.54237699490096,83.55082176805188,82.75653538526073,82.4496177095622,81.39505796630615
26100,0.16129163378992228,0.18215475179230992,0.14580569269477006,31.740800428500496,12.066164414681397,2.563370755563121,2.561019430685473,88.27528079531277,93.65362026865671,86.51909943386984,87.2811904156955,85.59994292379436,84.54308506906884,83.54955491856848,82.75828654958325,82.44816747550443,81.3947007554855
26200,0.16129264605814106,0.18215748429111073,0.14580356502683822,31.7403052074852,12.065301215310079,2.5633482667481755,2.5609969406202073,88.27418572502344,93.65817185116387,86.51988005585822,87.2812610549403,85.60056599907108,84.54379661741336,83.54830466771101,82.76001585399563,82.44672261545325,81.39434677152961
26300,0.1612936551701679,0.18216019421349938,0.14580144148806928,31.739815015469244,12.064442697215396,2.5633259415317684,2.5609744366300404,88.27310636996823,93.66268251807442,86.52064855896431,87.28131767345273,85.60118430054206,84.54449208093908,83.5470543504635,82.76174525009158,82.44527346641313,81.3940015829319
26400,0.16129465888959882,0.18216288800844424,0.14579932714068955,31.739327400659175,12.063588319736946,2.563303619670778,2.560952195931737,88.27202559047404,93.66717232801481,86.52141694603036,87.28138171361091,85.60179817802536,84.54518127181524,83.54581143655027,82.76347150813132,82.44382785875635,81.39365747757164
26500,0.16129565366977153,0.18216555359931136,0.14579722142120488,31.73884116682637,12.06273909595306,2.5632813311585987,2.56093014426283,88.27094152439604,93.67161025830224,86.5221864324923,87.28145110265785,85.60241637459697,84.54586406748193,83.54457937243347,82.76518720150357,82.44239314257732,81.39331717452608
26600,0.16129664420218834,0.1821681939485615,0.14579512933290942,31.73835770170245,12.06189420892582,2.563259187625507,2.560908020636981,88.26986691852379,93.67600794715192,86.52294387646211,87.2815111753743,85.60302598656762,84.5465458519194,83.5433593457997,82.76689122416946,82.44096508941095,81.39296579403091
26700,0.16129762863927516,0.18217082366248274,0.1457930466040151,31.737876396165834,12.061053339592632,2.5632370954510035,2.5608858872721703,88.26880239250985,93.68036308327422,86.52368424916428,87.28157660101303,85.60362468247169,84.54721960067052,83.54215042525871,82.76858833377467,82.43954777728716,81.3926169625434
26800,0.16129861102498885,0.18217343639743197,0.14579097308325498,31.737395729497138,12.060216432354846,2.563215117975323,2.56086375652175,88.26776251843583,93.6846976674406,86.52441907872092,87.281651894924,85.60422009117148,84.54787353042019,83.5409520062107,82.77024304067528,82.43814683581745,81.39228097141714
26900,0.16129958281276793,0.1821760260540723,0.14578890298590216,31.736917499866813,12.05938345117759,2.5631933511042946,2.5608416489652353,88.26673632842515,93.68899980185076,86.52515109602615,87.28171998538842,85.60480082456544,84.54853370749794,83.5397670909712,82.77188161915183,82.4367582849382,81.39194248832474
27000,0.16130054287857,0.1821785989008912,0.1457868361844376,31.736440124340078,12.058553975861422,2.5631716178648203,2.5608198051365956,88.26571541835114,93.69328752215694,86.52588888753903,87.28179904783917,85.60537344928494,84.54921435295729,83.5385899915795,82.7735199738402,82.43537967272883,81.39160672448193
27100,0.16130149799708654,0.18218115980144237,0.14578477312993418,31.735963539957634,12.057728338932682,2.5631499520643093,2.5607980966363066,88.26469986328559,93.69754957465081,86.52662310060212,87.2818619794204,85.60594439667321,84.54988927715452,83.53744130717564,82.77515661848791,82.4340038643442,81.3912932356016
27200,0.16130245003887136,0.18218369894024147,0.14578272755632754,31.735488356362794,12.056906912097991,2.563128321155493,2.560776609587517,88.2636928961231,93.70176471246369,86.52735231140616,87.28193669144483,85.6065107933257,84.55056230194172,83.53630756843208,82.77679225268683,82.43263504476577,81.39100088123524
27300,0.16130339681483644,0.18218621090263065,0.14578068695371219,31.735016975155276,12.056089363514875,2.5631067766485662,2.560755255378837,88.26268529782632,93.70594865150758,86.528072144878,87.2820170744949,85.60706963109742,84.55123003653975,83.53518888499129,82.77841133889956,82.4312670330384,81.39071658107909
27400,0.16130435018208664,0.18218871181818713,0.14577865591624742,31.7345492637063,12.055276058993636,2.563085414688579,2.5607337965244668,88.26168573799029,93.7100867289153,86.52878807593063,87.28208796371185,85.6076205948798,84.55188842955823,83.53407050462452,82.78000728643687,82.42990967352705,81.39043032133283
27500,0.16130530055019324,0.18219119420897148,0.1457766407238717,31.734084086595647,12.054466393009182,2.5630641265915943,2.56071238927517,88.26069889590276,93.71419592813976,86.52949357729783,87.28216511991528,85.6081736115459,84.55253956152357,83.53294966292368,82.78158956507468,82.42856407560615,81.39013701729816
27600,0.16130624855529685,0.18219365352039596,0.14577462934335433,31.73362177005588,12.05366124857136,2.563042897503391,2.5606910119667137,88.25971468455772,93.71826626949147,86.53018483222098,87.28223761500057,85.60872636988657,84.55317123751381,83.53183347725083,82.78316566875841,82.42721082280808,81.38984061226341
27700,0.16130718813473244,0.18219609443623516,0.14577262624377246,31.73316292207338,12.052859714031491,2.5630217570512692,2.5606697586155063,88.25873362984241,93.72231200818042,86.53087461326312,87.28231319746767,85.60926405845001,84.55379759479887,83.5307253612712,82.78472702605362,82.4258536761114,81.38955684777896
27800,0.16130811423094854,0.18219851631448813,0.145770626786174,31.73270541833062,12.052061425477575,2.5630008007506735,2.5606486353887665,88.25776295053419,93.72633809326072,86.53156922557159,87.28239861899588,85.60981303783855,84.55442816322451,83.52961933732477,82.78629098856734,82.42450546771155,81.3892889552218
27900,0.16130902962873342,0.1822009205618287,0.14576863015496067,31.732250819431954,12.051266895314107,2.5629799751059466,2.560627709751286,88.25679970885703,93.73034738513783,86.53225818850002,87.28248973073934,85.61036600116435,84.55506537270672,83.52852875215906,82.78784602106487,82.42316940629955,81.38902296736713
28000,0.1613099340560184,0.18220331067990542,0.14576664340414608,31.731796651492566,12.05047594158761,2.562959261035309,2.560606904957431,88.25584734608587,93.73432692404688,86.53294284816073,87.28258476495083,85.61091645306304,84.55571133030867,83.52746874257215,82.7893821535287,82.42183971801818,81.38875567973315
28100,0.16131082676544253,0.18220567750768596,0.1457646607559003,31.731343821236134,12.049688897227325,2.5629385901770583,2.5605861968745147,88.25490663476413,93.7382615576533,86.53362066592757,87.28269006113813,85.61144736955818,84.55635931458609,83.52642446876256,82.7909051254516,82.4205134305931,81.38849156982964
28200,0.1613117136689727,0.18220803484276188,0.1457626794495756,31.730893271889972,12.048905114722318,2.562918004038712,2.5605655170340635,88.25399219169164,93.74216992181744,86.53428209722394,87.28279138756264,85.61195984912777,84.55699728140094,83.52538973376318,82.79243452708586,82.41919983877145,81.3882297982047
28300,0.16131260147133947,0.18221038686008564,0.1457607073738202,31.7304451130173,12.048125296339467,2.5628975072587408,2.560544758759771,88.25308527629738,93.74605242070189,86.5349410325398,87.28286508010157,85.61247393866037,84.5576256582087,83.52435640452867,82.7939477939821,82.41789573860981,81.38797694963634
28400,0.1613134821958148,0.18221271779058731,0.14575874266918484,31.72999873516815,12.047349309964055,2.5628771113094873,2.5605239358645457,88.25217676906571,93.74990615057445,86.53560008840053,87.28294369227083,85.61298517435567,84.55823777674605,83.52333309653872,82.79542933544661,82.41660018082763,81.38774165971462
28500,0.1613143600628016,0.1822150310536266,0.14575678024833708,31.72955327296141,12.046577018563717,2.5628567954586594,2.560503179911216,88.25127170492478,93.7537213123882,86.53624972022806,87.28303461777243,85.61349688899362,84.55884078723015,83.52232933059749,82.79690121592526,82.4153123352691,81.38751425709661
28600,0.16131523443363607,0.182217324550602,0.14575482844638513,31.729109955249985,12.045808655803976,2.562836470737237,2.560482573204907,88.2503634286196,93.75749531105865,86.53688617069035,87.28312746934053,85.61399841029167,84.55945348116066,83.52133446294162,82.79837220924985,82.41403907544671,81.38727791179569
28700,0.16131609658751614,0.18221960059648637,0.1457528825316617,31.728667880487926,12.045043587000299,2.5628162704735162,2.56046220975551,88.24946958740486,93.76124937996913,86.53751626241151,87.28323111167929,85.61449976057277,84.56006707539275,83.52035493530182,82.79984261843533,82.41277723608633,81.38705372292769
28800,0.16131695175253197,0.1822218671472852,0.14575094697104113,31.728227571625098,12.04428210101044,2.5627961676322966,2.5604420976306987,88.24858895235691,93.76497850120634,86.53813794374452,87.28333821315533,85.61500408662864,84.56067873313675,83.51938438626313,82.80133007925973,82.41151524066368,81.38683424795563
28900,0.16131779980827968,0.18222411669932576,0.1457490149353946,31.72778883529351,12.043524040831537,2.5627761574384507,2.560422010637228,88.24771407463659,93.76867976349205,86.53875725829002,87.28344101895155,85.61550115001953,84.56129177972633,83.51842145334479,82.80279971420538,82.41025468867933,81.38661424007098
29000,0.16131865153636785,0.1822263462825447,0.14574708778136103,31.727351619737206,12.042769289809609,2.562756195074306,2.5604019898721884,88.2468381962752,93.77235741467375,86.53936331549092,87.28354664279728,85.61599155170117,84.56189521319234,83.51746686964722,82.80425308492184,82.40900612731582,81.3863907835611
29100,0.1613195008260447,0.18222856622235423,0.1457451695617754,31.726917084319677,12.0420173431907,2.5627363230949323,2.560382171243983,88.24597691456133,93.77602120350376,86.53996709239807,87.28366408801332,85.61647927794168,84.56249784610345,83.51650923435872,82.80570820969476,82.40776675148601,81.38616607005898
29200,0.1613203409553224,0.18223078316286692,0.14574325656267476,31.726484360464603,12.041268769439142,2.562716532324205,2.5603623396001054,88.24512530206749,93.77965496845651,86.54056264071043,87.28377711612445,85.61696175460169,84.56309589696895,83.51556375009828,82.80715907409926,82.40652380000066,81.38594336200173
29300,0.16132116550290107,0.18223298228554824,0.14574134630032223,31.72605361198482,12.040523307187076,2.562696831081188,2.5603424970669466,88.24428400403342,93.78327085622075,86.54115554964916,87.28389820401695,85.61743649610388,84.56369105324195,83.51461396062551,82.80857853253,82.40528267193258,81.38572760284855
29400,0.16132198531301362,0.1822351665606551,0.14573944279942017,31.72562467104404,12.039781011549548,2.5626771501442636,2.5603227850365498,88.2434426145005,93.78687029035231,86.54175841511973,87.28402262274466,85.61789330697947,84.56429297433223,83.51368001013616,82.80998289056677,82.40404487055251,81.38551131169189
29500,0.16132280408409422,0.18223733141736478,0.1457375530192922,31.725197604906683,12.039042167433971,2.5626575576225115,2.5603031301769623,88.242608882124,93.79045058358835,86.54235350224471,87.28413539783033,85.6183513272797,84.56489257400958,83.51276598053609,82.81137913073952,82.40282192799253,81.38530891261
29600,0.16132361885037574,0.18223948681045607,0.14573566955574463,31.72477283137562,12.03830706503011,2.5626381081563796,2.560283455878934,88.24178343399392,93.79400021214455,86.5429396585385,87.28424697549436,85.61881121254048,84.5654843641612,83.51186255385835,82.81276662019526,82.40160564273047,81.38510223854057
29700,0.16132442577232298,0.18224163334367458,0.1457337935872289,31.724350048459424,12.037575549474235,2.562618849348302,2.560263861171461,88.24095872928153,93.79752715900769,86.54352208264183,87.28435340312835,85.61927940838835,84.5660606510052,83.51096450754147,82.8141492267966,82.40041119083831,81.38491333616223
29800,0.16132522315317635,0.18224375768919798,0.14573192146649272,31.72392952377535,12.036847342335024,2.5625995886420614,2.5602444488801632,88.24013736900824,93.80103128246053,86.54409139848283,87.28447134638324,85.61974997540877,84.566614864881,83.51006714175647,82.8155284248469,82.39921845123585,81.38472751521545
29900,0.1613260177074322,0.1822458548283688,0.14573004994505248,31.72351046406666,12.036122278915396,2.5625803795947886,2.560225125391107,88.23931685824681,93.80450799618133,86.54466072162161,87.28459722376847,85.62020680424675,84.56717168932207,83.50919002494896,82.81690507268813,82.39803696142434,81.38453960504027
30000,0.16132680635661226,0.18224794668164315,0.14572818450582037,31.723093403395282,12.03540036139067,2.5625612239746887,2.5602057908344333,88.23850437532975,93.80795212935686,86.54523091741453,87.28472300854374,85.62065151251707,84.5677176782021,83.50832500589833,82.8182849127423,82.39686141524942,81.38435735414691
30100,0.16132758886315843,0.18225002045908265,0.145726330267716,31.72267795629779,12.03468181030605,2.562542165416958,2.5601864159990884,88.23770405610433,93.81135496533844,86.54579996477932,87.28485184130538,85.62108668053673,84.56826780023952,83.50746542426636,82.81965428282717,82.3956902465998,81.38417568598335
30200,0.1613283541658489,0.18225207539945296,0.14572448708027838,31.72226322692225,12.033966092946628,2.562523241219263,2.560167185439111,88.23690793703518,93.814740777006,86.5463633214581,87.28498595905923,85.62152900451098,84.56882402476593,83.50662137755886,82.82101166034732,82.3945392296608,81.3839990368214
30300,0.16132911522380647,0.18225411847511297,0.14572264989442102,31.72185008954739,12.033253461428322,2.5625044098294416,2.5601480832906294,88.23611570942451,93.81811699611896,86.54693746100484,87.28511062314591,85.6219698496271,84.5693798037651,83.50577957486183,82.82236449946286,82.3933952479468,81.3838236663682
30400,0.16132987498988427,0.18225614241425067,0.1457208095088314,31.72143968741363,12.032543841262871,2.562485657192513,2.5601290129651693,88.2353313036594,93.82147282684429,86.54750673854537,87.28523102537473,85.62240694316507,84.56993879693344,83.50494594758014,82.8237031383518,82.39224620099613,81.38365513553325
30500,0.16133063127538788,0.18225815626447864,0.1457189795446796,31.721028696789222,12.03183765738335,2.5624670000327816,2.5601100004200976,88.23455534103375,93.82478874217463,86.54808282238912,87.28534150796523,85.6228473146867,84.57050963151637,83.504127344227,82.82503599440754,82.3911084354281,81.38349732613962
30600,0.1613313912714421,0.1822601540158529,0.14571715631473495,31.720619419686443,12.031134372598045,2.5624483669616134,2.5600911473876775,88.23377683728326,93.82808249417562,86.54865214669658,87.28546788213623,85.62328665889098,84.57107950368139,83.50331481720914,82.82634571686546,82.38997120716712,81.38335123399871
30700,0.16133215093532316,0.18226214381544542,0.14571533706847964,31.720211771935443,12.03043419076142,2.5624298513022756,2.56007233435215,88.23300685464415,93.83135199286163,86.549210458882,87.28559546663699,85.6237308859881,84.57164475692251,83.50250868206543,82.82764298507014,82.38883911592815,81.38321213731624
30800,0.1613329074278534,0.18226412950656715,0.1457135228917673,31.719805726967856,12.02973701345119,2.5624114376210105,2.560053544041034,88.23223939532544,93.8346042901481,86.54975980075123,87.28571569477808,85.62416733823544,84.57220497158502,83.50171258669614,82.82892870083518,82.38770813756638,81.38306578761232
30900,0.1613336537536148,0.18226609986378345,0.14571171841044406,31.71940195494578,12.029042517414661,2.5623930381298647,2.5600348224384595,88.23146988765231,93.83783682339939,86.55030340934134,87.28583672425782,85.62459362949632,84.57275573810439,83.50091609301424,82.83022625197098,82.38658496838373,81.3829204191676
31000,0.1613343868889577,0.1822680527009763,0.14570992139625336,31.719000211883603,12.028350805514856,2.562374760727597,2.560016099914801,88.23071496898247,93.84105438062882,86.5508394778979,87.28595220861929,85.62501784076467,84.57330214661224,83.50011733753693,82.8315070099961,82.38547291746472,81.38278184579974
31100,0.16133511999534136,0.18226998404511252,0.14570813420458456,31.718599265589834,12.027661914367425,2.562356531409573,2.559997516671806,88.22997166745303,93.84425532889436,86.55136920496581,87.28608028696539,85.62543920104169,84.57384162681814,83.49932470070594,82.83278280385751,82.3843723117219,81.38264418356026
31200,0.16133585399283407,0.1822719150462563,0.145706343409283,31.718198138075337,12.02697608266736,2.5623383307552725,2.5599790319202596,88.22924223045297,93.84742153188283,86.55190144330335,87.28621200764492,85.62585801456946,84.5743880943135,83.4985426979575,82.83405371923236,82.38327558415526,81.38251964123278
31300,0.16133659108996265,0.18227384600819818,0.14570455629199106,31.717797633486633,12.026293185281268,2.5623202048454674,2.5599605843827304,88.22852477613348,93.85056442046735,86.55243977914671,87.28634496889781,85.62626774295771,84.57493247816457,83.49777149309044,82.83531391443206,82.38218247759492,81.38239664562276
31400,0.16133732252834812,0.18227575267448162,0.14570278120153102,31.71739992790708,12.025612822274832,2.5623021353578856,2.559942182147356,88.22780675540446,93.85369409949456,86.55296228952739,87.28647817378346,85.62667680790801,84.57547744620963,83.49701021007722,82.83655463366252,82.38109554950879,81.38227506569451
31500,0.1613380440959375,0.18227764912529976,0.14570100706779837,31.717003530478063,12.024935080778334,2.5622840412423376,2.559923997956262,88.2270888537736,93.85681156081691,86.55347875931616,87.28662111085804,85.62708215892802,84.57602708347395,83.49625522192306,82.8377856790205,82.3800106200085,81.38214782172244
31600,0.16133876316038334,0.1822795376179361,0.14569923133369228,31.716611579237497,12.024260348058817,2.5622659982555627,2.5599059896554563,88.22637005053778,93.85990887663166,86.55398263277871,87.28676869989562,85.62747321400745,84.57657415702697,83.4954974818824,82.83900538237687,82.3789244567088,81.38203265042984
31700,0.16133946691810502,0.1822814196874255,0.14569746346933976,31.716220494563927,12.023588534365308,2.562248008212342,2.5598879964097407,88.22565288926683,93.86298371617748,86.55448538578891,87.2869159153119,85.62786295862234,84.57712421990031,83.49474420200943,82.84021897403997,82.37783909834876,81.38192049839873
31800,0.16134015739378493,0.18228329211169988,0.14569570663964226,31.715830917727224,12.02291947888069,2.562230091094574,2.5598700646950174,88.22493749490921,93.86603269450424,86.5549805752645,87.28705811392744,85.62825061842385,84.57767859741834,83.49399220096868,82.84142067436059,82.37675974716544,81.38181844524448
31900,0.16134085492456718,0.18228514674987376,0.145693951276683,31.715441815420196,12.022252836772466,2.562212260958592,2.5598521803656387,88.22422915781338,93.86907014805554,86.55547731713546,87.28719341276607,85.62864159034172,84.57824031366495,83.49325062147302,82.84261644757846,82.37569214861568,81.3817070523765
32000,0.16134153377585622,0.18228698074549318,0.14569219928894772,31.715054433268456,12.02158902164443,2.562194488009304,2.559834397040308,88.2235228423859,93.87209074171548,86.55596494159876,87.28733722434549,85.62903416694577,84.57878910631672,83.49252110051205,82.84380835994746,82.37462569738064,81.38159099357742
32100,0.16134220603044405,0.18228880179535087,0.14569044601806314,31.714669494534576,12.020928340188467,2.5621767219764076,2.5598166656054926,88.22280980001513,93.87508806966676,86.5564498963554,87.28748576571746,85.62941793094355,84.57932060965638,83.49179331043845,82.84499451085628,82.37356161053481,81.38147385184075
32200,0.1613428764387033,0.18229061247371806,0.14568870200192713,31.714286000583414,12.020270196116583,2.5621590358398096,2.5597989678368362,88.22209857817197,93.87806372811406,86.55692968495737,87.28763135888188,85.62980250303266,84.57985241526298,83.49107385471835,82.84617627590278,82.37250045433662,81.38136478847501
32300,0.16134355111355062,0.1822924095175975,0.14568695560183983,31.713904313508728,12.019615153534163,2.5621414919369294,2.55978128527246,88.22139899520289,93.88100965037222,86.55741491229153,87.28777076365277,85.6301751075762,84.58037962123291,83.49035470354283,82.84735695048653,82.3714538761923,81.38125509676495
32400,0.16134422422603847,0.18229419787500428,0.1456852115668691,31.713523079537445,12.01896263238107,2.5621239412181973,2.559763732970669,88.22071262894731,93.88394621507621,86.55790082752223,87.28790835371872,85.63053953427172,84.5809124719969,83.48964178434078,82.84853129610653,82.37041050349102,81.38114762278796
32500,0.16134489243560035,0.1822959663916445,0.14568347132305196,31.71314409527121,12.018312539825848,2.56210642760745,2.559746201758975,88.22002997047744,93.8868737204403,86.55837302169374,87.28803919926925,85.63090086355821,84.5814458258445,83.4889376724065,82.84969405906534,82.36936824294845,81.38105025045037
32600,0.16134555406779372,0.18229772110151754,0.14568173191357617,31.71276611505947,12.017664810244675,2.5620890174895172,2.559728704075385,88.2193527434808,93.88978553493043,86.55884475802263,87.28817902276953,85.63126694915798,84.58197249464568,83.48824346222739,82.85086125947552,82.36833702347033,81.38094866444396
32700,0.16134620629145785,0.18229946879863312,0.14568000201261627,31.712388742826256,12.017019134620268,2.5620716528768663,2.5597111278487272,88.21868608493104,93.89268178955204,86.5593060539832,87.28831783818137,85.63162837281627,84.58249296415357,83.48755689162306,82.85203364576529,82.3673167186013,81.38084559276584
32800,0.16134685732948612,0.18230121122156157,0.14567827300957836,31.712011866228906,12.01637610623963,2.562054343820533,2.559693621257822,88.21802602238908,93.89554631039478,86.55976284576168,87.28845713362519,85.63199106048945,84.58302345981102,83.48687160203417,82.8531943319668,82.36630289273812,81.3807567167245
32900,0.16134749800752998,0.18230294783895612,0.14567655184538592,31.71163718673918,12.015735305839815,2.562037085599347,2.559676277322732,88.21736433831425,93.89840559075039,86.56021699460364,87.28859781448483,85.6323497012407,84.5835549247622,83.486193034714,82.85435717747835,82.36528502679226,81.38067153824748
33000,0.16134813854493138,0.1823046665268845,0.1456748398564332,31.711266288170282,12.015097509782358,2.562019958445298,2.559658938175514,88.21670914428917,93.90124135229921,86.56066725944528,87.28874117196419,85.63269521357311,84.58407564888859,83.48552451890849,82.85551019187368,82.36426557479655,81.38058810556112
33100,0.1613487825235974,0.18230638241105532,0.14567312889176154,31.710896693910737,12.014462267042612,2.562002927688493,2.5596416558297252,88.21606285732972,93.90405765234631,86.56111309211423,87.28889250725695,85.63303640077999,84.58459239941293,83.48486523938303,82.85665234730438,82.36325347913026,81.38050338186832
33200,0.16134942825259474,0.18230809813516044,0.145671425776118,31.710526720049234,12.013829370106297,2.5619859317695557,2.559624471892074,88.21541914915159,93.906855892066,86.5615586075518,87.28905145860756,85.63338501089234,84.58510758113229,83.48421223087183,82.85778347422495,82.36225348301147,81.38042621745905
33300,0.1613500764426974,0.1823097950886244,0.14566972514970133,31.71015790164774,12.01319888719371,2.5619688806873073,2.5596073237326413,88.21477469759421,93.90964687553654,86.56199528473421,87.28921356324075,85.63372304802803,84.58561364501688,83.48355571551707,82.85890603423621,82.36126062895013,81.38034365925857
33400,0.16135072146894844,0.18231148755498164,0.14566802978570143,31.709789881176086,12.012571093641908,2.5619518722288945,2.559590279568682,88.21413404783671,93.91241859910942,86.56243002589444,87.28938276279324,85.63405866533454,84.58611726284754,83.48290705370749,82.86002924701184,82.3602691273285,81.38026646481524
33500,0.1613513584781888,0.1823131723846449,0.14566633729060305,31.709422462466158,12.011946029937658,2.561934991348564,2.559573235544696,88.21349781803369,93.91516368601752,86.56286711682809,87.28954803216136,85.63440262936142,84.58661857603182,83.48226518042827,82.86114160786683,82.35929485864477,81.38019035963211
33600,0.16135199218111312,0.18231484924876773,0.14566465524790925,31.709057776897673,12.011323638775755,2.5619182317492766,2.559556391254265,88.21287052763219,93.91788911015712,86.56329892438521,87.28972798612408,85.63475008362948,84.58712021725361,83.48162904579043,82.86224288520175,82.35832312423138,81.38012007253276
33700,0.16135261538238446,0.1823165113850432,0.14566298216188114,31.708695335331612,12.010704046416173,2.5619015232558864,2.5595396318070565,88.21224470789113,93.92059105053436,86.56373384678585,87.2899080562464,85.63509128391962,84.58762431543586,83.4810002751194,82.8633346585586,82.35734118618971,81.38004970216066
33800,0.16135323168276897,0.18231816378787005,0.14566131373294167,31.708334054269837,12.010086898707998,2.561884847578181,2.5595229291285464,88.211617531102,93.92328324258271,86.56417149445012,87.29008045138204,85.63542693952422,84.58812089136157,83.48037693410038,82.86442013695451,82.35636469574611,81.37998515385817
33900,0.16135384185278445,0.18231981533677522,0.1456596409092907,31.707974743752622,12.009472608824904,2.561868249920865,2.5595062449347057,88.21098984263547,93.92595598714114,86.56460638694395,87.29023178784061,85.6357624852644,84.58862306002572,83.47976954811163,82.86549847612855,82.35539751995563,81.37991701604072
34000,0.16135444572475613,0.18232145475191902,0.14565797203098815,31.70761764863698,12.008860328736452,2.5618517652005672,2.5594896669858946,88.21036816689406,93.92861620920786,86.56503655341152,87.29038611950776,85.63609340932176,84.58912849815846,83.47917541394558,82.86657123770418,82.35443445829075,81.37985651187718
34100,0.16135505435139372,0.18232308356103658,0.14565630529079673,31.70726187496468,12.00825009328172,2.5618353218072976,2.559473124530474,88.20975478005667,93.93125395160361,86.56545795276703,87.29055066460568,85.63642413368629,84.5896416951767,83.47858122480994,82.86763211567188,82.35347074144552,81.37980563673766
34200,0.16135565388761355,0.1823247006841764,0.14565464594422564,31.70690625980356,12.007641817648235,2.5618189584357602,2.55945658575996,88.20914783939203,93.93387967348873,86.56587979481841,87.29071517581458,85.63675309157394,84.59014163994514,83.47799566342829,82.86869512806955,82.35251677652465,81.37976703418063
34300,0.16135625389176902,0.18232632264269893,0.14565299043751442,31.70654955728862,12.007036283133422,2.561802677694622,2.5594400239249384,88.20855787521207,93.9364880885289,86.5663083486762,87.29086887798422,85.63708304413373,84.59062860583398,83.47741803571438,82.86975835623062,82.35156651610639,81.37972261216541
34400,0.16135685144490564,0.18232792720389585,0.14565134061264476,31.70619429513399,12.006433505180949,2.5617864834074333,2.559423509398604,88.2079663190265,93.93907361650388,86.56672865204249,87.2910183482981,85.63741431114178,84.59110673669366,83.47684593705765,82.8708181680063,82.35062417602025,81.37968330609989
34500,0.16135744407337,0.18232951077648263,0.14564969402160818,31.70584098435919,12.005833295940874,2.5617703732904875,2.559406970693825,88.20736908163664,93.94164011513772,86.56714414062809,87.29116189737914,85.6377468677834,84.59158328944362,83.4762749953501,82.87186038088556,82.34968954919972,81.37964260319671
34600,0.16135803381201333,0.1823310867862644,0.14564805113863455,31.705490028525382,12.005234430776964,2.561754294187861,2.559390567732605,88.20677676345096,93.94421189252198,86.5675450882034,87.29130921917837,85.63807787774253,84.59206769195613,83.47570710073613,82.87290017326194,82.34875153937092,81.37959698464903
34700,0.16135862158761813,0.1823326515142212,0.14564640668369508,31.70513944907926,12.00463738046279,2.5617382085396287,2.5593742848267422,88.20619338932404,93.94677561020336,86.56793724330545,87.29146129770884,85.6384034291584,84.59255634127675,83.47514004409112,82.873943018279,82.34781328651115,81.37955161896642
34800,0.16135920258070746,0.18233420654885846,0.14564476820800978,31.704789903503592,12.004042381436028,2.561722196376917,2.559358075683072,88.20561540463024,93.94933518876476,86.56833273898734,87.29161060707816,85.63871816224295,84.59304186580131,83.47457747784361,82.87498867544971,82.3468808477778,81.3795073059792
34900,0.16135976810012773,0.18233574740397518,0.14564313466648718,31.70444144738926,12.00345012949159,2.561706234317681,2.55934183879342,88.2050408828095,93.9518736201644,86.568725512071,87.2917526945414,85.63903169440316,84.5935267874814,83.47401362331624,82.87602641966913,82.34595294620291,81.37946408804976
35000,0.1613603325361788,0.18233727901651922,0.14564150759634956,31.704092934137062,12.002860151652515,2.561690263649423,2.559325660681141,88.20447353394792,93.95439438331572,86.56911828677653,87.29189534861776,85.63934097807996,84.59402146632792,83.47346012509539,82.87705023113047,82.34503849255817,81.37942825367638
35100,0.16136090190007712,0.18233880200608354,0.14563988554271243,31.703745839903455,12.002272011286061,2.561674293411737,2.5593096921365683,88.20390405135211,93.95691095633228,86.56949915648879,87.292039339779,85.63966383420296,84.59452252286225,83.47290607957206,82.87807342288008,82.34412623103245,81.37940194474538
35200,0.16136147477827142,0.18234030830467504,0.14563826533429103,31.70339846654305,12.001686179307551,2.5616583487268096,2.559293707860532,88.20334503633782,93.95940992717985,86.56988140548974,87.2921893589572,85.6399846209409,84.59501354043807,83.4723517508328,82.87908651555111,82.34321674724957,81.37935953571682
35300,0.16136204976797963,0.18234181176833578,0.14563665489688163,31.703051502615487,12.001102744138894,2.561642395412727,2.5592777223733454,88.20278343509216,93.96189000092359,86.57026537612947,87.29234269686177,85.64029320406428,84.59550148537205,83.47181186633675,82.88008764924419,82.34231081407617,81.3793179249755
35400,0.16136261354451747,0.18234331589657157,0.1456350522848386,31.702705983222145,12.000521203218318,2.561626479975,2.559261908287966,88.20222120497581,93.96436145292668,86.57064448739409,87.2925019693051,85.64059855713695,84.59598728601968,83.47127462887764,82.88108711861662,82.34140728340068,81.37928950069109
35500,0.16136316963127015,0.18234481430292482,0.14563345022310706,31.702360716647824,11.999941490851509,2.5616105924594175,2.5592461427569284,88.20166659539773,93.96682702436878,86.57102283259799,87.29266279252806,85.64090488622244,84.5964695291073,83.47074426710509,82.88208276742753,82.34050998023172,81.3792618581293
35600,0.16136372184243902,0.1823463050848776,0.14563184794383743,31.70201687739328,11.999363895226862,2.561594843225055,2.5592303372648515,88.20112003493873,93.96927868837957,86.57139989788995,87.29281574494296,85.64121235349043,84.59694403525032,83.4702227171324,82.88307192451408,82.33961913446856,81.37923568469945
35700,0.16136426679259747,0.182347786656688,0.14563025252007175,31.70167528097034,11.998788661285259,2.5615791779708617,2.559214526216125,88.2005759687305,93.97170939120356,86.57177720867016,87.29296900576192,85.64151422080992,84.59741142826734,83.46970025892615,82.88405502898658,82.33873302804942,81.37920412981508
35800,0.16136480761462718,0.18234925165202673,0.1456286632459503,31.70133614850339,11.998215421853558,2.5615635981855616,2.5591987369771636,88.20003508876432,93.97412420945537,86.57214231412026,87.29313332863079,85.64181120973532,84.59787506954642,83.46917804326264,82.88503321633561,82.33784932362714,81.37916570514105
35900,0.16136534785321277,0.1823507094690554,0.14562707929827495,31.700998597326866,11.99764411489236,2.561548121638137,2.5591830074607897,88.19950585074967,93.97652351981695,86.57250381610258,87.29330900656363,85.6421012496073,84.59834225945578,83.46865888210338,82.88600032400838,82.33697142590555,81.37912562433758
36000,0.16136588939952906,0.1823521547400835,0.14562550006294173,31.70066188895989,11.997075021392504,2.561532710088864,2.5591673178347687,88.1989779130097,93.97890769316137,86.57286242833516,87.29348101904513,85.64239400370835,84.59881442415173,83.4681488400803,82.8869604080933,82.33609188228628,81.37909099007959
36100,0.16136643337121587,0.18235360112032029,0.14562393060250498,31.700325554328455,11.996507831011705,2.561517336576917,2.5591517899231477,88.19845188315249,93.9812799019728,86.57322345645684,87.29366480023626,85.6426887288298,84.59929268427118,83.46764753396191,82.88792158356081,82.33522191889932,81.3790633133333
36200,0.16136698051090997,0.18235503958313592,0.14562236474793486,31.699990592525896,11.995942778312955,2.5615020262884722,2.559136380416911,88.1979300224772,93.98363490474136,86.57358592289106,87.2938483569998,85.64298075796752,84.59976729323995,83.46714745181708,82.88888431763527,82.3343616061611,81.3790494320986
36300,0.16136752481912928,0.18235647691728404,0.145620795119086,31.699655986369084,11.995380218058909,2.5614867966053776,2.5591209000049795,88.19741429800769,93.9859659322299,86.57394627618535,87.29401362440477,85.64327868651522,84.60024148435934,83.46665561852703,82.88983328048846,82.33350948358725,81.37904048151759
36400,0.16136806285790994,0.18235789851029852,0.14561922304368413,31.69932241176483,11.99481933289386,2.561471636115129,2.5591054392715873,88.1969017604741,93.98828879112962,86.57430207983785,87.29417926747135,85.64357253134077,84.60071330194806,83.46616265947036,82.89078071124456,82.3326633775314,81.37903454581313
36500,0.16136860140557144,0.18235931026341906,0.1456176503702937,31.698989747346364,11.994260530781547,2.561456513019579,2.559089938474095,88.19639300604364,93.99059653193267,86.57465485337926,87.29434643094604,85.64386922264228,84.60116727427007,83.4656671748874,82.89171766010274,82.33182434979504,81.3790263875428
36600,0.16136913526761199,0.18236071396622622,0.14561608490967182,31.698658288799603,11.993704017787097,2.5614414407605697,2.5590744525525766,88.19588372672585,93.99288502213427,86.57500706007487,87.29450523082592,85.6441644960311,84.60161848986816,83.46517235962514,82.89264931497961,82.33099065313237,81.37901218630934
36700,0.16136966982901466,0.1823621038993658,0.14561452688035187,31.698327233601812,11.993150069037684,2.561426406355143,2.5590589042951613,88.19537535928305,93.99515028407754,86.57535952912161,87.29465429603131,85.64445705745626,84.60206764695464,83.46468458371548,82.89356442599944,82.33016229396172,81.37898986040767
36800,0.16137020699395982,0.18236349269689411,0.1456129767084492,31.697996725835925,11.992598262785158,2.5614114395805054,2.559043430308896,88.19487359181961,93.99739978143555,86.575710623718,87.29480808360927,85.64475057660368,84.60251732492978,83.46419693565468,82.89447648076525,82.32934115992379,81.3789655468997
36900,0.1613707315404676,0.18236488289087877,0.14561143206939056,31.697666496462634,11.992048302512329,2.5613964916914456,2.5590280675450905,88.19437715121705,93.99964128822324,86.57605864911456,87.29496719671782,85.64504228109321,84.60296695061986,83.46371593834114,82.89539146720038,82.32852424659869,81.37893917803082
37000,0.16137125149672793,0.18236627280588885,0.14560988731701788,31.697337640858414,11.991500142324478,2.561381543629577,2.559012824618273,88.19388152495851,94.00188171779351,86.57639727891075,87.29512213541935,85.64533604948747,84.6034136312602,83.46323592274457,82.89630152037302,82.32770782474688,81.3789189929277
37100,0.16137177691003915,0.182367661216171,0.14560834612168114,31.697009539146883,11.990953756354735,2.561366646412362,2.558997637323362,88.19338859052561,94.00411379874924,86.57673626589323,87.29527628283935,85.64562634469976,84.60385590006038,83.46276329916032,82.89720321239707,82.32688855088837,81.37890416015793
37200,0.16137229233266695,0.18236903064797502,0.14560680846350557,31.696682763247097,11.990409039111258,2.561351774846391,2.5589825685557748,88.19289949120578,94.00633971180831,86.57707093154636,87.29544654297374,85.64591703383175,84.60429505463998,83.46228777873222,82.89809770213297,82.32606790206363,81.37888568336733
37300,0.16137280253287845,0.1823703819576416,0.14560527563733067,31.6963565242507,11.989866394554289,2.5613369253150986,2.558967602273655,88.19241289201267,94.0085573065738,86.5774079120523,87.29561662057732,85.64620087941525,84.60473619064234,83.46182072007404,82.89898968603634,82.32524893782768,81.3788674041006
37400,0.16137331179867412,0.182371736180536,0.14560375195070538,31.696032198686666,11.989325643371373,2.5613221259206354,2.5589526906963114,88.19193067905688,94.01076130735063,86.57774326107123,87.29578255544142,85.64648646974719,84.60518323462541,83.46136460782556,82.89988379289854,82.32442884371322,81.37885317828064
37500,0.16137381609207904,0.1823730830932837,0.145602230678702,31.695710958775475,11.98878682696996,2.561307407299277,2.558937822441615,88.19144201260983,94.01295192393454,86.57807336399118,87.29594852358791,85.64676890247092,84.60562262730319,83.46090897431667,82.90077879221577,82.32361006882948,81.37884425735399
37600,0.1613743138158221,0.18237441934908494,0.14560071209752146,31.695390559296683,11.988250076714573,2.5612927729308814,2.5589229192745417,88.1909529944636,94.0151171331856,86.57840061259246,87.29610252924931,85.64705784679161,84.60605553922117,83.4604570448174,82.90167153786548,82.32279324672821,81.37884436793011
37700,0.16137480974488844,0.182375750746645,0.14559919390909254,31.69506888578817,11.987714943444553,2.561278256649791,2.5589080084148526,88.19047651299424,94.0172713090011,86.57873311014932,87.2962655214547,85.64735725793844,84.60648627086938,83.46000692527555,82.90255170535193,82.3219792473255,81.37883927600787
37800,0.16137529813268942,0.18237707102979403,0.14559767236950688,31.694749901311475,11.987181575926163,2.561263831557663,2.558893250726907,88.19000601144248,94.01942499348439,86.57905913508162,87.29642784453809,85.64765009398809,84.60691514784558,83.4595566334404,82.90342987707493,82.32117726564626,81.37884600875405
37900,0.16137578567965555,0.18237838379097304,0.1455961594590584,31.694433458949135,11.986649952010668,2.561249377666663,2.558878615341223,88.18953489099285,94.02157361370408,86.57938323411445,87.296591033556,85.64792930529596,84.6073442457531,83.45911172213681,82.90430234387527,82.32037842121788,81.37885790411946
38000,0.16137627313067104,0.18237968636210683,0.1455946537628721,31.694117180640234,11.986120105599063,2.5612348642859284,2.5588640519568453,88.18906736361102,94.0237093326878,86.57969855963646,87.29675292315794,85.64820300820521,84.6077689339126,83.45867080900186,82.90518301854648,82.31958217415296,81.37888409828649
38100,0.16137675923614053,0.18238098167269326,0.14559315688109345,31.693802028729706,11.98559213538827,2.5612203577674952,2.558849555732322,88.1886022716631,94.0258319222477,86.58000798268343,87.29691538303771,85.64847439558014,84.60819363864164,83.45823780988454,82.90606335039735,82.31878198193314,81.37891409685955
38200,0.1613772373133849,0.18238227243692465,0.1455916599266973,31.693487573589437,11.985066177354902,2.5612059272332544,2.5588350846141243,88.18814765578816,94.02793413248123,86.58031647273188,87.29707597875634,85.6487434202147,84.60862471160073,83.45781066200308,82.90693746605167,82.31798708931458,81.3789489156895
38300,0.16137771407928606,0.1823835501300394,0.1455901685116496,31.693174131350215,11.984542216377235,2.5611914804269915,2.558820628505674,88.18769353355013,94.03001486097969,86.58062039252953,87.29723805735532,85.64900948670194,84.60906130084344,83.45738166540492,82.90780144676408,82.31719716018692,81.37899491357076
38400,0.16137818594310654,0.1823848268552863,0.1455886859921939,31.69286196212976,11.984020155895179,2.5611770931516604,2.558806165250182,88.18724138823346,94.03207709832351,86.58092507692632,87.29739495562849,85.64927833873416,84.60949542208216,83.45694914094368,82.9086594534567,82.3164095841504,81.37904346154444
38500,0.16137866415808505,0.18238609792926638,0.14558720378322074,31.69255114091277,11.983499915411747,2.5611627572015685,2.5587916661873074,88.18679212664476,94.03412697122862,86.58122103568478,87.29755113120466,85.64954283778778,84.60992408053146,83.45652276549502,82.9095096829173,82.31563393461519,81.37908131300192
38600,0.1613791378522332,0.18238736680973303,0.1455857210665756,31.69224220416618,11.982981529125153,2.5611484916146083,2.5587771903978385,88.18634151738014,94.03617015276437,86.58151460508034,87.2977088774927,85.64980056197386,84.61034593659156,83.45610162192033,82.9103471426437,82.31486443744043,81.3791144559721
38700,0.1613796019195845,0.1823886361145292,0.14558424374308634,31.691934992075275,11.98246533020578,2.561134274568193,2.5587626540931403,88.185891019309,94.03819298625741,86.58180561572969,87.29786982516042,85.65005272454702,84.6107598048462,83.45568553996038,82.91117510703533,82.31410132724129,81.37913790942005
38800,0.16138006148201123,0.18238989830957836,0.14558277077913917,31.691628086801465,11.981950623033224,2.5611200857470453,2.5587481752232275,88.18544449081053,94.04021366406475,86.5820973828712,87.29802878371716,85.6502979400286,84.61117063187447,83.45527404811256,82.91199609068677,82.31334011662497,81.3791638895821
38900,0.1613805156594917,0.18239114890369587,0.14558130408606956,31.6913221050314,11.981437514617697,2.561105921053674,2.5587337808388773,88.18499303490567,94.04223082656634,86.58238768837165,87.29818835029745,85.6505400527006,84.61158063917755,83.45486439196046,82.91281201553392,82.31257644374638,81.37919604125909
39000,0.1613809677126832,0.1823923905204335,0.1455798382469091,31.691017694671515,11.980926036171525,2.5610917878826336,2.5587194180015684,88.18454101210068,94.04423814657106,86.58266835630148,87.2983504510239,85.6507802583671,84.6119918547685,83.45446040208351,82.91361969721812,82.31181218742901,81.37923351605701
39100,0.1613814173016181,0.18239363288255303,0.14557837572289828,31.690713567927205,11.980416175134483,2.561077697815012,2.558705143230767,88.18409458618305,94.04623440036046,86.58294039000774,87.29852071498586,85.65102572351007,84.61240466827148,83.4540628485802,82.91443062657096,82.31105496077448,81.37927355946303
39200,0.16138186512665437,0.18239486808104072,0.1455769139042826,31.6904101501743,11.979907941969877,2.561063679536511,2.5586909182866173,88.18365226991423,94.04821490845545,86.58321635663333,87.29868888238958,85.65127135575014,84.61282098631126,83.45367037167527,82.91524626853118,82.31030421936956,81.37930977516805
39300,0.1613823170595459,0.1823960967636791,0.14557545384728518,31.690108934486535,11.97940137090106,2.5610497017126383,2.5586767651857736,88.18320704585975,94.05018779384483,86.58349287740549,87.29886204564777,85.65151323638258,84.61323985872872,83.45327905865817,82.91605433220424,82.30954755508476,81.3793408480646
39400,0.16138277162149978,0.18239731826885225,0.14557400167230664,31.68980753239746,11.978896664837084,2.5610357739784644,2.5586626271313584,88.18276411489855,94.05215022182163,86.58377617674557,87.29903314616651,85.65175550640643,84.61365665328303,83.45288838015374,82.91684844155262,82.30879622379658,81.37937432837778
39500,0.16138322024545276,0.18239853026722322,0.1455725519933843,31.689504667978092,11.978393665777773,2.561021879838666,2.5586484634594733,88.18233240854023,94.05410260601175,86.584062916335,87.29920302745916,85.65199603697674,84.61406777304911,83.4525013863451,82.91763981970567,82.30805274895773,81.37940140318277
39600,0.16138366611926552,0.18239974856917077,0.14557110535461276,31.68920297178646,11.977892330419827,2.5610080392174295,2.558634347513543,88.18189911963924,94.05604622742763,86.58435385879233,87.29937746988804,85.65223863246834,84.61448211299928,83.4521173169627,82.91842196479605,82.30731339034296,81.37942387382819
39700,0.16138411425193913,0.182400960841668,0.14556966069929234,31.688902509857705,11.977392860498034,2.5609943335676557,2.5586201965815545,88.18146863131922,94.05797518895308,86.58464746584228,87.29954866500198,85.65248473817694,84.61489785599903,83.45174034060123,82.91919255287405,82.30658478266386,81.37944634565888
39800,0.16138456226948295,0.18240216191109124,0.14556821580539206,31.68860172094902,11.976895323842209,2.5609807010243992,2.5586061017817507,88.18104514484521,94.0598912287882,86.5849421724302,87.29971164569875,85.65273841026892,84.61530991600068,83.45136542628427,82.91997315500623,82.30586270326987,81.37946182491582
39900,0.16138499978265458,0.18240336027651097,0.14556677463905732,31.688301757456387,11.976399298227765,2.5609670967960274,2.5585920758636758,88.18063185613896,94.06180362990987,86.58523113738518,87.29986806326352,85.65299264023234,84.61572034166295,83.45099223690237,82.9207605898988,82.30514344917786,81.37948375738983
40000,0.1613854381486862,0.18240455638400946,0.14556533768261237,31.6880028650465,11.975904669776325,2.5609534987404263,2.558578179213332,88.1802229059601,94.0637140654909,86.58551865887054,87.3000285676959,85.65323897495732,84.61613220412468,83.45061893494105,82.9215456214234,82.30442322569394,81.3795102056671
40100,0.16138586592449974,0.1824057434905439,0.14556390214551226,31.687705363575557,11.975411780678384,2.560939910902804,2.558564384734446,88.17982508140938,94.06561986972584,86.58581419923654,87.30018710148951,85.65347133266279,84.61654210535603,83.45024913853189,82.9223241197839,82.3036978923285,81.37954286990914
40200,0.1613862896225428,0.18240692000423694,0.1455624687372991,31.687409847134262,11.974920899136087,2.5609263916148204,2.55855053969977,88.17942876178836,94.06750411546022,86.58611038846553,87.30034233224643,85.65369455046863,84.61694767754305,83.44988149738668,82.92308843243694,82.3029763413572,81.37957484624404
40300,0.16138671112023037,0.18240809021503748,0.1455610419489313,31.687115027618706,11.97443158921219,2.5609128826342986,2.558536743952668,88.17902952875896,94.06938108649994,86.58640409757601,87.30049366101866,85.65391549289684,84.61735315795524,83.44951528888902,82.92384919385682,82.30225882260363,81.37961176741125
40400,0.1613871355229806,0.18240924906500458,0.14555961193502684,31.686820856148895,11.973943599039508,2.5608994100424587,2.5585230439678295,88.17862465105199,94.07125606931783,86.58668954360718,87.30064828410481,85.6541391252262,84.61776063045072,83.44915319581152,82.92460876277438,82.30155200252712,81.37965283794027
40500,0.1613875564581955,0.1824103915281983,0.14555818288467684,31.68652691452933,11.973457397347328,2.5608859816851797,2.5585092851635625,88.17821801486126,94.07311826210673,86.5869732615083,87.3007988871061,85.65436372828619,84.61816641843276,83.44879646195365,82.92535940887771,82.30085262361479,81.37969279919942
40600,0.16138797360728746,0.18241153957109874,0.14555675693867026,31.686232467740084,11.972972850826979,2.5608725652574025,2.55849553057526,88.1778173703615,94.07496936061837,86.58725374678356,87.30095214928338,85.65458468139016,84.61857045575286,83.44844534810207,82.92610109920338,82.30015784870635,81.37972541321695
40700,0.16138839389030518,0.18241269279725042,0.14555533425294603,31.68593819016426,11.972489555358301,2.5608591437463635,2.5584818499008115,88.17741687760916,94.07681018704743,86.58753002056459,87.30110581945941,85.65480633722221,84.6189871100131,83.44809405578542,82.92684305620483,82.29946955127286,81.37975814084335
40800,0.1613888038414206,0.18241384716138895,0.14555391386333275,31.68564485993244,11.972007703899866,2.5608457096625417,2.5584682872888957,88.17701822995699,94.07864495624047,86.58779911605906,87.3012595521633,85.65502633491413,84.61940929390072,83.44774387753404,82.92758859576057,82.29878213323651,81.37979927933553
40900,0.16138920926077277,0.18241499733340527,0.145552498123678,31.685353136492026,11.971527408736888,2.560832315308368,2.558454799341879,88.17662154347907,94.08047242583747,86.58806527271948,87.30141385868168,85.65523853524785,84.61982536379622,83.44740262864201,82.92833668604409,82.29809543842535,81.37984791068337
41000,0.16138961370719998,0.18241614120821265,0.14555108994931107,31.685064133171,11.971048731628606,2.5608189625041877,2.558441311203208,88.17622252545456,94.08228969366111,86.58833084054939,87.30156327480681,85.65544730717747,84.62023987653217,83.44705630021897,82.92907995637111,82.2974091492177,81.37989530555292
41100,0.1613900211827442,0.18241726474317888,0.14554968906826657,31.68477651812442,11.970571474933793,2.5608056104389774,2.558427855543443,88.17582672970903,94.08409692158058,86.58859013387033,87.30171063400279,85.65565833272723,84.62064995564441,83.44670674612857,82.92982800519546,82.29671822841568,81.37994414166077
41200,0.1613904272112299,0.18241838025295862,0.14554829057388005,31.68449056987435,11.970095733354954,2.5607922827567666,2.558414488793925,88.17542856611595,94.0858957412563,86.5888356645956,87.30185269237596,85.65586864649639,84.62106180823356,83.44636469201217,82.93057352650806,82.29603218949559,81.37999908397362
41300,0.161390835422478,0.18241949278958935,0.14554689568177395,31.684205631968627,11.969621324701214,2.5607790109422264,2.5584011521930456,88.1750354767448,94.08769262615418,86.58908280815363,87.30199941662195,85.65607726170232,84.62146924888164,83.44602672250569,82.93131343321421,82.29535007473334,81.38005107747611
41400,0.16139124020230125,0.18242059737880942,0.14554549839714714,31.683920431681997,11.969148517173851,2.560765789031245,2.5583878515856138,88.17464975088626,94.08948185581542,86.58933106124614,87.30214863301637,85.65629253240752,84.62187734583223,83.4456920549231,82.93204830869708,82.29467246551341,81.38010517736812
41500,0.1613916463070526,0.1824217016537479,0.14554410048144822,31.683637055047218,11.968677054292199,2.560752607908193,2.5583745744802497,88.17425807269903,94.09125726158227,86.58957637074838,87.30230381705975,85.656509887872,84.62228596466257,83.44536016325624,82.93278511563871,82.29398877476143,81.3801633618235
41600,0.1613920505456032,0.18242279650110738,0.1455427029567219,31.683354715287383,11.968206926196306,2.5607394748455277,2.558361321015396,88.17387141278193,94.09302391539963,86.58982070699246,87.30246099226203,85.6567240453204,84.62268698179058,83.44503383333725,82.93351022560861,82.29330360963776,81.38022770232843
41700,0.1613924522093101,0.18242388551757335,0.14554130589531444,31.683073314501343,11.967738685784362,2.5607263713579176,2.5583480639695404,88.17348595117838,94.09477924716677,86.59006554470976,87.30260986726796,85.65693563806877,84.62308267974959,83.44470542324227,82.93422955387224,82.29261463099913,81.38028479536996
41800,0.16139285368221962,0.18242497486784284,0.14553991345964828,31.68279334154498,11.967272121971689,2.560713313874948,2.5583348405951107,88.17309919920734,94.09652492513125,86.59030830999943,87.30275962459392,85.65714665271824,84.62347665531036,83.44437919728895,82.93494524616071,82.29192826290418,81.38034263462126
41900,0.16139325336440263,0.18242606340232514,0.1455385267969558,31.68251402245388,11.966807186153863,2.560700295749991,2.5583217286994846,88.17271666328391,94.09825887164497,86.59054595373516,87.30291650876532,85.65735637043835,84.62386995377064,83.44405120032063,82.93566230944994,82.29124923230512,81.38040125591871
42000,0.16139364453594754,0.18242713921283624,0.14553714687541877,31.6822347688321,11.966343814482874,2.560687353915276,2.5583086247491686,88.17234293218996,94.09998072359026,86.59077610209852,87.3030640459139,85.6575681634434,84.62426690510789,83.44372507778873,82.93637471165266,82.29057297052904,81.380460021125
42100,0.16139404121523443,0.1824282088517678,0.14553577631902093,31.681956021527302,11.965881984991608,2.560674489340479,2.55829553682387,88.17197851339844,94.10169371855721,86.59100783980675,87.30320405462517,85.6577822850851,84.6246614589415,83.44340464223973,82.93708609756447,82.28989608429939,81.38052353444931
42200,0.16139443830658518,0.18242926951315155,0.14553440670479834,31.681678390954172,11.965421505512344,2.5606616462072282,2.558282503845139,88.17161196028617,94.10340251835072,86.59123780995849,87.30334388442026,85.65799353338797,84.62505984209838,83.4430868599213,82.937796618987,82.2892283775486,81.38058568714882
42300,0.1613948370921187,0.18243032121289127,0.14553304368852094,31.681400984224297,11.964962534272582,2.5606487917767273,2.5582694647806195,88.17124659849522,94.10510222179029,86.59145939470982,87.30347698247998,85.658205389095,84.62545986061723,83.44277513502242,82.93850723995838,82.28856675374826,81.38064718662571
42400,0.16139522895059805,0.18243137205164503,0.14553168662017069,31.68112451667334,11.964505134247721,2.5606359576756783,2.5582564315815235,88.17088697849631,94.10678606028813,86.59167405383604,87.30360472043053,85.65840911904034,84.62586285342486,83.44245955465584,82.9392200971139,82.28791413827258,81.38070710934561
42500,0.1613956169819229,0.18243241443727562,0.14553032788917614,31.680849360887112,11.9640490304785,2.5606231569831945,2.5582433994820284,88.17052924926344,94.1084585135981,86.5918878335055,87.30373980432566,85.65860694614125,84.62625951259851,83.4421500643482,82.93992914550965,82.287263832981,81.38077044499757
42600,0.1613959958800569,0.1824334479755736,0.1455289711878218,31.680574395844864,11.963594171960667,2.560610398529933,2.558230373779168,88.17017894645538,94.11012467024618,86.59210215689843,87.3038818068107,85.65880956851679,84.62664987488841,83.44183712302657,82.94062834123666,82.28661534174203,81.38083819103001
42700,0.1613963775539271,0.18243448308036062,0.14552761885535245,31.68029928531971,11.963140327141106,2.5605976902572456,2.558217404278557,88.16984190110297,94.11178871925846,86.59232284700167,87.30402868466817,85.65901506644187,84.62704230559754,83.441519883162,82.94131930924317,82.28596658337801,81.38090513833866
42800,0.16139676094466307,0.18243551694373714,0.1455262650413702,31.68002561025281,11.962688029647722,2.56058504024614,2.5582045407098297,88.1695064597098,94.11344609154159,86.59254513827482,87.30416649020995,85.65922248454102,84.62743112355973,83.44120103795818,82.94200686347577,82.28532282559581,81.38097413145647
42900,0.16139714338109365,0.18243655005365148,0.14552491447459817,31.6797525874684,11.96223711816103,2.560572450996303,2.5581917227395463,88.16916902642657,94.11510092026559,86.59277310483466,87.3043008273418,85.65943208093732,84.6278214613526,83.44088584995912,82.9426959263966,82.28468029284993,81.38103720672243
43000,0.1613975201383351,0.18243757656121248,0.1455235660737312,31.67947904160065,11.961787724013858,2.560559891825594,2.55817890260773,88.16883931080699,94.11674117635107,86.59299630927508,87.30443917189093,85.65963693509879,84.62821472601854,83.44057586160837,82.94337239398251,82.28404567530016,81.38109782033517
43100,0.16139789362237075,0.1824385939675401,0.14552221894009423,31.67920559115535,11.961339677644592,2.5605473642642345,2.5581660809454245,88.16850860755201,94.11837585395766,86.59322061951471,87.30457596248318,85.65983427779467,84.62860632158682,83.440270832643,82.94403965746781,82.28341631175643,81.381157532928
43200,0.16139826705246132,0.18243960618480554,0.14552087321541443,31.678931770505656,11.960892955372781,2.56053485482654,2.5581533525832585,88.16818131002285,94.12000821945452,86.5934436805807,87.30471590218923,85.66003453464882,84.6289970035864,83.4399645157311,82.94470430238141,82.28279279564005,81.38121966547843
43300,0.1613986368440734,0.18244060296164621,0.14551953933099276,31.678658001720095,11.960447559992584,2.560522409225316,2.5581407034187906,88.1678581025364,94.1216335137923,86.59367199135495,87.30486661550154,85.66023082852479,84.62938989001593,83.43966005592429,82.94536331188877,82.28217649553719,81.38128391714123
43400,0.1613989998679415,0.18244160149593783,0.14551820712089908,31.678386063911905,11.960003449201572,2.5605099818655646,2.5581281632582904,88.16753113515524,94.12325625394628,86.59389996000526,87.30502371139042,85.66041792120286,84.62978437982187,83.43935825960226,82.94601421920521,82.28156042032111,81.38134670419983
43500,0.16139935544923578,0.1824425990598478,0.14551687399539767,31.678116473754006,11.959560612159978,2.5604975319612793,2.5581158094588545,88.16720581663576,94.1248754289719,86.5941234578036,87.30518934947601,85.6605953783046,84.63018264108605,83.43905485527412,82.9466689665064,82.28093913253286,81.38141453968841
43600,0.1613997168701162,0.1824435975135524,0.14551554353910245,31.6778480205575,11.959119227135327,2.5604851449228434,2.5581034953996027,88.16688229514196,94.1264836961841,86.5943438686917,87.30535585197958,85.66077773609238,84.63057776350252,83.43874865300528,82.94732069297007,82.28030663407912,81.3814877274807
43700,0.1614000779300796,0.1824445990066301,0.1455142173156268,31.67758001205542,11.95867913064741,2.560472765604552,2.558091193554619,88.16655773716943,94.12808398631714,86.59456228077052,87.30552222772005,85.66096114867725,84.63096219211948,83.43844959691506,82.94797732739978,82.27967633355648,81.38156165228688
43800,0.1614004430797814,0.18244559751623313,0.14551289240617085,31.677313590018237,11.958240524845072,2.560460443783843,2.5580788836944817,88.16623100184356,94.1296746256616,86.59477113827325,87.30568455030864,85.66114096708979,84.63134257516798,83.43815865709487,82.94863485811607,82.27905756279502,81.38163861982709
43900,0.16140080379668453,0.18244659267808505,0.14551157077419366,31.67704924161649,11.957803333595526,2.5604482109334943,2.5580665377027088,88.16590419814528,94.13125649958671,86.5949754256952,87.30584217873769,85.66131252123816,84.63172191482388,83.43786952469021,82.9492885064066,82.2784482102639,81.38171587949778
44000,0.16140116472585395,0.18244757441632128,0.14551024747053204,31.67678542785303,11.95736739124282,2.5604360130001016,2.5580542355952756,88.16558232427276,94.1328294228606,86.59518093433577,87.30600644914735,85.66148496482147,84.63210195612886,83.43758287758153,82.94994052726238,82.27783977986753,81.38179515564804
44100,0.16140152449949383,0.182448541511725,0.14550892418187852,31.676521035738933,11.956932878448363,2.5604238018245695,2.558041922717449,88.1652685436805,94.13438906751871,86.59538821575441,87.30617071871144,85.66166759715892,84.63247688200353,83.43729692822733,82.95058920471573,82.27723009026829,81.38187683888327
44200,0.1614018789934463,0.18244950196929619,0.14550760263687665,31.676256874588848,11.956499642294256,2.560411578150894,2.558029671209673,88.1649591366971,94.13594040936664,86.59559622807242,87.30633222560135,85.66184376159235,84.63284544280378,83.43700917365344,82.95124105620145,82.27662105032427,81.38196245821314
44300,0.1614022326118082,0.1824504603045441,0.14550628663311974,31.67599384432193,11.95606752158846,2.5603993761255346,2.5580174920765595,88.16464886608175,94.13749218876087,86.59580330600312,87.30649515219439,85.66201797429775,84.63320578106236,83.43672295487262,82.95189278185615,82.27601125343837,81.38204593506651
44400,0.16140258524595782,0.18245141810711343,0.14550497492413753,31.67573136053849,11.955636500713469,2.560387204830714,2.5580053631992885,88.16433662416519,94.13904266428014,86.59600867880303,87.30665258697334,85.66219121283149,84.63356624374674,83.4364391020246,82.95253658670994,82.27540805088657,81.38213098333723
44500,0.16140293298435618,0.18245237555418614,0.14550366979342066,31.675469026599185,11.955206721351153,2.5603751040451783,2.557993204088402,88.16402426279751,94.14058416363078,86.59621217825566,87.30680480315421,85.66236342100608,84.63392290927169,83.43616134462891,82.95317578163616,82.27481576014901,81.38221765754282
44600,0.16140327599933113,0.18245333286979298,0.1455023666927768,31.675207376069466,11.954778382119905,2.560363037634765,2.5579810231096864,88.16370941610143,94.14211586959036,86.59641142560707,87.30695681683261,85.66253583921447,84.63427980025556,83.43588356061181,82.95380157344407,82.27422729229534,81.38230512098504
44700,0.16140361632448763,0.1824542886421292,0.14550106503135316,31.674947919769522,11.95435143301104,2.5603510261443145,2.5579689346584225,88.16339084261102,94.14363929705452,86.59660704939546,87.30711495847672,85.66270540751901,84.6346304608827,83.43560802395064,82.954420131323,82.27363877812174,81.38239566777973
44800,0.16140395962787382,0.18245524313116032,0.14549976597850928,31.674688210548844,11.953925670782436,2.5603390689710674,2.5579568447556653,88.16307984987904,94.14515535910026,86.59680374831187,87.30726970972876,85.66287866311684,84.63498267934203,83.43533310569273,82.95504359150415,82.27305339252881,81.3824829692632
44900,0.16140430054622856,0.18245619447218409,0.14549846847208425,31.67442873354091,11.953501034059341,2.5603271459166255,2.557944783317056,88.16276883449248,94.14666646749907,86.59700267766348,87.3074221167494,85.66306034399713,84.63533071875362,83.43506265418014,82.9556654497103,82.27246899370535,81.38257098964492
45000,0.1614046402033211,0.1824571350710974,0.14549717717009242,31.674169853079697,11.953077883010282,2.5603152715647477,2.557932730624178,88.16245977941286,94.14817294425632,86.59720219089974,87.3075732208579,85.66323924436352,84.63567013007473,83.43480173693139,82.9562825309725,82.27188801239217,81.38265557571793
45100,0.16140497587578853,0.18245806629357855,0.14549588793753016,31.67391174527387,11.952655838579831,2.5603034594630087,2.5579206481440786,88.162152007907,94.14967836813223,86.59740019999688,87.30771997254875,85.66341630347328,84.63600600325636,83.43454261202115,82.9568926187587,82.27130791319478,81.3827381172095
45200,0.16140530994369767,0.18245899344245936,0.14549459945135704,31.673654826502283,11.952235533298566,2.56029167506883,2.5579085371712758,88.1618412300228,94.15117136255823,86.59759373717552,87.30786002534724,85.66358731352939,84.63633852644497,83.4342844740404,82.9574987405711,82.27073034826802,81.38281698420576
45300,0.16140563837129282,0.1824599139659344,0.14549332066736406,31.673398399912536,11.95181654753403,2.560279925243176,2.557896453162261,88.16153169320599,94.15265170688428,86.59778464222778,87.30800869798367,85.6637574952496,84.63667219334462,83.43403297769113,82.95810884106443,82.27015717749119,81.3828916386551
45400,0.1614059618743151,0.18246083352142609,0.14549204692992654,31.67314295793261,11.951398799941103,2.560268201978906,2.557884400604743,88.16122648205972,94.15412380092907,86.59797373658711,87.30816270003011,85.66392748024789,84.63700579182385,83.43377964877651,82.95871208449942,82.26958841561222,81.38296843127767
45500,0.16140628394928982,0.18246174812626706,0.14549077272443445,31.67288808622856,11.950982342724158,2.5602564804900267,2.557872472098466,88.16092407272026,94.15558873830989,86.59815672607203,87.30832029526027,85.66409958126629,84.63734210421735,83.43352621039972,82.95931552240914,82.26902495064778,81.38305444705894
45600,0.16140660606348847,0.182462662355887,0.1454894945518332,31.672633544014616,11.950567085437564,2.560244813437667,2.5578605370772682,88.16062201897213,94.15705013491358,86.5983439482834,87.30847781420255,85.66427510032244,84.63766981727214,83.43327812603032,82.95991287211706,82.26846137632975,81.38314133018444
45700,0.1614069294489628,0.18246357616518274,0.14548822102907596,31.67237972694286,11.950152922541406,2.560233162417871,2.5578485775063466,88.16031964432916,94.15850278263113,86.59853175045667,87.30863228969133,85.6644471548756,84.63799246435978,83.43302829846814,82.96050947672414,82.26790205587614,81.38322931438682
45800,0.16140725007474543,0.18246448311208124,0.14548695424270333,31.672125957564802,11.949739983498647,2.560221514709394,2.5578367483829942,88.16002175787771,94.15994900791421,86.59872004278658,87.30878976612856,85.66461678868637,84.63831626771903,83.43277894243217,82.96110769432012,82.26734322267151,81.38331877601726
45900,0.1614075741366783,0.18246538893666023,0.14548568862462996,31.67187282140313,11.949328232401445,2.5602098443333197,2.55782503831298,88.1597239269149,94.16138815386832,86.59890863866386,87.30895055677601,85.66478431290409,84.63864549118581,83.43253244632164,82.96169793630611,82.26678396173136,81.38341954608286
46000,0.16140789907764436,0.1824663021701612,0.1454844257326077,31.67162067629828,11.94891742050467,2.560198152347586,2.5578133863975316,88.15942890595258,94.16282198150228,86.59909399605269,87.3091133157612,85.66494653833067,84.6389796059624,83.43228406965203,82.96228708219401,82.26621996234097,81.38352381858464
46100,0.16140821954513468,0.18246721310004255,0.14548316447102747,31.671368346730702,11.948507562651287,2.560186485980215,2.55780172927214,88.15913512333248,94.16425333168648,86.59927901827237,87.30928126575265,85.66511166008125,84.63931571306145,83.43204055266025,82.96286576318998,82.26565867720726,81.38362814982331
46200,0.16140853784407308,0.18246811670989171,0.14548189708167167,31.67111633149555,11.948098813512193,2.5601748724582736,2.5577900874741837,88.1588525799982,94.16567898783104,86.59945847889828,87.30944974057495,85.66527994676831,84.63965727111764,83.43179669387118,82.96343966751213,82.26510203163505,81.3837277079773
46300,0.16140884932950184,0.18246901326485013,0.14548062810114057,31.67086592826362,11.94769098399785,2.5601632871699547,2.557778512677601,88.15856420174013,94.16709649068426,86.59963463136594,87.30962017940385,85.66545150374688,84.64001084470522,83.43154857368208,82.96401748991794,82.26454500865572,81.38382972800277
46400,0.16140915207703926,0.1824699040530665,0.14547936774470116,31.670615377139104,11.947284418821061,2.560151668849336,2.5577670408070134,88.15827731373558,94.16850953082569,86.5998102205302,87.30979211275955,85.66561868488373,84.64036700410492,83.4313002417824,82.96459115997965,82.26399344150434,81.3839318645531
46500,0.1614094529449154,0.18247079405044092,0.1454781096323645,31.67036582660607,11.946879179091875,2.5601400482536807,2.5577556397681405,88.15799186740401,94.16991485091253,86.59997970362055,87.3099638045263,85.6657822985996,84.64072506212874,83.4310530070488,82.96516159361832,82.2634397986236,81.38403626911371
46600,0.16140974950626344,0.18247167835207895,0.14547685424888743,31.67011721284876,11.946474846843653,2.5601284338027894,2.55774429577664,88.1577051405727,94.17131532419529,86.60015454527255,87.3101394906696,85.66594223130946,84.64108408810871,83.43080490478235,82.96573244066579,82.26288640300204,81.38414403650832
46700,0.16141004566183323,0.1824725537413684,0.14547560150805333,31.669868950489498,11.946072011579442,2.5601168363866487,2.5577329647828333,88.15741774722743,94.17270752058575,86.60033175905444,87.31031072188998,85.66609586458102,84.64143646613336,83.43056027948221,82.9662974897649,82.26233417706439,81.38425375718734
46800,0.16141033912778457,0.1824734236720105,0.14547435326390679,31.66962222106467,11.94567053832884,2.5601052926027132,2.557721640746325,88.15713293990301,94.1740887983923,86.60050518004498,87.31048209875992,85.66624685345435,84.64177781822202,83.43031906313222,82.96686364175999,82.26178230499457,81.38436281948685
46900,0.16141063860655852,0.18247429414889932,0.145473107733029,31.66937668356654,11.945270332556074,2.560093824243239,2.5577102518247945,88.15684729049191,94.17546611456758,86.6006800374008,87.31064766081337,85.66639700381035,84.6421069380851,83.4300823689853,82.96742452642444,82.26123462077516,81.38446559108239
47000,0.16141093937429787,0.18247516790349674,0.14547186768456447,31.669132248263868,11.944871159430342,2.5600823924119855,2.5576987950299332,88.1565629264732,94.17684093560345,86.6008501342503,87.31080744326178,85.66654956775837,84.6424361455843,83.42984391644809,82.96797866935665,82.26068832714472,81.38456160250159
47100,0.16141123761251103,0.18247603943728372,0.14547062924197057,31.668888713770524,11.944473199679868,2.560070975124784,2.5576873644897975,88.15628484146225,94.17821108918228,86.60101539806642,87.31096348555172,85.66669961140808,84.64276565877478,83.4296032840984,82.9685317524607,82.26014524671352,81.38465745948092
47200,0.1614115322534696,0.18247690569113914,0.14546939382141488,31.66864663456292,11.944076338808925,2.5600596080055724,2.5576759445031545,88.15600877898646,94.17957430279981,86.60117694580319,87.311109704915,85.666842371407,84.64309954836168,83.42936839516214,82.96908615571157,82.25959901068498,81.38475849814586
47300,0.1614118257269805,0.18247777382447047,0.14546816234098087,31.668405304332815,11.943680610043048,2.56004826739258,2.5576645751654925,88.15573394425687,94.18093590333864,86.60133464532082,87.3112509086039,85.66698352073946,84.64343508511973,83.4291345534129,82.96963873747355,82.25905373773513,81.38486178688916
47400,0.1614121224252477,0.1824786442111481,0.14546693088903367,31.668164460051557,11.943286092640534,2.560036940643415,2.5576531983115545,88.1554592416195,94.18228766534439,86.6014866797319,87.31138933130225,85.6671253035502,84.6437698899793,83.42890459195215,82.9701882480871,82.25851203844906,81.38496251306918
47500,0.1614124187787059,0.18247951138287066,0.1454657051967708,31.66792429126667,11.942892712370128,2.5600256749385517,2.557641787637142,88.15518930843923,94.18362760064866,86.60162975465441,87.31153073856984,85.66727258845013,84.64410781165105,83.42867409408787,82.97073094265662,82.25797823492694,81.3850637717448
47600,0.161412716058294,0.1824803671103274,0.14546448901170433,31.667684568356538,11.942500586889572,2.5600144481768514,2.5576304091724564,88.15492365499215,94.18495725607562,86.6017725418214,87.31167043874353,85.66742321792722,84.64444537409814,83.4284440438507,82.9712725418697,82.25744809333679,81.38517060263187
47700,0.16141301537362585,0.1824812055702627,0.14546327380459875,31.667445385135363,11.94210976099166,2.56000319996321,2.557619122125308,88.15465805252549,94.18627904864917,86.60192010428263,87.31181014312152,85.66757501030807,84.64478365885765,83.42821335768457,82.97181023711336,82.25691653445166,81.38528533682549
47800,0.16141331272768292,0.18248204287330674,0.14546206058096492,31.667206940681105,11.94171992524914,2.5599919993876754,2.557607926739508,88.15439314925959,94.18760279287278,86.60206672062215,87.31195450703414,85.66772876607257,84.6451206110332,83.42798610549399,82.97234081083549,82.25638967799644,81.38540577946964
47900,0.16141360794968238,0.18248287689084142,0.14546084662788764,31.66696907488304,11.941331201067763,2.5599808368074175,2.5575967156524855,88.15413140361017,94.18892097662318,86.6022105538717,87.31210148015673,85.66788319106992,84.64545464162275,83.42776360644493,82.97286669091736,82.2558667547994,81.38551887020411
48000,0.16141389291830086,0.18248371110353756,0.14545962602486484,31.666730612607548,11.940943538467543,2.55996972516887,2.5575855169196657,88.15387567956874,94.190231113032,86.60235781285373,87.31224448180544,85.66804100725145,84.64578932820456,83.42754286758276,82.97339155946221,82.2553441780927,81.38562874879443
48100,0.1614141788301607,0.18248454331533998,0.14545840781633804,31.666492472635547,11.940556838774373,2.5599586530839606,2.557574295335092,88.15362502764953,94.19153286222016,86.60250253314031,87.31239152337389,85.66820119364913,84.64611855051643,83.42731949009114,82.97390973582105,82.25482739440885,81.38573935554726
48200,0.1614144674344529,0.1824853720444011,0.1454571904786612,31.66625492814479,11.940171399303932,2.5599476671210617,2.5575630798229443,88.15337833560275,94.19282745183776,86.60264871708063,87.31253020264187,85.66835783730367,84.6464480063731,83.42709832291602,82.97442605681087,82.25431786887218,81.38584733957413
48300,0.16141475792429777,0.18248619445026448,0.1454559761763906,31.66601750400443,11.939787084709227,2.559936727414836,2.5575519151241033,88.15313403698998,94.19411960914185,86.60280058785088,87.31266561435712,85.668511408455,84.64677658826574,83.42687573826568,82.97494145408018,82.25381437585833,81.38595513309711
48400,0.16141504800121811,0.1824870117939222,0.14545476699239818,31.66578053488435,11.93940397018511,2.559925804678549,2.557540783829219,88.15288740030309,94.19540599571526,86.6029502922433,87.31280422233645,85.66866703863661,84.64710215744726,83.42665561632995,82.97545494224775,82.25331091366122,81.386056602532
48500,0.16141533511667885,0.1824878306119813,0.14545356266250223,31.665544575890397,11.939021930346797,2.559914949360823,2.5575296685296025,88.15263843469714,94.19668508313066,86.60310050348892,87.31294193386616,85.66882282036545,84.64742773191367,83.4264374116662,82.9759721790079,82.25280392295204,81.38615187668346
48600,0.1614156233642229,0.182488644913465,0.1454523600480788,31.66530941255583,11.938641034732019,2.5599041094186195,2.5575185749110028,88.15238275208378,94.19795623365245,86.60325212298358,87.31307857916093,85.6689788857942,84.64775047062327,83.42621766579838,82.97648758943207,82.25229458501975,81.38624619520844
48700,0.1614159098964975,0.18248945692611898,0.14545115550224746,31.66507444209814,11.93826119129303,2.5598932698009365,2.5575075217324694,88.15212351640541,94.19922339705023,86.60339951707942,87.31321822258103,85.66913857813728,84.64806679977222,83.42600045237822,82.97700329576449,82.25178865139365,81.38633943550803
48800,0.16141619226154053,0.18249026718091366,0.1454499507254018,31.664840371959176,11.93788214548851,2.559882462835998,2.5574965505278344,88.15186575280136,94.2004918125925,86.60354535776808,87.31335739837944,85.66929609958851,84.6483840480592,83.42578785153725,82.9775208726936,82.25128607760143,81.38643271541731
48900,0.1614164771103558,0.1824910747384766,0.14544875365964827,31.66460723664116,11.937503961549774,2.559871695356739,2.557485650338741,88.15160922787764,94.20176148561359,86.60369051427948,87.31349588689069,85.66944785322366,84.64869955880536,83.42557953832166,82.97804416707272,82.25078338660246,81.38652714631176
49000,0.1614167637092252,0.18249186756154226,0.1454475600548909,31.664374197450933,11.937126795505023,2.559860952779585,2.557474772057135,88.1513578390791,94.20302864004842,86.6038426492043,87.31362992764254,85.66959875889873,84.64901558834129,83.4253731168849,82.97855974186956,82.25028022249934,81.38662194799782
49100,0.16141705058804787,0.18249265997183728,0.14544637373563143,31.664141461233864,11.93675061259171,2.5598502471194684,2.557463927811617,88.1511141212743,94.2042915092163,86.60399590832417,87.31376120769986,85.66974708514424,84.64933270830674,83.42516736234863,82.97907624252282,82.24978308181518,81.38671869888503
49200,0.16141733192282054,0.18249345158685398,0.145445194055342,31.663909682635424,11.936375232734129,2.5598395606796114,2.5574530908216944,88.15087219159616,94.20554969106446,86.60414674989536,87.31389986033086,85.66989592865026,84.64964571222382,83.4249555422831,82.97958727920683,82.24928866850527,81.38681855028669
49300,0.16141761141277805,0.18249424294334152,0.14544401698208645,31.663678645281934,11.936000882718227,2.559828885497822,2.557442285181659,88.15062840048104,94.20679896177658,86.60429744796232,87.31404116016992,85.67004054789008,84.64996052703377,83.42473921629642,82.98009711877079,82.24879771930485,81.38691987286975
49400,0.16141789283862215,0.18249503226133548,0.14544283667593325,31.663448450222248,11.935627585343523,2.559818183525924,2.5574315434411887,88.15038136204188,94.20804402834304,86.60444811692827,87.31417891634764,85.67018218349148,84.65027749261255,83.42452012507124,82.98060608110853,82.24830932361571,81.38702544437943
49500,0.1614181721016711,0.18249582486273044,0.1454416571637325,31.663218270488507,11.935255298713775,2.5598075540355087,2.557420795703408,88.15014260273486,94.20928006348697,86.60459817729804,87.31431684364246,85.67032749205583,84.65059374769038,83.42430102287388,82.9811158829816,82.24783108757528,81.38713210352829
49600,0.16141844840160868,0.18249661787396432,0.14544048247940447,31.662988887706017,11.934884031618523,2.5597969668578053,2.5574100766603296,88.14990494943054,94.2105080319604,86.60474708968555,87.31445405842776,85.67047414488673,84.65091487162526,83.42408377553369,82.9816236839855,82.2473494811274,81.38723677765834
49700,0.16141872450083547,0.1824974124946483,0.14543931223954046,31.66276031497504,11.93451385183305,2.5597864001579484,2.557399369085555,88.14966892561912,94.21172981091983,86.60489577834464,87.31458533970968,85.67061539196759,84.65123621946755,83.42387201295172,82.98212788395553,82.24686801730377,81.38734143007143
49800,0.16141900313467222,0.18249820402758812,0.14543814178937425,31.66253231310663,11.934144664328247,2.559775859657002,2.5573886821972733,88.1494361969342,94.21294647887667,86.60504287343264,87.31471628055786,85.67075658082689,84.65155455311131,83.42366044450462,82.98262515506224,82.24638983694318,81.38745117819671
49900,0.16141927868155287,0.18249899586944326,0.14543697214635115,31.662305034191245,11.933776441537995,2.55976534983253,2.5573780195315643,88.14920694536877,94.21416039502016,86.60518651518592,87.314847282729,85.67089674237316,84.65186552675769,83.42344947194226,82.98311767138068,82.2459160952229,81.38756338157161
50000,0.16141954799494868,0.18249978087312138,0.14543580142767498,31.662078851529195,11.933409332350774,2.5597548634069924,2.557367443080247,88.14897740517696,94.2153686855655,86.6053251867873,87.3149808594042,85.67103767663092,84.6521750369079,83.42323980679971,82.98361403495417,82.24544486791788,81.38767585986638
50100,0.16141981803973243,0.18250055933067785,0.14543463114171337,31.66185327506352,11.933043166749327,2.559744384174492,2.5573568794840296,88.14874817640049,94.21657170254777,86.60545990026912,87.3151151974941,85.6711785914815,84.65249033980945,83.42303136625186,82.98410686364362,82.24497585135947,81.38778976358007
50200,0.1614200885975203,0.18250133009251832,0.1454334643930715,31.661628859071364,11.93267785591073,2.5597338800691816,2.55734638335444,88.14851695509968,94.21777324979647,86.60559388775057,87.31525120101287,85.67131652729019,84.65280725033531,83.4228198100933,82.98460044033753,82.2444992547837,81.38790908286843
50300,0.16142035385311887,0.18250209566921324,0.14543229714484585,31.66140440862557,11.932313506920984,2.559723411339963,2.557335925183764,88.14829165243869,94.21897312909519,86.60572790320315,87.31538826198725,85.67145348180544,84.65311771354224,83.42261211666323,82.98509348961257,82.24402562120281,81.3880262807197
50400,0.16142061733348623,0.18250285934149568,0.1454311335375279,31.661179367824086,11.931950135339445,2.5597129749898317,2.5573254614014527,88.1480702848956,94.22016455299429,86.60586639100485,87.31552754588947,85.67159143271822,84.65342810867324,83.42240728063732,82.98558471002514,82.24355539834754,81.38814189356688
50500,0.16142087885952083,0.18250361556692274,0.14542997442994776,31.660954452455215,11.931587884151051,2.5597025566933302,2.557314979950242,88.14784845077837,94.22135231622273,86.60600963616704,87.31566427414631,85.67173044513142,84.65373533013276,83.42220422667647,82.98607188284245,82.24308954086803,81.38825354945448
50600,0.1614211392778651,0.18250436170203585,0.14542881982466943,31.66072984088215,11.931226623155228,2.55969216217395,2.55730453850433,88.14762501802568,94.22253680817245,86.60615289858679,87.31579849974871,85.67186994731554,84.65404129503293,83.42200837633148,82.9865551854974,82.242627068405,81.3883662804982
50700,0.16142140102927197,0.18250510349250287,0.14542767078766194,31.66050537032655,11.930866282221785,2.559681756912618,2.5572941382113186,88.14740733197645,94.22372011922049,86.60629472502418,87.3159291250015,85.6720080737256,84.65434511208402,83.4218146213735,82.98704393878849,82.24216211723754,81.38847549364557
50800,0.16142165070182088,0.18250584610541742,0.14542652370105036,31.66028147158022,11.93050697409432,2.5596713482078646,2.5572837392805567,88.14719148339846,94.22489585762035,86.60643411498937,87.3160580713718,85.67214153569078,84.65464866231903,83.4216212896597,82.98753067652602,82.24169764815343,81.38858342465846
50900,0.16142190486091462,0.18250658533617287,0.14542537267201378,31.66005844997519,11.930148758220685,2.55966094295366,2.557273380016857,88.14697440824837,94.22606079743042,86.60657010614787,87.31618411397483,85.67227164212008,84.65495940822528,83.4214287881871,82.9880172074264,82.24123300478794,81.38869980165711
51000,0.1614221661872808,0.18250731809976659,0.14542422523585735,31.659835813768584,11.92979152005665,2.5596505203820312,2.557263028199001,88.14675654633352,94.22721811523274,86.60670194483642,87.31630990332387,85.67239816320678,84.65526711418113,83.42123948053747,82.98850379273046,82.24076904839043,81.3888166776455
51100,0.1614224313462562,0.18250804528900824,0.1454230867951929,31.659613728004683,11.929435554793107,2.55964013408922,2.557252669299126,88.1465398256884,94.22836043924599,86.60683409471395,87.31643632481716,85.67252325294737,84.65556834623003,83.4210487497875,82.9889890702562,82.2403046010809,81.38893548092578
51200,0.16142268905981305,0.18250877457701759,0.14542195447224346,31.65939256272307,11.929080526038442,2.559629799112435,2.5572422688866374,88.14632064790946,94.22949674528579,86.60696759116645,87.3165609253811,85.6726484415625,84.65586530023043,83.42086150827501,82.98947137413361,82.23983950072986,81.38905362389845
51300,0.16142294288583375,0.182509503293096,0.14542081805852877,31.65917123159783,11.928726564101293,2.559619537009333,2.5572317874470416,88.14610318126545,94.23062162624619,86.60710266846252,87.31668321510912,85.67277559475126,84.65616309672284,83.42067920862155,82.98994240725528,82.23937917265062,81.38917143435039
51400,0.161423199429468,0.18251022993129393,0.14541968702141633,31.658950297559713,11.928373571163155,2.559609312966878,2.5572213040561653,88.14588978857132,94.23173431182929,86.6072333302799,87.3168070674203,85.67290505651901,84.65646330895275,83.42050116013586,82.99040953684519,82.23892123178669,81.38929203555759
51500,0.1614234541766535,0.1825109503265817,0.14541856020813168,31.65872974290987,11.928021864104526,2.5595991249106955,2.5572108598065104,88.1456750874534,94.23283713218221,86.60736135363582,87.31692949247011,85.67303590205677,84.65676557373736,83.42032435679894,82.9908749249347,82.23846570144735,81.38941710979188
51600,0.16142370495835334,0.1825116615647515,0.14541743475303384,31.658509491098073,11.9276708537635,2.559588995878488,2.5572004122653333,88.14546107851201,94.23393852383083,86.6074887133968,87.31704868901926,85.67316866096624,84.65706665342238,83.42014727961632,82.9913366857336,82.2380186690674,81.38954650252998
51700,0.16142395777014434,0.18251237658889832,0.14541630503603994,31.658288901433423,11.927320470843242,2.559578872131995,2.557190015971599,88.14524940786636,94.23504472382709,86.60761878314105,87.31716838099585,85.67330571424431,84.65736625867436,83.41997123963506,82.99179674753256,82.23757175969197,81.38967240848437
51800,0.161424208905683,0.1825130967146358,0.1454151716948018,31.658068980070823,11.926970565868457,2.5595687334011656,2.5571797569898718,88.14504191595809,94.23616091258775,86.60774699203772,87.317290832894,85.67343629839216,84.65766889132229,83.41979262441318,82.99225751922744,82.23712290764344,81.3898009385904
51900,0.16142445989710025,0.1825138084155136,0.1454140419177743,31.657850444717702,11.926621615339673,2.5595586115586144,2.557169526679226,88.14483001754151,94.23727571699513,86.6078702067024,87.31740839732363,85.67356109070165,84.65796396255055,83.41961348073222,82.99271675721401,82.23667300549963,81.38993046893906
52000,0.1614247077114485,0.18251451602708754,0.14541291493650652,31.657632684012253,11.926273705551594,2.5595485237349065,2.557159331923839,88.14461773163218,94.23838479057942,86.60799251666762,87.31752858149531,85.67368506410587,84.65825743341055,83.41943268573344,82.99317488231398,82.23622609983653,81.39005858538232
52100,0.1614249516699344,0.1825152138059908,0.14541178956596132,31.65741535131731,11.925926748136662,2.5595384754107027,2.557149132438032,88.14440785374474,94.23948923380127,86.60811609324315,87.31764819132223,85.67381077485568,84.65854581575834,83.41925218468167,82.99363281625145,82.23578115551183,81.39018559631667
52200,0.1614251915232696,0.1825159100450586,0.14541066794508573,31.65719898490388,11.925580828265444,2.559528454368975,2.5571388863493487,88.14420028351745,94.24058377787763,86.60823684914553,87.317768943147,85.67393841296096,84.65882931849684,83.41907238979987,82.9940841414257,82.23533800173273,81.3903096657339
52300,0.16142542361897375,0.182516608165768,0.1454095504782523,31.65698305645371,11.9252357325759,2.5595184417673003,2.55712865379308,88.14399508055597,94.2416743158371,86.6083563126757,87.31789331965751,85.67406422938183,84.65911213540495,83.4188934618393,82.99452930713065,82.23489457721851,81.39043438420353
52400,0.16142564760677022,0.18251730335241081,0.1454084318011156,31.65676697930735,11.924891601388152,2.5595084780728317,2.557118440880275,88.1437944505091,94.24275741230156,86.60847597098086,87.31801576923117,85.6741945552841,84.65939542904734,83.41871384127292,82.99497423360816,82.23445225698963,81.39055603355605
52500,0.16142586909702206,0.1825180030854692,0.14540731634734666,31.656551843977265,11.924548094269202,2.5594985524939857,2.5571082740460476,88.14359525564045,94.2438401700471,86.60859525149024,87.31814346220835,85.67432211296631,84.6596795759548,83.41853877751319,82.99541946117621,82.23400846880966,81.39067922596455
52600,0.161426092232777,0.1825187051157635,0.14540620904663432,31.656337450411673,11.924205330046199,2.5594886299100468,2.5570981532434427,88.14339666002704,94.24492109980604,86.60871504958772,87.31827266860665,85.6744487063037,84.6599651396375,83.4183656052059,82.99586488402753,82.23356627837737,81.39080297316036
52700,0.16142631774065302,0.18251940933068295,0.14540510651246547,31.65612302570127,11.92386360295603,2.559478763675644,2.557088005752622,88.14319994432954,94.24599585544195,86.60883793477014,87.3183959777893,85.67457924773687,84.660247125122,83.41819259127962,82.99631016332982,82.2331275509216,81.39092344852189
52800,0.16142654690931219,0.18252011771419335,0.1454040027327893,31.655908960624384,11.923522862032474,2.5594689139528084,2.557077909740048,88.14300491014538,94.24706457970848,86.60896411500438,87.31851725102693,85.6747094149018,84.66053147610062,83.4180164147734,82.99675319780226,82.23269181317558,81.3910454575134
52900,0.1614267770989219,0.18252082749596643,0.14540289539274434,31.655695941672406,11.923182989603395,2.559459041845481,2.5570678669639735,88.1428083781181,94.24812754902797,86.60908574006334,87.31864448341653,85.6748352538933,84.66081602075982,83.41783846431342,82.9971924732884,82.23225502196203,81.39116683774972
53000,0.1614270061889443,0.18252153100512575,0.14540178871852424,31.6554841285351,11.922844047482183,2.5594491769789967,2.557057874859895,88.14260892827373,94.24918531773051,86.6092027131403,87.31877034108136,85.67495674961407,84.66110567075674,83.41766307993143,82.99762757492874,82.23181792862187,81.39129138167623
53100,0.16142723264155545,0.1825222295716916,0.14540068584109211,31.6552720015981,11.922505883968132,2.5594393307097203,2.55704792790649,88.14240905147608,94.25024041644922,86.60931856518111,87.31889594868038,85.67508117359006,84.66139439688322,83.417493810954,82.99806694357831,82.23138246914921,81.39141382845284
53200,0.16142746390868154,0.1825229227398075,0.1453995881223205,31.655059740621734,11.922168437879517,2.5594295016200697,2.557037981803547,88.14221061259583,94.25129239539896,86.60944267913224,87.31902347443884,85.6752043283895,84.66168086257623,83.41732619440326,82.99850399010535,82.23095343883605,81.39153470293999
53300,0.1614276993475719,0.1825236146958626,0.1453984900012518,31.654847345971596,11.92183190562504,2.5594196989026203,2.5570280268697068,88.1420122938028,94.25233892851867,86.60956887798166,87.31915134143452,85.67532728218697,84.66196057450013,83.41716126075237,82.99893470136217,82.23053047437688,81.39165880292771
53400,0.16142793779049414,0.18252430641087247,0.1453973933644204,31.654635811456995,11.921496202766516,2.5594099053133337,2.557018081190074,88.14181165936739,94.25338257561798,86.60969094103001,87.3192818427794,85.67545033563478,84.66223743408477,83.41699928086723,82.99935670735434,82.23010420186691,81.39178259076282
53500,0.16142817861953063,0.18252499856932536,0.14539630017987065,31.654424875067907,11.921161399706495,2.5594001659154193,2.557008150499999,88.14161369003136,94.25442156784233,86.60981201958367,87.31941190957167,85.67557328239553,84.66251129589656,83.41683792908762,82.99977780977743,82.22968005496271,81.39190478823099
53600,0.16142842219695325,0.1825256852342682,0.14539520883989895,31.654214280101744,11.920827350584752,2.559390437152807,2.556998275932018,88.14141837542654,94.25546105077164,86.60993344810653,87.31954242055252,85.67569564811494,84.66278596264031,83.41667627869708,83.00019760066755,82.22925853876853,81.39202418564987
53700,0.16142866081221877,0.18252636649777498,0.14539411597239404,31.654004688904443,11.92049400236591,2.5593807478081687,2.5569884267554825,88.14122711532609,94.25649864519991,86.61005239777658,87.31967367495824,85.67581884615493,84.66306664085099,83.416515268502,83.00061117263766,82.2288297184747,81.3921415306998
53800,0.16142889560118226,0.1825270421971978,0.14539302826356784,31.653795808331083,11.920161513272786,2.5593710699466454,2.5569785798943765,88.1410412405651,94.2575312557758,86.61017062609,87.31979854626972,85.67594530834734,84.6633469400924,83.41635373006845,83.00102075622488,82.22840108347816,81.39225883097555
53900,0.1614291305139679,0.18252771085331068,0.14539194402216798,31.653587911476958,11.919829805102177,2.5593613507323196,2.556968826077238,88.14085223433283,94.2585576601142,86.61028513356759,87.3199324997287,85.67607126580756,84.66363190375164,83.41619218271408,83.0014300798502,82.22796996388878,81.39237400973616
54000,0.16142936531538535,0.18252838006030545,0.14539086472249432,31.65338010002295,11.919498730555379,2.5593516277061417,2.556959138232201,88.14066088429506,94.25958087973206,86.61039716557633,87.32007272912914,85.67619663706604,84.66392041437564,83.41603089115812,83.00183976537805,82.22754098774341,81.39248922579887
54100,0.1614295963617885,0.1825290461500337,0.1453897832476217,31.653172796544972,11.919168521964723,2.5593419243132822,2.556949516508651,88.14046700016948,94.26059847012615,86.61050548824807,87.32021807940255,85.67632057444182,84.66421189788483,83.41587396187194,83.00224801841492,82.22711482017593,81.39260446004184
54200,0.1614298277377268,0.18252971111914537,0.14538870570160187,31.652965476858586,11.918839063556364,2.5593322313256412,2.5569399110482913,88.14027140944057,94.26161088557126,86.61061253483108,87.32036750164855,85.67644199320252,84.66450151460491,83.41572126573118,83.00265332980601,82.22669431559682,81.39271817999699
54300,0.16143005830246943,0.1825303777177566,0.14538763406394845,31.65275824148319,11.918510326756467,2.559322548428766,2.5569302821318534,88.14007637518696,94.26261497033256,86.61071922014958,87.32051845738685,85.676568345019,84.66479476867478,83.41556818084572,83.00305708514,82.22627876166855,81.39283073328626
54400,0.16143028956004157,0.182531037403393,0.14538656385491408,31.652550330938514,11.918182337845346,2.5593128980316733,2.55692068219837,88.13988358369413,94.26361631368228,86.61082804837568,87.32066578209825,85.67669966509044,84.66508881973506,83.41541792282115,83.00346220094231,82.22586911965443,81.39294412597444
54500,0.1614305225856051,0.18253169080108544,0.1453854925955023,31.65234268904849,11.917855296822937,2.5593032774435542,2.5569110810536824,88.13969228761643,94.26460921631401,86.61093308754762,87.32081294453788,85.67683087535214,84.66537990102906,83.41526520595487,83.00386661028988,82.22546320136092,81.3930584686375
54600,0.16143075466928708,0.1825323448181897,0.14538442318473363,31.652135023743366,11.91752910396925,2.5592936854047648,2.5569014467236246,88.13950416559258,94.26559856274534,86.61103816133777,87.3209542064159,85.67696200491231,84.66566861122281,83.4151125024449,83.00427180266556,82.22505442437007,81.39317569519841
54700,0.16143098855297208,0.18253299400838005,0.14538335600285598,31.65192724797822,11.917203582759791,2.559284090912804,2.5568918510740417,88.13931696345037,94.26659002274768,86.61114052925863,87.32109222092828,85.67709531390577,84.66595860758514,83.41496269183894,83.00467488652346,82.22464613689965,81.3932935561502
54800,0.1614312259117306,0.1825336405512068,0.14538229387339904,31.65171903217506,11.916878960054031,2.5592745000278376,2.556882299473652,88.139132589904,94.26757650581146,86.61124494000127,87.32123453594,85.67723180855513,84.66624835093822,83.41481523670826,83.00507713834908,82.2242411324298,81.39340833393425
54900,0.16143146320637908,0.18253428105871045,0.14538123639489134,31.651510940769963,11.916555208444109,2.559264947691332,2.5568727384355134,88.13895027875557,94.26855687468249,86.61135221600676,87.32137542936788,85.67736873983844,84.66653725555892,83.41467064396163,83.00547874126453,82.22384211314969,81.39352138696499
55000,0.1614316921974675,0.18253492109917796,0.14538018307581074,31.651303677940795,11.91623223797413,2.5592554414088253,2.5568631698423943,88.13877226819795,94.26953534117781,86.61145840265476,87.32151405159506,85.67750649429848,84.66682873811025,83.41452293173768,83.00587398195727,82.2234465134288,81.39363656730839
55100,0.16143191998927167,0.18253556527767134,0.14537913134693253,31.651097135091753,11.91590998743745,2.559245939037997,2.5568535877284004,88.13859754562009,94.27050896479443,86.61156238548651,87.32164735237718,85.67764124857021,84.66711941240418,83.41436979231267,83.00626906959624,82.22304951086957,81.39375437185446
55200,0.16143214490556748,0.18253620952850252,0.1453780801446054,31.65089098860536,11.915588520744127,2.559236423299095,2.5568440063175757,88.1384232906475,94.27147650260491,86.61166525280694,87.32178122857304,85.67777335002106,84.66740860554033,83.41421044600813,83.00666171403599,82.22265119925366,81.39387104429348
55300,0.16143236451308157,0.18253685702034267,0.1453770238656281,31.650685367231493,11.915267782348478,2.5592269342931857,2.556834389013925,88.13825187770763,94.27243585090038,86.61176687011978,87.3219211787089,85.67790212541179,84.6676940982314,83.41405167207775,83.00705021332627,82.22225250586665,81.39398393277091
55400,0.16143258028465238,0.18253749564044403,0.14537597228804305,31.65047970183154,11.914947719346797,2.55921746925809,2.5568247809545976,88.13808117785247,94.27339117498087,86.61187060210239,87.32206471748914,85.67803352985798,84.6679768905027,83.41389414913112,83.00743675873186,82.22185485264235,81.39409447831966
55500,0.16143279674473862,0.1825381294749891,0.1453749244321165,31.65027453983813,11.914628288065353,2.5592079984551726,2.5568152607843624,88.1379076616415,94.27434420946568,86.61197450193171,87.32221104696293,85.67816154146485,84.66826024057163,83.41373507241988,83.00782453539063,82.22145793625094,81.39421344482186
55600,0.16143301271112845,0.1825387590217415,0.14537387917072392,31.65006979546354,11.914309655414145,2.559198570392958,2.556805776419082,88.1377353825826,94.27529738591208,86.61207683408827,87.32235511430596,85.67829150249442,84.66854168466624,83.4135799170851,83.00821081340752,82.22106027555738,81.39433307059822
55700,0.1614332311391344,0.18253939062142904,0.14537283907824927,31.64986525173522,11.913991807763297,2.5591891805762366,2.556796292691307,88.13756362062645,94.27624742815864,86.61217743553208,87.32249723564655,85.67842241002272,84.66881799978992,83.41342980643601,83.00860027461046,82.2206621881508,81.3944501774925
55800,0.1614334523760196,0.18254001709899653,0.1453718038552953,31.649661010981564,11.913674559421558,2.559179832804678,2.5567867683685526,88.13739715323979,94.27719512649178,86.61227823682762,87.32263444016988,85.6785519845892,84.66909507540659,83.4132837267693,83.00898796433533,82.22026523446387,81.3945651770625
55900,0.16143367149020987,0.18254064085817348,0.14537076950478037,31.64945696823533,11.913357985569744,2.55917051054026,2.556777274265926,88.13723376598438,94.27813932027382,86.61238069776233,87.32277165053831,85.67868207881547,84.66937401141739,83.41313824381245,83.0093738311359,82.21986967625448,81.39468015830194
56000,0.16143388654847374,0.18254126864849965,0.14536973462586425,31.649253346922695,11.91304208196134,2.5591612494557645,2.55676780081332,88.13706875808907,94.27908117922752,86.61248664402956,87.32290807612544,85.6788095393837,84.66965656674728,83.41299845755074,83.00975603661955,82.21947919076482,81.39479165473885
56100,0.16143409888846996,0.1825418881947822,0.1453686982634365,31.64904940963021,11.91272710951394,2.5591519892926162,2.556758340352333,88.13690304111097,94.28001638293871,86.612595231276,87.32304406621006,85.67893874000242,84.66993749763009,83.41285965624813,83.01013415859695,82.21908960737491,81.39490780015525
56200,0.16143430958070473,0.18254251386458775,0.14536766672673812,31.64884545347153,11.912412928136312,2.5591427519514847,2.5567489212523022,88.13674002856312,94.28094829783224,86.61270711609644,87.32317783906427,85.67906946587053,84.67021803732516,83.41272013645381,83.01051202077664,82.21870006459582,81.39502980376587
56300,0.16143452303399453,0.1825431382912145,0.14536663604786015,31.64864185989152,11.912099531503987,2.559133539598627,2.556739554523315,88.13658384930226,94.28188009296107,86.6128204707452,87.32330918339105,85.67919550046314,84.67049423444858,83.41257867445972,83.01089340562827,82.21831477379344,81.39514993130769
56400,0.16143473727091645,0.18254375405605439,0.14536560709101398,31.648439654065395,11.911786911531479,2.5591243626310485,2.5567302329036874,88.13643001991043,94.28280722220215,86.61293033029509,87.32344139255112,85.67931686793574,84.67077339428859,83.41243761640473,83.01127629106614,82.21793166277685,81.39527136968582
56500,0.16143494730910057,0.1825443678778127,0.14536457921863616,31.648238181517417,11.911475098904189,2.5591152016805934,2.556720921257012,88.13627721418253,94.28372812301133,86.61303888408985,87.32357444857915,85.67943456225632,84.6710543731363,83.41230024233653,83.01165505251662,82.21754857605697,81.39539490987443
56600,0.16143516102763728,0.18254498048257123,0.1453635558800458,31.64803739216326,11.911163949772968,2.559106062329332,2.556711611927299,88.13612305281433,94.28464711438576,86.61314329012178,87.32371010573158,85.67954991519649,84.67133345755896,83.41216319476267,83.01203161654415,82.21716618106318,81.39551865186003
56700,0.16143537507384026,0.18254559205022833,0.14536253362914087,31.64783729473311,11.910853558275278,2.5590969090785114,2.5567023769729063,88.1359695433768,94.28556491146851,86.61324349641511,87.32384766216425,85.67966812052917,84.67161326425315,83.41202581123264,83.01241544483972,82.21678556689959,81.39564616475906
56800,0.16143558699538674,0.18254619919345452,0.14536151447413379,31.647637465216356,11.910543944787191,2.559087750548581,2.5566931473743635,88.1358182358681,94.28648052144253,86.61334196089163,87.32398320663695,85.67978872169651,84.67189385579337,83.41188570033324,83.01280053442022,82.21640411526357,81.39577246823929
56900,0.1614357990985564,0.18254680762401518,0.1453604954402462,31.64743811695858,11.910235079913708,2.5590785813147328,2.5566839453493397,88.1356658558152,94.28739226436599,86.61344026089314,87.32411588126655,85.67990694302026,84.6721762647402,83.41174847249,83.01318905500356,82.21602211481921,81.39589791145987
57000,0.16143600930538282,0.18254741137780128,0.1453594830726663,31.64723863707216,11.909926888996452,2.5590694002675938,2.5566748170950877,88.13551221225877,94.28830118724832,86.61354405223211,87.32425182424619,85.68002728042504,84.67245975810074,83.41161006901955,83.01358176245097,82.21564097355483,81.39602528002085
57100,0.16143621716552295,0.18254801379007757,0.14535847124391316,31.647039377566728,11.909619587602567,2.5590602379532186,2.556665684715552,88.1353586110448,94.28920334031201,86.61364892148039,87.3243877760405,85.68014856515035,84.67273947609642,83.41147640439057,83.01397046623347,82.21525886239682,81.39615115736133
57200,0.16143641939699574,0.1825486159886428,0.14535746542066197,31.64684077765378,11.909312976606303,2.5590511155757882,2.5566565083522317,88.13520216479853,94.29010269576939,86.61375310794217,87.32452280890267,85.68027136021458,84.67301879700295,83.41134196286657,83.01435055966238,82.2148794580608,81.39627394745837
57300,0.16143661872530043,0.18254921840499777,0.14535646049518394,31.646641693111075,11.909007004521177,2.559042028316355,2.556647304725224,88.1350454093863,94.29100047109412,86.61385809065118,87.32465826234417,85.68039735729626,84.67329613343526,83.41120987086825,83.01472309437119,82.2145048831918,81.39639274472174
57400,0.1614368185883364,0.18254982046477472,0.14535545543197043,31.64644306289016,11.908701644153599,2.5590329812748016,2.556638116213688,88.13488894720783,94.2918995409874,86.6139636244166,87.32479365608467,85.6805218164833,84.6735719092253,83.41107779698805,83.01509182402661,82.21413517110419,81.39651106249872
57500,0.16143701608378205,0.1825504204210342,0.14535445152916385,31.64624535590903,11.908396988951003,2.5590239377642803,2.556628993090559,88.13473457886397,94.29279854298872,86.61406423108757,87.32492821285202,85.68064511294705,84.67384910962001,83.41094129754796,83.01546123618334,82.21376569241609,81.39662941945633
57600,0.16143720905724382,0.18255102194401357,0.14535344945288725,31.646047616491654,11.908092921371512,2.5590149230333905,2.556619871405547,88.13458194408393,94.2936952632271,86.61416375979492,87.3250613516216,85.68076883155905,84.67412679756042,83.41080341101234,83.01583083763325,82.21339788399399,81.39674713075131
57700,0.16143740611530416,0.18255162592273638,0.14535245246677395,31.645850663093782,11.907789555404905,2.5590059480760474,2.5566107371996787,88.13443036588032,94.29458849607018,86.61426476478704,87.32519509320771,85.68089051912574,84.67440481491943,83.41066805374436,83.01619882372057,82.21302922549023,81.3968625465643
57800,0.16143760262271684,0.18255222517401068,0.14535145486603562,31.64565426440051,11.907486926347914,2.558997045074037,2.556601603254626,88.13428280126489,94.29547671025928,86.61436971126263,87.32532682085575,85.68100889049431,84.6746809772111,83.41053782888926,83.01656184715651,82.21266213737131,81.39697502933981
57900,0.16143779952444448,0.18255282270420622,0.1453504541462708,31.64545931565125,11.907185166620845,2.558988168900825,2.556592509228099,88.13413603967244,94.29635800556032,86.61446913365678,87.32545567772713,85.68112504324984,84.67495816108607,83.41040338994165,83.01692262414478,82.21229642751764,81.3970859584782
58000,0.1614379980038118,0.18255341782270376,0.14534945569455285,31.645264976017025,11.906884080714681,2.558979344547758,2.5565834331950406,88.13398974075781,94.2972362746211,86.61456612306904,87.32558503362246,85.68124072247046,84.675233138505,83.41026985602471,83.01728202796329,82.2119370437147,81.39720118542904
58100,0.1614381942685707,0.1825540166369885,0.14534846021688083,31.64507154041008,11.906583774406892,2.558970562149873,2.556574330201819,88.13384181023008,94.29810934632393,86.61466263516624,87.32571260143378,85.68135580668854,84.6755065858068,83.41013395499294,83.0176370058024,82.21157956403421,81.39731657165176
58200,0.16143839313989466,0.18255461494339925,0.145347466514792,31.644878312201556,11.906284392168116,2.558961795857349,2.5565652115257635,88.13369353946993,94.2989780428766,86.61475839126615,87.32583810295527,85.68147315448078,84.67577687138012,83.40999805572054,83.01798455325711,82.21122105065784,81.39743097624272
58300,0.1614385945588829,0.18255520961399702,0.14534647487747754,31.64468582176233,11.90598593597593,2.5589530158242884,2.5565561092868294,88.13354443216807,94.2998374126029,86.61485230263594,87.32596164282653,85.68158964280103,84.67605156214185,83.40986026200504,83.01833122683867,82.210866310577,81.39754628765007
58400,0.16143879396075272,0.18255579954511694,0.14534548325292532,31.644494133598158,11.905688508702474,2.558944223463738,2.5565470772580863,88.1333965615738,94.30069069420219,86.61494315906805,87.32608155735738,85.68170552266807,84.67632964874612,83.4097184309241,83.01868085192811,82.21051158503289,81.39766320074419
58500,0.16143898980310706,0.1825563860716705,0.14534449489490572,31.644303088795304,11.905391592249584,2.558935441625342,2.556538043620193,88.13324773897678,94.30154096710928,86.61503171687917,87.3262016357088,85.68182079855305,84.67660817677844,83.40957626196706,83.01903126115154,82.21015805281918,81.39777831779216
58600,0.1614391885242846,0.18255697105651156,0.14534351090948264,31.644112486480875,11.905095269450436,2.5589266842801406,2.556528987919975,88.13310045039971,94.3023910645108,86.61512070176084,87.32632328891371,85.68193621592705,84.67688296060031,83.40943702675263,83.0193813161011,82.20980890486828,81.39789021132412
58700,0.16143938445955572,0.18255755836005,0.14534252201105125,31.643922108207082,11.90479947473786,2.5589179488947082,2.5565198965868725,88.13295567306034,94.30323550193815,86.61521262354202,87.32644612037379,85.68205368897327,84.67715780730919,83.40929776576158,83.01972890889658,82.20946164247599,81.39800156692765
58800,0.16143957468427875,0.18255814851179433,0.1453415338588001,31.643732179532996,11.904504392763823,2.5589092484430815,2.556510810141564,88.1328182703731,94.30407607929315,86.61530292654557,87.32656696116598,85.68217084975932,84.67743240244843,83.40915960546516,83.02007313769508,82.20911167084671,81.398112511125
58900,0.16143976368446825,0.18255873951313734,0.14534054920748257,31.643542071777325,11.904210181164478,2.558900560496019,2.5565017448988976,88.13268447868411,94.3049132082213,86.61539446262815,87.32668285663843,85.68228833295028,84.6777058237574,83.40901954037219,83.02041349694937,82.20876154447052,81.39822292936344
59000,0.16143994927402888,0.18255933526674284,0.1453395702466881,31.643352283420302,11.90391663177855,2.558891904202704,2.556492687892263,88.13255219173902,94.30574938034705,86.61548755998882,87.32679733945096,85.68240717500402,84.67797665839699,83.40887742703161,83.02075238459678,82.20841360361337,81.39833211226514
59100,0.16144013275039304,0.18255992720103978,0.1453385918880236,31.64316247591793,11.903623607780501,2.558883259868765,2.556483684338106,88.13241916766708,94.3065844459223,86.61558186758424,87.32691510449537,85.6825279057211,84.6782486737719,83.40873619341656,83.02109264854322,82.2080666209064,81.3984398444578
59200,0.16144031425674008,0.18256051715268823,0.14533761724487237,31.642972493425358,11.903331143809273,2.558874639587635,2.556474690668758,88.1322872814889,94.30741742389453,86.61567552970081,87.32703556463947,85.68265070206601,84.6785218453048,83.40859547186385,83.0214312772469,82.2077245324072,81.3985463668725
59300,0.16144049749032438,0.18256110742640377,0.14533664890205358,31.642783083456862,11.903039280515122,2.5588660440957764,2.5564656781062367,88.1321561532969,94.30824467799071,86.61576940137127,87.32715482321623,85.68277528402979,84.67879680237367,83.40845411700496,83.02176862328807,82.20737914393722,81.39864915980759
59400,0.1614406858112603,0.18256169286832993,0.1453356796991917,31.64259485404716,11.902748238825383,2.558857453178608,2.556456696163297,88.13202121771695,94.30906579049928,86.61585885983769,87.32727335876442,85.68289963967025,84.67907214780767,83.40831149165989,83.02210507123674,82.20703052539517,81.39875294860852
59500,0.16144087407872956,0.18256227735222424,0.14533470538686225,31.64240745328358,11.90245792256356,2.5588488720440568,2.5564477386840605,88.1318862300494,94.3098835742122,86.61594398947081,87.32738926857661,85.68302113393172,84.67934642928947,83.40816891831084,83.02243987877907,82.20667805150146,81.39885814964502
59600,0.16144105866571118,0.18256286387796092,0.14533373024464818,31.642221030080425,11.902168410381115,2.558840307457863,2.556438817617369,88.13175321775711,94.31069742570038,86.61602513511494,87.3275004491498,85.6831403224942,84.67962064261059,83.40802404679218,83.02277368488367,82.20632636289125,81.39896524096059
59700,0.16144123851676329,0.18256344759121135,0.14533275736175788,31.642034656690235,11.901879462319224,2.558831745656254,2.556429919800015,88.13161951919382,94.31151097351054,86.61610649508953,87.32760958612376,85.68325925879668,84.67989479051687,83.40787938826684,83.02310860141597,82.20597649271414,81.39907326594796
59800,0.16144141616080349,0.182564027088322,0.14533178852856599,31.641848065815328,11.901591123909562,2.558823217167404,2.556421000253094,88.13148558632453,94.31231668644534,86.61619091442692,87.32771511107407,85.68337873869774,84.68017237199152,83.40773704201958,83.02344363597527,82.20562882166926,81.39918104942274
59900,0.16144159669630948,0.1825646034465266,0.14533082177301213,31.64166179435245,11.901303398627963,2.558814708356572,2.5564120966037325,88.13134947065404,94.31311882134091,86.61627201661474,87.32782040720794,85.68349764661632,84.68045070176647,83.40759662093063,83.0237765090732,82.20528285011954,81.39928796433244
60000,0.16144177943456486,0.18256517514605547,0.1453298565287165,31.64147574754467,11.901016311981612,2.558806224234785,2.5564032330605344,88.13121363311679,94.3139164542733,86.61635259198485,87.32792699006404,85.68361558512075,84.68072881050787,83.40746130486507,83.02411072345392,82.20493525528916,81.3993975981098
60100,0.16144196294890906,0.18256574666909034,0.1453288901812922,31.641290192047965,11.900729819164454,2.558797774529914,2.556394406037875,88.13107939125123,94.3147111862118,86.61643533237437,87.32804305858018,85.6837310449844,84.68100841749313,83.40732688225093,83.02444127871873,82.20459035655732,81.3995060718501
60200,0.16144214373952973,0.18256631821286573,0.1453279247408858,31.641105971658792,11.900444131261418,2.5587893695895465,2.5563855440449625,88.13094586305675,94.31550057902108,86.61651475789905,87.32816395125236,85.68384283703512,84.68128091552894,83.40719405762445,83.02476440916344,82.20424821286566,81.39961040789754
60300,0.16144232858149538,0.18256688517451206,0.14532695964029313,31.640922377165044,11.900159044058045,2.5587809979797553,2.5563766763126,88.13081176960333,94.31628392568065,86.61659381212631,87.32828695244812,85.6839571053825,84.68155290593228,83.40706138034899,83.0250877773143,82.2039054787666,81.39971286132914
60400,0.1614425120565527,0.18256745276204953,0.1453259985319066,31.64073919833481,11.899874437349666,2.558772632846934,2.5563678663875007,88.1306770735405,94.31706770078402,86.61667092453823,87.32841207070449,85.68407136934894,84.6818254232787,83.40693058354525,83.02541236478787,82.2035635675239,81.39981249322294
60500,0.16144269469851485,0.18256802021546803,0.14532503895664586,31.64055693204638,11.899590392546557,2.558764288104086,2.5563591076930448,88.13054045123214,94.317851622327,86.61674533670104,87.32853738183786,85.68418494144305,84.68209734048682,83.40679892548195,83.02573670384056,82.20322248818198,81.39991590536545
60600,0.1614428796018103,0.1825685831230624,0.14532408167595376,31.640374634722903,11.899306970998303,2.558755936558696,2.5563503970432873,88.13040459672385,94.31863809345992,86.61681790481302,87.32866235005778,85.68429887865813,84.68236579972294,83.40667034569738,83.02605896844948,82.20288230946746,81.40002060351581
60700,0.1614430614545129,0.1825691408080288,0.14532313024519605,31.640192452808975,11.89902415627657,2.558747587593537,2.556341653801528,88.13026826567696,94.319421077066,86.61688978434958,87.32878194771425,85.68440965380942,84.68263498147492,83.40654246002929,83.02637874335674,82.2025473641354,81.40012137032436
60800,0.1614432423621498,0.1825696912415935,0.14532218401544886,31.64001004962874,11.898741892394275,2.558739262707659,2.556332877349133,88.13013301612105,94.32020120149015,86.61696443296128,87.32889768251533,85.68451914670032,84.68290402082904,83.4064139933186,83.0266940098688,82.20221841965548,81.4002205884074
60900,0.16144341950823093,0.18257023812653891,0.14532123833779265,31.639827653062483,11.898460240912897,2.558730957976964,2.556324138980903,88.13000047701543,94.32098271295335,86.61704012182842,87.32901056517359,85.68463020252736,84.6831686800995,83.4062830177429,83.02701104065791,82.20188975320934,81.40032002486316
61000,0.16144359535085379,0.18257077943628547,0.14532029644967207,31.639645586803045,11.898179344126133,2.558722679778733,2.556315426263927,88.1298703239999,94.32176072367282,86.61711836434081,87.32912523190916,85.6847429541428,84.68343293263909,83.40614963240328,83.02732393499161,82.20156754477068,81.40042031876558
61100,0.1614437718838762,0.18257131533988818,0.14531935789241845,31.63946410997375,11.89789921414925,2.558714473534152,2.5563067341209487,88.12974495121458,94.32253255774305,86.61720218649546,87.32924254686627,85.68485513972576,84.68369561898582,83.40601834790161,83.02763432875074,82.20124652346401,81.40052093428321
61200,0.16144395037899498,0.18257184664313741,0.14531842223918506,31.63928329186801,11.897619753502473,2.5587062916392043,2.5562980584770023,88.12961541448557,94.32330113575284,86.61728391680116,87.3293623894471,85.68496880102408,84.68395542163057,83.40589309179255,83.02794408525617,82.20092396553999,81.40062039667282
61300,0.16144413131829805,0.18257237679399288,0.14531748856320262,31.639102467477073,11.897340898621666,2.558698120459555,2.556289386322757,88.12948619751467,94.32406651188816,86.61736354150933,87.32948438440658,85.68508556294103,84.68421279341212,83.40577048103293,83.02825402039156,82.20060256226118,81.40071658128608
61400,0.1614443127099752,0.1825728992994238,0.14531655497823676,31.63892193022327,11.897062716861274,2.558689929449993,2.5562807432600896,88.12935935758519,94.32482662895201,86.61744031333451,87.32960399563748,85.68520282785718,84.6844711368374,83.40564793464986,83.02856675603381,82.20027833995402,81.40081320954008
61500,0.16144449580970138,0.18257342079663638,0.14531562224336858,31.638741691537493,11.896785086862726,2.5586817545272833,2.556272107430514,88.12923332470868,94.32558200580407,86.61751701908716,87.32972084666417,85.68531820474217,84.68472997855653,83.405527073017,83.02888072807434,82.19995623138931,81.40091243937314
61600,0.16144468143238447,0.18257393721822104,0.14531468896783842,31.638561493387176,11.896508076166027,2.5586736126666008,2.55626345636095,88.12910842952384,94.32633507391729,86.61759289449905,87.32983339562315,85.68543440712993,84.684989446908,83.4054088219078,83.02919371035152,82.19963544653756,81.4010087717512
61700,0.1614448676184803,0.18257445418730978,0.1453137575642519,31.63838129010612,11.89623163152336,2.558665502299243,2.556254811449793,88.12898572930098,94.32708992750756,86.61766581139439,87.32994634570957,85.68554921678111,84.68524411266719,83.40529097605481,83.02950286451284,82.19932077269351,81.40110455640826
61800,0.16144505032768433,0.1825749705850796,0.14531282693951675,31.63820055893951,11.895955832602146,2.558657402262577,2.556246152845104,88.12886515561505,94.32784261110562,86.61774151764251,87.3300597940201,85.68566362568366,84.68549431759676,83.40517410652265,83.02981020780663,82.1990065252465,81.4011990899001
61900,0.16144522859033641,0.1825754870325183,0.14531189977800107,31.6380194885902,11.895680536029653,2.5586492923709114,2.556237508824087,88.12874918109479,94.32859465966268,86.61781750872281,87.33017380251337,85.68577754646225,84.68574210928885,83.4050570763905,83.03011763762481,82.198690848146,81.40129221147578
62000,0.16144540450351214,0.18257600356356682,0.14531097600399234,31.637838531948397,11.895405704765407,2.558641190059311,2.556228899826474,88.12863317171104,94.32934623158579,86.61789474733186,87.33029250314095,85.68589410293916,84.68599467741457,83.40494231319326,83.03042457000716,82.1983729934731,81.40138436010052
62100,0.16144557933549702,0.1825765203589087,0.14531005192957305,31.637657489392943,11.895131327125368,2.5586331088154113,2.556220347660818,88.12851805279765,94.33009603349875,86.61797150666577,87.33041216409035,85.6860149443072,84.68624832555479,83.40483091020737,83.03073486558327,82.1980562207387,81.40148005079594
62200,0.1614457478448166,0.18257704004405959,0.14530912511791497,31.63747715325731,11.894857471521334,2.55862500856199,2.5562118556180855,88.12840270304741,94.33084831655793,86.61804541814197,87.33053203045876,85.68613413094805,84.68649833094547,83.40471863797802,83.03104714447784,82.19773903044381,81.40157759723292
62300,0.16144591569540814,0.18257756442454737,0.1453082016101737,31.637297135095345,11.894584333916027,2.558616968311395,2.5562033839505665,88.12829100243829,94.33159533894673,86.61811721186675,87.33065046361236,85.68625359898142,84.68674839575775,83.40460835260893,83.0313608519348,82.19742506961457,81.40167882350981
62400,0.16144608391512746,0.18257809069267025,0.14530728039061075,31.637117668478314,11.894311732601372,2.558608942693844,2.556194949200268,88.1281774684914,94.33234003534467,86.61818849843561,87.33076914461293,85.68637064395782,84.68699827580599,83.4044991704258,83.03167535653976,82.19711287087101,81.40178094572495
62500,0.1614462525212727,0.18257861918613622,0.14530635889009313,31.636938668330064,11.894039690410063,2.558600924233962,2.556186558891522,88.12806430922194,94.33308243927104,86.61825762567611,87.33088976704407,85.68648510728049,84.68725023872356,83.40439094572058,83.03199216575129,82.19679925170038,81.40188099671563
62600,0.16144641831558612,0.18257914695098232,0.14530544073594617,31.636760018242516,11.893768211527087,2.558592926498051,2.5561781903977967,88.12795737620074,94.33382269485969,86.61832874024036,87.33101017519962,85.68659545136104,84.6875006227473,83.40428134006137,83.03230690255263,82.1964845379688,81.40198155987676
62700,0.16144658044462967,0.18257966812812465,0.1453045277564686,31.636581721098924,11.893497365594856,2.5585849392449007,2.5561698613175734,88.12785209262385,94.33456173238187,86.618397315213,87.3311323769514,85.68670828624924,84.68775202391592,83.4041733022502,83.03262157535436,82.19616859923772,81.40208339849983
62800,0.16144674283439714,0.1825801843503034,0.1453036148585651,31.636403955460082,11.893227076450271,2.558576953765307,2.5561615540494307,88.12774531407776,94.33529679479977,86.61846613437854,87.33125732356746,85.68681815514945,84.68800609821264,83.40406666482288,83.03293215917797,82.19585247198295,81.40218956168243
62900,0.1614469040273893,0.18258069699039295,0.14530270161068348,31.63622688878115,11.8929574868142,2.5585689923355694,2.5561532475853834,88.12763641876634,94.33602822191956,86.61853287205733,87.33138342229407,85.68692639939896,84.6882591232662,83.40395874965078,83.03324147181347,82.19553640948304,81.40229422180253
63000,0.16144706259838865,0.18258120704075476,0.14530179033647522,31.63605005299896,11.892688442348271,2.558561029508973,2.5561449856506813,88.12752678260544,94.33675973370164,86.6185972139955,87.33151030700513,85.6870316438063,84.68850994883428,83.4038530879986,83.03355170735529,82.19521900363695,81.40239878806409
63100,0.1614472201103086,0.1825817183860161,0.1453008818536007,31.635873638949754,11.892420027471688,2.5585530609650244,2.5561367834266218,88.1274148588683,94.33748862790232,86.61866318630281,87.33163420404796,85.68713616401857,84.68876062341434,83.40374879747237,83.03386562669208,82.19489945420113,81.40250442476099
63200,0.161447375729379,0.1825822298632978,0.14529997214593865,31.635697721655497,11.89215224276071,2.558545116039945,2.556128569272586,88.12730437732884,94.338212273145,86.61872808742505,87.33175896618711,85.68723997675107,84.68901151832758,83.40364535687807,83.03417797408397,82.19457934800741,81.40260979962197
63300,0.16144753318789748,0.1825827406849159,0.1452990654964576,31.63552228959131,11.891885111322813,2.558537174698482,2.5561203578592497,88.12719327871423,94.33893326056679,86.61878986263643,87.33188671802982,85.68734290907733,84.68926326167652,83.40354218050487,83.03448394374409,82.19426139248186,81.40270813859063
63400,0.16144769296142295,0.18258325231965472,0.1452981634910237,31.6353472421723,11.891618452736113,2.5585292308058656,2.556112161568006,88.12708407824057,94.3396537773706,86.61884997762792,87.33201449362286,85.6874452943783,84.68951461943803,83.40343643031244,83.03479039115825,82.19394190325028,81.4028039247146
63500,0.1614478525003513,0.18258376267912724,0.14529725964797965,31.63517244715192,11.891352304832425,2.5585212874967707,2.5561039790581574,88.12697593330867,94.34037433877121,86.61890707072946,87.33213878112869,85.68754991817367,84.6897669337416,83.40333020650611,83.03509663836651,82.19362126912286,81.40290152007242
63600,0.16144801431401073,0.18258427246153744,0.14529636028057158,31.63499837467123,11.891086883802023,2.5585133476876303,2.556095809681311,88.12686321507339,94.34109204496029,86.61896167205863,87.3322581266543,85.68765398134445,84.69001579134584,83.4032231282232,83.03539881981767,82.19330027167977,81.40300126336886
63700,0.16144817005085954,0.18258478196477324,0.14529546398918,31.63482395613729,11.890821883193306,2.5585054080437497,2.556087668919816,88.12675083028407,94.34180999915768,86.61901562031342,87.33237413274615,85.68775751300409,84.69026201587056,83.40311586147628,83.03569870595084,82.19297968781724,81.40310648683047
63800,0.16144832314370297,0.18258529506484836,0.14529457145097416,31.63465026001297,11.890557520750313,2.5584975029434,2.556079581176691,88.1266380648492,94.34252488345807,86.61906964158125,87.33249150020183,85.68786119839264,84.69050827689856,83.40300849162422,83.03600089962251,82.19266044838436,81.40321443539416
63900,0.16144847959522832,0.18258581041935526,0.14529367960189796,31.634476754995056,11.890293890053723,2.5584895913766768,2.5560714972726517,88.12652325149716,94.34323401967713,86.61912607986396,87.3326067602668,85.68796953412041,84.69074930321266,83.40289937915766,83.03630171586225,82.1923391452016,81.40332373889042
64000,0.16144863845963303,0.182586325759282,0.14529278825201414,31.634303377717426,11.890031036565922,2.558481664513166,2.5560634777351656,88.12641013999618,94.34393615856351,86.61918377113071,87.3327254286644,85.6880776819774,84.69099069133642,83.40278896402458,83.03660411167219,82.19201773678209,81.40343423562499
64100,0.161448797337825,0.18258684104777528,0.1452918977201472,31.634130537079585,11.88976868769407,2.558473742959801,2.556055526812296,88.12629670976071,94.3446388449253,86.61924139143039,87.3328466604218,85.6881862527161,84.69123405104847,83.40267991599924,83.0369060044951,82.19169593344152,81.40354790405314
64200,0.1614489539453022,0.18258735354319425,0.14529100598844732,31.633957782942314,11.889506865057534,2.558465828621664,2.5560476335390905,88.12618686816816,94.34534266307264,86.61929837098548,87.33296853312454,85.68829319739409,84.69147942624234,83.4025719129154,83.03720964503121,82.19137587701628,81.403661633577
64300,0.1614491091728919,0.18258786422259476,0.14529011651806092,31.633785836380145,11.88924568020573,2.5584579307902247,2.55603976716623,88.12607676142292,94.34604177911908,86.61934990170843,87.3330924299377,85.68839894317678,84.6917261500678,83.40246198293694,83.0375129405712,82.19105953762654,81.40377467201495
64400,0.16144926417330457,0.18258836583781532,0.14528922542503814,31.633614164511236,11.888985062556745,2.558450039303727,2.5560319167804226,88.12596506945746,94.34673654920346,86.6194005986354,87.33321784840687,85.6885031352114,84.69197134625392,83.40235266758421,83.03781291784945,82.19074470312984,81.40388830039878
64500,0.16144942163923762,0.18258886897861315,0.14528833561223295,31.633442558872,11.888724959773066,2.5584421656177776,2.556024067662769,88.12585484037528,94.34742900578837,86.6194492667311,87.3333428594064,85.6886068355311,84.6922156745038,83.40224593468241,83.03811225706109,82.19043353818077,81.40400051581234
64600,0.1614495836158783,0.18258936755974714,0.14528744884498998,31.633271185721238,11.888465200387328,2.558434273711824,2.5560163077359634,88.12574235917805,94.34812362903335,86.61949779622917,87.33347095011231,85.68871260448226,84.69246297062811,83.40213894226727,83.03841253580813,82.19012565959915,81.4041146636092
64700,0.161449745203573,0.18258986419270684,0.14528656337329698,31.633099898433986,11.888205998620744,2.558426390407034,2.5560085498596665,88.12563066269209,94.34881623222067,86.61954636746296,87.33360148005328,85.68881651080888,84.69270782024553,83.40203143700549,83.03871019305048,82.18981911973572,81.40422879082227
64800,0.1614499059062845,0.1825903634827635,0.1452856758306559,31.632928282970735,11.887947286430022,2.5584185118235303,2.5560007925567,88.12551714304672,94.34950429387735,86.61959821655742,87.33373296590753,85.68892148234629,84.69295347699922,83.40192412044972,83.0390068175652,82.18951154662541,81.40434241806994
64900,0.16145006440187468,0.1825908613368745,0.1452847898057792,31.632757031952938,11.887689108987038,2.5584106324506735,2.555992989333791,88.12540356643781,94.35018647178819,86.61964955581969,87.33386302535236,85.68902447412692,84.69319557360289,83.40181543875667,83.03930187470957,82.18920209256771,81.40445772241516
65000,0.16145021941486384,0.18259135735771206,0.14528390646440614,31.63258605890549,11.887431413425574,2.558402768562594,2.555985154257765,88.12528666139411,94.35086533135598,86.61969715731433,87.33399366941076,85.68913001682165,84.69343924614988,83.40170822628338,83.0395925932946,82.188893212116,81.40457155449734
65100,0.16145037201061485,0.18259185811540404,0.14528302644644406,31.63241558117442,11.887174150932484,2.5583949147042673,2.555977390750105,88.12516729416146,94.35154615036764,86.61974312575455,87.33412112513133,85.68923410686065,84.69369048548643,83.40160383109577,83.039885890496,82.18858908128901,81.40468665389473
65200,0.16145052413026803,0.18259235834507115,0.14528214986974836,31.632245790539002,11.886917323043406,2.5583870729982388,2.555969652915757,88.12504911461554,94.35222700496922,86.61979065868623,87.33424851560125,85.68933510561418,84.69394195361201,83.40150110641252,83.04018152481896,82.18828632732455,81.40480303719416
65300,0.16145067561590076,0.18259285530556268,0.14528127543775832,31.632076586450747,11.886660884233759,2.5583792331790227,2.555961899486911,88.1249309525027,94.35290745034604,86.61983401653457,87.33437501447246,85.6894343095313,84.69419062442277,83.40139471513301,83.04047599758378,82.18798905671187,81.40492030680973
65400,0.16145082979406358,0.18259334516072373,0.14528039929947453,31.63190760425221,11.886405066758423,2.5583714311973127,2.555954141361767,88.12481581867631,94.35358510994224,86.61987776887953,87.3344996178609,85.68953435074611,84.69443409250364,83.40129026787244,83.04076849736344,82.18769531524757,81.4050387540142
65500,0.16145098159428983,0.1825938318395956,0.14527952385978904,31.63173943326358,11.886149980442394,2.5583636616338743,2.5559463653484946,88.12470310642561,94.35425703294379,86.61991992379248,87.33462354588221,85.68963418350906,84.69467476730664,83.40118699447518,83.04105713656286,82.18739998445366,81.40515948376543
65600,0.16145113160251992,0.18259431722133462,0.14527865143922156,31.63157163826273,11.88589563119634,2.558355925603539,2.555938563366752,88.12459203473726,94.35492411457537,86.61996205836955,87.33474109617981,85.68973362521245,84.69491257574502,83.40108404011626,83.04134204339867,82.18710320757326,81.4052814529565
65700,0.16145127795840955,0.18259480186796678,0.1452777807830809,31.63140375936028,11.885641825516897,2.558348205554861,2.555930776168884,88.12448268801457,94.355590838236,86.62000673971131,87.33485641417768,85.68983342724249,84.69515082517795,83.40098261489509,83.04162467267318,82.18681010026982,81.40540292529599
65800,0.1614514247688122,0.18259527934663766,0.14527691112215022,31.63123649761064,11.885388549987773,2.5583404860516326,2.5559230225940794,88.12437470744943,94.35625776295569,86.62004972780632,87.33497055017743,85.68992768506038,84.6953876728534,83.40088088166952,83.04190825240737,82.18652178060093,81.40552436145549
65900,0.16145157185356832,0.1825957541785254,0.14527604776085387,31.631069794776014,11.88513575998196,2.5583327804396823,2.555915282003643,88.12426477096172,94.35692611730285,86.62009476965645,87.33508285463763,85.69001862563074,84.69562091349927,83.40077922916227,83.04218912137142,82.1862361736153,81.40564849639125
66000,0.16145171702704056,0.1825962241257974,0.1452751897697717,31.630902953668006,11.884883443966364,2.5583250836987728,2.555907573881012,88.12415335591362,94.35759406599378,86.62014193183623,87.3351971610207,85.69010817205101,84.6958534506869,83.40067748968374,83.04246944918866,82.1859523497057,81.4057743891258
66100,0.16145186052445218,0.18259669685911073,0.14527433218360755,31.6307358609859,11.884631623277397,2.558317415163605,2.5558998828921133,88.12404388830522,94.35826058223634,86.62018906205752,87.3353112807474,85.69019722977208,84.69608434084189,83.40057881633933,83.04275024590198,82.18566796604723,81.40589892464553
66200,0.16145199990708745,0.18259716951273453,0.14527347762027926,31.630569367514166,11.884380377829721,2.55830975395227,2.555892192459546,88.12393522628052,94.35892517482026,86.62023510116445,87.33542520834311,85.6902878462705,84.69631154104387,83.40047740928377,83.04303039309042,82.18538391651916,81.40602274657024
66300,0.1614521394021946,0.18259763773042653,0.14527262118125417,31.630403385277205,11.884129742178045,2.558302090938599,2.555884548919405,88.12382710871938,94.3595886203614,86.62028023720693,87.33553883468568,85.69037700393402,84.69653611642052,83.40037492766946,83.0433123351051,82.1851000701366,81.40614773635573
66400,0.1614522793722678,0.18259810491268558,0.14527176401022132,31.63023791880643,11.88387978670924,2.5582944145746254,2.5558769488440114,88.12371824072056,94.3602491635344,86.62032608214211,87.33565363771729,85.69046498698992,84.69676127150474,83.40027215251209,83.04359358803845,82.18481487257138,81.40626806330792
66500,0.16145241773083935,0.1825985739642556,0.14527090574082926,31.630072913997694,11.883630302978608,2.5582867565671337,2.5558693504369674,88.12360805977674,94.36090846016229,86.6203709426053,87.33576604984997,85.69055543990368,84.69698949349558,83.40017145434827,83.04387078805236,82.18453181257718,81.40638738536022
66600,0.16145255547190693,0.18259904587009215,0.14527004921282974,31.629907830717112,11.88338131444871,2.5582791190671013,2.5558617614393264,88.12349578996528,94.36156425792566,86.62041989275573,87.33587592249943,85.69064638499543,84.69721799027755,83.40006999778531,83.04414956267517,82.18424962509775,81.40650146467935
66700,0.1614526897565202,0.1825995169047002,0.14526919219477316,31.629742704295605,11.883132871302415,2.5582714988498916,2.55585417741412,88.12338425349469,94.36221792175964,86.62046885831033,87.33598752109805,85.69073772921494,84.69744642258532,83.39997082115366,83.04442368550122,82.18397009709157,81.40661295149435
66800,0.1614528197004436,0.18259998315395473,0.14526833551559556,31.629578398743206,11.8828849658608,2.5582638807029987,2.5558466197276353,88.12327340573121,94.36286834555673,86.62051499626641,87.33610269322138,85.69082827811934,84.69767727848289,83.39986823790125,83.04469736796054,82.18368748717143,81.4067210990139
66900,0.16145294819386916,0.1826004465095102,0.14526748242585602,31.629414401315415,11.88263760861718,2.5582562907515007,2.5558390884713833,88.12316123362525,94.3635176050528,86.6205598006051,87.33621891240182,85.69092120362087,84.69790877725067,83.39976651441927,83.04496984014858,82.18340705181868,81.40682702489475
67000,0.16145307601895972,0.18260090964250353,0.1452666297187541,31.629250253443114,11.88239095475832,2.558248716772498,2.555831563876339,88.12304964904888,94.36416443531184,86.62060561306247,87.33633286005869,85.69101498294421,84.69813723189922,83.39966607382172,83.04524411447525,82.18312915011634,81.40692738476788
67100,0.16145320357125387,0.18260137231257428,0.14526577869051532,31.629086058373563,11.882144761202204,2.558241167988383,2.5558240191348496,88.12294238565622,94.36480716255845,86.62065162024345,87.33644844748132,85.69110759328376,84.6983618331151,83.39956654429233,83.04551476296379,82.18285189952634,81.40702780314555
67200,0.1614533337700605,0.1826018310783917,0.14526493286813508,31.62892223117312,11.881898955707456,2.558233660890044,2.555816466807083,88.12283894854099,94.36545030455783,86.62069909965292,87.3365651108976,85.69119964830762,84.69858442382275,83.39946766155707,83.04578558006244,82.18257527659024,81.40712711810333
67300,0.16145346281033449,0.1826022878131168,0.14526409082555763,31.62875816983044,11.881653516862306,2.558226188712474,2.555808924218153,88.12273839193769,94.36609365471496,86.62075105983091,87.33668237230077,85.69129431821959,84.69880830798296,83.39936795648624,83.04605547108521,82.18229711204272,81.40722762758186
67400,0.16145359384799327,0.18260274506510016,0.14526325059720882,31.6285948912489,11.88140868481932,2.558218733678383,2.555801409464421,88.12263865222387,94.36673519887547,86.62080436070538,87.33680089325233,85.69138528505324,84.69903196018102,83.39926681669121,83.04632286278594,82.18201712101855,81.40733000827532
67500,0.16145372361852503,0.18260319983502604,0.14526241404526305,31.62843225379168,11.881164326852616,2.5582113078321074,2.5557939257145765,88.12254215987461,94.36737591382716,86.62085754981574,87.33692096560019,85.6914741640039,84.69925541212532,83.3991639052875,83.0465889522169,82.18173866235524,81.4074336986639
67600,0.1614538540025786,0.18260364873507762,0.14526157935295034,31.62826993213032,11.88092049059637,2.5582038808757606,2.5557864579626735,88.1224467087498,94.36801253841787,86.62091044412705,87.33704020412877,85.69156023642203,84.69947989978401,83.39906122224349,83.04685533572194,82.18145750437104,81.40753866465982
67700,0.161453982470471,0.1826040902423014,0.14526074678395326,31.628107912971675,11.880677132644713,2.5581964388770104,2.5557790154696804,88.12234927016445,94.3686470050665,86.62096238203867,87.33716081838517,85.69164742190027,84.6997041119278,83.39895401858482,83.04712194023531,82.18117350938384,81.40764283314319
67800,0.16145411133774001,0.18260452707842642,0.14525991291439475,31.62794611373276,11.880434213535521,2.5581890279594197,2.555771571538191,88.12225193194932,94.36927814915394,86.62101591385212,87.33727993061166,85.69173457566004,84.6999286723131,83.39884659779482,83.04738809180813,82.18089317081926,81.40774630703311
67900,0.16145424430586156,0.18260496457708195,0.14525908053926626,31.627784732600983,11.880191978173029,2.558181641630096,2.555764085028688,88.12215495647264,94.36990018037476,86.6210684406046,87.33739499910492,85.69182259772825,84.70015116461938,83.39873769095409,83.0476537501289,82.18061421903265,81.40784864242103
68000,0.16145438097895004,0.18260540537887832,0.14525824895557168,31.627624048331203,11.879950353453415,2.558174250897532,2.5557566080774987,88.12205789510396,94.37051822603557,86.62112192945025,87.33751271491666,85.6919080091177,84.70037283860418,83.39862695705759,83.04791745217372,82.18033521693515,81.40795150105544
68100,0.16145451789825438,0.18260585096348103,0.1452574205577605,31.62746341108806,11.879709254914342,2.5581668884638984,2.5557491295435772,88.12196296929051,94.37113234545176,86.62117627235612,87.33763219797177,85.69199535379289,84.70059614859386,83.3985185649384,83.04817707075136,82.18005962246465,81.40805462488451
68200,0.16145465617477942,0.18260629156296063,0.14525659141504113,31.62730320637183,11.87946863487986,2.558159557861987,2.555741662184252,88.12187036286295,94.37174600105968,86.62122793201078,87.33775302021748,85.69208238201472,84.70081759073024,83.3984119194621,83.04843529132461,82.17978815672136,81.4081571031833
68300,0.1614547917530757,0.1826067304189843,0.14525576012276115,31.627142902630766,11.879228592715815,2.5581522353867814,2.555734177115757,88.12177741672895,94.37235508273632,86.6212806364994,87.33787420910512,85.69217331503683,84.70103504013663,83.39830527459831,83.04869328203483,82.17951668444198,81.40825897198422
68400,0.16145492610467438,0.1826071716516613,0.14525492595332432,31.62698235112598,11.878988924412383,2.5581449175009463,2.5557267036239453,88.12168620527356,94.37296304296558,86.62133149818992,87.33799758554447,85.69226812524,84.70125385397404,83.39820082849108,83.0489442983903,82.1792479979374,81.40836084967239
68500,0.16145505777145558,0.18260761483113871,0.14525409033835576,31.62682227737691,11.878749657407543,2.558137604725903,2.5557192378222995,88.1215956628058,94.3735692828722,86.62138088793085,87.33812021807604,85.69236276969853,84.70147164450437,83.39809691521145,83.04919179071976,82.17898208946794,81.40846249887146
68600,0.16145518961369157,0.18260805939583008,0.14525325346452736,31.62666228574787,11.878510819746058,2.55813030701923,2.5557117736798385,88.121503691942,94.37417543339703,86.6214298862194,87.33823810146319,85.69245806382322,84.70169066629269,83.39799589043854,83.04943905576303,82.17871741480302,81.4085650918425
68700,0.16145532092969256,0.18260850760229524,0.1452524180087526,31.626502664604807,11.878272559660061,2.558123020376184,2.5557043064595217,88.12141661930015,94.37477853459107,86.62147949074973,87.33835398224178,85.69254954899594,84.70190582856388,83.39789572883156,83.04968700039272,82.1784529769742,81.40866616752494
68800,0.1614554518165877,0.1826089612454802,0.14525158497787044,31.626342830500448,11.878034938071341,2.558115748460928,2.555696812419096,88.121331734037,94.37537809449744,86.62153078979811,87.33846533584943,85.69264242207757,84.70211530827899,83.39779700118012,83.04993285867224,82.17818844349574,81.4087629891963
68900,0.16145558167774215,0.18260941817709356,0.14525075289299327,31.626182904605276,11.877797661178827,2.558108502508957,2.5556893320895258,88.12125153470309,94.37597818197636,86.62158229014122,87.33857716110725,85.692738011236,84.70232289764522,83.39769750807285,83.0501786664627,82.17792240645524,81.40885926382535
69000,0.16145571049106525,0.18260987624439987,0.1452499216428176,31.626023226022802,11.87756089420422,2.55810127729132,2.5556818687448972,88.12117080402942,94.37657308007789,86.62163110935737,87.3386884681276,85.69283433077976,84.7025305590982,83.3975990992256,83.05042456402904,82.1776590892494,81.40895654568632
69100,0.1614558405506983,0.18261033539583363,0.1452490926439171,31.62586383632424,11.877324683475631,2.5580940986425205,2.555674390787881,88.12108987910429,94.37716432660882,86.62168176352627,87.33879741932093,85.69292919605385,84.70273864174315,83.39750241326897,83.05066912632114,82.17740040931479,81.40905283042612
69200,0.16145597195080852,0.18261079356192111,0.14524826609441518,31.625705271423517,11.877089019296145,2.5580869052294894,2.555666916568558,88.12100636957031,94.37775364731236,86.62173286497938,87.33890243783902,85.69302065901195,84.70294773436484,83.39740359507616,83.05091162697532,82.17714089631106,81.40914872871696
69300,0.16145610788304463,0.18261124956536465,0.14524744141724868,31.62554669143446,11.876853908169963,2.5580797332691754,2.5556594603791707,88.1209235071044,94.37834055948838,86.62178498961057,87.33900660924715,85.69311102275292,84.70315526236566,83.3973051273609,83.05115113538962,82.17688385873316,81.40924149945931
69400,0.16145624302229755,0.18261170507559774,0.1452466170942646,31.62538810751802,11.876619136982947,2.5580725705126444,2.555652031141401,88.12084100795462,94.37892910383808,86.62183635341067,87.33911104027564,85.69320050393058,84.70336634295981,83.39720907155518,83.051387703611,82.17662760806896,81.40933514605688
69500,0.16145637450323302,0.18261216279773698,0.1452457896192211,31.6252295525288,11.87638484590747,2.5580654247674346,2.55564458223304,88.12075722307561,94.37951583777888,86.62188854682454,87.33921173484235,85.69329051368656,84.70357741466103,83.39711229363604,83.0516248471439,82.17637302676256,81.40942431379831
69600,0.1614565059840595,0.18261261997149641,0.14524496372614545,31.625071306962106,11.876150988852784,2.5580582909118803,2.5556371151680533,88.1206747742933,94.38009917270001,86.62194015291104,87.33931025691207,85.6933801087002,84.70379046623606,83.39701524149797,83.05186256306945,82.17611765046728,81.40951089409879
69700,0.1614566368972999,0.18261306964743396,0.1452441412898946,31.62491341445609,11.875917489037528,2.5580511778416954,2.5556296828070697,88.12059140868864,94.38068159297283,86.62199127659717,87.33941057756385,85.69347033542853,84.7040060930291,83.39692166277057,83.05209913411069,82.1758633513521,81.40959773764885
69800,0.16145676651951038,0.1826135185964302,0.14524332189398856,31.624756065566537,11.875684405415743,2.5580440676190235,2.555622294559693,88.12050486733611,94.38126067966087,86.62204122316506,87.33951381248605,85.69355865920119,84.70422353539395,83.3968308822785,83.05233598755309,82.17561062412459,81.40968819870794
69900,0.16145689978122876,0.1826139654343886,0.14524250647617554,31.62459919100245,11.875451788841303,2.5580369560852736,2.5556149295998423,88.12041659176083,94.38183708556436,86.62209019501958,87.33961644769106,85.69364506308808,84.70444025144921,83.39673611933416,83.05257304945842,82.17536010330036,81.40977960613725
70000,0.16145703220546323,0.1826144123749135,0.14524169575973025,31.6244431699145,11.87521974924348,2.5580298481707735,2.555607551950186,88.12032582568591,94.38241285357512,86.62213955457732,87.33971727921184,85.69373005585932,84.70465396965349,83.39664118923197,83.05280580468069,82.17510670995806,81.40986994376458
70100,0.1614571655300427,0.182614860705336,0.1452408842446016,31.624287692165325,11.874988226290988,2.5580227549590258,2.555600202322966,88.12023342610246,94.38298747653376,86.62218669178299,87.3398196456967,85.69381392785681,84.70486669297757,83.39654644640962,83.05303947829086,82.17485749201117,81.40996218025165
70200,0.16145729894730862,0.18261530797976502,0.1452400765197234,31.624132741636387,11.874757119085002,2.558015657142069,2.5555928856754795,88.120140719363,94.38355894782796,86.62223188174012,87.33992360702149,85.69389659103395,84.70508097511829,83.39645271544353,83.05327330401018,82.17460877755482,81.41005522071633
70300,0.16145742982888817,0.18261574962733612,0.14523927147901097,31.623977781339825,11.874526517865712,2.558008575010071,2.555585577211179,88.12005070837363,94.3841286875631,86.62227739867583,87.34002777746758,85.69397908495456,84.70529436492743,83.39635955675101,83.05350646778277,82.17436356271207,81.41014755578556
70400,0.16145755750985363,0.18261618643251384,0.1452384690968806,31.62382336098872,11.874296526025125,2.5580014989966933,2.5555782692758497,88.11995779252842,94.38469488604896,86.62231991503634,87.340129507928,85.69406005054181,84.70550748803029,83.39626940480376,83.05373943570552,82.17411675617849,81.41023920177385
70500,0.16145768719806738,0.18261662160378553,0.1452376705044331,31.623668974269403,11.874066841517758,2.5579944441837412,2.5555709709491885,88.1198658115958,94.38526100463126,86.6223606080145,87.34023144994664,85.69414364317254,84.70571756361042,83.39618314564999,83.05397134365779,82.17387039677665,81.41033260552422
70600,0.16145781955881408,0.1826170596659253,0.14523687289995013,31.623514539054682,11.873837582367772,2.5579873924613477,2.555563649180011,88.11977519023455,94.38582531759553,86.62240220627032,87.34033195546023,85.69422705982902,84.7059244391289,83.39609645218174,83.0541997838028,82.17362427903481,81.41042515604276
70700,0.16145795127567522,0.1826174967659128,0.1452360730583448,31.623360452076263,11.873608861050949,2.5579803671775103,2.5555562919984913,88.11968846308937,94.38638561745172,86.62244074107966,87.3404278110798,85.69431302462189,84.70613110350078,83.3960088742491,83.05442431199607,82.17337605851904,81.41051576079299
70800,0.16145808688273694,0.18261792927670376,0.1452352743114254,31.6232066521782,11.873380682687753,2.5579733354954044,2.555548959910666,88.11960555952918,94.38694356976288,86.62247804022326,87.34052306022973,85.69440074708211,84.70633837084863,83.39591796543468,83.05464429855468,82.17312383679196,81.41060664931847
70900,0.16145822461042883,0.18261835654781675,0.1452344775236786,31.62305268973159,11.873153070558502,2.5579663240775647,2.5555416108660207,88.11952279834009,94.38749817879076,86.62251800877705,87.34061295602548,85.69449092484514,84.70654600992177,83.39582985432813,83.05486362355563,82.17287168586415,81.41069555569332
71000,0.16145836189215215,0.18261878354848937,0.1452336819920031,31.622898838783716,11.872925855332173,2.55795934648653,2.5555342379637014,88.11944301123107,94.38805018774165,86.62255520377418,87.34070144772512,85.69458252850836,84.70675222901751,83.39574311502437,83.05508253194947,82.17262101388351,81.4107834240714
71100,0.16145849670303267,0.18261921464981323,0.14523288685845534,31.62274566075132,11.87269921280434,2.5579523964941666,2.555526841421231,88.11936254149732,94.3886009649584,86.62258934334237,87.34078698695916,85.69467212048974,84.70695445776613,83.39565658095233,83.05529819910764,82.17237243472228,81.41087020089681
71200,0.1614586320600518,0.1826196492918382,0.14523209365295586,31.622593046797434,11.872473000118811,2.557945446579101,2.555519446243723,88.11928107352817,94.38914829201931,86.62262250517406,87.34087260730428,85.6947613033724,84.70715595556098,83.39556910640756,83.05551203326678,82.17212501818757,81.41095829149958
71300,0.16145876511078716,0.18262008618566086,0.1452313021813146,31.62244032504572,11.87224719066721,2.557938502052538,2.555512052680813,88.11919944259775,94.38969084360805,86.62265438447983,87.34096152890551,85.69485252997325,84.70735943403695,83.3954834844592,83.05572634307454,82.1718827151605,81.41104407746165
71400,0.16145889831243285,0.18262052203235343,0.14523051210327423,31.622287865596338,11.87202186276348,2.557931549148651,2.5555046681806317,88.1191162044538,94.39022969970173,86.62268328962664,87.3410502370695,85.6949453026679,84.7075640443034,83.39539787714368,83.05593807554203,82.17163942647072,81.4111289230286
71500,0.16145903207983636,0.182620952892709,0.14522972904443274,31.62213532612708,11.871796966277705,2.557924591018815,2.555497316986993,88.11903514679604,94.39076775240667,86.62271239243896,87.34114230817548,85.69503910947932,84.70777147674733,83.39531312387112,83.05614641262363,82.17139237705665,81.41121367587864
71600,0.16145916138068417,0.18262138374837233,0.14522895094064425,31.621982558301312,11.871572453490328,2.557917631586273,2.555489990073175,88.11895672894613,94.39130377828971,86.62274011222426,87.34123557270897,85.69513301992386,84.70798034380897,83.39522889002876,83.0563545611672,82.17114383190162,81.41129605745537
71700,0.1614592922542198,0.18262181259695068,0.14522817556838197,31.621829614437583,11.871348403502866,2.55791068853506,2.5554826820613044,88.1188810439947,94.39183600741084,86.62276760448698,87.34133255964207,85.69522946341702,84.7081906572304,83.39514667845734,83.05656348299476,82.17089848228862,81.4113785897964
71800,0.16145942545660052,0.18262223795974392,0.14522740225797937,31.621676423853327,11.87112487838235,2.557903785715903,2.5554753693045913,88.11880807827441,94.39236511531968,86.62279426879617,87.34142900086415,85.69532896070623,84.70840009613035,83.39506842819392,83.0567700916663,82.17065841699066,81.41146316819633
71900,0.16145955800160702,0.18262266363899943,0.14522663021925108,31.621524317178213,11.870901910940619,2.557896905689191,2.5554680677400894,88.11873523516594,94.39288992215387,86.6228206970356,87.34152251532495,85.69542812874904,84.70860999682759,83.3949879648041,83.05697855807594,82.1704194966794,81.41154755014111
72000,0.16145969172795194,0.18262308545500822,0.14522586163116938,31.621372148435526,11.870679437858193,2.557890057309413,2.5554607500545994,88.11866412983528,94.39341177652189,86.62284813784545,87.34161565339339,85.69552824300254,84.7088185115978,83.39490787951594,83.05718483148473,82.17018514054108,81.41163054339896
72100,0.16145982193527283,0.18262350549044043,0.14522509508936723,31.621220020525264,11.8704575104432,2.5578832187241556,2.555453438229861,88.11859349913676,94.39393159544932,86.62287731435048,87.34170811216703,85.69562813147023,84.70902668733792,83.39482751570362,83.05739046622153,82.16995307654047,81.41171428539373
72200,0.1614599498331241,0.18262392676703176,0.14522433007095129,31.621068243698115,11.870235936113483,2.557876386943772,2.555446147667976,88.11852564626074,94.39445033779674,86.62290636423366,87.34180175733995,85.69572913747024,84.70923701590178,83.39474451925116,83.05759752214995,82.16971980328609,81.41179677504687
72300,0.16146007593174752,0.18262434800778676,0.14522356574674203,31.620916564353184,11.870014791422536,2.557869558498369,2.5554388803806107,88.11845853655312,94.39496593994222,86.62293608314741,87.34189534352471,85.69582707503437,84.7094460589967,83.39466192834489,83.05780584886132,82.16948699858746,81.4118802560078
72400,0.16146020128411634,0.18262476727225574,0.14522279946995678,31.620765078895055,11.869794088087101,2.5578627289610067,2.55543164891175,88.11839019371263,94.39547954215593,86.62296724664216,87.34199165561878,85.69592208110366,84.70965289287733,83.39457804431369,83.05801158139653,82.16925586637018,81.41196672295409
72500,0.16146032322796475,0.1826251841613055,0.14522203337336922,31.62061376086303,11.869573801468542,2.5578558943417042,2.5554244615532005,88.11832237234043,94.39599347469783,86.62299850605652,87.34208703015615,85.69601331862941,84.70985835442681,83.39449353994715,83.05821709783079,82.16902386276512,81.41205356740123
72600,0.16146044477893254,0.18262560359424695,0.1452212699307031,31.62046257612727,11.86935397450609,2.557849069799725,2.5554172895950593,88.1182545782606,94.39650345121926,86.6230293146819,87.34218424127565,85.69610307722985,84.71006384346835,83.39440750999985,83.05842438420092,82.16879255503063,81.4121428360638
72700,0.16146057006216974,0.18262602064991854,0.14522050441965967,31.620311578540626,11.869134615938679,2.5578422574857984,2.5554101299519507,88.11818758600693,94.39701056922205,86.62306062179206,87.34228154794383,85.6961947523859,84.71026859791762,83.39431848095151,83.058631259294,82.16855838081327,81.41223190768231
72800,0.16146069611726557,0.18262643850382176,0.14521973867280402,31.62016093285224,11.868915610434684,2.557835447759658,2.5554029838340875,88.1181210677892,94.39751512373591,86.62309159092766,87.34238256122116,85.6962838548336,84.7104727859846,83.39422721032325,83.05883941560957,82.16832188878254,81.41231819048222
72900,0.16146082127058678,0.18262685547109897,0.14521897482934099,31.620010806051795,11.868696945951335,2.557828648535486,2.5553958804325014,88.11805446864003,94.39801926755868,86.62312163589071,87.34248698648184,85.69637031872904,84.71067542185206,83.39413474574974,83.05904862517055,82.16808469545471,81.41240711319516
73000,0.16146094612098386,0.18262726962449427,0.14521821123133496,31.619861300585544,11.868478877183344,2.557821858323935,2.555388815696507,88.11798699536817,94.39852118321654,86.62315209562006,87.34258943533294,85.69645543888464,84.71087610020865,83.39404095442983,83.05925848052296,82.1678446704044,81.41249512908317
73100,0.16146107361569143,0.18262768319769673,0.14521745049189344,31.619712367294614,11.868261324019336,2.557815095995857,2.555381732863425,88.11791921794251,94.39901749213153,86.62318263390759,87.34268843866187,85.69653944877682,84.71107406533918,83.3939468416171,83.05946653784098,82.16760504231118,81.41258520283353
73200,0.16146120116424936,0.18262809811172803,0.14521669145063637,31.619564129849635,11.868044090834431,2.5578083548402546,2.5553746790099945,88.11785065232665,94.39951421155989,86.62321465261833,87.34278534281592,85.69662076183192,84.71127116102437,83.39385182163676,83.05967455398611,82.16736602256556,81.41267728864219
73300,0.16146133078260963,0.18262851307876854,0.14521593353672632,31.619416621516248,11.867827245300441,2.5578016444390492,2.5553676622120376,88.1177799370901,94.40001061691643,86.62324504952429,87.34288156655298,85.69670424844473,84.71146648477051,83.39375715262682,83.05988196283849,82.16712698554511,81.41277132336687
73400,0.1614614618227446,0.18262892635914219,0.14521517721253077,31.619269662370996,11.867610805021757,2.5577949242607705,2.5553606845065957,88.11770747181338,94.40050705984146,86.62327334495153,87.34297920859963,85.69678627700114,84.71166218693651,83.39366284301136,83.06008850633984,82.16688519903583,81.41286611132281
73500,0.1614615927373957,0.1826293404659252,0.14521442510737342,31.619123183466968,11.867394845430812,2.5577882160122134,2.5553537429670583,88.11763208660508,94.40100331455962,86.6233028437346,87.34307531231923,85.6968660680928,84.7118584355957,83.39356698283147,83.06029562917925,82.16664582354801,81.41296271580059
73600,0.16146172338754475,0.18262975263939404,0.14521367427245827,31.618977320766543,11.867179419269869,2.557781536351882,2.5553467829973417,88.11755403249504,94.40149622691096,86.62332916787014,87.34316661098072,85.69694627393476,84.71205302330928,83.3934718224667,83.06050062079856,82.16640598509359,81.41305792526545
73700,0.16146185755929257,0.18263016638492388,0.14521292705623431,31.618831284716354,11.86696439173563,2.5577748805042684,2.555339825262403,88.11747738595997,94.40198662036414,86.62335606605298,87.34325760685084,85.69702401808658,84.7122456505935,83.39338035588835,83.06070499013701,82.16617009176964,81.41315351129292
73800,0.16146198928997757,0.18263057783766504,0.14521218048331114,31.618685821285265,11.866749676281017,2.557768212745409,2.555332897620372,88.11740220931898,94.40247880124615,86.6233822767515,87.3433484882571,85.69710023484002,84.71244058197192,83.39328613596662,83.06091039391713,82.1659321469016,81.41324890791375
73900,0.16146212264732498,0.18263098558057692,0.14521143263506095,31.618540653475694,11.866535243830219,2.557761563088263,2.555325976921581,88.11732745038015,94.40297073451733,86.62340907216644,87.34344089516499,85.69717614719407,84.71263338228736,83.39319148236457,83.06111535806379,82.16569434982718,81.41334506573611
74000,0.16146225475475007,0.18263138786475425,0.1452106851666755,31.618395748734994,11.866321017901756,2.557754920764752,2.5553190808516324,88.1172535877371,94.4034617971693,86.62343480260151,87.3435355641762,85.69725150527152,84.71282749045776,83.39309643639062,83.06131811629703,82.16545562734586,81.41344369750688
74100,0.16146238345819422,0.1826317845267749,0.14520993566522308,31.618251001267826,11.866107143492329,2.5577482732156605,2.55531219074526,88.11718047803062,94.40395120772965,86.62345965685888,87.34363175568876,85.69732736710232,84.71302413126975,83.39300091068787,83.06151710474575,82.16521653864615,81.41353974759117
74200,0.1614625087916039,0.18263218433006154,0.145209185723,31.618105879509933,11.865893619682959,2.557741612790379,2.555305335329331,88.11710822959812,94.40443977840424,86.62348370221514,87.34372833543841,85.69740427796722,84.71322178005744,83.39290662755346,83.06171595897537,82.1649791185126,81.41363683653485
74300,0.16146263112316364,0.18263258638217023,0.14520843605149109,31.617960688222958,11.865680403473707,2.557734941833512,2.555298491424888,88.11703556208305,94.40492789101161,86.62350857849434,87.3438228723395,85.69748277230926,84.71341996539044,83.39281432778981,83.06191363626168,82.16474245312062,81.41373551302672
74400,0.16146275307425786,0.18263299292450424,0.1452076889086236,31.61781554960211,11.865467660315492,2.557728276306009,2.5552916508658434,88.11696251746903,94.4054144509246,86.62353198046034,87.34391689422148,85.69755899163195,84.71361767618318,83.39272108247286,83.06211079211104,82.1645105932753,81.41383148471192
74500,0.1614628783261171,0.18263340133808448,0.14520694501081383,31.617670271566777,11.865255332248283,2.557721634590216,2.5552847865635933,88.11689076986845,94.40589877872335,86.62355507160176,87.34400860393886,85.69763787337043,84.71381354124543,83.39263017405382,83.06231020142971,82.16428170587282,81.41392647611605
74600,0.16146300682222975,0.18263381114381141,0.14520620351464664,31.617525256003727,11.865043465459859,2.5577150286868915,2.555277924499097,88.11682151102545,94.40638140447736,86.62358032916464,87.34409929754656,85.69771735027021,84.71400641055523,83.39253798738106,83.06251140394288,82.16405276826274,81.41402152597881
74700,0.16146313376729904,0.1826342233573006,0.1452054651930249,31.61738124551055,11.86483200454087,2.5577084536033072,2.5552710908714173,88.11675348199914,94.40686067883604,86.62360367957871,87.34418970977629,85.6977950625189,84.71419974920153,83.39244597974432,83.06271462241884,82.1638253462122,81.41411479640273
74800,0.16146326138760142,0.18263463595009757,0.14520472988542027,31.61723784440697,11.864620839318086,2.5577018993845346,2.5552642386976876,88.11668387689168,94.40733894787778,86.62362738725706,87.3442790024224,85.69787424612221,84.71439108427894,83.39235448558277,83.0629189694263,82.16359838064557,81.41420722717686
74900,0.16146338965619353,0.18263504644306766,0.14520399553865507,31.61709479491957,11.86440998041078,2.5576953528701782,2.5552573928396773,88.11661380391368,94.40781567789473,86.62365105771121,87.34436706345559,85.69795510905233,84.71458276054449,83.39226225158214,83.06312412263036,82.16337322062694,81.4143001901252
75000,0.16146351674874945,0.18263545487037666,0.1452032632666129,31.616952047363913,11.864199474940914,2.5576887862175592,2.555250554867398,88.1165401637068,94.40828909969599,86.6236737015631,87.34445296616188,85.69803503792816,84.71477462647329,83.39217036687137,83.06333053048125,82.16314849189932,81.41439293691333
75100,0.1614636458906785,0.18263585711285618,0.14520253234151478,31.61680927775447,11.863989411328125,2.557682244685158,2.5552437221311917,88.11646712250199,94.40875998559268,86.6236978506629,87.34453956602533,85.69811765836656,84.714969430837,83.39207811082835,83.0635342476294,82.16292529761479,81.41448661900247
75200,0.16146377494984573,0.18263625945881057,0.1452018038835627,31.616666808148974,11.863779776518154,2.5576756960203415,2.55523690489287,88.1163931496308,94.40922829301175,86.62372229534319,87.34462794544889,85.69819968979225,84.71516377248908,83.39198403177352,83.06373852303396,82.16270162997812,81.41457857326253
75300,0.1614639041156343,0.18263666183843869,0.14520107688100642,31.61652472638313,11.863570446313839,2.5576691637607025,2.555230065804671,88.1163198392885,94.4096937947184,86.62374744470893,87.34472054405602,85.69828209314596,84.71535317001157,83.39189036513244,83.06394045181185,82.1624776971691,81.4146701863851
75400,0.16146403264701392,0.18263706775145355,0.14520035476153834,31.616382965466617,11.863361365338596,2.557662636112709,2.555223241475353,88.11624915491952,94.41016134262745,86.62377072695824,87.34481219884617,85.69836360752869,84.71554203545861,83.39179385875374,83.06414076384256,82.16225169022374,81.41476089115554
75500,0.161464162086452,0.18263747133926145,0.1451996323298547,31.616242036266556,11.863152716516998,2.557656142313392,2.555216426148414,88.11617852943107,94.41062914273449,86.62379358772826,87.34490262534312,85.6984428989268,84.71572988861271,83.39169661081688,83.06434237884845,82.16202648327607,81.41484890344506
75600,0.16146428609633937,0.18263787226671463,0.14519891079142133,31.616101628269487,11.862944479708394,2.5576496790177083,2.5552096150130708,88.11611089876484,94.4110959850684,86.62381644028116,87.34499579007715,85.69852306557023,84.71591476697762,83.3915987490825,83.0645410106772,82.16180175390485,81.4149334577473
75700,0.16146440339152,0.18263827175341202,0.14519819135900514,31.615961094420705,11.862736639388258,2.5576432440676986,2.555202806528572,88.11604721374525,94.4115624276167,86.62383833514451,87.34508866561889,85.69860483998654,84.716095315181,83.39149972867041,83.06473624794872,82.1615774676384,81.4150186078926
75800,0.16146451920537874,0.18263867252273253,0.14519747184768458,31.615820780680693,11.862529247000737,2.5576368295200016,2.5551959927036374,88.11598473691795,94.41202701992297,86.62385830653912,87.34517804107182,85.6986838846991,84.71627414810693,83.39140276223795,83.06493086830149,82.16135467158705,81.41510348861944
75900,0.1614646339200146,0.18263907293350284,0.14519675464541854,31.615680807576233,11.862322310343085,2.5576304314145015,2.5551891662612,88.11592218589281,94.4124896122285,86.62387728662276,87.34526510682961,85.69876078889095,84.71644817742018,83.39130997408316,83.06512439312166,82.16113320216452,81.4151900231681
76000,0.161464746245296,0.18263947175993406,0.14519603899992398,31.61554098454098,11.86211575914356,2.557624049061778,2.5551823699003737,88.11586281688976,94.41295264070324,86.6238971639927,87.34535175202186,85.69883249950573,84.7166215894429,83.39122023454502,83.06531509436685,82.16091562913829,81.41527835331705
76100,0.16146486063417614,0.18263986879807775,0.14519532527549125,31.61540130141357,11.861909469215295,2.557617668828777,2.555175619139355,88.11580505694502,94.41341475003121,86.62391819828223,87.34544167019457,85.6989030689794,84.7167974245586,83.39113110581053,83.06550814744656,82.1606977299729,81.4153667718643
76200,0.16146497484814432,0.1826402723850127,0.14519461121508856,31.615261854803105,11.861703624140954,2.5576112990232924,2.5551688818532945,88.11574647657343,94.41387461562755,86.62393919736206,87.34553019030879,85.69897509252007,84.71697136739441,83.3910427155673,83.0657005803733,82.16047814005385,81.41545659500362
76300,0.16146508860579675,0.18264067995127978,0.1451938946471298,31.615122903514216,11.861498202648296,2.557604931660186,2.5551621751500617,88.11568737918145,94.41433276015815,86.62395834298178,87.34562016307574,85.69904524415922,84.71714587893344,83.39095795311651,83.065892641521,82.1602575967301,81.41554758645991
76400,0.16146519784285604,0.1826410874661977,0.1451931740766558,31.614984235457054,11.861293126230517,2.557598575677001,2.555155470238457,88.11562875375122,94.41478906110444,86.62397567092718,87.34571185322059,85.6991147520628,84.71731903493801,83.39087450431167,83.06608236743635,82.16003661037864,81.4156404295619
76500,0.1614653078079835,0.18264149142257724,0.14519245572113545,31.614845431900047,11.861088312543368,2.5575922116830325,2.5551487928058596,88.11556993275468,94.41524462030839,86.6239931859766,87.34580473879771,85.6991833633335,84.71749097023661,83.39079289754281,83.06627109772822,82.15981434349551,81.41573574736869
76600,0.1614654139305607,0.1826418949632194,0.14519173691536202,31.61470660371684,11.860883830966133,2.5575858531918594,2.555142123459936,88.1155116008696,94.41569816685166,86.62401070197754,87.34589847656694,85.69925291588555,84.7176632557436,83.39071407456828,83.06645910283187,82.15959097964324,81.41583102474772
76700,0.16146551885923144,0.18264229974836874,0.14519101678532587,31.614567935771227,11.860679734262312,2.5575794743935556,2.5551354700030577,88.11545339590667,94.41615043906138,86.62402568960819,87.34599467085172,85.69932030255305,84.71783414105901,83.39063554773699,83.06664620499004,82.15936721793256,81.41592419012454
76800,0.16146562597757724,0.18264269851941764,0.14519029794826885,31.61442951194505,11.860476077997118,2.5575730943165107,2.5551288728960055,88.11539464085949,94.41660245901201,86.62404092556677,87.34609041836782,85.69938592933123,84.71800821715365,83.39055921996281,83.06683357280977,82.15914303899565,81.41601941880607
76900,0.1614657330804215,0.18264309568759923,0.14518958063106788,31.614291644843878,11.860272736301715,2.5575667347990745,2.555122335189463,88.11533325653535,94.41705581977702,86.62405557013071,87.34618846782257,85.69945334467103,84.71818585620454,83.39048397900622,83.0670200374497,82.1589200647973,81.41611745452612
77000,0.16146584039459164,0.1826434918056561,0.14518886264515668,31.61415416139501,11.860069791749469,2.5575603763544317,2.5551157914664278,88.1152720089476,94.41750659031487,86.6240708530021,87.34628400189344,85.69952002473981,84.7183630016014,83.39040897813344,83.0672044334043,82.15869706790892,81.41621585499804
77100,0.16146594852384633,0.18264388647359567,0.14518814500735225,31.61401751901393,11.859867274389563,2.557554027329789,2.5551092517925285,88.11520874864146,94.41795369876314,86.62408349617009,87.34637976750918,85.69958393932077,84.71854100664282,83.39033458831764,83.06738767875274,82.15847487361248,81.41631315913212
77200,0.1614660585748032,0.18264428079981013,0.14518742828019277,31.613880889657782,11.85966518618275,2.5575476825427996,2.5551027126179613,88.11514629114764,94.41839907687023,86.62409666184729,87.34647288072746,85.69964754900379,84.71871646949158,83.39026116039992,83.06757119183737,82.1582516253626,81.4164111369677
77300,0.16146617074201502,0.18264467165146983,0.1451867121233543,31.613744762171507,11.85946350839253,2.557541343154668,2.55509621118915,88.11508468507671,94.41884588582518,86.62411069082756,87.34656690879902,85.69970758984515,84.71889010869248,83.39018568553847,83.06775442788916,82.15802663690155,81.41650626216888
77400,0.1614662846043111,0.18264505968376835,0.14518599788511624,31.613608727905145,11.859262083339402,2.557535016107501,2.55508974535762,88.11502163169769,94.41929603343196,86.62412578157729,87.34666226609886,85.69976927282077,84.71906249854439,83.39011117440494,83.06793810578729,82.15780309453498,81.41660228557457
77500,0.16146639642570954,0.18264544803981497,0.14518528323524624,31.613473021248986,11.85906093611976,2.557528686778605,2.5550833103742074,88.11496003458147,94.4197478319483,86.62414039349349,87.34675972268646,85.69982972559131,84.71923450597286,83.39003438317447,83.06812157421912,82.15757988381364,81.41669692995251
77600,0.16146650740411206,0.1826458321985242,0.14518456863982201,31.613337706093464,11.858860196760888,2.55752237837872,2.5550768964732975,88.11489874681766,94.4201990482755,86.62415308310526,87.3468596038531,85.69989050023734,84.7194075812467,83.38995662912318,83.06830402686035,82.15735895217955,81.41678948869792
77700,0.16146661655235212,0.18264621326006747,0.14518385268142842,31.613202573091733,11.858659694578515,2.557516073953946,2.5550705017294413,88.11483862969497,94.42065025337256,86.6241647040769,87.3469596890246,85.69995076132294,84.71958205572926,83.38987769114536,83.06848678522135,82.1571390843706,81.41688083320516
77800,0.16146672579075144,0.18264659346480738,0.14518313830936067,31.61306776739289,11.858459466587663,2.5575097913460607,2.5550640957703754,88.11477702566356,94.4210976803663,86.62417748994038,87.34706286192242,85.7000111772331,84.7197594117775,83.3897984973513,83.06866682857074,82.15692157512643,81.41697183060583
77900,0.16146683335853532,0.18264697446139583,0.14518242529458447,31.61293341356342,11.858259470757869,2.5575035129942703,2.5550577007842517,88.1147143216255,94.42154631393231,86.6241893771904,87.34716563988908,85.70007202240097,84.71993593303266,83.38971685058071,83.06884602818803,82.15670242737423,81.417063323525
78000,0.16146693933821502,0.18264735447050606,0.1451817127951997,31.6127993664338,11.858059784255664,2.5574972347007803,2.555051292537734,88.11464904524217,94.4219939278448,86.62420066100563,87.34726840433277,85.7001329657353,84.72011345729304,83.38963600967172,83.06902120724929,82.15648460326868,81.41715423097119
78100,0.16146704471165738,0.1826477269139486,0.14518100056548866,31.612665745386884,11.857860446117746,2.5574909798339145,2.555044889391428,88.11458259858176,94.42244059527769,86.62421048372507,87.34736987708716,85.70019441314507,84.72029236574936,83.38955149476902,83.0691962528655,82.15626998436409,81.41724372076558
78200,0.16146714965934733,0.1826480938091026,0.14518028853132672,31.612532344706565,11.857661512396053,2.5574847412960136,2.5550385136124487,88.11451703529771,94.42288733989118,86.62422065051375,87.3474707056395,85.70025564287786,84.72047100570097,83.38946879239654,83.06936931299362,82.15605460206972,81.41733296872731
78300,0.16146725402453047,0.18264846018363895,0.14517957758512248,31.612398845641874,11.857462877327425,2.557478515980785,2.555032130467743,88.11445526421012,94.42333345666115,86.62422968544404,87.34757152918928,85.70031822401775,84.72064737672726,83.38938506940677,83.06954143853542,82.15583957173139,81.41742221694521
78400,0.1614673606845981,0.18264882818289513,0.14517887100400395,31.61226557469869,11.85726465928269,2.5574723093467493,2.5550257519122206,88.11439297825618,94.42377836078188,86.6242391680771,87.34767165099964,85.70038103108679,84.72082365997977,83.38930021267164,83.06971236296461,82.15562628726782,81.41751026779065
78500,0.16146747078732182,0.182649198233909,0.14517816705239206,31.612132559047243,11.857066800104983,2.557466093737036,2.5550193618508033,88.11433130453575,94.42422245007329,86.62424700190988,87.3477708582461,85.7004418448057,84.7209995113246,83.38921403748613,83.06988025841287,82.1554136874457,81.41759701965498
78600,0.16146758435422204,0.1826495671064371,0.1451774666202004,31.611999497846536,11.856869369548502,2.557459882095006,2.555012974189493,88.11426579074916,94.42466598291753,86.62425740950249,87.34786727145391,85.7005022768331,84.72117477427453,83.38912940832417,83.07004629548932,82.15520168873208,81.41768311689195
78700,0.1614676955241335,0.18264993565250165,0.14517676546553276,31.611866668638914,11.856672218130894,2.557453694043637,2.5550065598643243,88.1142004275798,94.42510829989754,86.62426742302172,87.34796399954473,85.7005636420524,84.7213473879866,83.38904303091171,83.0702128548146,82.15498912246615,81.4177684805849
78800,0.16146780435515512,0.18265030708622548,0.14517606128220523,31.61173354426203,11.856475289594442,2.5574475316553276,2.555000122924943,88.1141359121207,94.42555060677068,86.62427943438168,87.34805918724359,85.70062609910514,84.7215203874368,83.38895839700974,83.07037896954934,82.15477935703929,81.41785078036237
78900,0.16146791512919617,0.18265068247653365,0.1451753569351958,31.611600669501936,11.856278615444442,2.557441381852242,2.554993687707637,88.11407025581838,94.42599192709986,86.62429131735021,87.34815520585313,85.70069054848304,84.72169272505766,83.38887398086669,83.07054532564463,82.1545715143835,81.41793277994165
79000,0.1614680271713213,0.18265105757919134,0.14517465304010074,31.611468016768388,11.85608238498768,2.5574352582371636,2.554987231457183,88.11400688720035,94.42642816581224,86.62430282944867,87.34824768703278,85.70075808246649,84.72186427128429,83.38879043084538,83.0707110141411,82.15436469232867,81.41801527636574
79100,0.16146813641218694,0.18265143032909692,0.14517395228948116,31.611335573151436,11.85588657052889,2.557429143321976,2.554980813540473,88.11394176358576,94.42686206889407,86.62431533475676,87.3483411715313,85.70082594862,84.72203657817614,83.38870961446213,83.0708787261515,82.15415786919374,81.41810099742571
79200,0.16146824525759132,0.18265180142162865,0.14517325355638994,31.611202976226352,11.855691122886482,2.557423029679426,2.55497442079079,88.1138770141949,94.42729546365226,86.62433073924461,87.34843659156786,85.70089077123703,84.72220831511225,83.38863080074388,83.07104669044763,82.15394996944818,81.41818682002739
79300,0.16146835542475166,0.18265217283149737,0.1451725558211889,31.611070337065875,11.855496070065632,2.557416909902411,2.554968057559911,88.1138126038941,94.42772950227047,86.62434719290187,87.34853060121937,85.7009548167685,84.72237875324755,83.38855273130608,83.07121606047329,82.15374234531491,81.41827307097644
79400,0.16146846439590185,0.18265254032037403,0.14517185866633167,31.610937688644963,11.855301250936511,2.557410779186701,2.5549617066704036,88.1137481358416,94.42816398264571,86.62436452772532,87.34862630290803,85.70101748596367,84.72255065712663,83.38847611249962,83.07138592246034,82.15353501760094,81.41836207120367
79500,0.1614685742400045,0.18265290771587717,0.14517116263922925,31.610805376876275,11.85510675223767,2.5574046659548064,2.5549553862424648,88.11368254793511,94.42859806228364,86.62438337734505,87.34872239164625,85.70108062578878,84.72272126228735,83.38840092612776,83.07155554438326,82.15332914403137,81.41845104578981
79600,0.1614686855462184,0.1826532732795696,0.14517047006027392,31.61067337987801,11.854912609938594,2.5573985609582106,2.5549490803269337,88.11361491578765,94.42903175689894,86.62440072229678,87.3488182270209,85.70114330704963,84.72289327639015,83.38832532349355,83.07172242649845,82.15312570946358,81.41854189271776
79700,0.16146879491617544,0.18265363696032375,0.14516977596334657,31.610541348944356,11.854718688308337,2.5573924623934485,2.5549428081537946,88.1135461646103,94.42946676369527,86.62441845061016,87.34891481622296,85.70120835212569,84.72306442313588,83.38825253793507,83.07189053797799,82.15292494407248,81.41863350091246
79800,0.16146890754770682,0.18265399719019673,0.1451690806853209,31.610409439352726,11.85452512814114,2.557386367148429,2.5549365849374857,88.11347704195917,94.42990150522502,86.62443644794814,87.3490137130797,85.70127482072684,84.72323638653161,83.38817867026721,83.07205642837661,82.15272565162356,81.41872786218748
79900,0.1614690183213919,0.1826543529825954,0.14516838639757507,31.61027791162182,11.854332014213572,2.557380290481623,2.5549303845535967,88.11340765651676,94.4303335087481,86.62445309624887,87.34911193991135,85.70134135368836,84.72340910360931,83.38810653403229,83.07222388802036,82.15252579394237,81.4188240939252
80000,0.16146912744831757,0.1826547095738523,0.14516769849345385,31.610146508579444,11.854139286166276,2.5573742259134136,2.5549241682314583,88.11333735032498,94.43076466778467,86.62446986266731,87.3492065908702,85.70140757377366,84.72358048441713,83.38803435660633,83.07239334991861,82.1523267007514,81.41891787899144
80100,0.16146923588171336,0.18265506696027428,0.14516701200156285,31.610015811262755,11.853946874272127,2.557368180423699,2.5549179696613997,88.11326520351746,94.43119601510436,86.62448523644257,87.34930134504084,85.70147330910562,84.72375203278618,83.38796297071453,83.07256230286082,82.15212761592875,81.41901055814803
80200,0.16146934539098262,0.18265542486029887,0.1451663265965688,31.609885350676016,11.85375483195997,2.557362161887817,2.554911798156718,88.11319370695742,94.4316270198244,86.62450035550813,87.34939969284031,85.70153916382434,84.72392139398526,83.38789279858538,83.07273516074132,82.15193118559827,81.41910129780712
80300,0.161469452831648,0.18265578609614339,0.14516564482199903,31.609755072249232,11.853563053258384,2.5573561543260563,2.5549056355436033,88.11312314636221,94.43205825068574,86.624516425261,87.34950137210816,85.70160364019554,84.72409079516503,83.38782237421029,83.07290697555517,82.15173723460893,81.41919120779028
80400,0.16146955784502853,0.18265615005310196,0.1451649632538656,31.609624825430643,11.85337159525232,2.5573501581793807,2.5548994681331734,88.11305325093196,94.43248792434511,86.62453212328383,87.34960522227716,85.7016707660316,84.72425846863852,83.38775284248901,83.07307761047308,82.15154275189778,81.41927867742895
80500,0.16146966341157337,0.1826565143450873,0.14516427976619706,31.609494352303585,11.853180421851492,2.5573441605345044,2.5548933292269314,88.11298424749128,94.4329158477079,86.62454755555758,87.34971271827119,85.7017383188935,84.7244262351923,83.38768266294106,83.07324952618399,82.15134979571114,81.41936627256936
80600,0.16146976733342047,0.18265687604359357,0.14516359796763492,31.60936401086221,11.852989589114124,2.5573381804265547,2.5548871556373753,88.11291436916393,94.43334075578241,86.62456376395183,87.3498172230195,85.70180472982909,84.72459277506124,83.38761448601078,83.07342153799945,82.15115969857511,81.41945304476027
80700,0.1614698700686839,0.18265723547153498,0.14516291677830884,31.609234027592706,11.852799026003812,2.5573322040044615,2.554880998584396,88.11284275413799,94.4337642012296,86.62457964471739,87.34992270629901,85.70186902615097,84.72476085897287,83.38754486963629,83.07359179838596,82.15097021433894,81.4195374815142
80800,0.16146997020651604,0.18265759537239593,0.14516223505463038,31.60910424971335,11.852608883093467,2.5573262272584834,2.554874869040089,88.11277067748854,94.43418521819731,86.62459488790182,87.35002571756031,85.70193249620314,84.72492771522059,83.38747591711278,83.07376285061841,82.15077769173402,81.41962331676679
80900,0.1614700669798277,0.18265795095628698,0.1451615559380104,31.608974593230094,11.852419101720624,2.557320263950554,2.5548687005170443,88.11269895321009,94.43460297783952,86.62460953262706,87.35012664684486,85.70199638547298,84.72509525917728,83.38740675290248,83.07393049573716,82.15058621688566,81.41970768257522
81000,0.16147016348429985,0.18265830323685942,0.1451608779863689,31.608845238724882,11.852229638549327,2.55731430346341,2.554862538056603,88.11262813256698,94.43502114053148,86.62462202442877,87.35022820046606,85.7020606810162,84.72526146502659,83.3873392275833,83.07409796603812,82.15039305042716,81.41979095687158
81100,0.16147026182206092,0.18265865205640616,0.14516020051491438,31.608715678698324,11.852040521492489,2.5573083452492447,2.5548564208157987,88.1125602680117,94.43543915569836,86.62463383485193,87.3503314664583,85.70212606582912,84.72542787658469,83.38727316653116,83.0742661603331,82.1502006107589,81.4198745913599
81200,0.16147036240905635,0.18265900247866687,0.14515952415560013,31.608586171038237,11.851851736205703,2.557302400304237,2.554850308232378,88.11249349764243,94.43585601058436,86.62464483512203,87.3504348737209,85.70219206329398,84.72559527976765,83.38720512712369,83.07443412524009,82.15000800185153,81.41995899640277
81300,0.16147046385985883,0.18265935236980282,0.14515884847299634,31.60845713646174,11.851663344491712,2.5572964529442794,2.554844243018125,88.11242648996144,94.43627235061028,86.62465269346615,87.35053981630175,85.70225654886872,84.72576396511593,83.38713896618862,83.0745998480458,82.14981559424783,81.42004371617115
81400,0.1614705668325661,0.18265970044765492,0.14515817193469466,31.608328488061407,11.851475330125163,2.5572905116155344,2.5548381961841953,88.11236049772907,94.43668715362534,86.62465997834283,87.35064357582182,85.70232169614515,84.7259333659892,83.38707202389189,83.07476520028128,82.14962327586161,81.42012670897304
81500,0.16147066950217795,0.18266004348054543,0.1451574961335747,31.608200139545488,11.851287616254211,2.557284584966446,2.5548321612615568,88.11229540137866,94.4371016671773,86.62466638891931,87.35074617527081,85.70238648177882,84.7261025070041,83.3870047330314,83.07493262904191,82.14943093409754,81.42020871330186
81600,0.16147077058550866,0.18266038278233526,0.145156819474121,31.608072023886177,11.851100174244424,2.5572786735680575,2.5548261709710074,88.11222904614509,94.43751740224212,86.62467266673012,87.35085136282649,85.70245068548175,84.72627239654,83.38693651017512,83.07509910312848,82.14923942329887,81.42029149055453
81700,0.16147086893290288,0.18266072821497506,0.14515614356216508,31.607943976060994,11.85091300845963,2.557272766632761,2.554820193529466,88.11216412825141,94.43793343979507,86.62467639860469,87.35095440436359,85.70251470656441,84.72644292669251,83.38686714784846,83.07526588271445,82.14904889452706,81.42037390152684
81800,0.16147096739265468,0.1826610744779461,0.14515546788304906,31.607815910489187,11.850726206687085,2.5572668743210074,2.554814200261283,88.11210031528402,94.43834641840775,86.62467910007251,87.35105728419657,85.70257780110369,84.72661053594058,83.38679809875713,83.07542973711985,82.14886131417275,81.42045612758325
81900,0.16147106495634325,0.18266141994202936,0.145154791794045,31.6076880801281,11.850539826999864,2.557260999131587,2.5548082070040463,88.11203705061837,94.43875645710159,86.6246804085142,87.35115997204801,85.70264157877888,84.72677781877576,83.38672773917077,83.07559238190257,82.14867466506287,81.42053837173899
82000,0.16147116010275409,0.18266176687552105,0.1451541166920132,31.607560270606267,11.85035390663374,2.557255109148,2.554802237083199,88.11197345960534,94.43916423775332,86.62467834347844,87.35125939764825,85.70270557669738,84.72694499436598,83.38665994043878,83.0757560973394,82.14848810667084,81.42062011046461
82100,0.16147125309784727,0.18266211510860864,0.14515343988807292,31.607432865671445,11.850168322818801,2.5572492226135872,2.5547963085250345,88.11191133902047,94.4395710608329,86.62467399975935,87.35136384062386,85.70276696898054,84.72711148867481,83.38658880371328,83.07591930837515,82.14830156893535,81.42070444440343
82200,0.16147134551762257,0.18266246609577763,0.14515276234599814,31.607305729923254,11.84998306844912,2.5572433452439083,2.554790385897164,88.11184993483249,94.43997775789651,86.62466785813014,87.35146797792986,85.70282693995978,84.72727518176848,83.386517386577,83.07607898131391,82.1481170923106,81.42078785359385
82300,0.16147143774744518,0.18266281809094279,0.14515208385346756,31.60717864679043,11.849798219493472,2.5572374822871557,2.5547844829399926,88.1117911530478,94.44038270195396,86.62466422336972,87.35157075868099,85.70288710542006,84.72743743864962,83.38644550239397,83.07623794923327,82.14793157863379,81.4208722081348
82400,0.16147153116026916,0.18266317052083522,0.14515140518964953,31.60705168443126,11.84961363331345,2.5572316400591286,2.5547785705846167,88.11173171099033,94.4407853963155,86.62465989633064,87.35167264727032,85.70294980520843,84.72759816725863,83.38637570901825,83.07639684648834,82.14774768312662,81.42095650519795
82500,0.16147162766989004,0.18266352309683792,0.14515072828734,31.606924871974016,11.8494291997751,2.557225792936293,2.554772675025152,88.11167188596367,94.44118818611474,86.62465510863613,87.35177729874525,85.70301164459282,84.72775882279633,83.38630392265983,83.07655809428879,82.14756140335862,81.42103736770306
82600,0.16147172022822967,0.1826638693572471,0.14515005526514368,31.606798118189747,11.849245081595567,2.5572199445234425,2.554766798454146,88.11161447041921,94.44159074624977,86.62465088879996,87.35188260772416,85.70307376468,84.7279176072551,83.3862322881184,83.07672047156466,82.14737472855413,81.42111959837594
82700,0.1614718107188341,0.18266421054732743,0.1451493842496729,31.60667159629628,11.84906133170035,2.557214110766433,2.5547609138328706,88.11155740963154,94.44199143707678,86.62464631182688,87.35198510967228,85.70313451260728,84.7280725151459,83.38616125793159,83.0768807392628,82.14718821859533,81.42119946005961
82800,0.16147189978931548,0.18266454970332233,0.1451487145382668,31.60654522406366,11.848877940737841,2.557208287272204,2.554755021491159,88.11150087191254,94.44238961810085,86.62464081145183,87.3520887020139,85.70319557422268,84.72822567661895,83.38609179798031,83.07703943925348,82.14700337997331,81.42128167133423
82900,0.1614719874467156,0.1826648882779484,0.1451480481897762,31.60641882523297,11.848694850305696,2.5572024657228845,2.5547491888518734,88.1114440812796,94.44278953782982,86.62463588581538,87.35219221644847,85.70325906520927,84.72838239477882,83.38602041437935,83.07719928385312,82.1468196848383,81.42136421927323
83000,0.16147207579365164,0.18266522737036375,0.14514738402645025,31.606292467271142,11.848512038424609,2.5571966429743878,2.554743371526325,88.11138846115554,94.44318778995455,86.624633508665,87.35229513418793,85.70332275646805,84.72854293273748,83.38595029862519,83.07736022685806,82.14663835179734,81.42144923234719
83100,0.16147216426330221,0.1826655677181824,0.14514672255775127,31.606166643763995,11.848329481193831,2.5571908267061434,2.5547375914721706,88.11133149049965,94.4435859876655,86.62463184516017,87.35239781588194,85.703385271149,84.7287048184554,83.38587716409666,83.07752325379661,82.1464577906891,81.42153553661713
83200,0.16147225204787366,0.1826659069787976,0.14514606180434217,31.606040948674945,11.848147287324304,2.5571850249359804,2.5547318061629283,88.11127520504088,94.44398256288297,86.62463213079151,87.35249892212975,85.70344880257558,84.72886739533364,83.38580331811949,83.07768382573326,82.14627977804726,81.42162060844018
83300,0.16147234053018356,0.18266624509402515,0.14514540379533897,31.60591533913775,11.847965308384602,2.557179233951919,2.5547260015927904,88.11121793844552,94.44438043785091,86.6246314864595,87.3525987125939,85.70351033487785,84.72902674474555,83.3857305875812,83.07784324522228,82.14610176670556,81.42170370378629
83400,0.16147243178409654,0.18266658248070233,0.1451447461365066,31.605789931626198,11.847783620567473,2.557173451435647,2.5547201952035006,88.11116238418725,94.44477796117303,86.62462865144578,87.35269908890666,85.70357248954895,84.72918449650567,83.385658120114,83.07800110778987,82.14592589537853,81.42178564635226
83500,0.1614725207426143,0.1826669186884255,0.14514408960499062,31.6056644468542,11.847602095319342,2.5571676830657597,2.5547143890772066,88.11110716734389,94.44517838452308,86.62462704853934,87.3527996731762,85.70363527484572,84.72934169897232,83.3855869321185,83.07815599303751,82.14574922363487,81.421868279123
83600,0.16147260864613264,0.18266725634765396,0.14514343379115166,31.60553939165525,11.847420878512908,2.5571619307553473,2.5547086014262246,88.1110502793194,94.44557906092875,86.6246259566814,87.35289788107946,85.70369632401002,84.72949893026265,83.38551637877273,83.07831376650911,82.14557172306101,81.42195131976202
83700,0.1614726946684169,0.18266759249276276,0.14514278089559826,31.6054149911473,11.8472399397615,2.557156186424243,2.5547028136629697,88.1109927577444,94.44597891058005,86.62462410854269,87.35299627072963,85.7037567529821,84.72965851753922,83.3854456587429,83.07847059892784,82.14539414047391,81.42203467414936
83800,0.1614727804005848,0.1826679238017003,0.14514212916532493,31.605290549789803,11.847059414472456,2.557150453610931,2.5546970303315906,88.11093609319613,94.44637909399783,86.62462287439895,87.35309039249506,85.70381777287056,84.72981814098037,83.38537611017814,83.07862617683486,82.14521592065648,81.42211867463443
83900,0.16147286653047835,0.18266825250257557,0.14514147813054426,31.60516623424577,11.846879181149482,2.5571447259264835,2.5546912815215483,88.11088115215937,94.44678184521827,86.62462120207874,87.35318383616531,85.70387919064389,84.72997721362134,83.38530890278612,83.07878284436941,82.14503598658423,81.42220481453015
84000,0.16147295484960256,0.18266857943368983,0.14514082685801685,31.605042115362156,11.846699176112255,2.5571389875417383,2.5546855715941468,88.1108251450218,94.44718450150519,86.62461905347857,87.3532778116035,85.70394003545124,84.73013651109157,83.38523916515594,83.07894110742045,82.14485667212624,81.42229038172954
84100,0.16147304121048564,0.18266890812285605,0.14514017666323267,31.604917969901567,11.846519444738494,2.5571332571137653,2.5546798787192837,88.11077012202385,94.4475867892878,86.62461624185144,87.35337093522287,85.70400327183775,84.73029436813493,83.38516773161805,83.07909888251392,82.14467700332597,81.4223759758082
84200,0.1614731243433941,0.1826692351217623,0.14513952760217552,31.604793882731972,11.846339847288649,2.5571275263038173,2.554674226303277,88.11071373402014,94.44799154384215,86.6246136049672,87.3534650628881,85.70406688727988,84.73045226608892,83.38509856548866,83.0792581579819,82.14449764150895,81.42246218494489
84300,0.16147320974641213,0.18266955991524603,0.1451388813816137,31.604669728183016,11.846160493683294,2.55712178441491,2.554668605081232,88.11065827215042,94.4483971546385,86.62460963255302,87.3535597378056,85.70413092817341,84.73061164803899,83.38503101797316,83.07941726681301,82.1443175215659,81.42254847266665
84400,0.16147329449254463,0.1826698854347957,0.14513823636940434,31.604545895278278,11.845981397134643,2.5571160478968835,2.5546629873593383,88.1106027268748,94.44880039183592,86.62460450498365,87.35365580187906,85.70419263934615,84.73077006484142,83.38496252473233,83.07957785488087,82.14413518655263,81.42263471372216
84500,0.16147337845667958,0.18267021084620047,0.14513759249724825,31.604422099196537,11.84580250410853,2.557110320207951,2.5546573805802484,88.11054655094412,94.44920457613614,86.62459767774888,87.35375267031452,85.70425584918465,84.73092690708131,83.38489388512511,83.07974053838828,82.14395324605336,81.42271958942422
84600,0.16147346186487646,0.1826705362419417,0.1451369519374165,31.604298276077024,11.845623833766354,2.557104588481222,2.5546518045770332,88.11048987826858,94.44960960294041,86.62459124214301,87.35384960099067,85.70432157944354,84.73108665378855,83.38482602943547,83.07990267475256,82.14377084371128,81.42280373172656
84700,0.1614735484243868,0.18267086269955252,0.1451363118394842,31.604174760757875,11.845445320773567,2.5570988726734747,2.5546462560481604,88.11043276150647,94.45001656744867,86.6245858968089,87.35394739681132,85.70438474749035,84.73124694457623,83.38475939843858,83.08006576368844,82.14358825897018,81.42288926278518
84800,0.1614736357155002,0.18267119309772123,0.145135671338933,31.6040517634216,11.845267017893184,2.5570931439812026,2.5546407339343125,88.11037447806726,94.45042268954744,86.62457877163943,87.3540478428998,85.70444526045334,84.73140935857933,83.38469131539755,83.08022840039507,82.14340410967259,81.42297508940692
84900,0.16147372316656258,0.18267152245613175,0.14513503223528768,31.603928551907295,11.845089032116999,2.5570874123033205,2.554635230471994,88.11031664201671,94.45082729084584,86.62457402354505,87.35414842252891,85.70450454619831,84.7315729985633,83.38462211554506,83.08038975448322,82.14322157648834,81.42306236372441
85000,0.16147381018154,0.18267185147891604,0.1451343949557151,31.603805432802258,11.84491131604859,2.557081691699633,2.554629731578631,88.11026131554034,94.45122956210012,86.62457094235555,87.35425107913902,85.70456249732098,84.73173670429422,83.38455208026303,83.08055151127385,82.14303860590518,81.42314978135393
85100,0.1614738935847877,0.1826721789841082,0.14513375902405065,31.603682301336185,11.844733883937957,2.557075975786303,2.554624232114684,88.11020768752496,94.45163002542787,86.62456687252858,87.35435285666821,85.70461991872816,84.73190047639179,83.38448519722091,83.08071112685977,82.14285409116891,81.4232359234785
85200,0.16147397391888785,0.1826725054266173,0.14513312704896156,31.60355957447954,11.844556723747738,2.557070253097743,2.554618733126533,88.1101532898387,94.45202895813692,86.62456139418462,87.35445604434042,85.70467641937827,84.73206592785124,83.3844197445142,83.08086797941057,82.14266780545076,81.42332151463584
85300,0.16147405381446503,0.18267283174074592,0.14513249634174769,31.603437143602847,11.844379767222945,2.5570645330564905,2.5546132278727773,88.11009758437417,94.45242689262533,86.62455659888846,87.35456083732437,85.70473266198675,84.73222982732622,83.384355269136,83.08102401956099,82.14248133657192,81.4234078548999
85400,0.16147413314230918,0.1826731568307675,0.14513186669740774,31.603315175265756,11.844203042321675,2.5570588259734377,2.5546077397298266,88.11004134721357,94.45282496696161,86.62455165167388,87.35466579288321,85.70478633225366,84.73239420991118,83.38429212814913,83.08117841866301,82.14229378985432,81.42349374076315
85500,0.16147421033787532,0.18267347754146862,0.1451312381763599,31.60319335955288,11.844026530087687,2.5570531394846205,2.554602252886882,88.10998515570417,94.45322232676786,86.62454564450506,87.35477238931246,85.70484059091997,84.73255928618099,83.38422870905497,83.08133173472295,82.14210751985247,81.42357998260017
85600,0.1614742870620899,0.1826737968590983,0.14513061028501203,31.60307182225142,11.843850284773355,2.5570474707558817,2.554596750729656,88.1099300845477,94.4536189122296,86.62454121457995,87.35487814546667,85.70489423384815,84.73272201264903,83.38416511589465,83.08148537549293,82.14192099920695,81.42366373884751
85700,0.16147436604111265,0.18267411516366525,0.1451299812138522,31.602950379923914,11.843674251031175,2.557041816577026,2.5545912513599247,88.1098760664101,94.45401544883242,86.62453776157973,87.35498480788817,85.70494628171478,84.73288599957087,83.3841024617455,83.08163860778527,82.14173426045114,81.42374710333667
85800,0.16147444727189333,0.1826744345832665,0.14512935333963736,31.602829211538324,11.843498477033028,2.5570361702896993,2.5545857733082946,88.10982189405749,94.4544141687922,86.62453399996495,87.35509034840514,85.70499672266538,84.73305009477069,83.38404008896674,83.08179136362439,82.14154778223381,81.42383197329677
85900,0.1614745308959562,0.1826747526083608,0.14512872579768754,31.602708367194186,11.843323012309815,2.5570305250100733,2.5545803225764265,88.10976715507068,94.45481426792905,86.62452994956853,87.35519531305026,85.70504724517944,84.73321574303087,83.38397620340808,83.08194373163069,82.14136091107737,81.42391834117488
86000,0.161474616124098,0.18267506990489424,0.14512809862681894,31.602587807252593,11.843147749380483,2.5570248836089604,2.554574884679378,88.1097113413136,94.4552157253071,86.62452581399393,87.3553007968335,85.70509771072406,84.73338150043227,83.38391052454524,83.08209583678172,82.1411727277192,81.42400273854274
86100,0.16147470246536594,0.18267538554982055,0.14512747170350823,31.602467656027642,11.842972718308921,2.5570192492098354,2.5545694832060266,88.1096558712574,94.45561808244543,86.62452000659114,87.35540386252731,85.7051473892492,84.73354878456867,83.38384358670491,83.08225037722518,82.1409857572343,81.42408881873237
86200,0.16147479118389085,0.18267570394673197,0.14512684770063522,31.602347649788,11.842797915698164,2.557013627818336,2.554564073042656,88.10959981054764,94.45602067753654,86.62451117469557,87.35550669355274,85.70519812863752,84.73371639289451,83.38377794750875,83.08240396057572,82.14080042928761,81.42417505866608
86300,0.16147488255700432,0.18267602287300752,0.14512622709585657,31.602228107990722,11.842623361829268,2.5570080121248946,2.5545586800288365,88.10954418570269,94.45642234429351,86.62450210772354,87.35561027901208,85.70524689392181,84.7338825143878,83.38371114455654,83.08255757026551,82.14061506537371,81.4242607156342
86400,0.16147497369654518,0.18267634307957423,0.1451256089839401,31.602108703542534,11.842449021489474,2.5570023973844047,2.554553259855727,88.10948879970636,94.45682246514983,86.62449311523439,87.35571378092915,85.70529458380024,84.73404670655948,83.38364417595622,83.08271148349986,82.14043104012266,81.42434303920703
86500,0.16147506600676195,0.1826766626916729,0.145124992562095,31.60198931087829,11.842274956656404,2.5569967866628627,2.55454782421907,88.10943316016754,94.45722059124346,86.62448653142621,87.35581483211516,85.70534235838636,84.73420957371347,83.38357672310266,83.08286689270525,82.14024715744556,81.42442445115094
86600,0.16147515695103587,0.18267698253369952,0.14512437713798737,31.601869955334962,11.84210114724228,2.5569911834151804,2.5545424055682897,88.10937754530413,94.4576151540897,86.62448155301412,87.3559167097246,85.70539043906403,84.73437309891793,83.38351045912684,83.08302397201935,82.14006041271138,81.42450743105206
86700,0.16147524393583462,0.1826773006420164,0.14512376347912845,31.601750805633227,11.841927655360374,2.5569856039138115,2.554536964079158,88.10932249809508,94.45800751525827,86.62447627571603,87.35601762326372,85.70543927657862,84.73453322245456,83.38344688290508,83.08318065226786,82.13987391330518,81.42459050122959
86800,0.161475326877141,0.18267762263396362,0.14512315173981602,31.601632241591055,11.841754553748483,2.5569800445592374,2.5545315033725955,88.10926776101944,94.45839532527401,86.62447017861847,87.3561194424739,85.70548774872061,84.73468952610565,83.38338541620952,83.0833340576347,82.13968674663988,81.4246729893241
86900,0.16147540829107027,0.18267794525118453,0.14512254292009952,31.60151396694415,11.841581761968996,2.5569744961369603,2.554526064479276,88.10921496861263,94.45878244171035,86.62446500495344,87.35622332106438,85.7055366809032,84.73484631091576,83.38332336421115,83.0834868962089,82.13950119107504,81.42475559498656
87000,0.16147549081778365,0.18267826508534774,0.14512193534074488,31.60139587878426,11.841409384191145,2.5569689724850426,2.5545206276744548,88.10916334303026,94.45916755967143,86.62445973823303,87.35632445019182,85.70558771968545,84.73500141844809,83.38326113356987,83.08364104981234,82.13931791065113,81.4248397012529
87100,0.16147557542657526,0.18267858743390059,0.1451213286970243,31.60127805202726,11.841237301027366,2.556963460022208,2.554515198776598,88.10911140813668,94.45954910928799,86.62445120465952,87.35642595641491,85.70563908971646,84.7351576327136,83.38319857899852,83.08379655925792,82.13913775968852,81.4249237960865
87200,0.16147566281755593,0.18267891528475858,0.14512072215769786,31.601160414847755,11.841065574664908,2.5569579379287344,2.5545097589442474,88.10905943818476,94.45992827705395,86.62444113818954,87.35652514868929,85.70568778568845,84.73531408975867,83.38313410327068,83.08395054080212,82.1389561108043,81.4250073666402
87300,0.16147575157586228,0.18267924261417812,0.14512011547309553,31.601043047030746,11.84089421683832,2.5569524225099536,2.554504323864324,88.10900830101734,94.46030577878486,86.6244305103951,87.35662320525256,85.70573643276907,84.7354699459358,83.38306737031623,83.08410574105156,82.1387757565328,81.4250897236648
87400,0.1614758364193608,0.18267956626928275,0.1451195103526619,31.60092554212724,11.840723077426297,2.55694691413926,2.5544989058720984,88.10895726701074,94.46068240575093,86.62442202219407,87.35672339512465,85.7057877436002,84.73562666458552,83.38299984282483,83.08426288400625,82.13859636888297,81.42517264347394
87500,0.16147592138571087,0.18267988783701405,0.14511890609514477,31.600808571703215,11.840552283147964,2.5569414313581365,2.554493487352668,88.10890444176474,94.4610569758835,86.62441374624898,87.35682362467105,85.70584018162444,84.73578219477983,83.38293198824016,83.0844195205584,82.13841709556954,81.42525677018403
87600,0.161476006275536,0.18268021041203125,0.14511830397848388,31.600691874630797,11.840381876503805,2.5569359546348203,2.554488065224819,88.10885064130643,94.46142928677617,86.62440665451278,87.35692329809112,85.70589305578527,84.7359357864733,83.38286430001884,83.0845756866999,82.13823524372042,81.4253381026724
87700,0.16147608978396086,0.1826805315933257,0.14511770372210192,31.600576010847902,11.84021169145439,2.5569304627153326,2.554482661932978,88.1087913189327,94.46180106855506,86.62439824406559,87.35702411316352,85.70594655828923,84.7360895844544,83.38279525517042,83.08473185674644,82.13804912639962,81.42542123919537
87800,0.16147617053871613,0.18268085196931666,0.14511710448309365,31.60046019278912,11.840041774515472,2.556924962515465,2.554477251488702,88.10873211083725,94.46217233579443,86.62438792879661,87.35712514633914,85.70600023903378,84.73624173550094,83.38272560039859,83.08488499141194,82.13786227079387,81.42550307751053
87900,0.16147625175132382,0.18268117333917613,0.1451165058643018,31.600344482313535,11.839872008656416,2.556919472539135,2.554471868354354,88.10867463142957,94.46254420883028,86.62437683492493,87.35722637459244,85.70605466688188,84.73639651594416,83.38265439438737,83.08503879502537,82.13767538418116,81.42558890922031
88000,0.16147633133082234,0.1826814906743735,0.14511590781607464,31.600228852182408,11.839702660003278,2.5569139741200586,2.5544664910046033,88.1086169397053,94.46291426142328,86.62436512050702,87.35732816464119,85.70610962788699,84.73655001094423,83.38258101120653,83.08519231742068,82.13748858022808,81.42567239937975
88100,0.1614764114149197,0.1826818073793574,0.1451153121234416,31.60011328838702,11.839533697485082,2.556908485723636,2.5544611372714776,88.10855752219642,94.46328272754344,86.6243534821921,87.35743015619757,85.70616517798844,84.73670271505848,83.38250955292031,83.08534617958425,82.13730347310681,81.42575625771133
88200,0.16147649622797713,0.1826821238453908,0.14511471714458576,31.599998053101153,11.839365049561101,2.556903010097321,2.554455796101515,88.10849777256672,94.46365098563152,86.62434027044539,87.35753124017991,85.70622034268804,84.73685333778363,83.38243994896534,83.08550196042229,82.13711816643693,81.42584046398952
88300,0.16147658164346382,0.18268243809351428,0.1451141264165973,31.599883129509273,11.839196624770493,2.5568975489453085,2.554450468194038,88.1084386789272,94.46401966868162,86.62432667498027,87.35763442401945,85.70627584084781,84.73700291788664,83.3823696955819,83.0856587106591,82.13693069868981,81.4259227316546
88400,0.16147666537659336,0.18268275386324648,0.14511353441723399,31.59976806397509,11.83902854548581,2.556892100535196,2.55444514217686,88.10837966077223,94.46438733982332,86.62431246563717,87.35773538354283,85.70633195030446,84.7371552523979,83.38230173918167,83.08581498407139,82.13674381969395,81.42600483950282
88500,0.1614767486203982,0.18268307070537468,0.14511294116298695,31.599652793200093,11.838860688699445,2.5568866486936312,2.5544398339542873,88.10832258224706,94.46475493080898,86.62429748342683,87.35783819273688,85.70638868903441,84.73730973817395,83.3822338759272,83.08597037824741,82.13655808457082,81.42608659783897
88600,0.16147683001720783,0.18268338514223847,0.1451123478480316,31.599537866715043,11.838693051265672,2.5568812256677385,2.554434507625697,88.10826539198693,94.46512032029578,86.62428227610194,87.35794032934137,85.70644558425286,84.73746352851857,83.3821662823786,83.08612395731026,82.13637197434716,81.42616599694892
88700,0.16147690937358317,0.18268369595543368,0.14511175547744284,31.599423046120915,11.83852571023589,2.5568758293696154,2.5544291702497373,88.10821057883764,94.46548398377104,86.62426698534145,87.35804033370135,85.70650253738977,84.73761744121701,83.38209924031977,83.08627405833738,82.13618723161986,81.42624530533166
88800,0.16147698653427975,0.1826840074081822,0.14511116464307008,31.599308492343543,11.838358694342547,2.5568704305801377,2.5544238370042813,88.10815528387579,94.46584603349714,86.62425035982875,87.35813833885136,85.70655780238332,84.73777203517783,83.38203309961062,83.08642201639948,82.13600145785634,81.42632355032153
88900,0.1614770652423876,0.18268432274263077,0.1451105761574737,31.599193766798145,11.838191925863248,2.556865049684334,2.5544184903975613,88.1081037863093,94.46620796905677,86.62423504690561,87.35823450711686,85.70661350313863,84.73792523693655,83.38196767179467,83.08656780383474,82.13581610866835,81.42640075745369
89000,0.16147714541952052,0.18268463843565808,0.14510999098897506,31.59907915907309,11.838025428693895,2.5568596888882156,2.5544131382090196,88.10805564379373,94.46656956800845,86.62422311972051,87.35832888644782,85.7066696977349,84.73807679397618,83.38190116665969,83.08671169708033,82.13563215749018,81.42647809723577
89100,0.16147722439860582,0.18268495376370658,0.1451094071576427,31.59896457117733,11.837859120679997,2.5568543270278874,2.554407794813036,88.10800665416748,94.46693125673679,86.62421129810247,87.35842535468322,85.70672646726416,84.73822687740282,83.38183517599218,83.08685406534006,82.1354495669741,81.42655597926488
89200,0.16147730225516949,0.1826852665690013,0.14510882340191558,31.598850138515406,11.837693140090792,2.556848980655625,2.5544024545900967,88.10795957377539,94.4672904257009,86.62419888074491,87.35852039100315,85.7067824930721,84.7383792118748,83.38177104057729,83.08699745368587,82.13526706239868,81.42663450077842
89300,0.16147738010328086,0.18268557408445055,0.145108239881611,31.598735982150934,11.837527419136691,2.5568436529371006,2.5543970964376146,88.10791371517676,94.467648174909,86.62418667975778,87.35861555482012,85.70683647004073,84.7385291545009,83.38170705907696,83.08713793478769,82.1350876417179,81.42671144843688
89400,0.1614774529200306,0.1826858767485814,0.14510765647879492,31.598621959643793,11.837361908263443,2.556838344488556,2.5543917348384375,88.10786853224386,94.4680056744797,86.62417438551176,87.35870993615158,85.70689190041078,84.73867871080695,83.38164406973756,83.08727763161055,82.13490698071617,81.4267876125715
89500,0.16147752232738077,0.1826861793009208,0.145107072642356,31.598508140878675,11.837196746663722,2.556833050387752,2.5543863555937794,88.10782315031128,94.46836035695915,86.62416361826916,87.35880250090354,85.7069485908963,84.73882755228489,83.38158011838483,83.08741679516615,82.13472719896743,81.42686235197841
89600,0.1614775898746611,0.18268647994097098,0.1451064896890072,31.598394731152556,11.837031856564836,2.5568277656672094,2.554380987722701,88.10777761218304,94.46871477030977,86.62415193646335,87.35889277847608,85.70700426622768,84.73897708491556,83.38151661312371,83.08755528664116,82.13454761125807,81.42693764743821
89700,0.1614776577622871,0.18268677846062198,0.14510590770168608,31.598281401578777,11.836867148005556,2.556822479842283,2.554375644472885,88.1077311564855,94.46906897322998,86.6241403071783,87.35898367633435,85.70706277567058,84.73912831790011,83.38145310687953,83.0876953665423,82.1343689544167,81.42701192776654
89800,0.1614777247423405,0.18268708112786072,0.14510532622134115,31.59816824166335,11.836702792086001,2.556817198212637,2.5543702890233635,88.10768511373003,94.46941927146175,86.62412994474948,87.35907260462541,85.70712002375159,84.73927589535454,83.38138829844172,83.08783500659592,82.1341906343102,81.42708512041958
89900,0.16147779038479126,0.18268738437601065,0.14510474724544384,31.598055466436918,11.836538583085508,2.5568119076898337,2.5543649483643067,88.10763855468569,94.46976917376045,86.6241219999561,87.35916108409785,85.70717212459058,84.73942533334389,83.38131975086685,83.08797521129107,82.13400988307035,81.42715979205832
90000,0.16147785536726525,0.18268768837842647,0.14510417027947453,31.597942982658196,11.836374560811896,2.5568066299233663,2.554359608771776,88.10759203492883,94.47011884129104,86.62411324744369,87.35924907121812,85.70722481403733,84.7395724141676,83.38125199144132,83.0881166280803,82.13382764611988,81.42723348046971
90100,0.1614779208285027,0.18268799275181014,0.14510359449297128,31.597830615808864,11.836210790828664,2.556801370639972,2.5543542780564046,88.10754755132169,94.47046681807058,86.62410560800926,87.35933529262556,85.70727547839746,84.73971971066345,83.3811836458399,83.08826078285506,82.13364743496442,81.42730762641038
90200,0.16147798834576885,0.18268829543397802,0.14510302056384555,31.59771843385707,11.836047309871718,2.5567961267291412,2.5543489443222285,88.10750398561592,94.47081367299337,86.6240993255004,87.35942190241822,85.70732570227501,84.73986631416552,83.38111572280513,83.08840415810356,82.13346741538194,81.42738122466181
90300,0.1614780553584605,0.18268859753565675,0.14510245001553512,31.59760615007631,11.835884155989898,2.55679089947099,2.5543435940175017,88.10745991815,94.47115613207482,86.62409156974384,87.35950990378203,85.70737717579708,84.74001190531334,83.38104954048347,83.08854661944845,82.13329002786479,81.42745621828928
90400,0.16147812184531438,0.18268889964979423,0.14510188219261683,31.59749418767009,11.835721261776728,2.5567856839064262,2.5543382450627092,88.10741507040562,94.47149655994195,86.62408133601016,87.35959858917587,85.70742897498954,84.74015625656095,83.38098551571687,83.08868914849855,82.13311460716496,81.42753068996791
90500,0.16147818826330496,0.18268920372824426,0.14510131524222727,31.59738230827054,11.835558548633196,2.55678048590415,2.554332892679589,88.10736897890855,94.47183644131339,86.62407064347546,87.35968878501889,85.70748302988605,84.74029954722032,83.38092353019195,83.0888293297144,82.13293893299668,81.42760474536574
90600,0.16147825590090964,0.18268950632521747,0.1451007470407062,31.597270909332593,11.835396054667047,2.556775295551755,2.5543275481200314,88.10732152960405,94.47217734337629,86.62405866549214,87.35977852257315,85.70753593480457,84.74044184805854,83.38086029868211,83.08897034230063,82.13276354504873,81.42767841427285
90700,0.16147832744458718,0.182689807114436,0.14510017723093072,31.59715981479076,11.835233842459468,2.5567701165326975,2.5543222055667716,88.10727255157565,94.47251702767235,86.62404639076595,87.35986745706391,85.70758830027611,84.7405796190739,83.38079689585119,83.08911087537086,82.13258983907876,81.42775258001001
90800,0.16147839826418361,0.18269010804395305,0.14509960779339032,31.597048068460722,11.835071762411985,2.5567649591649078,2.5543168631477178,88.107225822924,94.47285662142923,86.62403424211622,87.35995565228058,85.70764341867269,84.74071832812297,83.38073773218102,83.08925198270158,82.1324176369999,81.42782534049049
90900,0.16147846790540632,0.18269040922661658,0.14509903955487902,31.596936522077133,11.83490997674704,2.5567597952688565,2.55431153893545,88.10718007405688,94.47319561303574,86.62402270387796,87.36004166632006,85.70769630642457,84.74085525657709,83.38067751706457,83.08939209911505,82.13224642746408,81.42790102221377
91000,0.16147853884484273,0.1826907138949013,0.1450984710308988,31.596824715204153,11.834748348917111,2.5567546335245583,2.5543062341208738,88.10713456978279,94.4735364406513,86.62401238130151,87.360127679518,85.70775225633894,84.74099197998144,83.3806161655565,83.08953276024936,82.13207475283576,81.42797589928149
91100,0.1614786100662637,0.1826910195683269,0.1450979027210729,31.596713038777732,11.83458696843029,2.5567494732409437,2.554300962452467,88.10709083197845,94.4738776010153,86.6239972879446,87.36021208263121,85.70780774183018,84.74113077170048,83.38055771719213,83.08967597754778,82.13190567538471,81.42805267184555
91200,0.16147867995347565,0.18269132123161239,0.1450973347460332,31.59660118123364,11.834425849579322,2.55674433185476,2.554295681283347,88.10704719713586,94.47421950830348,86.62398418943239,87.36029447058806,85.70786305716808,84.74126926073339,83.38049907625609,83.08981809695024,82.13173723104839,81.42812831309132
91300,0.16147874851196148,0.18269162124113936,0.14509676915256606,31.596489823874933,11.83426498564712,2.5567392047734723,2.5542903947947604,88.10700416336266,94.4745590832905,86.62397059061614,87.36037871270885,85.70791626549399,84.74140650895816,83.3804412505156,83.08995948262817,82.13156927567118,81.4282050251335
91400,0.16147881681971019,0.18269191722814346,0.14509620371425277,31.596378216808006,11.83410431281464,2.556734098472547,2.5542850968928508,88.10696234258648,94.47489856802389,86.6239582836951,87.36046182021526,85.70797008675974,84.74154330959125,83.38038453419468,83.09010190163174,82.13139902703526,81.42828124917136
91500,0.1614788824597303,0.18269221072699576,0.14509563648759372,31.596266850612345,11.833943874322014,2.556728993986027,2.554279792279919,88.10692164522769,94.47523533519598,86.62394777311715,87.36054542002049,85.70802207216227,84.74168129910603,83.38032604509783,83.09024324911637,82.131227969374,81.42835710257496
91600,0.16147894594175852,0.18269250446812643,0.14509506768505412,31.596155505891396,11.833783679344641,2.556723894142583,2.554274490031605,88.10688035240722,94.47557125526414,86.62393749424524,87.36062998587826,85.70807731063292,84.7418193444226,83.38026761158363,83.09038452685651,82.1310553368315,81.42843117876153
91700,0.16147900819714636,0.18269280003776833,0.1450945004785244,31.596044128107636,11.833623720056574,2.5567188170258364,2.5542691532972084,88.10683908971151,94.47590533659877,86.62392728925431,87.36071393403738,85.70813363943897,84.7419573062571,83.38021008164579,83.09052480753618,82.13088468858008,81.4285030267248
91800,0.16147906980033333,0.18269309986847176,0.14509393519717212,31.595932983792014,11.833464098162324,2.5567137512561233,2.554263824530665,88.10679806577967,94.47623783588055,86.62391753734316,87.36079681722502,85.7081913155078,84.74209445283851,83.38015391398027,83.09066662539328,82.13071374479603,81.42857477657498
91900,0.16147912998043298,0.1826933984134882,0.14509337087789795,31.595822169670026,11.833304931972743,2.5567086913919272,2.5542585199218775,88.10675581632842,94.47656905883927,86.62390547975085,87.36087855308939,85.70824985544878,84.7422303806918,83.38009748190733,83.09080659461195,82.13054338221184,81.42864721845815
92000,0.1614791901218216,0.18269369382985862,0.14509280602234084,31.59571139180075,11.833145905330294,2.5567036430355956,2.554253233981973,88.10671128504477,94.47690198787426,86.6238950798307,87.3609617487379,85.70830807681345,84.74236791978636,83.38004345767384,83.09094942264824,82.13037300129727,81.42871951349305
92100,0.16147924923388832,0.1826939902914992,0.1450922408136179,31.595600741256362,11.832987123808259,2.5566985839155123,2.554247989094167,88.10666733144929,94.47723599900154,86.62388371509353,87.36104436566251,85.70836695975535,84.74250682246682,83.3799867784671,83.09109235943565,82.13020183162531,81.42879334192297
92200,0.16147930588133325,0.1826942880650269,0.14509167830214045,31.595490145466332,11.832828654700716,2.5566935190788387,2.554242755538742,88.10662281372231,94.47756818676548,86.62387165777326,87.36112453338653,85.70842624086796,84.74264825753094,83.37992878106208,83.09123433654165,82.13003145848991,81.42886676776101
92300,0.16147936282746225,0.18269458457151724,0.14509112013084155,31.595380014253045,11.83267034162799,2.556688453578201,2.5542375591663533,88.10657810143091,94.47790063781277,86.6238575561113,87.36120730234572,85.70848495474249,84.74279081324869,83.37986931134357,83.09137821217604,82.12986126770663,81.42893961239423
92400,0.16147941985820907,0.18269487620075553,0.14509056262285847,31.59527017746348,11.832512298771439,2.5566833811961436,2.554232379510725,88.1065353670044,94.47823197242958,86.62384153738385,87.36129021408966,85.70854340668352,84.74293399364146,83.37980909830809,83.09152067250801,82.12969113195591,81.42901241174606
92500,0.1614794742168354,0.18269516900008412,0.14509000807254924,31.59516037813243,11.832354435021342,2.556678315613145,2.5542272295045128,88.10649250623982,94.47856356982795,86.62382359722051,87.3613759606775,85.70860306417102,84.7430765518946,83.3797477791713,83.09166443214927,82.12952204933615,81.42908501842146
92600,0.16147952921234685,0.1826954629356124,0.14508945428398926,31.595050747352467,11.832196858152194,2.5566732483286656,2.5542220741186314,88.10644818716223,94.47889418270151,86.62380784381816,87.36146071516563,85.70866152965584,84.74321949311123,83.37968499062774,83.09180805928278,82.12935300210302,81.42915638988711
92700,0.16147958288587308,0.1826957574293002,0.1450888992817675,31.594941239696208,11.832039608945134,2.5566681940638096,2.554216915990764,88.10640536223467,94.47922317349575,86.62379178853813,87.36154543399358,85.7087211565925,84.74336007023689,83.37962122280084,83.09194938791117,82.12918213093008,81.42922794923439
92800,0.16147963535886578,0.18269605185970575,0.1450883436752856,31.59483150786437,11.831882654504486,2.5566631475350032,2.5542117685811596,88.10636376048939,94.47955065737202,86.62377648589178,87.361630427863,85.7087800657841,84.74350176963605,83.37955771693817,83.09209122892901,82.12901462475153,81.42929917676025
92900,0.1614796877380887,0.18269634571505247,0.14508778926356747,31.594721913481223,11.831725963472342,2.5566581105965986,2.5542066120857694,88.10632227875797,94.47987563327328,86.62376277361223,87.3617152153799,85.7088389025044,84.74364379827772,83.37949538110388,83.09223019844842,82.12884635816637,81.42936967212715
93000,0.1614797395859701,0.18269663637277,0.14508723577912333,31.594612626093813,11.831569485529352,2.5566530667753518,2.554201479318317,88.10628027925559,94.48020014183415,86.62374847366041,87.36180156631904,85.70889670474686,84.74378423717802,83.3794328429511,83.0923697994953,82.12867786140397,81.42944134790807
93100,0.16147979439047888,0.18269692246297783,0.14508668393860535,31.594503260556078,11.831413273826154,2.5566480421399578,2.5541963437149375,88.10623914274731,94.4805241005046,86.62373553756801,87.36188614375887,85.70895497229247,84.7439259054432,83.37937044931249,83.09250806589819,82.12851019881687,81.42951190448964
93200,0.16147985085761782,0.1826972088981244,0.14508613158442568,31.594394278780026,11.83125724161646,2.556643018190734,2.5541912170484053,88.10619740543957,94.4808477819296,86.623722771192,87.36197233291604,85.70901200028744,84.74406606066572,83.37930884035522,83.09264702398748,82.1283419999298,81.42958176306938
93300,0.16147990621350752,0.18269749228620663,0.14508557861910293,31.594285221309256,11.831101473583217,2.5566380035227168,2.5541860965416214,88.10615595510829,94.48116983055318,86.62370797248673,87.3620588006113,85.70907125374643,84.74420503895982,83.3792493300263,83.09278526524902,82.12817518643892,81.42965368480083
93400,0.16147996153663144,0.18269777672722173,0.145085023346047,31.594176239751846,11.830945984641598,2.556632992036066,2.5541809823582797,88.10611299149286,94.48149209238807,86.62369446834815,87.36214577036422,85.70913117160744,84.74434192812042,83.37918893773892,83.0929231752258,82.12800800607025,81.429723755526
93500,0.16148001707842266,0.18269806397772306,0.14508446796334715,31.594067151731153,11.830790725197204,2.5566279865544055,2.554175870367991,88.1060710238632,94.48181444678387,86.62368130769644,87.3622330785645,85.70919189732263,84.74447832569675,83.37912910046981,83.09305853380624,82.12784277835647,81.42979240101117
93600,0.1614800751178944,0.18269835293144218,0.14508391370565032,31.593958266443135,11.830635628567432,2.5566229767679136,2.554170776131199,88.1060272215219,94.48213756766269,86.62366938754569,87.36232178169325,85.70925125410938,84.74461493456006,83.37906591970558,83.09319254659403,82.12767755223513,81.42985984619754
93700,0.16148013480392062,0.18269864385239704,0.14508336030036822,31.593848887854122,11.830480863430276,2.5566179737235304,2.5541657033927554,88.10598714651562,94.48245820812379,86.62365765604187,87.36241169740943,85.70930961021205,84.74475125428955,83.3790047120169,83.09332662727464,82.12751352745056,81.42992792881552
93800,0.1614801957517728,0.1826989367388052,0.14508280525190081,31.59373986587813,11.830326410220783,2.5566129743071473,2.55416065665322,88.10594557580633,94.48277866032164,86.62364530698417,87.36250096541806,85.70936811865297,84.74488885665863,83.3789443890495,83.09345996731847,82.12734911649146,81.42999678948962
93900,0.16148025654958922,0.1826992298962619,0.1450822518253142,31.593630895096283,11.830172267186576,2.556608006158389,2.5541556130418157,88.10590498788861,94.48309625567713,86.62363359705688,87.36259021210749,85.70942753871739,84.74502326780016,83.37888352374635,83.09359444390846,82.12718657409768,81.43006513544367
94000,0.16148031644786942,0.18269952559634534,0.1450816996781523,31.593522222249014,11.830018227181734,2.5566030526824837,2.5541505480001074,88.10586490514908,94.48341333442663,86.62362075420253,87.36268043859,85.70948692282617,84.74515927305879,83.37882296198332,83.09372584535446,82.12702409469264,81.43013206828479
94100,0.16148037415223143,0.18269982287995884,0.14508114795537325,31.593413529880998,11.82986444219191,2.55659811741004,2.5541454860098862,88.10582546459406,94.48372716572985,86.62360802735424,87.36277057966522,85.70954483761848,84.74529542824213,83.37876139354664,83.09385657791452,82.12686337725194,81.43019776273181
94200,0.16148043017043098,0.18270011783062165,0.14508059783982424,31.593305347027012,11.829710924775341,2.55659318261454,2.554140417890674,88.10578630544482,94.4840377488294,86.623593544328,87.36286178850432,85.70960249098339,84.74542943584274,83.37869909353897,83.09398713139679,82.12669910386029,81.43026276509262
94300,0.16148048680476934,0.182700410604668,0.14508004677021785,31.59319756997262,11.829557601646684,2.556588249758439,2.554135360964673,88.10574502448434,94.48434729345442,86.62357870021046,87.36295396445422,85.70965844639079,84.74556499551126,83.37863643696386,83.09411809906669,82.1265341754151,81.43032676541667
94400,0.16148054290314964,0.182700700662827,0.1450794972220285,31.593089768498093,11.829404528860854,2.5565833098999975,2.55413031021875,88.10570485131358,94.4846548060483,86.62356410446948,87.36304674870539,85.7097148765758,84.74570163270418,83.37857305108136,83.0942485610417,82.12637016619419,81.4303905725997
94500,0.16148059715091778,0.18270098997256146,0.14507894969879498,31.592982105293398,11.829251722516338,2.5565783569890908,2.554125277740076,88.10566239193827,94.48496131874525,86.62354972839562,87.363137205206,85.70977131870971,84.74583942257874,83.37850899742257,83.09437992259375,82.12620452661662,81.4304559912027
94600,0.16148064953513255,0.18270128055701434,0.1450784029342853,31.59287466163723,11.829099226727537,2.5565734271648703,2.554120235864874,88.10562232907232,94.4852662345486,86.62353512792806,87.3632270126639,85.70982925141584,84.74597477510356,83.37844518380864,83.09450855247012,82.12603786955317,81.43052167983062
94700,0.1614807015511733,0.18270157214859614,0.14507785492569453,31.592767400293464,11.828947003897555,2.556568493143512,2.5541152043918625,88.10558243653277,94.48557026127556,86.62351936848164,87.36331663419462,85.70988548451888,84.7461098798137,83.37838197508796,83.09463555998738,82.1258715247895,81.43058873724166
94800,0.16148075511456988,0.1827018635063725,0.14507730671368865,31.592660495042253,11.828795124237317,2.556563560074846,2.554110178914008,88.10554091682955,94.48587234729175,86.6235037517532,87.36340741721257,85.70994216040035,84.746242129848,83.37831862883256,83.09475913505653,82.1257031753031,81.43065676345054
94900,0.16148080743318735,0.18270215447953903,0.14507675760917987,31.592553594068196,11.828643526674265,2.5565586229160986,2.5541051522825273,88.10549970392758,94.48617316317664,86.62348604169657,87.36349783660762,85.70999803693576,84.74637352958851,83.37825426585174,83.09488352313497,82.12553724501167,81.430722498157
95000,0.16148085808345258,0.18270244925345192,0.14507620989988454,31.592447118607033,11.82849212906875,2.5565536963492135,2.554100122782744,88.10545913311837,94.48647472539676,86.62346665607133,87.36358734479427,85.71005149526172,84.74650373582917,83.37818843253802,83.09500612237281,82.12537098333728,81.43078779267044
95100,0.16148090851028643,0.18270274482978047,0.14507566357243934,31.59234080664889,11.828340942555162,2.556548781956826,2.5540951038309414,88.10541826519841,94.48677467055671,86.62344596180495,87.36367728103264,85.71010603413133,84.74663247125444,83.37812319807973,83.0951281164683,82.12520717991274,81.43085317701299
95200,0.16148096014956848,0.1827030410967092,0.14507511949208235,31.592234500830447,11.828189839490669,2.556543871599613,2.554090078936946,88.10537904367885,94.48707672265712,86.6234259851953,87.36376670878397,85.7101584699497,84.74676018422105,83.37805870892157,83.09525038933381,82.12504419481533,81.4309164551344
95300,0.16148101122702946,0.18270333745001363,0.14507457571595195,31.592128417724773,11.828038985801152,2.5565389804948433,2.5540850576827894,88.10534137712673,94.48737964193846,86.62340469833798,87.36385420498952,85.71021118683002,84.74688702792753,83.37799368339958,83.09537257111984,82.12488243571691,81.43098034591509
95400,0.1614810622899559,0.18270363302068676,0.14507403270031793,31.59202225179091,11.827888393812358,2.5565340861742927,2.554080052512508,88.10530463948638,94.48768029907852,86.62338162102257,87.36394394419361,85.71026358601164,84.74701212725097,83.37792784357748,83.0954967133111,82.12472190489643,81.43104445547164
95500,0.16148111411776664,0.18270392917291622,0.14507349199790695,31.59191631321794,11.82773802344667,2.556529189915271,2.5540750605754434,88.10526737265613,94.48798018515184,86.62335778849354,87.36403486295801,85.71031397477152,84.74713619350355,83.37786088827654,83.09562019286265,82.12456178918124,81.43110937433268
95600,0.1614811658315038,0.1827042260785577,0.14507294942397522,31.59181073773926,11.827587872849728,2.5565243012431598,2.554070057854937,88.10523081775722,94.48827734052102,86.62333262074954,87.36412654041273,85.71036254828302,84.74726008021824,83.37779421158687,83.09574434294852,82.1244017879401,81.43117218352485
95700,0.16148121820942446,0.1827045267942139,0.14507240382277684,31.591705613536735,11.827438055876843,2.5565194241192026,2.5540650712550237,88.10519387812573,94.48857148252864,86.6233065425891,87.36421806994802,85.71041122165978,84.74738371832747,83.37772701959975,83.09586676497545,82.12424148288609,81.43123404723684
95800,0.16148127055624428,0.18270482613058023,0.14507186142719888,31.59160069113772,11.827288537987906,2.5565145630308588,2.55406004584336,88.10515650225061,94.48886223881404,86.62328051058223,87.36430680268529,85.71046023266726,84.74750572546434,83.37766051207306,83.09598926378756,82.12408293815743,81.43129356982675
95900,0.16148132639458618,0.1827051265234782,0.14507132234895256,31.591495598568283,11.827139246014887,2.556509704529955,2.5540550261641304,88.10512126078177,94.48914998722827,86.62325598743094,87.364397769764,85.7105091804503,84.74762653952705,83.37759323912054,83.09610865378632,82.12392415927583,81.43135250980015
96000,0.1614813871245823,0.18270542478041057,0.14507078342212668,31.591390566640143,11.826990224704232,2.556504870958227,2.5540500171106193,88.10508832157866,94.48943722233594,86.62323215941046,87.36448794228518,85.71055703248153,84.74774688802451,83.37752680091823,83.09622798422151,82.12376678281521,81.43141094482617
96100,0.1614814494927341,0.182705725562119,0.14507024321204506,31.5912855681149,11.826841475800823,2.556500035933421,2.5540450155121897,88.10505514123842,94.48972318560841,86.62320794089302,87.36457833723018,85.71060637927856,84.74786735545632,83.3774599090278,83.09634736338032,82.12360979348527,81.43146818649656
96200,0.16148151452751672,0.1827060264367182,0.1450697047333798,31.5911805167305,11.826693123756275,2.5564952036970867,2.5540400175137985,88.10502252708783,94.49000629069421,86.6231852575064,87.36466854851565,85.71065542749011,84.74798618041845,83.37739132657654,83.09646507015171,82.12345239533822,81.43152554463907
96300,0.16148157892068712,0.1827063273891703,0.14506916742763679,31.59107606995941,11.826544978280713,2.556490369972864,2.554035042979854,88.10499092526285,94.49028968339864,86.62316211038782,87.36476007885908,85.71070154735258,84.74810483493961,83.37732148381966,83.09658372465495,82.12329438986004,81.43158266810859
96400,0.1614816427832946,0.18270662651005984,0.14506862897125097,31.590971476913175,11.826397129012367,2.556485553200199,2.554030053792311,88.10496034414463,94.49057032893597,86.62314035512087,87.36484844663484,85.71074937325672,84.74822103889005,83.37725298106234,83.09670366731577,82.12313699589053,81.43164003712128
96500,0.16148170815072813,0.18270692581634068,0.14506809253030373,31.590866828478433,11.826249354546027,2.556480722450997,2.554025083906099,88.10493114910092,94.49085146058012,86.62311934343951,87.36493777657887,85.71079491630904,84.74834089476052,83.37718369931238,83.09682275766122,82.12297791402109,81.43169914171452
96600,0.16148177293462035,0.1827072273097969,0.14506755841978317,31.590762372696247,11.826101858505089,2.5564758768765454,2.554020110361019,88.10490233898287,94.49113041587455,86.62309842118938,87.36502803539797,85.71083819655203,84.74845882957523,83.37711238373913,83.09694273136677,82.12281743433063,81.4317559143706
96700,0.16148183637657618,0.18270752558254513,0.14506702646236722,31.590657924771993,11.825954600574578,2.556471040728342,2.5540151606975807,88.10487318356653,94.49140751047958,86.6230797699086,87.36511953466483,85.71088248735643,84.7485786687085,83.37704287284102,83.09706331538221,82.12265656152884,81.43181331581349
96800,0.16148189953278475,0.18270782091965682,0.1450664965687938,31.59055373519053,11.825807496537687,2.556466198673617,2.554010215863615,88.10484317246711,94.49168501635133,86.62306136610074,87.36521240401467,85.7109256280458,84.74869919580894,83.37697167769333,83.09718326629691,82.12249667849147,81.43186989214047
96900,0.16148196336103793,0.1827081129543263,0.14506596785014528,31.59044957692997,11.82566061518098,2.5564613733311177,2.554005286228414,88.10481292903837,94.4919611617175,86.62304441376293,87.36530568983535,85.7109674516867,84.7488194848304,83.37690098994457,83.09730221643875,82.12233836953163,81.43192791234749
97000,0.1614820264432653,0.18270840498634697,0.14506543858493454,31.59034532856524,11.825513995057815,2.5564565530160093,2.5540003549247805,88.10478423565915,94.49223550241769,86.62302933933874,87.36539771935824,85.71100796258482,84.74894010505943,83.37683067618785,83.09742078201164,82.12217989069822,81.43198714131891
97100,0.1614820881092529,0.18270869743642504,0.14506490986598075,31.590240826747205,11.825367661862648,2.5564517297833387,2.5539954472270163,88.10475657985553,94.49250961262581,86.62301549439952,87.36549073201635,85.71104904087927,84.74906067814683,83.37676001234543,83.09753878173824,82.12202246156448,81.43204584301758
97200,0.1614821473647665,0.18270898881038586,0.14506438307835448,31.590136447600205,11.825221561505192,2.5564469097105764,2.5539905402920664,88.10472697793847,94.49278242020672,86.6230021829747,87.36558342515583,85.7110914513531,84.74918126185882,83.3766906020474,83.09765543093638,82.1218650708081,81.43210536279327
97300,0.16148220580792472,0.18270927538669307,0.14506385818855153,31.59003226231428,11.825075632171128,2.556442079677225,2.5539856743009928,88.10469704471413,94.49305629225493,86.62298765759785,87.3656774003602,85.71113353040187,84.74930136243901,83.3766207978868,83.09777287608586,82.1217070895011,81.43216638661346
97400,0.16148226435495053,0.1827095627834658,0.1450633358045144,31.589928099475785,11.82492996409526,2.556437264402236,2.553980803001711,88.10466719377787,94.49332779669275,86.62297377331348,87.36577126454877,85.71117613491522,84.74942121534758,83.37655093169896,83.0978904267762,82.12155092208083,81.43222566366711
97500,0.16148232112264146,0.18270985164108447,0.1450628163778924,31.58982413190064,11.824784466518677,2.5564324592942915,2.5539759353453526,88.10463665852815,94.49359982458414,86.62296083990883,87.36586359318272,85.7112175976602,84.74954165938293,83.3764813052062,83.09800659552629,82.12139689592466,81.4322854986732
97600,0.16148237272217847,0.1827101435218604,0.14506229793968187,31.589719935532482,11.824639271889902,2.556427662384668,2.5539710412856897,88.10460701759412,94.49386844932228,86.62294703102299,87.36595341601804,85.71125952449016,84.74965898166579,83.37641531412835,83.09811984148857,82.12124055393991,81.43234702580673
97700,0.1614824231422078,0.18271043484424498,0.14506178085226581,31.589615890741396,11.824494231503625,2.5564228769630146,2.553966129223915,88.10457892008202,94.49413662079122,86.62293229556278,87.366041864234,85.71130008816846,84.74977464249592,83.37635027863294,83.0982332049463,82.1210884746231,81.43240611426025
97800,0.16148247163789967,0.18271072207363187,0.14506126588036428,31.58951188963303,11.82434932158165,2.556418087380031,2.5539612381865657,88.10455125089251,94.4944057349568,86.62291749527074,87.36613058500133,85.71134158737446,84.74988958087665,83.37628650312102,83.09834731245702,82.12093438963237,81.43246644245069
97900,0.1614825212186384,0.1827110091237587,0.1450607529378944,31.58940803388531,11.824204638303822,2.5564133141635494,2.5539563509270438,88.10452419523048,94.49467453067847,86.62290284704288,87.36621960108737,85.71138339951256,84.75000300778592,83.37622313795626,83.09845952755752,82.120778998355,81.43252980655386
98000,0.1614825728825186,0.1827112957640564,0.1450602414359671,31.589304735119367,11.824060210317224,2.556408532532042,2.553951505832315,88.10449519392986,94.49494428332807,86.62288702420094,87.36630816480816,85.71142488495579,84.75011757118548,83.37615871926793,83.09857203397343,82.12062278211124,81.43259473133452
98100,0.16148262415890677,0.18271157912779334,0.14505972975273698,31.58920128118747,11.823915964070483,2.556403767252008,2.5539466587613697,88.1044681249614,94.49521269402206,86.62287224584576,87.36639727333676,85.71146701824671,84.75023147663403,83.3760959870004,83.09868506240167,82.12046800941836,81.43265947770033
98200,0.1614826756859298,0.18271186194683992,0.14505921782956144,31.589097941549127,11.823771890366158,2.5563989866918986,2.5539418505749536,88.10443981388583,94.49548129249342,86.62285527612839,87.36648529500548,85.71151026847394,84.75034797612538,83.37603331126773,83.09879863563381,82.1203115188875,81.43272745080368
98300,0.16148272870151903,0.1827121432575933,0.14505870730641174,31.588994957147122,11.823628084987773,2.5563942169694585,2.553937043445944,88.10441076463874,94.49574953932934,86.6228394151062,87.36657320511398,85.71155382536543,84.75046109859757,83.37597048023932,83.09891374459248,82.12015390323498,81.43279293902332
98400,0.16148278302246957,0.1827124220778247,0.14505819822624055,31.588892177620743,11.823484393904561,2.556389446632241,2.5539322607585535,88.10438285966727,94.49601971809008,86.62281954842959,87.36666096600335,85.7115989458121,84.75057588977607,83.37590870229411,83.09902974385108,82.11999469245842,81.43285905470324
98500,0.16148283950140088,0.18271270107909307,0.14505769263531526,31.588789475016835,11.823340886699471,2.556384683192428,2.5539274930775475,88.10435483346197,94.49628955382524,86.62279984021222,87.3667477260745,85.71164592105893,84.75068998872734,83.37584755249546,83.09914552531488,82.1198364536805,81.43292623910162
98600,0.16148289791436224,0.18271297876014575,0.14505718718439767,31.58868706929215,11.82319750764633,2.556379927061597,2.5539227414894192,88.10432650913273,94.49656147385774,86.62277942922816,87.36683519958804,85.71169211714029,84.75080567773558,83.3757859842449,83.09926199346022,82.11967790021396,81.43299286412709
98700,0.1614829546161336,0.1827132578833791,0.14505668226540727,31.588584737283696,11.823054316684216,2.55637518052242,2.553918020113982,88.10429992925928,94.49683395914273,86.62275873171127,87.36692252096577,85.71174002658958,84.75092253745522,83.37572699438145,83.09937779469873,82.11952077926767,81.43306011295077
98800,0.16148301070535778,0.18271353711012228,0.14505617673283636,31.58848249468398,11.822911316364413,2.556370459394358,2.553913319725877,88.10427436022354,94.49710733510798,86.62273779447167,87.3670091537442,85.71178924082099,84.75103997708048,83.37567034926641,83.09949197713472,82.1193645968882,81.43312860551998
98900,0.16148306575592405,0.18271381855146274,0.14505567137495956,31.588380591627068,11.822768476655206,2.5563657562827213,2.5539086254927392,88.10424855394679,94.49738243334407,86.62271557431066,87.3670952199012,85.71183906605476,84.75115849158706,83.3756138323282,83.09960690649542,82.11920902822196,81.43319582737412
99000,0.1614831208550662,0.18271409884560433,0.14505516836420868,31.588278645019148,11.822625839970923,2.5563610581042093,2.553903936944688,88.10422322424662,94.4976572601499,86.62269446718558,87.36718101069162,85.71188744124642,84.75127664955014,83.37555816660576,83.09972091954775,82.11905346832194,81.43326323572364
99100,0.16148317548746738,0.1827143816128901,0.1450546691867274,31.588176957303496,11.822483329963132,2.556356385810997,2.5538992351777794,88.10419767837065,94.49793154266797,86.622673012666,87.36726741122416,85.71193720382261,84.75139520428513,83.3755013286265,83.09983409825895,82.11889936991642,81.43333069226327
99200,0.16148322885527205,0.18271466343728082,0.1450541711047552,31.58807551734363,11.822341025960794,2.5563517126978907,2.5538945724234976,88.10417369871092,94.49820760713455,86.6226508279964,87.36735279489773,85.7119862053493,84.75151383843807,83.37544325791437,83.09994896405485,82.11874485493503,81.43339823696508
99300,0.16148328088825237,0.18271494485154266,0.14505367451126444,31.587974417441654,11.822198915811818,2.556347056694286,2.5538898877130616,88.10414695458931,94.4984833300763,86.62262754394196,87.3674365326702,85.7120356740249,84.7516319902609,83.37538607602433,83.10006180405568,82.11859014234876,81.43346519430702
99400,0.16148333189435254,0.18271522326059284,0.14505317846176222,31.58787344538896,11.822057062148316,2.556342398167734,2.5538852192469768,88.10412176595668,94.49875719908026,86.62260220784941,87.36751925272942,85.71208451409781,84.75174948331177,83.37532658350878,83.10017662094015,82.11843534594527,81.43353445268659
99500,0.16148338197381548,0.18271550087150115,0.14505268322567924,31.58777235937531,11.821915371294374,2.5563377574500428,2.5538805478856497,88.1040963605553,94.49903045531218,86.62257879520428,87.3676018188321,85.71213474107975,84.75186685949627,83.37526869995416,83.10029089561174,82.11828138333458,81.43360318747024
99600,0.16148343660139786,0.18271577597453653,0.1450521908867137,31.58767105486418,11.821773907454581,2.5563331260409536,2.5538758608809897,88.10407225702912,94.49930363135203,86.6225565462583,87.3676850067539,85.71218430400563,84.75198115904493,83.37520977379407,83.10040267058868,82.11813096705005,81.43367101720814
99700,0.16148349022614744,0.18271604632838317,0.14505170020417446,31.587569674612936,11.821632671757706,2.5563284895031324,2.5538711965570324,88.10404747516995,94.49957643512396,86.62253500841192,87.36776687810631,85.71223355281697,84.75209730524814,83.37515058596091,83.1005152063176,82.11798209103968,81.43373910679608
99800,0.16148354398497008,0.18271631379020206,0.14505120892628817,31.587468291639222,11.8214916523125,2.556323871521052,2.553866511590744,88.1040229845257,94.49984797379551,86.62251504139242,87.36784784518521,85.71228278612556,84.75221225353276,83.37509192550448,83.10062670117993,82.11783613715677,81.43380751057255
99900,0.16148359918140598,0.18271657934706712,0.14505071966655497,31.587367323012703,11.821350819882403,2.556319243908708,2.5538618805732973,88.10399711961531,94.50011983093273,86.62249577629923,87.36793001365291,85.71233276068794,84.75232811772874,83.37503350128003,83.10074099360966,82.1176896527879,81.43387635749087
100000,0.16148365407390716,0.1827168458957039,0.1450502317934891,31.58726658369003,11.82121013335794,2.556314613659373,2.553857267082814,88.10397128516739,94.50039254270042,86.62247778304175,87.36801267635134,85.71238131631232,84.75244500173666,83.37497523539135,83.10085585364861,82.11754310342658,81.43394535413036
