step,loss,norm,probe,train_seconds,probe_seconds
1,2.298696994781494,9.430520057678223,2.299488067626953,0.0010748000349849463,0.00043780001578852534
2,2.300013303756714,9.4306640625,2.297377824783325,0.000778100045863539,0.0003228999557904899
3,2.3005073070526123,9.432206153869629,2.296147108078003,0.0007571000023745,0.00029930000891909003
4,2.293527841567993,9.434563636779785,2.295546531677246,0.0007511000148952007,0.00029930000891909003
5,2.296267509460449,9.437597274780273,2.2948157787323,0.0007191000040620565,0.0002911000046879053
6,2.306478977203369,9.440935134887695,2.2947144508361816,0.0007306999759748578,0.0002921999548561871
7,2.3110172748565674,9.444061279296875,2.294623851776123,0.0007101999945007265,0.0002918999525718391
8,2.3046867847442627,9.447103500366211,2.294119358062744,0.0007280000136233866,0.0002908999449573457
9,2.297839879989624,9.450360298156738,2.293917179107666,0.0007207000162452459,0.0002982000005431473
10,2.2999801635742188,9.453986167907715,2.2935853004455566,0.0007158999796956778,0.0002885999856516719
11,2.28285551071167,9.457557678222656,2.2931647300720215,0.0007141000241972506,0.0002960000419989228
12,2.3066768646240234,9.461286544799805,2.2925851345062256,0.0007117000059224665,0.0002933000214397907
13,2.2923641204833984,9.46508502960205,2.2920875549316406,0.0007146000280044973,0.0002995000104419887
14,2.288367509841919,9.46911907196045,2.291386842727661,0.0006987000233493745,0.00029260001610964537
15,2.313330888748169,9.473523139953613,2.290264368057251,0.0007363000186160207,0.0002856000210158527
16,2.282093048095703,9.478045463562012,2.289008617401123,0.0007198999519459903,0.0002924000145867467
17,2.291597604751587,9.482775688171387,2.2879209518432617,0.0007191000040620565,0.00030399998649954796
18,2.2895724773406982,9.487468719482422,2.2864253520965576,0.0007137000211514533,0.0002899999963119626
19,2.272275924682617,9.492210388183594,2.285461664199829,0.000701200042385608,0.00029530003666877747
20,2.3009424209594727,9.49746322631836,2.284261703491211,0.0006948999944142997,0.00029070000164210796
21,2.281210422515869,9.502636909484863,2.283029556274414,0.0007160999812185764,0.00028989999555051327
22,2.2789344787597656,9.508374214172363,2.282172203063965,0.0006964000058360398,0.0002911000046879053
23,2.303010940551758,9.514764785766602,2.2811391353607178,0.0007030999986454844,0.00028710003243759274
24,2.245161771774292,9.521249771118164,2.279857635498047,0.0007093999884091318,0.00029479997465386987
25,2.288309335708618,9.528388023376465,2.278120279312134,0.0007164999842643738,0.000291600008495152
26,2.276388645172119,9.535741806030273,2.2761800289154053,0.0007105999975465238,0.00029640004504472017
27,2.276313304901123,9.543214797973633,2.274412155151367,0.0007090999861247838,0.00029449997236952186
28,2.258786201477051,9.551178932189941,2.272608757019043,0.000714800029527396,0.00028550002025440335
29,2.2712056636810303,9.559526443481445,2.270920515060425,0.0007105999975465238,0.0003008000203408301
30,2.2541468143463135,9.568072319030762,2.2688329219818115,0.000713899964466691,0.0002972999936901033
31,2.2705576419830322,9.576916694641113,2.2663607597351074,0.0007193000055849552,0.00029420002829283476
32,2.2654170989990234,9.586027145385742,2.264202117919922,0.0007036000024527311,0.00028959999326616526
33,2.251525640487671,9.595417022705078,2.262024164199829,0.0007195999496616423,0.0002906000008806586
34,2.2533929347991943,9.605352401733398,2.2596652507781982,0.0007263999432325363,0.0003038999857380986
35,2.236443281173706,9.615667343139648,2.256758689880371,0.0007172999903559685,0.00029940000968053937
36,2.2464253902435303,9.62661361694336,2.25407338142395,0.0007088000420480967,0.00029779999749735
37,2.2450454235076904,9.638043403625488,2.2508087158203125,0.0006992000271566212,0.0002924000145867467
38,2.2035975456237793,9.649984359741211,2.247994899749756,0.0007143999682739377,0.0002896999940276146
39,2.224160671234131,9.66305160522461,2.245162010192871,0.000715100031811744,0.00029180001001805067
40,2.2229034900665283,9.676803588867188,2.2422571182250977,0.0007031999994069338,0.000285400019492954
41,2.2294015884399414,9.691361427307129,2.2397043704986572,0.0007000999758020043,0.0002875000354833901
42,2.224846124649048,9.70625114440918,2.2376997470855713,0.0007217000238597393,0.0002962999860756099
43,2.2193334102630615,9.721765518188477,2.235260248184204,0.0007020999910309911,0.00028899998869746923
44,2.248272180557251,9.73729419708252,2.2339365482330322,0.0007192000048235059,0.00029520003590732813
45,2.1975529193878174,9.752509117126465,2.2327160835266113,0.0007085000397637486,0.00028909998945891857
46,2.197429656982422,9.768494606018066,2.2316112518310547,0.0007224999717436731,0.00029559998074546456
47,2.1892364025115967,9.785112380981445,2.2296640872955322,0.0007149000302888453,0.0002905000001192093
48,2.213717222213745,9.801900863647461,2.2285428047180176,0.0007024999940767884,0.0002905000001192093
49,2.190948963165283,9.818769454956055,2.2270524501800537,0.0007051000138744712,0.00028849998489022255
50,2.167295217514038,9.83619499206543,2.226018190383911,0.0007206000154837966,0.00029659998835995793
51,2.231574296951294,9.85391616821289,2.2251391410827637,0.0007033000001683831,0.00029090000316500664
52,2.138474702835083,9.870948791503906,2.2231314182281494,0.0007181999972090125,0.00028639996889978647
53,2.129610300064087,9.88874340057373,2.2220101356506348,0.0006984000210650265,0.0002899999963119626
54,2.1643428802490234,9.907501220703125,2.2202131748199463,0.0007049000123515725,0.0002888999879360199
55,2.1766138076782227,9.926399230957031,2.219243049621582,0.0007103999960236251,0.00028680003015324473
56,2.1244921684265137,9.945398330688477,2.2181971073150635,0.0006948999944142997,0.0002875999780371785
57,2.0890445709228516,9.964654922485352,2.2166521549224854,0.000706499966327101,0.00029280001763254404
58,2.1552696228027344,9.984530448913574,2.2153773307800293,0.0007230999763123691,0.0002864999696612358
59,2.1730000972747803,10.004129409790039,2.2140920162200928,0.0007017000461928546,0.00029470003210008144
60,2.1043763160705566,10.023846626281738,2.2140989303588867,0.0007081999792717397,0.00028719997499138117
61,2.0928707122802734,10.044015884399414,2.2132251262664795,0.0006987000233493745,0.0002918999525718391
62,2.217845916748047,10.064709663391113,2.2121763229370117,0.0007194000063464046,0.000285400019492954
63,2.2069458961486816,10.083532333374023,2.211524248123169,0.0006971000111661851,0.0002937999670393765
64,2.24114990234375,10.10123062133789,2.210345506668091,0.0007073000306263566,0.0002869999734684825
65,2.1576242446899414,10.11678409576416,2.2091171741485596,0.0006913000252097845,0.00029090000316500664
66,2.178718090057373,10.131540298461914,2.2087273597717285,0.0007333999965339899,0.0002885999856516719
67,2.170621633529663,10.145960807800293,2.2079083919525146,0.0007164000417105854,0.0002960000419989228
68,2.050466775894165,10.159969329833984,2.207984447479248,0.0007029999978840351,0.0002888999879360199
69,2.1647844314575195,10.174680709838867,2.209864854812622,0.0006972000119276345,0.0002901999978348613
70,2.1712241172790527,10.189205169677734,2.211026191711426,0.0007094999891705811,0.00029639998683705926
71,2.1325972080230713,10.202717781066895,2.2125775814056396,0.0006889000069350004,0.00029260001610964537
72,2.2154879570007324,10.216134071350098,2.2150256633758545,0.0007086999830789864,0.00029150000773370266
73,2.1425721645355225,10.228869438171387,2.215341329574585,0.0006942999898456037,0.0002893999917432666
74,2.0509228706359863,10.241535186767578,2.2163593769073486,0.0007015999872237444,0.00028760003624483943
75,2.0013725757598877,10.255104064941406,2.215247869491577,0.0007012999849393964,0.0002872000331990421
76,2.1064453125,10.270081520080566,2.2150282859802246,0.0006885999464429915,0.00029009999707341194
77,2.134937047958374,10.285260200500488,2.214550733566284,0.0006955999997444451,0.00028739997651427984
78,2.1346042156219482,10.300045013427734,2.2135398387908936,0.000714500027243048,0.0002959999837912619
79,2.142925500869751,10.314509391784668,2.2115321159362793,0.0006929999799467623,0.00028799998108297586
80,2.114304780960083,10.32889175415039,2.2067365646362305,0.0007036999450065196,0.0002872000331990421
81,2.1826553344726562,10.343130111694336,2.201594829559326,0.0006909000221639872,0.0002905000001192093
82,2.07611346244812,10.356204986572266,2.197617530822754,0.0007543999818153679,0.00029250001534819603
83,2.1995279788970947,10.369614601135254,2.1910598278045654,0.0007089999853633344,0.00031350000062957406
84,2.0802576541900635,10.381820678710938,2.180739164352417,0.0007054999587126076,0.0002865000278688967
85,1.988110899925232,10.394828796386719,2.170361280441284,0.0006932000396773219,0.0002896999940276146
86,2.0995209217071533,10.409439086914062,2.1614558696746826,0.0007198000093922019,0.0002861000248230994
87,2.0634653568267822,10.424310684204102,2.1546473503112793,0.0007069999701343477,0.0002932000206783414
88,1.8733947277069092,10.439208984375,2.1511545181274414,0.000708000035956502,0.00028930004918947816
89,2.1412737369537354,10.456334114074707,2.149465799331665,0.0006896000122651458,0.00029389996780082583
90,2.0661699771881104,10.472460746765137,2.1486713886260986,0.0007018999895080924,0.0002914000069722533
91,1.9137940406799316,10.488523483276367,2.14897084236145,0.0007040000054985285,0.00029170000925660133
92,2.036292552947998,10.505799293518066,2.1499946117401123,0.0007152999751269817,0.00028909998945891857
93,2.000377893447876,10.523303985595703,2.151926040649414,0.0006935999845154583,0.0002918999525718391
94,2.2274653911590576,10.541099548339844,2.153831958770752,0.0007134999614208937,0.0002882999833673239
95,2.153918504714966,10.556694984436035,2.159052610397339,0.0007013999857008457,0.0002938000252470374
96,2.169912338256836,10.571192741394043,2.1639645099639893,0.0006922000320628285,0.0002881000400520861
97,2.039370059967041,10.584717750549316,2.166525363922119,0.0007013999857008457,0.00029559998074546456
98,2.1681172847747803,10.598316192626953,2.171982526779175,0.0006967000081203878,0.0002888999879360199
99,2.129955291748047,10.610861778259277,2.1749343872070312,0.0007222999702207744,0.00029180001001805067
100,2.0961203575134277,10.62326717376709,2.1804282665252686,0.0006955999997444451,0.0003068000078201294
101,2.1415698528289795,10.635697364807129,2.186774492263794,0.0006972999544814229,0.0002878000377677381
102,2.175452470779419,10.64816951751709,2.1934330463409424,0.0007061000214889646,0.00029090000316500664
103,2.0733938217163086,10.659820556640625,2.1985158920288086,0.0007016999879851937,0.0002899999963119626
104,2.146881103515625,10.671791076660156,2.2016384601593018,0.0006973000126890838,0.00029260001610964537
105,2.171555519104004,10.68310546875,2.2036712169647217,0.0006920999730937183,0.0003037999849766493
106,2.0681354999542236,10.693513870239258,2.201207160949707,0.0007184999994933605,0.00028579996433109045
107,2.243366003036499,10.704012870788574,2.198901414871216,0.0006936999852769077,0.00029609998455271125
108,2.0811896324157715,10.713482856750488,2.193794012069702,0.000685799983330071,0.0002882999833673239
109,2.035872459411621,10.723475456237793,2.185476303100586,0.0007022999925538898,0.0002949000336229801
110,2.1931545734405518,10.734223365783691,2.178147077560425,0.0007081999792717397,0.0002885999856516719
111,2.138209342956543,10.744367599487305,2.173382520675659,0.0007048999541439116,0.00028520001797005534
112,1.9903091192245483,10.754157066345215,2.167165756225586,0.0006868999917060137,0.00028899998869746923
113,2.0710859298706055,10.76515007019043,2.1633353233337402,0.0007043000077828765,0.0002859000233002007
114,1.9821664094924927,10.775944709777832,2.161046266555786,0.0006920999730937183,0.00029310001991689205
115,2.018176794052124,10.787830352783203,2.1613259315490723,0.0007137000211514533,0.0002905000001192093
116,1.9482060670852661,10.800509452819824,2.1618854999542236,0.0006979999598115683,0.000285400019492954
117,2.093355894088745,10.814453125,2.1621603965759277,0.0006952999974600971,0.00029399996856227517
118,2.0054807662963867,10.827643394470215,2.162809133529663,0.000692599976900965,0.00029009999707341194
119,1.9463975429534912,10.841340065002441,2.1609811782836914,0.0006890000076964498,0.0002906000008806586
120,1.9885303974151611,10.85554027557373,2.161088228225708,0.0006974000134505332,0.0002935000229626894
121,2.0701706409454346,10.87027359008789,2.1603498458862305,0.0007045000093057752,0.00028549996204674244
122,1.9714945554733276,10.883907318115234,2.1597838401794434,0.0007052000146359205,0.0002959000412374735
123,2.0796680450439453,10.89830207824707,2.159137010574341,0.000680500001180917,0.0002878000377677381
124,1.9929049015045166,10.912339210510254,2.1581435203552246,0.0007066999678499997,0.0002867999719455838
125,2.0634000301361084,10.926675796508789,2.15970516204834,0.0006887000054121017,0.00028440001187846065
126,2.1586456298828125,10.940616607666016,2.161876678466797,0.0007071999716572464,0.0002865000278688967
127,2.0452935695648193,10.953594207763672,2.1615259647369385,0.0007114000036381185,0.0002929000183939934
128,2.003202438354492,10.966190338134766,2.161013126373291,0.0009269000147469342,0.00029479997465386987
129,1.917217493057251,10.979134559631348,2.1596639156341553,0.0006835999665781856,0.0002872999757528305
130,2.2418980598449707,10.992820739746094,2.1577279567718506,0.0006962000043131411,0.00029039999935775995
131,2.1043906211853027,11.00429630279541,2.1558997631073,0.0006906000198796391,0.00028229999588802457
132,2.035680055618286,11.014955520629883,2.155507802963257,0.000714500027243048,0.00028950005071237683
133,2.0699024200439453,11.02593994140625,2.153909683227539,0.0006889000069350004,0.00028709997422993183
134,2.142451286315918,11.036794662475586,2.151470184326172,0.000700899981893599,0.00029960001120343804
135,2.0828075408935547,11.047002792358398,2.1501433849334717,0.0006884000031277537,0.0002838000073097646
136,1.9329960346221924,11.057117462158203,2.1477248668670654,0.0006918000290170312,0.00028030003886669874
137,2.0972163677215576,11.068463325500488,2.1441433429718018,0.0006910000229254365,0.00029340002220124006
138,2.245478868484497,11.079463005065918,2.1416900157928467,0.0006815000087954104,0.00030120002338662744
139,2.08215069770813,11.088851928710938,2.135733127593994,0.000694099988322705,0.00028470001416280866
140,2.111572265625,11.097825050354004,2.1286630630493164,0.0006909999647177756,0.0002948999754153192
141,2.237069606781006,11.106987953186035,2.1237637996673584,0.0006835999665781856,0.00028799998108297586
142,2.033400297164917,11.114378929138184,2.119253396987915,0.0007104999967850745,0.0002914000069722533
143,2.002685308456421,11.122481346130371,2.115041494369507,0.0006892000092193484,0.00028989999555051327
144,2.1264846324920654,11.131053924560547,2.111114263534546,0.0007000999758020043,0.00028609996661543846
145,1.9638447761535645,11.139226913452148,2.110150098800659,0.000708600040525198,0.00028389994986355305
146,2.1058878898620605,11.148307800292969,2.1108880043029785,0.0007086999830789864,0.0002883999841287732
147,2.085798740386963,11.15719985961914,2.1147732734680176,0.000693199981469661,0.000285100017208606
148,2.1036088466644287,11.166704177856445,2.121079683303833,0.0007086999830789864,0.00028630002634599805
149,2.1732988357543945,11.17562484741211,2.128427028656006,0.0006888000061735511,0.00029550003819167614
150,1.9941134452819824,11.1838960647583,2.1357510089874268,0.0006986999651417136,0.00029440002981573343
151,1.9502369165420532,11.192792892456055,2.1422817707061768,0.0006964000058360398,0.00029610004276037216
152,2.1123733520507812,11.20273208618164,2.1449193954467773,0.0007030999986454844,0.00029009999707341194
153,2.031120538711548,11.212106704711914,2.147035837173462,0.0007053000153973699,0.0002937999670393765
154,2.030930995941162,11.22150707244873,2.1478488445281982,0.0006989999674260616,0.0002958999830298126
155,1.994030237197876,11.231973648071289,2.150204658508301,0.0006909999647177756,0.00029659998835995793
156,2.0338521003723145,11.243022918701172,2.149533748626709,0.0006842999719083309,0.0002933000214397907
157,2.0045509338378906,11.254562377929688,2.146695613861084,0.0007084000390022993,0.00028929999098181725
158,1.953735113143921,11.266219139099121,2.143968105316162,0.0007041000062599778,0.0002961999853141606
159,2.015672445297241,11.278833389282227,2.142103910446167,0.0006998000317253172,0.00028789998032152653
160,2.0481045246124268,11.29157829284668,2.142641067504883,0.0007028999971225858,0.0002875999780371785
161,1.973217248916626,11.303787231445312,2.140923500061035,0.0006911000236868858,0.00028740003472194076
162,2.142472743988037,11.31618595123291,2.137349843978882,0.0007041000062599778,0.00030500005232170224
163,1.992871880531311,11.328554153442383,2.1339058876037598,0.000699099968187511,0.00028710003243759274
164,1.9897451400756836,11.341465950012207,2.131141424179077,0.0006977000157348812,0.00028450001263991
165,2.1855905055999756,11.354652404785156,2.1279513835906982,0.0007232000352814794,0.00030040001729503274
166,2.055649757385254,11.366644859313965,2.1226348876953125,0.0006970000104047358,0.00029390002600848675
167,1.932811975479126,11.378837585449219,2.1174044609069824,0.0007072999724186957,0.0002930000191554427
168,2.103572130203247,11.39156436920166,2.111715078353882,0.0006917000282555819,0.0002884000423364341
169,2.186967134475708,11.4037504196167,2.106170177459717,0.0007006000378169119,0.00028690003091469407
170,2.0126075744628906,11.415031433105469,2.1001923084259033,0.0006913999677635729,0.0002891999902203679
171,2.0498781204223633,11.42607593536377,2.0942604541778564,0.0006847999757155776,0.0002847999567165971
172,2.006068706512451,11.436847686767578,2.091541051864624,0.0006992000271566212,0.00029129994800314307
173,1.9442073106765747,11.448369026184082,2.0899498462677,0.0007044000085443258,0.00029090000316500664
174,2.0230796337127686,11.460601806640625,2.0891566276550293,0.0006882000016048551,0.00029209995409473777
175,2.0371596813201904,11.473093032836914,2.088364839553833,0.0006842000293545425,0.00028550002025440335
176,2.0817744731903076,11.48515510559082,2.0906803607940674,0.0007016000454314053,0.00028550002025440335
177,2.122220277786255,11.49672794342041,2.093909502029419,0.0007049000123515725,0.00028929999098181725
178,2.2084298133850098,11.507689476013184,2.0991599559783936,0.0006874999962747097,0.0002882999833673239
179,1.9569517374038696,11.517155647277832,2.1052558422088623,0.0007009999826550484,0.0002932000206783414
180,2.0202524662017822,11.527325630187988,2.1092593669891357,0.0006958000012673438,0.000285400019492954
181,1.9202425479888916,11.537178039550781,2.110562324523926,0.0007142000249586999,0.0002919000107795
182,1.9677772521972656,11.547734260559082,2.1122164726257324,0.0007117000059224665,0.000304599991068244
183,1.9322577714920044,11.559165000915527,2.1125478744506836,0.0006970999529585242,0.00046629999997094274
184,1.9196922779083252,11.571207046508789,2.113920211791992,0.000694399990607053,0.00029259995790198445
185,2.1666321754455566,11.584083557128906,2.112971544265747,0.0006848999764770269,0.0002929999609477818
186,2.029054880142212,11.595671653747559,2.1118156909942627,0.000700599979609251,0.0002872999757528305
187,1.97328519821167,11.60737419128418,2.110788106918335,0.0006895999540574849,0.0002935000229626894
188,2.0109124183654785,11.619720458984375,2.1103909015655518,0.0006877999985590577,0.0002866999711841345
189,1.9803428649902344,11.632783889770508,2.1118688583374023,0.0006925000343471766,0.00030260003404691815
190,2.0485565662384033,11.645868301391602,2.114973545074463,0.0006896000122651458,0.0002940000267699361
191,2.065242052078247,11.658864974975586,2.1195199489593506,0.0007080999785102904,0.000291300006210804
192,2.1174635887145996,11.671496391296387,2.126203775405884,0.0007017999887466431,0.00029229995561763644
193,2.0654571056365967,11.683114051818848,2.130922794342041,0.0007069000275805593,0.00030610000248998404
194,1.9702228307724,11.694564819335938,2.134857416152954,0.0006921000313013792,0.000285400019492954
195,2.1170244216918945,11.707379341125488,2.1352975368499756,0.0007016999879851937,0.0002883999841287732
196,2.052532196044922,11.719322204589844,2.134941339492798,0.0007134999614208937,0.00030129996594041586
197,1.7810311317443848,11.731163024902344,2.134814500808716,0.0006951000541448593,0.00029719999292865396
198,1.9961955547332764,11.745319366455078,2.1353392601013184,0.000895500008482486,0.00029880000511184335
199,2.0624964237213135,11.75915813446045,2.1351306438446045,0.0007993000326678157,0.0003038000431843102
200,1.949106216430664,11.77301025390625,2.132270336151123,0.0007062000222504139,0.00032220000866800547
201,2.065236806869507,11.787763595581055,2.1272177696228027,0.0006982000195421278,0.00029450003057718277
202,1.9674180746078491,11.801627159118652,2.123797655105591,0.0007090000435709953,0.0002861000248230994
203,1.9376295804977417,11.81529712677002,2.122309923171997,0.0006967000081203878,0.0002970999921672046
204,2.0840327739715576,11.829513549804688,2.119316577911377,0.0007043000077828765,0.00030130002414807677
205,1.8569016456604004,11.84250545501709,2.118330717086792,0.0006951999966986477,0.00029850000282749534
206,2.0270965099334717,11.856429100036621,2.1165480613708496,0.000686699990183115,0.00028989999555051327
207,2.1278228759765625,11.870061874389648,2.116511821746826,0.0007021999917924404,0.0002856000210158527
208,1.9129283428192139,11.882049560546875,2.116110324859619,0.0006891000084578991,0.00029039999935775995
209,2.1019392013549805,11.894598960876465,2.1145005226135254,0.0006909000221639872,0.00028600002406165004
210,1.9342365264892578,11.906618118286133,2.1097004413604736,0.0006898000137880445,0.00029440002981573343
211,1.9416693449020386,11.918622970581055,2.1068050861358643,0.0007082000374794006,0.00028930004918947816
212,2.175657033920288,11.930547714233398,2.1038577556610107,0.0006907000206410885,0.00028819998260587454
213,2.0573441982269287,11.941729545593262,2.099958658218384,0.0007054000161588192,0.0002874999772757292
214,1.934810996055603,11.95268440246582,2.095841646194458,0.0007038000039756298,0.0002873000339604914
215,1.9701145887374878,11.964295387268066,2.093611478805542,0.0007689999765716493,0.00029180001001805067
216,2.034430742263794,11.976327896118164,2.092651128768921,0.0006954999989829957,0.00029289996018633246
217,1.9295599460601807,11.988631248474121,2.091561794281006,0.0006982999620959163,0.00028600002406165004
218,1.8478317260742188,12.001900672912598,2.0921504497528076,0.0006897000130265951,0.00029229995561763644
219,1.9876947402954102,12.016051292419434,2.0926520824432373,0.0007070000283420086,0.00028630002634599805
220,2.032357692718506,12.029839515686035,2.092566728591919,0.0006979000172577798,0.00029390002600848675
221,2.093262195587158,12.043502807617188,2.0898125171661377,0.0006846000324003398,0.0002888000453822315
222,2.106647491455078,12.056351661682129,2.0873475074768066,0.0007027999963611364,0.000285100017208606
223,2.090444564819336,12.067955017089844,2.0859897136688232,0.0006926000351086259,0.00029039999935775995
224,2.057849645614624,12.079102516174316,2.0854482650756836,0.0006779999821446836,0.00029090000316500664
225,1.9646638631820679,12.090468406677246,2.0850977897644043,0.0007030999986454844,0.0002861999673768878
226,1.9058232307434082,12.102277755737305,2.083777666091919,0.0006826000171713531,0.0002880999818444252
227,2.112358570098877,12.114350318908691,2.085435628890991,0.0007097999914549291,0.0002867999719455838
228,1.9802055358886719,12.126060485839844,2.0849721431732178,0.0006899000145494938,0.0002937999670393765
229,2.231196641921997,12.137761116027832,2.0848135948181152,0.0006829999620094895,0.00029559998074546456
230,2.0779519081115723,12.148021697998047,2.0851833820343018,0.0007187000010162592,0.000291300006210804
231,1.902868390083313,12.158071517944336,2.0860073566436768,0.0007283999584615231,0.0003073999541811645
232,1.916943907737732,12.169166564941406,2.086817979812622,0.0009166999952867627,0.00029449997236952186
233,2.1203222274780273,12.181267738342285,2.08944034576416,0.0006932999822311103,0.0002975999959744513
234,1.8948442935943604,12.192959785461426,2.0906436443328857,0.0007096999906934798,0.00028899998869746923
235,2.0114142894744873,12.205552101135254,2.0903537273406982,0.0007023999933153391,0.00028579996433109045
236,2.0323715209960938,12.218358993530273,2.0899882316589355,0.0006904000183567405,0.000285400019492954
237,2.0951879024505615,12.230914115905762,2.088465929031372,0.0006918999715708196,0.00028500001644715667
238,2.0805001258850098,12.2426118850708,2.0893826484680176,0.0007145999697968364,0.0002935999655164778
239,1.9224199056625366,12.253616333007812,2.0913491249084473,0.0006997999735176563,0.0002888999879360199
240,1.9735444784164429,12.26521110534668,2.0916848182678223,0.0006891000084578991,0.000292200013063848
241,1.905955195426941,12.276884078979492,2.0914506912231445,0.0006821000133641064,0.0002883999841287732
242,1.9084752798080444,12.289239883422852,2.0913913249969482,0.0007016000454314053,0.0002862000255845487
243,2.1878724098205566,12.302308082580566,2.0916733741760254,0.0006968000088818371,0.00029250001534819603
244,1.9997450113296509,12.313599586486816,2.091879367828369,0.0006966000073589385,0.00028790003852918744
245,1.9125757217407227,12.325189590454102,2.0938735008239746,0.0006850999779999256,0.00029259995790198445
246,1.9724873304367065,12.337423324584961,2.095918655395508,0.000687299994751811,0.0002885999856516719
247,2.0770716667175293,12.34969711303711,2.099442958831787,0.0007596999639645219,0.00030590000096708536
248,2.0515568256378174,12.360967636108398,2.102416515350342,0.000694399990607053,0.00029550003819167614
249,2.09834885597229,12.37200927734375,2.102447748184204,0.0007081000367179513,0.0002853000187315047
250,1.9646254777908325,12.382587432861328,2.101656913757324,0.000687599997036159,0.0002888999879360199
251,1.9107916355133057,12.393613815307617,2.0996055603027344,0.0006969999521970749,0.0002865000278688967
252,2.0092787742614746,12.405111312866211,2.0965936183929443,0.0006949999951757491,0.0003103999770246446
253,1.8633760213851929,12.416363716125488,2.0954606533050537,0.0006811999483034015,0.0002914000069722533
254,1.9742988348007202,12.42792797088623,2.093528985977173,0.0007088999846018851,0.00028659997042268515
255,1.8912663459777832,12.439532279968262,2.089735269546509,0.0006894999532960355,0.0002865000278688967
256,1.8949024677276611,12.451762199401855,2.0871450901031494,0.0006915999692864716,0.00028769997879862785
257,1.9311174154281616,12.463991165161133,2.087468385696411,0.0009900000295601785,0.0005397999775595963
258,2.0465619564056396,12.476334571838379,2.088496685028076,0.00077629997394979,0.00035280000884085894
259,1.9141637086868286,12.48842716217041,2.0922696590423584,0.0007344000041484833,0.0003011000226251781
260,1.9515047073364258,12.501175880432129,2.094454526901245,0.0007332999957725406,0.00031259999377653003
261,2.027822494506836,12.513970375061035,2.09789776802063,0.0008152999798767269,0.00029399996856227517
262,1.9154969453811646,12.525883674621582,2.0982558727264404,0.0006951999966986477,0.00029659998835995793
263,2.06640887260437,12.537723541259766,2.098423957824707,0.0007002000347711146,0.00029200001154094934
264,1.8370481729507446,12.550067901611328,2.098289728164673,0.0007069000275805593,0.00029990001348778605
265,1.9716438055038452,12.563424110412598,2.0976197719573975,0.0007334999972954392,0.00035470002330839634
266,2.0077617168426514,12.576225280761719,2.0958220958709717,0.0007137000211514533,0.0003089999663643539
267,1.9209548234939575,12.588679313659668,2.088857889175415,0.0007608000305481255,0.00029009999707341194
268,2.048724889755249,12.601451873779297,2.0797436237335205,0.0008607999770902097,0.00029609998455271125
269,2.1115007400512695,12.613545417785645,2.0738487243652344,0.0007439000182785094,0.00031969998963177204
270,2.0025882720947266,12.624565124511719,2.0712192058563232,0.00071720004780218,0.0002982000005431473
271,1.9804115295410156,12.6356782913208,2.0713932514190674,0.0007140999659895897,0.0002964999875985086
272,1.9933282136917114,12.647269248962402,2.0716638565063477,0.0007027999963611364,0.0002951000351458788
273,1.9151421785354614,12.658936500549316,2.072941303253174,0.0006895000115036964,0.00028899998869746923
274,2.13653302192688,12.671178817749023,2.0770926475524902,0.0007027999963611364,0.000284800014924258
275,1.936636209487915,12.681803703308105,2.0835423469543457,0.0006927000358700752,0.0002893999917432666
276,1.8201202154159546,12.69307804107666,2.0894620418548584,0.0007081000367179513,0.0002877999795600772
277,2.0375707149505615,12.704970359802246,2.093374013900757,0.000687899999320507,0.0002911000046879053
278,1.8633455038070679,12.716522216796875,2.0945687294006348,0.0006826999597251415,0.00028819998260587454
279,2.011965036392212,12.72853946685791,2.095524549484253,0.0006986000225879252,0.0002905000001192093
280,2.1564126014709473,12.741116523742676,2.0964531898498535,0.000698799965903163,0.000285100017208606
281,1.8862459659576416,12.752363204956055,2.0942816734313965,0.0007009999826550484,0.0002856999635696411
282,2.0363032817840576,12.764083862304688,2.0926637649536133,0.0007249999907799065,0.0002918999525718391
283,1.7874361276626587,12.775303840637207,2.0936951637268066,0.0006917999708093703,0.0002848999574780464
284,2.0415267944335938,12.787727355957031,2.0940804481506348,0.0007237999816425145,0.0002815999905578792
285,1.9694023132324219,12.799694061279297,2.0930421352386475,0.0006926999776624143,0.00029170000925660133
286,1.7967422008514404,12.811736106872559,2.0911881923675537,0.0007099999929778278,0.0002864999696612358
287,1.9047918319702148,12.824621200561523,2.091355562210083,0.0007207000162452459,0.00028529996052384377
288,1.8870521783828735,12.838184356689453,2.091592311859131,0.0007273000082932413,0.0003095999709330499
289,1.9005688428878784,12.851794242858887,2.0929555892944336,0.0007044000085443258,0.0003030999796465039
290,1.8590534925460815,12.865446090698242,2.093447685241699,0.0006918000290170312,0.00028739997651427984
291,1.9850420951843262,12.878999710083008,2.0937366485595703,0.0007015999872237444,0.0002930000191554427
292,1.8574378490447998,12.892078399658203,2.0933661460876465,0.0006904999609105289,0.0002891999902203679
293,1.947775959968567,12.905647277832031,2.0933752059936523,0.0006880000000819564,0.0002859999658539891
294,1.9384043216705322,12.918965339660645,2.0925638675689697,0.0006949999951757491,0.0002919000107795
295,1.7974013090133667,12.93264389038086,2.0908925533294678,0.0006835000240243971,0.00028909998945891857
296,1.9623217582702637,12.947704315185547,2.0902345180511475,0.0007029999978840351,0.00028909998945891857
297,1.881888747215271,12.962632179260254,2.086806058883667,0.0006882000016048551,0.0002949000336229801
298,1.8145396709442139,12.978039741516113,2.084491014480591,0.0006931000389158726,0.0002893999917432666
299,1.9949395656585693,12.993877410888672,2.085766315460205,0.0006907000206410885,0.0002932000206783414
300,1.7237836122512817,13.009105682373047,2.0867557525634766,0.0007082999800331891,0.0002835000050254166
301,1.9547697305679321,13.025940895080566,2.0898492336273193,0.0006886000046506524,0.00029389996780082583
302,1.6653345823287964,13.042263984680176,2.0938189029693604,0.0006906000198796391,0.00028660002863034606
303,1.8357279300689697,13.059432029724121,2.0973682403564453,0.0007044999510981143,0.000292200013063848
304,1.871180772781372,13.076910018920898,2.0997307300567627,0.0007489999989047647,0.0003127999952994287
305,1.839003324508667,13.09545612335205,2.098388433456421,0.000735200010240078,0.00030340004013851285
306,1.9508811235427856,13.113249778747559,2.099820852279663,0.0007131999591365457,0.0003320000250823796
307,2.142568826675415,13.129929542541504,2.1019346714019775,0.000716600043233484,0.000291600008495152
308,2.025308847427368,13.145261764526367,2.103813409805298,0.0006923999753780663,0.0002906000008806586
309,2.0336477756500244,13.159578323364258,2.103952646255493,0.0007044999510981143,0.0002937000244855881
310,2.0101497173309326,13.173009872436523,2.0996758937835693,0.0006924000335857272,0.00028979999478906393
311,2.128570079803467,13.185840606689453,2.092881917953491,0.0007063000230118632,0.000291300006210804
312,1.9112296104431152,13.197538375854492,2.0882513523101807,0.0006903000175952911,0.0003033000393770635
313,1.9102388620376587,13.209216117858887,2.082704544067383,0.0006881000008434057,0.00028710003243759274
314,1.9219516515731812,13.220821380615234,2.0785505771636963,0.0006954999989829957,0.00029609998455271125
315,2.1584763526916504,13.232660293579102,2.0707178115844727,0.0006825000164099038,0.00028769997879862785
316,1.9704868793487549,13.24335765838623,2.065460681915283,0.0007093000458553433,0.00028520001797005534
317,1.793851613998413,13.254110336303711,2.0617878437042236,0.0006888000061735511,0.0002962999860756099
318,2.041738986968994,13.26572036743164,2.0621755123138428,0.0007039000047370791,0.0002902999985963106
319,1.96296226978302,13.277276992797852,2.0631635189056396,0.0006939999875612557,0.0002905000001192093
320,1.94290030002594,13.288664817810059,2.063934564590454,0.0007485999958589673,0.0002997000119648874
321,2.0059003829956055,13.300448417663574,2.061861276626587,0.0008566000033169985,0.00033439998514950275
322,1.9031755924224854,13.311258316040039,2.0589356422424316,0.0006927999784238636,0.0002926999586634338
323,1.9820101261138916,13.32240104675293,2.0569651126861572,0.0006980999605730176,0.00029340002220124006
324,1.9044148921966553,13.333403587341309,2.054159641265869,0.0007082999800331891,0.0002888999879360199
325,1.8234024047851562,13.34492301940918,2.0511958599090576,0.0006994000286795199,0.0002957000397145748
326,2.10908579826355,13.357078552246094,2.0502264499664307,0.000693199981469661,0.00028979999478906393
327,1.860086441040039,13.368234634399414,2.048887014389038,0.0007093999884091318,0.00028879998717457056
328,1.9683418273925781,13.379548072814941,2.047421455383301,0.0006947999936528504,0.0002978999982587993
329,2.1361567974090576,13.390403747558594,2.0443108081817627,0.0007064000237733126,0.000284800014924258
330,1.9165256023406982,13.400466918945312,2.0428318977355957,0.000700899981893599,0.00029440002981573343
331,1.8927985429763794,13.410747528076172,2.041898012161255,0.0006992999697104096,0.0002908000024035573
332,1.8659014701843262,13.421252250671387,2.0442302227020264,0.0007142000249586999,0.0003046999918296933
333,2.0267140865325928,13.432247161865234,2.0452523231506348,0.0006917999708093703,0.00030559999868273735
334,1.9290302991867065,13.443188667297363,2.045786142349243,0.0006868999917060137,0.0002905000001192093
335,1.89418363571167,13.4546480178833,2.046886920928955,0.0007152999751269817,0.00029259995790198445
336,1.8456391096115112,13.466795921325684,2.0500762462615967,0.0007440000190399587,0.0002962999860756099
337,1.7947651147842407,13.478922843933105,2.049731731414795,0.0008208999643102288,0.0002862000255845487
338,1.9342631101608276,13.492063522338867,2.0496153831481934,0.0008017999934963882,0.00035200000274926424
339,1.979734182357788,13.504877090454102,2.0523531436920166,0.0006990000256337225,0.0002949000336229801
340,1.9755103588104248,13.517557144165039,2.0555520057678223,0.0007066999678499997,0.0002982000005431473
341,1.7570992708206177,13.530155181884766,2.055462121963501,0.0007161000394262373,0.00029520003590732813
342,1.7562806606292725,13.543644905090332,2.056515693664551,0.0007219999679364264,0.0002906000008806586
343,1.9089406728744507,13.558259010314941,2.0580878257751465,0.0006897000130265951,0.000291000003926456
344,2.067875385284424,13.572245597839355,2.0592668056488037,0.0006933999829925597,0.0002901999978348613
345,1.922869086265564,13.584738731384277,2.0641138553619385,0.0006914000259712338,0.0002948000328615308
346,2.059537410736084,13.597379684448242,2.0660738945007324,0.0006825000164099038,0.0002905000001192093
347,1.9601653814315796,13.60939884185791,2.063932180404663,0.0007086999830789864,0.00028769997879862785
348,1.96017324924469,13.621257781982422,2.06465220451355,0.0006979000172577798,0.00028629996813833714
349,2.206446647644043,13.632698059082031,2.066119909286499,0.0006824999582022429,0.00028989999555051327
350,1.8830671310424805,13.642833709716797,2.068286180496216,0.0006940000457689166,0.0002914000069722533
351,1.9269044399261475,13.653342247009277,2.0707497596740723,0.0006871999939903617,0.00029150000773370266
352,2.0702507495880127,13.663771629333496,2.0727031230926514,0.000716300040949136,0.000284800014924258
353,1.5549043416976929,13.674015045166016,2.0712227821350098,0.0007524000247940421,0.0003121999907307327
354,2.035435199737549,13.685752868652344,2.068511962890625,0.0007005000370554626,0.00034329999471083283
355,1.9032844305038452,13.696887969970703,2.0671966075897217,0.0007024999940767884,0.00028929999098181725
356,1.859033226966858,13.708157539367676,2.0654311180114746,0.0006967000081203878,0.0002880000392906368
357,1.9394757747650146,13.719326972961426,2.061520576477051,0.0006970999529585242,0.0002951999776996672
358,1.8565988540649414,13.730995178222656,2.0587785243988037,0.0006984000210650265,0.00028549996204674244
359,1.888088345527649,13.743471145629883,2.056210517883301,0.000694400048814714,0.000284800014924258
360,1.8095145225524902,13.756081581115723,2.055013418197632,0.0006935999845154583,0.0002959999837912619
361,1.8878660202026367,13.769627571105957,2.0510644912719727,0.0006942999898456037,0.00028989999555051327
362,1.8419536352157593,13.783855438232422,2.0445919036865234,0.000714500027243048,0.0002918999525718391
363,1.7795357704162598,13.798349380493164,2.0380001068115234,0.0006817999528720975,0.0002896999940276146
364,1.9454594850540161,13.813582420349121,2.033613681793213,0.0006904000183567405,0.0002853999612852931
365,1.8641939163208008,13.828237533569336,2.0298831462860107,0.0006995000294409692,0.0002946000313386321
366,1.7974474430084229,13.84299087524414,2.025294780731201,0.0007028999971225858,0.00029420002829283476
367,2.0171148777008057,13.858041763305664,2.0234858989715576,0.0007120000082068145,0.00029090000316500664
368,2.090357542037964,13.872234344482422,2.0221238136291504,0.0006945000495761633,0.00028879998717457056
369,1.9708276987075806,13.88588809967041,2.021681547164917,0.0006887000054121017,0.00028709997422993183
370,2.0360803604125977,13.89902400970459,2.0240960121154785,0.0007125000120140612,0.00029039999935775995
371,1.6451843976974487,13.912407875061035,2.027599573135376,0.0006929999799467623,0.00028739997651427984
372,1.872136116027832,13.927546501159668,2.0328898429870605,0.0007010999834164977,0.0002926999586634338
373,1.9463651180267334,13.942702293395996,2.0390639305114746,0.0007043000077828765,0.00029009999707341194
374,1.9627265930175781,13.957714080810547,2.0477447509765625,0.0006955999997444451,0.00028819998260587454
375,2.099590301513672,13.973556518554688,2.055551290512085,0.0006877999985590577,0.00028520001797005534
376,1.8664748668670654,13.988568305969238,2.0619049072265625,0.0007086999830789864,0.0002893999917432666
377,1.7570966482162476,14.00281810760498,2.0680882930755615,0.0006893999525345862,0.0002846000134013593
378,1.8428481817245483,14.01764965057373,2.0746283531188965,0.0007358999573625624,0.00028879998717457056
379,1.924336552619934,14.032918930053711,2.0804598331451416,0.0006962000043131411,0.00029229995561763644
380,1.9668080806732178,14.047741889953613,2.0800795555114746,0.0007039000047370791,0.00028929999098181725
381,1.9205127954483032,14.061701774597168,2.077202796936035,0.0007514999597333372,0.0003073000116273761
382,1.9475926160812378,14.075321197509766,2.0755867958068848,0.0007239999831654131,0.00034950004192069173
383,1.9451936483383179,14.088887214660645,2.071305513381958,0.0007124000112526119,0.0003049000515602529
384,2.1281185150146484,14.102212905883789,2.063175916671753,0.0007188000017777085,0.00029940000968053937
385,1.9419175386428833,14.114461898803711,2.051170587539673,0.0007303000311367214,0.0002992000081576407
386,1.8926640748977661,14.126751899719238,2.0392730236053467,0.0007230000337585807,0.0003006000188179314
387,1.8432469367980957,14.139209747314453,2.0269386768341064,0.0007045999518595636,0.000298700004350394
388,1.835282325744629,14.15237045288086,2.0149309635162354,0.0007044000085443258,0.00028709997422993183
389,1.9257676601409912,14.165867805480957,2.0056400299072266,0.0007135000196285546,0.00028799998108297586
390,1.8425469398498535,14.179298400878906,1.9988309144973755,0.0007184999994933605,0.0002896999940276146
391,1.9435869455337524,14.192646026611328,1.992024540901184,0.0007502000080421567,0.00030120002338662744
392,1.8465944528579712,14.205660820007324,1.985045075416565,0.0007027999963611364,0.0003217000048607588
393,1.767136812210083,14.219149589538574,1.9793452024459839,0.0006989999674260616,0.00029880000511184335
394,1.8915092945098877,14.233445167541504,1.9740122556686401,0.0007165999850258231,0.00029179995181038976
395,1.9176359176635742,14.247982025146484,1.9701323509216309,0.0006873999955132604,0.0002862000255845487
396,1.9838193655014038,14.262994766235352,1.9681755304336548,0.0006924999761395156,0.0002967999898828566
397,1.7656466960906982,14.277151107788086,1.9669785499572754,0.0006955999997444451,0.000299000006634742
398,1.799088478088379,14.291913032531738,1.9674140214920044,0.0006858000415377319,0.00029749999521300197
399,1.9240565299987793,14.306666374206543,1.9663976430892944,0.0006926999776624143,0.00028879998717457056
400,1.8996273279190063,14.320779800415039,1.9653905630111694,0.0006887000054121017,0.0002907999441958964
401,1.886629343032837,14.33486270904541,1.9642378091812134,0.0007178999949246645,0.0002970999921672046
402,1.904062271118164,14.34886360168457,1.9636788368225098,0.0007063000230118632,0.0002960000419989228
403,1.8241491317749023,14.362634658813477,1.9655802249908447,0.000687599997036159,0.00028760003624483943
404,1.9611735343933105,14.376571655273438,1.9656131267547607,0.0007001999765634537,0.0003002999583259225
405,1.757589340209961,14.390172004699707,1.9670276641845703,0.0006987000233493745,0.0002913999487645924
406,1.8319206237792969,14.404300689697266,1.9702703952789307,0.000681100005749613,0.000285700021777302
407,1.7770341634750366,14.418974876403809,1.9763370752334595,0.0007321999873965979,0.00029259995790198445
408,1.7833861112594604,14.433829307556152,1.9852524995803833,0.0007043000077828765,0.00029969995375722647
409,1.7400250434875488,14.448845863342285,1.9971914291381836,0.0007031999994069338,0.00029640004504472017
410,1.7768434286117554,14.464963912963867,2.006469249725342,0.0006899000145494938,0.00028960005147382617
411,1.8823671340942383,14.48141098022461,2.0161678791046143,0.0007005000370554626,0.0002880000392906368
412,1.7758818864822388,14.497505187988281,2.0226597785949707,0.0006926999776624143,0.00029639998683705926
413,1.9705642461776733,14.513825416564941,2.0285465717315674,0.0007634999928995967,0.00032159994589164853
414,1.8748924732208252,14.52949333190918,2.032667875289917,0.0007260999991558492,0.00030969997169449925
415,1.9900696277618408,14.544780731201172,2.0336294174194336,0.0007145999697968364,0.0003056999994441867
416,1.9450575113296509,14.558804512023926,2.031970262527466,0.0007205999572761357,0.0003095000283792615
417,2.0447702407836914,14.572066307067871,2.028479814529419,0.0007593000191263855,0.0002902999985963106
418,1.87852942943573,14.584895133972168,2.0221354961395264,0.0007991999736987054,0.0003035000408999622
419,1.877362608909607,14.597590446472168,2.0140089988708496,0.0007696000393480062,0.00033279997296631336
420,1.8614691495895386,14.610811233520508,2.0099196434020996,0.0007937999907881021,0.0003087999648414552
421,1.6986128091812134,14.624181747436523,2.0077526569366455,0.0007416000007651746,0.0003339999821037054
422,1.893149733543396,14.638273239135742,2.0067200660705566,0.0007196000078693032,0.0003079000161960721
423,1.8040099143981934,14.652654647827148,2.003121852874756,0.0007360999588854611,0.00030130002414807677
424,1.8327736854553223,14.667369842529297,1.9994217157363892,0.0007334999972954392,0.00030529999639838934
425,1.8227763175964355,14.681764602661133,1.9944289922714233,0.0007240999839268625,0.00030100002186372876
426,1.6511225700378418,14.69666576385498,1.9857350587844849,0.0007272999500855803,0.0003084000200033188
427,1.8376752138137817,14.71288013458252,1.9778634309768677,0.0007192999473772943,0.000304599991068244
428,1.7495286464691162,14.728429794311523,1.972021222114563,0.0007385000353679061,0.0003060000017285347
429,1.8483233451843262,14.744058609008789,1.964665412902832,0.0007211000192910433,0.0003121999907307327
430,1.9663090705871582,14.759262084960938,1.9600566625595093,0.0007073000306263566,0.0003053999971598387
431,1.9246724843978882,14.77382755279541,1.9564967155456543,0.0007422000053338706,0.0002989000058732927
432,1.6573470830917358,14.787675857543945,1.9536348581314087,0.0007153999758884311,0.00030969997169449925
433,1.6749188899993896,14.802947998046875,1.9522980451583862,0.0007453999714925885,0.0003021999727934599
434,1.9830085039138794,14.818181037902832,1.9531279802322388,0.0007498000049963593,0.0003674000035971403
435,1.6178622245788574,14.832545280456543,1.9574224948883057,0.0007379999733529985,0.0003038999857380986
436,1.91274893283844,14.847623825073242,1.9647296667099,0.000721299962606281,0.00030910002533346415
437,1.9349819421768188,14.86170768737793,1.9731419086456299,0.0007157999789342284,0.0003006000188179314
438,1.9772846698760986,14.875367164611816,1.9822405576705933,0.0007317999843508005,0.00030590000096708536
439,1.7702832221984863,14.88819694519043,1.9919838905334473,0.0007181999972090125,0.0003040999872609973
440,1.7284513711929321,14.901297569274902,1.996916651725769,0.0007265000022016466,0.0002999999560415745
441,1.8235183954238892,14.91490364074707,2.001424551010132,0.000720399955753237,0.0003000000142492354
442,1.8573715686798096,14.928462982177734,2.0072078704833984,0.0007199000101536512,0.000298400002066046
443,1.8860342502593994,14.941965103149414,2.0107932090759277,0.0007010000408627093,0.00028740003472194076
444,1.869145393371582,14.95533275604248,2.0163650512695312,0.0006987000233493745,0.00029529997846111655
445,1.640648365020752,14.968878746032715,2.0182740688323975,0.0006971000111661851,0.000284800014924258
446,1.8331608772277832,14.98315715789795,2.020507574081421,0.0006932999822311103,0.0002927000168710947
447,1.730307698249817,14.997773170471191,2.0229263305664062,0.0006877999985590577,0.0003006000188179314
448,2.025881767272949,15.012542724609375,2.028015613555908,0.0007112000021152198,0.00028739997651427984
449,1.7259145975112915,15.026369094848633,2.028785228729248,0.0007084999815560877,0.0002919000107795
450,1.8774340152740479,15.041160583496094,2.0265579223632812,0.0007832999690435827,0.0003073000116273761
451,1.7910033464431763,15.05550479888916,2.0233309268951416,0.0008519000257365406,0.00030479999259114265
452,2.0451741218566895,15.070019721984863,2.0196611881256104,0.000719799951184541,0.00031919998582452536
453,1.7066936492919922,15.08309268951416,2.0147063732147217,0.0007368000224232674,0.0003066000062972307
454,1.8266446590423584,15.09696102142334,2.010077714920044,0.0007234999793581665,0.0003195999888703227
455,2.0063881874084473,15.110556602478027,2.0044965744018555,0.0007289000204764307,0.00029909994918853045
456,1.9897536039352417,15.123444557189941,2.0001723766326904,0.0007301000296138227,0.0003144000074826181
457,1.7561297416687012,15.135915756225586,1.995176076889038,0.0007300000288523734,0.0003139000036753714
458,1.6516791582107544,15.1494779586792,1.991257905960083,0.0007219999679364264,0.0003103999770246446
459,1.7663252353668213,15.16375732421875,1.98868989944458,0.0007264000014401972,0.000304899993352592
460,1.8997076749801636,15.178412437438965,1.9848747253417969,0.0007310000364668667,0.00031260005198419094
461,1.9644200801849365,15.192788124084473,1.9802069664001465,0.0007168999873101711,0.00030429998878389597
462,1.8639516830444336,15.206451416015625,1.9762318134307861,0.0007326999912038445,0.00030289997812360525
463,1.8763796091079712,15.219836235046387,1.9715543985366821,0.0007257999968715012,0.00030280003556981683
464,1.6030499935150146,15.23278522491455,1.9695801734924316,0.0007357999566011131,0.00029689999064430594
465,1.788056492805481,15.246451377868652,1.970235824584961,0.0007326000486500561,0.00030479999259114265
466,1.6168272495269775,15.260687828063965,1.9710056781768799,0.000712999957613647,0.00030529999639838934
467,1.965554118156433,15.276185989379883,1.9699589014053345,0.0007334999972954392,0.00030449999030679464
468,1.8337154388427734,15.290549278259277,1.9697846174240112,0.0007188000017777085,0.0003021999727934599
469,1.9813203811645508,15.30493450164795,1.9681262969970703,0.0007201000116765499,0.0002998000127263367
470,1.8257842063903809,15.319561958312988,1.96715247631073,0.0007255999953486025,0.00030969997169449925
471,1.8761659860610962,15.334307670593262,1.9674441814422607,0.0007039000047370791,0.00030200002947822213
472,1.9261698722839355,15.349002838134766,1.964359998703003,0.0007066000252962112,0.0002957000397145748
473,1.8187779188156128,15.363478660583496,1.9607093334197998,0.0007044000085443258,0.00030449999030679464
474,1.762424111366272,15.378689765930176,1.9581760168075562,0.0007004000362940133,0.00029830000130459666
475,1.8675320148468018,15.393924713134766,1.956652283668518,0.0006902000168338418,0.00028600002406165004
476,1.91395103931427,15.408622741699219,1.9541183710098267,0.0006916999700479209,0.0002872000331990421
477,1.5998891592025757,15.422990798950195,1.9502019882202148,0.0006951999966986477,0.0003011000226251781
478,1.8219650983810425,15.437980651855469,1.9482364654541016,0.0006965000065974891,0.00029260001610964537
479,1.7303698062896729,15.452828407287598,1.940759539604187,0.0006923999753780663,0.00029520003590732813
480,1.7513320446014404,15.467680931091309,1.9373724460601807,0.0006894000107422471,0.0002859000233002007
481,1.7631700038909912,15.483072280883789,1.9374818801879883,0.0007271000067703426,0.0002872999757528305
482,1.8232049942016602,15.498332977294922,1.9401495456695557,0.0007404999923892319,0.00032589997863397
483,1.7915452718734741,15.513614654541016,1.9481446743011475,0.0007014999864622951,0.00029120000544935465
484,1.7926039695739746,15.530335426330566,1.957417368888855,0.0007035000016912818,0.0003063000040128827
485,1.8909958600997925,15.546782493591309,1.9669328927993774,0.0006914000259712338,0.00028600002406165004
486,1.7750270366668701,15.562076568603516,1.9750266075134277,0.0006760999676771462,0.000285700021777302
487,1.7487174272537231,15.577614784240723,1.984715223312378,0.000699099968187511,0.0002885999856516719
488,1.724424958229065,15.593873977661133,1.9879263639450073,0.0006901000160723925,0.00030529999639838934
489,1.7743357419967651,15.610631942749023,1.9875552654266357,0.0006843000301159918,0.0002817999920807779
490,1.973668098449707,15.627177238464355,1.9899516105651855,0.0006965000065974891,0.0002931999624706805
491,1.6913647651672363,15.643190383911133,1.994219183921814,0.0006909000221639872,0.00028740003472194076
492,1.8537585735321045,15.659395217895508,1.9897308349609375,0.0006964000058360398,0.00028550002025440335
493,1.6938860416412354,15.674948692321777,1.9877361059188843,0.0007745000184513628,0.0002948999754153192
494,1.8854092359542847,15.690963745117188,1.9803613424301147,0.0007634999928995967,0.00035690004006028175
495,1.7561074495315552,15.706392288208008,1.973260521888733,0.0007287999615073204,0.00030770001467317343
496,1.8259196281433105,15.721989631652832,1.9702082872390747,0.0007210000185295939,0.00030939996941015124
497,1.97416090965271,15.737785339355469,1.9678043127059937,0.0007220999686978757,0.0003038999857380986
498,1.8059601783752441,15.752896308898926,1.9606432914733887,0.0007813000120222569,0.00031939998734742403
499,1.7478525638580322,15.767827987670898,1.9542721509933472,0.0007396999862976372,0.00030150002567097545
500,1.8046525716781616,15.783332824707031,1.949462890625,0.0007186000002548099,0.0002989000058732927
501,1.7821900844573975,15.798192024230957,1.9444893598556519,0.0007332999957725406,0.00030559999868273735
502,1.8823496103286743,15.812509536743164,1.9405933618545532,0.0007037000032141805,0.00029930000891909003
503,1.8296765089035034,15.826164245605469,1.9372588396072388,0.0007049000123515725,0.0002956999815069139
504,1.7589163780212402,15.839766502380371,1.9340579509735107,0.0006908000214025378,0.00029799999902024865
505,1.7159099578857422,15.853304862976074,1.9314181804656982,0.0007043000077828765,0.0002953999792225659
506,1.6680375337600708,15.867121696472168,1.9305884838104248,0.0006932999822311103,0.00028789998032152653
507,1.744409203529358,15.881308555603027,1.9312570095062256,0.00070090004010126,0.0003076000139117241
508,1.9729869365692139,15.895181655883789,1.9356852769851685,0.0006895000115036964,0.00029070000164210796
509,2.1284923553466797,15.908778190612793,1.942608118057251,0.000699999975040555,0.0002874999772757292
510,1.8992446660995483,15.92077350616455,1.9528651237487793,0.000686999992467463,0.00029090000316500664
511,1.7537215948104858,15.932746887207031,1.960628867149353,0.000686099985614419,0.0002924000145867467
512,1.9019802808761597,15.944915771484375,1.965881586074829,0.0006982000195421278,0.00028989999555051327
513,1.824259877204895,15.95794677734375,1.9735774993896484,0.0009764000424183905,0.0005899000097997487
514,1.8401528596878052,15.971663475036621,1.975300669670105,0.0008149999775923789,0.0003461999585852027
515,1.7740370035171509,15.98505973815918,1.9736313819885254,0.0007949999999254942,0.00032400002237409353
516,1.5033960342407227,15.99950885772705,1.969356894493103,0.0007515000179409981,0.0003182999789714813
517,1.670554518699646,16.01510238647461,1.9622849225997925,0.0007001999765634537,0.0003035999834537506
518,1.6551263332366943,16.031211853027344,1.9600348472595215,0.0007184999994933605,0.00029280001763254404
519,1.7212982177734375,16.047435760498047,1.9592355489730835,0.0007054000161588192,0.00030129996594041586
520,1.9552497863769531,16.063709259033203,1.9599099159240723,0.0006938000442460179,0.0002938000252470374
521,1.728674054145813,16.0791072845459,1.9607294797897339,0.0006977000157348812,0.00029070000164210796
522,1.717222809791565,16.094863891601562,1.9610717296600342,0.0007016999879851937,0.00029719999292865396
523,1.9363651275634766,16.11061668395996,1.9591343402862549,0.0006915000267326832,0.0002891000476665795
524,1.6562527418136597,16.125967025756836,1.954911231994629,0.0007169999880716205,0.00028879998717457056
525,1.7376960515975952,16.141796112060547,1.9478352069854736,0.0006966000073589385,0.0002995000104419887
526,1.9894222021102905,16.157615661621094,1.9409105777740479,0.0007962999516166747,0.000291300006210804
527,1.6315573453903198,16.172670364379883,1.9304134845733643,0.0007855999865569174,0.0003136000013910234
528,1.7134804725646973,16.188302993774414,1.9282450675964355,0.0007155000348575413,0.0002965000458061695
529,1.7955446243286133,16.204771041870117,1.9324767589569092,0.0007105999975465238,0.000298400002066046
530,1.7235075235366821,16.220888137817383,1.935664415359497,0.0006894000107422471,0.0002961999853141606
531,1.9115278720855713,16.236827850341797,1.9419935941696167,0.0007000999758020043,0.0002937999670393765
532,1.8693596124649048,16.251901626586914,1.9432352781295776,0.0006966000073589385,0.00029779999749735
533,1.8042447566986084,16.26721954345703,1.9437661170959473,0.0006925000343471766,0.00029689999064430594
534,1.8099685907363892,16.28219985961914,1.9408349990844727,0.0007048000115901232,0.00029499997617676854
535,1.7138376235961914,16.296972274780273,1.940842628479004,0.0008291000267490745,0.0003111000405624509
536,1.726017951965332,16.31204605102539,1.9387779235839844,0.0007466999813914299,0.0003380000125616789
537,1.8140791654586792,16.327415466308594,1.9381080865859985,0.0007022000500001013,0.00029609998455271125
538,1.856536626815796,16.342105865478516,1.936782717704773,0.0007077999762259424,0.00028739997651427984
539,1.835760474205017,16.356094360351562,1.9353723526000977,0.0007416000007651746,0.0003016999689862132
540,1.8684509992599487,16.369821548461914,1.9314194917678833,0.0007003000355325639,0.0002927000168710947
541,1.7391836643218994,16.383773803710938,1.9274811744689941,0.00071570003638044,0.0003005000180564821
542,1.8713334798812866,16.39760971069336,1.929437279701233,0.0007504000095650554,0.0002919000107795
543,1.695525050163269,16.411277770996094,1.9290335178375244,0.0006992000271566212,0.00028909998945891857
544,1.7446563243865967,16.42506980895996,1.929100513458252,0.0007152999751269817,0.00029280001763254404
545,1.9255070686340332,16.439096450805664,1.9250949621200562,0.0006985000218264759,0.00029799999902024865
546,1.863715648651123,16.452638626098633,1.918460726737976,0.0007130000158213079,0.00030040001729503274
547,1.6712781190872192,16.465600967407227,1.9129724502563477,0.000694699992891401,0.00029230001382529736
548,1.5083897113800049,16.47885513305664,1.9077647924423218,0.0006846999749541283,0.000291000003926456
549,1.689000129699707,16.493785858154297,1.9016029834747314,0.0007099000504240394,0.00028740003472194076
550,1.8571223020553589,16.509708404541016,1.8958944082260132,0.000693199981469661,0.00028609996661543846
551,1.5093715190887451,16.525331497192383,1.8923691511154175,0.0007164999842643738,0.0002921999548561871
552,1.8906233310699463,16.54197883605957,1.8881906270980835,0.0006894000107422471,0.0002935999655164778
553,1.7624616622924805,16.558170318603516,1.885770559310913,0.0006819000118412077,0.0002885999856516719
554,1.6935272216796875,16.57417106628418,1.8845998048782349,0.0007020999910309911,0.0002908000024035573
555,1.7842586040496826,16.58969497680664,1.8835608959197998,0.0007045000093057752,0.00028680003015324473
556,1.7179304361343384,16.605714797973633,1.883927822113037,0.0006978000164963305,0.0002880000392906368
557,1.740391492843628,16.621707916259766,1.8830472230911255,0.0006903000175952911,0.0002894000499509275
558,1.8423832654953003,16.636550903320312,1.8826215267181396,0.0006770999752916396,0.00028580002253875136
559,1.7355862855911255,16.6514892578125,1.8836969137191772,0.0007396000437438488,0.00030020001577213407
560,1.844191074371338,16.666528701782227,1.8814464807510376,0.0007051000138744712,0.00030860002152621746
561,1.7480299472808838,16.68158721923828,1.8828513622283936,0.0007054999587126076,0.0002969999914057553
562,1.7808998823165894,16.69683837890625,1.8833463191986084,0.0007232000352814794,0.0002921000123023987
563,1.7241588830947876,16.71214485168457,1.8855400085449219,0.0007235999801196158,0.00028769997879862785
564,1.7781002521514893,16.727270126342773,1.8884207010269165,0.0007252999930642545,0.00030889996560290456
565,1.80670166015625,16.741870880126953,1.8919156789779663,0.0007386999786831439,0.0003141000051982701
566,1.8197232484817505,16.756343841552734,1.897271752357483,0.0007411999977193773,0.00030960002914071083
567,1.7452456951141357,16.771072387695312,1.900925874710083,0.0007208000170066953,0.0003073999541811645
568,1.7699626684188843,16.785865783691406,1.905261516571045,0.0007387999794445932,0.0003038999857380986
569,1.9836620092391968,16.801015853881836,1.9133321046829224,0.0007189000025391579,0.00030519999563694
570,1.675791621208191,16.81498146057129,1.9208993911743164,0.0007250999915413558,0.00030529999639838934
571,2.0820789337158203,16.82942771911621,1.9318974018096924,0.0006939999875612557,0.0002986000035889447
572,1.6632269620895386,16.84256935119629,1.9416313171386719,0.0007077999762259424,0.0002872999757528305
573,1.7265377044677734,16.85629653930664,1.945696234703064,0.0006923000328242779,0.00029009999707341194
574,1.6666358709335327,16.870454788208008,1.9451141357421875,0.0007034000009298325,0.00029639998683705926
575,1.7367278337478638,16.885425567626953,1.9383984804153442,0.0007599000236950815,0.00033299997448921204
576,1.8785512447357178,16.900341033935547,1.9311778545379639,0.0007187000010162592,0.00030720001086592674
577,1.7503052949905396,16.914608001708984,1.922168254852295,0.0007243999862112105,0.0003082000184804201
578,1.835741639137268,16.929349899291992,1.90989351272583,0.0007182999979704618,0.0003026999766007066
579,1.7673386335372925,16.944408416748047,1.8959861993789673,0.0007391000399366021,0.0003008000203408301
580,1.4677358865737915,16.96007537841797,1.884372353553772,0.000721900025382638,0.00030209997203201056
581,1.8129100799560547,16.976865768432617,1.8762409687042236,0.0007184999994933605,0.0002978999982587993
582,1.6604770421981812,16.99299430847168,1.874322533607483,0.0007301000296138227,0.0003067999496124685
583,1.5170388221740723,17.0090274810791,1.8753259181976318,0.0007078999769873917,0.0002883999841287732
584,1.8166847229003906,17.02631950378418,1.875961184501648,0.000701199984177947,0.0003000999568030238
585,1.5375324487686157,17.042678833007812,1.8771781921386719,0.0007330999942496419,0.0002969999914057553
586,1.7825837135314941,17.06017303466797,1.8779829740524292,0.0007193999481387436,0.00030229997355490923
587,1.536369800567627,17.07746124267578,1.8792781829833984,0.0006942999898456037,0.00029179995181038976
588,1.8300915956497192,17.09515953063965,1.8809946775436401,0.0006817000103183091,0.00028639996889978647
589,1.660006046295166,17.112520217895508,1.8833439350128174,0.0007205000147223473,0.0002953999792225659
590,1.8061048984527588,17.129898071289062,1.8896178007125854,0.0006849999772384763,0.0002962999860756099
591,1.823358416557312,17.147045135498047,1.9003061056137085,0.0007571000023745,0.00029609998455271125
592,1.6826778650283813,17.16365623474121,1.9156469106674194,0.0007137000211514533,0.00030640000477433205
593,1.6152381896972656,17.18006134033203,1.935964584350586,0.000700299977324903,0.00030449999030679464
594,1.7456450462341309,17.197099685668945,1.9578999280929565,0.0006935000419616699,0.0002962000435218215
595,1.9774879217147827,17.21335220336914,1.9845515489578247,0.0006951999966986477,0.0002986000035889447
596,1.7089403867721558,17.228458404541016,2.0015578269958496,0.0006999000324867666,0.00029209995409473777
597,1.740028738975525,17.243778228759766,2.007983446121216,0.0006907999631948769,0.00029739999445155263
598,1.7612903118133545,17.258859634399414,2.007329225540161,0.0006876999977976084,0.0002872999757528305
599,1.7320009469985962,17.273757934570312,2.00083327293396,0.0007045000093057752,0.00028879998717457056
600,1.7011533975601196,17.288816452026367,1.9853017330169678,0.000687599997036159,0.0002937000244855881
601,1.5992258787155151,17.303943634033203,1.9713428020477295,0.0006840999703854322,0.00030099996365606785
602,1.706295132637024,17.320035934448242,1.9575221538543701,0.0006955999997444451,0.00029579998226836324
603,1.707503080368042,17.335853576660156,1.9448280334472656,0.0006945999921299517,0.0002908000024035573
604,1.780065894126892,17.352256774902344,1.9349229335784912,0.0007330999942496419,0.00028899998869746923
605,1.6835967302322388,17.368680953979492,1.9234304428100586,0.0007035000016912818,0.0003188000409863889
606,1.6962730884552002,17.385272979736328,1.9114071130752563,0.0006897000130265951,0.00028770003700628877
607,1.6175568103790283,17.40154266357422,1.900382161140442,0.000721300020813942,0.00029170000925660133
608,1.7193957567214966,17.418014526367188,1.8928873538970947,0.0006888000061735511,0.00029930000891909003
609,1.63636314868927,17.435142517089844,1.8853251934051514,0.0006998999742791057,0.00028769997879862785
610,1.5158921480178833,17.452112197875977,1.88027822971344,0.0006896999548189342,0.00029090000316500664
611,1.5844241380691528,17.46924591064453,1.8795379400253296,0.0006847000331617892,0.00028819998260587454
612,1.828013300895691,17.486223220825195,1.8785816431045532,0.0006967000081203878,0.0002865000278688967
613,2.007079601287842,17.502269744873047,1.8769572973251343,0.0007045000093057752,0.0002914000069722533
614,1.7147278785705566,17.516765594482422,1.8775776624679565,0.0006849999772384763,0.00028979999478906393
615,1.764551043510437,17.531158447265625,1.8797242641448975,0.0007069999701343477,0.0002877999795600772
616,1.7266101837158203,17.545269012451172,1.8861424922943115,0.0007171999895945191,0.0002935000229626894
617,1.6611064672470093,17.560104370117188,1.8946365118026733,0.0006939999875612557,0.00029120000544935465
618,1.771492838859558,17.574989318847656,1.90041983127594,0.0006844000308774412,0.00028799998108297586
619,1.661080002784729,17.589263916015625,1.9002509117126465,0.0006969000096432865,0.00030289997812360525
620,1.6335747241973877,17.603822708129883,1.9007253646850586,0.0006967000081203878,0.0002930000191554427
621,1.6997939348220825,17.618213653564453,1.900282859802246,0.0007210999610833824,0.00028769997879862785
622,1.7770367860794067,17.633058547973633,1.9011847972869873,0.0007023999933153391,0.00033270003041252494
623,1.6551892757415771,17.647294998168945,1.9010865688323975,0.0006968999514356256,0.00030479999259114265
624,1.6585339307785034,17.6617488861084,1.899492859840393,0.0007904000231064856,0.0003124999930150807
625,1.6413966417312622,17.676542282104492,1.9010326862335205,0.0009109000093303621,0.00033680000342428684
626,1.7211953401565552,17.69110870361328,1.9019173383712769,0.0007063000230118632,0.00033870001789182425
627,1.6967910528182983,17.70531463623047,1.9028503894805908,0.0006947999936528504,0.00029280001763254404
628,1.665611982345581,17.719478607177734,1.9006553888320923,0.0007085000397637486,0.0002906000008806586
629,1.641282320022583,17.734167098999023,1.891681432723999,0.000694099988322705,0.0002886999864131212
630,1.7432225942611694,17.7491455078125,1.8841030597686768,0.000715400034096092,0.00028820004081353545
631,1.6616114377975464,17.76370620727539,1.8762227296829224,0.0007326999912038445,0.0002940999693237245
632,1.6549795866012573,17.777996063232422,1.866189956665039,0.000735800014808774,0.00029959995299577713
633,1.6737265586853027,17.792617797851562,1.8557316064834595,0.0006924000335857272,0.00029280001763254404
634,1.5643680095672607,17.806842803955078,1.8465914726257324,0.0007111000013537705,0.0002943999716080725
635,1.4477053880691528,17.821212768554688,1.8415602445602417,0.0007572000031359494,0.0002924000145867467
636,1.57988440990448,17.83643913269043,1.8396574258804321,0.0008741999627090991,0.0003103999770246446
637,1.762147307395935,17.851398468017578,1.8396345376968384,0.0009627999970689416,0.0003981000045314431
638,1.676544427871704,17.8657283782959,1.842349648475647,0.0007943999953567982,0.0003277999931015074
639,1.6561553478240967,17.879728317260742,1.8470317125320435,0.0008575000101700425,0.000312299991492182
640,1.7074220180511475,17.894031524658203,1.8521296977996826,0.0008024999988265336,0.0003428999916650355
641,1.4749923944473267,17.907957077026367,1.8574985265731812,0.0007804000051692128,0.0003304000128991902
642,1.748030185699463,17.922521591186523,1.8630602359771729,0.000762099982239306,0.00031720002880319953
643,1.6005723476409912,17.936538696289062,1.8718847036361694,0.0007366000209003687,0.00032979995012283325
644,1.5561209917068481,17.950590133666992,1.8797101974487305,0.0007590000168420374,0.0003092999686487019
645,1.5720714330673218,17.96443748474121,1.8909144401550293,0.0007722000009380281,0.00033929996425285935
646,1.6476051807403564,17.978797912597656,1.8985822200775146,0.0007853999850340188,0.0003265999839641154
647,1.864190936088562,17.99274253845215,1.9086335897445679,0.0007465999806299806,0.00031910004327073693
648,1.5759127140045166,18.00674819946289,1.915851354598999,0.0007389999809674919,0.0003078999579884112
649,1.5986891984939575,18.02146339416504,1.9211671352386475,0.0007329999934881926,0.0003238999634049833
650,1.7394540309906006,18.036012649536133,1.9224704504013062,0.0007466000388376415,0.00034630001755431294
651,1.6078736782073975,18.05034637451172,1.9182517528533936,0.0007336999988183379,0.0003006000188179314
652,1.5445449352264404,18.06500816345215,1.9133555889129639,0.0007524000247940421,0.00030420004623010755
653,1.7839118242263794,18.080018997192383,1.905129313468933,0.0007471999851986766,0.0003103000344708562
654,1.6413625478744507,18.094514846801758,1.8974512815475464,0.0008009999874047935,0.0003032999811694026
655,1.6732397079467773,18.1086483001709,1.8895111083984375,0.0007666000165045261,0.0003239000216126442
656,1.6518183946609497,18.12290382385254,1.8821626901626587,0.0008170999935828149,0.000354900024831295
657,1.5321605205535889,18.137073516845703,1.8734383583068848,0.0007493000011891127,0.0003032999811694026
658,1.7277811765670776,18.151201248168945,1.8644990921020508,0.0007383999763987958,0.00030419998802244663
659,1.522480845451355,18.165069580078125,1.8512282371520996,0.0007853999850340188,0.0003117000451311469
660,1.5349245071411133,18.1798038482666,1.8413869142532349,0.0007754999678581953,0.00030829996103420854
661,1.48578679561615,18.19455909729004,1.8366072177886963,0.0007658000104129314,0.00033139996230602264
662,1.5998185873031616,18.20924949645996,1.8356690406799316,0.0007378999725915492,0.00030339998193085194
663,1.5242074728012085,18.224233627319336,1.836234450340271,0.0007690000347793102,0.0003200999926775694
664,1.7994590997695923,18.239803314208984,1.8375412225723267,0.0007471999851986766,0.0003598000039346516
665,1.5125027894973755,18.2548885345459,1.8435604572296143,0.0007329999934881926,0.0003065000055357814
666,1.9272440671920776,18.270105361938477,1.8426240682601929,0.0007999999797903001,0.0003149999538436532
667,1.5813521146774292,18.284332275390625,1.8423439264297485,0.0007157999789342284,0.00030100002186372876
668,1.5152908563613892,18.298994064331055,1.8402854204177856,0.0007577000069431961,0.000318799982778728
669,1.4907281398773193,18.313846588134766,1.83543062210083,0.0007715999963693321,0.0003284999984316528
670,1.4557079076766968,18.328920364379883,1.8270002603530884,0.0009655000176280737,0.00035389995900914073
671,1.8005585670471191,18.34505271911621,1.8226923942565918,0.0007393999840132892,0.0003133999998681247
672,1.5457919836044312,18.36046028137207,1.8213406801223755,0.0007546000415459275,0.00030210003023967147
673,1.4740643501281738,18.376079559326172,1.8225889205932617,0.000742600008379668,0.00030020001577213407
674,1.7979375123977661,18.391529083251953,1.8259741067886353,0.0007331999950110912,0.00031129998387768865
675,1.6034176349639893,18.40642738342285,1.8261148929595947,0.0007542999810539186,0.00030590000096708536
676,1.6816965341567993,18.42127799987793,1.8235676288604736,0.0007520000217482448,0.00030509999487549067
677,1.741178035736084,18.43669891357422,1.8187464475631714,0.0007561000529676676,0.00030020001577213407
678,1.757814645767212,18.451709747314453,1.8148329257965088,0.0007270000060088933,0.00030069996137171984
679,1.6924890279769897,18.467411041259766,1.8170322179794312,0.00108149996958673,0.0004369000089354813
680,1.732407569885254,18.483219146728516,1.816888689994812,0.0007999000372365117,0.0003527000080794096
681,1.594186544418335,18.49908447265625,1.819750428199768,0.0007611999753862619,0.0003309999592602253
682,1.5582938194274902,18.514612197875977,1.8238123655319214,0.0007580000092275441,0.00030780001543462276
683,1.7381254434585571,18.52981948852539,1.8310567140579224,0.0007579000084660947,0.0003192999865859747
684,1.5361894369125366,18.54477310180664,1.8322383165359497,0.0008017000509425998,0.0003369000041857362
685,1.6458027362823486,18.55994415283203,1.831772804260254,0.0008181000011973083,0.0003268999862484634
686,1.6969915628433228,18.574155807495117,1.828827977180481,0.0007656000088900328,0.00030209997203201056
687,1.7648870944976807,18.5883731842041,1.8283590078353882,0.0007474999874830246,0.00030179996974766254
688,1.5720338821411133,18.60252571105957,1.8207969665527344,0.0007380999741144478,0.00029930000891909003
689,1.6911934614181519,18.61635398864746,1.8154151439666748,0.0007593000191263855,0.00030479999259114265
690,1.634899616241455,18.630290985107422,1.810429334640503,0.0007317999843508005,0.00029960001120343804
691,1.5376899242401123,18.644437789916992,1.8024263381958008,0.0007380000315606594,0.0003019000287167728
692,1.699746012687683,18.65837860107422,1.7962183952331543,0.000741399999242276,0.0003095000283792615
693,1.5592637062072754,18.672618865966797,1.7929497957229614,0.0007471000426448882,0.00030289997812360525
694,1.6249151229858398,18.687328338623047,1.7912989854812622,0.0007329999934881926,0.0002986000035889447
695,1.6404162645339966,18.703256607055664,1.793664574623108,0.0007088000420480967,0.0003000000142492354
696,1.650700569152832,18.7191104888916,1.7980856895446777,0.0007306999759748578,0.00028909998945891857
697,1.5912079811096191,18.734760284423828,1.8057509660720825,0.0007531000301241875,0.00032839999767020345
698,1.6464332342147827,18.750459671020508,1.8085076808929443,0.000727800012100488,0.00033329997677356005
699,1.5706855058670044,18.766267776489258,1.8105995655059814,0.000748799997381866,0.00028899998869746923
700,1.7982817888259888,18.781997680664062,1.81104576587677,0.0008712999988347292,0.0003800999838858843
701,1.725325345993042,18.79727554321289,1.8073292970657349,0.0007631999906152487,0.000354000017978251
702,1.6647359132766724,18.812179565429688,1.806338906288147,0.0007230999763123691,0.00029579998226836324
703,1.58269202709198,18.82694435119629,1.8100100755691528,0.0007107999990694225,0.00028959999326616526
704,1.556716799736023,18.841856002807617,1.8173301219940186,0.0007205999572761357,0.000304599991068244
705,1.5839204788208008,18.85741424560547,1.8263059854507446,0.0007692000363022089,0.00031130004208534956
706,1.4603604078292847,18.873048782348633,1.8356684446334839,0.000820400018710643,0.0003562999772839248
707,1.6559102535247803,18.889179229736328,1.8386574983596802,0.000811200006864965,0.00030419998802244663
708,1.5886048078536987,18.904926300048828,1.8424586057662964,0.000743500015232712,0.00031749997287988663
709,1.6063040494918823,18.920984268188477,1.8412035703659058,0.0008363000233657658,0.0003360999980941415
710,1.6248152256011963,18.93712615966797,1.8346643447875977,0.0007795999990776181,0.00038300000596791506
711,1.5671368837356567,18.953153610229492,1.8310061693191528,0.000778700050432235,0.00037239998346194625
712,1.4799087047576904,18.969484329223633,1.8319299221038818,0.000876300036907196,0.00035930000012740493
713,1.745584487915039,18.98670768737793,1.8347121477127075,0.0008272000122815371,0.0003170999698340893
714,1.810991883277893,19.003475189208984,1.8306206464767456,0.0010370999807491899,0.00031019997550174594
715,1.806040644645691,19.019407272338867,1.8241528272628784,0.0013139999937266111,0.0003656999906525016
716,1.5562057495117188,19.03533935546875,1.822082757949829,0.0009255000040866435,0.000458099995739758
717,1.6167566776275635,19.05253791809082,1.8187527656555176,0.0009089999948628247,0.00037100003100931644
718,1.5531342029571533,19.06951141357422,1.8131544589996338,0.0008049999596551061,0.0003215000033378601
719,1.6003228425979614,19.086410522460938,1.8118053674697876,0.0007740000146441162,0.0003129999968223274
720,1.6020216941833496,19.10324478149414,1.8151798248291016,0.000769499980378896,0.00030720001086592674
721,1.7288429737091064,19.120615005493164,1.8182681798934937,0.0007971000159159303,0.0003106000367552042
722,1.574912667274475,19.13754653930664,1.8176932334899902,0.0007965999539010227,0.00032049999572336674
723,1.4312645196914673,19.154611587524414,1.8143362998962402,0.0008074999786913395,0.00033119996078312397
724,1.612393856048584,19.172452926635742,1.8052036762237549,0.000770700047723949,0.0003180000348947942
725,1.7655247449874878,19.189987182617188,1.8007832765579224,0.0007594000198878348,0.00030809995951130986
726,1.8225153684616089,19.20639991760254,1.7968685626983643,0.0008004999835975468,0.00030670000705868006
727,1.6209585666656494,19.22264289855957,1.7896771430969238,0.0007690000347793102,0.0003370000049471855
728,1.4357179403305054,19.23909568786621,1.7893409729003906,0.0008498000097461045,0.00035559997195377946
729,1.6538219451904297,19.2558650970459,1.7932817935943604,0.0007981000235304236,0.00032320001628249884
730,1.5368436574935913,19.272319793701172,1.7972334623336792,0.0007693999796174467,0.0003119000466540456
731,1.4314298629760742,19.289405822753906,1.7983406782150269,0.0007769999792799354,0.00030159996822476387
732,1.5840826034545898,19.30731201171875,1.795549750328064,0.0007699999841861427,0.00031319999834522605
733,1.4090713262557983,19.32530975341797,1.7935940027236938,0.0007671000203117728,0.0003078999579884112
734,1.7451242208480835,19.34310531616211,1.7893327474594116,0.0007726000039838254,0.0003103999770246446
735,1.4888094663619995,19.360206604003906,1.7855808734893799,0.0007585999555885792,0.00030559999868273735
736,1.4824748039245605,19.377614974975586,1.7780693769454956,0.00077039998723194,0.0003008999628946185
737,1.3797019720077515,19.394731521606445,1.7779561281204224,0.0007332999957725406,0.00030620000325143337
738,1.5020774602890015,19.411760330200195,1.7775295972824097,0.000715100031811744,0.0002839999506250024
739,1.5894407033920288,19.428876876831055,1.7789644002914429,0.0007485999958589673,0.00029399996856227517
740,1.5376585721969604,19.445581436157227,1.7832708358764648,0.0007181999972090125,0.000285400019492954
741,1.7270925045013428,19.462657928466797,1.7860736846923828,0.0007236999808810651,0.0002823999966494739
742,1.671144723892212,19.47862434387207,1.7795932292938232,0.0008877000072970986,0.0002850999590009451
743,1.7244383096694946,19.494291305541992,1.7764517068862915,0.0007736999541521072,0.00031269999453797936
744,1.6537952423095703,19.509336471557617,1.7691824436187744,0.0007667000172659755,0.00031099998159334064
745,1.5517385005950928,19.524173736572266,1.7620093822479248,0.000728100014384836,0.0002899000537581742
746,1.4964791536331177,19.539213180541992,1.7518318891525269,0.0007232999778352678,0.00029739999445155263
747,1.5057977437973022,19.554269790649414,1.7477041482925415,0.0007173999911174178,0.00030149996746331453
748,1.5417273044586182,19.570043563842773,1.7435100078582764,0.0007205999572761357,0.0002872000331990421
749,1.5789265632629395,19.585678100585938,1.7397252321243286,0.0007186000002548099,0.0002950999769382179
750,1.5339841842651367,19.601520538330078,1.7400286197662354,0.0007149000302888453,0.00028799998108297586
751,1.6074270009994507,19.61756706237793,1.746201753616333,0.0007304000318981707,0.00029369996627792716
752,1.4509986639022827,19.63346290588379,1.7550698518753052,0.0007167999865487218,0.0002875999780371785
753,1.825372576713562,19.649553298950195,1.7631855010986328,0.0007392999832518399,0.00028819998260587454
754,1.6320022344589233,19.664400100708008,1.7631875276565552,0.0007172999903559685,0.00028390000807121396
755,1.579841136932373,19.678831100463867,1.7633610963821411,0.0007139000226743519,0.00028300000121816993
756,1.5741405487060547,19.693355560302734,1.762492060661316,0.0007310000364668667,0.0002859000233002007
757,1.528424859046936,19.707841873168945,1.758170485496521,0.0007196000078693032,0.0002838000073097646
758,1.4789209365844727,19.722169876098633,1.7542270421981812,0.0007150000310502946,0.00028360000578686595
759,1.494935154914856,19.737533569335938,1.757025957107544,0.0007569000008516014,0.0002882999833673239
760,1.4717426300048828,19.75276756286621,1.7590131759643555,0.0007167000439949334,0.00028820004081353545
761,1.4951245784759521,19.768051147460938,1.7594207525253296,0.0007428000099025667,0.0002853000187315047
762,1.6346657276153564,19.78413200378418,1.7581349611282349,0.0007139999652281404,0.00029039999935775995
763,1.4591412544250488,19.799379348754883,1.76046621799469,0.0007323999889194965,0.00028639996889978647
764,1.5998358726501465,19.81471824645996,1.7572506666183472,0.0007237999816425145,0.00029279995942488313
765,1.6165317296981812,19.82937240600586,1.7489643096923828,0.0007590999593958259,0.00028629996813833714
766,1.5028542280197144,19.843360900878906,1.7405714988708496,0.0007246999884955585,0.00029389996780082583
767,1.2833393812179565,19.857872009277344,1.7343729734420776,0.0007132000173442066,0.00028609996661543846
768,1.430911660194397,19.872425079345703,1.734735131263733,0.0009777999948710203,0.0002855999628081918
769,1.4748265743255615,19.888349533081055,1.7430354356765747,0.0009166999952867627,0.0003883000463247299
770,1.5805584192276,19.904319763183594,1.7481247186660767,0.0008594000246375799,0.00039000000106170774
771,1.6684186458587646,19.920303344726562,1.7490874528884888,0.000789899961091578,0.00031049997778609395
772,1.5869344472885132,19.9361515045166,1.746489405632019,0.0008075999794527888,0.0003087999648414552
773,1.66420316696167,19.952089309692383,1.7409265041351318,0.0007540000369772315,0.00032890000147745013
774,1.295859456062317,19.96727180480957,1.7335747480392456,0.0007449000258930027,0.0002942999708466232
775,1.5915849208831787,19.98307991027832,1.727645993232727,0.0007699999841861427,0.0003026999766007066
776,1.5204355716705322,19.998611450195312,1.7153922319412231,0.0007830000249668956,0.00030400004470720887
777,1.3929357528686523,20.014026641845703,1.7024126052856445,0.0007668999605812132,0.0003218000056222081
778,1.649352788925171,20.03004264831543,1.6950225830078125,0.0007434000144712627,0.0002921999548561871
779,1.4825915098190308,20.045379638671875,1.6884020566940308,0.0007604000275023282,0.000311399984639138
780,1.4475206136703491,20.060806274414062,1.6871846914291382,0.0007613999769091606,0.0003548999666236341
781,1.5199583768844604,20.076339721679688,1.6905629634857178,0.0007342000026255846,0.00029449997236952186
782,1.2594399452209473,20.091339111328125,1.6994621753692627,0.0007493999437429011,0.000291000003926456
783,1.6694570779800415,20.106935501098633,1.7139328718185425,0.0007999999797903001,0.00034769997000694275
784,1.5245429277420044,20.122440338134766,1.7275867462158203,0.000838099978864193,0.00041199999395757914
785,1.5658799409866333,20.138391494750977,1.7363075017929077,0.000818600005004555,0.0003084000200033188
786,1.3431365489959717,20.153881072998047,1.7358722686767578,0.0008289000252261758,0.00031019997550174594
787,1.4867985248565674,20.169858932495117,1.7353928089141846,0.0008724000072106719,0.00035009998828172684
788,1.516872525215149,20.186250686645508,1.7283446788787842,0.0007705999887548387,0.00033119996078312397
789,1.3309032917022705,20.2022762298584,1.7205445766448975,0.0007485999958589673,0.00029910000739619136
790,1.5962378978729248,20.218162536621094,1.7105419635772705,0.0007559999939985573,0.00029880000511184335
791,1.309483528137207,20.233722686767578,1.7086259126663208,0.0007344000041484833,0.00029170000925660133
792,1.6426913738250732,20.25022315979004,1.7083171606063843,0.0007508000126108527,0.0002935999655164778
793,1.6287304162979126,20.26592254638672,1.7159481048583984,0.0007345000049099326,0.0002875000354833901
794,1.5897130966186523,20.281614303588867,1.7220526933670044,0.0009421000140719116,0.0002864999696612358
795,1.3194688558578491,20.29778480529785,1.7186486721038818,0.0007755999686196446,0.00031589996069669724
796,1.6744152307510376,20.314674377441406,1.7136465311050415,0.0007459000335074961,0.0002902999985963106
797,1.570068120956421,20.331022262573242,1.703392744064331,0.0007509000133723021,0.0002875999780371785
798,1.3950369358062744,20.347410202026367,1.6964489221572876,0.0007405999931506813,0.0002835000050254166
799,1.5658936500549316,20.363563537597656,1.7050472497940063,0.0007519000209867954,0.0003310000174678862
800,1.6547415256500244,20.378864288330078,1.7230238914489746,0.0007449999684467912,0.000285400019492954
801,1.6267507076263428,20.39353370666504,1.740605354309082,0.000720399955753237,0.0002948000328615308
802,1.4735139608383179,20.40740394592285,1.755039095878601,0.0007489999989047647,0.00028499995823949575
803,1.4451961517333984,20.421642303466797,1.7663990259170532,0.0007357000140473247,0.000284800014924258
804,1.5624207258224487,20.43616485595703,1.7772433757781982,0.0007337999995797873,0.00029579998226836324
805,1.6871113777160645,20.45112419128418,1.776434302330017,0.0007243000436574221,0.00028680003015324473
806,1.498563289642334,20.466564178466797,1.7702921628952026,0.0007157999789342284,0.0002798999776132405
807,1.7480219602584839,20.481639862060547,1.7645410299301147,0.0007357000140473247,0.0002867999719455838
808,1.3071800470352173,20.49701690673828,1.7519218921661377,0.000722200027666986,0.00028550002025440335
809,1.6220300197601318,20.512813568115234,1.74127197265625,0.0007151999743655324,0.0002825999981723726
810,1.5221643447875977,20.528146743774414,1.7305556535720825,0.0007293999660760164,0.0002874999772757292
811,1.5504968166351318,20.54424285888672,1.7153881788253784,0.00072310003452003,0.0002837999491021037
812,1.4854246377944946,20.560855865478516,1.6975194215774536,0.0007570000016130507,0.00028629996813833714
813,1.6463037729263306,20.577312469482422,1.6798293590545654,0.0007235000375658274,0.0002812999882735312
814,1.7042198181152344,20.593360900878906,1.6612378358840942,0.0007232999778352678,0.0002829000004567206
815,1.4922223091125488,20.60883903503418,1.6455494165420532,0.0007361999596469104,0.0002877999795600772
816,1.4196240901947021,20.62381935119629,1.6380736827850342,0.0007396999862976372,0.00030319998040795326
817,1.4974101781845093,20.63909339904785,1.6348131895065308,0.0007300000288523734,0.0002933000214397907
818,1.4949102401733398,20.65447235107422,1.631198525428772,0.0007188000017777085,0.00028799998108297586
819,1.5254380702972412,20.670072555541992,1.6318916082382202,0.0007513999589718878,0.00028690003091469407
820,1.4894074201583862,20.685304641723633,1.6302571296691895,0.0007230999763123691,0.00028819998260587454
821,1.4360326528549194,20.700111389160156,1.6307755708694458,0.0007304000318981707,0.0002817999920807779
822,1.41603422164917,20.715097427368164,1.631422519683838,0.0007206000154837966,0.00029280001763254404
823,1.6286437511444092,20.73105239868164,1.6376526355743408,0.0007325999904423952,0.0002865000278688967
824,1.5374995470046997,20.747135162353516,1.6456972360610962,0.0007263000006787479,0.0002906000008806586
825,1.5220966339111328,20.763214111328125,1.6531602144241333,0.0007149999728426337,0.00028879998717457056
826,1.6858268976211548,20.779415130615234,1.6546262502670288,0.000735200010240078,0.00028420001035556197
827,1.5538971424102783,20.795289993286133,1.6506407260894775,0.0007198000093922019,0.00028959999326616526
828,1.4675811529159546,20.811656951904297,1.6520482301712036,0.0007250999915413558,0.00028550002025440335
829,1.6510744094848633,20.828060150146484,1.657394528388977,0.0007303999736905098,0.0002934999647550285
830,1.344684362411499,20.84442901611328,1.6619155406951904,0.0007326999912038445,0.000291600008495152
831,1.3306384086608887,20.861907958984375,1.6604390144348145,0.0007583000115118921,0.000299000006634742
832,1.5555113554000854,20.880170822143555,1.6581941843032837,0.0007286999607458711,0.00029990001348778605
833,1.6838123798370361,20.897851943969727,1.6559226512908936,0.000716300040949136,0.00029070000164210796
834,1.7792723178863525,20.915067672729492,1.647929072380066,0.0007501000072807074,0.0002859000233002007
835,1.5494043827056885,20.931806564331055,1.639096975326538,0.0007259999983943999,0.00029009999707341194
836,1.26419198513031,20.948076248168945,1.6322005987167358,0.0007318999851122499,0.00028450001263991
837,1.4196840524673462,20.96491050720215,1.6272789239883423,0.0007249999907799065,0.00029279995942488313
838,1.5824214220046997,20.9819278717041,1.6235986948013306,0.0007433000137098134,0.00028979999478906393
839,1.54038667678833,20.99864387512207,1.6219648122787476,0.000730200030375272,0.00029280001763254404
840,1.512526512145996,21.01556968688965,1.6164733171463013,0.0007186000002548099,0.0002880000392906368
841,1.6046617031097412,21.03266143798828,1.6111302375793457,0.0007393000414595008,0.0002891999902203679
842,1.5809718370437622,21.0489559173584,1.6070258617401123,0.0007292999653145671,0.0002838000073097646
843,1.4483600854873657,21.06460952758789,1.6052374839782715,0.0007368000224232674,0.0002813000464811921
844,1.2471243143081665,21.079692840576172,1.6088087558746338,0.0007210000185295939,0.00028879998717457056
845,1.7755249738693237,21.095233917236328,1.614405632019043,0.0007302999729290605,0.00028169999131932855
846,1.4031848907470703,21.109724044799805,1.6167608499526978,0.0007380999741144478,0.00029469997389242053
847,1.5570392608642578,21.12404441833496,1.6147973537445068,0.0007472999859601259,0.0002908000024035573
848,1.72219979763031,21.137836456298828,1.6121175289154053,0.0008097999962046742,0.0003510999958962202
849,1.2622044086456299,21.150760650634766,1.6020673513412476,0.0007832000264897943,0.000298099999781698
850,1.2794066667556763,21.164485931396484,1.5892763137817383,0.001029200037010014,0.0003795999800786376
851,1.4259958267211914,21.178483963012695,1.5754395723342896,0.0011954999645240605,0.000485299970023334
852,1.486477017402649,21.192493438720703,1.5624853372573853,0.001102800015360117,0.0004447000101208687
853,1.6142033338546753,21.206344604492188,1.5508019924163818,0.0013945000246167183,0.0005268999957479537
854,1.5894023180007935,21.22037696838379,1.5438340902328491,0.0011190999648533762,0.00043480005115270615
855,1.3982744216918945,21.23520851135254,1.5425423383712769,0.0010473000002093613,0.00042290001874789596
856,1.6260316371917725,21.25,1.5480983257293701,0.0011011000024154782,0.00042530003702268004
857,1.5299017429351807,21.265043258666992,1.5580683946609497,0.0010473000002093613,0.0004350000526756048
858,1.3123072385787964,21.279987335205078,1.5590380430221558,0.0010045000235550106,0.00041779997991397977
859,1.1960842609405518,21.295089721679688,1.560866117477417,0.0011075999937020242,0.00045279995538294315
860,1.4311527013778687,21.31073570251465,1.5648193359375,0.0008135999669320881,0.00033760000951588154
861,1.5653166770935059,21.326147079467773,1.5668797492980957,0.0007905000238679349,0.0002984999446198344
862,1.444942831993103,21.341291427612305,1.571882963180542,0.000784299976658076,0.0003076999564655125
863,1.4368500709533691,21.356399536132812,1.5770834684371948,0.000770699989516288,0.00030590000096708536
864,1.4353928565979004,21.37114906311035,1.5886799097061157,0.000813300022855401,0.0003086999640800059
865,1.4129794836044312,21.385757446289062,1.5946344137191772,0.0007739000138826668,0.0003018999705091119
866,1.6598469018936157,21.400074005126953,1.6001317501068115,0.0007934999885037541,0.0003026999766007066
867,1.4111430644989014,21.413541793823242,1.603847622871399,0.0007814000127837062,0.00031289999606087804
868,1.3576923608779907,21.42721176147461,1.6052777767181396,0.0007817999576218426,0.00030399998649954796
869,1.4953714609146118,21.44073486328125,1.6077361106872559,0.0007794999983161688,0.00029689999064430594
870,1.3513855934143066,21.45415687561035,1.6079628467559814,0.0007798000006005168,0.00030590000096708536
871,1.36038339138031,21.467586517333984,1.611645221710205,0.0007527999696321785,0.00030020001577213407
872,1.3619215488433838,21.481285095214844,1.6105058193206787,0.0007939999923110008,0.00031259999377653003
873,1.5874704122543335,21.495128631591797,1.608876347541809,0.000750000006519258,0.0003018999705091119
874,1.3573919534683228,21.508153915405273,1.6040441989898682,0.0007714999956078827,0.0002978999982587993
875,1.1130859851837158,21.520870208740234,1.6020747423171997,0.0007538999780081213,0.00029739999445155263
876,1.480780839920044,21.53410530090332,1.5914230346679688,0.0007462999783456326,0.0002951999776996672
877,1.3073766231536865,21.547578811645508,1.5778207778930664,0.000785200041718781,0.0002959000412374735
878,1.4533895254135132,21.560794830322266,1.5689325332641602,0.0007543999818153679,0.0003005999606102705
879,1.4582507610321045,21.573833465576172,1.5618476867675781,0.0007547000423073769,0.0002975999959744513
880,1.4403927326202393,21.58730697631836,1.5597624778747559,0.0007245999877341092,0.00028799998108297586
881,1.4915428161621094,21.600900650024414,1.56300687789917,0.0007295999675989151,0.0002961999853141606
882,1.3795936107635498,21.614280700683594,1.5758836269378662,0.0007182999979704618,0.0002932000206783414
883,1.4186453819274902,21.628610610961914,1.5923562049865723,0.0007172999903559685,0.00028360000578686595
884,1.3091578483581543,21.643417358398438,1.6074837446212769,0.00073050003265962,0.00028660002863034606
885,1.5292288064956665,21.658430099487305,1.6276415586471558,0.0007200000109151006,0.0002959999837912619
886,1.3917933702468872,21.673307418823242,1.646887183189392,0.000723400036804378,0.0002864000271074474
887,1.3724846839904785,21.68824005126953,1.6649495363235474,0.0007556000491604209,0.00029180001001805067
888,1.4961161613464355,21.702905654907227,1.6794321537017822,0.0007594999624416232,0.00028959999326616526
889,1.416276216506958,21.717273712158203,1.6849721670150757,0.0007590999593958259,0.00031699996907263994
890,1.655391812324524,21.731403350830078,1.6917964220046997,0.0007269000052474439,0.0002914000069722533
891,1.387561321258545,21.745044708251953,1.683132290840149,0.0007383999763987958,0.0002870000316761434
892,1.5287096500396729,21.75870704650879,1.6666688919067383,0.0007287999615073204,0.00029390002600848675
893,1.3934847116470337,21.77265739440918,1.628317952156067,0.0007199000101536512,0.0002885999856516719
894,1.3413562774658203,21.786758422851562,1.5956697463989258,0.0007442999631166458,0.00028689997270703316
895,1.3445335626602173,21.800779342651367,1.5731227397918701,0.0007295000250451267,0.00028549996204674244
896,1.368558406829834,21.8150691986084,1.5621943473815918,0.0007402999908663332,0.00028909998945891857
897,1.3125934600830078,21.829469680786133,1.5568512678146362,0.000742900010664016,0.0002924000145867467
898,1.4190446138381958,21.844533920288086,1.5543005466461182,0.0007516999612562358,0.0002929000183939934
899,1.3818955421447754,21.859586715698242,1.5488256216049194,0.0007390000391751528,0.0002902999985963106
900,1.4026633501052856,21.87438201904297,1.5454365015029907,0.0007440000190399587,0.00029499997617676854
901,1.6065987348556519,21.88911247253418,1.5434321165084839,0.0007397999870590866,0.0002978999982587993
902,1.3488874435424805,21.902856826782227,1.5427839756011963,0.0007408999954350293,0.0002840000088326633
903,1.4737286567687988,21.916547775268555,1.5453981161117554,0.0007612000335939229,0.0003032000386156142
904,1.3134782314300537,21.929981231689453,1.553645133972168,0.0008732000133022666,0.00031370000215247273
905,1.298353672027588,21.943796157836914,1.5691946744918823,0.0007770000374875963,0.00035630003549158573
906,1.46052086353302,21.95769500732422,1.583701252937317,0.0007395000429823995,0.00029120000544935465
907,1.2439318895339966,21.971683502197266,1.5954289436340332,0.0007239999831654131,0.00028959999326616526
908,1.3762569427490234,21.985857009887695,1.599501132965088,0.0007447000243701041,0.0002905000001192093
909,1.4679664373397827,21.999563217163086,1.5929428339004517,0.0007372999680228531,0.0002902999985963106
910,1.384625792503357,22.013208389282227,1.584381341934204,0.0007473000441677868,0.00028820004081353545
911,1.5462945699691772,22.026674270629883,1.5746448040008545,0.000742000003810972,0.00029009999707341194
912,1.4446545839309692,22.040258407592773,1.568630576133728,0.0007450999692082405,0.0002964999875985086
913,1.3362869024276733,22.05367660522461,1.5659531354904175,0.0007286999607458711,0.0002883999841287732
914,1.6664680242538452,22.06743812561035,1.558937668800354,0.0007385999779216945,0.00028709997422993183
915,1.2907439470291138,22.081512451171875,1.5476819276809692,0.0007467999821528792,0.00029479997465386987
916,1.2103651762008667,22.096641540527344,1.5346659421920776,0.0007331000524573028,0.00029390002600848675
917,1.2845916748046875,22.111785888671875,1.5212419033050537,0.0007295999675989151,0.0002861999673768878
918,1.4310109615325928,22.126617431640625,1.5100966691970825,0.0007321999873965979,0.00028819998260587454
919,1.475667953491211,22.14114761352539,1.5008673667907715,0.0008071999764069915,0.0002997000119648874
920,1.594552993774414,22.155046463012695,1.4952199459075928,0.000833099998999387,0.00032320001628249884
921,1.4595978260040283,22.169281005859375,1.4956550598144531,0.0007889000116847456,0.00033350003650411963
922,1.4727309942245483,22.18299674987793,1.501539945602417,0.0007434000144712627,0.00031510001281276345
923,1.3283799886703491,22.196975708007812,1.508201241493225,0.0007472999859601259,0.00029039999935775995
924,1.508038878440857,22.211109161376953,1.515080451965332,0.00073640001937747,0.00029150000773370266
925,1.407644271850586,22.22491455078125,1.5242817401885986,0.0007416000007651746,0.00029360002372413874
926,1.4223881959915161,22.23911476135254,1.5360803604125977,0.0007605999708175659,0.0002931999624706805
927,1.2913397550582886,22.253164291381836,1.5507597923278809,0.0007476999890059233,0.00029120000544935465
928,1.3258000612258911,22.267675399780273,1.564310073852539,0.0007517000194638968,0.00032890000147745013
929,1.3919397592544556,22.281837463378906,1.5756655931472778,0.00074819999281317,0.00030280003556981683
930,1.3625824451446533,22.296085357666016,1.5763250589370728,0.0007835999713279307,0.0003163999645039439
931,1.48069167137146,22.31011962890625,1.5726234912872314,0.0008165000472217798,0.00029719999292865396
932,1.2801827192306519,22.32451057434082,1.5592113733291626,0.0007666999590583146,0.00030449999030679464
933,1.4764875173568726,22.338987350463867,1.5404019355773926,0.0010077999904751778,0.0003021999727934599
934,1.1492851972579956,22.353370666503906,1.5238690376281738,0.000812100013718009,0.00030640000477433205
935,1.2727599143981934,22.36793327331543,1.5150465965270996,0.0009102000040002167,0.0003149000112898648
936,1.2285041809082031,22.38218116760254,1.5108771324157715,0.0007728000055067241,0.00034950004192069173
937,1.2036116123199463,22.39719009399414,1.5101536512374878,0.0007600999670103192,0.0003016000264324248
938,1.5072178840637207,22.41200065612793,1.5096511840820312,0.0007715999963693321,0.00029720005113631487
939,1.0209705829620361,22.427719116210938,1.5133739709854126,0.0007770000374875963,0.0003106000367552042
940,1.4977754354476929,22.443790435791016,1.515343189239502,0.0007472000434063375,0.00030210003023967147
941,1.4102195501327515,22.459224700927734,1.5073806047439575,0.000741700001526624,0.0002954999799840152
942,1.3848965167999268,22.47422218322754,1.493119478225708,0.0007706000469624996,0.00032920000376179814
943,1.5491763353347778,22.489051818847656,1.483736276626587,0.0007315999828279018,0.0002894999925047159
944,1.2911988496780396,22.503650665283203,1.480771541595459,0.0007502000080421567,0.00029990001348778605
945,1.4370615482330322,22.518260955810547,1.479189157485962,0.0007343000033870339,0.00029230001382529736
946,1.3821099996566772,22.53265380859375,1.4792896509170532,0.0007422000053338706,0.00028739997651427984
947,1.3866090774536133,22.546037673950195,1.4822198152542114,0.00074230000609532,0.0002919000107795
948,1.1423078775405884,22.559114456176758,1.4886506795883179,0.0007369999657385051,0.0002882999833673239
949,1.5599802732467651,22.572540283203125,1.492043375968933,0.0007483999943360686,0.000285700021777302
950,1.1628366708755493,22.586111068725586,1.4957293272018433,0.0010747999767772853,0.00032649998320266604
951,1.3437010049819946,22.599533081054688,1.5016205310821533,0.0009111000108532608,0.0003915000124834478
952,1.340590238571167,22.612791061401367,1.508190631866455,0.0007621999830007553,0.0003381000133231282
953,1.4118661880493164,22.625701904296875,1.5130611658096313,0.0007798000006005168,0.0002975999959744513
954,1.5768102407455444,22.63887596130371,1.5176750421524048,0.000744100019801408,0.00029339996399357915
955,1.4141899347305298,22.651451110839844,1.5201833248138428,0.0007444999646395445,0.0002964999875985086
956,1.4603302478790283,22.663572311401367,1.5165014266967773,0.0007452000281773508,0.00030479999259114265
957,1.5062017440795898,22.675695419311523,1.5012584924697876,0.0007375999703072011,0.0002924000145867467
958,1.2927547693252563,22.687068939208984,1.4873526096343994,0.0007563999970443547,0.00029310001991689205
959,1.3658785820007324,22.698646545410156,1.4757455587387085,0.0007339000003412366,0.0002921000123023987
960,1.4336978197097778,22.71004867553711,1.4702783823013306,0.0007266000029630959,0.00029170000925660133
961,1.3867971897125244,22.72163200378418,1.4691376686096191,0.0007485999958589673,0.00028769997879862785
962,1.2868733406066895,22.733293533325195,1.4698593616485596,0.0007363000186160207,0.00029180001001805067
963,1.3159538507461548,22.74559783935547,1.4764213562011719,0.0007264000014401972,0.0002880000392906368
964,1.4212079048156738,22.757963180541992,1.472580075263977,0.000811800011433661,0.0002882999833673239
965,1.2813146114349365,22.770462036132812,1.462957739830017,0.0008664000197313726,0.00032300001475960016
966,1.354441523551941,22.783227920532227,1.4568415880203247,0.0007548999856226146,0.0002940999693237245
967,1.4194834232330322,22.795923233032227,1.4586371183395386,0.00074380001751706,0.0002962000435218215
968,1.4520066976547241,22.80820083618164,1.4646838903427124,0.000734600005671382,0.00030610000248998404
969,1.3605903387069702,22.820005416870117,1.4749743938446045,0.0007374000269919634,0.00030040001729503274
970,1.4327553510665894,22.83253288269043,1.482652187347412,0.0007285000174306333,0.0002930000191554427
971,1.3696833848953247,22.84595489501953,1.4868661165237427,0.000743200012948364,0.0002918999525718391
972,1.2186564207077026,22.85933494567871,1.4871954917907715,0.0007269000052474439,0.00029769999673590064
973,1.311072826385498,22.8730525970459,1.4876924753189087,0.0007405999931506813,0.0002899999963119626
974,1.5150134563446045,22.886859893798828,1.486773133277893,0.0007359000155702233,0.00029559998074546456
975,1.3611453771591187,22.90038299560547,1.4816821813583374,0.000756499997805804,0.00029469997389242053
976,1.3354740142822266,22.914077758789062,1.4793139696121216,0.0007419000030495226,0.00029580004047602415
977,1.2469731569290161,22.927717208862305,1.4765592813491821,0.0007387000368908048,0.0002941000275313854
978,1.229121208190918,22.94174575805664,1.4772834777832031,0.0007509999559260905,0.000291000003926456
979,1.27570641040802,22.9565486907959,1.4748585224151611,0.0007397999870590866,0.00029559998074546456
980,1.2470054626464844,22.97149658203125,1.471798300743103,0.0008985999738797545,0.0002906000008806586
981,1.3473174571990967,22.986042022705078,1.4733079671859741,0.000982099969405681,0.0003524000057950616
982,1.1220424175262451,23.00042152404785,1.4717156887054443,0.0008067000308074057,0.00034120003692805767
983,1.4300484657287598,23.015268325805664,1.4671298265457153,0.0007893000147305429,0.00031480001052841544
984,1.4080239534378052,23.030378341674805,1.4607973098754883,0.0007726000039838254,0.00031920004403218627
985,1.396902084350586,23.045377731323242,1.4544557332992554,0.0007956000044941902,0.0003121999907307327
986,1.3375362157821655,23.059925079345703,1.4517877101898193,0.0007783999899402261,0.000304599991068244
987,1.2209352254867554,23.074831008911133,1.4552781581878662,0.00077629997394979,0.000305800000205636
988,1.2659237384796143,23.08993148803711,1.456730842590332,0.0007793999975547194,0.0003144000074826181
989,1.5339162349700928,23.10530662536621,1.4549641609191895,0.000784299976658076,0.00030720001086592674
990,1.2942357063293457,23.119869232177734,1.4611496925354004,0.0007703000446781516,0.0003101000329479575
991,1.400604248046875,23.13386344909668,1.4640843868255615,0.0007612999761477113,0.00030239997431635857
992,1.2831084728240967,23.147642135620117,1.4632982015609741,0.0007815000135451555,0.0003079000161960721
993,1.1851691007614136,23.161163330078125,1.4621988534927368,0.0007648000027984381,0.0003029999788850546
994,1.2733955383300781,23.174922943115234,1.4588031768798828,0.0007741000154055655,0.0003006000188179314
995,1.1740328073501587,23.18855857849121,1.4551440477371216,0.0008665000204928219,0.0003108000382781029
996,1.1610184907913208,23.202322006225586,1.447270154953003,0.0012444999883882701,0.0003087000222876668
997,1.4206887483596802,23.21586799621582,1.441100835800171,0.0007878000033088028,0.00031860003946349025
998,1.431165337562561,23.229339599609375,1.4354708194732666,0.0007467999821528792,0.0002932000206783414
999,1.4067963361740112,23.242801666259766,1.4289300441741943,0.0007699999841861427,0.0002891999902203679
1000,1.2067768573760986,23.256633758544922,1.4246392250061035,0.0007381999748758972,0.0002929999609477818
1001,1.3824245929718018,23.270732879638672,1.4209201335906982,0.0007781999884173274,0.0002864999696612358
1002,1.4100686311721802,23.284717559814453,1.4184263944625854,0.0007780999876558781,0.00030559999868273735
1003,1.2484501600265503,23.298391342163086,1.4177051782608032,0.0008194000110961497,0.0003063000040128827
1004,1.6049662828445435,23.312101364135742,1.4189133644104004,0.0007421000045724213,0.0003034999826923013
1005,1.2437496185302734,23.325910568237305,1.4151759147644043,0.0007403999916277826,0.00028979999478906393
1006,1.2312140464782715,23.339553833007812,1.4129595756530762,0.0007752000237815082,0.0002872000331990421
1007,1.1568968296051025,23.352888107299805,1.4178597927093506,0.0008128000190481544,0.00029659998835995793
1008,1.2583906650543213,23.366350173950195,1.4254603385925293,0.0007786999922245741,0.00031969998963177204
1009,1.212385654449463,23.379928588867188,1.4349815845489502,0.0008149999775923789,0.0003561999765224755
1010,1.114610195159912,23.394283294677734,1.4494441747665405,0.0008794000023044646,0.0003635999746620655
1011,1.2500489950180054,23.40900421142578,1.4655870199203491,0.001030400046147406,0.00036449998151510954
1012,1.3025453090667725,23.423370361328125,1.4755829572677612,0.0008031000033952296,0.0003165999660268426
1013,1.1927483081817627,23.437755584716797,1.4808939695358276,0.0008668000227771699,0.00030010001501068473
1014,1.519771695137024,23.45282554626465,1.4739099740982056,0.0008354000165127218,0.0003133999998681247
1015,1.416269063949585,23.467235565185547,1.4592446088790894,0.0007951000006869435,0.0003176000318489969
1016,1.2357271909713745,23.48077392578125,1.4421250820159912,0.0007769000367261469,0.00030910002533346415
1017,1.1978110074996948,23.494258880615234,1.4222556352615356,0.0008302999776788056,0.00030419998802244663
1018,1.2101975679397583,23.508268356323242,1.3979008197784424,0.0008660000166855752,0.0003182999789714813
1019,1.2333582639694214,23.522253036499023,1.3794769048690796,0.0008096999954432249,0.0003334000357426703
1020,1.1808803081512451,23.536212921142578,1.3711379766464233,0.0007725000032223761,0.00030859996331855655
1021,1.2534409761428833,23.55010414123535,1.3663121461868286,0.0007807000074535608,0.000312299991492182
1022,1.293149471282959,23.565113067626953,1.3658487796783447,0.0007651000050827861,0.00030770001467317343
1023,1.2917591333389282,23.579580307006836,1.3677620887756348,0.0008014999912120402,0.0003120000474154949
1024,1.2777762413024902,23.594207763671875,1.3715283870697021,0.0010087999980896711,0.0003408000338822603
1025,1.3769851922988892,23.608552932739258,1.3798385858535767,0.0010581999667920172,0.0005321999778971076
1026,1.3226956129074097,23.622068405151367,1.3900257349014282,0.0008602000307291746,0.0003760000108741224
1027,1.3067246675491333,23.63530731201172,1.403613567352295,0.0008230999810621142,0.00030829996103420854
1028,1.32837975025177,23.648296356201172,1.420169711112976,0.0008230999810621142,0.00034529995173215866
1029,1.4043649435043335,23.661376953125,1.4383950233459473,0.0008365000248886645,0.00031289999606087804
1030,1.6077890396118164,23.674434661865234,1.4512180089950562,0.000860599975567311,0.0003844999591819942
1031,1.3823540210723877,23.688077926635742,1.4631707668304443,0.0009137000306509435,0.000416700029745698
1032,1.2741373777389526,23.7012882232666,1.4648768901824951,0.0007805000059306622,0.00030969997169449925
1033,1.154963731765747,23.7143497467041,1.4655598402023315,0.0007969000143930316,0.00031650002347305417
1034,1.3190120458602905,23.7276668548584,1.4586255550384521,0.0007702999864704907,0.00030419998802244663
1035,1.1916745901107788,23.740848541259766,1.4448142051696777,0.00077039998723194,0.0002992000081576407
1036,1.2691481113433838,23.753984451293945,1.429076910018921,0.0007563999970443547,0.0003084000200033188
1037,1.2856416702270508,23.76712989807129,1.4091287851333618,0.00073640001937747,0.00029390002600848675
1038,1.0758439302444458,23.78023910522461,1.3984463214874268,0.0007351000094786286,0.0002878000377677381
1039,1.4304447174072266,23.793556213378906,1.3923450708389282,0.0007405999931506813,0.0002967000473290682
1040,1.2665122747421265,23.806570053100586,1.387431263923645,0.000735500012524426,0.00029039999935775995
1041,1.1482166051864624,23.819189071655273,1.3838509321212769,0.0007556999917142093,0.0002927000168710947
1042,1.224329948425293,23.832231521606445,1.3832367658615112,0.0007333999965339899,0.00028690003091469407
1043,1.3410145044326782,23.84600067138672,1.385690450668335,0.0007279000128619373,0.0002820999943651259
1044,1.232224464416504,23.859840393066406,1.3923702239990234,0.0007647000020369887,0.00028659997042268515
1045,1.4272462129592896,23.873491287231445,1.4044733047485352,0.0009615999879315495,0.0003730999887920916
1046,1.168670654296875,23.886444091796875,1.416166067123413,0.0008604999748058617,0.00031590001890435815
1047,1.196861743927002,23.89907455444336,1.425436019897461,0.0007560999947600067,0.00029500003438442945
1048,1.1674156188964844,23.912363052368164,1.436057448387146,0.000742600008379668,0.00029960001120343804
1049,1.366994023323059,23.925533294677734,1.4375154972076416,0.0007475999882444739,0.00029090000316500664
1050,1.1175681352615356,23.93871307373047,1.4275137186050415,0.0007447000243701041,0.00032619998091831803
1051,1.3816096782684326,23.951473236083984,1.416701078414917,0.000742000003810972,0.00029940000968053937
1052,1.1433559656143188,23.963953018188477,1.4081529378890991,0.0007750000222586095,0.0002930000191554427
1053,1.289454698562622,23.97681999206543,1.405701994895935,0.000742000003810972,0.000292200013063848
1054,1.3618251085281372,23.989986419677734,1.4095375537872314,0.0007684000302106142,0.0002914000069722533
1055,1.3056279420852661,24.00282859802246,1.4127399921417236,0.0007353000110015273,0.00029070000164210796
1056,1.4354498386383057,24.015613555908203,1.4127601385116577,0.0007633999921381474,0.0002877999795600772
1057,1.276345133781433,24.02789878845215,1.405693769454956,0.0007523000240325928,0.00029580004047602415
1058,1.2461360692977905,24.040000915527344,1.4016625881195068,0.0007351000094786286,0.00029639998683705926
1059,1.2594183683395386,24.052486419677734,1.3955997228622437,0.0007472000434063375,0.00029520003590732813
1060,1.341578722000122,24.06464958190918,1.3935184478759766,0.0008629999938420951,0.0003086999640800059
1061,1.5078078508377075,24.07642364501953,1.3895071744918823,0.0009522000327706337,0.00031079998007044196
1062,1.2046610116958618,24.087636947631836,1.3881503343582153,0.0007989999721758068,0.00037019996671006083
1063,1.2276161909103394,24.099018096923828,1.390185832977295,0.0008089999901130795,0.0003429999924264848
1064,1.3643370866775513,24.11037826538086,1.390665888786316,0.0007603999692946672,0.00030620000325143337
1065,1.417490005493164,24.121990203857422,1.3912408351898193,0.0007628000457771122,0.00029580004047602415
1066,1.229413390159607,24.133913040161133,1.3852101564407349,0.0007552000461146235,0.00029090000316500664
1067,1.369680643081665,24.14584732055664,1.3745299577713013,0.0007480999920517206,0.0003082000184804201
1068,1.1968730688095093,24.157901763916016,1.3581372499465942,0.0007359999581240118,0.0002883999841287732
1069,1.0580259561538696,24.170122146606445,1.3461722135543823,0.0007523999665863812,0.00029529997846111655
1070,1.30196213722229,24.182825088500977,1.3389359712600708,0.0007538000354543328,0.0003043999895453453
1071,1.2482136487960815,24.196069717407227,1.3360416889190674,0.0008025999995879829,0.0003423999878577888
1072,1.0751264095306396,24.20907974243164,1.3363555669784546,0.0008788999984972179,0.0003567999810911715
1073,1.263335108757019,24.22214698791504,1.341863989830017,0.0010308999917469919,0.000312299991492182
1074,1.3129892349243164,24.234949111938477,1.3424798250198364,0.0008816999616101384,0.0003377000102773309
1075,1.1046197414398193,24.248287200927734,1.338773488998413,0.000818600005004555,0.00036609999369829893
1076,1.1783416271209717,24.261497497558594,1.3379572629928589,0.0008011999889276922,0.00030770001467317343
1077,1.2458895444869995,24.274898529052734,1.3355592489242554,0.0007883000071160495,0.00031070003751665354
1078,1.1817185878753662,24.288291931152344,1.3392707109451294,0.0007854999857954681,0.00033119996078312397
1079,1.2327489852905273,24.30179786682129,1.3445839881896973,0.0007794999983161688,0.00030509999487549067
1080,1.1948986053466797,24.315025329589844,1.350045084953308,0.000784600037150085,0.00031720002880319953
1081,1.1739109754562378,24.327856063842773,1.3574906587600708,0.0007805000059306622,0.00030200002947822213
1082,1.182273507118225,24.34063148498535,1.3671305179595947,0.0007736000115983188,0.00030120002338662744
1083,1.1716946363449097,24.35306739807129,1.3744150400161743,0.0007922000368125737,0.000312299991492182
1084,1.3960561752319336,24.366050720214844,1.383589267730713,0.0007602000259794295,0.00030229997355490923
1085,1.2477511167526245,24.37828254699707,1.3914822340011597,0.0007820000173524022,0.00030989997321739793
1086,1.2966985702514648,24.390146255493164,1.3933826684951782,0.0007633999921381474,0.00030339998193085194
1087,1.2927782535552979,24.402189254760742,1.3829742670059204,0.0007477999897673726,0.0003008000203408301
1088,1.3161683082580566,24.4145565032959,1.3741525411605835,0.0007408000528812408,0.00029280001763254404
1089,1.2081986665725708,24.426586151123047,1.373796820640564,0.0007357999566011131,0.00029039999935775995
1090,1.355711817741394,24.438278198242188,1.3808205127716064,0.000852599972859025,0.0003309999592602253
1091,1.2677580118179321,24.449899673461914,1.3783403635025024,0.0007800000021234155,0.0003305000136606395
1092,1.0810869932174683,24.46118927001953,1.3647600412368774,0.0007844000356271863,0.0003019000287167728
1093,1.469918131828308,24.47252082824707,1.3483974933624268,0.0007707999902777374,0.00030429998878389597
1094,1.2378369569778442,24.483348846435547,1.3407461643218994,0.0007678999681957066,0.0002989000058732927
1095,1.1961675882339478,24.494783401489258,1.3344652652740479,0.0007759000291116536,0.00029559998074546456
1096,1.345170497894287,24.506460189819336,1.332280158996582,0.0007651000050827861,0.00030120002338662744
1097,1.367353081703186,24.518049240112305,1.3368277549743652,0.0007501000072807074,0.00028989999555051327
1098,1.317943811416626,24.52964973449707,1.3450337648391724,0.0007390000391751528,0.00034309999318793416
1099,0.9899781942367554,24.540897369384766,1.353253960609436,0.000728100014384836,0.0002872999757528305
1100,1.2241796255111694,24.552480697631836,1.3631818294525146,0.0007576999487355351,0.00028580002253875136
1101,1.4219359159469604,24.564163208007812,1.3730156421661377,0.0007390999817289412,0.0002885999856516719
1102,1.2631103992462158,24.57538414001465,1.3857170343399048,0.0007662000134587288,0.0002853000187315047
1103,1.1890825033187866,24.58641242980957,1.3944814205169678,0.0007410999969579279,0.0003081000177189708
1104,1.1782630681991577,24.597793579101562,1.3995367288589478,0.0007386999786831439,0.00029529997846111655
1105,1.3100045919418335,24.609207153320312,1.4089008569717407,0.0008239999879151583,0.0002983999438583851
1106,1.363011360168457,24.6205997467041,1.4128750562667847,0.0007531999726779759,0.00030999997397884727
1107,1.2726868391036987,24.631887435913086,1.4077430963516235,0.0007605999708175659,0.00029090000316500664
1108,1.0406993627548218,24.64314079284668,1.3950148820877075,0.000756199995521456,0.0002967000473290682
1109,1.3644468784332275,24.655311584472656,1.3751698732376099,0.0007593999616801739,0.0003034999826923013
1110,1.3295567035675049,24.667139053344727,1.3548779487609863,0.0007464999798685312,0.00029449997236952186
1111,1.1279668807983398,24.6784725189209,1.3447339534759521,0.0007471999851986766,0.00029230001382529736
1112,1.0925432443618774,24.690156936645508,1.335493803024292,0.0007507000118494034,0.00029440002981573343
1113,1.1516847610473633,24.701683044433594,1.3291385173797607,0.0007607999723404646,0.0002933000214397907
1114,1.2255369424819946,24.713411331176758,1.3264981508255005,0.0007405000505968928,0.0002975999959744513
1115,1.1032509803771973,24.72505760192871,1.3289308547973633,0.00074230000609532,0.0002940999693237245
1116,1.1501996517181396,24.73676300048828,1.3346246480941772,0.0007634999928995967,0.000285400019492954
1117,1.3590608835220337,24.7484073638916,1.3384790420532227,0.0007397999870590866,0.0002945999731309712
1118,1.394394040107727,24.759788513183594,1.345670223236084,0.0007504000095650554,0.00029559998074546456
1119,0.9991118907928467,24.77107810974121,1.3488959074020386,0.0007392999832518399,0.0002916999510489404
1120,1.2700029611587524,24.782943725585938,1.3575289249420166,0.0007300999714061618,0.00028659997042268515
1121,1.1785130500793457,24.794588088989258,1.3717868328094482,0.0008009000448510051,0.0003208999987691641
1122,1.052161693572998,24.80705451965332,1.3763502836227417,0.0007927999831736088,0.0002998000127263367
1123,1.0521513223648071,24.819549560546875,1.372689962387085,0.0007509000133723021,0.00029910000739619136
1124,1.2603464126586914,24.832767486572266,1.3692872524261475,0.0007519000209867954,0.00029120000544935465
1125,1.0692541599273682,24.845487594604492,1.3677241802215576,0.0007311000372283161,0.0002956000389531255
1126,1.1463686227798462,24.858430862426758,1.3632745742797852,0.0007217999664135277,0.0002906000008806586
1127,1.1933623552322388,24.87101936340332,1.363829255104065,0.0007675999659113586,0.0002859999658539891
1128,1.2494022846221924,24.883878707885742,1.3663675785064697,0.0007373999687843025,0.00030429998878389597
1129,1.2028752565383911,24.89708709716797,1.3737233877182007,0.0007825000211596489,0.0002968000480905175
1130,1.2354977130889893,24.909971237182617,1.3794958591461182,0.0007411999977193773,0.00029260001610964537
1131,1.251786708831787,24.922903060913086,1.3703644275665283,0.0007394999847747386,0.00029479997465386987
1132,1.1558661460876465,24.936370849609375,1.353556752204895,0.0007593999616801739,0.00029419997008517385
1133,1.1867060661315918,24.949939727783203,1.337564468383789,0.0007649000035598874,0.0002916999510489404
1134,1.1815221309661865,24.963048934936523,1.3254873752593994,0.0007389999809674919,0.0002899999963119626
1135,1.2047187089920044,24.97624397277832,1.320202112197876,0.0007362000178545713,0.00028719997499138117
1136,0.9938517808914185,24.98948097229004,1.318353533744812,0.0007789999945089221,0.0002901999978348613
1137,1.0588668584823608,25.002599716186523,1.3134444952011108,0.0007566999993287027,0.00031749997287988663
1138,1.1295605897903442,25.01612091064453,1.3094897270202637,0.0007631999906152487,0.00029039999935775995
1139,1.188003659248352,25.029531478881836,1.3052582740783691,0.0007634999928995967,0.0002921000123023987
1140,0.999977707862854,25.04241943359375,1.3046338558197021,0.0007817999576218426,0.00029940000968053937
1141,1.1992721557617188,25.05549430847168,1.3076497316360474,0.0007915999740362167,0.0003010999644175172
1142,1.2493199110031128,25.068281173706055,1.3138035535812378,0.0008074000361375511,0.0002956999815069139
1143,1.023356556892395,25.08086395263672,1.3191454410552979,0.0008880000095814466,0.0003038999857380986
1144,1.0038514137268066,25.094667434692383,1.3162500858306885,0.0007758999709039927,0.0003129999968223274
1145,1.0499786138534546,25.108341217041016,1.3094396591186523,0.0008342000073753297,0.00034410000080242753
1146,1.0792033672332764,25.121915817260742,1.3046293258666992,0.0009145999792963266,0.0003326000296510756
1147,1.1757451295852661,25.135507583618164,1.297027587890625,0.0008977000252343714,0.0003431000513955951
1148,1.170633316040039,25.149066925048828,1.2937456369400024,0.0009144000359810889,0.00033090001670643687
1149,1.2233469486236572,25.16238021850586,1.286086916923523,0.0008113999501802027,0.00034359999699518085
1150,1.2937579154968262,25.17557716369629,1.2738397121429443,0.0008600999717600644,0.00034169998252764344
1151,1.1204959154129028,25.18844223022461,1.2577168941497803,0.0009165999945253134,0.00036230002297088504
1152,1.1169401407241821,25.20123863220215,1.2463743686676025,0.0008671999676153064,0.00032869999995455146
1153,1.2956804037094116,25.213523864746094,1.232317328453064,0.0008567000040784478,0.00032899994403123856
1154,1.176513910293579,25.225204467773438,1.2238017320632935,0.0008016999927349389,0.0003179999766871333
1155,1.2486151456832886,25.237075805664062,1.217084527015686,0.0007778999861329794,0.0003132999991066754
1156,1.0822951793670654,25.248563766479492,1.2165156602859497,0.0007740000146441162,0.00030640000477433205
1157,1.142391562461853,25.26051902770996,1.2174514532089233,0.0007639999967068434,0.00030020001577213407
1158,1.3478031158447266,25.272329330444336,1.228259801864624,0.0008100000559352338,0.00029930000891909003
1159,1.1349704265594482,25.28360939025879,1.2304420471191406,0.0007954000029712915,0.0003293000045232475
1160,1.0574734210968018,25.294666290283203,1.2381311655044556,0.0007747000199742615,0.00030449999030679464
1161,0.9161341786384583,25.305932998657227,1.246172308921814,0.0008150999783538282,0.00030720001086592674
1162,1.0190331935882568,25.317394256591797,1.2566171884536743,0.0010553000029176474,0.0003103000344708562
1163,1.1982520818710327,25.3292179107666,1.2625341415405273,0.0008329999982379377,0.00033220002660527825
1164,1.0950762033462524,25.341205596923828,1.2550870180130005,0.0008512999629601836,0.00031809997744858265
1165,1.101981520652771,25.35316276550293,1.2476972341537476,0.0009188999538309872,0.0003236999618820846
1166,1.0583083629608154,25.364999771118164,1.241532564163208,0.0008188000065274537,0.00037730002077296376
1167,1.2609354257583618,25.377246856689453,1.2370823621749878,0.0007816000143066049,0.0003160000196658075
1168,1.1951093673706055,25.389577865600586,1.2357430458068848,0.0007875000010244548,0.0003595000016503036
1169,0.8762495517730713,25.401613235473633,1.232012391090393,0.0007922999793663621,0.0003085000207647681
1170,0.9460470676422119,25.413848876953125,1.2367422580718994,0.0007786999922245741,0.0003063000040128827
1171,1.0879329442977905,25.426095962524414,1.2428275346755981,0.0007686999742873013,0.0002989000058732927
1172,1.1431148052215576,25.438440322875977,1.2458323240280151,0.0007811000104993582,0.00030559999868273735
1173,1.1391856670379639,25.450654983520508,1.243857979774475,0.0007798000006005168,0.00030100002186372876
1174,1.1650781631469727,25.462574005126953,1.236472249031067,0.0007714999956078827,0.0003030999796465039
1175,1.2301769256591797,25.47429656982422,1.2298784255981445,0.000756499997805804,0.00031160004436969757
1176,1.3022481203079224,25.48552894592285,1.233830213546753,0.0007306999759748578,0.0003003000165335834
1177,1.3886445760726929,25.49654769897461,1.2398747205734253,0.000749400001950562,0.00029090000316500664
1178,1.0632879734039307,25.50715446472168,1.2583703994750977,0.0007402999908663332,0.00028820004081353545
1179,1.062793493270874,25.51803970336914,1.2786813974380493,0.0007444000220857561,0.00028529996052384377
1180,1.2775133848190308,25.52894401550293,1.295526146888733,0.0007681000279262662,0.000291600008495152
1181,1.1947230100631714,25.540037155151367,1.2999584674835205,0.0007591000176034868,0.00033080001594498754
1182,1.1597554683685303,25.550643920898438,1.304882526397705,0.0007732000085525215,0.00029660004656761885
1183,1.1160577535629272,25.561349868774414,1.3132227659225464,0.0007932999869808555,0.00028959999326616526
1184,1.032849669456482,25.572532653808594,1.3228816986083984,0.0007705999887548387,0.0003515999997034669
1185,1.2425305843353271,25.583879470825195,1.3240373134613037,0.0007476999890059233,0.0003011999651789665
1186,1.2836562395095825,25.595043182373047,1.3249748945236206,0.0007590999593958259,0.0002861000248230994
1187,1.2204705476760864,25.606464385986328,1.3180830478668213,0.000735200010240078,0.00028689997270703316
1188,1.0841552019119263,25.61766815185547,1.3019171953201294,0.00074819999281317,0.00028580002253875136
1189,1.1395297050476074,25.628765106201172,1.285378098487854,0.0007370999664999545,0.00029449997236952186
1190,0.8956589102745056,25.639902114868164,1.2645177841186523,0.000737000023946166,0.0002914000069722533
1191,1.097257137298584,25.651241302490234,1.246096134185791,0.0007436000159941614,0.00028500001644715667
1192,1.0340617895126343,25.662694931030273,1.2329316139221191,0.0007452999707311392,0.0002924000145867467
1193,1.2301390171051025,25.67430877685547,1.2312023639678955,0.0007411999977193773,0.00028849998489022255
1194,1.1495845317840576,25.686113357543945,1.2318960428237915,0.0007356000132858753,0.00029390002600848675
1195,1.038741946220398,25.697917938232422,1.2385724782943726,0.0007528000278398395,0.00029440002981573343
1196,0.9375448822975159,25.710067749023438,1.2450772523880005,0.0007953000022098422,0.000311699986923486
1197,1.167086124420166,25.723247528076172,1.2493464946746826,0.0007572000031359494,0.00029739999445155263
1198,1.2495533227920532,25.735984802246094,1.2484416961669922,0.0007469000411219895,0.00029769999673590064
1199,1.097314715385437,25.74834632873535,1.238792896270752,0.0007501000072807074,0.00029039999935775995
1200,0.8600295782089233,25.76081657409668,1.219730257987976,0.0007606000290252268,0.0003274999908171594
1201,1.0047849416732788,25.773395538330078,1.2123576402664185,0.0007359999581240118,0.00029910000739619136
1202,1.0672763586044312,25.785486221313477,1.2166190147399902,0.0007585000130347908,0.0002932999632321298
1203,1.159728765487671,25.79869842529297,1.2333565950393677,0.0007502999505959451,0.00029960001120343804
1204,1.143807291984558,25.811519622802734,1.2479517459869385,0.0007411999977193773,0.00030369998421519995
1205,0.9649576544761658,25.82440757751465,1.2632535696029663,0.0007404999923892319,0.0002899999963119626
1206,1.2119319438934326,25.83721160888672,1.2765400409698486,0.0007519999635405838,0.00029090000316500664
1207,1.2128980159759521,25.849977493286133,1.2674473524093628,0.0007408999954350293,0.00028909998945891857
1208,1.256265640258789,25.862510681152344,1.2582064867019653,0.0007356000132858753,0.0002872999757528305
1209,1.1706360578536987,25.874364852905273,1.246306300163269,0.0007528000278398395,0.00028580002253875136
1210,1.0733537673950195,25.885982513427734,1.2355974912643433,0.0008098999969661236,0.00029360002372413874
1211,0.9996693730354309,25.897701263427734,1.2247267961502075,0.0008685999782755971,0.00030369998421519995
1212,1.0101943016052246,25.909282684326172,1.2113295793533325,0.0008471000473946333,0.0003296000068075955
1213,1.1119141578674316,25.920949935913086,1.2016024589538574,0.0007755999686196446,0.0003121999907307327
1214,1.0781556367874146,25.932109832763672,1.1959244012832642,0.000812100013718009,0.00035090005258098245
1215,1.1372768878936768,25.943424224853516,1.1873022317886353,0.0008034000056795776,0.0003024999750778079
1216,1.1455237865447998,25.954792022705078,1.1808478832244873,0.0007954000029712915,0.00030420004623010755
1217,0.9885773658752441,25.966032028198242,1.1795473098754883,0.0007841000333428383,0.00031020003370940685
1218,1.1864553689956665,25.977384567260742,1.1801365613937378,0.0007915000314824283,0.00030040001729503274
1219,1.0412501096725464,25.988388061523438,1.1915429830551147,0.0007917999755591154,0.00030890002381056547
1220,1.0856903791427612,25.999311447143555,1.2079463005065918,0.0007757999701425433,0.0003016999689862132
1221,1.2074031829833984,26.009923934936523,1.2219191789627075,0.0007773000397719443,0.00030559999868273735
1222,1.3663960695266724,26.02092933654785,1.2311270236968994,0.0007677999674342573,0.00030339998193085194
1223,1.006535291671753,26.031631469726562,1.2311956882476807,0.0007732000085525215,0.00030779995722696185
1224,1.0377249717712402,26.04244613647461,1.2341344356536865,0.0007688000332564116,0.0003027000348083675
1225,1.2918493747711182,26.053197860717773,1.2330704927444458,0.0007773999823257327,0.0003084000200033188
1226,1.203154444694519,26.06378746032715,1.2293106317520142,0.0008397999918088317,0.00029880000511184335
1227,1.0050151348114014,26.074125289916992,1.2173830270767212,0.000788999954238534,0.00030229997355490923
1228,1.3204882144927979,26.084705352783203,1.2039209604263306,0.0007794999983161688,0.00030159996822476387
1229,0.8202658891677856,26.094982147216797,1.1937191486358643,0.000784299976658076,0.00029880000511184335
1230,1.1164803504943848,26.105491638183594,1.183215856552124,0.0007702000439167023,0.00030960002914071083
1231,1.0808812379837036,26.11649513244629,1.174436330795288,0.0007803000044077635,0.00030040001729503274
1232,0.8543232083320618,26.127626419067383,1.1664303541183472,0.000769199978094548,0.00030750001315027475
1233,1.1446752548217773,26.13888931274414,1.1639540195465088,0.0007672999636270106,0.00030010001501068473
1234,0.9771151542663574,26.14995765686035,1.162217140197754,0.0007756000268273056,0.00029799999902024865
1235,1.283707857131958,26.161216735839844,1.1650402545928955,0.0007654000073671341,0.00030310003785416484
1236,1.0864864587783813,26.17190933227539,1.1699734926223755,0.0007900000200606883,0.0003016000264324248
1237,1.1581588983535767,26.1825008392334,1.1717387437820435,0.0007672000210732222,0.0003038000431843102
1238,1.2031497955322266,26.19290542602539,1.1672004461288452,0.0007514000171795487,0.0002972999936901033
1239,1.031471848487854,26.202863693237305,1.1657843589782715,0.0007377000292763114,0.0003013999667018652
1240,1.0077098608016968,26.212907791137695,1.168609619140625,0.0007595000206492841,0.0002911000046879053
1241,1.0964146852493286,26.22319793701172,1.1673972606658936,0.0007810000097379088,0.0002957000397145748
1242,1.3235026597976685,26.233314514160156,1.1663399934768677,0.0007899999618530273,0.00029230001382529736
1243,0.8756846189498901,26.24396514892578,1.1697269678115845,0.0007955000037327409,0.000311399984639138
1244,1.297428011894226,26.254619598388672,1.1776381731033325,0.0007452000281773508,0.00029769999673590064
1245,1.149619221687317,26.26506233215332,1.1853355169296265,0.0007391000399366021,0.00028850004309788346
1246,0.9493120312690735,26.275312423706055,1.193002700805664,0.0007541000377386808,0.00028360000578686595
1247,0.9594627022743225,26.28599739074707,1.1924916505813599,0.0007475999882444739,0.0002937999670393765
1248,1.3102799654006958,26.296613693237305,1.1866222620010376,0.0007377999718300998,0.0002861999673768878
1249,1.1541224718093872,26.306926727294922,1.1834795475006104,0.0007390000391751528,0.00028390000807121396
1250,1.1625633239746094,26.317302703857422,1.176236867904663,0.000735800014808774,0.00029260001610964537
1251,1.0742741823196411,26.32808494567871,1.166269302368164,0.0007263000006787479,0.00028600002406165004
1252,0.9621737003326416,26.33900260925293,1.1606765985488892,0.0007565000560134649,0.0002838000073097646
1253,1.0618799924850464,26.350229263305664,1.1618505716323853,0.0007416000007651746,0.00028500001644715667
1254,0.9710370898246765,26.36138343811035,1.162866234779358,0.0007428000099025667,0.00028639996889978647
1255,1.1419051885604858,26.37281036376953,1.1659713983535767,0.0007445999654009938,0.00029799999902024865
1256,0.9987702965736389,26.38364601135254,1.1731759309768677,0.0007533000316470861,0.00029799999902024865
1257,1.2026419639587402,26.39550018310547,1.175681233406067,0.0007889000116847456,0.0002933000214397907
1258,1.1656261682510376,26.406963348388672,1.1644783020019531,0.0007717999978922307,0.0003139000036753714
1259,1.027857780456543,26.41839027404785,1.145795464515686,0.0007673999643884599,0.00029830000130459666
1260,0.8256011605262756,26.429832458496094,1.123396396636963,0.0007538999780081213,0.0003034999826923013
1261,0.9553844928741455,26.441131591796875,1.1019096374511719,0.0007306000334210694,0.00029039999935775995
1262,0.894951343536377,26.452756881713867,1.0978052616119385,0.0007652999483980238,0.0002901999978348613
1263,1.0956830978393555,26.46451187133789,1.113951563835144,0.0007407999946735799,0.0003065000055357814
1264,0.9142183661460876,26.476238250732422,1.131341576576233,0.0007551999879069626,0.0002874999772757292
1265,1.0124162435531616,26.487783432006836,1.1435226202011108,0.000744100019801408,0.0002905000001192093
1266,0.9401764273643494,26.499399185180664,1.1452751159667969,0.0007548999856226146,0.00028769997879862785
1267,1.1435133218765259,26.511058807373047,1.1354016065597534,0.0007357000140473247,0.0002900000545196235
1268,1.025028944015503,26.522916793823242,1.1201422214508057,0.0007351000094786286,0.00028680003015324473
1269,1.2060261964797974,26.534698486328125,1.1129169464111328,0.0007665000157430768,0.0002880000392906368
1270,0.9529529213905334,26.546178817749023,1.1111423969268799,0.0009200000204145908,0.00029120000544935465
1271,1.1862941980361938,26.557859420776367,1.1145145893096924,0.0007392000406980515,0.00028500001644715667
1272,1.1055270433425903,26.56900405883789,1.121681571006775,0.0007667000172659755,0.00028520001797005534
1273,0.9572641849517822,26.58056640625,1.1251275539398193,0.0007922999793663621,0.00031460000900551677
1274,1.4247466325759888,26.592313766479492,1.1235527992248535,0.0008688999805599451,0.0003130999975837767
1275,1.171358346939087,26.603605270385742,1.1131285429000854,0.0007469000411219895,0.0003184000379405916
1276,0.9775493741035461,26.614835739135742,1.1035233736038208,0.0007313000387512147,0.0003009000211022794
1277,1.043885588645935,26.62675666809082,1.099282145500183,0.0007516000187024474,0.0002946000313386321
1278,1.082486867904663,26.638805389404297,1.1035100221633911,0.0007454000297002494,0.0002870000316761434
1279,1.0245448350906372,26.650665283203125,1.1043598651885986,0.0007590999593958259,0.00029120000544935465
1280,1.2291502952575684,26.662504196166992,1.1088416576385498,0.0007415000000037253,0.0002875999780371785
1281,0.8647103905677795,26.673986434936523,1.1101446151733398,0.0007888000109232962,0.0002835000050254166
1282,1.0580946207046509,26.685619354248047,1.1221059560775757,0.0007357000140473247,0.0002935999655164778
1283,1.059289813041687,26.696949005126953,1.1407504081726074,0.0007360000163316727,0.0002865000278688967
1284,1.0578676462173462,26.708057403564453,1.1538156270980835,0.0007789999945089221,0.0003033000393770635
1285,1.0789661407470703,26.719757080078125,1.148383617401123,0.0007625999860465527,0.00029199995333328843
1286,1.062304973602295,26.73151397705078,1.1377593278884888,0.000754699984099716,0.00029989995528012514
1287,0.958932101726532,26.743074417114258,1.123740315437317,0.000763899995945394,0.0002867999719455838
1288,0.9543545246124268,26.754911422729492,1.1255885362625122,0.0007934999885037541,0.00028390000807121396
1289,1.1960291862487793,26.766887664794922,1.1391277313232422,0.0007887999527156353,0.00030230003176257014
1290,1.1520462036132812,26.7784366607666,1.1586430072784424,0.0007738000131212175,0.0002932999632321298
1291,1.108713984489441,26.789888381958008,1.1752759218215942,0.0007985999691300094,0.00029749999521300197
1292,1.0822440385818481,26.80097007751465,1.1816539764404297,0.0007716999971307814,0.0003067999496124685
1293,1.062328577041626,26.8115234375,1.1775094270706177,0.0007464999798685312,0.00030040001729503274
1294,1.0586875677108765,26.82250213623047,1.1682993173599243,0.0007475999882444739,0.000291300006210804
1295,1.2922831773757935,26.83384895324707,1.1609102487564087,0.0007436000159941614,0.0002908000024035573
1296,1.1892715692520142,26.845394134521484,1.1479805707931519,0.0007357000140473247,0.00028989999555051327
1297,0.8713473081588745,26.85665512084961,1.129973292350769,0.0007384999771602452,0.0002951999776996672
1298,0.9101104736328125,26.867761611938477,1.1223186254501343,0.0007735999533906579,0.00028909998945891857
1299,0.9494783878326416,26.879047393798828,1.1210252046585083,0.0007561000529676676,0.0002894999925047159
1300,0.8851000666618347,26.89015007019043,1.1309521198272705,0.0007326999912038445,0.00028849998489022255
1301,0.9253340363502502,26.902000427246094,1.1431801319122314,0.0007523999665863812,0.0002853000187315047
1302,0.9084270000457764,26.913801193237305,1.1425195932388306,0.0007530000293627381,0.00029009999707341194
1303,1.09966242313385,26.92591094970703,1.1332995891571045,0.0007604999700561166,0.0002899999963119626
1304,1.0626139640808105,26.93749237060547,1.1138747930526733,0.0008037000079639256,0.0003130999975837767
1305,0.941159725189209,26.948970794677734,1.1009701490402222,0.0007686000317335129,0.0003168000257574022
1306,0.9229831099510193,26.96029281616211,1.1025794744491577,0.0007489999989047647,0.0002940000267699361
1307,1.144277811050415,26.97228240966797,1.1082764863967896,0.000790800026152283,0.00028519995976239443
1308,1.0911012887954712,26.98456573486328,1.1194026470184326,0.0007559999939985573,0.0003396999672986567
1309,1.0172570943832397,26.996904373168945,1.1298446655273438,0.0007705999887548387,0.00029990001348778605
1310,0.839367151260376,27.009126663208008,1.135047197341919,0.000796699954662472,0.0003090000245720148
1311,1.0509231090545654,27.021713256835938,1.1331990957260132,0.0007816000143066049,0.0003008999628946185
1312,1.0742522478103638,27.033794403076172,1.12636399269104,0.0007770999800413847,0.0003086999640800059
1313,0.9815389513969421,27.0456600189209,1.115287184715271,0.0007670000195503235,0.0003007999621331692
1314,1.033880352973938,27.05735969543457,1.1028541326522827,0.0007627999875694513,0.00029880000511184335
1315,0.8756887912750244,27.069143295288086,1.0916789770126343,0.0007412999984808266,0.0002867000293917954
1316,0.9726390242576599,27.08079719543457,1.0774503946304321,0.0007316000410355628,0.0002826999989338219
1317,0.9475701451301575,27.092193603515625,1.0626388788223267,0.0007482999935746193,0.00028879998717457056
1318,1.0784659385681152,27.10330581665039,1.0540984869003296,0.0007331000524573028,0.0002864000271074474
1319,1.0053613185882568,27.115253448486328,1.0525851249694824,0.0007580000092275441,0.00028450001263991
1320,1.1459466218948364,27.12731170654297,1.0538612604141235,0.0007520999643020332,0.00028799998108297586
1321,0.8532227277755737,27.139251708984375,1.0562083721160889,0.0007405999931506813,0.00028490001568570733
1322,1.075850248336792,27.151086807250977,1.0665510892868042,0.0007595000206492841,0.0002837000065483153
1323,0.9741607904434204,27.162424087524414,1.0753788948059082,0.0007368000224232674,0.0002883999841287732
1324,1.0689191818237305,27.173297882080078,1.0805590152740479,0.0007461999775841832,0.00028300000121816993
1325,1.0374962091445923,27.183805465698242,1.0805583000183105,0.0007899000192992389,0.000285400019492954
1326,1.1073507070541382,27.19420623779297,1.0752859115600586,0.0007370999664999545,0.0002908000024035573
1327,0.8843011856079102,27.204179763793945,1.077108383178711,0.0007327999919652939,0.0002862000255845487
1328,1.0685510635375977,27.214088439941406,1.0823500156402588,0.0007372000254690647,0.00028580002253875136
1329,0.797843337059021,27.2236328125,1.0817829370498657,0.0007399999885819852,0.00029200001154094934
1330,0.9230762720108032,27.23350715637207,1.088976263999939,0.0007430000114254653,0.0002886999864131212
1331,1.1242727041244507,27.24381446838379,1.0956394672393799,0.0007739999564364552,0.00029230001382529736
1332,0.9557830691337585,27.253944396972656,1.0927765369415283,0.0007433000137098134,0.00028450001263991
1333,1.1644537448883057,27.264415740966797,1.0941522121429443,0.0007510000141337514,0.00028470001416280866
1334,0.7775726318359375,27.274818420410156,1.099690556526184,0.0007460000342689455,0.00029389996780082583
1335,1.1117804050445557,27.285490036010742,1.1040916442871094,0.0007689999765716493,0.00028899998869746923
1336,1.0292953252792358,27.295867919921875,1.0955524444580078,0.0007677999674342573,0.00030640000477433205
1337,1.2162752151489258,27.30610466003418,1.0878643989562988,0.0007380000315606594,0.00029149994952604175
1338,1.3434720039367676,27.315837860107422,1.0787690877914429,0.0007451000274159014,0.0002924000145867467
1339,1.1655395030975342,27.32511329650879,1.065056324005127,0.0007354000117629766,0.00028450001263991
1340,0.9155426025390625,27.334346771240234,1.0564041137695312,0.0007498000049963593,0.0002838000073097646
1341,0.837906002998352,27.34408187866211,1.0570396184921265,0.000736700021661818,0.0002891999902203679
1342,0.9751170873641968,27.353904724121094,1.060550332069397,0.0007329999934881926,0.00028630002634599805
1343,0.9796352982521057,27.36368751525879,1.0707447528839111,0.0007535000331699848,0.0002877999795600772
1344,1.1225003004074097,27.37337875366211,1.0790138244628906,0.0007381000323221087,0.00028470001416280866
1345,0.9717095494270325,27.383014678955078,1.0855387449264526,0.0007457000319845974,0.00028199999360367656
1346,1.1416501998901367,27.393251419067383,1.1016099452972412,0.0007625999860465527,0.0002948999754153192
1347,1.056331753730774,27.403339385986328,1.1153029203414917,0.0007397999870590866,0.0002846000134013593
1348,0.9352008700370789,27.413997650146484,1.1191014051437378,0.0007428000099025667,0.00029170000925660133
1349,0.9409095048904419,27.424623489379883,1.1203110218048096,0.0007354000117629766,0.0002882999833673239
1350,0.8712700009346008,27.435819625854492,1.1163054704666138,0.0007542000385001302,0.00028110004495829344
1351,1.021747350692749,27.446855545043945,1.1138522624969482,0.0007452999707311392,0.00028849998489022255
1352,0.91207355260849,27.45754051208496,1.1091476678848267,0.0007341000018641353,0.00028899998869746923
1353,1.096375584602356,27.468534469604492,1.1061135530471802,0.0007708999910391867,0.00028360000578686595
1354,0.88457190990448,27.47913360595703,1.1143543720245361,0.0007453999714925885,0.00030590000096708536
1355,0.9522605538368225,27.48972511291504,1.1220616102218628,0.0007316999835893512,0.0002872999757528305
1356,1.1954981088638306,27.50006675720215,1.1234939098358154,0.0007498000049963593,0.0002927000168710947
1357,0.8186056017875671,27.50997543334961,1.1093851327896118,0.0007393999840132892,0.00028819998260587454
1358,0.9804521799087524,27.519821166992188,1.1011296510696411,0.000754999986384064,0.00028449995443224907
1359,0.9910292029380798,27.529836654663086,1.0921897888183594,0.0007507000118494034,0.00029150000773370266
1360,0.9284263849258423,27.539731979370117,1.0861891508102417,0.0007403000490739942,0.00029440002981573343
1361,0.8954956531524658,27.54950523376465,1.0818774700164795,0.000750300008803606,0.00028500001644715667
1362,0.9515790939331055,27.55931854248047,1.0774508714675903,0.0007334999972954392,0.0002878000377677381
1363,0.8166621327400208,27.56987953186035,1.0788514614105225,0.0007321999873965979,0.0002858999650925398
1364,1.0266482830047607,27.580570220947266,1.0818774700164795,0.000750000006519258,0.00028689997270703316
1365,0.8072788119316101,27.591310501098633,1.0772958993911743,0.0007369000231847167,0.00028739997651427984
1366,0.8838610053062439,27.602834701538086,1.0759774446487427,0.0007328999927267432,0.00028500001644715667
1367,0.7995671033859253,27.614198684692383,1.0727765560150146,0.0007784999907016754,0.0002978999982587993
1368,0.9166990518569946,27.625455856323242,1.072835922241211,0.0007862999918870628,0.0003588999970816076
1369,1.0107603073120117,27.63650894165039,1.0750950574874878,0.0007440000190399587,0.00028899998869746923
1370,0.9141280651092529,27.64783477783203,1.0814707279205322,0.000742900010664016,0.00029659998835995793
1371,0.8408704400062561,27.659107208251953,1.0956858396530151,0.00073050003265962,0.000284800014924258
1372,0.9096488356590271,27.670488357543945,1.0994985103607178,0.0007527000270783901,0.0002859000233002007
1373,0.8891668915748596,27.681861877441406,1.103979468345642,0.0007404999923892319,0.0002908000024035573
1374,0.9685131907463074,27.693004608154297,1.0928617715835571,0.00074970000423491,0.00028979999478906393
1375,0.9248785972595215,27.704004287719727,1.0788428783416748,0.0007398999878205359,0.0002906000008806586
1376,1.0871429443359375,27.71473503112793,1.0594767332077026,0.0007400000467896461,0.00028870004462078214
1377,1.0474385023117065,27.72553825378418,1.0482746362686157,0.0007409999961964786,0.00029559998074546456
1378,0.7378449440002441,27.735733032226562,1.0361356735229492,0.0007295000250451267,0.0002873000339604914
1379,0.9576120972633362,27.746912002563477,1.0291690826416016,0.0007467999821528792,0.00028300000121816993
1380,1.0225048065185547,27.758535385131836,1.021658182144165,0.0007419000030495226,0.0002905000001192093
1381,1.1597340106964111,27.76976203918457,1.0108407735824585,0.0007324999896809459,0.00028580002253875136
1382,0.9117521047592163,27.78061294555664,1.002456545829773,0.000782799965236336,0.0002838000073097646
1383,1.0366300344467163,27.79106903076172,1.0020307302474976,0.0007619999814778566,0.0002967000473290682
1384,1.0324610471725464,27.80193519592285,1.0000303983688354,0.0007409999961964786,0.00028989999555051327
1385,0.8420714735984802,27.81245231628418,1.0011835098266602,0.0007504000095650554,0.0002888999879360199
1386,0.8513101935386658,27.82299041748047,1.0107816457748413,0.0007408999954350293,0.0002853000187315047
1387,0.7911474704742432,27.833398818969727,1.025573492050171,0.0007704999879933894,0.00028629996813833714
1388,1.0000574588775635,27.843931198120117,1.0375334024429321,0.0007480999920517206,0.00028960005147382617
1389,0.7614220380783081,27.85420036315918,1.0495960712432861,0.0007381000323221087,0.0002846000134013593
1390,0.8209469318389893,27.86529541015625,1.0487498044967651,0.0007469000411219895,0.0002935000229626894
1391,1.0518369674682617,27.876453399658203,1.0519143342971802,0.0007388999802060425,0.0002893999917432666
1392,0.9364194869995117,27.887617111206055,1.0568056106567383,0.0007395000429823995,0.00028850004309788346
1393,0.8179906010627747,27.898664474487305,1.0618003606796265,0.0007537000346928835,0.0002932000206783414
1394,0.9923015236854553,27.90972328186035,1.0666738748550415,0.0007512000156566501,0.00029340002220124006
1395,0.8699880242347717,27.920616149902344,1.0690298080444336,0.0007499999483115971,0.00029230001382529736
1396,1.1700594425201416,27.931243896484375,1.0687613487243652,0.0007350000087171793,0.00028689997270703316
1397,0.8604201078414917,27.941864013671875,1.0690019130706787,0.0007527000270783901,0.0002859000233002007
1398,0.8263557553291321,27.952621459960938,1.0620663166046143,0.0007498000049963593,0.00029170000925660133
1399,0.8053094148635864,27.963924407958984,1.05820894241333,0.0007581000099889934,0.00029940000968053937
1400,1.0277783870697021,27.975160598754883,1.0552564859390259,0.0007498999475501478,0.0002883999841287732
1401,0.9534271955490112,27.98621368408203,1.0566651821136475,0.0007542999810539186,0.0002853999612852931
1402,1.223140001296997,27.997230529785156,1.0461409091949463,0.0007408000528812408,0.00028979999478906393
1403,0.9149415493011475,28.008312225341797,1.0364378690719604,0.0007405999931506813,0.0002820999943651259
1404,0.980596661567688,28.019393920898438,1.0219541788101196,0.0007424000068567693,0.00029440002981573343
1405,1.0536233186721802,28.03009033203125,1.0106934309005737,0.0007383999763987958,0.0002867999719455838
1406,0.8389769792556763,28.04088020324707,1.0123975276947021,0.000749099999666214,0.00028799998108297586
1407,0.9055269360542297,28.051725387573242,1.0193254947662354,0.00073640001937747,0.000291000003926456
1408,0.9891844391822815,28.063154220581055,1.0305455923080444,0.0007287999615073204,0.00029039999935775995
1409,1.0091910362243652,28.074615478515625,1.0343797206878662,0.0007680999697186053,0.0002869999734684825
1410,0.9414430856704712,28.085886001586914,1.0313893556594849,0.0007383999763987958,0.0002891999902203679
1411,0.8992525339126587,28.09679412841797,1.025973916053772,0.0007314999820664525,0.00028520001797005534
1412,0.967360258102417,28.10775375366211,1.0209022760391235,0.000749400001950562,0.0002886000438593328
1413,0.9819638133049011,28.119007110595703,1.0195773839950562,0.0007401999901048839,0.00028639996889978647
1414,1.0110564231872559,28.1297664642334,1.0168055295944214,0.0007330999942496419,0.0002837000065483153
1415,0.8665910959243774,28.140783309936523,1.0181965827941895,0.0007431000121869147,0.0002914000069722533
1416,0.8720881938934326,28.151535034179688,1.017006278038025,0.0007276000105775893,0.000284800014924258
1417,0.8885881900787354,28.16233253479004,1.0102546215057373,0.0007367999642156065,0.0002872999757528305
1418,1.067884922027588,28.17315673828125,1.0067822933197021,0.000737000023946166,0.0002914000069722533
1419,0.8349881768226624,28.183456420898438,1.005000352859497,0.0007263000006787479,0.00028760003624483943
1420,0.9251984357833862,28.194517135620117,1.0043070316314697,0.0007464999798685312,0.00028849998489022255
1421,0.8235341906547546,28.20517921447754,0.9974756240844727,0.0007341000018641353,0.0002853000187315047
1422,0.8571143746376038,28.2160587310791,0.988366961479187,0.0007466999813914299,0.00028719997499138117
1423,0.8310364484786987,28.22713851928711,0.9819931983947754,0.0007363000186160207,0.0002914000069722533
1424,0.8280783295631409,28.23798370361328,0.9803525805473328,0.0007570000016130507,0.00028600002406165004
1425,0.8047175407409668,28.248971939086914,0.9819852709770203,0.000734299945179373,0.00029520003590732813
1426,0.7012869715690613,28.25979232788086,0.977097749710083,0.0007350000087171793,0.00029399996856227517
1427,0.9207380414009094,28.270681381225586,0.9717609286308289,0.0007399999885819852,0.00029550003819167614
1428,1.009814977645874,28.281497955322266,0.9644989967346191,0.0007318999851122499,0.00028579996433109045
1429,0.8512534499168396,28.291946411132812,0.9608145356178284,0.0007363999611698091,0.0002872999757528305
1430,0.9116842746734619,28.30231475830078,0.9603003859519958,0.0007474000449292362,0.00029070000164210796
1431,0.7884002327919006,28.312868118286133,0.963829517364502,0.0007464000373147428,0.00029230001382529736
1432,0.9628556966781616,28.3243408203125,0.975067675113678,0.0007436000159941614,0.0002880999818444252
1433,1.0854865312576294,28.33565902709961,0.993806004524231,0.0007456000312231481,0.0002930000191554427
1434,1.074597954750061,28.346641540527344,1.0051734447479248,0.0007288000197149813,0.00028630002634599805
1435,0.90141761302948,28.357576370239258,0.9971639513969421,0.0007657000096514821,0.00028360000578686595
1436,0.9169482588768005,28.36857795715332,0.9803394675254822,0.0007415000000037253,0.00030369998421519995
1437,0.86197429895401,28.379255294799805,0.9610639214515686,0.00074819999281317,0.0002962999860756099
1438,1.004141092300415,28.389753341674805,0.946739673614502,0.0007410999969579279,0.00028789998032152653
1439,0.9969853162765503,28.400110244750977,0.9423444271087646,0.0007672000210732222,0.000285700021777302
1440,0.9607712626457214,28.410743713378906,0.9435542225837708,0.0007460999768227339,0.00028909998945891857
1441,0.958116888999939,28.420930862426758,0.9478427171707153,0.0007489999989047647,0.0002906000008806586
1442,0.99327152967453,28.430936813354492,0.9539292454719543,0.0007436000159941614,0.0002942999708466232
1443,0.9814342856407166,28.441104888916016,0.9595461487770081,0.0007404999923892319,0.0003106999793089926
1444,0.9709347486495972,28.451303482055664,0.9667038321495056,0.0007471000426448882,0.0002870000316761434
1445,0.9907811880111694,28.46116828918457,0.975035548210144,0.0007467999821528792,0.0002970999921672046
1446,0.8217535614967346,28.47099494934082,0.979469895362854,0.0007463000365532935,0.0002901999978348613
1447,0.8644961714744568,28.481021881103516,0.9862878918647766,0.0008422000100836158,0.00029369996627792716
1448,0.7526828646659851,28.49091148376465,0.9845922589302063,0.0008043000125326216,0.0002957000397145748
1449,0.8374654054641724,28.500892639160156,0.9812155961990356,0.0007528000278398395,0.0002961999853141606
1450,0.8789286017417908,28.510744094848633,0.9803594946861267,0.0007947999984025955,0.0002882999833673239
1451,0.8360507488250732,28.52067756652832,0.9858165979385376,0.0007439000182785094,0.00029440002981573343
1452,0.9531843066215515,28.530500411987305,0.9890783429145813,0.0007604999700561166,0.0002906000008806586
1453,0.8221971988677979,28.54022216796875,0.9881013631820679,0.00074380001751706,0.0002864999696612358
1454,0.7759072184562683,28.550134658813477,0.9871447086334229,0.0007475999882444739,0.0002866999711841345
1455,0.9193233847618103,28.560039520263672,0.9892609715461731,0.0007483999943360686,0.00029309996170923114
1456,0.9822933077812195,28.569997787475586,0.9805160164833069,0.0007351999520324171,0.0002870000316761434
1457,0.9742578864097595,28.580482482910156,0.966560423374176,0.0007569000008516014,0.0002866999711841345
1458,0.8769975900650024,28.590986251831055,0.9618040323257446,0.000735500012524426,0.0002886999864131212
1459,0.8016950488090515,28.601116180419922,0.9659841060638428,0.0007495000027120113,0.00028790003852918744
1460,0.8235175609588623,28.61115074157715,0.9747192859649658,0.0007372999680228531,0.0002878000377677381
1461,0.8769928812980652,28.621028900146484,0.9791420698165894,0.0007469999836757779,0.00028470001416280866
1462,0.9350115656852722,28.630727767944336,0.9720708727836609,0.0007599999662488699,0.00029230001382529736
1463,0.83769291639328,28.640457153320312,0.9641074538230896,0.0007613999769091606,0.00028789998032152653
1464,0.8091444969177246,28.650041580200195,0.9557725191116333,0.0007388999802060425,0.000291600008495152
1465,0.7059763669967651,28.659502029418945,0.9562124609947205,0.0007383000338450074,0.0002908000024035573
1466,0.9631093740463257,28.66895294189453,0.9651708602905273,0.0007475999882444739,0.0002929000183939934
1467,0.8760428428649902,28.678714752197266,0.978987455368042,0.0007448000251315534,0.0002853999612852931
1468,0.9251485466957092,28.688398361206055,0.9908567070960999,0.0007573000038973987,0.00028580002253875136
1469,0.8609013557434082,28.6978816986084,0.9954229593276978,0.0007354000117629766,0.0002894999925047159
1470,0.8988714814186096,28.707332611083984,0.9900146722793579,0.0007404999923892319,0.0002894999925047159
1471,0.7322120070457458,28.71647071838379,0.9758633375167847,0.0007424000068567693,0.0002964999875985086
1472,0.939195454120636,28.726173400878906,0.9644190073013306,0.0007317000417970121,0.00029070000164210796
1473,0.8968380689620972,28.73599624633789,0.953380286693573,0.0007580000092275441,0.00028520001797005534
1474,0.9401278495788574,28.745697021484375,0.9417778849601746,0.0007343000033870339,0.0002875000354833901
1475,0.9508076906204224,28.755268096923828,0.9356659054756165,0.0007299999706447124,0.0002823999966494739
1476,0.8056968450546265,28.76439094543457,0.9357272982597351,0.0007471999851986766,0.00028410000959411263
1477,0.9576480388641357,28.773460388183594,0.9477735161781311,0.0007363000186160207,0.00029009999707341194
1478,0.7444712519645691,28.78228187561035,0.9629946947097778,0.0007407999946735799,0.00028680003015324473
1479,1.0024446249008179,28.7913818359375,0.9702990055084229,0.0007556999917142093,0.00028439995367079973
1480,0.9563005566596985,28.80066680908203,0.9652131199836731,0.0007365000201389194,0.00028929999098181725
1481,0.8156474828720093,28.810218811035156,0.9450879693031311,0.0007472999859601259,0.000285100017208606
1482,0.9127395749092102,28.819795608520508,0.9287459254264832,0.000737000023946166,0.0002905000001192093
1483,0.8826784491539001,28.829355239868164,0.9170814752578735,0.0007745000184513628,0.000284800014924258
1484,0.8916358947753906,28.838823318481445,0.9195088148117065,0.0007397999870590866,0.0002859000233002007
1485,0.8067478537559509,28.848342895507812,0.9252141714096069,0.0007468999829143286,0.00028410000959411263
1486,0.8466539978981018,28.857784271240234,0.9323505163192749,0.0007412999984808266,0.0002886999864131212
1487,1.0055861473083496,28.867225646972656,0.9418327212333679,0.0007336999988183379,0.00028450001263991
1488,0.766608476638794,28.876678466796875,0.9452380537986755,0.0007566999993287027,0.00028390000807121396
1489,0.8573648929595947,28.886125564575195,0.9448099732398987,0.0007376000285148621,0.00028740003472194076
1490,0.9975904226303101,28.895631790161133,0.9371190667152405,0.0007342000026255846,0.00028490001568570733
1491,0.8807083964347839,28.905323028564453,0.9326562881469727,0.0007513000164180994,0.00030690000858157873
1492,0.7726500630378723,28.914817810058594,0.9354735016822815,0.0007371000247076154,0.00028740003472194076
1493,0.7282768487930298,28.92435073852539,0.9401435256004333,0.0007510000141337514,0.0003133999998681247
1494,0.7573441863059998,28.934125900268555,0.9472810626029968,0.0007954000029712915,0.0002941000275313854
1495,0.7786314487457275,28.944019317626953,0.9504005908966064,0.0007721000001765788,0.00029850000282749534
1496,0.7747079730033875,28.954214096069336,0.9522672891616821,0.0007421000045724213,0.0003182999789714813
1497,0.8864457607269287,28.96442222595215,0.9539196491241455,0.0007466999813914299,0.00029180001001805067
1498,0.9963468909263611,28.974721908569336,0.9560303688049316,0.0007451999699696898,0.0002953999792225659
1499,0.8111900091171265,28.985382080078125,0.9563774466514587,0.0007380000315606594,0.0002894999925047159
1500,0.8362148404121399,28.996414184570312,0.9653758406639099,0.0007588999578729272,0.0002902999985963106
1501,0.8607550859451294,29.00768280029297,0.9746742844581604,0.0007415000000037253,0.0002883999841287732
1502,0.8584588766098022,29.019107818603516,0.9818435907363892,0.0007418000022880733,0.0002861000248230994
1503,0.7136295437812805,29.03008270263672,0.9828606247901917,0.0007476999890059233,0.00029250001534819603
1504,0.6993454098701477,29.040925979614258,0.9770272970199585,0.0007469000411219895,0.0002875000354833901
1505,0.7654041051864624,29.05164909362793,0.9735623002052307,0.0007446000236086547,0.0002937000244855881
1506,0.7876779437065125,29.062265396118164,0.9762256145477295,0.000736100017093122,0.0002886999864131212
1507,0.9794679284095764,29.07281494140625,0.977443516254425,0.0007384000346064568,0.00028470001416280866
1508,0.8260312676429749,29.083051681518555,0.9776051044464111,0.0007480999920517206,0.0002953999792225659
1509,0.837577223777771,29.093286514282227,0.9715505838394165,0.0007643999997526407,0.00029010005528107285
1510,0.8098344802856445,29.10346031188965,0.9574825763702393,0.0007510999566875398,0.0002946000313386321
1511,0.696441650390625,29.113441467285156,0.9440904855728149,0.000742600008379668,0.00028549996204674244
1512,0.8074539303779602,29.12347412109375,0.9349928498268127,0.0007548999856226146,0.0002919000107795
1513,0.7198906540870667,29.13329315185547,0.926263153553009,0.0007372000254690647,0.0002877999795600772
1514,0.8377743363380432,29.143442153930664,0.9172694087028503,0.0007569000008516014,0.00029039999935775995
1515,0.6648421883583069,29.153564453125,0.9142237305641174,0.0007436000159941614,0.0002886999864131212
1516,0.7207317352294922,29.16360855102539,0.9137136340141296,0.0007400999893434346,0.00028739997651427984
1517,0.9284628629684448,29.173540115356445,0.9179216623306274,0.0007354000117629766,0.00028719997499138117
1518,1.0204845666885376,29.183839797973633,0.922435998916626,0.0007454999722540379,0.0002914000069722533
1519,0.6232272386550903,29.193756103515625,0.9294396638870239,0.0007402000483125448,0.00028760003624483943
1520,0.853305995464325,29.203676223754883,0.9473608136177063,0.0007557999924756587,0.00028709997422993183
1521,0.8710110187530518,29.213890075683594,0.963241457939148,0.0007486999966204166,0.00029229995561763644
1522,0.8008890748023987,29.223833084106445,0.9722580313682556,0.0007371000247076154,0.00029009999707341194
1523,0.8247588276863098,29.23378562927246,0.982370138168335,0.0007507000118494034,0.00029769999673590064
1524,0.8772351741790771,29.243627548217773,0.9819411635398865,0.0007689000340178609,0.0002962999860756099
1525,0.7177677154541016,29.253469467163086,0.9647209644317627,0.0007488999981433153,0.00029039999935775995
1526,0.7782561779022217,29.26386260986328,0.950068473815918,0.0007591999601572752,0.000298099999781698
1527,0.7763034105300903,29.27408218383789,0.9335289597511292,0.000744100019801408,0.00029309996170923114
1528,0.9262468814849854,29.284250259399414,0.9213600754737854,0.0007305999752134085,0.0002905000001192093
1529,0.6568178534507751,29.29432487487793,0.9147409796714783,0.0007543999818153679,0.00029200001154094934
1530,0.9715660214424133,29.30446434020996,0.9149913787841797,0.0007372000254690647,0.0002840000088326633
1531,0.8003280162811279,29.31412124633789,0.9111543893814087,0.00074380001751706,0.0002843000111170113
1532,0.7533309459686279,29.323841094970703,0.906660258769989,0.0007517999620176852,0.000291300006210804
1533,0.9167412519454956,29.333621978759766,0.9010948538780212,0.00074380001751706,0.0002864999696612358
1534,0.74736088514328,29.342992782592773,0.8888843059539795,0.0007331999950110912,0.000285100017208606
1535,0.9321097135543823,29.352401733398438,0.8809199333190918,0.0007585000130347908,0.00028499995823949575
1536,0.9205797910690308,29.361478805541992,0.887440025806427,0.0007393999840132892,0.00028770003700628877
1537,0.8733571767807007,29.370405197143555,0.9035069346427917,0.0008932999917306006,0.0003803999861702323
1538,0.8208203315734863,29.379215240478516,0.9247382283210754,0.0007763999747112393,0.0003021999727934599
1539,0.7088363766670227,29.388187408447266,0.9369410276412964,0.0007687999750487506,0.0002926999586634338
1540,0.8867830634117126,29.39743423461914,0.9349298477172852,0.0007545000407844782,0.0002967999898828566
1541,0.7861324548721313,29.40658187866211,0.9270462989807129,0.0007388999802060425,0.00029009999707341194
1542,0.9133913516998291,29.415935516357422,0.9209898114204407,0.0007546000415459275,0.0002867000293917954
1543,0.8374373912811279,29.425052642822266,0.9167454838752747,0.0007422999478876591,0.00029170000925660133
1544,1.013755202293396,29.434179306030273,0.9074612855911255,0.0007467999821528792,0.0002869999734684825
1545,0.8135696649551392,29.443525314331055,0.8952397704124451,0.0007717999978922307,0.0002856000210158527
1546,0.7908835411071777,29.452857971191406,0.8917624950408936,0.0007452999707311392,0.000292200013063848
1547,0.6573470234870911,29.46213722229004,0.8877896070480347,0.0007403999916277826,0.00028550002025440335
1548,0.6222915053367615,29.471744537353516,0.8895192742347717,0.0007515000179409981,0.00028979999478906393
1549,0.8503921031951904,29.48150634765625,0.8917818665504456,0.0007684999727644026,0.0002896999940276146
1550,0.7640848159790039,29.490938186645508,0.8933337926864624,0.0007663000142201781,0.0002915999502874911
1551,0.6022021770477295,29.500518798828125,0.8941317200660706,0.0007613999769091606,0.00031779997516423464
1552,0.7610598802566528,29.509920120239258,0.8972623944282532,0.000756800000090152,0.0002906000008806586
1553,0.7890081405639648,29.51926612854004,0.8989113569259644,0.0007410999969579279,0.00028819998260587454
1554,0.8183180689811707,29.528499603271484,0.893582820892334,0.0007292999653145671,0.0003063000040128827
1555,0.8389683961868286,29.537715911865234,0.8879876136779785,0.0007776000420562923,0.0002899999963119626
1556,0.7782981395721436,29.5468692779541,0.8827819228172302,0.0007572000031359494,0.0002891999902203679
1557,0.7895542979240417,29.556026458740234,0.8846263885498047,0.0007608999731019139,0.00028929999098181725
1558,0.7115351557731628,29.56475830078125,0.8960460424423218,0.0007462999783456326,0.00028879998717457056
1559,0.6784477829933167,29.573814392089844,0.9068114757537842,0.0007498000049963593,0.0002908000024035573
1560,1.043657898902893,29.582874298095703,0.9131298065185547,0.0007514999597333372,0.00029180001001805067
1561,1.074961543083191,29.59248924255371,0.9087510108947754,0.0007509000133723021,0.0002864999696612358
1562,0.7971326112747192,29.601835250854492,0.9009260535240173,0.0007516000187024474,0.00029280001763254404
1563,0.6082367300987244,29.611310958862305,0.8920413851737976,0.0007401999901048839,0.0002894999925047159
1564,0.6756797432899475,29.62103271484375,0.8934864401817322,0.0007648000027984381,0.00028629996813833714
1565,0.750451385974884,29.630712509155273,0.8949446082115173,0.0007433000137098134,0.00029390002600848675
1566,0.8572608828544617,29.640241622924805,0.8959559798240662,0.0007380000315606594,0.0002906000008806586
1567,0.9529839754104614,29.64988899230957,0.8867287039756775,0.0007572000031359494,0.0002888999879360199
1568,0.7378289103507996,29.659515380859375,0.876435399055481,0.0007411999977193773,0.0002869999734684825
1569,0.8920595049858093,29.669170379638672,0.8661739230155945,0.0007365000201389194,0.00028930004918947816
1570,0.832573652267456,29.67845916748047,0.8586874604225159,0.0007519999635405838,0.00030700000934302807
1571,0.7646334767341614,29.687746047973633,0.8529464602470398,0.0007415000000037253,0.00028520001797005534
1572,0.9080374240875244,29.69706916809082,0.84856778383255,0.0007478999905288219,0.0002946000313386321
1573,0.8308840990066528,29.70649528503418,0.8393193483352661,0.0007608000305481255,0.0002901999978348613
1574,0.8311166167259216,29.716005325317383,0.836502730846405,0.0007390999817289412,0.0002891999902203679
1575,0.7658794522285461,29.725372314453125,0.8457063436508179,0.0007605000282637775,0.0002832000027410686
1576,0.9439889192581177,29.73472785949707,0.8572964668273926,0.0007442999631166458,0.0002919000107795
1577,0.8838563561439514,29.743745803833008,0.8687934279441833,0.0007525999681092799,0.0002886999864131212
1578,0.8476797938346863,29.752687454223633,0.8660992383956909,0.0007508000126108527,0.00029769999673590064
1579,0.5649429559707642,29.76141357421875,0.8494939804077148,0.0007442999631166458,0.000291000003926456
1580,0.8862192630767822,29.770240783691406,0.8372324109077454,0.0007542999810539186,0.0002919000107795
1581,0.7984641194343567,29.77896499633789,0.8283421993255615,0.0008156999829225242,0.0003005999606102705
1582,0.7835279107093811,29.787790298461914,0.8334046602249146,0.0007406999939121306,0.0005055999499745667
1583,0.6568353176116943,29.79719352722168,0.8374183177947998,0.0007569000008516014,0.00029039999935775995
1584,0.6908855438232422,29.807233810424805,0.8382357954978943,0.000750300008803606,0.0002847999567165971
1585,0.6801583170890808,29.817123413085938,0.8405261635780334,0.0007566999993287027,0.0002826999989338219
1586,0.7271626591682434,29.827390670776367,0.8450419306755066,0.0007486999966204166,0.0002864000271074474
1587,0.9532316327095032,29.8372802734375,0.846668004989624,0.0007381000323221087,0.00028519995976239443
1588,0.6609243154525757,29.847068786621094,0.8483677506446838,0.0007540999795310199,0.00028739997651427984
1589,0.7377883791923523,29.8565731048584,0.8429514765739441,0.0007508000126108527,0.00029479997465386987
1590,0.75948166847229,29.866252899169922,0.8503603339195251,0.0007588000153191388,0.0002875999780371785
1591,0.7686121463775635,29.875768661499023,0.8573372960090637,0.0007492000004276633,0.00029399996856227517
1592,0.7128664255142212,29.885255813598633,0.8688542246818542,0.0007570000016130507,0.0003043000469915569
1593,0.693156361579895,29.89451026916504,0.8866087198257446,0.0007456999737769365,0.0002883999841287732
1594,0.8230109810829163,29.903749465942383,0.8998137712478638,0.0007371000247076154,0.00028680003015324473
1595,0.672578752040863,29.912864685058594,0.8999407291412354,0.0007759000291116536,0.0002893999917432666
1596,0.8207715153694153,29.921947479248047,0.882037878036499,0.000755299988668412,0.00031370000215247273
1597,0.549062967300415,29.931007385253906,0.8604199886322021,0.0007385999779216945,0.0002924000145867467
1598,0.759096086025238,29.940547943115234,0.8482503294944763,0.0007609000313095748,0.0002921999548561871
1599,0.6450144052505493,29.949769973754883,0.8417025208473206,0.0007594000198878348,0.00028450001263991
1600,0.6900853514671326,29.958974838256836,0.846665620803833,0.0007498000049963593,0.0002821000525727868
1601,0.7543557286262512,29.96829605102539,0.8608701229095459,0.0007453000289388001,0.00029779999749735
1602,0.7395029067993164,29.97776222229004,0.8783403635025024,0.000744100019801408,0.00028639996889978647
1603,0.624973475933075,29.987197875976562,0.8885565996170044,0.0007653000066056848,0.00028629996813833714
1604,0.8064497709274292,29.996904373168945,0.8854987025260925,0.0007520000217482448,0.00028760003624483943
1605,0.7740272879600525,30.006376266479492,0.8697177767753601,0.0007377999718300998,0.0002853000187315047
1606,0.7215763330459595,30.015941619873047,0.8531215190887451,0.0007571000023745,0.00029419997008517385
1607,0.6738378405570984,30.0255126953125,0.8388492465019226,0.0007442999631166458,0.0002899999963119626
1608,0.6359309554100037,30.035118103027344,0.8263319134712219,0.0009730000165291131,0.00029449997236952186
1609,0.7581566572189331,30.04460906982422,0.8204984664916992,0.0007452000281773508,0.0002927000168710947
1610,0.761457085609436,30.054019927978516,0.8164554238319397,0.0007543999818153679,0.0002888999879360199
1611,0.8490067720413208,30.063261032104492,0.819225013256073,0.0007448999676853418,0.00029469997389242053
1612,0.934631884098053,30.072429656982422,0.8219857215881348,0.0007848000386729836,0.0002905000001192093
1613,0.6927371025085449,30.08138084411621,0.8220193982124329,0.0008338000043295324,0.0003037999849766493
1614,0.6217257380485535,30.090272903442383,0.8263475894927979,0.0007437000167556107,0.0002915999502874911
1615,0.8874282240867615,30.099002838134766,0.8350870609283447,0.0007476999890059233,0.00028879998717457056
1616,0.7494285702705383,30.107337951660156,0.8340232372283936,0.0007478999905288219,0.00029419997008517385
1617,0.7969176769256592,30.11562728881836,0.8312304019927979,0.000744100019801408,0.0002888999879360199
1618,0.7781741619110107,30.123638153076172,0.8295156359672546,0.0007672000210732222,0.0002862000255845487
1619,0.8251770734786987,30.13140869140625,0.8296771049499512,0.0007435999577865005,0.0002911000046879053
1620,0.6040679216384888,30.139175415039062,0.8336474895477295,0.0007362000178545713,0.0002869999734684825
1621,0.7540752291679382,30.147077560424805,0.8453989028930664,0.0007590999593958259,0.0002886999864131212
1622,0.985144317150116,30.154773712158203,0.8562155961990356,0.00074380001751706,0.00028739997651427984
1623,0.825372040271759,30.162385940551758,0.861992597579956,0.0007557999924756587,0.0002893999917432666
1624,0.6801608800888062,30.170101165771484,0.8676071166992188,0.000754999986384064,0.00028440001187846065
1625,0.8166734576225281,30.178247451782227,0.8699557185173035,0.0007522000232711434,0.00029559998074546456
1626,0.8127453327178955,30.1867733001709,0.865776002407074,0.0007454999722540379,0.00028849998489022255
1627,0.7157336473464966,30.195270538330078,0.8595858216285706,0.0007634000503458083,0.00028989999555051327
1628,0.717353343963623,30.204254150390625,0.8557532429695129,0.0007651000050827861,0.0003084000200033188
1629,0.524273693561554,30.21331787109375,0.846439778804779,0.0008037000079639256,0.00028279999969527125
1630,0.6572789549827576,30.223236083984375,0.8381602168083191,0.0007608999731019139,0.00029579998226836324
1631,0.7184860706329346,30.233219146728516,0.835351824760437,0.0007405999931506813,0.00028469995595514774
1632,0.6737750172615051,30.243148803710938,0.838786244392395,0.0007618999807164073,0.00030020001577213407
1633,0.722082257270813,30.253007888793945,0.8511881232261658,0.0007424999494105577,0.00028710003243759274
1634,0.8990678787231445,30.262361526489258,0.8576279878616333,0.0007403999916277826,0.0002914000069722533
1635,0.8347155451774597,30.27138328552246,0.8573246598243713,0.0007576000061817467,0.0002886999864131212
1636,0.8008577227592468,30.28006935119629,0.8450812697410583,0.0007596000214107335,0.0002872999757528305
1637,0.713425874710083,30.288532257080078,0.8360210657119751,0.0007457999745383859,0.0002882999833673239
1638,0.8159494996070862,30.29728126525879,0.8334900140762329,0.0007392999832518399,0.00028659997042268515
1639,0.8194223046302795,30.30617332458496,0.825689435005188,0.00075559999095276,0.0002820999943651259
1640,0.7102179527282715,30.31497573852539,0.8194072842597961,0.0007476999890059233,0.00029279995942488313
1641,0.6236384510993958,30.324209213256836,0.8142131567001343,0.0007577999494969845,0.0002888999879360199
1642,0.8478412628173828,30.333538055419922,0.808804452419281,0.0007450999692082405,0.0002940999693237245
1643,0.7545386552810669,30.3427734375,0.7992696762084961,0.0007653000066056848,0.00028899998869746923
1644,0.7127541303634644,30.351953506469727,0.7933422327041626,0.0007586000137962401,0.0003011999651789665
1645,0.776357889175415,30.36102867126465,0.7940714359283447,0.0007388999802060425,0.00028709997422993183
1646,0.590726912021637,30.36992835998535,0.8079813718795776,0.000762099982239306,0.0002866999711841345
1647,0.6021488308906555,30.37895965576172,0.8236778378486633,0.00074819999281317,0.0003000999568030238
1648,0.8723395466804504,30.388294219970703,0.837805449962616,0.0007596999639645219,0.00029230001382529736
1649,0.9227961897850037,30.397491455078125,0.8294134736061096,0.0007441999623551965,0.0002856999635696411
1650,0.7307119369506836,30.406356811523438,0.819169282913208,0.0007534000324085355,0.0002853999612852931
1651,0.7484727501869202,30.415000915527344,0.8182241320610046,0.0007496000034734607,0.00029479997465386987
1652,0.7850990891456604,30.42356300354004,0.8237125277519226,0.0007520999643020332,0.00028490001568570733
1653,0.7029209733009338,30.431671142578125,0.823660671710968,0.0007467000395990908,0.00029639998683705926
1654,0.6893975734710693,30.43996810913086,0.818378210067749,0.0007545000407844782,0.00030690000858157873
1655,0.728451132774353,30.448877334594727,0.8163080215454102,0.0007419000030495226,0.00029260001610964537
1656,0.6677195429801941,30.457706451416016,0.8223191499710083,0.0007411999977193773,0.0002905000001192093
1657,0.7046838402748108,30.46637535095215,0.8245685696601868,0.00078369997208938,0.0002891999902203679
1658,0.735430896282196,30.474945068359375,0.8167137503623962,0.0007603000267408788,0.0003038999857380986
1659,0.7645210027694702,30.483787536621094,0.8044517636299133,0.0007835000287741423,0.00030479999259114265
1660,0.7857266068458557,30.492446899414062,0.7896175980567932,0.0007544999825768173,0.0002883999841287732
1661,0.8240569233894348,30.50093650817871,0.7878287434577942,0.000761799979954958,0.0002901999978348613
1662,0.7856837511062622,30.509185791015625,0.7994385957717896,0.0007509000133723021,0.00031640002271160483
1663,0.6415021419525146,30.517438888549805,0.8237612843513489,0.0007489999989047647,0.0002866999711841345
1664,0.7795323729515076,30.52566909790039,0.8458703756332397,0.000755299988668412,0.0002937000244855881
1665,0.7393860816955566,30.53391456604004,0.8473861217498779,0.0007543999818153679,0.00036259996704757214
1666,1.0024133920669556,30.54227638244629,0.8379830121994019,0.0007701999857090414,0.00029070000164210796
1667,0.4980040490627289,30.550466537475586,0.8159737586975098,0.0007514000171795487,0.00029120000544935465
1668,0.7088450193405151,30.558841705322266,0.7988939881324768,0.0007556000491604209,0.0002856000210158527
1669,0.6192977428436279,30.567462921142578,0.7893975973129272,0.0007543999818153679,0.0002901999978348613
1670,0.6346588730812073,30.576385498046875,0.7943331003189087,0.0007455000304616988,0.00028740003472194076
1671,0.7844513058662415,30.585372924804688,0.8089033365249634,0.0007656000088900328,0.00028790003852918744
1672,0.8240398168563843,30.59423065185547,0.81764817237854,0.0007592000183649361,0.0002880000392906368
1673,0.6411901116371155,30.60254669189453,0.806404173374176,0.0007402999908663332,0.0002875000354833901
1674,0.7829638123512268,30.610830307006836,0.7917540669441223,0.0007677000248804688,0.0002937000244855881
1675,0.6145690679550171,30.618896484375,0.7807376980781555,0.0007604000275023282,0.0002951000351458788
1676,0.8345727324485779,30.627206802368164,0.7771065831184387,0.0007439000182785094,0.00029250001534819603
1677,0.7512063384056091,30.635526657104492,0.794805109500885,0.000763299991376698,0.00028819998260587454
1678,0.782433271408081,30.64384651184082,0.8201923966407776,0.000754999986384064,0.0002896999940276146
1679,0.5857173800468445,30.652448654174805,0.8201150298118591,0.0007591000176034868,0.00029609998455271125
1680,1.0420289039611816,30.66103744506836,0.8159013986587524,0.0007605000282637775,0.00028789998032152653
1681,0.5590837597846985,30.669254302978516,0.7951899766921997,0.0007542999810539186,0.00029639998683705926
1682,0.6600246429443359,30.67772102355957,0.778964102268219,0.0007483999943360686,0.000291000003926456
1683,0.7951140999794006,30.68619728088379,0.7703792452812195,0.0007805000059306622,0.0002940000267699361
1684,0.6637897491455078,30.694658279418945,0.7671281099319458,0.0007447000243701041,0.0002867999719455838
1685,0.7874611616134644,30.70378303527832,0.7659458518028259,0.0007443000213243067,0.0002872999757528305
1686,0.7912888526916504,30.7125301361084,0.7660408616065979,0.0007521000225096941,0.00029399996856227517
1687,0.8149815797805786,30.720975875854492,0.7718548774719238,0.0007383999763987958,0.0003037999849766493
1688,0.7484241127967834,30.728967666625977,0.7735100388526917,0.0007527999696321785,0.0002880999818444252
1689,0.7897664308547974,30.736988067626953,0.7675115466117859,0.0007450000266544521,0.00029690004885196686
1690,0.6470635533332825,30.745092391967773,0.7593054175376892,0.0007501000072807074,0.00028989999555051327
1691,0.8242887258529663,30.75354766845703,0.7580368518829346,0.0007729000062681735,0.00029230001382529736
1692,0.660498857498169,30.761934280395508,0.7576992511749268,0.0007522999658249319,0.00029389996780082583
1693,0.7301382422447205,30.770301818847656,0.7674610614776611,0.0007721000001765788,0.0002934999647550285
1694,0.7434869408607483,30.779043197631836,0.7907081246376038,0.0007615999784320593,0.0002908000024035573
1695,0.6354367733001709,30.78797721862793,0.816393256187439,0.0007571000023745,0.000298700004350394
1696,0.6089687347412109,30.797075271606445,0.8371979594230652,0.0007434999570250511,0.00029230001382529736
1697,0.6276004910469055,30.806129455566406,0.8430889844894409,0.0007674000225961208,0.00029639998683705926
1698,0.5377312302589417,30.815170288085938,0.8371978402137756,0.0007460999768227339,0.0003084000200033188
1699,0.716036319732666,30.824317932128906,0.8183740377426147,0.0007516999612562358,0.00028740003472194076
1700,0.7817485332489014,30.833786010742188,0.8007189035415649,0.0007496000034734607,0.0002940999693237245
1701,0.7343158721923828,30.842845916748047,0.7799420952796936,0.0007587000145576894,0.0002874999772757292
1702,0.7516103982925415,30.851865768432617,0.7631320953369141,0.0007384000346064568,0.0002865000278688967
1703,0.7421547770500183,30.860889434814453,0.7594626545906067,0.0007522999658249319,0.000291000003926456
1704,0.5834069848060608,30.86980438232422,0.7601642608642578,0.0007388999802060425,0.0002850999590009451
1705,0.7755639553070068,30.878665924072266,0.7619904279708862,0.0007702999864704907,0.00028529996052384377
1706,0.6917163133621216,30.887439727783203,0.7584906220436096,0.0007582000107504427,0.00030640000477433205
1707,0.693996787071228,30.896072387695312,0.7534973621368408,0.000743200012948364,0.0002959999837912619
1708,0.577973484992981,30.904417037963867,0.7476537823677063,0.000754699984099716,0.00028929999098181725
1709,0.6413155794143677,30.912670135498047,0.7444381713867188,0.00074380001751706,0.00030210003023967147
1710,0.5509013533592224,30.92072868347168,0.7396631836891174,0.0007361999596469104,0.00028690003091469407
1711,0.6273840069770813,30.92877197265625,0.7459059357643127,0.0007540999795310199,0.00028849998489022255
1712,0.6851961016654968,30.937055587768555,0.7455534338951111,0.0007382999756373465,0.0002838000073097646
1713,0.6936253905296326,30.945512771606445,0.7374939322471619,0.0007535999757237732,0.0002856999635696411
1714,0.7707504034042358,30.953725814819336,0.7400996088981628,0.0007667999598197639,0.0002886999864131212
1715,0.8436008095741272,30.962045669555664,0.7371628880500793,0.0007817000150680542,0.00029129994800314307
1716,0.6953109502792358,30.96995735168457,0.734950602054596,0.0007554999901913106,0.0002878000377677381
1717,0.5951126217842102,30.97783851623535,0.7318769097328186,0.0007511000148952007,0.00028529996052384377
1718,0.5694169402122498,30.985681533813477,0.7352168560028076,0.0007592000183649361,0.0002935000229626894
1719,0.5984591841697693,30.993637084960938,0.7400259971618652,0.0007476999890059233,0.00029200001154094934
1720,0.6861385703086853,31.001806259155273,0.7495638728141785,0.000744100019801408,0.0002886000438593328
1721,0.7366113662719727,31.010013580322266,0.7544940114021301,0.0007508000126108527,0.0002965000458061695
1722,0.5833941102027893,31.01809310913086,0.7616693377494812,0.0009553999989293516,0.000292200013063848
1723,0.5750320553779602,31.025981903076172,0.7693580389022827,0.0007602999685332179,0.00029170000925660133
1724,0.6040260791778564,31.033733367919922,0.7730550765991211,0.0007434000144712627,0.00029120000544935465
1725,0.6947984099388123,31.04148292541504,0.7765156626701355,0.000750000006519258,0.0002880999818444252
1726,0.8021169304847717,31.049270629882812,0.7736100554466248,0.000748499995097518,0.00029260001610964537
1727,0.49010735750198364,31.056745529174805,0.7665499448776245,0.0007452000281773508,0.0002873000339604914
1728,0.5371229648590088,31.064340591430664,0.7556475400924683,0.0007554999901913106,0.0002869999734684825
1729,0.5086264610290527,31.07198715209961,0.7465983033180237,0.0007408999954350293,0.0002940999693237245
1730,0.6083897352218628,31.079740524291992,0.7414876818656921,0.0007366000209003687,0.0002878000377677381
1731,0.6304646134376526,31.087482452392578,0.735889196395874,0.0007571000023745,0.0002888999879360199
1732,0.6826640963554382,31.095657348632812,0.7307632565498352,0.0007403999916277826,0.0002901999978348613
1733,0.5625094175338745,31.104108810424805,0.7294135093688965,0.0007372000254690647,0.0002907999441958964
1734,0.7846767902374268,31.112316131591797,0.7359259724617004,0.0007767000352032483,0.0002883999841287732
1735,0.61259526014328,31.120328903198242,0.742889940738678,0.0007410999969579279,0.00028450001263991
1736,0.5464043617248535,31.128372192382812,0.7452206611633301,0.0007550999871455133,0.0002855999628081918
1737,0.7066510915756226,31.136444091796875,0.7447092533111572,0.0007523000240325928,0.0002899000537581742
1738,0.7473593950271606,31.1445255279541,0.7433220744132996,0.000806500029284507,0.0002932000206783414
1739,0.6854677200317383,31.152559280395508,0.7469448447227478,0.0007794999983161688,0.00032679998548701406
1740,0.6746793389320374,31.160465240478516,0.7493146657943726,0.000770999991800636,0.00030939996941015124
1741,0.7263405323028564,31.168092727661133,0.7519115209579468,0.0007452000281773508,0.0002899999963119626
1742,0.702802836894989,31.175764083862305,0.7553772330284119,0.000749099999666214,0.00029039999935775995
1743,0.5149925947189331,31.183412551879883,0.7561066746711731,0.0007554000476375222,0.00029500003438442945
1744,0.7327457666397095,31.19156837463379,0.7623750567436218,0.0007430999539792538,0.000291000003926456
1745,0.6483245491981506,31.199687957763672,0.7622450590133667,0.0007622000412084162,0.0002911000046879053
1746,0.47299861907958984,31.20787811279297,0.7583445310592651,0.0007462999783456326,0.0002906000008806586
1747,0.6287605166435242,31.21584701538086,0.7526739239692688,0.0007557999924756587,0.00028580002253875136
1748,0.6520571708679199,31.223718643188477,0.7480607628822327,0.0007538999780081213,0.00029930000891909003
1749,0.5982457995414734,31.231409072875977,0.7391486763954163,0.0007550999871455133,0.00029039999935775995
1750,0.5333613753318787,31.23890495300293,0.7338840365409851,0.0007647000020369887,0.00028959999326616526
1751,0.41339805722236633,31.24652862548828,0.7265893816947937,0.0007514999597333372,0.0002872999757528305
1752,0.6999907493591309,31.25491714477539,0.7252306342124939,0.0007493000011891127,0.0002853999612852931
1753,0.5010369420051575,31.262954711914062,0.7267046570777893,0.0007724000024609268,0.00029799999902024865
1754,0.7503488063812256,31.271114349365234,0.7290576696395874,0.0007455000304616988,0.0002894999925047159
1755,0.566230058670044,31.2791690826416,0.7157120108604431,0.0007605000282637775,0.00028659997042268515
1756,0.6601678729057312,31.28728485107422,0.699032187461853,0.0007477999897673726,0.0002864000271074474
1757,0.5598759055137634,31.295530319213867,0.6893560290336609,0.0007579999510198832,0.00028799998108297586
1758,0.5647110342979431,31.30385971069336,0.6810230612754822,0.0007480999920517206,0.0002874999772757292
1759,0.4316706359386444,31.31202507019043,0.6796131134033203,0.0007557999924756587,0.0002867000293917954
1760,0.644940197467804,31.32034683227539,0.6866679191589355,0.0007704999879933894,0.0002986000035889447
1761,0.44188958406448364,31.328514099121094,0.6933087110519409,0.0007396000437438488,0.0002873000339604914
1762,0.6413717269897461,31.336904525756836,0.7004515528678894,0.0007401999901048839,0.000285400019492954
1763,0.7208172678947449,31.345232009887695,0.7008988857269287,0.0007446000236086547,0.0002926999586634338
1764,0.5765389800071716,31.353248596191406,0.695024847984314,0.0007381999748758972,0.0002893999917432666
1765,0.49809563159942627,31.361095428466797,0.6980103850364685,0.0007573000038973987,0.00028899998869746923
1766,0.6641148924827576,31.36897087097168,0.7124210596084595,0.0007463000365532935,0.0002838000073097646
1767,0.7004631757736206,31.37677764892578,0.7271392345428467,0.0007535999757237732,0.0002835000050254166
1768,0.5748293399810791,31.3846435546875,0.7388886213302612,0.0007422000053338706,0.00028609996661543846
1769,0.7292826175689697,31.392980575561523,0.7420748472213745,0.0007691000355407596,0.0002954999799840152
1770,0.5335407257080078,31.401290893554688,0.7362825274467468,0.0007533999742008746,0.0002956999815069139
1771,0.7701777219772339,31.409744262695312,0.724717915058136,0.0007968000136315823,0.0002842999529093504
1772,0.7679628729820251,31.41860580444336,0.7093071341514587,0.0007553999894298613,0.00029360002372413874
1773,0.6154254078865051,31.4272403717041,0.6912989616394043,0.0007347999489866197,0.00030020001577213407
1774,0.6501332521438599,31.435880661010742,0.678804874420166,0.0007509999559260905,0.0002902999985963106
1775,0.5780729055404663,31.444252014160156,0.6739780306816101,0.0007405999931506813,0.0003143999492749572
1776,0.48970356583595276,31.452539443969727,0.6737481355667114,0.0007444999646395445,0.0002938000252470374
1777,0.6520607471466064,31.460634231567383,0.6774296164512634,0.0007502000080421567,0.00028579996433109045
1778,0.7889339327812195,31.468629837036133,0.6839658617973328,0.0007595999632030725,0.0002911000046879053
1779,0.6262674331665039,31.47654151916504,0.692058265209198,0.0007366999634541571,0.00028769997879862785
1780,0.6057239770889282,31.484296798706055,0.7003312706947327,0.0007637000526301563,0.0002894999925047159
1781,0.5750955939292908,31.491920471191406,0.7085475921630859,0.0007496000034734607,0.0002908000024035573
1782,0.580102264881134,31.499387741088867,0.7141538858413696,0.000757400004658848,0.0002856999635696411
1783,0.5115007758140564,31.506956100463867,0.7082536220550537,0.0007452999707311392,0.0002856000210158527
1784,0.5781297087669373,31.514549255371094,0.7077085971832275,0.0007492000004276633,0.00029419997008517385
1785,0.6294985413551331,31.522146224975586,0.7123129963874817,0.000749099999666214,0.000291000003926456
1786,0.6823315620422363,31.529592514038086,0.7137497067451477,0.000756800000090152,0.00030610000248998404
1787,0.5928988456726074,31.537063598632812,0.7081495523452759,0.0007394000422209501,0.0002837000065483153
1788,0.6342067718505859,31.544660568237305,0.6973468065261841,0.0007573000038973987,0.0002835000050254166
1789,0.5068520903587341,31.552268981933594,0.6870219707489014,0.00074380001751706,0.00028849998489022255
1790,0.7526408433914185,31.559959411621094,0.6764956712722778,0.0007437000167556107,0.00028629996813833714
1791,0.5236543416976929,31.56769561767578,0.661305844783783,0.0007547999848611653,0.00028989999555051327
1792,0.4376859962940216,31.575523376464844,0.6522290706634521,0.0007403999916277826,0.00028959999326616526
1793,0.5743073225021362,31.583301544189453,0.6515905261039734,0.0007541999802924693,0.00028719997499138117
1794,0.5415601134300232,31.5914249420166,0.6543328762054443,0.0007469000411219895,0.00028850004309788346
1795,0.6905143857002258,31.59941291809082,0.6612249612808228,0.0007615000358782709,0.0002929000183939934
1796,0.7676292657852173,31.60734748840332,0.6639894843101501,0.0007454000297002494,0.000285100017208606
1797,0.5086122751235962,31.615093231201172,0.6630921959877014,0.0007471999851986766,0.00028199999360367656
1798,0.5045636892318726,31.62285041809082,0.6611666679382324,0.0007524000247940421,0.0002929999609477818
1799,0.5601422190666199,31.63063621520996,0.6617871522903442,0.0007647000020369887,0.0002894999925047159
1800,0.6924731731414795,31.638402938842773,0.6603738069534302,0.0008589000208303332,0.0003170999698340893
1801,0.7015038728713989,31.646026611328125,0.6597217917442322,0.0008347000111825764,0.0003152999561280012
1802,0.5034705996513367,31.65349769592285,0.6646477580070496,0.0007631999906152487,0.0002908000024035573
1803,0.536788821220398,31.661022186279297,0.6708778738975525,0.0007508000126108527,0.0002893999917432666
1804,0.6112478375434875,31.668548583984375,0.67520672082901,0.0007773999823257327,0.0002972999936901033
1805,0.5352715849876404,31.675952911376953,0.6832659244537354,0.0007412999984808266,0.00029280001763254404
1806,0.5952765345573425,31.683408737182617,0.6856617331504822,0.0007577000069431961,0.00028879998717457056
1807,0.563084065914154,31.690805435180664,0.679161548614502,0.000748799997381866,0.0002935000229626894
1808,0.6912193298339844,31.69828224182129,0.6690477132797241,0.0007513000164180994,0.0003032999811694026
1809,0.6663252711296082,31.70598602294922,0.6599621772766113,0.000750600011087954,0.0002953999792225659
1810,0.662098228931427,31.71381950378418,0.6525605320930481,0.0007415000000037253,0.00028959999326616526
1811,0.5391998887062073,31.721607208251953,0.6513527035713196,0.0007681999704800546,0.00028979999478906393
1812,0.4960479736328125,31.729307174682617,0.6528898477554321,0.0007471999851986766,0.00028629996813833714
1813,0.496854692697525,31.73716926574707,0.6576008200645447,0.0007658000104129314,0.00028309994377195835
1814,0.5318634510040283,31.745330810546875,0.661064863204956,0.0007514000171795487,0.00028600002406165004
1815,0.6262537837028503,31.753305435180664,0.6618322134017944,0.0007478999905288219,0.00028390000807121396
1816,0.5484862923622131,31.761091232299805,0.6629387140274048,0.0007618000381626189,0.0002961999853141606
1817,0.49293041229248047,31.768817901611328,0.660122275352478,0.0007473999867215753,0.00029150000773370266
1818,0.448513925075531,31.77649688720703,0.66005539894104,0.0007630000473000109,0.0002870000316761434
1819,0.5473638772964478,31.784526824951172,0.6580736637115479,0.0007479999912902713,0.0003018999705091119
1820,0.596832811832428,31.792476654052734,0.6575309634208679,0.0007587999571114779,0.00028630002634599805
1821,0.6724382042884827,31.800312042236328,0.6566897630691528,0.0007433000137098134,0.0002877999795600772
1822,0.5789349675178528,31.807832717895508,0.6577313542366028,0.000754999986384064,0.00028719997499138117
1823,0.6391252279281616,31.8154296875,0.6573320031166077,0.0007597000221721828,0.0002910999464802444
1824,0.6219061613082886,31.823036193847656,0.6542330980300903,0.0007412999984808266,0.0002933000214397907
1825,0.6798875331878662,31.830472946166992,0.6499214768409729,0.0007424000068567693,0.0002847999567165971
1826,0.47411400079727173,31.83781623840332,0.6433703303337097,0.0007712999940849841,0.00029230001382529736
1827,0.5065030455589294,31.84510612487793,0.6377585530281067,0.0007505000103265047,0.0002882999833673239
1828,0.642535388469696,31.852441787719727,0.6293529868125916,0.0007655999506823719,0.0002862000255845487
1829,0.5370826125144958,31.85985565185547,0.6243110299110413,0.0007467000395990908,0.00028979999478906393
1830,0.5914189219474792,31.86732292175293,0.6258047819137573,0.000754699984099716,0.0002870000316761434
1831,0.3984019160270691,31.87484359741211,0.6351369619369507,0.0007601000252179801,0.00029289996018633246
1832,0.4786188304424286,31.882734298706055,0.6518301963806152,0.0007512000156566501,0.00029419997008517385
1833,0.646428644657135,31.890493392944336,0.6692928075790405,0.0007559000514447689,0.0002927000168710947
1834,0.5467935800552368,31.897993087768555,0.671475887298584,0.0007650000043213367,0.0002906000008806586
1835,0.5419014692306519,31.905467987060547,0.6651065349578857,0.0007466000388376415,0.0002911000046879053
1836,0.6151715517044067,31.912921905517578,0.6523790955543518,0.0007411999977193773,0.0002886999864131212
1837,0.5689100027084351,31.920236587524414,0.6375645995140076,0.0007622000412084162,0.00028740003472194076
1838,0.5045387744903564,31.92750358581543,0.6276600956916809,0.0007476999890059233,0.00028689997270703316
1839,0.43562614917755127,31.935039520263672,0.6322190761566162,0.0007419000030495226,0.00028389994986355305
1840,0.5541120767593384,31.942550659179688,0.6471993923187256,0.0007577000069431961,0.0002891000476665795
1841,0.6063786745071411,31.949981689453125,0.6591012477874756,0.0007404999923892319,0.00030700000934302807
1842,0.6558625102043152,31.95743179321289,0.6629345417022705,0.0007451999699696898,0.00028490001568570733
1843,0.6551982164382935,31.964900970458984,0.6615084409713745,0.000762699986808002,0.0002911000046879053
1844,0.40829411149024963,31.972427368164062,0.6594871878623962,0.0007710999925620854,0.00028739997651427984
1845,0.6074651479721069,31.979991912841797,0.6611999273300171,0.0007480999920517206,0.0002948999754153192
1846,0.5045273303985596,31.98745346069336,0.6649026870727539,0.0007428000099025667,0.00029010005528107285
1847,0.5872751474380493,31.9954891204834,0.6647810339927673,0.0007675000233575702,0.00028850004309788346
1848,0.7582123279571533,32.003360748291016,0.6605955362319946,0.0007679999689571559,0.00029070000164210796
1849,0.7504258751869202,32.01092529296875,0.6557450890541077,0.0007498000049963593,0.0002931999624706805
1850,0.6019927859306335,32.018123626708984,0.6516897082328796,0.0007461999775841832,0.0002853000187315047
1851,0.5359717011451721,32.025150299072266,0.6504160165786743,0.0007565999985672534,0.00029250001534819603
1852,0.5581937432289124,32.03216552734375,0.6434338092803955,0.0007436999585479498,0.00029120000544935465
1853,0.6566507816314697,32.039180755615234,0.6339960694313049,0.0007652000058442354,0.00028799998108297586
1854,0.5308154225349426,32.0462646484375,0.6292348504066467,0.0007486999966204166,0.00028739997651427984
1855,0.6147951483726501,32.053367614746094,0.6327028870582581,0.0007529999711550772,0.00028520001797005534
1856,0.4591802954673767,32.06034469604492,0.6364883184432983,0.0007478999905288219,0.0002983999438583851
1857,0.43512600660324097,32.067195892333984,0.6417186260223389,0.0007412000559270382,0.00028979999478906393
1858,0.499777615070343,32.073944091796875,0.6452963948249817,0.0007486999966204166,0.0002877999795600772
1859,0.5920000672340393,32.081214904785156,0.640458345413208,0.0007545000407844782,0.00029390002600848675
1860,0.5045037269592285,32.0887336730957,0.6403176188468933,0.0007380000315606594,0.00028799998108297586
1861,0.49551549553871155,32.09653854370117,0.6387578845024109,0.0007570000016130507,0.00029310001991689205
1862,0.5227968692779541,32.10447692871094,0.6415950059890747,0.0007383000338450074,0.00028909998945891857
1863,0.45109376311302185,32.11267852783203,0.6496061086654663,0.0007677999674342573,0.00029009999707341194
1864,0.4833911955356598,32.12098693847656,0.6556909680366516,0.0007505000103265047,0.0002965000458061695
1865,0.4976727366447449,32.12919235229492,0.6616191267967224,0.0007393999840132892,0.00028980005299672484
1866,0.5752989649772644,32.13728332519531,0.6650285720825195,0.0007581000099889934,0.0002838000073097646
1867,0.602925181388855,32.14547348022461,0.6590853333473206,0.0007472999859601259,0.00030010001501068473
1868,0.6264501810073853,32.15366744995117,0.6501970291137695,0.0007348000071942806,0.00029070000164210796
1869,0.6028961539268494,32.1615104675293,0.6370483636856079,0.0007590000168420374,0.0002906000008806586
1870,0.579745352268219,32.16923522949219,0.6272123456001282,0.0007672000210732222,0.00028490001568570733
1871,0.6344538331031799,32.17683410644531,0.6282311677932739,0.0007530999719165266,0.00028420001035556197
1872,0.49598464369773865,32.18434524536133,0.63572096824646,0.0007522000232711434,0.0002926999586634338
1873,0.5772465467453003,32.19185256958008,0.635598361492157,0.0007602000259794295,0.0002872999757528305
1874,0.6346174478530884,32.199520111083984,0.632971465587616,0.0007785000489093363,0.00029200001154094934
1875,0.5626538395881653,32.20694351196289,0.6197108030319214,0.0007446000236086547,0.0002867999719455838
1876,0.4691076874732971,32.21434783935547,0.6019234657287598,0.0007661000126972795,0.00029150000773370266
1877,0.5789600014686584,32.221588134765625,0.5936750769615173,0.0007508000126108527,0.0002880000392906368
1878,0.4342503845691681,32.22877502441406,0.5933049917221069,0.0007541000377386808,0.0002902999985963106
1879,0.4841882884502411,32.235897064208984,0.5981277227401733,0.0007506999536417425,0.00029749999521300197
1880,0.5585918426513672,32.243038177490234,0.6005359888076782,0.0007425999501720071,0.00028989999555051327
1881,0.7121157050132751,32.25008010864258,0.6035307049751282,0.0007585000130347908,0.00029399996856227517
1882,0.6359440088272095,32.2569465637207,0.5977219939231873,0.000743200012948364,0.00028709997422993183
1883,0.5893659591674805,32.263851165771484,0.593593955039978,0.0007470999844372272,0.0002861999673768878
1884,0.5037595629692078,32.270774841308594,0.5922223925590515,0.0007729000062681735,0.00029279995942488313
1885,0.49604207277297974,32.277549743652344,0.5927203893661499,0.0007448000251315534,0.00028979999478906393
1886,0.8065651059150696,32.284576416015625,0.5872748494148254,0.0007331999950110912,0.00029070000164210796
1887,0.39911147952079773,32.291473388671875,0.5826690196990967,0.0007571000023745,0.00029230001382529736
1888,0.4802000820636749,32.298423767089844,0.5804963707923889,0.0007396999862976372,0.00028169999131932855
1889,0.6192256808280945,32.305362701416016,0.5810601115226746,0.0007592000183649361,0.00028680003015324473
1890,0.5791213512420654,32.312530517578125,0.5846776366233826,0.000741699943318963,0.0002859000233002007
1891,0.8726951479911804,32.31978988647461,0.5883607864379883,0.0007416000007651746,0.00028420001035556197
1892,0.7350922226905823,32.3270378112793,0.5913463830947876,0.0007554999901913106,0.0002913999487645924
1893,0.6207550764083862,32.33415603637695,0.5975050330162048,0.0007495000027120113,0.00028579996433109045
1894,0.4758839011192322,32.34110641479492,0.6063252687454224,0.000776899978518486,0.0002975999959744513
1895,0.595440685749054,32.34791946411133,0.6163995265960693,0.0007808000082150102,0.00030290003633126616
1896,0.5919697284698486,32.35469055175781,0.6218830347061157,0.0007636999944224954,0.0003065000055357814
1897,0.577398419380188,32.36159896850586,0.6205490231513977,0.000754999986384064,0.000291000003926456
1898,0.6659875512123108,32.368507385253906,0.6265529990196228,0.0007521000225096941,0.00029690004885196686
1899,0.497689813375473,32.375457763671875,0.6351974010467529,0.000762399984523654,0.00029200001154094934
1900,0.5688614249229431,32.38239288330078,0.6377492547035217,0.000749099999666214,0.0002932000206783414
1901,0.5598506927490234,32.3895378112793,0.6293760538101196,0.0007481000502593815,0.00028789998032152653
1902,0.5414520502090454,32.39655303955078,0.6099024415016174,0.0007652000058442354,0.0002927000168710947
1903,0.5387459993362427,32.40381622314453,0.5984708666801453,0.0007497999467886984,0.00028660002863034606
1904,0.5277297496795654,32.411067962646484,0.5943346619606018,0.0007559999939985573,0.00028470001416280866
1905,0.48965051770210266,32.41861343383789,0.601797878742218,0.0007499000057578087,0.0002951999776996672
1906,0.5298033952713013,32.42656326293945,0.6109552979469299,0.0007525000255554914,0.00028719997499138117
1907,0.6251842379570007,32.43461227416992,0.6193436980247498,0.0007479999912902713,0.00029399996856227517
1908,0.5384594202041626,32.4424934387207,0.6253234148025513,0.0007390000391751528,0.0002886000438593328
1909,0.5494240522384644,32.45022201538086,0.6307606101036072,0.0007572000031359494,0.0002951999776996672
1910,0.4685388505458832,32.457923889160156,0.6206094622612,0.0007688000332564116,0.0002888999879360199
1911,0.6006008982658386,32.4662971496582,0.6073639392852783,0.0007493000011891127,0.0003081999602727592
1912,0.6529428362846375,32.474491119384766,0.5893101096153259,0.0007589000160805881,0.0002907999441958964
1913,0.5762397050857544,32.482234954833984,0.5851765871047974,0.0007515000179409981,0.0002924000145867467
1914,0.5111247897148132,32.489837646484375,0.5847429037094116,0.0007755000260658562,0.00029010005528107285
1915,0.4922235310077667,32.497257232666016,0.5877149105072021,0.0007519999635405838,0.00029749999521300197
1916,0.4993630647659302,32.504966735839844,0.5807369351387024,0.0007342000026255846,0.0002926999586634338
1917,0.629990816116333,32.51279067993164,0.5753271579742432,0.000741399999242276,0.00029009999707341194
1918,0.37125158309936523,32.52027893066406,0.5765416622161865,0.0007454999722540379,0.0002935000229626894
1919,0.484435498714447,32.52788543701172,0.5836889743804932,0.0007350000087171793,0.00028629996813833714
1920,0.5394455194473267,32.53548049926758,0.5938678979873657,0.0007570000016130507,0.0002835000050254166
1921,0.6212974786758423,32.54296112060547,0.6078916192054749,0.0007448999676853418,0.0002880999818444252
1922,0.4957869052886963,32.550376892089844,0.6204947233200073,0.0007341000018641353,0.0002847999567165971
1923,0.4719386398792267,32.55807876586914,0.6203976273536682,0.0007562999962829053,0.0002823999966494739
1924,0.556402325630188,32.5655517578125,0.6250076293945312,0.0007394000422209501,0.00028279999969527125
1925,0.526508092880249,32.573001861572266,0.6167545318603516,0.000754999986384064,0.0002864999696612358
1926,0.46927523612976074,32.580570220947266,0.6077600717544556,0.0007701999857090414,0.0003141999477520585
1927,0.5941129922866821,32.58796310424805,0.6035476922988892,0.0007634999928995967,0.0002823999966494739
1928,0.5028742551803589,32.59515380859375,0.5978613495826721,0.0007607999723404646,0.0002846000134013593
1929,0.6641724109649658,32.60219955444336,0.5938511490821838,0.0007687000324949622,0.00028219999512657523
1930,0.7008888721466064,32.60907745361328,0.5910401344299316,0.0007493000011891127,0.00028310000197961926
1931,0.4538109302520752,32.615867614746094,0.5911681652069092,0.0007462999783456326,0.00031749997287988663
1932,0.463035523891449,32.62278747558594,0.5929108262062073,0.0007384999771602452,0.0002891999902203679
1933,0.5633611679077148,32.62980651855469,0.5998358726501465,0.0007557999924756587,0.0002921000123023987
1934,0.5203117728233337,32.637123107910156,0.6128835678100586,0.0007403999916277826,0.00028680003015324473
1935,0.6222953200340271,32.64445877075195,0.6271976232528687,0.0007566999993287027,0.0002850999590009451
1936,0.5757668018341064,32.6515007019043,0.6374702453613281,0.0007431000121869147,0.0002891999902203679
1937,0.4260827302932739,32.65842819213867,0.6392588019371033,0.0007377000292763114,0.0002837000065483153
1938,0.5372679829597473,32.66533279418945,0.6347876191139221,0.0007580000092275441,0.00028639996889978647
1939,0.5151583552360535,32.67204284667969,0.6266160011291504,0.0007407999946735799,0.0002886999864131212
1940,0.62660813331604,32.67876052856445,0.6242330074310303,0.0007905000238679349,0.00029200001154094934
1941,0.494949072599411,32.685630798339844,0.6361227035522461,0.0007542000385001302,0.00029719999292865396
1942,0.5606299042701721,32.6924934387207,0.6649512052536011,0.0007565000560134649,0.0002930000191554427
1943,0.5558497309684753,32.69929504394531,0.7065073847770691,0.0007525000255554914,0.0002989000058732927
1944,0.3925304114818573,32.70636749267578,0.7160212397575378,0.0007447000243701041,0.00031159998616203666
1945,0.4747878909111023,32.71364974975586,0.6967669129371643,0.0007505000103265047,0.00028639996889978647
1946,0.48563581705093384,32.72108840942383,0.6767461895942688,0.0007462000357918441,0.0002956999815069139
1947,0.54439777135849,32.72848892211914,0.6526577472686768,0.000762699986808002,0.00028739997651427984
1948,0.43050482869148254,32.73601531982422,0.6356374025344849,0.0007654000073671341,0.0002839999506250024
1949,0.5395223498344421,32.743804931640625,0.6287781000137329,0.0007485999958589673,0.000284800014924258
1950,0.4705822765827179,32.75140380859375,0.6294704079627991,0.0007424999494105577,0.00028490001568570733
1951,0.5692768692970276,32.75893020629883,0.6346315145492554,0.0007806000066921115,0.00029399996856227517
1952,0.4329904317855835,32.766502380371094,0.6364847421646118,0.0007442000205628574,0.0002888999879360199
1953,0.5920975208282471,32.774017333984375,0.6349028944969177,0.0007602000259794295,0.0002883999841287732
1954,0.4931351840496063,32.78117370605469,0.6308114528656006,0.0007451000274159014,0.00028609996661543846
1955,0.5339245200157166,32.788265228271484,0.6257427334785461,0.000742900010664016,0.00029609998455271125
1956,0.5414470434188843,32.79539489746094,0.6229188442230225,0.0007529999711550772,0.000285700021777302
1957,0.4329849183559418,32.80259704589844,0.6212045550346375,0.0007719999994151294,0.000285100017208606
1958,0.38000598549842834,32.81003189086914,0.6231942176818848,0.0007657999522052705,0.00029779999749735
1959,0.4111693203449249,32.81749725341797,0.6316902041435242,0.0007557999924756587,0.000298400002066046
1960,0.5256335735321045,32.82490539550781,0.6439068913459778,0.0007439999608322978,0.0002888999879360199
1961,0.5185041427612305,32.832401275634766,0.6557968854904175,0.0007598999654874206,0.00028799998108297586
1962,0.4168989956378937,32.83990478515625,0.6576181054115295,0.0007428000099025667,0.00029199995333328843
1963,0.5303308963775635,32.84733200073242,0.6539363265037537,0.0007386999786831439,0.0002901999978348613
1964,0.3756357431411743,32.85469436645508,0.643807053565979,0.0007629000465385616,0.00028979999478906393
1965,0.4492870569229126,32.861942291259766,0.6347907781600952,0.0007403999916277826,0.0002893999917432666
1966,0.5591888427734375,32.869075775146484,0.6304537057876587,0.0007524000247940421,0.0002884000423364341
1967,0.5010958313941956,32.87596893310547,0.6240463852882385,0.0007502000080421567,0.00029799999902024865
1968,0.435426265001297,32.88276290893555,0.6165357232093811,0.0007693999796174467,0.00028989999555051327
1969,0.5935049653053284,32.889713287353516,0.6166401505470276,0.0007660000119358301,0.0002899999963119626
1970,0.6765413880348206,32.89669418334961,0.6137941479682922,0.0007504000095650554,0.0002899999963119626
1971,0.4258079528808594,32.903350830078125,0.6142441034317017,0.0007543999818153679,0.00028410000959411263
1972,0.47675320506095886,32.91018295288086,0.6138871908187866,0.0007512999582104385,0.0002935000229626894
1973,0.5050082206726074,32.91707992553711,0.603923499584198,0.0007726000039838254,0.0002891999902203679
1974,0.3202072083950043,32.92369842529297,0.5945687890052795,0.0007584000122733414,0.0002864999696612358
1975,0.40947115421295166,32.93039321899414,0.5887201428413391,0.0007512000156566501,0.0002905000001192093
1976,0.3914029896259308,32.937015533447266,0.5906075239181519,0.0007379999733529985,0.00028879998717457056
1977,0.4672480523586273,32.94358825683594,0.5922183990478516,0.0007619999814778566,0.0003053999971598387
1978,0.45274537801742554,32.95024108886719,0.5949303507804871,0.0007476999890059233,0.00029260001610964537
1979,0.5639645457267761,32.95692443847656,0.5996139049530029,0.000768599973525852,0.00029200001154094934
1980,0.5185486674308777,32.96347427368164,0.6058165431022644,0.0007468999829143286,0.00028979999478906393
1981,0.47184425592422485,32.970088958740234,0.6089876294136047,0.0007596999639645219,0.0002877999795600772
1982,0.5079414248466492,32.9769401550293,0.6154595613479614,0.0007476999890059233,0.0002923999563790858
1983,0.6021008491516113,32.98389434814453,0.6136244535446167,0.0007556000491604209,0.0002882999833673239
1984,0.4241923987865448,32.99094009399414,0.5960850119590759,0.000750300008803606,0.000284800014924258
1985,0.5243710279464722,32.99806213378906,0.5809307098388672,0.0007589000160805881,0.0002843000111170113
1986,0.5669789910316467,33.00517272949219,0.5715532302856445,0.0007492000004276633,0.00029340002220124006
1987,0.3658909797668457,33.012264251708984,0.5704027414321899,0.0007488999981433153,0.00028519995976239443
1988,0.5651310682296753,33.01942443847656,0.5781024694442749,0.0007664000149816275,0.0003056999994441867
1989,0.6400052905082703,33.02642822265625,0.5855386257171631,0.0007553999894298613,0.0002953999792225659
1990,0.5538454055786133,33.033084869384766,0.5833357572555542,0.0007711999933235347,0.00028849998489022255
1991,0.5357164740562439,33.03953170776367,0.5786235928535461,0.0007498000049963593,0.0002886999864131212
1992,0.41590389609336853,33.046630859375,0.5699396729469299,0.0007620000396855175,0.00029150000773370266
1993,0.6246419548988342,33.05398941040039,0.5615866780281067,0.0007461999775841832,0.00028849998489022255
1994,0.3966858386993408,33.06133270263672,0.5549203753471375,0.0007328999927267432,0.0002859000233002007
1995,0.43625205755233765,33.06875228881836,0.5566040277481079,0.0007581000099889934,0.00028450001263991
1996,0.4248128831386566,33.076210021972656,0.5655772686004639,0.0007449999684467912,0.0002893999917432666
1997,0.38766977190971375,33.08344268798828,0.5795078277587891,0.000750000006519258,0.0002899999963119626
1998,0.5804836750030518,33.09080505371094,0.5847115516662598,0.0007480999920517206,0.00029799999902024865
1999,0.4888068437576294,33.0980224609375,0.5708824396133423,0.0007407000521197915,0.00028849998489022255
2000,0.529085636138916,33.105289459228516,0.5613229274749756,0.0007582000107504427,0.000285400019492954
2001,0.5360316634178162,33.11248779296875,0.556969404220581,0.0007450000266544521,0.0002873000339604914
2002,0.4807608425617218,33.1196174621582,0.5573829412460327,0.0007384000346064568,0.0002823999966494739
2003,0.6762440800666809,33.127201080322266,0.5621986389160156,0.0007543999818153679,0.0002888999879360199
2004,0.8101211190223694,33.134822845458984,0.5703121423721313,0.0007415000000037253,0.0002859000233002007
2005,0.42134106159210205,33.14219665527344,0.5771731734275818,0.0007553999894298613,0.00028799998108297586
2006,0.5213465094566345,33.14948654174805,0.5775704979896545,0.0007562999962829053,0.0002885999856516719
2007,0.411140114068985,33.15666198730469,0.5693482756614685,0.0007563999970443547,0.00028929999098181725
2008,0.45762860774993896,33.16364288330078,0.5549795627593994,0.0007517000194638968,0.00028989999555051327
2009,0.4166931211948395,33.17083740234375,0.539048969745636,0.0007565999985672534,0.0002959999837912619
2010,0.35611197352409363,33.17786407470703,0.5322796106338501,0.0007495000027120113,0.00028789998032152653
2011,0.5296844244003296,33.18501281738281,0.5327521562576294,0.0007515999604947865,0.00028600002406165004
2012,0.5323444604873657,33.192039489746094,0.5343932509422302,0.00074819999281317,0.0002958999830298126
2013,0.6629748940467834,33.19919967651367,0.5332769751548767,0.0007436000159941614,0.0002877999795600772
2014,0.5668341517448425,33.2061653137207,0.5386729836463928,0.0007587000145576894,0.0002933000214397907
2015,0.48022323846817017,33.21303939819336,0.5481439828872681,0.0007473000441677868,0.0002881000400520861
2016,0.41277316212654114,33.22010040283203,0.5548872947692871,0.000762399984523654,0.00028360000578686595
2017,0.4466160833835602,33.22743225097656,0.5601668357849121,0.0007535999757237732,0.00029170000925660133
2018,0.34663739800453186,33.234622955322266,0.5671756267547607,0.00076149997767061,0.0002880999818444252
2019,0.5804227590560913,33.24166488647461,0.5783190131187439,0.0007496000034734607,0.00029179995181038976
2020,0.4994257986545563,33.24856185913086,0.591957688331604,0.0007593000191263855,0.00029390002600848675
2021,0.5502490401268005,33.2553596496582,0.6034794449806213,0.000957000011112541,0.000299000006634742
2022,0.4601556360721588,33.26187515258789,0.6131739616394043,0.0007523999665863812,0.0002911000046879053
2023,0.402935653924942,33.26849365234375,0.618951678276062,0.0007605999708175659,0.0002861000248230994
2024,0.4010223150253296,33.27511978149414,0.6196943521499634,0.0007504000095650554,0.0002899999963119626
2025,0.46537458896636963,33.281951904296875,0.6242302656173706,0.0007531000301241875,0.00028770003700628877
2026,0.49127405881881714,33.28872299194336,0.6261392831802368,0.000756199995521456,0.0002938000252470374
2027,0.43083763122558594,33.29545211791992,0.6220699548721313,0.000749099999666214,0.00028609996661543846
2028,0.3802199959754944,33.302085876464844,0.6185982823371887,0.0007733000093139708,0.00028929999098181725
2029,0.4757493734359741,33.308692932128906,0.6155120730400085,0.0007443000213243067,0.0002870000316761434
2030,0.44763264060020447,33.315147399902344,0.6077802777290344,0.0007360000163316727,0.0002870000316761434
2031,0.4955345690250397,33.32193374633789,0.6037585735321045,0.0007528999703936279,0.0002850999590009451
2032,0.4204118847846985,33.328453063964844,0.6024250984191895,0.0007567000575363636,0.0002901999978348613
2033,0.46205830574035645,33.3350715637207,0.5948378443717957,0.0007446000236086547,0.00028529996052384377
2034,0.47513362765312195,33.34151840209961,0.5900274515151978,0.000769199978094548,0.0002880999818444252
2035,0.4155767858028412,33.3481330871582,0.5896157622337341,0.0007577000069431961,0.0002882999833673239
2036,0.48238033056259155,33.354637145996094,0.5898962020874023,0.0007812000112608075,0.0003024999750778079
2037,0.676109254360199,33.36094284057617,0.5913224816322327,0.0007518999627791345,0.0002888999879360199
2038,0.4178791046142578,33.367164611816406,0.5904171466827393,0.0007507000118494034,0.00028739997651427984
2039,0.43567946553230286,33.37339782714844,0.5859540700912476,0.000769799982663244,0.00029559998074546456
2040,0.5519077181816101,33.3795051574707,0.5815585255622864,0.0007422000053338706,0.00028690003091469407
2041,0.5411148071289062,33.38565444946289,0.5861013531684875,0.0007599999662488699,0.0002867999719455838
2042,0.5142733454704285,33.39188766479492,0.5887508392333984,0.0007548999856226146,0.000291600008495152
2043,0.5196142196655273,33.39812469482422,0.5933761596679688,0.0007616000366397202,0.0003008999628946185
2044,0.3975255489349365,33.40449142456055,0.5966947674751282,0.000754999986384064,0.00028979999478906393
2045,0.48973631858825684,33.410888671875,0.5964174866676331,0.000742900010664016,0.0002880999818444252
2046,0.39074018597602844,33.41749572753906,0.5899671316146851,0.0007694000378251076,0.00028770003700628877
2047,0.40534406900405884,33.424137115478516,0.590912401676178,0.0007507000118494034,0.0002937999670393765
2048,0.4948076903820038,33.430728912353516,0.5929809808731079,0.0007465999806299806,0.0002899999963119626
