run,column,smooth,seed,kind,i,depth,n_windows,grid_match
mod_wd0,weight_norm,101,0,observed,-1,0.9998327184567153,195,True
mod_wd0,weight_norm,101,0,surrogate,0,0.9997496021929158,195,True
mod_wd0,weight_norm,101,0,surrogate,1,1.2433090242672546,195,True
mod_wd0,weight_norm,101,0,surrogate,2,1.2338926983548946,195,True
mod_wd0,weight_norm,101,0,surrogate,3,2.928704213867487,195,True
mod_wd0,weight_norm,101,0,surrogate,4,3.2053675850267904,195,True
mod_wd0,weight_norm,101,0,surrogate,5,1.7977778653347936,195,True
mod_wd0,weight_norm,101,0,surrogate,6,1.056990590826865,195,True
mod_wd0,weight_norm,101,0,surrogate,7,3.4113684425958026,195,True
mod_wd0,weight_norm,101,0,surrogate,8,2.790579385006593,195,True
mod_wd0,weight_norm,101,0,surrogate,9,2.749202040756673,195,True
mod_wd0,weight_norm,101,0,surrogate,10,0.8409191511858514,195,True
mod_wd0,weight_norm,101,0,surrogate,11,1.8013317435396254,195,True
mod_wd0,weight_norm,101,0,surrogate,12,1.8817688846309948,195,True
mod_wd0,weight_norm,101,0,surrogate,13,1.4447192929699648,195,True
mod_wd0,weight_norm,101,0,surrogate,14,1.4697836461185378,195,True
mod_wd0,weight_norm,101,0,surrogate,15,3.8199017388124896,195,True
mod_wd0,weight_norm,101,0,surrogate,16,2.3996197768413334,195,True
mod_wd0,weight_norm,101,0,surrogate,17,1.8323411646206915,195,True
mod_wd0,weight_norm,101,0,surrogate,18,1.0003289210357988,195,True
mod_wd0,weight_norm,101,0,surrogate,19,1.6345213090239603,195,True
mod_wd0,weight_norm,101,0,surrogate,20,1.9222649517382302,195,True
mod_wd0,weight_norm,101,0,surrogate,21,1.233313546614027,195,True
mod_wd0,weight_norm,101,0,surrogate,22,2.2840809596007916,195,True
mod_wd0,weight_norm,101,0,surrogate,23,1.7161393493822907,195,True
mod_wd0,weight_norm,101,0,surrogate,24,1.7361355331735853,195,True
mod_wd0,weight_norm,101,0,surrogate,25,2.7864092075666886,195,True
mod_wd0,weight_norm,101,0,surrogate,26,0.9997495728098891,195,True
mod_wd0,weight_norm,101,0,surrogate,27,0.7131850723843951,195,True
mod_wd0,weight_norm,101,0,surrogate,28,0.6852073899639337,195,True
mod_wd0,weight_norm,101,0,surrogate,29,1.8780217592313282,195,True
mod_wd0,weight_norm,101,0,surrogate,30,1.8370024697376173,195,True
mod_wd0,weight_norm,101,0,surrogate,31,1.093244014622917,195,True
mod_wd0,weight_norm,101,0,surrogate,32,3.640804453700048,195,True
mod_wd0,weight_norm,101,0,surrogate,33,1.9786908828132224,195,True
mod_wd0,weight_norm,101,0,surrogate,34,2.68992770396034,195,True
mod_wd0,weight_norm,101,0,surrogate,35,3.718329955077892,195,True
mod_wd0,weight_norm,101,0,surrogate,36,2.006683157484165,195,True
mod_wd0,weight_norm,101,0,surrogate,37,1.7083673890204383,195,True
mod_wd0,weight_norm,101,0,surrogate,38,1.0472955480381094,195,True
mod_wd0,weight_norm,101,1,observed,-1,0.9998327184567153,195,True
mod_wd0,weight_norm,101,1,surrogate,0,2.7649709465356,195,True
mod_wd0,weight_norm,101,1,surrogate,1,2.996880207998507,195,True
mod_wd0,weight_norm,101,1,surrogate,2,2.9911315102456153,195,True
mod_wd0,weight_norm,101,1,surrogate,3,1.3888999090573237,195,True
mod_wd0,weight_norm,101,1,surrogate,4,2.8529123607547167,195,True
mod_wd0,weight_norm,101,1,surrogate,5,1.8036180371223116,195,True
mod_wd0,weight_norm,101,1,surrogate,6,2.2511416849175605,195,True
mod_wd0,weight_norm,101,1,surrogate,7,3.2398302093577733,195,True
mod_wd0,weight_norm,101,1,surrogate,8,1.1397004597930018,195,True
mod_wd0,weight_norm,101,1,surrogate,9,1.3735209419502559,195,True
mod_wd0,weight_norm,101,1,surrogate,10,1.2444293687174597,195,True
mod_wd0,weight_norm,101,1,surrogate,11,1.5300783097226678,195,True
mod_wd0,weight_norm,101,1,surrogate,12,3.1126305210310035,195,True
mod_wd0,weight_norm,101,1,surrogate,13,3.316254093060404,195,True
mod_wd0,weight_norm,101,1,surrogate,14,0.9997519451218669,195,True
mod_wd0,weight_norm,101,1,surrogate,15,2.4570235339042625,195,True
mod_wd0,weight_norm,101,1,surrogate,16,3.1828861707122216,195,True
mod_wd0,weight_norm,101,1,surrogate,17,2.9126387281930475,195,True
mod_wd0,weight_norm,101,1,surrogate,18,1.483140266546816,195,True
mod_wd0,weight_norm,101,1,surrogate,19,2.7759461668702796,195,True
mod_wd0,weight_norm,101,1,surrogate,20,1.2290177427204232,195,True
mod_wd0,weight_norm,101,1,surrogate,21,2.6378663431022065,195,True
mod_wd0,weight_norm,101,1,surrogate,22,2.04254094952571,195,True
mod_wd0,weight_norm,101,1,surrogate,23,1.9776020741002036,195,True
mod_wd0,weight_norm,101,1,surrogate,24,2.663680693364292,195,True
mod_wd0,weight_norm,101,1,surrogate,25,3.1703934334903,195,True
mod_wd0,weight_norm,101,1,surrogate,26,2.678371519000703,195,True
mod_wd0,weight_norm,101,1,surrogate,27,1.105530219778943,195,True
mod_wd0,weight_norm,101,1,surrogate,28,1.000288170470294,195,True
mod_wd0,weight_norm,101,1,surrogate,29,2.2992008777365434,195,True
mod_wd0,weight_norm,101,1,surrogate,30,3.267084495693372,195,True
mod_wd0,weight_norm,101,1,surrogate,31,1.0416240466141886,195,True
mod_wd0,weight_norm,101,1,surrogate,32,1.396973212099773,195,True
mod_wd0,weight_norm,101,1,surrogate,33,3.3278435659983296,195,True
mod_wd0,weight_norm,101,1,surrogate,34,2.2414422876008944,195,True
mod_wd0,weight_norm,101,1,surrogate,35,1.4509291489444054,195,True
mod_wd0,weight_norm,101,1,surrogate,36,0.7532875893505775,195,True
mod_wd0,weight_norm,101,1,surrogate,37,2.974688086986504,195,True
mod_wd0,weight_norm,101,1,surrogate,38,1.7978807890154562,195,True
mod_wd0,weight_norm,101,2,observed,-1,0.9998327184567153,195,True
mod_wd0,weight_norm,101,2,surrogate,0,1.5389266083193862,195,True
mod_wd0,weight_norm,101,2,surrogate,1,2.3512978582638833,195,True
mod_wd0,weight_norm,101,2,surrogate,2,2.159107327938643,195,True
mod_wd0,weight_norm,101,2,surrogate,3,1.7127327447287493,195,True
mod_wd0,weight_norm,101,2,surrogate,4,4.1351621978061,195,True
mod_wd0,weight_norm,101,2,surrogate,5,2.5645763227710923,195,True
mod_wd0,weight_norm,101,2,surrogate,6,2.5593082322540353,195,True
mod_wd0,weight_norm,101,2,surrogate,7,1.192460300472191,195,True
mod_wd0,weight_norm,101,2,surrogate,8,3.4644856590223596,195,True
mod_wd0,weight_norm,101,2,surrogate,9,1.8846144201850474,195,True
mod_wd0,weight_norm,101,2,surrogate,10,1.708330688923868,195,True
mod_wd0,weight_norm,101,2,surrogate,11,1.771726135361344,195,True
mod_wd0,weight_norm,101,2,surrogate,12,2.519366594196252,195,True
mod_wd0,weight_norm,101,2,surrogate,13,2.3665857524809444,195,True
mod_wd0,weight_norm,101,2,surrogate,14,3.8811058580528317,195,True
mod_wd0,weight_norm,101,2,surrogate,15,2.718993059294414,195,True
mod_wd0,weight_norm,101,2,surrogate,16,3.311758773621772,195,True
mod_wd0,weight_norm,101,2,surrogate,17,2.2342443958496565,195,True
mod_wd0,weight_norm,101,2,surrogate,18,3.3483711418517035,195,True
mod_wd0,weight_norm,101,2,surrogate,19,1.8809348375747286,195,True
mod_wd0,weight_norm,101,2,surrogate,20,1.5384085737364237,195,True
mod_wd0,weight_norm,101,2,surrogate,21,3.2448563178645946,195,True
mod_wd0,weight_norm,101,2,surrogate,22,2.15621371790462,195,True
mod_wd0,weight_norm,101,2,surrogate,23,0.9875822836329129,195,True
mod_wd0,weight_norm,101,2,surrogate,24,2.167170889572799,195,True
mod_wd0,weight_norm,101,2,surrogate,25,2.3558879855312234,195,True
mod_wd0,weight_norm,101,2,surrogate,26,3.0350756195400885,195,True
mod_wd0,weight_norm,101,2,surrogate,27,1.935262140050231,195,True
mod_wd0,weight_norm,101,2,surrogate,28,1.870959443545205,195,True
mod_wd0,weight_norm,101,2,surrogate,29,2.2985189044305825,195,True
mod_wd0,weight_norm,101,2,surrogate,30,1.266262567878544,195,True
mod_wd0,weight_norm,101,2,surrogate,31,1.6649666361199693,195,True
mod_wd0,weight_norm,101,2,surrogate,32,2.4157638682939706,195,True
mod_wd0,weight_norm,101,2,surrogate,33,1.7227731611303894,195,True
mod_wd0,weight_norm,101,2,surrogate,34,2.599960057134992,195,True
mod_wd0,weight_norm,101,2,surrogate,35,1.3024814118187547,195,True
mod_wd0,weight_norm,101,2,surrogate,36,1.4879489158857406,195,True
mod_wd0,weight_norm,101,2,surrogate,37,1.000469693650503,195,True
mod_wd0,weight_norm,101,2,surrogate,38,2.9294705099647707,195,True
mod_wd0,weight_norm,101,3,observed,-1,0.9998327184567153,195,True
mod_wd0,weight_norm,101,3,surrogate,0,3.242481390045756,195,True
mod_wd0,weight_norm,101,3,surrogate,1,2.103606683287813,195,True
mod_wd0,weight_norm,101,3,surrogate,2,1.0215839133741287,195,True
mod_wd0,weight_norm,101,3,surrogate,3,3.209748851656212,195,True
mod_wd0,weight_norm,101,3,surrogate,4,1.2868716108482432,195,True
mod_wd0,weight_norm,101,3,surrogate,5,3.378089023335692,195,True
mod_wd0,weight_norm,101,3,surrogate,6,1.203493025901116,195,True
mod_wd0,weight_norm,101,3,surrogate,7,2.349983800979502,195,True
mod_wd0,weight_norm,101,3,surrogate,8,2.090289613135705,195,True
mod_wd0,weight_norm,101,3,surrogate,9,2.0831003187893815,195,True
mod_wd0,weight_norm,101,3,surrogate,10,2.8542926423511874,195,True
mod_wd0,weight_norm,101,3,surrogate,11,1.872620136743744,195,True
mod_wd0,weight_norm,101,3,surrogate,12,2.7293738859063956,195,True
mod_wd0,weight_norm,101,3,surrogate,13,2.7624957893449915,195,True
mod_wd0,weight_norm,101,3,surrogate,14,1.8876389362990358,195,True
mod_wd0,weight_norm,101,3,surrogate,15,1.160432705163671,195,True
mod_wd0,weight_norm,101,3,surrogate,16,2.566212753899718,195,True
mod_wd0,weight_norm,101,3,surrogate,17,2.261822797853407,195,True
mod_wd0,weight_norm,101,3,surrogate,18,2.709294819384927,195,True
mod_wd0,weight_norm,101,3,surrogate,19,1.6431722053492814,195,True
mod_wd0,weight_norm,101,3,surrogate,20,0.8496665959847103,195,True
mod_wd0,weight_norm,101,3,surrogate,21,1.181154707160084,195,True
mod_wd0,weight_norm,101,3,surrogate,22,1.0564445899520236,195,True
mod_wd0,weight_norm,101,3,surrogate,23,1.6390102163363953,195,True
mod_wd0,weight_norm,101,3,surrogate,24,1.3523884080601336,195,True
mod_wd0,weight_norm,101,3,surrogate,25,2.404813698430738,195,True
mod_wd0,weight_norm,101,3,surrogate,26,2.396028026867668,195,True
mod_wd0,weight_norm,101,3,surrogate,27,1.0103974805575062,195,True
mod_wd0,weight_norm,101,3,surrogate,28,2.292775810376554,195,True
mod_wd0,weight_norm,101,3,surrogate,29,0.9998267777468214,195,True
mod_wd0,weight_norm,101,3,surrogate,30,1.360616046510274,195,True
mod_wd0,weight_norm,101,3,surrogate,31,3.121733550910711,195,True
mod_wd0,weight_norm,101,3,surrogate,32,2.084737115918219,195,True
mod_wd0,weight_norm,101,3,surrogate,33,1.947187564663162,195,True
mod_wd0,weight_norm,101,3,surrogate,34,3.2423614957529887,195,True
mod_wd0,weight_norm,101,3,surrogate,35,2.1187387264452484,195,True
mod_wd0,weight_norm,101,3,surrogate,36,2.599566210405233,195,True
mod_wd0,weight_norm,101,3,surrogate,37,3.6442245091402494,195,True
mod_wd0,weight_norm,101,3,surrogate,38,1.1557991395044984,195,True
mod_wd0,weight_norm,101,4,observed,-1,0.9998327184567153,195,True
mod_wd0,weight_norm,101,4,surrogate,0,1.3420764023354215,195,True
mod_wd0,weight_norm,101,4,surrogate,1,2.935598698868804,195,True
mod_wd0,weight_norm,101,4,surrogate,2,2.1991373374665644,195,True
mod_wd0,weight_norm,101,4,surrogate,3,1.0441131567356228,195,True
mod_wd0,weight_norm,101,4,surrogate,4,1.46786968233318,195,True
mod_wd0,weight_norm,101,4,surrogate,5,1.9093771990425852,195,True
mod_wd0,weight_norm,101,4,surrogate,6,0.9997455589542503,195,True
mod_wd0,weight_norm,101,4,surrogate,7,1.3130650307711724,195,True
mod_wd0,weight_norm,101,4,surrogate,8,3.453119415613781,195,True
mod_wd0,weight_norm,101,4,surrogate,9,1.140027413988355,195,True
mod_wd0,weight_norm,101,4,surrogate,10,1.2491907608891104,195,True
mod_wd0,weight_norm,101,4,surrogate,11,0.9882630116024579,195,True
mod_wd0,weight_norm,101,4,surrogate,12,1.3968558032090566,195,True
mod_wd0,weight_norm,101,4,surrogate,13,2.211922008719435,195,True
mod_wd0,weight_norm,101,4,surrogate,14,1.1944295685626702,195,True
mod_wd0,weight_norm,101,4,surrogate,15,0.909097898257361,195,True
mod_wd0,weight_norm,101,4,surrogate,16,1.2028623527051072,195,True
mod_wd0,weight_norm,101,4,surrogate,17,1.5266637937135608,195,True
mod_wd0,weight_norm,101,4,surrogate,18,1.0328082209171403,195,True
mod_wd0,weight_norm,101,4,surrogate,19,1.000542659269691,195,True
mod_wd0,weight_norm,101,4,surrogate,20,1.110901228292115,195,True
mod_wd0,weight_norm,101,4,surrogate,21,3.214554988151306,195,True
mod_wd0,weight_norm,101,4,surrogate,22,3.3743005178071956,195,True
mod_wd0,weight_norm,101,4,surrogate,23,1.3943072742984655,195,True
mod_wd0,weight_norm,101,4,surrogate,24,2.7651197509368455,195,True
mod_wd0,weight_norm,101,4,surrogate,25,2.095249520266584,195,True
mod_wd0,weight_norm,101,4,surrogate,26,1.2913537759110971,195,True
mod_wd0,weight_norm,101,4,surrogate,27,1.7598055190329358,195,True
mod_wd0,weight_norm,101,4,surrogate,28,1.4755686044415097,195,True
mod_wd0,weight_norm,101,4,surrogate,29,3.8036499853682932,195,True
mod_wd0,weight_norm,101,4,surrogate,30,3.3169140983478496,195,True
mod_wd0,weight_norm,101,4,surrogate,31,1.4388850538361138,195,True
mod_wd0,weight_norm,101,4,surrogate,32,1.3552466063395197,195,True
mod_wd0,weight_norm,101,4,surrogate,33,3.087445876251544,195,True
mod_wd0,weight_norm,101,4,surrogate,34,1.5906350567818561,195,True
mod_wd0,weight_norm,101,4,surrogate,35,2.3306924953765757,195,True
mod_wd0,weight_norm,101,4,surrogate,36,1.5094165734937424,195,True
mod_wd0,weight_norm,101,4,surrogate,37,1.1462693839396172,195,True
mod_wd0,weight_norm,101,4,surrogate,38,0.9730610712775797,195,True
mod_wd0,weight_norm,201,0,observed,-1,0.9998327184567153,195,True
mod_wd0,weight_norm,201,0,surrogate,0,3.7547591717503956,195,True
mod_wd0,weight_norm,201,0,surrogate,1,3.6446788119133866,195,True
mod_wd0,weight_norm,201,0,surrogate,2,3.780210279320651,195,True
mod_wd0,weight_norm,201,0,surrogate,3,2.9308932258408698,195,True
mod_wd0,weight_norm,201,0,surrogate,4,4.028845770987962,195,True
mod_wd0,weight_norm,201,0,surrogate,5,1.857635136617694,195,True
mod_wd0,weight_norm,201,0,surrogate,6,1.6081369561279566,195,True
mod_wd0,weight_norm,201,0,surrogate,7,1.4490418044649989,195,True
mod_wd0,weight_norm,201,0,surrogate,8,1.8050982311583348,195,True
mod_wd0,weight_norm,201,0,surrogate,9,1.625181057883259,195,True
mod_wd0,weight_norm,201,0,surrogate,10,2.4749950346023892,195,True
mod_wd0,weight_norm,201,0,surrogate,11,2.0644158359554132,195,True
mod_wd0,weight_norm,201,0,surrogate,12,1.0024182914937487,195,True
mod_wd0,weight_norm,201,0,surrogate,13,2.6496803707959553,195,True
mod_wd0,weight_norm,201,0,surrogate,14,2.724259147451864,195,True
mod_wd0,weight_norm,201,0,surrogate,15,2.4772538356324443,195,True
mod_wd0,weight_norm,201,0,surrogate,16,4.361084877080565,195,True
mod_wd0,weight_norm,201,0,surrogate,17,1.3898672676502069,195,True
mod_wd0,weight_norm,201,0,surrogate,18,2.833555015071791,195,True
mod_wd0,weight_norm,201,0,surrogate,19,2.3144147104343054,195,True
mod_wd0,weight_norm,201,0,surrogate,20,1.412795272935421,195,True
mod_wd0,weight_norm,201,0,surrogate,21,2.9907487595546978,195,True
mod_wd0,weight_norm,201,0,surrogate,22,2.6593451395305148,195,True
mod_wd0,weight_norm,201,0,surrogate,23,3.9980948268776006,195,True
mod_wd0,weight_norm,201,0,surrogate,24,4.40694063047884,195,True
mod_wd0,weight_norm,201,0,surrogate,25,4.253390217032699,195,True
mod_wd0,weight_norm,201,0,surrogate,26,2.4870386824332997,195,True
mod_wd0,weight_norm,201,0,surrogate,27,2.544412414350868,195,True
mod_wd0,weight_norm,201,0,surrogate,28,1.6960190920321598,195,True
mod_wd0,weight_norm,201,0,surrogate,29,1.2383825841854021,195,True
mod_wd0,weight_norm,201,0,surrogate,30,1.007625659746632,195,True
mod_wd0,weight_norm,201,0,surrogate,31,2.7867350855052058,195,True
mod_wd0,weight_norm,201,0,surrogate,32,3.9671907124327714,195,True
mod_wd0,weight_norm,201,0,surrogate,33,2.671856194165665,195,True
mod_wd0,weight_norm,201,0,surrogate,34,5.051303738879482,195,True
mod_wd0,weight_norm,201,0,surrogate,35,3.34307739719862,195,True
mod_wd0,weight_norm,201,0,surrogate,36,2.2233334091809045,195,True
mod_wd0,weight_norm,201,0,surrogate,37,1.963148124221162,195,True
mod_wd0,weight_norm,201,0,surrogate,38,1.0199619432178482,195,True
mod_wd0,weight_norm,201,1,observed,-1,0.9998327184567153,195,True
mod_wd0,weight_norm,201,1,surrogate,0,2.314586647548525,195,True
mod_wd0,weight_norm,201,1,surrogate,1,1.8981752546974213,195,True
mod_wd0,weight_norm,201,1,surrogate,2,3.6961849587206177,195,True
mod_wd0,weight_norm,201,1,surrogate,3,4.1482286932655486,195,True
mod_wd0,weight_norm,201,1,surrogate,4,1.033065523382698,195,True
mod_wd0,weight_norm,201,1,surrogate,5,2.9991032610710238,195,True
mod_wd0,weight_norm,201,1,surrogate,6,2.8176509769447926,195,True
mod_wd0,weight_norm,201,1,surrogate,7,2.899589849467469,195,True
mod_wd0,weight_norm,201,1,surrogate,8,1.6664594707847782,195,True
mod_wd0,weight_norm,201,1,surrogate,9,1.9234360098762773,195,True
mod_wd0,weight_norm,201,1,surrogate,10,4.089252166861443,195,True
mod_wd0,weight_norm,201,1,surrogate,11,1.4956596830927986,195,True
mod_wd0,weight_norm,201,1,surrogate,12,1.4424241876161106,195,True
mod_wd0,weight_norm,201,1,surrogate,13,1.9069227496024825,195,True
mod_wd0,weight_norm,201,1,surrogate,14,2.0486319452046455,195,True
mod_wd0,weight_norm,201,1,surrogate,15,1.2902244477380616,195,True
mod_wd0,weight_norm,201,1,surrogate,16,2.40383452145036,195,True
mod_wd0,weight_norm,201,1,surrogate,17,0.6159644084703857,195,True
mod_wd0,weight_norm,201,1,surrogate,18,1.0524093813905937,195,True
mod_wd0,weight_norm,201,1,surrogate,19,2.0646840405106683,195,True
mod_wd0,weight_norm,201,1,surrogate,20,2.1603296004307535,195,True
mod_wd0,weight_norm,201,1,surrogate,21,3.767205966326155,195,True
mod_wd0,weight_norm,201,1,surrogate,22,3.4932727995757955,195,True
mod_wd0,weight_norm,201,1,surrogate,23,1.395405719098369,195,True
mod_wd0,weight_norm,201,1,surrogate,24,1.5082378556750162,195,True
mod_wd0,weight_norm,201,1,surrogate,25,2.1891382680132945,195,True
mod_wd0,weight_norm,201,1,surrogate,26,1.5053318079460725,195,True
mod_wd0,weight_norm,201,1,surrogate,27,3.4998340854021346,195,True
mod_wd0,weight_norm,201,1,surrogate,28,2.7806137079044047,195,True
mod_wd0,weight_norm,201,1,surrogate,29,3.2294682699115853,195,True
mod_wd0,weight_norm,201,1,surrogate,30,2.79972265847432,195,True
mod_wd0,weight_norm,201,1,surrogate,31,2.328537998564809,195,True
mod_wd0,weight_norm,201,1,surrogate,32,2.591347359585135,195,True
mod_wd0,weight_norm,201,1,surrogate,33,2.264510636861477,195,True
mod_wd0,weight_norm,201,1,surrogate,34,1.6415466285883868,195,True
mod_wd0,weight_norm,201,1,surrogate,35,2.314237370325321,195,True
mod_wd0,weight_norm,201,1,surrogate,36,3.1496576371727696,195,True
mod_wd0,weight_norm,201,1,surrogate,37,2.8289094561392494,195,True
mod_wd0,weight_norm,201,1,surrogate,38,2.2241826481626377,195,True
mod_wd0,weight_norm,201,2,observed,-1,0.9998327184567153,195,True
mod_wd0,weight_norm,201,2,surrogate,0,2.6441916160151613,195,True
mod_wd0,weight_norm,201,2,surrogate,1,1.1449614686253744,195,True
mod_wd0,weight_norm,201,2,surrogate,2,3.7605817349293527,195,True
mod_wd0,weight_norm,201,2,surrogate,3,0.9307021324491482,195,True
mod_wd0,weight_norm,201,2,surrogate,4,1.724477507694372,195,True
mod_wd0,weight_norm,201,2,surrogate,5,2.6352316301585814,195,True
mod_wd0,weight_norm,201,2,surrogate,6,3.446694599547487,195,True
mod_wd0,weight_norm,201,2,surrogate,7,3.014633222268267,195,True
mod_wd0,weight_norm,201,2,surrogate,8,3.0852685465931153,195,True
mod_wd0,weight_norm,201,2,surrogate,9,1.325261682929953,195,True
mod_wd0,weight_norm,201,2,surrogate,10,3.3800804413831176,195,True
mod_wd0,weight_norm,201,2,surrogate,11,2.0103255712533135,195,True
mod_wd0,weight_norm,201,2,surrogate,12,2.7103318203881526,195,True
mod_wd0,weight_norm,201,2,surrogate,13,3.3063459882151953,195,True
mod_wd0,weight_norm,201,2,surrogate,14,1.1930826510340715,195,True
mod_wd0,weight_norm,201,2,surrogate,15,2.4015789910837646,195,True
mod_wd0,weight_norm,201,2,surrogate,16,1.257475291080747,195,True
mod_wd0,weight_norm,201,2,surrogate,17,2.55042206143182,195,True
mod_wd0,weight_norm,201,2,surrogate,18,1.824077178642952,195,True
mod_wd0,weight_norm,201,2,surrogate,19,1.51567045078598,195,True
mod_wd0,weight_norm,201,2,surrogate,20,2.4257314230983034,195,True
mod_wd0,weight_norm,201,2,surrogate,21,1.821263138725863,195,True
mod_wd0,weight_norm,201,2,surrogate,22,3.703646276629634,195,True
mod_wd0,weight_norm,201,2,surrogate,23,3.4454466628845393,195,True
mod_wd0,weight_norm,201,2,surrogate,24,0.8269167860760234,195,True
mod_wd0,weight_norm,201,2,surrogate,25,1.910524676879541,195,True
mod_wd0,weight_norm,201,2,surrogate,26,2.0744370743451994,195,True
mod_wd0,weight_norm,201,2,surrogate,27,2.7967995727257353,195,True
mod_wd0,weight_norm,201,2,surrogate,28,2.5662935465738417,195,True
mod_wd0,weight_norm,201,2,surrogate,29,0.9762339165724414,195,True
mod_wd0,weight_norm,201,2,surrogate,30,2.7241225212584483,195,True
mod_wd0,weight_norm,201,2,surrogate,31,1.4063798987460063,195,True
mod_wd0,weight_norm,201,2,surrogate,32,2.8719640382936604,195,True
mod_wd0,weight_norm,201,2,surrogate,33,2.218523209555513,195,True
mod_wd0,weight_norm,201,2,surrogate,34,2.2410152760985618,195,True
mod_wd0,weight_norm,201,2,surrogate,35,1.000543060776999,195,True
mod_wd0,weight_norm,201,2,surrogate,36,1.8665100299388035,195,True
mod_wd0,weight_norm,201,2,surrogate,37,3.758195843259415,195,True
mod_wd0,weight_norm,201,2,surrogate,38,4.642767495950947,195,True
mod_wd0,weight_norm,201,3,observed,-1,0.9998327184567153,195,True
mod_wd0,weight_norm,201,3,surrogate,0,1.9016210891378211,195,True
mod_wd0,weight_norm,201,3,surrogate,1,1.6094228072095567,195,True
mod_wd0,weight_norm,201,3,surrogate,2,1.099810221177644,195,True
mod_wd0,weight_norm,201,3,surrogate,3,3.6723758555019144,195,True
mod_wd0,weight_norm,201,3,surrogate,4,1.8895386391941684,195,True
mod_wd0,weight_norm,201,3,surrogate,5,1.499776517271326,195,True
mod_wd0,weight_norm,201,3,surrogate,6,2.773960394903529,195,True
mod_wd0,weight_norm,201,3,surrogate,7,4.677325418176505,195,True
mod_wd0,weight_norm,201,3,surrogate,8,2.793989588096269,195,True
mod_wd0,weight_norm,201,3,surrogate,9,1.0206949633401228,195,True
mod_wd0,weight_norm,201,3,surrogate,10,2.6491640656205546,195,True
mod_wd0,weight_norm,201,3,surrogate,11,2.2187131205356945,195,True
mod_wd0,weight_norm,201,3,surrogate,12,2.0913079706534212,195,True
mod_wd0,weight_norm,201,3,surrogate,13,3.487208121351499,195,True
mod_wd0,weight_norm,201,3,surrogate,14,2.3130239586016397,195,True
mod_wd0,weight_norm,201,3,surrogate,15,3.4000125840119777,195,True
mod_wd0,weight_norm,201,3,surrogate,16,3.7097340208359704,195,True
mod_wd0,weight_norm,201,3,surrogate,17,2.92158493097357,195,True
mod_wd0,weight_norm,201,3,surrogate,18,2.2286498515969653,195,True
mod_wd0,weight_norm,201,3,surrogate,19,0.9136860131093238,195,True
mod_wd0,weight_norm,201,3,surrogate,20,1.6466237906100754,195,True
mod_wd0,weight_norm,201,3,surrogate,21,1.204682825173646,195,True
mod_wd0,weight_norm,201,3,surrogate,22,1.864831900239984,195,True
mod_wd0,weight_norm,201,3,surrogate,23,1.7961412063914284,195,True
mod_wd0,weight_norm,201,3,surrogate,24,2.439327060042854,195,True
mod_wd0,weight_norm,201,3,surrogate,25,2.8627445471650192,195,True
mod_wd0,weight_norm,201,3,surrogate,26,3.3780698007829586,195,True
mod_wd0,weight_norm,201,3,surrogate,27,1.1253239529041734,195,True
mod_wd0,weight_norm,201,3,surrogate,28,2.114628674115525,195,True
mod_wd0,weight_norm,201,3,surrogate,29,2.8273202665145027,195,True
mod_wd0,weight_norm,201,3,surrogate,30,4.5902075720870545,195,True
mod_wd0,weight_norm,201,3,surrogate,31,2.9877401052215786,195,True
mod_wd0,weight_norm,201,3,surrogate,32,2.426401294634142,195,True
mod_wd0,weight_norm,201,3,surrogate,33,3.243799926410056,195,True
mod_wd0,weight_norm,201,3,surrogate,34,2.6750847808284144,195,True
mod_wd0,weight_norm,201,3,surrogate,35,3.377744567741111,195,True
mod_wd0,weight_norm,201,3,surrogate,36,4.321014310775522,195,True
mod_wd0,weight_norm,201,3,surrogate,37,1.7612234353643506,195,True
mod_wd0,weight_norm,201,3,surrogate,38,3.7875343233659335,195,True
mod_wd0,weight_norm,201,4,observed,-1,0.9998327184567153,195,True
mod_wd0,weight_norm,201,4,surrogate,0,2.833363727327713,195,True
mod_wd0,weight_norm,201,4,surrogate,1,4.752485371998581,195,True
mod_wd0,weight_norm,201,4,surrogate,2,2.7194371412336786,195,True
mod_wd0,weight_norm,201,4,surrogate,3,1.8920343603596133,195,True
mod_wd0,weight_norm,201,4,surrogate,4,1.0005705220840657,195,True
mod_wd0,weight_norm,201,4,surrogate,5,1.0611579712966104,195,True
mod_wd0,weight_norm,201,4,surrogate,6,2.447750993104262,195,True
mod_wd0,weight_norm,201,4,surrogate,7,3.183816918450154,195,True
mod_wd0,weight_norm,201,4,surrogate,8,1.328840580194203,195,True
mod_wd0,weight_norm,201,4,surrogate,9,1.6260155814885693,195,True
mod_wd0,weight_norm,201,4,surrogate,10,0.9998219433211112,195,True
mod_wd0,weight_norm,201,4,surrogate,11,3.048504905888642,195,True
mod_wd0,weight_norm,201,4,surrogate,12,1.8713096296672989,195,True
mod_wd0,weight_norm,201,4,surrogate,13,2.512686778495399,195,True
mod_wd0,weight_norm,201,4,surrogate,14,1.9197560686997925,195,True
mod_wd0,weight_norm,201,4,surrogate,15,1.8715320268983613,195,True
mod_wd0,weight_norm,201,4,surrogate,16,2.9316201440478324,195,True
mod_wd0,weight_norm,201,4,surrogate,17,1.5068524273058421,195,True
mod_wd0,weight_norm,201,4,surrogate,18,2.699409407634603,195,True
mod_wd0,weight_norm,201,4,surrogate,19,3.894208500318042,195,True
mod_wd0,weight_norm,201,4,surrogate,20,3.252952106612941,195,True
mod_wd0,weight_norm,201,4,surrogate,21,2.4638515565196526,195,True
mod_wd0,weight_norm,201,4,surrogate,22,3.191935027103092,195,True
mod_wd0,weight_norm,201,4,surrogate,23,4.745281210577561,195,True
mod_wd0,weight_norm,201,4,surrogate,24,3.3891665666562325,195,True
mod_wd0,weight_norm,201,4,surrogate,25,1.4919893365381935,195,True
mod_wd0,weight_norm,201,4,surrogate,26,3.599081193104459,195,True
mod_wd0,weight_norm,201,4,surrogate,27,3.376483743447215,195,True
mod_wd0,weight_norm,201,4,surrogate,28,4.533729396761932,195,True
mod_wd0,weight_norm,201,4,surrogate,29,2.3738049397252166,195,True
mod_wd0,weight_norm,201,4,surrogate,30,3.0203071891192295,195,True
mod_wd0,weight_norm,201,4,surrogate,31,3.913780054728349,195,True
mod_wd0,weight_norm,201,4,surrogate,32,1.0441773231400544,195,True
mod_wd0,weight_norm,201,4,surrogate,33,2.1294732388764155,195,True
mod_wd0,weight_norm,201,4,surrogate,34,3.5946922108191415,195,True
mod_wd0,weight_norm,201,4,surrogate,35,1.6865852039394447,195,True
mod_wd0,weight_norm,201,4,surrogate,36,3.6461154792699837,195,True
mod_wd0,weight_norm,201,4,surrogate,37,3.1587370396085275,195,True
mod_wd0,weight_norm,201,4,surrogate,38,3.506315144729091,195,True
mod_wd0,weight_norm,401,0,observed,-1,0.9998327184567153,195,True
mod_wd0,weight_norm,401,0,surrogate,0,2.170915101967542,195,True
mod_wd0,weight_norm,401,0,surrogate,1,3.0162732273051573,195,True
mod_wd0,weight_norm,401,0,surrogate,2,3.306343909789194,195,True
mod_wd0,weight_norm,401,0,surrogate,3,2.9936386765360266,195,True
mod_wd0,weight_norm,401,0,surrogate,4,1.0486689526381519,195,True
mod_wd0,weight_norm,401,0,surrogate,5,3.2157208819861323,195,True
mod_wd0,weight_norm,401,0,surrogate,6,2.688082638134548,195,True
mod_wd0,weight_norm,401,0,surrogate,7,1.98380335670785,195,True
mod_wd0,weight_norm,401,0,surrogate,8,4.077192663202207,195,True
mod_wd0,weight_norm,401,0,surrogate,9,4.0226801200224065,195,True
mod_wd0,weight_norm,401,0,surrogate,10,3.943257858285002,195,True
mod_wd0,weight_norm,401,0,surrogate,11,3.2440711535071296,195,True
mod_wd0,weight_norm,401,0,surrogate,12,3.183003603648528,195,True
mod_wd0,weight_norm,401,0,surrogate,13,3.70495688416026,195,True
mod_wd0,weight_norm,401,0,surrogate,14,2.591951832782036,195,True
mod_wd0,weight_norm,401,0,surrogate,15,1.2731166409938832,195,True
mod_wd0,weight_norm,401,0,surrogate,16,1.029777102156595,195,True
mod_wd0,weight_norm,401,0,surrogate,17,1.97861404420232,195,True
mod_wd0,weight_norm,401,0,surrogate,18,2.222030589946083,195,True
mod_wd0,weight_norm,401,0,surrogate,19,2.7211040085333873,195,True
mod_wd0,weight_norm,401,0,surrogate,20,3.4042294641038118,195,True
mod_wd0,weight_norm,401,0,surrogate,21,4.024830297352465,195,True
mod_wd0,weight_norm,401,0,surrogate,22,4.227398035643913,195,True
mod_wd0,weight_norm,401,0,surrogate,23,2.68905214591395,195,True
mod_wd0,weight_norm,401,0,surrogate,24,4.114644852545936,195,True
mod_wd0,weight_norm,401,0,surrogate,25,3.4152787768696826,195,True
mod_wd0,weight_norm,401,0,surrogate,26,2.6892277384761774,195,True
mod_wd0,weight_norm,401,0,surrogate,27,2.0091462149001713,195,True
mod_wd0,weight_norm,401,0,surrogate,28,3.1144340693694588,195,True
mod_wd0,weight_norm,401,0,surrogate,29,2.8485557147170386,195,True
mod_wd0,weight_norm,401,0,surrogate,30,2.61797925464074,195,True
mod_wd0,weight_norm,401,0,surrogate,31,2.7078225293128115,195,True
mod_wd0,weight_norm,401,0,surrogate,32,1.0571818657881042,195,True
mod_wd0,weight_norm,401,0,surrogate,33,4.380699938977108,195,True
mod_wd0,weight_norm,401,0,surrogate,34,4.94711834041147,195,True
mod_wd0,weight_norm,401,0,surrogate,35,1.0385605258269228,195,True
mod_wd0,weight_norm,401,0,surrogate,36,2.800606197368683,195,True
mod_wd0,weight_norm,401,0,surrogate,37,5.459391469576459,195,True
mod_wd0,weight_norm,401,0,surrogate,38,1.0437622617736875,195,True
mod_wd0,weight_norm,401,1,observed,-1,0.9998327184567153,195,True
mod_wd0,weight_norm,401,1,surrogate,0,3.8800223184140292,195,True
mod_wd0,weight_norm,401,1,surrogate,1,3.6962610924034456,195,True
mod_wd0,weight_norm,401,1,surrogate,2,4.391719674078342,195,True
mod_wd0,weight_norm,401,1,surrogate,3,1.0017145808742542,195,True
mod_wd0,weight_norm,401,1,surrogate,4,1.1320985504718515,195,True
mod_wd0,weight_norm,401,1,surrogate,5,2.489829806916295,195,True
mod_wd0,weight_norm,401,1,surrogate,6,2.407407343052985,195,True
mod_wd0,weight_norm,401,1,surrogate,7,4.427031244818875,195,True
mod_wd0,weight_norm,401,1,surrogate,8,3.42201910213352,195,True
mod_wd0,weight_norm,401,1,surrogate,9,2.0275067567611718,195,True
mod_wd0,weight_norm,401,1,surrogate,10,4.8399004683783815,195,True
mod_wd0,weight_norm,401,1,surrogate,11,4.090389458178035,195,True
mod_wd0,weight_norm,401,1,surrogate,12,1.6880955422950958,195,True
mod_wd0,weight_norm,401,1,surrogate,13,3.862038423729112,195,True
mod_wd0,weight_norm,401,1,surrogate,14,4.95368807595565,195,True
mod_wd0,weight_norm,401,1,surrogate,15,2.4585624130342336,195,True
mod_wd0,weight_norm,401,1,surrogate,16,2.663150164036679,195,True
mod_wd0,weight_norm,401,1,surrogate,17,4.908756367251142,195,True
mod_wd0,weight_norm,401,1,surrogate,18,2.510067424121924,195,True
mod_wd0,weight_norm,401,1,surrogate,19,2.3221804413493174,195,True
mod_wd0,weight_norm,401,1,surrogate,20,3.522065443903914,195,True
mod_wd0,weight_norm,401,1,surrogate,21,2.821785165382086,195,True
mod_wd0,weight_norm,401,1,surrogate,22,1.7501280551188678,195,True
mod_wd0,weight_norm,401,1,surrogate,23,3.1838613748720976,195,True
mod_wd0,weight_norm,401,1,surrogate,24,1.6293024305524708,195,True
mod_wd0,weight_norm,401,1,surrogate,25,2.6602982347688093,195,True
mod_wd0,weight_norm,401,1,surrogate,26,1.0276256218132405,195,True
mod_wd0,weight_norm,401,1,surrogate,27,1.720238517966296,195,True
mod_wd0,weight_norm,401,1,surrogate,28,3.3548796835516788,195,True
mod_wd0,weight_norm,401,1,surrogate,29,2.484517028057146,195,True
mod_wd0,weight_norm,401,1,surrogate,30,2.472138837041211,195,True
mod_wd0,weight_norm,401,1,surrogate,31,2.196542845481548,195,True
mod_wd0,weight_norm,401,1,surrogate,32,1.0447704340954849,195,True
mod_wd0,weight_norm,401,1,surrogate,33,1.5374115894181168,195,True
mod_wd0,weight_norm,401,1,surrogate,34,1.0439013772074743,195,True
mod_wd0,weight_norm,401,1,surrogate,35,2.6665011942873895,195,True
mod_wd0,weight_norm,401,1,surrogate,36,3.10095395653189,195,True
mod_wd0,weight_norm,401,1,surrogate,37,4.252501255418507,195,True
mod_wd0,weight_norm,401,1,surrogate,38,2.063376241505826,195,True
mod_wd0,weight_norm,401,2,observed,-1,0.9998327184567153,195,True
mod_wd0,weight_norm,401,2,surrogate,0,3.3383207755561943,195,True
mod_wd0,weight_norm,401,2,surrogate,1,4.26185661746364,195,True
mod_wd0,weight_norm,401,2,surrogate,2,1.032806005417605,195,True
mod_wd0,weight_norm,401,2,surrogate,3,1.3974542070762075,195,True
mod_wd0,weight_norm,401,2,surrogate,4,1.0981848758303845,195,True
mod_wd0,weight_norm,401,2,surrogate,5,1.0759564570851092,195,True
mod_wd0,weight_norm,401,2,surrogate,6,1.044938726668259,195,True
mod_wd0,weight_norm,401,2,surrogate,7,4.826755988635894,195,True
mod_wd0,weight_norm,401,2,surrogate,8,2.372405663791952,195,True
mod_wd0,weight_norm,401,2,surrogate,9,1.7736760331574515,195,True
mod_wd0,weight_norm,401,2,surrogate,10,2.769167433114023,195,True
mod_wd0,weight_norm,401,2,surrogate,11,4.5604892072816225,195,True
mod_wd0,weight_norm,401,2,surrogate,12,1.106904370265783,195,True
mod_wd0,weight_norm,401,2,surrogate,13,3.509501724928966,195,True
mod_wd0,weight_norm,401,2,surrogate,14,1.0295062074028847,195,True
mod_wd0,weight_norm,401,2,surrogate,15,2.136486618044976,195,True
mod_wd0,weight_norm,401,2,surrogate,16,2.898277823163493,195,True
mod_wd0,weight_norm,401,2,surrogate,17,3.5220103907940117,195,True
mod_wd0,weight_norm,401,2,surrogate,18,2.006050164994775,195,True
mod_wd0,weight_norm,401,2,surrogate,19,4.654663087743055,195,True
mod_wd0,weight_norm,401,2,surrogate,20,1.2159494389895333,195,True
mod_wd0,weight_norm,401,2,surrogate,21,4.883652438305247,195,True
mod_wd0,weight_norm,401,2,surrogate,22,2.714080570510538,195,True
mod_wd0,weight_norm,401,2,surrogate,23,1.0384916280225165,195,True
mod_wd0,weight_norm,401,2,surrogate,24,2.782189160059269,195,True
mod_wd0,weight_norm,401,2,surrogate,25,1.3042962226758361,195,True
mod_wd0,weight_norm,401,2,surrogate,26,4.614023226273284,195,True
mod_wd0,weight_norm,401,2,surrogate,27,3.453738491079796,195,True
mod_wd0,weight_norm,401,2,surrogate,28,3.425361647986302,195,True
mod_wd0,weight_norm,401,2,surrogate,29,5.274064377813859,195,True
mod_wd0,weight_norm,401,2,surrogate,30,1.7644623863002893,195,True
mod_wd0,weight_norm,401,2,surrogate,31,5.181780494909314,195,True
mod_wd0,weight_norm,401,2,surrogate,32,3.280122435053712,195,True
mod_wd0,weight_norm,401,2,surrogate,33,1.9736244897866473,195,True
mod_wd0,weight_norm,401,2,surrogate,34,3.720535770921182,195,True
mod_wd0,weight_norm,401,2,surrogate,35,2.2542669002796414,195,True
mod_wd0,weight_norm,401,2,surrogate,36,1.0302590192356487,195,True
mod_wd0,weight_norm,401,2,surrogate,37,2.3401613351205057,195,True
mod_wd0,weight_norm,401,2,surrogate,38,3.885945763805699,195,True
mod_wd0,weight_norm,401,3,observed,-1,0.9998327184567153,195,True
mod_wd0,weight_norm,401,3,surrogate,0,3.7080938013544085,195,True
mod_wd0,weight_norm,401,3,surrogate,1,4.402988350551598,195,True
mod_wd0,weight_norm,401,3,surrogate,2,3.3727429203850927,195,True
mod_wd0,weight_norm,401,3,surrogate,3,1.0100479286279656,195,True
mod_wd0,weight_norm,401,3,surrogate,4,4.0498764371370575,195,True
mod_wd0,weight_norm,401,3,surrogate,5,1.0985707467647765,195,True
mod_wd0,weight_norm,401,3,surrogate,6,1.0276469580076446,195,True
mod_wd0,weight_norm,401,3,surrogate,7,2.0726048593157986,195,True
mod_wd0,weight_norm,401,3,surrogate,8,1.0784981858872984,195,True
mod_wd0,weight_norm,401,3,surrogate,9,2.3127308078633777,195,True
mod_wd0,weight_norm,401,3,surrogate,10,2.8618026668324306,195,True
mod_wd0,weight_norm,401,3,surrogate,11,0.9509374616368449,195,True
mod_wd0,weight_norm,401,3,surrogate,12,1.6568449168870154,195,True
mod_wd0,weight_norm,401,3,surrogate,13,1.5335531105139433,195,True
mod_wd0,weight_norm,401,3,surrogate,14,2.8207721092983586,195,True
mod_wd0,weight_norm,401,3,surrogate,15,4.13164639588463,195,True
mod_wd0,weight_norm,401,3,surrogate,16,4.068848908967935,195,True
mod_wd0,weight_norm,401,3,surrogate,17,2.3741096692895316,195,True
mod_wd0,weight_norm,401,3,surrogate,18,1.0324949090423792,195,True
mod_wd0,weight_norm,401,3,surrogate,19,1.0528224317605779,195,True
mod_wd0,weight_norm,401,3,surrogate,20,3.6962473647323524,195,True
mod_wd0,weight_norm,401,3,surrogate,21,3.0917465249133964,195,True
mod_wd0,weight_norm,401,3,surrogate,22,5.499097655956225,195,True
mod_wd0,weight_norm,401,3,surrogate,23,4.593582861198135,195,True
mod_wd0,weight_norm,401,3,surrogate,24,1.092031539812225,195,True
mod_wd0,weight_norm,401,3,surrogate,25,2.0717426133994272,195,True
mod_wd0,weight_norm,401,3,surrogate,26,1.46217391150874,195,True
mod_wd0,weight_norm,401,3,surrogate,27,1.2197488763081057,195,True
mod_wd0,weight_norm,401,3,surrogate,28,4.469686373215991,195,True
mod_wd0,weight_norm,401,3,surrogate,29,2.4186140473048914,195,True
mod_wd0,weight_norm,401,3,surrogate,30,3.6871524580636925,195,True
mod_wd0,weight_norm,401,3,surrogate,31,1.1248412343489098,195,True
mod_wd0,weight_norm,401,3,surrogate,32,2.1396770767338875,195,True
mod_wd0,weight_norm,401,3,surrogate,33,2.6855364916368067,195,True
mod_wd0,weight_norm,401,3,surrogate,34,2.3518934727643668,195,True
mod_wd0,weight_norm,401,3,surrogate,35,2.672206171867718,195,True
mod_wd0,weight_norm,401,3,surrogate,36,2.3161912477427142,195,True
mod_wd0,weight_norm,401,3,surrogate,37,3.6704857417828434,195,True
mod_wd0,weight_norm,401,3,surrogate,38,4.977773260516465,195,True
mod_wd0,weight_norm,401,4,observed,-1,0.9998327184567153,195,True
mod_wd0,weight_norm,401,4,surrogate,0,4.3382985581247535,195,True
mod_wd0,weight_norm,401,4,surrogate,1,1.1380182475487148,195,True
mod_wd0,weight_norm,401,4,surrogate,2,2.6093368134474617,195,True
mod_wd0,weight_norm,401,4,surrogate,3,1.1427925576436855,195,True
mod_wd0,weight_norm,401,4,surrogate,4,3.7649511753060128,195,True
mod_wd0,weight_norm,401,4,surrogate,5,1.5472073694007533,195,True
mod_wd0,weight_norm,401,4,surrogate,6,1.0018480161384586,195,True
mod_wd0,weight_norm,401,4,surrogate,7,3.3815550856004246,195,True
mod_wd0,weight_norm,401,4,surrogate,8,2.597373660808685,195,True
mod_wd0,weight_norm,401,4,surrogate,9,3.639852207806344,195,True
mod_wd0,weight_norm,401,4,surrogate,10,3.8574106792539933,195,True
mod_wd0,weight_norm,401,4,surrogate,11,3.8433908595729425,195,True
mod_wd0,weight_norm,401,4,surrogate,12,1.0031630197593666,195,True
mod_wd0,weight_norm,401,4,surrogate,13,4.812139865442139,195,True
mod_wd0,weight_norm,401,4,surrogate,14,5.122722100926445,195,True
mod_wd0,weight_norm,401,4,surrogate,15,3.034577684207025,195,True
mod_wd0,weight_norm,401,4,surrogate,16,3.568485790400668,195,True
mod_wd0,weight_norm,401,4,surrogate,17,3.569348412585503,195,True
mod_wd0,weight_norm,401,4,surrogate,18,2.916622178163518,195,True
mod_wd0,weight_norm,401,4,surrogate,19,1.1057376945030755,195,True
mod_wd0,weight_norm,401,4,surrogate,20,2.955502402249254,195,True
mod_wd0,weight_norm,401,4,surrogate,21,1.0938659261021049,195,True
mod_wd0,weight_norm,401,4,surrogate,22,3.6176712893935994,195,True
mod_wd0,weight_norm,401,4,surrogate,23,2.8073828212794463,195,True
mod_wd0,weight_norm,401,4,surrogate,24,5.719280003798944,195,True
mod_wd0,weight_norm,401,4,surrogate,25,1.0458199208534598,195,True
mod_wd0,weight_norm,401,4,surrogate,26,1.0411867771456365,195,True
mod_wd0,weight_norm,401,4,surrogate,27,4.896339154901532,195,True
mod_wd0,weight_norm,401,4,surrogate,28,1.0342001849884739,195,True
mod_wd0,weight_norm,401,4,surrogate,29,1.2479053251055736,195,True
mod_wd0,weight_norm,401,4,surrogate,30,2.8515643709977367,195,True
mod_wd0,weight_norm,401,4,surrogate,31,4.739493197641012,195,True
mod_wd0,weight_norm,401,4,surrogate,32,2.310294994936395,195,True
mod_wd0,weight_norm,401,4,surrogate,33,3.2974876719356145,195,True
mod_wd0,weight_norm,401,4,surrogate,34,4.55410383423709,195,True
mod_wd0,weight_norm,401,4,surrogate,35,2.94915218685897,195,True
mod_wd0,weight_norm,401,4,surrogate,36,3.0007461714364516,195,True
mod_wd0,weight_norm,401,4,surrogate,37,2.3947667305959346,195,True
mod_wd0,weight_norm,401,4,surrogate,38,1.8136140127235543,195,True
mod_wd0,train_loss,101,0,observed,-1,1.0323918758366144,195,True
mod_wd0,train_loss,101,0,surrogate,0,8.408273765357537,195,True
mod_wd0,train_loss,101,0,surrogate,1,15.3474050029752,195,True
mod_wd0,train_loss,101,0,surrogate,2,1.0283732732966704,195,True
mod_wd0,train_loss,101,0,surrogate,3,1.1713297221356505,195,True
mod_wd0,train_loss,101,0,surrogate,4,19.38923613176114,195,True
mod_wd0,train_loss,101,0,surrogate,5,1.068337691406151,195,True
mod_wd0,train_loss,101,0,surrogate,6,5.110055841206816,195,True
mod_wd0,train_loss,101,0,surrogate,7,13.40185834243432,195,True
mod_wd0,train_loss,101,0,surrogate,8,1.2890573417452411,195,True
mod_wd0,train_loss,101,0,surrogate,9,1.6494832445410423,195,True
mod_wd0,train_loss,101,0,surrogate,10,8.395495698294638,195,True
mod_wd0,train_loss,101,0,surrogate,11,2.5219884406547695,195,True
mod_wd0,train_loss,101,0,surrogate,12,21.40478008480393,195,True
mod_wd0,train_loss,101,0,surrogate,13,5.430693746658307,195,True
mod_wd0,train_loss,101,0,surrogate,14,0.7098708825002735,195,True
mod_wd0,train_loss,101,0,surrogate,15,18.682085071276408,195,True
mod_wd0,train_loss,101,0,surrogate,16,1.3155611893011694,195,True
mod_wd0,train_loss,101,0,surrogate,17,2.036874204578362,195,True
mod_wd0,train_loss,101,0,surrogate,18,4.898925317974799,195,True
mod_wd0,train_loss,101,0,surrogate,19,1.0564120534267043,195,True
mod_wd0,train_loss,101,0,surrogate,20,4.310098146917889,195,True
mod_wd0,train_loss,101,0,surrogate,21,2.6564805842100214,195,True
mod_wd0,train_loss,101,0,surrogate,22,12.944537660447613,195,True
mod_wd0,train_loss,101,0,surrogate,23,4.957465840994591,195,True
mod_wd0,train_loss,101,0,surrogate,24,14.139598915574002,195,True
mod_wd0,train_loss,101,0,surrogate,25,0.9095256204717485,195,True
mod_wd0,train_loss,101,0,surrogate,26,4.493964130961105,195,True
mod_wd0,train_loss,101,0,surrogate,27,9.852563418909106,195,True
mod_wd0,train_loss,101,0,surrogate,28,8.89117229560215,195,True
mod_wd0,train_loss,101,0,surrogate,29,3.4248626556363337,195,True
mod_wd0,train_loss,101,0,surrogate,30,10.711902865618125,195,True
mod_wd0,train_loss,101,0,surrogate,31,3.293393674046319,195,True
mod_wd0,train_loss,101,0,surrogate,32,4.550266396421607,195,True
mod_wd0,train_loss,101,0,surrogate,33,2.152501098269299,195,True
mod_wd0,train_loss,101,0,surrogate,34,1.4250621957961978,195,True
mod_wd0,train_loss,101,0,surrogate,35,14.22030175891662,195,True
mod_wd0,train_loss,101,0,surrogate,36,5.205832490577941,195,True
mod_wd0,train_loss,101,0,surrogate,37,6.787758099781148,195,True
mod_wd0,train_loss,101,0,surrogate,38,12.44063766549734,195,True
mod_wd0,train_loss,101,1,observed,-1,1.0323918758366144,195,True
mod_wd0,train_loss,101,1,surrogate,0,1.8182840529473117,195,True
mod_wd0,train_loss,101,1,surrogate,1,1.9498829804280815,195,True
mod_wd0,train_loss,101,1,surrogate,2,9.433715987546808,195,True
mod_wd0,train_loss,101,1,surrogate,3,5.621972417719292,195,True
mod_wd0,train_loss,101,1,surrogate,4,3.839148530012469,195,True
mod_wd0,train_loss,101,1,surrogate,5,10.106331242919271,195,True
mod_wd0,train_loss,101,1,surrogate,6,16.075217726319714,195,True
mod_wd0,train_loss,101,1,surrogate,7,21.269329327404048,195,True
mod_wd0,train_loss,101,1,surrogate,8,19.03546823503384,195,True
mod_wd0,train_loss,101,1,surrogate,9,1.477442896001821,195,True
mod_wd0,train_loss,101,1,surrogate,10,16.96367246747637,195,True
mod_wd0,train_loss,101,1,surrogate,11,6.683245205986005,195,True
mod_wd0,train_loss,101,1,surrogate,12,9.423277910496475,195,True
mod_wd0,train_loss,101,1,surrogate,13,1.0564791147599522,195,True
mod_wd0,train_loss,101,1,surrogate,14,1.6956657471487602,195,True
mod_wd0,train_loss,101,1,surrogate,15,6.515759181051528,195,True
mod_wd0,train_loss,101,1,surrogate,16,5.867256201330446,195,True
mod_wd0,train_loss,101,1,surrogate,17,6.9370232282827295,195,True
mod_wd0,train_loss,101,1,surrogate,18,12.542004390578867,195,True
mod_wd0,train_loss,101,1,surrogate,19,2.5675354117948093,195,True
mod_wd0,train_loss,101,1,surrogate,20,1.5768446858678566,195,True
mod_wd0,train_loss,101,1,surrogate,21,17.016664172352506,195,True
mod_wd0,train_loss,101,1,surrogate,22,15.894006204969271,195,True
mod_wd0,train_loss,101,1,surrogate,23,2.77045600721668,195,True
mod_wd0,train_loss,101,1,surrogate,24,13.654430378394707,195,True
mod_wd0,train_loss,101,1,surrogate,25,10.993887017525196,195,True
mod_wd0,train_loss,101,1,surrogate,26,7.231346823919845,195,True
mod_wd0,train_loss,101,1,surrogate,27,4.825338154819667,195,True
mod_wd0,train_loss,101,1,surrogate,28,0.569271574380036,195,True
mod_wd0,train_loss,101,1,surrogate,29,1.4238681851450194,195,True
mod_wd0,train_loss,101,1,surrogate,30,10.265359685860593,195,True
mod_wd0,train_loss,101,1,surrogate,31,14.138161489866075,195,True
mod_wd0,train_loss,101,1,surrogate,32,1.8755169674384014,195,True
mod_wd0,train_loss,101,1,surrogate,33,1.2230042405083366,195,True
mod_wd0,train_loss,101,1,surrogate,34,0.5554855420138911,195,True
mod_wd0,train_loss,101,1,surrogate,35,3.0831350003965934,195,True
mod_wd0,train_loss,101,1,surrogate,36,1.3684453104955985,195,True
mod_wd0,train_loss,101,1,surrogate,37,6.396665851842503,195,True
mod_wd0,train_loss,101,1,surrogate,38,6.280877679163468,195,True
mod_wd0,train_loss,101,2,observed,-1,1.0323918758366144,195,True
mod_wd0,train_loss,101,2,surrogate,0,7.11465177685488,195,True
mod_wd0,train_loss,101,2,surrogate,1,7.216444716889103,195,True
mod_wd0,train_loss,101,2,surrogate,2,0.9054701050211038,195,True
mod_wd0,train_loss,101,2,surrogate,3,8.462161319973582,195,True
mod_wd0,train_loss,101,2,surrogate,4,1.1807631865081354,195,True
mod_wd0,train_loss,101,2,surrogate,5,2.260596041557616,195,True
mod_wd0,train_loss,101,2,surrogate,6,11.808336838337967,195,True
mod_wd0,train_loss,101,2,surrogate,7,1.3770639485068272,195,True
mod_wd0,train_loss,101,2,surrogate,8,2.90268210257748,195,True
mod_wd0,train_loss,101,2,surrogate,9,2.0242515744359793,195,True
mod_wd0,train_loss,101,2,surrogate,10,1.057852396803391,195,True
mod_wd0,train_loss,101,2,surrogate,11,11.126755852750774,195,True
mod_wd0,train_loss,101,2,surrogate,12,3.222631295044251,195,True
mod_wd0,train_loss,101,2,surrogate,13,1.1971334124113082,195,True
mod_wd0,train_loss,101,2,surrogate,14,2.244163126626001,195,True
mod_wd0,train_loss,101,2,surrogate,15,2.020509929075192,195,True
mod_wd0,train_loss,101,2,surrogate,16,15.308225327110781,195,True
mod_wd0,train_loss,101,2,surrogate,17,2.6002234705552465,195,True
mod_wd0,train_loss,101,2,surrogate,18,1.043567013770829,195,True
mod_wd0,train_loss,101,2,surrogate,19,1.6403849633937138,195,True
mod_wd0,train_loss,101,2,surrogate,20,1.4114141093804782,195,True
mod_wd0,train_loss,101,2,surrogate,21,8.366627487253725,195,True
mod_wd0,train_loss,101,2,surrogate,22,4.717285310911396,195,True
mod_wd0,train_loss,101,2,surrogate,23,10.299455310886874,195,True
mod_wd0,train_loss,101,2,surrogate,24,10.62827409219181,195,True
mod_wd0,train_loss,101,2,surrogate,25,2.172024884370788,195,True
mod_wd0,train_loss,101,2,surrogate,26,15.737533841494193,195,True
mod_wd0,train_loss,101,2,surrogate,27,11.74546678697823,195,True
mod_wd0,train_loss,101,2,surrogate,28,19.80119221099568,195,True
mod_wd0,train_loss,101,2,surrogate,29,1.3242082548569738,195,True
mod_wd0,train_loss,101,2,surrogate,30,7.149482097426711,195,True
mod_wd0,train_loss,101,2,surrogate,31,6.501074895770236,195,True
mod_wd0,train_loss,101,2,surrogate,32,6.8816583357649135,195,True
mod_wd0,train_loss,101,2,surrogate,33,9.186757865571115,195,True
mod_wd0,train_loss,101,2,surrogate,34,11.786964130905632,195,True
mod_wd0,train_loss,101,2,surrogate,35,1.9059558956436182,195,True
mod_wd0,train_loss,101,2,surrogate,36,1.7419541411023993,195,True
mod_wd0,train_loss,101,2,surrogate,37,2.3800618610900526,195,True
mod_wd0,train_loss,101,2,surrogate,38,3.5891313058052168,195,True
mod_wd0,train_loss,101,3,observed,-1,1.0323918758366144,195,True
mod_wd0,train_loss,101,3,surrogate,0,14.102828740542012,195,True
mod_wd0,train_loss,101,3,surrogate,1,11.232317312620477,195,True
mod_wd0,train_loss,101,3,surrogate,2,0.5630120512892691,195,True
mod_wd0,train_loss,101,3,surrogate,3,9.138674505685476,195,True
mod_wd0,train_loss,101,3,surrogate,4,3.8098937754580446,195,True
mod_wd0,train_loss,101,3,surrogate,5,0.5030851965090484,195,True
mod_wd0,train_loss,101,3,surrogate,6,3.831233133971046,195,True
mod_wd0,train_loss,101,3,surrogate,7,11.148247152130597,195,True
mod_wd0,train_loss,101,3,surrogate,8,1.2075245952450302,195,True
mod_wd0,train_loss,101,3,surrogate,9,0.7957172429895175,195,True
mod_wd0,train_loss,101,3,surrogate,10,1.077680761630811,195,True
mod_wd0,train_loss,101,3,surrogate,11,12.659879094818711,195,True
mod_wd0,train_loss,101,3,surrogate,12,0.745978148990657,195,True
mod_wd0,train_loss,101,3,surrogate,13,1.1706802579983082,195,True
mod_wd0,train_loss,101,3,surrogate,14,5.979507807623837,195,True
mod_wd0,train_loss,101,3,surrogate,15,2.3638168895578957,195,True
mod_wd0,train_loss,101,3,surrogate,16,2.634850077335348,195,True
mod_wd0,train_loss,101,3,surrogate,17,14.067704873970433,195,True
mod_wd0,train_loss,101,3,surrogate,18,3.0015988493124564,195,True
mod_wd0,train_loss,101,3,surrogate,19,7.328674049864665,195,True
mod_wd0,train_loss,101,3,surrogate,20,1.2673985390239684,195,True
mod_wd0,train_loss,101,3,surrogate,21,3.107910717906559,195,True
mod_wd0,train_loss,101,3,surrogate,22,1.387580781400477,195,True
mod_wd0,train_loss,101,3,surrogate,23,13.412980880778353,195,True
mod_wd0,train_loss,101,3,surrogate,24,7.269689371365655,195,True
mod_wd0,train_loss,101,3,surrogate,25,10.769257532200612,195,True
mod_wd0,train_loss,101,3,surrogate,26,0.7379888958015574,195,True
mod_wd0,train_loss,101,3,surrogate,27,3.737319600382649,195,True
mod_wd0,train_loss,101,3,surrogate,28,1.2489033537445307,195,True
mod_wd0,train_loss,101,3,surrogate,29,8.535662206975568,195,True
mod_wd0,train_loss,101,3,surrogate,30,0.5154958496169587,195,True
mod_wd0,train_loss,101,3,surrogate,31,8.224084521137758,195,True
mod_wd0,train_loss,101,3,surrogate,32,5.844090744685354,195,True
mod_wd0,train_loss,101,3,surrogate,33,4.682818121583012,195,True
mod_wd0,train_loss,101,3,surrogate,34,2.0901867819617532,195,True
mod_wd0,train_loss,101,3,surrogate,35,0.478316387945735,195,True
mod_wd0,train_loss,101,3,surrogate,36,6.883042757689534,195,True
mod_wd0,train_loss,101,3,surrogate,37,1.7031662197101856,195,True
mod_wd0,train_loss,101,3,surrogate,38,1.7178363126330918,195,True
mod_wd0,train_loss,101,4,observed,-1,1.0323918758366144,195,True
mod_wd0,train_loss,101,4,surrogate,0,0.9439271812534107,195,True
mod_wd0,train_loss,101,4,surrogate,1,1.0081808696633952,195,True
mod_wd0,train_loss,101,4,surrogate,2,1.1595248738484696,195,True
mod_wd0,train_loss,101,4,surrogate,3,2.8995604954617047,195,True
mod_wd0,train_loss,101,4,surrogate,4,1.0507766659921935,195,True
mod_wd0,train_loss,101,4,surrogate,5,9.36374142841568,195,True
mod_wd0,train_loss,101,4,surrogate,6,1.5306680154761287,195,True
mod_wd0,train_loss,101,4,surrogate,7,17.634170500190315,195,True
mod_wd0,train_loss,101,4,surrogate,8,5.505906609522181,195,True
mod_wd0,train_loss,101,4,surrogate,9,7.428385087851675,195,True
mod_wd0,train_loss,101,4,surrogate,10,8.612748874868487,195,True
mod_wd0,train_loss,101,4,surrogate,11,1.6952222742307066,195,True
mod_wd0,train_loss,101,4,surrogate,12,3.995058651132572,195,True
mod_wd0,train_loss,101,4,surrogate,13,10.088446449499159,195,True
mod_wd0,train_loss,101,4,surrogate,14,1.0015674813440014,195,True
mod_wd0,train_loss,101,4,surrogate,15,3.787474955261377,195,True
mod_wd0,train_loss,101,4,surrogate,16,0.9917100278569992,195,True
mod_wd0,train_loss,101,4,surrogate,17,20.513955698287912,195,True
mod_wd0,train_loss,101,4,surrogate,18,10.283437607618627,195,True
mod_wd0,train_loss,101,4,surrogate,19,5.408951476688162,195,True
mod_wd0,train_loss,101,4,surrogate,20,0.9358155499321726,195,True
mod_wd0,train_loss,101,4,surrogate,21,1.1144380519693122,195,True
mod_wd0,train_loss,101,4,surrogate,22,1.1743168750381519,195,True
mod_wd0,train_loss,101,4,surrogate,23,4.510143055766499,195,True
mod_wd0,train_loss,101,4,surrogate,24,10.735699851046459,195,True
mod_wd0,train_loss,101,4,surrogate,25,9.531562003357541,195,True
mod_wd0,train_loss,101,4,surrogate,26,9.639599625584223,195,True
mod_wd0,train_loss,101,4,surrogate,27,4.164533615773112,195,True
mod_wd0,train_loss,101,4,surrogate,28,6.33664262207905,195,True
mod_wd0,train_loss,101,4,surrogate,29,4.9027452296822975,195,True
mod_wd0,train_loss,101,4,surrogate,30,3.0033240523096887,195,True
mod_wd0,train_loss,101,4,surrogate,31,9.738692488577444,195,True
mod_wd0,train_loss,101,4,surrogate,32,6.557379739627741,195,True
mod_wd0,train_loss,101,4,surrogate,33,14.513972615410687,195,True
mod_wd0,train_loss,101,4,surrogate,34,2.223176252267806,195,True
mod_wd0,train_loss,101,4,surrogate,35,2.093971108485353,195,True
mod_wd0,train_loss,101,4,surrogate,36,2.307962451190379,195,True
mod_wd0,train_loss,101,4,surrogate,37,1.1710350375308096,195,True
mod_wd0,train_loss,101,4,surrogate,38,1.2236196828720656,195,True
mod_wd0,train_loss,201,0,observed,-1,1.0323918758366144,195,True
mod_wd0,train_loss,201,0,surrogate,0,2.1596769280203625,195,True
mod_wd0,train_loss,201,0,surrogate,1,15.984010457687042,195,True
mod_wd0,train_loss,201,0,surrogate,2,2.9445746788121125,195,True
mod_wd0,train_loss,201,0,surrogate,3,0.8019598048649843,188,False
mod_wd0,train_loss,201,0,surrogate,4,9.15976254958311,195,True
mod_wd0,train_loss,201,0,surrogate,5,1.7084875219449418,195,True
mod_wd0,train_loss,201,0,surrogate,6,12.518266790264652,195,True
mod_wd0,train_loss,201,0,surrogate,7,8.287149335249522,195,True
mod_wd0,train_loss,201,0,surrogate,8,8.543078362544986,195,True
mod_wd0,train_loss,201,0,surrogate,9,1.0704249036549764,195,True
mod_wd0,train_loss,201,0,surrogate,10,2.294433511223299,195,True
mod_wd0,train_loss,201,0,surrogate,11,2.2142716258775463,195,True
mod_wd0,train_loss,201,0,surrogate,12,21.631563473271445,195,True
mod_wd0,train_loss,201,0,surrogate,13,2.3342299975611844,195,True
mod_wd0,train_loss,201,0,surrogate,14,0.2938379965118674,195,True
mod_wd0,train_loss,201,0,surrogate,15,1.8663958534631722,195,True
mod_wd0,train_loss,201,0,surrogate,16,1.165867899641815,195,True
mod_wd0,train_loss,201,0,surrogate,17,1.3592357972164353,195,True
mod_wd0,train_loss,201,0,surrogate,18,1.1592368997754585,195,True
mod_wd0,train_loss,201,0,surrogate,19,5.9958051571981406,195,True
mod_wd0,train_loss,201,0,surrogate,20,11.832634446528623,195,True
mod_wd0,train_loss,201,0,surrogate,21,3.4025856826513508,195,True
mod_wd0,train_loss,201,0,surrogate,22,3.853082215521245,195,True
mod_wd0,train_loss,201,0,surrogate,23,2.2003820924339887,195,True
mod_wd0,train_loss,201,0,surrogate,24,10.529246021434266,195,True
mod_wd0,train_loss,201,0,surrogate,25,2.132106181385749,195,True
mod_wd0,train_loss,201,0,surrogate,26,9.690869727590846,195,True
mod_wd0,train_loss,201,0,surrogate,27,4.045232576145912,195,True
mod_wd0,train_loss,201,0,surrogate,28,29.68712398309804,195,True
mod_wd0,train_loss,201,0,surrogate,29,1.5007796958353747,195,True
mod_wd0,train_loss,201,0,surrogate,30,3.035667454155246,195,True
mod_wd0,train_loss,201,0,surrogate,31,0.7614218131280721,195,True
mod_wd0,train_loss,201,0,surrogate,32,2.6680994108515463,195,True
mod_wd0,train_loss,201,0,surrogate,33,1.0526358030835703,195,True
mod_wd0,train_loss,201,0,surrogate,34,19.012886757970076,195,True
mod_wd0,train_loss,201,0,surrogate,35,0.7902420639625228,195,True
mod_wd0,train_loss,201,0,surrogate,36,9.025821811743848,195,True
mod_wd0,train_loss,201,0,surrogate,37,2.0397335086761275,195,True
mod_wd0,train_loss,201,0,surrogate,38,2.514544455443554,195,True
mod_wd0,train_loss,201,1,observed,-1,1.0323918758366144,195,True
mod_wd0,train_loss,201,1,surrogate,0,0.7074275431029483,195,True
mod_wd0,train_loss,201,1,surrogate,1,13.568681547025987,195,True
mod_wd0,train_loss,201,1,surrogate,2,1.186834369441277,195,True
mod_wd0,train_loss,201,1,surrogate,3,1.3072610102896698,195,True
mod_wd0,train_loss,201,1,surrogate,4,1.3674462197786288,195,True
mod_wd0,train_loss,201,1,surrogate,5,15.486700981884216,195,True
mod_wd0,train_loss,201,1,surrogate,6,15.313904740706576,195,True
mod_wd0,train_loss,201,1,surrogate,7,1.4858644633587563,195,True
mod_wd0,train_loss,201,1,surrogate,8,9.434387497631855,195,True
mod_wd0,train_loss,201,1,surrogate,9,19.293803813345274,195,True
mod_wd0,train_loss,201,1,surrogate,10,2.733468260580913,195,True
mod_wd0,train_loss,201,1,surrogate,11,16.41009342801842,195,True
mod_wd0,train_loss,201,1,surrogate,12,1.049181482608419,195,True
mod_wd0,train_loss,201,1,surrogate,13,17.487029888149497,195,True
mod_wd0,train_loss,201,1,surrogate,14,6.89016497482613,195,True
mod_wd0,train_loss,201,1,surrogate,15,13.60092020292344,195,True
mod_wd0,train_loss,201,1,surrogate,16,1.5307621595675562,195,True
mod_wd0,train_loss,201,1,surrogate,17,0.6699758242549495,195,True
mod_wd0,train_loss,201,1,surrogate,18,1.273240860557311,195,True
mod_wd0,train_loss,201,1,surrogate,19,1.9065640405800717,195,True
mod_wd0,train_loss,201,1,surrogate,20,16.650143752182604,195,True
mod_wd0,train_loss,201,1,surrogate,21,2.5757989817319005,195,True
mod_wd0,train_loss,201,1,surrogate,22,6.860080999713228,195,True
mod_wd0,train_loss,201,1,surrogate,23,2.3245358203901807,195,True
mod_wd0,train_loss,201,1,surrogate,24,12.64914815226932,195,True
mod_wd0,train_loss,201,1,surrogate,25,15.33293761993448,195,True
mod_wd0,train_loss,201,1,surrogate,26,11.63373735521058,195,True
mod_wd0,train_loss,201,1,surrogate,27,2.098581624049177,195,True
mod_wd0,train_loss,201,1,surrogate,28,3.295770396304635,195,True
mod_wd0,train_loss,201,1,surrogate,29,10.021124488914456,195,True
mod_wd0,train_loss,201,1,surrogate,30,14.316890635003746,195,True
mod_wd0,train_loss,201,1,surrogate,31,1.8991026377508653,195,True
mod_wd0,train_loss,201,1,surrogate,32,1.1558855851560195,195,True
mod_wd0,train_loss,201,1,surrogate,33,17.497550033920497,195,True
mod_wd0,train_loss,201,1,surrogate,34,3.3836299076184884,195,True
mod_wd0,train_loss,201,1,surrogate,35,2.4944451046972462,195,True
mod_wd0,train_loss,201,1,surrogate,36,22.712646920046335,195,True
mod_wd0,train_loss,201,1,surrogate,37,19.700274847544467,195,True
mod_wd0,train_loss,201,1,surrogate,38,1.1900190141755722,195,True
mod_wd0,train_loss,201,2,observed,-1,1.0323918758366144,195,True
mod_wd0,train_loss,201,2,surrogate,0,0.39326807025494814,195,True
mod_wd0,train_loss,201,2,surrogate,1,1.1682690542687786,195,True
mod_wd0,train_loss,201,2,surrogate,2,10.924484526213057,195,True
mod_wd0,train_loss,201,2,surrogate,3,1.1815871862495628,195,True
mod_wd0,train_loss,201,2,surrogate,4,1.4286269277101338,195,True
mod_wd0,train_loss,201,2,surrogate,5,4.7029473304935685,195,True
mod_wd0,train_loss,201,2,surrogate,6,13.796273547657005,195,True
mod_wd0,train_loss,201,2,surrogate,7,0.5981369285891509,195,True
mod_wd0,train_loss,201,2,surrogate,8,10.52262196613203,195,True
mod_wd0,train_loss,201,2,surrogate,9,4.656147121699279,195,True
mod_wd0,train_loss,201,2,surrogate,10,14.751857752171134,195,True
mod_wd0,train_loss,201,2,surrogate,11,16.282552610805936,195,True
mod_wd0,train_loss,201,2,surrogate,12,2.263813529494013,195,True
mod_wd0,train_loss,201,2,surrogate,13,11.696381480293258,195,True
mod_wd0,train_loss,201,2,surrogate,14,18.04789738897227,195,True
mod_wd0,train_loss,201,2,surrogate,15,0.9628383959115411,195,True
mod_wd0,train_loss,201,2,surrogate,16,4.243688667744129,195,True
mod_wd0,train_loss,201,2,surrogate,17,11.642071716502812,195,True
mod_wd0,train_loss,201,2,surrogate,18,0.31071227328645035,195,True
mod_wd0,train_loss,201,2,surrogate,19,7.983896318669109,195,True
mod_wd0,train_loss,201,2,surrogate,20,18.56751181844769,195,True
mod_wd0,train_loss,201,2,surrogate,21,1.7616613206052936,195,True
mod_wd0,train_loss,201,2,surrogate,22,16.257131672463032,195,True
mod_wd0,train_loss,201,2,surrogate,23,8.46805771015201,195,True
mod_wd0,train_loss,201,2,surrogate,24,14.406844813549949,195,True
mod_wd0,train_loss,201,2,surrogate,25,0.9493826079733421,195,True
mod_wd0,train_loss,201,2,surrogate,26,2.031836181959492,195,True
mod_wd0,train_loss,201,2,surrogate,27,15.317411170568583,195,True
mod_wd0,train_loss,201,2,surrogate,28,13.049144784139898,195,True
mod_wd0,train_loss,201,2,surrogate,29,12.366687756856333,195,True
mod_wd0,train_loss,201,2,surrogate,30,4.090299571220709,195,True
mod_wd0,train_loss,201,2,surrogate,31,1.2470359090138874,195,True
mod_wd0,train_loss,201,2,surrogate,32,1.0654199362438388,195,True
mod_wd0,train_loss,201,2,surrogate,33,15.114212565708092,195,True
mod_wd0,train_loss,201,2,surrogate,34,9.265471364465466,195,True
mod_wd0,train_loss,201,2,surrogate,35,18.99584303097314,195,True
mod_wd0,train_loss,201,2,surrogate,36,1.7948177961411633,195,True
mod_wd0,train_loss,201,2,surrogate,37,4.591552732234978,195,True
mod_wd0,train_loss,201,2,surrogate,38,8.742279825894848,195,True
mod_wd0,train_loss,201,3,observed,-1,1.0323918758366144,195,True
mod_wd0,train_loss,201,3,surrogate,0,23.702427769948173,195,True
mod_wd0,train_loss,201,3,surrogate,1,1.449807534286074,195,True
mod_wd0,train_loss,201,3,surrogate,2,2.024374012872594,195,True
mod_wd0,train_loss,201,3,surrogate,3,15.727132734455981,195,True
mod_wd0,train_loss,201,3,surrogate,4,1.0503154880521497,195,True
mod_wd0,train_loss,201,3,surrogate,5,2.463240509862499,195,True
mod_wd0,train_loss,201,3,surrogate,6,8.961257189330922,195,True
mod_wd0,train_loss,201,3,surrogate,7,2.188884046819619,195,True
mod_wd0,train_loss,201,3,surrogate,8,6.667568853441346,195,True
mod_wd0,train_loss,201,3,surrogate,9,17.084464558300102,195,True
mod_wd0,train_loss,201,3,surrogate,10,4.267153932639328,195,True
mod_wd0,train_loss,201,3,surrogate,11,4.067111812663317,195,True
mod_wd0,train_loss,201,3,surrogate,12,17.31117519173971,195,True
mod_wd0,train_loss,201,3,surrogate,13,2.4231738870515587,195,True
mod_wd0,train_loss,201,3,surrogate,14,1.6827515370927528,195,True
mod_wd0,train_loss,201,3,surrogate,15,16.667024172144014,195,True
mod_wd0,train_loss,201,3,surrogate,16,2.9956058044021456,195,True
mod_wd0,train_loss,201,3,surrogate,17,24.82052963330651,195,True
mod_wd0,train_loss,201,3,surrogate,18,0.25261728525700317,195,True
mod_wd0,train_loss,201,3,surrogate,19,19.15812073601022,195,True
mod_wd0,train_loss,201,3,surrogate,20,0.3070111291508003,195,True
mod_wd0,train_loss,201,3,surrogate,21,3.82934395437018,195,True
mod_wd0,train_loss,201,3,surrogate,22,15.87436236499818,195,True
mod_wd0,train_loss,201,3,surrogate,23,0.8940227322650408,195,True
mod_wd0,train_loss,201,3,surrogate,24,4.92062569872884,195,True
mod_wd0,train_loss,201,3,surrogate,25,4.470177074871963,195,True
mod_wd0,train_loss,201,3,surrogate,26,1.9640327303374916,195,True
mod_wd0,train_loss,201,3,surrogate,27,2.372962015470007,195,True
mod_wd0,train_loss,201,3,surrogate,28,3.5336888200483485,195,True
mod_wd0,train_loss,201,3,surrogate,29,1.1480020651771554,195,True
mod_wd0,train_loss,201,3,surrogate,30,0.6965539174293485,195,True
mod_wd0,train_loss,201,3,surrogate,31,6.244543823987995,195,True
mod_wd0,train_loss,201,3,surrogate,32,0.5726298714942739,195,True
mod_wd0,train_loss,201,3,surrogate,33,1.2236219816202685,195,True
mod_wd0,train_loss,201,3,surrogate,34,2.0969827026972,195,True
mod_wd0,train_loss,201,3,surrogate,35,2.142358831029617,195,True
mod_wd0,train_loss,201,3,surrogate,36,1.2335810627150807,195,True
mod_wd0,train_loss,201,3,surrogate,37,31.806661178753814,195,True
mod_wd0,train_loss,201,3,surrogate,38,0.8192468327671554,195,True
mod_wd0,train_loss,201,4,observed,-1,1.0323918758366144,195,True
mod_wd0,train_loss,201,4,surrogate,0,0.9675826746892768,195,True
mod_wd0,train_loss,201,4,surrogate,1,1.840895617048473,195,True
mod_wd0,train_loss,201,4,surrogate,2,2.563073916866247,195,True
mod_wd0,train_loss,201,4,surrogate,3,11.85963956534985,195,True
mod_wd0,train_loss,201,4,surrogate,4,13.522109253550541,195,True
mod_wd0,train_loss,201,4,surrogate,5,0.2738932264674941,195,True
mod_wd0,train_loss,201,4,surrogate,6,2.156234185739406,195,True
mod_wd0,train_loss,201,4,surrogate,7,1.1677193391027296,195,True
mod_wd0,train_loss,201,4,surrogate,8,5.0472023346638535,195,True
mod_wd0,train_loss,201,4,surrogate,9,10.601680631280164,195,True
mod_wd0,train_loss,201,4,surrogate,10,17.42453725692934,195,True
mod_wd0,train_loss,201,4,surrogate,11,1.041630703732941,195,True
mod_wd0,train_loss,201,4,surrogate,12,15.475834841304378,195,True
mod_wd0,train_loss,201,4,surrogate,13,8.347417926289394,195,True
mod_wd0,train_loss,201,4,surrogate,14,8.651428765866639,195,True
mod_wd0,train_loss,201,4,surrogate,15,23.46198571795099,195,True
mod_wd0,train_loss,201,4,surrogate,16,13.990245541780101,195,True
mod_wd0,train_loss,201,4,surrogate,17,15.983942530253758,195,True
mod_wd0,train_loss,201,4,surrogate,18,3.371876881320144,195,True
mod_wd0,train_loss,201,4,surrogate,19,17.39057961248265,195,True
mod_wd0,train_loss,201,4,surrogate,20,4.2899349870244485,195,True
mod_wd0,train_loss,201,4,surrogate,21,8.393745752282248,195,True
mod_wd0,train_loss,201,4,surrogate,22,11.293567672366482,195,True
mod_wd0,train_loss,201,4,surrogate,23,4.853793201530776,195,True
mod_wd0,train_loss,201,4,surrogate,24,7.59623485951396,195,True
mod_wd0,train_loss,201,4,surrogate,25,1.0150782339283253,195,True
mod_wd0,train_loss,201,4,surrogate,26,11.865298972530322,195,True
mod_wd0,train_loss,201,4,surrogate,27,10.967775744462955,195,True
mod_wd0,train_loss,201,4,surrogate,28,5.151423086885223,195,True
mod_wd0,train_loss,201,4,surrogate,29,6.773770838805771,195,True
mod_wd0,train_loss,201,4,surrogate,30,6.545729868562435,195,True
mod_wd0,train_loss,201,4,surrogate,31,3.8828829175227266,195,True
mod_wd0,train_loss,201,4,surrogate,32,1.8992614820882783,195,True
mod_wd0,train_loss,201,4,surrogate,33,4.932211511617963,195,True
mod_wd0,train_loss,201,4,surrogate,34,2.406428874275053,195,True
mod_wd0,train_loss,201,4,surrogate,35,14.988305606115285,195,True
mod_wd0,train_loss,201,4,surrogate,36,2.847573420038423,195,True
mod_wd0,train_loss,201,4,surrogate,37,4.394489456319684,195,True
mod_wd0,train_loss,201,4,surrogate,38,0.41405172570593246,195,True
mod_wd0,train_loss,401,0,observed,-1,1.0323918758366144,195,True
mod_wd0,train_loss,401,0,surrogate,0,1.0143464624383138,195,True
mod_wd0,train_loss,401,0,surrogate,1,8.003944075460772,195,True
mod_wd0,train_loss,401,0,surrogate,2,16.34093990162333,195,True
mod_wd0,train_loss,401,0,surrogate,3,11.924310600385018,195,True
mod_wd0,train_loss,401,0,surrogate,4,22.821258035760412,195,True
mod_wd0,train_loss,401,0,surrogate,5,6.367884010497259,195,True
mod_wd0,train_loss,401,0,surrogate,6,1.2612334843874913,195,True
mod_wd0,train_loss,401,0,surrogate,7,5.979100249442372,195,True
mod_wd0,train_loss,401,0,surrogate,8,1.6391382730185848,195,True
mod_wd0,train_loss,401,0,surrogate,9,9.898096968017873,195,True
mod_wd0,train_loss,401,0,surrogate,10,1.3125069648369805,195,True
mod_wd0,train_loss,401,0,surrogate,11,11.047466450021723,195,True
mod_wd0,train_loss,401,0,surrogate,12,1.4076089352939822,195,True
mod_wd0,train_loss,401,0,surrogate,13,2.242400240003513,195,True
mod_wd0,train_loss,401,0,surrogate,14,4.727133060528687,195,True
mod_wd0,train_loss,401,0,surrogate,15,0.9007257538925719,195,True
mod_wd0,train_loss,401,0,surrogate,16,13.626909165638917,195,True
mod_wd0,train_loss,401,0,surrogate,17,1.443759647376537,195,True
mod_wd0,train_loss,401,0,surrogate,18,2.790494641446335,195,True
mod_wd0,train_loss,401,0,surrogate,19,1.5382938476379149,195,True
mod_wd0,train_loss,401,0,surrogate,20,23.379892343063332,195,True
mod_wd0,train_loss,401,0,surrogate,21,1.176549293300511,195,True
mod_wd0,train_loss,401,0,surrogate,22,1.5286368627805522,195,True
mod_wd0,train_loss,401,0,surrogate,23,1.7669442259527262,195,True
mod_wd0,train_loss,401,0,surrogate,24,3.5974913981273295,195,True
mod_wd0,train_loss,401,0,surrogate,25,20.24707569214814,195,True
mod_wd0,train_loss,401,0,surrogate,26,1.0979430160744799,195,True
mod_wd0,train_loss,401,0,surrogate,27,4.45898955422527,195,True
mod_wd0,train_loss,401,0,surrogate,28,8.76928010296976,195,True
mod_wd0,train_loss,401,0,surrogate,29,5.435539943278377,195,True
mod_wd0,train_loss,401,0,surrogate,30,10.961675468057372,195,True
mod_wd0,train_loss,401,0,surrogate,31,22.736954310530127,195,True
mod_wd0,train_loss,401,0,surrogate,32,2.845853828746755,195,True
mod_wd0,train_loss,401,0,surrogate,33,19.53875447677938,195,True
mod_wd0,train_loss,401,0,surrogate,34,1.1180556050548693,195,True
mod_wd0,train_loss,401,0,surrogate,35,14.934373211009087,195,True
mod_wd0,train_loss,401,0,surrogate,36,5.041761455012749,195,True
mod_wd0,train_loss,401,0,surrogate,37,8.469327523119913,195,True
mod_wd0,train_loss,401,0,surrogate,38,3.3500974978943376,193,False
mod_wd0,train_loss,401,1,observed,-1,1.0323918758366144,195,True
mod_wd0,train_loss,401,1,surrogate,0,1.0535611539455207,195,True
mod_wd0,train_loss,401,1,surrogate,1,10.181383953237617,195,True
mod_wd0,train_loss,401,1,surrogate,2,1.0942418455397458,195,True
mod_wd0,train_loss,401,1,surrogate,3,9.049930655206769,195,True
mod_wd0,train_loss,401,1,surrogate,4,18.172527469138505,195,True
mod_wd0,train_loss,401,1,surrogate,5,1.938098712710793,195,True
mod_wd0,train_loss,401,1,surrogate,6,17.93380017665171,195,True
mod_wd0,train_loss,401,1,surrogate,7,11.992476939108728,194,False
mod_wd0,train_loss,401,1,surrogate,8,15.955312016382063,195,True
mod_wd0,train_loss,401,1,surrogate,9,1.427723043586617,195,True
mod_wd0,train_loss,401,1,surrogate,10,1.4411472237907603,195,True
mod_wd0,train_loss,401,1,surrogate,11,20.00384996235068,195,True
mod_wd0,train_loss,401,1,surrogate,12,6.1948113419086805,195,True
mod_wd0,train_loss,401,1,surrogate,13,1.4663284019762033,195,True
mod_wd0,train_loss,401,1,surrogate,14,5.960008625725467,193,False
mod_wd0,train_loss,401,1,surrogate,15,1.101394333196333,195,True
mod_wd0,train_loss,401,1,surrogate,16,15.248658620797706,195,True
mod_wd0,train_loss,401,1,surrogate,17,1.1893053282951245,195,True
mod_wd0,train_loss,401,1,surrogate,18,6.536384602991945,195,True
mod_wd0,train_loss,401,1,surrogate,19,10.304240596736783,195,True
mod_wd0,train_loss,401,1,surrogate,20,1.2348343606996304,195,True
mod_wd0,train_loss,401,1,surrogate,21,3.3627828142848357,195,True
mod_wd0,train_loss,401,1,surrogate,22,12.177969767865363,195,True
mod_wd0,train_loss,401,1,surrogate,23,0.8549189207507113,195,True
mod_wd0,train_loss,401,1,surrogate,24,8.353185123722886,195,True
mod_wd0,train_loss,401,1,surrogate,25,1.497659906962262,195,True
mod_wd0,train_loss,401,1,surrogate,26,19.967173736835775,195,True
mod_wd0,train_loss,401,1,surrogate,27,1.0749348338817246,195,True
mod_wd0,train_loss,401,1,surrogate,28,1.0899591593111737,195,True
mod_wd0,train_loss,401,1,surrogate,29,2.462628345987608,195,True
mod_wd0,train_loss,401,1,surrogate,30,6.310477396439219,187,False
mod_wd0,train_loss,401,1,surrogate,31,14.058352241274118,195,True
mod_wd0,train_loss,401,1,surrogate,32,1.4116213130485866,195,True
mod_wd0,train_loss,401,1,surrogate,33,12.695214373623736,195,True
mod_wd0,train_loss,401,1,surrogate,34,17.570426804960867,195,True
mod_wd0,train_loss,401,1,surrogate,35,0.41218330452663154,195,True
mod_wd0,train_loss,401,1,surrogate,36,1.1285879552366587,195,True
mod_wd0,train_loss,401,1,surrogate,37,3.93455976123779,195,True
mod_wd0,train_loss,401,1,surrogate,38,18.683826084976005,193,False
mod_wd0,train_loss,401,2,observed,-1,1.0323918758366144,195,True
mod_wd0,train_loss,401,2,surrogate,0,1.826695646905989,195,True
mod_wd0,train_loss,401,2,surrogate,1,19.5583196210845,195,True
mod_wd0,train_loss,401,2,surrogate,2,0.7131968439591595,195,True
mod_wd0,train_loss,401,2,surrogate,3,19.621345135521402,195,True
mod_wd0,train_loss,401,2,surrogate,4,13.219068255247151,195,True
mod_wd0,train_loss,401,2,surrogate,5,2.5426685699340705,195,True
mod_wd0,train_loss,401,2,surrogate,6,1.3849506468288972,195,True
mod_wd0,train_loss,401,2,surrogate,7,5.206447312499428,195,True
mod_wd0,train_loss,401,2,surrogate,8,11.333337943678663,195,True
mod_wd0,train_loss,401,2,surrogate,9,15.53062649931528,195,True
mod_wd0,train_loss,401,2,surrogate,10,1.829295791235072,195,True
mod_wd0,train_loss,401,2,surrogate,11,12.651855807198853,195,True
mod_wd0,train_loss,401,2,surrogate,12,0.5707440960511968,195,True
mod_wd0,train_loss,401,2,surrogate,13,10.799032839727186,195,True
mod_wd0,train_loss,401,2,surrogate,14,0.6572811405858493,195,True
mod_wd0,train_loss,401,2,surrogate,15,0.32300113817905257,195,True
mod_wd0,train_loss,401,2,surrogate,16,3.9031801711236365,195,True
mod_wd0,train_loss,401,2,surrogate,17,1.0122794118755378,195,True
mod_wd0,train_loss,401,2,surrogate,18,5.355665928092726,195,True
mod_wd0,train_loss,401,2,surrogate,19,19.505434894788905,194,False
mod_wd0,train_loss,401,2,surrogate,20,0.4280212188052785,195,True
mod_wd0,train_loss,401,2,surrogate,21,8.07663864443636,195,True
mod_wd0,train_loss,401,2,surrogate,22,3.6631702264357946,195,True
mod_wd0,train_loss,401,2,surrogate,23,11.44250987479409,195,True
mod_wd0,train_loss,401,2,surrogate,24,5.593237093050334,195,True
mod_wd0,train_loss,401,2,surrogate,25,2.857012625810516,195,True
mod_wd0,train_loss,401,2,surrogate,26,10.354737943905345,195,True
mod_wd0,train_loss,401,2,surrogate,27,14.921023337339633,195,True
mod_wd0,train_loss,401,2,surrogate,28,12.461244392300026,195,True
mod_wd0,train_loss,401,2,surrogate,29,1.1622665967226053,195,True
mod_wd0,train_loss,401,2,surrogate,30,12.666337386402562,195,True
mod_wd0,train_loss,401,2,surrogate,31,1.2362906479412277,195,True
mod_wd0,train_loss,401,2,surrogate,32,1.3833191052983147,195,True
mod_wd0,train_loss,401,2,surrogate,33,5.88522030945443,195,True
mod_wd0,train_loss,401,2,surrogate,34,2.248118623516854,195,True
mod_wd0,train_loss,401,2,surrogate,35,3.2818973689212085,195,True
mod_wd0,train_loss,401,2,surrogate,36,11.140396751096887,195,True
mod_wd0,train_loss,401,2,surrogate,37,14.800200253197836,195,True
mod_wd0,train_loss,401,2,surrogate,38,0.7906042266118207,195,True
mod_wd0,train_loss,401,3,observed,-1,1.0323918758366144,195,True
mod_wd0,train_loss,401,3,surrogate,0,9.526077920876507,195,True
mod_wd0,train_loss,401,3,surrogate,1,12.015806628769582,193,False
mod_wd0,train_loss,401,3,surrogate,2,11.936888529011586,195,True
mod_wd0,train_loss,401,3,surrogate,3,14.45624220878388,195,True
mod_wd0,train_loss,401,3,surrogate,4,2.8427727837832126,195,True
mod_wd0,train_loss,401,3,surrogate,5,16.99208890963826,195,True
mod_wd0,train_loss,401,3,surrogate,6,15.967829724667206,195,True
mod_wd0,train_loss,401,3,surrogate,7,15.014487016074364,195,True
mod_wd0,train_loss,401,3,surrogate,8,10.983205838584864,195,True
mod_wd0,train_loss,401,3,surrogate,9,23.155828292080102,195,True
mod_wd0,train_loss,401,3,surrogate,10,1.1958766364841622,195,True
mod_wd0,train_loss,401,3,surrogate,11,13.044894193704733,195,True
mod_wd0,train_loss,401,3,surrogate,12,3.0819509110824526,195,True
mod_wd0,train_loss,401,3,surrogate,13,20.36132763771891,195,True
mod_wd0,train_loss,401,3,surrogate,14,3.8328613706524375,195,True
mod_wd0,train_loss,401,3,surrogate,15,1.1171752677860087,195,True
mod_wd0,train_loss,401,3,surrogate,16,1.6013331985608843,195,True
mod_wd0,train_loss,401,3,surrogate,17,2.9690198830301733,195,True
mod_wd0,train_loss,401,3,surrogate,18,5.135722227930413,195,True
mod_wd0,train_loss,401,3,surrogate,19,13.700758676712024,195,True
mod_wd0,train_loss,401,3,surrogate,20,0.747107593486631,195,True
mod_wd0,train_loss,401,3,surrogate,21,8.080860530050236,195,True
mod_wd0,train_loss,401,3,surrogate,22,1.3087307044139138,195,True
mod_wd0,train_loss,401,3,surrogate,23,13.746329458124865,195,True
mod_wd0,train_loss,401,3,surrogate,24,4.44222842332912,195,True
mod_wd0,train_loss,401,3,surrogate,25,4.263022751783735,195,True
mod_wd0,train_loss,401,3,surrogate,26,8.041558662453625,195,True
mod_wd0,train_loss,401,3,surrogate,27,7.557006545445217,195,True
mod_wd0,train_loss,401,3,surrogate,28,0.5343043604213493,195,True
mod_wd0,train_loss,401,3,surrogate,29,20.9006664629962,195,True
mod_wd0,train_loss,401,3,surrogate,30,0.3490700422954416,195,True
mod_wd0,train_loss,401,3,surrogate,31,6.551867217048095,195,True
mod_wd0,train_loss,401,3,surrogate,32,15.388384315083055,195,True
mod_wd0,train_loss,401,3,surrogate,33,2.8488929743809495,195,True
mod_wd0,train_loss,401,3,surrogate,34,6.093272467964608,195,True
mod_wd0,train_loss,401,3,surrogate,35,0.5053285227823796,195,True
mod_wd0,train_loss,401,3,surrogate,36,2.780413436826515,195,True
mod_wd0,train_loss,401,3,surrogate,37,1.3788805442718142,195,True
mod_wd0,train_loss,401,3,surrogate,38,1.1931796873731193,195,True
mod_wd0,train_loss,401,4,observed,-1,1.0323918758366144,195,True
mod_wd0,train_loss,401,4,surrogate,0,14.968040649210218,195,True
mod_wd0,train_loss,401,4,surrogate,1,0.6286828615522956,195,True
mod_wd0,train_loss,401,4,surrogate,2,12.63825948177767,195,True
mod_wd0,train_loss,401,4,surrogate,3,0.8580938278370894,195,True
mod_wd0,train_loss,401,4,surrogate,4,2.0826837963592464,195,True
mod_wd0,train_loss,401,4,surrogate,5,1.852326920435309,195,True
mod_wd0,train_loss,401,4,surrogate,6,7.997340833542371,195,True
mod_wd0,train_loss,401,4,surrogate,7,1.515472353464514,195,True
mod_wd0,train_loss,401,4,surrogate,8,2.6144582637034626,195,True
mod_wd0,train_loss,401,4,surrogate,9,1.4754067804031787,195,True
mod_wd0,train_loss,401,4,surrogate,10,18.393242630775823,195,True
mod_wd0,train_loss,401,4,surrogate,11,2.6720897815222044,195,True
mod_wd0,train_loss,401,4,surrogate,12,18.252346069033635,195,True
mod_wd0,train_loss,401,4,surrogate,13,1.542323932919582,195,True
mod_wd0,train_loss,401,4,surrogate,14,4.095832379609507,195,True
mod_wd0,train_loss,401,4,surrogate,15,15.653695219939195,195,True
mod_wd0,train_loss,401,4,surrogate,16,1.6875300025935083,195,True
mod_wd0,train_loss,401,4,surrogate,17,0.6177985195247935,195,True
mod_wd0,train_loss,401,4,surrogate,18,2.884266635786161,195,True
mod_wd0,train_loss,401,4,surrogate,19,10.253209169434164,195,True
mod_wd0,train_loss,401,4,surrogate,20,6.509809317838583,195,True
mod_wd0,train_loss,401,4,surrogate,21,2.1090493616025676,195,True
mod_wd0,train_loss,401,4,surrogate,22,12.960069284726226,195,True
mod_wd0,train_loss,401,4,surrogate,23,1.018083380716377,195,True
mod_wd0,train_loss,401,4,surrogate,24,4.141723033573084,195,True
mod_wd0,train_loss,401,4,surrogate,25,1.3025912501028052,195,True
mod_wd0,train_loss,401,4,surrogate,26,6.104340711648491,195,True
mod_wd0,train_loss,401,4,surrogate,27,13.083281765398839,195,True
mod_wd0,train_loss,401,4,surrogate,28,4.203406638167854,195,True
mod_wd0,train_loss,401,4,surrogate,29,2.2352605459667,195,True
mod_wd0,train_loss,401,4,surrogate,30,0.9236549977061541,195,True
mod_wd0,train_loss,401,4,surrogate,31,14.935823001184202,195,True
mod_wd0,train_loss,401,4,surrogate,32,11.756331736114044,195,True
mod_wd0,train_loss,401,4,surrogate,33,1.279224433305202,195,True
mod_wd0,train_loss,401,4,surrogate,34,16.619005512724463,195,True
mod_wd0,train_loss,401,4,surrogate,35,10.773217328417978,195,True
mod_wd0,train_loss,401,4,surrogate,36,0.5784279051175454,195,True
mod_wd0,train_loss,401,4,surrogate,37,4.425570216170908,195,True
mod_wd0,train_loss,401,4,surrogate,38,19.72499913308017,195,True
mod_wd1,weight_norm,101,0,observed,-1,2.3592533361077885,195,True
mod_wd1,weight_norm,101,0,surrogate,0,1.2903302537021841,195,True
mod_wd1,weight_norm,101,0,surrogate,1,1.2137786163044804,195,True
mod_wd1,weight_norm,101,0,surrogate,2,1.3919920045793532,195,True
mod_wd1,weight_norm,101,0,surrogate,3,1.3342637184663217,195,True
mod_wd1,weight_norm,101,0,surrogate,4,1.2428768353807682,195,True
mod_wd1,weight_norm,101,0,surrogate,5,1.572852365073608,195,True
mod_wd1,weight_norm,101,0,surrogate,6,1.4915058154351164,195,True
mod_wd1,weight_norm,101,0,surrogate,7,1.1414730876151231,195,True
mod_wd1,weight_norm,101,0,surrogate,8,1.3127634996415614,195,True
mod_wd1,weight_norm,101,0,surrogate,9,1.8968806911203024,195,True
mod_wd1,weight_norm,101,0,surrogate,10,1.2775839294065898,195,True
mod_wd1,weight_norm,101,0,surrogate,11,1.4749688355299997,195,True
mod_wd1,weight_norm,101,0,surrogate,12,1.6569874974744738,195,True
mod_wd1,weight_norm,101,0,surrogate,13,1.357458171760689,195,True
mod_wd1,weight_norm,101,0,surrogate,14,1.3919519286089035,195,True
mod_wd1,weight_norm,101,0,surrogate,15,1.2206642806719117,195,True
mod_wd1,weight_norm,101,0,surrogate,16,1.3976179963149793,195,True
mod_wd1,weight_norm,101,0,surrogate,17,1.5503688464514078,195,True
mod_wd1,weight_norm,101,0,surrogate,18,1.3988171639148603,195,True
mod_wd1,weight_norm,101,0,surrogate,19,1.2977549120725995,195,True
mod_wd1,weight_norm,101,0,surrogate,20,1.4361246388814393,195,True
mod_wd1,weight_norm,101,0,surrogate,21,1.463287661924278,195,True
mod_wd1,weight_norm,101,0,surrogate,22,1.1940294964541762,195,True
mod_wd1,weight_norm,101,0,surrogate,23,1.299948492552911,195,True
mod_wd1,weight_norm,101,0,surrogate,24,1.3101940201721647,195,True
mod_wd1,weight_norm,101,0,surrogate,25,1.2609778237404232,195,True
mod_wd1,weight_norm,101,0,surrogate,26,1.347829785628783,195,True
mod_wd1,weight_norm,101,0,surrogate,27,1.251848614721737,195,True
mod_wd1,weight_norm,101,0,surrogate,28,1.3706809328792164,195,True
mod_wd1,weight_norm,101,0,surrogate,29,1.3639193441356117,195,True
mod_wd1,weight_norm,101,0,surrogate,30,1.3489290748794063,195,True
mod_wd1,weight_norm,101,0,surrogate,31,1.2110600862028145,195,True
mod_wd1,weight_norm,101,0,surrogate,32,1.353411508655515,195,True
mod_wd1,weight_norm,101,0,surrogate,33,1.3810389588477705,195,True
mod_wd1,weight_norm,101,0,surrogate,34,1.277833824092389,195,True
mod_wd1,weight_norm,101,0,surrogate,35,1.323474307438969,195,True
mod_wd1,weight_norm,101,0,surrogate,36,1.5043907191768913,195,True
mod_wd1,weight_norm,101,0,surrogate,37,1.2793628498420695,195,True
mod_wd1,weight_norm,101,0,surrogate,38,1.4384195877737809,195,True
mod_wd1,weight_norm,101,1,observed,-1,2.3592533361077885,195,True
mod_wd1,weight_norm,101,1,surrogate,0,1.2872214385060483,195,True
mod_wd1,weight_norm,101,1,surrogate,1,1.5441990905413188,195,True
mod_wd1,weight_norm,101,1,surrogate,2,1.5432822449123154,195,True
mod_wd1,weight_norm,101,1,surrogate,3,1.4567017736329773,195,True
mod_wd1,weight_norm,101,1,surrogate,4,1.4567462717643167,195,True
mod_wd1,weight_norm,101,1,surrogate,5,1.3587675989493195,195,True
mod_wd1,weight_norm,101,1,surrogate,6,1.1003073445018487,195,True
mod_wd1,weight_norm,101,1,surrogate,7,1.471846940134752,195,True
mod_wd1,weight_norm,101,1,surrogate,8,1.6849819411634726,195,True
mod_wd1,weight_norm,101,1,surrogate,9,1.3357193287540168,195,True
mod_wd1,weight_norm,101,1,surrogate,10,1.4491963329048196,195,True
mod_wd1,weight_norm,101,1,surrogate,11,1.338581374157243,195,True
mod_wd1,weight_norm,101,1,surrogate,12,1.4281934136565857,195,True
mod_wd1,weight_norm,101,1,surrogate,13,1.615145004940993,195,True
mod_wd1,weight_norm,101,1,surrogate,14,1.3029500838888275,195,True
mod_wd1,weight_norm,101,1,surrogate,15,1.3973123569073629,195,True
mod_wd1,weight_norm,101,1,surrogate,16,1.554772164506007,195,True
mod_wd1,weight_norm,101,1,surrogate,17,1.2554824997428513,195,True
mod_wd1,weight_norm,101,1,surrogate,18,1.8824938262394035,195,True
mod_wd1,weight_norm,101,1,surrogate,19,1.3826753786519466,195,True
mod_wd1,weight_norm,101,1,surrogate,20,1.4008600308906587,195,True
mod_wd1,weight_norm,101,1,surrogate,21,1.4791666238071695,195,True
mod_wd1,weight_norm,101,1,surrogate,22,1.5379827657768461,195,True
mod_wd1,weight_norm,101,1,surrogate,23,1.1617966107036455,195,True
mod_wd1,weight_norm,101,1,surrogate,24,1.694514144263828,195,True
mod_wd1,weight_norm,101,1,surrogate,25,1.330596605701386,195,True
mod_wd1,weight_norm,101,1,surrogate,26,1.5126521626235219,195,True
mod_wd1,weight_norm,101,1,surrogate,27,1.3188902358732784,195,True
mod_wd1,weight_norm,101,1,surrogate,28,1.6113613848803945,195,True
mod_wd1,weight_norm,101,1,surrogate,29,1.3152084648215896,195,True
mod_wd1,weight_norm,101,1,surrogate,30,1.2029138235145027,195,True
mod_wd1,weight_norm,101,1,surrogate,31,1.7212542231156625,195,True
mod_wd1,weight_norm,101,1,surrogate,32,1.293020425783844,195,True
mod_wd1,weight_norm,101,1,surrogate,33,1.1760084246781282,195,True
mod_wd1,weight_norm,101,1,surrogate,34,1.6644296698630567,195,True
mod_wd1,weight_norm,101,1,surrogate,35,1.4020594065717806,195,True
mod_wd1,weight_norm,101,1,surrogate,36,1.627797753085525,195,True
mod_wd1,weight_norm,101,1,surrogate,37,1.3267743138353245,195,True
mod_wd1,weight_norm,101,1,surrogate,38,1.3083931906031738,195,True
mod_wd1,weight_norm,101,2,observed,-1,2.3592533361077885,195,True
mod_wd1,weight_norm,101,2,surrogate,0,1.4250172649489987,195,True
mod_wd1,weight_norm,101,2,surrogate,1,1.3095377140029458,195,True
mod_wd1,weight_norm,101,2,surrogate,2,1.7938388951621893,195,True
mod_wd1,weight_norm,101,2,surrogate,3,1.3292649821814997,195,True
mod_wd1,weight_norm,101,2,surrogate,4,1.6455399155420638,195,True
mod_wd1,weight_norm,101,2,surrogate,5,1.0897126180316534,195,True
mod_wd1,weight_norm,101,2,surrogate,6,1.2533617933873777,195,True
mod_wd1,weight_norm,101,2,surrogate,7,1.36235922669511,195,True
mod_wd1,weight_norm,101,2,surrogate,8,1.276780764137991,195,True
mod_wd1,weight_norm,101,2,surrogate,9,1.3883646363347972,195,True
mod_wd1,weight_norm,101,2,surrogate,10,1.426503373141563,195,True
mod_wd1,weight_norm,101,2,surrogate,11,1.3056738025250842,195,True
mod_wd1,weight_norm,101,2,surrogate,12,1.5142292848431833,195,True
mod_wd1,weight_norm,101,2,surrogate,13,1.2641344242248316,195,True
mod_wd1,weight_norm,101,2,surrogate,14,1.2752241946751168,195,True
mod_wd1,weight_norm,101,2,surrogate,15,1.2154844507454499,195,True
mod_wd1,weight_norm,101,2,surrogate,16,1.2748096011496974,195,True
mod_wd1,weight_norm,101,2,surrogate,17,1.0866467854558441,195,True
mod_wd1,weight_norm,101,2,surrogate,18,1.6303073318784773,195,True
mod_wd1,weight_norm,101,2,surrogate,19,1.426322162450395,195,True
mod_wd1,weight_norm,101,2,surrogate,20,1.3600786863732417,195,True
mod_wd1,weight_norm,101,2,surrogate,21,1.247310258467745,195,True
mod_wd1,weight_norm,101,2,surrogate,22,1.3406902920499968,195,True
mod_wd1,weight_norm,101,2,surrogate,23,1.188382504148235,195,True
mod_wd1,weight_norm,101,2,surrogate,24,1.2897757878080092,195,True
mod_wd1,weight_norm,101,2,surrogate,25,1.7861547381401994,195,True
mod_wd1,weight_norm,101,2,surrogate,26,1.4338042495900638,195,True
mod_wd1,weight_norm,101,2,surrogate,27,1.2951947392428662,195,True
mod_wd1,weight_norm,101,2,surrogate,28,1.7432791273988557,195,True
mod_wd1,weight_norm,101,2,surrogate,29,1.6324191567825035,195,True
mod_wd1,weight_norm,101,2,surrogate,30,1.2810986591071436,195,True
mod_wd1,weight_norm,101,2,surrogate,31,1.272724565475277,195,True
mod_wd1,weight_norm,101,2,surrogate,32,1.588165309939997,195,True
mod_wd1,weight_norm,101,2,surrogate,33,1.3843945664380426,195,True
mod_wd1,weight_norm,101,2,surrogate,34,1.4106941877141572,195,True
mod_wd1,weight_norm,101,2,surrogate,35,1.2525338738446392,195,True
mod_wd1,weight_norm,101,2,surrogate,36,1.3355198643602488,195,True
mod_wd1,weight_norm,101,2,surrogate,37,1.352112087286622,195,True
mod_wd1,weight_norm,101,2,surrogate,38,1.2372030802496858,195,True
mod_wd1,weight_norm,101,3,observed,-1,2.3592533361077885,195,True
mod_wd1,weight_norm,101,3,surrogate,0,1.494487382551999,195,True
mod_wd1,weight_norm,101,3,surrogate,1,1.5027571901438999,195,True
mod_wd1,weight_norm,101,3,surrogate,2,1.2625588592407262,195,True
mod_wd1,weight_norm,101,3,surrogate,3,1.4062499059579543,195,True
mod_wd1,weight_norm,101,3,surrogate,4,1.2183354731571772,195,True
mod_wd1,weight_norm,101,3,surrogate,5,1.2059637813727868,195,True
mod_wd1,weight_norm,101,3,surrogate,6,1.4481905078798367,195,True
mod_wd1,weight_norm,101,3,surrogate,7,1.3591561437224577,195,True
mod_wd1,weight_norm,101,3,surrogate,8,1.2596260573692253,195,True
mod_wd1,weight_norm,101,3,surrogate,9,1.496018602463941,195,True
mod_wd1,weight_norm,101,3,surrogate,10,1.5910283573159765,195,True
mod_wd1,weight_norm,101,3,surrogate,11,1.2622733804345896,195,True
mod_wd1,weight_norm,101,3,surrogate,12,1.262902815336948,195,True
mod_wd1,weight_norm,101,3,surrogate,13,1.3265636079754235,195,True
mod_wd1,weight_norm,101,3,surrogate,14,1.5480229197303121,195,True
mod_wd1,weight_norm,101,3,surrogate,15,1.319650596785914,195,True
mod_wd1,weight_norm,101,3,surrogate,16,1.3643946349504448,195,True
mod_wd1,weight_norm,101,3,surrogate,17,1.2476487767753035,195,True
mod_wd1,weight_norm,101,3,surrogate,18,1.5931945752374639,195,True
mod_wd1,weight_norm,101,3,surrogate,19,1.3761760589948207,195,True
mod_wd1,weight_norm,101,3,surrogate,20,1.3426120622452804,195,True
mod_wd1,weight_norm,101,3,surrogate,21,1.454299816442762,195,True
mod_wd1,weight_norm,101,3,surrogate,22,1.3113739541388443,195,True
mod_wd1,weight_norm,101,3,surrogate,23,1.3511827033386417,195,True
mod_wd1,weight_norm,101,3,surrogate,24,1.5265083242398971,195,True
mod_wd1,weight_norm,101,3,surrogate,25,1.194140230633354,195,True
mod_wd1,weight_norm,101,3,surrogate,26,1.4470563818732831,195,True
mod_wd1,weight_norm,101,3,surrogate,27,1.35964857596451,195,True
mod_wd1,weight_norm,101,3,surrogate,28,1.4631925372243735,195,True
mod_wd1,weight_norm,101,3,surrogate,29,1.4851540543655972,195,True
mod_wd1,weight_norm,101,3,surrogate,30,1.1460420105107165,195,True
mod_wd1,weight_norm,101,3,surrogate,31,1.3157803669136066,195,True
mod_wd1,weight_norm,101,3,surrogate,32,1.3709624479020224,195,True
mod_wd1,weight_norm,101,3,surrogate,33,1.4983051731608605,195,True
mod_wd1,weight_norm,101,3,surrogate,34,1.5044144035514282,195,True
mod_wd1,weight_norm,101,3,surrogate,35,1.2023174250032047,195,True
mod_wd1,weight_norm,101,3,surrogate,36,1.4372019461864367,195,True
mod_wd1,weight_norm,101,3,surrogate,37,1.1544536668086878,195,True
mod_wd1,weight_norm,101,3,surrogate,38,1.231194736463297,195,True
mod_wd1,weight_norm,101,4,observed,-1,2.3592533361077885,195,True
mod_wd1,weight_norm,101,4,surrogate,0,1.322359982543834,195,True
mod_wd1,weight_norm,101,4,surrogate,1,1.4596393688291072,195,True
mod_wd1,weight_norm,101,4,surrogate,2,1.2317622425772228,195,True
mod_wd1,weight_norm,101,4,surrogate,3,1.2559127702758042,195,True
mod_wd1,weight_norm,101,4,surrogate,4,1.3912893939877553,195,True
mod_wd1,weight_norm,101,4,surrogate,5,1.443116628782564,195,True
mod_wd1,weight_norm,101,4,surrogate,6,1.3177750201442555,195,True
mod_wd1,weight_norm,101,4,surrogate,7,1.3659257216833247,195,True
mod_wd1,weight_norm,101,4,surrogate,8,1.7388540020604686,195,True
mod_wd1,weight_norm,101,4,surrogate,9,1.236280109863211,195,True
mod_wd1,weight_norm,101,4,surrogate,10,1.1596727380223768,195,True
mod_wd1,weight_norm,101,4,surrogate,11,1.423407775029608,195,True
mod_wd1,weight_norm,101,4,surrogate,12,1.3391287177919926,195,True
mod_wd1,weight_norm,101,4,surrogate,13,1.2331310548229677,195,True
mod_wd1,weight_norm,101,4,surrogate,14,1.339899720818344,195,True
mod_wd1,weight_norm,101,4,surrogate,15,1.3403823810017106,195,True
mod_wd1,weight_norm,101,4,surrogate,16,1.5389594425917614,195,True
mod_wd1,weight_norm,101,4,surrogate,17,1.3581513961650977,195,True
mod_wd1,weight_norm,101,4,surrogate,18,1.3501074592297808,195,True
mod_wd1,weight_norm,101,4,surrogate,19,1.2783991269649113,195,True
mod_wd1,weight_norm,101,4,surrogate,20,1.6602594922042402,195,True
mod_wd1,weight_norm,101,4,surrogate,21,1.2258251929658561,195,True
mod_wd1,weight_norm,101,4,surrogate,22,1.7034675085922497,195,True
mod_wd1,weight_norm,101,4,surrogate,23,1.5643020927649507,195,True
mod_wd1,weight_norm,101,4,surrogate,24,1.5742166372738198,195,True
mod_wd1,weight_norm,101,4,surrogate,25,1.508469776277189,195,True
mod_wd1,weight_norm,101,4,surrogate,26,1.2106515891181906,195,True
mod_wd1,weight_norm,101,4,surrogate,27,1.3049081090613925,195,True
mod_wd1,weight_norm,101,4,surrogate,28,1.4088200833659001,195,True
mod_wd1,weight_norm,101,4,surrogate,29,1.2728830618367593,195,True
mod_wd1,weight_norm,101,4,surrogate,30,1.5429579390529287,195,True
mod_wd1,weight_norm,101,4,surrogate,31,1.4023684206237963,195,True
mod_wd1,weight_norm,101,4,surrogate,32,1.0704876054717283,195,True
mod_wd1,weight_norm,101,4,surrogate,33,1.2492227530294586,195,True
mod_wd1,weight_norm,101,4,surrogate,34,1.3394893157952426,195,True
mod_wd1,weight_norm,101,4,surrogate,35,1.3743346188689984,195,True
mod_wd1,weight_norm,101,4,surrogate,36,1.3811909223861438,195,True
mod_wd1,weight_norm,101,4,surrogate,37,1.4520675435243153,195,True
mod_wd1,weight_norm,101,4,surrogate,38,1.4094170425903805,195,True
mod_wd1,weight_norm,201,0,observed,-1,2.3592533361077885,195,True
mod_wd1,weight_norm,201,0,surrogate,0,1.3603216445755753,195,True
mod_wd1,weight_norm,201,0,surrogate,1,1.4093337761871438,195,True
mod_wd1,weight_norm,201,0,surrogate,2,1.3730583402396581,195,True
mod_wd1,weight_norm,201,0,surrogate,3,1.219273190335394,195,True
mod_wd1,weight_norm,201,0,surrogate,4,1.2830599549977726,195,True
mod_wd1,weight_norm,201,0,surrogate,5,1.197515248546911,195,True
mod_wd1,weight_norm,201,0,surrogate,6,1.5280829361728765,195,True
mod_wd1,weight_norm,201,0,surrogate,7,1.203653512654024,195,True
mod_wd1,weight_norm,201,0,surrogate,8,1.330556171571847,195,True
mod_wd1,weight_norm,201,0,surrogate,9,1.5180717429374642,195,True
mod_wd1,weight_norm,201,0,surrogate,10,1.348421479333556,195,True
mod_wd1,weight_norm,201,0,surrogate,11,1.3628728159804213,195,True
mod_wd1,weight_norm,201,0,surrogate,12,1.5139410932729087,195,True
mod_wd1,weight_norm,201,0,surrogate,13,1.616986719253696,195,True
mod_wd1,weight_norm,201,0,surrogate,14,1.4531821567799525,195,True
mod_wd1,weight_norm,201,0,surrogate,15,1.1881253720437226,195,True
mod_wd1,weight_norm,201,0,surrogate,16,1.5239830404071324,195,True
mod_wd1,weight_norm,201,0,surrogate,17,1.293749882140425,195,True
mod_wd1,weight_norm,201,0,surrogate,18,1.460572596224031,195,True
mod_wd1,weight_norm,201,0,surrogate,19,1.3365214456626968,195,True
mod_wd1,weight_norm,201,0,surrogate,20,1.4483637107146445,195,True
mod_wd1,weight_norm,201,0,surrogate,21,1.4381179927035994,195,True
mod_wd1,weight_norm,201,0,surrogate,22,1.540267453034778,195,True
mod_wd1,weight_norm,201,0,surrogate,23,1.4975719351753798,195,True
mod_wd1,weight_norm,201,0,surrogate,24,1.2399304907578599,195,True
mod_wd1,weight_norm,201,0,surrogate,25,1.3219977362358717,195,True
mod_wd1,weight_norm,201,0,surrogate,26,1.4463067216030472,195,True
mod_wd1,weight_norm,201,0,surrogate,27,1.2882359076044674,195,True
mod_wd1,weight_norm,201,0,surrogate,28,2.104656522872948,195,True
mod_wd1,weight_norm,201,0,surrogate,29,1.2598337293435375,195,True
mod_wd1,weight_norm,201,0,surrogate,30,1.1802001083440028,195,True
mod_wd1,weight_norm,201,0,surrogate,31,1.4734902306232385,195,True
mod_wd1,weight_norm,201,0,surrogate,32,1.439173289336701,195,True
mod_wd1,weight_norm,201,0,surrogate,33,1.5126893374741919,195,True
mod_wd1,weight_norm,201,0,surrogate,34,1.392637599205227,195,True
mod_wd1,weight_norm,201,0,surrogate,35,1.2629267709004333,195,True
mod_wd1,weight_norm,201,0,surrogate,36,1.3540516687613042,195,True
mod_wd1,weight_norm,201,0,surrogate,37,1.767076915399993,195,True
mod_wd1,weight_norm,201,0,surrogate,38,1.3075406756621717,195,True
mod_wd1,weight_norm,201,1,observed,-1,2.3592533361077885,195,True
mod_wd1,weight_norm,201,1,surrogate,0,1.320816658857738,195,True
mod_wd1,weight_norm,201,1,surrogate,1,1.1370046220033416,195,True
mod_wd1,weight_norm,201,1,surrogate,2,1.5482150908608927,195,True
mod_wd1,weight_norm,201,1,surrogate,3,1.5237593242997705,195,True
mod_wd1,weight_norm,201,1,surrogate,4,1.3338681910351498,195,True
mod_wd1,weight_norm,201,1,surrogate,5,1.4783149467072667,195,True
mod_wd1,weight_norm,201,1,surrogate,6,1.3195533566875832,195,True
mod_wd1,weight_norm,201,1,surrogate,7,1.6046961112561322,195,True
mod_wd1,weight_norm,201,1,surrogate,8,1.3638385931409638,195,True
mod_wd1,weight_norm,201,1,surrogate,9,1.247729317625028,195,True
mod_wd1,weight_norm,201,1,surrogate,10,1.222707197615276,195,True
mod_wd1,weight_norm,201,1,surrogate,11,1.3900832587409955,195,True
mod_wd1,weight_norm,201,1,surrogate,12,1.1932450345762973,195,True
mod_wd1,weight_norm,201,1,surrogate,13,1.8172389280491859,195,True
mod_wd1,weight_norm,201,1,surrogate,14,1.4086362243533301,195,True
mod_wd1,weight_norm,201,1,surrogate,15,1.4189910530763015,195,True
mod_wd1,weight_norm,201,1,surrogate,16,1.2005476772509056,195,True
mod_wd1,weight_norm,201,1,surrogate,17,2.0443809778043556,195,True
mod_wd1,weight_norm,201,1,surrogate,18,1.5134642377622505,195,True
mod_wd1,weight_norm,201,1,surrogate,19,1.1948069763813387,195,True
mod_wd1,weight_norm,201,1,surrogate,20,1.5509702208626188,195,True
mod_wd1,weight_norm,201,1,surrogate,21,1.2341864281098471,195,True
mod_wd1,weight_norm,201,1,surrogate,22,1.575198738760145,195,True
mod_wd1,weight_norm,201,1,surrogate,23,1.290936424461161,195,True
mod_wd1,weight_norm,201,1,surrogate,24,1.2948705215160656,195,True
mod_wd1,weight_norm,201,1,surrogate,25,1.3514575015376034,195,True
mod_wd1,weight_norm,201,1,surrogate,26,1.8527275412605881,195,True
mod_wd1,weight_norm,201,1,surrogate,27,1.220717317342507,195,True
mod_wd1,weight_norm,201,1,surrogate,28,1.5006432177115019,195,True
mod_wd1,weight_norm,201,1,surrogate,29,1.2724856581191146,195,True
mod_wd1,weight_norm,201,1,surrogate,30,1.770573085561988,195,True
mod_wd1,weight_norm,201,1,surrogate,31,1.3041710739153254,195,True
mod_wd1,weight_norm,201,1,surrogate,32,1.3830112526855831,195,True
mod_wd1,weight_norm,201,1,surrogate,33,1.5585096884806733,195,True
mod_wd1,weight_norm,201,1,surrogate,34,1.3277278441606553,195,True
mod_wd1,weight_norm,201,1,surrogate,35,1.259899540750706,195,True
mod_wd1,weight_norm,201,1,surrogate,36,1.3406609047857276,195,True
mod_wd1,weight_norm,201,1,surrogate,37,1.599958718134625,195,True
mod_wd1,weight_norm,201,1,surrogate,38,1.4837515688443954,195,True
mod_wd1,weight_norm,201,2,observed,-1,2.3592533361077885,195,True
mod_wd1,weight_norm,201,2,surrogate,0,1.5388136985316943,195,True
mod_wd1,weight_norm,201,2,surrogate,1,1.2404890976762388,195,True
mod_wd1,weight_norm,201,2,surrogate,2,1.3395735497415622,195,True
mod_wd1,weight_norm,201,2,surrogate,3,1.36736056533997,195,True
mod_wd1,weight_norm,201,2,surrogate,4,1.493468133639299,195,True
mod_wd1,weight_norm,201,2,surrogate,5,1.5615557666860278,195,True
mod_wd1,weight_norm,201,2,surrogate,6,1.1746808087047123,195,True
mod_wd1,weight_norm,201,2,surrogate,7,1.8280481603680054,195,True
mod_wd1,weight_norm,201,2,surrogate,8,1.5581752659121784,195,True
mod_wd1,weight_norm,201,2,surrogate,9,1.5878416249073575,195,True
mod_wd1,weight_norm,201,2,surrogate,10,1.3348434625743233,195,True
mod_wd1,weight_norm,201,2,surrogate,11,1.4290312575092727,195,True
mod_wd1,weight_norm,201,2,surrogate,12,1.2804850008470503,195,True
mod_wd1,weight_norm,201,2,surrogate,13,1.2547230562617837,195,True
mod_wd1,weight_norm,201,2,surrogate,14,1.6355109309215543,195,True
mod_wd1,weight_norm,201,2,surrogate,15,1.495681374094604,195,True
mod_wd1,weight_norm,201,2,surrogate,16,1.2873636828384645,195,True
mod_wd1,weight_norm,201,2,surrogate,17,1.1745584206188568,195,True
mod_wd1,weight_norm,201,2,surrogate,18,1.3635675998307677,195,True
mod_wd1,weight_norm,201,2,surrogate,19,1.3115449922342204,195,True
mod_wd1,weight_norm,201,2,surrogate,20,1.579957850909957,195,True
mod_wd1,weight_norm,201,2,surrogate,21,1.1938755994158932,195,True
mod_wd1,weight_norm,201,2,surrogate,22,1.6799940429204012,195,True
mod_wd1,weight_norm,201,2,surrogate,23,1.492068416381219,195,True
mod_wd1,weight_norm,201,2,surrogate,24,1.0984072058892804,195,True
mod_wd1,weight_norm,201,2,surrogate,25,1.7764468198051513,195,True
mod_wd1,weight_norm,201,2,surrogate,26,1.3789378748385563,195,True
mod_wd1,weight_norm,201,2,surrogate,27,1.396364601708869,195,True
mod_wd1,weight_norm,201,2,surrogate,28,1.4910118647467536,195,True
mod_wd1,weight_norm,201,2,surrogate,29,1.6448066018949754,195,True
mod_wd1,weight_norm,201,2,surrogate,30,1.399594507123896,195,True
mod_wd1,weight_norm,201,2,surrogate,31,1.3254143771086002,195,True
mod_wd1,weight_norm,201,2,surrogate,32,1.351262356929354,195,True
mod_wd1,weight_norm,201,2,surrogate,33,1.369301475593535,195,True
mod_wd1,weight_norm,201,2,surrogate,34,1.3542921261000822,195,True
mod_wd1,weight_norm,201,2,surrogate,35,1.525728037034279,195,True
mod_wd1,weight_norm,201,2,surrogate,36,1.158504400936563,195,True
mod_wd1,weight_norm,201,2,surrogate,37,1.395938588565372,195,True
mod_wd1,weight_norm,201,2,surrogate,38,1.447093524716834,195,True
mod_wd1,weight_norm,201,3,observed,-1,2.3592533361077885,195,True
mod_wd1,weight_norm,201,3,surrogate,0,1.257871483066184,195,True
mod_wd1,weight_norm,201,3,surrogate,1,1.2356671790004254,195,True
mod_wd1,weight_norm,201,3,surrogate,2,1.6217640657209071,195,True
mod_wd1,weight_norm,201,3,surrogate,3,1.309097255151047,195,True
mod_wd1,weight_norm,201,3,surrogate,4,1.5891153633758694,195,True
mod_wd1,weight_norm,201,3,surrogate,5,1.2963440335135636,195,True
mod_wd1,weight_norm,201,3,surrogate,6,1.2437428344399326,195,True
mod_wd1,weight_norm,201,3,surrogate,7,1.1183339967613892,195,True
mod_wd1,weight_norm,201,3,surrogate,8,1.394947640571036,195,True
mod_wd1,weight_norm,201,3,surrogate,9,1.4642946181607375,195,True
mod_wd1,weight_norm,201,3,surrogate,10,1.3700122353780921,195,True
mod_wd1,weight_norm,201,3,surrogate,11,1.3122910478939214,195,True
mod_wd1,weight_norm,201,3,surrogate,12,1.539609705021495,195,True
mod_wd1,weight_norm,201,3,surrogate,13,1.4722534713217883,195,True
mod_wd1,weight_norm,201,3,surrogate,14,1.294299801601736,195,True
mod_wd1,weight_norm,201,3,surrogate,15,1.5651188331468828,195,True
mod_wd1,weight_norm,201,3,surrogate,16,1.5140540072916624,195,True
mod_wd1,weight_norm,201,3,surrogate,17,1.3763125598186765,195,True
mod_wd1,weight_norm,201,3,surrogate,18,1.6569754126670357,195,True
mod_wd1,weight_norm,201,3,surrogate,19,1.1960896241987007,195,True
mod_wd1,weight_norm,201,3,surrogate,20,1.2243802948196858,195,True
mod_wd1,weight_norm,201,3,surrogate,21,1.2625174092891145,195,True
mod_wd1,weight_norm,201,3,surrogate,22,1.5016321989840618,195,True
mod_wd1,weight_norm,201,3,surrogate,23,1.4583328704312302,195,True
mod_wd1,weight_norm,201,3,surrogate,24,1.3241778030462865,195,True
mod_wd1,weight_norm,201,3,surrogate,25,1.1387523848033105,195,True
mod_wd1,weight_norm,201,3,surrogate,26,1.3039226526435561,195,True
mod_wd1,weight_norm,201,3,surrogate,27,1.75101829637691,195,True
mod_wd1,weight_norm,201,3,surrogate,28,1.775359646746878,195,True
mod_wd1,weight_norm,201,3,surrogate,29,1.3151991544286303,195,True
mod_wd1,weight_norm,201,3,surrogate,30,1.276677943791105,195,True
mod_wd1,weight_norm,201,3,surrogate,31,1.407805467451491,195,True
mod_wd1,weight_norm,201,3,surrogate,32,1.2016277884351032,195,True
mod_wd1,weight_norm,201,3,surrogate,33,1.312411946431592,195,True
mod_wd1,weight_norm,201,3,surrogate,34,1.3699908236551084,195,True
mod_wd1,weight_norm,201,3,surrogate,35,1.4427480294099846,195,True
mod_wd1,weight_norm,201,3,surrogate,36,1.1767973077115825,195,True
mod_wd1,weight_norm,201,3,surrogate,37,1.2520399371343758,195,True
mod_wd1,weight_norm,201,3,surrogate,38,1.1373947596230858,195,True
mod_wd1,weight_norm,201,4,observed,-1,2.3592533361077885,195,True
mod_wd1,weight_norm,201,4,surrogate,0,1.3296108233198973,195,True
mod_wd1,weight_norm,201,4,surrogate,1,1.2549713313989075,195,True
mod_wd1,weight_norm,201,4,surrogate,2,1.341952433770825,195,True
mod_wd1,weight_norm,201,4,surrogate,3,1.5885076285594777,195,True
mod_wd1,weight_norm,201,4,surrogate,4,1.3508954107615663,195,True
mod_wd1,weight_norm,201,4,surrogate,5,1.3981188187491929,195,True
mod_wd1,weight_norm,201,4,surrogate,6,1.343218993399104,195,True
mod_wd1,weight_norm,201,4,surrogate,7,1.5091157319251751,195,True
mod_wd1,weight_norm,201,4,surrogate,8,1.6108816155790058,195,True
mod_wd1,weight_norm,201,4,surrogate,9,1.533474980990318,195,True
mod_wd1,weight_norm,201,4,surrogate,10,1.57548550691335,195,True
mod_wd1,weight_norm,201,4,surrogate,11,1.3139562990393716,195,True
mod_wd1,weight_norm,201,4,surrogate,12,1.499711061011418,195,True
mod_wd1,weight_norm,201,4,surrogate,13,1.3482930043818115,195,True
mod_wd1,weight_norm,201,4,surrogate,14,1.3987186431381902,195,True
mod_wd1,weight_norm,201,4,surrogate,15,1.8327591788007425,195,True
mod_wd1,weight_norm,201,4,surrogate,16,1.3681806845198345,195,True
mod_wd1,weight_norm,201,4,surrogate,17,1.5440703734263153,195,True
mod_wd1,weight_norm,201,4,surrogate,18,1.4871702144391887,195,True
mod_wd1,weight_norm,201,4,surrogate,19,1.216239926419706,195,True
mod_wd1,weight_norm,201,4,surrogate,20,1.736450078736427,195,True
mod_wd1,weight_norm,201,4,surrogate,21,1.3954857151350704,195,True
mod_wd1,weight_norm,201,4,surrogate,22,1.5907364180747974,195,True
mod_wd1,weight_norm,201,4,surrogate,23,1.1552362256360322,195,True
mod_wd1,weight_norm,201,4,surrogate,24,1.8438697327072402,195,True
mod_wd1,weight_norm,201,4,surrogate,25,1.2751653231649382,195,True
mod_wd1,weight_norm,201,4,surrogate,26,1.3034440259227922,195,True
mod_wd1,weight_norm,201,4,surrogate,27,1.1883395868872035,195,True
mod_wd1,weight_norm,201,4,surrogate,28,1.3871631313103578,195,True
mod_wd1,weight_norm,201,4,surrogate,29,1.5295164084465975,195,True
mod_wd1,weight_norm,201,4,surrogate,30,1.6512026642701034,195,True
mod_wd1,weight_norm,201,4,surrogate,31,1.3892112962050447,195,True
mod_wd1,weight_norm,201,4,surrogate,32,1.6193907246475234,195,True
mod_wd1,weight_norm,201,4,surrogate,33,1.9612186291533753,195,True
mod_wd1,weight_norm,201,4,surrogate,34,1.6052749305348544,195,True
mod_wd1,weight_norm,201,4,surrogate,35,1.3931036644223358,195,True
mod_wd1,weight_norm,201,4,surrogate,36,1.3047660826466458,195,True
mod_wd1,weight_norm,201,4,surrogate,37,1.371593450071962,195,True
mod_wd1,weight_norm,201,4,surrogate,38,1.3631599609304907,195,True
mod_wd1,weight_norm,401,0,observed,-1,2.3592533361077885,195,True
mod_wd1,weight_norm,401,0,surrogate,0,1.5714523699409815,195,True
mod_wd1,weight_norm,401,0,surrogate,1,1.2528474990960865,195,True
mod_wd1,weight_norm,401,0,surrogate,2,1.3719654315195031,195,True
mod_wd1,weight_norm,401,0,surrogate,3,1.2837419898162397,195,True
mod_wd1,weight_norm,401,0,surrogate,4,1.2194464144172683,195,True
mod_wd1,weight_norm,401,0,surrogate,5,1.5371222622489127,195,True
mod_wd1,weight_norm,401,0,surrogate,6,1.551815553504781,195,True
mod_wd1,weight_norm,401,0,surrogate,7,1.3220252588064871,195,True
mod_wd1,weight_norm,401,0,surrogate,8,1.2746420357688568,195,True
mod_wd1,weight_norm,401,0,surrogate,9,1.714303289655056,195,True
mod_wd1,weight_norm,401,0,surrogate,10,1.4656137657129613,195,True
mod_wd1,weight_norm,401,0,surrogate,11,1.2931594355610216,195,True
mod_wd1,weight_norm,401,0,surrogate,12,1.3820750104346236,195,True
mod_wd1,weight_norm,401,0,surrogate,13,1.2490101764271175,195,True
mod_wd1,weight_norm,401,0,surrogate,14,1.4754217077985752,195,True
mod_wd1,weight_norm,401,0,surrogate,15,1.2508857082715468,195,True
mod_wd1,weight_norm,401,0,surrogate,16,1.5541294132032812,195,True
mod_wd1,weight_norm,401,0,surrogate,17,1.5016043690101695,195,True
mod_wd1,weight_norm,401,0,surrogate,18,1.4691259232776004,195,True
mod_wd1,weight_norm,401,0,surrogate,19,1.667634187268288,195,True
mod_wd1,weight_norm,401,0,surrogate,20,1.3390574631272079,195,True
mod_wd1,weight_norm,401,0,surrogate,21,1.3651135900723173,195,True
mod_wd1,weight_norm,401,0,surrogate,22,1.3111703261544618,195,True
mod_wd1,weight_norm,401,0,surrogate,23,1.3304108310728064,195,True
mod_wd1,weight_norm,401,0,surrogate,24,1.655633657100528,195,True
mod_wd1,weight_norm,401,0,surrogate,25,1.0594935284047255,195,True
mod_wd1,weight_norm,401,0,surrogate,26,1.3160313791585032,195,True
mod_wd1,weight_norm,401,0,surrogate,27,1.197035581320235,195,True
mod_wd1,weight_norm,401,0,surrogate,28,1.800489246827815,195,True
mod_wd1,weight_norm,401,0,surrogate,29,1.664630854793886,195,True
mod_wd1,weight_norm,401,0,surrogate,30,1.54019435413671,195,True
mod_wd1,weight_norm,401,0,surrogate,31,1.2157420125455147,195,True
mod_wd1,weight_norm,401,0,surrogate,32,1.3538539993432226,195,True
mod_wd1,weight_norm,401,0,surrogate,33,1.366620035263876,195,True
mod_wd1,weight_norm,401,0,surrogate,34,1.2583085251619226,195,True
mod_wd1,weight_norm,401,0,surrogate,35,1.415593946298204,195,True
mod_wd1,weight_norm,401,0,surrogate,36,1.5419826629040916,195,True
mod_wd1,weight_norm,401,0,surrogate,37,1.732431309678503,195,True
mod_wd1,weight_norm,401,0,surrogate,38,1.3303689217275583,195,True
mod_wd1,weight_norm,401,1,observed,-1,2.3592533361077885,195,True
mod_wd1,weight_norm,401,1,surrogate,0,1.3081722899173425,195,True
mod_wd1,weight_norm,401,1,surrogate,1,1.3202672328016245,195,True
mod_wd1,weight_norm,401,1,surrogate,2,1.5799038642418906,195,True
mod_wd1,weight_norm,401,1,surrogate,3,1.4331679783997056,195,True
mod_wd1,weight_norm,401,1,surrogate,4,1.7531037380481136,195,True
mod_wd1,weight_norm,401,1,surrogate,5,1.2976050736082003,195,True
mod_wd1,weight_norm,401,1,surrogate,6,1.8969023935722062,195,True
mod_wd1,weight_norm,401,1,surrogate,7,1.7383772399201571,195,True
mod_wd1,weight_norm,401,1,surrogate,8,1.2544908462992594,195,True
mod_wd1,weight_norm,401,1,surrogate,9,1.489360868105029,195,True
mod_wd1,weight_norm,401,1,surrogate,10,1.2697962339659736,195,True
mod_wd1,weight_norm,401,1,surrogate,11,1.6368227905205228,195,True
mod_wd1,weight_norm,401,1,surrogate,12,1.5301573533949469,195,True
mod_wd1,weight_norm,401,1,surrogate,13,1.5834568516478746,195,True
mod_wd1,weight_norm,401,1,surrogate,14,1.5011511581838575,195,True
mod_wd1,weight_norm,401,1,surrogate,15,1.468441929346292,195,True
mod_wd1,weight_norm,401,1,surrogate,16,1.2718232578974145,195,True
mod_wd1,weight_norm,401,1,surrogate,17,1.2263889805489148,195,True
mod_wd1,weight_norm,401,1,surrogate,18,1.6334628577190815,195,True
mod_wd1,weight_norm,401,1,surrogate,19,1.2252475085810137,195,True
mod_wd1,weight_norm,401,1,surrogate,20,1.3919467474755784,195,True
mod_wd1,weight_norm,401,1,surrogate,21,1.4646633001008476,195,True
mod_wd1,weight_norm,401,1,surrogate,22,1.533487987396542,195,True
mod_wd1,weight_norm,401,1,surrogate,23,1.3914228787807152,195,True
mod_wd1,weight_norm,401,1,surrogate,24,1.3063439399857601,195,True
mod_wd1,weight_norm,401,1,surrogate,25,1.2620759407778686,195,True
mod_wd1,weight_norm,401,1,surrogate,26,1.3630197122059375,195,True
mod_wd1,weight_norm,401,1,surrogate,27,1.2564882061186007,195,True
mod_wd1,weight_norm,401,1,surrogate,28,1.4355503578713453,195,True
mod_wd1,weight_norm,401,1,surrogate,29,1.4217731100902766,195,True
mod_wd1,weight_norm,401,1,surrogate,30,1.4132900541399775,195,True
mod_wd1,weight_norm,401,1,surrogate,31,1.50121982887855,195,True
mod_wd1,weight_norm,401,1,surrogate,32,1.3340417568306562,195,True
mod_wd1,weight_norm,401,1,surrogate,33,1.545713331696723,195,True
mod_wd1,weight_norm,401,1,surrogate,34,1.4043426798524739,195,True
mod_wd1,weight_norm,401,1,surrogate,35,1.7896730401724341,195,True
mod_wd1,weight_norm,401,1,surrogate,36,1.6255826466386556,195,True
mod_wd1,weight_norm,401,1,surrogate,37,1.556097331881241,195,True
mod_wd1,weight_norm,401,1,surrogate,38,1.2027323247468942,195,True
mod_wd1,weight_norm,401,2,observed,-1,2.3592533361077885,195,True
mod_wd1,weight_norm,401,2,surrogate,0,1.4674730940470366,195,True
mod_wd1,weight_norm,401,2,surrogate,1,1.4515146559169725,195,True
mod_wd1,weight_norm,401,2,surrogate,2,1.6045337070392132,195,True
mod_wd1,weight_norm,401,2,surrogate,3,1.6283370143063973,195,True
mod_wd1,weight_norm,401,2,surrogate,4,1.5405712081396117,195,True
mod_wd1,weight_norm,401,2,surrogate,5,1.4527660442092236,195,True
mod_wd1,weight_norm,401,2,surrogate,6,1.5495119955022547,195,True
mod_wd1,weight_norm,401,2,surrogate,7,1.4412298312933107,195,True
mod_wd1,weight_norm,401,2,surrogate,8,1.6356633993731229,195,True
mod_wd1,weight_norm,401,2,surrogate,9,1.3891116388291425,195,True
mod_wd1,weight_norm,401,2,surrogate,10,1.3133793268906777,195,True
mod_wd1,weight_norm,401,2,surrogate,11,1.3857780409932943,195,True
mod_wd1,weight_norm,401,2,surrogate,12,1.4183643531623515,195,True
mod_wd1,weight_norm,401,2,surrogate,13,1.6420240218470947,195,True
mod_wd1,weight_norm,401,2,surrogate,14,1.6840250662778884,195,True
mod_wd1,weight_norm,401,2,surrogate,15,1.2210317952814331,195,True
mod_wd1,weight_norm,401,2,surrogate,16,1.1807960779414366,195,True
mod_wd1,weight_norm,401,2,surrogate,17,1.6142534373456277,195,True
mod_wd1,weight_norm,401,2,surrogate,18,1.2500419266196043,195,True
mod_wd1,weight_norm,401,2,surrogate,19,1.3086819616937102,195,True
mod_wd1,weight_norm,401,2,surrogate,20,1.3197720230480665,195,True
mod_wd1,weight_norm,401,2,surrogate,21,1.234260215621448,195,True
mod_wd1,weight_norm,401,2,surrogate,22,1.249512219467386,195,True
mod_wd1,weight_norm,401,2,surrogate,23,1.335958478901955,195,True
mod_wd1,weight_norm,401,2,surrogate,24,1.4480363561783252,195,True
mod_wd1,weight_norm,401,2,surrogate,25,1.2210902686449665,195,True
mod_wd1,weight_norm,401,2,surrogate,26,1.8453511392109072,195,True
mod_wd1,weight_norm,401,2,surrogate,27,1.3033225459949116,195,True
mod_wd1,weight_norm,401,2,surrogate,28,1.319319739272882,195,True
mod_wd1,weight_norm,401,2,surrogate,29,2.0477504162660747,195,True
mod_wd1,weight_norm,401,2,surrogate,30,1.2944748877817702,195,True
mod_wd1,weight_norm,401,2,surrogate,31,1.3407308159011744,195,True
mod_wd1,weight_norm,401,2,surrogate,32,1.368291735384668,195,True
mod_wd1,weight_norm,401,2,surrogate,33,1.3760757782696846,195,True
mod_wd1,weight_norm,401,2,surrogate,34,1.5928165583495884,195,True
mod_wd1,weight_norm,401,2,surrogate,35,1.3640294561729933,195,True
mod_wd1,weight_norm,401,2,surrogate,36,1.2958582849072426,195,True
mod_wd1,weight_norm,401,2,surrogate,37,1.6120013028600655,195,True
mod_wd1,weight_norm,401,2,surrogate,38,1.1917662651984517,195,True
mod_wd1,weight_norm,401,3,observed,-1,2.3592533361077885,195,True
mod_wd1,weight_norm,401,3,surrogate,0,1.3341353105674467,195,True
mod_wd1,weight_norm,401,3,surrogate,1,1.4687028704229952,195,True
mod_wd1,weight_norm,401,3,surrogate,2,1.074987527804549,195,True
mod_wd1,weight_norm,401,3,surrogate,3,1.2256894470592854,195,True
mod_wd1,weight_norm,401,3,surrogate,4,1.4120174821745923,195,True
mod_wd1,weight_norm,401,3,surrogate,5,1.2475759178802983,195,True
mod_wd1,weight_norm,401,3,surrogate,6,1.7633982457163093,195,True
mod_wd1,weight_norm,401,3,surrogate,7,1.3590027904971478,195,True
mod_wd1,weight_norm,401,3,surrogate,8,1.3322420360036429,195,True
mod_wd1,weight_norm,401,3,surrogate,9,1.5492223741655005,195,True
mod_wd1,weight_norm,401,3,surrogate,10,1.4801138310667517,195,True
mod_wd1,weight_norm,401,3,surrogate,11,1.4427260821767283,195,True
mod_wd1,weight_norm,401,3,surrogate,12,1.4342109463454538,195,True
mod_wd1,weight_norm,401,3,surrogate,13,1.208729441439492,195,True
mod_wd1,weight_norm,401,3,surrogate,14,1.3204463947461207,195,True
mod_wd1,weight_norm,401,3,surrogate,15,1.5468597003433389,195,True
mod_wd1,weight_norm,401,3,surrogate,16,1.4941645178496545,195,True
mod_wd1,weight_norm,401,3,surrogate,17,1.4838361949649779,195,True
mod_wd1,weight_norm,401,3,surrogate,18,1.6240563602681883,195,True
mod_wd1,weight_norm,401,3,surrogate,19,1.9062887382568494,195,True
mod_wd1,weight_norm,401,3,surrogate,20,1.1895768403088474,195,True
mod_wd1,weight_norm,401,3,surrogate,21,1.482823720262389,195,True
mod_wd1,weight_norm,401,3,surrogate,22,1.612254957736095,195,True
mod_wd1,weight_norm,401,3,surrogate,23,1.2174707501017732,195,True
mod_wd1,weight_norm,401,3,surrogate,24,1.3745357573190258,195,True
mod_wd1,weight_norm,401,3,surrogate,25,1.3309309660785342,195,True
mod_wd1,weight_norm,401,3,surrogate,26,1.35035485810188,195,True
mod_wd1,weight_norm,401,3,surrogate,27,1.6253346494454937,195,True
mod_wd1,weight_norm,401,3,surrogate,28,1.5315038513516348,195,True
mod_wd1,weight_norm,401,3,surrogate,29,1.484297358156084,195,True
mod_wd1,weight_norm,401,3,surrogate,30,1.7753338122174775,195,True
mod_wd1,weight_norm,401,3,surrogate,31,1.3415677851129564,195,True
mod_wd1,weight_norm,401,3,surrogate,32,1.5844256475619105,195,True
mod_wd1,weight_norm,401,3,surrogate,33,1.3099501510801377,195,True
mod_wd1,weight_norm,401,3,surrogate,34,1.5359893095659753,195,True
mod_wd1,weight_norm,401,3,surrogate,35,1.7435524248278,195,True
mod_wd1,weight_norm,401,3,surrogate,36,1.1192488815864086,195,True
mod_wd1,weight_norm,401,3,surrogate,37,1.5549210994987996,195,True
mod_wd1,weight_norm,401,3,surrogate,38,1.4487690733264917,195,True
mod_wd1,weight_norm,401,4,observed,-1,2.3592533361077885,195,True
mod_wd1,weight_norm,401,4,surrogate,0,1.2110794879582916,195,True
mod_wd1,weight_norm,401,4,surrogate,1,1.354470549862513,195,True
mod_wd1,weight_norm,401,4,surrogate,2,1.2442845589666616,195,True
mod_wd1,weight_norm,401,4,surrogate,3,1.4425695975003274,195,True
mod_wd1,weight_norm,401,4,surrogate,4,1.4249909539335979,195,True
mod_wd1,weight_norm,401,4,surrogate,5,1.4141780688598058,195,True
mod_wd1,weight_norm,401,4,surrogate,6,1.284192232049533,195,True
mod_wd1,weight_norm,401,4,surrogate,7,1.415180549522567,195,True
mod_wd1,weight_norm,401,4,surrogate,8,1.392854402399962,195,True
mod_wd1,weight_norm,401,4,surrogate,9,1.4636415710527517,195,True
mod_wd1,weight_norm,401,4,surrogate,10,1.2672851919271009,195,True
mod_wd1,weight_norm,401,4,surrogate,11,1.6651744276431586,195,True
mod_wd1,weight_norm,401,4,surrogate,12,1.5190008948378904,195,True
mod_wd1,weight_norm,401,4,surrogate,13,1.275037843794455,195,True
mod_wd1,weight_norm,401,4,surrogate,14,1.2932524359192799,195,True
mod_wd1,weight_norm,401,4,surrogate,15,1.379240669597193,195,True
mod_wd1,weight_norm,401,4,surrogate,16,1.8456148950325093,195,True
mod_wd1,weight_norm,401,4,surrogate,17,1.4988962424032688,195,True
mod_wd1,weight_norm,401,4,surrogate,18,1.597072121419368,195,True
mod_wd1,weight_norm,401,4,surrogate,19,1.4462690101588107,195,True
mod_wd1,weight_norm,401,4,surrogate,20,1.8955407439801732,195,True
mod_wd1,weight_norm,401,4,surrogate,21,1.3141110194989767,195,True
mod_wd1,weight_norm,401,4,surrogate,22,1.499729082896462,195,True
mod_wd1,weight_norm,401,4,surrogate,23,1.424575115663306,195,True
mod_wd1,weight_norm,401,4,surrogate,24,1.287292893111527,195,True
mod_wd1,weight_norm,401,4,surrogate,25,1.5071125744542893,195,True
mod_wd1,weight_norm,401,4,surrogate,26,1.3847642354399876,195,True
mod_wd1,weight_norm,401,4,surrogate,27,1.6257849194237253,195,True
mod_wd1,weight_norm,401,4,surrogate,28,1.452108021385845,195,True
mod_wd1,weight_norm,401,4,surrogate,29,1.4084070879606225,195,True
mod_wd1,weight_norm,401,4,surrogate,30,1.6445655398675691,195,True
mod_wd1,weight_norm,401,4,surrogate,31,1.3362907264902073,195,True
mod_wd1,weight_norm,401,4,surrogate,32,1.3975223650023039,195,True
mod_wd1,weight_norm,401,4,surrogate,33,1.7103973631114253,195,True
mod_wd1,weight_norm,401,4,surrogate,34,1.4746609502652288,195,True
mod_wd1,weight_norm,401,4,surrogate,35,2.244972633034199,195,True
mod_wd1,weight_norm,401,4,surrogate,36,1.4454934311467396,195,True
mod_wd1,weight_norm,401,4,surrogate,37,1.4139427919972543,195,True
mod_wd1,weight_norm,401,4,surrogate,38,1.5437231796983173,195,True
mod_wd1,train_loss,101,0,observed,-1,1.3550441556471329,195,True
mod_wd1,train_loss,101,0,surrogate,0,2.587562564188167,195,True
mod_wd1,train_loss,101,0,surrogate,1,1.2466321370228501,195,True
mod_wd1,train_loss,101,0,surrogate,2,1.8309543284652883,195,True
mod_wd1,train_loss,101,0,surrogate,3,1.447033594854604,195,True
mod_wd1,train_loss,101,0,surrogate,4,1.234836634365894,195,True
mod_wd1,train_loss,101,0,surrogate,5,1.5717305326533368,195,True
mod_wd1,train_loss,101,0,surrogate,6,1.6388845095046178,195,True
mod_wd1,train_loss,101,0,surrogate,7,1.5198216624359986,195,True
mod_wd1,train_loss,101,0,surrogate,8,1.4778085560872865,195,True
mod_wd1,train_loss,101,0,surrogate,9,1.9368622271830174,195,True
mod_wd1,train_loss,101,0,surrogate,10,1.8920703311030949,195,True
mod_wd1,train_loss,101,0,surrogate,11,1.6735496766167863,195,True
mod_wd1,train_loss,101,0,surrogate,12,1.2223776580261576,195,True
mod_wd1,train_loss,101,0,surrogate,13,2.414887232118458,195,True
mod_wd1,train_loss,101,0,surrogate,14,0.6487477623696816,195,True
mod_wd1,train_loss,101,0,surrogate,15,2.1188847414308802,195,True
mod_wd1,train_loss,101,0,surrogate,16,1.498984007746228,195,True
mod_wd1,train_loss,101,0,surrogate,17,1.094245637805039,195,True
mod_wd1,train_loss,101,0,surrogate,18,1.7340915618714479,195,True
mod_wd1,train_loss,101,0,surrogate,19,0.7810366521403641,195,True
mod_wd1,train_loss,101,0,surrogate,20,1.596674850919765,195,True
mod_wd1,train_loss,101,0,surrogate,21,1.1344320578091216,195,True
mod_wd1,train_loss,101,0,surrogate,22,1.6902669049421006,195,True
mod_wd1,train_loss,101,0,surrogate,23,1.906645591314733,195,True
mod_wd1,train_loss,101,0,surrogate,24,1.3028580133607048,195,True
mod_wd1,train_loss,101,0,surrogate,25,1.5609498407016895,195,True
mod_wd1,train_loss,101,0,surrogate,26,2.20095467149438,195,True
mod_wd1,train_loss,101,0,surrogate,27,2.2510952245032683,195,True
mod_wd1,train_loss,101,0,surrogate,28,1.35466199868489,195,True
mod_wd1,train_loss,101,0,surrogate,29,1.0228324714404542,195,True
mod_wd1,train_loss,101,0,surrogate,30,1.5088539338227078,195,True
mod_wd1,train_loss,101,0,surrogate,31,2.3523768961714095,195,True
mod_wd1,train_loss,101,0,surrogate,32,1.16642662427602,195,True
mod_wd1,train_loss,101,0,surrogate,33,1.4199841215445956,195,True
mod_wd1,train_loss,101,0,surrogate,34,1.3745436809856861,195,True
mod_wd1,train_loss,101,0,surrogate,35,2.214186285010099,195,True
mod_wd1,train_loss,101,0,surrogate,36,1.306117305000358,195,True
mod_wd1,train_loss,101,0,surrogate,37,0.8668055327257079,195,True
mod_wd1,train_loss,101,0,surrogate,38,1.1310687104872594,195,True
mod_wd1,train_loss,101,1,observed,-1,1.3550441556471329,195,True
mod_wd1,train_loss,101,1,surrogate,0,1.5113737445143116,195,True
mod_wd1,train_loss,101,1,surrogate,1,1.611836855106938,195,True
mod_wd1,train_loss,101,1,surrogate,2,2.1720793239051184,195,True
mod_wd1,train_loss,101,1,surrogate,3,1.3623454256767296,195,True
mod_wd1,train_loss,101,1,surrogate,4,1.0708800965389877,195,True
mod_wd1,train_loss,101,1,surrogate,5,2.1083493378689857,195,True
mod_wd1,train_loss,101,1,surrogate,6,1.4857238337150465,195,True
mod_wd1,train_loss,101,1,surrogate,7,2.5705905706980716,195,True
mod_wd1,train_loss,101,1,surrogate,8,1.8488443010501359,195,True
mod_wd1,train_loss,101,1,surrogate,9,1.239272653329594,195,True
mod_wd1,train_loss,101,1,surrogate,10,1.743598340916848,195,True
mod_wd1,train_loss,101,1,surrogate,11,1.255219088710748,195,True
mod_wd1,train_loss,101,1,surrogate,12,2.654827449718857,195,True
mod_wd1,train_loss,101,1,surrogate,13,2.03457525281112,195,True
mod_wd1,train_loss,101,1,surrogate,14,1.8789075483491857,195,True
mod_wd1,train_loss,101,1,surrogate,15,0.8386738485075667,195,True
mod_wd1,train_loss,101,1,surrogate,16,1.2682662683416084,195,True
mod_wd1,train_loss,101,1,surrogate,17,1.5716919131775955,195,True
mod_wd1,train_loss,101,1,surrogate,18,2.24265061750017,195,True
mod_wd1,train_loss,101,1,surrogate,19,1.741075291997559,195,True
mod_wd1,train_loss,101,1,surrogate,20,1.747108382456713,195,True
mod_wd1,train_loss,101,1,surrogate,21,1.441467484281452,195,True
mod_wd1,train_loss,101,1,surrogate,22,2.2402759079654557,195,True
mod_wd1,train_loss,101,1,surrogate,23,2.4801722332114813,195,True
mod_wd1,train_loss,101,1,surrogate,24,2.1315424703941295,195,True
mod_wd1,train_loss,101,1,surrogate,25,1.797568406260328,195,True
mod_wd1,train_loss,101,1,surrogate,26,1.4970302764281638,195,True
mod_wd1,train_loss,101,1,surrogate,27,1.1217332653192806,195,True
mod_wd1,train_loss,101,1,surrogate,28,0.8864371354701326,195,True
mod_wd1,train_loss,101,1,surrogate,29,1.291799530469718,195,True
mod_wd1,train_loss,101,1,surrogate,30,1.3513082766063471,195,True
mod_wd1,train_loss,101,1,surrogate,31,1.428722153857054,195,True
mod_wd1,train_loss,101,1,surrogate,32,1.6192785441560293,195,True
mod_wd1,train_loss,101,1,surrogate,33,1.014527872845852,195,True
mod_wd1,train_loss,101,1,surrogate,34,1.4931107893983473,195,True
mod_wd1,train_loss,101,1,surrogate,35,1.0104875475515904,195,True
mod_wd1,train_loss,101,1,surrogate,36,1.9150892743414043,195,True
mod_wd1,train_loss,101,1,surrogate,37,1.1853923674022235,195,True
mod_wd1,train_loss,101,1,surrogate,38,1.3217617164160014,195,True
mod_wd1,train_loss,101,2,observed,-1,1.3550441556471329,195,True
mod_wd1,train_loss,101,2,surrogate,0,1.3429808985509404,195,True
mod_wd1,train_loss,101,2,surrogate,1,1.4029328818311602,195,True
mod_wd1,train_loss,101,2,surrogate,2,1.6215375965194054,195,True
mod_wd1,train_loss,101,2,surrogate,3,1.4136974445653612,195,True
mod_wd1,train_loss,101,2,surrogate,4,1.3615739688920394,195,True
mod_wd1,train_loss,101,2,surrogate,5,1.1546982673189017,195,True
mod_wd1,train_loss,101,2,surrogate,6,1.4928081926069332,195,True
mod_wd1,train_loss,101,2,surrogate,7,2.3550395028156244,195,True
mod_wd1,train_loss,101,2,surrogate,8,1.5386201766479204,195,True
mod_wd1,train_loss,101,2,surrogate,9,1.1106275293378496,195,True
mod_wd1,train_loss,101,2,surrogate,10,1.9562184040699633,195,True
mod_wd1,train_loss,101,2,surrogate,11,1.9918004852345539,195,True
mod_wd1,train_loss,101,2,surrogate,12,1.7386745059914488,195,True
mod_wd1,train_loss,101,2,surrogate,13,1.3560498924643607,195,True
mod_wd1,train_loss,101,2,surrogate,14,1.9126431212877493,195,True
mod_wd1,train_loss,101,2,surrogate,15,2.377360362832744,195,True
mod_wd1,train_loss,101,2,surrogate,16,2.0277592029892086,195,True
mod_wd1,train_loss,101,2,surrogate,17,1.7131511278478728,195,True
mod_wd1,train_loss,101,2,surrogate,18,2.1377436336046474,195,True
mod_wd1,train_loss,101,2,surrogate,19,2.0289582137280586,195,True
mod_wd1,train_loss,101,2,surrogate,20,1.001965844492109,195,True
mod_wd1,train_loss,101,2,surrogate,21,1.3973428672753083,195,True
mod_wd1,train_loss,101,2,surrogate,22,1.1239730484301795,195,True
mod_wd1,train_loss,101,2,surrogate,23,1.0505304494863845,195,True
mod_wd1,train_loss,101,2,surrogate,24,2.3758456236192163,195,True
mod_wd1,train_loss,101,2,surrogate,25,1.8753760322341007,195,True
mod_wd1,train_loss,101,2,surrogate,26,2.2903034141486085,195,True
mod_wd1,train_loss,101,2,surrogate,27,2.1334935179934122,195,True
mod_wd1,train_loss,101,2,surrogate,28,0.8970910137504081,195,True
mod_wd1,train_loss,101,2,surrogate,29,1.635925446726044,195,True
mod_wd1,train_loss,101,2,surrogate,30,1.7947306006077919,195,True
mod_wd1,train_loss,101,2,surrogate,31,2.0610361791611767,195,True
mod_wd1,train_loss,101,2,surrogate,32,1.4450308944250636,195,True
mod_wd1,train_loss,101,2,surrogate,33,1.195365669086181,195,True
mod_wd1,train_loss,101,2,surrogate,34,1.2041450123161894,195,True
mod_wd1,train_loss,101,2,surrogate,35,1.2811701721295405,195,True
mod_wd1,train_loss,101,2,surrogate,36,1.3474412362876997,195,True
mod_wd1,train_loss,101,2,surrogate,37,1.9123064844976576,195,True
mod_wd1,train_loss,101,2,surrogate,38,2.5732970630276233,195,True
mod_wd1,train_loss,101,3,observed,-1,1.3550441556471329,195,True
mod_wd1,train_loss,101,3,surrogate,0,1.7507406141181912,195,True
mod_wd1,train_loss,101,3,surrogate,1,0.913401716856657,195,True
mod_wd1,train_loss,101,3,surrogate,2,1.3617110162265869,195,True
mod_wd1,train_loss,101,3,surrogate,3,1.3317323780786243,195,True
mod_wd1,train_loss,101,3,surrogate,4,1.3958127990643883,195,True
mod_wd1,train_loss,101,3,surrogate,5,0.7829717411670719,195,True
mod_wd1,train_loss,101,3,surrogate,6,0.7829454748251182,195,True
mod_wd1,train_loss,101,3,surrogate,7,1.3208428109601065,195,True
mod_wd1,train_loss,101,3,surrogate,8,1.8787149951809465,195,True
mod_wd1,train_loss,101,3,surrogate,9,1.8786494269237999,195,True
mod_wd1,train_loss,101,3,surrogate,10,1.598661258715648,195,True
mod_wd1,train_loss,101,3,surrogate,11,1.434780128650346,195,True
mod_wd1,train_loss,101,3,surrogate,12,1.2445767520253226,195,True
mod_wd1,train_loss,101,3,surrogate,13,2.6701108737813075,195,True
mod_wd1,train_loss,101,3,surrogate,14,2.2609606775195767,195,True
mod_wd1,train_loss,101,3,surrogate,15,1.7605710336870726,195,True
mod_wd1,train_loss,101,3,surrogate,16,1.495703266319406,195,True
mod_wd1,train_loss,101,3,surrogate,17,1.36399453326085,195,True
mod_wd1,train_loss,101,3,surrogate,18,0.9592245527670824,195,True
mod_wd1,train_loss,101,3,surrogate,19,1.3470431405004313,195,True
mod_wd1,train_loss,101,3,surrogate,20,1.8551405747582124,195,True
mod_wd1,train_loss,101,3,surrogate,21,1.368941814328713,195,True
mod_wd1,train_loss,101,3,surrogate,22,2.02454591844018,195,True
mod_wd1,train_loss,101,3,surrogate,23,1.900173483348496,195,True
mod_wd1,train_loss,101,3,surrogate,24,1.2445433598665507,195,True
mod_wd1,train_loss,101,3,surrogate,25,1.4126475170387711,195,True
mod_wd1,train_loss,101,3,surrogate,26,1.4192769790767326,195,True
mod_wd1,train_loss,101,3,surrogate,27,1.137923508637159,195,True
mod_wd1,train_loss,101,3,surrogate,28,1.681114281968195,195,True
mod_wd1,train_loss,101,3,surrogate,29,1.5121320025443992,195,True
mod_wd1,train_loss,101,3,surrogate,30,1.7029391751771754,195,True
mod_wd1,train_loss,101,3,surrogate,31,0.9703342853859963,195,True
mod_wd1,train_loss,101,3,surrogate,32,1.016026297733495,195,True
mod_wd1,train_loss,101,3,surrogate,33,1.3074173769496198,195,True
mod_wd1,train_loss,101,3,surrogate,34,1.5462773754367238,195,True
mod_wd1,train_loss,101,3,surrogate,35,1.191709580929273,195,True
mod_wd1,train_loss,101,3,surrogate,36,2.340534845689298,195,True
mod_wd1,train_loss,101,3,surrogate,37,1.8035694561905584,195,True
mod_wd1,train_loss,101,3,surrogate,38,2.2796936981473923,195,True
mod_wd1,train_loss,101,4,observed,-1,1.3550441556471329,195,True
mod_wd1,train_loss,101,4,surrogate,0,2.049319571258222,195,True
mod_wd1,train_loss,101,4,surrogate,1,1.5715260666782782,195,True
mod_wd1,train_loss,101,4,surrogate,2,2.4399999818215394,195,True
mod_wd1,train_loss,101,4,surrogate,3,1.3927628518089705,195,True
mod_wd1,train_loss,101,4,surrogate,4,1.907860821041911,195,True
mod_wd1,train_loss,101,4,surrogate,5,1.3218959553888268,195,True
mod_wd1,train_loss,101,4,surrogate,6,1.2879084266979643,195,True
mod_wd1,train_loss,101,4,surrogate,7,1.9556767020696653,195,True
mod_wd1,train_loss,101,4,surrogate,8,1.1618368626074045,195,True
mod_wd1,train_loss,101,4,surrogate,9,1.5778243342644942,195,True
mod_wd1,train_loss,101,4,surrogate,10,1.5844612334698298,195,True
mod_wd1,train_loss,101,4,surrogate,11,2.3315778042060704,195,True
mod_wd1,train_loss,101,4,surrogate,12,1.9246485146323096,195,True
mod_wd1,train_loss,101,4,surrogate,13,2.022554311339895,195,True
mod_wd1,train_loss,101,4,surrogate,14,1.3386848979889747,195,True
mod_wd1,train_loss,101,4,surrogate,15,1.7665537863608394,195,True
mod_wd1,train_loss,101,4,surrogate,16,2.6648391837303924,195,True
mod_wd1,train_loss,101,4,surrogate,17,1.6724249510476408,195,True
mod_wd1,train_loss,101,4,surrogate,18,1.5692166672905887,195,True
mod_wd1,train_loss,101,4,surrogate,19,1.3993614198300202,195,True
mod_wd1,train_loss,101,4,surrogate,20,1.7735808988799424,195,True
mod_wd1,train_loss,101,4,surrogate,21,2.414658831002141,195,True
mod_wd1,train_loss,101,4,surrogate,22,1.4849027522210922,195,True
mod_wd1,train_loss,101,4,surrogate,23,1.1924266376363806,195,True
mod_wd1,train_loss,101,4,surrogate,24,2.07675204880551,195,True
mod_wd1,train_loss,101,4,surrogate,25,1.3285175413297958,195,True
mod_wd1,train_loss,101,4,surrogate,26,2.41183344214383,195,True
mod_wd1,train_loss,101,4,surrogate,27,1.7325176482030265,195,True
mod_wd1,train_loss,101,4,surrogate,28,1.6369587993140577,195,True
mod_wd1,train_loss,101,4,surrogate,29,2.5026796771348976,195,True
mod_wd1,train_loss,101,4,surrogate,30,1.0203384473864572,195,True
mod_wd1,train_loss,101,4,surrogate,31,1.6221690999375746,195,True
mod_wd1,train_loss,101,4,surrogate,32,1.7379682107403924,195,True
mod_wd1,train_loss,101,4,surrogate,33,1.6586979101321915,195,True
mod_wd1,train_loss,101,4,surrogate,34,2.336644771678264,195,True
mod_wd1,train_loss,101,4,surrogate,35,1.6143599974533676,195,True
mod_wd1,train_loss,101,4,surrogate,36,1.6140895044076444,195,True
mod_wd1,train_loss,101,4,surrogate,37,1.2112166709058678,195,True
mod_wd1,train_loss,101,4,surrogate,38,1.7443565317965946,195,True
mod_wd1,train_loss,201,0,observed,-1,1.3550441556471329,195,True
mod_wd1,train_loss,201,0,surrogate,0,1.3892934630034794,195,True
mod_wd1,train_loss,201,0,surrogate,1,1.1631765892357273,195,True
mod_wd1,train_loss,201,0,surrogate,2,1.636492763409948,195,True
mod_wd1,train_loss,201,0,surrogate,3,1.7084699527067149,195,True
mod_wd1,train_loss,201,0,surrogate,4,2.0168123698054448,195,True
mod_wd1,train_loss,201,0,surrogate,5,1.1298143206914402,195,True
mod_wd1,train_loss,201,0,surrogate,6,2.163957174427387,195,True
mod_wd1,train_loss,201,0,surrogate,7,1.656521184423538,195,True
mod_wd1,train_loss,201,0,surrogate,8,1.179208184083619,195,True
mod_wd1,train_loss,201,0,surrogate,9,1.2194613337648403,195,True
mod_wd1,train_loss,201,0,surrogate,10,1.970754481055812,195,True
mod_wd1,train_loss,201,0,surrogate,11,1.4136231149150775,195,True
mod_wd1,train_loss,201,0,surrogate,12,1.3520149729844382,195,True
mod_wd1,train_loss,201,0,surrogate,13,1.4018672540714634,195,True
mod_wd1,train_loss,201,0,surrogate,14,1.5346622288286664,195,True
mod_wd1,train_loss,201,0,surrogate,15,2.05432681394864,195,True
mod_wd1,train_loss,201,0,surrogate,16,1.852584380528148,195,True
mod_wd1,train_loss,201,0,surrogate,17,0.632843349761839,195,True
mod_wd1,train_loss,201,0,surrogate,18,1.5066828738562306,195,True
mod_wd1,train_loss,201,0,surrogate,19,1.7957911850262385,195,True
mod_wd1,train_loss,201,0,surrogate,20,1.1541206057232267,195,True
mod_wd1,train_loss,201,0,surrogate,21,1.4280067855268472,195,True
mod_wd1,train_loss,201,0,surrogate,22,1.9919146767809448,195,True
mod_wd1,train_loss,201,0,surrogate,23,1.221775893136088,195,True
mod_wd1,train_loss,201,0,surrogate,24,1.8593610846832533,195,True
mod_wd1,train_loss,201,0,surrogate,25,1.2871679324458356,195,True
mod_wd1,train_loss,201,0,surrogate,26,1.1586465494180873,195,True
mod_wd1,train_loss,201,0,surrogate,27,2.0113112013073344,195,True
mod_wd1,train_loss,201,0,surrogate,28,1.6919427352186631,195,True
mod_wd1,train_loss,201,0,surrogate,29,1.8199525894535127,195,True
mod_wd1,train_loss,201,0,surrogate,30,2.328113166345797,195,True
mod_wd1,train_loss,201,0,surrogate,31,1.061969660381676,195,True
mod_wd1,train_loss,201,0,surrogate,32,1.61529401539933,195,True
mod_wd1,train_loss,201,0,surrogate,33,0.9149572789900304,195,True
mod_wd1,train_loss,201,0,surrogate,34,1.9910456092310755,195,True
mod_wd1,train_loss,201,0,surrogate,35,1.956168967315792,195,True
mod_wd1,train_loss,201,0,surrogate,36,1.516433161613945,195,True
mod_wd1,train_loss,201,0,surrogate,37,1.3404676907283801,195,True
mod_wd1,train_loss,201,0,surrogate,38,1.2298672875629169,195,True
mod_wd1,train_loss,201,1,observed,-1,1.3550441556471329,195,True
mod_wd1,train_loss,201,1,surrogate,0,0.9865796724458042,195,True
mod_wd1,train_loss,201,1,surrogate,1,2.1090641610455507,195,True
mod_wd1,train_loss,201,1,surrogate,2,1.9343295453033762,195,True
mod_wd1,train_loss,201,1,surrogate,3,1.317823722407058,195,True
mod_wd1,train_loss,201,1,surrogate,4,1.9871272277647014,195,True
mod_wd1,train_loss,201,1,surrogate,5,1.3360529315621748,195,True
mod_wd1,train_loss,201,1,surrogate,6,1.4432492511685493,195,True
mod_wd1,train_loss,201,1,surrogate,7,1.448435596852069,195,True
mod_wd1,train_loss,201,1,surrogate,8,1.8605294705520703,195,True
mod_wd1,train_loss,201,1,surrogate,9,1.7093269183387052,195,True
mod_wd1,train_loss,201,1,surrogate,10,1.5484874746094948,195,True
mod_wd1,train_loss,201,1,surrogate,11,1.0894319826885839,195,True
mod_wd1,train_loss,201,1,surrogate,12,2.5472172382398637,195,True
mod_wd1,train_loss,201,1,surrogate,13,2.325684040973962,195,True
mod_wd1,train_loss,201,1,surrogate,14,1.1262259370412695,195,True
mod_wd1,train_loss,201,1,surrogate,15,1.8239763329730958,195,True
mod_wd1,train_loss,201,1,surrogate,16,1.8488192017722695,195,True
mod_wd1,train_loss,201,1,surrogate,17,3.226577938458942,195,True
mod_wd1,train_loss,201,1,surrogate,18,2.0497751292719824,195,True
mod_wd1,train_loss,201,1,surrogate,19,1.8412506257061494,195,True
mod_wd1,train_loss,201,1,surrogate,20,1.7923185955621197,195,True
mod_wd1,train_loss,201,1,surrogate,21,2.0798800341721573,195,True
mod_wd1,train_loss,201,1,surrogate,22,1.3427319760027752,195,True
mod_wd1,train_loss,201,1,surrogate,23,1.9160928012359955,195,True
mod_wd1,train_loss,201,1,surrogate,24,1.5379852274623964,195,True
mod_wd1,train_loss,201,1,surrogate,25,1.6527999687465347,195,True
mod_wd1,train_loss,201,1,surrogate,26,2.112073119425509,195,True
mod_wd1,train_loss,201,1,surrogate,27,2.632380233015167,195,True
mod_wd1,train_loss,201,1,surrogate,28,2.05980150613431,195,True
mod_wd1,train_loss,201,1,surrogate,29,1.7511135268685525,195,True
mod_wd1,train_loss,201,1,surrogate,30,2.162163625217976,195,True
mod_wd1,train_loss,201,1,surrogate,31,1.238168092984305,195,True
mod_wd1,train_loss,201,1,surrogate,32,2.2096588536671216,195,True
mod_wd1,train_loss,201,1,surrogate,33,1.6658840638610652,195,True
mod_wd1,train_loss,201,1,surrogate,34,1.742568651379316,195,True
mod_wd1,train_loss,201,1,surrogate,35,1.874602853658813,195,True
mod_wd1,train_loss,201,1,surrogate,36,1.3299794974698609,195,True
mod_wd1,train_loss,201,1,surrogate,37,1.6506565239929525,195,True
mod_wd1,train_loss,201,1,surrogate,38,0.8342155358938967,195,True
mod_wd1,train_loss,201,2,observed,-1,1.3550441556471329,195,True
mod_wd1,train_loss,201,2,surrogate,0,0.9514209780864695,195,True
mod_wd1,train_loss,201,2,surrogate,1,1.512248882512492,195,True
mod_wd1,train_loss,201,2,surrogate,2,0.903088053434639,195,True
mod_wd1,train_loss,201,2,surrogate,3,2.4457285444332983,195,True
mod_wd1,train_loss,201,2,surrogate,4,1.759358624085832,195,True
mod_wd1,train_loss,201,2,surrogate,5,1.177922045542757,195,True
mod_wd1,train_loss,201,2,surrogate,6,1.4681833878183053,195,True
mod_wd1,train_loss,201,2,surrogate,7,0.9975513883230438,195,True
mod_wd1,train_loss,201,2,surrogate,8,1.6667573585256446,195,True
mod_wd1,train_loss,201,2,surrogate,9,1.3969547738465846,195,True
mod_wd1,train_loss,201,2,surrogate,10,2.3698157503705133,195,True
mod_wd1,train_loss,201,2,surrogate,11,1.3600363349647526,195,True
mod_wd1,train_loss,201,2,surrogate,12,1.1349205312621742,195,True
mod_wd1,train_loss,201,2,surrogate,13,1.1402315614181864,195,True
mod_wd1,train_loss,201,2,surrogate,14,2.2274503593814905,195,True
mod_wd1,train_loss,201,2,surrogate,15,2.909851767476952,195,True
mod_wd1,train_loss,201,2,surrogate,16,1.7675697354997555,195,True
mod_wd1,train_loss,201,2,surrogate,17,1.207647872289492,195,True
mod_wd1,train_loss,201,2,surrogate,18,1.4912573085229381,195,True
mod_wd1,train_loss,201,2,surrogate,19,1.5579606828109251,195,True
mod_wd1,train_loss,201,2,surrogate,20,1.597377048144677,195,True
mod_wd1,train_loss,201,2,surrogate,21,1.4374099396176392,195,True
mod_wd1,train_loss,201,2,surrogate,22,1.7985324125513005,195,True
mod_wd1,train_loss,201,2,surrogate,23,1.473186464949871,195,True
mod_wd1,train_loss,201,2,surrogate,24,1.6227610569094957,195,True
mod_wd1,train_loss,201,2,surrogate,25,2.2864686794502567,195,True
mod_wd1,train_loss,201,2,surrogate,26,2.513245634316616,195,True
mod_wd1,train_loss,201,2,surrogate,27,1.36239279123592,195,True
mod_wd1,train_loss,201,2,surrogate,28,1.6294211929563627,195,True
mod_wd1,train_loss,201,2,surrogate,29,1.520930998787392,195,True
mod_wd1,train_loss,201,2,surrogate,30,1.878085869067563,195,True
mod_wd1,train_loss,201,2,surrogate,31,2.121335819834396,195,True
mod_wd1,train_loss,201,2,surrogate,32,1.309263525606977,195,True
mod_wd1,train_loss,201,2,surrogate,33,1.654062474654792,195,True
mod_wd1,train_loss,201,2,surrogate,34,1.6287425375482603,195,True
mod_wd1,train_loss,201,2,surrogate,35,1.7770639597059577,195,True
mod_wd1,train_loss,201,2,surrogate,36,1.3208434568921894,195,True
mod_wd1,train_loss,201,2,surrogate,37,1.952928804721763,195,True
mod_wd1,train_loss,201,2,surrogate,38,1.6330874635332253,195,True
mod_wd1,train_loss,201,3,observed,-1,1.3550441556471329,195,True
mod_wd1,train_loss,201,3,surrogate,0,1.9238264627352752,195,True
mod_wd1,train_loss,201,3,surrogate,1,1.1146665882481304,195,True
mod_wd1,train_loss,201,3,surrogate,2,2.7033456687189683,195,True
mod_wd1,train_loss,201,3,surrogate,3,2.3116849228268537,195,True
mod_wd1,train_loss,201,3,surrogate,4,2.442995272766773,195,True
mod_wd1,train_loss,201,3,surrogate,5,2.031232325423384,195,True
mod_wd1,train_loss,201,3,surrogate,6,1.5826530345907281,195,True
mod_wd1,train_loss,201,3,surrogate,7,2.56976302205961,195,True
mod_wd1,train_loss,201,3,surrogate,8,1.1254351989926972,195,True
mod_wd1,train_loss,201,3,surrogate,9,2.1490049057851146,195,True
mod_wd1,train_loss,201,3,surrogate,10,1.4080430290748533,195,True
mod_wd1,train_loss,201,3,surrogate,11,1.3714493028762562,195,True
mod_wd1,train_loss,201,3,surrogate,12,2.2760535427506876,195,True
mod_wd1,train_loss,201,3,surrogate,13,1.634552149135982,195,True
mod_wd1,train_loss,201,3,surrogate,14,1.2796786955953805,195,True
mod_wd1,train_loss,201,3,surrogate,15,1.9321268716177107,195,True
mod_wd1,train_loss,201,3,surrogate,16,1.48114842674907,195,True
mod_wd1,train_loss,201,3,surrogate,17,1.1509945079495936,195,True
mod_wd1,train_loss,201,3,surrogate,18,0.8532690246279035,195,True
mod_wd1,train_loss,201,3,surrogate,19,1.7003634830919303,195,True
mod_wd1,train_loss,201,3,surrogate,20,1.5163782069092542,195,True
mod_wd1,train_loss,201,3,surrogate,21,1.7029513840301442,195,True
mod_wd1,train_loss,201,3,surrogate,22,1.64147557861392,195,True
mod_wd1,train_loss,201,3,surrogate,23,1.9155233798712112,195,True
mod_wd1,train_loss,201,3,surrogate,24,1.257402527361872,195,True
mod_wd1,train_loss,201,3,surrogate,25,1.8884867122011757,195,True
mod_wd1,train_loss,201,3,surrogate,26,1.267758052155019,195,True
mod_wd1,train_loss,201,3,surrogate,27,1.2778787914000516,195,True
mod_wd1,train_loss,201,3,surrogate,28,1.7778256269904542,195,True
mod_wd1,train_loss,201,3,surrogate,29,2.3821901974688275,195,True
mod_wd1,train_loss,201,3,surrogate,30,2.1276768476306045,195,True
mod_wd1,train_loss,201,3,surrogate,31,1.2161790321321904,195,True
mod_wd1,train_loss,201,3,surrogate,32,1.114721816638017,195,True
mod_wd1,train_loss,201,3,surrogate,33,1.8324247691709477,195,True
mod_wd1,train_loss,201,3,surrogate,34,1.8165131189043215,195,True
mod_wd1,train_loss,201,3,surrogate,35,1.6540305068365082,195,True
mod_wd1,train_loss,201,3,surrogate,36,1.99368880003348,195,True
mod_wd1,train_loss,201,3,surrogate,37,2.2965371799886887,195,True
mod_wd1,train_loss,201,3,surrogate,38,1.3985892999612586,195,True
mod_wd1,train_loss,201,4,observed,-1,1.3550441556471329,195,True
mod_wd1,train_loss,201,4,surrogate,0,1.5496486219455285,195,True
mod_wd1,train_loss,201,4,surrogate,1,2.6422759545672116,195,True
mod_wd1,train_loss,201,4,surrogate,2,2.62615808062039,195,True
mod_wd1,train_loss,201,4,surrogate,3,1.6814571151549609,195,True
mod_wd1,train_loss,201,4,surrogate,4,1.7397117969250857,195,True
mod_wd1,train_loss,201,4,surrogate,5,0.9002178225898348,195,True
mod_wd1,train_loss,201,4,surrogate,6,1.9367488052818322,195,True
mod_wd1,train_loss,201,4,surrogate,7,0.947727061830745,195,True
mod_wd1,train_loss,201,4,surrogate,8,1.664909926435409,195,True
mod_wd1,train_loss,201,4,surrogate,9,1.813802593594446,195,True
mod_wd1,train_loss,201,4,surrogate,10,2.137658348623499,195,True
mod_wd1,train_loss,201,4,surrogate,11,0.8104473011113987,195,True
mod_wd1,train_loss,201,4,surrogate,12,1.2308046672484423,195,True
mod_wd1,train_loss,201,4,surrogate,13,1.7154199593696624,195,True
mod_wd1,train_loss,201,4,surrogate,14,2.4999705903744203,195,True
mod_wd1,train_loss,201,4,surrogate,15,1.7078235585945032,195,True
mod_wd1,train_loss,201,4,surrogate,16,1.574230365324656,195,True
mod_wd1,train_loss,201,4,surrogate,17,1.3329352792423237,195,True
mod_wd1,train_loss,201,4,surrogate,18,0.9759912183484141,195,True
mod_wd1,train_loss,201,4,surrogate,19,1.3056848344471463,195,True
mod_wd1,train_loss,201,4,surrogate,20,1.9320961119448536,195,True
mod_wd1,train_loss,201,4,surrogate,21,2.385352464045751,195,True
mod_wd1,train_loss,201,4,surrogate,22,1.0832958791501532,195,True
mod_wd1,train_loss,201,4,surrogate,23,1.5844113811689227,195,True
mod_wd1,train_loss,201,4,surrogate,24,1.5944420223882534,195,True
mod_wd1,train_loss,201,4,surrogate,25,1.9531942929828485,195,True
mod_wd1,train_loss,201,4,surrogate,26,1.7752915523045067,195,True
mod_wd1,train_loss,201,4,surrogate,27,2.6882038020849994,195,True
mod_wd1,train_loss,201,4,surrogate,28,1.3811761071592288,195,True
mod_wd1,train_loss,201,4,surrogate,29,3.0863588171061846,195,True
mod_wd1,train_loss,201,4,surrogate,30,1.196801692740818,195,True
mod_wd1,train_loss,201,4,surrogate,31,2.2711600630740354,195,True
mod_wd1,train_loss,201,4,surrogate,32,1.279431006097251,195,True
mod_wd1,train_loss,201,4,surrogate,33,1.4833779317535414,195,True
mod_wd1,train_loss,201,4,surrogate,34,1.5728020191357506,195,True
mod_wd1,train_loss,201,4,surrogate,35,0.7468958846482138,195,True
mod_wd1,train_loss,201,4,surrogate,36,1.4021724544163718,195,True
mod_wd1,train_loss,201,4,surrogate,37,2.088555623856964,195,True
mod_wd1,train_loss,201,4,surrogate,38,2.1651781453726544,195,True
mod_wd1,train_loss,401,0,observed,-1,1.3550441556471329,195,True
mod_wd1,train_loss,401,0,surrogate,0,2.059474092338192,195,True
mod_wd1,train_loss,401,0,surrogate,1,2.0490150615586686,195,True
mod_wd1,train_loss,401,0,surrogate,2,2.3574662487156157,195,True
mod_wd1,train_loss,401,0,surrogate,3,2.515170026901993,195,True
mod_wd1,train_loss,401,0,surrogate,4,1.7247046077462385,195,True
mod_wd1,train_loss,401,0,surrogate,5,1.5255370457276016,195,True
mod_wd1,train_loss,401,0,surrogate,6,1.9450118812998733,195,True
mod_wd1,train_loss,401,0,surrogate,7,1.8639150116155656,195,True
mod_wd1,train_loss,401,0,surrogate,8,2.1677482681202718,195,True
mod_wd1,train_loss,401,0,surrogate,9,2.3461728309944476,195,True
mod_wd1,train_loss,401,0,surrogate,10,1.3241112666860724,195,True
mod_wd1,train_loss,401,0,surrogate,11,1.970532824396718,195,True
mod_wd1,train_loss,401,0,surrogate,12,2.6603981153189573,195,True
mod_wd1,train_loss,401,0,surrogate,13,1.5110543230422953,195,True
mod_wd1,train_loss,401,0,surrogate,14,2.1068807207917497,195,True
mod_wd1,train_loss,401,0,surrogate,15,1.8505865523030414,195,True
mod_wd1,train_loss,401,0,surrogate,16,1.064507853271701,195,True
mod_wd1,train_loss,401,0,surrogate,17,1.9304819329159542,195,True
mod_wd1,train_loss,401,0,surrogate,18,1.7366174837841573,195,True
mod_wd1,train_loss,401,0,surrogate,19,1.798627187256046,195,True
mod_wd1,train_loss,401,0,surrogate,20,1.3522089680457934,195,True
mod_wd1,train_loss,401,0,surrogate,21,1.4999374979796547,195,True
mod_wd1,train_loss,401,0,surrogate,22,1.7833995024932037,195,True
mod_wd1,train_loss,401,0,surrogate,23,1.6304806187099685,195,True
mod_wd1,train_loss,401,0,surrogate,24,1.4327908378555307,195,True
mod_wd1,train_loss,401,0,surrogate,25,1.7827390199549573,195,True
mod_wd1,train_loss,401,0,surrogate,26,2.763827003033382,195,True
mod_wd1,train_loss,401,0,surrogate,27,2.094744713395792,195,True
mod_wd1,train_loss,401,0,surrogate,28,2.992851194986174,195,True
mod_wd1,train_loss,401,0,surrogate,29,1.5082235360310254,195,True
mod_wd1,train_loss,401,0,surrogate,30,2.408479957902701,195,True
mod_wd1,train_loss,401,0,surrogate,31,1.834743718526997,195,True
mod_wd1,train_loss,401,0,surrogate,32,3.058828692511619,195,True
mod_wd1,train_loss,401,0,surrogate,33,2.2077908369561414,195,True
mod_wd1,train_loss,401,0,surrogate,34,1.4895977674618395,195,True
mod_wd1,train_loss,401,0,surrogate,35,1.63201860132101,195,True
mod_wd1,train_loss,401,0,surrogate,36,1.3845617242620105,195,True
mod_wd1,train_loss,401,0,surrogate,37,1.1272604986930896,195,True
mod_wd1,train_loss,401,0,surrogate,38,1.3485592556999009,195,True
mod_wd1,train_loss,401,1,observed,-1,1.3550441556471329,195,True
mod_wd1,train_loss,401,1,surrogate,0,1.7888174491233773,195,True
mod_wd1,train_loss,401,1,surrogate,1,1.500436356533306,195,True
mod_wd1,train_loss,401,1,surrogate,2,2.6591042462783094,195,True
mod_wd1,train_loss,401,1,surrogate,3,2.71823107548172,195,True
mod_wd1,train_loss,401,1,surrogate,4,1.211018754748513,195,True
mod_wd1,train_loss,401,1,surrogate,5,1.812718848492912,195,True
mod_wd1,train_loss,401,1,surrogate,6,2.570540444041747,195,True
mod_wd1,train_loss,401,1,surrogate,7,1.0396506267270986,195,True
mod_wd1,train_loss,401,1,surrogate,8,2.4176007997235267,195,True
mod_wd1,train_loss,401,1,surrogate,9,1.9344258549867108,195,True
mod_wd1,train_loss,401,1,surrogate,10,3.271022784280132,195,True
mod_wd1,train_loss,401,1,surrogate,11,2.2600441143483323,195,True
mod_wd1,train_loss,401,1,surrogate,12,1.6211196867305757,195,True
mod_wd1,train_loss,401,1,surrogate,13,1.5067161168578367,195,True
mod_wd1,train_loss,401,1,surrogate,14,1.5669560517152368,195,True
mod_wd1,train_loss,401,1,surrogate,15,1.3230602494035455,195,True
mod_wd1,train_loss,401,1,surrogate,16,2.057881377153385,195,True
mod_wd1,train_loss,401,1,surrogate,17,2.507487923270838,195,True
mod_wd1,train_loss,401,1,surrogate,18,1.8789879871493962,195,True
mod_wd1,train_loss,401,1,surrogate,19,1.4200583548510186,195,True
mod_wd1,train_loss,401,1,surrogate,20,1.585327750241728,195,True
mod_wd1,train_loss,401,1,surrogate,21,1.6908734220441468,195,True
mod_wd1,train_loss,401,1,surrogate,22,1.7681831325853739,195,True
mod_wd1,train_loss,401,1,surrogate,23,3.04412530878361,195,True
mod_wd1,train_loss,401,1,surrogate,24,1.7829506496226692,195,True
mod_wd1,train_loss,401,1,surrogate,25,2.3461658858045253,195,True
mod_wd1,train_loss,401,1,surrogate,26,2.4281350329152067,195,True
mod_wd1,train_loss,401,1,surrogate,27,2.259503409256591,195,True
mod_wd1,train_loss,401,1,surrogate,28,2.3095434485330992,195,True
mod_wd1,train_loss,401,1,surrogate,29,2.3764479906394613,195,True
mod_wd1,train_loss,401,1,surrogate,30,2.1192398111182644,195,True
mod_wd1,train_loss,401,1,surrogate,31,1.6447937556042418,195,True
mod_wd1,train_loss,401,1,surrogate,32,1.6170060266481254,195,True
mod_wd1,train_loss,401,1,surrogate,33,1.5178920615054352,195,True
mod_wd1,train_loss,401,1,surrogate,34,1.4597772114432133,195,True
mod_wd1,train_loss,401,1,surrogate,35,1.8274829359619449,195,True
mod_wd1,train_loss,401,1,surrogate,36,3.7709349574488327,195,True
mod_wd1,train_loss,401,1,surrogate,37,1.2244895480024591,195,True
mod_wd1,train_loss,401,1,surrogate,38,1.6414686605210578,195,True
mod_wd1,train_loss,401,2,observed,-1,1.3550441556471329,195,True
mod_wd1,train_loss,401,2,surrogate,0,2.4622847045989626,195,True
mod_wd1,train_loss,401,2,surrogate,1,2.110769191014387,195,True
mod_wd1,train_loss,401,2,surrogate,2,1.6101453847168898,195,True
mod_wd1,train_loss,401,2,surrogate,3,1.8994066020995568,195,True
mod_wd1,train_loss,401,2,surrogate,4,1.4561713403356944,195,True
mod_wd1,train_loss,401,2,surrogate,5,1.4440659843402022,195,True
mod_wd1,train_loss,401,2,surrogate,6,3.3375797717868054,195,True
mod_wd1,train_loss,401,2,surrogate,7,1.5507982710946695,195,True
mod_wd1,train_loss,401,2,surrogate,8,1.381113530021339,195,True
mod_wd1,train_loss,401,2,surrogate,9,2.3309204438386666,195,True
mod_wd1,train_loss,401,2,surrogate,10,1.7907021236047629,195,True
mod_wd1,train_loss,401,2,surrogate,11,2.1569389605346947,195,True
mod_wd1,train_loss,401,2,surrogate,12,1.5887097743487408,195,True
mod_wd1,train_loss,401,2,surrogate,13,1.6226438224839435,195,True
mod_wd1,train_loss,401,2,surrogate,14,1.6114618000698013,195,True
mod_wd1,train_loss,401,2,surrogate,15,1.7966547956760552,195,True
mod_wd1,train_loss,401,2,surrogate,16,1.8465667004713933,195,True
mod_wd1,train_loss,401,2,surrogate,17,1.5403146855726007,195,True
mod_wd1,train_loss,401,2,surrogate,18,1.742770247318382,195,True
mod_wd1,train_loss,401,2,surrogate,19,1.9091280568276168,195,True
mod_wd1,train_loss,401,2,surrogate,20,1.6439895605452681,195,True
mod_wd1,train_loss,401,2,surrogate,21,1.3903028347467994,195,True
mod_wd1,train_loss,401,2,surrogate,22,2.1618733747992054,195,True
mod_wd1,train_loss,401,2,surrogate,23,1.941318532872232,195,True
mod_wd1,train_loss,401,2,surrogate,24,1.3322311559455335,195,True
mod_wd1,train_loss,401,2,surrogate,25,1.754271129768188,195,True
mod_wd1,train_loss,401,2,surrogate,26,2.040183942559527,195,True
mod_wd1,train_loss,401,2,surrogate,27,0.9829416080602349,195,True
mod_wd1,train_loss,401,2,surrogate,28,1.4507327094543216,195,True
mod_wd1,train_loss,401,2,surrogate,29,1.704923330880229,195,True
mod_wd1,train_loss,401,2,surrogate,30,2.2143239054937314,195,True
mod_wd1,train_loss,401,2,surrogate,31,2.805459318844133,195,True
mod_wd1,train_loss,401,2,surrogate,32,1.5635529919747195,195,True
mod_wd1,train_loss,401,2,surrogate,33,1.2467535087326966,195,True
mod_wd1,train_loss,401,2,surrogate,34,1.994604424144752,195,True
mod_wd1,train_loss,401,2,surrogate,35,2.857478559653659,195,True
mod_wd1,train_loss,401,2,surrogate,36,1.3991459354251934,195,True
mod_wd1,train_loss,401,2,surrogate,37,3.080067803332348,195,True
mod_wd1,train_loss,401,2,surrogate,38,2.4021444040636597,195,True
mod_wd1,train_loss,401,3,observed,-1,1.3550441556471329,195,True
mod_wd1,train_loss,401,3,surrogate,0,3.0572943411594187,195,True
mod_wd1,train_loss,401,3,surrogate,1,1.0786560642858154,195,True
mod_wd1,train_loss,401,3,surrogate,2,1.7029688095016604,195,True
mod_wd1,train_loss,401,3,surrogate,3,2.4777918393520584,195,True
mod_wd1,train_loss,401,3,surrogate,4,2.6220089746422497,195,True
mod_wd1,train_loss,401,3,surrogate,5,2.868480197248931,195,True
mod_wd1,train_loss,401,3,surrogate,6,1.7431052895282197,195,True
mod_wd1,train_loss,401,3,surrogate,7,1.6728477165910098,195,True
mod_wd1,train_loss,401,3,surrogate,8,2.0069325612764075,195,True
mod_wd1,train_loss,401,3,surrogate,9,1.537289588640724,195,True
mod_wd1,train_loss,401,3,surrogate,10,1.7847137968872462,195,True
mod_wd1,train_loss,401,3,surrogate,11,2.775500863000824,195,True
mod_wd1,train_loss,401,3,surrogate,12,2.802417229996635,195,True
mod_wd1,train_loss,401,3,surrogate,13,1.8242869516049969,195,True
mod_wd1,train_loss,401,3,surrogate,14,1.7823869368687735,195,True
mod_wd1,train_loss,401,3,surrogate,15,2.6380949363205155,195,True
mod_wd1,train_loss,401,3,surrogate,16,2.6064192482239608,195,True
mod_wd1,train_loss,401,3,surrogate,17,1.285257600819626,195,True
mod_wd1,train_loss,401,3,surrogate,18,2.025939337090008,195,True
mod_wd1,train_loss,401,3,surrogate,19,2.559157631668549,195,True
mod_wd1,train_loss,401,3,surrogate,20,1.8499988340290683,195,True
mod_wd1,train_loss,401,3,surrogate,21,2.8518454934455484,195,True
mod_wd1,train_loss,401,3,surrogate,22,1.1630546573937792,195,True
mod_wd1,train_loss,401,3,surrogate,23,1.680225711273575,195,True
mod_wd1,train_loss,401,3,surrogate,24,1.5536978225264242,195,True
mod_wd1,train_loss,401,3,surrogate,25,1.373797018747261,195,True
mod_wd1,train_loss,401,3,surrogate,26,1.543398032320614,195,True
mod_wd1,train_loss,401,3,surrogate,27,2.2805395060227682,195,True
mod_wd1,train_loss,401,3,surrogate,28,1.3833658217916232,195,True
mod_wd1,train_loss,401,3,surrogate,29,3.24931414554861,195,True
mod_wd1,train_loss,401,3,surrogate,30,1.7511508750761933,195,True
mod_wd1,train_loss,401,3,surrogate,31,1.5125699203552814,195,True
mod_wd1,train_loss,401,3,surrogate,32,1.3945284803023132,195,True
mod_wd1,train_loss,401,3,surrogate,33,2.5349059432995333,195,True
mod_wd1,train_loss,401,3,surrogate,34,1.721109781004818,195,True
mod_wd1,train_loss,401,3,surrogate,35,1.6423933664402157,195,True
mod_wd1,train_loss,401,3,surrogate,36,2.3609903167756383,195,True
mod_wd1,train_loss,401,3,surrogate,37,2.7919619562104288,195,True
mod_wd1,train_loss,401,3,surrogate,38,1.8714958827779204,195,True
mod_wd1,train_loss,401,4,observed,-1,1.3550441556471329,195,True
mod_wd1,train_loss,401,4,surrogate,0,2.2469605690430274,195,True
mod_wd1,train_loss,401,4,surrogate,1,1.6440484637820727,195,True
mod_wd1,train_loss,401,4,surrogate,2,0.9535092558540084,195,True
mod_wd1,train_loss,401,4,surrogate,3,1.1670681813552222,195,True
mod_wd1,train_loss,401,4,surrogate,4,1.3431437796373928,195,True
mod_wd1,train_loss,401,4,surrogate,5,2.328518223737916,195,True
mod_wd1,train_loss,401,4,surrogate,6,4.191211974098002,195,True
mod_wd1,train_loss,401,4,surrogate,7,2.009440918243612,195,True
mod_wd1,train_loss,401,4,surrogate,8,1.5353435758977259,195,True
mod_wd1,train_loss,401,4,surrogate,9,1.4250453525398874,195,True
mod_wd1,train_loss,401,4,surrogate,10,1.1746418385020252,195,True
mod_wd1,train_loss,401,4,surrogate,11,1.5967139215535873,195,True
mod_wd1,train_loss,401,4,surrogate,12,1.995987023566225,195,True
mod_wd1,train_loss,401,4,surrogate,13,2.305971654530648,195,True
mod_wd1,train_loss,401,4,surrogate,14,2.058608385679176,195,True
mod_wd1,train_loss,401,4,surrogate,15,1.9210026861542873,195,True
mod_wd1,train_loss,401,4,surrogate,16,1.8678044960170914,195,True
mod_wd1,train_loss,401,4,surrogate,17,1.3411868426136722,195,True
mod_wd1,train_loss,401,4,surrogate,18,1.7405970843569636,195,True
mod_wd1,train_loss,401,4,surrogate,19,1.5776751100536184,195,True
mod_wd1,train_loss,401,4,surrogate,20,1.8375045540995414,195,True
mod_wd1,train_loss,401,4,surrogate,21,1.5024017776836067,195,True
mod_wd1,train_loss,401,4,surrogate,22,1.7147037580348805,195,True
mod_wd1,train_loss,401,4,surrogate,23,1.4235845987087488,195,True
mod_wd1,train_loss,401,4,surrogate,24,1.5653584833899281,195,True
mod_wd1,train_loss,401,4,surrogate,25,1.3081518098935232,195,True
mod_wd1,train_loss,401,4,surrogate,26,2.061315714759229,195,True
mod_wd1,train_loss,401,4,surrogate,27,2.209817845545267,195,True
mod_wd1,train_loss,401,4,surrogate,28,1.8374043351876723,195,True
mod_wd1,train_loss,401,4,surrogate,29,1.889390289584966,195,True
mod_wd1,train_loss,401,4,surrogate,30,1.2597712336093472,195,True
mod_wd1,train_loss,401,4,surrogate,31,2.08105075353125,195,True
mod_wd1,train_loss,401,4,surrogate,32,1.1987961689513253,195,True
mod_wd1,train_loss,401,4,surrogate,33,2.7999549800900945,195,True
mod_wd1,train_loss,401,4,surrogate,34,2.1736773753813905,195,True
mod_wd1,train_loss,401,4,surrogate,35,1.6142601441291988,195,True
mod_wd1,train_loss,401,4,surrogate,36,2.333565862836843,195,True
mod_wd1,train_loss,401,4,surrogate,37,2.542193614216808,195,True
mod_wd1,train_loss,401,4,surrogate,38,2.920500153374199,195,True
mod_wd1_s43,weight_norm,101,0,observed,-1,1.912000903845017,195,True
mod_wd1_s43,weight_norm,101,0,surrogate,0,1.2050686077519426,195,True
mod_wd1_s43,weight_norm,101,0,surrogate,1,1.4433783081095384,195,True
mod_wd1_s43,weight_norm,101,0,surrogate,2,1.5428200710612747,195,True
mod_wd1_s43,weight_norm,101,0,surrogate,3,1.4526097055295966,195,True
mod_wd1_s43,weight_norm,101,0,surrogate,4,1.2924403697118345,195,True
mod_wd1_s43,weight_norm,101,0,surrogate,5,1.6195248802422697,195,True
mod_wd1_s43,weight_norm,101,0,surrogate,6,1.4165588766925836,195,True
mod_wd1_s43,weight_norm,101,0,surrogate,7,1.3651668212455956,195,True
mod_wd1_s43,weight_norm,101,0,surrogate,8,1.8197993615341084,195,True
mod_wd1_s43,weight_norm,101,0,surrogate,9,1.503802509413749,195,True
mod_wd1_s43,weight_norm,101,0,surrogate,10,1.7700735442159228,195,True
mod_wd1_s43,weight_norm,101,0,surrogate,11,1.2899584623630074,195,True
mod_wd1_s43,weight_norm,101,0,surrogate,12,1.6006178374178626,195,True
mod_wd1_s43,weight_norm,101,0,surrogate,13,1.4005112109837228,195,True
mod_wd1_s43,weight_norm,101,0,surrogate,14,1.4029951487305496,195,True
mod_wd1_s43,weight_norm,101,0,surrogate,15,1.234560835857388,195,True
mod_wd1_s43,weight_norm,101,0,surrogate,16,1.2891320504226889,195,True
mod_wd1_s43,weight_norm,101,0,surrogate,17,1.5277031659802986,195,True
mod_wd1_s43,weight_norm,101,0,surrogate,18,1.3793032489704482,195,True
mod_wd1_s43,weight_norm,101,0,surrogate,19,2.0530774760404538,195,True
mod_wd1_s43,weight_norm,101,0,surrogate,20,1.4476484903720974,195,True
mod_wd1_s43,weight_norm,101,0,surrogate,21,1.4123156255311713,195,True
mod_wd1_s43,weight_norm,101,0,surrogate,22,1.2813616792678244,195,True
mod_wd1_s43,weight_norm,101,0,surrogate,23,2.058663176211559,195,True
mod_wd1_s43,weight_norm,101,0,surrogate,24,1.7807978813093677,195,True
mod_wd1_s43,weight_norm,101,0,surrogate,25,1.4202118842466411,195,True
mod_wd1_s43,weight_norm,101,0,surrogate,26,1.694164372368917,195,True
mod_wd1_s43,weight_norm,101,0,surrogate,27,1.4156356511774195,195,True
mod_wd1_s43,weight_norm,101,0,surrogate,28,1.263956341425538,195,True
mod_wd1_s43,weight_norm,101,0,surrogate,29,2.249155855845584,195,True
mod_wd1_s43,weight_norm,101,0,surrogate,30,1.541009741713051,195,True
mod_wd1_s43,weight_norm,101,0,surrogate,31,1.2569162576082884,195,True
mod_wd1_s43,weight_norm,101,0,surrogate,32,1.3354334064069535,195,True
mod_wd1_s43,weight_norm,101,0,surrogate,33,1.5628911602239755,195,True
mod_wd1_s43,weight_norm,101,0,surrogate,34,1.6156496263330893,195,True
mod_wd1_s43,weight_norm,101,0,surrogate,35,1.6795250266197248,195,True
mod_wd1_s43,weight_norm,101,0,surrogate,36,1.825152747096619,195,True
mod_wd1_s43,weight_norm,101,0,surrogate,37,1.3235395320522156,195,True
mod_wd1_s43,weight_norm,101,0,surrogate,38,1.3278730755085166,195,True
mod_wd1_s43,weight_norm,101,1,observed,-1,1.912000903845017,195,True
mod_wd1_s43,weight_norm,101,1,surrogate,0,1.6744014899238981,195,True
mod_wd1_s43,weight_norm,101,1,surrogate,1,1.9735466667536257,195,True
mod_wd1_s43,weight_norm,101,1,surrogate,2,1.6020193876116071,195,True
mod_wd1_s43,weight_norm,101,1,surrogate,3,1.675645909938847,195,True
mod_wd1_s43,weight_norm,101,1,surrogate,4,1.393264100156002,195,True
mod_wd1_s43,weight_norm,101,1,surrogate,5,1.4582262509270294,195,True
mod_wd1_s43,weight_norm,101,1,surrogate,6,1.2474324089418594,195,True
mod_wd1_s43,weight_norm,101,1,surrogate,7,1.2451361486360781,195,True
mod_wd1_s43,weight_norm,101,1,surrogate,8,1.4323427066253058,195,True
mod_wd1_s43,weight_norm,101,1,surrogate,9,1.464804738144497,195,True
mod_wd1_s43,weight_norm,101,1,surrogate,10,1.9819425142615086,195,True
mod_wd1_s43,weight_norm,101,1,surrogate,11,1.2469427932838155,195,True
mod_wd1_s43,weight_norm,101,1,surrogate,12,1.6069800146521103,195,True
mod_wd1_s43,weight_norm,101,1,surrogate,13,1.444207521271078,195,True
mod_wd1_s43,weight_norm,101,1,surrogate,14,1.3809817625188632,195,True
mod_wd1_s43,weight_norm,101,1,surrogate,15,1.2821372002600646,195,True
mod_wd1_s43,weight_norm,101,1,surrogate,16,1.531905719721546,195,True
mod_wd1_s43,weight_norm,101,1,surrogate,17,1.2612485911077636,195,True
mod_wd1_s43,weight_norm,101,1,surrogate,18,1.4947073524439707,195,True
mod_wd1_s43,weight_norm,101,1,surrogate,19,1.3339482453052016,195,True
mod_wd1_s43,weight_norm,101,1,surrogate,20,1.3988661728500291,195,True
mod_wd1_s43,weight_norm,101,1,surrogate,21,1.2927217275963294,195,True
mod_wd1_s43,weight_norm,101,1,surrogate,22,1.420864027182626,195,True
mod_wd1_s43,weight_norm,101,1,surrogate,23,1.4801573278088498,195,True
mod_wd1_s43,weight_norm,101,1,surrogate,24,1.598617642987968,195,True
mod_wd1_s43,weight_norm,101,1,surrogate,25,1.459488531109508,195,True
mod_wd1_s43,weight_norm,101,1,surrogate,26,1.3859249822029966,195,True
mod_wd1_s43,weight_norm,101,1,surrogate,27,1.4533076666985247,195,True
mod_wd1_s43,weight_norm,101,1,surrogate,28,1.6934604204293413,195,True
mod_wd1_s43,weight_norm,101,1,surrogate,29,1.0892857991995846,195,True
mod_wd1_s43,weight_norm,101,1,surrogate,30,2.05398103570829,195,True
mod_wd1_s43,weight_norm,101,1,surrogate,31,1.4720019601375713,195,True
mod_wd1_s43,weight_norm,101,1,surrogate,32,1.6326855931828337,195,True
mod_wd1_s43,weight_norm,101,1,surrogate,33,1.4148959527001261,195,True
mod_wd1_s43,weight_norm,101,1,surrogate,34,0.9438390583187025,195,True
mod_wd1_s43,weight_norm,101,1,surrogate,35,1.558332938841967,195,True
mod_wd1_s43,weight_norm,101,1,surrogate,36,1.4507268813180458,195,True
mod_wd1_s43,weight_norm,101,1,surrogate,37,1.3103677744458015,195,True
mod_wd1_s43,weight_norm,101,1,surrogate,38,1.4282475318730294,195,True
mod_wd1_s43,weight_norm,101,2,observed,-1,1.912000903845017,195,True
mod_wd1_s43,weight_norm,101,2,surrogate,0,1.4048577172775925,195,True
mod_wd1_s43,weight_norm,101,2,surrogate,1,1.5318067939659987,195,True
mod_wd1_s43,weight_norm,101,2,surrogate,2,1.1740357847928433,195,True
mod_wd1_s43,weight_norm,101,2,surrogate,3,1.458990164684765,195,True
mod_wd1_s43,weight_norm,101,2,surrogate,4,1.9604467446473264,195,True
mod_wd1_s43,weight_norm,101,2,surrogate,5,1.4304862878609568,195,True
mod_wd1_s43,weight_norm,101,2,surrogate,6,2.306718585397336,195,True
mod_wd1_s43,weight_norm,101,2,surrogate,7,1.3309713613295953,195,True
mod_wd1_s43,weight_norm,101,2,surrogate,8,1.2257234569379425,195,True
mod_wd1_s43,weight_norm,101,2,surrogate,9,1.3746126204031504,195,True
mod_wd1_s43,weight_norm,101,2,surrogate,10,1.5719348623218974,195,True
mod_wd1_s43,weight_norm,101,2,surrogate,11,1.4166908645085314,195,True
mod_wd1_s43,weight_norm,101,2,surrogate,12,1.735475236069977,195,True
mod_wd1_s43,weight_norm,101,2,surrogate,13,1.4010219850349876,195,True
mod_wd1_s43,weight_norm,101,2,surrogate,14,1.3923422372185146,195,True
mod_wd1_s43,weight_norm,101,2,surrogate,15,1.6586592102698081,195,True
mod_wd1_s43,weight_norm,101,2,surrogate,16,1.5466861688217324,195,True
mod_wd1_s43,weight_norm,101,2,surrogate,17,1.8293399732149307,195,True
mod_wd1_s43,weight_norm,101,2,surrogate,18,1.543712532525817,195,True
mod_wd1_s43,weight_norm,101,2,surrogate,19,1.426188415072393,195,True
mod_wd1_s43,weight_norm,101,2,surrogate,20,1.7529889902849778,195,True
mod_wd1_s43,weight_norm,101,2,surrogate,21,1.6449564522825995,195,True
mod_wd1_s43,weight_norm,101,2,surrogate,22,1.4150468544287542,195,True
mod_wd1_s43,weight_norm,101,2,surrogate,23,1.4778148576269161,195,True
mod_wd1_s43,weight_norm,101,2,surrogate,24,1.6081177165221956,195,True
mod_wd1_s43,weight_norm,101,2,surrogate,25,1.2375594760219928,195,True
mod_wd1_s43,weight_norm,101,2,surrogate,26,1.6463452086965475,195,True
mod_wd1_s43,weight_norm,101,2,surrogate,27,1.3791129308703516,195,True
mod_wd1_s43,weight_norm,101,2,surrogate,28,1.5267904956507434,195,True
mod_wd1_s43,weight_norm,101,2,surrogate,29,1.6261088457362884,195,True
mod_wd1_s43,weight_norm,101,2,surrogate,30,1.269887740404017,195,True
mod_wd1_s43,weight_norm,101,2,surrogate,31,1.1558095105210748,195,True
mod_wd1_s43,weight_norm,101,2,surrogate,32,1.5122197290345296,195,True
mod_wd1_s43,weight_norm,101,2,surrogate,33,1.6681634232201747,195,True
mod_wd1_s43,weight_norm,101,2,surrogate,34,1.5664581350281048,195,True
mod_wd1_s43,weight_norm,101,2,surrogate,35,1.2459080923103785,195,True
mod_wd1_s43,weight_norm,101,2,surrogate,36,2.0618962957250218,195,True
mod_wd1_s43,weight_norm,101,2,surrogate,37,1.3841816812381207,195,True
mod_wd1_s43,weight_norm,101,2,surrogate,38,1.5457104832566664,195,True
mod_wd1_s43,weight_norm,101,3,observed,-1,1.912000903845017,195,True
mod_wd1_s43,weight_norm,101,3,surrogate,0,1.7298520427984325,195,True
mod_wd1_s43,weight_norm,101,3,surrogate,1,1.3203731042039055,195,True
mod_wd1_s43,weight_norm,101,3,surrogate,2,1.360627590568778,195,True
mod_wd1_s43,weight_norm,101,3,surrogate,3,1.7551058449173,195,True
mod_wd1_s43,weight_norm,101,3,surrogate,4,1.3881983662255932,195,True
mod_wd1_s43,weight_norm,101,3,surrogate,5,1.2412905058215808,195,True
mod_wd1_s43,weight_norm,101,3,surrogate,6,1.3977605632606631,195,True
mod_wd1_s43,weight_norm,101,3,surrogate,7,1.4865660197683368,195,True
mod_wd1_s43,weight_norm,101,3,surrogate,8,1.3405479879225395,195,True
mod_wd1_s43,weight_norm,101,3,surrogate,9,1.328095635015944,195,True
mod_wd1_s43,weight_norm,101,3,surrogate,10,1.5378874133139808,195,True
mod_wd1_s43,weight_norm,101,3,surrogate,11,1.568613476812272,195,True
mod_wd1_s43,weight_norm,101,3,surrogate,12,1.4409685796227183,195,True
mod_wd1_s43,weight_norm,101,3,surrogate,13,1.4945197733406572,195,True
mod_wd1_s43,weight_norm,101,3,surrogate,14,1.2588886258567107,195,True
mod_wd1_s43,weight_norm,101,3,surrogate,15,1.824893217468269,195,True
mod_wd1_s43,weight_norm,101,3,surrogate,16,1.3069908180860839,195,True
mod_wd1_s43,weight_norm,101,3,surrogate,17,1.518336734760818,195,True
mod_wd1_s43,weight_norm,101,3,surrogate,18,1.474923566134187,195,True
mod_wd1_s43,weight_norm,101,3,surrogate,19,1.436240806681011,195,True
mod_wd1_s43,weight_norm,101,3,surrogate,20,1.457539051208401,195,True
mod_wd1_s43,weight_norm,101,3,surrogate,21,1.9984817119245761,195,True
mod_wd1_s43,weight_norm,101,3,surrogate,22,1.37137394245902,195,True
mod_wd1_s43,weight_norm,101,3,surrogate,23,1.4475898808264196,195,True
mod_wd1_s43,weight_norm,101,3,surrogate,24,1.231730677686617,195,True
mod_wd1_s43,weight_norm,101,3,surrogate,25,1.431418038756856,195,True
mod_wd1_s43,weight_norm,101,3,surrogate,26,1.3696650151820047,195,True
mod_wd1_s43,weight_norm,101,3,surrogate,27,1.4375016562316956,195,True
mod_wd1_s43,weight_norm,101,3,surrogate,28,1.7119144343846868,195,True
mod_wd1_s43,weight_norm,101,3,surrogate,29,1.4321964591365117,195,True
mod_wd1_s43,weight_norm,101,3,surrogate,30,1.7098290346929024,195,True
mod_wd1_s43,weight_norm,101,3,surrogate,31,1.4140210868897825,195,True
mod_wd1_s43,weight_norm,101,3,surrogate,32,1.483340670365122,195,True
mod_wd1_s43,weight_norm,101,3,surrogate,33,1.3808975649123587,195,True
mod_wd1_s43,weight_norm,101,3,surrogate,34,1.401921624957427,195,True
mod_wd1_s43,weight_norm,101,3,surrogate,35,1.5143010269345216,195,True
mod_wd1_s43,weight_norm,101,3,surrogate,36,1.4042563612469066,195,True
mod_wd1_s43,weight_norm,101,3,surrogate,37,1.492078409638464,195,True
mod_wd1_s43,weight_norm,101,3,surrogate,38,1.4433864097808367,195,True
mod_wd1_s43,weight_norm,101,4,observed,-1,1.912000903845017,195,True
mod_wd1_s43,weight_norm,101,4,surrogate,0,1.4179708305931982,195,True
mod_wd1_s43,weight_norm,101,4,surrogate,1,1.476908950255767,195,True
mod_wd1_s43,weight_norm,101,4,surrogate,2,1.8737336886700693,195,True
mod_wd1_s43,weight_norm,101,4,surrogate,3,1.5181962261291337,195,True
mod_wd1_s43,weight_norm,101,4,surrogate,4,1.395363019574691,195,True
mod_wd1_s43,weight_norm,101,4,surrogate,5,1.4550976195716059,195,True
mod_wd1_s43,weight_norm,101,4,surrogate,6,1.5602754526932063,195,True
mod_wd1_s43,weight_norm,101,4,surrogate,7,1.3974092951604506,195,True
mod_wd1_s43,weight_norm,101,4,surrogate,8,1.5814231858875318,195,True
mod_wd1_s43,weight_norm,101,4,surrogate,9,1.341207885524181,195,True
mod_wd1_s43,weight_norm,101,4,surrogate,10,1.6625175489795163,195,True
mod_wd1_s43,weight_norm,101,4,surrogate,11,1.9155296259957135,195,True
mod_wd1_s43,weight_norm,101,4,surrogate,12,1.4478085650960943,195,True
mod_wd1_s43,weight_norm,101,4,surrogate,13,1.8275068712006057,195,True
mod_wd1_s43,weight_norm,101,4,surrogate,14,1.3144519446079528,195,True
mod_wd1_s43,weight_norm,101,4,surrogate,15,1.1422797231781192,195,True
mod_wd1_s43,weight_norm,101,4,surrogate,16,1.5407150963277598,195,True
mod_wd1_s43,weight_norm,101,4,surrogate,17,1.2958605745397527,195,True
mod_wd1_s43,weight_norm,101,4,surrogate,18,1.4546723890367808,195,True
mod_wd1_s43,weight_norm,101,4,surrogate,19,1.364452479607518,195,True
mod_wd1_s43,weight_norm,101,4,surrogate,20,1.37363008278977,195,True
mod_wd1_s43,weight_norm,101,4,surrogate,21,1.75275781828735,195,True
mod_wd1_s43,weight_norm,101,4,surrogate,22,1.4877311675220422,195,True
mod_wd1_s43,weight_norm,101,4,surrogate,23,1.4949651827400938,195,True
mod_wd1_s43,weight_norm,101,4,surrogate,24,1.5522712477923433,195,True
mod_wd1_s43,weight_norm,101,4,surrogate,25,1.5583874109641622,195,True
mod_wd1_s43,weight_norm,101,4,surrogate,26,1.5940675616324704,195,True
mod_wd1_s43,weight_norm,101,4,surrogate,27,1.715094554957931,195,True
mod_wd1_s43,weight_norm,101,4,surrogate,28,1.3006495255650425,195,True
mod_wd1_s43,weight_norm,101,4,surrogate,29,1.7308763159226315,195,True
mod_wd1_s43,weight_norm,101,4,surrogate,30,1.385463423255169,195,True
mod_wd1_s43,weight_norm,101,4,surrogate,31,1.6868410659729258,195,True
mod_wd1_s43,weight_norm,101,4,surrogate,32,1.4105158862607574,195,True
mod_wd1_s43,weight_norm,101,4,surrogate,33,1.3438932871128408,195,True
mod_wd1_s43,weight_norm,101,4,surrogate,34,1.3856550166002373,195,True
mod_wd1_s43,weight_norm,101,4,surrogate,35,1.422856572117377,195,True
mod_wd1_s43,weight_norm,101,4,surrogate,36,1.359160814378734,195,True
mod_wd1_s43,weight_norm,101,4,surrogate,37,1.3041051006991533,195,True
mod_wd1_s43,weight_norm,101,4,surrogate,38,1.3518250487446901,195,True
mod_wd1_s43,weight_norm,201,0,observed,-1,1.912000903845017,195,True
mod_wd1_s43,weight_norm,201,0,surrogate,0,1.8312467730094797,195,True
mod_wd1_s43,weight_norm,201,0,surrogate,1,1.7814749635682887,195,True
mod_wd1_s43,weight_norm,201,0,surrogate,2,1.6527855710020003,195,True
mod_wd1_s43,weight_norm,201,0,surrogate,3,1.595870354629035,195,True
mod_wd1_s43,weight_norm,201,0,surrogate,4,2.0113030562474585,195,True
mod_wd1_s43,weight_norm,201,0,surrogate,5,1.5929812144348598,195,True
mod_wd1_s43,weight_norm,201,0,surrogate,6,1.9686107715679926,195,True
mod_wd1_s43,weight_norm,201,0,surrogate,7,1.5653428639363252,195,True
mod_wd1_s43,weight_norm,201,0,surrogate,8,1.3932537265917675,195,True
mod_wd1_s43,weight_norm,201,0,surrogate,9,1.4591336089480016,195,True
mod_wd1_s43,weight_norm,201,0,surrogate,10,1.7418797821717134,195,True
mod_wd1_s43,weight_norm,201,0,surrogate,11,1.4031367530566832,195,True
mod_wd1_s43,weight_norm,201,0,surrogate,12,1.5494730912032826,195,True
mod_wd1_s43,weight_norm,201,0,surrogate,13,1.1420782971257843,195,True
mod_wd1_s43,weight_norm,201,0,surrogate,14,1.1241599295579876,195,True
mod_wd1_s43,weight_norm,201,0,surrogate,15,1.5773817664272967,195,True
mod_wd1_s43,weight_norm,201,0,surrogate,16,1.432924696621051,195,True
mod_wd1_s43,weight_norm,201,0,surrogate,17,1.6675569813974325,195,True
mod_wd1_s43,weight_norm,201,0,surrogate,18,1.8585124947499214,195,True
mod_wd1_s43,weight_norm,201,0,surrogate,19,2.0211816509174976,195,True
mod_wd1_s43,weight_norm,201,0,surrogate,20,1.833402092667801,195,True
mod_wd1_s43,weight_norm,201,0,surrogate,21,1.3843723781320287,195,True
mod_wd1_s43,weight_norm,201,0,surrogate,22,1.2579044066375833,195,True
mod_wd1_s43,weight_norm,201,0,surrogate,23,1.7188274198245774,195,True
mod_wd1_s43,weight_norm,201,0,surrogate,24,1.382820870067442,195,True
mod_wd1_s43,weight_norm,201,0,surrogate,25,1.3053848866747155,195,True
mod_wd1_s43,weight_norm,201,0,surrogate,26,1.7769934690640432,195,True
mod_wd1_s43,weight_norm,201,0,surrogate,27,1.4687127741470622,195,True
mod_wd1_s43,weight_norm,201,0,surrogate,28,2.0761236086072374,195,True
mod_wd1_s43,weight_norm,201,0,surrogate,29,1.2714306388094943,195,True
mod_wd1_s43,weight_norm,201,0,surrogate,30,1.594510029443987,195,True
mod_wd1_s43,weight_norm,201,0,surrogate,31,1.6299923359405069,195,True
mod_wd1_s43,weight_norm,201,0,surrogate,32,1.1719415153984598,195,True
mod_wd1_s43,weight_norm,201,0,surrogate,33,1.3288793390557596,195,True
mod_wd1_s43,weight_norm,201,0,surrogate,34,1.4631906576096767,195,True
mod_wd1_s43,weight_norm,201,0,surrogate,35,1.187245095622001,195,True
mod_wd1_s43,weight_norm,201,0,surrogate,36,1.6615362956256579,195,True
mod_wd1_s43,weight_norm,201,0,surrogate,37,1.653372664727632,195,True
mod_wd1_s43,weight_norm,201,0,surrogate,38,1.3423395860088476,195,True
mod_wd1_s43,weight_norm,201,1,observed,-1,1.912000903845017,195,True
mod_wd1_s43,weight_norm,201,1,surrogate,0,1.7297263727727754,195,True
mod_wd1_s43,weight_norm,201,1,surrogate,1,1.173133710561759,195,True
mod_wd1_s43,weight_norm,201,1,surrogate,2,1.149967802688755,195,True
mod_wd1_s43,weight_norm,201,1,surrogate,3,1.3717571844425938,195,True
mod_wd1_s43,weight_norm,201,1,surrogate,4,1.5558499210190457,195,True
mod_wd1_s43,weight_norm,201,1,surrogate,5,1.6611593168090975,195,True
mod_wd1_s43,weight_norm,201,1,surrogate,6,1.7930657495209938,195,True
mod_wd1_s43,weight_norm,201,1,surrogate,7,1.7014279643082273,195,True
mod_wd1_s43,weight_norm,201,1,surrogate,8,1.484400084062083,195,True
mod_wd1_s43,weight_norm,201,1,surrogate,9,1.7497432560202124,195,True
mod_wd1_s43,weight_norm,201,1,surrogate,10,1.5904053471904156,195,True
mod_wd1_s43,weight_norm,201,1,surrogate,11,1.5642358133935028,195,True
mod_wd1_s43,weight_norm,201,1,surrogate,12,1.2932693428568731,195,True
mod_wd1_s43,weight_norm,201,1,surrogate,13,1.18594794029578,195,True
mod_wd1_s43,weight_norm,201,1,surrogate,14,1.3479662442030613,195,True
mod_wd1_s43,weight_norm,201,1,surrogate,15,1.7117415166645435,195,True
mod_wd1_s43,weight_norm,201,1,surrogate,16,1.330703501892487,195,True
mod_wd1_s43,weight_norm,201,1,surrogate,17,1.411370036088534,195,True
mod_wd1_s43,weight_norm,201,1,surrogate,18,1.2246473118868757,195,True
mod_wd1_s43,weight_norm,201,1,surrogate,19,1.2287455170378037,195,True
mod_wd1_s43,weight_norm,201,1,surrogate,20,1.5920449206491878,195,True
mod_wd1_s43,weight_norm,201,1,surrogate,21,1.343162088624754,195,True
mod_wd1_s43,weight_norm,201,1,surrogate,22,1.2814706933270985,195,True
mod_wd1_s43,weight_norm,201,1,surrogate,23,1.4288957882113449,195,True
mod_wd1_s43,weight_norm,201,1,surrogate,24,1.4426994892393794,195,True
mod_wd1_s43,weight_norm,201,1,surrogate,25,1.465555300956627,195,True
mod_wd1_s43,weight_norm,201,1,surrogate,26,1.2695849066157012,195,True
mod_wd1_s43,weight_norm,201,1,surrogate,27,1.150418106069067,195,True
mod_wd1_s43,weight_norm,201,1,surrogate,28,1.7077484080145922,195,True
mod_wd1_s43,weight_norm,201,1,surrogate,29,1.471319819979235,195,True
mod_wd1_s43,weight_norm,201,1,surrogate,30,1.8175488426879347,195,True
mod_wd1_s43,weight_norm,201,1,surrogate,31,1.2523222794545534,195,True
mod_wd1_s43,weight_norm,201,1,surrogate,32,1.2105520009747481,195,True
mod_wd1_s43,weight_norm,201,1,surrogate,33,1.4014643297483995,195,True
mod_wd1_s43,weight_norm,201,1,surrogate,34,1.8597291353626804,195,True
mod_wd1_s43,weight_norm,201,1,surrogate,35,1.8795365566903899,195,True
mod_wd1_s43,weight_norm,201,1,surrogate,36,1.4179544372672999,195,True
mod_wd1_s43,weight_norm,201,1,surrogate,37,1.1814992996426787,195,True
mod_wd1_s43,weight_norm,201,1,surrogate,38,1.43806514750121,195,True
mod_wd1_s43,weight_norm,201,2,observed,-1,1.912000903845017,195,True
mod_wd1_s43,weight_norm,201,2,surrogate,0,1.7363991493360236,195,True
mod_wd1_s43,weight_norm,201,2,surrogate,1,1.3513930592720313,195,True
mod_wd1_s43,weight_norm,201,2,surrogate,2,1.472489465191842,195,True
mod_wd1_s43,weight_norm,201,2,surrogate,3,1.6709165692264536,195,True
mod_wd1_s43,weight_norm,201,2,surrogate,4,1.3267194987872093,195,True
mod_wd1_s43,weight_norm,201,2,surrogate,5,1.4431213031373367,195,True
mod_wd1_s43,weight_norm,201,2,surrogate,6,1.6200995048152131,195,True
mod_wd1_s43,weight_norm,201,2,surrogate,7,1.1998648800725193,195,True
mod_wd1_s43,weight_norm,201,2,surrogate,8,1.454321813165431,195,True
mod_wd1_s43,weight_norm,201,2,surrogate,9,1.2411644278710097,195,True
mod_wd1_s43,weight_norm,201,2,surrogate,10,1.3788694749715589,195,True
mod_wd1_s43,weight_norm,201,2,surrogate,11,1.565744327765208,195,True
mod_wd1_s43,weight_norm,201,2,surrogate,12,1.4092513674938192,195,True
mod_wd1_s43,weight_norm,201,2,surrogate,13,1.4764022196868956,195,True
mod_wd1_s43,weight_norm,201,2,surrogate,14,1.579230872668505,195,True
mod_wd1_s43,weight_norm,201,2,surrogate,15,1.4755793223408475,195,True
mod_wd1_s43,weight_norm,201,2,surrogate,16,1.214568413264306,195,True
mod_wd1_s43,weight_norm,201,2,surrogate,17,1.3831135906544867,195,True
mod_wd1_s43,weight_norm,201,2,surrogate,18,1.2575619779264262,195,True
mod_wd1_s43,weight_norm,201,2,surrogate,19,1.2041450053982201,195,True
mod_wd1_s43,weight_norm,201,2,surrogate,20,1.455492275487637,195,True
mod_wd1_s43,weight_norm,201,2,surrogate,21,1.4206620160248205,195,True
mod_wd1_s43,weight_norm,201,2,surrogate,22,1.462059485968891,195,True
mod_wd1_s43,weight_norm,201,2,surrogate,23,1.5719177248184029,195,True
mod_wd1_s43,weight_norm,201,2,surrogate,24,1.3241619820398896,195,True
mod_wd1_s43,weight_norm,201,2,surrogate,25,1.3972618614086063,195,True
mod_wd1_s43,weight_norm,201,2,surrogate,26,1.496048976258186,195,True
mod_wd1_s43,weight_norm,201,2,surrogate,27,1.3954381348345195,195,True
mod_wd1_s43,weight_norm,201,2,surrogate,28,1.311678544223984,195,True
mod_wd1_s43,weight_norm,201,2,surrogate,29,1.4396428072854914,195,True
mod_wd1_s43,weight_norm,201,2,surrogate,30,1.0512918503581734,195,True
mod_wd1_s43,weight_norm,201,2,surrogate,31,1.3611839123815115,195,True
mod_wd1_s43,weight_norm,201,2,surrogate,32,1.2158423883025475,195,True
mod_wd1_s43,weight_norm,201,2,surrogate,33,1.7075774469981604,195,True
mod_wd1_s43,weight_norm,201,2,surrogate,34,1.1961935961501546,195,True
mod_wd1_s43,weight_norm,201,2,surrogate,35,1.2483227172487616,195,True
mod_wd1_s43,weight_norm,201,2,surrogate,36,1.4098791864259481,195,True
mod_wd1_s43,weight_norm,201,2,surrogate,37,1.301056830233897,195,True
mod_wd1_s43,weight_norm,201,2,surrogate,38,1.4849128939886818,195,True
mod_wd1_s43,weight_norm,201,3,observed,-1,1.912000903845017,195,True
mod_wd1_s43,weight_norm,201,3,surrogate,0,1.4722827333628556,195,True
mod_wd1_s43,weight_norm,201,3,surrogate,1,1.0687084344311808,195,True
mod_wd1_s43,weight_norm,201,3,surrogate,2,1.4888400595475975,195,True
mod_wd1_s43,weight_norm,201,3,surrogate,3,1.1842148082475887,195,True
mod_wd1_s43,weight_norm,201,3,surrogate,4,1.2963551438450898,195,True
mod_wd1_s43,weight_norm,201,3,surrogate,5,1.2721168076926919,195,True
mod_wd1_s43,weight_norm,201,3,surrogate,6,1.5024060664693157,195,True
mod_wd1_s43,weight_norm,201,3,surrogate,7,1.5336008728860635,195,True
mod_wd1_s43,weight_norm,201,3,surrogate,8,1.421225894616171,195,True
mod_wd1_s43,weight_norm,201,3,surrogate,9,1.782515832821494,195,True
mod_wd1_s43,weight_norm,201,3,surrogate,10,1.5574048103940865,195,True
mod_wd1_s43,weight_norm,201,3,surrogate,11,1.4442264197743995,195,True
mod_wd1_s43,weight_norm,201,3,surrogate,12,1.4377745589000677,195,True
mod_wd1_s43,weight_norm,201,3,surrogate,13,1.4119934738221933,195,True
mod_wd1_s43,weight_norm,201,3,surrogate,14,1.7947674533052242,195,True
mod_wd1_s43,weight_norm,201,3,surrogate,15,1.5736686908192483,195,True
mod_wd1_s43,weight_norm,201,3,surrogate,16,1.5147773091373689,195,True
mod_wd1_s43,weight_norm,201,3,surrogate,17,1.9369896481637416,195,True
mod_wd1_s43,weight_norm,201,3,surrogate,18,1.7086173947065755,195,True
mod_wd1_s43,weight_norm,201,3,surrogate,19,1.3815948761809482,195,True
mod_wd1_s43,weight_norm,201,3,surrogate,20,1.2197580927642138,195,True
mod_wd1_s43,weight_norm,201,3,surrogate,21,1.2658658986650038,195,True
mod_wd1_s43,weight_norm,201,3,surrogate,22,1.3423232789562902,195,True
mod_wd1_s43,weight_norm,201,3,surrogate,23,1.5296408892567412,195,True
mod_wd1_s43,weight_norm,201,3,surrogate,24,1.6813288694190824,195,True
mod_wd1_s43,weight_norm,201,3,surrogate,25,1.1539760770852867,195,True
mod_wd1_s43,weight_norm,201,3,surrogate,26,1.398741713305681,195,True
mod_wd1_s43,weight_norm,201,3,surrogate,27,1.1741355503702136,195,True
mod_wd1_s43,weight_norm,201,3,surrogate,28,1.3622862150814097,195,True
mod_wd1_s43,weight_norm,201,3,surrogate,29,1.4634584926719936,195,True
mod_wd1_s43,weight_norm,201,3,surrogate,30,1.318210948197531,195,True
mod_wd1_s43,weight_norm,201,3,surrogate,31,1.3575163743004377,195,True
mod_wd1_s43,weight_norm,201,3,surrogate,32,1.5642333010871543,195,True
mod_wd1_s43,weight_norm,201,3,surrogate,33,1.1319697251648362,195,True
mod_wd1_s43,weight_norm,201,3,surrogate,34,1.4309612944682462,195,True
mod_wd1_s43,weight_norm,201,3,surrogate,35,1.2145760538813049,195,True
mod_wd1_s43,weight_norm,201,3,surrogate,36,1.20817104368155,195,True
mod_wd1_s43,weight_norm,201,3,surrogate,37,1.508053252901069,195,True
mod_wd1_s43,weight_norm,201,3,surrogate,38,1.8695809834597188,195,True
mod_wd1_s43,weight_norm,201,4,observed,-1,1.912000903845017,195,True
mod_wd1_s43,weight_norm,201,4,surrogate,0,1.1411555095480652,195,True
mod_wd1_s43,weight_norm,201,4,surrogate,1,1.2710076244533342,195,True
mod_wd1_s43,weight_norm,201,4,surrogate,2,1.3405818929868354,195,True
mod_wd1_s43,weight_norm,201,4,surrogate,3,1.7776285400278502,195,True
mod_wd1_s43,weight_norm,201,4,surrogate,4,1.5946329865638147,195,True
mod_wd1_s43,weight_norm,201,4,surrogate,5,1.386487558510048,195,True
mod_wd1_s43,weight_norm,201,4,surrogate,6,1.5415225824572978,195,True
mod_wd1_s43,weight_norm,201,4,surrogate,7,1.189990655906595,195,True
mod_wd1_s43,weight_norm,201,4,surrogate,8,2.047217833198575,195,True
mod_wd1_s43,weight_norm,201,4,surrogate,9,1.5796555756103987,195,True
mod_wd1_s43,weight_norm,201,4,surrogate,10,1.1555745163806983,195,True
mod_wd1_s43,weight_norm,201,4,surrogate,11,1.617787353796676,195,True
mod_wd1_s43,weight_norm,201,4,surrogate,12,1.184147867566363,195,True
mod_wd1_s43,weight_norm,201,4,surrogate,13,1.4782269894467284,195,True
mod_wd1_s43,weight_norm,201,4,surrogate,14,1.2496416139420419,195,True
mod_wd1_s43,weight_norm,201,4,surrogate,15,1.4180148584892718,195,True
mod_wd1_s43,weight_norm,201,4,surrogate,16,1.4732899592273143,195,True
mod_wd1_s43,weight_norm,201,4,surrogate,17,1.4800516435161708,195,True
mod_wd1_s43,weight_norm,201,4,surrogate,18,1.1760550648238242,195,True
mod_wd1_s43,weight_norm,201,4,surrogate,19,1.6185292179950101,195,True
mod_wd1_s43,weight_norm,201,4,surrogate,20,1.619361200620109,195,True
mod_wd1_s43,weight_norm,201,4,surrogate,21,1.3053898468143985,195,True
mod_wd1_s43,weight_norm,201,4,surrogate,22,1.590132320990278,195,True
mod_wd1_s43,weight_norm,201,4,surrogate,23,1.6619082058955676,195,True
mod_wd1_s43,weight_norm,201,4,surrogate,24,1.3326109872678573,195,True
mod_wd1_s43,weight_norm,201,4,surrogate,25,1.3313029982463194,195,True
mod_wd1_s43,weight_norm,201,4,surrogate,26,1.591084452567404,195,True
mod_wd1_s43,weight_norm,201,4,surrogate,27,1.6489848875959958,195,True
mod_wd1_s43,weight_norm,201,4,surrogate,28,1.5446353119960403,195,True
mod_wd1_s43,weight_norm,201,4,surrogate,29,1.404230613460734,195,True
mod_wd1_s43,weight_norm,201,4,surrogate,30,1.7056690089957753,195,True
mod_wd1_s43,weight_norm,201,4,surrogate,31,1.235276364899918,195,True
mod_wd1_s43,weight_norm,201,4,surrogate,32,1.546510180618075,195,True
mod_wd1_s43,weight_norm,201,4,surrogate,33,1.316072541258951,195,True
mod_wd1_s43,weight_norm,201,4,surrogate,34,1.3232137259657144,195,True
mod_wd1_s43,weight_norm,201,4,surrogate,35,1.3244177471748206,195,True
mod_wd1_s43,weight_norm,201,4,surrogate,36,1.4618866671551125,195,True
mod_wd1_s43,weight_norm,201,4,surrogate,37,1.3394432625635155,195,True
mod_wd1_s43,weight_norm,201,4,surrogate,38,1.3677388408171867,195,True
mod_wd1_s43,weight_norm,401,0,observed,-1,1.912000903845017,195,True
mod_wd1_s43,weight_norm,401,0,surrogate,0,1.8561849067237373,195,True
mod_wd1_s43,weight_norm,401,0,surrogate,1,1.3990455843012586,195,True
mod_wd1_s43,weight_norm,401,0,surrogate,2,1.3849718493035277,195,True
mod_wd1_s43,weight_norm,401,0,surrogate,3,1.8960175104133614,195,True
mod_wd1_s43,weight_norm,401,0,surrogate,4,1.2035870307585976,195,True
mod_wd1_s43,weight_norm,401,0,surrogate,5,1.2155259962236937,195,True
mod_wd1_s43,weight_norm,401,0,surrogate,6,1.4961998902731957,195,True
mod_wd1_s43,weight_norm,401,0,surrogate,7,1.3637672976728255,195,True
mod_wd1_s43,weight_norm,401,0,surrogate,8,1.455464256321637,195,True
mod_wd1_s43,weight_norm,401,0,surrogate,9,1.3839274112968172,195,True
mod_wd1_s43,weight_norm,401,0,surrogate,10,1.3318167336299767,195,True
mod_wd1_s43,weight_norm,401,0,surrogate,11,1.5430636163140057,195,True
mod_wd1_s43,weight_norm,401,0,surrogate,12,1.9894116286187586,195,True
mod_wd1_s43,weight_norm,401,0,surrogate,13,1.30107101338736,195,True
mod_wd1_s43,weight_norm,401,0,surrogate,14,1.7219597971259448,195,True
mod_wd1_s43,weight_norm,401,0,surrogate,15,1.7244158747132985,195,True
mod_wd1_s43,weight_norm,401,0,surrogate,16,1.2234897213181837,195,True
mod_wd1_s43,weight_norm,401,0,surrogate,17,1.8832676521748937,195,True
mod_wd1_s43,weight_norm,401,0,surrogate,18,1.296040988931298,195,True
mod_wd1_s43,weight_norm,401,0,surrogate,19,1.160712560793823,195,True
mod_wd1_s43,weight_norm,401,0,surrogate,20,1.3348014033941793,195,True
mod_wd1_s43,weight_norm,401,0,surrogate,21,1.5819911281237016,195,True
mod_wd1_s43,weight_norm,401,0,surrogate,22,1.150836332757024,195,True
mod_wd1_s43,weight_norm,401,0,surrogate,23,1.2578886503411515,195,True
mod_wd1_s43,weight_norm,401,0,surrogate,24,1.2352444331832386,195,True
mod_wd1_s43,weight_norm,401,0,surrogate,25,1.4381804321211773,195,True
mod_wd1_s43,weight_norm,401,0,surrogate,26,1.742671247835461,195,True
mod_wd1_s43,weight_norm,401,0,surrogate,27,1.2384773233055828,195,True
mod_wd1_s43,weight_norm,401,0,surrogate,28,1.5944223772119954,195,True
mod_wd1_s43,weight_norm,401,0,surrogate,29,1.519331425808771,195,True
mod_wd1_s43,weight_norm,401,0,surrogate,30,1.147310999925196,195,True
mod_wd1_s43,weight_norm,401,0,surrogate,31,1.4179952598607903,195,True
mod_wd1_s43,weight_norm,401,0,surrogate,32,1.2507638483148615,195,True
mod_wd1_s43,weight_norm,401,0,surrogate,33,1.396343166910192,195,True
mod_wd1_s43,weight_norm,401,0,surrogate,34,1.3738395584286243,195,True
mod_wd1_s43,weight_norm,401,0,surrogate,35,1.2760905441924406,195,True
mod_wd1_s43,weight_norm,401,0,surrogate,36,1.2783505161069795,195,True
mod_wd1_s43,weight_norm,401,0,surrogate,37,1.790585792921502,195,True
mod_wd1_s43,weight_norm,401,0,surrogate,38,1.7041462297429246,195,True
mod_wd1_s43,weight_norm,401,1,observed,-1,1.912000903845017,195,True
mod_wd1_s43,weight_norm,401,1,surrogate,0,1.249440171288605,195,True
mod_wd1_s43,weight_norm,401,1,surrogate,1,1.566316189721538,195,True
mod_wd1_s43,weight_norm,401,1,surrogate,2,1.6248375647662194,195,True
mod_wd1_s43,weight_norm,401,1,surrogate,3,1.3545270415213213,195,True
mod_wd1_s43,weight_norm,401,1,surrogate,4,1.6031812394179448,195,True
mod_wd1_s43,weight_norm,401,1,surrogate,5,1.8137514337321046,195,True
mod_wd1_s43,weight_norm,401,1,surrogate,6,1.5072792604173593,195,True
mod_wd1_s43,weight_norm,401,1,surrogate,7,1.4338340849073474,195,True
mod_wd1_s43,weight_norm,401,1,surrogate,8,1.7291990890858249,195,True
mod_wd1_s43,weight_norm,401,1,surrogate,9,1.3467783321266638,195,True
mod_wd1_s43,weight_norm,401,1,surrogate,10,1.4026375364631931,195,True
mod_wd1_s43,weight_norm,401,1,surrogate,11,1.39115621651787,195,True
mod_wd1_s43,weight_norm,401,1,surrogate,12,1.7179497591895894,195,True
mod_wd1_s43,weight_norm,401,1,surrogate,13,1.6459096134450588,195,True
mod_wd1_s43,weight_norm,401,1,surrogate,14,1.4216832837061522,195,True
mod_wd1_s43,weight_norm,401,1,surrogate,15,1.441309653256276,195,True
mod_wd1_s43,weight_norm,401,1,surrogate,16,1.2864022465312468,195,True
mod_wd1_s43,weight_norm,401,1,surrogate,17,1.6754991910022048,195,True
mod_wd1_s43,weight_norm,401,1,surrogate,18,1.6864066592733515,195,True
mod_wd1_s43,weight_norm,401,1,surrogate,19,1.2633795908935002,195,True
mod_wd1_s43,weight_norm,401,1,surrogate,20,1.2675479677412689,195,True
mod_wd1_s43,weight_norm,401,1,surrogate,21,1.203107895196092,195,True
mod_wd1_s43,weight_norm,401,1,surrogate,22,1.1938439191950763,195,True
mod_wd1_s43,weight_norm,401,1,surrogate,23,1.7373750388934077,195,True
mod_wd1_s43,weight_norm,401,1,surrogate,24,1.4287775209355205,195,True
mod_wd1_s43,weight_norm,401,1,surrogate,25,1.3058992087587922,195,True
mod_wd1_s43,weight_norm,401,1,surrogate,26,1.3976254670968125,195,True
mod_wd1_s43,weight_norm,401,1,surrogate,27,1.3526512950560776,195,True
mod_wd1_s43,weight_norm,401,1,surrogate,28,1.554722561542943,195,True
mod_wd1_s43,weight_norm,401,1,surrogate,29,1.2958988014473403,195,True
mod_wd1_s43,weight_norm,401,1,surrogate,30,1.3879633095050108,195,True
mod_wd1_s43,weight_norm,401,1,surrogate,31,1.619411375970167,195,True
mod_wd1_s43,weight_norm,401,1,surrogate,32,1.3967121118051296,195,True
mod_wd1_s43,weight_norm,401,1,surrogate,33,1.5777963407219893,195,True
mod_wd1_s43,weight_norm,401,1,surrogate,34,1.4290760618492004,195,True
mod_wd1_s43,weight_norm,401,1,surrogate,35,1.382266552219799,195,True
mod_wd1_s43,weight_norm,401,1,surrogate,36,1.6764041466107982,195,True
mod_wd1_s43,weight_norm,401,1,surrogate,37,1.5447227273289914,195,True
mod_wd1_s43,weight_norm,401,1,surrogate,38,1.306547156584549,195,True
mod_wd1_s43,weight_norm,401,2,observed,-1,1.912000903845017,195,True
mod_wd1_s43,weight_norm,401,2,surrogate,0,1.7543317426720353,195,True
mod_wd1_s43,weight_norm,401,2,surrogate,1,1.6969765820963325,195,True
mod_wd1_s43,weight_norm,401,2,surrogate,2,1.24619335442219,195,True
mod_wd1_s43,weight_norm,401,2,surrogate,3,1.8667721129703707,195,True
mod_wd1_s43,weight_norm,401,2,surrogate,4,1.210614482838275,195,True
mod_wd1_s43,weight_norm,401,2,surrogate,5,1.1601417571096837,195,True
mod_wd1_s43,weight_norm,401,2,surrogate,6,1.5255532613369684,195,True
mod_wd1_s43,weight_norm,401,2,surrogate,7,1.2035856543100623,195,True
mod_wd1_s43,weight_norm,401,2,surrogate,8,1.288648346168497,195,True
mod_wd1_s43,weight_norm,401,2,surrogate,9,1.102178177195837,195,True
mod_wd1_s43,weight_norm,401,2,surrogate,10,1.336507752671553,195,True
mod_wd1_s43,weight_norm,401,2,surrogate,11,1.2357412510038723,195,True
mod_wd1_s43,weight_norm,401,2,surrogate,12,1.5122725150187515,195,True
mod_wd1_s43,weight_norm,401,2,surrogate,13,1.7286941542224956,195,True
mod_wd1_s43,weight_norm,401,2,surrogate,14,1.157951680409177,195,True
mod_wd1_s43,weight_norm,401,2,surrogate,15,1.094605192984301,195,True
mod_wd1_s43,weight_norm,401,2,surrogate,16,1.301691579914163,195,True
mod_wd1_s43,weight_norm,401,2,surrogate,17,1.3600672800484954,195,True
mod_wd1_s43,weight_norm,401,2,surrogate,18,1.7279516466085076,195,True
mod_wd1_s43,weight_norm,401,2,surrogate,19,1.217197283564738,195,True
mod_wd1_s43,weight_norm,401,2,surrogate,20,1.5800590825637082,195,True
mod_wd1_s43,weight_norm,401,2,surrogate,21,1.2830716356341232,195,True
mod_wd1_s43,weight_norm,401,2,surrogate,22,1.1316902943241807,195,True
mod_wd1_s43,weight_norm,401,2,surrogate,23,1.3839229290774901,195,True
mod_wd1_s43,weight_norm,401,2,surrogate,24,1.261665509835955,195,True
mod_wd1_s43,weight_norm,401,2,surrogate,25,1.3343487546324115,195,True
mod_wd1_s43,weight_norm,401,2,surrogate,26,1.691922116119757,195,True
mod_wd1_s43,weight_norm,401,2,surrogate,27,1.7588446934619606,195,True
mod_wd1_s43,weight_norm,401,2,surrogate,28,1.9589902304294666,195,True
mod_wd1_s43,weight_norm,401,2,surrogate,29,1.358107994935096,195,True
mod_wd1_s43,weight_norm,401,2,surrogate,30,1.4571152406451933,195,True
mod_wd1_s43,weight_norm,401,2,surrogate,31,1.4744681945062197,195,True
mod_wd1_s43,weight_norm,401,2,surrogate,32,1.3548073414714885,195,True
mod_wd1_s43,weight_norm,401,2,surrogate,33,1.3613722706015903,195,True
mod_wd1_s43,weight_norm,401,2,surrogate,34,1.3603413944569378,195,True
mod_wd1_s43,weight_norm,401,2,surrogate,35,1.2984051512940527,195,True
mod_wd1_s43,weight_norm,401,2,surrogate,36,1.5884692499882178,195,True
mod_wd1_s43,weight_norm,401,2,surrogate,37,1.156853791037614,195,True
mod_wd1_s43,weight_norm,401,2,surrogate,38,1.2386643614601165,195,True
mod_wd1_s43,weight_norm,401,3,observed,-1,1.912000903845017,195,True
mod_wd1_s43,weight_norm,401,3,surrogate,0,1.1668017822380583,195,True
mod_wd1_s43,weight_norm,401,3,surrogate,1,1.2647758715259854,195,True
mod_wd1_s43,weight_norm,401,3,surrogate,2,1.7266854745258273,195,True
mod_wd1_s43,weight_norm,401,3,surrogate,3,1.4979554081839388,195,True
mod_wd1_s43,weight_norm,401,3,surrogate,4,1.1958110711909977,195,True
mod_wd1_s43,weight_norm,401,3,surrogate,5,1.571005704658082,195,True
mod_wd1_s43,weight_norm,401,3,surrogate,6,1.5878952044536274,195,True
mod_wd1_s43,weight_norm,401,3,surrogate,7,1.3641330215584808,195,True
mod_wd1_s43,weight_norm,401,3,surrogate,8,1.3763444423938238,195,True
mod_wd1_s43,weight_norm,401,3,surrogate,9,1.2946154249426953,195,True
mod_wd1_s43,weight_norm,401,3,surrogate,10,1.397449490189102,195,True
mod_wd1_s43,weight_norm,401,3,surrogate,11,1.1704302712839811,195,True
mod_wd1_s43,weight_norm,401,3,surrogate,12,1.3336353338837987,195,True
mod_wd1_s43,weight_norm,401,3,surrogate,13,1.3922517631156512,195,True
mod_wd1_s43,weight_norm,401,3,surrogate,14,1.3929981072635296,195,True
mod_wd1_s43,weight_norm,401,3,surrogate,15,1.1644565276577363,195,True
mod_wd1_s43,weight_norm,401,3,surrogate,16,1.6116783920013837,195,True
mod_wd1_s43,weight_norm,401,3,surrogate,17,1.555906409702224,195,True
mod_wd1_s43,weight_norm,401,3,surrogate,18,1.2283959022859126,195,True
mod_wd1_s43,weight_norm,401,3,surrogate,19,1.2027759063118224,195,True
mod_wd1_s43,weight_norm,401,3,surrogate,20,1.334153533976695,195,True
mod_wd1_s43,weight_norm,401,3,surrogate,21,1.3594144958078973,195,True
mod_wd1_s43,weight_norm,401,3,surrogate,22,1.2749985632506748,195,True
mod_wd1_s43,weight_norm,401,3,surrogate,23,1.284747802880818,195,True
mod_wd1_s43,weight_norm,401,3,surrogate,24,1.534397322494059,195,True
mod_wd1_s43,weight_norm,401,3,surrogate,25,1.3467155993135156,195,True
mod_wd1_s43,weight_norm,401,3,surrogate,26,1.3868468862274028,195,True
mod_wd1_s43,weight_norm,401,3,surrogate,27,1.4767171827021923,195,True
mod_wd1_s43,weight_norm,401,3,surrogate,28,1.6628083929112112,195,True
mod_wd1_s43,weight_norm,401,3,surrogate,29,1.2515846327956448,195,True
mod_wd1_s43,weight_norm,401,3,surrogate,30,1.2576877788554581,195,True
mod_wd1_s43,weight_norm,401,3,surrogate,31,1.7945287429808099,195,True
mod_wd1_s43,weight_norm,401,3,surrogate,32,1.3449830181217457,195,True
mod_wd1_s43,weight_norm,401,3,surrogate,33,1.0792614007228107,195,True
mod_wd1_s43,weight_norm,401,3,surrogate,34,1.2026357044627736,195,True
mod_wd1_s43,weight_norm,401,3,surrogate,35,1.4828090059119237,195,True
mod_wd1_s43,weight_norm,401,3,surrogate,36,1.2369803200175562,195,True
mod_wd1_s43,weight_norm,401,3,surrogate,37,1.600401538070476,195,True
mod_wd1_s43,weight_norm,401,3,surrogate,38,1.4236444851186267,195,True
mod_wd1_s43,weight_norm,401,4,observed,-1,1.912000903845017,195,True
mod_wd1_s43,weight_norm,401,4,surrogate,0,1.448467680115274,195,True
mod_wd1_s43,weight_norm,401,4,surrogate,1,1.3798718133565087,195,True
mod_wd1_s43,weight_norm,401,4,surrogate,2,1.4134222162742356,195,True
mod_wd1_s43,weight_norm,401,4,surrogate,3,1.1564907489311602,195,True
mod_wd1_s43,weight_norm,401,4,surrogate,4,1.0208850923652195,195,True
mod_wd1_s43,weight_norm,401,4,surrogate,5,1.2871285839751747,195,True
mod_wd1_s43,weight_norm,401,4,surrogate,6,1.487570133580627,195,True
mod_wd1_s43,weight_norm,401,4,surrogate,7,1.5256973326026033,195,True
mod_wd1_s43,weight_norm,401,4,surrogate,8,1.7359240954791786,195,True
mod_wd1_s43,weight_norm,401,4,surrogate,9,1.2828867060565474,195,True
mod_wd1_s43,weight_norm,401,4,surrogate,10,1.7949455458729293,195,True
mod_wd1_s43,weight_norm,401,4,surrogate,11,1.5961394689083641,195,True
mod_wd1_s43,weight_norm,401,4,surrogate,12,1.1075922908465432,195,True
mod_wd1_s43,weight_norm,401,4,surrogate,13,1.522305859730561,195,True
mod_wd1_s43,weight_norm,401,4,surrogate,14,1.386374919291746,195,True
mod_wd1_s43,weight_norm,401,4,surrogate,15,1.5210454170870737,195,True
mod_wd1_s43,weight_norm,401,4,surrogate,16,2.085042949763417,195,True
mod_wd1_s43,weight_norm,401,4,surrogate,17,1.347531200377652,195,True
mod_wd1_s43,weight_norm,401,4,surrogate,18,1.2047165909626256,195,True
mod_wd1_s43,weight_norm,401,4,surrogate,19,1.0606979132520962,195,True
mod_wd1_s43,weight_norm,401,4,surrogate,20,1.4249257953644097,195,True
mod_wd1_s43,weight_norm,401,4,surrogate,21,1.5988084471062483,195,True
mod_wd1_s43,weight_norm,401,4,surrogate,22,1.1597354147760948,195,True
mod_wd1_s43,weight_norm,401,4,surrogate,23,1.7142390805638852,195,True
mod_wd1_s43,weight_norm,401,4,surrogate,24,1.3127985228895258,195,True
mod_wd1_s43,weight_norm,401,4,surrogate,25,1.0676480058743234,195,True
mod_wd1_s43,weight_norm,401,4,surrogate,26,1.3731969495327336,195,True
mod_wd1_s43,weight_norm,401,4,surrogate,27,1.5256086137782243,195,True
mod_wd1_s43,weight_norm,401,4,surrogate,28,1.4717224138728946,195,True
mod_wd1_s43,weight_norm,401,4,surrogate,29,1.3930387340914108,195,True
mod_wd1_s43,weight_norm,401,4,surrogate,30,1.1155067247452972,195,True
mod_wd1_s43,weight_norm,401,4,surrogate,31,1.4271524593965235,195,True
mod_wd1_s43,weight_norm,401,4,surrogate,32,1.1996112749138286,195,True
mod_wd1_s43,weight_norm,401,4,surrogate,33,1.292345183126259,195,True
mod_wd1_s43,weight_norm,401,4,surrogate,34,1.6303115581177356,195,True
mod_wd1_s43,weight_norm,401,4,surrogate,35,1.3619418049070509,195,True
mod_wd1_s43,weight_norm,401,4,surrogate,36,1.6249721433121984,195,True
mod_wd1_s43,weight_norm,401,4,surrogate,37,1.8611761284221275,195,True
mod_wd1_s43,weight_norm,401,4,surrogate,38,1.5448318324554078,195,True
mod_wd1_s43,train_loss,101,0,observed,-1,2.048934494833673,195,True
mod_wd1_s43,train_loss,101,0,surrogate,0,1.9613180155940508,195,True
mod_wd1_s43,train_loss,101,0,surrogate,1,2.8249959372722517,195,True
mod_wd1_s43,train_loss,101,0,surrogate,2,2.064201016959638,195,True
mod_wd1_s43,train_loss,101,0,surrogate,3,5.572486385273026,195,True
mod_wd1_s43,train_loss,101,0,surrogate,4,1.4136523305243072,195,True
mod_wd1_s43,train_loss,101,0,surrogate,5,1.5390470699488183,195,True
mod_wd1_s43,train_loss,101,0,surrogate,6,4.948287163348916,195,True
mod_wd1_s43,train_loss,101,0,surrogate,7,2.6146778335547416,195,True
mod_wd1_s43,train_loss,101,0,surrogate,8,5.694800212572273,195,True
mod_wd1_s43,train_loss,101,0,surrogate,9,2.590000293837124,195,True
mod_wd1_s43,train_loss,101,0,surrogate,10,1.156981759234132,195,True
mod_wd1_s43,train_loss,101,0,surrogate,11,2.746917273924728,195,True
mod_wd1_s43,train_loss,101,0,surrogate,12,2.5724650383336867,195,True
mod_wd1_s43,train_loss,101,0,surrogate,13,2.1499478794527103,195,True
mod_wd1_s43,train_loss,101,0,surrogate,14,1.4914157913488628,195,True
mod_wd1_s43,train_loss,101,0,surrogate,15,8.743126345987816,195,True
mod_wd1_s43,train_loss,101,0,surrogate,16,2.8299917098117375,195,True
mod_wd1_s43,train_loss,101,0,surrogate,17,1.9341979160571905,195,True
mod_wd1_s43,train_loss,101,0,surrogate,18,0.9177895309709083,195,True
mod_wd1_s43,train_loss,101,0,surrogate,19,2.516441617114027,195,True
mod_wd1_s43,train_loss,101,0,surrogate,20,2.2855364924164405,195,True
mod_wd1_s43,train_loss,101,0,surrogate,21,1.3807136046300337,195,True
mod_wd1_s43,train_loss,101,0,surrogate,22,1.694367599538789,195,True
mod_wd1_s43,train_loss,101,0,surrogate,23,1.7785047799594602,195,True
mod_wd1_s43,train_loss,101,0,surrogate,24,1.6140314596691485,195,True
mod_wd1_s43,train_loss,101,0,surrogate,25,2.3968765227122875,195,True
mod_wd1_s43,train_loss,101,0,surrogate,26,1.9516674496958641,195,True
mod_wd1_s43,train_loss,101,0,surrogate,27,4.349673079955085,195,True
mod_wd1_s43,train_loss,101,0,surrogate,28,2.6176370385973455,195,True
mod_wd1_s43,train_loss,101,0,surrogate,29,1.219858121115118,195,True
mod_wd1_s43,train_loss,101,0,surrogate,30,6.353242034739891,195,True
mod_wd1_s43,train_loss,101,0,surrogate,31,2.483517392865556,195,True
mod_wd1_s43,train_loss,101,0,surrogate,32,2.0508396360012235,195,True
mod_wd1_s43,train_loss,101,0,surrogate,33,2.065928066793856,195,True
mod_wd1_s43,train_loss,101,0,surrogate,34,1.7642084583394957,195,True
mod_wd1_s43,train_loss,101,0,surrogate,35,2.328813196462972,195,True
mod_wd1_s43,train_loss,101,0,surrogate,36,7.021852701357238,195,True
mod_wd1_s43,train_loss,101,0,surrogate,37,2.5096901901562827,195,True
mod_wd1_s43,train_loss,101,0,surrogate,38,1.8332196889488455,195,True
mod_wd1_s43,train_loss,101,1,observed,-1,2.048934494833673,195,True
mod_wd1_s43,train_loss,101,1,surrogate,0,2.8118263885921397,195,True
mod_wd1_s43,train_loss,101,1,surrogate,1,1.9494870194106835,195,True
mod_wd1_s43,train_loss,101,1,surrogate,2,1.5812410825214094,195,True
mod_wd1_s43,train_loss,101,1,surrogate,3,1.7624483552954833,195,True
mod_wd1_s43,train_loss,101,1,surrogate,4,2.0151961490380987,195,True
mod_wd1_s43,train_loss,101,1,surrogate,5,2.360317006309735,195,True
mod_wd1_s43,train_loss,101,1,surrogate,6,1.3787663248198951,195,True
mod_wd1_s43,train_loss,101,1,surrogate,7,1.9467036987752093,195,True
mod_wd1_s43,train_loss,101,1,surrogate,8,1.956604175350356,195,True
mod_wd1_s43,train_loss,101,1,surrogate,9,4.483486564556028,195,True
mod_wd1_s43,train_loss,101,1,surrogate,10,2.604247073485594,195,True
mod_wd1_s43,train_loss,101,1,surrogate,11,1.5129201578302098,195,True
mod_wd1_s43,train_loss,101,1,surrogate,12,2.0645236234667257,195,True
mod_wd1_s43,train_loss,101,1,surrogate,13,2.384168345280991,195,True
mod_wd1_s43,train_loss,101,1,surrogate,14,1.2161094112285895,195,True
mod_wd1_s43,train_loss,101,1,surrogate,15,4.446296632495692,195,True
mod_wd1_s43,train_loss,101,1,surrogate,16,2.4498966248522587,195,True
mod_wd1_s43,train_loss,101,1,surrogate,17,3.1432983238130823,195,True
mod_wd1_s43,train_loss,101,1,surrogate,18,1.2484173183526177,195,True
mod_wd1_s43,train_loss,101,1,surrogate,19,1.8665733375342504,195,True
mod_wd1_s43,train_loss,101,1,surrogate,20,2.05036282850155,195,True
mod_wd1_s43,train_loss,101,1,surrogate,21,2.0730100127896165,195,True
mod_wd1_s43,train_loss,101,1,surrogate,22,1.3821024980538335,195,True
mod_wd1_s43,train_loss,101,1,surrogate,23,1.8754809003757165,195,True
mod_wd1_s43,train_loss,101,1,surrogate,24,1.8624497020373352,195,True
mod_wd1_s43,train_loss,101,1,surrogate,25,2.332774133697549,195,True
mod_wd1_s43,train_loss,101,1,surrogate,26,1.4319769999171388,195,True
mod_wd1_s43,train_loss,101,1,surrogate,27,2.894900074903747,195,True
mod_wd1_s43,train_loss,101,1,surrogate,28,1.9148582367790181,195,True
mod_wd1_s43,train_loss,101,1,surrogate,29,3.018954157050653,195,True
mod_wd1_s43,train_loss,101,1,surrogate,30,2.8127638148399576,195,True
mod_wd1_s43,train_loss,101,1,surrogate,31,2.253054385163514,195,True
mod_wd1_s43,train_loss,101,1,surrogate,32,6.198655636357742,195,True
mod_wd1_s43,train_loss,101,1,surrogate,33,1.5503332006975419,195,True
mod_wd1_s43,train_loss,101,1,surrogate,34,3.309005786494353,195,True
mod_wd1_s43,train_loss,101,1,surrogate,35,1.9310045262798918,195,True
mod_wd1_s43,train_loss,101,1,surrogate,36,0.9693030097016692,195,True
mod_wd1_s43,train_loss,101,1,surrogate,37,6.95097122193842,195,True
mod_wd1_s43,train_loss,101,1,surrogate,38,2.6470214101155727,195,True
mod_wd1_s43,train_loss,101,2,observed,-1,2.048934494833673,195,True
mod_wd1_s43,train_loss,101,2,surrogate,0,0.9048614607263525,195,True
mod_wd1_s43,train_loss,101,2,surrogate,1,1.892668628133357,195,True
mod_wd1_s43,train_loss,101,2,surrogate,2,1.7347558652219228,195,True
mod_wd1_s43,train_loss,101,2,surrogate,3,2.4343322423454152,195,True
mod_wd1_s43,train_loss,101,2,surrogate,4,1.3542145843536089,195,True
mod_wd1_s43,train_loss,101,2,surrogate,5,2.2179654351983826,195,True
mod_wd1_s43,train_loss,101,2,surrogate,6,1.9876033615424549,195,True
mod_wd1_s43,train_loss,101,2,surrogate,7,1.7503844622398437,195,True
mod_wd1_s43,train_loss,101,2,surrogate,8,2.120465275170593,195,True
mod_wd1_s43,train_loss,101,2,surrogate,9,1.4794582630578808,195,True
mod_wd1_s43,train_loss,101,2,surrogate,10,3.255991693801542,195,True
mod_wd1_s43,train_loss,101,2,surrogate,11,1.8816675964654679,195,True
mod_wd1_s43,train_loss,101,2,surrogate,12,1.1367904557714679,195,True
mod_wd1_s43,train_loss,101,2,surrogate,13,1.9932643325608486,195,True
mod_wd1_s43,train_loss,101,2,surrogate,14,2.7092064559024447,195,True
mod_wd1_s43,train_loss,101,2,surrogate,15,1.0785477548751832,195,True
mod_wd1_s43,train_loss,101,2,surrogate,16,1.7385544175891028,195,True
mod_wd1_s43,train_loss,101,2,surrogate,17,2.048938173462521,195,True
mod_wd1_s43,train_loss,101,2,surrogate,18,11.40902165702015,195,True
mod_wd1_s43,train_loss,101,2,surrogate,19,1.696137488992953,195,True
mod_wd1_s43,train_loss,101,2,surrogate,20,0.8290268449862145,195,True
mod_wd1_s43,train_loss,101,2,surrogate,21,1.3944214906960741,195,True
mod_wd1_s43,train_loss,101,2,surrogate,22,12.485395838658201,195,True
mod_wd1_s43,train_loss,101,2,surrogate,23,4.535812226254873,195,True
mod_wd1_s43,train_loss,101,2,surrogate,24,3.4982702525269747,195,True
mod_wd1_s43,train_loss,101,2,surrogate,25,1.2815681156741603,195,True
mod_wd1_s43,train_loss,101,2,surrogate,26,1.825467203210784,195,True
mod_wd1_s43,train_loss,101,2,surrogate,27,1.8461210804429093,195,True
mod_wd1_s43,train_loss,101,2,surrogate,28,1.8104067337022625,195,True
mod_wd1_s43,train_loss,101,2,surrogate,29,1.6389513211608793,195,True
mod_wd1_s43,train_loss,101,2,surrogate,30,2.3171582100733725,195,True
mod_wd1_s43,train_loss,101,2,surrogate,31,1.7876337664287376,195,True
mod_wd1_s43,train_loss,101,2,surrogate,32,2.3761599550118055,195,True
mod_wd1_s43,train_loss,101,2,surrogate,33,1.7515134436194681,195,True
mod_wd1_s43,train_loss,101,2,surrogate,34,1.8952836244245312,195,True
mod_wd1_s43,train_loss,101,2,surrogate,35,1.9851272221542007,195,True
mod_wd1_s43,train_loss,101,2,surrogate,36,2.4163381598671765,195,True
mod_wd1_s43,train_loss,101,2,surrogate,37,1.7413811172317335,195,True
mod_wd1_s43,train_loss,101,2,surrogate,38,2.9663491459810096,195,True
mod_wd1_s43,train_loss,101,3,observed,-1,2.048934494833673,195,True
mod_wd1_s43,train_loss,101,3,surrogate,0,10.65958173970161,195,True
mod_wd1_s43,train_loss,101,3,surrogate,1,1.2262940733114904,195,True
mod_wd1_s43,train_loss,101,3,surrogate,2,2.576161583338984,195,True
mod_wd1_s43,train_loss,101,3,surrogate,3,2.742201167018547,195,True
mod_wd1_s43,train_loss,101,3,surrogate,4,1.8724504799537214,195,True
mod_wd1_s43,train_loss,101,3,surrogate,5,1.1733721119979184,195,True
mod_wd1_s43,train_loss,101,3,surrogate,6,3.9516636161507925,195,True
mod_wd1_s43,train_loss,101,3,surrogate,7,2.007519799459647,195,True
mod_wd1_s43,train_loss,101,3,surrogate,8,2.307675631629809,195,True
mod_wd1_s43,train_loss,101,3,surrogate,9,1.458277406512895,195,True
mod_wd1_s43,train_loss,101,3,surrogate,10,2.6248114767432913,195,True
mod_wd1_s43,train_loss,101,3,surrogate,11,2.489406175995268,195,True
mod_wd1_s43,train_loss,101,3,surrogate,12,8.562563653109931,195,True
mod_wd1_s43,train_loss,101,3,surrogate,13,4.243616064048324,195,True
mod_wd1_s43,train_loss,101,3,surrogate,14,1.5311956425682296,195,True
mod_wd1_s43,train_loss,101,3,surrogate,15,1.5343876211873304,195,True
mod_wd1_s43,train_loss,101,3,surrogate,16,1.7771470602337947,195,True
mod_wd1_s43,train_loss,101,3,surrogate,17,2.790192706176486,195,True
mod_wd1_s43,train_loss,101,3,surrogate,18,4.121012312919367,195,True
mod_wd1_s43,train_loss,101,3,surrogate,19,5.757068582499275,195,True
mod_wd1_s43,train_loss,101,3,surrogate,20,4.0026533001506674,195,True
mod_wd1_s43,train_loss,101,3,surrogate,21,2.456454766728722,195,True
mod_wd1_s43,train_loss,101,3,surrogate,22,2.311620082569546,195,True
mod_wd1_s43,train_loss,101,3,surrogate,23,1.4388229950899298,195,True
mod_wd1_s43,train_loss,101,3,surrogate,24,2.094584542027971,195,True
mod_wd1_s43,train_loss,101,3,surrogate,25,1.4655468702307024,195,True
mod_wd1_s43,train_loss,101,3,surrogate,26,2.046151726706687,195,True
mod_wd1_s43,train_loss,101,3,surrogate,27,1.1818035200410757,195,True
mod_wd1_s43,train_loss,101,3,surrogate,28,1.3460261711265284,195,True
mod_wd1_s43,train_loss,101,3,surrogate,29,2.181322099102358,195,True
mod_wd1_s43,train_loss,101,3,surrogate,30,1.86717609136201,195,True
mod_wd1_s43,train_loss,101,3,surrogate,31,2.130745991948842,195,True
mod_wd1_s43,train_loss,101,3,surrogate,32,12.70502432606543,195,True
mod_wd1_s43,train_loss,101,3,surrogate,33,12.794688785622865,195,True
mod_wd1_s43,train_loss,101,3,surrogate,34,1.9937842197460725,195,True
mod_wd1_s43,train_loss,101,3,surrogate,35,1.3508242645867203,195,True
mod_wd1_s43,train_loss,101,3,surrogate,36,1.514243491152128,195,True
mod_wd1_s43,train_loss,101,3,surrogate,37,1.185643795819186,195,True
mod_wd1_s43,train_loss,101,3,surrogate,38,2.143303543454263,195,True
mod_wd1_s43,train_loss,101,4,observed,-1,2.048934494833673,195,True
mod_wd1_s43,train_loss,101,4,surrogate,0,1.472202693477804,195,True
mod_wd1_s43,train_loss,101,4,surrogate,1,1.3746000163796213,195,True
mod_wd1_s43,train_loss,101,4,surrogate,2,1.6960638961747694,195,True
mod_wd1_s43,train_loss,101,4,surrogate,3,1.3688333453763089,195,True
mod_wd1_s43,train_loss,101,4,surrogate,4,2.845651988596197,195,True
mod_wd1_s43,train_loss,101,4,surrogate,5,10.993043445157781,195,True
mod_wd1_s43,train_loss,101,4,surrogate,6,2.5213225672259916,195,True
mod_wd1_s43,train_loss,101,4,surrogate,7,11.160563394191598,195,True
mod_wd1_s43,train_loss,101,4,surrogate,8,1.6494488505197002,195,True
mod_wd1_s43,train_loss,101,4,surrogate,9,1.4152009523459983,195,True
mod_wd1_s43,train_loss,101,4,surrogate,10,1.547484287681483,195,True
mod_wd1_s43,train_loss,101,4,surrogate,11,1.2744961639071912,195,True
mod_wd1_s43,train_loss,101,4,surrogate,12,2.3090321881560163,195,True
mod_wd1_s43,train_loss,101,4,surrogate,13,1.8919567492376324,195,True
mod_wd1_s43,train_loss,101,4,surrogate,14,1.8673143846236206,195,True
mod_wd1_s43,train_loss,101,4,surrogate,15,1.1415066548611803,195,True
mod_wd1_s43,train_loss,101,4,surrogate,16,1.9201499798767314,195,True
mod_wd1_s43,train_loss,101,4,surrogate,17,2.235707329277115,195,True
mod_wd1_s43,train_loss,101,4,surrogate,18,1.860611728693447,195,True
mod_wd1_s43,train_loss,101,4,surrogate,19,1.8857963560525683,195,True
mod_wd1_s43,train_loss,101,4,surrogate,20,1.625859406576358,195,True
mod_wd1_s43,train_loss,101,4,surrogate,21,2.7592580278350654,195,True
mod_wd1_s43,train_loss,101,4,surrogate,22,2.104857154237598,195,True
mod_wd1_s43,train_loss,101,4,surrogate,23,2.3946019881761984,195,True
mod_wd1_s43,train_loss,101,4,surrogate,24,5.362878345587408,195,True
mod_wd1_s43,train_loss,101,4,surrogate,25,2.355216913641265,195,True
mod_wd1_s43,train_loss,101,4,surrogate,26,10.272572904802049,195,True
mod_wd1_s43,train_loss,101,4,surrogate,27,4.222839915811087,195,True
mod_wd1_s43,train_loss,101,4,surrogate,28,2.889669296809573,195,True
mod_wd1_s43,train_loss,101,4,surrogate,29,2.17465409106592,195,True
mod_wd1_s43,train_loss,101,4,surrogate,30,2.705217608416475,195,True
mod_wd1_s43,train_loss,101,4,surrogate,31,2.150503285826067,195,True
mod_wd1_s43,train_loss,101,4,surrogate,32,1.3123095140731598,195,True
mod_wd1_s43,train_loss,101,4,surrogate,33,1.9551516398973872,195,True
mod_wd1_s43,train_loss,101,4,surrogate,34,3.674395000074149,195,True
mod_wd1_s43,train_loss,101,4,surrogate,35,1.269985287466379,195,True
mod_wd1_s43,train_loss,101,4,surrogate,36,2.0017076730253884,195,True
mod_wd1_s43,train_loss,101,4,surrogate,37,1.8500406888429852,195,True
mod_wd1_s43,train_loss,101,4,surrogate,38,2.1301273946025447,195,True
mod_wd1_s43,train_loss,201,0,observed,-1,2.048934494833673,195,True
mod_wd1_s43,train_loss,201,0,surrogate,0,1.6342656018979242,195,True
mod_wd1_s43,train_loss,201,0,surrogate,1,2.233496990277125,195,True
mod_wd1_s43,train_loss,201,0,surrogate,2,1.3016749649717863,195,True
mod_wd1_s43,train_loss,201,0,surrogate,3,1.4203166126060902,195,True
mod_wd1_s43,train_loss,201,0,surrogate,4,2.2872012296678306,195,True
mod_wd1_s43,train_loss,201,0,surrogate,5,2.0210783941065125,195,True
mod_wd1_s43,train_loss,201,0,surrogate,6,2.081527729492065,195,True
mod_wd1_s43,train_loss,201,0,surrogate,7,1.6948595265585233,195,True
mod_wd1_s43,train_loss,201,0,surrogate,8,2.498586944606407,195,True
mod_wd1_s43,train_loss,201,0,surrogate,9,1.4151607451455404,195,True
mod_wd1_s43,train_loss,201,0,surrogate,10,1.8198150976645875,195,True
mod_wd1_s43,train_loss,201,0,surrogate,11,3.7513469662790944,195,True
mod_wd1_s43,train_loss,201,0,surrogate,12,1.6114240081687992,195,True
mod_wd1_s43,train_loss,201,0,surrogate,13,2.1451048625579587,195,True
mod_wd1_s43,train_loss,201,0,surrogate,14,2.061561724949029,195,True
mod_wd1_s43,train_loss,201,0,surrogate,15,2.253330535868948,195,True
mod_wd1_s43,train_loss,201,0,surrogate,16,1.6068182279445047,195,True
mod_wd1_s43,train_loss,201,0,surrogate,17,1.700059679753733,195,True
mod_wd1_s43,train_loss,201,0,surrogate,18,1.6046636972722026,195,True
mod_wd1_s43,train_loss,201,0,surrogate,19,1.9380465983570838,195,True
mod_wd1_s43,train_loss,201,0,surrogate,20,1.74219698232255,195,True
mod_wd1_s43,train_loss,201,0,surrogate,21,1.3435223412625616,195,True
mod_wd1_s43,train_loss,201,0,surrogate,22,5.175823751073347,195,True
mod_wd1_s43,train_loss,201,0,surrogate,23,1.3434386898132897,195,True
mod_wd1_s43,train_loss,201,0,surrogate,24,1.952961653965566,195,True
mod_wd1_s43,train_loss,201,0,surrogate,25,1.9477223900992944,195,True
mod_wd1_s43,train_loss,201,0,surrogate,26,1.882300667515947,195,True
mod_wd1_s43,train_loss,201,0,surrogate,27,1.8717744355769788,195,True
mod_wd1_s43,train_loss,201,0,surrogate,28,2.468377400510099,195,True
mod_wd1_s43,train_loss,201,0,surrogate,29,2.122341757984377,195,True
mod_wd1_s43,train_loss,201,0,surrogate,30,2.743999338626168,195,True
mod_wd1_s43,train_loss,201,0,surrogate,31,2.379984741029445,195,True
mod_wd1_s43,train_loss,201,0,surrogate,32,1.7388517388870346,195,True
mod_wd1_s43,train_loss,201,0,surrogate,33,5.240474676169772,195,True
mod_wd1_s43,train_loss,201,0,surrogate,34,2.486672918752343,195,True
mod_wd1_s43,train_loss,201,0,surrogate,35,2.2058353447959087,195,True
mod_wd1_s43,train_loss,201,0,surrogate,36,2.605583906184581,195,True
mod_wd1_s43,train_loss,201,0,surrogate,37,1.6474001521754764,195,True
mod_wd1_s43,train_loss,201,0,surrogate,38,6.906335086473104,195,True
mod_wd1_s43,train_loss,201,1,observed,-1,2.048934494833673,195,True
mod_wd1_s43,train_loss,201,1,surrogate,0,2.549901283787327,195,True
mod_wd1_s43,train_loss,201,1,surrogate,1,1.868541446147506,195,True
mod_wd1_s43,train_loss,201,1,surrogate,2,1.2017612458064988,195,True
mod_wd1_s43,train_loss,201,1,surrogate,3,1.4899940151631559,195,True
mod_wd1_s43,train_loss,201,1,surrogate,4,1.2185370997286102,195,True
mod_wd1_s43,train_loss,201,1,surrogate,5,2.5368457422024253,195,True
mod_wd1_s43,train_loss,201,1,surrogate,6,8.229052839848181,195,True
mod_wd1_s43,train_loss,201,1,surrogate,7,2.520902822247682,195,True
mod_wd1_s43,train_loss,201,1,surrogate,8,2.3173519769498774,195,True
mod_wd1_s43,train_loss,201,1,surrogate,9,2.4663174101099665,195,True
mod_wd1_s43,train_loss,201,1,surrogate,10,2.149701052117645,195,True
mod_wd1_s43,train_loss,201,1,surrogate,11,1.5818481264361643,195,True
mod_wd1_s43,train_loss,201,1,surrogate,12,1.8573249705307038,195,True
mod_wd1_s43,train_loss,201,1,surrogate,13,1.767100346381923,195,True
mod_wd1_s43,train_loss,201,1,surrogate,14,1.8961530515690554,195,True
mod_wd1_s43,train_loss,201,1,surrogate,15,3.8434977798770964,195,True
mod_wd1_s43,train_loss,201,1,surrogate,16,3.813950165814104,195,True
mod_wd1_s43,train_loss,201,1,surrogate,17,2.4237445750176674,195,True
mod_wd1_s43,train_loss,201,1,surrogate,18,2.196428996826338,195,True
mod_wd1_s43,train_loss,201,1,surrogate,19,1.9848034101315668,195,True
mod_wd1_s43,train_loss,201,1,surrogate,20,1.7639108887624075,195,True
mod_wd1_s43,train_loss,201,1,surrogate,21,1.1885156916509223,195,True
mod_wd1_s43,train_loss,201,1,surrogate,22,1.646791152816519,195,True
mod_wd1_s43,train_loss,201,1,surrogate,23,1.2020002489076673,195,True
mod_wd1_s43,train_loss,201,1,surrogate,24,2.2532524020244735,195,True
mod_wd1_s43,train_loss,201,1,surrogate,25,2.864514179530416,195,True
mod_wd1_s43,train_loss,201,1,surrogate,26,1.2045530068423438,195,True
mod_wd1_s43,train_loss,201,1,surrogate,27,1.5062802192017575,195,True
mod_wd1_s43,train_loss,201,1,surrogate,28,3.8354440630839823,195,True
mod_wd1_s43,train_loss,201,1,surrogate,29,2.185826556161059,195,True
mod_wd1_s43,train_loss,201,1,surrogate,30,1.6042436287293707,195,True
mod_wd1_s43,train_loss,201,1,surrogate,31,1.0584824332973133,195,True
mod_wd1_s43,train_loss,201,1,surrogate,32,1.6951448761344599,195,True
mod_wd1_s43,train_loss,201,1,surrogate,33,1.5860681951347726,195,True
mod_wd1_s43,train_loss,201,1,surrogate,34,1.6934884151886274,195,True
mod_wd1_s43,train_loss,201,1,surrogate,35,2.410213978459829,195,True
mod_wd1_s43,train_loss,201,1,surrogate,36,2.385144125543054,195,True
mod_wd1_s43,train_loss,201,1,surrogate,37,2.112133348319312,195,True
mod_wd1_s43,train_loss,201,1,surrogate,38,1.0682811098646912,195,True
mod_wd1_s43,train_loss,201,2,observed,-1,2.048934494833673,195,True
mod_wd1_s43,train_loss,201,2,surrogate,0,1.5561142838075235,195,True
mod_wd1_s43,train_loss,201,2,surrogate,1,2.694310324741074,195,True
mod_wd1_s43,train_loss,201,2,surrogate,2,2.1989316394890848,195,True
mod_wd1_s43,train_loss,201,2,surrogate,3,0.8610185913665148,195,True
mod_wd1_s43,train_loss,201,2,surrogate,4,2.569616921139641,195,True
mod_wd1_s43,train_loss,201,2,surrogate,5,3.269952606797728,195,True
mod_wd1_s43,train_loss,201,2,surrogate,6,3.3139017729348548,195,True
mod_wd1_s43,train_loss,201,2,surrogate,7,1.8804149418768197,195,True
mod_wd1_s43,train_loss,201,2,surrogate,8,3.4648317303436573,195,True
mod_wd1_s43,train_loss,201,2,surrogate,9,1.6984296219217656,195,True
mod_wd1_s43,train_loss,201,2,surrogate,10,1.4078696756047064,195,True
mod_wd1_s43,train_loss,201,2,surrogate,11,3.5991042055077096,195,True
mod_wd1_s43,train_loss,201,2,surrogate,12,2.0727238874314016,195,True
mod_wd1_s43,train_loss,201,2,surrogate,13,1.9066749465206565,195,True
mod_wd1_s43,train_loss,201,2,surrogate,14,4.961782293975232,195,True
mod_wd1_s43,train_loss,201,2,surrogate,15,1.5912433696498143,195,True
mod_wd1_s43,train_loss,201,2,surrogate,16,2.939490345218286,195,True
mod_wd1_s43,train_loss,201,2,surrogate,17,2.3497650169615665,195,True
mod_wd1_s43,train_loss,201,2,surrogate,18,1.0735150727037837,195,True
mod_wd1_s43,train_loss,201,2,surrogate,19,1.2313983472822538,195,True
mod_wd1_s43,train_loss,201,2,surrogate,20,1.9077345370064445,195,True
mod_wd1_s43,train_loss,201,2,surrogate,21,2.3044357071504824,195,True
mod_wd1_s43,train_loss,201,2,surrogate,22,1.7059873175063582,195,True
mod_wd1_s43,train_loss,201,2,surrogate,23,2.4736976029206947,195,True
mod_wd1_s43,train_loss,201,2,surrogate,24,3.6087044260911476,195,True
mod_wd1_s43,train_loss,201,2,surrogate,25,1.5683649807086117,195,True
mod_wd1_s43,train_loss,201,2,surrogate,26,2.422844162584457,195,True
mod_wd1_s43,train_loss,201,2,surrogate,27,1.7111516594859002,195,True
mod_wd1_s43,train_loss,201,2,surrogate,28,1.2469931099751748,195,True
mod_wd1_s43,train_loss,201,2,surrogate,29,1.8792924743268555,195,True
mod_wd1_s43,train_loss,201,2,surrogate,30,1.4834829144005595,195,True
mod_wd1_s43,train_loss,201,2,surrogate,31,2.1235347828131856,195,True
mod_wd1_s43,train_loss,201,2,surrogate,32,2.649640948336977,195,True
mod_wd1_s43,train_loss,201,2,surrogate,33,1.4536523896149391,195,True
mod_wd1_s43,train_loss,201,2,surrogate,34,1.8667916683443722,195,True
mod_wd1_s43,train_loss,201,2,surrogate,35,1.3792956161361793,195,True
mod_wd1_s43,train_loss,201,2,surrogate,36,1.8146621368130957,195,True
mod_wd1_s43,train_loss,201,2,surrogate,37,1.9305979593834575,195,True
mod_wd1_s43,train_loss,201,2,surrogate,38,2.408933770896136,195,True
mod_wd1_s43,train_loss,201,3,observed,-1,2.048934494833673,195,True
mod_wd1_s43,train_loss,201,3,surrogate,0,4.048571747174171,195,True
mod_wd1_s43,train_loss,201,3,surrogate,1,2.803258701658091,195,True
mod_wd1_s43,train_loss,201,3,surrogate,2,7.077813553522193,195,True
mod_wd1_s43,train_loss,201,3,surrogate,3,4.472353925179457,195,True
mod_wd1_s43,train_loss,201,3,surrogate,4,4.872094333344531,195,True
mod_wd1_s43,train_loss,201,3,surrogate,5,3.181266039924756,195,True
mod_wd1_s43,train_loss,201,3,surrogate,6,1.7736002263194726,195,True
mod_wd1_s43,train_loss,201,3,surrogate,7,1.2602667732742978,195,True
mod_wd1_s43,train_loss,201,3,surrogate,8,1.347910138257371,195,True
mod_wd1_s43,train_loss,201,3,surrogate,9,10.513381265356887,195,True
mod_wd1_s43,train_loss,201,3,surrogate,10,2.986393915605848,195,True
mod_wd1_s43,train_loss,201,3,surrogate,11,3.9371171295674006,195,True
mod_wd1_s43,train_loss,201,3,surrogate,12,2.330557605953135,195,True
mod_wd1_s43,train_loss,201,3,surrogate,13,1.6352485577543348,195,True
mod_wd1_s43,train_loss,201,3,surrogate,14,2.3877070125022164,195,True
mod_wd1_s43,train_loss,201,3,surrogate,15,1.4503126006210678,195,True
mod_wd1_s43,train_loss,201,3,surrogate,16,1.7073124680212135,195,True
mod_wd1_s43,train_loss,201,3,surrogate,17,1.5628253709152367,195,True
mod_wd1_s43,train_loss,201,3,surrogate,18,2.7973063187851923,195,True
mod_wd1_s43,train_loss,201,3,surrogate,19,2.6351295850342984,195,True
mod_wd1_s43,train_loss,201,3,surrogate,20,7.787685069647001,195,True
mod_wd1_s43,train_loss,201,3,surrogate,21,1.4484409161734026,195,True
mod_wd1_s43,train_loss,201,3,surrogate,22,7.53005512025994,195,True
mod_wd1_s43,train_loss,201,3,surrogate,23,2.5611690917722165,195,True
mod_wd1_s43,train_loss,201,3,surrogate,24,1.9424379790722266,195,True
mod_wd1_s43,train_loss,201,3,surrogate,25,2.196091625835897,195,True
mod_wd1_s43,train_loss,201,3,surrogate,26,2.935258651166238,195,True
mod_wd1_s43,train_loss,201,3,surrogate,27,1.8442768636523539,195,True
mod_wd1_s43,train_loss,201,3,surrogate,28,9.226925442701802,195,True
mod_wd1_s43,train_loss,201,3,surrogate,29,2.1268167364993023,195,True
mod_wd1_s43,train_loss,201,3,surrogate,30,1.2328095243249444,195,True
mod_wd1_s43,train_loss,201,3,surrogate,31,7.337371956066525,195,True
mod_wd1_s43,train_loss,201,3,surrogate,32,2.8036852470708857,195,True
mod_wd1_s43,train_loss,201,3,surrogate,33,1.871093750152699,195,True
mod_wd1_s43,train_loss,201,3,surrogate,34,2.6121997058606574,195,True
mod_wd1_s43,train_loss,201,3,surrogate,35,1.785581833778339,195,True
mod_wd1_s43,train_loss,201,3,surrogate,36,1.3834463435485171,195,True
mod_wd1_s43,train_loss,201,3,surrogate,37,3.511238078918422,195,True
mod_wd1_s43,train_loss,201,3,surrogate,38,1.5998099267858528,195,True
mod_wd1_s43,train_loss,201,4,observed,-1,2.048934494833673,195,True
mod_wd1_s43,train_loss,201,4,surrogate,0,2.1558392903475347,195,True
mod_wd1_s43,train_loss,201,4,surrogate,1,3.638727250161886,195,True
mod_wd1_s43,train_loss,201,4,surrogate,2,3.099258504521018,195,True
mod_wd1_s43,train_loss,201,4,surrogate,3,1.5519771404101184,195,True
mod_wd1_s43,train_loss,201,4,surrogate,4,1.9323583473884207,195,True
mod_wd1_s43,train_loss,201,4,surrogate,5,1.753528307679807,195,True
mod_wd1_s43,train_loss,201,4,surrogate,6,1.831396880527126,195,True
mod_wd1_s43,train_loss,201,4,surrogate,7,2.006925715356638,195,True
mod_wd1_s43,train_loss,201,4,surrogate,8,1.8557369963640982,195,True
mod_wd1_s43,train_loss,201,4,surrogate,9,1.3726653570741143,195,True
mod_wd1_s43,train_loss,201,4,surrogate,10,2.06652366141789,195,True
mod_wd1_s43,train_loss,201,4,surrogate,11,1.5132243375370173,195,True
mod_wd1_s43,train_loss,201,4,surrogate,12,6.904542544865401,195,True
mod_wd1_s43,train_loss,201,4,surrogate,13,3.1195665382782822,195,True
mod_wd1_s43,train_loss,201,4,surrogate,14,5.166403502710049,195,True
mod_wd1_s43,train_loss,201,4,surrogate,15,1.3258908827633589,195,True
mod_wd1_s43,train_loss,201,4,surrogate,16,2.5565120574655804,195,True
mod_wd1_s43,train_loss,201,4,surrogate,17,2.4839472502900586,195,True
mod_wd1_s43,train_loss,201,4,surrogate,18,1.7204742057437359,195,True
mod_wd1_s43,train_loss,201,4,surrogate,19,1.1085361779911511,195,True
mod_wd1_s43,train_loss,201,4,surrogate,20,2.1402360785163133,195,True
mod_wd1_s43,train_loss,201,4,surrogate,21,2.2493466402434885,195,True
mod_wd1_s43,train_loss,201,4,surrogate,22,3.241045710439135,195,True
mod_wd1_s43,train_loss,201,4,surrogate,23,1.4874337375924316,195,True
mod_wd1_s43,train_loss,201,4,surrogate,24,2.8489770964538605,195,True
mod_wd1_s43,train_loss,201,4,surrogate,25,2.9157771379439206,195,True
mod_wd1_s43,train_loss,201,4,surrogate,26,2.6496046726472717,195,True
mod_wd1_s43,train_loss,201,4,surrogate,27,2.573241424070799,195,True
mod_wd1_s43,train_loss,201,4,surrogate,28,2.2298267487775183,195,True
mod_wd1_s43,train_loss,201,4,surrogate,29,2.6849657972343817,195,True
mod_wd1_s43,train_loss,201,4,surrogate,30,2.38855997651135,195,True
mod_wd1_s43,train_loss,201,4,surrogate,31,1.7722175327992753,195,True
mod_wd1_s43,train_loss,201,4,surrogate,32,4.0190299655583726,195,True
mod_wd1_s43,train_loss,201,4,surrogate,33,2.130626277946353,195,True
mod_wd1_s43,train_loss,201,4,surrogate,34,1.741388642486082,195,True
mod_wd1_s43,train_loss,201,4,surrogate,35,2.2800453576665385,195,True
mod_wd1_s43,train_loss,201,4,surrogate,36,1.4413496853574852,195,True
mod_wd1_s43,train_loss,201,4,surrogate,37,1.270438265575013,195,True
mod_wd1_s43,train_loss,201,4,surrogate,38,1.778384727287285,195,True
mod_wd1_s43,train_loss,401,0,observed,-1,2.048934494833673,195,True
mod_wd1_s43,train_loss,401,0,surrogate,0,2.3588817499597248,195,True
mod_wd1_s43,train_loss,401,0,surrogate,1,1.4550628453116319,195,True
mod_wd1_s43,train_loss,401,0,surrogate,2,1.4898181013399994,195,True
mod_wd1_s43,train_loss,401,0,surrogate,3,2.9451450978834273,195,True
mod_wd1_s43,train_loss,401,0,surrogate,4,1.1634748410322662,195,True
mod_wd1_s43,train_loss,401,0,surrogate,5,1.8532259633071921,195,True
mod_wd1_s43,train_loss,401,0,surrogate,6,1.770567270337346,195,True
mod_wd1_s43,train_loss,401,0,surrogate,7,2.330294654081689,195,True
mod_wd1_s43,train_loss,401,0,surrogate,8,2.6703358152750405,195,True
mod_wd1_s43,train_loss,401,0,surrogate,9,3.174434917520056,195,True
mod_wd1_s43,train_loss,401,0,surrogate,10,2.93721646025522,195,True
mod_wd1_s43,train_loss,401,0,surrogate,11,2.188618986503266,195,True
mod_wd1_s43,train_loss,401,0,surrogate,12,1.849071952455467,195,True
mod_wd1_s43,train_loss,401,0,surrogate,13,1.6856703548510186,195,True
mod_wd1_s43,train_loss,401,0,surrogate,14,1.9350537831237085,195,True
mod_wd1_s43,train_loss,401,0,surrogate,15,2.056216053178726,195,True
mod_wd1_s43,train_loss,401,0,surrogate,16,2.800998649274994,195,True
mod_wd1_s43,train_loss,401,0,surrogate,17,1.8300418691272935,195,True
mod_wd1_s43,train_loss,401,0,surrogate,18,4.089812273099212,195,True
mod_wd1_s43,train_loss,401,0,surrogate,19,2.8331559718310144,195,True
mod_wd1_s43,train_loss,401,0,surrogate,20,1.4968828810875194,195,True
mod_wd1_s43,train_loss,401,0,surrogate,21,1.8985436867056449,195,True
mod_wd1_s43,train_loss,401,0,surrogate,22,2.4722085617982024,195,True
mod_wd1_s43,train_loss,401,0,surrogate,23,1.7648404575507286,195,True
mod_wd1_s43,train_loss,401,0,surrogate,24,1.4352545124058724,195,True
mod_wd1_s43,train_loss,401,0,surrogate,25,2.0926307743131516,195,True
mod_wd1_s43,train_loss,401,0,surrogate,26,1.452689134101325,195,True
mod_wd1_s43,train_loss,401,0,surrogate,27,1.9645658362683687,195,True
mod_wd1_s43,train_loss,401,0,surrogate,28,2.009879606858888,195,True
mod_wd1_s43,train_loss,401,0,surrogate,29,2.206521144422423,195,True
mod_wd1_s43,train_loss,401,0,surrogate,30,2.356516369134295,195,True
mod_wd1_s43,train_loss,401,0,surrogate,31,3.449864025948395,195,True
mod_wd1_s43,train_loss,401,0,surrogate,32,1.9234243208812754,195,True
mod_wd1_s43,train_loss,401,0,surrogate,33,2.2688007905291157,195,True
mod_wd1_s43,train_loss,401,0,surrogate,34,1.9412846545114537,195,True
mod_wd1_s43,train_loss,401,0,surrogate,35,2.041119983039534,195,True
mod_wd1_s43,train_loss,401,0,surrogate,36,2.9358674558948787,195,True
mod_wd1_s43,train_loss,401,0,surrogate,37,1.8704153660407432,195,True
mod_wd1_s43,train_loss,401,0,surrogate,38,2.758178162674743,195,True
mod_wd1_s43,train_loss,401,1,observed,-1,2.048934494833673,195,True
mod_wd1_s43,train_loss,401,1,surrogate,0,1.6254244763361316,195,True
mod_wd1_s43,train_loss,401,1,surrogate,1,2.6507295831401922,195,True
mod_wd1_s43,train_loss,401,1,surrogate,2,2.3978736388278517,195,True
mod_wd1_s43,train_loss,401,1,surrogate,3,1.6533951631626325,195,True
mod_wd1_s43,train_loss,401,1,surrogate,4,2.53762057671636,195,True
mod_wd1_s43,train_loss,401,1,surrogate,5,2.255424057226618,195,True
mod_wd1_s43,train_loss,401,1,surrogate,6,4.897214136146002,195,True
mod_wd1_s43,train_loss,401,1,surrogate,7,1.4846671766196606,195,True
mod_wd1_s43,train_loss,401,1,surrogate,8,2.801419901662855,195,True
mod_wd1_s43,train_loss,401,1,surrogate,9,2.619723023789971,195,True
mod_wd1_s43,train_loss,401,1,surrogate,10,2.344797980247886,195,True
mod_wd1_s43,train_loss,401,1,surrogate,11,1.8111088620290625,195,True
mod_wd1_s43,train_loss,401,1,surrogate,12,2.5176931940561085,195,True
mod_wd1_s43,train_loss,401,1,surrogate,13,1.9871244992328223,195,True
mod_wd1_s43,train_loss,401,1,surrogate,14,2.305251229799986,195,True
mod_wd1_s43,train_loss,401,1,surrogate,15,2.324526762364758,195,True
mod_wd1_s43,train_loss,401,1,surrogate,16,2.4661567180524697,195,True
mod_wd1_s43,train_loss,401,1,surrogate,17,2.7434768488621755,195,True
mod_wd1_s43,train_loss,401,1,surrogate,18,1.480868017579212,195,True
mod_wd1_s43,train_loss,401,1,surrogate,19,1.9841431449200093,195,True
mod_wd1_s43,train_loss,401,1,surrogate,20,2.354965701694841,195,True
mod_wd1_s43,train_loss,401,1,surrogate,21,3.2060736763593414,195,True
mod_wd1_s43,train_loss,401,1,surrogate,22,1.2429169796303565,195,True
mod_wd1_s43,train_loss,401,1,surrogate,23,2.2323455785760107,195,True
mod_wd1_s43,train_loss,401,1,surrogate,24,1.7058425808139688,195,True
mod_wd1_s43,train_loss,401,1,surrogate,25,2.199608335689076,195,True
mod_wd1_s43,train_loss,401,1,surrogate,26,1.7465376133730912,195,True
mod_wd1_s43,train_loss,401,1,surrogate,27,2.821282055920263,195,True
mod_wd1_s43,train_loss,401,1,surrogate,28,1.7447836301059445,195,True
mod_wd1_s43,train_loss,401,1,surrogate,29,4.354967404217324,195,True
mod_wd1_s43,train_loss,401,1,surrogate,30,2.410455884483462,195,True
mod_wd1_s43,train_loss,401,1,surrogate,31,3.209044623294076,195,True
mod_wd1_s43,train_loss,401,1,surrogate,32,2.7028350154100265,195,True
mod_wd1_s43,train_loss,401,1,surrogate,33,1.8223979447933536,195,True
mod_wd1_s43,train_loss,401,1,surrogate,34,2.612342695663584,195,True
mod_wd1_s43,train_loss,401,1,surrogate,35,1.395073462357342,195,True
mod_wd1_s43,train_loss,401,1,surrogate,36,2.1382635823366742,195,True
mod_wd1_s43,train_loss,401,1,surrogate,37,2.5817534207542496,195,True
mod_wd1_s43,train_loss,401,1,surrogate,38,2.296390331499888,195,True
mod_wd1_s43,train_loss,401,2,observed,-1,2.048934494833673,195,True
mod_wd1_s43,train_loss,401,2,surrogate,0,2.6534662771979605,195,True
mod_wd1_s43,train_loss,401,2,surrogate,1,1.6901861294603553,195,True
mod_wd1_s43,train_loss,401,2,surrogate,2,2.5711880021202034,195,True
mod_wd1_s43,train_loss,401,2,surrogate,3,2.0806753151317086,195,True
mod_wd1_s43,train_loss,401,2,surrogate,4,1.840242270498833,195,True
mod_wd1_s43,train_loss,401,2,surrogate,5,2.035184034153313,195,True
mod_wd1_s43,train_loss,401,2,surrogate,6,1.8348838296900902,195,True
mod_wd1_s43,train_loss,401,2,surrogate,7,2.464070680403548,195,True
mod_wd1_s43,train_loss,401,2,surrogate,8,2.6560270603757856,195,True
mod_wd1_s43,train_loss,401,2,surrogate,9,3.0334634313092144,195,True
mod_wd1_s43,train_loss,401,2,surrogate,10,1.8509254936391164,195,True
mod_wd1_s43,train_loss,401,2,surrogate,11,1.9783675062114037,195,True
mod_wd1_s43,train_loss,401,2,surrogate,12,1.413086234481268,195,True
mod_wd1_s43,train_loss,401,2,surrogate,13,2.913362475183185,195,True
mod_wd1_s43,train_loss,401,2,surrogate,14,1.4979974366521616,195,True
mod_wd1_s43,train_loss,401,2,surrogate,15,3.015658063070824,195,True
mod_wd1_s43,train_loss,401,2,surrogate,16,2.3418297200866642,195,True
mod_wd1_s43,train_loss,401,2,surrogate,17,2.5616106922366604,195,True
mod_wd1_s43,train_loss,401,2,surrogate,18,1.7338299903837395,195,True
mod_wd1_s43,train_loss,401,2,surrogate,19,2.675124642219942,195,True
mod_wd1_s43,train_loss,401,2,surrogate,20,2.156583172093479,195,True
mod_wd1_s43,train_loss,401,2,surrogate,21,2.987960560454931,195,True
mod_wd1_s43,train_loss,401,2,surrogate,22,2.209422071182475,195,True
mod_wd1_s43,train_loss,401,2,surrogate,23,2.3937494373271053,195,True
mod_wd1_s43,train_loss,401,2,surrogate,24,2.8771274503959745,195,True
mod_wd1_s43,train_loss,401,2,surrogate,25,3.0607069892699763,195,True
mod_wd1_s43,train_loss,401,2,surrogate,26,1.2952416065522523,195,True
mod_wd1_s43,train_loss,401,2,surrogate,27,1.8378699879452434,195,True
mod_wd1_s43,train_loss,401,2,surrogate,28,3.201819489242559,195,True
mod_wd1_s43,train_loss,401,2,surrogate,29,2.6228138451057257,195,True
mod_wd1_s43,train_loss,401,2,surrogate,30,1.2285861355918923,195,True
mod_wd1_s43,train_loss,401,2,surrogate,31,2.0992177030430272,195,True
mod_wd1_s43,train_loss,401,2,surrogate,32,2.0768237709158166,195,True
mod_wd1_s43,train_loss,401,2,surrogate,33,3.8615161925448502,195,True
mod_wd1_s43,train_loss,401,2,surrogate,34,2.291619692589399,195,True
mod_wd1_s43,train_loss,401,2,surrogate,35,1.8231505495670393,195,True
mod_wd1_s43,train_loss,401,2,surrogate,36,1.8565390733399623,195,True
mod_wd1_s43,train_loss,401,2,surrogate,37,1.6187850351294986,195,True
mod_wd1_s43,train_loss,401,2,surrogate,38,2.2488749745129044,195,True
mod_wd1_s43,train_loss,401,3,observed,-1,2.048934494833673,195,True
mod_wd1_s43,train_loss,401,3,surrogate,0,2.162011177911802,195,True
mod_wd1_s43,train_loss,401,3,surrogate,1,1.6935193917072007,195,True
mod_wd1_s43,train_loss,401,3,surrogate,2,2.937123021194803,195,True
mod_wd1_s43,train_loss,401,3,surrogate,3,2.1212278539195224,195,True
mod_wd1_s43,train_loss,401,3,surrogate,4,1.8917774611536862,195,True
mod_wd1_s43,train_loss,401,3,surrogate,5,2.893300863566306,195,True
mod_wd1_s43,train_loss,401,3,surrogate,6,2.375041971219818,195,True
mod_wd1_s43,train_loss,401,3,surrogate,7,1.5978174106797363,195,True
mod_wd1_s43,train_loss,401,3,surrogate,8,2.2763764555856225,195,True
mod_wd1_s43,train_loss,401,3,surrogate,9,2.484278107164257,195,True
mod_wd1_s43,train_loss,401,3,surrogate,10,1.6081930218082,195,True
mod_wd1_s43,train_loss,401,3,surrogate,11,3.0627390705852244,195,True
mod_wd1_s43,train_loss,401,3,surrogate,12,3.6125415287958433,195,True
mod_wd1_s43,train_loss,401,3,surrogate,13,1.4924387840567648,195,True
mod_wd1_s43,train_loss,401,3,surrogate,14,3.1254649659690577,195,True
mod_wd1_s43,train_loss,401,3,surrogate,15,2.5086755003924655,195,True
mod_wd1_s43,train_loss,401,3,surrogate,16,1.6903234243968868,195,True
mod_wd1_s43,train_loss,401,3,surrogate,17,1.163709601370936,195,True
mod_wd1_s43,train_loss,401,3,surrogate,18,1.7729927595467712,195,True
mod_wd1_s43,train_loss,401,3,surrogate,19,2.580935850987836,195,True
mod_wd1_s43,train_loss,401,3,surrogate,20,2.169110520399331,195,True
mod_wd1_s43,train_loss,401,3,surrogate,21,1.243934557708161,195,True
mod_wd1_s43,train_loss,401,3,surrogate,22,1.027018593669883,195,True
mod_wd1_s43,train_loss,401,3,surrogate,23,2.1001447596389307,195,True
mod_wd1_s43,train_loss,401,3,surrogate,24,1.2844356144190505,195,True
mod_wd1_s43,train_loss,401,3,surrogate,25,2.9311463535724647,195,True
mod_wd1_s43,train_loss,401,3,surrogate,26,1.7854770149850543,195,True
mod_wd1_s43,train_loss,401,3,surrogate,27,3.1760270361708645,195,True
mod_wd1_s43,train_loss,401,3,surrogate,28,1.67388528068356,195,True
mod_wd1_s43,train_loss,401,3,surrogate,29,2.332939634948584,195,True
mod_wd1_s43,train_loss,401,3,surrogate,30,2.0383728793560794,195,True
mod_wd1_s43,train_loss,401,3,surrogate,31,2.4765904934578438,195,True
mod_wd1_s43,train_loss,401,3,surrogate,32,1.5976880865735579,195,True
mod_wd1_s43,train_loss,401,3,surrogate,33,2.4690597903291205,195,True
mod_wd1_s43,train_loss,401,3,surrogate,34,1.2316492046426852,195,True
mod_wd1_s43,train_loss,401,3,surrogate,35,1.9111816142661167,195,True
mod_wd1_s43,train_loss,401,3,surrogate,36,2.306846325346079,195,True
mod_wd1_s43,train_loss,401,3,surrogate,37,2.460064534977351,195,True
mod_wd1_s43,train_loss,401,3,surrogate,38,2.160923468412511,195,True
mod_wd1_s43,train_loss,401,4,observed,-1,2.048934494833673,195,True
mod_wd1_s43,train_loss,401,4,surrogate,0,1.5548203655525037,195,True
mod_wd1_s43,train_loss,401,4,surrogate,1,1.5200569201555094,195,True
mod_wd1_s43,train_loss,401,4,surrogate,2,1.7907051330824109,195,True
mod_wd1_s43,train_loss,401,4,surrogate,3,2.1049443642741985,195,True
mod_wd1_s43,train_loss,401,4,surrogate,4,2.4020828124219,195,True
mod_wd1_s43,train_loss,401,4,surrogate,5,2.6499474868082293,195,True
mod_wd1_s43,train_loss,401,4,surrogate,6,2.929249215295484,195,True
mod_wd1_s43,train_loss,401,4,surrogate,7,3.1004924524664506,195,True
mod_wd1_s43,train_loss,401,4,surrogate,8,2.5592682607791537,195,True
mod_wd1_s43,train_loss,401,4,surrogate,9,2.361858178764743,195,True
mod_wd1_s43,train_loss,401,4,surrogate,10,2.668274549567875,195,True
mod_wd1_s43,train_loss,401,4,surrogate,11,2.1217721054199217,195,True
mod_wd1_s43,train_loss,401,4,surrogate,12,2.7097995028052617,195,True
mod_wd1_s43,train_loss,401,4,surrogate,13,1.8367462134088697,195,True
mod_wd1_s43,train_loss,401,4,surrogate,14,1.9149278968321755,195,True
mod_wd1_s43,train_loss,401,4,surrogate,15,1.8444182542346452,195,True
mod_wd1_s43,train_loss,401,4,surrogate,16,1.7920387950836478,195,True
mod_wd1_s43,train_loss,401,4,surrogate,17,3.7379314728490436,195,True
mod_wd1_s43,train_loss,401,4,surrogate,18,2.114066655563696,195,True
mod_wd1_s43,train_loss,401,4,surrogate,19,1.9899169021873073,195,True
mod_wd1_s43,train_loss,401,4,surrogate,20,1.6512649893903104,195,True
mod_wd1_s43,train_loss,401,4,surrogate,21,2.13276837749313,195,True
mod_wd1_s43,train_loss,401,4,surrogate,22,3.033325562289327,195,True
mod_wd1_s43,train_loss,401,4,surrogate,23,1.3404126165063637,195,True
mod_wd1_s43,train_loss,401,4,surrogate,24,3.880059140580966,195,True
mod_wd1_s43,train_loss,401,4,surrogate,25,3.2029649016153376,195,True
mod_wd1_s43,train_loss,401,4,surrogate,26,2.433287333219958,195,True
mod_wd1_s43,train_loss,401,4,surrogate,27,2.65506527296442,195,True
mod_wd1_s43,train_loss,401,4,surrogate,28,1.9085254746584535,195,True
mod_wd1_s43,train_loss,401,4,surrogate,29,5.037753266073948,195,True
mod_wd1_s43,train_loss,401,4,surrogate,30,2.2534553837992264,195,True
mod_wd1_s43,train_loss,401,4,surrogate,31,3.7935052593872034,195,True
mod_wd1_s43,train_loss,401,4,surrogate,32,2.053296839481718,195,True
mod_wd1_s43,train_loss,401,4,surrogate,33,2.244674595645286,195,True
mod_wd1_s43,train_loss,401,4,surrogate,34,1.046597365454181,195,True
mod_wd1_s43,train_loss,401,4,surrogate,35,1.759195508332805,195,True
mod_wd1_s43,train_loss,401,4,surrogate,36,2.3715644729238914,195,True
mod_wd1_s43,train_loss,401,4,surrogate,37,1.2006405027358822,195,True
mod_wd1_s43,train_loss,401,4,surrogate,38,1.9479865072579423,195,True
mod_wd1_s44,weight_norm,101,0,observed,-1,2.139349747874732,195,True
mod_wd1_s44,weight_norm,101,0,surrogate,0,1.9196594995418226,195,True
mod_wd1_s44,weight_norm,101,0,surrogate,1,2.128750325788793,195,True
mod_wd1_s44,weight_norm,101,0,surrogate,2,1.700637587225067,195,True
mod_wd1_s44,weight_norm,101,0,surrogate,3,1.903302217288177,195,True
mod_wd1_s44,weight_norm,101,0,surrogate,4,2.0200617055461794,195,True
mod_wd1_s44,weight_norm,101,0,surrogate,5,1.842652524750232,195,True
mod_wd1_s44,weight_norm,101,0,surrogate,6,1.7525700283925973,195,True
mod_wd1_s44,weight_norm,101,0,surrogate,7,1.8602777614874608,195,True
mod_wd1_s44,weight_norm,101,0,surrogate,8,1.894960173199387,195,True
mod_wd1_s44,weight_norm,101,0,surrogate,9,1.96390860820635,195,True
mod_wd1_s44,weight_norm,101,0,surrogate,10,1.891620483936792,195,True
mod_wd1_s44,weight_norm,101,0,surrogate,11,1.8339698492335907,195,True
mod_wd1_s44,weight_norm,101,0,surrogate,12,1.8450871945851488,195,True
mod_wd1_s44,weight_norm,101,0,surrogate,13,2.3798130107367728,195,True
mod_wd1_s44,weight_norm,101,0,surrogate,14,1.871573019904045,195,True
mod_wd1_s44,weight_norm,101,0,surrogate,15,1.898260830970504,195,True
mod_wd1_s44,weight_norm,101,0,surrogate,16,1.7627239359638416,195,True
mod_wd1_s44,weight_norm,101,0,surrogate,17,1.9427363995271745,195,True
mod_wd1_s44,weight_norm,101,0,surrogate,18,1.4551079885402636,195,True
mod_wd1_s44,weight_norm,101,0,surrogate,19,1.8774338194173192,195,True
mod_wd1_s44,weight_norm,101,0,surrogate,20,1.3243073872523283,195,True
mod_wd1_s44,weight_norm,101,0,surrogate,21,1.9500157129908862,195,True
mod_wd1_s44,weight_norm,101,0,surrogate,22,1.8753105626970645,195,True
mod_wd1_s44,weight_norm,101,0,surrogate,23,1.9413290078817276,195,True
mod_wd1_s44,weight_norm,101,0,surrogate,24,1.8613868104983997,195,True
mod_wd1_s44,weight_norm,101,0,surrogate,25,2.082114258176756,195,True
mod_wd1_s44,weight_norm,101,0,surrogate,26,1.9724952790753232,195,True
mod_wd1_s44,weight_norm,101,0,surrogate,27,1.8755062030013738,195,True
mod_wd1_s44,weight_norm,101,0,surrogate,28,1.993785502676537,195,True
mod_wd1_s44,weight_norm,101,0,surrogate,29,1.8709254687475623,195,True
mod_wd1_s44,weight_norm,101,0,surrogate,30,1.8820096803601063,195,True
mod_wd1_s44,weight_norm,101,0,surrogate,31,2.097118831167079,195,True
mod_wd1_s44,weight_norm,101,0,surrogate,32,1.9717683498266396,195,True
mod_wd1_s44,weight_norm,101,0,surrogate,33,1.6162468986765004,195,True
mod_wd1_s44,weight_norm,101,0,surrogate,34,1.988604209061479,195,True
mod_wd1_s44,weight_norm,101,0,surrogate,35,1.8377496741018828,195,True
mod_wd1_s44,weight_norm,101,0,surrogate,36,1.778953157406667,195,True
mod_wd1_s44,weight_norm,101,0,surrogate,37,1.852417218179046,195,True
mod_wd1_s44,weight_norm,101,0,surrogate,38,1.7642125653379723,195,True
mod_wd1_s44,weight_norm,101,1,observed,-1,2.139349747874732,195,True
mod_wd1_s44,weight_norm,101,1,surrogate,0,1.8324149835886359,195,True
mod_wd1_s44,weight_norm,101,1,surrogate,1,1.8115077611360768,195,True
mod_wd1_s44,weight_norm,101,1,surrogate,2,1.8709047445533282,195,True
mod_wd1_s44,weight_norm,101,1,surrogate,3,1.2215136248553107,195,True
mod_wd1_s44,weight_norm,101,1,surrogate,4,1.2888718879983465,195,True
mod_wd1_s44,weight_norm,101,1,surrogate,5,2.1339899795880855,195,True
mod_wd1_s44,weight_norm,101,1,surrogate,6,1.835677280178094,195,True
mod_wd1_s44,weight_norm,101,1,surrogate,7,1.3710667602725073,195,True
mod_wd1_s44,weight_norm,101,1,surrogate,8,1.9639480365891968,195,True
mod_wd1_s44,weight_norm,101,1,surrogate,9,1.8230551436965843,195,True
mod_wd1_s44,weight_norm,101,1,surrogate,10,1.724362707674507,195,True
mod_wd1_s44,weight_norm,101,1,surrogate,11,1.094400145177821,195,True
mod_wd1_s44,weight_norm,101,1,surrogate,12,1.4369917846723674,195,True
mod_wd1_s44,weight_norm,101,1,surrogate,13,1.8692622419228773,195,True
mod_wd1_s44,weight_norm,101,1,surrogate,14,1.8501685209826435,195,True
mod_wd1_s44,weight_norm,101,1,surrogate,15,2.063903301411911,195,True
mod_wd1_s44,weight_norm,101,1,surrogate,16,1.8540464371588556,195,True
mod_wd1_s44,weight_norm,101,1,surrogate,17,1.8161480059189248,195,True
mod_wd1_s44,weight_norm,101,1,surrogate,18,1.9311376791551942,195,True
mod_wd1_s44,weight_norm,101,1,surrogate,19,1.6172579628157706,195,True
mod_wd1_s44,weight_norm,101,1,surrogate,20,1.8555150658703936,195,True
mod_wd1_s44,weight_norm,101,1,surrogate,21,2.424513533730372,195,True
mod_wd1_s44,weight_norm,101,1,surrogate,22,1.8827651495301208,195,True
mod_wd1_s44,weight_norm,101,1,surrogate,23,1.896083857831938,195,True
mod_wd1_s44,weight_norm,101,1,surrogate,24,1.793496733631485,195,True
mod_wd1_s44,weight_norm,101,1,surrogate,25,1.7275323757723402,195,True
mod_wd1_s44,weight_norm,101,1,surrogate,26,1.8840039860235904,195,True
mod_wd1_s44,weight_norm,101,1,surrogate,27,1.6524040593458271,195,True
mod_wd1_s44,weight_norm,101,1,surrogate,28,1.7697814368385676,195,True
mod_wd1_s44,weight_norm,101,1,surrogate,29,1.693378050586544,195,True
mod_wd1_s44,weight_norm,101,1,surrogate,30,1.855605411417038,195,True
mod_wd1_s44,weight_norm,101,1,surrogate,31,1.887196292161091,195,True
mod_wd1_s44,weight_norm,101,1,surrogate,32,1.3207924730363176,195,True
mod_wd1_s44,weight_norm,101,1,surrogate,33,1.9256835185363808,195,True
mod_wd1_s44,weight_norm,101,1,surrogate,34,1.8985863411606332,195,True
mod_wd1_s44,weight_norm,101,1,surrogate,35,1.7774768976544315,195,True
mod_wd1_s44,weight_norm,101,1,surrogate,36,1.8332806349765742,195,True
mod_wd1_s44,weight_norm,101,1,surrogate,37,1.8071224857279933,195,True
mod_wd1_s44,weight_norm,101,1,surrogate,38,2.004094169101444,195,True
mod_wd1_s44,weight_norm,101,2,observed,-1,2.139349747874732,195,True
mod_wd1_s44,weight_norm,101,2,surrogate,0,1.8619882304784503,195,True
mod_wd1_s44,weight_norm,101,2,surrogate,1,1.9530187188676464,195,True
mod_wd1_s44,weight_norm,101,2,surrogate,2,1.5484029782478002,195,True
mod_wd1_s44,weight_norm,101,2,surrogate,3,1.8496275748396054,195,True
mod_wd1_s44,weight_norm,101,2,surrogate,4,1.9655829659601696,195,True
mod_wd1_s44,weight_norm,101,2,surrogate,5,1.7848987665465461,195,True
mod_wd1_s44,weight_norm,101,2,surrogate,6,1.9541914850824584,195,True
mod_wd1_s44,weight_norm,101,2,surrogate,7,1.6013477636191933,195,True
mod_wd1_s44,weight_norm,101,2,surrogate,8,1.729234973010162,195,True
mod_wd1_s44,weight_norm,101,2,surrogate,9,1.8270167919070244,195,True
mod_wd1_s44,weight_norm,101,2,surrogate,10,2.017661291836009,195,True
mod_wd1_s44,weight_norm,101,2,surrogate,11,1.8609092035929184,195,True
mod_wd1_s44,weight_norm,101,2,surrogate,12,1.8603739150750611,195,True
mod_wd1_s44,weight_norm,101,2,surrogate,13,1.8611586619485276,195,True
mod_wd1_s44,weight_norm,101,2,surrogate,14,1.2786567790116408,195,True
mod_wd1_s44,weight_norm,101,2,surrogate,15,1.8295161769082617,195,True
mod_wd1_s44,weight_norm,101,2,surrogate,16,1.9023300512493537,195,True
mod_wd1_s44,weight_norm,101,2,surrogate,17,2.105558958326308,195,True
mod_wd1_s44,weight_norm,101,2,surrogate,18,1.8437182219966541,195,True
mod_wd1_s44,weight_norm,101,2,surrogate,19,1.8960366961901614,195,True
mod_wd1_s44,weight_norm,101,2,surrogate,20,1.4491995049578916,195,True
mod_wd1_s44,weight_norm,101,2,surrogate,21,1.9221762077534037,195,True
mod_wd1_s44,weight_norm,101,2,surrogate,22,2.2366646210874843,195,True
mod_wd1_s44,weight_norm,101,2,surrogate,23,1.7352027001315051,195,True
mod_wd1_s44,weight_norm,101,2,surrogate,24,1.6230885973578117,195,True
mod_wd1_s44,weight_norm,101,2,surrogate,25,1.8897784168070821,195,True
mod_wd1_s44,weight_norm,101,2,surrogate,26,1.8757329557671587,195,True
mod_wd1_s44,weight_norm,101,2,surrogate,27,1.7815706902206063,195,True
mod_wd1_s44,weight_norm,101,2,surrogate,28,1.977631304163152,195,True
mod_wd1_s44,weight_norm,101,2,surrogate,29,1.8542051157729376,195,True
mod_wd1_s44,weight_norm,101,2,surrogate,30,1.880617266439815,195,True
mod_wd1_s44,weight_norm,101,2,surrogate,31,1.9804238978473845,195,True
mod_wd1_s44,weight_norm,101,2,surrogate,32,2.1385230768373615,195,True
mod_wd1_s44,weight_norm,101,2,surrogate,33,1.1828350239982917,195,True
mod_wd1_s44,weight_norm,101,2,surrogate,34,1.7206381137987348,195,True
mod_wd1_s44,weight_norm,101,2,surrogate,35,1.9164901266128558,195,True
mod_wd1_s44,weight_norm,101,2,surrogate,36,1.8483200140643132,195,True
mod_wd1_s44,weight_norm,101,2,surrogate,37,1.85078778212672,195,True
mod_wd1_s44,weight_norm,101,2,surrogate,38,1.9909561119121684,195,True
mod_wd1_s44,weight_norm,101,3,observed,-1,2.139349747874732,195,True
mod_wd1_s44,weight_norm,101,3,surrogate,0,1.7438084422818116,195,True
mod_wd1_s44,weight_norm,101,3,surrogate,1,1.9484245012138814,195,True
mod_wd1_s44,weight_norm,101,3,surrogate,2,1.7045967502246575,195,True
mod_wd1_s44,weight_norm,101,3,surrogate,3,2.018283936443583,195,True
mod_wd1_s44,weight_norm,101,3,surrogate,4,1.559736993580422,195,True
mod_wd1_s44,weight_norm,101,3,surrogate,5,1.579167421027555,195,True
mod_wd1_s44,weight_norm,101,3,surrogate,6,1.4975955804413408,195,True
mod_wd1_s44,weight_norm,101,3,surrogate,7,1.85124080607585,195,True
mod_wd1_s44,weight_norm,101,3,surrogate,8,1.7360788943236538,195,True
mod_wd1_s44,weight_norm,101,3,surrogate,9,1.5497919387447814,195,True
mod_wd1_s44,weight_norm,101,3,surrogate,10,1.9872127662000767,195,True
mod_wd1_s44,weight_norm,101,3,surrogate,11,1.8544662215856544,195,True
mod_wd1_s44,weight_norm,101,3,surrogate,12,1.9348638036974506,195,True
mod_wd1_s44,weight_norm,101,3,surrogate,13,1.220279794893273,195,True
mod_wd1_s44,weight_norm,101,3,surrogate,14,1.77619525016026,195,True
mod_wd1_s44,weight_norm,101,3,surrogate,15,1.9137251560379005,195,True
mod_wd1_s44,weight_norm,101,3,surrogate,16,1.9543386994514296,195,True
mod_wd1_s44,weight_norm,101,3,surrogate,17,1.938908084872796,195,True
mod_wd1_s44,weight_norm,101,3,surrogate,18,2.0183952453811544,195,True
mod_wd1_s44,weight_norm,101,3,surrogate,19,1.934501788919274,195,True
mod_wd1_s44,weight_norm,101,3,surrogate,20,1.9806274326762252,195,True
mod_wd1_s44,weight_norm,101,3,surrogate,21,1.9480961768750844,195,True
mod_wd1_s44,weight_norm,101,3,surrogate,22,1.899728951651152,195,True
mod_wd1_s44,weight_norm,101,3,surrogate,23,1.2205377612225303,195,True
mod_wd1_s44,weight_norm,101,3,surrogate,24,1.8532988984218908,195,True
mod_wd1_s44,weight_norm,101,3,surrogate,25,1.9310374495532554,195,True
mod_wd1_s44,weight_norm,101,3,surrogate,26,2.0863002534836697,195,True
mod_wd1_s44,weight_norm,101,3,surrogate,27,1.9370561847082979,195,True
mod_wd1_s44,weight_norm,101,3,surrogate,28,2.3998596676348942,195,True
mod_wd1_s44,weight_norm,101,3,surrogate,29,2.2108712978872074,195,True
mod_wd1_s44,weight_norm,101,3,surrogate,30,1.8979761547472787,195,True
mod_wd1_s44,weight_norm,101,3,surrogate,31,1.9643068336273974,195,True
mod_wd1_s44,weight_norm,101,3,surrogate,32,1.886320309061141,195,True
mod_wd1_s44,weight_norm,101,3,surrogate,33,1.8652519060036212,195,True
mod_wd1_s44,weight_norm,101,3,surrogate,34,1.87666125556019,195,True
mod_wd1_s44,weight_norm,101,3,surrogate,35,1.8459728453027702,195,True
mod_wd1_s44,weight_norm,101,3,surrogate,36,1.8675582534436141,195,True
mod_wd1_s44,weight_norm,101,3,surrogate,37,1.9042486741056446,195,True
mod_wd1_s44,weight_norm,101,3,surrogate,38,1.8561870626423451,195,True
mod_wd1_s44,weight_norm,101,4,observed,-1,2.139349747874732,195,True
mod_wd1_s44,weight_norm,101,4,surrogate,0,1.8308258228861194,195,True
mod_wd1_s44,weight_norm,101,4,surrogate,1,1.8574962173413216,195,True
mod_wd1_s44,weight_norm,101,4,surrogate,2,1.2214835776567277,195,True
mod_wd1_s44,weight_norm,101,4,surrogate,3,2.0745057384651053,195,True
mod_wd1_s44,weight_norm,101,4,surrogate,4,1.8415378146291743,195,True
mod_wd1_s44,weight_norm,101,4,surrogate,5,1.8729496516428203,195,True
mod_wd1_s44,weight_norm,101,4,surrogate,6,1.597787106304362,195,True
mod_wd1_s44,weight_norm,101,4,surrogate,7,2.328585426309541,195,True
mod_wd1_s44,weight_norm,101,4,surrogate,8,1.8533393954729562,195,True
mod_wd1_s44,weight_norm,101,4,surrogate,9,1.951540946628743,195,True
mod_wd1_s44,weight_norm,101,4,surrogate,10,1.8586233361669484,195,True
mod_wd1_s44,weight_norm,101,4,surrogate,11,1.8654013058551304,195,True
mod_wd1_s44,weight_norm,101,4,surrogate,12,1.857724146243237,195,True
mod_wd1_s44,weight_norm,101,4,surrogate,13,1.9125406896846178,195,True
mod_wd1_s44,weight_norm,101,4,surrogate,14,1.7795830893789863,195,True
mod_wd1_s44,weight_norm,101,4,surrogate,15,1.939272071907076,195,True
mod_wd1_s44,weight_norm,101,4,surrogate,16,1.9706791851027987,195,True
mod_wd1_s44,weight_norm,101,4,surrogate,17,1.85190272148889,195,True
mod_wd1_s44,weight_norm,101,4,surrogate,18,1.8053079637189526,195,True
mod_wd1_s44,weight_norm,101,4,surrogate,19,1.6270886134329154,195,True
mod_wd1_s44,weight_norm,101,4,surrogate,20,1.8852269510083834,195,True
mod_wd1_s44,weight_norm,101,4,surrogate,21,1.9421569606441287,195,True
mod_wd1_s44,weight_norm,101,4,surrogate,22,1.8183556808395718,195,True
mod_wd1_s44,weight_norm,101,4,surrogate,23,1.608496001882427,195,True
mod_wd1_s44,weight_norm,101,4,surrogate,24,1.8470524827056056,195,True
mod_wd1_s44,weight_norm,101,4,surrogate,25,1.8933106824644723,195,True
mod_wd1_s44,weight_norm,101,4,surrogate,26,1.7597245738380798,195,True
mod_wd1_s44,weight_norm,101,4,surrogate,27,2.07364682525044,195,True
mod_wd1_s44,weight_norm,101,4,surrogate,28,1.6979437375335074,195,True
mod_wd1_s44,weight_norm,101,4,surrogate,29,1.846363637524534,195,True
mod_wd1_s44,weight_norm,101,4,surrogate,30,1.775456650668109,195,True
mod_wd1_s44,weight_norm,101,4,surrogate,31,1.943857904078215,195,True
mod_wd1_s44,weight_norm,101,4,surrogate,32,1.8190598059433467,195,True
mod_wd1_s44,weight_norm,101,4,surrogate,33,1.8047807069063153,195,True
mod_wd1_s44,weight_norm,101,4,surrogate,34,1.9800055917997343,195,True
mod_wd1_s44,weight_norm,101,4,surrogate,35,1.8257347508786739,195,True
mod_wd1_s44,weight_norm,101,4,surrogate,36,1.8922554751976814,195,True
mod_wd1_s44,weight_norm,101,4,surrogate,37,1.545859953316753,195,True
mod_wd1_s44,weight_norm,101,4,surrogate,38,1.863640434362585,195,True
mod_wd1_s44,weight_norm,201,0,observed,-1,2.139349747874732,195,True
mod_wd1_s44,weight_norm,201,0,surrogate,0,0.9844920698388925,195,True
mod_wd1_s44,weight_norm,201,0,surrogate,1,1.807350622337857,195,True
mod_wd1_s44,weight_norm,201,0,surrogate,2,1.423912125027625,195,True
mod_wd1_s44,weight_norm,201,0,surrogate,3,1.4897120234050274,195,True
mod_wd1_s44,weight_norm,201,0,surrogate,4,1.3468610825795886,195,True
mod_wd1_s44,weight_norm,201,0,surrogate,5,1.2375187638391074,195,True
mod_wd1_s44,weight_norm,201,0,surrogate,6,1.4433225866539647,195,True
mod_wd1_s44,weight_norm,201,0,surrogate,7,1.0865362835593753,195,True
mod_wd1_s44,weight_norm,201,0,surrogate,8,1.0468255848506827,195,True
mod_wd1_s44,weight_norm,201,0,surrogate,9,1.1251490683610328,195,True
mod_wd1_s44,weight_norm,201,0,surrogate,10,1.61121322198658,195,True
mod_wd1_s44,weight_norm,201,0,surrogate,11,2.0829888291304135,195,True
mod_wd1_s44,weight_norm,201,0,surrogate,12,1.1029961461087063,195,True
mod_wd1_s44,weight_norm,201,0,surrogate,13,1.893641211633658,195,True
mod_wd1_s44,weight_norm,201,0,surrogate,14,1.0330259447691932,195,True
mod_wd1_s44,weight_norm,201,0,surrogate,15,1.6990215466670064,195,True
mod_wd1_s44,weight_norm,201,0,surrogate,16,1.1044587153253993,195,True
mod_wd1_s44,weight_norm,201,0,surrogate,17,1.1813004680687185,195,True
mod_wd1_s44,weight_norm,201,0,surrogate,18,1.061572541602235,195,True
mod_wd1_s44,weight_norm,201,0,surrogate,19,1.6068576538664414,195,True
mod_wd1_s44,weight_norm,201,0,surrogate,20,1.148730084608417,195,True
mod_wd1_s44,weight_norm,201,0,surrogate,21,1.1006305927338085,195,True
mod_wd1_s44,weight_norm,201,0,surrogate,22,1.0371617821760244,195,True
mod_wd1_s44,weight_norm,201,0,surrogate,23,1.371167795524794,195,True
mod_wd1_s44,weight_norm,201,0,surrogate,24,1.202365619550633,195,True
mod_wd1_s44,weight_norm,201,0,surrogate,25,1.5080666366467546,195,True
mod_wd1_s44,weight_norm,201,0,surrogate,26,1.2172245368947967,195,True
mod_wd1_s44,weight_norm,201,0,surrogate,27,1.0914709284736437,195,True
mod_wd1_s44,weight_norm,201,0,surrogate,28,1.0651876042747814,195,True
mod_wd1_s44,weight_norm,201,0,surrogate,29,1.1802316563986384,195,True
mod_wd1_s44,weight_norm,201,0,surrogate,30,1.1491277011918293,195,True
mod_wd1_s44,weight_norm,201,0,surrogate,31,1.48001917481835,195,True
mod_wd1_s44,weight_norm,201,0,surrogate,32,1.5208546577599342,195,True
mod_wd1_s44,weight_norm,201,0,surrogate,33,1.4731048837222387,195,True
mod_wd1_s44,weight_norm,201,0,surrogate,34,1.340002748574874,195,True
mod_wd1_s44,weight_norm,201,0,surrogate,35,1.4080562825714027,195,True
mod_wd1_s44,weight_norm,201,0,surrogate,36,1.5159594965100045,195,True
mod_wd1_s44,weight_norm,201,0,surrogate,37,1.528971575734543,195,True
mod_wd1_s44,weight_norm,201,0,surrogate,38,1.04214702582166,195,True
mod_wd1_s44,weight_norm,201,1,observed,-1,2.139349747874732,195,True
mod_wd1_s44,weight_norm,201,1,surrogate,0,1.2696019452093885,195,True
mod_wd1_s44,weight_norm,201,1,surrogate,1,1.2778573218249465,195,True
mod_wd1_s44,weight_norm,201,1,surrogate,2,1.6167951985783358,195,True
mod_wd1_s44,weight_norm,201,1,surrogate,3,1.1911980317076698,195,True
mod_wd1_s44,weight_norm,201,1,surrogate,4,1.3209052887725103,195,True
mod_wd1_s44,weight_norm,201,1,surrogate,5,1.1647036699086952,195,True
mod_wd1_s44,weight_norm,201,1,surrogate,6,1.0271518008736076,195,True
mod_wd1_s44,weight_norm,201,1,surrogate,7,1.1185829676379633,195,True
mod_wd1_s44,weight_norm,201,1,surrogate,8,1.1732045821440333,195,True
mod_wd1_s44,weight_norm,201,1,surrogate,9,1.8205284982377805,195,True
mod_wd1_s44,weight_norm,201,1,surrogate,10,1.8065639956036696,195,True
mod_wd1_s44,weight_norm,201,1,surrogate,11,0.9318017486163473,195,True
mod_wd1_s44,weight_norm,201,1,surrogate,12,1.2661030287540462,195,True
mod_wd1_s44,weight_norm,201,1,surrogate,13,1.1167978390216142,195,True
mod_wd1_s44,weight_norm,201,1,surrogate,14,1.6718665146509752,195,True
mod_wd1_s44,weight_norm,201,1,surrogate,15,1.17961824146892,195,True
mod_wd1_s44,weight_norm,201,1,surrogate,16,1.3320294859785222,195,True
mod_wd1_s44,weight_norm,201,1,surrogate,17,1.0490672133966843,195,True
mod_wd1_s44,weight_norm,201,1,surrogate,18,1.2138851892617342,195,True
mod_wd1_s44,weight_norm,201,1,surrogate,19,1.2226950329159725,195,True
mod_wd1_s44,weight_norm,201,1,surrogate,20,1.2240053609259887,195,True
mod_wd1_s44,weight_norm,201,1,surrogate,21,1.377417618175267,195,True
mod_wd1_s44,weight_norm,201,1,surrogate,22,1.778237481488838,195,True
mod_wd1_s44,weight_norm,201,1,surrogate,23,1.1776996044253152,195,True
mod_wd1_s44,weight_norm,201,1,surrogate,24,1.735283336632274,195,True
mod_wd1_s44,weight_norm,201,1,surrogate,25,1.1018658667514123,195,True
mod_wd1_s44,weight_norm,201,1,surrogate,26,2.1685569417765747,195,True
mod_wd1_s44,weight_norm,201,1,surrogate,27,1.109103478714701,195,True
mod_wd1_s44,weight_norm,201,1,surrogate,28,1.626041909570035,195,True
mod_wd1_s44,weight_norm,201,1,surrogate,29,1.9930869464644319,195,True
mod_wd1_s44,weight_norm,201,1,surrogate,30,1.1489074758446283,195,True
mod_wd1_s44,weight_norm,201,1,surrogate,31,1.4732981517463999,195,True
mod_wd1_s44,weight_norm,201,1,surrogate,32,1.0874817526646894,195,True
mod_wd1_s44,weight_norm,201,1,surrogate,33,1.7040127740742002,195,True
mod_wd1_s44,weight_norm,201,1,surrogate,34,1.8929552264377159,195,True
mod_wd1_s44,weight_norm,201,1,surrogate,35,1.1728994767946845,195,True
mod_wd1_s44,weight_norm,201,1,surrogate,36,1.0173416421377774,195,True
mod_wd1_s44,weight_norm,201,1,surrogate,37,1.563164925657579,195,True
mod_wd1_s44,weight_norm,201,1,surrogate,38,1.0821625415761962,195,True
mod_wd1_s44,weight_norm,201,2,observed,-1,2.139349747874732,195,True
mod_wd1_s44,weight_norm,201,2,surrogate,0,1.737410720999837,195,True
mod_wd1_s44,weight_norm,201,2,surrogate,1,1.6890920212496507,195,True
mod_wd1_s44,weight_norm,201,2,surrogate,2,1.0602017019047871,195,True
mod_wd1_s44,weight_norm,201,2,surrogate,3,1.9735113587062574,195,True
mod_wd1_s44,weight_norm,201,2,surrogate,4,1.370496945824691,195,True
mod_wd1_s44,weight_norm,201,2,surrogate,5,1.3611720322627314,195,True
mod_wd1_s44,weight_norm,201,2,surrogate,6,1.0990203151958184,195,True
mod_wd1_s44,weight_norm,201,2,surrogate,7,1.4191986366407827,195,True
mod_wd1_s44,weight_norm,201,2,surrogate,8,0.9396506312231347,195,True
mod_wd1_s44,weight_norm,201,2,surrogate,9,1.0558771767870192,195,True
mod_wd1_s44,weight_norm,201,2,surrogate,10,1.1147175872271533,195,True
mod_wd1_s44,weight_norm,201,2,surrogate,11,1.372230353461651,195,True
mod_wd1_s44,weight_norm,201,2,surrogate,12,1.3882616260513034,195,True
mod_wd1_s44,weight_norm,201,2,surrogate,13,1.2038602098065478,195,True
mod_wd1_s44,weight_norm,201,2,surrogate,14,1.292400571655748,195,True
mod_wd1_s44,weight_norm,201,2,surrogate,15,1.6125355806925323,195,True
mod_wd1_s44,weight_norm,201,2,surrogate,16,1.3183281451822269,195,True
mod_wd1_s44,weight_norm,201,2,surrogate,17,1.0805944376478385,195,True
mod_wd1_s44,weight_norm,201,2,surrogate,18,1.5899064352358154,195,True
mod_wd1_s44,weight_norm,201,2,surrogate,19,1.5048442845581174,195,True
mod_wd1_s44,weight_norm,201,2,surrogate,20,1.012852720489337,195,True
mod_wd1_s44,weight_norm,201,2,surrogate,21,1.5238812570535953,195,True
mod_wd1_s44,weight_norm,201,2,surrogate,22,1.2877431554324683,195,True
mod_wd1_s44,weight_norm,201,2,surrogate,23,1.0666533853102778,195,True
mod_wd1_s44,weight_norm,201,2,surrogate,24,1.3847869134412352,195,True
mod_wd1_s44,weight_norm,201,2,surrogate,25,1.7508226329167942,195,True
mod_wd1_s44,weight_norm,201,2,surrogate,26,1.261337073420066,195,True
mod_wd1_s44,weight_norm,201,2,surrogate,27,1.9077729084253432,195,True
mod_wd1_s44,weight_norm,201,2,surrogate,28,1.6473245594493318,195,True
mod_wd1_s44,weight_norm,201,2,surrogate,29,1.5507647283277406,195,True
mod_wd1_s44,weight_norm,201,2,surrogate,30,1.320968190716746,195,True
mod_wd1_s44,weight_norm,201,2,surrogate,31,1.2317215251590845,195,True
mod_wd1_s44,weight_norm,201,2,surrogate,32,1.0716060924117277,195,True
mod_wd1_s44,weight_norm,201,2,surrogate,33,1.6702104614073277,195,True
mod_wd1_s44,weight_norm,201,2,surrogate,34,1.490734745400713,195,True
mod_wd1_s44,weight_norm,201,2,surrogate,35,1.0141168878529367,195,True
mod_wd1_s44,weight_norm,201,2,surrogate,36,1.1687097356119227,195,True
mod_wd1_s44,weight_norm,201,2,surrogate,37,1.5265221736267538,195,True
mod_wd1_s44,weight_norm,201,2,surrogate,38,1.3877629856444762,195,True
mod_wd1_s44,weight_norm,201,3,observed,-1,2.139349747874732,195,True
mod_wd1_s44,weight_norm,201,3,surrogate,0,1.4104811652748286,195,True
mod_wd1_s44,weight_norm,201,3,surrogate,1,1.0408229805281977,195,True
mod_wd1_s44,weight_norm,201,3,surrogate,2,1.182352786005634,195,True
mod_wd1_s44,weight_norm,201,3,surrogate,3,1.488312740560695,195,True
mod_wd1_s44,weight_norm,201,3,surrogate,4,1.6659699963361436,195,True
mod_wd1_s44,weight_norm,201,3,surrogate,5,1.0750627897272882,195,True
mod_wd1_s44,weight_norm,201,3,surrogate,6,0.9853930111211905,195,True
mod_wd1_s44,weight_norm,201,3,surrogate,7,1.0123002773450176,195,True
mod_wd1_s44,weight_norm,201,3,surrogate,8,1.5533229441247849,195,True
mod_wd1_s44,weight_norm,201,3,surrogate,9,1.2125689724902264,195,True
mod_wd1_s44,weight_norm,201,3,surrogate,10,2.134581235670058,195,True
mod_wd1_s44,weight_norm,201,3,surrogate,11,1.5501302123050513,195,True
mod_wd1_s44,weight_norm,201,3,surrogate,12,1.2755873546554461,195,True
mod_wd1_s44,weight_norm,201,3,surrogate,13,1.6228286046772278,195,True
mod_wd1_s44,weight_norm,201,3,surrogate,14,1.617854556436054,195,True
mod_wd1_s44,weight_norm,201,3,surrogate,15,1.4591445982047768,195,True
mod_wd1_s44,weight_norm,201,3,surrogate,16,1.6035737882483603,195,True
mod_wd1_s44,weight_norm,201,3,surrogate,17,1.3036589015878015,195,True
mod_wd1_s44,weight_norm,201,3,surrogate,18,1.1646954555546112,195,True
mod_wd1_s44,weight_norm,201,3,surrogate,19,1.6282144127724052,195,True
mod_wd1_s44,weight_norm,201,3,surrogate,20,1.5592625907748308,195,True
mod_wd1_s44,weight_norm,201,3,surrogate,21,1.3220211614362383,195,True
mod_wd1_s44,weight_norm,201,3,surrogate,22,1.1510913242031298,195,True
mod_wd1_s44,weight_norm,201,3,surrogate,23,1.2996899561356008,195,True
mod_wd1_s44,weight_norm,201,3,surrogate,24,1.3110403197153688,195,True
mod_wd1_s44,weight_norm,201,3,surrogate,25,1.2037102365994563,195,True
mod_wd1_s44,weight_norm,201,3,surrogate,26,1.043164338082207,195,True
mod_wd1_s44,weight_norm,201,3,surrogate,27,1.4854904180397135,195,True
mod_wd1_s44,weight_norm,201,3,surrogate,28,1.1049913347223548,195,True
mod_wd1_s44,weight_norm,201,3,surrogate,29,1.1480296382103745,195,True
mod_wd1_s44,weight_norm,201,3,surrogate,30,1.0974190805014323,195,True
mod_wd1_s44,weight_norm,201,3,surrogate,31,1.1231259588548252,195,True
mod_wd1_s44,weight_norm,201,3,surrogate,32,1.0091506261140963,195,True
mod_wd1_s44,weight_norm,201,3,surrogate,33,2.0010636810728117,195,True
mod_wd1_s44,weight_norm,201,3,surrogate,34,1.4276344622484642,195,True
mod_wd1_s44,weight_norm,201,3,surrogate,35,1.7427576520205088,195,True
mod_wd1_s44,weight_norm,201,3,surrogate,36,1.2411170605010609,195,True
mod_wd1_s44,weight_norm,201,3,surrogate,37,1.3659705092377683,195,True
mod_wd1_s44,weight_norm,201,3,surrogate,38,1.072817385982795,195,True
mod_wd1_s44,weight_norm,201,4,observed,-1,2.139349747874732,195,True
mod_wd1_s44,weight_norm,201,4,surrogate,0,1.1271020903635927,195,True
mod_wd1_s44,weight_norm,201,4,surrogate,1,1.72948618007447,195,True
mod_wd1_s44,weight_norm,201,4,surrogate,2,1.814758306324622,195,True
mod_wd1_s44,weight_norm,201,4,surrogate,3,1.1745226371121928,195,True
mod_wd1_s44,weight_norm,201,4,surrogate,4,1.065427093210414,195,True
mod_wd1_s44,weight_norm,201,4,surrogate,5,1.4029563037199535,195,True
mod_wd1_s44,weight_norm,201,4,surrogate,6,1.049252827579418,195,True
mod_wd1_s44,weight_norm,201,4,surrogate,7,1.0350485198976174,195,True
mod_wd1_s44,weight_norm,201,4,surrogate,8,1.1072641158437226,195,True
mod_wd1_s44,weight_norm,201,4,surrogate,9,1.6226769791779143,195,True
mod_wd1_s44,weight_norm,201,4,surrogate,10,1.7736158239298059,195,True
mod_wd1_s44,weight_norm,201,4,surrogate,11,1.1741033381416002,195,True
mod_wd1_s44,weight_norm,201,4,surrogate,12,1.329934285311452,195,True
mod_wd1_s44,weight_norm,201,4,surrogate,13,1.2826296990667385,195,True
mod_wd1_s44,weight_norm,201,4,surrogate,14,1.5351342326628648,195,True
mod_wd1_s44,weight_norm,201,4,surrogate,15,1.6503982357887395,195,True
mod_wd1_s44,weight_norm,201,4,surrogate,16,1.597847865974308,195,True
mod_wd1_s44,weight_norm,201,4,surrogate,17,1.0311760647381343,195,True
mod_wd1_s44,weight_norm,201,4,surrogate,18,0.9997692147033987,195,True
mod_wd1_s44,weight_norm,201,4,surrogate,19,1.0255861436364322,195,True
mod_wd1_s44,weight_norm,201,4,surrogate,20,1.039209492445524,195,True
mod_wd1_s44,weight_norm,201,4,surrogate,21,1.2041383535237873,195,True
mod_wd1_s44,weight_norm,201,4,surrogate,22,1.1739757783212226,195,True
mod_wd1_s44,weight_norm,201,4,surrogate,23,1.1154197024579384,195,True
mod_wd1_s44,weight_norm,201,4,surrogate,24,1.4693644703484277,195,True
mod_wd1_s44,weight_norm,201,4,surrogate,25,1.4664663978979204,195,True
mod_wd1_s44,weight_norm,201,4,surrogate,26,1.8419708388733134,195,True
mod_wd1_s44,weight_norm,201,4,surrogate,27,1.0551439433629812,195,True
mod_wd1_s44,weight_norm,201,4,surrogate,28,1.3365048040867096,195,True
mod_wd1_s44,weight_norm,201,4,surrogate,29,1.841643427393023,195,True
mod_wd1_s44,weight_norm,201,4,surrogate,30,2.258724780593787,195,True
mod_wd1_s44,weight_norm,201,4,surrogate,31,1.098191657847752,195,True
mod_wd1_s44,weight_norm,201,4,surrogate,32,1.5369150388014676,195,True
mod_wd1_s44,weight_norm,201,4,surrogate,33,1.107448296213368,195,True
mod_wd1_s44,weight_norm,201,4,surrogate,34,1.0905256680248487,195,True
mod_wd1_s44,weight_norm,201,4,surrogate,35,1.3525761771488731,195,True
mod_wd1_s44,weight_norm,201,4,surrogate,36,1.1806351293132247,195,True
mod_wd1_s44,weight_norm,201,4,surrogate,37,1.0288272015966553,195,True
mod_wd1_s44,weight_norm,201,4,surrogate,38,1.4741696143981369,195,True
mod_wd1_s44,weight_norm,401,0,observed,-1,2.139349747874732,195,True
mod_wd1_s44,weight_norm,401,0,surrogate,0,1.0520742650219512,195,True
mod_wd1_s44,weight_norm,401,0,surrogate,1,1.1529619083963434,195,True
mod_wd1_s44,weight_norm,401,0,surrogate,2,0.9719210545642616,195,True
mod_wd1_s44,weight_norm,401,0,surrogate,3,1.0132994796503216,195,True
mod_wd1_s44,weight_norm,401,0,surrogate,4,1.8445028970898374,195,True
mod_wd1_s44,weight_norm,401,0,surrogate,5,1.0148807242342601,195,True
mod_wd1_s44,weight_norm,401,0,surrogate,6,1.721216759853129,195,True
mod_wd1_s44,weight_norm,401,0,surrogate,7,1.1767620908090222,195,True
mod_wd1_s44,weight_norm,401,0,surrogate,8,1.183066993399294,195,True
mod_wd1_s44,weight_norm,401,0,surrogate,9,0.9299061126591873,195,True
mod_wd1_s44,weight_norm,401,0,surrogate,10,1.0879317539579862,195,True
mod_wd1_s44,weight_norm,401,0,surrogate,11,2.021621305265558,195,True
mod_wd1_s44,weight_norm,401,0,surrogate,12,1.0384521989931539,195,True
mod_wd1_s44,weight_norm,401,0,surrogate,13,1.015572274570279,195,True
mod_wd1_s44,weight_norm,401,0,surrogate,14,1.8375823392948447,195,True
mod_wd1_s44,weight_norm,401,0,surrogate,15,1.0268396108863236,195,True
mod_wd1_s44,weight_norm,401,0,surrogate,16,1.444126197365405,195,True
mod_wd1_s44,weight_norm,401,0,surrogate,17,1.6329095758303929,195,True
mod_wd1_s44,weight_norm,401,0,surrogate,18,1.0649147396717549,195,True
mod_wd1_s44,weight_norm,401,0,surrogate,19,1.6110109872943479,195,True
mod_wd1_s44,weight_norm,401,0,surrogate,20,1.509161477419634,195,True
mod_wd1_s44,weight_norm,401,0,surrogate,21,1.5023136764934641,195,True
mod_wd1_s44,weight_norm,401,0,surrogate,22,1.6691341135273712,195,True
mod_wd1_s44,weight_norm,401,0,surrogate,23,1.3649284391780057,195,True
mod_wd1_s44,weight_norm,401,0,surrogate,24,1.1461118834756805,195,True
mod_wd1_s44,weight_norm,401,0,surrogate,25,1.5282509325000961,195,True
mod_wd1_s44,weight_norm,401,0,surrogate,26,0.9609245659532164,195,True
mod_wd1_s44,weight_norm,401,0,surrogate,27,1.2543124321632957,195,True
mod_wd1_s44,weight_norm,401,0,surrogate,28,1.6792777738731075,195,True
mod_wd1_s44,weight_norm,401,0,surrogate,29,0.9893526417927743,195,True
mod_wd1_s44,weight_norm,401,0,surrogate,30,1.6097968209110831,195,True
mod_wd1_s44,weight_norm,401,0,surrogate,31,1.472255663740199,195,True
mod_wd1_s44,weight_norm,401,0,surrogate,32,0.8897034149583994,195,True
mod_wd1_s44,weight_norm,401,0,surrogate,33,1.9409342715154128,195,True
mod_wd1_s44,weight_norm,401,0,surrogate,34,1.4915708047714034,195,True
mod_wd1_s44,weight_norm,401,0,surrogate,35,1.9785284790657565,195,True
mod_wd1_s44,weight_norm,401,0,surrogate,36,1.9057663265414508,195,True
mod_wd1_s44,weight_norm,401,0,surrogate,37,1.0469434402839775,195,True
mod_wd1_s44,weight_norm,401,0,surrogate,38,1.4559514006804297,195,True
mod_wd1_s44,weight_norm,401,1,observed,-1,2.139349747874732,195,True
mod_wd1_s44,weight_norm,401,1,surrogate,0,1.8039700479561318,195,True
mod_wd1_s44,weight_norm,401,1,surrogate,1,0.9854396619201005,195,True
mod_wd1_s44,weight_norm,401,1,surrogate,2,1.1995790156312867,195,True
mod_wd1_s44,weight_norm,401,1,surrogate,3,1.7396721670447597,195,True
mod_wd1_s44,weight_norm,401,1,surrogate,4,1.6666178567244099,195,True
mod_wd1_s44,weight_norm,401,1,surrogate,5,1.904708590988458,195,True
mod_wd1_s44,weight_norm,401,1,surrogate,6,1.2463488440692412,195,True
mod_wd1_s44,weight_norm,401,1,surrogate,7,1.4325817905562608,195,True
mod_wd1_s44,weight_norm,401,1,surrogate,8,1.1908926594301674,195,True
mod_wd1_s44,weight_norm,401,1,surrogate,9,1.139520661200923,195,True
mod_wd1_s44,weight_norm,401,1,surrogate,10,1.0487036700697698,195,True
mod_wd1_s44,weight_norm,401,1,surrogate,11,1.0159578585771938,195,True
mod_wd1_s44,weight_norm,401,1,surrogate,12,1.995604327259966,195,True
mod_wd1_s44,weight_norm,401,1,surrogate,13,1.4980235231033017,195,True
mod_wd1_s44,weight_norm,401,1,surrogate,14,2.1037191357266525,195,True
mod_wd1_s44,weight_norm,401,1,surrogate,15,1.1312484040833533,195,True
mod_wd1_s44,weight_norm,401,1,surrogate,16,1.067425283884057,195,True
mod_wd1_s44,weight_norm,401,1,surrogate,17,0.9981914519997751,195,True
mod_wd1_s44,weight_norm,401,1,surrogate,18,1.6589493701269016,195,True
mod_wd1_s44,weight_norm,401,1,surrogate,19,1.2938258148785564,195,True
mod_wd1_s44,weight_norm,401,1,surrogate,20,1.5381675725068276,195,True
mod_wd1_s44,weight_norm,401,1,surrogate,21,1.0853677132472028,195,True
mod_wd1_s44,weight_norm,401,1,surrogate,22,1.4133380732616725,195,True
mod_wd1_s44,weight_norm,401,1,surrogate,23,1.1712898081151124,195,True
mod_wd1_s44,weight_norm,401,1,surrogate,24,1.120859939493351,195,True
mod_wd1_s44,weight_norm,401,1,surrogate,25,2.2898922193142646,195,True
mod_wd1_s44,weight_norm,401,1,surrogate,26,1.6588005674743704,195,True
mod_wd1_s44,weight_norm,401,1,surrogate,27,1.8204632363524234,195,True
mod_wd1_s44,weight_norm,401,1,surrogate,28,1.212427547006755,195,True
mod_wd1_s44,weight_norm,401,1,surrogate,29,1.2320178906788037,195,True
mod_wd1_s44,weight_norm,401,1,surrogate,30,1.7124104694022415,195,True
mod_wd1_s44,weight_norm,401,1,surrogate,31,0.9674472890764471,195,True
mod_wd1_s44,weight_norm,401,1,surrogate,32,1.0321286112769485,195,True
mod_wd1_s44,weight_norm,401,1,surrogate,33,0.928959761441429,195,True
mod_wd1_s44,weight_norm,401,1,surrogate,34,1.28266460949334,195,True
mod_wd1_s44,weight_norm,401,1,surrogate,35,1.1968085910015058,195,True
mod_wd1_s44,weight_norm,401,1,surrogate,36,1.259639778127513,195,True
mod_wd1_s44,weight_norm,401,1,surrogate,37,2.1759675254067625,195,True
mod_wd1_s44,weight_norm,401,1,surrogate,38,1.3751270377452192,195,True
mod_wd1_s44,weight_norm,401,2,observed,-1,2.139349747874732,195,True
mod_wd1_s44,weight_norm,401,2,surrogate,0,1.2089996479495841,195,True
mod_wd1_s44,weight_norm,401,2,surrogate,1,1.1727331180309513,195,True
mod_wd1_s44,weight_norm,401,2,surrogate,2,1.6888132228640047,195,True
mod_wd1_s44,weight_norm,401,2,surrogate,3,0.9546045773405222,195,True
mod_wd1_s44,weight_norm,401,2,surrogate,4,1.3119152272587964,195,True
mod_wd1_s44,weight_norm,401,2,surrogate,5,1.3819345613621223,195,True
mod_wd1_s44,weight_norm,401,2,surrogate,6,1.556690794410418,195,True
mod_wd1_s44,weight_norm,401,2,surrogate,7,0.9089104803631678,195,True
mod_wd1_s44,weight_norm,401,2,surrogate,8,1.3994860992182017,195,True
mod_wd1_s44,weight_norm,401,2,surrogate,9,1.1379527358749726,195,True
mod_wd1_s44,weight_norm,401,2,surrogate,10,1.5159756905845894,195,True
mod_wd1_s44,weight_norm,401,2,surrogate,11,1.990727333639022,195,True
mod_wd1_s44,weight_norm,401,2,surrogate,12,1.7137741529228656,195,True
mod_wd1_s44,weight_norm,401,2,surrogate,13,1.6647967396791645,195,True
mod_wd1_s44,weight_norm,401,2,surrogate,14,0.997367045146931,195,True
mod_wd1_s44,weight_norm,401,2,surrogate,15,1.329797775176284,195,True
mod_wd1_s44,weight_norm,401,2,surrogate,16,1.5942098819207042,195,True
mod_wd1_s44,weight_norm,401,2,surrogate,17,1.182132648058987,195,True
mod_wd1_s44,weight_norm,401,2,surrogate,18,1.6834277290858064,195,True
mod_wd1_s44,weight_norm,401,2,surrogate,19,0.9736962356689316,195,True
mod_wd1_s44,weight_norm,401,2,surrogate,20,1.7794248410972409,195,True
mod_wd1_s44,weight_norm,401,2,surrogate,21,1.722108107230901,195,True
mod_wd1_s44,weight_norm,401,2,surrogate,22,1.387714637644332,195,True
mod_wd1_s44,weight_norm,401,2,surrogate,23,1.030127325473198,195,True
mod_wd1_s44,weight_norm,401,2,surrogate,24,1.9009673975420671,195,True
mod_wd1_s44,weight_norm,401,2,surrogate,25,1.5146854600782527,195,True
mod_wd1_s44,weight_norm,401,2,surrogate,26,1.01652395281907,195,True
mod_wd1_s44,weight_norm,401,2,surrogate,27,1.8853913879235176,195,True
mod_wd1_s44,weight_norm,401,2,surrogate,28,1.1951590392569118,195,True
mod_wd1_s44,weight_norm,401,2,surrogate,29,1.9097849746159545,195,True
mod_wd1_s44,weight_norm,401,2,surrogate,30,1.0827296974199745,195,True
mod_wd1_s44,weight_norm,401,2,surrogate,31,1.0133086907760291,195,True
mod_wd1_s44,weight_norm,401,2,surrogate,32,1.6628775298773475,195,True
mod_wd1_s44,weight_norm,401,2,surrogate,33,1.5318562714507244,195,True
mod_wd1_s44,weight_norm,401,2,surrogate,34,1.5282992748841104,195,True
mod_wd1_s44,weight_norm,401,2,surrogate,35,1.0141112681693978,195,True
mod_wd1_s44,weight_norm,401,2,surrogate,36,1.0238408619982116,195,True
mod_wd1_s44,weight_norm,401,2,surrogate,37,1.0708527562148646,195,True
mod_wd1_s44,weight_norm,401,2,surrogate,38,1.966786674784384,195,True
mod_wd1_s44,weight_norm,401,3,observed,-1,2.139349747874732,195,True
mod_wd1_s44,weight_norm,401,3,surrogate,0,1.2288922872736505,195,True
mod_wd1_s44,weight_norm,401,3,surrogate,1,0.9583400644029214,195,True
mod_wd1_s44,weight_norm,401,3,surrogate,2,1.1224082072030923,195,True
mod_wd1_s44,weight_norm,401,3,surrogate,3,1.097977104401551,195,True
mod_wd1_s44,weight_norm,401,3,surrogate,4,0.9546377139806634,195,True
mod_wd1_s44,weight_norm,401,3,surrogate,5,1.023184309757484,195,True
mod_wd1_s44,weight_norm,401,3,surrogate,6,1.5214425678339027,195,True
mod_wd1_s44,weight_norm,401,3,surrogate,7,1.0091080805096946,195,True
mod_wd1_s44,weight_norm,401,3,surrogate,8,1.3578896279154347,195,True
mod_wd1_s44,weight_norm,401,3,surrogate,9,1.3382801774965092,195,True
mod_wd1_s44,weight_norm,401,3,surrogate,10,1.3787962824757474,195,True
mod_wd1_s44,weight_norm,401,3,surrogate,11,1.5137390373340007,195,True
mod_wd1_s44,weight_norm,401,3,surrogate,12,1.1634501732794627,195,True
mod_wd1_s44,weight_norm,401,3,surrogate,13,1.2464960883322411,195,True
mod_wd1_s44,weight_norm,401,3,surrogate,14,1.357060759062015,195,True
mod_wd1_s44,weight_norm,401,3,surrogate,15,1.6141759000175449,195,True
mod_wd1_s44,weight_norm,401,3,surrogate,16,1.2792464773535521,195,True
mod_wd1_s44,weight_norm,401,3,surrogate,17,1.2052692300896977,195,True
mod_wd1_s44,weight_norm,401,3,surrogate,18,1.442836835871042,195,True
mod_wd1_s44,weight_norm,401,3,surrogate,19,1.4521569867983013,195,True
mod_wd1_s44,weight_norm,401,3,surrogate,20,1.4710344445318948,195,True
mod_wd1_s44,weight_norm,401,3,surrogate,21,1.1015384727802162,195,True
mod_wd1_s44,weight_norm,401,3,surrogate,22,1.5869733311033747,195,True
mod_wd1_s44,weight_norm,401,3,surrogate,23,1.9127550033086427,195,True
mod_wd1_s44,weight_norm,401,3,surrogate,24,1.4354071086593614,195,True
mod_wd1_s44,weight_norm,401,3,surrogate,25,1.1344748019068875,195,True
mod_wd1_s44,weight_norm,401,3,surrogate,26,1.354136606305973,195,True
mod_wd1_s44,weight_norm,401,3,surrogate,27,1.2329254487141024,195,True
mod_wd1_s44,weight_norm,401,3,surrogate,28,1.5983804357946068,195,True
mod_wd1_s44,weight_norm,401,3,surrogate,29,1.138812794497023,195,True
mod_wd1_s44,weight_norm,401,3,surrogate,30,1.2002941751790182,195,True
mod_wd1_s44,weight_norm,401,3,surrogate,31,1.068743385488389,195,True
mod_wd1_s44,weight_norm,401,3,surrogate,32,1.2271694882512505,195,True
mod_wd1_s44,weight_norm,401,3,surrogate,33,1.517572658597077,195,True
mod_wd1_s44,weight_norm,401,3,surrogate,34,1.0040712703853834,195,True
mod_wd1_s44,weight_norm,401,3,surrogate,35,1.3634396649635396,195,True
mod_wd1_s44,weight_norm,401,3,surrogate,36,1.3908225768811164,195,True
mod_wd1_s44,weight_norm,401,3,surrogate,37,1.2683810617804612,195,True
mod_wd1_s44,weight_norm,401,3,surrogate,38,1.7571240310136254,195,True
mod_wd1_s44,weight_norm,401,4,observed,-1,2.139349747874732,195,True
mod_wd1_s44,weight_norm,401,4,surrogate,0,1.3326450528362397,195,True
mod_wd1_s44,weight_norm,401,4,surrogate,1,1.9843835895364172,195,True
mod_wd1_s44,weight_norm,401,4,surrogate,2,1.6803538730119467,195,True
mod_wd1_s44,weight_norm,401,4,surrogate,3,1.3910009208062086,195,True
mod_wd1_s44,weight_norm,401,4,surrogate,4,1.8708892323337685,195,True
mod_wd1_s44,weight_norm,401,4,surrogate,5,1.2397617111304022,195,True
mod_wd1_s44,weight_norm,401,4,surrogate,6,1.7798582334332436,195,True
mod_wd1_s44,weight_norm,401,4,surrogate,7,1.0212694663157909,195,True
mod_wd1_s44,weight_norm,401,4,surrogate,8,1.0907985386501622,195,True
mod_wd1_s44,weight_norm,401,4,surrogate,9,1.9785771269072234,195,True
mod_wd1_s44,weight_norm,401,4,surrogate,10,1.056802061014961,195,True
mod_wd1_s44,weight_norm,401,4,surrogate,11,1.7071669460782497,195,True
mod_wd1_s44,weight_norm,401,4,surrogate,12,1.1004698860196802,195,True
mod_wd1_s44,weight_norm,401,4,surrogate,13,1.6636609644804607,195,True
mod_wd1_s44,weight_norm,401,4,surrogate,14,1.4763516334986906,195,True
mod_wd1_s44,weight_norm,401,4,surrogate,15,1.8647530174323477,195,True
mod_wd1_s44,weight_norm,401,4,surrogate,16,0.987016929907956,195,True
mod_wd1_s44,weight_norm,401,4,surrogate,17,1.5111484449549804,195,True
mod_wd1_s44,weight_norm,401,4,surrogate,18,1.7092423344365306,195,True
mod_wd1_s44,weight_norm,401,4,surrogate,19,1.6801620661055183,195,True
mod_wd1_s44,weight_norm,401,4,surrogate,20,1.195871148239636,195,True
mod_wd1_s44,weight_norm,401,4,surrogate,21,0.9858658310643202,195,True
mod_wd1_s44,weight_norm,401,4,surrogate,22,1.4528893926767752,195,True
mod_wd1_s44,weight_norm,401,4,surrogate,23,2.009900405153489,195,True
mod_wd1_s44,weight_norm,401,4,surrogate,24,1.2384603276020425,195,True
mod_wd1_s44,weight_norm,401,4,surrogate,25,1.7992234046493538,195,True
mod_wd1_s44,weight_norm,401,4,surrogate,26,1.3240611003694516,195,True
mod_wd1_s44,weight_norm,401,4,surrogate,27,1.1219156774860068,195,True
mod_wd1_s44,weight_norm,401,4,surrogate,28,1.2086897511837966,195,True
mod_wd1_s44,weight_norm,401,4,surrogate,29,1.4417833985695419,195,True
mod_wd1_s44,weight_norm,401,4,surrogate,30,1.3582903386982463,195,True
mod_wd1_s44,weight_norm,401,4,surrogate,31,1.5494172409546636,195,True
mod_wd1_s44,weight_norm,401,4,surrogate,32,2.0644824453688644,195,True
mod_wd1_s44,weight_norm,401,4,surrogate,33,1.441846066674253,195,True
mod_wd1_s44,weight_norm,401,4,surrogate,34,1.687292159411049,195,True
mod_wd1_s44,weight_norm,401,4,surrogate,35,1.1303047857766804,195,True
mod_wd1_s44,weight_norm,401,4,surrogate,36,1.1363388404704406,195,True
mod_wd1_s44,weight_norm,401,4,surrogate,37,1.0843431336755487,195,True
mod_wd1_s44,weight_norm,401,4,surrogate,38,1.8086059449497902,195,True
mod_wd1_s44,train_loss,101,0,observed,-1,2.1118483814737075,195,True
mod_wd1_s44,train_loss,101,0,surrogate,0,9.665160548091926,195,True
mod_wd1_s44,train_loss,101,0,surrogate,1,3.4977930375381314,195,True
mod_wd1_s44,train_loss,101,0,surrogate,2,2.026411770359438,195,True
mod_wd1_s44,train_loss,101,0,surrogate,3,5.727889327680695,195,True
mod_wd1_s44,train_loss,101,0,surrogate,4,2.253939180338965,195,True
mod_wd1_s44,train_loss,101,0,surrogate,5,2.4580651724862133,195,True
mod_wd1_s44,train_loss,101,0,surrogate,6,1.2209630176465125,195,True
mod_wd1_s44,train_loss,101,0,surrogate,7,1.4973989712052436,195,True
mod_wd1_s44,train_loss,101,0,surrogate,8,2.369360900705415,195,True
mod_wd1_s44,train_loss,101,0,surrogate,9,2.2651130564769395,195,True
mod_wd1_s44,train_loss,101,0,surrogate,10,9.469866788805831,195,True
mod_wd1_s44,train_loss,101,0,surrogate,11,1.1476653946221285,195,True
mod_wd1_s44,train_loss,101,0,surrogate,12,1.123914052896111,195,True
mod_wd1_s44,train_loss,101,0,surrogate,13,5.744435092447044,195,True
mod_wd1_s44,train_loss,101,0,surrogate,14,5.860767340829918,195,True
mod_wd1_s44,train_loss,101,0,surrogate,15,9.374211825694436,195,True
mod_wd1_s44,train_loss,101,0,surrogate,16,2.1878117677198254,195,True
mod_wd1_s44,train_loss,101,0,surrogate,17,3.09117608405947,195,True
mod_wd1_s44,train_loss,101,0,surrogate,18,1.9230728234224983,195,True
mod_wd1_s44,train_loss,101,0,surrogate,19,2.4413071388782384,195,True
mod_wd1_s44,train_loss,101,0,surrogate,20,1.2967168659786001,195,True
mod_wd1_s44,train_loss,101,0,surrogate,21,2.092726639064903,195,True
mod_wd1_s44,train_loss,101,0,surrogate,22,2.178542873795714,195,True
mod_wd1_s44,train_loss,101,0,surrogate,23,8.143732310517015,195,True
mod_wd1_s44,train_loss,101,0,surrogate,24,1.1858782168098567,195,True
mod_wd1_s44,train_loss,101,0,surrogate,25,1.7244595588606353,195,True
mod_wd1_s44,train_loss,101,0,surrogate,26,3.0809591167385264,195,True
mod_wd1_s44,train_loss,101,0,surrogate,27,3.7028911286816726,195,True
mod_wd1_s44,train_loss,101,0,surrogate,28,1.5468631785978768,195,True
mod_wd1_s44,train_loss,101,0,surrogate,29,1.4291516218131768,195,True
mod_wd1_s44,train_loss,101,0,surrogate,30,9.319381861891326,195,True
mod_wd1_s44,train_loss,101,0,surrogate,31,1.218956244667715,195,True
mod_wd1_s44,train_loss,101,0,surrogate,32,2.405184840901304,195,True
mod_wd1_s44,train_loss,101,0,surrogate,33,2.187689230244965,195,True
mod_wd1_s44,train_loss,101,0,surrogate,34,9.188653166183236,195,True
mod_wd1_s44,train_loss,101,0,surrogate,35,2.2248914143935465,195,True
mod_wd1_s44,train_loss,101,0,surrogate,36,8.364940158706865,195,True
mod_wd1_s44,train_loss,101,0,surrogate,37,1.3519850665326352,195,True
mod_wd1_s44,train_loss,101,0,surrogate,38,11.567677073103066,195,True
mod_wd1_s44,train_loss,101,1,observed,-1,2.1118483814737075,195,True
mod_wd1_s44,train_loss,101,1,surrogate,0,2.2855782779579927,195,True
mod_wd1_s44,train_loss,101,1,surrogate,1,2.672948639410616,195,True
mod_wd1_s44,train_loss,101,1,surrogate,2,3.400567239292214,195,True
mod_wd1_s44,train_loss,101,1,surrogate,3,0.9978361886014986,195,True
mod_wd1_s44,train_loss,101,1,surrogate,4,1.6528396527343758,195,True
mod_wd1_s44,train_loss,101,1,surrogate,5,3.0138610965182386,195,True
mod_wd1_s44,train_loss,101,1,surrogate,6,4.930848167259505,195,True
mod_wd1_s44,train_loss,101,1,surrogate,7,2.372796879826324,195,True
mod_wd1_s44,train_loss,101,1,surrogate,8,1.4981450690728766,195,True
mod_wd1_s44,train_loss,101,1,surrogate,9,1.0408647729149452,195,True
mod_wd1_s44,train_loss,101,1,surrogate,10,2.1751807239340404,195,True
mod_wd1_s44,train_loss,101,1,surrogate,11,9.329205251750817,195,True
mod_wd1_s44,train_loss,101,1,surrogate,12,1.1943603543497596,195,True
mod_wd1_s44,train_loss,101,1,surrogate,13,2.244241875092723,195,True
mod_wd1_s44,train_loss,101,1,surrogate,14,5.204616199018754,195,True
mod_wd1_s44,train_loss,101,1,surrogate,15,2.1876862791561567,195,True
mod_wd1_s44,train_loss,101,1,surrogate,16,1.1009524201115426,195,True
mod_wd1_s44,train_loss,101,1,surrogate,17,1.7287107082612159,195,True
mod_wd1_s44,train_loss,101,1,surrogate,18,9.115086977981553,195,True
mod_wd1_s44,train_loss,101,1,surrogate,19,9.061198226785654,195,True
mod_wd1_s44,train_loss,101,1,surrogate,20,2.7238909656764765,195,True
mod_wd1_s44,train_loss,101,1,surrogate,21,2.18768130900532,195,True
mod_wd1_s44,train_loss,101,1,surrogate,22,11.16757836027173,195,True
mod_wd1_s44,train_loss,101,1,surrogate,23,1.1266944940940047,195,True
mod_wd1_s44,train_loss,101,1,surrogate,24,2.017393507229295,195,True
mod_wd1_s44,train_loss,101,1,surrogate,25,7.633110812481601,195,True
mod_wd1_s44,train_loss,101,1,surrogate,26,2.3788264665919376,195,True
mod_wd1_s44,train_loss,101,1,surrogate,27,3.712891567160981,195,True
mod_wd1_s44,train_loss,101,1,surrogate,28,2.6150273231380847,195,True
mod_wd1_s44,train_loss,101,1,surrogate,29,3.8676205829301735,195,True
mod_wd1_s44,train_loss,101,1,surrogate,30,6.335588304186417,195,True
mod_wd1_s44,train_loss,101,1,surrogate,31,8.529570476535635,195,True
mod_wd1_s44,train_loss,101,1,surrogate,32,1.3118938082458458,195,True
mod_wd1_s44,train_loss,101,1,surrogate,33,5.678888190544659,195,True
mod_wd1_s44,train_loss,101,1,surrogate,34,1.3899802705843871,195,True
mod_wd1_s44,train_loss,101,1,surrogate,35,2.40194491984119,195,True
mod_wd1_s44,train_loss,101,1,surrogate,36,2.716421965151291,195,True
mod_wd1_s44,train_loss,101,1,surrogate,37,2.189159722370578,195,True
mod_wd1_s44,train_loss,101,1,surrogate,38,7.5266037100217655,195,True
mod_wd1_s44,train_loss,101,2,observed,-1,2.1118483814737075,195,True
mod_wd1_s44,train_loss,101,2,surrogate,0,1.7763322889004318,195,True
mod_wd1_s44,train_loss,101,2,surrogate,1,2.879522929854648,195,True
mod_wd1_s44,train_loss,101,2,surrogate,2,4.948813696179084,195,True
mod_wd1_s44,train_loss,101,2,surrogate,3,2.3551679459696238,195,True
mod_wd1_s44,train_loss,101,2,surrogate,4,9.06987383480876,195,True
mod_wd1_s44,train_loss,101,2,surrogate,5,2.1378078129729174,195,True
mod_wd1_s44,train_loss,101,2,surrogate,6,10.824080362316156,195,True
mod_wd1_s44,train_loss,101,2,surrogate,7,7.59999181045709,195,True
mod_wd1_s44,train_loss,101,2,surrogate,8,1.545004132792562,195,True
mod_wd1_s44,train_loss,101,2,surrogate,9,1.29968421120316,195,True
mod_wd1_s44,train_loss,101,2,surrogate,10,1.370720130986865,195,True
mod_wd1_s44,train_loss,101,2,surrogate,11,2.4835809186218305,195,True
mod_wd1_s44,train_loss,101,2,surrogate,12,1.849426794612367,195,True
mod_wd1_s44,train_loss,101,2,surrogate,13,0.8063865532555623,195,True
mod_wd1_s44,train_loss,101,2,surrogate,14,3.422795620479476,195,True
mod_wd1_s44,train_loss,101,2,surrogate,15,1.165017050489909,195,True
mod_wd1_s44,train_loss,101,2,surrogate,16,1.5377641354237992,195,True
mod_wd1_s44,train_loss,101,2,surrogate,17,4.412996320014967,195,True
mod_wd1_s44,train_loss,101,2,surrogate,18,1.4188189842786558,195,True
mod_wd1_s44,train_loss,101,2,surrogate,19,2.1863895002039095,195,True
mod_wd1_s44,train_loss,101,2,surrogate,20,1.285648704228607,195,True
mod_wd1_s44,train_loss,101,2,surrogate,21,1.2501282621402923,195,True
mod_wd1_s44,train_loss,101,2,surrogate,22,1.3024422983986348,195,True
mod_wd1_s44,train_loss,101,2,surrogate,23,1.4402480310458334,195,True
mod_wd1_s44,train_loss,101,2,surrogate,24,1.3007493814975657,195,True
mod_wd1_s44,train_loss,101,2,surrogate,25,2.1876777617773207,195,True
mod_wd1_s44,train_loss,101,2,surrogate,26,2.1576100888047707,195,True
mod_wd1_s44,train_loss,101,2,surrogate,27,2.3349155907655637,195,True
mod_wd1_s44,train_loss,101,2,surrogate,28,1.6758370269131226,195,True
mod_wd1_s44,train_loss,101,2,surrogate,29,8.072747798184391,195,True
mod_wd1_s44,train_loss,101,2,surrogate,30,2.78616954662979,195,True
mod_wd1_s44,train_loss,101,2,surrogate,31,6.151962020132796,195,True
mod_wd1_s44,train_loss,101,2,surrogate,32,6.468547498767034,195,True
mod_wd1_s44,train_loss,101,2,surrogate,33,2.2712691817226722,195,True
mod_wd1_s44,train_loss,101,2,surrogate,34,6.977150089020375,195,True
mod_wd1_s44,train_loss,101,2,surrogate,35,0.8660841794096403,195,True
mod_wd1_s44,train_loss,101,2,surrogate,36,8.098736135404483,195,True
mod_wd1_s44,train_loss,101,2,surrogate,37,1.5138271359786222,195,True
mod_wd1_s44,train_loss,101,2,surrogate,38,2.3756663464387415,195,True
mod_wd1_s44,train_loss,101,3,observed,-1,2.1118483814737075,195,True
mod_wd1_s44,train_loss,101,3,surrogate,0,2.1876968629272278,195,True
mod_wd1_s44,train_loss,101,3,surrogate,1,3.1503855759426034,195,True
mod_wd1_s44,train_loss,101,3,surrogate,2,6.184692325569809,195,True
mod_wd1_s44,train_loss,101,3,surrogate,3,1.138103131138176,195,True
mod_wd1_s44,train_loss,101,3,surrogate,4,1.7705516428452133,195,True
mod_wd1_s44,train_loss,101,3,surrogate,5,3.1597614623832286,195,True
mod_wd1_s44,train_loss,101,3,surrogate,6,7.218326734705373,195,True
mod_wd1_s44,train_loss,101,3,surrogate,7,2.1876929524673345,195,True
mod_wd1_s44,train_loss,101,3,surrogate,8,1.5959637185339857,195,True
mod_wd1_s44,train_loss,101,3,surrogate,9,1.5413429027924288,195,True
mod_wd1_s44,train_loss,101,3,surrogate,10,4.338898524545589,195,True
mod_wd1_s44,train_loss,101,3,surrogate,11,8.280669945470386,195,True
mod_wd1_s44,train_loss,101,3,surrogate,12,2.1993054083218553,195,True
mod_wd1_s44,train_loss,101,3,surrogate,13,8.000938354557611,195,True
mod_wd1_s44,train_loss,101,3,surrogate,14,11.655420883799463,195,True
mod_wd1_s44,train_loss,101,3,surrogate,15,1.6578243107752269,195,True
mod_wd1_s44,train_loss,101,3,surrogate,16,2.24934653382536,195,True
mod_wd1_s44,train_loss,101,3,surrogate,17,1.4794426136288399,195,True
mod_wd1_s44,train_loss,101,3,surrogate,18,1.4497772666712894,195,True
mod_wd1_s44,train_loss,101,3,surrogate,19,1.4253556372680545,195,True
mod_wd1_s44,train_loss,101,3,surrogate,20,11.535800379061698,195,True
mod_wd1_s44,train_loss,101,3,surrogate,21,8.616390557429012,195,True
mod_wd1_s44,train_loss,101,3,surrogate,22,1.0297565590041353,195,True
mod_wd1_s44,train_loss,101,3,surrogate,23,1.5368668531646106,195,True
mod_wd1_s44,train_loss,101,3,surrogate,24,10.295815866718078,195,True
mod_wd1_s44,train_loss,101,3,surrogate,25,0.97296344261349,195,True
mod_wd1_s44,train_loss,101,3,surrogate,26,5.805578974560764,195,True
mod_wd1_s44,train_loss,101,3,surrogate,27,4.766677208244687,195,True
mod_wd1_s44,train_loss,101,3,surrogate,28,1.2931623033180186,195,True
mod_wd1_s44,train_loss,101,3,surrogate,29,2.1916443691093583,195,True
mod_wd1_s44,train_loss,101,3,surrogate,30,4.4031610289027885,195,True
mod_wd1_s44,train_loss,101,3,surrogate,31,1.3629100764577669,195,True
mod_wd1_s44,train_loss,101,3,surrogate,32,2.653893755689064,195,True
mod_wd1_s44,train_loss,101,3,surrogate,33,1.3857560445669157,195,True
mod_wd1_s44,train_loss,101,3,surrogate,34,1.4363006794880913,195,True
mod_wd1_s44,train_loss,101,3,surrogate,35,2.793677081047563,195,True
mod_wd1_s44,train_loss,101,3,surrogate,36,3.8229603653099584,195,True
mod_wd1_s44,train_loss,101,3,surrogate,37,4.681440427531526,195,True
mod_wd1_s44,train_loss,101,3,surrogate,38,1.4806385885995448,195,True
mod_wd1_s44,train_loss,101,4,observed,-1,2.1118483814737075,195,True
mod_wd1_s44,train_loss,101,4,surrogate,0,1.302809489146343,195,True
mod_wd1_s44,train_loss,101,4,surrogate,1,4.868627112726039,195,True
mod_wd1_s44,train_loss,101,4,surrogate,2,6.1556346256432635,195,True
mod_wd1_s44,train_loss,101,4,surrogate,3,1.1543864915240432,195,True
mod_wd1_s44,train_loss,101,4,surrogate,4,1.5413626786024286,195,True
mod_wd1_s44,train_loss,101,4,surrogate,5,1.7583652702021582,195,True
mod_wd1_s44,train_loss,101,4,surrogate,6,1.2332384417270434,195,True
mod_wd1_s44,train_loss,101,4,surrogate,7,3.00814328431671,195,True
mod_wd1_s44,train_loss,101,4,surrogate,8,4.971942627493969,195,True
mod_wd1_s44,train_loss,101,4,surrogate,9,1.3015391514819727,195,True
mod_wd1_s44,train_loss,101,4,surrogate,10,3.744588450280692,195,True
mod_wd1_s44,train_loss,101,4,surrogate,11,1.6912906695684216,195,True
mod_wd1_s44,train_loss,101,4,surrogate,12,2.1877050076453917,195,True
mod_wd1_s44,train_loss,101,4,surrogate,13,2.1876959571475156,195,True
mod_wd1_s44,train_loss,101,4,surrogate,14,4.591118238214285,195,True
mod_wd1_s44,train_loss,101,4,surrogate,15,2.123750448349394,195,True
mod_wd1_s44,train_loss,101,4,surrogate,16,9.24463741690544,195,True
mod_wd1_s44,train_loss,101,4,surrogate,17,4.545730821245128,195,True
mod_wd1_s44,train_loss,101,4,surrogate,18,1.4075373826506261,195,True
mod_wd1_s44,train_loss,101,4,surrogate,19,7.730341548609825,195,True
mod_wd1_s44,train_loss,101,4,surrogate,20,1.3636793940140783,195,True
mod_wd1_s44,train_loss,101,4,surrogate,21,1.2162880496281459,195,True
mod_wd1_s44,train_loss,101,4,surrogate,22,1.4566701552808106,195,True
mod_wd1_s44,train_loss,101,4,surrogate,23,1.2228043690852213,195,True
mod_wd1_s44,train_loss,101,4,surrogate,24,4.323715998357546,195,True
mod_wd1_s44,train_loss,101,4,surrogate,25,6.193913915539674,195,True
mod_wd1_s44,train_loss,101,4,surrogate,26,1.2472329324655238,195,True
mod_wd1_s44,train_loss,101,4,surrogate,27,2.7093431950169427,195,True
mod_wd1_s44,train_loss,101,4,surrogate,28,2.176214950094875,195,True
mod_wd1_s44,train_loss,101,4,surrogate,29,1.0826013456603039,195,True
mod_wd1_s44,train_loss,101,4,surrogate,30,1.8714726805784556,195,True
mod_wd1_s44,train_loss,101,4,surrogate,31,4.978155484287858,195,True
mod_wd1_s44,train_loss,101,4,surrogate,32,4.103016858958478,195,True
mod_wd1_s44,train_loss,101,4,surrogate,33,2.067718751017008,195,True
mod_wd1_s44,train_loss,101,4,surrogate,34,2.2524851639326897,195,True
mod_wd1_s44,train_loss,101,4,surrogate,35,2.564453506266096,195,True
mod_wd1_s44,train_loss,101,4,surrogate,36,1.8868046000833967,195,True
mod_wd1_s44,train_loss,101,4,surrogate,37,1.5094845918103323,195,True
mod_wd1_s44,train_loss,101,4,surrogate,38,2.0640086844560264,195,True
mod_wd1_s44,train_loss,201,0,observed,-1,2.1118483814737075,195,True
mod_wd1_s44,train_loss,201,0,surrogate,0,2.3300887333638105,195,True
mod_wd1_s44,train_loss,201,0,surrogate,1,2.582999392508439,195,True
mod_wd1_s44,train_loss,201,0,surrogate,2,2.640428828892883,195,True
mod_wd1_s44,train_loss,201,0,surrogate,3,2.003050958748253,195,True
mod_wd1_s44,train_loss,201,0,surrogate,4,2.8555677370697388,195,True
mod_wd1_s44,train_loss,201,0,surrogate,5,3.259415657829332,195,True
mod_wd1_s44,train_loss,201,0,surrogate,6,1.8481082545317558,195,True
mod_wd1_s44,train_loss,201,0,surrogate,7,2.1134424477808116,195,True
mod_wd1_s44,train_loss,201,0,surrogate,8,1.5179716587118768,195,True
mod_wd1_s44,train_loss,201,0,surrogate,9,1.566986102267839,195,True
mod_wd1_s44,train_loss,201,0,surrogate,10,1.6457186073483234,195,True
mod_wd1_s44,train_loss,201,0,surrogate,11,5.030998023683671,195,True
mod_wd1_s44,train_loss,201,0,surrogate,12,1.5292284882184919,195,True
mod_wd1_s44,train_loss,201,0,surrogate,13,2.9329076282863316,195,True
mod_wd1_s44,train_loss,201,0,surrogate,14,3.6692773252511386,195,True
mod_wd1_s44,train_loss,201,0,surrogate,15,2.1162938161881564,195,True
mod_wd1_s44,train_loss,201,0,surrogate,16,6.131320352807967,195,True
mod_wd1_s44,train_loss,201,0,surrogate,17,2.3701417651715864,195,True
mod_wd1_s44,train_loss,201,0,surrogate,18,1.3033232429620172,195,True
mod_wd1_s44,train_loss,201,0,surrogate,19,1.9633524535084528,195,True
mod_wd1_s44,train_loss,201,0,surrogate,20,4.4860605874531805,195,True
mod_wd1_s44,train_loss,201,0,surrogate,21,1.1270056363901853,195,True
mod_wd1_s44,train_loss,201,0,surrogate,22,2.2231323544586976,195,True
mod_wd1_s44,train_loss,201,0,surrogate,23,3.0268708681633,195,True
mod_wd1_s44,train_loss,201,0,surrogate,24,2.7246071637057896,195,True
mod_wd1_s44,train_loss,201,0,surrogate,25,1.896701945734337,195,True
mod_wd1_s44,train_loss,201,0,surrogate,26,4.31894922662959,195,True
mod_wd1_s44,train_loss,201,0,surrogate,27,5.212592632875076,195,True
mod_wd1_s44,train_loss,201,0,surrogate,28,1.515657500628007,195,True
mod_wd1_s44,train_loss,201,0,surrogate,29,1.6621761709699647,195,True
mod_wd1_s44,train_loss,201,0,surrogate,30,1.936918588637267,195,True
mod_wd1_s44,train_loss,201,0,surrogate,31,1.370150020216883,195,True
mod_wd1_s44,train_loss,201,0,surrogate,32,3.1864912446613545,195,True
mod_wd1_s44,train_loss,201,0,surrogate,33,2.003302645947661,195,True
mod_wd1_s44,train_loss,201,0,surrogate,34,1.8785003662013806,195,True
mod_wd1_s44,train_loss,201,0,surrogate,35,2.670872842242326,195,True
mod_wd1_s44,train_loss,201,0,surrogate,36,3.439455644791801,195,True
mod_wd1_s44,train_loss,201,0,surrogate,37,1.1617981446759529,195,True
mod_wd1_s44,train_loss,201,0,surrogate,38,3.0411029033450987,195,True
mod_wd1_s44,train_loss,201,1,observed,-1,2.1118483814737075,195,True
mod_wd1_s44,train_loss,201,1,surrogate,0,2.02595436535141,195,True
mod_wd1_s44,train_loss,201,1,surrogate,1,1.1498429207312464,195,True
mod_wd1_s44,train_loss,201,1,surrogate,2,4.152993347728825,195,True
mod_wd1_s44,train_loss,201,1,surrogate,3,3.062554030853599,195,True
mod_wd1_s44,train_loss,201,1,surrogate,4,3.287298192974387,195,True
mod_wd1_s44,train_loss,201,1,surrogate,5,1.8084153091805875,195,True
mod_wd1_s44,train_loss,201,1,surrogate,6,3.1083161702887057,195,True
mod_wd1_s44,train_loss,201,1,surrogate,7,3.6298573937187766,195,True
mod_wd1_s44,train_loss,201,1,surrogate,8,2.099242562941082,195,True
mod_wd1_s44,train_loss,201,1,surrogate,9,2.647765112028652,195,True
mod_wd1_s44,train_loss,201,1,surrogate,10,1.6391807272914047,195,True
mod_wd1_s44,train_loss,201,1,surrogate,11,4.752472145830364,195,True
mod_wd1_s44,train_loss,201,1,surrogate,12,1.575260318407835,195,True
mod_wd1_s44,train_loss,201,1,surrogate,13,1.5732878724554273,195,True
mod_wd1_s44,train_loss,201,1,surrogate,14,1.310284981387752,195,True
mod_wd1_s44,train_loss,201,1,surrogate,15,1.4726203385328205,195,True
mod_wd1_s44,train_loss,201,1,surrogate,16,1.992903512155932,195,True
mod_wd1_s44,train_loss,201,1,surrogate,17,2.5737245008059326,195,True
mod_wd1_s44,train_loss,201,1,surrogate,18,2.777158825534373,195,True
mod_wd1_s44,train_loss,201,1,surrogate,19,2.9641870963765498,195,True
mod_wd1_s44,train_loss,201,1,surrogate,20,1.3113369373102002,195,True
mod_wd1_s44,train_loss,201,1,surrogate,21,1.867887103788386,195,True
mod_wd1_s44,train_loss,201,1,surrogate,22,4.37869851083791,195,True
mod_wd1_s44,train_loss,201,1,surrogate,23,1.6565468731398416,195,True
mod_wd1_s44,train_loss,201,1,surrogate,24,2.9257064874039638,195,True
mod_wd1_s44,train_loss,201,1,surrogate,25,1.8625535599267422,195,True
mod_wd1_s44,train_loss,201,1,surrogate,26,2.0771068380723983,195,True
mod_wd1_s44,train_loss,201,1,surrogate,27,2.225654821009714,195,True
mod_wd1_s44,train_loss,201,1,surrogate,28,1.8954536673059426,195,True
mod_wd1_s44,train_loss,201,1,surrogate,29,2.0463911474461884,195,True
mod_wd1_s44,train_loss,201,1,surrogate,30,4.004171651038147,195,True
mod_wd1_s44,train_loss,201,1,surrogate,31,1.9558900909388968,195,True
mod_wd1_s44,train_loss,201,1,surrogate,32,2.1584579069866043,195,True
mod_wd1_s44,train_loss,201,1,surrogate,33,2.7598020226059066,195,True
mod_wd1_s44,train_loss,201,1,surrogate,34,2.357534991844827,195,True
mod_wd1_s44,train_loss,201,1,surrogate,35,4.94013408422431,195,True
mod_wd1_s44,train_loss,201,1,surrogate,36,1.865743939239647,195,True
mod_wd1_s44,train_loss,201,1,surrogate,37,2.7680065058385246,195,True
mod_wd1_s44,train_loss,201,1,surrogate,38,3.9826220582319114,195,True
mod_wd1_s44,train_loss,201,2,observed,-1,2.1118483814737075,195,True
mod_wd1_s44,train_loss,201,2,surrogate,0,1.5163876943825336,195,True
mod_wd1_s44,train_loss,201,2,surrogate,1,2.1084483245517323,195,True
mod_wd1_s44,train_loss,201,2,surrogate,2,4.596694837685232,195,True
mod_wd1_s44,train_loss,201,2,surrogate,3,3.257448290226067,195,True
mod_wd1_s44,train_loss,201,2,surrogate,4,2.2440361228092454,195,True
mod_wd1_s44,train_loss,201,2,surrogate,5,2.4832855683282533,195,True
mod_wd1_s44,train_loss,201,2,surrogate,6,3.2960570033934187,195,True
mod_wd1_s44,train_loss,201,2,surrogate,7,1.928301992455761,195,True
mod_wd1_s44,train_loss,201,2,surrogate,8,3.3184846324510344,195,True
mod_wd1_s44,train_loss,201,2,surrogate,9,2.196330057798261,195,True
mod_wd1_s44,train_loss,201,2,surrogate,10,2.1184434058009702,195,True
mod_wd1_s44,train_loss,201,2,surrogate,11,1.5919303884072777,195,True
mod_wd1_s44,train_loss,201,2,surrogate,12,1.764312520397017,195,True
mod_wd1_s44,train_loss,201,2,surrogate,13,3.7472636898943446,195,True
mod_wd1_s44,train_loss,201,2,surrogate,14,1.8860848741482967,195,True
mod_wd1_s44,train_loss,201,2,surrogate,15,2.452872604757779,195,True
mod_wd1_s44,train_loss,201,2,surrogate,16,1.6371570302419578,195,True
mod_wd1_s44,train_loss,201,2,surrogate,17,5.628990114150677,195,True
mod_wd1_s44,train_loss,201,2,surrogate,18,2.9698503389046,195,True
mod_wd1_s44,train_loss,201,2,surrogate,19,3.2781524548224272,195,True
mod_wd1_s44,train_loss,201,2,surrogate,20,1.3458336440032281,195,True
mod_wd1_s44,train_loss,201,2,surrogate,21,2.707973781983127,195,True
mod_wd1_s44,train_loss,201,2,surrogate,22,3.425966512055495,195,True
mod_wd1_s44,train_loss,201,2,surrogate,23,2.0608587408567125,195,True
mod_wd1_s44,train_loss,201,2,surrogate,24,1.2163347152133293,195,True
mod_wd1_s44,train_loss,201,2,surrogate,25,2.141150589163613,195,True
mod_wd1_s44,train_loss,201,2,surrogate,26,1.4527143456990985,195,True
mod_wd1_s44,train_loss,201,2,surrogate,27,1.7600691440288485,195,True
mod_wd1_s44,train_loss,201,2,surrogate,28,2.3353523475101468,195,True
mod_wd1_s44,train_loss,201,2,surrogate,29,1.8095914182749693,195,True
mod_wd1_s44,train_loss,201,2,surrogate,30,2.247497730464941,195,True
mod_wd1_s44,train_loss,201,2,surrogate,31,3.0913492209411033,195,True
mod_wd1_s44,train_loss,201,2,surrogate,32,1.000376226667917,195,True
mod_wd1_s44,train_loss,201,2,surrogate,33,1.612370320082568,195,True
mod_wd1_s44,train_loss,201,2,surrogate,34,2.216676206690767,195,True
mod_wd1_s44,train_loss,201,2,surrogate,35,3.233807557078961,195,True
mod_wd1_s44,train_loss,201,2,surrogate,36,1.8444520125642927,195,True
mod_wd1_s44,train_loss,201,2,surrogate,37,1.578884564787231,195,True
mod_wd1_s44,train_loss,201,2,surrogate,38,1.7905243164775406,195,True
mod_wd1_s44,train_loss,201,3,observed,-1,2.1118483814737075,195,True
mod_wd1_s44,train_loss,201,3,surrogate,0,1.5887179670882214,195,True
mod_wd1_s44,train_loss,201,3,surrogate,1,2.1706085421592167,195,True
mod_wd1_s44,train_loss,201,3,surrogate,2,2.481256100088215,195,True
mod_wd1_s44,train_loss,201,3,surrogate,3,5.717952383223112,195,True
mod_wd1_s44,train_loss,201,3,surrogate,4,2.054324322629202,195,True
mod_wd1_s44,train_loss,201,3,surrogate,5,5.252517399645806,195,True
mod_wd1_s44,train_loss,201,3,surrogate,6,4.534861916890277,195,True
mod_wd1_s44,train_loss,201,3,surrogate,7,1.96320792823788,195,True
mod_wd1_s44,train_loss,201,3,surrogate,8,4.086153931005317,195,True
mod_wd1_s44,train_loss,201,3,surrogate,9,5.91255794976783,195,True
mod_wd1_s44,train_loss,201,3,surrogate,10,4.138018837836958,195,True
mod_wd1_s44,train_loss,201,3,surrogate,11,2.0350814224467575,195,True
mod_wd1_s44,train_loss,201,3,surrogate,12,1.6665206146228135,195,True
mod_wd1_s44,train_loss,201,3,surrogate,13,2.052076226321813,195,True
mod_wd1_s44,train_loss,201,3,surrogate,14,1.59170495522455,195,True
mod_wd1_s44,train_loss,201,3,surrogate,15,2.4747309313988715,195,True
mod_wd1_s44,train_loss,201,3,surrogate,16,2.784562594532786,195,True
mod_wd1_s44,train_loss,201,3,surrogate,17,1.1356063778949914,195,True
mod_wd1_s44,train_loss,201,3,surrogate,18,1.9039119641321463,195,True
mod_wd1_s44,train_loss,201,3,surrogate,19,3.2257712098013394,195,True
mod_wd1_s44,train_loss,201,3,surrogate,20,2.305987514379131,195,True
mod_wd1_s44,train_loss,201,3,surrogate,21,2.4024448325042607,195,True
mod_wd1_s44,train_loss,201,3,surrogate,22,3.0318110093272734,195,True
mod_wd1_s44,train_loss,201,3,surrogate,23,1.4696875269076204,195,True
mod_wd1_s44,train_loss,201,3,surrogate,24,2.851494011784442,195,True
mod_wd1_s44,train_loss,201,3,surrogate,25,2.607770453820455,195,True
mod_wd1_s44,train_loss,201,3,surrogate,26,1.5448891479635791,195,True
mod_wd1_s44,train_loss,201,3,surrogate,27,1.556769601861035,195,True
mod_wd1_s44,train_loss,201,3,surrogate,28,2.0033386536022744,195,True
mod_wd1_s44,train_loss,201,3,surrogate,29,3.546611011237849,195,True
mod_wd1_s44,train_loss,201,3,surrogate,30,2.2069568733587346,195,True
mod_wd1_s44,train_loss,201,3,surrogate,31,1.4526763109634937,195,True
mod_wd1_s44,train_loss,201,3,surrogate,32,3.9633673385086152,195,True
mod_wd1_s44,train_loss,201,3,surrogate,33,1.5840501715562518,195,True
mod_wd1_s44,train_loss,201,3,surrogate,34,1.9220670830460311,195,True
mod_wd1_s44,train_loss,201,3,surrogate,35,3.317717814971734,195,True
mod_wd1_s44,train_loss,201,3,surrogate,36,2.8356459009792743,195,True
mod_wd1_s44,train_loss,201,3,surrogate,37,2.025456814486398,195,True
mod_wd1_s44,train_loss,201,3,surrogate,38,2.964849340613274,195,True
mod_wd1_s44,train_loss,201,4,observed,-1,2.1118483814737075,195,True
mod_wd1_s44,train_loss,201,4,surrogate,0,1.632512176461257,195,True
mod_wd1_s44,train_loss,201,4,surrogate,1,6.500972253526203,195,True
mod_wd1_s44,train_loss,201,4,surrogate,2,1.6182572134826165,195,True
mod_wd1_s44,train_loss,201,4,surrogate,3,3.197084010141724,195,True
mod_wd1_s44,train_loss,201,4,surrogate,4,5.537012147331831,195,True
mod_wd1_s44,train_loss,201,4,surrogate,5,1.9129888218720057,195,True
mod_wd1_s44,train_loss,201,4,surrogate,6,2.685590359636576,195,True
mod_wd1_s44,train_loss,201,4,surrogate,7,1.7891311806070707,195,True
mod_wd1_s44,train_loss,201,4,surrogate,8,3.5048476919462903,195,True
mod_wd1_s44,train_loss,201,4,surrogate,9,2.231783417133551,195,True
mod_wd1_s44,train_loss,201,4,surrogate,10,2.7402370729822443,195,True
mod_wd1_s44,train_loss,201,4,surrogate,11,1.8119903233140737,195,True
mod_wd1_s44,train_loss,201,4,surrogate,12,1.7884711714114883,195,True
mod_wd1_s44,train_loss,201,4,surrogate,13,4.094583368373379,195,True
mod_wd1_s44,train_loss,201,4,surrogate,14,2.336792083352522,195,True
mod_wd1_s44,train_loss,201,4,surrogate,15,1.0914550988596343,195,True
mod_wd1_s44,train_loss,201,4,surrogate,16,2.6612399943756273,195,True
mod_wd1_s44,train_loss,201,4,surrogate,17,2.3748975471251206,195,True
mod_wd1_s44,train_loss,201,4,surrogate,18,6.614025074267034,195,True
mod_wd1_s44,train_loss,201,4,surrogate,19,1.2734941400427375,195,True
mod_wd1_s44,train_loss,201,4,surrogate,20,1.4385015008126083,195,True
mod_wd1_s44,train_loss,201,4,surrogate,21,2.101623508525578,195,True
mod_wd1_s44,train_loss,201,4,surrogate,22,6.668139552089954,195,True
mod_wd1_s44,train_loss,201,4,surrogate,23,1.7760012290934277,195,True
mod_wd1_s44,train_loss,201,4,surrogate,24,2.427212311691422,195,True
mod_wd1_s44,train_loss,201,4,surrogate,25,2.4929716728688613,195,True
mod_wd1_s44,train_loss,201,4,surrogate,26,1.7241896023519439,195,True
mod_wd1_s44,train_loss,201,4,surrogate,27,2.1251536163699782,195,True
mod_wd1_s44,train_loss,201,4,surrogate,28,3.2427174587721668,195,True
mod_wd1_s44,train_loss,201,4,surrogate,29,2.1195898023394806,195,True
mod_wd1_s44,train_loss,201,4,surrogate,30,1.2180875512749456,195,True
mod_wd1_s44,train_loss,201,4,surrogate,31,2.1681316873740255,195,True
mod_wd1_s44,train_loss,201,4,surrogate,32,5.127980524374184,195,True
mod_wd1_s44,train_loss,201,4,surrogate,33,1.422661318680314,195,True
mod_wd1_s44,train_loss,201,4,surrogate,34,4.395337431088723,195,True
mod_wd1_s44,train_loss,201,4,surrogate,35,1.52484227000638,195,True
mod_wd1_s44,train_loss,201,4,surrogate,36,1.6280371082041436,195,True
mod_wd1_s44,train_loss,201,4,surrogate,37,3.2786661563498902,195,True
mod_wd1_s44,train_loss,201,4,surrogate,38,2.3254816646009875,195,True
mod_wd1_s44,train_loss,401,0,observed,-1,2.1118483814737075,195,True
mod_wd1_s44,train_loss,401,0,surrogate,0,3.810127206603015,195,True
mod_wd1_s44,train_loss,401,0,surrogate,1,3.929916628943467,195,True
mod_wd1_s44,train_loss,401,0,surrogate,2,4.403204217976599,195,True
mod_wd1_s44,train_loss,401,0,surrogate,3,1.8299423022208285,195,True
mod_wd1_s44,train_loss,401,0,surrogate,4,5.194799425675717,195,True
mod_wd1_s44,train_loss,401,0,surrogate,5,3.1758406416933362,195,True
mod_wd1_s44,train_loss,401,0,surrogate,6,1.9882901846366707,195,True
mod_wd1_s44,train_loss,401,0,surrogate,7,2.5893889790620066,195,True
mod_wd1_s44,train_loss,401,0,surrogate,8,5.246599273273945,195,True
mod_wd1_s44,train_loss,401,0,surrogate,9,3.382947563863178,195,True
mod_wd1_s44,train_loss,401,0,surrogate,10,2.6180995842874726,195,True
mod_wd1_s44,train_loss,401,0,surrogate,11,3.2956644350457918,195,True
mod_wd1_s44,train_loss,401,0,surrogate,12,1.5565650783343978,195,True
mod_wd1_s44,train_loss,401,0,surrogate,13,3.8682573671650426,195,True
mod_wd1_s44,train_loss,401,0,surrogate,14,1.7239966313728856,195,True
mod_wd1_s44,train_loss,401,0,surrogate,15,1.6807457904888872,195,True
mod_wd1_s44,train_loss,401,0,surrogate,16,1.4739604964258468,195,True
mod_wd1_s44,train_loss,401,0,surrogate,17,5.116175525413571,195,True
mod_wd1_s44,train_loss,401,0,surrogate,18,1.7608601555699466,195,True
mod_wd1_s44,train_loss,401,0,surrogate,19,4.296779338610861,195,True
mod_wd1_s44,train_loss,401,0,surrogate,20,4.3459180891995635,195,True
mod_wd1_s44,train_loss,401,0,surrogate,21,3.9871928658396274,195,True
mod_wd1_s44,train_loss,401,0,surrogate,22,2.2620141514551406,195,True
mod_wd1_s44,train_loss,401,0,surrogate,23,2.545108871417576,195,True
mod_wd1_s44,train_loss,401,0,surrogate,24,4.972450451096512,195,True
mod_wd1_s44,train_loss,401,0,surrogate,25,3.214601648988443,195,True
mod_wd1_s44,train_loss,401,0,surrogate,26,4.631518092933059,195,True
mod_wd1_s44,train_loss,401,0,surrogate,27,1.884915675458983,195,True
mod_wd1_s44,train_loss,401,0,surrogate,28,2.508409739869749,195,True
mod_wd1_s44,train_loss,401,0,surrogate,29,3.367876781270522,195,True
mod_wd1_s44,train_loss,401,0,surrogate,30,2.13139581218238,195,True
mod_wd1_s44,train_loss,401,0,surrogate,31,1.9719699888551148,195,True
mod_wd1_s44,train_loss,401,0,surrogate,32,2.315158154141765,195,True
mod_wd1_s44,train_loss,401,0,surrogate,33,4.042525134627832,195,True
mod_wd1_s44,train_loss,401,0,surrogate,34,4.085374487612429,195,True
mod_wd1_s44,train_loss,401,0,surrogate,35,4.830925803481702,195,True
mod_wd1_s44,train_loss,401,0,surrogate,36,2.0864849268017096,195,True
mod_wd1_s44,train_loss,401,0,surrogate,37,4.866859250898171,195,True
mod_wd1_s44,train_loss,401,0,surrogate,38,2.4729448385103288,195,True
mod_wd1_s44,train_loss,401,1,observed,-1,2.1118483814737075,195,True
mod_wd1_s44,train_loss,401,1,surrogate,0,2.1911402436153455,195,True
mod_wd1_s44,train_loss,401,1,surrogate,1,1.9526700437530764,195,True
mod_wd1_s44,train_loss,401,1,surrogate,2,2.6663618139629963,195,True
mod_wd1_s44,train_loss,401,1,surrogate,3,3.2353021822669166,195,True
mod_wd1_s44,train_loss,401,1,surrogate,4,3.699979738300461,195,True
mod_wd1_s44,train_loss,401,1,surrogate,5,3.56658809466134,195,True
mod_wd1_s44,train_loss,401,1,surrogate,6,4.016595035724569,195,True
mod_wd1_s44,train_loss,401,1,surrogate,7,3.6774762608948057,195,True
mod_wd1_s44,train_loss,401,1,surrogate,8,4.469132790585711,195,True
mod_wd1_s44,train_loss,401,1,surrogate,9,3.9015878216758413,195,True
mod_wd1_s44,train_loss,401,1,surrogate,10,2.2130968748199633,195,True
mod_wd1_s44,train_loss,401,1,surrogate,11,3.3624641820319168,195,True
mod_wd1_s44,train_loss,401,1,surrogate,12,3.6920648913669534,195,True
mod_wd1_s44,train_loss,401,1,surrogate,13,4.910466408861032,195,True
mod_wd1_s44,train_loss,401,1,surrogate,14,2.164493658911143,195,True
mod_wd1_s44,train_loss,401,1,surrogate,15,6.383205002980869,195,True
mod_wd1_s44,train_loss,401,1,surrogate,16,3.7047092201770737,195,True
mod_wd1_s44,train_loss,401,1,surrogate,17,2.430326192854261,195,True
mod_wd1_s44,train_loss,401,1,surrogate,18,1.0152764722380225,195,True
mod_wd1_s44,train_loss,401,1,surrogate,19,1.9849689532645678,195,True
mod_wd1_s44,train_loss,401,1,surrogate,20,2.338935744148091,195,True
mod_wd1_s44,train_loss,401,1,surrogate,21,3.3600975180347175,195,True
mod_wd1_s44,train_loss,401,1,surrogate,22,3.8612709150895386,195,True
mod_wd1_s44,train_loss,401,1,surrogate,23,3.7708099838487574,195,True
mod_wd1_s44,train_loss,401,1,surrogate,24,2.3676302378844927,195,True
mod_wd1_s44,train_loss,401,1,surrogate,25,4.161478484452997,195,True
mod_wd1_s44,train_loss,401,1,surrogate,26,3.492490625256624,195,True
mod_wd1_s44,train_loss,401,1,surrogate,27,2.9374755890964726,195,True
mod_wd1_s44,train_loss,401,1,surrogate,28,1.174799916961674,195,True
mod_wd1_s44,train_loss,401,1,surrogate,29,3.747825210042521,195,True
mod_wd1_s44,train_loss,401,1,surrogate,30,3.0169667588495512,195,True
mod_wd1_s44,train_loss,401,1,surrogate,31,2.1946135592593508,195,True
mod_wd1_s44,train_loss,401,1,surrogate,32,3.4190869556207293,195,True
mod_wd1_s44,train_loss,401,1,surrogate,33,1.988306503547182,195,True
mod_wd1_s44,train_loss,401,1,surrogate,34,2.137921990335306,195,True
mod_wd1_s44,train_loss,401,1,surrogate,35,3.7947457022234024,195,True
mod_wd1_s44,train_loss,401,1,surrogate,36,3.0726626051800294,195,True
mod_wd1_s44,train_loss,401,1,surrogate,37,3.785416921284902,195,True
mod_wd1_s44,train_loss,401,1,surrogate,38,4.418021100586015,195,True
mod_wd1_s44,train_loss,401,2,observed,-1,2.1118483814737075,195,True
mod_wd1_s44,train_loss,401,2,surrogate,0,2.8929603699276543,195,True
mod_wd1_s44,train_loss,401,2,surrogate,1,3.42133055593851,195,True
mod_wd1_s44,train_loss,401,2,surrogate,2,3.6268892156599435,195,True
mod_wd1_s44,train_loss,401,2,surrogate,3,4.553713710677153,195,True
mod_wd1_s44,train_loss,401,2,surrogate,4,3.153692907462976,195,True
mod_wd1_s44,train_loss,401,2,surrogate,5,2.530028860930755,195,True
mod_wd1_s44,train_loss,401,2,surrogate,6,3.4393272917539273,195,True
mod_wd1_s44,train_loss,401,2,surrogate,7,4.088842469035855,195,True
mod_wd1_s44,train_loss,401,2,surrogate,8,4.238099428249905,195,True
mod_wd1_s44,train_loss,401,2,surrogate,9,3.704370486360192,195,True
mod_wd1_s44,train_loss,401,2,surrogate,10,2.024866467246671,195,True
mod_wd1_s44,train_loss,401,2,surrogate,11,2.293375893719063,195,True
mod_wd1_s44,train_loss,401,2,surrogate,12,4.41036170602868,195,True
mod_wd1_s44,train_loss,401,2,surrogate,13,4.483635961624443,195,True
mod_wd1_s44,train_loss,401,2,surrogate,14,3.5321644003989427,195,True
mod_wd1_s44,train_loss,401,2,surrogate,15,3.6880574815976224,195,True
mod_wd1_s44,train_loss,401,2,surrogate,16,3.9341083232196317,195,True
mod_wd1_s44,train_loss,401,2,surrogate,17,2.9788065555794243,195,True
mod_wd1_s44,train_loss,401,2,surrogate,18,1.9919512272718443,195,True
mod_wd1_s44,train_loss,401,2,surrogate,19,5.700542207847497,195,True
mod_wd1_s44,train_loss,401,2,surrogate,20,2.744586661246377,195,True
mod_wd1_s44,train_loss,401,2,surrogate,21,5.0839516682288,195,True
mod_wd1_s44,train_loss,401,2,surrogate,22,4.810179004669122,195,True
mod_wd1_s44,train_loss,401,2,surrogate,23,4.657454205829782,195,True
mod_wd1_s44,train_loss,401,2,surrogate,24,5.377991931379164,195,True
mod_wd1_s44,train_loss,401,2,surrogate,25,2.1266897368921174,195,True
mod_wd1_s44,train_loss,401,2,surrogate,26,3.4413656059273054,195,True
mod_wd1_s44,train_loss,401,2,surrogate,27,5.288913393565015,195,True
mod_wd1_s44,train_loss,401,2,surrogate,28,2.5982554207837967,195,True
mod_wd1_s44,train_loss,401,2,surrogate,29,2.7911878951466664,195,True
mod_wd1_s44,train_loss,401,2,surrogate,30,4.044680731992781,195,True
mod_wd1_s44,train_loss,401,2,surrogate,31,1.9989059931881474,195,True
mod_wd1_s44,train_loss,401,2,surrogate,32,3.871127777490221,195,True
mod_wd1_s44,train_loss,401,2,surrogate,33,3.3851138891876476,195,True
mod_wd1_s44,train_loss,401,2,surrogate,34,4.006296010095239,195,True
mod_wd1_s44,train_loss,401,2,surrogate,35,2.3396321444944297,195,True
mod_wd1_s44,train_loss,401,2,surrogate,36,3.9724431017261916,195,True
mod_wd1_s44,train_loss,401,2,surrogate,37,5.25144361061553,195,True
mod_wd1_s44,train_loss,401,2,surrogate,38,5.204535787119401,195,True
mod_wd1_s44,train_loss,401,3,observed,-1,2.1118483814737075,195,True
mod_wd1_s44,train_loss,401,3,surrogate,0,3.794105764934562,195,True
mod_wd1_s44,train_loss,401,3,surrogate,1,2.0152579148086573,195,True
mod_wd1_s44,train_loss,401,3,surrogate,2,2.3166070288919602,195,True
mod_wd1_s44,train_loss,401,3,surrogate,3,3.9064499023415005,195,True
mod_wd1_s44,train_loss,401,3,surrogate,4,3.02400553588339,195,True
mod_wd1_s44,train_loss,401,3,surrogate,5,2.9076569736161995,195,True
mod_wd1_s44,train_loss,401,3,surrogate,6,4.063642108599932,195,True
mod_wd1_s44,train_loss,401,3,surrogate,7,3.098497229972233,195,True
mod_wd1_s44,train_loss,401,3,surrogate,8,2.9675284781055833,195,True
mod_wd1_s44,train_loss,401,3,surrogate,9,3.3499284170916357,195,True
mod_wd1_s44,train_loss,401,3,surrogate,10,3.192861415510716,195,True
mod_wd1_s44,train_loss,401,3,surrogate,11,1.3692318604251996,195,True
mod_wd1_s44,train_loss,401,3,surrogate,12,3.420423856466394,195,True
mod_wd1_s44,train_loss,401,3,surrogate,13,4.892859482179996,195,True
mod_wd1_s44,train_loss,401,3,surrogate,14,5.379328216732912,195,True
mod_wd1_s44,train_loss,401,3,surrogate,15,4.155199052878045,195,True
mod_wd1_s44,train_loss,401,3,surrogate,16,4.7219769086584495,195,True
mod_wd1_s44,train_loss,401,3,surrogate,17,3.747176723229998,195,True
mod_wd1_s44,train_loss,401,3,surrogate,18,2.1644363880841015,195,True
mod_wd1_s44,train_loss,401,3,surrogate,19,3.3187981844249976,195,True
mod_wd1_s44,train_loss,401,3,surrogate,20,3.490632137248115,195,True
mod_wd1_s44,train_loss,401,3,surrogate,21,3.494243637349293,195,True
mod_wd1_s44,train_loss,401,3,surrogate,22,3.94133538050165,195,True
mod_wd1_s44,train_loss,401,3,surrogate,23,1.8095157950090455,195,True
mod_wd1_s44,train_loss,401,3,surrogate,24,4.711593775514702,195,True
mod_wd1_s44,train_loss,401,3,surrogate,25,1.4162433567825725,195,True
mod_wd1_s44,train_loss,401,3,surrogate,26,4.114218980582646,195,True
mod_wd1_s44,train_loss,401,3,surrogate,27,2.6365986657881075,195,True
mod_wd1_s44,train_loss,401,3,surrogate,28,2.282846440890644,195,True
mod_wd1_s44,train_loss,401,3,surrogate,29,2.513527078222603,195,True
mod_wd1_s44,train_loss,401,3,surrogate,30,2.849144105490938,195,True
mod_wd1_s44,train_loss,401,3,surrogate,31,3.8396636508021746,195,True
mod_wd1_s44,train_loss,401,3,surrogate,32,3.074091833368897,195,True
mod_wd1_s44,train_loss,401,3,surrogate,33,1.6898120358672046,195,True
mod_wd1_s44,train_loss,401,3,surrogate,34,4.34733695842544,195,True
mod_wd1_s44,train_loss,401,3,surrogate,35,4.507249468280641,195,True
mod_wd1_s44,train_loss,401,3,surrogate,36,3.8746936451830316,195,True
mod_wd1_s44,train_loss,401,3,surrogate,37,1.3848256885259496,195,True
mod_wd1_s44,train_loss,401,3,surrogate,38,3.67284838857309,195,True
mod_wd1_s44,train_loss,401,4,observed,-1,2.1118483814737075,195,True
mod_wd1_s44,train_loss,401,4,surrogate,0,2.000093965142698,195,True
mod_wd1_s44,train_loss,401,4,surrogate,1,3.0892843845937756,195,True
mod_wd1_s44,train_loss,401,4,surrogate,2,3.550307150145361,195,True
mod_wd1_s44,train_loss,401,4,surrogate,3,3.363218226755988,195,True
mod_wd1_s44,train_loss,401,4,surrogate,4,3.517716528386731,195,True
mod_wd1_s44,train_loss,401,4,surrogate,5,1.4577893098591828,195,True
mod_wd1_s44,train_loss,401,4,surrogate,6,4.647639824915323,195,True
mod_wd1_s44,train_loss,401,4,surrogate,7,3.885203066411946,195,True
mod_wd1_s44,train_loss,401,4,surrogate,8,4.231506168639855,195,True
mod_wd1_s44,train_loss,401,4,surrogate,9,2.845209168061395,195,True
mod_wd1_s44,train_loss,401,4,surrogate,10,1.1421079333312179,195,True
mod_wd1_s44,train_loss,401,4,surrogate,11,4.196547800941321,195,True
mod_wd1_s44,train_loss,401,4,surrogate,12,2.346117812641614,195,True
mod_wd1_s44,train_loss,401,4,surrogate,13,2.24249778097237,195,True
mod_wd1_s44,train_loss,401,4,surrogate,14,1.3069691648919697,195,True
mod_wd1_s44,train_loss,401,4,surrogate,15,5.1663461134470126,195,True
mod_wd1_s44,train_loss,401,4,surrogate,16,2.9390479532360336,195,True
mod_wd1_s44,train_loss,401,4,surrogate,17,3.505626836422357,195,True
mod_wd1_s44,train_loss,401,4,surrogate,18,3.4983332664134026,195,True
mod_wd1_s44,train_loss,401,4,surrogate,19,2.4216652137722305,195,True
mod_wd1_s44,train_loss,401,4,surrogate,20,1.9331896812679366,195,True
mod_wd1_s44,train_loss,401,4,surrogate,21,3.8629547011964784,195,True
mod_wd1_s44,train_loss,401,4,surrogate,22,3.923350023121459,195,True
mod_wd1_s44,train_loss,401,4,surrogate,23,1.4475837037955703,195,True
mod_wd1_s44,train_loss,401,4,surrogate,24,4.936279169988428,195,True
mod_wd1_s44,train_loss,401,4,surrogate,25,4.439453095840252,195,True
mod_wd1_s44,train_loss,401,4,surrogate,26,1.9885091496417604,195,True
mod_wd1_s44,train_loss,401,4,surrogate,27,3.840514866654718,195,True
mod_wd1_s44,train_loss,401,4,surrogate,28,5.024164920671289,195,True
mod_wd1_s44,train_loss,401,4,surrogate,29,1.0748085513615337,195,True
mod_wd1_s44,train_loss,401,4,surrogate,30,1.199566695269315,195,True
mod_wd1_s44,train_loss,401,4,surrogate,31,2.2779449431486367,195,True
mod_wd1_s44,train_loss,401,4,surrogate,32,3.1416373425019795,195,True
mod_wd1_s44,train_loss,401,4,surrogate,33,4.513290571267203,195,True
mod_wd1_s44,train_loss,401,4,surrogate,34,1.2472025588402849,195,True
mod_wd1_s44,train_loss,401,4,surrogate,35,1.8901833709547267,195,True
mod_wd1_s44,train_loss,401,4,surrogate,36,2.7069591063990064,195,True
mod_wd1_s44,train_loss,401,4,surrogate,37,2.874547610575866,195,True
mod_wd1_s44,train_loss,401,4,surrogate,38,3.94521669437557,195,True
s5_wd0,weight_norm,101,0,observed,-1,1.052673870242101,295,True
s5_wd0,weight_norm,101,0,surrogate,0,1.2624280186760588,295,True
s5_wd0,weight_norm,101,0,surrogate,1,1.0889073104133165,295,True
s5_wd0,weight_norm,101,0,surrogate,2,1.0494943938756263,295,True
s5_wd0,weight_norm,101,0,surrogate,3,1.061792357401079,295,True
s5_wd0,weight_norm,101,0,surrogate,4,1.0763568206526628,295,True
s5_wd0,weight_norm,101,0,surrogate,5,1.2173770160816075,295,True
s5_wd0,weight_norm,101,0,surrogate,6,1.0475980581982165,295,True
s5_wd0,weight_norm,101,0,surrogate,7,1.3119457389265978,295,True
s5_wd0,weight_norm,101,0,surrogate,8,1.0461805324681028,295,True
s5_wd0,weight_norm,101,0,surrogate,9,1.0407325601564683,295,True
s5_wd0,weight_norm,101,0,surrogate,10,1.006200417893051,295,True
s5_wd0,weight_norm,101,0,surrogate,11,1.043095474281656,295,True
s5_wd0,weight_norm,101,0,surrogate,12,1.715961079499874,295,True
s5_wd0,weight_norm,101,0,surrogate,13,1.0474164729539903,295,True
s5_wd0,weight_norm,101,0,surrogate,14,1.0513821905532077,295,True
s5_wd0,weight_norm,101,0,surrogate,15,1.0640087856830895,295,True
s5_wd0,weight_norm,101,0,surrogate,16,1.0881601134300645,295,True
s5_wd0,weight_norm,101,0,surrogate,17,1.0491585644533015,295,True
s5_wd0,weight_norm,101,0,surrogate,18,1.4244465529036539,295,True
s5_wd0,weight_norm,101,0,surrogate,19,1.3454562044531,295,True
s5_wd0,weight_norm,101,0,surrogate,20,1.4182340017289359,295,True
s5_wd0,weight_norm,101,0,surrogate,21,1.0346228882298678,295,True
s5_wd0,weight_norm,101,0,surrogate,22,1.045268696900012,295,True
s5_wd0,weight_norm,101,0,surrogate,23,1.4308556288321481,295,True
s5_wd0,weight_norm,101,0,surrogate,24,1.1643523025056735,295,True
s5_wd0,weight_norm,101,0,surrogate,25,1.0479285522177793,295,True
s5_wd0,weight_norm,101,0,surrogate,26,1.0626015788428063,295,True
s5_wd0,weight_norm,101,0,surrogate,27,1.0429087917402062,295,True
s5_wd0,weight_norm,101,0,surrogate,28,1.0888294042359434,295,True
s5_wd0,weight_norm,101,0,surrogate,29,1.0461750437095947,295,True
s5_wd0,weight_norm,101,0,surrogate,30,1.0465043868043362,295,True
s5_wd0,weight_norm,101,0,surrogate,31,1.0462860652389088,295,True
s5_wd0,weight_norm,101,0,surrogate,32,1.0516541437406763,295,True
s5_wd0,weight_norm,101,0,surrogate,33,1.6333334813988671,295,True
s5_wd0,weight_norm,101,0,surrogate,34,1.0450998126508009,295,True
s5_wd0,weight_norm,101,0,surrogate,35,1.0127893257196672,295,True
s5_wd0,weight_norm,101,0,surrogate,36,1.1025086132241186,295,True
s5_wd0,weight_norm,101,0,surrogate,37,1.0761315305516868,295,True
s5_wd0,weight_norm,101,0,surrogate,38,1.0426888848719558,295,True
s5_wd0,weight_norm,101,1,observed,-1,1.052673870242101,295,True
s5_wd0,weight_norm,101,1,surrogate,0,1.3936005696134004,295,True
s5_wd0,weight_norm,101,1,surrogate,1,1.2734918115722602,295,True
s5_wd0,weight_norm,101,1,surrogate,2,1.4719745678746852,295,True
s5_wd0,weight_norm,101,1,surrogate,3,1.0512137401720207,295,True
s5_wd0,weight_norm,101,1,surrogate,4,1.066272013891547,295,True
s5_wd0,weight_norm,101,1,surrogate,5,1.374281829810675,295,True
s5_wd0,weight_norm,101,1,surrogate,6,1.5190000804242403,295,True
s5_wd0,weight_norm,101,1,surrogate,7,1.055152632927079,295,True
s5_wd0,weight_norm,101,1,surrogate,8,1.0508764014553242,295,True
s5_wd0,weight_norm,101,1,surrogate,9,1.1986096237656176,295,True
s5_wd0,weight_norm,101,1,surrogate,10,1.0443957179457966,295,True
s5_wd0,weight_norm,101,1,surrogate,11,1.4134214744127183,295,True
s5_wd0,weight_norm,101,1,surrogate,12,1.0489907220028916,295,True
s5_wd0,weight_norm,101,1,surrogate,13,1.488571059195263,295,True
s5_wd0,weight_norm,101,1,surrogate,14,1.043970628856838,295,True
s5_wd0,weight_norm,101,1,surrogate,15,1.0446556967280494,295,True
s5_wd0,weight_norm,101,1,surrogate,16,1.043411174757893,295,True
s5_wd0,weight_norm,101,1,surrogate,17,1.4632653133680043,295,True
s5_wd0,weight_norm,101,1,surrogate,18,1.2601944025574319,295,True
s5_wd0,weight_norm,101,1,surrogate,19,1.045841546906553,295,True
s5_wd0,weight_norm,101,1,surrogate,20,1.0899763981674988,295,True
s5_wd0,weight_norm,101,1,surrogate,21,1.0562889282381298,295,True
s5_wd0,weight_norm,101,1,surrogate,22,1.6168736437881017,295,True
s5_wd0,weight_norm,101,1,surrogate,23,1.046113045184854,295,True
s5_wd0,weight_norm,101,1,surrogate,24,1.267756903171618,295,True
s5_wd0,weight_norm,101,1,surrogate,25,1.0506501201821503,295,True
s5_wd0,weight_norm,101,1,surrogate,26,1.115070139805007,295,True
s5_wd0,weight_norm,101,1,surrogate,27,1.0436431867532505,295,True
s5_wd0,weight_norm,101,1,surrogate,28,1.0447975595135373,295,True
s5_wd0,weight_norm,101,1,surrogate,29,1.0483800633421962,295,True
s5_wd0,weight_norm,101,1,surrogate,30,1.5080851018412968,295,True
s5_wd0,weight_norm,101,1,surrogate,31,1.071133558374022,295,True
s5_wd0,weight_norm,101,1,surrogate,32,1.0728177629034548,295,True
s5_wd0,weight_norm,101,1,surrogate,33,1.0476455569391319,295,True
s5_wd0,weight_norm,101,1,surrogate,34,1.1271214752830248,295,True
s5_wd0,weight_norm,101,1,surrogate,35,1.0478703177839828,295,True
s5_wd0,weight_norm,101,1,surrogate,36,1.0643310347875328,295,True
s5_wd0,weight_norm,101,1,surrogate,37,1.5992375663674667,295,True
s5_wd0,weight_norm,101,1,surrogate,38,1.0393918075542539,295,True
s5_wd0,weight_norm,101,2,observed,-1,1.052673870242101,295,True
s5_wd0,weight_norm,101,2,surrogate,0,1.0409578247305633,295,True
s5_wd0,weight_norm,101,2,surrogate,1,1.310845236688762,295,True
s5_wd0,weight_norm,101,2,surrogate,2,1.1040770644257876,295,True
s5_wd0,weight_norm,101,2,surrogate,3,1.048824449893838,295,True
s5_wd0,weight_norm,101,2,surrogate,4,1.2255713488768156,295,True
s5_wd0,weight_norm,101,2,surrogate,5,1.0536011052782945,295,True
s5_wd0,weight_norm,101,2,surrogate,6,1.069868014680889,295,True
s5_wd0,weight_norm,101,2,surrogate,7,1.2042942421255254,295,True
s5_wd0,weight_norm,101,2,surrogate,8,1.0596023787262476,295,True
s5_wd0,weight_norm,101,2,surrogate,9,1.0416636031134843,295,True
s5_wd0,weight_norm,101,2,surrogate,10,1.2428231700638595,295,True
s5_wd0,weight_norm,101,2,surrogate,11,1.1022721040723775,295,True
s5_wd0,weight_norm,101,2,surrogate,12,1.2644641082843435,295,True
s5_wd0,weight_norm,101,2,surrogate,13,1.2691930338937354,295,True
s5_wd0,weight_norm,101,2,surrogate,14,1.2906494121770649,295,True
s5_wd0,weight_norm,101,2,surrogate,15,1.6910349338867785,295,True
s5_wd0,weight_norm,101,2,surrogate,16,1.0486709800794358,295,True
s5_wd0,weight_norm,101,2,surrogate,17,1.7974125462634685,295,True
s5_wd0,weight_norm,101,2,surrogate,18,1.3527145461170766,295,True
s5_wd0,weight_norm,101,2,surrogate,19,1.4593776286779858,295,True
s5_wd0,weight_norm,101,2,surrogate,20,1.0448835353415429,295,True
s5_wd0,weight_norm,101,2,surrogate,21,1.5399616492663617,295,True
s5_wd0,weight_norm,101,2,surrogate,22,1.4910811739131122,295,True
s5_wd0,weight_norm,101,2,surrogate,23,1.824953015712636,295,True
s5_wd0,weight_norm,101,2,surrogate,24,1.0825817366402883,295,True
s5_wd0,weight_norm,101,2,surrogate,25,1.3896602121455337,295,True
s5_wd0,weight_norm,101,2,surrogate,26,1.4677596809323779,295,True
s5_wd0,weight_norm,101,2,surrogate,27,1.0646510202374069,295,True
s5_wd0,weight_norm,101,2,surrogate,28,1.7789797013303286,295,True
s5_wd0,weight_norm,101,2,surrogate,29,1.0401517856877793,295,True
s5_wd0,weight_norm,101,2,surrogate,30,1.0543549456086525,295,True
s5_wd0,weight_norm,101,2,surrogate,31,1.0478030038709978,295,True
s5_wd0,weight_norm,101,2,surrogate,32,1.0318151571600183,295,True
s5_wd0,weight_norm,101,2,surrogate,33,1.0421890981596322,295,True
s5_wd0,weight_norm,101,2,surrogate,34,1.0393730012115197,295,True
s5_wd0,weight_norm,101,2,surrogate,35,1.0688619804442374,295,True
s5_wd0,weight_norm,101,2,surrogate,36,1.5838917662725933,295,True
s5_wd0,weight_norm,101,2,surrogate,37,1.0898582551925111,295,True
s5_wd0,weight_norm,101,2,surrogate,38,1.1653770133576147,295,True
s5_wd0,weight_norm,101,3,observed,-1,1.052673870242101,295,True
s5_wd0,weight_norm,101,3,surrogate,0,1.1211096320266973,295,True
s5_wd0,weight_norm,101,3,surrogate,1,1.0472346292422654,295,True
s5_wd0,weight_norm,101,3,surrogate,2,1.163775055201469,295,True
s5_wd0,weight_norm,101,3,surrogate,3,1.0372732611746927,295,True
s5_wd0,weight_norm,101,3,surrogate,4,1.0185280770527019,295,True
s5_wd0,weight_norm,101,3,surrogate,5,1.6791978143244692,295,True
s5_wd0,weight_norm,101,3,surrogate,6,1.1331790429499868,295,True
s5_wd0,weight_norm,101,3,surrogate,7,1.0736490194300787,295,True
s5_wd0,weight_norm,101,3,surrogate,8,1.040793763223771,295,True
s5_wd0,weight_norm,101,3,surrogate,9,1.4444306977619747,295,True
s5_wd0,weight_norm,101,3,surrogate,10,1.04160529206563,295,True
s5_wd0,weight_norm,101,3,surrogate,11,1.7090779024449352,295,True
s5_wd0,weight_norm,101,3,surrogate,12,1.493220277798445,295,True
s5_wd0,weight_norm,101,3,surrogate,13,1.0976200287658615,295,True
s5_wd0,weight_norm,101,3,surrogate,14,1.016327913875374,295,True
s5_wd0,weight_norm,101,3,surrogate,15,1.4527117400637461,295,True
s5_wd0,weight_norm,101,3,surrogate,16,1.125275286948549,295,True
s5_wd0,weight_norm,101,3,surrogate,17,1.1741891002238614,295,True
s5_wd0,weight_norm,101,3,surrogate,18,1.6761169498704644,295,True
s5_wd0,weight_norm,101,3,surrogate,19,1.2328260991623463,295,True
s5_wd0,weight_norm,101,3,surrogate,20,1.1924412051985618,295,True
s5_wd0,weight_norm,101,3,surrogate,21,1.258866942538503,295,True
s5_wd0,weight_norm,101,3,surrogate,22,1.1057951206449952,295,True
s5_wd0,weight_norm,101,3,surrogate,23,1.0482813606598949,295,True
s5_wd0,weight_norm,101,3,surrogate,24,1.2992507474977866,295,True
s5_wd0,weight_norm,101,3,surrogate,25,1.038753237027219,295,True
s5_wd0,weight_norm,101,3,surrogate,26,1.0691875844869498,295,True
s5_wd0,weight_norm,101,3,surrogate,27,1.4513464010415273,295,True
s5_wd0,weight_norm,101,3,surrogate,28,1.613233698526562,295,True
s5_wd0,weight_norm,101,3,surrogate,29,1.6687678814773865,295,True
s5_wd0,weight_norm,101,3,surrogate,30,1.090547666802371,295,True
s5_wd0,weight_norm,101,3,surrogate,31,1.0393092959665282,295,True
s5_wd0,weight_norm,101,3,surrogate,32,1.4958622363531997,295,True
s5_wd0,weight_norm,101,3,surrogate,33,1.2548894574943739,295,True
s5_wd0,weight_norm,101,3,surrogate,34,1.6513630035157942,295,True
s5_wd0,weight_norm,101,3,surrogate,35,1.0632965450439407,295,True
s5_wd0,weight_norm,101,3,surrogate,36,1.134038159990078,295,True
s5_wd0,weight_norm,101,3,surrogate,37,1.3212079190518313,295,True
s5_wd0,weight_norm,101,3,surrogate,38,1.4320052178613019,295,True
s5_wd0,weight_norm,101,4,observed,-1,1.052673870242101,295,True
s5_wd0,weight_norm,101,4,surrogate,0,1.1241033867581682,295,True
s5_wd0,weight_norm,101,4,surrogate,1,1.0406552906981656,295,True
s5_wd0,weight_norm,101,4,surrogate,2,1.0947015761665693,295,True
s5_wd0,weight_norm,101,4,surrogate,3,1.1144688924035697,295,True
s5_wd0,weight_norm,101,4,surrogate,4,1.0788041575506588,295,True
s5_wd0,weight_norm,101,4,surrogate,5,1.2666339181323014,295,True
s5_wd0,weight_norm,101,4,surrogate,6,1.180306408159306,295,True
s5_wd0,weight_norm,101,4,surrogate,7,1.0441794990768587,295,True
s5_wd0,weight_norm,101,4,surrogate,8,1.0892157417802018,295,True
s5_wd0,weight_norm,101,4,surrogate,9,1.7174321233667913,295,True
s5_wd0,weight_norm,101,4,surrogate,10,1.0402953607149474,295,True
s5_wd0,weight_norm,101,4,surrogate,11,1.1704582913097623,295,True
s5_wd0,weight_norm,101,4,surrogate,12,1.0813588784110169,295,True
s5_wd0,weight_norm,101,4,surrogate,13,1.8515839113436972,295,True
s5_wd0,weight_norm,101,4,surrogate,14,1.0518205009351445,295,True
s5_wd0,weight_norm,101,4,surrogate,15,1.0470479437778046,295,True
s5_wd0,weight_norm,101,4,surrogate,16,1.0432087542210575,295,True
s5_wd0,weight_norm,101,4,surrogate,17,1.4585849815218537,295,True
s5_wd0,weight_norm,101,4,surrogate,18,1.0492171640393515,295,True
s5_wd0,weight_norm,101,4,surrogate,19,1.0479720933035344,295,True
s5_wd0,weight_norm,101,4,surrogate,20,1.0640993398145868,295,True
s5_wd0,weight_norm,101,4,surrogate,21,1.1342039175474858,295,True
s5_wd0,weight_norm,101,4,surrogate,22,1.1065822369479055,295,True
s5_wd0,weight_norm,101,4,surrogate,23,1.1221068483762335,295,True
s5_wd0,weight_norm,101,4,surrogate,24,1.5676806525949132,295,True
s5_wd0,weight_norm,101,4,surrogate,25,1.2692335873248255,295,True
s5_wd0,weight_norm,101,4,surrogate,26,1.044341385470242,295,True
s5_wd0,weight_norm,101,4,surrogate,27,1.4398871722887134,295,True
s5_wd0,weight_norm,101,4,surrogate,28,1.0493321232333626,295,True
s5_wd0,weight_norm,101,4,surrogate,29,1.0398555760306114,295,True
s5_wd0,weight_norm,101,4,surrogate,30,1.0426525159435456,295,True
s5_wd0,weight_norm,101,4,surrogate,31,1.05664060221237,295,True
s5_wd0,weight_norm,101,4,surrogate,32,1.0491250560802634,295,True
s5_wd0,weight_norm,101,4,surrogate,33,1.2443265045794967,295,True
s5_wd0,weight_norm,101,4,surrogate,34,1.1186823867827895,295,True
s5_wd0,weight_norm,101,4,surrogate,35,1.4287049445103421,295,True
s5_wd0,weight_norm,101,4,surrogate,36,1.0456079414819552,295,True
s5_wd0,weight_norm,101,4,surrogate,37,1.6422320250685134,295,True
s5_wd0,weight_norm,101,4,surrogate,38,1.1876650847710244,295,True
s5_wd0,weight_norm,201,0,observed,-1,1.052673870242101,295,True
s5_wd0,weight_norm,201,0,surrogate,0,2.125944971001086,295,True
s5_wd0,weight_norm,201,0,surrogate,1,1.0453038535795214,295,True
s5_wd0,weight_norm,201,0,surrogate,2,1.114357860909718,295,True
s5_wd0,weight_norm,201,0,surrogate,3,1.6100622934825422,295,True
s5_wd0,weight_norm,201,0,surrogate,4,1.4800311247859066,295,True
s5_wd0,weight_norm,201,0,surrogate,5,1.4549480124960603,295,True
s5_wd0,weight_norm,201,0,surrogate,6,1.793860667752879,295,True
s5_wd0,weight_norm,201,0,surrogate,7,1.3605677963683378,295,True
s5_wd0,weight_norm,201,0,surrogate,8,2.038871598705705,295,True
s5_wd0,weight_norm,201,0,surrogate,9,1.1327044052774657,295,True
s5_wd0,weight_norm,201,0,surrogate,10,1.1747539224718224,295,True
s5_wd0,weight_norm,201,0,surrogate,11,1.053809658756806,295,True
s5_wd0,weight_norm,201,0,surrogate,12,1.5862013195101121,295,True
s5_wd0,weight_norm,201,0,surrogate,13,1.8092046485492632,295,True
s5_wd0,weight_norm,201,0,surrogate,14,1.6171086873777054,295,True
s5_wd0,weight_norm,201,0,surrogate,15,1.4908479399324919,295,True
s5_wd0,weight_norm,201,0,surrogate,16,1.607509236612496,295,True
s5_wd0,weight_norm,201,0,surrogate,17,1.0307149010198582,295,True
s5_wd0,weight_norm,201,0,surrogate,18,1.4609705638675952,295,True
s5_wd0,weight_norm,201,0,surrogate,19,1.0405298043477342,295,True
s5_wd0,weight_norm,201,0,surrogate,20,1.4435329995358548,295,True
s5_wd0,weight_norm,201,0,surrogate,21,1.6218104103941318,295,True
s5_wd0,weight_norm,201,0,surrogate,22,1.674688839808347,295,True
s5_wd0,weight_norm,201,0,surrogate,23,1.0351878998996067,295,True
s5_wd0,weight_norm,201,0,surrogate,24,1.1030591541266714,295,True
s5_wd0,weight_norm,201,0,surrogate,25,1.275031728256828,295,True
s5_wd0,weight_norm,201,0,surrogate,26,1.379782084938415,295,True
s5_wd0,weight_norm,201,0,surrogate,27,1.0474514313681396,295,True
s5_wd0,weight_norm,201,0,surrogate,28,1.6358703155635463,295,True
s5_wd0,weight_norm,201,0,surrogate,29,1.0866609300463754,295,True
s5_wd0,weight_norm,201,0,surrogate,30,1.0996104874458206,295,True
s5_wd0,weight_norm,201,0,surrogate,31,1.3345878114832104,295,True
s5_wd0,weight_norm,201,0,surrogate,32,1.708895260386545,295,True
s5_wd0,weight_norm,201,0,surrogate,33,1.3772298634609843,295,True
s5_wd0,weight_norm,201,0,surrogate,34,1.039215137511422,295,True
s5_wd0,weight_norm,201,0,surrogate,35,1.4064016227483738,295,True
s5_wd0,weight_norm,201,0,surrogate,36,1.0754237623126426,295,True
s5_wd0,weight_norm,201,0,surrogate,37,1.5083924193006637,295,True
s5_wd0,weight_norm,201,0,surrogate,38,1.4581030481599584,295,True
s5_wd0,weight_norm,201,1,observed,-1,1.052673870242101,295,True
s5_wd0,weight_norm,201,1,surrogate,0,1.4475339418719764,295,True
s5_wd0,weight_norm,201,1,surrogate,1,1.841734935499666,295,True
s5_wd0,weight_norm,201,1,surrogate,2,1.200570052318996,295,True
s5_wd0,weight_norm,201,1,surrogate,3,1.4586334815574828,295,True
s5_wd0,weight_norm,201,1,surrogate,4,1.521798873300448,295,True
s5_wd0,weight_norm,201,1,surrogate,5,1.757397257694826,295,True
s5_wd0,weight_norm,201,1,surrogate,6,1.0482360715590089,295,True
s5_wd0,weight_norm,201,1,surrogate,7,1.0166438182663908,295,True
s5_wd0,weight_norm,201,1,surrogate,8,1.5599630669430522,295,True
s5_wd0,weight_norm,201,1,surrogate,9,1.1343931614087044,295,True
s5_wd0,weight_norm,201,1,surrogate,10,1.047405765136331,295,True
s5_wd0,weight_norm,201,1,surrogate,11,1.2322762073150626,295,True
s5_wd0,weight_norm,201,1,surrogate,12,1.6514344100671834,295,True
s5_wd0,weight_norm,201,1,surrogate,13,1.0347045780179398,295,True
s5_wd0,weight_norm,201,1,surrogate,14,1.0859790623463759,295,True
s5_wd0,weight_norm,201,1,surrogate,15,1.2463828985427943,295,True
s5_wd0,weight_norm,201,1,surrogate,16,1.5670544046083712,295,True
s5_wd0,weight_norm,201,1,surrogate,17,1.7490726491682684,295,True
s5_wd0,weight_norm,201,1,surrogate,18,1.5494020857183488,295,True
s5_wd0,weight_norm,201,1,surrogate,19,1.8912842671253072,295,True
s5_wd0,weight_norm,201,1,surrogate,20,1.6634030285891308,295,True
s5_wd0,weight_norm,201,1,surrogate,21,1.0410053114672726,295,True
s5_wd0,weight_norm,201,1,surrogate,22,1.5954259111606464,295,True
s5_wd0,weight_norm,201,1,surrogate,23,1.8508669609557868,295,True
s5_wd0,weight_norm,201,1,surrogate,24,1.528870316201606,295,True
s5_wd0,weight_norm,201,1,surrogate,25,1.454049066182764,295,True
s5_wd0,weight_norm,201,1,surrogate,26,1.8884822066243108,295,True
s5_wd0,weight_norm,201,1,surrogate,27,1.1032401725303738,295,True
s5_wd0,weight_norm,201,1,surrogate,28,1.7654301436967332,295,True
s5_wd0,weight_norm,201,1,surrogate,29,1.338602095066887,295,True
s5_wd0,weight_norm,201,1,surrogate,30,1.8535087276547624,295,True
s5_wd0,weight_norm,201,1,surrogate,31,1.5757183432912485,295,True
s5_wd0,weight_norm,201,1,surrogate,32,1.6094994708671349,295,True
s5_wd0,weight_norm,201,1,surrogate,33,1.0590352091829769,295,True
s5_wd0,weight_norm,201,1,surrogate,34,1.5247955926243466,295,True
s5_wd0,weight_norm,201,1,surrogate,35,1.9989940252738674,295,True
s5_wd0,weight_norm,201,1,surrogate,36,1.9154425276441736,295,True
s5_wd0,weight_norm,201,1,surrogate,37,1.5397671920847573,295,True
s5_wd0,weight_norm,201,1,surrogate,38,1.1376846964957925,295,True
s5_wd0,weight_norm,201,2,observed,-1,1.052673870242101,295,True
s5_wd0,weight_norm,201,2,surrogate,0,2.072825277969036,295,True
s5_wd0,weight_norm,201,2,surrogate,1,1.525021902619789,295,True
s5_wd0,weight_norm,201,2,surrogate,2,1.331200410656367,295,True
s5_wd0,weight_norm,201,2,surrogate,3,1.2978279660625085,295,True
s5_wd0,weight_norm,201,2,surrogate,4,2.540481987479142,295,True
s5_wd0,weight_norm,201,2,surrogate,5,1.1094548499511747,295,True
s5_wd0,weight_norm,201,2,surrogate,6,1.024253519592599,295,True
s5_wd0,weight_norm,201,2,surrogate,7,1.6931187158514032,295,True
s5_wd0,weight_norm,201,2,surrogate,8,1.03376242136501,295,True
s5_wd0,weight_norm,201,2,surrogate,9,1.026544509939786,295,True
s5_wd0,weight_norm,201,2,surrogate,10,1.1332601967961067,295,True
s5_wd0,weight_norm,201,2,surrogate,11,1.118439878997566,295,True
s5_wd0,weight_norm,201,2,surrogate,12,1.0689124575418898,295,True
s5_wd0,weight_norm,201,2,surrogate,13,1.422323302274382,295,True
s5_wd0,weight_norm,201,2,surrogate,14,1.5267178343778893,295,True
s5_wd0,weight_norm,201,2,surrogate,15,1.443797205061026,295,True
s5_wd0,weight_norm,201,2,surrogate,16,1.2438722907632445,295,True
s5_wd0,weight_norm,201,2,surrogate,17,1.195355471105863,295,True
s5_wd0,weight_norm,201,2,surrogate,18,1.0473285961388872,295,True
s5_wd0,weight_norm,201,2,surrogate,19,1.0455485334018386,295,True
s5_wd0,weight_norm,201,2,surrogate,20,1.10882820449976,295,True
s5_wd0,weight_norm,201,2,surrogate,21,1.0334859171023838,295,True
s5_wd0,weight_norm,201,2,surrogate,22,1.559368279266495,295,True
s5_wd0,weight_norm,201,2,surrogate,23,1.1424009221586384,295,True
s5_wd0,weight_norm,201,2,surrogate,24,1.7364514424064261,295,True
s5_wd0,weight_norm,201,2,surrogate,25,1.1597841744626245,295,True
s5_wd0,weight_norm,201,2,surrogate,26,1.0510915813448687,295,True
s5_wd0,weight_norm,201,2,surrogate,27,1.563753688152327,295,True
s5_wd0,weight_norm,201,2,surrogate,28,1.1077016003007076,295,True
s5_wd0,weight_norm,201,2,surrogate,29,1.0535474405097396,295,True
s5_wd0,weight_norm,201,2,surrogate,30,1.205238936885189,295,True
s5_wd0,weight_norm,201,2,surrogate,31,1.3125368359774816,295,True
s5_wd0,weight_norm,201,2,surrogate,32,1.3770768069262913,295,True
s5_wd0,weight_norm,201,2,surrogate,33,1.4885584232421338,295,True
s5_wd0,weight_norm,201,2,surrogate,34,1.053659360831075,295,True
s5_wd0,weight_norm,201,2,surrogate,35,1.6931140422483646,295,True
s5_wd0,weight_norm,201,2,surrogate,36,1.4343670163953106,295,True
s5_wd0,weight_norm,201,2,surrogate,37,1.0188035472958685,295,True
s5_wd0,weight_norm,201,2,surrogate,38,1.9048120208608443,295,True
s5_wd0,weight_norm,201,3,observed,-1,1.052673870242101,295,True
s5_wd0,weight_norm,201,3,surrogate,0,1.0666488704045967,295,True
s5_wd0,weight_norm,201,3,surrogate,1,1.4184476955551548,295,True
s5_wd0,weight_norm,201,3,surrogate,2,1.034920371051585,295,True
s5_wd0,weight_norm,201,3,surrogate,3,1.1605325186180682,295,True
s5_wd0,weight_norm,201,3,surrogate,4,1.4974240047941312,295,True
s5_wd0,weight_norm,201,3,surrogate,5,1.0378427086514146,295,True
s5_wd0,weight_norm,201,3,surrogate,6,1.3920240687715093,295,True
s5_wd0,weight_norm,201,3,surrogate,7,1.190504261432999,295,True
s5_wd0,weight_norm,201,3,surrogate,8,1.0198932577949757,295,True
s5_wd0,weight_norm,201,3,surrogate,9,1.467125590476932,295,True
s5_wd0,weight_norm,201,3,surrogate,10,1.017894280993834,295,True
s5_wd0,weight_norm,201,3,surrogate,11,2.1747825126089784,295,True
s5_wd0,weight_norm,201,3,surrogate,12,1.3678584101973992,295,True
s5_wd0,weight_norm,201,3,surrogate,13,1.2524001655053272,295,True
s5_wd0,weight_norm,201,3,surrogate,14,1.884907163837995,295,True
s5_wd0,weight_norm,201,3,surrogate,15,1.568441671847063,295,True
s5_wd0,weight_norm,201,3,surrogate,16,1.0415546298194909,295,True
s5_wd0,weight_norm,201,3,surrogate,17,1.882736749007178,295,True
s5_wd0,weight_norm,201,3,surrogate,18,1.043874213285521,295,True
s5_wd0,weight_norm,201,3,surrogate,19,1.6224564396304049,295,True
s5_wd0,weight_norm,201,3,surrogate,20,1.3767608989867295,295,True
s5_wd0,weight_norm,201,3,surrogate,21,1.1064834490685036,295,True
s5_wd0,weight_norm,201,3,surrogate,22,1.675779210072688,295,True
s5_wd0,weight_norm,201,3,surrogate,23,1.0685538661669007,295,True
s5_wd0,weight_norm,201,3,surrogate,24,1.6312571551141652,295,True
s5_wd0,weight_norm,201,3,surrogate,25,1.4240865540104901,295,True
s5_wd0,weight_norm,201,3,surrogate,26,1.5071151901019224,295,True
s5_wd0,weight_norm,201,3,surrogate,27,1.0868632919502281,295,True
s5_wd0,weight_norm,201,3,surrogate,28,1.003242569059947,295,True
s5_wd0,weight_norm,201,3,surrogate,29,1.069276287340535,295,True
s5_wd0,weight_norm,201,3,surrogate,30,1.8812700773735174,295,True
s5_wd0,weight_norm,201,3,surrogate,31,1.6949790470721078,295,True
s5_wd0,weight_norm,201,3,surrogate,32,1.2481035714538495,295,True
s5_wd0,weight_norm,201,3,surrogate,33,1.5932277518818456,295,True
s5_wd0,weight_norm,201,3,surrogate,34,1.0373323400313996,295,True
s5_wd0,weight_norm,201,3,surrogate,35,1.3937486853212637,295,True
s5_wd0,weight_norm,201,3,surrogate,36,1.0573323231868008,295,True
s5_wd0,weight_norm,201,3,surrogate,37,1.8198687332739871,295,True
s5_wd0,weight_norm,201,3,surrogate,38,1.4407781558423214,295,True
s5_wd0,weight_norm,201,4,observed,-1,1.052673870242101,295,True
s5_wd0,weight_norm,201,4,surrogate,0,1.1037824841774664,295,True
s5_wd0,weight_norm,201,4,surrogate,1,1.0712399308683784,295,True
s5_wd0,weight_norm,201,4,surrogate,2,1.4728606888835847,295,True
s5_wd0,weight_norm,201,4,surrogate,3,1.0543454311647906,295,True
s5_wd0,weight_norm,201,4,surrogate,4,1.30205153916863,295,True
s5_wd0,weight_norm,201,4,surrogate,5,1.0171490984858176,295,True
s5_wd0,weight_norm,201,4,surrogate,6,1.2150596329088883,295,True
s5_wd0,weight_norm,201,4,surrogate,7,1.1198359342773632,295,True
s5_wd0,weight_norm,201,4,surrogate,8,1.0406863435723388,295,True
s5_wd0,weight_norm,201,4,surrogate,9,1.7443309574135588,295,True
s5_wd0,weight_norm,201,4,surrogate,10,1.1646985575853965,295,True
s5_wd0,weight_norm,201,4,surrogate,11,2.043597039167262,295,True
s5_wd0,weight_norm,201,4,surrogate,12,1.0381662271368426,295,True
s5_wd0,weight_norm,201,4,surrogate,13,1.02603431574105,295,True
s5_wd0,weight_norm,201,4,surrogate,14,1.353017363272816,295,True
s5_wd0,weight_norm,201,4,surrogate,15,1.0248734074505121,295,True
s5_wd0,weight_norm,201,4,surrogate,16,1.4843768280057543,295,True
s5_wd0,weight_norm,201,4,surrogate,17,1.1149513350759719,295,True
s5_wd0,weight_norm,201,4,surrogate,18,1.6823225101820671,295,True
s5_wd0,weight_norm,201,4,surrogate,19,1.2233542916175904,295,True
s5_wd0,weight_norm,201,4,surrogate,20,1.1552573639411108,295,True
s5_wd0,weight_norm,201,4,surrogate,21,1.583549384653497,295,True
s5_wd0,weight_norm,201,4,surrogate,22,1.0794783416047262,295,True
s5_wd0,weight_norm,201,4,surrogate,23,2.8188829265942075,295,True
s5_wd0,weight_norm,201,4,surrogate,24,1.1221614746773578,295,True
s5_wd0,weight_norm,201,4,surrogate,25,1.0650121315453407,295,True
s5_wd0,weight_norm,201,4,surrogate,26,1.282892320264823,295,True
s5_wd0,weight_norm,201,4,surrogate,27,1.6900575316068258,295,True
s5_wd0,weight_norm,201,4,surrogate,28,1.1180644330879548,295,True
s5_wd0,weight_norm,201,4,surrogate,29,1.4775750360436029,295,True
s5_wd0,weight_norm,201,4,surrogate,30,1.0497468613001277,295,True
s5_wd0,weight_norm,201,4,surrogate,31,2.0464484513829437,295,True
s5_wd0,weight_norm,201,4,surrogate,32,1.1241214316861454,295,True
s5_wd0,weight_norm,201,4,surrogate,33,1.5098297774538827,295,True
s5_wd0,weight_norm,201,4,surrogate,34,1.4583507397373883,295,True
s5_wd0,weight_norm,201,4,surrogate,35,1.1962628788143121,295,True
s5_wd0,weight_norm,201,4,surrogate,36,1.3353069155282817,295,True
s5_wd0,weight_norm,201,4,surrogate,37,1.056905148091674,295,True
s5_wd0,weight_norm,201,4,surrogate,38,1.5084278752199776,295,True
s5_wd0,weight_norm,401,0,observed,-1,1.052673870242101,295,True
s5_wd0,weight_norm,401,0,surrogate,0,1.1210537604326083,295,True
s5_wd0,weight_norm,401,0,surrogate,1,1.5059624912470662,295,True
s5_wd0,weight_norm,401,0,surrogate,2,2.3223354712151765,295,True
s5_wd0,weight_norm,401,0,surrogate,3,1.1503059406962548,295,True
s5_wd0,weight_norm,401,0,surrogate,4,2.0615802428630063,295,True
s5_wd0,weight_norm,401,0,surrogate,5,2.0657850801337516,295,True
s5_wd0,weight_norm,401,0,surrogate,6,1.432791984186644,295,True
s5_wd0,weight_norm,401,0,surrogate,7,2.229755329934072,295,True
s5_wd0,weight_norm,401,0,surrogate,8,1.4359839373102057,295,True
s5_wd0,weight_norm,401,0,surrogate,9,1.673671194631943,295,True
s5_wd0,weight_norm,401,0,surrogate,10,2.381189691146654,295,True
s5_wd0,weight_norm,401,0,surrogate,11,2.235995645516217,295,True
s5_wd0,weight_norm,401,0,surrogate,12,1.640836350728613,295,True
s5_wd0,weight_norm,401,0,surrogate,13,1.2717938382851115,295,True
s5_wd0,weight_norm,401,0,surrogate,14,1.5525219244522135,295,True
s5_wd0,weight_norm,401,0,surrogate,15,2.2360466624083943,295,True
s5_wd0,weight_norm,401,0,surrogate,16,1.027604002720421,295,True
s5_wd0,weight_norm,401,0,surrogate,17,1.651574393073153,295,True
s5_wd0,weight_norm,401,0,surrogate,18,1.278267061293341,295,True
s5_wd0,weight_norm,401,0,surrogate,19,1.7724066788629373,295,True
s5_wd0,weight_norm,401,0,surrogate,20,2.0763771211911055,295,True
s5_wd0,weight_norm,401,0,surrogate,21,2.015465847559613,295,True
s5_wd0,weight_norm,401,0,surrogate,22,2.3932270131370577,295,True
s5_wd0,weight_norm,401,0,surrogate,23,1.0365447544237152,295,True
s5_wd0,weight_norm,401,0,surrogate,24,1.2439333417779272,295,True
s5_wd0,weight_norm,401,0,surrogate,25,1.0453410872166895,295,True
s5_wd0,weight_norm,401,0,surrogate,26,1.4152797778348818,295,True
s5_wd0,weight_norm,401,0,surrogate,27,1.1116418521315279,295,True
s5_wd0,weight_norm,401,0,surrogate,28,2.0063956998049703,295,True
s5_wd0,weight_norm,401,0,surrogate,29,1.3005713945559336,295,True
s5_wd0,weight_norm,401,0,surrogate,30,1.2796077247941071,295,True
s5_wd0,weight_norm,401,0,surrogate,31,1.0984033793432797,295,True
s5_wd0,weight_norm,401,0,surrogate,32,1.910735697639869,295,True
s5_wd0,weight_norm,401,0,surrogate,33,1.3870858088436726,295,True
s5_wd0,weight_norm,401,0,surrogate,34,2.0993427972996357,295,True
s5_wd0,weight_norm,401,0,surrogate,35,1.786073391625855,295,True
s5_wd0,weight_norm,401,0,surrogate,36,1.5902928468210988,295,True
s5_wd0,weight_norm,401,0,surrogate,37,1.7451757902500593,295,True
s5_wd0,weight_norm,401,0,surrogate,38,1.5263258032498286,295,True
s5_wd0,weight_norm,401,1,observed,-1,1.052673870242101,295,True
s5_wd0,weight_norm,401,1,surrogate,0,1.1330337227056857,295,True
s5_wd0,weight_norm,401,1,surrogate,1,2.480497158544345,295,True
s5_wd0,weight_norm,401,1,surrogate,2,1.725644524307839,295,True
s5_wd0,weight_norm,401,1,surrogate,3,1.4631049876233122,295,True
s5_wd0,weight_norm,401,1,surrogate,4,2.349550319502529,295,True
s5_wd0,weight_norm,401,1,surrogate,5,1.6994381129252023,295,True
s5_wd0,weight_norm,401,1,surrogate,6,2.1593721717613614,295,True
s5_wd0,weight_norm,401,1,surrogate,7,1.1708964789411942,295,True
s5_wd0,weight_norm,401,1,surrogate,8,1.6050703073976842,295,True
s5_wd0,weight_norm,401,1,surrogate,9,1.815740863734059,295,True
s5_wd0,weight_norm,401,1,surrogate,10,1.0675822226702063,295,True
s5_wd0,weight_norm,401,1,surrogate,11,1.3200335265642993,295,True
s5_wd0,weight_norm,401,1,surrogate,12,1.6091536148330599,295,True
s5_wd0,weight_norm,401,1,surrogate,13,1.1780934964366139,295,True
s5_wd0,weight_norm,401,1,surrogate,14,1.565922597851729,295,True
s5_wd0,weight_norm,401,1,surrogate,15,1.9150565345535946,295,True
s5_wd0,weight_norm,401,1,surrogate,16,1.8763165470295757,295,True
s5_wd0,weight_norm,401,1,surrogate,17,1.8593213867590017,295,True
s5_wd0,weight_norm,401,1,surrogate,18,1.6033798554209953,295,True
s5_wd0,weight_norm,401,1,surrogate,19,1.6151874828102422,295,True
s5_wd0,weight_norm,401,1,surrogate,20,1.798733115955009,295,True
s5_wd0,weight_norm,401,1,surrogate,21,1.3593578973949465,295,True
s5_wd0,weight_norm,401,1,surrogate,22,1.8716883742020594,295,True
s5_wd0,weight_norm,401,1,surrogate,23,1.8260002685525665,295,True
s5_wd0,weight_norm,401,1,surrogate,24,1.3805652199951832,295,True
s5_wd0,weight_norm,401,1,surrogate,25,2.0642260609629517,295,True
s5_wd0,weight_norm,401,1,surrogate,26,1.5844867355437773,295,True
s5_wd0,weight_norm,401,1,surrogate,27,1.7504969288236516,295,True
s5_wd0,weight_norm,401,1,surrogate,28,2.126546053112467,295,True
s5_wd0,weight_norm,401,1,surrogate,29,2.1153699083137125,295,True
s5_wd0,weight_norm,401,1,surrogate,30,1.3222400077342584,295,True
s5_wd0,weight_norm,401,1,surrogate,31,1.616074683802674,295,True
s5_wd0,weight_norm,401,1,surrogate,32,1.8246311030494544,295,True
s5_wd0,weight_norm,401,1,surrogate,33,1.289572525966656,295,True
s5_wd0,weight_norm,401,1,surrogate,34,2.137155991516973,295,True
s5_wd0,weight_norm,401,1,surrogate,35,1.7756610196283327,295,True
s5_wd0,weight_norm,401,1,surrogate,36,1.0559183540122103,295,True
s5_wd0,weight_norm,401,1,surrogate,37,1.0399151249253724,295,True
s5_wd0,weight_norm,401,1,surrogate,38,1.5662669841810335,295,True
s5_wd0,weight_norm,401,2,observed,-1,1.052673870242101,295,True
s5_wd0,weight_norm,401,2,surrogate,0,1.6439764935920942,295,True
s5_wd0,weight_norm,401,2,surrogate,1,1.7019390289767802,295,True
s5_wd0,weight_norm,401,2,surrogate,2,1.2375902435439847,295,True
s5_wd0,weight_norm,401,2,surrogate,3,1.8488412288233431,295,True
s5_wd0,weight_norm,401,2,surrogate,4,1.8484553120312943,295,True
s5_wd0,weight_norm,401,2,surrogate,5,1.3850840219530327,295,True
s5_wd0,weight_norm,401,2,surrogate,6,2.0365400148592663,295,True
s5_wd0,weight_norm,401,2,surrogate,7,2.0036405659469803,295,True
s5_wd0,weight_norm,401,2,surrogate,8,2.406676177232808,295,True
s5_wd0,weight_norm,401,2,surrogate,9,1.3630782888369675,295,True
s5_wd0,weight_norm,401,2,surrogate,10,1.1237909150106395,295,True
s5_wd0,weight_norm,401,2,surrogate,11,1.633794273735612,295,True
s5_wd0,weight_norm,401,2,surrogate,12,1.4867561484427445,295,True
s5_wd0,weight_norm,401,2,surrogate,13,1.8110167943848987,295,True
s5_wd0,weight_norm,401,2,surrogate,14,1.4253656360257236,295,True
s5_wd0,weight_norm,401,2,surrogate,15,1.6839952950142274,295,True
s5_wd0,weight_norm,401,2,surrogate,16,1.5500130471019855,295,True
s5_wd0,weight_norm,401,2,surrogate,17,1.6450780089076,295,True
s5_wd0,weight_norm,401,2,surrogate,18,2.0900282576020572,295,True
s5_wd0,weight_norm,401,2,surrogate,19,1.0394876843886731,295,True
s5_wd0,weight_norm,401,2,surrogate,20,1.1362401986134847,295,True
s5_wd0,weight_norm,401,2,surrogate,21,1.270211737481158,295,True
s5_wd0,weight_norm,401,2,surrogate,22,2.445078702323544,295,True
s5_wd0,weight_norm,401,2,surrogate,23,1.482689782647861,295,True
s5_wd0,weight_norm,401,2,surrogate,24,1.5258672444252293,295,True
s5_wd0,weight_norm,401,2,surrogate,25,1.4301304324906494,295,True
s5_wd0,weight_norm,401,2,surrogate,26,1.67474127948367,295,True
s5_wd0,weight_norm,401,2,surrogate,27,1.770670683642559,295,True
s5_wd0,weight_norm,401,2,surrogate,28,1.715878849556899,295,True
s5_wd0,weight_norm,401,2,surrogate,29,1.3647063631826772,295,True
s5_wd0,weight_norm,401,2,surrogate,30,1.6155088994296378,295,True
s5_wd0,weight_norm,401,2,surrogate,31,2.0423062685641438,295,True
s5_wd0,weight_norm,401,2,surrogate,32,1.655491298709502,295,True
s5_wd0,weight_norm,401,2,surrogate,33,1.2723765591358263,295,True
s5_wd0,weight_norm,401,2,surrogate,34,2.2347465181110135,295,True
s5_wd0,weight_norm,401,2,surrogate,35,1.4300167299821125,295,True
s5_wd0,weight_norm,401,2,surrogate,36,1.4366961377099472,295,True
s5_wd0,weight_norm,401,2,surrogate,37,2.136442975611326,295,True
s5_wd0,weight_norm,401,2,surrogate,38,1.600172800699629,295,True
s5_wd0,weight_norm,401,3,observed,-1,1.052673870242101,295,True
s5_wd0,weight_norm,401,3,surrogate,0,1.2358190766096422,295,True
s5_wd0,weight_norm,401,3,surrogate,1,1.1453708815845682,295,True
s5_wd0,weight_norm,401,3,surrogate,2,1.6418592555766511,295,True
s5_wd0,weight_norm,401,3,surrogate,3,1.7118829953968087,295,True
s5_wd0,weight_norm,401,3,surrogate,4,1.2627124213572003,295,True
s5_wd0,weight_norm,401,3,surrogate,5,1.2291998381643152,295,True
s5_wd0,weight_norm,401,3,surrogate,6,1.6166137987833546,295,True
s5_wd0,weight_norm,401,3,surrogate,7,1.118364616262645,295,True
s5_wd0,weight_norm,401,3,surrogate,8,1.61899568688925,295,True
s5_wd0,weight_norm,401,3,surrogate,9,1.0395438280734344,295,True
s5_wd0,weight_norm,401,3,surrogate,10,1.8234295101285354,295,True
s5_wd0,weight_norm,401,3,surrogate,11,1.3929639628255808,295,True
s5_wd0,weight_norm,401,3,surrogate,12,1.6055987184360798,295,True
s5_wd0,weight_norm,401,3,surrogate,13,1.7262954574991514,295,True
s5_wd0,weight_norm,401,3,surrogate,14,2.122821758755011,295,True
s5_wd0,weight_norm,401,3,surrogate,15,1.2545327108706383,295,True
s5_wd0,weight_norm,401,3,surrogate,16,1.5431777727653087,295,True
s5_wd0,weight_norm,401,3,surrogate,17,1.3390483287237867,295,True
s5_wd0,weight_norm,401,3,surrogate,18,1.6688627955206687,295,True
s5_wd0,weight_norm,401,3,surrogate,19,1.779729277063724,295,True
s5_wd0,weight_norm,401,3,surrogate,20,1.3715504146129895,295,True
s5_wd0,weight_norm,401,3,surrogate,21,1.2943763302328248,295,True
s5_wd0,weight_norm,401,3,surrogate,22,2.3748381325122576,295,True
s5_wd0,weight_norm,401,3,surrogate,23,1.3845374094288945,295,True
s5_wd0,weight_norm,401,3,surrogate,24,1.409384762314769,295,True
s5_wd0,weight_norm,401,3,surrogate,25,1.58230340739011,295,True
s5_wd0,weight_norm,401,3,surrogate,26,2.0044223244158212,295,True
s5_wd0,weight_norm,401,3,surrogate,27,1.1348039327091348,295,True
s5_wd0,weight_norm,401,3,surrogate,28,1.3529488640097855,295,True
s5_wd0,weight_norm,401,3,surrogate,29,2.0295274301767288,295,True
s5_wd0,weight_norm,401,3,surrogate,30,1.9167676611774738,295,True
s5_wd0,weight_norm,401,3,surrogate,31,1.6978027026329785,295,True
s5_wd0,weight_norm,401,3,surrogate,32,1.3673288694031953,295,True
s5_wd0,weight_norm,401,3,surrogate,33,1.5068350214701616,295,True
s5_wd0,weight_norm,401,3,surrogate,34,1.7759103735261865,295,True
s5_wd0,weight_norm,401,3,surrogate,35,1.7235440508339872,295,True
s5_wd0,weight_norm,401,3,surrogate,36,2.1989023578291405,295,True
s5_wd0,weight_norm,401,3,surrogate,37,1.7837505975566432,295,True
s5_wd0,weight_norm,401,3,surrogate,38,1.4502394113890953,295,True
s5_wd0,weight_norm,401,4,observed,-1,1.052673870242101,295,True
s5_wd0,weight_norm,401,4,surrogate,0,1.3779230962299591,295,True
s5_wd0,weight_norm,401,4,surrogate,1,1.787399363293486,295,True
s5_wd0,weight_norm,401,4,surrogate,2,2.0985826803731804,295,True
s5_wd0,weight_norm,401,4,surrogate,3,1.8941463954806825,295,True
s5_wd0,weight_norm,401,4,surrogate,4,1.62857375985616,295,True
s5_wd0,weight_norm,401,4,surrogate,5,2.135284568426005,295,True
s5_wd0,weight_norm,401,4,surrogate,6,1.7350665007639867,295,True
s5_wd0,weight_norm,401,4,surrogate,7,1.8505545432364545,295,True
s5_wd0,weight_norm,401,4,surrogate,8,1.0290948608190202,295,True
s5_wd0,weight_norm,401,4,surrogate,9,1.976544221282104,295,True
s5_wd0,weight_norm,401,4,surrogate,10,1.645582061548041,295,True
s5_wd0,weight_norm,401,4,surrogate,11,1.5694852200487859,295,True
s5_wd0,weight_norm,401,4,surrogate,12,1.204347865617524,295,True
s5_wd0,weight_norm,401,4,surrogate,13,1.759955972874364,295,True
s5_wd0,weight_norm,401,4,surrogate,14,1.3710301971680736,295,True
s5_wd0,weight_norm,401,4,surrogate,15,1.6762449169223186,295,True
s5_wd0,weight_norm,401,4,surrogate,16,1.7013422683949657,295,True
s5_wd0,weight_norm,401,4,surrogate,17,1.822889954684977,295,True
s5_wd0,weight_norm,401,4,surrogate,18,1.8088635018148629,295,True
s5_wd0,weight_norm,401,4,surrogate,19,1.7177059238351844,295,True
s5_wd0,weight_norm,401,4,surrogate,20,1.7754440118808412,295,True
s5_wd0,weight_norm,401,4,surrogate,21,0.9536313378004474,295,True
s5_wd0,weight_norm,401,4,surrogate,22,1.6699254570867281,295,True
s5_wd0,weight_norm,401,4,surrogate,23,1.5245790255983438,295,True
s5_wd0,weight_norm,401,4,surrogate,24,1.9780220870687282,295,True
s5_wd0,weight_norm,401,4,surrogate,25,2.08505858175147,295,True
s5_wd0,weight_norm,401,4,surrogate,26,1.3458818381267355,295,True
s5_wd0,weight_norm,401,4,surrogate,27,1.517493022272582,295,True
s5_wd0,weight_norm,401,4,surrogate,28,1.8319363999694258,295,True
s5_wd0,weight_norm,401,4,surrogate,29,1.5699215631622425,295,True
s5_wd0,weight_norm,401,4,surrogate,30,1.541003536994165,295,True
s5_wd0,weight_norm,401,4,surrogate,31,1.8134039485159668,295,True
s5_wd0,weight_norm,401,4,surrogate,32,1.821785150152979,295,True
s5_wd0,weight_norm,401,4,surrogate,33,1.379609647351685,295,True
s5_wd0,weight_norm,401,4,surrogate,34,1.62112487023599,295,True
s5_wd0,weight_norm,401,4,surrogate,35,1.3993679493740045,295,True
s5_wd0,weight_norm,401,4,surrogate,36,1.4765203358475834,295,True
s5_wd0,weight_norm,401,4,surrogate,37,1.3541519807347555,295,True
s5_wd0,weight_norm,401,4,surrogate,38,1.9425568985596708,295,True
s5_wd0,train_loss,101,0,observed,-1,1.3039097109538234,295,True
s5_wd0,train_loss,101,0,surrogate,0,1.4014925847449844,295,True
s5_wd0,train_loss,101,0,surrogate,1,1.6054680540933366,295,True
s5_wd0,train_loss,101,0,surrogate,2,1.3404652995121085,295,True
s5_wd0,train_loss,101,0,surrogate,3,1.7689092673885074,295,True
s5_wd0,train_loss,101,0,surrogate,4,1.551997293690144,295,True
s5_wd0,train_loss,101,0,surrogate,5,1.3850996368511073,295,True
s5_wd0,train_loss,101,0,surrogate,6,1.268574136685621,295,True
s5_wd0,train_loss,101,0,surrogate,7,1.2774994333487,295,True
s5_wd0,train_loss,101,0,surrogate,8,1.3967199978187468,295,True
s5_wd0,train_loss,101,0,surrogate,9,1.446472006730214,295,True
s5_wd0,train_loss,101,0,surrogate,10,1.4456593537286886,295,True
s5_wd0,train_loss,101,0,surrogate,11,1.336124457920134,295,True
s5_wd0,train_loss,101,0,surrogate,12,1.1411259586784936,295,True
s5_wd0,train_loss,101,0,surrogate,13,1.2602970695593965,295,True
s5_wd0,train_loss,101,0,surrogate,14,1.4601848691322712,295,True
s5_wd0,train_loss,101,0,surrogate,15,1.1776569779764907,295,True
s5_wd0,train_loss,101,0,surrogate,16,1.2979343564920318,295,True
s5_wd0,train_loss,101,0,surrogate,17,1.2718271422326044,295,True
s5_wd0,train_loss,101,0,surrogate,18,1.4390696306574593,295,True
s5_wd0,train_loss,101,0,surrogate,19,1.5810183596479699,295,True
s5_wd0,train_loss,101,0,surrogate,20,1.3020991665639194,295,True
s5_wd0,train_loss,101,0,surrogate,21,1.3645531117848486,295,True
s5_wd0,train_loss,101,0,surrogate,22,1.1701292181608816,295,True
s5_wd0,train_loss,101,0,surrogate,23,1.2275551384745398,295,True
s5_wd0,train_loss,101,0,surrogate,24,1.3604945848971433,295,True
s5_wd0,train_loss,101,0,surrogate,25,1.2985572984424671,295,True
s5_wd0,train_loss,101,0,surrogate,26,1.3571914773291154,295,True
s5_wd0,train_loss,101,0,surrogate,27,1.18070722771102,295,True
s5_wd0,train_loss,101,0,surrogate,28,1.2374588175153944,295,True
s5_wd0,train_loss,101,0,surrogate,29,1.5912654364461956,295,True
s5_wd0,train_loss,101,0,surrogate,30,1.485392692543623,295,True
s5_wd0,train_loss,101,0,surrogate,31,1.3778029009587782,295,True
s5_wd0,train_loss,101,0,surrogate,32,1.3171515624439558,295,True
s5_wd0,train_loss,101,0,surrogate,33,1.4211243704160765,295,True
s5_wd0,train_loss,101,0,surrogate,34,1.2963764619224158,295,True
s5_wd0,train_loss,101,0,surrogate,35,1.4798014369286319,295,True
s5_wd0,train_loss,101,0,surrogate,36,1.2861396855823939,295,True
s5_wd0,train_loss,101,0,surrogate,37,1.775470120047209,295,True
s5_wd0,train_loss,101,0,surrogate,38,1.5262946670892585,295,True
s5_wd0,train_loss,101,1,observed,-1,1.3039097109538234,295,True
s5_wd0,train_loss,101,1,surrogate,0,1.337018222229951,295,True
s5_wd0,train_loss,101,1,surrogate,1,1.2785311105734956,295,True
s5_wd0,train_loss,101,1,surrogate,2,1.2369110732158448,295,True
s5_wd0,train_loss,101,1,surrogate,3,1.5112859889042434,295,True
s5_wd0,train_loss,101,1,surrogate,4,1.6052671708583743,295,True
s5_wd0,train_loss,101,1,surrogate,5,1.504522177348613,295,True
s5_wd0,train_loss,101,1,surrogate,6,1.4348776308365074,295,True
s5_wd0,train_loss,101,1,surrogate,7,1.5565696337088393,295,True
s5_wd0,train_loss,101,1,surrogate,8,1.2497753151902753,295,True
s5_wd0,train_loss,101,1,surrogate,9,1.3507579998295287,295,True
s5_wd0,train_loss,101,1,surrogate,10,1.3389080845117871,295,True
s5_wd0,train_loss,101,1,surrogate,11,1.3404890781484633,295,True
s5_wd0,train_loss,101,1,surrogate,12,1.3598530266119568,295,True
s5_wd0,train_loss,101,1,surrogate,13,1.2833981792120848,295,True
s5_wd0,train_loss,101,1,surrogate,14,1.2584772081429858,295,True
s5_wd0,train_loss,101,1,surrogate,15,1.2981840575734769,295,True
s5_wd0,train_loss,101,1,surrogate,16,1.3942844572032864,295,True
s5_wd0,train_loss,101,1,surrogate,17,1.4574006761038216,295,True
s5_wd0,train_loss,101,1,surrogate,18,1.508103631727002,295,True
s5_wd0,train_loss,101,1,surrogate,19,1.2673092437741298,295,True
s5_wd0,train_loss,101,1,surrogate,20,1.2945123893296757,295,True
s5_wd0,train_loss,101,1,surrogate,21,1.2905130357955021,295,True
s5_wd0,train_loss,101,1,surrogate,22,1.4059495960902544,295,True
s5_wd0,train_loss,101,1,surrogate,23,1.5837193381078498,295,True
s5_wd0,train_loss,101,1,surrogate,24,1.19177677372635,295,True
s5_wd0,train_loss,101,1,surrogate,25,1.3726157033675679,295,True
s5_wd0,train_loss,101,1,surrogate,26,1.1910666061881483,295,True
s5_wd0,train_loss,101,1,surrogate,27,1.4778093686367393,295,True
s5_wd0,train_loss,101,1,surrogate,28,1.3257545217121534,295,True
s5_wd0,train_loss,101,1,surrogate,29,1.1406476261717744,295,True
s5_wd0,train_loss,101,1,surrogate,30,1.383870735749064,295,True
s5_wd0,train_loss,101,1,surrogate,31,1.3530675328485184,295,True
s5_wd0,train_loss,101,1,surrogate,32,1.1620388117159697,295,True
s5_wd0,train_loss,101,1,surrogate,33,1.4052839390675333,295,True
s5_wd0,train_loss,101,1,surrogate,34,2.4084692171790882,295,True
s5_wd0,train_loss,101,1,surrogate,35,1.2984526057624965,295,True
s5_wd0,train_loss,101,1,surrogate,36,1.5892071085313557,295,True
s5_wd0,train_loss,101,1,surrogate,37,1.4856494792845205,295,True
s5_wd0,train_loss,101,1,surrogate,38,1.4086559825576601,295,True
s5_wd0,train_loss,101,2,observed,-1,1.3039097109538234,295,True
s5_wd0,train_loss,101,2,surrogate,0,1.4613699603274315,295,True
s5_wd0,train_loss,101,2,surrogate,1,1.3288757173890209,295,True
s5_wd0,train_loss,101,2,surrogate,2,1.6184617458555832,295,True
s5_wd0,train_loss,101,2,surrogate,3,1.8285094883613806,295,True
s5_wd0,train_loss,101,2,surrogate,4,1.3793453159778035,295,True
s5_wd0,train_loss,101,2,surrogate,5,1.0897321500714623,295,True
s5_wd0,train_loss,101,2,surrogate,6,1.3594341981368863,295,True
s5_wd0,train_loss,101,2,surrogate,7,1.3796899089282826,295,True
s5_wd0,train_loss,101,2,surrogate,8,1.2947279443209039,295,True
s5_wd0,train_loss,101,2,surrogate,9,1.3815228902824301,295,True
s5_wd0,train_loss,101,2,surrogate,10,1.219987053237831,295,True
s5_wd0,train_loss,101,2,surrogate,11,1.3877236843900325,295,True
s5_wd0,train_loss,101,2,surrogate,12,1.5203571130097715,295,True
s5_wd0,train_loss,101,2,surrogate,13,1.3189841748296138,295,True
s5_wd0,train_loss,101,2,surrogate,14,1.116828569029732,295,True
s5_wd0,train_loss,101,2,surrogate,15,1.4048969750559268,295,True
s5_wd0,train_loss,101,2,surrogate,16,1.149461730040847,295,True
s5_wd0,train_loss,101,2,surrogate,17,1.3439990354331424,295,True
s5_wd0,train_loss,101,2,surrogate,18,1.2107019707820552,295,True
s5_wd0,train_loss,101,2,surrogate,19,1.2299918407413897,295,True
s5_wd0,train_loss,101,2,surrogate,20,1.3003834686512457,295,True
s5_wd0,train_loss,101,2,surrogate,21,1.477643877409034,295,True
s5_wd0,train_loss,101,2,surrogate,22,1.4069246312599035,295,True
s5_wd0,train_loss,101,2,surrogate,23,1.439754108678535,295,True
s5_wd0,train_loss,101,2,surrogate,24,1.2821675937773405,295,True
s5_wd0,train_loss,101,2,surrogate,25,1.3475774888809062,295,True
s5_wd0,train_loss,101,2,surrogate,26,1.3135965557117895,295,True
s5_wd0,train_loss,101,2,surrogate,27,1.2869974711696288,295,True
s5_wd0,train_loss,101,2,surrogate,28,1.4834328081559727,295,True
s5_wd0,train_loss,101,2,surrogate,29,1.8775076188626458,295,True
s5_wd0,train_loss,101,2,surrogate,30,1.3494952881277247,295,True
s5_wd0,train_loss,101,2,surrogate,31,1.3916822673280245,295,True
s5_wd0,train_loss,101,2,surrogate,32,1.4711549285425944,295,True
s5_wd0,train_loss,101,2,surrogate,33,1.3252276474265672,295,True
s5_wd0,train_loss,101,2,surrogate,34,1.1733611074084898,295,True
s5_wd0,train_loss,101,2,surrogate,35,1.1347247046517388,295,True
s5_wd0,train_loss,101,2,surrogate,36,1.489096834461062,295,True
s5_wd0,train_loss,101,2,surrogate,37,1.2664699813328235,295,True
s5_wd0,train_loss,101,2,surrogate,38,1.3550998089744346,295,True
s5_wd0,train_loss,101,3,observed,-1,1.3039097109538234,295,True
s5_wd0,train_loss,101,3,surrogate,0,1.5196144196853953,295,True
s5_wd0,train_loss,101,3,surrogate,1,1.2508476446351149,295,True
s5_wd0,train_loss,101,3,surrogate,2,1.4537324804461755,295,True
s5_wd0,train_loss,101,3,surrogate,3,1.5236091305044916,295,True
s5_wd0,train_loss,101,3,surrogate,4,1.3897626272975137,295,True
s5_wd0,train_loss,101,3,surrogate,5,1.5374802191225783,295,True
s5_wd0,train_loss,101,3,surrogate,6,1.5475039223063036,295,True
s5_wd0,train_loss,101,3,surrogate,7,1.4527998501081867,295,True
s5_wd0,train_loss,101,3,surrogate,8,1.4269163489898156,295,True
s5_wd0,train_loss,101,3,surrogate,9,1.5198475581750528,295,True
s5_wd0,train_loss,101,3,surrogate,10,1.851687113394317,295,True
s5_wd0,train_loss,101,3,surrogate,11,1.3668915449718755,295,True
s5_wd0,train_loss,101,3,surrogate,12,1.9585123955716195,295,True
s5_wd0,train_loss,101,3,surrogate,13,1.567434359930293,295,True
s5_wd0,train_loss,101,3,surrogate,14,1.2746584605303832,295,True
s5_wd0,train_loss,101,3,surrogate,15,1.408797654167487,295,True
s5_wd0,train_loss,101,3,surrogate,16,1.2083792902308554,295,True
s5_wd0,train_loss,101,3,surrogate,17,1.5785182578279056,295,True
s5_wd0,train_loss,101,3,surrogate,18,1.4663210440041503,295,True
s5_wd0,train_loss,101,3,surrogate,19,1.2366701881015865,295,True
s5_wd0,train_loss,101,3,surrogate,20,1.502342575287727,295,True
s5_wd0,train_loss,101,3,surrogate,21,1.5900416780248958,295,True
s5_wd0,train_loss,101,3,surrogate,22,1.5790685125474173,295,True
s5_wd0,train_loss,101,3,surrogate,23,1.454125271967887,295,True
s5_wd0,train_loss,101,3,surrogate,24,1.2382724771964455,295,True
s5_wd0,train_loss,101,3,surrogate,25,1.5668915987839371,295,True
s5_wd0,train_loss,101,3,surrogate,26,1.3292927630193063,295,True
s5_wd0,train_loss,101,3,surrogate,27,1.2956754773081196,295,True
s5_wd0,train_loss,101,3,surrogate,28,1.3617498269502595,295,True
s5_wd0,train_loss,101,3,surrogate,29,1.267080405663159,295,True
s5_wd0,train_loss,101,3,surrogate,30,1.2334238124634458,295,True
s5_wd0,train_loss,101,3,surrogate,31,1.378239390419957,295,True
s5_wd0,train_loss,101,3,surrogate,32,1.4644985936959944,295,True
s5_wd0,train_loss,101,3,surrogate,33,1.510293644962323,295,True
s5_wd0,train_loss,101,3,surrogate,34,1.2845543923919247,295,True
s5_wd0,train_loss,101,3,surrogate,35,1.3430939869503924,295,True
s5_wd0,train_loss,101,3,surrogate,36,1.397166574748601,295,True
s5_wd0,train_loss,101,3,surrogate,37,1.2405066884311056,295,True
s5_wd0,train_loss,101,3,surrogate,38,1.1456887573633177,295,True
s5_wd0,train_loss,101,4,observed,-1,1.3039097109538234,295,True
s5_wd0,train_loss,101,4,surrogate,0,1.408108590907958,295,True
s5_wd0,train_loss,101,4,surrogate,1,1.4474699648205551,295,True
s5_wd0,train_loss,101,4,surrogate,2,1.1521636023845583,295,True
s5_wd0,train_loss,101,4,surrogate,3,1.3265841904855902,295,True
s5_wd0,train_loss,101,4,surrogate,4,1.2434542433600382,295,True
s5_wd0,train_loss,101,4,surrogate,5,1.292373738965494,295,True
s5_wd0,train_loss,101,4,surrogate,6,1.4921143456849075,295,True
s5_wd0,train_loss,101,4,surrogate,7,1.6164071840492198,295,True
s5_wd0,train_loss,101,4,surrogate,8,1.289081449185665,295,True
s5_wd0,train_loss,101,4,surrogate,9,1.1856793392097347,295,True
s5_wd0,train_loss,101,4,surrogate,10,1.5794496994859342,295,True
s5_wd0,train_loss,101,4,surrogate,11,1.3679369786569722,295,True
s5_wd0,train_loss,101,4,surrogate,12,1.2322706114068076,295,True
s5_wd0,train_loss,101,4,surrogate,13,1.347389491903437,295,True
s5_wd0,train_loss,101,4,surrogate,14,1.3495749582138412,295,True
s5_wd0,train_loss,101,4,surrogate,15,1.3924000304604252,295,True
s5_wd0,train_loss,101,4,surrogate,16,1.298157580968901,295,True
s5_wd0,train_loss,101,4,surrogate,17,1.2758505630826822,295,True
s5_wd0,train_loss,101,4,surrogate,18,1.488904345702266,295,True
s5_wd0,train_loss,101,4,surrogate,19,1.4375915805229627,295,True
s5_wd0,train_loss,101,4,surrogate,20,1.5626593447047858,295,True
s5_wd0,train_loss,101,4,surrogate,21,1.3087462325712909,295,True
s5_wd0,train_loss,101,4,surrogate,22,1.266727044109763,295,True
s5_wd0,train_loss,101,4,surrogate,23,1.094784580557403,295,True
s5_wd0,train_loss,101,4,surrogate,24,1.5872928514831133,295,True
s5_wd0,train_loss,101,4,surrogate,25,1.3534483493739022,295,True
s5_wd0,train_loss,101,4,surrogate,26,1.6869243776596154,295,True
s5_wd0,train_loss,101,4,surrogate,27,1.280352432746393,295,True
s5_wd0,train_loss,101,4,surrogate,28,1.2479769000222614,295,True
s5_wd0,train_loss,101,4,surrogate,29,1.208889504447569,295,True
s5_wd0,train_loss,101,4,surrogate,30,1.4163508114494456,295,True
s5_wd0,train_loss,101,4,surrogate,31,1.3884956079891106,295,True
s5_wd0,train_loss,101,4,surrogate,32,1.7242412304460528,295,True
s5_wd0,train_loss,101,4,surrogate,33,1.37541474670649,295,True
s5_wd0,train_loss,101,4,surrogate,34,1.251485209758239,295,True
s5_wd0,train_loss,101,4,surrogate,35,1.146738901819089,295,True
s5_wd0,train_loss,101,4,surrogate,36,1.3849583056391785,295,True
s5_wd0,train_loss,101,4,surrogate,37,1.4535909901012394,295,True
s5_wd0,train_loss,101,4,surrogate,38,1.4979635749646953,295,True
s5_wd0,train_loss,201,0,observed,-1,1.3039097109538234,295,True
s5_wd0,train_loss,201,0,surrogate,0,1.7704949164255148,295,True
s5_wd0,train_loss,201,0,surrogate,1,1.528095645733452,295,True
s5_wd0,train_loss,201,0,surrogate,2,1.379362568038657,295,True
s5_wd0,train_loss,201,0,surrogate,3,1.431108945654253,295,True
s5_wd0,train_loss,201,0,surrogate,4,1.2687748845159783,295,True
s5_wd0,train_loss,201,0,surrogate,5,1.5733795194994018,295,True
s5_wd0,train_loss,201,0,surrogate,6,1.4182902215963091,295,True
s5_wd0,train_loss,201,0,surrogate,7,1.5475838054317486,295,True
s5_wd0,train_loss,201,0,surrogate,8,1.288515868259577,295,True
s5_wd0,train_loss,201,0,surrogate,9,1.228656675859665,295,True
s5_wd0,train_loss,201,0,surrogate,10,1.6982357608358765,295,True
s5_wd0,train_loss,201,0,surrogate,11,1.6437900018137463,295,True
s5_wd0,train_loss,201,0,surrogate,12,1.1706744006300676,295,True
s5_wd0,train_loss,201,0,surrogate,13,2.08386107033725,295,True
s5_wd0,train_loss,201,0,surrogate,14,1.6495278918792176,295,True
s5_wd0,train_loss,201,0,surrogate,15,1.3605993459894021,295,True
s5_wd0,train_loss,201,0,surrogate,16,1.4074246136689705,295,True
s5_wd0,train_loss,201,0,surrogate,17,1.3107796230580124,295,True
s5_wd0,train_loss,201,0,surrogate,18,1.5053170213348934,295,True
s5_wd0,train_loss,201,0,surrogate,19,1.2778776440618989,295,True
s5_wd0,train_loss,201,0,surrogate,20,1.284356135342212,295,True
s5_wd0,train_loss,201,0,surrogate,21,1.585180104300444,295,True
s5_wd0,train_loss,201,0,surrogate,22,1.4287874323515257,295,True
s5_wd0,train_loss,201,0,surrogate,23,1.466593043665826,295,True
s5_wd0,train_loss,201,0,surrogate,24,1.2572412122605439,295,True
s5_wd0,train_loss,201,0,surrogate,25,1.7557289412143233,295,True
s5_wd0,train_loss,201,0,surrogate,26,1.447600050573626,295,True
s5_wd0,train_loss,201,0,surrogate,27,1.2529978524596246,295,True
s5_wd0,train_loss,201,0,surrogate,28,1.3705136255120398,295,True
s5_wd0,train_loss,201,0,surrogate,29,1.3224592682649368,295,True
s5_wd0,train_loss,201,0,surrogate,30,1.3927956478128278,295,True
s5_wd0,train_loss,201,0,surrogate,31,1.3802732932563064,295,True
s5_wd0,train_loss,201,0,surrogate,32,1.6976480796801978,295,True
s5_wd0,train_loss,201,0,surrogate,33,1.2249699247516137,295,True
s5_wd0,train_loss,201,0,surrogate,34,1.6412728312023228,295,True
s5_wd0,train_loss,201,0,surrogate,35,1.641901848947915,295,True
s5_wd0,train_loss,201,0,surrogate,36,1.8495372662962195,295,True
s5_wd0,train_loss,201,0,surrogate,37,1.2943780569279852,295,True
s5_wd0,train_loss,201,0,surrogate,38,1.4356026184236497,295,True
s5_wd0,train_loss,201,1,observed,-1,1.3039097109538234,295,True
s5_wd0,train_loss,201,1,surrogate,0,1.3328487165900877,295,True
s5_wd0,train_loss,201,1,surrogate,1,1.4357366495065205,295,True
s5_wd0,train_loss,201,1,surrogate,2,1.524498114255331,295,True
s5_wd0,train_loss,201,1,surrogate,3,1.3081752111596119,295,True
s5_wd0,train_loss,201,1,surrogate,4,2.0435215064546375,295,True
s5_wd0,train_loss,201,1,surrogate,5,1.4934630718401691,295,True
s5_wd0,train_loss,201,1,surrogate,6,1.6606888423516744,295,True
s5_wd0,train_loss,201,1,surrogate,7,1.314337794545886,295,True
s5_wd0,train_loss,201,1,surrogate,8,1.4850872608383674,295,True
s5_wd0,train_loss,201,1,surrogate,9,1.3726605750346803,295,True
s5_wd0,train_loss,201,1,surrogate,10,1.583643200792864,295,True
s5_wd0,train_loss,201,1,surrogate,11,1.4256460236368185,295,True
s5_wd0,train_loss,201,1,surrogate,12,1.4055596488823232,295,True
s5_wd0,train_loss,201,1,surrogate,13,1.2826612064805059,295,True
s5_wd0,train_loss,201,1,surrogate,14,1.5984297128732576,295,True
s5_wd0,train_loss,201,1,surrogate,15,1.3191078270375112,295,True
s5_wd0,train_loss,201,1,surrogate,16,1.4679914690602198,295,True
s5_wd0,train_loss,201,1,surrogate,17,1.2874398546974353,295,True
s5_wd0,train_loss,201,1,surrogate,18,1.3610244921688903,295,True
s5_wd0,train_loss,201,1,surrogate,19,1.5600345832399174,295,True
s5_wd0,train_loss,201,1,surrogate,20,1.3016840471469897,295,True
s5_wd0,train_loss,201,1,surrogate,21,1.4482647921925103,295,True
s5_wd0,train_loss,201,1,surrogate,22,1.4254233277709965,295,True
s5_wd0,train_loss,201,1,surrogate,23,2.0575331813769773,295,True
s5_wd0,train_loss,201,1,surrogate,24,1.7147603761945545,295,True
s5_wd0,train_loss,201,1,surrogate,25,1.6015586041076721,295,True
s5_wd0,train_loss,201,1,surrogate,26,1.2209799214683585,295,True
s5_wd0,train_loss,201,1,surrogate,27,1.2719970818243407,295,True
s5_wd0,train_loss,201,1,surrogate,28,1.5228931713154221,295,True
s5_wd0,train_loss,201,1,surrogate,29,1.7063430249356606,295,True
s5_wd0,train_loss,201,1,surrogate,30,1.9074300895692402,295,True
s5_wd0,train_loss,201,1,surrogate,31,1.4942156487613527,295,True
s5_wd0,train_loss,201,1,surrogate,32,1.3845328683744829,295,True
s5_wd0,train_loss,201,1,surrogate,33,1.322204529060789,295,True
s5_wd0,train_loss,201,1,surrogate,34,1.4491820213537583,295,True
s5_wd0,train_loss,201,1,surrogate,35,1.7093541707282998,295,True
s5_wd0,train_loss,201,1,surrogate,36,1.2583850797327214,295,True
s5_wd0,train_loss,201,1,surrogate,37,1.301795377331298,295,True
s5_wd0,train_loss,201,1,surrogate,38,1.3458438638226597,295,True
s5_wd0,train_loss,201,2,observed,-1,1.3039097109538234,295,True
s5_wd0,train_loss,201,2,surrogate,0,1.5362884681942341,295,True
s5_wd0,train_loss,201,2,surrogate,1,1.2636093329468743,295,True
s5_wd0,train_loss,201,2,surrogate,2,1.5361995155739168,295,True
s5_wd0,train_loss,201,2,surrogate,3,1.1459163442332536,295,True
s5_wd0,train_loss,201,2,surrogate,4,1.2650081194835285,295,True
s5_wd0,train_loss,201,2,surrogate,5,1.2684650547657919,295,True
s5_wd0,train_loss,201,2,surrogate,6,1.2703122446090374,295,True
s5_wd0,train_loss,201,2,surrogate,7,1.3689543725611395,295,True
s5_wd0,train_loss,201,2,surrogate,8,1.4872307234284943,295,True
s5_wd0,train_loss,201,2,surrogate,9,1.385407830056051,295,True
s5_wd0,train_loss,201,2,surrogate,10,1.2365401730254824,295,True
s5_wd0,train_loss,201,2,surrogate,11,1.1704774476837745,295,True
s5_wd0,train_loss,201,2,surrogate,12,1.3195670015330168,295,True
s5_wd0,train_loss,201,2,surrogate,13,1.553023682084838,295,True
s5_wd0,train_loss,201,2,surrogate,14,1.4215468677315874,295,True
s5_wd0,train_loss,201,2,surrogate,15,1.5243333726968504,295,True
s5_wd0,train_loss,201,2,surrogate,16,1.584571769382793,295,True
s5_wd0,train_loss,201,2,surrogate,17,1.66250117006363,295,True
s5_wd0,train_loss,201,2,surrogate,18,1.6191132077916905,295,True
s5_wd0,train_loss,201,2,surrogate,19,1.452136264730471,295,True
s5_wd0,train_loss,201,2,surrogate,20,1.346729988094096,295,True
s5_wd0,train_loss,201,2,surrogate,21,1.2899451339956647,295,True
s5_wd0,train_loss,201,2,surrogate,22,1.3458805969823553,295,True
s5_wd0,train_loss,201,2,surrogate,23,1.3167380171990801,295,True
s5_wd0,train_loss,201,2,surrogate,24,1.4561656597834907,295,True
s5_wd0,train_loss,201,2,surrogate,25,1.126398295004826,295,True
s5_wd0,train_loss,201,2,surrogate,26,1.2589004114894176,295,True
s5_wd0,train_loss,201,2,surrogate,27,1.4706746866408873,295,True
s5_wd0,train_loss,201,2,surrogate,28,1.5552432201777053,295,True
s5_wd0,train_loss,201,2,surrogate,29,1.4427388836251485,295,True
s5_wd0,train_loss,201,2,surrogate,30,1.2135217837806023,295,True
s5_wd0,train_loss,201,2,surrogate,31,1.106889026498647,295,True
s5_wd0,train_loss,201,2,surrogate,32,1.6485826336865053,295,True
s5_wd0,train_loss,201,2,surrogate,33,1.4730944890247921,295,True
s5_wd0,train_loss,201,2,surrogate,34,1.2889247442837182,295,True
s5_wd0,train_loss,201,2,surrogate,35,1.3966102791926633,295,True
s5_wd0,train_loss,201,2,surrogate,36,1.323673314912698,295,True
s5_wd0,train_loss,201,2,surrogate,37,1.250049444969574,295,True
s5_wd0,train_loss,201,2,surrogate,38,1.4868211881292253,295,True
s5_wd0,train_loss,201,3,observed,-1,1.3039097109538234,295,True
s5_wd0,train_loss,201,3,surrogate,0,1.5753657205174203,295,True
s5_wd0,train_loss,201,3,surrogate,1,1.2306087427678958,295,True
s5_wd0,train_loss,201,3,surrogate,2,1.7726907340643951,295,True
s5_wd0,train_loss,201,3,surrogate,3,1.4461647128091555,295,True
s5_wd0,train_loss,201,3,surrogate,4,1.6210940009922967,295,True
s5_wd0,train_loss,201,3,surrogate,5,1.8835575491849534,295,True
s5_wd0,train_loss,201,3,surrogate,6,1.2297844432743346,295,True
s5_wd0,train_loss,201,3,surrogate,7,1.6976307603046632,295,True
s5_wd0,train_loss,201,3,surrogate,8,1.6138826082456925,295,True
s5_wd0,train_loss,201,3,surrogate,9,1.4576920749806446,295,True
s5_wd0,train_loss,201,3,surrogate,10,1.335132430948485,295,True
s5_wd0,train_loss,201,3,surrogate,11,1.4470933917065334,295,True
s5_wd0,train_loss,201,3,surrogate,12,1.5763759915095246,295,True
s5_wd0,train_loss,201,3,surrogate,13,1.3452798752454174,295,True
s5_wd0,train_loss,201,3,surrogate,14,1.1850532042813033,295,True
s5_wd0,train_loss,201,3,surrogate,15,1.4707382979976216,295,True
s5_wd0,train_loss,201,3,surrogate,16,1.5536065575151194,295,True
s5_wd0,train_loss,201,3,surrogate,17,1.2090351554604866,295,True
s5_wd0,train_loss,201,3,surrogate,18,1.2716685825015541,295,True
s5_wd0,train_loss,201,3,surrogate,19,1.4634615935049022,295,True
s5_wd0,train_loss,201,3,surrogate,20,1.3070315803719086,295,True
s5_wd0,train_loss,201,3,surrogate,21,1.2423734561944462,295,True
s5_wd0,train_loss,201,3,surrogate,22,1.1996416729086452,295,True
s5_wd0,train_loss,201,3,surrogate,23,1.6994406790960896,295,True
s5_wd0,train_loss,201,3,surrogate,24,1.3357535436009045,295,True
s5_wd0,train_loss,201,3,surrogate,25,1.255400763176812,295,True
s5_wd0,train_loss,201,3,surrogate,26,1.4920829425495974,295,True
s5_wd0,train_loss,201,3,surrogate,27,1.2830004811503688,295,True
s5_wd0,train_loss,201,3,surrogate,28,1.22329094747858,295,True
s5_wd0,train_loss,201,3,surrogate,29,1.1551198929295567,295,True
s5_wd0,train_loss,201,3,surrogate,30,1.258620907918592,295,True
s5_wd0,train_loss,201,3,surrogate,31,1.615224814747768,295,True
s5_wd0,train_loss,201,3,surrogate,32,1.225656998489784,295,True
s5_wd0,train_loss,201,3,surrogate,33,1.2404663073026225,295,True
s5_wd0,train_loss,201,3,surrogate,34,1.4966293205054844,295,True
s5_wd0,train_loss,201,3,surrogate,35,1.23779975595055,295,True
s5_wd0,train_loss,201,3,surrogate,36,1.3290233900175517,295,True
s5_wd0,train_loss,201,3,surrogate,37,1.1884463124648925,295,True
s5_wd0,train_loss,201,3,surrogate,38,1.7449086135630514,295,True
s5_wd0,train_loss,201,4,observed,-1,1.3039097109538234,295,True
s5_wd0,train_loss,201,4,surrogate,0,1.3510163259959354,295,True
s5_wd0,train_loss,201,4,surrogate,1,1.7963906640255123,295,True
s5_wd0,train_loss,201,4,surrogate,2,1.4793282671912569,295,True
s5_wd0,train_loss,201,4,surrogate,3,1.6065225426476029,295,True
s5_wd0,train_loss,201,4,surrogate,4,1.375411048415392,295,True
s5_wd0,train_loss,201,4,surrogate,5,1.2920418856522071,295,True
s5_wd0,train_loss,201,4,surrogate,6,1.5371842765312065,295,True
s5_wd0,train_loss,201,4,surrogate,7,1.382702316177728,295,True
s5_wd0,train_loss,201,4,surrogate,8,1.5580851882378859,295,True
s5_wd0,train_loss,201,4,surrogate,9,1.4316618720425958,295,True
s5_wd0,train_loss,201,4,surrogate,10,1.4066510753669272,295,True
s5_wd0,train_loss,201,4,surrogate,11,1.3296604470629405,295,True
s5_wd0,train_loss,201,4,surrogate,12,1.515278331974134,295,True
s5_wd0,train_loss,201,4,surrogate,13,1.5082450995640664,295,True
s5_wd0,train_loss,201,4,surrogate,14,1.3830912284301582,295,True
s5_wd0,train_loss,201,4,surrogate,15,1.3950107384758095,295,True
s5_wd0,train_loss,201,4,surrogate,16,1.492946267383536,295,True
s5_wd0,train_loss,201,4,surrogate,17,1.5853774608161326,295,True
s5_wd0,train_loss,201,4,surrogate,18,1.2654438204493534,295,True
s5_wd0,train_loss,201,4,surrogate,19,1.3687063467178604,295,True
s5_wd0,train_loss,201,4,surrogate,20,1.4926892951421726,295,True
s5_wd0,train_loss,201,4,surrogate,21,1.248665374176493,295,True
s5_wd0,train_loss,201,4,surrogate,22,1.3107004495802055,295,True
s5_wd0,train_loss,201,4,surrogate,23,1.1967518692524024,295,True
s5_wd0,train_loss,201,4,surrogate,24,1.649509327552798,295,True
s5_wd0,train_loss,201,4,surrogate,25,1.1461295866910002,295,True
s5_wd0,train_loss,201,4,surrogate,26,1.8231743639198819,295,True
s5_wd0,train_loss,201,4,surrogate,27,1.3668551192746916,295,True
s5_wd0,train_loss,201,4,surrogate,28,1.2641561059245527,295,True
s5_wd0,train_loss,201,4,surrogate,29,1.6591363453743837,295,True
s5_wd0,train_loss,201,4,surrogate,30,1.4290152904843736,295,True
s5_wd0,train_loss,201,4,surrogate,31,1.438473969790488,295,True
s5_wd0,train_loss,201,4,surrogate,32,1.4507257673483793,295,True
s5_wd0,train_loss,201,4,surrogate,33,1.3272258966186492,295,True
s5_wd0,train_loss,201,4,surrogate,34,1.2964445244140423,295,True
s5_wd0,train_loss,201,4,surrogate,35,1.496567260044111,295,True
s5_wd0,train_loss,201,4,surrogate,36,1.4083166924404447,295,True
s5_wd0,train_loss,201,4,surrogate,37,1.812679263892079,295,True
s5_wd0,train_loss,201,4,surrogate,38,1.4023504526427422,295,True
s5_wd0,train_loss,401,0,observed,-1,1.3039097109538234,295,True
s5_wd0,train_loss,401,0,surrogate,0,1.7994352459258691,295,True
s5_wd0,train_loss,401,0,surrogate,1,2.1881737976284774,295,True
s5_wd0,train_loss,401,0,surrogate,2,1.3552245486540233,295,True
s5_wd0,train_loss,401,0,surrogate,3,1.5049056835249452,295,True
s5_wd0,train_loss,401,0,surrogate,4,1.5543507959139806,295,True
s5_wd0,train_loss,401,0,surrogate,5,1.8266537803493845,295,True
s5_wd0,train_loss,401,0,surrogate,6,1.9918931827472477,295,True
s5_wd0,train_loss,401,0,surrogate,7,1.365370144910941,295,True
s5_wd0,train_loss,401,0,surrogate,8,2.2005354761791733,295,True
s5_wd0,train_loss,401,0,surrogate,9,1.7516549798991496,295,True
s5_wd0,train_loss,401,0,surrogate,10,1.5801667983618606,295,True
s5_wd0,train_loss,401,0,surrogate,11,2.0237534602210303,295,True
s5_wd0,train_loss,401,0,surrogate,12,1.208720641077749,295,True
s5_wd0,train_loss,401,0,surrogate,13,1.5662030918795122,295,True
s5_wd0,train_loss,401,0,surrogate,14,2.197275757862957,295,True
s5_wd0,train_loss,401,0,surrogate,15,2.2205494189956063,295,True
s5_wd0,train_loss,401,0,surrogate,16,1.3162623840236263,295,True
s5_wd0,train_loss,401,0,surrogate,17,1.5741946647845702,295,True
s5_wd0,train_loss,401,0,surrogate,18,1.5027627908779806,295,True
s5_wd0,train_loss,401,0,surrogate,19,2.3698745077692984,295,True
s5_wd0,train_loss,401,0,surrogate,20,2.324117839333356,295,True
s5_wd0,train_loss,401,0,surrogate,21,1.970552975748516,295,True
s5_wd0,train_loss,401,0,surrogate,22,1.9190851250580536,295,True
s5_wd0,train_loss,401,0,surrogate,23,2.1667830718640904,295,True
s5_wd0,train_loss,401,0,surrogate,24,1.5690425652638251,295,True
s5_wd0,train_loss,401,0,surrogate,25,1.5172391698776937,295,True
s5_wd0,train_loss,401,0,surrogate,26,2.3212596375682883,295,True
s5_wd0,train_loss,401,0,surrogate,27,1.8334341121106073,295,True
s5_wd0,train_loss,401,0,surrogate,28,1.7788210782372553,295,True
s5_wd0,train_loss,401,0,surrogate,29,2.33493878053192,295,True
s5_wd0,train_loss,401,0,surrogate,30,2.604943501445792,295,True
s5_wd0,train_loss,401,0,surrogate,31,1.58235159158322,295,True
s5_wd0,train_loss,401,0,surrogate,32,1.896126850717184,295,True
s5_wd0,train_loss,401,0,surrogate,33,2.005670453090382,295,True
s5_wd0,train_loss,401,0,surrogate,34,1.9458784006527747,295,True
s5_wd0,train_loss,401,0,surrogate,35,1.915156889919043,295,True
s5_wd0,train_loss,401,0,surrogate,36,1.985247438651362,295,True
s5_wd0,train_loss,401,0,surrogate,37,2.014959947157668,295,True
s5_wd0,train_loss,401,0,surrogate,38,2.0029155469710402,295,True
s5_wd0,train_loss,401,1,observed,-1,1.3039097109538234,295,True
s5_wd0,train_loss,401,1,surrogate,0,1.4925338184330708,295,True
s5_wd0,train_loss,401,1,surrogate,1,1.55698736698358,295,True
s5_wd0,train_loss,401,1,surrogate,2,2.3605465448561436,295,True
s5_wd0,train_loss,401,1,surrogate,3,2.1027199634827776,295,True
s5_wd0,train_loss,401,1,surrogate,4,2.4098671206385656,295,True
s5_wd0,train_loss,401,1,surrogate,5,1.7698206578524924,295,True
s5_wd0,train_loss,401,1,surrogate,6,1.6093219957836429,295,True
s5_wd0,train_loss,401,1,surrogate,7,1.9873544169829065,295,True
s5_wd0,train_loss,401,1,surrogate,8,1.5663651301952821,295,True
s5_wd0,train_loss,401,1,surrogate,9,1.5338505584669344,295,True
s5_wd0,train_loss,401,1,surrogate,10,2.0681202176488744,295,True
s5_wd0,train_loss,401,1,surrogate,11,1.5475389138991673,295,True
s5_wd0,train_loss,401,1,surrogate,12,1.522991716959582,295,True
s5_wd0,train_loss,401,1,surrogate,13,1.7129868104139765,295,True
s5_wd0,train_loss,401,1,surrogate,14,1.3167669759820801,295,True
s5_wd0,train_loss,401,1,surrogate,15,2.027339598812932,295,True
s5_wd0,train_loss,401,1,surrogate,16,1.401613804385385,295,True
s5_wd0,train_loss,401,1,surrogate,17,2.1971557121308916,295,True
s5_wd0,train_loss,401,1,surrogate,18,1.6223281778044087,295,True
s5_wd0,train_loss,401,1,surrogate,19,1.6192599084975092,295,True
s5_wd0,train_loss,401,1,surrogate,20,1.8469133194269423,295,True
s5_wd0,train_loss,401,1,surrogate,21,1.7560013997188193,295,True
s5_wd0,train_loss,401,1,surrogate,22,1.598175781946454,295,True
s5_wd0,train_loss,401,1,surrogate,23,1.693870562062715,295,True
s5_wd0,train_loss,401,1,surrogate,24,1.6490525121168864,295,True
s5_wd0,train_loss,401,1,surrogate,25,1.7291285896126996,295,True
s5_wd0,train_loss,401,1,surrogate,26,1.7846034091413903,295,True
s5_wd0,train_loss,401,1,surrogate,27,1.8840165522408185,295,True
s5_wd0,train_loss,401,1,surrogate,28,1.7739333816160494,295,True
s5_wd0,train_loss,401,1,surrogate,29,1.576662502362833,295,True
s5_wd0,train_loss,401,1,surrogate,30,1.7713838675106857,295,True
s5_wd0,train_loss,401,1,surrogate,31,1.779541180810872,295,True
s5_wd0,train_loss,401,1,surrogate,32,1.3463180775323151,295,True
s5_wd0,train_loss,401,1,surrogate,33,1.6504642212955858,295,True
s5_wd0,train_loss,401,1,surrogate,34,1.6350692087219234,295,True
s5_wd0,train_loss,401,1,surrogate,35,1.9733178495668633,295,True
s5_wd0,train_loss,401,1,surrogate,36,1.4518258418545256,295,True
s5_wd0,train_loss,401,1,surrogate,37,1.862525639296394,295,True
s5_wd0,train_loss,401,1,surrogate,38,1.3586008535660756,295,True
s5_wd0,train_loss,401,2,observed,-1,1.3039097109538234,295,True
s5_wd0,train_loss,401,2,surrogate,0,2.3704600529788613,295,True
s5_wd0,train_loss,401,2,surrogate,1,1.4304652432615104,295,True
s5_wd0,train_loss,401,2,surrogate,2,1.9575486195323935,295,True
s5_wd0,train_loss,401,2,surrogate,3,1.5295520860398184,295,True
s5_wd0,train_loss,401,2,surrogate,4,2.1794497439973735,295,True
s5_wd0,train_loss,401,2,surrogate,5,1.4286114656372562,295,True
s5_wd0,train_loss,401,2,surrogate,6,1.6561871298048587,295,True
s5_wd0,train_loss,401,2,surrogate,7,1.5620331413052866,295,True
s5_wd0,train_loss,401,2,surrogate,8,1.8112140315208365,295,True
s5_wd0,train_loss,401,2,surrogate,9,1.6427461236629424,295,True
s5_wd0,train_loss,401,2,surrogate,10,2.0685702035525666,295,True
s5_wd0,train_loss,401,2,surrogate,11,1.5737126550183103,295,True
s5_wd0,train_loss,401,2,surrogate,12,1.8312893566038724,295,True
s5_wd0,train_loss,401,2,surrogate,13,1.4307324335576423,295,True
s5_wd0,train_loss,401,2,surrogate,14,1.399157270278021,295,True
s5_wd0,train_loss,401,2,surrogate,15,1.6743226502502118,295,True
s5_wd0,train_loss,401,2,surrogate,16,1.9096209384050302,295,True
s5_wd0,train_loss,401,2,surrogate,17,1.80896927197811,295,True
s5_wd0,train_loss,401,2,surrogate,18,1.4599456134657456,295,True
s5_wd0,train_loss,401,2,surrogate,19,2.2555890164398704,295,True
s5_wd0,train_loss,401,2,surrogate,20,2.1606472595889654,295,True
s5_wd0,train_loss,401,2,surrogate,21,1.2782881506897283,295,True
s5_wd0,train_loss,401,2,surrogate,22,2.1886264417242676,295,True
s5_wd0,train_loss,401,2,surrogate,23,2.2913718588775027,295,True
s5_wd0,train_loss,401,2,surrogate,24,1.8194721724329632,295,True
s5_wd0,train_loss,401,2,surrogate,25,1.7082405312213447,295,True
s5_wd0,train_loss,401,2,surrogate,26,1.3342100113225426,295,True
s5_wd0,train_loss,401,2,surrogate,27,1.4735035869783784,295,True
s5_wd0,train_loss,401,2,surrogate,28,1.7614807451921057,295,True
s5_wd0,train_loss,401,2,surrogate,29,2.38614823834431,295,True
s5_wd0,train_loss,401,2,surrogate,30,1.8169977425781165,295,True
s5_wd0,train_loss,401,2,surrogate,31,1.4865821517664555,295,True
s5_wd0,train_loss,401,2,surrogate,32,2.4919377547264228,295,True
s5_wd0,train_loss,401,2,surrogate,33,1.4598832376053432,295,True
s5_wd0,train_loss,401,2,surrogate,34,2.0990175098808,295,True
s5_wd0,train_loss,401,2,surrogate,35,2.0967812519151874,295,True
s5_wd0,train_loss,401,2,surrogate,36,2.3223494246882326,295,True
s5_wd0,train_loss,401,2,surrogate,37,1.679825166980836,295,True
s5_wd0,train_loss,401,2,surrogate,38,2.189984993491348,295,True
s5_wd0,train_loss,401,3,observed,-1,1.3039097109538234,295,True
s5_wd0,train_loss,401,3,surrogate,0,2.3000839483866153,295,True
s5_wd0,train_loss,401,3,surrogate,1,1.9888176740422956,295,True
s5_wd0,train_loss,401,3,surrogate,2,1.8277703147350461,295,True
s5_wd0,train_loss,401,3,surrogate,3,1.9130725248715033,295,True
s5_wd0,train_loss,401,3,surrogate,4,1.334265257436588,295,True
s5_wd0,train_loss,401,3,surrogate,5,1.7577863664884887,295,True
s5_wd0,train_loss,401,3,surrogate,6,2.165487895392383,295,True
s5_wd0,train_loss,401,3,surrogate,7,1.7731532937795902,295,True
s5_wd0,train_loss,401,3,surrogate,8,2.295536469111675,295,True
s5_wd0,train_loss,401,3,surrogate,9,1.6523949102950943,295,True
s5_wd0,train_loss,401,3,surrogate,10,1.875516213143638,295,True
s5_wd0,train_loss,401,3,surrogate,11,1.6389178007504421,295,True
s5_wd0,train_loss,401,3,surrogate,12,1.9381747883363838,295,True
s5_wd0,train_loss,401,3,surrogate,13,2.4146033185824547,295,True
s5_wd0,train_loss,401,3,surrogate,14,1.6587986207898555,295,True
s5_wd0,train_loss,401,3,surrogate,15,1.6100976061829284,295,True
s5_wd0,train_loss,401,3,surrogate,16,1.7735503502991914,295,True
s5_wd0,train_loss,401,3,surrogate,17,1.5193485992031928,295,True
s5_wd0,train_loss,401,3,surrogate,18,2.332444823864626,295,True
s5_wd0,train_loss,401,3,surrogate,19,2.495734959067514,295,True
s5_wd0,train_loss,401,3,surrogate,20,1.567370887183803,295,True
s5_wd0,train_loss,401,3,surrogate,21,1.7415273480488622,295,True
s5_wd0,train_loss,401,3,surrogate,22,1.5062639644714748,295,True
s5_wd0,train_loss,401,3,surrogate,23,2.019320176399359,295,True
s5_wd0,train_loss,401,3,surrogate,24,2.534023972989071,295,True
s5_wd0,train_loss,401,3,surrogate,25,2.055377323753087,295,True
s5_wd0,train_loss,401,3,surrogate,26,1.5773151892310842,295,True
s5_wd0,train_loss,401,3,surrogate,27,1.8835372813762585,295,True
s5_wd0,train_loss,401,3,surrogate,28,1.6252929580642184,295,True
s5_wd0,train_loss,401,3,surrogate,29,1.9411103223968789,295,True
s5_wd0,train_loss,401,3,surrogate,30,2.95000009003983,295,True
s5_wd0,train_loss,401,3,surrogate,31,2.1197663622536207,295,True
s5_wd0,train_loss,401,3,surrogate,32,1.461824542087176,295,True
s5_wd0,train_loss,401,3,surrogate,33,2.3923372208304157,295,True
s5_wd0,train_loss,401,3,surrogate,34,1.793470804732465,295,True
s5_wd0,train_loss,401,3,surrogate,35,1.6714758927316218,295,True
s5_wd0,train_loss,401,3,surrogate,36,1.6443580869306216,295,True
s5_wd0,train_loss,401,3,surrogate,37,1.8395271345160837,295,True
s5_wd0,train_loss,401,3,surrogate,38,2.0072529849356555,295,True
s5_wd0,train_loss,401,4,observed,-1,1.3039097109538234,295,True
s5_wd0,train_loss,401,4,surrogate,0,1.7834722948877464,295,True
s5_wd0,train_loss,401,4,surrogate,1,1.552224841993702,295,True
s5_wd0,train_loss,401,4,surrogate,2,1.7852057533506351,295,True
s5_wd0,train_loss,401,4,surrogate,3,1.7505732617227683,295,True
s5_wd0,train_loss,401,4,surrogate,4,1.4441469734581625,295,True
s5_wd0,train_loss,401,4,surrogate,5,1.842700394149559,295,True
s5_wd0,train_loss,401,4,surrogate,6,1.7549937907771354,295,True
s5_wd0,train_loss,401,4,surrogate,7,1.3595187051804616,295,True
s5_wd0,train_loss,401,4,surrogate,8,2.3906739003285025,295,True
s5_wd0,train_loss,401,4,surrogate,9,1.6659638158768357,295,True
s5_wd0,train_loss,401,4,surrogate,10,1.9543474600758437,295,True
s5_wd0,train_loss,401,4,surrogate,11,1.5861113058956158,295,True
s5_wd0,train_loss,401,4,surrogate,12,1.65067631929237,295,True
s5_wd0,train_loss,401,4,surrogate,13,1.7301146574551793,295,True
s5_wd0,train_loss,401,4,surrogate,14,2.179777201560524,295,True
s5_wd0,train_loss,401,4,surrogate,15,1.6353925663688635,295,True
s5_wd0,train_loss,401,4,surrogate,16,2.0376894254507465,295,True
s5_wd0,train_loss,401,4,surrogate,17,1.9356805387644245,295,True
s5_wd0,train_loss,401,4,surrogate,18,2.1674068070389207,295,True
s5_wd0,train_loss,401,4,surrogate,19,1.884730841782848,295,True
s5_wd0,train_loss,401,4,surrogate,20,1.814947568302151,295,True
s5_wd0,train_loss,401,4,surrogate,21,1.388089267795912,295,True
s5_wd0,train_loss,401,4,surrogate,22,2.3810585100235735,295,True
s5_wd0,train_loss,401,4,surrogate,23,2.076260527417884,295,True
s5_wd0,train_loss,401,4,surrogate,24,1.6384085500928824,295,True
s5_wd0,train_loss,401,4,surrogate,25,1.879107175110415,295,True
s5_wd0,train_loss,401,4,surrogate,26,2.232977124850957,295,True
s5_wd0,train_loss,401,4,surrogate,27,1.8319438160201003,295,True
s5_wd0,train_loss,401,4,surrogate,28,1.8364551820170385,295,True
s5_wd0,train_loss,401,4,surrogate,29,1.4684212936523846,295,True
s5_wd0,train_loss,401,4,surrogate,30,2.4255262428921553,295,True
s5_wd0,train_loss,401,4,surrogate,31,1.7847760734318199,295,True
s5_wd0,train_loss,401,4,surrogate,32,1.5677673579429623,295,True
s5_wd0,train_loss,401,4,surrogate,33,2.175151338871849,295,True
s5_wd0,train_loss,401,4,surrogate,34,1.3021245769730825,295,True
s5_wd0,train_loss,401,4,surrogate,35,2.1489459345371564,295,True
s5_wd0,train_loss,401,4,surrogate,36,1.889059152842851,295,True
s5_wd0,train_loss,401,4,surrogate,37,1.6714389021069194,295,True
s5_wd0,train_loss,401,4,surrogate,38,2.1894503171631365,295,True
s5_wd1,weight_norm,101,0,observed,-1,2.521040112496775,295,True
s5_wd1,weight_norm,101,0,surrogate,0,1.921967404304499,295,True
s5_wd1,weight_norm,101,0,surrogate,1,1.9133521533456483,295,True
s5_wd1,weight_norm,101,0,surrogate,2,1.8709282700178282,295,True
s5_wd1,weight_norm,101,0,surrogate,3,1.8761394398595512,295,True
s5_wd1,weight_norm,101,0,surrogate,4,1.744554794437358,295,True
s5_wd1,weight_norm,101,0,surrogate,5,1.5103387837748061,295,True
s5_wd1,weight_norm,101,0,surrogate,6,1.9688347905171897,295,True
s5_wd1,weight_norm,101,0,surrogate,7,1.7834178381412125,295,True
s5_wd1,weight_norm,101,0,surrogate,8,2.0459323248312327,295,True
s5_wd1,weight_norm,101,0,surrogate,9,2.1665015330938924,295,True
s5_wd1,weight_norm,101,0,surrogate,10,1.9666794798899154,295,True
s5_wd1,weight_norm,101,0,surrogate,11,1.415364806635706,295,True
s5_wd1,weight_norm,101,0,surrogate,12,1.8115026208136902,295,True
s5_wd1,weight_norm,101,0,surrogate,13,1.9855437108339333,295,True
s5_wd1,weight_norm,101,0,surrogate,14,2.032428123102451,295,True
s5_wd1,weight_norm,101,0,surrogate,15,1.9427293611558618,295,True
s5_wd1,weight_norm,101,0,surrogate,16,2.342074293081832,295,True
s5_wd1,weight_norm,101,0,surrogate,17,2.1653890767929576,295,True
s5_wd1,weight_norm,101,0,surrogate,18,1.8514030938713444,295,True
s5_wd1,weight_norm,101,0,surrogate,19,1.5615551533268004,295,True
s5_wd1,weight_norm,101,0,surrogate,20,1.6195150209048992,295,True
s5_wd1,weight_norm,101,0,surrogate,21,1.5944606733553461,295,True
s5_wd1,weight_norm,101,0,surrogate,22,2.5431725559954104,295,True
s5_wd1,weight_norm,101,0,surrogate,23,2.1590944428617687,295,True
s5_wd1,weight_norm,101,0,surrogate,24,2.0031018410321306,295,True
s5_wd1,weight_norm,101,0,surrogate,25,1.6483718006611343,295,True
s5_wd1,weight_norm,101,0,surrogate,26,1.5521661959945898,295,True
s5_wd1,weight_norm,101,0,surrogate,27,1.9157547500358283,295,True
s5_wd1,weight_norm,101,0,surrogate,28,1.6645021139926999,295,True
s5_wd1,weight_norm,101,0,surrogate,29,1.9940079282855874,295,True
s5_wd1,weight_norm,101,0,surrogate,30,1.7662494300624347,295,True
s5_wd1,weight_norm,101,0,surrogate,31,1.7315876684748654,295,True
s5_wd1,weight_norm,101,0,surrogate,32,2.0196449587615937,295,True
s5_wd1,weight_norm,101,0,surrogate,33,1.7265897722098977,295,True
s5_wd1,weight_norm,101,0,surrogate,34,1.827906364772242,295,True
s5_wd1,weight_norm,101,0,surrogate,35,1.5045711612135806,295,True
s5_wd1,weight_norm,101,0,surrogate,36,2.0063172684058888,295,True
s5_wd1,weight_norm,101,0,surrogate,37,1.5340902294321075,295,True
s5_wd1,weight_norm,101,0,surrogate,38,1.8630441100343225,295,True
s5_wd1,weight_norm,101,1,observed,-1,2.521040112496775,295,True
s5_wd1,weight_norm,101,1,surrogate,0,1.660447061318092,295,True
s5_wd1,weight_norm,101,1,surrogate,1,1.6816714679124698,295,True
s5_wd1,weight_norm,101,1,surrogate,2,1.838599952525746,295,True
s5_wd1,weight_norm,101,1,surrogate,3,2.0638618102512027,295,True
s5_wd1,weight_norm,101,1,surrogate,4,1.8305110205159267,295,True
s5_wd1,weight_norm,101,1,surrogate,5,2.035078850232368,295,True
s5_wd1,weight_norm,101,1,surrogate,6,1.5222892209835501,295,True
s5_wd1,weight_norm,101,1,surrogate,7,1.499144801906433,295,True
s5_wd1,weight_norm,101,1,surrogate,8,1.9783623843200575,295,True
s5_wd1,weight_norm,101,1,surrogate,9,1.3852394461713788,295,True
s5_wd1,weight_norm,101,1,surrogate,10,2.0010332715827155,295,True
s5_wd1,weight_norm,101,1,surrogate,11,1.7012851732435283,295,True
s5_wd1,weight_norm,101,1,surrogate,12,1.3743534884926565,295,True
s5_wd1,weight_norm,101,1,surrogate,13,1.8093562577403464,295,True
s5_wd1,weight_norm,101,1,surrogate,14,1.857412123503171,295,True
s5_wd1,weight_norm,101,1,surrogate,15,2.4493381337521614,295,True
s5_wd1,weight_norm,101,1,surrogate,16,2.305091953658565,295,True
s5_wd1,weight_norm,101,1,surrogate,17,2.095158845883218,295,True
s5_wd1,weight_norm,101,1,surrogate,18,1.3275318794186581,295,True
s5_wd1,weight_norm,101,1,surrogate,19,1.7781342151255668,295,True
s5_wd1,weight_norm,101,1,surrogate,20,1.3784176120821534,295,True
s5_wd1,weight_norm,101,1,surrogate,21,1.5300523733447675,295,True
s5_wd1,weight_norm,101,1,surrogate,22,1.4556683635708878,295,True
s5_wd1,weight_norm,101,1,surrogate,23,2.3961042840543487,295,True
s5_wd1,weight_norm,101,1,surrogate,24,1.4799591668697736,295,True
s5_wd1,weight_norm,101,1,surrogate,25,1.8982886244800945,295,True
s5_wd1,weight_norm,101,1,surrogate,26,1.8336827717230362,295,True
s5_wd1,weight_norm,101,1,surrogate,27,1.8985975308684109,295,True
s5_wd1,weight_norm,101,1,surrogate,28,2.238680041655856,295,True
s5_wd1,weight_norm,101,1,surrogate,29,2.0655818814883626,295,True
s5_wd1,weight_norm,101,1,surrogate,30,1.572908377380352,295,True
s5_wd1,weight_norm,101,1,surrogate,31,2.2036603039554437,295,True
s5_wd1,weight_norm,101,1,surrogate,32,1.450040560452681,295,True
s5_wd1,weight_norm,101,1,surrogate,33,2.36135975647537,295,True
s5_wd1,weight_norm,101,1,surrogate,34,1.736513286913836,295,True
s5_wd1,weight_norm,101,1,surrogate,35,1.3548951834569083,295,True
s5_wd1,weight_norm,101,1,surrogate,36,2.229622954309591,295,True
s5_wd1,weight_norm,101,1,surrogate,37,2.0796404213298745,295,True
s5_wd1,weight_norm,101,1,surrogate,38,1.394687849433779,295,True
s5_wd1,weight_norm,101,2,observed,-1,2.521040112496775,295,True
s5_wd1,weight_norm,101,2,surrogate,0,1.5770295074825216,295,True
s5_wd1,weight_norm,101,2,surrogate,1,1.9028628355925148,295,True
s5_wd1,weight_norm,101,2,surrogate,2,1.8341937584295096,295,True
s5_wd1,weight_norm,101,2,surrogate,3,2.030307797284449,295,True
s5_wd1,weight_norm,101,2,surrogate,4,1.5714709299227736,295,True
s5_wd1,weight_norm,101,2,surrogate,5,1.8239657945690773,295,True
s5_wd1,weight_norm,101,2,surrogate,6,2.0791834943204632,295,True
s5_wd1,weight_norm,101,2,surrogate,7,2.1412783848309243,295,True
s5_wd1,weight_norm,101,2,surrogate,8,1.5983400751828962,295,True
s5_wd1,weight_norm,101,2,surrogate,9,1.9306314174195343,295,True
s5_wd1,weight_norm,101,2,surrogate,10,1.9372004647609995,295,True
s5_wd1,weight_norm,101,2,surrogate,11,2.1849409981666876,295,True
s5_wd1,weight_norm,101,2,surrogate,12,2.5185743924130413,295,True
s5_wd1,weight_norm,101,2,surrogate,13,1.7491030940305157,295,True
s5_wd1,weight_norm,101,2,surrogate,14,1.790266522447436,295,True
s5_wd1,weight_norm,101,2,surrogate,15,1.8966517701522168,295,True
s5_wd1,weight_norm,101,2,surrogate,16,1.4714925655511644,295,True
s5_wd1,weight_norm,101,2,surrogate,17,1.4555627847057229,295,True
s5_wd1,weight_norm,101,2,surrogate,18,2.1500411532342314,295,True
s5_wd1,weight_norm,101,2,surrogate,19,1.54093941538875,295,True
s5_wd1,weight_norm,101,2,surrogate,20,2.164197743062303,295,True
s5_wd1,weight_norm,101,2,surrogate,21,1.9537688791205228,295,True
s5_wd1,weight_norm,101,2,surrogate,22,1.704125847021344,295,True
s5_wd1,weight_norm,101,2,surrogate,23,1.8961676091993829,295,True
s5_wd1,weight_norm,101,2,surrogate,24,1.8979566351923463,295,True
s5_wd1,weight_norm,101,2,surrogate,25,1.7494520640604196,295,True
s5_wd1,weight_norm,101,2,surrogate,26,1.8745227603615513,295,True
s5_wd1,weight_norm,101,2,surrogate,27,1.9713226312345546,295,True
s5_wd1,weight_norm,101,2,surrogate,28,1.9008971001451502,295,True
s5_wd1,weight_norm,101,2,surrogate,29,2.0396181869104995,295,True
s5_wd1,weight_norm,101,2,surrogate,30,1.8353916459885529,295,True
s5_wd1,weight_norm,101,2,surrogate,31,1.2290182803882823,295,True
s5_wd1,weight_norm,101,2,surrogate,32,1.6862174720674672,295,True
s5_wd1,weight_norm,101,2,surrogate,33,2.1830729451006166,295,True
s5_wd1,weight_norm,101,2,surrogate,34,1.8705403526388218,295,True
s5_wd1,weight_norm,101,2,surrogate,35,2.270868591596894,295,True
s5_wd1,weight_norm,101,2,surrogate,36,1.81785974521701,295,True
s5_wd1,weight_norm,101,2,surrogate,37,1.8481648220915339,295,True
s5_wd1,weight_norm,101,2,surrogate,38,1.9618823091043125,295,True
s5_wd1,weight_norm,101,3,observed,-1,2.521040112496775,295,True
s5_wd1,weight_norm,101,3,surrogate,0,1.5377923186264166,295,True
s5_wd1,weight_norm,101,3,surrogate,1,2.106824020360147,295,True
s5_wd1,weight_norm,101,3,surrogate,2,2.1375996771959658,295,True
s5_wd1,weight_norm,101,3,surrogate,3,1.8454783526412284,295,True
s5_wd1,weight_norm,101,3,surrogate,4,2.278422723574386,295,True
s5_wd1,weight_norm,101,3,surrogate,5,1.8324644044860823,295,True
s5_wd1,weight_norm,101,3,surrogate,6,2.0243595236183136,295,True
s5_wd1,weight_norm,101,3,surrogate,7,2.00456710811522,295,True
s5_wd1,weight_norm,101,3,surrogate,8,2.2438968919732445,295,True
s5_wd1,weight_norm,101,3,surrogate,9,1.799172704806915,295,True
s5_wd1,weight_norm,101,3,surrogate,10,1.7541406410509202,295,True
s5_wd1,weight_norm,101,3,surrogate,11,1.441290432194439,295,True
s5_wd1,weight_norm,101,3,surrogate,12,1.9786827704311332,295,True
s5_wd1,weight_norm,101,3,surrogate,13,2.3797904363840883,295,True
s5_wd1,weight_norm,101,3,surrogate,14,1.6777340107935577,295,True
s5_wd1,weight_norm,101,3,surrogate,15,1.8876615384294348,295,True
s5_wd1,weight_norm,101,3,surrogate,16,1.9759763774182098,295,True
s5_wd1,weight_norm,101,3,surrogate,17,1.6214333396177174,295,True
s5_wd1,weight_norm,101,3,surrogate,18,1.7841084763680766,295,True
s5_wd1,weight_norm,101,3,surrogate,19,2.0734065411029574,295,True
s5_wd1,weight_norm,101,3,surrogate,20,2.2192817063139962,295,True
s5_wd1,weight_norm,101,3,surrogate,21,1.5142796643514564,295,True
s5_wd1,weight_norm,101,3,surrogate,22,1.930559217546788,295,True
s5_wd1,weight_norm,101,3,surrogate,23,1.6122188450516097,295,True
s5_wd1,weight_norm,101,3,surrogate,24,1.8852540349114177,295,True
s5_wd1,weight_norm,101,3,surrogate,25,1.679150353437349,295,True
s5_wd1,weight_norm,101,3,surrogate,26,2.1427105026169735,295,True
s5_wd1,weight_norm,101,3,surrogate,27,1.812909244326415,295,True
s5_wd1,weight_norm,101,3,surrogate,28,1.719548743487009,295,True
s5_wd1,weight_norm,101,3,surrogate,29,1.6990668109319707,295,True
s5_wd1,weight_norm,101,3,surrogate,30,1.4967333743488749,295,True
s5_wd1,weight_norm,101,3,surrogate,31,2.2682217002116722,295,True
s5_wd1,weight_norm,101,3,surrogate,32,1.7644423398476878,295,True
s5_wd1,weight_norm,101,3,surrogate,33,1.9478889913231736,295,True
s5_wd1,weight_norm,101,3,surrogate,34,1.4495059291697823,295,True
s5_wd1,weight_norm,101,3,surrogate,35,2.1184785051335755,295,True
s5_wd1,weight_norm,101,3,surrogate,36,2.2865229479237077,295,True
s5_wd1,weight_norm,101,3,surrogate,37,1.6541750163212616,295,True
s5_wd1,weight_norm,101,3,surrogate,38,1.8208862330474036,295,True
s5_wd1,weight_norm,101,4,observed,-1,2.521040112496775,295,True
s5_wd1,weight_norm,101,4,surrogate,0,1.9292129753813774,295,True
s5_wd1,weight_norm,101,4,surrogate,1,1.3729743740868419,295,True
s5_wd1,weight_norm,101,4,surrogate,2,1.9921531228252631,295,True
s5_wd1,weight_norm,101,4,surrogate,3,1.9928616866364626,295,True
s5_wd1,weight_norm,101,4,surrogate,4,1.9821362352437686,295,True
s5_wd1,weight_norm,101,4,surrogate,5,1.890916138844695,295,True
s5_wd1,weight_norm,101,4,surrogate,6,1.7879966211412002,295,True
s5_wd1,weight_norm,101,4,surrogate,7,1.8825421295520426,295,True
s5_wd1,weight_norm,101,4,surrogate,8,2.5841706847632673,295,True
s5_wd1,weight_norm,101,4,surrogate,9,2.077922473358558,295,True
s5_wd1,weight_norm,101,4,surrogate,10,2.0215005933333376,295,True
s5_wd1,weight_norm,101,4,surrogate,11,1.6835736116835376,295,True
s5_wd1,weight_norm,101,4,surrogate,12,1.7123869553091344,295,True
s5_wd1,weight_norm,101,4,surrogate,13,1.7046888917590357,295,True
s5_wd1,weight_norm,101,4,surrogate,14,1.8903544098369005,295,True
s5_wd1,weight_norm,101,4,surrogate,15,1.99878303417699,295,True
s5_wd1,weight_norm,101,4,surrogate,16,1.8687602721494632,295,True
s5_wd1,weight_norm,101,4,surrogate,17,2.59303197800908,295,True
s5_wd1,weight_norm,101,4,surrogate,18,2.1464015654455606,295,True
s5_wd1,weight_norm,101,4,surrogate,19,2.052365294899548,295,True
s5_wd1,weight_norm,101,4,surrogate,20,1.8786567384462893,295,True
s5_wd1,weight_norm,101,4,surrogate,21,1.7019271749522804,295,True
s5_wd1,weight_norm,101,4,surrogate,22,1.4227058705696407,295,True
s5_wd1,weight_norm,101,4,surrogate,23,2.333848352216875,295,True
s5_wd1,weight_norm,101,4,surrogate,24,1.6450571944808932,295,True
s5_wd1,weight_norm,101,4,surrogate,25,1.62155323459081,295,True
s5_wd1,weight_norm,101,4,surrogate,26,1.8945029947181438,295,True
s5_wd1,weight_norm,101,4,surrogate,27,2.2860539086196776,295,True
s5_wd1,weight_norm,101,4,surrogate,28,2.0175982801797065,295,True
s5_wd1,weight_norm,101,4,surrogate,29,2.3363406201973564,295,True
s5_wd1,weight_norm,101,4,surrogate,30,1.6626671601146727,295,True
s5_wd1,weight_norm,101,4,surrogate,31,2.025769867633117,295,True
s5_wd1,weight_norm,101,4,surrogate,32,1.8520367194964846,295,True
s5_wd1,weight_norm,101,4,surrogate,33,1.7480151342555934,295,True
s5_wd1,weight_norm,101,4,surrogate,34,1.8702892590995126,295,True
s5_wd1,weight_norm,101,4,surrogate,35,1.5557973532588676,295,True
s5_wd1,weight_norm,101,4,surrogate,36,1.6575545326958283,295,True
s5_wd1,weight_norm,101,4,surrogate,37,2.114985238749812,295,True
s5_wd1,weight_norm,101,4,surrogate,38,2.127752514719422,295,True
s5_wd1,weight_norm,201,0,observed,-1,2.521040112496775,295,True
s5_wd1,weight_norm,201,0,surrogate,0,2.0207849055474845,295,True
s5_wd1,weight_norm,201,0,surrogate,1,1.4086209350722143,295,True
s5_wd1,weight_norm,201,0,surrogate,2,1.427888546684562,295,True
s5_wd1,weight_norm,201,0,surrogate,3,1.7240334866272826,295,True
s5_wd1,weight_norm,201,0,surrogate,4,1.6426487153737372,295,True
s5_wd1,weight_norm,201,0,surrogate,5,2.1417398440545856,295,True
s5_wd1,weight_norm,201,0,surrogate,6,1.696967612064234,295,True
s5_wd1,weight_norm,201,0,surrogate,7,1.7261031753790586,295,True
s5_wd1,weight_norm,201,0,surrogate,8,1.5477620601590987,295,True
s5_wd1,weight_norm,201,0,surrogate,9,1.2277638319382178,295,True
s5_wd1,weight_norm,201,0,surrogate,10,1.9310941750919242,295,True
s5_wd1,weight_norm,201,0,surrogate,11,1.6498427925954227,295,True
s5_wd1,weight_norm,201,0,surrogate,12,2.29599824981769,295,True
s5_wd1,weight_norm,201,0,surrogate,13,1.4216738593071405,295,True
s5_wd1,weight_norm,201,0,surrogate,14,1.4365850494875516,295,True
s5_wd1,weight_norm,201,0,surrogate,15,1.7516073791419484,295,True
s5_wd1,weight_norm,201,0,surrogate,16,1.673569674071135,295,True
s5_wd1,weight_norm,201,0,surrogate,17,1.2592710342100328,295,True
s5_wd1,weight_norm,201,0,surrogate,18,1.4815451829610555,295,True
s5_wd1,weight_norm,201,0,surrogate,19,1.5695560261372734,295,True
s5_wd1,weight_norm,201,0,surrogate,20,1.6827022867004715,295,True
s5_wd1,weight_norm,201,0,surrogate,21,1.834029436752201,295,True
s5_wd1,weight_norm,201,0,surrogate,22,1.9509916167529142,295,True
s5_wd1,weight_norm,201,0,surrogate,23,1.3643561774795354,295,True
s5_wd1,weight_norm,201,0,surrogate,24,2.0120219013276768,295,True
s5_wd1,weight_norm,201,0,surrogate,25,1.5334891696427475,295,True
s5_wd1,weight_norm,201,0,surrogate,26,1.19183681781222,295,True
s5_wd1,weight_norm,201,0,surrogate,27,1.5837837061361009,295,True
s5_wd1,weight_norm,201,0,surrogate,28,1.775462965954601,295,True
s5_wd1,weight_norm,201,0,surrogate,29,1.8068247287311976,295,True
s5_wd1,weight_norm,201,0,surrogate,30,1.5847505500006849,295,True
s5_wd1,weight_norm,201,0,surrogate,31,1.5679468263489114,295,True
s5_wd1,weight_norm,201,0,surrogate,32,1.159479902289321,295,True
s5_wd1,weight_norm,201,0,surrogate,33,1.793265484663136,295,True
s5_wd1,weight_norm,201,0,surrogate,34,1.062996693151041,295,True
s5_wd1,weight_norm,201,0,surrogate,35,1.1229521068591912,295,True
s5_wd1,weight_norm,201,0,surrogate,36,1.4243991930873314,295,True
s5_wd1,weight_norm,201,0,surrogate,37,1.873163447906816,295,True
s5_wd1,weight_norm,201,0,surrogate,38,1.5842654667709724,295,True
s5_wd1,weight_norm,201,1,observed,-1,2.521040112496775,295,True
s5_wd1,weight_norm,201,1,surrogate,0,1.457819434047109,295,True
s5_wd1,weight_norm,201,1,surrogate,1,1.8217431796808181,295,True
s5_wd1,weight_norm,201,1,surrogate,2,1.854726039190762,295,True
s5_wd1,weight_norm,201,1,surrogate,3,1.4624744193234351,295,True
s5_wd1,weight_norm,201,1,surrogate,4,1.761855269716477,295,True
s5_wd1,weight_norm,201,1,surrogate,5,1.4415112817972286,295,True
s5_wd1,weight_norm,201,1,surrogate,6,1.7311793475564135,295,True
s5_wd1,weight_norm,201,1,surrogate,7,1.3636450337861998,295,True
s5_wd1,weight_norm,201,1,surrogate,8,2.293283494758385,295,True
s5_wd1,weight_norm,201,1,surrogate,9,1.412740350405539,295,True
s5_wd1,weight_norm,201,1,surrogate,10,1.1193897762250236,295,True
s5_wd1,weight_norm,201,1,surrogate,11,1.4828383455247944,295,True
s5_wd1,weight_norm,201,1,surrogate,12,1.3366601334892139,295,True
s5_wd1,weight_norm,201,1,surrogate,13,1.11920997767275,295,True
s5_wd1,weight_norm,201,1,surrogate,14,1.6488821464783516,295,True
s5_wd1,weight_norm,201,1,surrogate,15,1.3128129799450348,295,True
s5_wd1,weight_norm,201,1,surrogate,16,1.7734416029054818,295,True
s5_wd1,weight_norm,201,1,surrogate,17,1.8135385834303988,295,True
s5_wd1,weight_norm,201,1,surrogate,18,1.3577170412348158,295,True
s5_wd1,weight_norm,201,1,surrogate,19,1.3793632237738762,295,True
s5_wd1,weight_norm,201,1,surrogate,20,1.5055011537454663,295,True
s5_wd1,weight_norm,201,1,surrogate,21,1.4515058795221496,295,True
s5_wd1,weight_norm,201,1,surrogate,22,1.1432994389951154,295,True
s5_wd1,weight_norm,201,1,surrogate,23,1.547582277751645,295,True
s5_wd1,weight_norm,201,1,surrogate,24,1.2091545202107887,295,True
s5_wd1,weight_norm,201,1,surrogate,25,1.646290541405966,295,True
s5_wd1,weight_norm,201,1,surrogate,26,1.3220344255435503,295,True
s5_wd1,weight_norm,201,1,surrogate,27,1.4969259199008775,295,True
s5_wd1,weight_norm,201,1,surrogate,28,1.2739888340384626,295,True
s5_wd1,weight_norm,201,1,surrogate,29,1.5522720106996657,295,True
s5_wd1,weight_norm,201,1,surrogate,30,1.4322423524736854,295,True
s5_wd1,weight_norm,201,1,surrogate,31,1.8615719674072457,295,True
s5_wd1,weight_norm,201,1,surrogate,32,1.6178311068914872,295,True
s5_wd1,weight_norm,201,1,surrogate,33,1.4401854006086001,295,True
s5_wd1,weight_norm,201,1,surrogate,34,1.3005476268267955,295,True
s5_wd1,weight_norm,201,1,surrogate,35,1.363661836532415,295,True
s5_wd1,weight_norm,201,1,surrogate,36,1.6461826614827428,295,True
s5_wd1,weight_norm,201,1,surrogate,37,1.3902413635541786,295,True
s5_wd1,weight_norm,201,1,surrogate,38,1.1747367722135826,295,True
s5_wd1,weight_norm,201,2,observed,-1,2.521040112496775,295,True
s5_wd1,weight_norm,201,2,surrogate,0,1.9499635166513745,295,True
s5_wd1,weight_norm,201,2,surrogate,1,1.168810514932243,295,True
s5_wd1,weight_norm,201,2,surrogate,2,1.4848709485028746,295,True
s5_wd1,weight_norm,201,2,surrogate,3,1.3027939925952403,295,True
s5_wd1,weight_norm,201,2,surrogate,4,1.547410297958423,295,True
s5_wd1,weight_norm,201,2,surrogate,5,1.7894296406304935,295,True
s5_wd1,weight_norm,201,2,surrogate,6,1.1161678638344257,295,True
s5_wd1,weight_norm,201,2,surrogate,7,1.5539704557375782,295,True
s5_wd1,weight_norm,201,2,surrogate,8,1.6878527143028879,295,True
s5_wd1,weight_norm,201,2,surrogate,9,1.894938111977766,295,True
s5_wd1,weight_norm,201,2,surrogate,10,2.1135705605958472,295,True
s5_wd1,weight_norm,201,2,surrogate,11,1.706366151466851,295,True
s5_wd1,weight_norm,201,2,surrogate,12,1.7280977432854085,295,True
s5_wd1,weight_norm,201,2,surrogate,13,1.7625368736956715,295,True
s5_wd1,weight_norm,201,2,surrogate,14,1.2717693834411734,295,True
s5_wd1,weight_norm,201,2,surrogate,15,1.7230463004506031,295,True
s5_wd1,weight_norm,201,2,surrogate,16,2.0715848260155227,295,True
s5_wd1,weight_norm,201,2,surrogate,17,1.235105867097121,295,True
s5_wd1,weight_norm,201,2,surrogate,18,1.2270386337086499,295,True
s5_wd1,weight_norm,201,2,surrogate,19,2.4379555390461096,295,True
s5_wd1,weight_norm,201,2,surrogate,20,2.2606439104552716,295,True
s5_wd1,weight_norm,201,2,surrogate,21,1.7116148362130807,295,True
s5_wd1,weight_norm,201,2,surrogate,22,1.651759840514038,295,True
s5_wd1,weight_norm,201,2,surrogate,23,1.9662371464896256,295,True
s5_wd1,weight_norm,201,2,surrogate,24,1.9823132932480398,295,True
s5_wd1,weight_norm,201,2,surrogate,25,1.4876206132850316,295,True
s5_wd1,weight_norm,201,2,surrogate,26,2.0991958373422337,295,True
s5_wd1,weight_norm,201,2,surrogate,27,1.3637187500640846,295,True
s5_wd1,weight_norm,201,2,surrogate,28,1.3588811864102945,295,True
s5_wd1,weight_norm,201,2,surrogate,29,1.6964691283156161,295,True
s5_wd1,weight_norm,201,2,surrogate,30,1.5534481461640346,295,True
s5_wd1,weight_norm,201,2,surrogate,31,1.3078191349038846,295,True
s5_wd1,weight_norm,201,2,surrogate,32,1.4129262683530122,295,True
s5_wd1,weight_norm,201,2,surrogate,33,2.067061586739938,295,True
s5_wd1,weight_norm,201,2,surrogate,34,1.6630537167300592,295,True
s5_wd1,weight_norm,201,2,surrogate,35,1.9410387228777881,295,True
s5_wd1,weight_norm,201,2,surrogate,36,1.459174712613732,295,True
s5_wd1,weight_norm,201,2,surrogate,37,1.083236740736381,295,True
s5_wd1,weight_norm,201,2,surrogate,38,1.4959676551945997,295,True
s5_wd1,weight_norm,201,3,observed,-1,2.521040112496775,295,True
s5_wd1,weight_norm,201,3,surrogate,0,1.2907022360917697,295,True
s5_wd1,weight_norm,201,3,surrogate,1,1.7916008512373507,295,True
s5_wd1,weight_norm,201,3,surrogate,2,1.8958779229933047,295,True
s5_wd1,weight_norm,201,3,surrogate,3,1.554203621087651,295,True
s5_wd1,weight_norm,201,3,surrogate,4,1.570004052655561,295,True
s5_wd1,weight_norm,201,3,surrogate,5,1.6785150399935886,295,True
s5_wd1,weight_norm,201,3,surrogate,6,1.793311408696993,295,True
s5_wd1,weight_norm,201,3,surrogate,7,1.4384407643620087,295,True
s5_wd1,weight_norm,201,3,surrogate,8,1.954686876110779,295,True
s5_wd1,weight_norm,201,3,surrogate,9,2.1452572470636464,295,True
s5_wd1,weight_norm,201,3,surrogate,10,1.2353663322711028,295,True
s5_wd1,weight_norm,201,3,surrogate,11,1.77561342138498,295,True
s5_wd1,weight_norm,201,3,surrogate,12,1.7749390986871552,295,True
s5_wd1,weight_norm,201,3,surrogate,13,1.2952878218308777,295,True
s5_wd1,weight_norm,201,3,surrogate,14,1.639873450010097,295,True
s5_wd1,weight_norm,201,3,surrogate,15,1.3896486296646005,295,True
s5_wd1,weight_norm,201,3,surrogate,16,1.5069714682966486,295,True
s5_wd1,weight_norm,201,3,surrogate,17,1.518747593291256,295,True
s5_wd1,weight_norm,201,3,surrogate,18,1.5889211982736366,295,True
s5_wd1,weight_norm,201,3,surrogate,19,1.7300369918654346,295,True
s5_wd1,weight_norm,201,3,surrogate,20,1.5986961145242784,295,True
s5_wd1,weight_norm,201,3,surrogate,21,1.677506986925406,295,True
s5_wd1,weight_norm,201,3,surrogate,22,1.8619909908432923,295,True
s5_wd1,weight_norm,201,3,surrogate,23,1.267580053355746,295,True
s5_wd1,weight_norm,201,3,surrogate,24,1.4287652697171405,295,True
s5_wd1,weight_norm,201,3,surrogate,25,1.2859928178865598,295,True
s5_wd1,weight_norm,201,3,surrogate,26,1.4229490854494935,295,True
s5_wd1,weight_norm,201,3,surrogate,27,1.873303526713392,295,True
s5_wd1,weight_norm,201,3,surrogate,28,1.9643251437245655,295,True
s5_wd1,weight_norm,201,3,surrogate,29,1.4949917666390384,295,True
s5_wd1,weight_norm,201,3,surrogate,30,1.2884270631351455,295,True
s5_wd1,weight_norm,201,3,surrogate,31,1.3283320834095165,295,True
s5_wd1,weight_norm,201,3,surrogate,32,1.7330991362345805,295,True
s5_wd1,weight_norm,201,3,surrogate,33,1.3284899478242886,295,True
s5_wd1,weight_norm,201,3,surrogate,34,2.120346225992769,295,True
s5_wd1,weight_norm,201,3,surrogate,35,1.5340850926288876,295,True
s5_wd1,weight_norm,201,3,surrogate,36,1.725324244189953,295,True
s5_wd1,weight_norm,201,3,surrogate,37,2.024515153129025,295,True
s5_wd1,weight_norm,201,3,surrogate,38,1.4281294464419716,295,True
s5_wd1,weight_norm,201,4,observed,-1,2.521040112496775,295,True
s5_wd1,weight_norm,201,4,surrogate,0,1.1113069125024282,295,True
s5_wd1,weight_norm,201,4,surrogate,1,1.4390178676351792,295,True
s5_wd1,weight_norm,201,4,surrogate,2,1.8491393198722328,295,True
s5_wd1,weight_norm,201,4,surrogate,3,1.3423217808317727,295,True
s5_wd1,weight_norm,201,4,surrogate,4,1.7406000285000294,295,True
s5_wd1,weight_norm,201,4,surrogate,5,1.0488964999300625,295,True
s5_wd1,weight_norm,201,4,surrogate,6,1.5377061847408429,295,True
s5_wd1,weight_norm,201,4,surrogate,7,1.4504799285065257,295,True
s5_wd1,weight_norm,201,4,surrogate,8,1.412322909528992,295,True
s5_wd1,weight_norm,201,4,surrogate,9,1.6148278855366252,295,True
s5_wd1,weight_norm,201,4,surrogate,10,1.6667666365963965,295,True
s5_wd1,weight_norm,201,4,surrogate,11,1.749689145395626,295,True
s5_wd1,weight_norm,201,4,surrogate,12,1.5310065823993169,295,True
s5_wd1,weight_norm,201,4,surrogate,13,1.7855334442417663,295,True
s5_wd1,weight_norm,201,4,surrogate,14,1.1662782328139827,295,True
s5_wd1,weight_norm,201,4,surrogate,15,1.4385123534946382,295,True
s5_wd1,weight_norm,201,4,surrogate,16,1.5980427920872864,295,True
s5_wd1,weight_norm,201,4,surrogate,17,1.4909502575389182,295,True
s5_wd1,weight_norm,201,4,surrogate,18,1.4975161447931908,295,True
s5_wd1,weight_norm,201,4,surrogate,19,1.4757216105456754,295,True
s5_wd1,weight_norm,201,4,surrogate,20,1.2123513050705759,295,True
s5_wd1,weight_norm,201,4,surrogate,21,1.8165454362985558,295,True
s5_wd1,weight_norm,201,4,surrogate,22,1.3094703867559845,295,True
s5_wd1,weight_norm,201,4,surrogate,23,1.492895015196308,295,True
s5_wd1,weight_norm,201,4,surrogate,24,1.5081803023117488,295,True
s5_wd1,weight_norm,201,4,surrogate,25,1.2092410773911872,295,True
s5_wd1,weight_norm,201,4,surrogate,26,1.9329918265643509,295,True
s5_wd1,weight_norm,201,4,surrogate,27,1.7525230898534723,295,True
s5_wd1,weight_norm,201,4,surrogate,28,1.9976278752928593,295,True
s5_wd1,weight_norm,201,4,surrogate,29,1.7646644601012118,295,True
s5_wd1,weight_norm,201,4,surrogate,30,1.3487904959239219,295,True
s5_wd1,weight_norm,201,4,surrogate,31,1.5063711260298491,295,True
s5_wd1,weight_norm,201,4,surrogate,32,1.9289518359151558,295,True
s5_wd1,weight_norm,201,4,surrogate,33,1.6864545523144319,295,True
s5_wd1,weight_norm,201,4,surrogate,34,1.6299517488970863,295,True
s5_wd1,weight_norm,201,4,surrogate,35,1.6275248203265362,295,True
s5_wd1,weight_norm,201,4,surrogate,36,1.3357341533304319,295,True
s5_wd1,weight_norm,201,4,surrogate,37,1.5442997824267433,295,True
s5_wd1,weight_norm,201,4,surrogate,38,1.8592973749421167,295,True
s5_wd1,weight_norm,401,0,observed,-1,2.521040112496775,295,True
s5_wd1,weight_norm,401,0,surrogate,0,2.0254161948550373,295,True
s5_wd1,weight_norm,401,0,surrogate,1,1.3636350783332536,295,True
s5_wd1,weight_norm,401,0,surrogate,2,1.5493689367664865,295,True
s5_wd1,weight_norm,401,0,surrogate,3,2.272741538087521,295,True
s5_wd1,weight_norm,401,0,surrogate,4,1.6915647926638129,295,True
s5_wd1,weight_norm,401,0,surrogate,5,1.4930570730770423,295,True
s5_wd1,weight_norm,401,0,surrogate,6,1.6863119844300598,295,True
s5_wd1,weight_norm,401,0,surrogate,7,2.1266141812390735,295,True
s5_wd1,weight_norm,401,0,surrogate,8,1.4282786952057855,295,True
s5_wd1,weight_norm,401,0,surrogate,9,1.4141693148612442,295,True
s5_wd1,weight_norm,401,0,surrogate,10,1.8336617945159455,295,True
s5_wd1,weight_norm,401,0,surrogate,11,1.5247149822360944,295,True
s5_wd1,weight_norm,401,0,surrogate,12,1.983024751843236,295,True
s5_wd1,weight_norm,401,0,surrogate,13,1.1181691553968223,295,True
s5_wd1,weight_norm,401,0,surrogate,14,1.1564790145548782,295,True
s5_wd1,weight_norm,401,0,surrogate,15,1.194828184627021,295,True
s5_wd1,weight_norm,401,0,surrogate,16,1.720494283412129,295,True
s5_wd1,weight_norm,401,0,surrogate,17,1.4018871342692705,295,True
s5_wd1,weight_norm,401,0,surrogate,18,1.4966540843830525,295,True
s5_wd1,weight_norm,401,0,surrogate,19,2.105393309423471,295,True
s5_wd1,weight_norm,401,0,surrogate,20,2.408965448497378,295,True
s5_wd1,weight_norm,401,0,surrogate,21,1.3271785549402564,295,True
s5_wd1,weight_norm,401,0,surrogate,22,2.014667543470431,295,True
s5_wd1,weight_norm,401,0,surrogate,23,1.869200496439459,295,True
s5_wd1,weight_norm,401,0,surrogate,24,1.7371540668415628,295,True
s5_wd1,weight_norm,401,0,surrogate,25,1.0934272343261422,295,True
s5_wd1,weight_norm,401,0,surrogate,26,1.6000273616894725,295,True
s5_wd1,weight_norm,401,0,surrogate,27,2.0395784634696907,295,True
s5_wd1,weight_norm,401,0,surrogate,28,1.5979899128220854,295,True
s5_wd1,weight_norm,401,0,surrogate,29,1.4242134104980413,295,True
s5_wd1,weight_norm,401,0,surrogate,30,1.336710629691422,295,True
s5_wd1,weight_norm,401,0,surrogate,31,1.3963974402956827,295,True
s5_wd1,weight_norm,401,0,surrogate,32,1.6282087660789264,295,True
s5_wd1,weight_norm,401,0,surrogate,33,2.330565457956626,295,True
s5_wd1,weight_norm,401,0,surrogate,34,1.6961219397471523,295,True
s5_wd1,weight_norm,401,0,surrogate,35,1.6870677441425046,295,True
s5_wd1,weight_norm,401,0,surrogate,36,1.4978566848144672,295,True
s5_wd1,weight_norm,401,0,surrogate,37,1.4252406142336556,295,True
s5_wd1,weight_norm,401,0,surrogate,38,1.1993923119659757,295,True
s5_wd1,weight_norm,401,1,observed,-1,2.521040112496775,295,True
s5_wd1,weight_norm,401,1,surrogate,0,1.588712237925389,295,True
s5_wd1,weight_norm,401,1,surrogate,1,1.8187088034089522,295,True
s5_wd1,weight_norm,401,1,surrogate,2,1.9255221813331853,295,True
s5_wd1,weight_norm,401,1,surrogate,3,1.2612843490092915,295,True
s5_wd1,weight_norm,401,1,surrogate,4,1.9364570227364413,295,True
s5_wd1,weight_norm,401,1,surrogate,5,1.3720478182813385,295,True
s5_wd1,weight_norm,401,1,surrogate,6,1.0593065698716762,295,True
s5_wd1,weight_norm,401,1,surrogate,7,1.739815842879873,295,True
s5_wd1,weight_norm,401,1,surrogate,8,1.850881106159651,295,True
s5_wd1,weight_norm,401,1,surrogate,9,1.4452022782433052,295,True
s5_wd1,weight_norm,401,1,surrogate,10,1.4813746913873769,295,True
s5_wd1,weight_norm,401,1,surrogate,11,1.7940378540363457,295,True
s5_wd1,weight_norm,401,1,surrogate,12,1.855324229251853,295,True
s5_wd1,weight_norm,401,1,surrogate,13,1.6118409488465044,295,True
s5_wd1,weight_norm,401,1,surrogate,14,2.1142335608842795,295,True
s5_wd1,weight_norm,401,1,surrogate,15,1.6744212753776506,295,True
s5_wd1,weight_norm,401,1,surrogate,16,1.7120728631827042,295,True
s5_wd1,weight_norm,401,1,surrogate,17,1.466518882681365,295,True
s5_wd1,weight_norm,401,1,surrogate,18,2.2559314520737437,295,True
s5_wd1,weight_norm,401,1,surrogate,19,1.5387117959265217,295,True
s5_wd1,weight_norm,401,1,surrogate,20,2.089572484952958,295,True
s5_wd1,weight_norm,401,1,surrogate,21,1.448185548004466,295,True
s5_wd1,weight_norm,401,1,surrogate,22,1.4108042633545557,295,True
s5_wd1,weight_norm,401,1,surrogate,23,1.9315404133346437,295,True
s5_wd1,weight_norm,401,1,surrogate,24,1.5664174674743354,295,True
s5_wd1,weight_norm,401,1,surrogate,25,1.1741873351183265,295,True
s5_wd1,weight_norm,401,1,surrogate,26,2.0572100648028053,295,True
s5_wd1,weight_norm,401,1,surrogate,27,1.3296801954256445,295,True
s5_wd1,weight_norm,401,1,surrogate,28,1.411774859755701,295,True
s5_wd1,weight_norm,401,1,surrogate,29,1.3911055067359075,295,True
s5_wd1,weight_norm,401,1,surrogate,30,1.8276013244136604,295,True
s5_wd1,weight_norm,401,1,surrogate,31,1.1807159678906212,295,True
s5_wd1,weight_norm,401,1,surrogate,32,1.3992824164474857,295,True
s5_wd1,weight_norm,401,1,surrogate,33,1.4042271716680315,295,True
s5_wd1,weight_norm,401,1,surrogate,34,1.3410897444858523,295,True
s5_wd1,weight_norm,401,1,surrogate,35,1.9987248810372003,295,True
s5_wd1,weight_norm,401,1,surrogate,36,1.6704303834174576,295,True
s5_wd1,weight_norm,401,1,surrogate,37,1.2654776562755305,295,True
s5_wd1,weight_norm,401,1,surrogate,38,1.4190600035341774,295,True
s5_wd1,weight_norm,401,2,observed,-1,2.521040112496775,295,True
s5_wd1,weight_norm,401,2,surrogate,0,2.148182130448483,295,True
s5_wd1,weight_norm,401,2,surrogate,1,2.033109283584773,295,True
s5_wd1,weight_norm,401,2,surrogate,2,1.6442424696860056,295,True
s5_wd1,weight_norm,401,2,surrogate,3,1.8031282448247536,295,True
s5_wd1,weight_norm,401,2,surrogate,4,1.2458256552472478,295,True
s5_wd1,weight_norm,401,2,surrogate,5,1.757352338202477,295,True
s5_wd1,weight_norm,401,2,surrogate,6,1.1447723054768346,295,True
s5_wd1,weight_norm,401,2,surrogate,7,1.6138203738933163,295,True
s5_wd1,weight_norm,401,2,surrogate,8,1.4451644817524532,295,True
s5_wd1,weight_norm,401,2,surrogate,9,1.5580357827920128,295,True
s5_wd1,weight_norm,401,2,surrogate,10,1.5128337930214644,295,True
s5_wd1,weight_norm,401,2,surrogate,11,1.5487752569022912,295,True
s5_wd1,weight_norm,401,2,surrogate,12,1.852026067872993,295,True
s5_wd1,weight_norm,401,2,surrogate,13,1.290998341178801,295,True
s5_wd1,weight_norm,401,2,surrogate,14,1.577764353719411,295,True
s5_wd1,weight_norm,401,2,surrogate,15,1.5694648354159235,295,True
s5_wd1,weight_norm,401,2,surrogate,16,1.4436428985085497,295,True
s5_wd1,weight_norm,401,2,surrogate,17,2.4795913097688516,295,True
s5_wd1,weight_norm,401,2,surrogate,18,1.7385984044427718,295,True
s5_wd1,weight_norm,401,2,surrogate,19,1.4187101009427467,295,True
s5_wd1,weight_norm,401,2,surrogate,20,1.1283286659801415,295,True
s5_wd1,weight_norm,401,2,surrogate,21,1.6282924316275675,295,True
s5_wd1,weight_norm,401,2,surrogate,22,1.1566256146792677,295,True
s5_wd1,weight_norm,401,2,surrogate,23,1.9839522468520385,295,True
s5_wd1,weight_norm,401,2,surrogate,24,1.6860652889276293,295,True
s5_wd1,weight_norm,401,2,surrogate,25,1.6198390422227376,295,True
s5_wd1,weight_norm,401,2,surrogate,26,1.120407687985782,295,True
s5_wd1,weight_norm,401,2,surrogate,27,1.297081220175242,295,True
s5_wd1,weight_norm,401,2,surrogate,28,1.56614626855146,295,True
s5_wd1,weight_norm,401,2,surrogate,29,1.7137585515813425,295,True
s5_wd1,weight_norm,401,2,surrogate,30,1.4551447256412335,295,True
s5_wd1,weight_norm,401,2,surrogate,31,1.6561123128040598,295,True
s5_wd1,weight_norm,401,2,surrogate,32,1.2909830984956638,295,True
s5_wd1,weight_norm,401,2,surrogate,33,1.3154744899278836,295,True
s5_wd1,weight_norm,401,2,surrogate,34,1.2164063600814088,295,True
s5_wd1,weight_norm,401,2,surrogate,35,1.1903188317618343,295,True
s5_wd1,weight_norm,401,2,surrogate,36,1.4496047088801418,295,True
s5_wd1,weight_norm,401,2,surrogate,37,1.3030206869988945,295,True
s5_wd1,weight_norm,401,2,surrogate,38,1.293633315670648,295,True
s5_wd1,weight_norm,401,3,observed,-1,2.521040112496775,295,True
s5_wd1,weight_norm,401,3,surrogate,0,1.0854006694322977,295,True
s5_wd1,weight_norm,401,3,surrogate,1,1.3456978374435,295,True
s5_wd1,weight_norm,401,3,surrogate,2,1.1388537460140615,295,True
s5_wd1,weight_norm,401,3,surrogate,3,1.479207392183337,295,True
s5_wd1,weight_norm,401,3,surrogate,4,1.338389445392173,295,True
s5_wd1,weight_norm,401,3,surrogate,5,1.7362584505837855,295,True
s5_wd1,weight_norm,401,3,surrogate,6,1.6789851225227432,295,True
s5_wd1,weight_norm,401,3,surrogate,7,1.463863531293037,295,True
s5_wd1,weight_norm,401,3,surrogate,8,2.0162746778377354,295,True
s5_wd1,weight_norm,401,3,surrogate,9,1.7668321647961698,295,True
s5_wd1,weight_norm,401,3,surrogate,10,1.7870041487680794,295,True
s5_wd1,weight_norm,401,3,surrogate,11,1.2939941118891736,295,True
s5_wd1,weight_norm,401,3,surrogate,12,1.46314738224105,295,True
s5_wd1,weight_norm,401,3,surrogate,13,1.543806901003055,295,True
s5_wd1,weight_norm,401,3,surrogate,14,1.8776996956441498,295,True
s5_wd1,weight_norm,401,3,surrogate,15,1.6154255075780872,295,True
s5_wd1,weight_norm,401,3,surrogate,16,1.4620814741510348,295,True
s5_wd1,weight_norm,401,3,surrogate,17,1.2320526855624763,295,True
s5_wd1,weight_norm,401,3,surrogate,18,1.6334239183346826,295,True
s5_wd1,weight_norm,401,3,surrogate,19,1.7587517568858126,295,True
s5_wd1,weight_norm,401,3,surrogate,20,1.4855928207987807,295,True
s5_wd1,weight_norm,401,3,surrogate,21,1.3267420223338968,295,True
s5_wd1,weight_norm,401,3,surrogate,22,1.0913870533111218,295,True
s5_wd1,weight_norm,401,3,surrogate,23,1.2376703125388102,295,True
s5_wd1,weight_norm,401,3,surrogate,24,2.003128890713483,295,True
s5_wd1,weight_norm,401,3,surrogate,25,1.486174624310246,295,True
s5_wd1,weight_norm,401,3,surrogate,26,1.4548703040077078,295,True
s5_wd1,weight_norm,401,3,surrogate,27,1.8726172357038542,295,True
s5_wd1,weight_norm,401,3,surrogate,28,1.559944756538657,295,True
s5_wd1,weight_norm,401,3,surrogate,29,2.513823424311448,295,True
s5_wd1,weight_norm,401,3,surrogate,30,1.5403078112734239,295,True
s5_wd1,weight_norm,401,3,surrogate,31,1.5989703587974806,295,True
s5_wd1,weight_norm,401,3,surrogate,32,1.737565150386125,295,True
s5_wd1,weight_norm,401,3,surrogate,33,1.6626191399166967,295,True
s5_wd1,weight_norm,401,3,surrogate,34,1.694499653351277,295,True
s5_wd1,weight_norm,401,3,surrogate,35,1.5760579538865491,295,True
s5_wd1,weight_norm,401,3,surrogate,36,1.735687446767001,295,True
s5_wd1,weight_norm,401,3,surrogate,37,1.2424240796080515,295,True
s5_wd1,weight_norm,401,3,surrogate,38,1.6737381167628447,295,True
s5_wd1,weight_norm,401,4,observed,-1,2.521040112496775,295,True
s5_wd1,weight_norm,401,4,surrogate,0,1.2658497258072114,295,True
s5_wd1,weight_norm,401,4,surrogate,1,1.964122447380993,295,True
s5_wd1,weight_norm,401,4,surrogate,2,1.3317814800005465,295,True
s5_wd1,weight_norm,401,4,surrogate,3,1.9069702320438604,295,True
s5_wd1,weight_norm,401,4,surrogate,4,1.1267909188595153,295,True
s5_wd1,weight_norm,401,4,surrogate,5,1.5730006874324487,295,True
s5_wd1,weight_norm,401,4,surrogate,6,1.6097487393518541,295,True
s5_wd1,weight_norm,401,4,surrogate,7,1.6257558087774353,295,True
s5_wd1,weight_norm,401,4,surrogate,8,1.529388057352501,295,True
s5_wd1,weight_norm,401,4,surrogate,9,1.749646406173775,295,True
s5_wd1,weight_norm,401,4,surrogate,10,1.3343396079991305,295,True
s5_wd1,weight_norm,401,4,surrogate,11,1.4149539240407427,295,True
s5_wd1,weight_norm,401,4,surrogate,12,1.4900470811442617,295,True
s5_wd1,weight_norm,401,4,surrogate,13,2.088203074948643,295,True
s5_wd1,weight_norm,401,4,surrogate,14,1.8532776854075792,295,True
s5_wd1,weight_norm,401,4,surrogate,15,1.7974399002275476,295,True
s5_wd1,weight_norm,401,4,surrogate,16,1.8586950210656286,295,True
s5_wd1,weight_norm,401,4,surrogate,17,1.43047054070996,295,True
s5_wd1,weight_norm,401,4,surrogate,18,1.582982953080754,295,True
s5_wd1,weight_norm,401,4,surrogate,19,1.5577289756344996,295,True
s5_wd1,weight_norm,401,4,surrogate,20,1.5294996149145634,295,True
s5_wd1,weight_norm,401,4,surrogate,21,1.3198917476898149,295,True
s5_wd1,weight_norm,401,4,surrogate,22,1.461666533568001,295,True
s5_wd1,weight_norm,401,4,surrogate,23,1.4585475239547263,295,True
s5_wd1,weight_norm,401,4,surrogate,24,2.0016042701269576,295,True
s5_wd1,weight_norm,401,4,surrogate,25,1.6974603212913677,295,True
s5_wd1,weight_norm,401,4,surrogate,26,1.5213359833277125,295,True
s5_wd1,weight_norm,401,4,surrogate,27,1.6235703982511112,295,True
s5_wd1,weight_norm,401,4,surrogate,28,1.4561585917869342,295,True
s5_wd1,weight_norm,401,4,surrogate,29,1.5440665375270508,295,True
s5_wd1,weight_norm,401,4,surrogate,30,1.625257356057165,295,True
s5_wd1,weight_norm,401,4,surrogate,31,1.3067423516636927,295,True
s5_wd1,weight_norm,401,4,surrogate,32,1.8203442678330835,295,True
s5_wd1,weight_norm,401,4,surrogate,33,1.7711646401035956,295,True
s5_wd1,weight_norm,401,4,surrogate,34,1.1658602530482634,295,True
s5_wd1,weight_norm,401,4,surrogate,35,1.6574178734057368,295,True
s5_wd1,weight_norm,401,4,surrogate,36,1.835250487895785,295,True
s5_wd1,weight_norm,401,4,surrogate,37,1.5959832438853474,295,True
s5_wd1,weight_norm,401,4,surrogate,38,1.4708630510217164,295,True
s5_wd1,train_loss,101,0,observed,-1,7.188096698204651,295,True
s5_wd1,train_loss,101,0,surrogate,0,2.2103860514609033,295,True
s5_wd1,train_loss,101,0,surrogate,1,1.7269228326194308,295,True
s5_wd1,train_loss,101,0,surrogate,2,1.512878778163071,295,True
s5_wd1,train_loss,101,0,surrogate,3,1.4980691029529558,295,True
s5_wd1,train_loss,101,0,surrogate,4,1.5116406470878998,295,True
s5_wd1,train_loss,101,0,surrogate,5,1.7154804329081481,295,True
s5_wd1,train_loss,101,0,surrogate,6,2.013540970233155,295,True
s5_wd1,train_loss,101,0,surrogate,7,1.6246758246935804,295,True
s5_wd1,train_loss,101,0,surrogate,8,1.3824482617648781,295,True
s5_wd1,train_loss,101,0,surrogate,9,2.4905352080194625,295,True
s5_wd1,train_loss,101,0,surrogate,10,1.8507156100363122,295,True
s5_wd1,train_loss,101,0,surrogate,11,1.7159833281127377,295,True
s5_wd1,train_loss,101,0,surrogate,12,1.560244687671618,295,True
s5_wd1,train_loss,101,0,surrogate,13,2.118936810718394,295,True
s5_wd1,train_loss,101,0,surrogate,14,1.6973102689076478,295,True
s5_wd1,train_loss,101,0,surrogate,15,2.493548921811716,295,True
s5_wd1,train_loss,101,0,surrogate,16,1.8087519165217594,295,True
s5_wd1,train_loss,101,0,surrogate,17,1.7800055503110102,295,True
s5_wd1,train_loss,101,0,surrogate,18,1.7351892880584583,295,True
s5_wd1,train_loss,101,0,surrogate,19,1.8479825894497857,295,True
s5_wd1,train_loss,101,0,surrogate,20,1.7928791267352115,295,True
s5_wd1,train_loss,101,0,surrogate,21,1.666583445670105,295,True
s5_wd1,train_loss,101,0,surrogate,22,1.5839722599514814,295,True
s5_wd1,train_loss,101,0,surrogate,23,2.0283365932848416,295,True
s5_wd1,train_loss,101,0,surrogate,24,2.0118550902252825,295,True
s5_wd1,train_loss,101,0,surrogate,25,2.0767477773854686,295,True
s5_wd1,train_loss,101,0,surrogate,26,2.270035652835014,295,True
s5_wd1,train_loss,101,0,surrogate,27,1.7898712517026019,295,True
s5_wd1,train_loss,101,0,surrogate,28,2.6631135842357803,295,True
s5_wd1,train_loss,101,0,surrogate,29,2.4234410656967467,295,True
s5_wd1,train_loss,101,0,surrogate,30,2.0350867747580383,295,True
s5_wd1,train_loss,101,0,surrogate,31,1.847899137283241,295,True
s5_wd1,train_loss,101,0,surrogate,32,1.7976115339658094,295,True
s5_wd1,train_loss,101,0,surrogate,33,1.7448467338789053,295,True
s5_wd1,train_loss,101,0,surrogate,34,2.57405894046444,295,True
s5_wd1,train_loss,101,0,surrogate,35,1.6109177561752719,295,True
s5_wd1,train_loss,101,0,surrogate,36,1.8146239093501977,295,True
s5_wd1,train_loss,101,0,surrogate,37,1.2594862072777449,295,True
s5_wd1,train_loss,101,0,surrogate,38,1.8063851482183326,295,True
s5_wd1,train_loss,101,1,observed,-1,7.188096698204651,295,True
s5_wd1,train_loss,101,1,surrogate,0,1.9194028729284722,295,True
s5_wd1,train_loss,101,1,surrogate,1,2.571551713164417,295,True
s5_wd1,train_loss,101,1,surrogate,2,1.9701041737015643,295,True
s5_wd1,train_loss,101,1,surrogate,3,2.037770984588478,295,True
s5_wd1,train_loss,101,1,surrogate,4,1.641906487806118,295,True
s5_wd1,train_loss,101,1,surrogate,5,1.6506991543108909,295,True
s5_wd1,train_loss,101,1,surrogate,6,1.596776135644219,295,True
s5_wd1,train_loss,101,1,surrogate,7,1.3127893682009268,295,True
s5_wd1,train_loss,101,1,surrogate,8,1.7337800437501862,295,True
s5_wd1,train_loss,101,1,surrogate,9,1.547041880004971,295,True
s5_wd1,train_loss,101,1,surrogate,10,2.220708845374463,295,True
s5_wd1,train_loss,101,1,surrogate,11,1.7450743152303567,295,True
s5_wd1,train_loss,101,1,surrogate,12,2.2709495073186186,295,True
s5_wd1,train_loss,101,1,surrogate,13,1.3825487952947706,295,True
s5_wd1,train_loss,101,1,surrogate,14,1.8841041652238122,295,True
s5_wd1,train_loss,101,1,surrogate,15,2.2740512530742407,295,True
s5_wd1,train_loss,101,1,surrogate,16,2.052613989453432,295,True
s5_wd1,train_loss,101,1,surrogate,17,2.0413796948603458,295,True
s5_wd1,train_loss,101,1,surrogate,18,1.6319848475085124,295,True
s5_wd1,train_loss,101,1,surrogate,19,1.8085634132345239,295,True
s5_wd1,train_loss,101,1,surrogate,20,1.8003368655737615,295,True
s5_wd1,train_loss,101,1,surrogate,21,1.9764002738693296,295,True
s5_wd1,train_loss,101,1,surrogate,22,1.6891139333652259,295,True
s5_wd1,train_loss,101,1,surrogate,23,1.4272842229262332,295,True
s5_wd1,train_loss,101,1,surrogate,24,1.9572611874354997,295,True
s5_wd1,train_loss,101,1,surrogate,25,2.089662546926998,295,True
s5_wd1,train_loss,101,1,surrogate,26,1.8186674327150454,295,True
s5_wd1,train_loss,101,1,surrogate,27,2.4177574135600195,295,True
s5_wd1,train_loss,101,1,surrogate,28,1.5396681434654602,295,True
s5_wd1,train_loss,101,1,surrogate,29,1.7388647533246084,295,True
s5_wd1,train_loss,101,1,surrogate,30,2.560098775023634,295,True
s5_wd1,train_loss,101,1,surrogate,31,2.218109338923862,295,True
s5_wd1,train_loss,101,1,surrogate,32,2.426790713995857,295,True
s5_wd1,train_loss,101,1,surrogate,33,1.3420991344983564,295,True
s5_wd1,train_loss,101,1,surrogate,34,1.945695223077964,295,True
s5_wd1,train_loss,101,1,surrogate,35,1.462349674054845,295,True
s5_wd1,train_loss,101,1,surrogate,36,1.3446198872539499,295,True
s5_wd1,train_loss,101,1,surrogate,37,1.9508300135083034,295,True
s5_wd1,train_loss,101,1,surrogate,38,1.710245457451033,295,True
s5_wd1,train_loss,101,2,observed,-1,7.188096698204651,295,True
s5_wd1,train_loss,101,2,surrogate,0,1.4775033686601347,295,True
s5_wd1,train_loss,101,2,surrogate,1,1.3694686080804521,295,True
s5_wd1,train_loss,101,2,surrogate,2,1.8237502601247348,295,True
s5_wd1,train_loss,101,2,surrogate,3,1.716117330383294,295,True
s5_wd1,train_loss,101,2,surrogate,4,2.1086659630015516,295,True
s5_wd1,train_loss,101,2,surrogate,5,2.9567428604553356,295,True
s5_wd1,train_loss,101,2,surrogate,6,1.6644269365704258,295,True
s5_wd1,train_loss,101,2,surrogate,7,1.9894486711326262,295,True
s5_wd1,train_loss,101,2,surrogate,8,2.0965028403966572,295,True
s5_wd1,train_loss,101,2,surrogate,9,1.9084484146862748,295,True
s5_wd1,train_loss,101,2,surrogate,10,1.7250484259287897,295,True
s5_wd1,train_loss,101,2,surrogate,11,2.092642625897591,295,True
s5_wd1,train_loss,101,2,surrogate,12,2.690492221379568,295,True
s5_wd1,train_loss,101,2,surrogate,13,1.4989493087499646,295,True
s5_wd1,train_loss,101,2,surrogate,14,2.0843724482719925,295,True
s5_wd1,train_loss,101,2,surrogate,15,1.6582494220694086,295,True
s5_wd1,train_loss,101,2,surrogate,16,2.1030258867919613,295,True
s5_wd1,train_loss,101,2,surrogate,17,1.9082062292669624,295,True
s5_wd1,train_loss,101,2,surrogate,18,2.599725425204625,295,True
s5_wd1,train_loss,101,2,surrogate,19,1.299354174597126,295,True
s5_wd1,train_loss,101,2,surrogate,20,1.5257761186696277,295,True
s5_wd1,train_loss,101,2,surrogate,21,1.7435457477335679,295,True
s5_wd1,train_loss,101,2,surrogate,22,2.396995577228158,295,True
s5_wd1,train_loss,101,2,surrogate,23,2.1266151056951585,295,True
s5_wd1,train_loss,101,2,surrogate,24,1.266303044055315,295,True
s5_wd1,train_loss,101,2,surrogate,25,1.518737748121289,295,True
s5_wd1,train_loss,101,2,surrogate,26,2.118251610791001,295,True
s5_wd1,train_loss,101,2,surrogate,27,1.5930703080067994,295,True
s5_wd1,train_loss,101,2,surrogate,28,1.6658648749699934,295,True
s5_wd1,train_loss,101,2,surrogate,29,1.6423111719653987,295,True
s5_wd1,train_loss,101,2,surrogate,30,1.4742064385096987,295,True
s5_wd1,train_loss,101,2,surrogate,31,1.7586708691202155,295,True
s5_wd1,train_loss,101,2,surrogate,32,1.5855121953499325,295,True
s5_wd1,train_loss,101,2,surrogate,33,1.4571222197829903,295,True
s5_wd1,train_loss,101,2,surrogate,34,2.406983950906235,295,True
s5_wd1,train_loss,101,2,surrogate,35,1.8709811876651172,295,True
s5_wd1,train_loss,101,2,surrogate,36,2.0120965106628397,295,True
s5_wd1,train_loss,101,2,surrogate,37,2.2326817605529374,295,True
s5_wd1,train_loss,101,2,surrogate,38,1.8660561592436276,295,True
s5_wd1,train_loss,101,3,observed,-1,7.188096698204651,295,True
s5_wd1,train_loss,101,3,surrogate,0,1.2810004283008483,295,True
s5_wd1,train_loss,101,3,surrogate,1,1.5978860162777953,295,True
s5_wd1,train_loss,101,3,surrogate,2,1.331699099265562,295,True
s5_wd1,train_loss,101,3,surrogate,3,1.9781205065643324,295,True
s5_wd1,train_loss,101,3,surrogate,4,1.5547924404237268,295,True
s5_wd1,train_loss,101,3,surrogate,5,1.445679120008184,295,True
s5_wd1,train_loss,101,3,surrogate,6,2.060916175325274,295,True
s5_wd1,train_loss,101,3,surrogate,7,2.4185667559765736,295,True
s5_wd1,train_loss,101,3,surrogate,8,1.8228662147935533,295,True
s5_wd1,train_loss,101,3,surrogate,9,2.3794897204399628,295,True
s5_wd1,train_loss,101,3,surrogate,10,2.0608637857027015,295,True
s5_wd1,train_loss,101,3,surrogate,11,2.040899519441084,295,True
s5_wd1,train_loss,101,3,surrogate,12,1.7916494164679613,295,True
s5_wd1,train_loss,101,3,surrogate,13,1.4266611727507605,295,True
s5_wd1,train_loss,101,3,surrogate,14,1.4064104242855369,295,True
s5_wd1,train_loss,101,3,surrogate,15,2.420044711163015,295,True
s5_wd1,train_loss,101,3,surrogate,16,1.5320074454073829,295,True
s5_wd1,train_loss,101,3,surrogate,17,1.7400934884685408,295,True
s5_wd1,train_loss,101,3,surrogate,18,2.244210498056631,295,True
s5_wd1,train_loss,101,3,surrogate,19,1.7544793500127631,295,True
s5_wd1,train_loss,101,3,surrogate,20,2.27007589939019,295,True
s5_wd1,train_loss,101,3,surrogate,21,3.021935956229092,295,True
s5_wd1,train_loss,101,3,surrogate,22,1.8666484152038962,295,True
s5_wd1,train_loss,101,3,surrogate,23,1.5619376362408108,295,True
s5_wd1,train_loss,101,3,surrogate,24,1.5483908654415697,295,True
s5_wd1,train_loss,101,3,surrogate,25,1.6938586017751,295,True
s5_wd1,train_loss,101,3,surrogate,26,2.5111682682896532,295,True
s5_wd1,train_loss,101,3,surrogate,27,2.2043829484453736,295,True
s5_wd1,train_loss,101,3,surrogate,28,1.6610094607318975,295,True
s5_wd1,train_loss,101,3,surrogate,29,1.9001799275640996,295,True
s5_wd1,train_loss,101,3,surrogate,30,1.8483247934147102,295,True
s5_wd1,train_loss,101,3,surrogate,31,1.7102823151789623,295,True
s5_wd1,train_loss,101,3,surrogate,32,1.9361607905773692,295,True
s5_wd1,train_loss,101,3,surrogate,33,1.8517722544146284,295,True
s5_wd1,train_loss,101,3,surrogate,34,2.2927328992071425,295,True
s5_wd1,train_loss,101,3,surrogate,35,2.31039945850312,295,True
s5_wd1,train_loss,101,3,surrogate,36,1.9419145154256818,295,True
s5_wd1,train_loss,101,3,surrogate,37,1.678548929419771,295,True
s5_wd1,train_loss,101,3,surrogate,38,1.550378572026183,295,True
s5_wd1,train_loss,101,4,observed,-1,7.188096698204651,295,True
s5_wd1,train_loss,101,4,surrogate,0,2.021489685012324,295,True
s5_wd1,train_loss,101,4,surrogate,1,1.6078077323494444,295,True
s5_wd1,train_loss,101,4,surrogate,2,1.6824738169662323,295,True
s5_wd1,train_loss,101,4,surrogate,3,2.2626189050079617,295,True
s5_wd1,train_loss,101,4,surrogate,4,1.6397980630227866,295,True
s5_wd1,train_loss,101,4,surrogate,5,1.8336235990210545,295,True
s5_wd1,train_loss,101,4,surrogate,6,2.013853171771334,295,True
s5_wd1,train_loss,101,4,surrogate,7,2.0657870601071657,295,True
s5_wd1,train_loss,101,4,surrogate,8,1.9778942161882842,295,True
s5_wd1,train_loss,101,4,surrogate,9,1.6483146387362557,295,True
s5_wd1,train_loss,101,4,surrogate,10,2.6462189472041064,295,True
s5_wd1,train_loss,101,4,surrogate,11,1.8560256258596475,295,True
s5_wd1,train_loss,101,4,surrogate,12,1.4852176679041469,295,True
s5_wd1,train_loss,101,4,surrogate,13,2.286767319938971,295,True
s5_wd1,train_loss,101,4,surrogate,14,1.8904969142914148,295,True
s5_wd1,train_loss,101,4,surrogate,15,2.9103479649205997,295,True
s5_wd1,train_loss,101,4,surrogate,16,1.4292884077184707,295,True
s5_wd1,train_loss,101,4,surrogate,17,1.4505436336768514,295,True
s5_wd1,train_loss,101,4,surrogate,18,1.7398708422058111,295,True
s5_wd1,train_loss,101,4,surrogate,19,1.991167477858416,295,True
s5_wd1,train_loss,101,4,surrogate,20,2.478347575295513,295,True
s5_wd1,train_loss,101,4,surrogate,21,1.9790349777573686,295,True
s5_wd1,train_loss,101,4,surrogate,22,1.9669945455382551,295,True
s5_wd1,train_loss,101,4,surrogate,23,1.6889668163689648,295,True
s5_wd1,train_loss,101,4,surrogate,24,1.9343685116763956,295,True
s5_wd1,train_loss,101,4,surrogate,25,1.73847052630014,295,True
s5_wd1,train_loss,101,4,surrogate,26,1.548181444969043,295,True
s5_wd1,train_loss,101,4,surrogate,27,2.357113271161864,295,True
s5_wd1,train_loss,101,4,surrogate,28,1.7456867613128313,295,True
s5_wd1,train_loss,101,4,surrogate,29,2.0018728112075403,295,True
s5_wd1,train_loss,101,4,surrogate,30,1.748335140447876,295,True
s5_wd1,train_loss,101,4,surrogate,31,2.1507911793456516,295,True
s5_wd1,train_loss,101,4,surrogate,32,2.049512615140599,295,True
s5_wd1,train_loss,101,4,surrogate,33,1.334673718275885,295,True
s5_wd1,train_loss,101,4,surrogate,34,2.1405976981897883,295,True
s5_wd1,train_loss,101,4,surrogate,35,1.482775093119792,295,True
s5_wd1,train_loss,101,4,surrogate,36,1.7482296152794328,295,True
s5_wd1,train_loss,101,4,surrogate,37,2.2163343550844807,295,True
s5_wd1,train_loss,101,4,surrogate,38,1.6941519978752253,295,True
s5_wd1,train_loss,201,0,observed,-1,7.188096698204651,295,True
s5_wd1,train_loss,201,0,surrogate,0,2.132788481767271,295,True
s5_wd1,train_loss,201,0,surrogate,1,1.5006156926026835,295,True
s5_wd1,train_loss,201,0,surrogate,2,2.1414002611677696,295,True
s5_wd1,train_loss,201,0,surrogate,3,1.661784950394404,295,True
s5_wd1,train_loss,201,0,surrogate,4,2.152847735692935,295,True
s5_wd1,train_loss,201,0,surrogate,5,2.004629856485366,295,True
s5_wd1,train_loss,201,0,surrogate,6,1.6623388302643367,295,True
s5_wd1,train_loss,201,0,surrogate,7,1.5966343993214063,295,True
s5_wd1,train_loss,201,0,surrogate,8,1.6562826744188046,295,True
s5_wd1,train_loss,201,0,surrogate,9,1.8728711685364152,295,True
s5_wd1,train_loss,201,0,surrogate,10,2.0025818886699986,295,True
s5_wd1,train_loss,201,0,surrogate,11,1.7515527935100432,295,True
s5_wd1,train_loss,201,0,surrogate,12,1.582092026623315,295,True
s5_wd1,train_loss,201,0,surrogate,13,1.6355540667901594,295,True
s5_wd1,train_loss,201,0,surrogate,14,1.929740048792356,295,True
s5_wd1,train_loss,201,0,surrogate,15,1.5301941743231813,295,True
s5_wd1,train_loss,201,0,surrogate,16,1.5703504451821966,295,True
s5_wd1,train_loss,201,0,surrogate,17,1.7757810638537808,295,True
s5_wd1,train_loss,201,0,surrogate,18,2.9058311453064882,295,True
s5_wd1,train_loss,201,0,surrogate,19,2.2889479137372377,295,True
s5_wd1,train_loss,201,0,surrogate,20,1.7442457723122715,295,True
s5_wd1,train_loss,201,0,surrogate,21,1.52984486964467,295,True
s5_wd1,train_loss,201,0,surrogate,22,1.1696977814347695,295,True
s5_wd1,train_loss,201,0,surrogate,23,1.515636314916086,295,True
s5_wd1,train_loss,201,0,surrogate,24,1.7936368726442256,295,True
s5_wd1,train_loss,201,0,surrogate,25,1.5473601529289411,295,True
s5_wd1,train_loss,201,0,surrogate,26,2.640039610983031,295,True
s5_wd1,train_loss,201,0,surrogate,27,2.1468382806493747,295,True
s5_wd1,train_loss,201,0,surrogate,28,1.5925776883200031,295,True
s5_wd1,train_loss,201,0,surrogate,29,2.96089910371037,295,True
s5_wd1,train_loss,201,0,surrogate,30,2.01560482407915,295,True
s5_wd1,train_loss,201,0,surrogate,31,1.9681759304547017,295,True
s5_wd1,train_loss,201,0,surrogate,32,2.6660607699226833,295,True
s5_wd1,train_loss,201,0,surrogate,33,2.384205736589712,295,True
s5_wd1,train_loss,201,0,surrogate,34,1.6091584907483942,295,True
s5_wd1,train_loss,201,0,surrogate,35,1.6196052950911068,295,True
s5_wd1,train_loss,201,0,surrogate,36,2.0181915640737915,295,True
s5_wd1,train_loss,201,0,surrogate,37,2.2183084550493586,295,True
s5_wd1,train_loss,201,0,surrogate,38,1.776115611097741,295,True
s5_wd1,train_loss,201,1,observed,-1,7.188096698204651,295,True
s5_wd1,train_loss,201,1,surrogate,0,1.5889329856314003,295,True
s5_wd1,train_loss,201,1,surrogate,1,1.5107080093706873,295,True
s5_wd1,train_loss,201,1,surrogate,2,1.5722253790256298,295,True
s5_wd1,train_loss,201,1,surrogate,3,2.1656758776968066,295,True
s5_wd1,train_loss,201,1,surrogate,4,1.7379249231804605,295,True
s5_wd1,train_loss,201,1,surrogate,5,2.1911699887546896,295,True
s5_wd1,train_loss,201,1,surrogate,6,1.5089352015163724,295,True
s5_wd1,train_loss,201,1,surrogate,7,2.276945097575567,295,True
s5_wd1,train_loss,201,1,surrogate,8,2.6211456153098585,295,True
s5_wd1,train_loss,201,1,surrogate,9,2.153512276081939,295,True
s5_wd1,train_loss,201,1,surrogate,10,2.9207446186502026,295,True
s5_wd1,train_loss,201,1,surrogate,11,2.4347959337820546,295,True
s5_wd1,train_loss,201,1,surrogate,12,2.3230529521146144,295,True
s5_wd1,train_loss,201,1,surrogate,13,2.1057509842764874,295,True
s5_wd1,train_loss,201,1,surrogate,14,2.169055994650401,295,True
s5_wd1,train_loss,201,1,surrogate,15,1.4320253915500372,295,True
s5_wd1,train_loss,201,1,surrogate,16,1.827752594256729,295,True
s5_wd1,train_loss,201,1,surrogate,17,2.3304369732307606,295,True
s5_wd1,train_loss,201,1,surrogate,18,2.662673436814393,295,True
s5_wd1,train_loss,201,1,surrogate,19,1.9744330435896322,295,True
s5_wd1,train_loss,201,1,surrogate,20,2.8553839771739926,295,True
s5_wd1,train_loss,201,1,surrogate,21,1.6882361456177435,295,True
s5_wd1,train_loss,201,1,surrogate,22,2.3211984816100295,295,True
s5_wd1,train_loss,201,1,surrogate,23,1.6824124539787786,295,True
s5_wd1,train_loss,201,1,surrogate,24,1.6798385023982534,295,True
s5_wd1,train_loss,201,1,surrogate,25,1.5438883567236203,295,True
s5_wd1,train_loss,201,1,surrogate,26,2.3371056477177654,295,True
s5_wd1,train_loss,201,1,surrogate,27,2.1890249194096407,295,True
s5_wd1,train_loss,201,1,surrogate,28,2.0514116949894103,295,True
s5_wd1,train_loss,201,1,surrogate,29,2.385497815692098,295,True
s5_wd1,train_loss,201,1,surrogate,30,3.250707638377158,295,True
s5_wd1,train_loss,201,1,surrogate,31,1.8536328839391092,295,True
s5_wd1,train_loss,201,1,surrogate,32,2.3242759876513004,295,True
s5_wd1,train_loss,201,1,surrogate,33,1.8837003762540663,295,True
s5_wd1,train_loss,201,1,surrogate,34,1.905276629151335,295,True
s5_wd1,train_loss,201,1,surrogate,35,1.93570506064728,295,True
s5_wd1,train_loss,201,1,surrogate,36,3.0820356272323584,295,True
s5_wd1,train_loss,201,1,surrogate,37,2.1228280564873137,295,True
s5_wd1,train_loss,201,1,surrogate,38,1.5416242248498957,295,True
s5_wd1,train_loss,201,2,observed,-1,7.188096698204651,295,True
s5_wd1,train_loss,201,2,surrogate,0,2.281528339786604,295,True
s5_wd1,train_loss,201,2,surrogate,1,2.663149293099164,295,True
s5_wd1,train_loss,201,2,surrogate,2,1.5312122532075416,295,True
s5_wd1,train_loss,201,2,surrogate,3,2.84447903165647,295,True
s5_wd1,train_loss,201,2,surrogate,4,1.848327533753428,295,True
s5_wd1,train_loss,201,2,surrogate,5,1.6397450257474535,295,True
s5_wd1,train_loss,201,2,surrogate,6,2.503507578696851,295,True
s5_wd1,train_loss,201,2,surrogate,7,1.824607443551714,295,True
s5_wd1,train_loss,201,2,surrogate,8,1.9465932351233635,295,True
s5_wd1,train_loss,201,2,surrogate,9,2.8372903255922997,295,True
s5_wd1,train_loss,201,2,surrogate,10,1.6542418021106042,295,True
s5_wd1,train_loss,201,2,surrogate,11,1.5290283925759978,295,True
s5_wd1,train_loss,201,2,surrogate,12,2.128056638561693,295,True
s5_wd1,train_loss,201,2,surrogate,13,2.681880542707165,295,True
s5_wd1,train_loss,201,2,surrogate,14,1.4910324906816501,295,True
s5_wd1,train_loss,201,2,surrogate,15,1.2422545917983179,295,True
s5_wd1,train_loss,201,2,surrogate,16,1.6029628711147792,295,True
s5_wd1,train_loss,201,2,surrogate,17,2.1111606986376557,295,True
s5_wd1,train_loss,201,2,surrogate,18,1.840669023533241,295,True
s5_wd1,train_loss,201,2,surrogate,19,2.2012537184771865,295,True
s5_wd1,train_loss,201,2,surrogate,20,2.0017405668171975,295,True
s5_wd1,train_loss,201,2,surrogate,21,1.924640632695673,295,True
s5_wd1,train_loss,201,2,surrogate,22,1.8224823816974272,295,True
s5_wd1,train_loss,201,2,surrogate,23,1.803912576080854,295,True
s5_wd1,train_loss,201,2,surrogate,24,1.6788079141267378,295,True
s5_wd1,train_loss,201,2,surrogate,25,2.086426608721862,295,True
s5_wd1,train_loss,201,2,surrogate,26,1.850986362564155,295,True
s5_wd1,train_loss,201,2,surrogate,27,1.7166979211983,295,True
s5_wd1,train_loss,201,2,surrogate,28,1.8169424974309956,295,True
s5_wd1,train_loss,201,2,surrogate,29,1.7004900925722637,295,True
s5_wd1,train_loss,201,2,surrogate,30,2.0676611812571917,295,True
s5_wd1,train_loss,201,2,surrogate,31,1.8543998254659801,295,True
s5_wd1,train_loss,201,2,surrogate,32,2.1070376640403126,295,True
s5_wd1,train_loss,201,2,surrogate,33,2.9948473203182235,295,True
s5_wd1,train_loss,201,2,surrogate,34,1.3937790020634164,295,True
s5_wd1,train_loss,201,2,surrogate,35,1.9237433528338537,295,True
s5_wd1,train_loss,201,2,surrogate,36,1.2658767487475047,295,True
s5_wd1,train_loss,201,2,surrogate,37,1.9095108220512267,295,True
s5_wd1,train_loss,201,2,surrogate,38,2.6026596471750176,295,True
s5_wd1,train_loss,201,3,observed,-1,7.188096698204651,295,True
s5_wd1,train_loss,201,3,surrogate,0,1.8462784811467248,295,True
s5_wd1,train_loss,201,3,surrogate,1,1.7381341113904767,295,True
s5_wd1,train_loss,201,3,surrogate,2,2.332320409271054,295,True
s5_wd1,train_loss,201,3,surrogate,3,1.777508222588384,295,True
s5_wd1,train_loss,201,3,surrogate,4,2.5772030023267454,295,True
s5_wd1,train_loss,201,3,surrogate,5,1.535574587016818,295,True
s5_wd1,train_loss,201,3,surrogate,6,1.3463235580718018,295,True
s5_wd1,train_loss,201,3,surrogate,7,2.366578427181652,295,True
s5_wd1,train_loss,201,3,surrogate,8,1.5375775334901396,295,True
s5_wd1,train_loss,201,3,surrogate,9,1.5073827540854536,295,True
s5_wd1,train_loss,201,3,surrogate,10,1.893883714010085,295,True
s5_wd1,train_loss,201,3,surrogate,11,1.7685761466095056,295,True
s5_wd1,train_loss,201,3,surrogate,12,1.4580943671177156,295,True
s5_wd1,train_loss,201,3,surrogate,13,1.6987789672396132,295,True
s5_wd1,train_loss,201,3,surrogate,14,1.6076227792527442,295,True
s5_wd1,train_loss,201,3,surrogate,15,1.42022433790996,295,True
s5_wd1,train_loss,201,3,surrogate,16,1.6242643564388979,295,True
s5_wd1,train_loss,201,3,surrogate,17,1.8556024600587728,295,True
s5_wd1,train_loss,201,3,surrogate,18,2.2434050420533036,295,True
s5_wd1,train_loss,201,3,surrogate,19,1.6101218291276451,295,True
s5_wd1,train_loss,201,3,surrogate,20,1.5690917195062748,295,True
s5_wd1,train_loss,201,3,surrogate,21,1.3563441719688099,295,True
s5_wd1,train_loss,201,3,surrogate,22,2.5126566864433184,295,True
s5_wd1,train_loss,201,3,surrogate,23,1.8119760881108677,295,True
s5_wd1,train_loss,201,3,surrogate,24,1.6999160094045307,295,True
s5_wd1,train_loss,201,3,surrogate,25,1.5127784670739641,295,True
s5_wd1,train_loss,201,3,surrogate,26,1.7565416706097867,295,True
s5_wd1,train_loss,201,3,surrogate,27,1.5542906079154164,295,True
s5_wd1,train_loss,201,3,surrogate,28,1.3255207601723804,295,True
s5_wd1,train_loss,201,3,surrogate,29,3.0998485281961767,295,True
s5_wd1,train_loss,201,3,surrogate,30,1.290622250423506,295,True
s5_wd1,train_loss,201,3,surrogate,31,1.9428381204820178,295,True
s5_wd1,train_loss,201,3,surrogate,32,1.9993820859428515,295,True
s5_wd1,train_loss,201,3,surrogate,33,1.9819463837859181,295,True
s5_wd1,train_loss,201,3,surrogate,34,1.8147860608051385,295,True
s5_wd1,train_loss,201,3,surrogate,35,1.8061129184272517,295,True
s5_wd1,train_loss,201,3,surrogate,36,1.7628796781961402,295,True
s5_wd1,train_loss,201,3,surrogate,37,1.7739304500943027,295,True
s5_wd1,train_loss,201,3,surrogate,38,1.6100290448464294,295,True
s5_wd1,train_loss,201,4,observed,-1,7.188096698204651,295,True
s5_wd1,train_loss,201,4,surrogate,0,1.308936546553896,295,True
s5_wd1,train_loss,201,4,surrogate,1,1.628077405823142,295,True
s5_wd1,train_loss,201,4,surrogate,2,2.34580383386267,295,True
s5_wd1,train_loss,201,4,surrogate,3,1.7216997888737116,295,True
s5_wd1,train_loss,201,4,surrogate,4,1.6896221231833115,295,True
s5_wd1,train_loss,201,4,surrogate,5,3.668545935898722,295,True
s5_wd1,train_loss,201,4,surrogate,6,1.8308930569047728,295,True
s5_wd1,train_loss,201,4,surrogate,7,1.9238483133192612,295,True
s5_wd1,train_loss,201,4,surrogate,8,2.4630342648586905,295,True
s5_wd1,train_loss,201,4,surrogate,9,2.2394938370369326,295,True
s5_wd1,train_loss,201,4,surrogate,10,1.8319505365901956,295,True
s5_wd1,train_loss,201,4,surrogate,11,1.7605102677871796,295,True
s5_wd1,train_loss,201,4,surrogate,12,1.7366625226811128,295,True
s5_wd1,train_loss,201,4,surrogate,13,1.9440764600430354,295,True
s5_wd1,train_loss,201,4,surrogate,14,1.6062314597728469,295,True
s5_wd1,train_loss,201,4,surrogate,15,1.2424833428266218,295,True
s5_wd1,train_loss,201,4,surrogate,16,1.5960669190668086,295,True
s5_wd1,train_loss,201,4,surrogate,17,2.125958962361138,295,True
s5_wd1,train_loss,201,4,surrogate,18,2.0662366871911186,295,True
s5_wd1,train_loss,201,4,surrogate,19,1.8907352082807367,295,True
s5_wd1,train_loss,201,4,surrogate,20,1.305018141403683,295,True
s5_wd1,train_loss,201,4,surrogate,21,2.0624095234500426,295,True
s5_wd1,train_loss,201,4,surrogate,22,2.2864393263281664,295,True
s5_wd1,train_loss,201,4,surrogate,23,1.603503564387973,295,True
s5_wd1,train_loss,201,4,surrogate,24,1.9205801456423115,295,True
s5_wd1,train_loss,201,4,surrogate,25,1.4693240090249933,295,True
s5_wd1,train_loss,201,4,surrogate,26,1.5177263952468267,295,True
s5_wd1,train_loss,201,4,surrogate,27,2.3759594654552925,295,True
s5_wd1,train_loss,201,4,surrogate,28,1.4070130129104665,295,True
s5_wd1,train_loss,201,4,surrogate,29,2.52550566817651,295,True
s5_wd1,train_loss,201,4,surrogate,30,1.6348214637434757,295,True
s5_wd1,train_loss,201,4,surrogate,31,1.5300198793275865,295,True
s5_wd1,train_loss,201,4,surrogate,32,2.25450155208917,295,True
s5_wd1,train_loss,201,4,surrogate,33,1.4402270433399238,295,True
s5_wd1,train_loss,201,4,surrogate,34,1.7910210629501884,295,True
s5_wd1,train_loss,201,4,surrogate,35,1.9195615486383992,295,True
s5_wd1,train_loss,201,4,surrogate,36,2.4808148444975044,295,True
s5_wd1,train_loss,201,4,surrogate,37,1.7474174281901262,295,True
s5_wd1,train_loss,201,4,surrogate,38,1.799770347623167,295,True
s5_wd1,train_loss,401,0,observed,-1,7.188096698204651,295,True
s5_wd1,train_loss,401,0,surrogate,0,2.245431144769327,295,True
s5_wd1,train_loss,401,0,surrogate,1,1.8181092685615998,295,True
s5_wd1,train_loss,401,0,surrogate,2,1.7950244153580055,295,True
s5_wd1,train_loss,401,0,surrogate,3,1.4363221124688301,295,True
s5_wd1,train_loss,401,0,surrogate,4,3.430096962936948,295,True
s5_wd1,train_loss,401,0,surrogate,5,2.4589152788505237,295,True
s5_wd1,train_loss,401,0,surrogate,6,3.2957633576387453,295,True
s5_wd1,train_loss,401,0,surrogate,7,2.4185775297885703,295,True
s5_wd1,train_loss,401,0,surrogate,8,2.4817256303102107,295,True
s5_wd1,train_loss,401,0,surrogate,9,1.7112390995865312,295,True
s5_wd1,train_loss,401,0,surrogate,10,3.0867257210471255,295,True
s5_wd1,train_loss,401,0,surrogate,11,2.392686803879345,295,True
s5_wd1,train_loss,401,0,surrogate,12,1.8282457714370692,295,True
s5_wd1,train_loss,401,0,surrogate,13,2.7455705531459866,295,True
s5_wd1,train_loss,401,0,surrogate,14,2.1685947286726033,295,True
s5_wd1,train_loss,401,0,surrogate,15,1.7812467933331837,295,True
s5_wd1,train_loss,401,0,surrogate,16,1.3687773049469518,295,True
s5_wd1,train_loss,401,0,surrogate,17,1.815810235080631,295,True
s5_wd1,train_loss,401,0,surrogate,18,2.240165625946995,295,True
s5_wd1,train_loss,401,0,surrogate,19,3.4766230956336313,295,True
s5_wd1,train_loss,401,0,surrogate,20,1.492252965892292,295,True
s5_wd1,train_loss,401,0,surrogate,21,2.319013627618907,295,True
s5_wd1,train_loss,401,0,surrogate,22,2.2092915088350646,295,True
s5_wd1,train_loss,401,0,surrogate,23,2.9013919050994748,295,True
s5_wd1,train_loss,401,0,surrogate,24,1.9924070431823027,295,True
s5_wd1,train_loss,401,0,surrogate,25,2.0365417271595656,295,True
s5_wd1,train_loss,401,0,surrogate,26,3.1500795871255947,295,True
s5_wd1,train_loss,401,0,surrogate,27,1.902430086260631,295,True
s5_wd1,train_loss,401,0,surrogate,28,1.908901121571707,295,True
s5_wd1,train_loss,401,0,surrogate,29,2.7125397294224776,295,True
s5_wd1,train_loss,401,0,surrogate,30,2.654372826629763,295,True
s5_wd1,train_loss,401,0,surrogate,31,1.7978796659473302,295,True
s5_wd1,train_loss,401,0,surrogate,32,2.109867177697778,295,True
s5_wd1,train_loss,401,0,surrogate,33,1.7238535167343052,295,True
s5_wd1,train_loss,401,0,surrogate,34,1.7927643885570856,295,True
s5_wd1,train_loss,401,0,surrogate,35,2.389281272937241,295,True
s5_wd1,train_loss,401,0,surrogate,36,2.594959951268146,295,True
s5_wd1,train_loss,401,0,surrogate,37,1.8422242482882687,295,True
s5_wd1,train_loss,401,0,surrogate,38,2.8585167557782887,295,True
s5_wd1,train_loss,401,1,observed,-1,7.188096698204651,295,True
s5_wd1,train_loss,401,1,surrogate,0,1.9103305897264862,295,True
s5_wd1,train_loss,401,1,surrogate,1,2.8422943861539296,295,True
s5_wd1,train_loss,401,1,surrogate,2,1.3122705083987791,295,True
s5_wd1,train_loss,401,1,surrogate,3,2.0214744648488456,295,True
s5_wd1,train_loss,401,1,surrogate,4,2.0218295374997903,295,True
s5_wd1,train_loss,401,1,surrogate,5,2.5814677479960264,295,True
s5_wd1,train_loss,401,1,surrogate,6,1.5372709477676578,295,True
s5_wd1,train_loss,401,1,surrogate,7,3.445230064969205,295,True
s5_wd1,train_loss,401,1,surrogate,8,2.761701689687983,295,True
s5_wd1,train_loss,401,1,surrogate,9,1.8884725802829545,295,True
s5_wd1,train_loss,401,1,surrogate,10,1.8292121641378358,295,True
s5_wd1,train_loss,401,1,surrogate,11,2.0586470819026337,295,True
s5_wd1,train_loss,401,1,surrogate,12,2.9266758874378747,295,True
s5_wd1,train_loss,401,1,surrogate,13,2.243216875154336,295,True
s5_wd1,train_loss,401,1,surrogate,14,1.9621630314315994,295,True
s5_wd1,train_loss,401,1,surrogate,15,2.874620027350072,295,True
s5_wd1,train_loss,401,1,surrogate,16,1.988350621937137,295,True
s5_wd1,train_loss,401,1,surrogate,17,3.0493900114242605,295,True
s5_wd1,train_loss,401,1,surrogate,18,2.2242412203355357,295,True
s5_wd1,train_loss,401,1,surrogate,19,1.3666153645315,295,True
s5_wd1,train_loss,401,1,surrogate,20,1.958378001908846,295,True
s5_wd1,train_loss,401,1,surrogate,21,2.0621053022197713,295,True
s5_wd1,train_loss,401,1,surrogate,22,1.7000442108480491,295,True
s5_wd1,train_loss,401,1,surrogate,23,2.361896635318091,295,True
s5_wd1,train_loss,401,1,surrogate,24,1.5211662942294915,295,True
s5_wd1,train_loss,401,1,surrogate,25,2.3302553381379614,295,True
s5_wd1,train_loss,401,1,surrogate,26,2.566803962911776,295,True
s5_wd1,train_loss,401,1,surrogate,27,2.071431397282824,295,True
s5_wd1,train_loss,401,1,surrogate,28,2.1005968350474706,295,True
s5_wd1,train_loss,401,1,surrogate,29,2.0939956199504657,295,True
s5_wd1,train_loss,401,1,surrogate,30,1.5697938655957417,295,True
s5_wd1,train_loss,401,1,surrogate,31,2.49525449265046,295,True
s5_wd1,train_loss,401,1,surrogate,32,2.1605614377142244,295,True
s5_wd1,train_loss,401,1,surrogate,33,2.199306762208192,295,True
s5_wd1,train_loss,401,1,surrogate,34,1.531003867703859,295,True
s5_wd1,train_loss,401,1,surrogate,35,2.189066354417429,295,True
s5_wd1,train_loss,401,1,surrogate,36,1.913783133584099,295,True
s5_wd1,train_loss,401,1,surrogate,37,1.6861926052597258,295,True
s5_wd1,train_loss,401,1,surrogate,38,1.6439043177844161,295,True
s5_wd1,train_loss,401,2,observed,-1,7.188096698204651,295,True
s5_wd1,train_loss,401,2,surrogate,0,1.6603905558389958,295,True
s5_wd1,train_loss,401,2,surrogate,1,2.42576125688709,295,True
s5_wd1,train_loss,401,2,surrogate,2,2.0173102623209727,295,True
s5_wd1,train_loss,401,2,surrogate,3,2.5732311721959547,295,True
s5_wd1,train_loss,401,2,surrogate,4,2.0197916282828907,295,True
s5_wd1,train_loss,401,2,surrogate,5,2.110529861786135,295,True
s5_wd1,train_loss,401,2,surrogate,6,2.2833527555325683,295,True
s5_wd1,train_loss,401,2,surrogate,7,2.04277737124161,295,True
s5_wd1,train_loss,401,2,surrogate,8,2.304203602250993,295,True
s5_wd1,train_loss,401,2,surrogate,9,1.8730501091719383,295,True
s5_wd1,train_loss,401,2,surrogate,10,2.2400374020243206,295,True
s5_wd1,train_loss,401,2,surrogate,11,2.4606999929796993,295,True
s5_wd1,train_loss,401,2,surrogate,12,1.2803708304455859,295,True
s5_wd1,train_loss,401,2,surrogate,13,2.8058807982503806,295,True
s5_wd1,train_loss,401,2,surrogate,14,2.7138118416797634,295,True
s5_wd1,train_loss,401,2,surrogate,15,1.534275837004701,295,True
s5_wd1,train_loss,401,2,surrogate,16,2.0540012473273546,295,True
s5_wd1,train_loss,401,2,surrogate,17,2.409342329360526,295,True
s5_wd1,train_loss,401,2,surrogate,18,2.5679071800730964,295,True
s5_wd1,train_loss,401,2,surrogate,19,1.907316852447909,295,True
s5_wd1,train_loss,401,2,surrogate,20,2.2413764020354847,295,True
s5_wd1,train_loss,401,2,surrogate,21,1.7233883359569697,295,True
s5_wd1,train_loss,401,2,surrogate,22,1.4225294459564375,295,True
s5_wd1,train_loss,401,2,surrogate,23,2.781035040586529,295,True
s5_wd1,train_loss,401,2,surrogate,24,2.6633778977492613,295,True
s5_wd1,train_loss,401,2,surrogate,25,3.4422525033371087,295,True
s5_wd1,train_loss,401,2,surrogate,26,2.5855689819072,295,True
s5_wd1,train_loss,401,2,surrogate,27,2.196582543733409,295,True
s5_wd1,train_loss,401,2,surrogate,28,2.824864550648457,295,True
s5_wd1,train_loss,401,2,surrogate,29,1.7719263650216526,295,True
s5_wd1,train_loss,401,2,surrogate,30,1.8981061691010344,295,True
s5_wd1,train_loss,401,2,surrogate,31,2.3118716311997387,295,True
s5_wd1,train_loss,401,2,surrogate,32,3.294852125281212,295,True
s5_wd1,train_loss,401,2,surrogate,33,2.3322794578354538,295,True
s5_wd1,train_loss,401,2,surrogate,34,2.018402884384856,295,True
s5_wd1,train_loss,401,2,surrogate,35,1.9381190997779791,295,True
s5_wd1,train_loss,401,2,surrogate,36,2.4442846799146074,295,True
s5_wd1,train_loss,401,2,surrogate,37,2.7610359537787215,295,True
s5_wd1,train_loss,401,2,surrogate,38,3.1904443352410303,295,True
s5_wd1,train_loss,401,3,observed,-1,7.188096698204651,295,True
s5_wd1,train_loss,401,3,surrogate,0,1.8251614221153574,295,True
s5_wd1,train_loss,401,3,surrogate,1,1.6283930749445577,295,True
s5_wd1,train_loss,401,3,surrogate,2,1.8092766972207426,295,True
s5_wd1,train_loss,401,3,surrogate,3,2.039119639969537,295,True
s5_wd1,train_loss,401,3,surrogate,4,3.5544732700751185,295,True
s5_wd1,train_loss,401,3,surrogate,5,2.07250379380949,295,True
s5_wd1,train_loss,401,3,surrogate,6,1.991445575199909,295,True
s5_wd1,train_loss,401,3,surrogate,7,2.056303991696589,295,True
s5_wd1,train_loss,401,3,surrogate,8,1.529246530209367,295,True
s5_wd1,train_loss,401,3,surrogate,9,1.7910547850801979,295,True
s5_wd1,train_loss,401,3,surrogate,10,1.7227620820402572,295,True
s5_wd1,train_loss,401,3,surrogate,11,2.15150642509189,295,True
s5_wd1,train_loss,401,3,surrogate,12,2.3977214204385358,295,True
s5_wd1,train_loss,401,3,surrogate,13,2.0103346245589657,295,True
s5_wd1,train_loss,401,3,surrogate,14,2.022433365587656,295,True
s5_wd1,train_loss,401,3,surrogate,15,1.5115951703620536,295,True
s5_wd1,train_loss,401,3,surrogate,16,2.4976791605860225,295,True
s5_wd1,train_loss,401,3,surrogate,17,1.7453586063644375,295,True
s5_wd1,train_loss,401,3,surrogate,18,2.1527497467030465,295,True
s5_wd1,train_loss,401,3,surrogate,19,2.0586096543735604,295,True
s5_wd1,train_loss,401,3,surrogate,20,2.627843022617662,295,True
s5_wd1,train_loss,401,3,surrogate,21,2.2874347500906786,295,True
s5_wd1,train_loss,401,3,surrogate,22,2.5046138670325213,295,True
s5_wd1,train_loss,401,3,surrogate,23,1.8585128637671142,295,True
s5_wd1,train_loss,401,3,surrogate,24,2.140693911117951,295,True
s5_wd1,train_loss,401,3,surrogate,25,2.3745159921581025,295,True
s5_wd1,train_loss,401,3,surrogate,26,3.019163210189736,295,True
s5_wd1,train_loss,401,3,surrogate,27,2.5763324259288947,295,True
s5_wd1,train_loss,401,3,surrogate,28,1.562292896810062,295,True
s5_wd1,train_loss,401,3,surrogate,29,1.7151462069222974,295,True
s5_wd1,train_loss,401,3,surrogate,30,1.7810560714691641,295,True
s5_wd1,train_loss,401,3,surrogate,31,1.6679955351034028,295,True
s5_wd1,train_loss,401,3,surrogate,32,1.9552005850640144,295,True
s5_wd1,train_loss,401,3,surrogate,33,2.6752871398440234,295,True
s5_wd1,train_loss,401,3,surrogate,34,2.010915403854421,295,True
s5_wd1,train_loss,401,3,surrogate,35,2.686289782900916,295,True
s5_wd1,train_loss,401,3,surrogate,36,1.6149181618601134,295,True
s5_wd1,train_loss,401,3,surrogate,37,1.8652699520859524,295,True
s5_wd1,train_loss,401,3,surrogate,38,1.900078635836365,295,True
s5_wd1,train_loss,401,4,observed,-1,7.188096698204651,295,True
s5_wd1,train_loss,401,4,surrogate,0,2.1922905102291352,295,True
s5_wd1,train_loss,401,4,surrogate,1,2.023742336015028,295,True
s5_wd1,train_loss,401,4,surrogate,2,2.5524747007881863,295,True
s5_wd1,train_loss,401,4,surrogate,3,2.1733458988576855,295,True
s5_wd1,train_loss,401,4,surrogate,4,2.2077311621161435,295,True
s5_wd1,train_loss,401,4,surrogate,5,2.0171606758982334,295,True
s5_wd1,train_loss,401,4,surrogate,6,2.133978870029658,295,True
s5_wd1,train_loss,401,4,surrogate,7,1.4524235262690408,295,True
s5_wd1,train_loss,401,4,surrogate,8,2.5895026197839557,295,True
s5_wd1,train_loss,401,4,surrogate,9,1.8735831760198904,295,True
s5_wd1,train_loss,401,4,surrogate,10,2.312300977013743,295,True
s5_wd1,train_loss,401,4,surrogate,11,2.0928349655193377,295,True
s5_wd1,train_loss,401,4,surrogate,12,1.9282270461512252,295,True
s5_wd1,train_loss,401,4,surrogate,13,1.8117951415260674,295,True
s5_wd1,train_loss,401,4,surrogate,14,2.1814307001386326,295,True
s5_wd1,train_loss,401,4,surrogate,15,2.019626542854866,295,True
s5_wd1,train_loss,401,4,surrogate,16,2.5125944384868024,295,True
s5_wd1,train_loss,401,4,surrogate,17,2.528874868075399,295,True
s5_wd1,train_loss,401,4,surrogate,18,2.9514527886507618,295,True
s5_wd1,train_loss,401,4,surrogate,19,2.223049904287097,295,True
s5_wd1,train_loss,401,4,surrogate,20,2.06240325326487,295,True
s5_wd1,train_loss,401,4,surrogate,21,2.3505268613964816,295,True
s5_wd1,train_loss,401,4,surrogate,22,2.5263654317687996,295,True
s5_wd1,train_loss,401,4,surrogate,23,1.4576237829673504,295,True
s5_wd1,train_loss,401,4,surrogate,24,2.065197052352425,295,True
s5_wd1,train_loss,401,4,surrogate,25,1.6701851033958683,295,True
s5_wd1,train_loss,401,4,surrogate,26,2.371831663885585,295,True
s5_wd1,train_loss,401,4,surrogate,27,1.7122609495673078,295,True
s5_wd1,train_loss,401,4,surrogate,28,1.7601375921575435,295,True
s5_wd1,train_loss,401,4,surrogate,29,2.6262868026506676,295,True
s5_wd1,train_loss,401,4,surrogate,30,2.2387793187537692,295,True
s5_wd1,train_loss,401,4,surrogate,31,1.7936678346093275,295,True
s5_wd1,train_loss,401,4,surrogate,32,2.4797319253654577,295,True
s5_wd1,train_loss,401,4,surrogate,33,2.746818406397257,295,True
s5_wd1,train_loss,401,4,surrogate,34,3.5926651411659107,295,True
s5_wd1,train_loss,401,4,surrogate,35,2.275438693926745,295,True
s5_wd1,train_loss,401,4,surrogate,36,2.1662270750157524,295,True
s5_wd1,train_loss,401,4,surrogate,37,1.4529915469366796,295,True
s5_wd1,train_loss,401,4,surrogate,38,2.4492603268988615,295,True
