step,loss,norm,probe,train_seconds,probe_seconds
1,2.2950823307037354,9.451865196228027,2.3068110942840576,0.0010855000000447035,0.0004216000088490546
2,2.2827422618865967,9.453770637512207,2.305108070373535,0.000819500011857599,0.00033409998286515474
3,2.304938554763794,9.456896781921387,2.303044557571411,0.0008054000209085643,0.00031400000443682075
4,2.28671932220459,9.459932327270508,2.3004016876220703,0.0007668999605812132,0.0003082000184804201
5,2.282320737838745,9.463892936706543,2.297696352005005,0.0007788999937474728,0.0003136000013910234
6,2.306330442428589,9.469030380249023,2.294276714324951,0.0007515000179409981,0.0003053999971598387
7,2.274317502975464,9.474287986755371,2.290769577026367,0.0008510000188834965,0.0003063000040128827
8,2.291945695877075,9.47997760772705,2.287382125854492,0.0010010000551119447,0.0003564999788068235
9,2.2923872470855713,9.48554515838623,2.2838094234466553,0.0007472999859601259,0.00038159999530762434
10,2.28706955909729,9.491433143615723,2.2801222801208496,0.0007534000324085355,0.00030990003142505884
11,2.296877145767212,9.497405052185059,2.2764692306518555,0.0007627000450156629,0.00030499999411404133
12,2.3052170276641846,9.50352668762207,2.272695779800415,0.000750000006519258,0.0002954999799840152
13,2.283280611038208,9.509840965270996,2.268829584121704,0.0007814000127837062,0.00030780001543462276
14,2.2622792720794678,9.516586303710938,2.2648491859436035,0.0007899999618530273,0.0003296000068075955
15,2.260643720626831,9.523597717285156,2.2606279850006104,0.0007538999780081213,0.0003299999516457319
16,2.261765241622925,9.531301498413086,2.256093978881836,0.0007744000176899135,0.0003030000370927155
17,2.2333621978759766,9.539666175842285,2.2517642974853516,0.0007642999989911914,0.0003043000469915569
18,2.266685724258423,9.548789024353027,2.2474961280822754,0.0007894000154919922,0.0003056999994441867
19,2.259439706802368,9.558257102966309,2.243159532546997,0.0008291999693028629,0.0003108999808318913
20,2.2340853214263916,9.568108558654785,2.2383992671966553,0.0007578000077046454,0.00030809995951130986
21,2.21382212638855,9.578765869140625,2.2332613468170166,0.0007755999686196446,0.000305499997921288
22,2.223647356033325,9.5903959274292,2.227445602416992,0.0008242999901995063,0.00034120003692805767
23,2.2117834091186523,9.602849960327148,2.2208259105682373,0.0008835999760776758,0.0003349999897181988
24,2.169830322265625,9.6161527633667,2.2133209705352783,0.0007539000362157822,0.00031130004208534956
25,2.213907480239868,9.630559921264648,2.205524206161499,0.0008128000190481544,0.0003160000196658075
26,2.2038843631744385,9.645769119262695,2.1969423294067383,0.0007557999924756587,0.0003085000207647681
27,2.205876350402832,9.662060737609863,2.1876556873321533,0.0007366000209003687,0.0003066000062972307
28,2.190463066101074,9.678985595703125,2.1776771545410156,0.0007594000198878348,0.0003121999907307327
29,2.2018401622772217,9.696690559387207,2.167414665222168,0.0007398000452667475,0.0003127999952994287
30,2.146437644958496,9.714595794677734,2.1584653854370117,0.0007386000361293554,0.0003087999648414552
31,2.1288094520568848,9.733611106872559,2.1491177082061768,0.00074819999281317,0.00031869998201727867
32,2.194972276687622,9.75367259979248,2.1392955780029297,0.0010153999901376665,0.0003408000338822603
33,2.2420761585235596,9.773354530334473,2.1301493644714355,0.0008306999807246029,0.0003671000013127923
34,2.1965222358703613,9.792397499084473,2.1217010021209717,0.000777500041294843,0.0003176000318489969
35,2.1796696186065674,9.811371803283691,2.114771842956543,0.0007297000265680254,0.00030999997397884727
36,2.0599770545959473,9.830575942993164,2.107604503631592,0.0007411999977193773,0.00032140000257641077
37,2.093569040298462,9.851484298706055,2.0993824005126953,0.0008588000200688839,0.0003522000042721629
38,2.0643532276153564,9.873559951782227,2.091186761856079,0.0008272000122815371,0.0004065000102855265
39,2.078824520111084,9.897130966186523,2.0819056034088135,0.0007714999956078827,0.00030610000248998404
40,2.0529098510742188,9.921126365661621,2.0695512294769287,0.0007392000406980515,0.0003085000207647681
41,2.093151807785034,9.945854187011719,2.0549280643463135,0.0007328999927267432,0.0003027999773621559
42,2.179184913635254,9.970965385437012,2.041905641555786,0.000728700018953532,0.00029659998835995793
43,2.1202993392944336,9.994921684265137,2.030428171157837,0.0007314999820664525,0.0003111999831162393
44,2.101163864135742,10.018421173095703,2.0180411338806152,0.0007309999782592058,0.0002997000119648874
45,2.0357062816619873,10.04194450378418,2.0038702487945557,0.0007340000011026859,0.0003095999709330499
46,1.9673863649368286,10.065152168273926,1.989854097366333,0.0007201999542303383,0.00030590000096708536
47,2.0003039836883545,10.090033531188965,1.9782187938690186,0.0007931999862194061,0.00032160000409930944
48,1.9286547899246216,10.115161895751953,1.9666157960891724,0.0007853000424802303,0.0003522000042721629
49,2.111435651779175,10.141260147094727,1.954893708229065,0.000736700021661818,0.00030700000934302807
50,1.9450281858444214,10.166847229003906,1.9458379745483398,0.0007437000167556107,0.000312299991492182
51,1.900590419769287,10.193438529968262,1.9383289813995361,0.0007354000117629766,0.0003008000203408301
52,1.9525375366210938,10.221871376037598,1.9312901496887207,0.0008303000358864665,0.00031780003337189555
53,2.0212624073028564,10.250898361206055,1.923057198524475,0.0008947000023908913,0.0004135000053793192
54,1.8453346490859985,10.279707908630371,1.9149540662765503,0.0007593000191263855,0.0003892999957315624
55,2.0464184284210205,10.30923080444336,1.9063079357147217,0.0007511000148952007,0.00030150002567097545
56,2.1140856742858887,10.337071418762207,1.8966349363327026,0.0007297999691218138,0.0003017000271938741
57,1.9712666273117065,10.363120079040527,1.8850563764572144,0.0007460999768227339,0.00030040001729503274
58,2.0467185974121094,10.388162612915039,1.8751237392425537,0.0007340000011026859,0.0003084999625571072
59,1.8739701509475708,10.41184139251709,1.8690294027328491,0.000737000023946166,0.0003030999796465039
60,1.9466341733932495,10.43660831451416,1.868150234222412,0.0007925999816507101,0.00030770001467317343
61,1.9680497646331787,10.461505889892578,1.8674160242080688,0.0007321999873965979,0.0003238999634049833
62,2.034276008605957,10.485856056213379,1.866297960281372,0.0007401999901048839,0.0003082000184804201
63,1.7429918050765991,10.509011268615723,1.862858772277832,0.0007452999707311392,0.0003053999971598387
64,1.877982258796692,10.533461570739746,1.858910322189331,0.0007515000179409981,0.0003003999590873718
65,1.849460482597351,10.557501792907715,1.852644443511963,0.0007322999881580472,0.00030229997355490923
66,1.8463666439056396,10.582003593444824,1.8407416343688965,0.0007295999675989151,0.00029990001348778605
67,1.909279227256775,10.606870651245117,1.8299689292907715,0.0008188000065274537,0.00031179998768493533
68,1.9721286296844482,10.63053035736084,1.818514347076416,0.0008028000011108816,0.0005237999721430242
69,2.004382610321045,10.652884483337402,1.8082842826843262,0.0007386999786831439,0.0003030999796465039
70,1.975579857826233,10.673897743225098,1.8000460863113403,0.0007394999847747386,0.00030590000096708536
71,1.9646440744400024,10.694122314453125,1.7913589477539062,0.0007377999718300998,0.0003009000211022794
72,2.046283006668091,10.713544845581055,1.7843208312988281,0.0007374000269919634,0.00030429998878389597
73,1.8265597820281982,10.7312593460083,1.778204321861267,0.0007419000030495226,0.00030559999868273735
74,1.9203499555587769,10.749846458435059,1.7725303173065186,0.0007166999857872725,0.00029799999902024865
75,1.9155378341674805,10.768430709838867,1.7683519124984741,0.0007566999993287027,0.00029719999292865396
76,1.9091094732284546,10.7861909866333,1.7633709907531738,0.0007316999835893512,0.00029880000511184335
77,1.9296066761016846,10.803871154785156,1.7643723487854004,0.000728700018953532,0.00030610000248998404
78,2.1592516899108887,10.821152687072754,1.7663010358810425,0.0007255999953486025,0.0003005999606102705
79,1.7158652544021606,10.835672378540039,1.7635751962661743,0.0007318000425584614,0.00031130004208534956
80,1.889098882675171,10.851740837097168,1.7594324350357056,0.0007246999884955585,0.00030159996822476387
81,1.9378238916397095,10.867902755737305,1.751599669456482,0.0007407000521197915,0.0003030000370927155
82,1.8933494091033936,10.883132934570312,1.7476086616516113,0.0009697999921627343,0.000298700004350394
83,1.779058575630188,10.89758586883545,1.7427910566329956,0.0009273000177927315,0.00038049998693168163
84,1.7958474159240723,10.912245750427246,1.7404861450195312,0.0007881999481469393,0.00038159999530762434
85,1.8376867771148682,10.92760944366455,1.7372239828109741,0.0007763000321574509,0.00031289999606087804
86,1.7146164178848267,10.942761421203613,1.7357046604156494,0.0007378999725915492,0.0003056999994441867
87,1.8844923973083496,10.959600448608398,1.7344595193862915,0.0007450999692082405,0.00030310003785416484
88,1.7705967426300049,10.97622299194336,1.7357227802276611,0.0007380999741144478,0.000299000006634742
89,1.8743125200271606,10.993964195251465,1.7388142347335815,0.000790499965660274,0.00029579998226836324
90,1.7268682718276978,11.011402130126953,1.7406824827194214,0.0007317999843508005,0.00035879999632015824
91,1.8596656322479248,11.030017852783203,1.7392385005950928,0.0007265000022016466,0.000299000006634742
92,1.7190954685211182,11.047703742980957,1.7375978231430054,0.0007550999871455133,0.0003032999811694026
93,1.5363385677337646,11.065680503845215,1.7375295162200928,0.0007483000517822802,0.0003179999766871333
94,1.6150089502334595,11.08571720123291,1.735429286956787,0.0007177999941632152,0.0002967999898828566
95,1.6481006145477295,11.106675148010254,1.7313891649246216,0.0007412999984808266,0.0003060000017285347
96,1.92868971824646,11.128586769104004,1.7294219732284546,0.0007539999787695706,0.0002978999982587993
97,1.7545784711837769,11.148992538452148,1.7253401279449463,0.0007879000040702522,0.0002970999921672046
98,1.7250120639801025,11.169143676757812,1.7188050746917725,0.0008639000006951392,0.0003763000131584704
99,1.8674743175506592,11.188800811767578,1.7145721912384033,0.000949899957049638,0.00035940000088885427
100,1.799425721168518,11.207376480102539,1.7110190391540527,0.0008125999593175948,0.00038430001586675644
101,1.6233021020889282,11.225976943969727,1.7095458507537842,0.0007236000383272767,0.00032839999767020345
102,1.99833083152771,11.24543285369873,1.705690622329712,0.000743500015232712,0.00032190000638365746
103,1.8850510120391846,11.26220417022705,1.6998101472854614,0.0007297000265680254,0.0002986000035889447
104,1.6729207038879395,11.278571128845215,1.6942360401153564,0.0007459000335074961,0.00029830000130459666
105,1.869120717048645,11.295273780822754,1.687177300453186,0.0007217000238597393,0.0003105999785475433
106,1.8050650358200073,11.311214447021484,1.681540846824646,0.000735800014808774,0.0003005000180564821
107,1.7248072624206543,11.327102661132812,1.6772457361221313,0.0007453000289388001,0.0003025000332854688
108,1.617384672164917,11.34333324432373,1.6745835542678833,0.0007576000061817467,0.000298099999781698
109,1.8317451477050781,11.360068321228027,1.6750738620758057,0.0007321999873965979,0.0003094999701716006
110,1.3147693872451782,11.375678062438965,1.6794037818908691,0.0007208000170066953,0.00030010001501068473
111,1.5782159566879272,11.394104957580566,1.6876429319381714,0.0007472999859601259,0.0003087999648414552
112,1.8948594331741333,11.412607192993164,1.698472261428833,0.0007928999839350581,0.0003032999811694026
113,1.791714072227478,11.429327964782715,1.7040226459503174,0.0008328999974764884,0.00036609999369829893
114,1.72795832157135,11.445534706115723,1.703122615814209,0.0007314000395126641,0.00037999998312443495
115,2.0231573581695557,11.46138858795166,1.6937750577926636,0.0007515000179409981,0.0003022000310011208
116,1.7299549579620361,11.475499153137207,1.683963418006897,0.0008157000411301851,0.0003310000174678862
117,1.7438251972198486,11.48969554901123,1.6770585775375366,0.0009228000417351723,0.0003372000064700842
118,1.5046539306640625,11.503284454345703,1.6723705530166626,0.0007396999862976372,0.0003454000107012689
119,1.4988352060317993,11.517894744873047,1.6696126461029053,0.0007312999805435538,0.0003029999788850546
120,1.3813344240188599,11.533068656921387,1.6665394306182861,0.0007266000029630959,0.00030479999259114265
121,1.9214942455291748,11.54966926574707,1.665761947631836,0.0007173999911174178,0.00030179996974766254
122,1.6092764139175415,11.564517974853516,1.6630831956863403,0.0007371000247076154,0.00030310003785416484
123,1.7576698064804077,11.579185485839844,1.6611353158950806,0.0007206000154837966,0.0002959999837912619
124,1.6989104747772217,11.593635559082031,1.658709168434143,0.0007253999938257039,0.00029559998074546456
125,1.9271923303604126,11.607918739318848,1.6565215587615967,0.0007289000204764307,0.0003212000010535121
126,1.65011465549469,11.620529174804688,1.6542444229125977,0.0007239000406116247,0.0002998000127263367
127,1.8982287645339966,11.633222579956055,1.6545008420944214,0.0007554999901913106,0.0003071000101044774
128,1.6634081602096558,11.644559860229492,1.6579647064208984,0.0009163999930024147,0.0003896999987773597
129,1.7785919904708862,11.656728744506836,1.659887671470642,0.0007944999961182475,0.0003792999777942896
130,1.612259864807129,11.66858196258545,1.663756251335144,0.000720999960321933,0.00031049997778609395
131,1.8856408596038818,11.681097984313965,1.6633349657058716,0.0007392999832518399,0.0003083999617956579
132,1.7817074060440063,11.692203521728516,1.6609169244766235,0.000730200030375272,0.000327100045979023
133,2.0187151432037354,11.703309059143066,1.6617716550827026,0.0007359000155702233,0.0002995000104419887
134,1.632078766822815,11.713086128234863,1.663346767425537,0.0007230000337585807,0.0003166000242345035
135,1.6798467636108398,11.722952842712402,1.6658114194869995,0.0007192000048235059,0.0002995000104419887
136,1.7488561868667603,11.733258247375488,1.668948769569397,0.0007347000064328313,0.00029910000739619136
137,1.731278657913208,11.743504524230957,1.6720516681671143,0.00071720004780218,0.0003017000271938741
138,1.6557631492614746,11.754072189331055,1.6708050966262817,0.0007239999831654131,0.00029850000282749534
139,1.6345020532608032,11.765214920043945,1.665381908416748,0.0007372999680228531,0.0003073000116273761
140,1.8366098403930664,11.776998519897461,1.658839464187622,0.000721900025382638,0.00031230004969984293
141,1.5645612478256226,11.78838062286377,1.6527971029281616,0.0007340000011026859,0.0002969999914057553
142,1.9618045091629028,11.800680160522461,1.6486107110977173,0.0007400999893434346,0.00030449999030679464
143,1.6571948528289795,11.811139106750488,1.6485767364501953,0.0008962000138126314,0.0003098000306636095
144,1.6524920463562012,11.821429252624512,1.6470201015472412,0.0007719999994151294,0.0003780000261031091
145,1.7051523923873901,11.832195281982422,1.6447569131851196,0.0007690000347793102,0.00032839999767020345
146,1.35776948928833,11.84284782409668,1.6418882608413696,0.0007889000116847456,0.0003239000216126442
147,1.6019325256347656,11.855570793151855,1.6374177932739258,0.0007715999963693321,0.0003152000135742128
148,1.902866244316101,11.869174003601074,1.632089614868164,0.000784600037150085,0.00031430000672116876
149,1.660629391670227,11.881377220153809,1.6248685121536255,0.0007687999750487506,0.0003094999701716006
150,1.731129765510559,11.893805503845215,1.6192656755447388,0.0007850999827496707,0.00031399994622915983
151,1.7625463008880615,11.906648635864258,1.6174317598342896,0.0007392999832518399,0.0003197999903932214
152,1.8203086853027344,11.919781684875488,1.6194069385528564,0.0007672999636270106,0.00031480001052841544
153,1.8242696523666382,11.932316780090332,1.6214056015014648,0.0008249999955296516,0.0003626999678090215
154,1.5960320234298706,11.944478034973145,1.6264407634735107,0.0007952999440021813,0.00032950000604614615
155,1.7277687788009644,11.9577054977417,1.631394624710083,0.0007995999767445028,0.00032970000756904483
156,1.7473691701889038,11.97062873840332,1.6339685916900635,0.0007773000397719443,0.0003206999972462654
157,1.7124359607696533,11.982660293579102,1.6328938007354736,0.000865899957716465,0.0003328999737277627
158,1.678520917892456,11.99398136138916,1.6293379068374634,0.0009671000298112631,0.0003890000516548753
159,1.7135043144226074,12.005401611328125,1.62544846534729,0.0008577000116929412,0.00038029998540878296
160,1.5387357473373413,12.017236709594727,1.6223697662353516,0.0008694999851286411,0.000354600022546947
161,1.7563368082046509,12.029878616333008,1.6201753616333008,0.0008614999824203551,0.00035580003168433905
162,1.8178205490112305,12.042688369750977,1.6179918050765991,0.000819500011857599,0.00035479996586218476
163,1.9037916660308838,12.054764747619629,1.619205117225647,0.0007542000385001302,0.0003436999977566302
164,1.7774395942687988,12.06580638885498,1.6221412420272827,0.0007969000143930316,0.0003377000102773309
165,1.9008146524429321,12.076868057250977,1.6251426935195923,0.000833099998999387,0.000354000017978251
166,1.619494915008545,12.08651065826416,1.6254419088363647,0.0008194000110961497,0.0003358000540174544
167,1.8354885578155518,12.09703540802002,1.6224569082260132,0.0008027000003494322,0.0003431999939493835
168,1.9234405755996704,12.107032775878906,1.6171808242797852,0.0008069999748840928,0.000332399969920516
169,1.8909486532211304,12.1155366897583,1.6123225688934326,0.0008136999676935375,0.0003394000232219696
170,1.7719757556915283,12.123947143554688,1.6083312034606934,0.000817699998151511,0.0003586999955587089
171,1.6425464153289795,12.132286071777344,1.606766700744629,0.0008329999982379377,0.0003315000212751329
172,1.8771270513534546,12.141855239868164,1.6099501848220825,0.0011075999937020242,0.0003943000338040292
173,1.883419394493103,12.15141773223877,1.6160897016525269,0.001267799991182983,0.00047740002628415823
174,1.4622901678085327,12.16036605834961,1.6238327026367188,0.0008086999878287315,0.0004248999757692218
175,1.9141430854797363,12.171588897705078,1.629372239112854,0.0007335999980568886,0.0003399000270292163
176,1.5823734998703003,12.181791305541992,1.6332391500473022,0.000838999985717237,0.0002992999507114291
177,1.913794755935669,12.19288444519043,1.6359190940856934,0.0007347000064328313,0.0003529000096023083
178,1.4809985160827637,12.202840805053711,1.6359418630599976,0.0007199000101536512,0.00034660001983866096
179,1.650220513343811,12.214011192321777,1.6340079307556152,0.0007458999752998352,0.00030919996788725257
180,1.5888794660568237,12.226086616516113,1.6281728744506836,0.0007242999854497612,0.0003085000207647681
181,1.6244754791259766,12.23854923248291,1.6215487718582153,0.0007236999808810651,0.00029779999749735
182,1.6834862232208252,12.25168228149414,1.6150074005126953,0.0007361999596469104,0.00030040001729503274
183,1.5072402954101562,12.265359878540039,1.6076316833496094,0.0007190000033006072,0.00029910000739619136
184,1.7538700103759766,12.281262397766113,1.6026579141616821,0.0007336999988183379,0.0003044000477530062
185,1.710097312927246,12.296186447143555,1.6003168821334839,0.0007279000128619373,0.00030149996746331453
186,1.3916075229644775,12.310538291931152,1.597844123840332,0.0009539999882690609,0.0003377000102773309
187,1.67531418800354,12.326260566711426,1.5952486991882324,0.0008164999890141189,0.00046449998626485467
188,1.861722469329834,12.340951919555664,1.590916633605957,0.0007265000022016466,0.0003043000469915569
189,1.8387583494186401,12.35404109954834,1.5868170261383057,0.0007360999588854611,0.00033160002203658223
190,1.5685837268829346,12.366806983947754,1.5861643552780151,0.000715100031811744,0.0003030999796465039
191,1.781916856765747,12.380441665649414,1.5841577053070068,0.0007484000525437295,0.00030880002304911613
192,1.7583214044570923,12.393548011779785,1.5812313556671143,0.000716600043233484,0.00032110000029206276
193,1.4799562692642212,12.406225204467773,1.5766011476516724,0.0007351000094786286,0.00029930000891909003
194,1.6909540891647339,12.419724464416504,1.5724964141845703,0.0007461999775841832,0.00030179996974766254
195,1.8569226264953613,12.432938575744629,1.5685670375823975,0.0007292999653145671,0.00030200002947822213
196,1.5732390880584717,12.446720123291016,1.5663738250732422,0.0007331999950110912,0.00030100002186372876
197,1.6727089881896973,12.461017608642578,1.5627716779708862,0.0007284999592229724,0.000299000006634742
198,1.8060294389724731,12.475379943847656,1.5612518787384033,0.0007353000110015273,0.00030639994656667113
199,1.6739870309829712,12.488907814025879,1.5594924688339233,0.0007277000113390386,0.00029739999445155263
200,1.5485212802886963,12.502203941345215,1.5565783977508545,0.0007302999729290605,0.00030519999563694
201,1.5930402278900146,12.515949249267578,1.5524271726608276,0.0007763999747112393,0.00030130002414807677
202,1.6965670585632324,12.530098915100098,1.5492583513259888,0.0007199000101536512,0.00030509999487549067
203,1.712144374847412,12.544102668762207,1.546953797340393,0.000756800000090152,0.00031289999606087804
204,1.8103982210159302,12.558002471923828,1.5449333190917969,0.0008487000013701618,0.0003161000204272568
205,1.6084001064300537,12.571134567260742,1.543985366821289,0.0007929999846965075,0.00035909999860450625
206,1.385886788368225,12.585295677185059,1.5436975955963135,0.0007591999601572752,0.00030859996331855655
207,1.62781822681427,12.600935935974121,1.545073390007019,0.000770999991800636,0.00033029995393007994
208,1.6017248630523682,12.616251945495605,1.5471816062927246,0.0007318000425584614,0.0003043000469915569
209,1.6210753917694092,12.630975723266602,1.549028992652893,0.0007202000124379992,0.00030919996788725257
210,1.4111703634262085,12.646039962768555,1.5508837699890137,0.0007258999976329505,0.00030559999868273735
211,1.6053810119628906,12.66159439086914,1.5549036264419556,0.0007191000040620565,0.00030209997203201056
212,1.5784809589385986,12.676247596740723,1.5555020570755005,0.000727499951608479,0.0003014000249095261
213,1.4009824991226196,12.691067695617676,1.5561162233352661,0.0007241999846883118,0.0003094999701716006
214,1.8531275987625122,12.70668888092041,1.556945562362671,0.0007288999622687697,0.0003014000249095261
215,1.602357029914856,12.72066879272461,1.5583082437515259,0.0007295999675989151,0.00030780001543462276
216,1.5188980102539062,12.73430347442627,1.5581855773925781,0.0007239999831654131,0.00031350000062957406
217,1.4366716146469116,12.748476028442383,1.5591521263122559,0.0007761999731883407,0.0003223000094294548
218,1.5843662023544312,12.763694763183594,1.5590791702270508,0.0008656000136397779,0.0003323000273667276
219,1.4436925649642944,12.777742385864258,1.55464768409729,0.0007598000229336321,0.00032169994665309787
220,1.6344910860061646,12.792326927185059,1.5498602390289307,0.0007181999972090125,0.0003066000062972307
221,1.4674745798110962,12.805944442749023,1.5440572500228882,0.0007383999763987958,0.0003053999971598387
222,1.6207659244537354,12.820636749267578,1.5396400690078735,0.0007189000025391579,0.00030700000934302807
223,1.688493013381958,12.83520793914795,1.5357873439788818,0.0007227000314742327,0.0003005000180564821
224,1.4129523038864136,12.849502563476562,1.5321441888809204,0.0007304999744519591,0.000311999989207834
225,1.752730131149292,12.86405086517334,1.5298652648925781,0.0007350000087171793,0.0003024000325240195
226,1.734743356704712,12.876485824584961,1.526099443435669,0.0007255999953486025,0.00030590000096708536
227,1.8973931074142456,12.888428688049316,1.5233919620513916,0.0007409999961964786,0.0003016000264324248
228,1.5642790794372559,12.898534774780273,1.5201213359832764,0.0007189000025391579,0.00029960001120343804
229,1.727005124092102,12.90883731842041,1.5166188478469849,0.0007224000291898847,0.00030509999487549067
230,1.9266517162322998,12.918834686279297,1.5148959159851074,0.0007177999941632152,0.00030210003023967147
231,1.7925872802734375,12.927248001098633,1.5114946365356445,0.000736100017093122,0.0003046999918296933
232,1.4808952808380127,12.935042381286621,1.5080538988113403,0.0007471999851986766,0.0003003000165335834
233,1.7085877656936646,12.94343090057373,1.5029691457748413,0.0007418000022880733,0.00030449999030679464
234,1.9474958181381226,12.951804161071777,1.4991801977157593,0.0007398999878205359,0.00030910002533346415
235,1.9434360265731812,12.958963394165039,1.497377634048462,0.0007183999987319112,0.0003013999667018652
236,1.4873064756393433,12.965046882629395,1.4988245964050293,0.0007307999767363071,0.00029719999292865396
237,1.5385947227478027,12.971858024597168,1.5005699396133423,0.0007211999618448317,0.00031460000900551677
238,1.61237370967865,12.979602813720703,1.5033639669418335,0.0007099000504240394,0.000304899993352592
239,1.7031999826431274,12.98734188079834,1.5060561895370483,0.0007236000383272767,0.0003005000180564821
240,1.6307138204574585,12.99535846710205,1.5052683353424072,0.0006844000308774412,0.0002995000104419887
241,1.8608191013336182,13.004140853881836,1.5051007270812988,0.0006874999962747097,0.00028710003243759274
242,1.4846556186676025,13.012121200561523,1.5033973455429077,0.0007040000054985285,0.00029069994343444705
243,1.7347556352615356,13.021166801452637,1.5022900104522705,0.0006831000209785998,0.0002901999978348613
244,1.5361714363098145,13.03048324584961,1.5001308917999268,0.0006978000164963305,0.00028710003243759274
245,1.6610798835754395,13.040458679199219,1.4991965293884277,0.0006893000099807978,0.0002951999776996672
246,1.4047361612319946,13.050203323364258,1.4980381727218628,0.000709200045093894,0.0002870000316761434
247,1.5876339673995972,13.061683654785156,1.4965486526489258,0.0007071000291034579,0.00031460000900551677
248,1.4599026441574097,13.073953628540039,1.4959871768951416,0.0007046999526210129,0.00029120000544935465
249,1.7902395725250244,13.08662223815918,1.4971245527267456,0.0008411000017076731,0.00034629995934665203
250,1.7041703462600708,13.098002433776855,1.4995012283325195,0.001083899987861514,0.0003310000174678862
251,1.5095784664154053,13.109493255615234,1.5019609928131104,0.0007227000314742327,0.00030750001315027475
252,1.9245898723602295,13.121177673339844,1.5042791366577148,0.0007533000316470861,0.00030429998878389597
253,1.390154480934143,13.131451606750488,1.507718563079834,0.0007158000371418893,0.0003065000055357814
254,1.5296268463134766,13.142715454101562,1.5089056491851807,0.0007458000327460468,0.0003074000123888254
255,1.5565671920776367,13.154542922973633,1.5082125663757324,0.0007221999694593251,0.00031019997550174594
256,1.8531558513641357,13.1670560836792,1.5099431276321411,0.0007198000093922019,0.0003083999617956579
257,1.764735221862793,13.178289413452148,1.5114870071411133,0.0009132000268436968,0.0003989000106230378
258,1.8084207773208618,13.189132690429688,1.5090218782424927,0.0007357000140473247,0.0003079000161960721
259,1.7626217603683472,13.199483871459961,1.509574294090271,0.0007035000016912818,0.0002959999837912619
260,1.5861386060714722,13.208998680114746,1.509467363357544,0.0006908999639563262,0.00029120000544935465
261,1.7733768224716187,13.219802856445312,1.5062165260314941,0.0007050000131130219,0.0002878000377677381
262,1.536413311958313,13.229783058166504,1.5017027854919434,0.0007133000181056559,0.00029199995333328843
263,1.5109819173812866,13.240440368652344,1.4970074892044067,0.0007003000355325639,0.00030010001501068473
264,1.5329172611236572,13.252260208129883,1.4933552742004395,0.0006880000000819564,0.0002908000024035573
265,1.5669288635253906,13.264229774475098,1.489678144454956,0.000708900042809546,0.0002888999879360199
266,1.4938956499099731,13.27631950378418,1.4873689413070679,0.0006982000195421278,0.00028819998260587454
267,1.5459351539611816,13.28885555267334,1.484837532043457,0.0006982000195421278,0.00028769997879862785
268,1.9364806413650513,13.301701545715332,1.4824981689453125,0.0006930000381544232,0.00029250001534819603
269,1.5516589879989624,13.313135147094727,1.4806761741638184,0.000686099985614419,0.0002888999879360199
270,1.6757994890213013,13.325261116027832,1.4783432483673096,0.0006945999921299517,0.0002954999799840152
271,1.6946094036102295,13.337417602539062,1.4760351181030273,0.0006916000274941325,0.0002873000339604914
272,1.6824895143508911,13.349676132202148,1.4746711254119873,0.0006889000069350004,0.0002893999917432666
273,1.6496955156326294,13.361830711364746,1.4737792015075684,0.0007309999782592058,0.0002932000206783414
274,1.6810606718063354,13.373394012451172,1.4734097719192505,0.000764199998229742,0.0003258000360801816
275,1.3951078653335571,13.38514518737793,1.4743608236312866,0.0007137000211514533,0.00029440002981573343
276,1.575872778892517,13.397533416748047,1.4757919311523438,0.000723700039088726,0.0002883000415749848
277,1.582396149635315,13.410062789916992,1.4789491891860962,0.0007036000024527311,0.00029170000925660133
278,1.6609790325164795,13.423147201538086,1.4808863401412964,0.0006932000396773219,0.00028959999326616526
279,1.6272319555282593,13.435717582702637,1.4822533130645752,0.0007144000264815986,0.00028600002406165004
280,1.6825891733169556,13.448083877563477,1.4834051132202148,0.0007150000310502946,0.0002874999772757292
281,1.5022987127304077,13.459906578063965,1.4845019578933716,0.0007033000001683831,0.0002940999693237245
282,1.6194392442703247,13.472325325012207,1.485537052154541,0.0006893000099807978,0.0002884000423364341
283,1.5976320505142212,13.484177589416504,1.487403154373169,0.0007000000332482159,0.0002943000290542841
284,1.5443423986434937,13.496049880981445,1.4885293245315552,0.0006923999753780663,0.0002896999940276146
285,1.6258264780044556,13.507322311401367,1.4892498254776,0.0006927999784238636,0.00028579996433109045
286,1.4652743339538574,13.51829719543457,1.4890143871307373,0.0006935999845154583,0.0002940999693237245
287,1.5346344709396362,13.529937744140625,1.4888814687728882,0.0006838000263087451,0.0002891000476665795
288,1.7793622016906738,13.542242050170898,1.4891636371612549,0.0007265000022016466,0.0002862000255845487
289,1.7464230060577393,13.55361270904541,1.4888240098953247,0.0007074000313878059,0.00029720005113631487
290,1.650762677192688,13.563939094543457,1.4858092069625854,0.000700599979609251,0.0003056999994441867
291,1.6055995225906372,13.574518203735352,1.4822489023208618,0.0007114000036381185,0.00028690003091469407
292,1.8799792528152466,13.584716796875,1.4810127019882202,0.0006898000137880445,0.00029610004276037216
293,1.9726018905639648,13.594167709350586,1.479387640953064,0.0007218000246211886,0.00030280003556981683
294,1.4559563398361206,13.602492332458496,1.479742169380188,0.0007525999681092799,0.0003203999949619174
295,1.4809565544128418,13.61149787902832,1.4804447889328003,0.0007155000348575413,0.0002959000412374735
296,1.5929521322250366,13.621648788452148,1.4817472696304321,0.0007001999765634537,0.00029070000164210796
297,1.7581839561462402,13.631646156311035,1.4829533100128174,0.0006850999779999256,0.00028929999098181725
298,1.5439047813415527,13.64195728302002,1.4836558103561401,0.0007191000040620565,0.0002834000042639673
299,1.4243782758712769,13.652754783630371,1.484948754310608,0.0006966000073589385,0.00030070001957938075
300,1.6240371465682983,13.664040565490723,1.4847379922866821,0.0006996000302024186,0.0003005000180564821
301,1.6272950172424316,13.675237655639648,1.482865571975708,0.0007152999751269817,0.0002975999959744513
302,1.748144268989563,13.686373710632324,1.482363224029541,0.0006902999593876302,0.00028520001797005534
303,1.639838695526123,13.697380065917969,1.4824061393737793,0.0007177999941632152,0.0002875999780371785
304,1.6602274179458618,13.707964897155762,1.4818787574768066,0.0007107999990694225,0.00029639998683705926
305,1.4383153915405273,13.717994689941406,1.4818581342697144,0.000707399973180145,0.00029880000511184335
306,1.7243367433547974,13.729252815246582,1.4831585884094238,0.0007509999559260905,0.0003084000200033188
307,1.5240291357040405,13.740652084350586,1.4856878519058228,0.0007418000022880733,0.0003079999587498605
308,1.6415185928344727,13.752984046936035,1.4886811971664429,0.0007192000048235059,0.00029529997846111655
309,1.4307034015655518,13.764815330505371,1.4903552532196045,0.000706199964042753,0.0002914000069722533
310,1.5947387218475342,13.777283668518066,1.4884120225906372,0.0007013999857008457,0.00029280001763254404
311,1.7032768726348877,13.78946590423584,1.4874142408370972,0.0006945999921299517,0.0002875000354833901
312,1.5533881187438965,13.801286697387695,1.4838502407073975,0.0007063999655656517,0.00028789998032152653
313,1.7079432010650635,13.814374923706055,1.4828723669052124,0.0007335999980568886,0.0002893999917432666
314,1.413404107093811,13.82638931274414,1.482295274734497,0.0006858000415377319,0.0003035000408999622
315,1.5139697790145874,13.838780403137207,1.4811713695526123,0.0007259999983943999,0.00031179998768493533
316,1.7132766246795654,13.851629257202148,1.480125069618225,0.0007332999957725406,0.0003206999972462654
317,1.72456693649292,13.863486289978027,1.4800326824188232,0.0007105999975465238,0.0003043999895453453
318,1.6383455991744995,13.874410629272461,1.4803181886672974,0.0007350000087171793,0.00030070001957938075
319,1.5491403341293335,13.885310173034668,1.4781197309494019,0.0007169999880716205,0.00030719995265826583
320,1.7289986610412598,13.896700859069824,1.4757771492004395,0.0007113000028766692,0.00030180002795532346
321,1.3956408500671387,13.907774925231934,1.4757812023162842,0.0007127000135369599,0.0002997000119648874
322,1.4778739213943481,13.919891357421875,1.4755885601043701,0.0008352000149898231,0.0002953999792225659
323,1.347602367401123,13.93220043182373,1.4744517803192139,0.0008800000068731606,0.00039030000334605575
324,1.8023598194122314,13.945608139038086,1.4740656614303589,0.0007347000064328313,0.0003144000074826181
325,1.7945340871810913,13.957738876342773,1.4735370874404907,0.0008187000057660043,0.00031070003751665354
326,1.6061582565307617,13.970186233520508,1.472353458404541,0.0007709000492468476,0.0003169000265188515
327,1.6378655433654785,13.982670783996582,1.472597599029541,0.0007270000060088933,0.000304599991068244
328,1.81407630443573,13.994528770446777,1.4744484424591064,0.0007289000204764307,0.0003083999617956579
329,1.5345046520233154,14.005515098571777,1.4748380184173584,0.0007386999786831439,0.0003037999849766493
330,1.5550185441970825,14.017110824584961,1.474110722541809,0.0007326999912038445,0.00029959995299577713
331,1.5345789194107056,14.028185844421387,1.4728615283966064,0.0007179999956861138,0.00030690000858157873
332,1.3186408281326294,14.039834022521973,1.470855474472046,0.0007078999769873917,0.00029739999445155263
333,1.5469584465026855,14.05249309539795,1.4664226770401,0.0007048000115901232,0.00029149994952604175
334,1.6393253803253174,14.065701484680176,1.4607435464859009,0.0006963000050745904,0.0002914000069722533
335,1.8091707229614258,14.078657150268555,1.4566302299499512,0.000693199981469661,0.00029499997617676854
336,1.4927074909210205,14.090398788452148,1.4515347480773926,0.0006960000027902424,0.00029129994800314307
337,1.533374547958374,14.102827072143555,1.4496642351150513,0.000728100014384836,0.0002873000339604914
338,1.6039952039718628,14.116101264953613,1.44847571849823,0.000770099984947592,0.0003053999971598387
339,1.299017310142517,14.12913990020752,1.448081374168396,0.0007990000303834677,0.00034249998861923814
340,1.7071694135665894,14.143202781677246,1.448350191116333,0.0007136000203900039,0.00030069996137171984
341,1.6709425449371338,14.156719207763672,1.4502511024475098,0.0007264000014401972,0.0003018999705091119
342,1.4331767559051514,14.169342994689941,1.4519659280776978,0.000777499983087182,0.00030590000096708536
343,1.526458978652954,14.182733535766602,1.454822063446045,0.0008354000165127218,0.000340700033120811
344,1.4368135929107666,14.196866989135742,1.4582384824752808,0.0007800000021234155,0.0003372000064700842
345,1.5766034126281738,14.211647987365723,1.4624508619308472,0.0007627000450156629,0.00033359997905790806
346,1.733496904373169,14.226232528686523,1.46397066116333,0.0007175999926403165,0.00031159998616203666
347,1.7085402011871338,14.239884376525879,1.4650355577468872,0.0008167999912984669,0.00033660000190138817
348,1.5781344175338745,14.252476692199707,1.462327241897583,0.0008464999846182764,0.00034879997838288546
349,1.6727516651153564,14.264678955078125,1.4592901468276978,0.0008214999688789248,0.00032490002922713757
350,1.9696052074432373,14.276610374450684,1.4543339014053345,0.0008211000240407884,0.00036919995909556746
351,2.035475015640259,14.286894798278809,1.4490679502487183,0.0008648000075481832,0.000348100031260401
352,1.7114956378936768,14.295026779174805,1.447094440460205,0.0009139999747276306,0.0003795999800786376
353,1.3712986707687378,14.303407669067383,1.4454057216644287,0.0009599999757483602,0.0004191999905742705
354,1.485254168510437,14.312823295593262,1.444974422454834,0.0008104000007733703,0.00033579999580979347
355,1.774463176727295,14.322287559509277,1.446673035621643,0.0007643999997526407,0.0003260999801568687
356,1.405037522315979,14.330831527709961,1.447219729423523,0.0007407999946735799,0.0003205999964848161
357,1.6129666566848755,14.34058666229248,1.4479795694351196,0.0007547999848611653,0.00031560001662001014
358,1.7236193418502808,14.351290702819824,1.4478598833084106,0.0007688999758102,0.00031809997744858265
359,1.3761855363845825,14.362064361572266,1.4479539394378662,0.0007689000340178609,0.0003245000261813402
360,1.5853135585784912,14.373687744140625,1.446242332458496,0.0008060000254772604,0.00031999999191612005
361,1.581862211227417,14.385340690612793,1.4452863931655884,0.000741700001526624,0.00032570003531873226
362,1.424629807472229,14.397459030151367,1.445326805114746,0.0007334999972954392,0.00030260003404691815
363,1.6058281660079956,14.410870552062988,1.4436982870101929,0.0007543999818153679,0.00030259997583925724
364,1.7167145013809204,14.424664497375488,1.4420045614242554,0.0007984000258147717,0.00030970002990216017
365,1.3578115701675415,14.437385559082031,1.4417023658752441,0.000736700021661818,0.0003217000048607588
366,1.3987739086151123,14.450620651245117,1.442460298538208,0.0007380999741144478,0.00030750001315027475
367,1.8013066053390503,14.464547157287598,1.4433844089508057,0.0010599999804981053,0.00033240002812817693
368,1.736905574798584,14.477766036987305,1.4421299695968628,0.0010001000482589006,0.00042400002712383866
369,1.7071266174316406,14.490155220031738,1.4402915239334106,0.0007368999649770558,0.00031889998354017735
370,1.7424135208129883,14.501808166503906,1.4400273561477661,0.0008145000319927931,0.00034110003616660833
371,1.620045781135559,14.513150215148926,1.4380292892456055,0.0008159999852068722,0.0003163000219501555
372,1.649807333946228,14.524351119995117,1.4342892169952393,0.0008086999878287315,0.0003638000343926251
373,1.6079663038253784,14.535628318786621,1.4307774305343628,0.0007682000286877155,0.00030449999030679464
374,1.7794990539550781,14.546941757202148,1.4256635904312134,0.0007215000223368406,0.0003087000222876668
375,1.4207102060317993,14.558589935302734,1.421887993812561,0.0008803000091575086,0.00031730002956464887
376,1.691760540008545,14.571573257446289,1.4198393821716309,0.0010019000037573278,0.00040090002585202456
377,1.4494518041610718,14.584345817565918,1.4188240766525269,0.0007838000310584903,0.0003776999656111002
378,1.6691524982452393,14.598273277282715,1.4200137853622437,0.0007357999566011131,0.0003209999995306134
379,1.547494888305664,14.61252212524414,1.4222451448440552,0.0007337999995797873,0.00031319999834522605
380,1.3783267736434937,14.626976013183594,1.425582766532898,0.0007271000067703426,0.00029989995528012514
381,1.631790280342102,14.642735481262207,1.4311858415603638,0.0008971999632194638,0.0003257999778725207
382,1.307356595993042,14.657983779907227,1.4332690238952637,0.0007710999925620854,0.0003161000204272568
383,1.4990711212158203,14.673489570617676,1.4338350296020508,0.0007387999794445932,0.0003250999725423753
384,1.2238467931747437,14.689096450805664,1.4347440004348755,0.00072160002309829,0.00030559999868273735
385,1.5294277667999268,14.705333709716797,1.4338353872299194,0.0007255999953486025,0.0003056999994441867
386,1.3741549253463745,14.721997261047363,1.4302819967269897,0.0007217000238597393,0.00031020003370940685
387,1.7201119661331177,14.73888874053955,1.4256949424743652,0.0007123000104911625,0.0003009000211022794
388,1.626532793045044,14.755220413208008,1.422485113143921,0.0008091999916359782,0.0003043000469915569
389,1.6294318437576294,14.770956039428711,1.4187676906585693,0.0007411999977193773,0.0003279999946244061
390,1.6059571504592896,14.785667419433594,1.4132107496261597,0.0007421000045724213,0.0003147000097669661
391,1.614791989326477,14.800114631652832,1.40768563747406,0.000735500012524426,0.0003066000062972307
392,1.5931618213653564,14.814249992370605,1.4025497436523438,0.0007211000192910433,0.00030690000858157873
393,1.674609661102295,14.828190803527832,1.400215744972229,0.0007424000068567693,0.00031179998768493533
394,1.7482972145080566,14.842106819152832,1.4007580280303955,0.0007279000128619373,0.0003005999606102705
395,1.5050288438796997,14.855108261108398,1.4002231359481812,0.0007648000027984381,0.000298400002066046
396,1.466548204421997,14.868938446044922,1.4009095430374146,0.0007472999859601259,0.0002937999670393765
397,1.5151350498199463,14.88335132598877,1.401604413986206,0.0007471000426448882,0.0003184000379405916
398,1.560922384262085,14.897833824157715,1.4052801132202148,0.0008208999643102288,0.00034659996163100004
399,1.808074712753296,14.912150382995605,1.409173846244812,0.0007094999891705811,0.0002975000534206629
400,1.6325123310089111,14.925821304321289,1.4112070798873901,0.0006830000202171504,0.0002975999959744513
401,1.531298041343689,14.939444541931152,1.413648009300232,0.0007036000024527311,0.000285700021777302
402,1.4735889434814453,14.952434539794922,1.4154870510101318,0.0007052000146359205,0.0002880000392906368
403,1.4370206594467163,14.965876579284668,1.4196808338165283,0.0007039000047370791,0.0002883000415749848
404,1.4032788276672363,14.980142593383789,1.4240673780441284,0.0007119000074453652,0.0002982000005431473
405,1.6428065299987793,14.994595527648926,1.4294769763946533,0.005266499996650964,0.0003353000502102077
406,1.4072442054748535,15.008339881896973,1.4312732219696045,0.007540700025856495,0.0006706999847665429
407,1.3414857387542725,15.02213191986084,1.4320101737976074,0.0028630999731831253,0.0012312000035308301
408,1.4945236444473267,15.036815643310547,1.4303621053695679,0.0025077000027522445,0.0010813999688252807
409,1.6706202030181885,15.051464080810547,1.42551589012146,0.002701199962757528,0.0010557000059634447
410,1.7776689529418945,15.065546035766602,1.4177947044372559,0.0015125999925658107,0.0015360000543296337
411,1.3651727437973022,15.07889175415039,1.4079266786575317,0.001031799998600036,0.0005061999545432627
412,1.3009629249572754,15.092488288879395,1.398202896118164,0.0009272000170312822,0.0003770999610424042
413,1.635151982307434,15.106396675109863,1.3903990983963013,0.0008396999910473824,0.00044030003482475877
414,1.7733352184295654,15.119747161865234,1.3858165740966797,0.002266500028781593,0.0003760999534279108
415,1.6916638612747192,15.132242202758789,1.3840011358261108,0.0016011000261642039,0.0010165999992750585
416,1.4738203287124634,15.144325256347656,1.3827444314956665,0.0011795999598689377,0.0005160000291652977
417,1.2417198419570923,15.157059669494629,1.3814324140548706,0.0007903999648988247,0.0003647000412456691
418,1.3398457765579224,15.17105770111084,1.3808019161224365,0.0008977000252343714,0.0003700999659486115
419,1.6157407760620117,15.186052322387695,1.381903052330017,0.0007383999763987958,0.0004016000311821699
420,1.6992853879928589,15.200175285339355,1.3833965063095093,0.0007341000018641353,0.00031049997778609395
421,1.6316418647766113,15.213652610778809,1.3845303058624268,0.0007361999596469104,0.000318199978210032
422,1.3969192504882812,15.22691535949707,1.3847877979278564,0.0007043000077828765,0.00031049997778609395
423,1.4592175483703613,15.240713119506836,1.3846440315246582,0.0007022000500001013,0.00030620000325143337
424,1.5137195587158203,15.254960060119629,1.3860044479370117,0.0007100999937392771,0.00030429998878389597
425,1.5844545364379883,15.268980026245117,1.3884894847869873,0.0007264000014401972,0.0003090000245720148
426,1.8297165632247925,15.282707214355469,1.392306923866272,0.0006967999506741762,0.00029469997389242053
427,1.2476818561553955,15.294981956481934,1.3931360244750977,0.0006934000412002206,0.00029150000773370266
428,1.676679015159607,15.307799339294434,1.3978357315063477,0.0007034000009298325,0.00030040001729503274
429,1.6217634677886963,15.320597648620605,1.403554081916809,0.0006932999822311103,0.0002924000145867467
430,1.3616961240768433,15.333109855651855,1.4097808599472046,0.0007048000115901232,0.0002873000339604914
431,1.4315378665924072,15.34642505645752,1.4144413471221924,0.000742900010664016,0.00030800001695752144
432,1.4498404264450073,15.359920501708984,1.4170891046524048,0.0007498999475501478,0.0003198999911546707
433,1.5302983522415161,15.374380111694336,1.4192994832992554,0.0008501000120304525,0.00029009999707341194
434,1.4931137561798096,15.388324737548828,1.4194144010543823,0.0008364000241272151,0.00034500000765547156
435,1.6885908842086792,15.402427673339844,1.4184420108795166,0.0009365000296384096,0.0005404999828897417
436,1.700599193572998,15.415855407714844,1.4172786474227905,0.0007241000421345234,0.0003087000222876668
437,1.5343602895736694,15.428606986999512,1.4168542623519897,0.0007250999915413558,0.000298700004350394
438,1.3826929330825806,15.441084861755371,1.41567063331604,0.0007377000292763114,0.0003100000321865082
439,1.444455623626709,15.454473495483398,1.4142721891403198,0.0007022999925538898,0.00031159998616203666
440,1.3956032991409302,15.468891143798828,1.413339376449585,0.0008928999886848032,0.00029580004047602415
441,1.233655571937561,15.484329223632812,1.4089831113815308,0.0007369000231847167,0.00039460003608837724
442,1.3037980794906616,15.499872207641602,1.4060167074203491,0.0007042000070214272,0.00030130002414807677
443,1.4888733625411987,15.51538372039795,1.402159333229065,0.0006989999674260616,0.0002933000214397907
444,1.4272310733795166,15.531282424926758,1.4002453088760376,0.0007015999872237444,0.00029340002220124006
445,1.4428932666778564,15.546961784362793,1.3979527950286865,0.000694399990607053,0.0002893999917432666
446,1.508525013923645,15.56222915649414,1.399122714996338,0.0006979999598115683,0.000292200013063848
447,1.6210148334503174,15.577064514160156,1.4012492895126343,0.0006942999898456037,0.0002921000123023987
448,1.408666729927063,15.590836524963379,1.4033482074737549,0.0007985999691300094,0.0002956999815069139
449,1.3467605113983154,15.604351043701172,1.407138705253601,0.0008434000192210078,0.000340400030836463
450,1.4930585622787476,15.617868423461914,1.4080238342285156,0.0006925000343471766,0.0002948000328615308
451,1.5413450002670288,15.631109237670898,1.4090211391448975,0.0007458999752998352,0.00030239997431635857
452,1.3052762746810913,15.644102096557617,1.4080522060394287,0.0006923000328242779,0.0002906000008806586
453,1.6192532777786255,15.657999038696289,1.4046528339385986,0.0006886000046506524,0.0002958999830298126
454,1.3731945753097534,15.670587539672852,1.3972216844558716,0.0006896000122651458,0.000304899993352592
455,1.4687342643737793,15.683290481567383,1.3916071653366089,0.0006902999593876302,0.000298099999781698
456,1.4776934385299683,15.696032524108887,1.3898329734802246,0.0006821000133641064,0.00028909998945891857
457,1.4114264249801636,15.708309173583984,1.3923171758651733,0.0006820000126026571,0.00029259995790198445
458,1.6610617637634277,15.721139907836914,1.394640326499939,0.0006909000221639872,0.0002934999647550285
459,1.4397472143173218,15.733470916748047,1.3991882801055908,0.0006847999757155776,0.0002902999985963106
460,1.3143879175186157,15.745758056640625,1.4049118757247925,0.0007016999879851937,0.00030499999411404133
461,1.4257696866989136,15.758964538574219,1.4087707996368408,0.0006969000096432865,0.00028389994986355305
462,1.3053197860717773,15.7725248336792,1.4098560810089111,0.0007153000333346426,0.00031100003980100155
463,1.4581573009490967,15.786250114440918,1.4104701280593872,0.000846099981572479,0.0003564999788068235
464,1.49582839012146,15.800113677978516,1.4101660251617432,0.0011364000383764505,0.0003502999898046255
465,1.6970748901367188,15.81382942199707,1.411273717880249,0.000887200003489852,0.0003703999682329595
466,1.4576443433761597,15.826811790466309,1.413412094116211,0.0007424000068567693,0.00035660003777593374
467,1.4437286853790283,15.83966064453125,1.4136486053466797,0.0006914000259712338,0.0002975999959744513
468,1.2638070583343506,15.852378845214844,1.414915680885315,0.0007103999960236251,0.0002883999841287732
469,1.407807469367981,15.865931510925293,1.410193920135498,0.0007029999978840351,0.0002929000183939934
470,1.3581558465957642,15.880175590515137,1.401516079902649,0.0006952999974600971,0.00031380000291392207
471,1.4235873222351074,15.89460563659668,1.392736554145813,0.000721299962606281,0.00030149996746331453
472,1.3809034824371338,15.909197807312012,1.3843379020690918,0.0007213999633677304,0.00028719997499138117
473,1.474460244178772,15.923036575317383,1.377225637435913,0.000730200030375272,0.0002982000005431473
474,1.5454117059707642,15.937342643737793,1.3704272508621216,0.0007196000078693032,0.000311399984639138
475,1.2757537364959717,15.95142650604248,1.368076205253601,0.0006970000104047358,0.0002880999818444252
476,1.3498469591140747,15.966763496398926,1.3659696578979492,0.0006921999738551676,0.00028709997422993183
477,1.4781848192214966,15.982288360595703,1.3663502931594849,0.0006991000263951719,0.0002908000024035573
478,1.515620470046997,15.99770736694336,1.3663300275802612,0.0006794999935664237,0.0002846000134013593
479,1.608644962310791,16.012277603149414,1.3669286966323853,0.0007098999922163785,0.00028550002025440335
480,1.2158269882202148,16.026172637939453,1.3667155504226685,0.0006983999628573656,0.0002866999711841345
481,1.4887232780456543,16.040842056274414,1.366989016532898,0.0007591000176034868,0.00035200000274926424
482,1.3725874423980713,16.055070877075195,1.3681764602661133,0.0006874999962747097,0.0002933000214397907
483,1.3694431781768799,16.069841384887695,1.371286153793335,0.0006889999494887888,0.00028909998945891857
484,1.3251065015792847,16.084022521972656,1.3710111379623413,0.0007057000184431672,0.00029039999935775995
485,1.2950021028518677,16.09806251525879,1.3710501194000244,0.0007111000013537705,0.00028850004309788346
486,1.209035038948059,16.112768173217773,1.371336579322815,0.000741399999242276,0.0002855999628081918
487,1.4329113960266113,16.1278076171875,1.3728917837142944,0.0006855999818071723,0.0002914000069722533
488,1.5554349422454834,16.14279556274414,1.373865008354187,0.0006997999735176563,0.0002864000271074474
489,1.3349266052246094,16.157075881958008,1.3735092878341675,0.0007029999978840351,0.00028770003700628877
490,1.2740219831466675,16.17173957824707,1.372365951538086,0.0006957000005058944,0.0002872999757528305
491,1.437609076499939,16.1867618560791,1.3721667528152466,0.0007101999945007265,0.0002906000008806586
492,1.5109165906906128,16.20146942138672,1.372326374053955,0.0006876999977976084,0.00028879998717457056
493,1.1974968910217285,16.215110778808594,1.368263840675354,0.0007125999545678496,0.000285700021777302
494,1.195128321647644,16.229623794555664,1.3628497123718262,0.0007763999747112393,0.0002885999856516719
495,1.457267165184021,16.24472427368164,1.3554913997650146,0.0008234999841079116,0.00028959999326616526
496,1.4152638912200928,16.259653091430664,1.3493998050689697,0.001102800015360117,0.0004095000331290066
497,1.0873340368270874,16.27450942993164,1.3473156690597534,0.0014509999891743064,0.0005686000222340226
498,1.5777443647384644,16.290813446044922,1.3483102321624756,0.0009482000023126602,0.0003806999884545803
499,1.3627396821975708,16.30589485168457,1.3502107858657837,0.0007682000286877155,0.00040010001976042986
500,1.6402555704116821,16.321001052856445,1.3553738594055176,0.0007330999942496419,0.00031849998049438
501,1.4066016674041748,16.335338592529297,1.3618533611297607,0.0007538999780081213,0.00031370000215247273
502,1.3783825635910034,16.350122451782227,1.3695826530456543,0.0007519999635405838,0.0003074000123888254
503,1.4714187383651733,16.365428924560547,1.3735177516937256,0.000735200010240078,0.0003056999994441867
504,1.514529824256897,16.38030242919922,1.371915578842163,0.000735200010240078,0.00031319999834522605
505,1.2746782302856445,16.394325256347656,1.3744838237762451,0.0007370999664999545,0.00031099998159334064
506,1.5823787450790405,16.408361434936523,1.3750568628311157,0.0009411000064574182,0.0003089999663643539
507,1.2115795612335205,16.4218807220459,1.3711124658584595,0.0007406999939121306,0.0003144000074826181
508,1.620617151260376,16.43565559387207,1.369974136352539,0.000742900010664016,0.00030559999868273735
509,1.2627356052398682,16.44837188720703,1.3680166006088257,0.0007190000033006072,0.00030529999639838934
510,1.5774407386779785,16.46132469177246,1.363910436630249,0.0007328000501729548,0.0003022000310011208
511,1.494728446006775,16.473535537719727,1.3610180616378784,0.0007402999908663332,0.0003097999724559486
512,1.3932894468307495,16.485448837280273,1.3568732738494873,0.0007242999854497612,0.00031050003599375486
513,1.4076457023620605,16.49724769592285,1.3535746335983276,0.0009996999870054424,0.0005590000073425472
514,1.3422980308532715,16.50969123840332,1.350564956665039,0.0007753000245429575,0.00034030003007501364
515,1.3644154071807861,16.521900177001953,1.349238395690918,0.0007381999748758972,0.00030969997169449925
516,1.4594335556030273,16.534732818603516,1.3495776653289795,0.000750300008803606,0.0003139000036753714
517,1.4715396165847778,16.54799461364746,1.3484115600585938,0.000735200010240078,0.00031129998387768865
518,1.3820056915283203,16.56116485595703,1.3460826873779297,0.0007187000010162592,0.00030419998802244663
519,1.4352749586105347,16.57466697692871,1.3452788591384888,0.00093629996990785,0.00030499999411404133
520,1.629591703414917,16.58774757385254,1.3453881740570068,0.0007724000024609268,0.00034440000308677554
521,1.8405442237854004,16.59942054748535,1.344689965248108,0.0007319000433199108,0.0003136000013910234
522,1.5608526468276978,16.610002517700195,1.3454639911651611,0.000728400016669184,0.0003060000017285347
523,1.5284252166748047,16.620502471923828,1.3497881889343262,0.0009306000429205596,0.00034359999699518085
524,1.3205029964447021,16.630802154541016,1.3557003736495972,0.0007480999920517206,0.0004485000390559435
525,1.1745508909225464,16.642030715942383,1.3626843690872192,0.0007245999877341092,0.00030200002947822213
526,1.474775791168213,16.654190063476562,1.3698962926864624,0.0007515999604947865,0.0002989000058732927
527,1.3912962675094604,16.665771484375,1.3761165142059326,0.0007149999728426337,0.000298700004350394
528,1.3951239585876465,16.67719841003418,1.381831169128418,0.0007143999682739377,0.0002967999898828566
529,1.5649194717407227,16.689111709594727,1.38510000705719,0.0007202000124379992,0.0003065000055357814
530,1.4495576620101929,16.700420379638672,1.3866558074951172,0.0007171999895945191,0.00030159996822476387
531,1.63815176486969,16.711780548095703,1.3844537734985352,0.0007199999527074397,0.0003030999796465039
532,1.7790353298187256,16.722177505493164,1.383402943611145,0.0007256999961100519,0.0002991999499499798
533,1.4823373556137085,16.732006072998047,1.3831595182418823,0.0007143999682739377,0.00030150002567097545
534,1.5841825008392334,16.7423095703125,1.38211190700531,0.0007142000249586999,0.00029879994690418243
535,1.4041297435760498,16.75258445739746,1.3795992136001587,0.0007328999927267432,0.0002970999921672046
536,1.5486067533493042,16.763607025146484,1.3748836517333984,0.0007183999987319112,0.00029639998683705926
537,1.5345381498336792,16.77446174621582,1.3710031509399414,0.0007279000128619373,0.0003022000310011208
538,1.3059228658676147,16.785236358642578,1.368480920791626,0.0007136999629437923,0.0002995000104419887
539,1.3320434093475342,16.796424865722656,1.3689560890197754,0.0007360999588854611,0.00030209997203201056
540,1.4298481941223145,16.80797004699707,1.3727524280548096,0.0007390999817289412,0.00030209997203201056
541,1.6836411952972412,16.819965362548828,1.375570297241211,0.0007140000234358013,0.0002975999959744513
542,1.394455909729004,16.831581115722656,1.376069188117981,0.0007043000077828765,0.00029390002600848675
543,1.5699015855789185,16.843521118164062,1.3755366802215576,0.0007233999785967171,0.000298400002066046
544,1.246061086654663,16.85529899597168,1.373563528060913,0.0007066000252962112,0.00029940000968053937
545,1.541563630104065,16.86749267578125,1.3710579872131348,0.0007186999428085983,0.00029990001348778605
546,1.5307196378707886,16.87970733642578,1.3651704788208008,0.0007113000028766692,0.0003056999994441867
547,1.3683006763458252,16.891952514648438,1.3561244010925293,0.0007140000234358013,0.00029769999673590064
548,1.2905268669128418,16.904470443725586,1.3501906394958496,0.00070830003824085,0.00030800001695752144
549,1.3955217599868774,16.91761589050293,1.3470091819763184,0.0007056000176817179,0.000305800000205636
550,1.480493187904358,16.93023681640625,1.3441386222839355,0.0007254999945871532,0.00030070001957938075
551,1.3234001398086548,16.942968368530273,1.3427008390426636,0.0007154999766498804,0.0003035999834537506
552,1.5640356540679932,16.956249237060547,1.3418303728103638,0.0007048000115901232,0.0003034999826923013
553,1.3023715019226074,16.968727111816406,1.3419203758239746,0.0007217000238597393,0.00031319999834522605
554,1.341025948524475,16.981693267822266,1.339593529701233,0.0007591000176034868,0.0003035999834537506
555,1.3385804891586304,16.99477195739746,1.3398606777191162,0.0008187000057660043,0.0003257999778725207
556,1.4595980644226074,17.007705688476562,1.336382269859314,0.0007387000368908048,0.0005557999829761684
557,1.2801454067230225,17.020673751831055,1.3305730819702148,0.0007204999565146863,0.00029960001120343804
558,1.4989155530929565,17.033777236938477,1.324933409690857,0.0007093999884091318,0.00030809995951130986
559,1.4633913040161133,17.047107696533203,1.3197776079177856,0.0007012999849393964,0.0003003000165335834
560,1.3748772144317627,17.059860229492188,1.3159980773925781,0.0007383999763987958,0.0002989000058732927
561,1.3038896322250366,17.07200050354004,1.3140689134597778,0.0007080999785102904,0.0003067999496124685
562,1.3898420333862305,17.084442138671875,1.315490484237671,0.0007043000077828765,0.0003027999773621559
563,1.5196411609649658,17.097524642944336,1.3204439878463745,0.0007164999842643738,0.00029659998835995793
564,1.3894907236099243,17.1104679107666,1.3279187679290771,0.0007289999630302191,0.0003005000180564821
565,1.386233925819397,17.12441635131836,1.3328131437301636,0.0007309999782592058,0.0003016999689862132
566,1.5944315195083618,17.138269424438477,1.3373466730117798,0.0006916999700479209,0.00029779999749735
567,1.3820102214813232,17.1519718170166,1.341377854347229,0.0006909000221639872,0.0002855999628081918
568,1.268863558769226,17.165498733520508,1.342445969581604,0.0007153999758884311,0.00031179998768493533
569,1.3939532041549683,17.179405212402344,1.3424098491668701,0.0007056000176817179,0.0003003999590873718
570,1.3365609645843506,17.19342803955078,1.3427245616912842,0.0007283999584615231,0.0002969999914057553
571,1.1719547510147095,17.2073974609375,1.3444904088974,0.0007167999865487218,0.00031019997550174594
572,1.4562264680862427,17.222139358520508,1.3433163166046143,0.0007096999906934798,0.00030120002338662744
573,1.2513576745986938,17.23609161376953,1.3398452997207642,0.0007270000060088933,0.0003018999705091119
574,1.1457924842834473,17.250553131103516,1.3331096172332764,0.0007127000135369599,0.0002997000119648874
575,1.4620481729507446,17.264997482299805,1.327048420906067,0.0007200000109151006,0.00030780001543462276
576,1.3381580114364624,17.279237747192383,1.3196535110473633,0.0007100999937392771,0.0002998000127263367
577,1.2978951930999756,17.29400062561035,1.3122448921203613,0.0007113000028766692,0.0002962999860756099
578,1.5481975078582764,17.30879783630371,1.3085298538208008,0.0007140000234358013,0.00030319998040795326
579,1.7061145305633545,17.32305335998535,1.3060191869735718,0.0007471999851986766,0.0003034999826923013
580,1.156944990158081,17.336071014404297,1.3036165237426758,0.0007107999990694225,0.00030450004851445556
581,1.3986883163452148,17.350139617919922,1.3024414777755737,0.0007049999549053609,0.00030180002795532346
582,1.5150761604309082,17.36466407775879,1.3019906282424927,0.0007130000158213079,0.00029689999064430594
583,1.4664465188980103,17.378576278686523,1.3023536205291748,0.0007105999975465238,0.0003225000109523535
584,1.4419426918029785,17.392642974853516,1.3014897108078003,0.0007243999862112105,0.000299000006634742
585,1.3998243808746338,17.407291412353516,1.3004719018936157,0.0007140999659895897,0.0003060000017285347
586,1.4185960292816162,17.421947479248047,1.2994109392166138,0.0007382999756373465,0.00030099996365606785
587,1.672961950302124,17.436439514160156,1.2968367338180542,0.0007158000371418893,0.000305800000205636
588,1.3165526390075684,17.450340270996094,1.2953239679336548,0.0007054999587126076,0.00029689999064430594
589,1.3144681453704834,17.46424674987793,1.2961455583572388,0.0007144000264815986,0.00030019995756447315
590,1.4853748083114624,17.478652954101562,1.2990443706512451,0.0006928000366315246,0.000292200013063848
591,1.5067161321640015,17.492359161376953,1.3039684295654297,0.0006962000043131411,0.0002874999772757292
592,1.375338077545166,17.507003784179688,1.3108844757080078,0.0006772999768145382,0.00028710003243759274
593,1.225449562072754,17.521520614624023,1.3192899227142334,0.0006903000175952911,0.0002873000339604914
594,1.4962882995605469,17.536727905273438,1.327003002166748,0.0007739000138826668,0.00046040001325309277
595,1.4169435501098633,17.551668167114258,1.3344627618789673,0.0007194000063464046,0.00030150002567097545
596,1.3587287664413452,17.56709098815918,1.3383218050003052,0.0007026999955996871,0.0002914000069722533
597,1.317703366279602,17.582216262817383,1.3414212465286255,0.0006912999670021236,0.00028989999555051327
598,1.4966830015182495,17.597150802612305,1.3407940864562988,0.0007040000054985285,0.0002874999772757292
599,1.506658673286438,17.611736297607422,1.3373754024505615,0.0006951999966986477,0.00030130002414807677
600,1.5927484035491943,17.62564468383789,1.3320013284683228,0.0006881000008434057,0.000298400002066046
601,1.6871166229248047,17.639930725097656,1.3251376152038574,0.0007069999701343477,0.00028760003624483943
602,1.2390704154968262,17.653528213500977,1.3153693675994873,0.0007894000154919922,0.000291600008495152
603,1.338057041168213,17.66762924194336,1.3083478212356567,0.0008873000042513013,0.00036369997542351484
604,1.2605674266815186,17.682527542114258,1.3044121265411377,0.0009766999864950776,0.00037840002914890647
605,1.4036518335342407,17.698240280151367,1.3049213886260986,0.0009655000176280737,0.0005239999736659229
606,1.2648431062698364,17.713895797729492,1.306884765625,0.0007930999854579568,0.0004928000271320343
607,1.3184800148010254,17.72942543029785,1.3083271980285645,0.0008431000169366598,0.0003066000062972307
608,1.2512215375900269,17.74527359008789,1.3107677698135376,0.0007331999950110912,0.0003063000040128827
609,1.2672404050827026,17.761430740356445,1.3115313053131104,0.0007844000356271863,0.00031480001052841544
610,1.3537245988845825,17.777446746826172,1.3123505115509033,0.0007622999837622046,0.0003279999946244061
611,1.276633620262146,17.79319190979004,1.313412070274353,0.0007238999824039638,0.00031479995232075453
612,1.3588776588439941,17.80915641784668,1.3146909475326538,0.0007820999599061906,0.00029469997389242053
613,1.2645467519760132,17.82456398010254,1.3150545358657837,0.0007325999904423952,0.00030669994885101914
614,1.3053404092788696,17.84031867980957,1.3189432621002197,0.0007309999782592058,0.0002938000252470374
615,1.3616281747817993,17.855955123901367,1.3239549398422241,0.0007263000006787479,0.0004653999931178987
616,1.2604740858078003,17.871089935302734,1.330024242401123,0.0008054000209085643,0.0002924000145867467
617,1.4254635572433472,17.886842727661133,1.3397514820098877,0.001007599988952279,0.00035579997347667813
618,1.185905933380127,17.902225494384766,1.3504130840301514,0.0007545999833382666,0.0003331000334583223
619,1.3326425552368164,17.918291091918945,1.3519407510757446,0.0007170999888330698,0.0003142000059597194
620,1.6183412075042725,17.933975219726562,1.3447697162628174,0.0007139000226743519,0.00029609998455271125
621,1.3451323509216309,17.94903564453125,1.3371477127075195,0.0007187000010162592,0.0003174000303260982
622,1.591097354888916,17.96358871459961,1.3322354555130005,0.0007286000181920826,0.0002897000522352755
623,1.2528481483459473,17.976966857910156,1.3219364881515503,0.0010066000395454466,0.00030720001086592674
624,1.4072778224945068,17.990678787231445,1.3094223737716675,0.0008352000149898231,0.0003625000244937837
625,1.3100435733795166,18.004961013793945,1.3016104698181152,0.0007274000090546906,0.00030969997169449925
626,1.3458199501037598,18.01897621154785,1.2959145307540894,0.0007226999732665718,0.0002893999917432666
627,1.2196794748306274,18.033231735229492,1.2949903011322021,0.0007250999915413558,0.00029690004885196686
628,1.3615883588790894,18.047672271728516,1.2964531183242798,0.0007263000006787479,0.000291300006210804
629,1.386433720588684,18.06243133544922,1.2994256019592285,0.0008273000130429864,0.0003036000416614115
630,1.3494266271591187,18.077648162841797,1.3036075830459595,0.0009349000174552202,0.0004130000015720725
631,1.2332414388656616,18.093318939208984,1.3065431118011475,0.0015508999931626022,0.000381499994546175
632,1.408109188079834,18.108701705932617,1.3097620010375977,0.0010503999656066298,0.0004556999774649739
633,1.571812391281128,18.123456954956055,1.3081847429275513,0.0007554999901913106,0.0003728000447154045
634,1.3520913124084473,18.137624740600586,1.3044229745864868,0.0007395999855361879,0.00030479999259114265
635,1.4287728071212769,18.151700973510742,1.2966488599777222,0.0007085000397637486,0.000298099999781698
636,1.3139103651046753,18.165409088134766,1.289665937423706,0.0009702000534161925,0.00029830000130459666
637,1.270015835762024,18.179794311523438,1.2866864204406738,0.0007254999945871532,0.0003171999705955386
638,1.4653723239898682,18.19437599182129,1.2876996994018555,0.0007285999599844217,0.00029669998912140727
639,1.3685762882232666,18.208988189697266,1.2917414903640747,0.0007386999786831439,0.0002875999780371785
640,1.2596163749694824,18.224069595336914,1.2994105815887451,0.0008772999863140285,0.00034420000156387687
641,1.2253320217132568,18.238862991333008,1.3067803382873535,0.0007264000014401972,0.0003101000329479575
642,1.5299128293991089,18.253707885742188,1.310994029045105,0.0007326999912038445,0.000533799990080297
643,1.311734676361084,18.26805877685547,1.3132761716842651,0.0007198999519459903,0.00029930000891909003
644,1.2721692323684692,18.281827926635742,1.3118584156036377,0.0009524999768473208,0.00030019995756447315
645,1.22074556350708,18.29602813720703,1.3110089302062988,0.0008972000214271247,0.00036019994877278805
646,1.5853818655014038,18.310136795043945,1.308692216873169,0.0007622999837622046,0.000387999985832721
647,1.5342905521392822,18.323917388916016,1.3050100803375244,0.0007019999902695417,0.00030800001695752144
648,1.519547939300537,18.33722496032715,1.3012291193008423,0.0008248999947682023,0.0003201999934390187
649,1.3295021057128906,18.350887298583984,1.2989346981048584,0.0006983999628573656,0.0002862000255845487
650,1.6578474044799805,18.36509132385254,1.3011730909347534,0.0007088000420480967,0.00028229999588802457
651,1.389608383178711,18.37857437133789,1.304961085319519,0.0006966000073589385,0.00029639998683705926
652,1.143432378768921,18.39204978942871,1.3041483163833618,0.0006952999974600971,0.000291300006210804
653,1.4374364614486694,18.405797958374023,1.2976272106170654,0.0007713999948464334,0.0002964999875985086
654,1.3708895444869995,18.418699264526367,1.2913661003112793,0.00074230000609532,0.0003153000143356621
655,1.3273663520812988,18.431180953979492,1.2846490144729614,0.0007400999893434346,0.000298400002066046
656,1.3202494382858276,18.44465446472168,1.279061198234558,0.00070090004010126,0.0002883000415749848
657,1.5441161394119263,18.458660125732422,1.2754138708114624,0.0007315999828279018,0.0003060000017285347
658,1.4198051691055298,18.47269630432129,1.273556113243103,0.0007133000181056559,0.0003011000226251781
659,1.4615809917449951,18.486486434936523,1.2739263772964478,0.0007557999924756587,0.0002914000069722533
660,1.2302789688110352,18.499834060668945,1.2763493061065674,0.0007793999975547194,0.00028769997879862785
661,1.437695026397705,18.513553619384766,1.2784439325332642,0.0008757999748922884,0.0004151000175625086
662,1.240091323852539,18.526538848876953,1.2791235446929932,0.0007131999591365457,0.000298400002066046
663,1.4734854698181152,18.5398006439209,1.2806941270828247,0.0006966000073589385,0.0002934999647550285
664,1.6241207122802734,18.552724838256836,1.2823476791381836,0.000707399973180145,0.00029749999521300197
665,1.0871821641921997,18.564678192138672,1.2836319208145142,0.0007076000329107046,0.00029199995333328843
666,1.4053603410720825,18.57737922668457,1.282465934753418,0.0007012999849393964,0.00029639998683705926
667,1.375830054283142,18.589319229125977,1.2798893451690674,0.000685499981045723,0.00029340002220124006
668,1.2524518966674805,18.601083755493164,1.2788161039352417,0.0007116000051610172,0.0002875000354833901
669,1.155186653137207,18.613536834716797,1.2811814546585083,0.0006933000404387712,0.00029440002981573343
670,1.0374481678009033,18.627351760864258,1.2859604358673096,0.000694099988322705,0.0002843000111170113
671,1.3429274559020996,18.641437530517578,1.2921507358551025,0.0006983000203035772,0.0002953999792225659
672,1.2689948081970215,18.65491485595703,1.2995275259017944,0.0008069999748840928,0.00028819998260587454
673,1.1359326839447021,18.668216705322266,1.3116694688796997,0.0007704000454396009,0.0003470999654382467
674,1.3606501817703247,18.682004928588867,1.3232709169387817,0.0007385999779216945,0.00033119996078312397
675,1.3750584125518799,18.69560432434082,1.3318524360656738,0.0007176999934017658,0.00030040001729503274
676,1.3096423149108887,18.708538055419922,1.33169424533844,0.000874500023201108,0.00029340002220124006
677,1.2790882587432861,18.721275329589844,1.324689507484436,0.0008551999926567078,0.0003043999895453453
678,0.9627500176429749,18.734357833862305,1.3115417957305908,0.000742900010664016,0.00034359999699518085
679,1.4731792211532593,18.74811363220215,1.299695611000061,0.000742900010664016,0.0002926999586634338
680,1.3179482221603394,18.760862350463867,1.2935642004013062,0.0007008000393398106,0.0003068000078201294
681,1.3046865463256836,18.773223876953125,1.2879033088684082,0.0006895000115036964,0.00028879998717457056
682,1.2786588668823242,18.78542709350586,1.285444974899292,0.0007162999827414751,0.0002866999711841345
683,1.3596833944320679,18.797630310058594,1.2854020595550537,0.0007242000428959727,0.0003260999801568687
684,1.3137640953063965,18.80933952331543,1.2861671447753906,0.0007921999786049128,0.0003037999849766493
685,1.2103431224822998,18.821138381958008,1.2897919416427612,0.0007304999744519591,0.0003163000219501555
686,1.2410072088241577,18.834016799926758,1.2858637571334839,0.0007152999751269817,0.0002997000119648874
687,1.2900289297103882,18.847318649291992,1.2834277153015137,0.0007612000335939229,0.0003024000325240195
688,1.3718159198760986,18.86060905456543,1.2821215391159058,0.0007293999660760164,0.00032160000409930944
689,1.257452130317688,18.873600006103516,1.2846864461898804,0.0007194000063464046,0.00029990001348778605
690,1.1334519386291504,18.88661766052246,1.2900371551513672,0.00074970000423491,0.000304899993352592
691,1.1842604875564575,18.899662017822266,1.2972968816757202,0.0007917999755591154,0.00034039997262880206
692,1.0046542882919312,18.913265228271484,1.3009239435195923,0.0009562000050209463,0.00035769998794421554
693,1.3418461084365845,18.927162170410156,1.3021233081817627,0.0007616999791935086,0.0003525000065565109
694,1.2155508995056152,18.941139221191406,1.3037443161010742,0.0007801000028848648,0.0003025000332854688
695,1.4594135284423828,18.95539665222168,1.3050274848937988,0.0007523999665863812,0.0003071000101044774
696,1.5871763229370117,18.9691162109375,1.3086048364639282,0.000742900010664016,0.000298400002066046
697,1.1688721179962158,18.981983184814453,1.312381386756897,0.0007530999719165266,0.0003014000249095261
698,1.1235878467559814,18.995595932006836,1.3154902458190918,0.0007489999989047647,0.0003347999881953001
699,1.2455213069915771,19.009906768798828,1.3217401504516602,0.0007326999912038445,0.00030200002947822213
700,1.473337173461914,19.024354934692383,1.324839472770691,0.000708900042809546,0.000298400002066046
701,1.3100727796554565,19.03809356689453,1.3239707946777344,0.0007627999875694513,0.0002883999841287732
702,1.2471418380737305,19.051637649536133,1.319778323173523,0.0007313999813050032,0.00033000000985339284
703,1.383265495300293,19.065279006958008,1.3123493194580078,0.0007333999965339899,0.00030519999563694
704,1.2397438287734985,19.07834243774414,1.3073112964630127,0.0007168999873101711,0.000298099999781698
705,1.226219892501831,19.091203689575195,1.3013232946395874,0.0007218000246211886,0.00029640004504472017
706,1.0044280290603638,19.10419273376465,1.2978265285491943,0.0007269000052474439,0.00030419998802244663
707,1.1756606101989746,19.118125915527344,1.293774962425232,0.0008621999877505004,0.0002995000104419887
708,1.6935621500015259,19.131885528564453,1.288774013519287,0.0007594999624416232,0.00033299997448921204
709,1.155861496925354,19.145610809326172,1.2849109172821045,0.0007852999842725694,0.000318799982778728
710,1.1137088537216187,19.159269332885742,1.281577229499817,0.000819200009573251,0.0003483000327832997
711,1.2538819313049316,19.173086166381836,1.2750250101089478,0.0007321999873965979,0.0003293000045232475
712,1.467955231666565,19.186504364013672,1.267917275428772,0.0007217000238597393,0.00030040001729503274
713,1.2038687467575073,19.199678421020508,1.2645103931427002,0.0007520000217482448,0.0003212000010535121
714,1.348096489906311,19.212833404541016,1.2594894170761108,0.0007291000219993293,0.00031380000291392207
715,1.112252950668335,19.22541618347168,1.2542905807495117,0.0007266000029630959,0.00029990001348778605
716,1.4549354314804077,19.238473892211914,1.2505894899368286,0.0007508000126108527,0.00030590000096708536
717,1.247068166732788,19.25090217590332,1.2499209642410278,0.0007221999694593251,0.00030010001501068473
718,1.3008173704147339,19.263694763183594,1.250119924545288,0.0007406999939121306,0.00029969995375722647
719,1.1335636377334595,19.275938034057617,1.2510403394699097,0.0007360000163316727,0.00029880000511184335
720,1.518784523010254,19.288259506225586,1.2565110921859741,0.0007312999805435538,0.0002832000027410686
721,1.4229464530944824,19.300315856933594,1.2612413167953491,0.0007652000058442354,0.0003036000416614115
722,1.181946039199829,19.312198638916016,1.2644414901733398,0.0007589000160805881,0.0002976000541821122
723,1.2290538549423218,19.3245849609375,1.260270357131958,0.0008285999647341669,0.0003601000062189996
724,1.8472410440444946,19.337942123413086,1.2539520263671875,0.0007657000096514821,0.0002976000541821122
725,1.2140368223190308,19.349998474121094,1.2462230920791626,0.0007411999977193773,0.00030340004013851285
726,0.9568946957588196,19.362762451171875,1.2440896034240723,0.0007556999917142093,0.0002989999484270811
727,1.2033900022506714,19.376399993896484,1.2483913898468018,0.0007452999707311392,0.00030019995756447315
728,1.2146646976470947,19.39003562927246,1.252915620803833,0.0007106999983079731,0.00029769999673590064
729,1.311061978340149,19.403831481933594,1.259050965309143,0.0007325999904423952,0.0002896999940276146
730,1.422667384147644,19.41778564453125,1.267066240310669,0.0007193000055849552,0.00028769997879862785
731,0.8367473483085632,19.4315128326416,1.2715052366256714,0.0007150000310502946,0.00028770003700628877
732,1.220059871673584,19.446123123168945,1.274496078491211,0.0006952999974600971,0.00028929999098181725
733,1.3141592741012573,19.461151123046875,1.271066665649414,0.0007037000032141805,0.0002853000187315047
734,1.0670802593231201,19.476253509521484,1.2633212804794312,0.0006984000210650265,0.00029120000544935465
735,1.243412733078003,19.491966247558594,1.2607542276382446,0.0006940000457689166,0.00028790003852918744
736,1.5359197854995728,19.50743293762207,1.2592357397079468,0.0007073000306263566,0.000285100017208606
737,1.192156434059143,19.522306442260742,1.2496616840362549,0.0006983000203035772,0.00028719997499138117
738,1.2334201335906982,19.5369930267334,1.2431590557098389,0.0007199000101536512,0.0002872999757528305
739,1.1153582334518433,19.55173683166504,1.2417089939117432,0.0006991999689489603,0.0003068000078201294
740,0.9564928412437439,19.566835403442383,1.2436856031417847,0.0006936999852769077,0.00028419995214790106
741,1.296962857246399,19.582799911499023,1.2484554052352905,0.0007042000070214272,0.00029529997846111655
742,1.1053297519683838,19.597896575927734,1.256898283958435,0.0006913999677635729,0.00028310000197961926
743,1.1896288394927979,19.613021850585938,1.2675879001617432,0.0007079000351950526,0.00028820004081353545
744,1.057080864906311,19.6280460357666,1.2776448726654053,0.0006851000362075865,0.0002859000233002007
745,1.387438416481018,19.643020629882812,1.2831906080245972,0.0006980999605730176,0.0002856000210158527
746,1.2101411819458008,19.65764808654785,1.2861804962158203,0.0007065999670885503,0.0002935999655164778
747,1.3941808938980103,19.67251205444336,1.2852307558059692,0.0006850999779999256,0.0002875999780371785
748,1.3145558834075928,19.686458587646484,1.283058524131775,0.0007192000048235059,0.0002809999859891832
749,1.076003909111023,19.69970703125,1.2762062549591064,0.0006901999586261809,0.00029009999707341194
750,1.492995023727417,19.71355628967285,1.2698146104812622,0.000694099988322705,0.00028579996433109045
751,1.230229139328003,19.72646713256836,1.261831521987915,0.0007104999967850745,0.00029940000968053937
752,0.9410939812660217,19.739608764648438,1.2580041885375977,0.0006914000259712338,0.0002862000255845487
753,1.240716576576233,19.752803802490234,1.2550947666168213,0.0006838000263087451,0.00028279999969527125
754,1.1871041059494019,19.765666961669922,1.2510091066360474,0.0007467999821528792,0.00028979999478906393
755,1.3319470882415771,19.778783798217773,1.2472376823425293,0.0007595000206492841,0.000291600008495152
756,1.153376579284668,19.792015075683594,1.2456283569335938,0.0007495000027120113,0.0003063000040128827
757,1.2044931650161743,19.805095672607422,1.2418287992477417,0.0007089999853633344,0.0002888999879360199
758,1.4387130737304688,19.818307876586914,1.2401973009109497,0.0006970000104047358,0.00028490001568570733
759,1.2684944868087769,19.831295013427734,1.2399410009384155,0.0008217000286094844,0.0004403999773785472
760,1.287231206893921,19.843896865844727,1.240733027458191,0.0007234999793581665,0.0003035999834537506
761,1.3990970849990845,19.856855392456055,1.2423325777053833,0.0007132000173442066,0.000291600008495152
762,1.2268314361572266,19.869394302368164,1.2398942708969116,0.0007173999911174178,0.00029369996627792716
763,1.1015901565551758,19.88174057006836,1.2372545003890991,0.0007106999983079731,0.0002978000557050109
764,1.358510136604309,19.894878387451172,1.2372338771820068,0.0007138000219129026,0.0003044000477530062
765,1.2765188217163086,19.907651901245117,1.2396090030670166,0.0007498000049963593,0.0002941000275313854
766,1.198021650314331,19.920305252075195,1.245285153388977,0.0007056000176817179,0.0002872000331990421
767,1.3041375875473022,19.933210372924805,1.250679850578308,0.000721900025382638,0.0002878000377677381
768,0.9670172333717346,19.94622802734375,1.259111762046814,0.0007018999895080924,0.00029250001534819603
769,1.215895414352417,19.95970344543457,1.265004277229309,0.0008396999910473824,0.00035769998794421554
770,1.374976634979248,19.973331451416016,1.270796775817871,0.0007787999929860234,0.000311699986923486
771,1.2419031858444214,19.98659324645996,1.265976071357727,0.0007572000031359494,0.00030010001501068473
772,1.310990333557129,19.999608993530273,1.262925624847412,0.0007683999720029533,0.00028609996661543846
773,1.3299522399902344,20.012266159057617,1.25898015499115,0.0007082999800331891,0.0002934999647550285
774,1.2782107591629028,20.025117874145508,1.2579022645950317,0.0007041000062599778,0.00028719997499138117
775,1.276787281036377,20.037858963012695,1.2502086162567139,0.0007121000089682639,0.00028609996661543846
776,1.161792278289795,20.050729751586914,1.2415761947631836,0.0007035000016912818,0.00029749999521300197
777,1.1843773126602173,20.06366729736328,1.2314373254776,0.0007184999994933605,0.00030880002304911613
778,1.218964695930481,20.07622718811035,1.2222957611083984,0.0007604000275023282,0.00028849998489022255
779,1.1459894180297852,20.08905792236328,1.2192010879516602,0.0009262000094167888,0.00028979999478906393
780,1.1388400793075562,20.101511001586914,1.221825361251831,0.0008063999703153968,0.0003124999930150807
781,1.321268081665039,20.114912033081055,1.227292537689209,0.0007363000186160207,0.0002954000374302268
782,1.4588536024093628,20.127588272094727,1.2354809045791626,0.0007159999804571271,0.0002972999936901033
783,1.0786974430084229,20.140499114990234,1.247064232826233,0.0007472999859601259,0.0002948999754153192
784,1.4545202255249023,20.153728485107422,1.2583924531936646,0.0007458999752998352,0.0002958999830298126
785,1.4678047895431519,20.167177200317383,1.2625491619110107,0.0007560999947600067,0.00030209997203201056
786,1.4001997709274292,20.17963409423828,1.2557973861694336,0.0007058000192046165,0.0002951999776996672
787,1.2283498048782349,20.191869735717773,1.2445907592773438,0.0007189000025391579,0.00029230001382529736
788,1.0389173030853271,20.20372772216797,1.2326313257217407,0.0007178999949246645,0.0002972999936901033
789,1.123758316040039,20.215843200683594,1.2178013324737549,0.000755299988668412,0.00029339996399357915
790,1.1697148084640503,20.22895050048828,1.2123264074325562,0.000783399969805032,0.0002940000267699361
791,1.4244004487991333,20.242149353027344,1.2098097801208496,0.0007334999972954392,0.0002906000008806586
792,1.440134048461914,20.254878997802734,1.209561824798584,0.0007136000203900039,0.0002902999985963106
793,1.107014536857605,20.267852783203125,1.2046667337417603,0.0007066000252962112,0.0003019999712705612
794,1.1483899354934692,20.28083610534668,1.1999375820159912,0.0007177999941632152,0.0002935999655164778
795,0.9986391663551331,20.293996810913086,1.1951282024383545,0.0007349999505095184,0.00028819998260587454
796,1.214955449104309,20.307554244995117,1.1890572309494019,0.0008002999820746481,0.00029419997008517385
797,1.2556777000427246,20.32142448425293,1.1853766441345215,0.0007187000010162592,0.00029690004885196686
798,1.1992437839508057,20.335041046142578,1.1827768087387085,0.0007113999454304576,0.0002872999757528305
799,1.1417036056518555,20.34862518310547,1.1841381788253784,0.000750000006519258,0.0002921000123023987
800,1.249640703201294,20.362436294555664,1.1866860389709473,0.0007153999758884311,0.000291000003926456
801,1.3195215463638306,20.376161575317383,1.1905397176742554,0.0007155999774113297,0.0002855999628081918
802,1.3359477519989014,20.38922119140625,1.19828462600708,0.0007146999705582857,0.00029499997617676854
803,1.0687003135681152,20.40188217163086,1.2070423364639282,0.000708000035956502,0.0002899999963119626
804,0.9977703094482422,20.414901733398438,1.2116495370864868,0.0007126000127755105,0.0002846000134013593
805,1.3715996742248535,20.42835807800293,1.210647463798523,0.0007125999545678496,0.0002937000244855881
806,1.3242484331130981,20.44123077392578,1.208687424659729,0.0007053000153973699,0.0002896999940276146
807,1.3490928411483765,20.453725814819336,1.2108763456344604,0.0007183999987319112,0.0002867999719455838
808,1.0829219818115234,20.46634864807129,1.2117336988449097,0.0007157999789342284,0.00028979999478906393
809,1.1398998498916626,20.48006248474121,1.2125906944274902,0.0007005000370554626,0.0002870000316761434
810,1.3257397413253784,20.493906021118164,1.2125892639160156,0.0014685000060126185,0.00038049998693168163
811,1.0998655557632446,20.507413864135742,1.2121210098266602,0.0007560999947600067,0.00032629998167976737
812,1.2929648160934448,20.52132225036621,1.210507869720459,0.000820100016426295,0.0003014000249095261
813,1.3610337972640991,20.53502082824707,1.208544373512268,0.0007219999679364264,0.0002969999914057553
814,1.2231003046035767,20.548341751098633,1.2022894620895386,0.0007176000508479774,0.0002970999921672046
815,1.0418658256530762,20.56132698059082,1.194502592086792,0.0007166999857872725,0.00029260001610964537
816,1.3299089670181274,20.574846267700195,1.1889867782592773,0.0007153000333346426,0.0002989000058732927
817,1.0322985649108887,20.588455200195312,1.1871581077575684,0.0007000999758020043,0.00028959999326616526
818,1.2679455280303955,20.602693557739258,1.1876840591430664,0.0007186000002548099,0.00028799998108297586
819,1.2985676527023315,20.616626739501953,1.1924909353256226,0.0007075000321492553,0.0002914000069722533
820,1.2178678512573242,20.629812240600586,1.1968244314193726,0.0007033000001683831,0.0003024000325240195
821,1.093332290649414,20.643238067626953,1.19717538356781,0.0007133999606594443,0.0002888999879360199
822,1.2052336931228638,20.65675163269043,1.1935137510299683,0.0006997000309638679,0.0002901999978348613
823,0.9732820391654968,20.670446395874023,1.188871145248413,0.0007237999816425145,0.00028959999326616526
824,1.3849464654922485,20.684358596801758,1.1839182376861572,0.0007046000100672245,0.0002921999548561871
825,0.9860117435455322,20.69771957397461,1.1789933443069458,0.0007153000333346426,0.00028789998032152653
826,1.3028453588485718,20.711740493774414,1.174117088317871,0.0007112000021152198,0.00029479997465386987
827,1.2409192323684692,20.725811004638672,1.1729267835617065,0.0007114000036381185,0.0003197999903932214
828,1.1439043283462524,20.739778518676758,1.1755465269088745,0.0007545999833382666,0.0003725000424310565
829,1.0693035125732422,20.753694534301758,1.1784828901290894,0.0007129000150598586,0.0002975999959744513
830,0.8466305732727051,20.767213821411133,1.183576226234436,0.0007046000100672245,0.00028770003700628877
831,1.06537663936615,20.7816162109375,1.1883773803710938,0.0007169999880716205,0.0002894000499509275
832,1.214275598526001,20.795856475830078,1.1958491802215576,0.0007072999724186957,0.00028739997651427984
833,1.1362614631652832,20.809778213500977,1.2060996294021606,0.0007238999824039638,0.0002853999612852931
834,1.236863613128662,20.82367706298828,1.215937614440918,0.0007115000043995678,0.00029039999935775995
835,1.0801141262054443,20.837017059326172,1.2192554473876953,0.0007033000001683831,0.0002858999650925398
836,1.245400309562683,20.850004196166992,1.2202292680740356,0.0007226999732665718,0.00028500001644715667
837,1.303878903388977,20.862314224243164,1.2145648002624512,0.0007060000207275152,0.0002873000339604914
838,1.3977415561676025,20.87409019470215,1.199057698249817,0.0007516999612562358,0.00028690003091469407
839,1.106386661529541,20.885438919067383,1.1890764236450195,0.0007079000351950526,0.0002967000473290682
840,1.1872739791870117,20.896839141845703,1.1836265325546265,0.0007041000062599778,0.00028310000197961926
841,1.1822354793548584,20.90853500366211,1.1812559366226196,0.0007188000017777085,0.0002880999818444252
842,1.2953060865402222,20.920198440551758,1.1822943687438965,0.0007022999925538898,0.00028490001568570733
843,1.1395344734191895,20.931421279907227,1.1819231510162354,0.0007543999818153679,0.00028440001187846065
844,1.2490755319595337,20.942859649658203,1.1796660423278809,0.0007170000462792814,0.00029260001610964537
845,1.352027416229248,20.95456314086914,1.1799324750900269,0.0007866999949328601,0.0002875999780371785
846,1.2387162446975708,20.96569061279297,1.1792280673980713,0.0007158000371418893,0.0002951000351458788
847,1.1527248620986938,20.976940155029297,1.1793453693389893,0.0007239999831654131,0.00028989999555051327
848,1.1594212055206299,20.988283157348633,1.1780632734298706,0.0007158999796956778,0.00032160000409930944
849,1.1262105703353882,20.999650955200195,1.1759912967681885,0.0007084999815560877,0.0003234000178053975
850,1.2902859449386597,21.010589599609375,1.17152738571167,0.0007470999844372272,0.0003155000158585608
851,1.0596007108688354,21.02211570739746,1.1691304445266724,0.0007150000310502946,0.00029009999707341194
852,0.8773331046104431,21.033872604370117,1.1687169075012207,0.0007257999968715012,0.0002949000336229801
853,0.9875285029411316,21.046104431152344,1.1713424921035767,0.0007163999835029244,0.00029179995181038976
854,1.2807492017745972,21.059106826782227,1.1745179891586304,0.0007029999978840351,0.00028659997042268515
855,1.2082476615905762,21.071414947509766,1.1746565103530884,0.0007252000505104661,0.00028630002634599805
856,0.9008241891860962,21.083200454711914,1.1746267080307007,0.0007092999876476824,0.0002875999780371785
857,1.209451675415039,21.095016479492188,1.1747246980667114,0.0007155999774113297,0.00028490001568570733
858,1.1970312595367432,21.106847763061523,1.177374243736267,0.0007604999700561166,0.0003079999587498605
859,1.0848491191864014,21.118886947631836,1.1789237260818481,0.0007912999717518687,0.00029559998074546456
860,1.1504848003387451,21.130979537963867,1.1798173189163208,0.000763899995945394,0.0003848000196740031
861,1.1283347606658936,21.142974853515625,1.1783279180526733,0.0007199000101536512,0.00029550003819167614
862,1.009352684020996,21.15503692626953,1.1719802618026733,0.000719499948900193,0.00029310001991689205
863,1.1145552396774292,21.167264938354492,1.1687215566635132,0.0007454000297002494,0.0003141000051982701
864,1.2331562042236328,21.179767608642578,1.165974497795105,0.0007467999821528792,0.00033299997448921204
865,1.2712441682815552,21.192523956298828,1.1647450923919678,0.0007482999935746193,0.00032249995274469256
866,1.0962247848510742,21.205110549926758,1.1603699922561646,0.0007254999945871532,0.0002975999959744513
867,1.0954415798187256,21.21790313720703,1.1580097675323486,0.0007164999842643738,0.0002867000293917954
868,1.1258022785186768,21.23067283630371,1.1556164026260376,0.0007215000223368406,0.00028659997042268515
869,1.0607036352157593,21.243858337402344,1.1573357582092285,0.0007102999952621758,0.0002906000008806586
870,1.2427911758422852,21.256969451904297,1.1618372201919556,0.001263700018171221,0.00028719997499138117
871,1.1087247133255005,21.269933700561523,1.167527198791504,0.0007890000124461949,0.0003629999700933695
872,0.9831464886665344,21.282901763916016,1.1725510358810425,0.0007271000067703426,0.0002961999853141606
873,1.2402082681655884,21.296070098876953,1.1758346557617188,0.00074819999281317,0.0002875999780371785
874,0.839288592338562,21.30891227722168,1.1797878742218018,0.0007594999624416232,0.0002937000244855881
875,1.2892029285430908,21.321989059448242,1.1900140047073364,0.0007933999877423048,0.00029889994766563177
876,1.12611985206604,21.334203720092773,1.1986838579177856,0.000756199995521456,0.00029039999935775995
877,1.1466822624206543,21.346342086791992,1.202614188194275,0.0007272999500855803,0.0002954999799840152
878,1.3077906370162964,21.358089447021484,1.1980820894241333,0.0007094999891705811,0.0002883999841287732
879,1.2695573568344116,21.37021827697754,1.192743182182312,0.0007278999546542764,0.0002902999985963106
880,1.3709869384765625,21.381959915161133,1.1833206415176392,0.0007139000226743519,0.00029180001001805067
881,1.1964508295059204,21.392953872680664,1.1728261709213257,0.0007295999675989151,0.0002901999978348613
882,1.0572052001953125,21.403587341308594,1.164594054222107,0.000714800029527396,0.00028360000578686595
883,1.0485180616378784,21.414302825927734,1.159540057182312,0.0007243999862112105,0.00028769997879862785
884,1.0301122665405273,21.425369262695312,1.1563676595687866,0.0007131000165827572,0.0002861999673768878
885,1.1731555461883545,21.436370849609375,1.1566511392593384,0.0007118000066839159,0.00028149998979642987
886,1.0628365278244019,21.447662353515625,1.1581718921661377,0.0007261999999172986,0.00028929999098181725
887,1.0786335468292236,21.45953369140625,1.1622071266174316,0.0007540000369772315,0.00028249999741092324
888,1.0090115070343018,21.471986770629883,1.1667793989181519,0.0007285000174306333,0.0002861999673768878
889,1.1601039171218872,21.48473358154297,1.1699241399765015,0.0007224000291898847,0.00028630002634599805
890,1.2302515506744385,21.497295379638672,1.170029640197754,0.0007829999667592347,0.0002905000001192093
891,1.1803994178771973,21.50985336303711,1.172056794166565,0.000812100013718009,0.0003127999952994287
892,1.2219117879867554,21.522645950317383,1.1780610084533691,0.0007210000185295939,0.00028740003472194076
893,1.0769996643066406,21.535024642944336,1.1875180006027222,0.0007199000101536512,0.0002967999898828566
894,1.3124370574951172,21.54751968383789,1.1938893795013428,0.0007193000055849552,0.0002921000123023987
895,1.2938348054885864,21.55972671508789,1.2007595300674438,0.0007407999946735799,0.00033929996425285935
896,1.0558680295944214,21.571279525756836,1.2000521421432495,0.0007256999961100519,0.0002937000244855881
897,1.2311103343963623,21.583175659179688,1.2000011205673218,0.0007090999861247838,0.00028979999478906393
898,1.1251413822174072,21.594532012939453,1.196429967880249,0.0007180999964475632,0.00028660002863034606
899,0.9203553795814514,21.60624885559082,1.1883141994476318,0.0007182999979704618,0.00029749999521300197
900,1.0997307300567627,21.61797523498535,1.1818023920059204,0.0012944999616593122,0.00033629999961704016
901,1.0446642637252808,21.6299991607666,1.177749752998352,0.0007726000039838254,0.0003494000411592424
902,1.1902285814285278,21.64194679260254,1.1732513904571533,0.0007267000037245452,0.00030280003556981683
903,0.843261182308197,21.653785705566406,1.1726819276809692,0.0007186000002548099,0.00028909998945891857
904,0.949977695941925,21.665843963623047,1.1730477809906006,0.0007693000370636582,0.0002888999879360199
905,1.2488263845443726,21.678380966186523,1.1739521026611328,0.0007773999823257327,0.00028709997422993183
906,1.095522165298462,21.690387725830078,1.1757506132125854,0.0007995999767445028,0.00030289997812360525
907,1.0805600881576538,21.70241355895996,1.1750495433807373,0.0007224000291898847,0.00029520003590732813
908,1.2393462657928467,21.714427947998047,1.1736462116241455,0.0007365000201389194,0.00028819998260587454
909,0.937214732170105,21.725862503051758,1.1714199781417847,0.0007167999865487218,0.0002874999772757292
910,1.2721524238586426,21.737308502197266,1.1718171834945679,0.0007177999941632152,0.0002893999917432666
911,1.0841082334518433,21.748130798339844,1.1747174263000488,0.0007136999629437923,0.0002937000244855881
912,0.8847461342811584,21.758962631225586,1.176509976387024,0.0007071000291034579,0.00028960005147382617
913,1.1077930927276611,21.770957946777344,1.1774672269821167,0.0007242999854497612,0.00028819998260587454
914,1.0922025442123413,21.78289031982422,1.1791836023330688,0.0007219999679364264,0.00029419997008517385
915,1.0664184093475342,21.794971466064453,1.181341290473938,0.0007180999964475632,0.0002880999818444252
916,1.3009898662567139,21.807331085205078,1.1844555139541626,0.0007164999842643738,0.00029579998226836324
917,1.0630806684494019,21.819534301757812,1.188459038734436,0.0007207000162452459,0.00029229995561763644
918,1.0961723327636719,21.831586837768555,1.1968343257904053,0.0007285000174306333,0.0002914000069722533
919,1.0884007215499878,21.843473434448242,1.2066388130187988,0.0007232999778352678,0.00029440002981573343
920,1.0545238256454468,21.856243133544922,1.2177176475524902,0.0007171000470407307,0.0002884000423364341
921,1.1152008771896362,21.868974685668945,1.2256038188934326,0.0007425000076182187,0.00030620000325143337
922,1.159929871559143,21.88106918334961,1.2273318767547607,0.0008523999713361263,0.00029090000316500664
923,0.9207277297973633,21.89291000366211,1.225529670715332,0.0007576000061817467,0.0003105999785475433
924,0.923688530921936,21.904956817626953,1.2193790674209595,0.0007524000247940421,0.0002916999510489404
925,1.2203954458236694,21.917322158813477,1.2091383934020996,0.0007249000482261181,0.0002997000119648874
926,1.108810305595398,21.92925453186035,1.2033787965774536,0.000708000035956502,0.0002930000191554427
927,1.2919633388519287,21.941431045532227,1.1917693614959717,0.0007285000174306333,0.00028959999326616526
928,1.1432592868804932,21.952960968017578,1.1789476871490479,0.0007235999801196158,0.0002872000331990421
929,1.0798652172088623,21.96442413330078,1.166636347770691,0.0007055000169202685,0.0002832000027410686
930,0.9823800325393677,21.975719451904297,1.1577504873275757,0.0011909999884665012,0.0002905000001192093
931,1.197486162185669,21.987869262695312,1.150680422782898,0.0007415000000037253,0.00030519999563694
932,0.9429039359092712,21.999773025512695,1.1421841382980347,0.0007261999999172986,0.00028390000807121396
933,1.3159708976745605,22.01233673095703,1.1338367462158203,0.0007229000329971313,0.0002906000008806586
934,0.906523585319519,22.024072647094727,1.1306531429290771,0.0007269999478012323,0.0002859000233002007
935,1.1836272478103638,22.035846710205078,1.1319732666015625,0.0007231999770738184,0.0002931999624706805
936,1.305429220199585,22.04758644104004,1.1373149156570435,0.0007143999682739377,0.00028849998489022255
937,0.999592661857605,22.059595108032227,1.132652997970581,0.0008236999856308103,0.0002864999696612358
938,1.1952348947525024,22.072053909301758,1.1288526058197021,0.0008493000059388578,0.0003082000184804201
939,1.1266767978668213,22.08489227294922,1.1253330707550049,0.0007434000144712627,0.00029749999521300197
940,1.2226660251617432,22.097286224365234,1.1234675645828247,0.0007258999976329505,0.000291000003926456
941,0.9439703226089478,22.109888076782227,1.125722885131836,0.0007229999755509198,0.00029669998912140727
942,1.3416001796722412,22.122493743896484,1.1320817470550537,0.0007195000071078539,0.00029200001154094934
943,0.9724999070167542,22.134363174438477,1.1383734941482544,0.0007366000209003687,0.00029280001763254404
944,1.168973445892334,22.146503448486328,1.1447832584381104,0.0007183999987319112,0.00028550002025440335
945,1.2699980735778809,22.158187866210938,1.1464097499847412,0.0007094000466167927,0.00028500001644715667
946,0.9386435747146606,22.16972541809082,1.1437537670135498,0.0007990000303834677,0.0003155000158585608
947,1.11031973361969,22.181432723999023,1.1430305242538452,0.0007815000135451555,0.000291000003926456
948,0.8958985805511475,22.193538665771484,1.1432099342346191,0.0007817000150680542,0.0002908000024035573
949,1.0853828191757202,22.2059268951416,1.1417248249053955,0.0007308000349439681,0.00029360002372413874
950,1.1566057205200195,22.21819305419922,1.1377112865447998,0.0007260999991558492,0.0003003000165335834
951,1.3067706823349,22.23038101196289,1.129955530166626,0.0007242999854497612,0.00029960001120343804
952,1.1508477926254272,22.24199867248535,1.1213160753250122,0.0007126000127755105,0.000291000003926456
953,1.0830259323120117,22.254032135009766,1.112017035484314,0.0008280000183731318,0.000318199978210032
954,1.2386871576309204,22.26584815979004,1.104195237159729,0.0007195000071078539,0.00029469997389242053
955,1.242487907409668,22.277067184448242,1.1008551120758057,0.0007339000003412366,0.000292200013063848
956,1.005319595336914,22.288297653198242,1.0979182720184326,0.0007149999728426337,0.0002869999734684825
957,1.084926962852478,22.300060272216797,1.097795009613037,0.000728400016669184,0.0002853999612852931
958,1.3832805156707764,22.312280654907227,1.0982348918914795,0.0007187000010162592,0.00029200001154094934
959,0.9117282629013062,22.324331283569336,1.10114586353302,0.0007107999990694225,0.0002867999719455838
960,1.105376958847046,22.33717918395996,1.103183388710022,0.0008930999902077019,0.0002880999818444252
961,1.0369346141815186,22.349830627441406,1.1070417165756226,0.0007300999714061618,0.00029450003057718277
962,1.3115453720092773,22.362041473388672,1.1099554300308228,0.0007296999683603644,0.00029150000773370266
963,1.1135635375976562,22.37360382080078,1.1125634908676147,0.0007143999682739377,0.00028629996813833714
964,1.3226964473724365,22.385784149169922,1.1207281351089478,0.0007119000074453652,0.0002861999673768878
965,0.8500444293022156,22.397228240966797,1.131394624710083,0.0007323999889194965,0.000285700021777302
966,1.1138195991516113,22.409008026123047,1.1464632749557495,0.0007199000101536512,0.00028789998032152653
967,1.3712317943572998,22.420446395874023,1.1559778451919556,0.0007297000265680254,0.000285400019492954
968,0.9144828915596008,22.43174934387207,1.1571223735809326,0.00073490000795573,0.0002859000233002007
969,1.3302199840545654,22.44307518005371,1.1524897813796997,0.0007393999840132892,0.0002888999879360199
970,0.9424919486045837,22.454147338867188,1.1414779424667358,0.0007606000290252268,0.00029609998455271125
971,1.0368257761001587,22.465848922729492,1.1291205883026123,0.0007160999812185764,0.0002883999841287732
972,1.0950827598571777,22.47773551940918,1.1171889305114746,0.0007289000204764307,0.00029450003057718277
973,1.1621801853179932,22.490095138549805,1.103785514831543,0.0007004999788478017,0.00029090000316500664
974,1.0959491729736328,22.502216339111328,1.0932527780532837,0.0007190000033006072,0.0002914000069722533
975,0.856159508228302,22.51447296142578,1.0829660892486572,0.0007023999933153391,0.00028929999098181725
976,1.0308537483215332,22.52690887451172,1.075202226638794,0.0007365000201389194,0.0002870000316761434
977,0.7145479917526245,22.53945541381836,1.0690970420837402,0.0007347000064328313,0.00030040001729503274
978,0.9065698385238647,22.552701950073242,1.0683388710021973,0.0007100999937392771,0.00029009999707341194
979,1.0838767290115356,22.566547393798828,1.0718580484390259,0.0007183999987319112,0.0002951999776996672
980,0.9540953040122986,22.579898834228516,1.0739014148712158,0.0007334999972954392,0.00033190002432093024
981,1.0934263467788696,22.593948364257812,1.0758517980575562,0.0007139000226743519,0.000285700021777302
982,1.066670298576355,22.607688903808594,1.0743412971496582,0.00071570003638044,0.00028760003624483943
983,1.2524538040161133,22.62108039855957,1.072741150856018,0.0007518000202253461,0.0003009000211022794
984,1.0535861253738403,22.63409423828125,1.0738368034362793,0.0007240999839268625,0.0002967999898828566
985,1.1197305917739868,22.647071838378906,1.0718916654586792,0.0008771999855525792,0.0003215000033378601
986,1.1678540706634521,22.65931510925293,1.0706868171691895,0.0007252999930642545,0.00029850000282749534
987,1.163516640663147,22.671510696411133,1.0703938007354736,0.0007299999706447124,0.00028659997042268515
988,0.9265501499176025,22.683265686035156,1.0718804597854614,0.0007207000162452459,0.0002973000518977642
989,1.1138019561767578,22.695497512817383,1.0758857727050781,0.0007150999736040831,0.00029090000316500664
990,0.9893429279327393,22.70740509033203,1.0801200866699219,0.0007248999900184572,0.00029499997617676854
991,1.064219355583191,22.719310760498047,1.0854377746582031,0.000833700003568083,0.0006256999913603067
992,1.134838581085205,22.730968475341797,1.0869704484939575,0.0007294999668374658,0.00030040001729503274
993,1.2832878828048706,22.742483139038086,1.0880664587020874,0.0007183999987319112,0.0002864999696612358
994,1.1573821306228638,22.75358009338379,1.0844255685806274,0.0007247999892570078,0.0002826999989338219
995,1.211506724357605,22.764278411865234,1.0789183378219604,0.0007528999703936279,0.00029669998912140727
996,1.0782917737960815,22.77505874633789,1.0750154256820679,0.0007616999791935086,0.00030129996594041586
997,0.9692687392234802,22.78622817993164,1.0741838216781616,0.0007184999994933605,0.00029989995528012514
998,1.084902286529541,22.79694175720215,1.074167251586914,0.0007086999830789864,0.0002908000024035573
999,1.1877390146255493,22.80817413330078,1.0775253772735596,0.0007269000052474439,0.00028660002863034606
1000,0.928740918636322,22.818811416625977,1.0820132493972778,0.0007588000153191388,0.00028609996661543846
1001,0.9378848075866699,22.8299503326416,1.0833454132080078,0.0008113000076264143,0.0003021999727934599
1002,0.9061185121536255,22.841230392456055,1.080115795135498,0.0007177000516094267,0.00029250001534819603
1003,1.026709794998169,22.852710723876953,1.0788639783859253,0.0007240999839268625,0.00028629996813833714
1004,0.8906651139259338,22.86457633972168,1.0739350318908691,0.0007168000447563827,0.0002965000458061695
1005,0.9399688839912415,22.87656021118164,1.069373369216919,0.0007146999705582857,0.00028989999555051327
1006,1.0693778991699219,22.88811683654785,1.064003825187683,0.0007372000254690647,0.00029470003210008144
1007,1.1679182052612305,22.899768829345703,1.0569278001785278,0.0007476999890059233,0.00028900004690513015
1008,1.0865082740783691,22.910797119140625,1.0503392219543457,0.0007656000088900328,0.0002924999571405351
1009,1.0417832136154175,22.92170524597168,1.0415492057800293,0.00071570003638044,0.00029659998835995793
1010,0.9063771367073059,22.9327335357666,1.0377050638198853,0.0007298000273294747,0.000291600008495152
1011,1.0761653184890747,22.94399070739746,1.0375431776046753,0.000721300020813942,0.00028929999098181725
1012,1.0030332803726196,22.95502471923828,1.0384199619293213,0.0007334999972954392,0.0002837000065483153
1013,1.2940633296966553,22.96609878540039,1.0396329164505005,0.0007784999907016754,0.0002954999799840152
1014,1.1497293710708618,22.977035522460938,1.0413236618041992,0.0007341000018641353,0.00029200001154094934
1015,0.8984132409095764,22.98757553100586,1.0407075881958008,0.0007167999865487218,0.00029310001991689205
1016,0.946639358997345,22.998844146728516,1.0431671142578125,0.0007412999984808266,0.0002888999879360199
1017,1.1147834062576294,23.010610580444336,1.0474538803100586,0.0007411000551655889,0.00036589999217540026
1018,0.9653186798095703,23.021936416625977,1.0507770776748657,0.0007210000185295939,0.00029250001534819603
1019,0.8967065215110779,23.03368377685547,1.0569896697998047,0.0007286999607458711,0.0002905000001192093
1020,1.1396465301513672,23.045700073242188,1.0658204555511475,0.000712399953044951,0.0002961999853141606
1021,1.2470608949661255,23.05805015563965,1.0766654014587402,0.001001099997665733,0.0004783999756909907
1022,1.0612794160842896,23.070070266723633,1.0819064378738403,0.0007540999795310199,0.00029940000968053937
1023,1.0455505847930908,23.081954956054688,1.0768699645996094,0.0007588000153191388,0.00029010005528107285
1024,0.9101752042770386,23.09364891052246,1.0659023523330688,0.0007224000291898847,0.00028710003243759274
1025,0.8701330423355103,23.104951858520508,1.0598129034042358,0.0008953999495133758,0.00034690002212300897
1026,1.0347100496292114,23.116304397583008,1.0589404106140137,0.0007480000494979322,0.0003331999760121107
1027,0.9091290235519409,23.12800407409668,1.0625758171081543,0.000736700021661818,0.000291300006210804
1028,1.06826913356781,23.139726638793945,1.0670006275177002,0.0007274000090546906,0.0002975999959744513
1029,0.7794013023376465,23.15184211730957,1.0680961608886719,0.0007175999926403165,0.00029009999707341194
1030,0.9130012392997742,23.16393280029297,1.0688340663909912,0.0007327999919652939,0.0002896999940276146
1031,1.142344355583191,23.17616081237793,1.0705828666687012,0.0007263000006787479,0.0002894999925047159
1032,0.8481763005256653,23.18808364868164,1.073216199874878,0.0007528999703936279,0.0002908000024035573
1033,0.9399480223655701,23.20087432861328,1.0736641883850098,0.0007197000086307526,0.00029170000925660133
1034,0.9979130625724792,23.213924407958984,1.0732486248016357,0.0007306000334210694,0.00028760003624483943
1035,0.9103471040725708,23.227014541625977,1.0732532739639282,0.0007165000424720347,0.00028680003015324473
1036,0.9996426701545715,23.239757537841797,1.0726828575134277,0.000722800032235682,0.00028659997042268515
1037,1.0888129472732544,23.252418518066406,1.0729961395263672,0.0007138000219129026,0.000291600008495152
1038,0.9000208973884583,23.264976501464844,1.0735210180282593,0.0007010999834164977,0.00028959999326616526
1039,0.9710252285003662,23.277616500854492,1.0732700824737549,0.0007358999573625624,0.00032519997330382466
1040,1.130429983139038,23.289813995361328,1.0694048404693604,0.0007894000154919922,0.0003139000036753714
1041,0.9576411247253418,23.30139923095703,1.066877007484436,0.0008372999727725983,0.00032049999572336674
1042,0.9831165671348572,23.313322067260742,1.0617173910140991,0.0007246999884955585,0.0002994999522343278
1043,0.9070318341255188,23.324851989746094,1.0570541620254517,0.0008776999893598258,0.00028979999478906393
1044,0.8386945128440857,23.336509704589844,1.054405689239502,0.0007383999763987958,0.00031619996298104525
1045,0.8126209378242493,23.348602294921875,1.0540660619735718,0.0007349999505095184,0.00029500003438442945
1046,0.8026384115219116,23.361392974853516,1.0544648170471191,0.0007078000344336033,0.000291000003926456
1047,1.0506864786148071,23.374677658081055,1.0574939250946045,0.0007246999884955585,0.0002872999757528305
1048,0.9505875110626221,23.387603759765625,1.062138319015503,0.0007199000101536512,0.00029129994800314307
1049,0.753158450126648,23.399919509887695,1.0656108856201172,0.0007110000005923212,0.0002885999856516719
1050,0.8748584389686584,23.412248611450195,1.0710269212722778,0.0007209000177681446,0.00028960005147382617
1051,1.020694613456726,23.424224853515625,1.0755083560943604,0.0007177999941632152,0.00029150000773370266
1052,1.1445742845535278,23.436065673828125,1.0749866962432861,0.0007218999671749771,0.00028979999478906393
1053,0.8176793456077576,23.44739532470703,1.073957920074463,0.0007110000005923212,0.0002885999856516719
1054,0.9129219055175781,23.459074020385742,1.0721380710601807,0.0007249999907799065,0.00028799998108297586
1055,1.0798684358596802,23.470565795898438,1.076385259628296,0.0007418000022880733,0.00029090000316500664
1056,0.7727363705635071,23.48142433166504,1.0759360790252686,0.0007592000183649361,0.00028690003091469407
1057,0.9376041889190674,23.493066787719727,1.0787891149520874,0.0007992999744601548,0.000298400002066046
1058,1.1424663066864014,23.504362106323242,1.0774471759796143,0.0007368000224232674,0.00029550003819167614
1059,1.0239648818969727,23.515090942382812,1.0733273029327393,0.0007101999945007265,0.0002919000107795
1060,0.8879314661026001,23.525537490844727,1.0695401430130005,0.0007058000192046165,0.00028790003852918744
1061,1.070928692817688,23.536069869995117,1.0668416023254395,0.000728700018953532,0.00028879998717457056
1062,0.9130151867866516,23.54646873474121,1.0603868961334229,0.0007064000237733126,0.00030120002338662744
1063,0.8846983909606934,23.55718231201172,1.0508211851119995,0.0007089999853633344,0.0002906000008806586
1064,1.1847851276397705,23.567705154418945,1.0431424379348755,0.000728100014384836,0.0002908000024035573
1065,0.9256778359413147,23.57831382751465,1.034401297569275,0.0007159000379033387,0.00028490001568570733
1066,0.9010632634162903,23.58985137939453,1.0270074605941772,0.0007295000250451267,0.0002856000210158527
1067,0.8812130689620972,23.60125732421875,1.0225120782852173,0.0007251999923028052,0.0002881000400520861
1068,1.0555591583251953,23.61258888244629,1.017949104309082,0.0007066000252962112,0.0002853999612852931
1069,1.0810866355895996,23.623580932617188,1.0123575925827026,0.0007062999648042023,0.00028310000197961926
1070,1.119980812072754,23.634485244750977,1.0090970993041992,0.0010444999788887799,0.00033569999504834414
1071,0.7651931047439575,23.645336151123047,1.0087380409240723,0.000721299962606281,0.00030209997203201056
1072,1.034816861152649,23.656436920166016,1.0136398077011108,0.0008533999789506197,0.0003182999789714813
1073,1.1285381317138672,23.667396545410156,1.0183532238006592,0.000799100031144917,0.0003101000329479575
1074,1.1080327033996582,23.678884506225586,1.0228499174118042,0.0007375999703072011,0.00029559998074546456
1075,0.994459331035614,23.69002914428711,1.0279606580734253,0.0007268000044859946,0.00029850000282749534
1076,0.6954842209815979,23.70079231262207,1.0271269083023071,0.0007340000011026859,0.0002962999860756099
1077,0.8527410626411438,23.712499618530273,1.033155083656311,0.0007800000021234155,0.0002911000046879053
1078,1.0562553405761719,23.724300384521484,1.0363744497299194,0.0007778999861329794,0.0003022000310011208
1079,0.9817839860916138,23.735584259033203,1.029832363128662,0.0007618999807164073,0.00030699995113536716
1080,1.1352436542510986,23.746978759765625,1.0184699296951294,0.0007742000161670148,0.00031510001281276345
1081,0.9758791923522949,23.7580509185791,1.0070880651474,0.0007341000018641353,0.00029990001348778605
1082,0.8392418026924133,23.768827438354492,1.003452181816101,0.0007863999926485121,0.00030260003404691815
1083,0.9721104502677917,23.779956817626953,1.0046589374542236,0.0007248999900184572,0.00030159996822476387
1084,1.163316249847412,23.79135513305664,1.0073002576828003,0.0007141000241972506,0.0002930000191554427
1085,1.0389248132705688,23.80242347717285,1.00849449634552,0.0007559999939985573,0.0002873000339604914
1086,1.0371774435043335,23.814172744750977,1.006516933441162,0.0007146999705582857,0.0002882999833673239
1087,0.7952545285224915,23.826324462890625,1.0093204975128174,0.0007563999970443547,0.00028689997270703316
1088,0.8948191404342651,23.838525772094727,1.0189549922943115,0.0007444000220857561,0.00030620000325143337
1089,0.9589970707893372,23.851316452026367,1.033019781112671,0.000824199989438057,0.0002982000005431473
1090,0.8847284317016602,23.863595962524414,1.0421818494796753,0.0007493000011891127,0.00034060003235936165
1091,0.7760478258132935,23.87643814086914,1.0528134107589722,0.0007238999824039638,0.0002967000473290682
1092,0.8972181081771851,23.889026641845703,1.053823709487915,0.0007189000025391579,0.00030159996822476387
1093,0.8712341785430908,23.901418685913086,1.0551358461380005,0.0007209000177681446,0.00029779999749735
1094,0.8247467875480652,23.914321899414062,1.058831810951233,0.0007074000313878059,0.00029120000544935465
1095,1.045113205909729,23.92671775817871,1.051360011100769,0.0007230000337585807,0.0002943000290542841
1096,1.193578839302063,23.938751220703125,1.035475730895996,0.0007277000113390386,0.00028739997651427984
1097,0.7029825448989868,23.950098037719727,1.020901083946228,0.0007111000013537705,0.00029180001001805067
1098,0.8091367483139038,23.962064743041992,1.0072059631347656,0.0007096999906934798,0.000291600008495152
1099,0.917730450630188,23.974172592163086,1.0036410093307495,0.0007182999979704618,0.0002961999853141606
1100,1.0634156465530396,23.986581802368164,1.008269190788269,0.0007060999632813036,0.000291000003926456
1101,0.8806965351104736,23.998661041259766,1.00901198387146,0.0007020999910309911,0.0002883999841287732
1102,0.9636740684509277,24.010461807250977,1.0041556358337402,0.000721300020813942,0.0002940999693237245
1103,0.939055860042572,24.02254295349121,0.9961350560188293,0.0007368000224232674,0.00029469997389242053
1104,1.0254615545272827,24.034542083740234,0.9913590550422668,0.0008711999980732799,0.0005848000291734934
1105,1.002493977546692,24.0467472076416,0.9903662800788879,0.0007493000011891127,0.00029420002829283476
1106,0.8290980458259583,24.058700561523438,0.9901102185249329,0.0007275999523699284,0.0002877999795600772
1107,0.9899815320968628,24.071014404296875,0.9902908802032471,0.0007431000121869147,0.00029399996856227517
1108,0.9021185636520386,24.083986282348633,0.9942666292190552,0.0007108999998308718,0.00028719997499138117
1109,1.1097068786621094,24.096609115600586,1.000756025314331,0.0007179999956861138,0.00028660002863034606
1110,0.8619424104690552,24.109207153320312,1.0015506744384766,0.0007662000134587288,0.00029250001534819603
1111,1.1109378337860107,24.121627807617188,0.9986549019813538,0.0007136000203900039,0.00029260001610964537
1112,0.864829421043396,24.133913040161133,0.9954217672348022,0.0007123000104911625,0.00030149996746331453
1113,0.8961577415466309,24.14639663696289,0.9928479790687561,0.0007202000124379992,0.0003013999667018652
1114,0.8097365498542786,24.158878326416016,0.9912888407707214,0.0007509000133723021,0.00036100001307204366
1115,0.8611392378807068,24.17182159423828,0.9888309836387634,0.0007430000114254653,0.0002875999780371785
1116,1.0344736576080322,24.184606552124023,0.9819856882095337,0.0007286999607458711,0.0003220000071451068
1117,0.9686500430107117,24.197673797607422,0.9736685752868652,0.0007949999999254942,0.00029260001610964537
1118,0.8752985596656799,24.211040496826172,0.9636445641517639,0.0007217000238597393,0.0002940000267699361
1119,0.8818598985671997,24.224441528320312,0.951799750328064,0.0007803000044077635,0.0003274999908171594
1120,1.1061673164367676,24.237546920776367,0.9428382515907288,0.0007912999717518687,0.0003369000041857362
1121,1.0855212211608887,24.249635696411133,0.9384790062904358,0.0007394999847747386,0.00029339996399357915
1122,0.9283260703086853,24.260913848876953,0.9369475841522217,0.000735200010240078,0.0002967999898828566
1123,0.8173707127571106,24.27228546142578,0.9345518946647644,0.0007201000116765499,0.000291000003926456
1124,1.0401959419250488,24.28375816345215,0.9333745241165161,0.0007271000067703426,0.00028520001797005534
1125,1.1133421659469604,24.29490089416504,0.9356427788734436,0.0007244000444188714,0.0003133999998681247
1126,1.1586434841156006,24.306562423706055,0.9413065910339355,0.0007060999632813036,0.00028799998108297586
1127,0.805661141872406,24.317764282226562,0.9461732506752014,0.0007235999801196158,0.00028799998108297586
1128,1.250952959060669,24.328882217407227,0.9512039422988892,0.0007189000025391579,0.0002875000354833901
1129,0.9550493359565735,24.33934783935547,0.9448177218437195,0.0007428000099025667,0.0003010999644175172
1130,0.8525052070617676,24.34976577758789,0.9394562244415283,0.0007270000060088933,0.0002962999860756099
1131,1.1501623392105103,24.360654830932617,0.9392682909965515,0.0007136999629437923,0.00029120000544935465
1132,0.8976898193359375,24.37093734741211,0.9393167495727539,0.000754699984099716,0.00028799998108297586
1133,0.8142891526222229,24.38104820251465,0.9398465156555176,0.0007151999743655324,0.00029200001154094934
1134,1.0951048135757446,24.391817092895508,0.9416810870170593,0.0008072000346146524,0.00046259997179731727
1135,1.052008867263794,24.402408599853516,0.9381805658340454,0.0007470000418834388,0.0003073000116273761
1136,0.8387866616249084,24.412954330444336,0.939971387386322,0.0007318000425584614,0.0002919000107795
1137,0.9171791076660156,24.42373275756836,0.9407927393913269,0.00073490000795573,0.0002921000123023987
1138,0.8781591057777405,24.434513092041016,0.9409091472625732,0.0007200000109151006,0.00029149994952604175
1139,1.0806009769439697,24.446577072143555,0.9374744296073914,0.0007180999964475632,0.0002878000377677381
1140,0.8148797750473022,24.45863151550293,0.9358249306678772,0.0007214000215753913,0.00029389996780082583
1141,0.8906747698783875,24.470693588256836,0.9403913021087646,0.0007100999937392771,0.0002875999780371785
1142,0.9176347851753235,24.483579635620117,0.9441865682601929,0.000706499966327101,0.000285400019492954
1143,1.1321736574172974,24.49665069580078,0.9492135047912598,0.0007279000128619373,0.00028659997042268515
1144,0.9151167273521423,24.509281158447266,0.9568443298339844,0.0007102999952621758,0.0002924000145867467
1145,0.8989192843437195,24.52181053161621,0.9601630568504333,0.000742900010664016,0.00028769997879862785
1146,0.9347125291824341,24.5341796875,0.9650031924247742,0.0007321999873965979,0.000304899993352592
1147,0.9777179956436157,24.54678726196289,0.9614837765693665,0.0007155999774113297,0.0002883999841287732
1148,0.9244257211685181,24.55902671813965,0.9519960284233093,0.0007223999709822237,0.0002872999757528305
1149,1.0848747491836548,24.570833206176758,0.9466475248336792,0.0007117000059224665,0.00030779995722696185
1150,1.041860818862915,24.58235740661621,0.9461367130279541,0.000702400051523,0.0002870000316761434
1151,0.9930880665779114,24.593509674072266,0.9443110823631287,0.0007391999824903905,0.0002927000168710947
1152,0.9431293606758118,24.604827880859375,0.9407638907432556,0.0007290999637916684,0.00029659998835995793
1153,1.0824253559112549,24.615962982177734,0.9379636645317078,0.0007116000051610172,0.0002924000145867467
1154,0.7317199110984802,24.626665115356445,0.9402458667755127,0.0007227999740280211,0.0002921000123023987
1155,0.8051006197929382,24.637460708618164,0.9423326253890991,0.0007095999899320304,0.0002888999879360199
1156,0.9794945120811462,24.648611068725586,0.9446560144424438,0.000707699975464493,0.0002872999757528305
1157,0.9480376839637756,24.66016387939453,0.9483184814453125,0.0007183999987319112,0.0002934999647550285
1158,0.8888819813728333,24.671627044677734,0.9501575231552124,0.0007048000115901232,0.00028820004081353545
1159,1.019073247909546,24.68328857421875,0.9545339345932007,0.0007184999994933605,0.000285400019492954
1160,1.0615078210830688,24.69525146484375,0.955327570438385,0.0007033000001683831,0.0002882999833673239
1161,1.1156096458435059,24.706809997558594,0.9558321833610535,0.0007210000185295939,0.0002846000134013593
1162,1.0109002590179443,24.718505859375,0.9525831341743469,0.0007031999994069338,0.0002853999612852931
1163,0.8256738185882568,24.729978561401367,0.9504256248474121,0.0007219999679364264,0.00028849998489022255
1164,1.0498428344726562,24.74137306213379,0.9520066380500793,0.0007230999763123691,0.000285700021777302
1165,0.9487995505332947,24.75309181213379,0.9466888308525085,0.0007053000153973699,0.00028419995214790106
1166,0.9247317314147949,24.764816284179688,0.9422857165336609,0.0007188000017777085,0.0002901999978348613
1167,0.802066445350647,24.77685546875,0.941526472568512,0.0007082999800331891,0.0002883999841287732
1168,1.0271637439727783,24.78879737854004,0.9493553042411804,0.0007125000120140612,0.00028609996661543846
1169,0.979982316493988,24.800317764282227,0.9565791487693787,0.0007093999884091318,0.00030670000705868006
1170,0.8147680759429932,24.811655044555664,0.9629610180854797,0.000719199946615845,0.00029180001001805067
1171,0.8156555891036987,24.822879791259766,0.9646540284156799,0.0007090999861247838,0.00029389996780082583
1172,0.8870176076889038,24.834211349487305,0.9656482338905334,0.0007098999922163785,0.0003101000329479575
1173,0.97914719581604,24.845476150512695,0.9608016014099121,0.00073050003265962,0.0002853000187315047
1174,0.982830286026001,24.85733985900879,0.9521056413650513,0.0007081999792717397,0.00028440001187846065
1175,0.9542760848999023,24.869182586669922,0.9433478713035583,0.0007099999929778278,0.00028630002634599805
1176,0.962365448474884,24.880624771118164,0.9334977269172668,0.0007098999922163785,0.00029260001610964537
1177,0.9284446835517883,24.892004013061523,0.9240298271179199,0.0007221999694593251,0.0002869999734684825
1178,0.7772775888442993,24.903730392456055,0.9148101210594177,0.0007107999990694225,0.0002896999940276146
1179,0.902369499206543,24.91570472717285,0.907286524772644,0.0007165999850258231,0.0002848999574780464
1180,0.7417098879814148,24.92771339416504,0.9070082306861877,0.0007261999999172986,0.0002891999902203679
1181,0.9048700928688049,24.940038681030273,0.9070779085159302,0.0007112000021152198,0.00028449995443224907
1182,0.9644415378570557,24.95172691345215,0.9069008827209473,0.0007087999838404357,0.00028600002406165004
1183,0.7792556881904602,24.963525772094727,0.9080737233161926,0.0007178999949246645,0.00029180001001805067
1184,0.9344927072525024,24.975139617919922,0.9093283414840698,0.0007237999816425145,0.0002902999985963106
1185,0.9139025211334229,24.98663330078125,0.9126731753349304,0.0007392999832518399,0.00028979999478906393
1186,0.6557966470718384,24.99802589416504,0.9198901057243347,0.0007104999967850745,0.00028689997270703316
1187,0.7598878741264343,25.00967025756836,0.9278221726417542,0.0007224000291898847,0.00028760003624483943
1188,0.8675634264945984,25.021244049072266,0.9313362240791321,0.0007234999793581665,0.00029150000773370266
1189,0.9123660326004028,25.032909393310547,0.936130702495575,0.0007131000165827572,0.00028760003624483943
1190,0.9340625405311584,25.044116973876953,0.9396890997886658,0.00072900002123788,0.00028680003015324473
1191,0.7103726863861084,25.055307388305664,0.9374971985816956,0.0007173999911174178,0.00029120000544935465
1192,0.8060169816017151,25.066511154174805,0.9335145354270935,0.0007232000352814794,0.0002902999985963106
1193,0.8735641241073608,25.078088760375977,0.9327043294906616,0.0007236000383272767,0.00029230001382529736
1194,0.9515995383262634,25.089370727539062,0.9372345805168152,0.0007250999915413558,0.0002927000168710947
1195,0.7567354440689087,25.100568771362305,0.9390708208084106,0.0007276999531313777,0.00029779999749735
1196,0.8009707927703857,25.111421585083008,0.9388635754585266,0.0007214999641291797,0.0002943999716080725
1197,0.8948796987533569,25.12239646911621,0.93543940782547,0.0007155999774113297,0.0002869999734684825
1198,0.9065920114517212,25.133386611938477,0.9274682998657227,0.0007123000104911625,0.00028469995595514774
1199,0.7404158115386963,25.144752502441406,0.9199585318565369,0.0007134999614208937,0.000291300006210804
1200,1.0823147296905518,25.15584945678711,0.9159309267997742,0.0007084000390022993,0.0002896999940276146
1201,0.9496636390686035,25.166261672973633,0.9165720343589783,0.0007133000181056559,0.0002893999917432666
1202,0.8140981793403625,25.176578521728516,0.9218359589576721,0.0007284999592229724,0.00029769999673590064
1203,0.8590980768203735,25.186927795410156,0.9344705939292908,0.0007030999986454844,0.00028639996889978647
1204,0.8805403709411621,25.19706916809082,0.9425095915794373,0.0007172999903559685,0.00028979999478906393
1205,0.8020879030227661,25.207134246826172,0.9456997513771057,0.0007200000109151006,0.00029039999935775995
1206,0.7826974987983704,25.217252731323242,0.9414797425270081,0.0007090000435709953,0.0002886000438593328
1207,0.8391231298446655,25.227497100830078,0.942128598690033,0.0007165999850258231,0.0002877999795600772
1208,0.9274317622184753,25.237581253051758,0.945419192314148,0.0007134000188671052,0.00029369996627792716
1209,0.8764586448669434,25.248119354248047,0.9417256116867065,0.0007020999910309911,0.0002882999833673239
1210,0.9651868939399719,25.258481979370117,0.9348642826080322,0.0007328999927267432,0.00029180001001805067
1211,0.9612590074539185,25.26884651184082,0.9288349747657776,0.0007097000489011407,0.0002875000354833901
1212,0.9926794767379761,25.279903411865234,0.925553023815155,0.000712699955329299,0.0002905000001192093
1213,0.8568412661552429,25.29106330871582,0.9269956350326538,0.000721599964890629,0.0002882999833673239
1214,0.7112321257591248,25.302661895751953,0.9274606704711914,0.0007065999670885503,0.00029529997846111655
1215,0.9204467535018921,25.314207077026367,0.9297477602958679,0.000715100031811744,0.0002823000540956855
1216,1.0791293382644653,25.325498580932617,0.929229736328125,0.0007479999912902713,0.0002956999815069139
1217,0.9028170108795166,25.336200714111328,0.9247085452079773,0.0007208000170066953,0.00029039999935775995
1218,0.8447871208190918,25.346954345703125,0.9175506830215454,0.0007409000536426902,0.0002914000069722533
1219,1.091526985168457,25.3574161529541,0.9102405905723572,0.0007129000150598586,0.0002856000210158527
1220,0.9062933921813965,25.367719650268555,0.9078598618507385,0.0007204999565146863,0.0002846000134013593
1221,1.0763299465179443,25.378156661987305,0.9082972407341003,0.0007257999968715012,0.0002877999795600772
1222,0.7736527919769287,25.388580322265625,0.908381462097168,0.000714499969035387,0.00028979999478906393
1223,0.7461984157562256,25.399614334106445,0.9081113338470459,0.0007216999656520784,0.0002945999731309712
1224,0.9027650356292725,25.41149139404297,0.90813809633255,0.0007132000173442066,0.000291000003926456
1225,0.7840230464935303,25.422996520996094,0.9075288772583008,0.0007186000002548099,0.00029009999707341194
1226,0.8314695358276367,25.434471130371094,0.9048090577125549,0.0007125000120140612,0.00028980005299672484
1227,0.9016131162643433,25.445796966552734,0.9053674936294556,0.0007275000098161399,0.0002835000050254166
1228,0.6456611752510071,25.45697021484375,0.9106025695800781,0.0007103999960236251,0.00028879998717457056
1229,0.7774205207824707,25.4682674407959,0.9133017063140869,0.0007114000036381185,0.0002880000392906368
1230,0.7264599204063416,25.480182647705078,0.9074182510375977,0.0007232000352814794,0.00029719999292865396
1231,0.8801323175430298,25.49249839782715,0.8977513909339905,0.000713599962182343,0.00029070000164210796
1232,0.605960488319397,25.504289627075195,0.8841078877449036,0.0007121000089682639,0.00028629996813833714
1233,0.9618958830833435,25.516464233398438,0.8785396218299866,0.0007451000274159014,0.0002946000313386321
1234,0.7735488414764404,25.529022216796875,0.8814108371734619,0.0007128000142984092,0.00028580002253875136
1235,0.827980637550354,25.54123306274414,0.892895519733429,0.0007105999975465238,0.0002845999551936984
1236,0.7910674214363098,25.553199768066406,0.9069475531578064,0.0007199000101536512,0.0002914000069722533
1237,0.8471295833587646,25.564849853515625,0.9152933359146118,0.0007136999629437923,0.0002846000134013593
1238,0.7902843952178955,25.57651138305664,0.9121947884559631,0.0007108999998308718,0.00028059998294338584
1239,0.7553365230560303,25.588838577270508,0.9077162146568298,0.0007313000387512147,0.00028420001035556197
1240,0.7340940833091736,25.6013126373291,0.9082555174827576,0.0007086999830789864,0.00028470001416280866
1241,0.7990363836288452,25.613887786865234,0.9093691110610962,0.0007263000006787479,0.0003081000177189708
1242,0.7227828502655029,25.62653350830078,0.9041489958763123,0.0007056000176817179,0.0002919000107795
1243,0.7810057997703552,25.638782501220703,0.8940514326095581,0.0007072999724186957,0.0002873000339604914
1244,0.7913894653320312,25.650798797607422,0.8865519165992737,0.0007240000413730741,0.00028870004462078214
1245,0.8736665844917297,25.66275978088379,0.8826601505279541,0.0007066999678499997,0.00028789998032152653
1246,0.7996224761009216,25.67457389831543,0.8870110511779785,0.0007207000162452459,0.00028410000959411263
1247,0.7281622886657715,25.6862735748291,0.895656168460846,0.0007133999606594443,0.000291300006210804
1248,0.7883814573287964,25.698497772216797,0.9064653515815735,0.0007042999495752156,0.00028770003700628877
1249,0.8764885663986206,25.71080780029297,0.9157202839851379,0.0007394000422209501,0.0002905000001192093
1250,0.8264521360397339,25.72332763671875,0.9165379405021667,0.0007306000334210694,0.00029200001154094934
1251,1.0063303709030151,25.73575782775879,0.9099005460739136,0.0007137999637052417,0.00028470001416280866
1252,0.8038008809089661,25.74746322631836,0.8954958319664001,0.0007057999609969556,0.0002941000275313854
1253,1.0195856094360352,25.759214401245117,0.8839985132217407,0.0007019999902695417,0.0002891999902203679
1254,0.7813621163368225,25.77093505859375,0.878246545791626,0.0007114000036381185,0.00029260001610964537
1255,0.7685393691062927,25.78229331970215,0.8730790615081787,0.000734599947463721,0.0002911000046879053
1256,0.9059293866157532,25.7934627532959,0.8706015944480896,0.0007142999675124884,0.00029689999064430594
1257,0.8199083209037781,25.80443000793457,0.8726449608802795,0.00070830003824085,0.0002899999963119626
1258,0.5607259273529053,25.815813064575195,0.8760128617286682,0.0007282000151462853,0.0002901999978348613
1259,0.8672170042991638,25.827211380004883,0.8822513222694397,0.0007267000037245452,0.0002896999940276146
1260,0.7439792156219482,25.838733673095703,0.8911425471305847,0.0007377000292763114,0.00031130004208534956
1261,0.9052702784538269,25.850500106811523,0.9003349542617798,0.0007126000127755105,0.00028390000807121396
1262,0.9064212441444397,25.862314224243164,0.9042535424232483,0.0007247000467032194,0.0002823999966494739
1263,0.8731671571731567,25.87386703491211,0.9046504497528076,0.0007333999965339899,0.00028769997879862785
1264,0.6469736099243164,25.884796142578125,0.9017245173454285,0.0007139999652281404,0.00028500001644715667
1265,0.8639548420906067,25.896087646484375,0.902774453163147,0.0007427000091411173,0.0002991999499499798
1266,0.776910662651062,25.907007217407227,0.8996061086654663,0.0007152000325731933,0.00029550003819167614
1267,0.9079094529151917,25.918062210083008,0.8946592211723328,0.0007524000247940421,0.00029170000925660133
1268,0.6414433121681213,25.92876434326172,0.8931068181991577,0.0007168000447563827,0.00028660002863034606
1269,1.0386475324630737,25.939912796020508,0.8963252902030945,0.0007245999877341092,0.00028229999588802457
1270,0.8681155443191528,25.95083236694336,0.9032807946205139,0.0007154999766498804,0.0002929000183939934
1271,0.9306353330612183,25.961618423461914,0.9046339988708496,0.0007090999861247838,0.0002892000484280288
1272,0.7251816391944885,25.972280502319336,0.9050710797309875,0.0007263000006787479,0.00028739997651427984
1273,0.5974465012550354,25.982765197753906,0.8978365063667297,0.0007097999914549291,0.0002883000415749848
1274,0.8519971966743469,25.993392944335938,0.8901242017745972,0.0007301999721676111,0.0002935999655164778
1275,0.975625216960907,26.003765106201172,0.8857160210609436,0.0007148999720811844,0.00028739997651427984
1276,0.7812579870223999,26.01397132873535,0.8878000378608704,0.0007078000344336033,0.0002821000525727868
1277,0.7579137682914734,26.02412986755371,0.8863850235939026,0.0007243000436574221,0.0002862000255845487
1278,0.5679358243942261,26.034494400024414,0.8859869837760925,0.0007238999824039638,0.0002886999864131212
1279,0.9905002117156982,26.045047760009766,0.8875828981399536,0.0007223000284284353,0.00030290003633126616
1280,0.6755821704864502,26.055641174316406,0.8876446485519409,0.0007112000021152198,0.0002883999841287732
1281,0.875347912311554,26.066171646118164,0.8880681991577148,0.0007031999994069338,0.00028550002025440335
1282,0.8353855013847351,26.07634162902832,0.8875300288200378,0.00073640001937747,0.0002896999940276146
1283,0.801400899887085,26.08666229248047,0.8882032036781311,0.0007224999717436731,0.0002956999815069139
1284,0.7627216577529907,26.096834182739258,0.8897106647491455,0.0007084999815560877,0.0002875999780371785
1285,0.8285854458808899,26.106903076171875,0.8910163044929504,0.0007270000060088933,0.00028170004952698946
1286,0.8693899512290955,26.1165714263916,0.8939644694328308,0.0007332999957725406,0.0002884000423364341
1287,0.8216326832771301,26.126264572143555,0.9000509977340698,0.0007162999827414751,0.0002872999757528305
1288,0.9443421363830566,26.135473251342773,0.9060938358306885,0.0007167999865487218,0.00028470001416280866
1289,0.9072809219360352,26.14443016052246,0.9050053954124451,0.0007305999752134085,0.0002870000316761434
1290,0.6881002187728882,26.153173446655273,0.8976340293884277,0.0007158999796956778,0.00028490001568570733
1291,0.7846677899360657,26.162328720092773,0.8963309526443481,0.0007237999816425145,0.00029390002600848675
1292,0.7796449661254883,26.17131233215332,0.895420253276825,0.0007131999591365457,0.00028660002863034606
1293,0.6876553297042847,26.180477142333984,0.8932439684867859,0.0007294999668374658,0.0002886999864131212
1294,0.870102047920227,26.189556121826172,0.8913393020629883,0.0007199999527074397,0.0002872000331990421
1295,0.8577622771263123,26.198633193969727,0.8830093145370483,0.0007103999960236251,0.00028390000807121396
1296,0.762974739074707,26.207849502563477,0.8734971880912781,0.0007399999885819852,0.0002875999780371785
1297,0.6998975872993469,26.217247009277344,0.870145857334137,0.0007190000033006072,0.0002843000111170113
1298,0.7372914552688599,26.226932525634766,0.8715305924415588,0.0007238999824039638,0.00029499997617676854
1299,0.8555088639259338,26.23680305480957,0.8781751990318298,0.0007243999862112105,0.00029719999292865396
1300,0.657907247543335,26.24620819091797,0.8836144804954529,0.0007193999481387436,0.000285400019492954
1301,0.8096749782562256,26.25585174560547,0.8896970748901367,0.0007291999645531178,0.00028929999098181725
1302,0.6411996483802795,26.26531219482422,0.8946284651756287,0.0007108999998308718,0.00028469995595514774
1303,0.7921308279037476,26.2755126953125,0.9033390283584595,0.0007116000051610172,0.0002840000088326633
1304,0.9442436695098877,26.285799026489258,0.9098785519599915,0.000721300020813942,0.0002940000267699361
1305,0.8324275016784668,26.29599380493164,0.907387912273407,0.0007116000051610172,0.0002853000187315047
1306,0.8725466728210449,26.306163787841797,0.9000412225723267,0.0007310999790206552,0.00028249999741092324
1307,0.7330324053764343,26.316648483276367,0.88198322057724,0.0007164999842643738,0.000291300006210804
1308,0.9014173746109009,26.326805114746094,0.8644691705703735,0.0007164000417105854,0.00028950005071237683
1309,0.690761387348175,26.337507247924805,0.8525979518890381,0.0007311999797821045,0.0002874999772757292
1310,0.916242241859436,26.347946166992188,0.8552619218826294,0.0007151999743655324,0.00028520001797005534
1311,0.7841006517410278,26.35831069946289,0.8650688529014587,0.0007075000321492553,0.0002835000050254166
1312,0.7753179669380188,26.368610382080078,0.8762145638465881,0.0007240999839268625,0.0002869999734684825
1313,0.7116920351982117,26.37908363342285,0.8753557205200195,0.0007184999994933605,0.0002825999981723726
1314,0.699076235294342,26.389768600463867,0.867142915725708,0.0007382999756373465,0.00028789998032152653
1315,0.7312343716621399,26.400373458862305,0.8627632856369019,0.0007206000154837966,0.00029150000773370266
1316,0.7233575582504272,26.41091537475586,0.8602671027183533,0.0007058000192046165,0.0002862000255845487
1317,0.837148129940033,26.421510696411133,0.859581470489502,0.0007253999938257039,0.0002941000275313854
1318,0.7794552445411682,26.432361602783203,0.8576238751411438,0.0007103999960236251,0.00029180001001805067
1319,0.7815052270889282,26.44315528869629,0.8561596870422363,0.0007309999782592058,0.0002837000065483153
1320,0.7174186706542969,26.45392417907715,0.8492484092712402,0.0007102999952621758,0.0002843000111170113
1321,0.7528789043426514,26.46506118774414,0.8434638381004333,0.0007285999599844217,0.00028500001644715667
1322,0.7844445109367371,26.476531982421875,0.8437213897705078,0.0007108999998308718,0.0002832000027410686
1323,0.8634010553359985,26.48762321472168,0.8471975922584534,0.0007297000265680254,0.00028529996052384377
1324,0.9862377047538757,26.498809814453125,0.8523188233375549,0.00073640001937747,0.00028310000197961926
1325,0.7294963002204895,26.509431838989258,0.854242742061615,0.0007237999816425145,0.0002838000073097646
1326,0.8387661576271057,26.51995849609375,0.8575936555862427,0.0007096999906934798,0.00028389994986355305
1327,0.8006965517997742,26.530668258666992,0.8578798174858093,0.0007073000306263566,0.0002817999920807779
1328,0.9258880019187927,26.54124641418457,0.8588502407073975,0.000721900025382638,0.00028169999131932855
1329,0.5800499320030212,26.551342010498047,0.8619939684867859,0.0007176999934017658,0.0002888999879360199
1330,0.8329408168792725,26.561824798583984,0.8689951300621033,0.0007075000321492553,0.0002817999920807779
1331,0.7944145202636719,26.572391510009766,0.875152587890625,0.00072900002123788,0.000285100017208606
1332,0.7065784931182861,26.583206176757812,0.8754538297653198,0.0007183999987319112,0.0002812999882735312
1333,0.8320508599281311,26.593856811523438,0.8652226328849792,0.0007111000013537705,0.00028059998294338584
1334,0.7135239839553833,26.60455322265625,0.8503900766372681,0.0007255999953486025,0.00028899998869746923
1335,0.7059696912765503,26.61534309387207,0.8380008935928345,0.0007233999785967171,0.00028169999131932855
1336,0.8451687693595886,26.626220703125,0.8298299908638,0.0007453000289388001,0.00029990001348778605
1337,0.8982719779014587,26.637020111083984,0.8278509378433228,0.0007468000403605402,0.00028580002253875136
1338,0.6807380318641663,26.648046493530273,0.8310815691947937,0.0007205000147223473,0.0002853999612852931
1339,0.8092613220214844,26.659038543701172,0.8343001008033752,0.0007353000110015273,0.00028199999360367656
1340,0.7323079109191895,26.669906616210938,0.8326653242111206,0.000742000003810972,0.0003005000180564821
1341,0.7640334963798523,26.68067741394043,0.8236393928527832,0.0007476999890059233,0.0002843000111170113
1342,0.7517226934432983,26.69144630432129,0.8123846650123596,0.0007195000071078539,0.0002965000458061695
1343,0.7474846243858337,26.702064514160156,0.8031728863716125,0.0007204000139608979,0.00028549996204674244
1344,0.6940755844116211,26.713064193725586,0.8008807897567749,0.000720399955753237,0.0002902999985963106
1345,0.8326966166496277,26.72446632385254,0.8019273281097412,0.0007172999903559685,0.00029529997846111655
1346,0.7624784708023071,26.735578536987305,0.8062252998352051,0.0007221000269055367,0.00028710003243759274
1347,0.7353590726852417,26.746835708618164,0.8137552738189697,0.0007775999838486314,0.0002982000005431473
1348,0.5946798324584961,26.759033203125,0.8176615238189697,0.0007175999926403165,0.00029150000773370266
1349,0.7480022311210632,26.771289825439453,0.8234772086143494,0.0007268000044859946,0.0002941000275313854
1350,0.6130810976028442,26.783327102661133,0.82816082239151,0.0007181999972090125,0.00028789998032152653
1351,0.7256867289543152,26.79585075378418,0.8325557708740234,0.0007121000089682639,0.00028550002025440335
1352,0.7681418657302856,26.80804443359375,0.8345193862915039,0.0007253999938257039,0.0002836999483406544
1353,0.571263313293457,26.8200626373291,0.8311211466789246,0.0007130000158213079,0.00028609996661543846
1354,0.7695623636245728,26.832307815551758,0.8224376440048218,0.0007107999990694225,0.0002880999818444252
1355,0.6183950304985046,26.844165802001953,0.8150279521942139,0.0007190000033006072,0.0002908000024035573
1356,0.7572203278541565,26.85622787475586,0.804780125617981,0.0007147000287659466,0.0002873000339604914
1357,0.7317443490028381,26.868751525878906,0.7993552088737488,0.0007232999778352678,0.00028390000807121396
1358,0.601215660572052,26.88098907470703,0.8019574880599976,0.0007407999946735799,0.0002911000046879053
1359,0.7422991991043091,26.893226623535156,0.8049901127815247,0.0007306000334210694,0.0002893999917432666
1360,0.7321717143058777,26.905179977416992,0.8071720600128174,0.0007184999994933605,0.0002942999708466232
1361,0.7387078404426575,26.91725730895996,0.812917947769165,0.0007298000273294747,0.00028959999326616526
1362,0.8110881447792053,26.929113388061523,0.8116926550865173,0.0007167999865487218,0.00028879998717457056
1363,0.843941867351532,26.94068717956543,0.8104786276817322,0.0007154999766498804,0.0002891999902203679
1364,0.6865147948265076,26.95200538635254,0.8073774576187134,0.0007300000288523734,0.0002911000046879053
1365,0.5657056570053101,26.96306800842285,0.8014509677886963,0.0007177999941632152,0.0002864000271074474
1366,0.6260550618171692,26.974319458007812,0.7962824702262878,0.0007483999943360686,0.0002825999981723726
1367,0.710390567779541,26.98583221435547,0.7931146621704102,0.000722500029951334,0.0002932000206783414
1368,0.7769852876663208,26.997249603271484,0.7947483658790588,0.0007174999918788671,0.00028719997499138117
1369,0.7902759313583374,27.009048461914062,0.7960396409034729,0.0007231999770738184,0.0002937999670393765
1370,0.7728679180145264,27.020761489868164,0.7932433485984802,0.0007088999846018851,0.0003059999435208738
1371,0.5962395668029785,27.032543182373047,0.7848244905471802,0.0007152999751269817,0.0002872999757528305
1372,0.7366884350776672,27.04419708251953,0.779461681842804,0.0007194000063464046,0.00028959999326616526
1373,0.8933668732643127,27.056072235107422,0.7765214443206787,0.0007328999927267432,0.0002823999966494739
1374,0.7055021524429321,27.067537307739258,0.7809116840362549,0.0007341000018641353,0.00030149996746331453
1375,0.7380626201629639,27.07880401611328,0.7865186333656311,0.0007130000158213079,0.0002832000027410686
1376,0.9054101705551147,27.090181350708008,0.7907811403274536,0.0007298000273294747,0.00028219999512657523
1377,0.9018571376800537,27.10144805908203,0.7872579097747803,0.0007404999923892319,0.00028740003472194076
1378,0.6708044409751892,27.112409591674805,0.7820017337799072,0.0007308999774977565,0.00028799998108297586
1379,0.8865059614181519,27.123374938964844,0.7818859815597534,0.000756199995521456,0.0003006000188179314
1380,0.6744887828826904,27.133968353271484,0.7800760865211487,0.0007385999779216945,0.0002982000005431473
1381,0.7501148581504822,27.144495010375977,0.7800726294517517,0.0007424000068567693,0.00029930000891909003
1382,0.5705101490020752,27.1547908782959,0.7771254181861877,0.0007297000265680254,0.00029150000773370266
1383,0.6081457734107971,27.165315628051758,0.7755898237228394,0.0007304999744519591,0.0002914000069722533
1384,0.6625140309333801,27.17612648010254,0.776804506778717,0.0007195000071078539,0.0002905000001192093
1385,0.5466423034667969,27.18692398071289,0.7794433832168579,0.000721299962606281,0.00028500001644715667
1386,0.6690511107444763,27.19777488708496,0.7774507999420166,0.000721300020813942,0.00029150000773370266
1387,0.4616861343383789,27.208280563354492,0.7746766805648804,0.0007228999747894704,0.00028490001568570733
1388,0.7615101337432861,27.218931198120117,0.773289144039154,0.0007260999991558492,0.00029120000544935465
1389,0.6728398203849792,27.229141235351562,0.7702335715293884,0.0007238999824039638,0.000284800014924258
1390,1.0152925252914429,27.239402770996094,0.7689969539642334,0.0007460999768227339,0.00029990001348778605
1391,0.7103477120399475,27.248878479003906,0.7628862857818604,0.0007185999420471489,0.00028680003015324473
1392,0.8033249378204346,27.25888442993164,0.7568318247795105,0.0007379000307992101,0.0002856999635696411
1393,0.6612380146980286,27.268531799316406,0.751326322555542,0.0007222999702207744,0.0002905000001192093
1394,0.6731956601142883,27.277820587158203,0.7451367974281311,0.0007467999821528792,0.000285400019492954
1395,0.5766357183456421,27.286762237548828,0.7405601143836975,0.0007286999607458711,0.0002927000168710947
1396,0.8936144709587097,27.29598045349121,0.7356259822845459,0.0007408999954350293,0.0002840999513864517
1397,0.6936351656913757,27.305498123168945,0.7303853631019592,0.0007320999866351485,0.0002874999772757292
1398,0.7288758158683777,27.31501579284668,0.7278597950935364,0.0007115000043995678,0.0002832000027410686
1399,0.6284680962562561,27.324535369873047,0.7238906025886536,0.0007179999956861138,0.00028199999360367656
1400,0.6490784287452698,27.334516525268555,0.7196165323257446,0.0007179999956861138,0.00029739999445155263
1401,0.7335655689239502,27.34423828125,0.7154804468154907,0.0007114000036381185,0.0002872999757528305
1402,0.4698048233985901,27.353988647460938,0.7151028513908386,0.0007149000302888453,0.00028410000959411263
1403,0.8415957689285278,27.364330291748047,0.7147474884986877,0.0008802000083960593,0.00029530003666877747
1404,0.6348365545272827,27.37470054626465,0.7100741863250732,0.0007127000135369599,0.0002894000499509275
1405,0.7583490014076233,27.385347366333008,0.7085788249969482,0.0007510000141337514,0.0002893999917432666
1406,0.8072951436042786,27.39609146118164,0.7059409022331238,0.0007210999610833824,0.0002954999799840152
1407,0.7530529499053955,27.40679931640625,0.7033711671829224,0.0007222999702207744,0.0002815999905578792
1408,0.6418822407722473,27.41738510131836,0.6988810300827026,0.0007249000482261181,0.0002884000423364341
1409,0.6878954768180847,27.42818832397461,0.7004165649414062,0.0007111000013537705,0.0002840000088326633
1410,0.6153026223182678,27.439373016357422,0.7065452337265015,0.0007291999645531178,0.0002820999943651259
1411,0.9030212759971619,27.450424194335938,0.715817391872406,0.0008053999627009034,0.0003383000148460269
1412,0.6540845036506653,27.46100616455078,0.7222402095794678,0.0009601000347174704,0.0003353000502102077
1413,0.6833388805389404,27.471818923950195,0.7237451672554016,0.000756499997805804,0.00034550001146271825
1414,0.6087377071380615,27.483671188354492,0.7203724384307861,0.0007473999867215753,0.00028819998260587454
1415,0.5731677412986755,27.49618911743164,0.7161110043525696,0.0007275000098161399,0.0002945999731309712
1416,0.5916448831558228,27.508319854736328,0.7150796055793762,0.0007377999718300998,0.00031450000824406743
1417,0.6330609917640686,27.520658493041992,0.714449942111969,0.0007376000285148621,0.00029879994690418243
1418,0.7295461297035217,27.533042907714844,0.7092415690422058,0.0007181999972090125,0.00029039999935775995
1419,0.9174146056175232,27.545310974121094,0.7077265381813049,0.0007448000251315534,0.0002875999780371785
1420,0.7480578422546387,27.557037353515625,0.7046765089035034,0.0007203000131994486,0.00029340002220124006
1421,0.7061432003974915,27.56815528869629,0.7036368250846863,0.000726899947039783,0.0002867000293917954
1422,0.7696263790130615,27.579051971435547,0.7090041637420654,0.000729600025806576,0.00031289999606087804
1423,0.7939561605453491,27.590131759643555,0.7235784530639648,0.0007122000097297132,0.0002894999925047159
1424,0.8213385343551636,27.60110855102539,0.7269576191902161,0.0007366999634541571,0.0002911000046879053
1425,0.8931931257247925,27.611652374267578,0.72825026512146,0.0007289999630302191,0.0002880999818444252
1426,0.6729791760444641,27.62186622619629,0.7252282500267029,0.00073490000795573,0.00029199995333328843
1427,1.0085644721984863,27.63202476501465,0.7202141284942627,0.0007406999939121306,0.0003090000245720148
1428,0.5682367086410522,27.641538619995117,0.713012158870697,0.0007331999950110912,0.00029449997236952186
1429,0.8551311492919922,27.651212692260742,0.707099974155426,0.0007651999476365745,0.00029200001154094934
1430,0.5294040441513062,27.660789489746094,0.6987152695655823,0.0007678000256419182,0.00031259999377653003
1431,0.7225556373596191,27.670576095581055,0.6947446465492249,0.0007275000098161399,0.0002935000229626894
1432,0.611865758895874,27.680387496948242,0.6946729421615601,0.0007357999566011131,0.0003027000348083675
1433,0.6646590232849121,27.69037628173828,0.6965360045433044,0.0007279000128619373,0.0002861999673768878
1434,0.7086310982704163,27.700523376464844,0.6999441385269165,0.0007318000425584614,0.0002899999963119626
1435,0.7117157578468323,27.71112060546875,0.7045329213142395,0.0007337999995797873,0.0002883999841287732
1436,0.8306961059570312,27.7218017578125,0.7026661038398743,0.0007369000231847167,0.0002949000336229801
1437,0.591282308101654,27.732187271118164,0.7002856135368347,0.0007449000258930027,0.0002948999754153192
1438,0.7607932090759277,27.742727279663086,0.6986526250839233,0.0007399999885819852,0.0002986000035889447
1439,0.5635250806808472,27.75290298461914,0.698398768901825,0.0007402999908663332,0.00029689999064430594
1440,0.6087518334388733,27.76302719116211,0.7008917927742004,0.0007590000168420374,0.0002978999982587993
1441,0.568545937538147,27.773426055908203,0.7056130170822144,0.0007462000357918441,0.0003016000264324248
1442,0.7192761301994324,27.78380012512207,0.7114444375038147,0.0008513000211678445,0.0002992000081576407
1443,0.9195308089256287,27.7940616607666,0.7122796773910522,0.0007726000039838254,0.0003206999972462654
1444,0.8231863975524902,27.80418586730957,0.708024799823761,0.0007611999753862619,0.00030159996822476387
1445,0.843425989151001,27.814334869384766,0.7001080513000488,0.0007516000187024474,0.00029449997236952186
1446,0.5527181625366211,27.824172973632812,0.6927842497825623,0.0007531999726779759,0.00030939996941015124
1447,0.515025794506073,27.834108352661133,0.6917577385902405,0.0007650000043213367,0.0002982000005431473
1448,0.5757376551628113,27.844179153442383,0.6938079595565796,0.0007560999947600067,0.0002972999936901033
1449,0.7451786398887634,27.85435676574707,0.6997815370559692,0.0007510999566875398,0.00030339998193085194
1450,0.7986539006233215,27.864295959472656,0.7028439044952393,0.0007434000144712627,0.00029779999749735
1451,0.5880486965179443,27.873971939086914,0.7066712379455566,0.0007779000443406403,0.00030230003176257014
1452,0.7357876896858215,27.88370132446289,0.7119009494781494,0.0007595000206492841,0.0003003000165335834
1453,0.7402873039245605,27.893301010131836,0.7179446816444397,0.0007643999997526407,0.00029830000130459666
1454,0.6819612383842468,27.90281867980957,0.7222455143928528,0.0007511999574489892,0.00029990001348778605
1455,0.6048218607902527,27.91226577758789,0.7197253108024597,0.0007601999677717686,0.0003121999907307327
1456,0.5947426557540894,27.92198944091797,0.714653730392456,0.0007603000267408788,0.0003056999994441867
1457,0.7383525967597961,27.931623458862305,0.7080239057540894,0.000776599976234138,0.0003035999834537506
1458,0.6967061758041382,27.941232681274414,0.6985852718353271,0.0007602999685332179,0.00030890002381056547
1459,0.7604907751083374,27.950986862182617,0.6943012475967407,0.0007559999939985573,0.0003141000051982701
1460,0.5216129422187805,27.96036720275879,0.6926847100257874,0.0007389999809674919,0.0003014000249095261
1461,0.4745329022407532,27.969942092895508,0.6952697038650513,0.00077479996252805,0.0003000000142492354
1462,0.6898989081382751,27.97943115234375,0.7001645565032959,0.0007670999621041119,0.0003005000180564821
1463,0.6144495010375977,27.988666534423828,0.7128152251243591,0.0007391999824903905,0.0002962999860756099
1464,0.7407321929931641,27.997783660888672,0.7248607873916626,0.0007702999864704907,0.0003108000382781029
1465,0.8421428799629211,28.00689125061035,0.72632896900177,0.0007586999563500285,0.00030339998193085194
1466,0.7417631149291992,28.01605987548828,0.7143146395683289,0.0007831000257283449,0.00032699998700991273
1467,0.6582061052322388,28.024799346923828,0.7042070031166077,0.000762399984523654,0.00030750001315027475
1468,0.6025165915489197,28.03352928161621,0.6960123181343079,0.0007455999730154872,0.0003003000165335834
1469,0.5736178159713745,28.042591094970703,0.6902244687080383,0.0007681999704800546,0.00029880000511184335
1470,0.6356757283210754,28.051809310913086,0.6849383115768433,0.0007828999659977853,0.00031129998387768865
1471,0.5774403214454651,28.06170654296875,0.6797696948051453,0.0007579000084660947,0.00030590000096708536
1472,0.4517340064048767,28.071712493896484,0.6734684705734253,0.0007548999856226146,0.00030020001577213407
1473,0.6745997071266174,28.08199691772461,0.6735947728157043,0.0007829000242054462,0.0003274999908171594
1474,0.8322443962097168,28.091745376586914,0.6823199987411499,0.0007475999882444739,0.00030690000858157873
1475,0.6618120074272156,28.10148811340332,0.6928583979606628,0.0007565999985672534,0.000298700004350394
1476,0.5255871415138245,28.110963821411133,0.708651602268219,0.0007628000457771122,0.00030830001924186945
1477,0.8082118630409241,28.12021827697754,0.7236983776092529,0.0007462999783456326,0.0003024999750778079
1478,0.6639348864555359,28.129180908203125,0.7251201272010803,0.0007518999627791345,0.0003087999648414552
1479,0.7473385334014893,28.137887954711914,0.7109266519546509,0.0007605000282637775,0.0002995000104419887
1480,0.630034863948822,28.146493911743164,0.6895200610160828,0.0007636999944224954,0.00030529999639838934
1481,0.6828204393386841,28.155176162719727,0.6789480447769165,0.0007502999505959451,0.0003132999991066754
1482,0.609165608882904,28.163726806640625,0.6752535700798035,0.0007661000126972795,0.0003075999557040632
1483,0.5210858583450317,28.173086166381836,0.6789395809173584,0.0007657000096514821,0.00030770001467317343
1484,0.5996116399765015,28.182886123657227,0.6862309575080872,0.0007544999825768173,0.00031590001890435815
1485,0.8590875267982483,28.193239212036133,0.6904148459434509,0.0007480000494979322,0.00030020001577213407
1486,0.8084350228309631,28.20381736755371,0.6927794218063354,0.0007424000068567693,0.0002961999853141606
1487,0.601682186126709,28.213899612426758,0.6948388814926147,0.0007811000104993582,0.00030070001957938075
1488,0.6871863007545471,28.223915100097656,0.702764093875885,0.001207799999974668,0.000754699984099716
1489,0.6214637756347656,28.23419189453125,0.7150648236274719,0.0008188000065274537,0.0003337000380270183
1490,0.7437844276428223,28.244482040405273,0.7278258800506592,0.0008249999955296516,0.00031599996145814657
1491,0.588973879814148,28.254619598388672,0.7339621186256409,0.0007813000120222569,0.00031070003751665354
1492,0.5886791944503784,28.26495933532715,0.7266303896903992,0.0007858999888412654,0.00030390004394575953
1493,0.506793200969696,28.27549934387207,0.7238723039627075,0.0007789000519551337,0.00030210003023967147
1494,0.6174217462539673,28.286046981811523,0.7149649858474731,0.0007728000055067241,0.0003018999705091119
1495,0.627409040927887,28.296314239501953,0.7045996189117432,0.0007580999517813325,0.0003071000101044774
1496,0.5888919234275818,28.306394577026367,0.6975059509277344,0.0007575000054202974,0.00029830000130459666
1497,0.7133207321166992,28.31633758544922,0.6947567462921143,0.0007761000306345522,0.0003056999994441867
1498,0.5631455779075623,28.326122283935547,0.6872730851173401,0.0007476999890059233,0.00030020001577213407
1499,0.5356959700584412,28.336259841918945,0.6840126514434814,0.0007389999809674919,0.0003037999849766493
1500,0.6058927774429321,28.346403121948242,0.686654806137085,0.0007282000151462853,0.0003036000416614115
1501,0.6358187794685364,28.35626220703125,0.6980221271514893,0.0007554999901913106,0.0002861000248230994
1502,0.6154547929763794,28.365901947021484,0.7168369293212891,0.000770099984947592,0.0003021999727934599
1503,0.532037615776062,28.37566566467285,0.7280245423316956,0.0007926999824121594,0.0003190000425092876
1504,0.578894853591919,28.385480880737305,0.7234242558479309,0.000748799997381866,0.0002999999560415745
1505,0.5983089208602905,28.39557647705078,0.713804304599762,0.0007607999723404646,0.0002998000127263367
1506,0.4311388432979584,28.405961990356445,0.7061212658882141,0.0007460999768227339,0.0003010999644175172
1507,0.6693286895751953,28.416366577148438,0.6991513967514038,0.00074230000609532,0.00029609998455271125
1508,0.5989505648612976,28.426498413085938,0.6974025964736938,0.0007764999754726887,0.00029639998683705926
1509,0.6579891443252563,28.436519622802734,0.6987752318382263,0.0008403999963775277,0.0005135000101290643
1510,0.5167009830474854,28.44639015197754,0.7042050957679749,0.0007742999587208033,0.0003030999796465039
1511,0.6337791681289673,28.456161499023438,0.7028204798698425,0.0007486999966204166,0.0002992999507114291
1512,0.6535810828208923,28.465749740600586,0.6900582909584045,0.0007660999544896185,0.0003000000142492354
1513,0.4632262587547302,28.474992752075195,0.6763816475868225,0.0007554999901913106,0.0003100999747402966
1514,0.6495575904846191,28.484392166137695,0.6697643399238586,0.000761799979954958,0.000304599991068244
1515,0.3995254933834076,28.49362564086914,0.667445957660675,0.0007599999662488699,0.00029559998074546456
1516,0.7684898376464844,28.50286865234375,0.6619901061058044,0.0007535999757237732,0.0002969999914057553
1517,0.6266927123069763,28.512121200561523,0.6529508829116821,0.0007563999970443547,0.00030610000248998404
1518,0.5831961631774902,28.52162742614746,0.6502718329429626,0.0007745000184513628,0.00029850000282749534
1519,0.7348896265029907,28.53150177001953,0.6497583985328674,0.0007725000032223761,0.0003037999849766493
1520,0.41620564460754395,28.540891647338867,0.6529684066772461,0.0007671000203117728,0.0002982000005431473
1521,0.7149161696434021,28.550952911376953,0.6627923846244812,0.0007730999495834112,0.0003203999949619174
1522,0.6267780065536499,28.561185836791992,0.6721644401550293,0.0007422000053338706,0.00030239997431635857
1523,0.647840678691864,28.57143783569336,0.6720096468925476,0.0007675000233575702,0.00030559999868273735
1524,0.5894142985343933,28.58171844482422,0.6627963185310364,0.0007372999680228531,0.00029910000739619136
1525,0.7986920475959778,28.591747283935547,0.6583817005157471,0.000750000006519258,0.00029449997236952186
1526,0.4467617869377136,28.601404190063477,0.6607419848442078,0.0007563999970443547,0.00032079999800771475
1527,0.6002240777015686,28.611827850341797,0.657704770565033,0.0007363000186160207,0.000311999989207834
1528,0.5908001661300659,28.622161865234375,0.6484859585762024,0.000757400004658848,0.00030069996137171984
1529,0.604218065738678,28.632253646850586,0.6386383771896362,0.000756199995521456,0.00031650002347305417
1530,0.7048888206481934,28.642744064331055,0.6310945749282837,0.0011001999955624342,0.0003035999834537506
1531,0.6159124970436096,28.653074264526367,0.632649302482605,0.0007810000097379088,0.0003525000065565109
1532,0.5993105173110962,28.663509368896484,0.6444950699806213,0.0007813999545760453,0.0003068000078201294
1533,0.7688453197479248,28.673667907714844,0.6627438068389893,0.0008238999871537089,0.0003066000062972307
1534,0.5574958324432373,28.683923721313477,0.6757564544677734,0.0009967999649234116,0.00031460000900551677
1535,0.654051661491394,28.694244384765625,0.6819666028022766,0.0008881999528966844,0.00038219999987632036
1536,0.5930380821228027,28.704282760620117,0.6827418804168701,0.0007864999934099615,0.00031479995232075453
1537,0.6371466517448425,28.714149475097656,0.6760889887809753,0.000865299953147769,0.000388299988117069
1538,0.6436166167259216,28.72412872314453,0.6614737510681152,0.0007471999851986766,0.0003066000062972307
1539,0.560700535774231,28.733861923217773,0.6532627940177917,0.0007263000006787479,0.0002978999982587993
1540,0.504896879196167,28.743680953979492,0.6524158716201782,0.0015208999975584447,0.0003065000055357814
1541,0.5273586511611938,28.753576278686523,0.6644741892814636,0.0009002999868243933,0.0005042999982833862
1542,0.6702532768249512,28.763526916503906,0.6840223670005798,0.0007956000044941902,0.0003220000071451068
1543,0.6705511212348938,28.77320098876953,0.6895928382873535,0.0007704999879933894,0.00031460000900551677
1544,0.4955117106437683,28.782732009887695,0.6778654456138611,0.0007537000346928835,0.00030610000248998404
1545,0.6246143579483032,28.79218101501465,0.6624147891998291,0.0007432999555021524,0.0003037999849766493
1546,0.46432337164878845,28.801597595214844,0.642062246799469,0.0007658000104129314,0.0002999999560415745
1547,0.6599293351173401,28.8110408782959,0.6293259263038635,0.0007444000220857561,0.0003043999895453453
1548,0.6679348349571228,28.820451736450195,0.629456639289856,0.0007513000164180994,0.00031759997364133596
1549,0.734640896320343,28.829647064208984,0.6383000016212463,0.0007598999654874206,0.0003133999998681247
1550,0.690835177898407,28.83890151977539,0.6481778025627136,0.0007692999788559973,0.000318199978210032
1551,0.6963768005371094,28.84805679321289,0.6536704897880554,0.0007661000126972795,0.0002961999853141606
1552,0.6404406428337097,28.857044219970703,0.6521986126899719,0.0007757000275887549,0.0003029999788850546
1553,0.5324239730834961,28.866092681884766,0.6415995955467224,0.0007463999791070819,0.00029689999064430594
1554,0.6528409719467163,28.87527084350586,0.6364782452583313,0.000744100019801408,0.0002978000557050109
1555,0.522621750831604,28.884716033935547,0.6323022246360779,0.0008293000282719731,0.0003332000342197716
1556,0.9025160074234009,28.894010543823242,0.6220871210098267,0.0007960000075399876,0.00031239999225363135
1557,0.773703932762146,28.902999877929688,0.6071692705154419,0.0007664000149816275,0.00033949996577575803
1558,0.5099153518676758,28.91191291809082,0.5985537767410278,0.0009061000309884548,0.00029930000891909003
1559,0.6624968647956848,28.921003341674805,0.5936412811279297,0.0007864999934099615,0.0003281999961473048
1560,0.4779960811138153,28.929943084716797,0.5934545397758484,0.0007589000160805881,0.00030239997431635857
1561,0.541733980178833,28.93895149230957,0.600054919719696,0.0007752000237815082,0.0003006000188179314
1562,0.5577481389045715,28.948219299316406,0.605241060256958,0.0007692999788559973,0.0003330999752506614
1563,0.7056615352630615,28.957168579101562,0.6140994429588318,0.000748799997381866,0.0002998000127263367
1564,0.8013948202133179,28.9659481048584,0.621129035949707,0.0007705999887548387,0.0002969999914057553
1565,0.6611779928207397,28.97466278076172,0.6216520667076111,0.0007948999991640449,0.00029639998683705926
1566,0.6802504658699036,28.984643936157227,0.623551607131958,0.0007526999688707292,0.0002954999799840152
1567,0.5188987851142883,28.994802474975586,0.6314206123352051,0.0007587999571114779,0.0003092999686487019
1568,0.6981369256973267,29.005067825317383,0.6387003064155579,0.0007623000419698656,0.00029880000511184335
1569,0.5357804894447327,29.014930725097656,0.6366689801216125,0.0007665000157430768,0.0003005000180564821
1570,0.6768332719802856,29.02492332458496,0.6285173892974854,0.000770999991800636,0.0003100000321865082
1571,0.5493758320808411,29.03449821472168,0.6214988231658936,0.0007405999931506813,0.00030470005003735423
1572,0.5954951047897339,29.04401206970215,0.6127053499221802,0.0007646000012755394,0.00029989995528012514
1573,0.4099762439727783,29.053386688232422,0.6083874702453613,0.0007543000392615795,0.0003179000341333449
1574,0.44233182072639465,29.06243896484375,0.6110461354255676,0.0007612999761477113,0.000298099999781698
1575,0.6287515163421631,29.071504592895508,0.611492395401001,0.0008163999882526696,0.00030720001086592674
1576,0.4860647916793823,29.08039665222168,0.6125668287277222,0.0007524000247940421,0.00030339998193085194
1577,0.4472496211528778,29.089580535888672,0.6117315888404846,0.0007385000353679061,0.000291300006210804
1578,0.6514148712158203,29.09911346435547,0.6072148680686951,0.0007616999791935086,0.0002932000206783414
1579,0.5528125762939453,29.108600616455078,0.6021975874900818,0.0007519000209867954,0.0003038999857380986
1580,0.5662595629692078,29.118202209472656,0.5935190916061401,0.0007577000069431961,0.0002959999837912619
1581,0.5198934674263,29.127544403076172,0.5927932858467102,0.0007411999977193773,0.00029719999292865396
1582,0.6520354151725769,29.136898040771484,0.5993209481239319,0.0007449000258930027,0.0003066000062972307
1583,0.6184903979301453,29.1461124420166,0.5977610349655151,0.0007321999873965979,0.00030120002338662744
1584,0.5898231863975525,29.15574073791504,0.5918750762939453,0.0007615000358782709,0.00031019997550174594
1585,0.5408608317375183,29.16518783569336,0.582438588142395,0.0007531000301241875,0.0003016999689862132
1586,0.591689944267273,29.17449951171875,0.5760310888290405,0.000769199978094548,0.0003220000071451068
1587,0.44719934463500977,29.183691024780273,0.5734822154045105,0.0007849999819882214,0.0003060000017285347
1588,0.6626707911491394,29.19293785095215,0.5725094079971313,0.0007867999956943095,0.00030610000248998404
1589,0.5893188714981079,29.202056884765625,0.5787988901138306,0.0007551000453531742,0.0003090000245720148
1590,0.48224765062332153,29.211238861083984,0.5808159708976746,0.0007991999736987054,0.00030289997812360525
1591,0.7403624653816223,29.22047996520996,0.5757614374160767,0.001086199947167188,0.0003024000325240195
1592,0.48494094610214233,29.22990608215332,0.5650132298469543,0.0007649999461136758,0.00031079998007044196
1593,0.6836984753608704,29.239383697509766,0.557878851890564,0.0007640999974682927,0.00029989995528012514
1594,0.6467458009719849,29.248687744140625,0.55690598487854,0.00074970000423491,0.00029710005037486553
1595,0.4841052293777466,29.25788116455078,0.5560460090637207,0.0007439999608322978,0.0002956000389531255
1596,0.5328477025032043,29.266969680786133,0.5575093626976013,0.0007516000187024474,0.00030390004394575953
1597,0.6124586462974548,29.27617645263672,0.5612145066261292,0.0007999000372365117,0.00029710005037486553
1598,0.6211840510368347,29.285329818725586,0.5655767321586609,0.0007453999714925885,0.000318799982778728
1599,0.5956757068634033,29.294775009155273,0.5708736777305603,0.0007448000251315534,0.00030369998421519995
1600,0.5731824040412903,29.30413055419922,0.5734842419624329,0.0007387999794445932,0.000298700004350394
1601,0.4033668041229248,29.313312530517578,0.5722017884254456,0.000797900022007525,0.00030700000934302807
1602,0.6129094362258911,29.322750091552734,0.5677905678749084,0.0007539000362157822,0.00032920000376179814
1603,0.5720279216766357,29.331920623779297,0.5537817478179932,0.0007223000284284353,0.0003087000222876668
1604,0.5467637181282043,29.341318130493164,0.5453749895095825,0.0007425000076182187,0.0002937000244855881
1605,0.6229698657989502,29.350553512573242,0.5437173247337341,0.0007724000024609268,0.0002967999898828566
1606,0.6950632929801941,29.359642028808594,0.5506993532180786,0.0007475999882444739,0.00030590000096708536
1607,0.7480700016021729,29.368562698364258,0.5558674335479736,0.0007591999601572752,0.00028819998260587454
1608,0.4719638526439667,29.377185821533203,0.5562827587127686,0.0009409000049345195,0.00040110002737492323
1609,0.8210218548774719,29.385831832885742,0.5589379072189331,0.0007833000272512436,0.00031919998582452536
1610,0.6195496320724487,29.39447784423828,0.5589030385017395,0.0007530999719165266,0.00030499999411404133
1611,0.6028234362602234,29.402976989746094,0.5658442378044128,0.0007578000077046454,0.00030280003556981683
1612,0.5782286524772644,29.411291122436523,0.5672976970672607,0.0007589000160805881,0.00031130004208534956
1613,0.5078426003456116,29.419525146484375,0.5637841820716858,0.0007392000406980515,0.0003024000325240195
1614,0.6696650385856628,29.42805290222168,0.5650956630706787,0.000736700021661818,0.00029990001348778605
1615,0.6432552337646484,29.43667984008789,0.569543182849884,0.0007645000005140901,0.00029960001120343804
1616,0.6913961172103882,29.445188522338867,0.5791861414909363,0.0008001999813131988,0.00030829996103420854
1617,0.7574620842933655,29.453834533691406,0.5834917426109314,0.0007702999864704907,0.0003443000023253262
1618,0.43814098834991455,29.462459564208984,0.5806030631065369,0.0007587000145576894,0.00031430000672116876
1619,0.553525984287262,29.47120475769043,0.574975311756134,0.0007510000141337514,0.00031779997516423464
1620,0.483046293258667,29.479936599731445,0.5727750658988953,0.0007624999852851033,0.000304599991068244
1621,0.6077461242675781,29.48851203918457,0.5731406211853027,0.0007486999966204166,0.00030340004013851285
1622,0.574114203453064,29.49726104736328,0.5693870782852173,0.000762699986808002,0.0002992999507114291
1623,0.5210923552513123,29.505943298339844,0.5670906901359558,0.0007588999578729272,0.00030129996594041586
1624,0.6349122524261475,29.5146484375,0.562853991985321,0.0007466000388376415,0.000299000006634742
1625,0.6725220084190369,29.523439407348633,0.5557634830474854,0.0007578000077046454,0.0002975999959744513
1626,0.631068766117096,29.532243728637695,0.5506779551506042,0.0007721000001765788,0.00031079998007044196
1627,0.5340452194213867,29.54098892211914,0.5500118732452393,0.0007529999711550772,0.00031869998201727867
1628,0.5332443714141846,29.54962921142578,0.5552064776420593,0.000769799982663244,0.00030429998878389597
1629,0.46507176756858826,29.558002471923828,0.5624736547470093,0.0007688000332564116,0.00029930000891909003
1630,0.6552682518959045,29.566604614257812,0.5689747333526611,0.0007435999577865005,0.0003380000125616789
1631,0.5235544443130493,29.57517433166504,0.5751811265945435,0.0008168999920599163,0.00029799999902024865
1632,0.44580596685409546,29.583818435668945,0.575411856174469,0.0008453999762423337,0.0003011999651789665
1633,0.6207805275917053,29.59255027770996,0.576933741569519,0.0007987000280991197,0.00030720001086592674
1634,0.7883397340774536,29.60116958618164,0.5789324045181274,0.0007518000202253461,0.0003121999907307327
1635,0.5063936710357666,29.609874725341797,0.5775802731513977,0.0007735000108368695,0.000304899993352592
1636,0.6226164102554321,29.618427276611328,0.5804597735404968,0.0007593999616801739,0.00031049997778609395
1637,0.5767444372177124,29.627084732055664,0.5834968686103821,0.0007469999836757779,0.00030180002795532346
1638,0.7224655747413635,29.635507583618164,0.5783330202102661,0.0007575999479740858,0.00030070001957938075
1639,0.6813957095146179,29.643829345703125,0.5773575901985168,0.0007526999688707292,0.00030229997355490923
1640,0.5608648657798767,29.651887893676758,0.5777423977851868,0.0007722000009380281,0.0002991999499499798
1641,0.5672022104263306,29.659908294677734,0.5785362124443054,0.0007819000165909529,0.00030509999487549067
1642,0.5025694966316223,29.667978286743164,0.5733689069747925,0.0007551999879069626,0.00030070001957938075
1643,0.5670211315155029,29.67589569091797,0.5661707520484924,0.000757400004658848,0.00030099996365606785
1644,0.45003119111061096,29.68410873413086,0.559536337852478,0.0007537999772466719,0.0003085000207647681
1645,0.5386170148849487,29.692302703857422,0.5547985434532166,0.0008207000209949911,0.00029739999445155263
1646,0.6275498270988464,29.701086044311523,0.5535459518432617,0.0008557999972254038,0.0003409999771974981
1647,0.42116156220436096,29.70993423461914,0.5526632070541382,0.0009289000299759209,0.0003195999888703227
1648,0.6417701244354248,29.71903419494629,0.5502992868423462,0.0007699000416323543,0.0003429999924264848
1649,0.43902236223220825,29.727970123291016,0.5482364296913147,0.0008228999795392156,0.0003019999712705612
1650,0.5088487863540649,29.737089157104492,0.5435044169425964,0.0007617000374011695,0.0003043999895453453
1651,0.6134197115898132,29.745887756347656,0.5371239185333252,0.0007886000094003975,0.0003005000180564821
1652,0.4951149821281433,29.754152297973633,0.5279006958007812,0.0008143999730236828,0.00030229997355490923
1653,0.6111541986465454,29.762434005737305,0.5251582264900208,0.0008806000114418566,0.0003347000456415117
1654,0.6130824685096741,29.770971298217773,0.5263205170631409,0.000762399984523654,0.0003420999855734408
1655,0.5629761219024658,29.779512405395508,0.5297164916992188,0.0007956000044941902,0.0003352999920025468
1656,0.46033796668052673,29.78812026977539,0.5361831784248352,0.0007649000035598874,0.0003046000492759049
1657,0.5521311163902283,29.796812057495117,0.5459572076797485,0.0007451000274159014,0.0002986000035889447
1658,0.6338942050933838,29.805057525634766,0.5513625144958496,0.0007778999861329794,0.00030830001924186945
1659,0.4166950583457947,29.813465118408203,0.5498940944671631,0.0007777000428177416,0.0003030000370927155
1660,0.4960208833217621,29.821962356567383,0.5509051084518433,0.0007528000278398395,0.0002943999716080725
1661,0.3843974173069,29.830642700195312,0.5479214787483215,0.0008242999901995063,0.00031129998387768865
1662,0.4047577679157257,29.839170455932617,0.5435203313827515,0.0007577000069431961,0.0003011000226251781
1663,0.6692560315132141,29.847867965698242,0.5385861396789551,0.0007625999860465527,0.00031290005426853895
1664,0.6173151731491089,29.856863021850586,0.5356811881065369,0.0007446000236086547,0.0002992000081576407
1665,0.6650636792182922,29.86553382873535,0.5366929173469543,0.0008285000221803784,0.000423500023316592
1666,0.542177677154541,29.874698638916016,0.5334241986274719,0.0007807000074535608,0.000304599991068244
1667,0.5746440887451172,29.883811950683594,0.5295376181602478,0.0008196000126190484,0.00030319998040795326
1668,0.5377589464187622,29.892837524414062,0.5196571350097656,0.000820100016426295,0.00030010001501068473
1669,0.478653222322464,29.901981353759766,0.5143885612487793,0.00077039998723194,0.0002995000104419887
1670,0.570052444934845,29.911258697509766,0.5168845057487488,0.0007983999676071107,0.00033379998058080673
1671,0.5783681869506836,29.920455932617188,0.5240737199783325,0.0007594999624416232,0.0003095999709330499
1672,0.6126624345779419,29.929561614990234,0.5321749448776245,0.000761799979954958,0.0003081999602727592
1673,0.44728803634643555,29.938644409179688,0.5391485095024109,0.0007577000069431961,0.0003124999930150807
1674,0.5082881450653076,29.947824478149414,0.5404163002967834,0.0008270000107586384,0.00037340004928410053
1675,0.49233612418174744,29.956933975219727,0.5372158885002136,0.0008046000148169696,0.00034060003235936165
1676,0.6699363589286804,29.96592903137207,0.5284403562545776,0.0009822000283747911,0.00036230002297088504
1677,0.46287989616394043,29.974891662597656,0.5188107490539551,0.0009617999894544482,0.000381799996830523
1678,0.5402480363845825,29.98350715637207,0.509929358959198,0.0009225000394508243,0.00044029997661709785
1679,0.5596773624420166,29.991912841796875,0.502392053604126,0.0008558999979868531,0.00033599999733269215
1680,0.47228100895881653,30.00044822692871,0.49304091930389404,0.0009539999882690609,0.0005941000417806208
1681,0.5209274888038635,30.008819580078125,0.4878752529621124,0.0008848999859765172,0.0003404999733902514
1682,0.4237527549266815,30.017093658447266,0.4834066331386566,0.0009624999947845936,0.0003858000272884965
1683,0.44957536458969116,30.02532958984375,0.4813154935836792,0.0009116000146605074,0.00035479996586218476
1684,0.5724313259124756,30.03395652770996,0.4790162742137909,0.0008021999965421855,0.0003236000193282962
1685,0.5147824287414551,30.042621612548828,0.4797114431858063,0.0008211000240407884,0.0003114000428467989
1686,0.4707642197608948,30.05129623413086,0.4805273711681366,0.0007782999891787767,0.0003094999701716006
1687,0.42608773708343506,30.060182571411133,0.4806572496891022,0.0008043000125326216,0.0003321000258438289
1688,0.43248310685157776,30.068920135498047,0.48053285479545593,0.0008087999885901809,0.000299000006634742
1689,0.4038815498352051,30.07763671875,0.47876057028770447,0.0009495000122115016,0.0003712000325322151
1690,0.5204498171806335,30.08623504638672,0.4750475287437439,0.00076299998909235,0.0003389000194147229
1691,0.6062343120574951,30.09454917907715,0.4683651328086853,0.0007911999709904194,0.00033029995393007994
1692,0.4630682170391083,30.102779388427734,0.4684986472129822,0.000754999986384064,0.000305800000205636
1693,0.4483858644962311,30.110965728759766,0.4724607765674591,0.0007508999551646411,0.00030229997355490923
1694,0.5024006962776184,30.11922836303711,0.4815216064453125,0.0007525000255554914,0.0002997000119648874
1695,0.5655879974365234,30.12781524658203,0.49749815464019775,0.0007566999993287027,0.000304599991068244
1696,0.5719761252403259,30.13636016845703,0.5094432830810547,0.0007932999869808555,0.0003009000211022794
1697,0.5583999156951904,30.14499282836914,0.51219242811203,0.0007689000340178609,0.00030429998878389597
1698,0.4483073353767395,30.153606414794922,0.5144047737121582,0.0007624000427313149,0.0003000000142492354
1699,0.5669094324111938,30.162229537963867,0.5190815925598145,0.0007820000173524022,0.0003040999872609973
1700,0.43492791056632996,30.170759201049805,0.527588963508606,0.0007850999827496707,0.00030179996974766254
1701,0.38090068101882935,30.17942237854004,0.5301803946495056,0.0007681000279262662,0.00030559999868273735
1702,0.6288045048713684,30.187969207763672,0.5317556262016296,0.0007761000306345522,0.00030040001729503274
1703,0.5540464520454407,30.196487426757812,0.5277148485183716,0.0007661000126972795,0.0003152000135742128
1704,0.5432242155075073,30.2049503326416,0.5198472142219543,0.0008172999951057136,0.00034870003582909703
1705,0.4494476914405823,30.21330451965332,0.5106078386306763,0.0008233999833464622,0.00032220000866800547
1706,0.5369283556938171,30.221820831298828,0.5063813328742981,0.0007892000139690936,0.0003559000324457884
1707,0.5389014482498169,30.230316162109375,0.5057356357574463,0.0008656000136397779,0.0004921000218018889
1708,0.5593006014823914,30.238672256469727,0.5049229264259338,0.0008093999931588769,0.0003238999634049833
1709,0.39954158663749695,30.247337341308594,0.5026741623878479,0.000998100033029914,0.00030260003404691815
1710,0.5235264301300049,30.255931854248047,0.4995899200439453,0.0007899000192992389,0.0003349999897181988
1711,0.431204617023468,30.264495849609375,0.49587178230285645,0.0007610999746248126,0.00030610000248998404
1712,0.4476398825645447,30.273374557495117,0.49540671706199646,0.0007590000168420374,0.00030290003633126616
1713,0.5447264313697815,30.282230377197266,0.5002908110618591,0.0007829000242054462,0.0003100000321865082
1714,0.5344604253768921,30.290966033935547,0.5058674812316895,0.000761799979954958,0.0003066000062972307
1715,0.5780526399612427,30.299579620361328,0.5064814686775208,0.0007718999986536801,0.0003085000207647681
1716,0.48123401403427124,30.308101654052734,0.49860796332359314,0.0007737000123597682,0.00031869998201727867
1717,0.35759904980659485,30.316509246826172,0.4828016459941864,0.0007982999668456614,0.00031539995688945055
1718,0.4364442527294159,30.324922561645508,0.47147035598754883,0.0009536999859847128,0.00030259997583925724
1719,0.49682292342185974,30.333223342895508,0.46817436814308167,0.0008278000168502331,0.0004686000174842775
1720,0.5992967486381531,30.341842651367188,0.462506502866745,0.0009127999655902386,0.0003198999911546707
1721,0.5572330951690674,30.350566864013672,0.4556965231895447,0.000825099996291101,0.0003667999990284443
1722,0.3559858798980713,30.359230041503906,0.44781509041786194,0.0007804999477230012,0.0003121999907307327
1723,0.4335877001285553,30.367998123168945,0.4441637694835663,0.0007615000358782709,0.0003141000051982701
1724,0.30993276834487915,30.37654685974121,0.4478644132614136,0.0007699000416323543,0.0002997000119648874
1725,0.49856123328208923,30.38528060913086,0.4526141583919525,0.0008678000303916633,0.0003208999987691641
1726,0.46284958720207214,30.393978118896484,0.45837515592575073,0.0008413000032305717,0.0003591999993659556
1727,0.46104562282562256,30.40275764465332,0.4628332853317261,0.0007827000226825476,0.0003206999972462654
1728,0.41108328104019165,30.411436080932617,0.4602039158344269,0.0008302999776788056,0.00030720001086592674
1729,0.4577151834964752,30.419960021972656,0.45645028352737427,0.0007578000077046454,0.0002970999921672046
1730,0.42087435722351074,30.428388595581055,0.45505261421203613,0.0007692000363022089,0.00029520003590732813
1731,0.5655576586723328,30.43682098388672,0.4585609436035156,0.0007708000484853983,0.0002992000081576407
1732,0.3620277941226959,30.444854736328125,0.4627948999404907,0.0007537000346928835,0.00029930000891909003
1733,0.35642388463020325,30.452999114990234,0.470087468624115,0.0008155999821610749,0.0003418999840505421
1734,0.4676515758037567,30.46137237548828,0.4828212559223175,0.0008239999879151583,0.0003580999909900129
1735,0.40808695554733276,30.469797134399414,0.49634265899658203,0.0007693999796174467,0.0003189999843016267
1736,0.5293911099433899,30.47868537902832,0.5042189359664917,0.0008032000041566789,0.00030229997355490923
1737,0.4698978662490845,30.487266540527344,0.4953841269016266,0.0007685000309720635,0.00031540001509711146
1738,0.5241895914077759,30.495859146118164,0.48432037234306335,0.0007700000423938036,0.0003008000203408301
1739,0.5348759889602661,30.50453758239746,0.48582524061203003,0.0007454999722540379,0.0002978999982587993
1740,0.3432345688343048,30.513172149658203,0.49495887756347656,0.0007631999906152487,0.00029689999064430594
1741,0.5715376138687134,30.521799087524414,0.512294352054596,0.0007618999807164073,0.0002994999522343278
1742,0.3991052508354187,30.53022575378418,0.5156829953193665,0.0007619999814778566,0.0003024999750778079
1743,0.46940019726753235,30.53903579711914,0.5082303285598755,0.0007688999758102,0.0003423999878577888
1744,0.46541357040405273,30.547502517700195,0.4956904649734497,0.0010642000124789774,0.00029910000739619136
1745,0.5419887900352478,30.555984497070312,0.4784780740737915,0.0009099000017158687,0.0004112999886274338
1746,0.4477243721485138,30.564363479614258,0.46052590012550354,0.0008920999825932086,0.0003738999948836863
1747,0.4088945984840393,30.572792053222656,0.4533649682998657,0.0009958000155165792,0.0003671000013127923
1748,0.38296398520469666,30.580968856811523,0.4528222978115082,0.0008270000107586384,0.0004293000092729926
1749,0.5301920771598816,30.58917236328125,0.4596939980983734,0.000818000000435859,0.0003133999998681247
1750,0.40980029106140137,30.597259521484375,0.46351727843284607,0.0007660999544896185,0.00030499999411404133
1751,0.4025611877441406,30.60541343688965,0.46268147230148315,0.0009600000339560211,0.0003136000013910234
1752,0.5271937847137451,30.613780975341797,0.45383432507514954,0.0012552000116556883,0.0006665000109933317
1753,0.4813424348831177,30.62199592590332,0.448709636926651,0.00088160001905635,0.00040339998668059707
1754,0.49266162514686584,30.63020896911621,0.4486693739891052,0.0008047999581322074,0.0003173999721184373
1755,0.5709573030471802,30.639251708984375,0.4516175091266632,0.0008486000006087124,0.0003176999744027853
1756,0.3986797034740448,30.648372650146484,0.45272746682167053,0.0008569000056013465,0.0003860999713651836
1757,0.41430580615997314,30.65730857849121,0.4566410779953003,0.0007631999906152487,0.0003024999750778079
1758,0.4790603220462799,30.666358947753906,0.4629257321357727,0.0007680999697186053,0.0003043999895453453
1759,0.5264557003974915,30.675352096557617,0.46881455183029175,0.0008405999979004264,0.0003026999766007066
1760,0.46863502264022827,30.68442153930664,0.4778707027435303,0.0008831999730318785,0.0003174000303260982
1761,0.4464045763015747,30.693241119384766,0.48935696482658386,0.0008230000385083258,0.00033469998743385077
1762,0.45600664615631104,30.701622009277344,0.492893785238266,0.0009922999888658524,0.0003964999923482537
1763,0.6574280858039856,30.70978355407715,0.48632946610450745,0.0009069999796338379,0.000451300002168864
1764,0.46349287033081055,30.71750259399414,0.4791853427886963,0.0007578000077046454,0.00032400002237409353
1765,0.5035830736160278,30.725223541259766,0.4734421968460083,0.0007579999510198832,0.00031019997550174594
1766,0.5040338635444641,30.732912063598633,0.47051385045051575,0.0007502000080421567,0.00029969995375722647
1767,0.5178080797195435,30.740331649780273,0.47028180956840515,0.0007629000465385616,0.0002946000313386321
1768,0.32818475365638733,30.74782371520996,0.47527778148651123,0.0008029000018723309,0.00030100002186372876
1769,0.6274878978729248,30.7554874420166,0.4796026349067688,0.000797600019723177,0.0003370000049471855
1770,0.47592830657958984,30.762802124023438,0.47459882497787476,0.0008264000061899424,0.0003040999872609973
1771,0.34983381628990173,30.77039909362793,0.47121661901474,0.0007785999914631248,0.0003227999550290406
1772,0.3951520025730133,30.77806854248047,0.47042447328567505,0.0008093999931588769,0.0003671000013127923
1773,0.4933210015296936,30.785911560058594,0.4709613025188446,0.0008305000374093652,0.00033389998134225607
1774,0.49780821800231934,30.79378890991211,0.4723888635635376,0.000908799993339926,0.0003665999975055456
1775,0.49921879172325134,30.801544189453125,0.4685285985469818,0.0009387999889440835,0.0003704000264406204
1776,0.454945832490921,30.80961799621582,0.46206340193748474,0.0007890999549999833,0.0003150000120513141
1777,0.3777533173561096,30.8176326751709,0.454976886510849,0.0007588000153191388,0.00031460000900551677
1778,0.533987820148468,30.82562255859375,0.4480492174625397,0.0008465999853797257,0.0003022000310011208
1779,0.4691460430622101,30.833698272705078,0.4486827850341797,0.0007940999930724502,0.0003543999628163874
1780,0.3913600444793701,30.841482162475586,0.4553455710411072,0.0008320999913848937,0.00031179998768493533
1781,0.4432334899902344,30.849422454833984,0.46226194500923157,0.0007802000036463141,0.00032380002085119486
1782,0.3958417475223541,30.857236862182617,0.4599570333957672,0.0007608000305481255,0.00030429998878389597
1783,0.46687525510787964,30.865310668945312,0.4554395377635956,0.0007599999662488699,0.000298400002066046
1784,0.4015316963195801,30.87317657470703,0.45556315779685974,0.0007930000429041684,0.0003060000017285347
1785,0.5757917761802673,30.88094711303711,0.4584958553314209,0.0007665000157430768,0.0003291000030003488
1786,0.467946857213974,30.88864517211914,0.4633457660675049,0.0008400999940931797,0.0003053999971598387
1787,0.5295689702033997,30.89661407470703,0.4721011519432068,0.0008446000283583999,0.0003190000425092876
1788,0.36018121242523193,30.90430450439453,0.47648125886917114,0.0007771000382490456,0.0003008000203408301
1789,0.45426738262176514,30.912090301513672,0.4768967926502228,0.0008697000448592007,0.0003494999837130308
1790,0.28379321098327637,30.919790267944336,0.4675409197807312,0.000990399974398315,0.0003434999962337315
1791,0.4496082663536072,30.927888870239258,0.4592967629432678,0.0007901000208221376,0.0003597000031732023
1792,0.3755737543106079,30.935937881469727,0.4550135135650635,0.0008080999832600355,0.00031159998616203666
1793,0.31866762042045593,30.944286346435547,0.45244213938713074,0.0007826000219210982,0.000304599991068244
1794,0.44038257002830505,30.9525203704834,0.45185378193855286,0.0008016999927349389,0.00029990001348778605
1795,0.5664042234420776,30.96050262451172,0.4547516703605652,0.0008386000408791006,0.000311399984639138
1796,0.3316006660461426,30.96815299987793,0.4567723274230957,0.0007975000189617276,0.000347500026691705
1797,0.5806220173835754,30.976011276245117,0.4565725326538086,0.0007683000294491649,0.00030420004623010755
1798,0.39432984590530396,30.983675003051758,0.46089422702789307,0.0007741000154055655,0.00030620000325143337
1799,0.44801607728004456,30.991239547729492,0.466525137424469,0.0007570000016130507,0.00034389999927952886
1800,0.3572603762149811,30.998855590820312,0.4728170335292816,0.0007593999616801739,0.00029850000282749534
1801,0.4727722108364105,31.0064754486084,0.47715696692466736,0.0007800000021234155,0.00031539995688945055
1802,0.43918049335479736,31.01385498046875,0.47939059138298035,0.0008806000114418566,0.0003388000186532736
1803,0.3444465100765228,31.0212459564209,0.4782853126525879,0.0008433000184595585,0.0003103000344708562
1804,0.4056548774242401,31.02867317199707,0.4750787913799286,0.000937800039537251,0.0003372000064700842
1805,0.35409727692604065,31.035863876342773,0.46835803985595703,0.0007845999789424241,0.0003412999794818461
1806,0.373531699180603,31.04302215576172,0.4677651822566986,0.0007633999921381474,0.00031589996069669724
1807,0.36680591106414795,31.050262451171875,0.47054019570350647,0.0007650000043213367,0.00029850000282749534
1808,0.49207761883735657,31.057523727416992,0.47433048486709595,0.0007819000165909529,0.0003093000268563628
1809,0.3382217288017273,31.06487464904785,0.47057655453681946,0.0008097999962046742,0.0003009000211022794
1810,0.28624042868614197,31.072837829589844,0.4654524326324463,0.000798500026576221,0.0003094999701716006
1811,0.5627266764640808,31.080734252929688,0.4613283574581146,0.0011310999980196357,0.0003068000078201294
1812,0.5109947919845581,31.08855438232422,0.4532946050167084,0.0008646000060252845,0.00035799999022856355
1813,0.40597307682037354,31.09624481201172,0.4479689598083496,0.0008032000041566789,0.0003165999660268426
1814,0.6212735772132874,31.104007720947266,0.4485584497451782,0.0007854000432416797,0.00031370000215247273
1815,0.274608314037323,31.111906051635742,0.44658342003822327,0.0008390999864786863,0.0003066000062972307
1816,0.4471263885498047,31.120033264160156,0.4486530125141144,0.000783999974373728,0.00031699996907263994
1817,0.41023606061935425,31.127857208251953,0.44902944564819336,0.0007504000095650554,0.0003068000078201294
1818,0.5105330348014832,31.1357479095459,0.45524153113365173,0.0009355000220239162,0.0003684000112116337
1819,0.45049312710762024,31.1434326171875,0.4609891474246979,0.0008591000223532319,0.00035930000012740493
1820,0.5960302948951721,31.151649475097656,0.46308818459510803,0.0007616000366397202,0.0003044000477530062
1821,0.40117621421813965,31.159725189208984,0.4647698998451233,0.0007703000446781516,0.0003063000040128827
1822,0.4878884255886078,31.168363571166992,0.45970019698143005,0.000781899958383292,0.0003032999811694026
1823,0.5023413300514221,31.177064895629883,0.4532076418399811,0.0007712000515311956,0.0003201999934390187
1824,0.46793028712272644,31.185577392578125,0.4488231837749481,0.0007902000215835869,0.0003018999705091119
1825,0.38718023896217346,31.194473266601562,0.4489646852016449,0.0007747000199742615,0.0003236000193282962
1826,0.4210185110569,31.20326042175293,0.45544394850730896,0.0011543000000528991,0.00033469998743385077
1827,0.3528572618961334,31.211877822875977,0.4672519564628601,0.0008615999831818044,0.0003834000090137124
1828,0.33917856216430664,31.22014045715332,0.47333478927612305,0.00076299998909235,0.0003141000051982701
1829,0.32600587606430054,31.228561401367188,0.47665244340896606,0.0007570000016130507,0.00032140000257641077
1830,0.2460160255432129,31.237079620361328,0.4715788960456848,0.0007738000131212175,0.00030499999411404133
1831,0.47368550300598145,31.2458438873291,0.46684548258781433,0.000755299988668412,0.0003000000142492354
1832,0.33994922041893005,31.25448226928711,0.4635157585144043,0.0009134999709203839,0.000325599976349622
1833,0.3751946687698364,31.262718200683594,0.46210941672325134,0.0008259000023826957,0.0003129999968223274
1834,0.35685285925865173,31.270814895629883,0.4605633318424225,0.0008166999905370176,0.00034879997838288546
1835,0.2499881386756897,31.278993606567383,0.45727646350860596,0.0007591000176034868,0.0003019999712705612
1836,0.33663976192474365,31.28767967224121,0.45777469873428345,0.0008048000163398683,0.0002953999792225659
1837,0.3862713873386383,31.29621124267578,0.46194881200790405,0.0007523999665863812,0.000305499997921288
1838,0.3080427944660187,31.304628372192383,0.4698980748653412,0.0007500999490730464,0.0003016000264324248
1839,0.3888494074344635,31.3131103515625,0.4775938391685486,0.000763599993661046,0.00030610000248998404
1840,0.33919015526771545,31.321733474731445,0.47620972990989685,0.0007462000357918441,0.00029880000511184335
1841,0.3901878893375397,31.33025550842285,0.467883825302124,0.0007581999525427818,0.0003200999926775694
1842,0.3126911222934723,31.338499069213867,0.45850667357444763,0.0008773000445216894,0.0002989000058732927
1843,0.2567076086997986,31.346481323242188,0.453473836183548,0.0007931999862194061,0.0003472999669611454
1844,0.35626134276390076,31.35431480407715,0.4524414837360382,0.0007590999593958259,0.00030620000325143337
1845,0.4164734184741974,31.362010955810547,0.45117026567459106,0.0007698999834246933,0.00030239997431635857
1846,0.3118933141231537,31.369705200195312,0.4505464732646942,0.0007630000473000109,0.00029520003590732813
1847,0.4527028501033783,31.377483367919922,0.4502161741256714,0.0008477999945171177,0.00030319998040795326
1848,0.47419825196266174,31.38526725769043,0.455748975276947,0.0007960000075399876,0.0003397000255063176
1849,0.6991621255874634,31.392812728881836,0.4647454023361206,0.0007551999879069626,0.00030559999868273735
1850,0.33790042996406555,31.400148391723633,0.46659573912620544,0.0007663000142201781,0.0003142000059597194
1851,0.39287668466567993,31.40718650817871,0.46224215626716614,0.0007674999651499093,0.0003040999872609973
1852,0.2515256702899933,31.41425895690918,0.45728352665901184,0.0007860000478103757,0.00029660004656761885
1853,0.4635833203792572,31.421384811401367,0.45479246973991394,0.000775399967096746,0.00029689999064430594
1854,0.342128187417984,31.428945541381836,0.4506583511829376,0.0008446999709121883,0.00029940000968053937
1855,0.5064932703971863,31.436546325683594,0.45153310894966125,0.0008690000395290554,0.00033379998058080673
1856,0.5100578665733337,31.443988800048828,0.45728233456611633,0.0008117000106722116,0.00030770001467317343
1857,0.35688549280166626,31.45134925842285,0.4576534628868103,0.0007499000057578087,0.00031699996907263994
1858,0.5041864514350891,31.458934783935547,0.45732006430625916,0.0008092999923974276,0.0003398999688215554
1859,0.41436779499053955,31.466350555419922,0.4473746716976166,0.0007701999857090414,0.00030019995756447315
1860,0.4389311969280243,31.47389793395996,0.44219574332237244,0.0008099999977275729,0.00035099999513477087
1861,0.3300116956233978,31.48165512084961,0.4352727234363556,0.0007716999971307814,0.0003103999770246446
1862,0.32517194747924805,31.489381790161133,0.43027275800704956,0.0009509999654255807,0.0003651999868452549
1863,0.49791696667671204,31.49714469909668,0.42918965220451355,0.0007847999804653227,0.0003529000096023083
1864,0.4228740632534027,31.50494956970215,0.43101245164871216,0.0008326999959535897,0.0002975999959744513
1865,0.2990242540836334,31.513080596923828,0.43237343430519104,0.0007760999724268913,0.0003505999920889735
1866,0.49608349800109863,31.521663665771484,0.43369653820991516,0.0007470999844372272,0.00029989995528012514
1867,0.3236106038093567,31.530366897583008,0.42968499660491943,0.0008480999968014657,0.0003320000250823796
1868,0.3136187195777893,31.539167404174805,0.4289283752441406,0.0007837999728508294,0.0003084999625571072
1869,0.4189768433570862,31.54781150817871,0.43439745903015137,0.0007895000162534416,0.00030919996788725257
1870,0.3614044189453125,31.556509017944336,0.44504526257514954,0.0008173999958671629,0.00030149996746331453
1871,0.3309324085712433,31.564851760864258,0.4540470838546753,0.0007672000210732222,0.00032650004141032696
1872,0.4465787708759308,31.573095321655273,0.46266356110572815,0.0007530999719165266,0.0002992000081576407
1873,0.43828731775283813,31.58148193359375,0.471542090177536,0.0007949999999254942,0.00029850000282749534
1874,0.530059278011322,31.58979034423828,0.4685809016227722,0.0007913999725133181,0.00032920000376179814
1875,0.3781541883945465,31.597814559936523,0.45935699343681335,0.0008142999722622335,0.0003119000466540456
1876,0.4867330491542816,31.605640411376953,0.4478098154067993,0.0008907000301405787,0.0003258000360801816
1877,0.34873825311660767,31.61329460144043,0.4379861354827881,0.0009825999732129276,0.0003837000112980604
1878,0.3695322871208191,31.620752334594727,0.427742600440979,0.0009044000180438161,0.00035990000469610095
1879,0.5137636065483093,31.628175735473633,0.41592252254486084,0.0007753000245429575,0.0003111000405624509
1880,0.49987709522247314,31.63576316833496,0.4102290868759155,0.0007665000157430768,0.00030070001957938075
1881,0.3341556191444397,31.643264770507812,0.4122721552848816,0.0007594999624416232,0.0003076000139117241
1882,0.4733547568321228,31.651155471801758,0.41826650500297546,0.00074819999281317,0.00030120002338662744
1883,0.42766374349594116,31.658723831176758,0.4209597408771515,0.0007593000191263855,0.0002997000119648874
1884,0.5654582381248474,31.666330337524414,0.4249558448791504,0.0007678000256419182,0.0003187000402249396
1885,0.3835144639015198,31.673707962036133,0.42496395111083984,0.0007619000389240682,0.00030020001577213407
1886,0.2622985541820526,31.68081283569336,0.4225877523422241,0.0007651999476365745,0.0003215000033378601
1887,0.44876790046691895,31.688432693481445,0.41742533445358276,0.0008141000289469957,0.000298099999781698
1888,0.3964751362800598,31.695783615112305,0.41467463970184326,0.0008440000237897038,0.0003625000244937837
1889,0.3989625573158264,31.70289421081543,0.4166460931301117,0.0008644000045023859,0.0003076000139117241
1890,0.3820801377296448,31.709917068481445,0.4125288128852844,0.0007676999666728079,0.0003166000242345035
1891,0.43076643347740173,31.717863082885742,0.40830397605895996,0.0008969999616965652,0.0003234000178053975
1892,0.36179202795028687,31.725833892822266,0.40607625246047974,0.0007819999591447413,0.00032300001475960016
1893,0.4230893850326538,31.73368263244629,0.40988850593566895,0.000763599993661046,0.0003029999788850546
1894,0.3580237627029419,31.74146270751953,0.4191471040248871,0.0008254999993368983,0.00032950000604614615
1895,0.4381179213523865,31.749401092529297,0.4344860017299652,0.0007696000393480062,0.0003130999975837767
1896,0.45155763626098633,31.757490158081055,0.453403502702713,0.0007518999627791345,0.0003030999796465039
1897,0.36080625653266907,31.765676498413086,0.45882153511047363,0.0007971999584697187,0.0003108999808318913
1898,0.47968390583992004,31.77373695373535,0.45372408628463745,0.0007698000408709049,0.0002992000081576407
1899,0.3415250778198242,31.781497955322266,0.44098344445228577,0.0007508000126108527,0.0002958999830298126
1900,0.32695919275283813,31.789209365844727,0.43164095282554626,0.0007659000111743808,0.00030449999030679464
1901,0.39654216170310974,31.79707908630371,0.42733675241470337,0.0007608999731019139,0.0003106999793089926
1902,0.5337193608283997,31.804866790771484,0.4236997961997986,0.0007751000230200589,0.0003034999826923013
1903,0.22966104745864868,31.812593460083008,0.423271507024765,0.000750300008803606,0.00030429998878389597
1904,0.4498789608478546,31.8203125,0.4238612651824951,0.0007714999956078827,0.00030070001957938075
1905,0.3752260208129883,31.827911376953125,0.4210245907306671,0.0007758000283502042,0.0003013999667018652
1906,0.4235021471977234,31.835203170776367,0.4165830910205841,0.000831299985293299,0.00030259997583925724
1907,0.32661089301109314,31.842248916625977,0.4147472381591797,0.0007723000016994774,0.00033190002432093024
1908,0.3997896909713745,31.849315643310547,0.41578930616378784,0.0007528000278398395,0.00029940000968053937
1909,0.42562949657440186,31.85634422302246,0.41473162174224854,0.0007483999943360686,0.00032029999420046806
1910,0.40567803382873535,31.863311767578125,0.4164155423641205,0.0008039999520406127,0.0003141000051982701
1911,0.34953755140304565,31.870128631591797,0.41775593161582947,0.0007730000070296228,0.0003019999712705612
1912,0.36159488558769226,31.876943588256836,0.41632238030433655,0.0007570000016130507,0.0003014000249095261
1913,0.30244073271751404,31.883739471435547,0.4115399718284607,0.0007813000120222569,0.000298099999781698
1914,0.33347439765930176,31.89069938659668,0.407458633184433,0.0007643999997526407,0.0003030999796465039
1915,0.24844904243946075,31.89754867553711,0.40408867597579956,0.000748799997381866,0.0002986000035889447
1916,0.4047758877277374,31.90447425842285,0.403856486082077,0.0007817000150680542,0.0002960000419989228
1917,0.4779660105705261,31.911462783813477,0.4033016562461853,0.0007501000072807074,0.0003038999857380986
1918,0.40759676694869995,31.918155670166016,0.4011039137840271,0.000743200012948364,0.0002995000104419887
1919,0.28692159056663513,31.924928665161133,0.39783427119255066,0.0007601000252179801,0.0003000000142492354
1920,0.3407491445541382,31.931678771972656,0.39414533972740173,0.0007557999924756587,0.0003111999831162393
1921,0.3061542510986328,31.93842887878418,0.3883017897605896,0.0008158999844454229,0.00029790005646646023
1922,0.42442786693573,31.945280075073242,0.3867555856704712,0.0007595000206492841,0.0003046999918296933
1923,0.31100162863731384,31.952014923095703,0.3875283896923065,0.0007556000491604209,0.00031670002499595284
1924,0.482004851102829,31.958711624145508,0.3912799656391144,0.0007579000084660947,0.00029850000282749534
1925,0.6397405862808228,31.965396881103516,0.395219087600708,0.0007557000499218702,0.0003040999872609973
1926,0.31881147623062134,31.971763610839844,0.4026672840118408,0.0008188000065274537,0.0003000000142492354
1927,0.5075722336769104,31.978113174438477,0.41006115078926086,0.0007642999989911914,0.00031999999191612005
1928,0.3235301673412323,31.98419952392578,0.4092879891395569,0.0007554999901913106,0.00029930000891909003
1929,0.4222983419895172,31.990520477294922,0.40544161200523376,0.0007711999933235347,0.00030290003633126616
1930,0.2985887825489044,31.99703598022461,0.39683493971824646,0.0008235999848693609,0.00032649998320266604
1931,0.38963720202445984,32.00355529785156,0.39076244831085205,0.000782499962951988,0.0003212000010535121
1932,0.4060507118701935,32.01011276245117,0.3906223475933075,0.000818000000435859,0.0003122000489383936
1933,0.2652430236339569,32.017112731933594,0.3917224109172821,0.0007578000077046454,0.00030399998649954796
1934,0.49015411734580994,32.02424240112305,0.3960932195186615,0.0008025999995879829,0.00032050005393102765
1935,0.2631610631942749,32.03113555908203,0.3909691572189331,0.0007581000099889934,0.00030449999030679464
1936,0.30413076281547546,32.03804397583008,0.3878123164176941,0.0008085999870672822,0.0003040999872609973
1937,0.3468005359172821,32.04496765136719,0.3869968056678772,0.0008644000045023859,0.00032600003760308027
1938,0.3344283401966095,32.051849365234375,0.37935641407966614,0.0008104000007733703,0.0003310000174678862
1939,0.43036556243896484,32.058921813964844,0.3756815791130066,0.00074970000423491,0.00029799999902024865
1940,0.2844622731208801,32.065895080566406,0.3741306960582733,0.0007653000066056848,0.00029830000130459666
1941,0.21083573997020721,32.072914123535156,0.37807366251945496,0.0008358000195585191,0.00029630004428327084
1942,0.3303147554397583,32.08027648925781,0.38523486256599426,0.0007511000148952007,0.0002972999936901033
1943,0.31216588616371155,32.08767318725586,0.39305630326271057,0.0007738000131212175,0.000311699986923486
1944,0.25870993733406067,32.09486770629883,0.3968672454357147,0.0007477000472135842,0.0003071000101044774
1945,0.48166558146476746,32.1020622253418,0.39267876744270325,0.0007565999985672534,0.0003111999831162393
1946,0.3181183338165283,32.10926055908203,0.37755224108695984,0.0007681999704800546,0.0003279999946244061
1947,0.536363959312439,32.116580963134766,0.3719976246356964,0.0007595999632030725,0.0002998000127263367
1948,0.2614596486091614,32.12378692626953,0.3760015368461609,0.0007613000343553722,0.00030720001086592674
1949,0.38345038890838623,32.13081359863281,0.39016541838645935,0.0007556000491604209,0.000299000006634742
1950,0.4287709593772888,32.13801956176758,0.40318727493286133,0.0007557000499218702,0.00030620000325143337
1951,0.26073676347732544,32.14516830444336,0.41398608684539795,0.0008785999962128699,0.00029990001348778605
1952,0.3254835307598114,32.152252197265625,0.42215946316719055,0.0008397999918088317,0.00035690004006028175
1953,0.3562335968017578,32.15904998779297,0.42092272639274597,0.0007507999544031918,0.00034660001983866096
1954,0.382421612739563,32.16578674316406,0.4133966565132141,0.0007626000442542136,0.0003053999971598387
1955,0.25661352276802063,32.17245864868164,0.4110940992832184,0.000754999986384064,0.00032439996721222997
1956,0.3213106393814087,32.179290771484375,0.4118521809577942,0.0007804000051692128,0.00030150002567097545
1957,0.30667927861213684,32.18624496459961,0.41435182094573975,0.0007623000419698656,0.0003046999918296933
1958,0.5059148073196411,32.19317626953125,0.4176633656024933,0.0008022999973036349,0.0003014000249095261
1959,0.31797754764556885,32.199729919433594,0.4122106730937958,0.000769499980378896,0.0003067999496124685
1960,0.3236611485481262,32.2062873840332,0.4009152054786682,0.0008704000501893461,0.0003247999702580273
1961,0.46979743242263794,32.21269226074219,0.39149224758148193,0.0009088999941013753,0.000416700029745698
1962,0.3991197943687439,32.21877670288086,0.3842083215713501,0.0008325000526383519,0.0003149000112898648
1963,0.321190744638443,32.22476577758789,0.3852640986442566,0.000781599956098944,0.0003106999793089926
1964,0.3202081322669983,32.23062515258789,0.39256933331489563,0.0007459000335074961,0.0003073000116273761
1965,0.4588804841041565,32.2366828918457,0.3973138630390167,0.00077039998723194,0.0003035999834537506
1966,0.2476688027381897,32.24299621582031,0.3914370536804199,0.0008650000090710819,0.0003056999994441867
1967,0.37827444076538086,32.2493896484375,0.38396164774894714,0.0008421999518759549,0.00032679998548701406
1968,0.3400232493877411,32.25606155395508,0.37650519609451294,0.0007802000036463141,0.000305499997921288
1969,0.409681499004364,32.262855529785156,0.3728381097316742,0.0008038999512791634,0.0003022000310011208
1970,0.33785301446914673,32.26983642578125,0.3759925067424774,0.0008489999454468489,0.0003034999826923013
1971,0.4006444215774536,32.27691650390625,0.38444918394088745,0.0008069000323303044,0.00033189996611326933
1972,0.2799251079559326,32.283817291259766,0.3894665241241455,0.0007884000078774989,0.0003247000277042389
1973,0.34627655148506165,32.29056167602539,0.3920733630657196,0.0009696999914012849,0.00036589999217540026
1974,0.3262886106967926,32.297325134277344,0.39005929231643677,0.0010017000022344291,0.00031189998844638467
1975,0.4413394331932068,32.30398941040039,0.38524481654167175,0.0008161999867297709,0.0003472999669611454
1976,0.2604263722896576,32.31129455566406,0.3785344362258911,0.0007942999945953488,0.00036669999826699495
1977,0.418521910905838,32.31834030151367,0.37592366337776184,0.0008436000207439065,0.0003106000367552042
1978,0.3156338632106781,32.32562255859375,0.3746982216835022,0.0008972000214271247,0.00030880002304911613
1979,0.26142677664756775,32.33281707763672,0.37373173236846924,0.0008914999780245125,0.00034909998066723347
1980,0.3531363010406494,32.340057373046875,0.3801732063293457,0.0009679999784566462,0.00048720004269853234
1981,0.4568082392215729,32.34716033935547,0.3850429654121399,0.0008091000490821898,0.00032380002085119486
1982,0.43621936440467834,32.35411834716797,0.391651451587677,0.0009151999838650227,0.00033329997677356005
1983,0.452680766582489,32.36119842529297,0.3974416255950928,0.0008515000226907432,0.0003706000279635191
1984,0.2892192006111145,32.36825180053711,0.3967331349849701,0.0007847999804653227,0.00031209998996928334
1985,0.24841450154781342,32.37528991699219,0.40408170223236084,0.00077479996252805,0.00031679996754974127
1986,0.27110546827316284,32.38225555419922,0.4105120599269867,0.0008277000160887837,0.0003043999895453453
1987,0.2601408064365387,32.389366149902344,0.41176629066467285,0.0008196999551728368,0.000311399984639138
1988,0.282452791929245,32.396541595458984,0.40713414549827576,0.0007609999738633633,0.0003223999519832432
1989,0.6190277934074402,32.40342330932617,0.3971458077430725,0.000803799950517714,0.00030339998193085194
1990,0.277671754360199,32.41019058227539,0.3796338737010956,0.0009035000111907721,0.00031589996069669724
1991,0.3197188675403595,32.41683578491211,0.37484800815582275,0.0008024000562727451,0.0003643999807536602
1992,0.3551465570926666,32.42377853393555,0.3829788863658905,0.000799700035713613,0.0003265999839641154
1993,0.3517484962940216,32.43061447143555,0.39349448680877686,0.0008147000335156918,0.0003242000238969922
1994,0.349525511264801,32.43756866455078,0.40074798464775085,0.0009119000169448555,0.0003407999756745994
1995,0.3785764276981354,32.444644927978516,0.39465227723121643,0.00107709999429062,0.0003874000394716859
1996,0.32589903473854065,32.451568603515625,0.376770555973053,0.0008925000438466668,0.0003899000003002584
1997,0.26354825496673584,32.45915603637695,0.3661106824874878,0.0007878000033088028,0.0003299000090919435
1998,0.3760835528373718,32.46666717529297,0.36158105731010437,0.0008025999995879829,0.0003085000207647681
1999,0.24177922308444977,32.47412872314453,0.35887405276298523,0.0007657000096514821,0.00030519999563694
2000,0.336474746465683,32.48143768310547,0.359127938747406,0.000775999971665442,0.00030280003556981683
2001,0.28617316484451294,32.48874282836914,0.3627532720565796,0.0007692000363022089,0.00031620002118870616
2002,0.29632437229156494,32.49605941772461,0.3661402463912964,0.0007827000226825476,0.0003239000216126442
2003,0.37032461166381836,32.50320053100586,0.36684542894363403,0.0007688999758102,0.000304899993352592
2004,0.34995704889297485,32.510047912597656,0.36501753330230713,0.0007769999792799354,0.0003016000264324248
2005,0.3683626651763916,32.516902923583984,0.36275628209114075,0.0007846999797038734,0.00032320001628249884
2006,0.26342833042144775,32.52362823486328,0.3617963194847107,0.0011406000121496618,0.0003021999727934599
2007,0.479101300239563,32.530357360839844,0.3633419871330261,0.0009344000136479735,0.00036559998989105225
2008,0.26403653621673584,32.537269592285156,0.3572019934654236,0.0009575000149197876,0.0003769000177271664
2009,0.4101182818412781,32.54397201538086,0.354553759098053,0.0008600999717600644,0.00042990001384168863
2010,0.3852825462818146,32.55058670043945,0.3562009632587433,0.0007847999804653227,0.00030860002152621746
2011,0.2643533945083618,32.557132720947266,0.3598195016384125,0.0008151999791152775,0.0003179000341333449
2012,0.361937940120697,32.56357192993164,0.36534252762794495,0.0007952000014483929,0.00031450000824406743
2013,0.2924398183822632,32.57019805908203,0.36829817295074463,0.0007913000299595296,0.0003100000321865082
2014,0.2735339105129242,32.57694625854492,0.3673243224620819,0.0008287000237032771,0.0003111999831162393
2015,0.4562944173812866,32.583553314208984,0.36708348989486694,0.0007989000296220183,0.0003233000170439482
2016,0.2892724573612213,32.590232849121094,0.362821489572525,0.0008045999566093087,0.0002969999914057553
2017,0.38061293959617615,32.59672546386719,0.359708309173584,0.0008791000000201166,0.0003375999513082206
2018,0.300000935792923,32.60336685180664,0.3590974807739258,0.0007865999941714108,0.00032379996264353395
2019,0.42871567606925964,32.610103607177734,0.3633761703968048,0.0009005999891087413,0.00030780001543462276
2020,0.27514123916625977,32.616729736328125,0.3639511466026306,0.0008239000453613698,0.00032649998320266604
2021,0.4143468141555786,32.62379837036133,0.364291787147522,0.0007616000366397202,0.0003288000007160008
2022,0.42745113372802734,32.630863189697266,0.36165741086006165,0.0009376999805681407,0.00030429998878389597
2023,0.3297555446624756,32.63780212402344,0.35676953196525574,0.0010149999870918691,0.00036880001425743103
2024,0.24997065961360931,32.64439392089844,0.3526586890220642,0.0007875000010244548,0.0003459000145085156
2025,0.37464669346809387,32.650997161865234,0.34971562027931213,0.0007780999876558781,0.00030399998649954796
2026,0.3636569082736969,32.657676696777344,0.34977439045906067,0.0007922000368125737,0.0003247000277042389
2027,0.2791692316532135,32.664249420166016,0.35327568650245667,0.0007838999736122787,0.00029830000130459666
2028,0.49136048555374146,32.67082595825195,0.35858914256095886,0.0008691999828442931,0.0003369000041857362
2029,0.35320010781288147,32.6772575378418,0.3677308261394501,0.0008354000165127218,0.00032410002313554287
2030,0.34454110264778137,32.68363952636719,0.3740304112434387,0.0008098999969661236,0.0003006000188179314
2031,0.35134202241897583,32.69021224975586,0.3838341534137726,0.001137099985498935,0.0003019999712705612
2032,0.31878164410591125,32.69712829589844,0.38910457491874695,0.0008419000077992678,0.00035640003625303507
2033,0.4069502353668213,32.70418930053711,0.3907603323459625,0.0007858999888412654,0.00032869999995455146
2034,0.31686896085739136,32.71125030517578,0.382662832736969,0.0008621999877505004,0.0003485999768599868
2035,0.36516737937927246,32.71855926513672,0.37202930450439453,0.0007662000134587288,0.00030880002304911613
2036,0.25268444418907166,32.72585678100586,0.35830631852149963,0.000888700014911592,0.0003378000110387802
2037,0.25156763195991516,32.73313522338867,0.34554776549339294,0.0007944999961182475,0.00031750003108754754
2038,0.45038166642189026,32.740272521972656,0.3401757478713989,0.0007871999987401068,0.0003208999987691641
2039,0.4092145264148712,32.747188568115234,0.3371170461177826,0.0007862999918870628,0.0003331999760121107
2040,0.3143651783466339,32.75400924682617,0.33872491121292114,0.0008256000000983477,0.00030890002381056547
2041,0.38466155529022217,32.760826110839844,0.34525540471076965,0.0007829000242054462,0.0003139000036753714
2042,0.21636903285980225,32.76769256591797,0.3554944694042206,0.0007541000377386808,0.0003242000238969922
2043,0.41218098998069763,32.77456283569336,0.36458805203437805,0.0007557999924756587,0.00029559998074546456
2044,0.31408342719078064,32.78145980834961,0.3683558702468872,0.000750300008803606,0.0003022000310011208
2045,0.3879125118255615,32.788482666015625,0.3697284758090973,0.0007696999819017947,0.00031259999377653003
2046,0.2686103284358978,32.79547119140625,0.3577286899089813,0.000756800000090152,0.00029989995528012514
2047,0.2838762402534485,32.80236053466797,0.34786638617515564,0.0007683000294491649,0.00030200002947822213
2048,0.22494597733020782,32.80916976928711,0.34309521317481995,0.0007535000331699848,0.00029960001120343804
