method,row,y,pred
MG,0,1,1
MG,1,1,1
MG,2,1,1
MG,3,1,1
MG,4,1,1
MG,5,1,1
MG,6,-1,-1
MG,7,1,1
MG,8,1,1
MG,9,1,1
MG,10,1,1
MG,11,1,1
MG,12,1,1
MG,13,1,1
MG,14,1,1
MG,15,1,1
MG,16,1,1
MG,17,1,1
MG,18,1,1
MG,19,1,1
MG,20,1,1
MG,21,1,1
MG,22,1,1
MG,23,1,1
MG,24,1,1
MG,25,1,1
MG,26,1,1
MG,27,1,1
MG,28,1,1
MG,29,1,1
MG,30,1,1
MG,31,1,1
MG,32,1,1
MG,33,1,1
MG,34,1,1
MG,35,1,1
MG,36,1,1
MG,37,1,1
MG,38,1,1
MG,39,1,1
MG,40,1,1
MG,41,1,1
MG,42,1,1
MG,43,1,1
MG,44,1,1
MG,45,1,1
MG,46,1,1
MG,47,1,1
MG,48,1,1
MG,49,1,1
MG,50,1,1
MG,51,1,1
MG,52,1,1
MG,53,1,1
MG,54,1,1
MG,55,1,1
MG,56,1,1
MG,57,1,1
MG,58,1,1
MG,59,1,1
MG,60,-1,-1
MG,61,1,1
MG,62,1,1
MG,63,1,1
MG,64,1,1
MG,65,1,1
MG,66,1,1
MG,67,1,1
MG,68,1,1
MG,69,1,1
MG,70,1,1
MG,71,1,1
MG,72,1,1
MG,73,1,1
MG,74,1,1
MG,75,-1,-1
MG,76,1,1
MG,77,1,1
MG,78,1,1
MG,79,1,1
MG,80,1,1
MG,81,1,1
MG,82,1,1
MG,83,-1,-1
MG,84,1,1
MG,85,1,1
MG,86,1,1
MG,87,1,1
MG,88,-1,-1
MG,89,1,1
MG,90,1,1
MG,91,1,1
MG,92,1,1
MG,93,1,1
MG,94,1,1
MG,95,1,1
MG,96,1,1
MG,97,1,1
MG,98,1,1
MG,99,1,1
MG,100,1,1
MG,101,1,1
MG,102,1,1
MG,103,1,1
MG,104,-1,-1
MG,105,1,1
MG,106,1,1
MG,107,1,1
MG,108,1,1
MG,109,1,1
MG,110,-1,-1
MG,111,1,1
MG,112,1,1
MG,113,1,1
MG,114,1,1
MG,115,1,1
MG,116,1,1
MG,117,1,1
MG,118,1,1
MG,119,1,1
MG,120,1,1
MG,121,1,1
MG,122,-1,-1
MG,123,1,1
MG,124,1,1
MG,125,1,1
MG,126,1,1
MG,127,1,1
MG,128,1,1
MG,129,1,1
MG,130,1,1
MG,131,-1,-1
MG,132,1,1
MG,133,1,1
MG,134,1,1
MG,135,-1,-1
MG,136,1,1
MG,137,1,1
MG,138,1,1
MG,139,1,1
MG,140,1,1
MG,141,1,1
MG,142,1,1
MG,143,1,1
MG,144,1,1
MG,145,1,1
MG,146,1,1
MG,147,-1,-1
MG,148,1,1
MG,149,1,1
MG,150,1,1
MG,151,1,1
MG,152,1,1
MG,153,1,1
MG,154,-1,-1
MG,155,1,1
MG,156,1,1
MG,157,1,1
MG,158,1,1
MG,159,1,1
MG,160,1,1
MG,161,1,1
MG,162,1,1
MG,163,-1,-1
MG,164,1,1
MG,165,1,1
MG,166,1,1
MG,167,1,1
MG,168,1,1
MG,169,1,1
MG,170,1,1
MG,171,1,1
MG,172,1,1
MG,173,1,1
MG,174,1,1
MG,175,1,1
MG,176,1,1
MG,177,1,1
MG,178,1,1
MG,179,1,1
MG,180,1,1
MG,181,1,1
MG,182,1,1
MG,183,1,1
MG,184,1,1
MG,185,1,1
MG,186,1,1
MG,187,1,1
MG,188,1,1
MG,189,1,1
MG,190,1,1
MG,191,1,1
MG,192,1,1
MG,193,1,1
MG,194,1,1
MG,195,1,1
MG,196,1,1
MG,197,1,1
MG,198,1,1
MG,199,1,1
MG,200,1,1
MG,201,-1,-1
MG,202,1,1
MG,203,-1,-1
MG,204,-1,-1
MG,205,1,1
MG,206,1,1
MG,207,1,1
MG,208,1,1
MG,209,1,1
MG,210,1,1
MG,211,1,1
MG,212,1,1
MG,213,1,1
MG,214,1,1
MG,215,1,1
MG,216,-1,-1
MG,217,1,1
MG,218,1,1
MG,219,1,1
MG,220,-1,-1
MG,221,1,1
MG,222,1,1
MG,223,-1,-1
MG,224,1,1
MG,225,1,1
MG,226,1,1
MG,227,1,1
MG,228,-1,-1
MG,229,1,1
MG,230,1,1
MG,231,1,1
MG,232,1,1
MG,233,1,1
MG,234,1,1
MG,235,1,1
MG,236,-1,-1
MG,237,1,1
MG,238,1,1
MG,239,1,1
MG,240,1,1
MG,241,-1,-1
MG,242,1,1
MG,243,1,1
MG,244,1,1
MG,245,1,1
MG,246,-1,-1
MG,247,1,1
MG,248,1,1
MG,249,1,1
MG,250,1,1
MG,251,1,1
MG,252,1,1
MG,253,1,1
MG,254,-1,-1
MG,255,1,1
MG,256,1,1
MG,257,1,1
MG,258,1,1
MG,259,1,1
MG,260,1,1
MG,261,1,1
MG,262,1,1
MG,263,-1,-1
MG,264,1,1
MG,265,1,1
MG,266,1,1
MG,267,-1,-1
MG,268,1,1
MG,269,-1,-1
MG,270,1,1
MG,271,1,1
MG,272,1,1
MG,273,1,1
MG,274,1,1
MG,275,1,1
MG,276,1,1
MG,277,1,1
MG,278,1,1
MG,279,1,1
MG,280,1,1
MG,281,1,1
MG,282,1,1
MG,283,1,1
MG,284,1,1
MG,285,1,1
MG,286,1,1
MG,287,1,1
MG,288,-1,-1
MG,289,1,1
MG,290,1,1
MG,291,1,1
MG,292,1,1
MG,293,1,1
MG,294,1,1
MG,295,1,1
MG,296,1,1
MG,297,-1,-1
MG,298,1,1
MG,299,1,1
MG,300,1,1
MG,301,1,1
MG,302,1,1
MG,303,1,1
MG,304,1,1
MG,305,1,1
MG,306,1,1
MG,307,1,1
MG,308,1,1
MG,309,1,1
MG,310,1,1
MG,311,1,1
MG,312,1,1
MG,313,1,1
MG,314,1,1
MG,315,1,1
MG,316,-1,-1
MG,317,1,1
MG,318,1,1
MG,319,1,1
MG,320,1,1
MG,321,1,1
MG,322,1,1
MG,323,1,1
MG,324,1,1
MG,325,1,1
MG,326,1,1
MG,327,1,1
MG,328,1,1
MG,329,1,1
MG,330,1,1
MG,331,1,1
MG,332,1,1
MG,333,1,1
MG,334,-1,-1
MG,335,1,1
MG,336,1,1
MG,337,1,1
MG,338,1,1
MG,339,1,1
MG,340,1,1
MG,341,1,1
MG,342,1,1
MG,343,1,1
MG,344,1,1
MG,345,-1,-1
MG,346,1,1
MG,347,1,1
MG,348,1,1
MG,349,1,1
MG,350,1,1
MG,351,1,1
MG,352,-1,-1
MG,353,1,1
MG,354,1,1
MG,355,-1,-1
MG,356,1,1
MG,357,1,1
MG,358,1,1
MG,359,1,1
MG,360,1,1
MG,361,1,1
MG,362,1,1
MG,363,1,1
MG,364,1,1
MG,365,-1,-1
MG,366,1,1
MG,367,-1,-1
MG,368,1,1
MG,369,1,1
MG,370,1,1
MG,371,-1,-1
MG,372,-1,-1
MG,373,-1,-1
MG,374,1,1
MG,375,1,1
MG,376,1,1
MG,377,1,1
MG,378,1,1
MG,379,1,1
MG,380,1,1
MG,381,-1,-1
MG,382,-1,-1
MG,383,-1,-1
MG,384,-1,-1
MG,385,1,1
MG,386,1,1
MG,387,1,1
MG,388,1,1
MG,389,1,1
MG,390,-1,-1
MG,391,1,1
MG,392,1,1
MG,393,1,1
MG,394,1,1
MG,395,1,1
MG,396,1,1
MG,397,1,1
MG,398,1,1
MG,399,1,1
MG,400,1,1
MG,401,1,1
MG,402,1,1
MG,403,1,1
MG,404,1,1
MG,405,1,1
MG,406,1,1
MG,407,1,1
MG,408,1,1
MG,409,1,1
MG,410,1,1
MG,411,1,1
MG,412,1,1
MG,413,1,1
MG,414,1,1
MG,415,1,1
MG,416,1,1
MG,417,-1,-1
MG,418,-1,-1
MG,419,-1,-1
MG,420,1,1
MG,421,1,1
MG,422,1,1
MG,423,-1,-1
MG,424,1,1
MG,425,1,1
MG,426,1,1
MG,427,1,1
MG,428,-1,-1
MG,429,1,1
MG,430,1,1
MG,431,1,1
MG,432,1,1
MG,433,-1,-1
MG,434,1,1
MG,435,1,1
MG,436,1,1
MG,437,1,1
MG,438,1,1
MG,439,1,1
MG,440,1,1
MG,441,1,1
MG,442,-1,-1
MG,443,-1,-1
MG,444,-1,-1
MG,445,1,1
MG,446,1,1
MG,447,1,1
MG,448,1,1
MG,449,1,1
MG,450,1,1
MG,451,1,1
MG,452,1,1
MG,453,1,1
MG,454,1,1
MG,455,1,1
MG,456,1,1
MG,457,1,1
MG,458,1,1
MG,459,1,1
MG,460,1,1
MG,461,1,1
MG,462,1,1
MG,463,1,1
MG,464,1,1
MG,465,1,1
MG,466,1,1
MG,467,1,1
MG,468,1,1
MG,469,1,1
MG,470,1,1
MG,471,1,1
MG,472,1,1
MG,473,1,1
MG,474,1,1
MG,475,1,1
MG,476,1,1
MG,477,1,1
MG,478,1,1
MG,479,-1,-1
MG,480,1,1
MG,481,1,1
MG,482,1,1
MG,483,1,1
MG,484,1,1
MG,485,1,1
MG,486,1,1
MG,487,1,1
MG,488,1,1
MG,489,1,1
MG,490,-1,-1
MG,491,1,1
MG,492,1,1
MG,493,1,1
MG,494,1,1
MG,495,-1,-1
MG,496,1,1
MG,497,1,1
MG,498,1,1
MG,499,1,1
MG,500,1,1
MG,501,1,1
MG,502,1,1
MG,503,1,1
MG,504,1,1
MG,505,1,1
MG,506,1,1
MG,507,1,1
MG,508,1,1
MG,509,1,1
MG,510,1,1
MG,511,1,1
MG,512,1,1
MG,513,1,1
MG,514,1,1
MG,515,-1,-1
MG,516,1,1
MG,517,1,1
MG,518,-1,-1
MG,519,1,1
MG,520,-1,-1
MG,521,-1,-1
MG,522,1,1
MG,523,1,1
MG,524,1,1
MG,525,-1,-1
MG,526,-1,-1
MG,527,1,1
MG,528,1,1
MG,529,1,1
MG,530,1,1
MG,531,1,1
MG,532,1,1
MG,533,1,1
MG,534,1,1
MG,535,1,1
MG,536,1,1
MG,537,1,1
MG,538,1,1
MG,539,1,1
MG,540,1,1
MG,541,1,1
MG,542,1,1
MG,543,1,1
MG,544,1,1
MG,545,1,1
MG,546,1,1
MG,547,1,1
MG,548,1,1
MG,549,1,1
MG,550,1,1
MG,551,1,1
MG,552,1,1
MG,553,1,1
MG,554,1,1
MG,555,1,1
MG,556,1,1
MG,557,1,1
MG,558,1,1
MG,559,1,1
MG,560,1,1
MG,561,1,1
MG,562,1,1
MG,563,1,1
MG,564,1,1
MG,565,1,1
MG,566,1,1
MG,567,1,1
MG,568,1,1
MG,569,1,1
MG,570,1,1
MG,571,1,1
MG,572,1,1
MG,573,1,1
MG,574,1,1
MG,575,1,1
MG,576,1,1
MG,577,1,1
MG,578,1,1
MG,579,1,1
MG,580,1,1
MG,581,1,1
MG,582,-1,-1
MG,583,1,1
MG,584,1,1
MG,585,1,1
MG,586,1,1
MG,587,1,1
MG,588,1,1
MG,589,1,1
MG,590,1,1
MG,591,1,1
MG,592,1,1
MG,593,1,1
MG,594,1,1
MG,595,1,1
MG,596,1,1
MG,597,1,1
MG,598,1,1
MG,599,1,1
MG,600,1,1
MG,601,1,1
MG,602,1,1
MG,603,1,1
MG,604,1,1
MG,605,1,1
MG,606,1,1
MG,607,-1,-1
MG,608,1,1
MG,609,1,1
MG,610,1,1
MG,611,1,1
MG,612,1,1
MG,613,1,1
MG,614,-1,-1
MG,615,1,1
MG,616,1,1
MG,617,1,1
MG,618,1,1
MG,619,1,1
MG,620,1,1
MG,621,-1,-1
MG,622,1,1
MG,623,1,1
MG,624,1,1
MG,625,-1,-1
MG,626,1,1
MG,627,1,1
MG,628,1,1
MG,629,1,1
MG,630,1,1
MG,631,1,1
MG,632,-1,-1
MG,633,1,1
MG,634,1,1
MG,635,1,1
MG,636,1,1
MG,637,1,1
MG,638,1,1
MG,639,1,1
MG,640,-1,-1
MG,641,1,1
MG,642,1,1
MG,643,1,1
MG,644,1,1
MG,645,1,1
MG,646,1,1
MG,647,1,1
MG,648,-1,-1
MG,649,1,1
MG,650,1,1
MG,651,1,1
MG,652,1,1
MG,653,1,1
MG,654,1,1
MG,655,-1,-1
MG,656,1,1
MG,657,1,1
MG,658,1,1
MG,659,1,1
MG,660,1,1
MG,661,1,1
MG,662,1,1
MG,663,1,1
MG,664,1,1
MG,665,1,1
MG,666,1,1
MG,667,1,1
MG,668,1,1
MG,669,1,1
MG,670,1,1
MG,671,1,1
MG,672,-1,-1
MG,673,-1,-1
MG,674,1,1
MG,675,1,1
MG,676,1,1
MG,677,1,1
MG,678,1,1
MG,679,1,1
MG,680,1,1
MG,681,1,1
MG,682,1,1
MG,683,1,1
MG,684,1,1
MG,685,1,1
MG,686,1,1
MG,687,1,1
MG,688,1,1
MG,689,1,1
MG,690,-1,-1
MG,691,1,1
MG,692,1,1
MG,693,1,1
MG,694,1,1
MG,695,1,1
MG,696,1,1
MG,697,1,1
MG,698,1,1
MG,699,1,1
MG,700,1,1
MG,701,1,1
MG,702,1,1
MG,703,-1,-1
MG,704,1,1
MG,705,1,1
MG,706,1,1
MG,707,1,1
MG,708,1,1
MG,709,1,1
MG,710,1,1
MG,711,1,1
MG,712,1,1
MG,713,1,1
MG,714,1,1
MG,715,1,1
MG,716,1,1
MG,717,-1,-1
MG,718,1,1
MG,719,1,1
MG,720,1,1
MG,721,1,1
MG,722,1,1
MG,723,1,1
MG,724,1,1
MG,725,1,1
MG,726,1,1
MG,727,1,1
MG,728,1,1
MG,729,1,1
MG,730,1,1
MG,731,1,1
MG,732,1,1
MG,733,1,1
MG,734,1,1
MG,735,-1,-1
MG,736,1,1
MG,737,1,1
MG,738,1,1
MG,739,1,1
MG,740,1,1
MG,741,1,1
MG,742,1,1
MG,743,1,1
MG,744,1,1
MG,745,1,1
MG,746,1,1
MG,747,1,1
MG,748,1,1
MG,749,-1,-1
MG,750,1,1
MG,751,1,1
MG,752,1,1
MG,753,1,1
MG,754,1,1
MG,755,1,1
MG,756,1,1
MG,757,1,1
MG,758,1,1
MG,759,1,1
MG,760,1,1
MG,761,1,1
MG,762,-1,-1
MG,763,1,1
MG,764,1,1
MG,765,1,1
MG,766,1,1
MG,767,1,1
MG,768,1,1
MG,769,1,1
MG,770,1,1
MG,771,1,1
MG,772,1,1
MG,773,1,1
MG,774,1,1
MG,775,1,1
MG,776,1,1
MG,777,-1,-1
MG,778,1,1
MG,779,1,1
MG,780,1,1
MG,781,-1,-1
MG,782,1,1
MG,783,1,1
MG,784,1,1
MG,785,1,1
MG,786,1,1
MG,787,1,1
MG,788,1,1
MG,789,1,1
MG,790,1,1
MG,791,1,1
MG,792,-1,-1
MG,793,1,1
MG,794,1,1
MG,795,1,1
MG,796,1,1
MG,797,1,1
MG,798,1,1
MG,799,1,1
MG,800,1,1
MG,801,1,1
MG,802,1,1
MG,803,-1,-1
MG,804,1,1
MG,805,1,1
MG,806,1,1
MG,807,1,1
MG,808,1,1
MG,809,1,1
MG,810,1,1
MG,811,1,1
MG,812,1,1
MG,813,-1,-1
MG,814,-1,-1
MG,815,1,1
MG,816,1,1
MG,817,-1,-1
MG,818,1,1
MG,819,1,1
MG,820,1,1
MG,821,1,1
MG,822,1,1
MG,823,1,1
MG,824,1,1
MG,825,1,1
MG,826,1,1
MG,827,1,1
MG,828,1,1
MG,829,1,1
MG,830,1,1
MG,831,1,1
MG,832,1,1
MG,833,1,1
MG,834,1,1
MG,835,1,1
MG,836,1,1
MG,837,1,1
MG,838,1,1
MG,839,1,1
MG,840,1,1
MG,841,1,1
MG,842,1,1
MG,843,1,1
MG,844,1,1
MG,845,1,1
MG,846,1,1
MG,847,1,1
MG,848,1,1
MG,849,1,1
MG,850,1,1
MG,851,1,1
MG,852,1,1
MG,853,1,1
MG,854,1,1
MG,855,1,1
MG,856,1,1
MG,857,1,1
MG,858,-1,-1
MG,859,-1,-1
MG,860,1,1
MG,861,-1,-1
MG,862,1,1
MG,863,1,1
MG,864,1,1
MG,865,1,1
MG,866,1,1
MG,867,1,1
MG,868,-1,-1
MG,869,1,1
MG,870,1,1
MG,871,1,1
MG,872,1,1
MG,873,1,1
MG,874,1,1
MG,875,1,1
MG,876,-1,-1
MG,877,1,1
MG,878,1,1
MG,879,-1,-1
MG,880,1,1
MG,881,1,1
MG,882,1,1
MG,883,1,1
MG,884,1,1
MG,885,1,1
MG,886,1,1
MG,887,1,1
MG,888,1,1
MG,889,1,1
MG,890,1,1
MG,891,1,1
MG,892,1,1
MG,893,1,1
MG,894,1,1
MG,895,1,1
MG,896,1,1
MG,897,1,1
MG,898,-1,-1
MG,899,1,1
MG,900,1,1
MG,901,1,1
MG,902,1,1
MG,903,1,1
MG,904,1,1
MG,905,1,1
MG,906,1,1
MG,907,1,1
MG,908,1,1
MG,909,1,1
MG,910,1,1
MG,911,1,1
MG,912,1,1
MG,913,1,1
MG,914,1,1
MG,915,1,1
MG,916,1,1
MG,917,1,1
MG,918,-1,-1
MG,919,-1,-1
MG,920,1,1
MG,921,1,1
MG,922,1,1
MG,923,1,1
MG,924,-1,-1
MG,925,-1,-1
MG,926,1,1
MG,927,1,1
MG,928,1,1
MG,929,1,1
MG,930,1,1
MG,931,1,1
MG,932,1,1
MG,933,-1,-1
MG,934,1,1
MG,935,-1,-1
MG,936,1,1
MG,937,1,1
MG,938,1,1
MG,939,1,1
MG,940,1,1
MG,941,1,1
MG,942,1,1
MG,943,1,1
MG,944,1,1
MG,945,1,1
MG,946,1,1
MG,947,1,1
MG,948,1,1
MG,949,1,1
MG,950,1,1
MG,951,1,1
MG,952,1,1
MG,953,1,1
MG,954,-1,-1
MG,955,1,1
MG,956,-1,-1
MG,957,1,1
MG,958,1,1
MG,959,1,1
MG,960,1,1
MG,961,1,1
MG,962,1,1
MG,963,1,1
MG,964,1,1
MG,965,1,1
MG,966,1,1
MG,967,1,1
MG,968,1,1
MG,969,1,1
MG,970,1,1
MG,971,1,1
MG,972,1,1
MG,973,1,1
MG,974,1,1
MG,975,1,1
MG,976,1,1
MG,977,1,1
MG,978,1,1
MG,979,1,1
MG,980,1,1
MG,981,1,1
MG,982,1,1
MG,983,1,1
MG,984,1,1
MG,985,1,1
MG,986,1,1
MG,987,1,1
MG,988,-1,-1
MG,989,1,1
MG,990,1,1
MG,991,1,1
MG,992,1,1
MG,993,1,1
MG,994,-1,-1
MG,995,1,1
MG,996,1,1
MG,997,1,1
MG,998,1,1
MG,999,1,1
MG,1000,1,1
MG,1001,1,1
MG,1002,1,1
MG,1003,1,1
MG,1004,1,1
MG,1005,-1,-1
MG,1006,1,1
MG,1007,1,1
MG,1008,1,1
MG,1009,1,1
MG,1010,1,1
MG,1011,1,1
MG,1012,-1,-1
MG,1013,1,1
MG,1014,1,1
MG,1015,1,1
MG,1016,1,1
MG,1017,1,1
MG,1018,1,1
MG,1019,-1,-1
MG,1020,1,1
MG,1021,-1,-1
MG,1022,1,1
MG,1023,1,1
MG,1024,1,1
MG,1025,1,1
MG,1026,1,1
MG,1027,1,1
MG,1028,1,1
MG,1029,1,1
MG,1030,1,1
MG,1031,1,1
MG,1032,1,1
MG,1033,1,1
MG,1034,1,1
MG,1035,1,1
MG,1036,1,1
MG,1037,1,1
MG,1038,1,1
MG,1039,1,1
MG,1040,1,1
MG,1041,1,1
MG,1042,-1,-1
MG,1043,1,1
MG,1044,1,1
MG,1045,1,1
MG,1046,1,1
MG,1047,1,1
MG,1048,-1,-1
MG,1049,1,1
MG,1050,1,1
MG,1051,1,1
MG,1052,-1,-1
MG,1053,1,1
MG,1054,1,1
MG,1055,1,1
MG,1056,-1,-1
MG,1057,1,1
MG,1058,1,1
MG,1059,1,1
MG,1060,1,1
MG,1061,1,1
MG,1062,1,1
MG,1063,1,1
MG,1064,1,1
MG,1065,1,1
MG,1066,1,1
MG,1067,-1,-1
MG,1068,1,1
MG,1069,1,1
MG,1070,1,1
MG,1071,1,1
MG,1072,1,1
MG,1073,1,1
MG,1074,1,1
MG,1075,1,1
MG,1076,1,1
MG,1077,1,1
MG,1078,1,1
MG,1079,1,1
MG,1080,1,1
MG,1081,1,1
MG,1082,1,1
MG,1083,1,1
MG,1084,1,1
MG,1085,1,1
MG,1086,1,1
MG,1087,1,1
MG,1088,1,1
MG,1089,1,1
MG,1090,1,1
MG,1091,1,1
MG,1092,1,1
MG,1093,1,1
MG,1094,1,1
MG,1095,1,1
MG,1096,1,1
MG,1097,1,1
MG,1098,1,1
MG,1099,-1,-1
MG,1100,1,1
MG,1101,1,1
MG,1102,1,1
MG,1103,1,1
MG,1104,1,1
MG,1105,1,1
MG,1106,1,1
MG,1107,1,1
MG,1108,1,1
MG,1109,-1,-1
MG,1110,1,1
MG,1111,1,1
MG,1112,1,1
MG,1113,1,1
MG,1114,1,1
MG,1115,1,1
MG,1116,1,1
MG,1117,1,1
MG,1118,1,1
MG,1119,1,1
MG,1120,1,1
MG,1121,1,1
MG,1122,1,1
MG,1123,1,1
MG,1124,1,1
MG,1125,1,1
MG,1126,1,1
MG,1127,1,1
MG,1128,1,1
MG,1129,1,1
MG,1130,1,1
MG,1131,1,1
MG,1132,1,1
MG,1133,1,1
MG,1134,-1,-1
MG,1135,-1,-1
MG,1136,1,1
MG,1137,1,1
MG,1138,1,1
MG,1139,1,1
MG,1140,1,1
MG,1141,1,1
MG,1142,1,1
MG,1143,1,1
MG,1144,1,1
MG,1145,-1,-1
MG,1146,1,1
MG,1147,1,1
MG,1148,1,1
MG,1149,-1,-1
MG,1150,1,1
MG,1151,1,1
MG,1152,1,1
MG,1153,1,1
MG,1154,1,1
MG,1155,1,1
MG,1156,-1,-1
MG,1157,1,1
MG,1158,1,1
MG,1159,1,1
MG,1160,1,1
MG,1161,1,1
MG,1162,1,1
MG,1163,1,1
MG,1164,1,1
MG,1165,-1,-1
MG,1166,1,1
MG,1167,1,1
MG,1168,-1,-1
MG,1169,1,1
MG,1170,1,1
MG,1171,1,1
MG,1172,1,1
MG,1173,-1,-1
MG,1174,1,1
MG,1175,1,1
MG,1176,1,1
MG,1177,1,1
MG,1178,1,1
MG,1179,1,1
MG,1180,-1,-1
MG,1181,1,1
MG,1182,1,1
MG,1183,1,1
MG,1184,1,1
MG,1185,1,1
MG,1186,1,1
MG,1187,1,1
MG,1188,1,1
MG,1189,1,1
MG,1190,1,1
MG,1191,1,1
MG,1192,1,1
MG,1193,1,1
MG,1194,1,1
MG,1195,-1,-1
MG,1196,1,1
MG,1197,1,1
MG,1198,1,1
MG,1199,1,1
MG,1200,-1,-1
MG,1201,1,1
MG,1202,1,1
MG,1203,1,1
MG,1204,1,1
MG,1205,1,1
MG,1206,1,1
MG,1207,1,1
MG,1208,1,1
MG,1209,1,1
MG,1210,1,1
MG,1211,1,1
MG,1212,1,1
MG,1213,-1,-1
MG,1214,1,1
MG,1215,1,1
MG,1216,1,1
MG,1217,1,1
MG,1218,1,1
MG,1219,1,1
MG,1220,1,1
MG,1221,1,1
MG,1222,1,1
MG,1223,-1,-1
MG,1224,-1,-1
MG,1225,1,1
MG,1226,-1,-1
MG,1227,1,1
MG,1228,1,1
MG,1229,1,1
MG,1230,1,1
MG,1231,1,1
MG,1232,1,1
MG,1233,1,1
MG,1234,1,1
MG,1235,1,1
MG,1236,1,1
MG,1237,1,1
MG,1238,1,1
MG,1239,1,1
MG,1240,1,1
MG,1241,1,1
MG,1242,1,1
MG,1243,1,1
MG,1244,1,1
MG,1245,-1,-1
MG,1246,1,1
MG,1247,1,1
MG,1248,1,1
MG,1249,1,1
MG,1250,1,1
MG,1251,1,1
MG,1252,1,1
MG,1253,1,1
MG,1254,1,1
MG,1255,1,1
MG,1256,1,1
MG,1257,-1,-1
MG,1258,1,1
MG,1259,-1,-1
MG,1260,1,1
MG,1261,1,1
MG,1262,1,1
MG,1263,1,1
MG,1264,1,1
MG,1265,1,1
MG,1266,1,1
MG,1267,1,1
MG,1268,1,1
MG,1269,1,1
MG,1270,1,1
MG,1271,1,1
MG,1272,1,1
MG,1273,1,1
MG,1274,-1,-1
MG,1275,1,1
MG,1276,1,1
MG,1277,1,1
MG,1278,1,1
MG,1279,1,1
MG,1280,1,1
MG,1281,1,1
MG,1282,1,1
MG,1283,1,1
MG,1284,1,1
MG,1285,1,1
MG,1286,1,1
MG,1287,1,1
MG,1288,1,1
MG,1289,1,1
MG,1290,1,1
MG,1291,1,1
MG,1292,1,1
MG,1293,1,1
MG,1294,1,1
MG,1295,1,1
MG,1296,1,1
MG,1297,1,1
MG,1298,1,1
MG,1299,1,1
MG,1300,1,1
MG,1301,1,1
MG,1302,1,1
MG,1303,1,1
MG,1304,1,1
MG,1305,1,1
MG,1306,1,1
MG,1307,1,1
MG,1308,1,1
MG,1309,1,1
MG,1310,-1,-1
MG,1311,1,1
MG,1312,1,1
MG,1313,1,1
MG,1314,1,1
MG,1315,1,1
MG,1316,1,1
MG,1317,1,1
MG,1318,1,1
MG,1319,1,1
MG,1320,1,1
MG,1321,1,1
MG,1322,1,1
MG,1323,1,1
MG,1324,1,1
MG,1325,1,1
MG,1326,1,1
MG,1327,1,1
MG,1328,1,1
MG,1329,1,1
MG,1330,1,1
MG,1331,-1,-1
MG,1332,-1,-1
MG,1333,1,1
MG,1334,1,1
MG,1335,1,1
MG,1336,1,1
MG,1337,1,1
MG,1338,1,1
MG,1339,1,1
MG,1340,1,1
MG,1341,1,1
MG,1342,1,1
MG,1343,1,1
MG,1344,1,1
MG,1345,1,1
MG,1346,1,1
MG,1347,1,1
MG,1348,1,1
MG,1349,-1,-1
MG,1350,1,1
MG,1351,1,1
MG,1352,1,1
MG,1353,1,1
MG,1354,1,1
MG,1355,1,1
MG,1356,1,1
MG,1357,-1,-1
MG,1358,1,1
MG,1359,1,1
MG,1360,1,1
MG,1361,1,1
MG,1362,1,1
MG,1363,1,1
MG,1364,1,1
MG,1365,-1,-1
MG,1366,-1,-1
MG,1367,1,1
MG,1368,1,1
MG,1369,1,1
MG,1370,-1,-1
MG,1371,1,1
MG,1372,1,1
MG,1373,1,1
MG,1374,1,1
MG,1375,1,1
MG,1376,1,1
MG,1377,1,1
MG,1378,1,1
MG,1379,1,1
MG,1380,1,1
MG,1381,1,1
MG,1382,1,1
MG,1383,1,1
MG,1384,1,1
MG,1385,1,1
MG,1386,1,1
MG,1387,1,1
MG,1388,1,1
MG,1389,1,1
MG,1390,1,1
MG,1391,1,1
MG,1392,1,1
MG,1393,-1,-1
MG,1394,1,1
MG,1395,-1,-1
MG,1396,1,1
MG,1397,1,1
MG,1398,1,1
MG,1399,1,1
MG,1400,-1,-1
MG,1401,1,1
MG,1402,1,1
MG,1403,1,1
MG,1404,1,1
MG,1405,1,1
MG,1406,1,1
MG,1407,1,1
MG,1408,1,1
MG,1409,-1,-1
MG,1410,1,1
MG,1411,-1,-1
MG,1412,1,1
MG,1413,1,1
MG,1414,1,1
MG,1415,1,1
MG,1416,1,1
MG,1417,1,1
MG,1418,1,1
MG,1419,1,1
MG,1420,1,1
MG,1421,1,1
MG,1422,1,1
MG,1423,1,1
MG,1424,1,1
MG,1425,1,1
MG,1426,1,1
MG,1427,1,1
MG,1428,1,1
MG,1429,1,1
MG,1430,1,1
MG,1431,1,1
MG,1432,1,1
MG,1433,1,1
MG,1434,1,1
MG,1435,1,1
MG,1436,1,1
MG,1437,-1,-1
MG,1438,1,1
MG,1439,1,1
MG,1440,1,1
MG,1441,1,1
MG,1442,1,1
MG,1443,1,1
MG,1444,1,1
MG,1445,1,1
MG,1446,1,1
MG,1447,1,1
MG,1448,1,1
MG,1449,1,1
MG,1450,1,1
MG,1451,1,1
MG,1452,1,1
MG,1453,1,1
MG,1454,1,1
MG,1455,1,1
MG,1456,1,1
MG,1457,1,1
MG,1458,1,1
MG,1459,1,1
MG,1460,1,1
MG,1461,1,1
MG,1462,1,1
MG,1463,1,1
MG,1464,1,1
MG,1465,1,1
MG,1466,1,1
MG,1467,1,1
MG,1468,1,1
MG,1469,1,1
MG,1470,1,1
MG,1471,1,1
MG,1472,1,1
MG,1473,1,1
MG,1474,1,1
MG,1475,1,1
MG,1476,1,1
MG,1477,1,1
MG,1478,1,1
MG,1479,1,1
MG,1480,1,1
MG,1481,1,1
MG,1482,1,1
MG,1483,1,1
MG,1484,-1,-1
MG,1485,1,1
MG,1486,1,1
MG,1487,1,1
MG,1488,-1,-1
MG,1489,1,1
MG,1490,1,1
MG,1491,-1,-1
MG,1492,1,1
MG,1493,1,1
MG,1494,1,1
MG,1495,1,1
MG,1496,1,1
MG,1497,1,1
MG,1498,1,1
MG,1499,1,1
MG,1500,1,1
MG,1501,1,1
MG,1502,1,1
MG,1503,-1,-1
MG,1504,1,1
MG,1505,1,1
MG,1506,1,1
MG,1507,1,1
MG,1508,-1,-1
MG,1509,1,1
MG,1510,1,1
MG,1511,1,1
MG,1512,1,1
MG,1513,1,1
MG,1514,-1,-1
MG,1515,1,1
MG,1516,1,1
MG,1517,1,1
MG,1518,1,1
MG,1519,1,1
MG,1520,1,1
MG,1521,1,1
MG,1522,1,1
MG,1523,-1,-1
MG,1524,1,1
MG,1525,1,1
MG,1526,1,1
MG,1527,1,1
MG,1528,1,1
MG,1529,1,1
MG,1530,1,1
MG,1531,1,1
MG,1532,1,1
MG,1533,1,1
MG,1534,1,1
MG,1535,1,1
MG,1536,1,1
MG,1537,1,1
MG,1538,1,1
MG,1539,1,1
MG,1540,1,1
MG,1541,1,1
MG,1542,1,1
MG,1543,-1,-1
MG,1544,-1,-1
MG,1545,1,1
MG,1546,1,1
MG,1547,1,1
MG,1548,1,1
MG,1549,1,1
MG,1550,1,1
MG,1551,-1,-1
MG,1552,1,1
MG,1553,1,1
MG,1554,1,1
MG,1555,1,1
MG,1556,1,1
MG,1557,1,1
MG,1558,1,1
MG,1559,1,1
MG,1560,1,1
MG,1561,-1,-1
MG,1562,1,1
MG,1563,1,1
MG,1564,1,1
MG,1565,-1,-1
MG,1566,1,1
MG,1567,1,1
MG,1568,1,1
MG,1569,1,1
MG,1570,1,1
MG,1571,1,1
MG,1572,-1,-1
MG,1573,1,1
MG,1574,1,1
MG,1575,1,1
MG,1576,1,1
MG,1577,1,1
MG,1578,1,1
MG,1579,1,1
MG,1580,1,1
MG,1581,-1,-1
MG,1582,-1,-1
MG,1583,1,1
MG,1584,1,1
MG,1585,1,1
MG,1586,1,1
MG,1587,1,1
MG,1588,1,1
MG,1589,1,1
MG,1590,1,1
MG,1591,1,1
MG,1592,-1,-1
MG,1593,1,1
MG,1594,1,1
MG,1595,1,1
MG,1596,-1,-1
MG,1597,1,1
MG,1598,1,1
MG,1599,1,1
MG,1600,1,1
MG,1601,1,1
MG,1602,1,1
MG,1603,-1,-1
MG,1604,1,1
MG,1605,1,1
MG,1606,1,1
MG,1607,1,1
MG,1608,1,1
MG,1609,1,1
MG,1610,1,1
MG,1611,1,1
MG,1612,1,1
MG,1613,1,1
MG,1614,1,1
MG,1615,1,1
MG,1616,1,1
MG,1617,-1,-1
MG,1618,1,1
MG,1619,-1,-1
MG,1620,1,1
MG,1621,1,1
MG,1622,1,1
MG,1623,-1,-1
MG,1624,1,1
MG,1625,-1,-1
MG,1626,1,1
MG,1627,1,1
MG,1628,1,1
MG,1629,1,1
MG,1630,1,1
MG,1631,1,1
MG,1632,1,1
MG,1633,1,1
MG,1634,1,1
MG,1635,1,1
MG,1636,1,1
MG,1637,1,1
MG,1638,1,1
MG,1639,1,1
MG,1640,1,1
MG,1641,1,1
MG,1642,1,1
MG,1643,1,1
MG,1644,-1,-1
MG,1645,1,1
MG,1646,1,1
MG,1647,1,1
MG,1648,1,1
MG,1649,1,1
MG,1650,1,1
MG,1651,1,1
MG,1652,1,1
MG,1653,-1,-1
MG,1654,1,1
MG,1655,-1,-1
MG,1656,1,1
MG,1657,-1,-1
MG,1658,-1,-1
MG,1659,1,1
MG,1660,1,1
MG,1661,1,1
MG,1662,1,1
MG,1663,-1,-1
MG,1664,1,1
MG,1665,1,1
MG,1666,1,1
MG,1667,1,1
MG,1668,1,1
MG,1669,1,1
MG,1670,1,1
MG,1671,1,1
MG,1672,1,1
MG,1673,1,1
MG,1674,1,1
MG,1675,1,1
MG,1676,1,1
MG,1677,1,1
MG,1678,1,1
MG,1679,1,1
MG,1680,1,1
MG,1681,1,1
MG,1682,1,1
MG,1683,1,1
MG,1684,1,1
MG,1685,1,1
MG,1686,1,1
MG,1687,1,1
MG,1688,-1,-1
MG,1689,1,1
MG,1690,-1,-1
MG,1691,1,1
MG,1692,1,1
MG,1693,1,1
MG,1694,1,1
MG,1695,1,1
MG,1696,1,1
MG,1697,1,1
MG,1698,1,1
MG,1699,1,1
MG,1700,1,1
MG,1701,1,1
MG,1702,1,1
MG,1703,1,1
MG,1704,1,1
MG,1705,1,1
MG,1706,1,1
MG,1707,1,1
MG,1708,1,1
MG,1709,1,1
MG,1710,1,1
MG,1711,1,1
MG,1712,1,1
MG,1713,1,1
MG,1714,1,1
MG,1715,1,1
MG,1716,1,1
MG,1717,1,1
MG,1718,1,1
MG,1719,1,1
MG,1720,1,1
MG,1721,1,1
MG,1722,1,1
MG,1723,1,1
MG,1724,1,1
MG,1725,1,1
MG,1726,1,1
MG,1727,1,1
MG,1728,1,1
MG,1729,1,1
MG,1730,1,1
MG,1731,1,1
MG,1732,1,1
MG,1733,-1,-1
MG,1734,1,1
MG,1735,1,1
MG,1736,1,1
MG,1737,1,1
MG,1738,1,1
MG,1739,1,1
MG,1740,1,1
MG,1741,1,1
MG,1742,1,1
MG,1743,1,1
MG,1744,-1,-1
MG,1745,1,1
MG,1746,1,1
MG,1747,1,1
MG,1748,1,1
MG,1749,1,1
MG,1750,1,1
MG,1751,-1,-1
MG,1752,1,1
MG,1753,-1,-1
MG,1754,1,1
MG,1755,1,1
MG,1756,1,1
MG,1757,1,1
MG,1758,1,1
MG,1759,1,1
MG,1760,1,1
MG,1761,1,1
MG,1762,1,1
MG,1763,1,1
MG,1764,1,1
MG,1765,1,1
MG,1766,1,1
MG,1767,1,1
MG,1768,1,1
MG,1769,1,1
MG,1770,1,1
MG,1771,1,1
MG,1772,1,1
MG,1773,1,1
MG,1774,1,1
MG,1775,1,1
MG,1776,1,1
MG,1777,1,1
MG,1778,-1,-1
MG,1779,1,1
MG,1780,1,1
MG,1781,1,1
MG,1782,1,1
MG,1783,1,1
MG,1784,1,1
MG,1785,1,1
MG,1786,1,1
MG,1787,1,1
MG,1788,1,1
MG,1789,-1,-1
MG,1790,1,1
MG,1791,1,1
MG,1792,1,1
MG,1793,1,1
MG,1794,1,1
MG,1795,1,1
MG,1796,-1,-1
MG,1797,1,1
MG,1798,1,1
MG,1799,1,1
MG,1800,-1,-1
MG,1801,1,1
MG,1802,1,1
MG,1803,1,1
MG,1804,1,1
MG,1805,1,1
MG,1806,1,1
MG,1807,1,1
MG,1808,1,1
MG,1809,1,1
MG,1810,1,1
MG,1811,1,1
MG,1812,1,1
MG,1813,1,1
MG,1814,1,1
MG,1815,1,1
MG,1816,1,1
MG,1817,1,1
MG,1818,1,1
MG,1819,1,1
MG,1820,-1,-1
MG,1821,1,1
MG,1822,1,1
MG,1823,1,1
MG,1824,1,1
MG,1825,1,1
MG,1826,1,1
MG,1827,1,1
MG,1828,1,1
MG,1829,1,1
MG,1830,1,1
MG,1831,1,1
MG,1832,1,1
MG,1833,1,1
MG,1834,1,1
MG,1835,1,1
MG,1836,1,1
MG,1837,1,1
MG,1838,1,1
MG,1839,1,1
MG,1840,1,1
MG,1841,1,1
MG,1842,1,1
MG,1843,1,1
MG,1844,1,1
MG,1845,1,1
MG,1846,1,1
MG,1847,1,1
MG,1848,1,1
MG,1849,1,1
MG,1850,1,1
MG,1851,1,1
MG,1852,1,1
MG,1853,1,1
MG,1854,-1,-1
MG,1855,1,1
MG,1856,1,1
MG,1857,1,1
MG,1858,1,1
MG,1859,1,1
MG,1860,1,1
MG,1861,1,1
MG,1862,1,1
MG,1863,1,1
MG,1864,1,1
MG,1865,1,1
MG,1866,-1,-1
MG,1867,1,1
MG,1868,-1,-1
MG,1869,1,1
MG,1870,1,1
MG,1871,1,1
MG,1872,1,1
MG,1873,1,1
MG,1874,1,1
MG,1875,1,1
MG,1876,1,1
MG,1877,1,1
MG,1878,1,1
MG,1879,1,1
MG,1880,-1,-1
MG,1881,1,1
MG,1882,1,1
MG,1883,1,1
MG,1884,1,1
MG,1885,-1,-1
MG,1886,1,1
MG,1887,1,1
MG,1888,1,1
MG,1889,1,1
MG,1890,-1,-1
MG,1891,1,1
MG,1892,1,1
MG,1893,1,1
MG,1894,-1,-1
MG,1895,1,1
MG,1896,1,1
MG,1897,1,1
MG,1898,1,1
MG,1899,1,1
MG,1900,1,1
MG,1901,1,1
MG,1902,-1,-1
MG,1903,1,1
MG,1904,-1,-1
MG,1905,-1,-1
MG,1906,1,1
MG,1907,1,1
MG,1908,1,1
MG,1909,1,1
MG,1910,1,1
MG,1911,1,1
MG,1912,1,1
MG,1913,1,1
MG,1914,1,1
MG,1915,1,1
MG,1916,-1,-1
MG,1917,1,1
MG,1918,1,1
MG,1919,1,1
MG,1920,1,1
MG,1921,1,1
MG,1922,1,1
MG,1923,1,1
MG,1924,1,1
MG,1925,1,1
MG,1926,1,1
MG,1927,1,1
MG,1928,1,1
MG,1929,-1,-1
MG,1930,1,1
MG,1931,1,1
MG,1932,1,1
MG,1933,1,1
MG,1934,1,1
MG,1935,1,1
MG,1936,1,1
MG,1937,1,1
MG,1938,1,1
MG,1939,1,1
MG,1940,1,1
MG,1941,1,1
MG,1942,1,1
MG,1943,1,1
MG,1944,1,1
MG,1945,1,1
MG,1946,1,1
MG,1947,1,1
MG,1948,1,1
MG,1949,1,1
MG,1950,1,1
MG,1951,-1,-1
MG,1952,1,1
MG,1953,1,1
MG,1954,1,1
MG,1955,-1,-1
MG,1956,-1,-1
MG,1957,1,1
MG,1958,1,1
MG,1959,1,1
MG,1960,1,1
MG,1961,1,1
MG,1962,1,1
MG,1963,1,1
MG,1964,1,1
MG,1965,1,1
MG,1966,1,1
MG,1967,1,1
MG,1968,1,1
MG,1969,1,1
MG,1970,1,1
MG,1971,1,1
MG,1972,1,1
MG,1973,-1,-1
MG,1974,-1,-1
MG,1975,1,1
MG,1976,1,1
MG,1977,-1,-1
MG,1978,1,1
MG,1979,1,1
MG,1980,1,1
MG,1981,1,1
MG,1982,1,1
MG,1983,1,1
MG,1984,1,1
MG,1985,1,1
MG,1986,1,1
MG,1987,1,1
MG,1988,-1,-1
MG,1989,1,1
MG,1990,1,1
MG,1991,1,1
MG,1992,1,1
MG,1993,1,1
MG,1994,1,1
MG,1995,1,1
MG,1996,1,1
MG,1997,1,1
MG,1998,1,1
MG,1999,1,1
MG,2000,-1,-1
MG,2001,1,1
MG,2002,1,1
MG,2003,1,1
MG,2004,-1,-1
MG,2005,1,1
MG,2006,1,1
MG,2007,1,1
MG,2008,1,1
MG,2009,1,1
MG,2010,1,1
MG,2011,1,1
MG,2012,1,1
MG,2013,1,1
MG,2014,1,1
MG,2015,1,1
MG,2016,-1,-1
MG,2017,1,1
MG,2018,1,1
MG,2019,1,1
MG,2020,1,1
MG,2021,1,1
MG,2022,1,1
MG,2023,1,1
MG,2024,1,1
MG,2025,1,1
MG,2026,1,1
MG,2027,1,1
MG,2028,1,1
MG,2029,-1,-1
MG,2030,1,1
MG,2031,1,1
MG,2032,1,1
MG,2033,1,1
MG,2034,1,1
MG,2035,1,1
MG,2036,1,1
MG,2037,1,1
MG,2038,1,1
MG,2039,1,1
MG,2040,1,1
MG,2041,1,1
MG,2042,1,1
MG,2043,1,1
MG,2044,1,1
MG,2045,1,1
MG,2046,1,1
MG,2047,-1,-1
MG,2048,1,1
MG,2049,1,1
MG,2050,1,1
MG,2051,1,1
MG,2052,1,1
MG,2053,1,1
MG,2054,1,1
MG,2055,1,1
MG,2056,1,1
MG,2057,-1,-1
MG,2058,1,1
MG,2059,1,1
MG,2060,1,1
MG,2061,1,1
MG,2062,1,1
MG,2063,1,1
MG,2064,1,1
MG,2065,1,1
MG,2066,1,1
MG,2067,1,1
MG,2068,1,1
MG,2069,-1,-1
MG,2070,1,1
MG,2071,1,1
MG,2072,1,1
MG,2073,1,1
MG,2074,1,1
MG,2075,1,1
MG,2076,1,1
MG,2077,1,1
MG,2078,1,1
MG,2079,1,1
MG,2080,1,1
MG,2081,1,1
MG,2082,1,1
MG,2083,1,1
MG,2084,1,1
MG,2085,1,1
MG,2086,1,1
MG,2087,1,1
MG,2088,-1,-1
MG,2089,1,1
MG,2090,1,1
MG,2091,1,1
MG,2092,1,1
MG,2093,1,1
MG,2094,1,1
MG,2095,1,1
MG,2096,-1,-1
MG,2097,1,1
MG,2098,1,1
MG,2099,1,1
MG,2100,1,1
MG,2101,1,1
MG,2102,1,1
MG,2103,1,1
MG,2104,-1,-1
MG,2105,-1,-1
MG,2106,1,1
MG,2107,1,1
MG,2108,1,1
MG,2109,1,1
MG,2110,1,1
MG,2111,1,1
MG,2112,1,1
MG,2113,1,1
MG,2114,1,1
MG,2115,1,1
MG,2116,-1,-1
MG,2117,1,1
MG,2118,-1,-1
MG,2119,1,1
MG,2120,1,1
MG,2121,1,1
MG,2122,1,1
MG,2123,1,1
MG,2124,1,1
MG,2125,1,1
MG,2126,1,1
MG,2127,1,1
MG,2128,1,1
MG,2129,-1,-1
MG,2130,-1,-1
MG,2131,1,1
MG,2132,1,1
MG,2133,1,1
MG,2134,-1,-1
MG,2135,1,1
MG,2136,1,1
MG,2137,1,1
MG,2138,-1,-1
MG,2139,1,1
MG,2140,-1,-1
MG,2141,1,1
MG,2142,1,1
MG,2143,-1,-1
MG,2144,-1,-1
MG,2145,-1,-1
MG,2146,1,1
MG,2147,1,1
MG,2148,1,1
MG,2149,1,1
MG,2150,1,1
MG,2151,1,1
MG,2152,1,1
MG,2153,1,1
MG,2154,1,1
MG,2155,1,1
MG,2156,1,1
MG,2157,1,1
MG,2158,1,1
MG,2159,1,1
MG,2160,1,1
MG,2161,1,1
MG,2162,-1,-1
MG,2163,1,1
MG,2164,1,1
MG,2165,1,1
MG,2166,1,1
MG,2167,-1,-1
MG,2168,1,1
MG,2169,1,1
MG,2170,1,1
MG,2171,1,1
MG,2172,1,1
MG,2173,-1,-1
MG,2174,-1,-1
MG,2175,-1,-1
MG,2176,1,1
MG,2177,1,1
MG,2178,1,1
MG,2179,-1,-1
MG,2180,-1,-1
MG,2181,1,1
MG,2182,1,1
MG,2183,-1,-1
MG,2184,1,1
MG,2185,1,1
MG,2186,1,1
MG,2187,1,1
MG,2188,1,1
MG,2189,1,1
MG,2190,1,1
MG,2191,1,1
MG,2192,1,1
MG,2193,1,1
MG,2194,1,1
MG,2195,1,1
MG,2196,1,1
MG,2197,1,1
MG,2198,1,1
MG,2199,1,1
MG,2200,1,1
MG,2201,1,1
MG,2202,1,1
MG,2203,1,1
MG,2204,1,1
MG,2205,1,1
MG,2206,1,1
MG,2207,1,1
MG,2208,-1,-1
MG,2209,1,1
MG,2210,-1,-1
MG,2211,1,1
MG,2212,-1,-1
MG,2213,1,1
MG,2214,1,1
MG,2215,1,1
MG,2216,1,1
MG,2217,1,1
MG,2218,1,1
MG,2219,1,1
MG,2220,1,1
MG,2221,1,1
MG,2222,-1,-1
MG,2223,1,1
MG,2224,1,1
MG,2225,1,1
MG,2226,1,1
MG,2227,1,1
MG,2228,1,1
MG,2229,1,1
MG,2230,1,1
MG,2231,1,1
MG,2232,-1,-1
MG,2233,1,1
MG,2234,1,1
MG,2235,1,1
MG,2236,1,1
MG,2237,1,1
MG,2238,1,1
MG,2239,1,1
MG,2240,1,1
MG,2241,1,1
MG,2242,1,1
MG,2243,1,1
MG,2244,-1,-1
MG,2245,1,1
MG,2246,-1,-1
MG,2247,1,1
MG,2248,1,1
MG,2249,1,1
MG,2250,1,1
MG,2251,1,1
MG,2252,1,1
MG,2253,1,1
MG,2254,1,1
MG,2255,1,1
MG,2256,1,1
MG,2257,1,1
MG,2258,1,1
MG,2259,1,1
MG,2260,1,1
MG,2261,-1,-1
MG,2262,-1,-1
MG,2263,1,1
MG,2264,1,1
MG,2265,1,1
MG,2266,1,1
MG,2267,1,1
MG,2268,-1,-1
MG,2269,1,1
MG,2270,1,1
MG,2271,1,1
MG,2272,1,1
MG,2273,1,1
MG,2274,1,1
MG,2275,1,1
MG,2276,1,1
MG,2277,1,1
MG,2278,-1,-1
MG,2279,1,1
MG,2280,1,1
MG,2281,1,1
MG,2282,1,1
MG,2283,1,1
MG,2284,1,1
MG,2285,1,1
MG,2286,1,1
MG,2287,1,1
MG,2288,1,1
MG,2289,1,1
MG,2290,1,1
MG,2291,1,1
MG,2292,1,1
MG,2293,1,1
MG,2294,-1,-1
MG,2295,1,1
MG,2296,1,1
MG,2297,1,1
MG,2298,1,1
MG,2299,1,1
MG,2300,1,1
MG,2301,1,1
MG,2302,1,1
MG,2303,-1,-1
MG,2304,1,1
MG,2305,1,1
MG,2306,1,1
MG,2307,1,1
MG,2308,1,1
MG,2309,-1,-1
MG,2310,-1,-1
MG,2311,1,1
MG,2312,1,1
MG,2313,1,1
MG,2314,1,1
MG,2315,1,1
MG,2316,-1,-1
MG,2317,1,1
MG,2318,1,1
MG,2319,1,1
MG,2320,1,1
MG,2321,1,1
MG,2322,1,1
MG,2323,1,1
MG,2324,1,1
MG,2325,1,1
MG,2326,1,1
MG,2327,1,1
MG,2328,1,1
MG,2329,1,1
MG,2330,1,1
MG,2331,1,1
MG,2332,-1,-1
MG,2333,1,1
MG,2334,1,1
MG,2335,1,1
MG,2336,1,1
MG,2337,1,1
MG,2338,1,1
MG,2339,1,1
MG,2340,1,1
MG,2341,1,1
MG,2342,1,1
MG,2343,-1,-1
MG,2344,1,1
MG,2345,1,1
MG,2346,-1,-1
MG,2347,1,1
MG,2348,1,1
MG,2349,1,1
MG,2350,1,1
MG,2351,1,1
MG,2352,1,1
MG,2353,1,1
MG,2354,1,1
MG,2355,1,1
MG,2356,-1,-1
MG,2357,1,1
MG,2358,1,1
MG,2359,1,1
MG,2360,1,1
MG,2361,1,1
MG,2362,1,1
MG,2363,-1,-1
MG,2364,1,1
MG,2365,1,1
MG,2366,1,1
MG,2367,1,1
MG,2368,1,1
MG,2369,1,1
MG,2370,1,1
MG,2371,1,1
MG,2372,1,1
MG,2373,1,1
MG,2374,1,1
MG,2375,1,1
MG,2376,1,1
MG,2377,-1,-1
MG,2378,1,1
MG,2379,1,1
MG,2380,1,1
MG,2381,1,1
MG,2382,1,1
MG,2383,1,1
MG,2384,1,1
MG,2385,1,1
MG,2386,-1,-1
MG,2387,-1,-1
MG,2388,1,1
MG,2389,1,1
MG,2390,1,1
MG,2391,1,1
MG,2392,1,1
MG,2393,1,1
MG,2394,1,1
MG,2395,1,1
MG,2396,1,1
MG,2397,-1,-1
MG,2398,1,1
MG,2399,1,1
MG,2400,1,1
MG,2401,1,1
MG,2402,1,1
MG,2403,1,1
MG,2404,1,1
MG,2405,1,1
MG,2406,1,1
MG,2407,1,1
MG,2408,1,1
MG,2409,1,1
MG,2410,1,1
MG,2411,1,1
MG,2412,1,1
MG,2413,1,1
MG,2414,1,1
MG,2415,1,1
MG,2416,1,1
MG,2417,1,1
MG,2418,1,1
MG,2419,1,1
MG,2420,1,1
MG,2421,1,1
MG,2422,1,1
MG,2423,1,1
MG,2424,1,1
MG,2425,-1,-1
MG,2426,1,1
MG,2427,1,1
MG,2428,1,1
MG,2429,1,1
MG,2430,1,1
MG,2431,-1,-1
MG,2432,1,1
MG,2433,-1,-1
MG,2434,1,1
MG,2435,1,1
MG,2436,1,1
MG,2437,1,1
MG,2438,1,1
MG,2439,1,1
MG,2440,1,1
MG,2441,1,1
MG,2442,1,1
MG,2443,1,1
MG,2444,1,1
MG,2445,1,1
MG,2446,1,1
MG,2447,-1,-1
MG,2448,1,1
MG,2449,1,1
MG,2450,1,1
MG,2451,1,1
MG,2452,1,1
MG,2453,1,1
MG,2454,1,1
MG,2455,1,1
MG,2456,1,1
MG,2457,1,1
MG,2458,1,1
MG,2459,1,1
MG,2460,1,1
MG,2461,1,1
MG,2462,1,1
MG,2463,1,1
MG,2464,1,1
MG,2465,1,1
MG,2466,1,1
MG,2467,-1,-1
MG,2468,1,1
MG,2469,1,1
MG,2470,1,1
MG,2471,1,1
MG,2472,1,1
MG,2473,1,1
MG,2474,1,1
MG,2475,1,1
MG,2476,1,1
MG,2477,1,1
MG,2478,-1,-1
MG,2479,1,1
MG,2480,1,1
MG,2481,1,1
MG,2482,1,1
MG,2483,1,1
MG,2484,1,1
MG,2485,-1,-1
MG,2486,1,1
MG,2487,-1,-1
MG,2488,1,1
MG,2489,1,1
MG,2490,1,1
MG,2491,1,1
MG,2492,1,1
MG,2493,1,1
MG,2494,1,1
MG,2495,1,1
MG,2496,1,1
MG,2497,1,1
MG,2498,1,1
MG,2499,1,1
MG,2500,1,1
MG,2501,1,1
MG,2502,1,1
MG,2503,1,1
MG,2504,1,1
MG,2505,1,1
MG,2506,1,1
MG,2507,1,1
MG,2508,1,1
MG,2509,1,1
MG,2510,1,1
MG,2511,1,1
MG,2512,1,1
MG,2513,1,1
MG,2514,1,1
MG,2515,1,1
MG,2516,1,1
MG,2517,1,1
MG,2518,1,1
MG,2519,1,1
MG,2520,-1,-1
MG,2521,1,1
MG,2522,1,1
MG,2523,1,1
MG,2524,1,1
MG,2525,1,1
MG,2526,1,1
MG,2527,1,1
MG,2528,1,1
MG,2529,1,1
MG,2530,1,1
MG,2531,1,1
MG,2532,-1,-1
MG,2533,-1,-1
MG,2534,1,1
MG,2535,-1,-1
MG,2536,1,1
MG,2537,1,1
MG,2538,1,1
MG,2539,1,1
MG,2540,1,1
MG,2541,1,1
MG,2542,1,1
MG,2543,1,1
MG,2544,1,1
MG,2545,1,1
MG,2546,1,1
MG,2547,1,1
MG,2548,1,1
MG,2549,1,1
MG,2550,1,1
MG,2551,1,1
MG,2552,-1,-1
MG,2553,1,1
MG,2554,1,1
MG,2555,1,1
MG,2556,1,1
MG,2557,1,1
MG,2558,-1,-1
MG,2559,-1,-1
MG,2560,1,1
MG,2561,-1,-1
MG,2562,1,1
MG,2563,1,1
MG,2564,1,1
MG,2565,1,1
MG,2566,-1,-1
MG,2567,1,1
MG,2568,-1,-1
MG,2569,1,1
MG,2570,1,1
MG,2571,1,1
MG,2572,1,1
MG,2573,-1,-1
MG,2574,1,1
MG,2575,1,1
MG,2576,1,1
MG,2577,1,1
MG,2578,1,1
MG,2579,1,1
MG,2580,-1,-1
MG,2581,1,1
MG,2582,1,1
MG,2583,1,1
MG,2584,1,1
MG,2585,1,1
MG,2586,1,1
MG,2587,1,1
MG,2588,1,1
MG,2589,1,1
MG,2590,1,1
MG,2591,1,1
MG,2592,1,1
MG,2593,1,1
MG,2594,1,1
MG,2595,1,1
MG,2596,1,1
MG,2597,1,1
MG,2598,1,1
MG,2599,1,1
MG,2600,-1,-1
MG,2601,1,1
MG,2602,1,1
MG,2603,1,1
MG,2604,1,1
MG,2605,1,1
MG,2606,1,1
MG,2607,1,1
MG,2608,1,1
MG,2609,1,1
MG,2610,1,1
MG,2611,1,1
MG,2612,-1,-1
MG,2613,1,1
MG,2614,1,1
MG,2615,1,1
MG,2616,1,1
MG,2617,1,1
MG,2618,1,1
MG,2619,1,1
MG,2620,1,1
MG,2621,1,1
MG,2622,1,1
MG,2623,1,1
MG,2624,1,1
MG,2625,-1,-1
MG,2626,1,1
MG,2627,1,1
MG,2628,1,1
MG,2629,1,1
MG,2630,1,1
MG,2631,1,1
MG,2632,1,1
MG,2633,1,1
MG,2634,1,1
MG,2635,1,1
MG,2636,1,1
MG,2637,1,1
MG,2638,1,1
MG,2639,1,1
MG,2640,1,1
MG,2641,1,1
MG,2642,1,1
MG,2643,1,1
MG,2644,-1,-1
MG,2645,1,1
MG,2646,-1,-1
MG,2647,1,1
MG,2648,1,1
MG,2649,1,1
MG,2650,1,1
MG,2651,1,1
MG,2652,1,1
MG,2653,1,1
MG,2654,1,1
MG,2655,1,1
MG,2656,1,1
MG,2657,1,1
MG,2658,1,1
MG,2659,1,1
MG,2660,1,1
MG,2661,-1,-1
MG,2662,1,1
MG,2663,1,1
MG,2664,-1,-1
MG,2665,1,1
MG,2666,1,1
MG,2667,1,1
MG,2668,1,1
MG,2669,1,1
MG,2670,1,1
MG,2671,1,1
MG,2672,1,1
MG,2673,1,1
MG,2674,-1,-1
MG,2675,1,1
MG,2676,1,1
MG,2677,1,1
MG,2678,1,1
MG,2679,1,1
MG,2680,1,1
MG,2681,1,1
MG,2682,1,1
MG,2683,1,1
MG,2684,1,1
MG,2685,1,1
MG,2686,1,1
MG,2687,1,1
MG,2688,1,1
MG,2689,1,1
MG,2690,1,1
MG,2691,1,1
MG,2692,1,1
MG,2693,1,1
MG,2694,1,1
MG,2695,1,1
MG,2696,1,1
MG,2697,1,1
MG,2698,1,1
MG,2699,-1,-1
MG,2700,1,1
MG,2701,1,1
MG,2702,1,1
MG,2703,1,1
MG,2704,1,1
MG,2705,1,1
MG,2706,1,1
MG,2707,1,1
MG,2708,1,1
MG,2709,-1,-1
MG,2710,1,1
MG,2711,1,1
MG,2712,1,1
MG,2713,1,1
MG,2714,-1,-1
MG,2715,-1,-1
MG,2716,-1,-1
MG,2717,1,1
MG,2718,1,1
MG,2719,1,1
MG,2720,-1,-1
MG,2721,1,1
MG,2722,1,1
MG,2723,1,1
MG,2724,1,1
MG,2725,1,1
MG,2726,1,1
MG,2727,1,1
MG,2728,1,1
MG,2729,1,1
MG,2730,1,1
MG,2731,1,1
MG,2732,1,1
MG,2733,1,1
MG,2734,1,1
MG,2735,1,1
MG,2736,-1,-1
MG,2737,1,1
MG,2738,1,1
MG,2739,-1,-1
MG,2740,1,1
MG,2741,1,1
MG,2742,1,1
MG,2743,1,1
MG,2744,-1,-1
MG,2745,1,1
MG,2746,1,1
MG,2747,1,1
MG,2748,1,1
MG,2749,1,1
MG,2750,1,1
MG,2751,1,1
MG,2752,1,1
MG,2753,1,1
MG,2754,1,1
MG,2755,1,1
MG,2756,1,1
MG,2757,1,1
MG,2758,1,1
MG,2759,1,1
MG,2760,1,1
MG,2761,1,1
MG,2762,1,1
MG,2763,1,1
MG,2764,1,1
MG,2765,1,1
MG,2766,1,1
MG,2767,1,1
MG,2768,1,1
MG,2769,1,1
MG,2770,1,1
MG,2771,1,1
MG,2772,1,1
MG,2773,1,1
MG,2774,1,1
MG,2775,1,1
MG,2776,1,1
MG,2777,-1,-1
MG,2778,1,1
MG,2779,1,1
MG,2780,1,1
MG,2781,1,1
MG,2782,1,1
MG,2783,1,1
MG,2784,1,1
MG,2785,1,1
MG,2786,1,1
MG,2787,-1,-1
MG,2788,1,1
MG,2789,1,1
MG,2790,1,1
MG,2791,-1,-1
MG,2792,1,1
MG,2793,1,1
MG,2794,1,1
MG,2795,1,1
MG,2796,1,1
MG,2797,1,1
MG,2798,1,1
MG,2799,1,1
MG,2800,1,1
MG,2801,1,1
MG,2802,-1,-1
MG,2803,1,1
MG,2804,1,1
MG,2805,1,1
MG,2806,1,1
MG,2807,1,1
MG,2808,1,1
MG,2809,1,1
MG,2810,1,1
MG,2811,1,1
MG,2812,1,1
MG,2813,1,1
MG,2814,1,1
MG,2815,1,1
MG,2816,1,1
MG,2817,-1,-1
MG,2818,-1,-1
MG,2819,1,1
MG,2820,1,1
MG,2821,1,1
MG,2822,1,1
MG,2823,1,1
MG,2824,1,1
MG,2825,1,1
MG,2826,1,1
MG,2827,1,1
MG,2828,1,1
MG,2829,1,1
MG,2830,1,1
MG,2831,1,1
MG,2832,1,1
MG,2833,1,1
MG,2834,1,1
MG,2835,1,1
MG,2836,-1,-1
MG,2837,1,1
MG,2838,1,1
MG,2839,1,1
MG,2840,1,1
MG,2841,1,1
MG,2842,1,1
MG,2843,1,1
MG,2844,1,1
MG,2845,1,1
MG,2846,-1,-1
MG,2847,1,1
MG,2848,-1,-1
MG,2849,-1,-1
MG,2850,1,1
MG,2851,1,1
MG,2852,1,1
MG,2853,1,1
MG,2854,1,1
MG,2855,1,1
MG,2856,1,1
MG,2857,1,1
MG,2858,1,1
MG,2859,1,1
MG,2860,1,1
MG,2861,1,1
MG,2862,1,1
MG,2863,1,1
MG,2864,1,1
MG,2865,1,1
MG,2866,1,1
MG,2867,1,1
MG,2868,1,1
MG,2869,1,1
MG,2870,1,1
MG,2871,1,1
MG,2872,1,1
MG,2873,1,1
MG,2874,1,1
MG,2875,1,1
MG,2876,-1,-1
MG,2877,1,1
MG,2878,1,1
MG,2879,1,1
MG,2880,1,1
MG,2881,1,1
MG,2882,1,1
MG,2883,1,1
MG,2884,1,1
MG,2885,1,1
MG,2886,1,1
MG,2887,1,1
MG,2888,1,1
MG,2889,1,1
MG,2890,-1,-1
MG,2891,1,1
MG,2892,1,1
MG,2893,-1,-1
MG,2894,1,1
MG,2895,1,1
MG,2896,1,1
MG,2897,1,1
MG,2898,1,1
MG,2899,1,1
MG,2900,1,1
MG,2901,1,1
MG,2902,1,1
MG,2903,1,1
MG,2904,1,1
MG,2905,1,1
MG,2906,1,1
MG,2907,1,1
MG,2908,1,1
MG,2909,1,1
MG,2910,1,1
MG,2911,1,1
MG,2912,1,1
MG,2913,1,1
MG,2914,1,1
MG,2915,-1,-1
MG,2916,1,1
MG,2917,1,1
MG,2918,1,1
MG,2919,-1,-1
MG,2920,1,1
MG,2921,1,1
MG,2922,1,1
MG,2923,1,1
MG,2924,1,1
MG,2925,1,1
MG,2926,1,1
MG,2927,1,1
MG,2928,1,1
MG,2929,1,1
MG,2930,1,1
MG,2931,1,1
MG,2932,1,1
MG,2933,1,1
MG,2934,1,1
MG,2935,-1,-1
MG,2936,1,1
MG,2937,1,1
MG,2938,1,1
MG,2939,1,1
MG,2940,1,1
MG,2941,1,1
MG,2942,1,1
MG,2943,1,1
MG,2944,1,1
MG,2945,1,1
MG,2946,1,1
MG,2947,1,1
MG,2948,1,1
MG,2949,1,1
MG,2950,1,1
MG,2951,1,1
MG,2952,-1,-1
MG,2953,1,1
MG,2954,1,1
MG,2955,1,1
MG,2956,1,1
MG,2957,1,1
MG,2958,1,1
MG,2959,1,1
MG,2960,1,1
MG,2961,1,1
MG,2962,1,1
MG,2963,1,1
MG,2964,1,1
MG,2965,1,1
MG,2966,1,1
MG,2967,1,1
MG,2968,1,1
MG,2969,1,1
MG,2970,-1,-1
MG,2971,1,1
MG,2972,1,1
MG,2973,1,1
MG,2974,1,1
MG,2975,-1,-1
MG,2976,1,1
MG,2977,-1,-1
MG,2978,1,1
MG,2979,1,1
MG,2980,1,1
MG,2981,-1,-1
MG,2982,1,1
MG,2983,-1,-1
MG,2984,1,1
MG,2985,1,1
MG,2986,1,1
MG,2987,-1,-1
MG,2988,1,1
MG,2989,1,1
MG,2990,1,1
MG,2991,1,1
MG,2992,1,1
MG,2993,1,1
MG,2994,1,1
MG,2995,1,1
MG,2996,1,1
MG,2997,1,1
MG,2998,1,1
MG,2999,1,1
MG,3000,1,1
MG,3001,1,1
MG,3002,1,1
MG,3003,1,1
MG,3004,-1,-1
MG,3005,1,1
MG,3006,1,1
MG,3007,-1,-1
MG,3008,1,1
MG,3009,1,1
MG,3010,1,1
MG,3011,1,1
MG,3012,-1,-1
MG,3013,1,1
MG,3014,1,1
MG,3015,1,1
MG,3016,1,1
MG,3017,1,1
MG,3018,1,1
MG,3019,1,1
MG,3020,-1,-1
MG,3021,1,1
MG,3022,1,1
MG,3023,-1,-1
MG,3024,1,1
MG,3025,1,1
MG,3026,1,1
MG,3027,-1,-1
MG,3028,1,1
MG,3029,-1,-1
MG,3030,1,1
MG,3031,-1,-1
MG,3032,1,1
MG,3033,1,1
MG,3034,1,1
MG,3035,1,1
MG,3036,-1,-1
MG,3037,-1,-1
MG,3038,1,1
MG,3039,1,1
MG,3040,-1,-1
MG,3041,1,1
MG,3042,1,1
MG,3043,1,1
MG,3044,1,1
MG,3045,1,1
MG,3046,1,1
MG,3047,1,1
MG,3048,-1,-1
MG,3049,1,1
MG,3050,1,1
MG,3051,1,1
MG,3052,1,1
MG,3053,1,1
MG,3054,1,1
MG,3055,1,1
MG,3056,1,1
MG,3057,1,1
MG,3058,1,1
MG,3059,1,1
MG,3060,1,1
MG,3061,1,1
MG,3062,1,1
MG,3063,1,1
MG,3064,1,1
MG,3065,1,1
MG,3066,-1,-1
MG,3067,1,1
MG,3068,1,1
MG,3069,1,1
MG,3070,1,1
MG,3071,1,1
MG,3072,1,1
MG,3073,1,1
MG,3074,1,1
MG,3075,1,1
MG,3076,1,1
MG,3077,1,1
MG,3078,1,1
MG,3079,1,1
MG,3080,1,1
MG,3081,1,1
MG,3082,1,1
MG,3083,1,1
MG,3084,1,1
MG,3085,1,1
MG,3086,1,1
MG,3087,1,1
MG,3088,1,1
MG,3089,1,1
MG,3090,1,1
MG,3091,1,1
MG,3092,1,1
MG,3093,1,1
MG,3094,1,1
MG,3095,1,1
MG,3096,1,1
MG,3097,1,1
MG,3098,-1,-1
MG,3099,1,1
MG,3100,1,1
MG,3101,1,1
MG,3102,-1,-1
MG,3103,1,1
MG,3104,1,1
MG,3105,1,1
MG,3106,1,1
MG,3107,1,1
MG,3108,1,1
MG,3109,1,1
MG,3110,1,1
MG,3111,1,1
MG,3112,1,1
MG,3113,1,1
MG,3114,1,1
MG,3115,1,1
MG,3116,1,1
MG,3117,1,1
MG,3118,1,1
MG,3119,-1,-1
MG,3120,1,1
MG,3121,1,1
MG,3122,1,1
MG,3123,-1,-1
MG,3124,1,1
MG,3125,1,1
MG,3126,1,1
MG,3127,1,1
MG,3128,1,1
MG,3129,1,1
MG,3130,1,1
MG,3131,1,1
MG,3132,1,1
MG,3133,1,1
MG,3134,1,1
MG,3135,1,1
MG,3136,1,1
MG,3137,1,1
MG,3138,1,1
MG,3139,1,1
MG,3140,1,1
MG,3141,1,1
MG,3142,1,1
MG,3143,1,1
MG,3144,1,1
MG,3145,1,1
MG,3146,1,1
MG,3147,1,1
MG,3148,1,1
MG,3149,1,1
MG,3150,1,1
MG,3151,-1,-1
MG,3152,1,1
MG,3153,1,1
MG,3154,1,1
MG,3155,-1,-1
MG,3156,1,1
MG,3157,1,1
MG,3158,-1,-1
MG,3159,1,1
MG,3160,1,1
MG,3161,1,1
MG,3162,1,1
MG,3163,1,1
MG,3164,1,1
MG,3165,1,1
MG,3166,1,1
MG,3167,1,1
MG,3168,1,1
MG,3169,1,1
MG,3170,1,1
MG,3171,1,1
MG,3172,1,1
MG,3173,1,1
MG,3174,1,1
MG,3175,1,1
MG,3176,1,1
MG,3177,1,1
MG,3178,1,1
MG,3179,1,1
MG,3180,-1,-1
MG,3181,1,1
MG,3182,1,1
MG,3183,1,1
MG,3184,1,1
MG,3185,1,1
MG,3186,1,1
MG,3187,1,1
MG,3188,1,1
MG,3189,1,1
MG,3190,1,1
MG,3191,1,1
MG,3192,1,1
MG,3193,1,1
MG,3194,1,1
MG,3195,1,1
MG,3196,-1,-1
MG,3197,1,1
MG,3198,1,1
MG,3199,1,1
MG,3200,1,1
MG,3201,-1,-1
MG,3202,1,1
MG,3203,1,1
MG,3204,1,1
MG,3205,-1,-1
MG,3206,1,1
MG,3207,1,1
MG,3208,1,1
MG,3209,1,1
MG,3210,-1,-1
MG,3211,1,1
MG,3212,1,1
MG,3213,1,1
MG,3214,1,1
MG,3215,1,1
MG,3216,-1,-1
MG,3217,-1,-1
MG,3218,1,1
MG,3219,1,1
MG,3220,1,1
MG,3221,1,1
MG,3222,1,1
MG,3223,-1,-1
MG,3224,-1,-1
MG,3225,1,1
MG,3226,1,1
MG,3227,1,1
MG,3228,1,1
MG,3229,1,1
MG,3230,1,1
MG,3231,-1,-1
MG,3232,1,1
MG,3233,1,1
MG,3234,1,1
MG,3235,1,1
MG,3236,1,1
MG,3237,1,1
MG,3238,1,1
MG,3239,1,1
MG,3240,1,1
MG,3241,1,1
MG,3242,1,1
MG,3243,1,1
MG,3244,1,1
MG,3245,1,1
MG,3246,1,1
MG,3247,1,1
MG,3248,1,1
MG,3249,1,1
MG,3250,1,1
MG,3251,1,1
MG,3252,1,1
MG,3253,-1,-1
MG,3254,1,1
MG,3255,-1,-1
MG,3256,1,1
MG,3257,1,1
MG,3258,1,1
MG,3259,1,1
MG,3260,1,1
MG,3261,1,1
MG,3262,-1,-1
MG,3263,1,1
MG,3264,1,1
MG,3265,1,1
MG,3266,1,1
MG,3267,1,1
MG,3268,1,1
MG,3269,1,1
MG,3270,1,1
MG,3271,-1,-1
MG,3272,1,1
MG,3273,1,1
MG,3274,1,1
MG,3275,1,1
MG,3276,1,1
MG,3277,1,1
MG,3278,1,1
MG,3279,1,1
MG,3280,-1,-1
MG,3281,1,1
MG,3282,1,1
MG,3283,1,1
MG,3284,1,1
MG,3285,-1,-1
MG,3286,1,1
MG,3287,1,1
MG,3288,1,1
MG,3289,1,1
MG,3290,1,1
MG,3291,1,1
MG,3292,1,1
MG,3293,1,1
MG,3294,-1,-1
MG,3295,1,1
MG,3296,-1,-1
MG,3297,1,1
MG,3298,1,1
MG,3299,1,1
MG,3300,1,1
MG,3301,1,1
MG,3302,-1,-1
MG,3303,1,1
MG,3304,1,1
MG,3305,1,1
MG,3306,-1,-1
MG,3307,-1,-1
MG,3308,1,1
MG,3309,1,1
MG,3310,1,1
MG,3311,1,1
MG,3312,1,1
MG,3313,1,1
MG,3314,1,1
MG,3315,1,1
MG,3316,1,1
MG,3317,-1,-1
MG,3318,1,1
MG,3319,1,1
MG,3320,1,1
MG,3321,-1,-1
MG,3322,1,1
MG,3323,1,1
MG,3324,1,1
MG,3325,1,1
MG,3326,1,1
MG,3327,1,1
MG,3328,-1,-1
MG,3329,1,1
MG,3330,1,1
MG,3331,1,1
MG,3332,1,1
MG,3333,1,1
MG,3334,1,1
MG,3335,1,1
MG,3336,1,1
MG,3337,1,1
MG,3338,1,1
MG,3339,1,1
MG,3340,1,1
MG,3341,1,1
MG,3342,1,1
MG,3343,1,1
MG,3344,1,1
MG,3345,1,1
MG,3346,1,1
MG,3347,1,1
MG,3348,1,1
MG,3349,1,1
MG,3350,1,1
MG,3351,1,1
MG,3352,1,1
MG,3353,1,1
MG,3354,1,1
MG,3355,-1,-1
MG,3356,1,1
MG,3357,1,1
MG,3358,1,1
MG,3359,1,1
MG,3360,1,1
MG,3361,1,1
MG,3362,1,1
MG,3363,-1,-1
MG,3364,1,1
MG,3365,1,1
MG,3366,1,1
MG,3367,1,1
MG,3368,1,1
MG,3369,1,1
MG,3370,1,1
MG,3371,1,1
MG,3372,-1,-1
MG,3373,-1,-1
MG,3374,1,1
MG,3375,1,1
MG,3376,1,1
MG,3377,1,1
MG,3378,1,1
MG,3379,1,1
MG,3380,1,1
MG,3381,1,1
MG,3382,1,1
MG,3383,-1,-1
MG,3384,1,1
MG,3385,1,1
MG,3386,1,1
MG,3387,1,1
MG,3388,1,1
MG,3389,1,1
MG,3390,1,1
MG,3391,1,1
MG,3392,1,1
MG,3393,1,1
MG,3394,-1,-1
MG,3395,1,1
MG,3396,-1,-1
MG,3397,-1,-1
MG,3398,-1,-1
MG,3399,-1,-1
MG,3400,1,1
MG,3401,1,1
MG,3402,1,1
MG,3403,1,1
MG,3404,1,1
MG,3405,1,1
MG,3406,1,1
MG,3407,1,1
MG,3408,1,1
MG,3409,1,1
MG,3410,1,1
MG,3411,1,1
MG,3412,1,1
MG,3413,1,1
MG,3414,1,1
MG,3415,1,1
MG,3416,1,1
MG,3417,1,1
MG,3418,1,1
MG,3419,1,1
MG,3420,1,1
MG,3421,1,1
MG,3422,1,1
MG,3423,1,1
MG,3424,1,1
MG,3425,1,1
MG,3426,-1,-1
MG,3427,1,1
MG,3428,1,1
MG,3429,1,1
MG,3430,1,1
MG,3431,1,1
MG,3432,1,1
MG,3433,1,1
MG,3434,1,1
MG,3435,1,1
MG,3436,1,1
MG,3437,1,1
MG,3438,1,1
MG,3439,1,1
MG,3440,-1,-1
MG,3441,1,1
MG,3442,1,1
MG,3443,1,1
MG,3444,1,1
MG,3445,1,1
MG,3446,-1,-1
MG,3447,1,1
MG,3448,1,1
MG,3449,-1,-1
MG,3450,1,1
MG,3451,1,1
MG,3452,1,1
MG,3453,1,1
MG,3454,1,1
MG,3455,1,1
MG,3456,1,1
MG,3457,-1,-1
MG,3458,1,1
MG,3459,1,1
MG,3460,1,1
MG,3461,1,1
MG,3462,1,1
MG,3463,1,1
MG,3464,1,1
MG,3465,-1,-1
MG,3466,1,1
MG,3467,1,1
MG,3468,-1,-1
MG,3469,1,1
MG,3470,1,1
MG,3471,1,1
MG,3472,1,1
MG,3473,1,1
MG,3474,1,1
MG,3475,1,1
MG,3476,-1,-1
MG,3477,1,1
MG,3478,1,1
MG,3479,1,1
MG,3480,1,1
MG,3481,1,1
MG,3482,1,1
MG,3483,1,1
MG,3484,1,1
MG,3485,1,1
MG,3486,1,1
MG,3487,1,1
MG,3488,1,1
MG,3489,-1,-1
MG,3490,1,1
MG,3491,-1,-1
MG,3492,1,1
MG,3493,1,1
MG,3494,1,1
MG,3495,1,1
MG,3496,1,1
MG,3497,1,1
MG,3498,1,1
MG,3499,1,1
MG,3500,1,1
MG,3501,-1,-1
MG,3502,1,1
MG,3503,1,1
MG,3504,1,1
MG,3505,1,1
MG,3506,1,1
MG,3507,1,1
MG,3508,1,1
MG,3509,1,1
MG,3510,1,1
MG,3511,1,1
MG,3512,1,1
MG,3513,1,1
MG,3514,1,1
MG,3515,1,1
MG,3516,1,1
MG,3517,1,1
MG,3518,1,1
MG,3519,1,1
MG,3520,-1,-1
MG,3521,1,1
MG,3522,1,1
MG,3523,1,1
MG,3524,1,1
MG,3525,1,1
MG,3526,1,1
MG,3527,1,1
MG,3528,1,1
MG,3529,1,1
MG,3530,1,1
MG,3531,1,1
MG,3532,1,1
MG,3533,-1,-1
MG,3534,1,1
MG,3535,1,1
MG,3536,1,1
MG,3537,1,1
MG,3538,-1,-1
MG,3539,1,1
MG,3540,1,1
MG,3541,1,1
MG,3542,1,1
MG,3543,1,1
MG,3544,1,1
MG,3545,1,1
MG,3546,1,1
MG,3547,1,1
MG,3548,-1,-1
MG,3549,1,1
MG,3550,1,1
MG,3551,1,1
MG,3552,-1,-1
MG,3553,-1,-1
MG,3554,1,1
MG,3555,1,1
MG,3556,1,1
MG,3557,-1,-1
MG,3558,1,1
MG,3559,1,1
MG,3560,-1,-1
MG,3561,1,1
MG,3562,1,1
MG,3563,1,1
MG,3564,1,1
MG,3565,1,1
MG,3566,1,1
MG,3567,1,1
MG,3568,1,1
MG,3569,1,1
MG,3570,1,1
MG,3571,1,1
MG,3572,1,1
MG,3573,1,1
MG,3574,1,1
MG,3575,1,1
MG,3576,1,1
MG,3577,1,1
MG,3578,1,1
MG,3579,1,1
MG,3580,1,1
MG,3581,1,1
MG,3582,1,1
MG,3583,1,1
MG,3584,-1,-1
MG,3585,1,1
MG,3586,1,1
MG,3587,1,1
MG,3588,1,1
MG,3589,1,1
MG,3590,1,1
MG,3591,1,1
MG,3592,1,1
MG,3593,-1,-1
MG,3594,1,1
MG,3595,1,1
MG,3596,1,1
MG,3597,-1,-1
MG,3598,1,1
MG,3599,1,1
MG,3600,1,1
MG,3601,1,1
MG,3602,1,1
MG,3603,1,1
MG,3604,1,1
MG,3605,1,1
MG,3606,1,1
MG,3607,1,1
MG,3608,1,1
MG,3609,1,1
MG,3610,1,1
MG,3611,1,1
MG,3612,1,1
MG,3613,1,1
MG,3614,1,1
MG,3615,1,1
MG,3616,1,1
MG,3617,1,1
MG,3618,1,1
MG,3619,1,1
MG,3620,1,1
MG,3621,1,1
MG,3622,1,1
MG,3623,1,1
MG,3624,1,1
MG,3625,1,1
MG,3626,1,1
MG,3627,-1,-1
MG,3628,1,1
MG,3629,1,1
MG,3630,1,1
MG,3631,1,1
MG,3632,1,1
MG,3633,1,1
MG,3634,1,1
MG,3635,1,1
MG,3636,1,1
MG,3637,1,1
MG,3638,-1,-1
MG,3639,1,1
MG,3640,1,1
MG,3641,1,1
MG,3642,1,1
MG,3643,1,1
MG,3644,1,1
MG,3645,1,1
MG,3646,-1,-1
MG,3647,1,1
MG,3648,1,1
MG,3649,1,1
MG,3650,1,1
MG,3651,1,1
MG,3652,1,1
MG,3653,1,1
MG,3654,1,1
MG,3655,1,1
MG,3656,1,1
MG,3657,1,1
MG,3658,1,1
MG,3659,1,1
MG,3660,1,1
MG,3661,1,1
MG,3662,-1,-1
MG,3663,1,1
MG,3664,-1,-1
MG,3665,1,1
MG,3666,1,1
MG,3667,1,1
MG,3668,1,1
MG,3669,1,1
MG,3670,1,1
MG,3671,1,1
MG,3672,-1,-1
MG,3673,1,1
MG,3674,1,1
MG,3675,1,1
MG,3676,1,1
MG,3677,1,1
MG,3678,1,1
MG,3679,1,1
MG,3680,1,1
MG,3681,1,1
MG,3682,1,1
MG,3683,-1,-1
MG,3684,1,1
MG,3685,1,1
MG,3686,1,1
MG,3687,1,1
MG,3688,-1,-1
MG,3689,-1,-1
MG,3690,1,1
MG,3691,1,1
MG,3692,1,1
MG,3693,1,1
MG,3694,1,1
MG,3695,1,1
MG,3696,1,1
MG,3697,-1,-1
MG,3698,-1,-1
MG,3699,1,1
MG,3700,1,1
MG,3701,1,1
MG,3702,1,1
MG,3703,1,1
MG,3704,1,1
MG,3705,1,1
MG,3706,-1,-1
MG,3707,1,1
MG,3708,1,1
MG,3709,1,1
MG,3710,1,1
MG,3711,-1,-1
MG,3712,1,1
MG,3713,1,1
MG,3714,1,1
MG,3715,1,1
MG,3716,1,1
MG,3717,1,1
MG,3718,-1,-1
MG,3719,1,1
MG,3720,1,1
MG,3721,-1,-1
MG,3722,-1,-1
MG,3723,-1,-1
MG,3724,1,1
MG,3725,1,1
MG,3726,1,1
MG,3727,1,1
MG,3728,1,1
MG,3729,1,1
MG,3730,1,1
MG,3731,1,1
MG,3732,1,1
MG,3733,-1,-1
MG,3734,-1,-1
MG,3735,1,1
MG,3736,-1,-1
MG,3737,1,1
MG,3738,1,1
MG,3739,1,1
MG,3740,1,1
MG,3741,1,1
MG,3742,1,1
MG,3743,-1,-1
MG,3744,1,1
MG,3745,1,1
MG,3746,1,1
MG,3747,1,1
MG,3748,1,1
MG,3749,1,1
MG,3750,1,1
MG,3751,1,1
MG,3752,1,1
MG,3753,-1,-1
MG,3754,1,1
MG,3755,1,1
MG,3756,-1,-1
MG,3757,1,1
MG,3758,1,1
MG,3759,1,1
MG,3760,1,1
MG,3761,1,1
MG,3762,1,1
MG,3763,1,1
MG,3764,1,1
MG,3765,-1,-1
MG,3766,1,1
MG,3767,1,1
MG,3768,1,1
MG,3769,1,1
MG,3770,1,1
MG,3771,1,1
MG,3772,1,1
MG,3773,-1,-1
MG,3774,1,1
MG,3775,1,1
MG,3776,-1,-1
MG,3777,1,1
MG,3778,1,1
MG,3779,1,1
MG,3780,-1,-1
MG,3781,1,1
MG,3782,1,1
MG,3783,1,1
MG,3784,1,1
MG,3785,1,1
MG,3786,1,1
MG,3787,1,1
MG,3788,1,1
MG,3789,-1,-1
MG,3790,1,1
MG,3791,1,1
MG,3792,1,1
MG,3793,1,1
MG,3794,1,1
MG,3795,1,1
MG,3796,1,1
MG,3797,1,1
MG,3798,1,1
MG,3799,1,1
MG,3800,1,1
MG,3801,-1,-1
MG,3802,1,1
MG,3803,1,1
MG,3804,1,1
MG,3805,1,1
MG,3806,1,1
MG,3807,-1,-1
MG,3808,1,1
MG,3809,1,1
MG,3810,1,1
MG,3811,1,1
MG,3812,1,1
MG,3813,1,1
MG,3814,1,1
MG,3815,1,1
MG,3816,1,1
MG,3817,1,1
MG,3818,-1,-1
MG,3819,1,1
MG,3820,1,1
MG,3821,1,1
MG,3822,1,1
MG,3823,1,1
MG,3824,1,1
MG,3825,1,1
MG,3826,1,1
MG,3827,1,1
MG,3828,1,1
MG,3829,1,1
MG,3830,-1,-1
MG,3831,1,1
MG,3832,1,1
MG,3833,-1,-1
MG,3834,1,1
MG,3835,1,1
MG,3836,1,1
MG,3837,1,1
MG,3838,-1,-1
MG,3839,-1,-1
MG,3840,1,1
MG,3841,1,1
MG,3842,1,1
MG,3843,1,1
MG,3844,1,1
MG,3845,-1,-1
MG,3846,1,1
MG,3847,1,1
MG,3848,-1,-1
MG,3849,1,1
MG,3850,1,1
MG,3851,1,1
MG,3852,-1,-1
MG,3853,1,1
MG,3854,1,1
MG,3855,1,1
MG,3856,1,1
MG,3857,1,1
MG,3858,1,1
MG,3859,1,1
MG,3860,1,1
MG,3861,1,1
MG,3862,-1,-1
MG,3863,1,1
MG,3864,1,1
MG,3865,1,1
MG,3866,1,1
MG,3867,1,1
MG,3868,1,1
MG,3869,1,1
MG,3870,-1,-1
MG,3871,1,1
MG,3872,1,1
MG,3873,1,1
MG,3874,1,1
MG,3875,1,1
MG,3876,1,1
MG,3877,1,1
MG,3878,-1,-1
MG,3879,1,1
MG,3880,1,1
MG,3881,1,1
MG,3882,1,1
MG,3883,1,1
MG,3884,1,1
MG,3885,1,1
MG,3886,1,1
MG,3887,1,1
MG,3888,1,1
MG,3889,1,1
MG,3890,1,1
MG,3891,1,1
MG,3892,1,1
MG,3893,1,1
MG,3894,1,1
MG,3895,1,1
MG,3896,1,1
MG,3897,1,1
MG,3898,1,1
MG,3899,1,1
MG,3900,1,1
MG,3901,1,1
MG,3902,1,1
MG,3903,1,1
MG,3904,1,1
MG,3905,1,1
MG,3906,1,1
MG,3907,1,1
MG,3908,1,1
MG,3909,1,1
MG,3910,1,1
MG,3911,1,1
MG,3912,-1,-1
MG,3913,1,1
MG,3914,1,1
MG,3915,1,1
MG,3916,-1,-1
MG,3917,1,1
MG,3918,1,1
MG,3919,1,1
MG,3920,1,1
MG,3921,1,1
MG,3922,1,1
MG,3923,1,1
MG,3924,1,1
MG,3925,1,1
MG,3926,-1,-1
MG,3927,1,1
MG,3928,1,1
MG,3929,1,1
MG,3930,1,1
MG,3931,1,1
MG,3932,1,1
MG,3933,1,1
MG,3934,1,1
MG,3935,1,1
MG,3936,1,1
MG,3937,1,1
MG,3938,1,1
MG,3939,1,1
MG,3940,1,1
MG,3941,1,1
MG,3942,-1,-1
MG,3943,1,1
MG,3944,-1,-1
MG,3945,1,1
MG,3946,1,1
MG,3947,1,1
MG,3948,1,1
MG,3949,1,1
MG,3950,1,1
MG,3951,1,1
MG,3952,1,1
MG,3953,1,1
MG,3954,-1,-1
MG,3955,1,1
MG,3956,-1,-1
MG,3957,1,1
MG,3958,1,1
MG,3959,1,1
MG,3960,1,1
MG,3961,1,1
MG,3962,1,1
MG,3963,1,1
MG,3964,1,1
MG,3965,1,1
MG,3966,-1,-1
MG,3967,1,1
MG,3968,-1,-1
MG,3969,1,1
MG,3970,1,1
MG,3971,1,1
MG,3972,1,1
MG,3973,1,1
MG,3974,-1,-1
MG,3975,1,1
MG,3976,1,1
MG,3977,1,1
MG,3978,1,1
MG,3979,-1,-1
MG,3980,1,1
MG,3981,1,1
MG,3982,1,1
MG,3983,1,1
MG,3984,1,1
MG,3985,-1,-1
MG,3986,1,1
MG,3987,-1,-1
MG,3988,1,1
MG,3989,-1,-1
MG,3990,-1,-1
MG,3991,1,1
MG,3992,1,1
MG,3993,1,1
MG,3994,1,1
MG,3995,1,1
MG,3996,1,1
MG,3997,1,1
MG,3998,1,1
MG,3999,1,1
MG,4000,1,1
MG,4001,1,1
MG,4002,1,1
MG,4003,1,1
MG,4004,1,1
MG,4005,1,1
MG,4006,1,1
MG,4007,1,1
MG,4008,1,1
MG,4009,1,1
MG,4010,1,1
MG,4011,1,1
MG,4012,1,1
MG,4013,1,1
MG,4014,1,1
MG,4015,1,1
MG,4016,1,1
MG,4017,1,1
MG,4018,1,1
MG,4019,1,1
MG,4020,1,1
MG,4021,1,-1
MG,4022,1,1
MG,4023,1,1
MG,4024,-1,-1
MG,4025,1,1
MG,4026,1,1
MG,4027,1,1
MG,4028,1,1
MG,4029,1,1
MG,4030,-1,-1
MG,4031,1,1
MG,4032,1,1
MG,4033,1,1
MG,4034,1,1
MG,4035,1,1
MG,4036,1,1
MG,4037,1,1
MG,4038,1,1
MG,4039,1,1
MG,4040,1,1
MG,4041,1,1
MG,4042,1,1
MG,4043,1,1
MG,4044,1,1
MG,4045,1,1
MG,4046,1,1
MG,4047,1,1
MG,4048,1,1
MG,4049,1,1
MG,4050,1,1
MG,4051,1,1
MG,4052,1,1
MG,4053,1,1
MG,4054,1,1
MG,4055,1,1
MG,4056,1,1
MG,4057,1,1
MG,4058,-1,-1
MG,4059,1,1
MG,4060,1,1
MG,4061,1,1
MG,4062,1,1
MG,4063,1,1
MG,4064,-1,-1
MG,4065,1,1
MG,4066,1,1
MG,4067,1,1
MG,4068,1,1
MG,4069,1,1
MG,4070,1,1
MG,4071,1,1
MG,4072,1,1
MG,4073,1,1
MG,4074,1,1
MG,4075,1,1
MG,4076,1,1
MG,4077,1,1
MG,4078,1,1
MG,4079,1,1
MG,4080,1,1
MG,4081,1,1
MG,4082,1,1
MG,4083,-1,-1
MG,4084,1,1
MG,4085,-1,-1
MG,4086,1,1
MG,4087,1,1
MG,4088,1,1
MG,4089,1,1
MG,4090,1,1
MG,4091,1,1
MG,4092,-1,-1
MG,4093,1,1
MG,4094,1,1
MG,4095,1,1
MG,4096,1,1
MG,4097,1,1
MG,4098,1,1
MG,4099,1,1
MG,4100,1,1
MG,4101,1,1
MG,4102,-1,-1
MG,4103,1,1
MG,4104,1,1
MG,4105,-1,-1
MG,4106,1,1
MG,4107,1,1
MG,4108,1,1
MG,4109,1,1
MG,4110,1,1
MG,4111,1,1
MG,4112,1,1
MG,4113,1,1
MG,4114,1,1
MG,4115,1,1
MG,4116,1,1
MG,4117,1,1
MG,4118,1,1
MG,4119,1,1
MG,4120,1,1
MG,4121,1,1
MG,4122,1,1
MG,4123,1,1
MG,4124,1,1
MG,4125,1,1
MG,4126,1,1
MG,4127,1,1
MG,4128,1,1
MG,4129,1,1
MG,4130,1,1
MG,4131,1,1
MG,4132,1,1
MG,4133,1,1
MG,4134,-1,-1
MG,4135,1,1
MG,4136,-1,-1
MG,4137,1,1
MG,4138,1,1
MG,4139,1,1
MG,4140,1,1
MG,4141,1,1
MG,4142,1,1
MG,4143,1,1
MG,4144,1,1
MG,4145,1,1
MG,4146,1,1
MG,4147,1,1
MG,4148,1,1
MG,4149,1,1
MG,4150,1,1
MG,4151,1,1
MG,4152,1,1
MG,4153,-1,-1
MG,4154,1,1
MG,4155,1,1
MG,4156,1,1
MG,4157,1,1
MG,4158,1,1
MG,4159,1,1
MG,4160,1,1
MG,4161,1,1
MG,4162,1,1
MG,4163,1,1
MG,4164,1,1
MG,4165,-1,-1
MG,4166,1,1
MG,4167,1,1
MG,4168,1,1
MG,4169,1,1
MG,4170,-1,-1
MG,4171,1,1
MG,4172,1,1
MG,4173,1,1
MG,4174,1,1
MG,4175,1,1
MG,4176,-1,-1
MG,4177,1,1
MG,4178,1,1
MG,4179,1,1
MG,4180,1,1
MG,4181,-1,-1
MG,4182,1,1
MG,4183,1,1
MG,4184,1,1
MG,4185,1,1
MG,4186,1,1
MG,4187,1,1
MG,4188,1,1
MG,4189,1,1
MG,4190,1,1
MG,4191,1,1
MG,4192,1,1
MG,4193,1,1
MG,4194,1,1
MG,4195,1,1
MG,4196,1,1
MG,4197,1,1
MG,4198,1,1
MG,4199,1,1
MG,4200,1,1
MG,4201,1,1
MG,4202,1,1
MG,4203,1,1
MG,4204,1,1
MG,4205,1,1
MG,4206,-1,-1
MG,4207,1,1
MG,4208,1,1
MG,4209,1,1
MG,4210,1,1
MG,4211,1,1
MG,4212,1,1
MG,4213,1,1
MG,4214,1,1
MG,4215,-1,-1
MG,4216,1,1
MG,4217,1,1
MG,4218,1,1
MG,4219,1,1
MG,4220,1,1
MG,4221,-1,-1
MG,4222,1,1
MG,4223,1,1
MG,4224,1,1
MG,4225,1,1
MG,4226,-1,-1
MG,4227,-1,-1
MG,4228,1,1
MG,4229,1,1
MG,4230,1,1
MG,4231,1,1
MG,4232,1,1
MG,4233,1,1
MG,4234,-1,-1
MG,4235,1,1
MG,4236,1,1
MG,4237,1,1
MG,4238,1,1
MG,4239,1,1
MG,4240,1,1
MG,4241,1,1
MG,4242,1,1
MG,4243,1,1
MG,4244,1,1
MG,4245,1,1
MG,4246,-1,-1
MG,4247,-1,-1
MG,4248,1,1
MG,4249,1,1
MG,4250,1,1
MG,4251,1,1
MG,4252,1,1
MG,4253,1,1
MG,4254,1,1
MG,4255,1,1
MG,4256,1,1
MG,4257,1,1
MG,4258,-1,-1
MG,4259,1,1
MG,4260,1,1
MG,4261,1,1
MG,4262,1,1
MG,4263,1,1
MG,4264,1,1
MG,4265,1,1
MG,4266,1,1
MG,4267,1,1
MG,4268,1,1
MG,4269,1,1
MG,4270,1,1
MG,4271,1,1
MG,4272,-1,-1
MG,4273,1,1
MG,4274,1,1
MG,4275,1,1
MG,4276,1,1
MG,4277,1,1
MG,4278,1,1
MG,4279,1,1
MG,4280,1,1
MG,4281,1,1
MG,4282,1,1
MG,4283,1,1
MG,4284,1,1
MG,4285,1,1
MG,4286,1,1
MG,4287,1,1
MG,4288,1,1
MG,4289,1,1
MG,4290,1,1
MG,4291,1,1
MG,4292,1,1
MG,4293,1,1
MG,4294,1,1
MG,4295,1,1
MG,4296,1,1
MG,4297,1,1
MG,4298,1,1
MG,4299,1,1
MG,4300,1,1
MG,4301,1,1
MG,4302,1,1
MG,4303,1,1
MG,4304,1,1
MG,4305,1,1
MG,4306,-1,-1
MG,4307,1,1
MG,4308,1,1
MG,4309,1,1
MG,4310,1,1
MG,4311,1,1
MG,4312,1,1
MG,4313,1,1
MG,4314,1,1
MG,4315,1,1
MG,4316,1,1
MG,4317,-1,-1
MG,4318,1,1
MG,4319,1,1
MG,4320,1,1
MG,4321,1,1
MG,4322,1,1
MG,4323,1,1
MG,4324,1,1
MG,4325,1,1
MG,4326,1,1
MG,4327,1,1
MG,4328,1,1
MG,4329,1,1
MG,4330,1,1
MG,4331,1,1
MG,4332,1,1
MG,4333,1,1
MG,4334,1,1
MG,4335,1,1
MG,4336,1,1
MG,4337,1,1
MG,4338,1,1
MG,4339,1,1
MG,4340,1,1
MG,4341,1,1
MG,4342,1,1
MG,4343,1,1
MG,4344,1,1
MG,4345,-1,-1
MG,4346,1,1
MG,4347,1,1
MG,4348,1,1
MG,4349,1,1
MG,4350,1,1
MG,4351,1,1
MG,4352,1,1
MG,4353,1,1
MG,4354,1,1
MG,4355,1,1
MG,4356,1,1
MG,4357,1,1
MG,4358,1,1
MG,4359,1,1
MG,4360,1,1
MG,4361,1,1
MG,4362,1,1
MG,4363,1,1
MG,4364,1,1
MG,4365,-1,-1
MG,4366,-1,-1
MG,4367,1,1
MG,4368,1,1
MG,4369,1,1
MG,4370,1,1
MG,4371,1,1
MG,4372,1,1
MG,4373,-1,-1
MG,4374,1,1
MG,4375,1,1
MG,4376,-1,-1
MG,4377,1,1
MG,4378,1,1
MG,4379,1,1
MG,4380,1,1
MG,4381,1,1
MG,4382,-1,-1
MG,4383,1,1
MG,4384,1,1
MG,4385,1,1
MG,4386,1,1
MG,4387,1,1
MG,4388,1,1
MG,4389,1,1
MG,4390,1,1
MG,4391,1,1
MG,4392,1,1
MG,4393,1,1
MG,4394,1,1
MG,4395,1,1
MG,4396,1,1
MG,4397,1,1
MG,4398,1,1
MG,4399,1,1
MG,4400,1,1
MG,4401,1,1
MG,4402,1,1
MG,4403,1,1
MG,4404,1,1
MG,4405,1,1
MG,4406,1,1
MG,4407,1,1
MG,4408,-1,-1
MG,4409,1,1
MG,4410,1,1
MG,4411,1,1
MG,4412,1,1
MG,4413,1,1
MG,4414,1,1
MG,4415,-1,-1
MG,4416,1,1
MG,4417,1,1
MG,4418,1,1
MG,4419,1,1
MG,4420,1,1
MG,4421,1,1
MG,4422,-1,-1
MG,4423,1,1
MG,4424,1,1
MG,4425,1,1
MG,4426,1,1
MG,4427,1,1
MG,4428,1,1
MG,4429,1,1
MG,4430,1,1
MG,4431,1,1
MG,4432,1,1
MG,4433,1,1
MG,4434,1,1
MG,4435,1,1
MG,4436,-1,-1
MG,4437,1,1
MG,4438,1,1
MG,4439,-1,-1
MG,4440,1,1
MG,4441,1,1
MG,4442,1,1
MG,4443,1,1
MG,4444,1,1
MG,4445,1,1
MG,4446,1,1
MG,4447,-1,-1
MG,4448,1,1
MG,4449,1,1
MG,4450,1,1
MG,4451,1,1
MG,4452,1,1
MG,4453,1,1
MG,4454,1,1
MG,4455,1,1
MG,4456,1,1
MG,4457,1,1
MG,4458,1,1
MG,4459,1,1
MG,4460,1,1
MG,4461,1,1
MG,4462,1,1
MG,4463,1,1
MG,4464,1,1
MG,4465,1,1
MG,4466,1,1
MG,4467,1,1
MG,4468,1,1
MG,4469,1,1
MG,4470,1,1
MG,4471,1,1
MG,4472,1,1
MG,4473,1,1
MG,4474,1,1
MG,4475,1,1
MG,4476,1,1
MG,4477,1,1
MG,4478,1,1
MG,4479,1,1
MG,4480,1,1
MG,4481,1,1
MG,4482,1,1
MG,4483,1,1
MG,4484,-1,-1
MG,4485,1,1
MG,4486,1,1
MG,4487,-1,-1
MG,4488,1,1
MG,4489,1,1
MG,4490,1,1
MG,4491,1,1
MG,4492,-1,-1
MG,4493,1,1
MG,4494,1,1
MG,4495,1,1
MG,4496,1,1
MG,4497,1,1
MG,4498,1,1
MG,4499,1,1
MG,4500,1,1
MG,4501,1,1
MG,4502,1,1
MG,4503,-1,-1
MG,4504,1,1
MG,4505,1,1
MG,4506,1,1
MG,4507,-1,-1
MG,4508,1,1
MG,4509,1,1
MG,4510,-1,-1
MG,4511,1,1
MG,4512,1,1
MG,4513,1,1
MG,4514,-1,-1
MG,4515,1,1
MG,4516,1,1
MG,4517,1,1
MG,4518,1,1
MG,4519,1,1
MG,4520,1,1
MG,4521,1,1
MG,4522,1,1
MG,4523,-1,-1
MG,4524,1,1
MG,4525,1,1
MG,4526,1,1
MG,4527,1,1
MG,4528,-1,-1
MG,4529,1,1
MG,4530,1,1
MG,4531,1,1
MG,4532,1,1
MG,4533,1,1
MG,4534,1,1
MG,4535,1,1
MG,4536,1,1
MG,4537,1,1
MG,4538,1,1
MG,4539,1,1
MG,4540,1,1
MG,4541,1,1
MG,4542,1,1
MG,4543,1,1
MG,4544,1,1
MG,4545,1,1
MG,4546,1,1
MG,4547,1,1
MG,4548,1,1
MG,4549,1,1
MG,4550,-1,-1
MG,4551,1,1
MG,4552,1,1
MG,4553,1,1
MG,4554,1,1
MG,4555,1,1
MG,4556,1,1
MG,4557,1,1
MG,4558,1,1
MG,4559,1,1
MG,4560,1,1
MG,4561,1,1
MG,4562,1,1
MG,4563,1,1
MG,4564,1,1
MG,4565,1,1
MG,4566,1,1
MG,4567,1,1
MG,4568,1,1
MG,4569,1,1
MG,4570,1,1
MG,4571,1,1
MG,4572,1,1
MG,4573,1,1
MG,4574,1,1
MG,4575,1,1
MG,4576,1,1
MG,4577,1,1
MG,4578,1,1
MG,4579,1,1
MG,4580,1,1
MG,4581,-1,-1
MG,4582,1,1
MG,4583,1,1
MG,4584,1,1
MG,4585,1,1
MG,4586,1,1
MG,4587,1,1
MG,4588,-1,-1
MG,4589,1,1
MG,4590,1,1
MG,4591,1,1
MG,4592,1,1
MG,4593,1,1
MG,4594,1,1
MG,4595,1,1
MG,4596,1,1
MG,4597,1,1
MG,4598,1,1
MG,4599,1,1
MG,4600,1,1
MG,4601,1,1
MG,4602,1,1
MG,4603,1,1
MG,4604,1,1
MG,4605,1,1
MG,4606,1,1
MG,4607,1,1
MG,4608,1,1
MG,4609,1,1
MG,4610,1,1
MG,4611,1,1
MG,4612,1,1
MG,4613,1,1
MG,4614,1,1
MG,4615,1,1
MG,4616,-1,-1
MG,4617,1,1
MG,4618,1,1
MG,4619,1,1
MG,4620,-1,-1
MG,4621,1,1
MG,4622,1,1
MG,4623,1,1
MG,4624,1,1
MG,4625,1,1
MG,4626,1,1
MG,4627,1,1
MG,4628,1,1
MG,4629,1,1
MG,4630,1,1
MG,4631,1,1
MG,4632,1,1
MG,4633,1,1
MG,4634,1,1
MG,4635,1,1
MG,4636,1,1
MG,4637,1,1
MG,4638,1,1
MG,4639,1,1
MG,4640,-1,-1
MG,4641,1,1
MG,4642,1,1
MG,4643,1,1
MG,4644,1,1
MG,4645,1,1
MG,4646,1,1
MG,4647,1,1
MG,4648,-1,-1
MG,4649,1,1
MG,4650,1,1
MG,4651,1,1
MG,4652,1,1
MG,4653,1,1
MG,4654,1,1
MG,4655,1,1
MG,4656,1,1
MG,4657,1,1
MG,4658,-1,-1
MG,4659,1,1
MG,4660,1,1
MG,4661,1,1
MG,4662,1,1
MG,4663,1,1
MG,4664,1,1
MG,4665,-1,-1
MG,4666,1,1
MG,4667,1,1
MG,4668,1,1
MG,4669,-1,-1
MG,4670,1,1
MG,4671,1,1
MG,4672,-1,-1
MG,4673,1,1
MG,4674,1,1
MG,4675,1,1
MG,4676,-1,-1
MG,4677,1,1
MG,4678,1,1
MG,4679,1,1
MG,4680,1,1
MG,4681,1,1
MG,4682,1,1
MG,4683,-1,-1
MG,4684,1,1
MG,4685,1,1
MG,4686,1,1
MG,4687,-1,-1
MG,4688,1,1
MG,4689,1,1
MG,4690,-1,-1
MG,4691,1,1
MG,4692,1,1
MG,4693,1,1
MG,4694,1,1
MG,4695,1,1
MG,4696,1,1
MG,4697,1,1
MG,4698,1,1
MG,4699,1,1
MG,4700,1,1
MG,4701,1,1
MG,4702,1,1
MG,4703,1,1
MG,4704,1,1
MG,4705,1,1
MG,4706,1,1
MG,4707,1,1
MG,4708,1,1
MG,4709,1,1
MG,4710,1,1
MG,4711,1,1
MG,4712,1,1
MG,4713,1,1
MG,4714,1,1
MG,4715,1,1
MG,4716,1,1
MG,4717,1,1
MG,4718,1,1
MG,4719,1,1
MG,4720,1,1
MG,4721,1,1
MG,4722,1,1
MG,4723,1,1
MG,4724,1,1
MG,4725,1,1
MG,4726,1,1
MG,4727,1,1
MG,4728,1,1
MG,4729,1,1
MG,4730,1,1
MG,4731,1,1
MG,4732,1,1
MG,4733,1,1
MG,4734,1,1
MG,4735,1,1
MG,4736,1,1
MG,4737,1,1
MG,4738,1,1
MG,4739,1,1
MG,4740,1,1
MG,4741,-1,-1
MG,4742,1,1
MG,4743,1,1
MG,4744,1,1
MG,4745,1,1
MG,4746,-1,-1
MG,4747,-1,-1
MG,4748,1,1
MG,4749,1,1
MG,4750,-1,-1
MG,4751,1,1
MG,4752,1,1
MG,4753,-1,-1
MG,4754,1,1
MG,4755,1,1
MG,4756,1,1
MG,4757,-1,-1
MG,4758,1,1
MG,4759,1,1
MG,4760,1,1
MG,4761,1,1
MG,4762,1,1
MG,4763,1,1
MG,4764,1,1
MG,4765,-1,-1
MG,4766,1,1
MG,4767,1,1
MG,4768,1,1
MG,4769,1,1
MG,4770,1,1
MG,4771,1,1
MG,4772,1,1
MG,4773,1,1
MG,4774,1,1
MG,4775,1,1
MG,4776,1,1
MG,4777,1,1
MG,4778,1,1
MG,4779,1,1
MG,4780,1,1
MG,4781,1,1
MG,4782,1,1
MG,4783,1,1
MG,4784,1,1
MG,4785,1,1
MG,4786,1,1
MG,4787,1,1
MG,4788,1,1
MG,4789,1,1
MG,4790,1,1
MG,4791,1,1
MG,4792,1,1
MG,4793,1,1
MG,4794,1,1
MG,4795,1,1
MG,4796,1,1
MG,4797,1,1
MG,4798,1,1
MG,4799,1,1
MG,4800,-1,-1
MG,4801,-1,-1
MG,4802,1,1
MG,4803,1,1
MG,4804,1,1
MG,4805,1,1
MG,4806,1,1
MG,4807,1,1
MG,4808,-1,-1
MG,4809,1,1
MG,4810,1,1
MG,4811,1,1
MG,4812,1,1
MG,4813,1,1
MG,4814,1,1
MG,4815,1,1
MG,4816,1,1
MG,4817,1,1
MG,4818,1,1
MG,4819,1,1
MG,4820,1,1
MG,4821,1,1
MG,4822,1,1
MG,4823,-1,-1
MG,4824,1,1
MG,4825,1,1
MG,4826,1,1
MG,4827,1,1
MG,4828,1,1
MG,4829,1,1
MG,4830,1,1
MG,4831,1,1
MG,4832,1,1
MG,4833,1,1
MG,4834,1,1
MG,4835,1,1
MG,4836,1,1
MG,4837,-1,-1
MG,4838,1,1
MG,4839,1,1
MG,4840,1,1
MG,4841,-1,-1
MG,4842,1,1
MG,4843,1,1
MG,4844,1,1
MG,4845,1,1
MG,4846,1,1
MG,4847,-1,-1
MG,4848,1,1
MG,4849,1,1
MG,4850,1,1
MG,4851,1,1
MG,4852,1,1
MG,4853,1,1
MG,4854,1,1
MG,4855,1,1
MG,4856,1,1
MG,4857,1,1
MG,4858,1,1
MG,4859,1,1
MG,4860,1,1
MG,4861,-1,-1
MG,4862,1,1
MG,4863,1,1
MG,4864,1,1
MG,4865,1,1
MG,4866,-1,-1
MG,4867,1,1
MG,4868,1,1
MG,4869,1,1
MG,4870,1,1
MG,4871,1,1
MG,4872,1,1
MG,4873,1,1
MG,4874,1,1
MG,4875,1,1
MG,4876,1,1
MG,4877,-1,-1
MG,4878,1,1
MG,4879,1,1
MG,4880,1,1
MG,4881,1,1
MG,4882,1,1
MG,4883,1,1
MG,4884,1,1
MG,4885,1,1
MG,4886,1,1
MG,4887,1,1
MG,4888,-1,-1
MG,4889,1,1
MG,4890,1,1
MG,4891,1,1
MG,4892,-1,-1
MG,4893,1,1
MG,4894,1,1
MG,4895,1,1
MG,4896,-1,-1
MG,4897,1,1
MG,4898,1,1
MG,4899,1,1
MG,4900,-1,-1
MG,4901,-1,-1
MG,4902,1,1
MG,4903,1,1
MG,4904,1,1
MG,4905,1,1
MG,4906,-1,-1
MG,4907,1,1
MG,4908,1,1
MG,4909,1,1
MG,4910,1,1
MG,4911,1,1
MG,4912,-1,-1
MG,4913,1,1
MG,4914,1,1
MG,4915,1,1
MG,4916,1,1
MG,4917,1,1
MG,4918,1,1
MG,4919,1,1
MG,4920,1,1
MG,4921,1,1
MG,4922,1,1
MG,4923,1,1
MG,4924,1,1
MG,4925,1,1
MG,4926,1,1
MG,4927,1,1
MG,4928,1,1
MG,4929,1,1
MG,4930,1,1
MG,4931,1,1
MG,4932,1,1
MG,4933,1,1
MG,4934,1,1
MG,4935,-1,-1
MG,4936,1,1
MG,4937,1,1
MG,4938,1,1
MG,4939,1,1
MG,4940,1,1
MG,4941,1,1
MG,4942,1,1
MG,4943,-1,-1
MG,4944,1,1
MG,4945,1,1
MG,4946,1,1
MG,4947,1,1
MG,4948,-1,-1
MG,4949,1,1
MG,4950,1,1
MG,4951,1,1
MG,4952,1,1
MG,4953,1,1
MG,4954,1,1
MG,4955,1,1
MG,4956,1,1
MG,4957,1,1
MG,4958,1,1
MG,4959,1,1
MG,4960,1,1
MG,4961,1,1
MG,4962,1,1
MG,4963,1,1
MG,4964,1,1
MG,4965,1,1
MG,4966,-1,-1
MG,4967,1,1
MG,4968,1,1
MG,4969,1,1
MG,4970,1,1
MG,4971,1,1
MG,4972,1,1
MG,4973,1,1
MG,4974,1,1
MG,4975,-1,-1
MG,4976,-1,-1
MG,4977,1,1
MG,4978,1,1
MG,4979,1,1
MG,4980,1,1
MG,4981,1,1
MG,4982,1,1
MG,4983,1,1
MG,4984,1,1
MG,4985,1,1
MG,4986,1,1
MG,4987,1,1
MG,4988,1,1
MG,4989,-1,-1
MG,4990,1,1
MG,4991,1,1
MG,4992,1,1
MG,4993,1,1
MG,4994,1,1
MG,4995,1,1
MG,4996,1,1
MG,4997,1,1
MG,4998,1,1
MG,4999,-1,-1
MG,5000,1,1
MG,5001,1,1
MG,5002,1,1
MG,5003,-1,-1
MG,5004,1,1
MG,5005,1,1
MG,5006,-1,-1
MG,5007,1,1
MG,5008,-1,-1
MG,5009,1,1
MG,5010,1,1
MG,5011,1,1
MG,5012,-1,-1
MG,5013,1,1
MG,5014,-1,-1
MG,5015,1,1
MG,5016,1,1
MG,5017,1,1
MG,5018,1,1
MG,5019,1,1
MG,5020,1,1
MG,5021,1,1
MG,5022,1,1
MG,5023,1,1
MG,5024,1,1
MG,5025,1,1
MG,5026,1,1
MG,5027,1,1
MG,5028,1,1
MG,5029,1,1
MG,5030,1,1
MG,5031,1,1
MG,5032,1,1
MG,5033,1,1
MG,5034,1,1
MG,5035,1,1
MG,5036,1,1
MG,5037,1,1
MG,5038,1,1
MG,5039,1,1
MG,5040,1,1
MG,5041,1,1
MG,5042,1,1
MG,5043,-1,-1
MG,5044,1,1
MG,5045,1,1
MG,5046,1,1
MG,5047,1,1
MG,5048,1,1
MG,5049,1,1
MG,5050,1,1
MG,5051,-1,-1
MG,5052,1,1
MG,5053,1,1
MG,5054,1,1
MG,5055,1,1
MG,5056,1,1
MG,5057,1,1
MG,5058,1,1
MG,5059,1,1
MG,5060,1,1
MG,5061,1,1
MG,5062,-1,-1
MG,5063,1,1
MG,5064,1,1
MG,5065,1,1
MG,5066,1,1
MG,5067,1,1
MG,5068,1,1
MG,5069,1,1
MG,5070,1,1
MG,5071,1,1
MG,5072,1,1
MG,5073,-1,-1
MG,5074,1,1
MG,5075,1,1
MG,5076,1,1
MG,5077,1,1
MG,5078,1,1
MG,5079,1,1
MG,5080,1,1
MG,5081,1,1
MG,5082,1,1
MG,5083,1,1
MG,5084,1,1
MG,5085,1,1
MG,5086,1,1
MG,5087,1,1
MG,5088,1,1
MG,5089,1,1
MG,5090,-1,-1
MG,5091,1,1
MG,5092,1,1
MG,5093,-1,-1
MG,5094,1,1
MG,5095,1,1
MG,5096,1,1
MG,5097,1,1
MG,5098,1,1
MG,5099,-1,-1
MG,5100,1,1
MG,5101,1,1
MG,5102,1,1
MG,5103,-1,-1
MG,5104,1,1
MG,5105,1,1
MG,5106,-1,-1
MG,5107,1,1
MG,5108,1,1
MG,5109,1,1
MG,5110,1,1
MG,5111,1,1
MG,5112,1,1
MG,5113,1,1
MG,5114,1,1
MG,5115,1,1
MG,5116,1,1
MG,5117,1,1
MG,5118,1,1
MG,5119,-1,-1
MG,5120,1,1
MG,5121,1,1
MG,5122,1,1
MG,5123,1,1
MG,5124,1,1
MG,5125,1,1
MG,5126,1,1
MG,5127,1,1
MG,5128,1,1
MG,5129,1,1
MG,5130,1,1
MG,5131,1,1
MG,5132,-1,-1
MG,5133,1,1
MG,5134,1,1
MG,5135,1,1
MG,5136,1,1
MG,5137,1,1
MG,5138,1,1
MG,5139,1,1
MG,5140,1,1
MG,5141,1,1
MG,5142,1,1
MG,5143,1,1
MG,5144,1,1
MG,5145,-1,-1
MG,5146,1,1
MG,5147,1,1
MG,5148,1,1
MG,5149,1,1
MG,5150,1,1
MG,5151,1,1
MG,5152,1,1
MG,5153,1,1
MG,5154,1,1
MG,5155,1,1
MG,5156,1,1
MG,5157,1,1
MG,5158,1,1
MG,5159,1,1
MG,5160,1,1
MG,5161,-1,-1
MG,5162,1,1
MG,5163,1,1
MG,5164,1,1
MG,5165,1,1
MG,5166,1,1
MG,5167,1,1
MG,5168,1,1
MG,5169,-1,-1
MG,5170,1,1
MG,5171,1,1
MG,5172,1,1
MG,5173,1,1
MG,5174,1,1
MG,5175,1,1
MG,5176,1,1
MG,5177,1,1
MG,5178,1,1
MG,5179,1,1
MG,5180,1,1
MG,5181,-1,-1
MG,5182,1,1
MG,5183,-1,-1
MG,5184,1,1
MG,5185,-1,-1
MG,5186,1,1
MG,5187,1,1
MG,5188,1,1
MG,5189,1,1
MG,5190,1,1
MG,5191,1,1
MG,5192,1,1
MG,5193,-1,-1
MG,5194,1,1
MG,5195,1,1
MG,5196,1,1
MG,5197,1,1
MG,5198,1,1
MG,5199,1,1
MG,5200,-1,-1
MG,5201,1,1
MG,5202,1,1
MG,5203,1,1
MG,5204,1,1
MG,5205,1,1
MG,5206,1,1
MG,5207,1,1
MG,5208,1,1
MG,5209,1,1
MG,5210,1,1
MG,5211,1,1
MG,5212,1,1
MG,5213,-1,-1
MG,5214,-1,-1
MG,5215,1,1
MG,5216,-1,-1
MG,5217,1,1
MG,5218,1,1
MG,5219,-1,-1
MG,5220,1,1
MG,5221,1,1
MG,5222,1,1
MG,5223,1,1
MG,5224,1,1
MG,5225,1,1
MG,5226,1,1
MG,5227,1,1
MG,5228,1,1
MG,5229,1,1
MG,5230,1,1
MG,5231,1,1
MG,5232,-1,-1
MG,5233,1,1
MG,5234,1,1
MG,5235,-1,-1
MG,5236,1,1
MG,5237,1,1
MG,5238,1,1
MG,5239,1,1
MG,5240,1,1
MG,5241,1,1
MG,5242,1,1
MG,5243,1,1
MG,5244,-1,-1
MG,5245,1,1
MG,5246,1,1
MG,5247,1,1
MG,5248,-1,-1
MG,5249,1,1
MG,5250,1,1
MG,5251,1,1
MG,5252,1,1
MG,5253,-1,-1
MG,5254,1,1
MG,5255,1,1
MG,5256,1,1
MG,5257,1,1
MG,5258,1,1
MG,5259,-1,-1
MG,5260,1,1
MG,5261,1,1
MG,5262,1,1
MG,5263,1,1
MG,5264,1,1
MG,5265,1,1
MG,5266,1,1
MG,5267,1,1
MG,5268,1,1
MG,5269,1,1
MG,5270,1,1
MG,5271,1,1
MG,5272,1,1
MG,5273,1,1
MG,5274,1,1
MG,5275,1,1
MG,5276,1,1
MG,5277,1,1
MG,5278,1,1
MG,5279,-1,-1
MG,5280,1,1
MG,5281,1,1
MG,5282,1,1
MG,5283,1,1
MG,5284,-1,-1
MG,5285,1,-1
MG,5286,1,1
MG,5287,1,1
MG,5288,1,1
MG,5289,1,1
MG,5290,1,1
MG,5291,1,1
MG,5292,1,1
MG,5293,1,1
MG,5294,1,1
MG,5295,1,1
MG,5296,1,1
MG,5297,1,1
MG,5298,1,1
MG,5299,-1,-1
MG,5300,1,1
MG,5301,1,1
MG,5302,1,1
MG,5303,1,1
MG,5304,1,1
MG,5305,1,1
MG,5306,1,1
MG,5307,1,1
MG,5308,1,1
MG,5309,1,1
MG,5310,1,1
MG,5311,1,1
MG,5312,1,1
MG,5313,1,1
MG,5314,1,1
MG,5315,1,1
MG,5316,1,1
MG,5317,1,1
MG,5318,1,1
MG,5319,1,1
MG,5320,1,1
MG,5321,1,1
MG,5322,1,1
MG,5323,1,1
MG,5324,1,1
MG,5325,1,1
MG,5326,1,1
MG,5327,1,1
MG,5328,1,1
MG,5329,1,1
MG,5330,1,1
MG,5331,1,1
MG,5332,1,1
MG,5333,1,1
MG,5334,1,1
MG,5335,1,1
MG,5336,1,1
MG,5337,1,1
MG,5338,1,1
MG,5339,-1,-1
MG,5340,1,1
MG,5341,1,1
MG,5342,1,1
MG,5343,-1,-1
MG,5344,1,1
MG,5345,1,1
MG,5346,1,1
MG,5347,1,1
MG,5348,-1,-1
MG,5349,1,1
MG,5350,1,1
MG,5351,1,1
MG,5352,1,1
MG,5353,1,1
MG,5354,1,1
MG,5355,1,1
MG,5356,-1,-1
MG,5357,-1,-1
MG,5358,-1,-1
MG,5359,1,1
MG,5360,1,1
MG,5361,1,1
MG,5362,1,1
MG,5363,1,1
MG,5364,1,1
MG,5365,1,1
MG,5366,1,1
MG,5367,1,1
MG,5368,1,1
MG,5369,1,1
MG,5370,1,1
MG,5371,1,1
MG,5372,-1,-1
MG,5373,1,1
MG,5374,1,1
MG,5375,1,1
MG,5376,1,1
MG,5377,-1,-1
MG,5378,-1,-1
MG,5379,1,1
MG,5380,1,1
MG,5381,1,1
MG,5382,1,1
MG,5383,-1,-1
MG,5384,1,1
MG,5385,1,1
MG,5386,1,1
MG,5387,-1,-1
MG,5388,1,1
MG,5389,1,1
MG,5390,1,1
MG,5391,1,1
MG,5392,1,1
MG,5393,1,1
MG,5394,1,1
MG,5395,1,1
MG,5396,1,1
MG,5397,1,1
MG,5398,1,1
MG,5399,1,1
MG,5400,-1,-1
MG,5401,1,1
MG,5402,1,1
MG,5403,1,1
MG,5404,1,1
MG,5405,1,1
MG,5406,1,1
MG,5407,1,1
MG,5408,1,1
MG,5409,1,1
MG,5410,-1,-1
MG,5411,1,1
MG,5412,1,1
MG,5413,1,1
MG,5414,1,1
MG,5415,1,1
MG,5416,1,1
MG,5417,1,1
MG,5418,1,1
MG,5419,1,1
MG,5420,1,1
MG,5421,1,1
MG,5422,1,1
MG,5423,1,1
MG,5424,1,1
MG,5425,1,1
MG,5426,1,1
MG,5427,1,1
MG,5428,1,1
MG,5429,1,1
MG,5430,1,1
MG,5431,-1,-1
MG,5432,1,1
MG,5433,1,1
MG,5434,1,1
MG,5435,1,1
MG,5436,1,1
MG,5437,-1,-1
MG,5438,1,1
MG,5439,1,1
MG,5440,1,1
MG,5441,1,1
MG,5442,1,1
MG,5443,1,1
MG,5444,1,1
MG,5445,-1,-1
MG,5446,1,1
MG,5447,1,1
MG,5448,1,1
MG,5449,1,1
MG,5450,1,1
MG,5451,1,1
MG,5452,1,1
MG,5453,1,1
MG,5454,1,1
MG,5455,1,1
MG,5456,1,1
MG,5457,1,1
MG,5458,1,1
MG,5459,-1,-1
MG,5460,1,1
MG,5461,-1,-1
MG,5462,1,1
MG,5463,1,1
MG,5464,1,1
MG,5465,1,1
MG,5466,1,1
MG,5467,1,1
MG,5468,1,1
MG,5469,1,1
MG,5470,-1,-1
MG,5471,1,1
MG,5472,1,1
MG,5473,1,1
MG,5474,1,1
MG,5475,1,1
MG,5476,-1,-1
MG,5477,1,1
MG,5478,1,1
MG,5479,-1,-1
MG,5480,1,1
MG,5481,1,1
MG,5482,1,1
MG,5483,1,1
MG,5484,1,1
MG,5485,-1,-1
MG,5486,1,1
MG,5487,1,1
MG,5488,1,1
MG,5489,1,1
MG,5490,1,1
MG,5491,1,1
MG,5492,1,1
MG,5493,1,1
MG,5494,1,1
MG,5495,1,1
MG,5496,1,1
MG,5497,1,1
MG,5498,1,1
MG,5499,1,1
MG,5500,1,1
MG,5501,1,1
MG,5502,1,1
MG,5503,1,1
MG,5504,1,1
MG,5505,1,1
MG,5506,1,1
MG,5507,1,1
MG,5508,-1,-1
MG,5509,1,1
MG,5510,1,1
MG,5511,1,1
MG,5512,1,1
MG,5513,1,1
MG,5514,1,1
MG,5515,1,1
MG,5516,1,1
MG,5517,1,1
MG,5518,1,1
MG,5519,1,1
MG,5520,1,1
MG,5521,1,1
MG,5522,1,1
MG,5523,1,1
MG,5524,-1,-1
MG,5525,1,1
MG,5526,1,1
MG,5527,-1,-1
MG,5528,1,1
MG,5529,1,1
MG,5530,1,1
MG,5531,1,1
MG,5532,1,1
MG,5533,-1,-1
MG,5534,1,1
MG,5535,1,1
MG,5536,1,1
MG,5537,1,1
MG,5538,1,1
MG,5539,1,1
MG,5540,1,1
MG,5541,1,1
MG,5542,1,1
MG,5543,1,1
MG,5544,1,1
MG,5545,1,1
MG,5546,1,1
MG,5547,1,1
MG,5548,1,1
MG,5549,1,1
MG,5550,1,1
MG,5551,-1,-1
MG,5552,1,1
MG,5553,1,1
MG,5554,1,1
MG,5555,1,1
MG,5556,1,1
MG,5557,1,1
MG,5558,1,1
MG,5559,1,1
MG,5560,1,1
MG,5561,1,1
MG,5562,1,1
MG,5563,1,1
MG,5564,1,1
MG,5565,1,1
MG,5566,1,1
MG,5567,1,1
MG,5568,-1,-1
MG,5569,1,1
MG,5570,1,1
MG,5571,1,1
MG,5572,1,1
MG,5573,1,1
MG,5574,1,1
MG,5575,-1,-1
MG,5576,1,1
MG,5577,1,1
MG,5578,1,1
MG,5579,1,1
MG,5580,1,1
MG,5581,1,1
MG,5582,1,1
MG,5583,1,1
MG,5584,1,1
MG,5585,1,1
MG,5586,1,1
MG,5587,1,1
MG,5588,1,1
MG,5589,1,1
MG,5590,1,1
MG,5591,1,1
MG,5592,1,1
MG,5593,1,1
MG,5594,1,1
MG,5595,1,1
MG,5596,1,1
MG,5597,1,1
MG,5598,1,1
MG,5599,1,1
MG,5600,1,1
MG,5601,1,1
MG,5602,1,1
MG,5603,1,1
MG,5604,-1,-1
MG,5605,1,1
MG,5606,1,1
MG,5607,1,1
MG,5608,1,1
MG,5609,1,1
MG,5610,1,1
MG,5611,1,1
MG,5612,1,1
MG,5613,1,1
MG,5614,1,1
MG,5615,1,1
MG,5616,1,1
MG,5617,1,1
MG,5618,1,1
MG,5619,1,1
MG,5620,1,1
MG,5621,1,1
MG,5622,1,1
MG,5623,1,1
MG,5624,1,1
MG,5625,1,1
MG,5626,1,1
MG,5627,1,1
MG,5628,1,1
MG,5629,1,1
MG,5630,1,1
MG,5631,1,1
MG,5632,1,1
MG,5633,-1,-1
MG,5634,1,1
MG,5635,-1,-1
MG,5636,1,1
MG,5637,1,1
MG,5638,1,1
MG,5639,1,1
MG,5640,1,1
MG,5641,-1,-1
MG,5642,1,1
MG,5643,1,1
MG,5644,-1,-1
MG,5645,1,1
MG,5646,-1,-1
MG,5647,1,1
MG,5648,-1,-1
MG,5649,1,1
MG,5650,1,1
MG,5651,-1,-1
MG,5652,1,1
MG,5653,1,1
MG,5654,1,1
MG,5655,-1,-1
MG,5656,1,1
MG,5657,1,1
MG,5658,1,1
MG,5659,1,1
MG,5660,1,1
MG,5661,1,1
MG,5662,1,1
MG,5663,1,1
MG,5664,1,1
MG,5665,-1,-1
MG,5666,1,1
MG,5667,1,1
MG,5668,1,1
MG,5669,1,1
MG,5670,1,1
MG,5671,1,1
MG,5672,1,1
MG,5673,1,1
MG,5674,1,1
MG,5675,1,1
MG,5676,1,1
MG,5677,1,1
MG,5678,1,1
MG,5679,1,1
MG,5680,1,1
MG,5681,1,1
MG,5682,1,1
MG,5683,1,1
MG,5684,1,1
MG,5685,1,1
MG,5686,1,1
MG,5687,1,1
MG,5688,1,1
MG,5689,1,1
MG,5690,1,1
MG,5691,1,1
MG,5692,1,1
MG,5693,1,1
MG,5694,1,1
MG,5695,1,1
MG,5696,1,1
MG,5697,1,1
MG,5698,1,1
MG,5699,1,1
MG,5700,1,1
MG,5701,-1,-1
MG,5702,1,1
MG,5703,1,1
MG,5704,1,1
MG,5705,1,1
MG,5706,-1,-1
MG,5707,-1,-1
MG,5708,-1,-1
MG,5709,1,1
MG,5710,-1,-1
MG,5711,1,1
MG,5712,1,1
MG,5713,1,1
MG,5714,1,1
MG,5715,1,1
MG,5716,1,1
MG,5717,1,1
MG,5718,1,1
MG,5719,1,1
MG,5720,1,1
MG,5721,1,1
MG,5722,1,1
MG,5723,1,1
MG,5724,1,1
MG,5725,1,1
MG,5726,1,1
MG,5727,1,1
MG,5728,1,1
MG,5729,1,1
MG,5730,1,1
MG,5731,1,1
MG,5732,1,1
MG,5733,1,1
MG,5734,1,1
MG,5735,1,1
MG,5736,1,1
MG,5737,1,1
MG,5738,1,1
MG,5739,1,1
MG,5740,-1,-1
MG,5741,1,1
MG,5742,1,1
MG,5743,1,1
MG,5744,1,1
MG,5745,1,1
MG,5746,1,1
MG,5747,1,1
MG,5748,1,1
MG,5749,1,1
MG,5750,1,1
MG,5751,1,1
MG,5752,-1,-1
MG,5753,1,1
MG,5754,1,1
MG,5755,1,1
MG,5756,1,1
MG,5757,1,1
MG,5758,1,1
MG,5759,1,1
MG,5760,1,1
MG,5761,1,1
MG,5762,1,1
MG,5763,-1,-1
MG,5764,1,1
MG,5765,1,1
MG,5766,1,1
MG,5767,1,1
MG,5768,-1,-1
MG,5769,-1,-1
MG,5770,1,1
MG,5771,1,1
MG,5772,1,1
MG,5773,1,1
MG,5774,1,1
MG,5775,1,1
MG,5776,1,1
MG,5777,1,1
MG,5778,1,1
MG,5779,1,1
MG,5780,1,1
MG,5781,-1,-1
MG,5782,1,1
MG,5783,1,1
MG,5784,1,1
MG,5785,1,1
MG,5786,1,1
MG,5787,1,1
MG,5788,1,1
MG,5789,1,1
MG,5790,1,1
MG,5791,1,1
MG,5792,1,1
MG,5793,1,1
MG,5794,1,1
MG,5795,1,1
MG,5796,1,1
MG,5797,1,1
MG,5798,1,1
MG,5799,1,1
MG,5800,1,1
MG,5801,1,1
MG,5802,1,1
MG,5803,1,1
MG,5804,1,1
MG,5805,1,1
MG,5806,1,1
MG,5807,1,1
MG,5808,1,1
MG,5809,1,1
MG,5810,1,1
MG,5811,1,1
MG,5812,1,1
MG,5813,1,1
MG,5814,1,1
MG,5815,1,1
MG,5816,1,1
MG,5817,1,1
MG,5818,-1,-1
MG,5819,1,1
MG,5820,1,1
MG,5821,1,1
MG,5822,1,1
MG,5823,-1,-1
MG,5824,1,1
MG,5825,1,1
MG,5826,1,1
MG,5827,1,1
MG,5828,-1,-1
MG,5829,1,1
MG,5830,1,1
MG,5831,1,1
MG,5832,-1,-1
MG,5833,1,1
MG,5834,1,1
MG,5835,1,1
MG,5836,1,1
MG,5837,1,1
MG,5838,1,1
MG,5839,-1,-1
MG,5840,1,1
MG,5841,1,1
MG,5842,1,1
MG,5843,1,1
MG,5844,1,1
MG,5845,1,1
MG,5846,1,1
MG,5847,1,1
MG,5848,1,1
MG,5849,1,1
MG,5850,-1,-1
MG,5851,1,1
MG,5852,1,1
MG,5853,1,1
MG,5854,1,1
MG,5855,1,1
MG,5856,1,1
MG,5857,1,1
MG,5858,-1,-1
MG,5859,1,1
MG,5860,-1,-1
MG,5861,1,1
MG,5862,1,1
MG,5863,1,1
MG,5864,1,1
MG,5865,1,1
MG,5866,-1,-1
MG,5867,1,1
MG,5868,1,1
MG,5869,1,1
MG,5870,1,1
MG,5871,1,1
MG,5872,1,1
MG,5873,1,1
MG,5874,1,1
MG,5875,1,1
MG,5876,1,1
MG,5877,1,1
MG,5878,1,1
MG,5879,1,1
MG,5880,1,1
MG,5881,1,1
MG,5882,1,1
MG,5883,1,1
MG,5884,1,1
MG,5885,1,1
MG,5886,1,1
MG,5887,1,1
MG,5888,1,1
MG,5889,-1,-1
MG,5890,1,1
MG,5891,1,1
MG,5892,-1,-1
MG,5893,1,1
MG,5894,1,1
MG,5895,1,1
MG,5896,1,1
MG,5897,1,1
MG,5898,1,1
MG,5899,1,1
MG,5900,1,1
MG,5901,1,1
MG,5902,1,1
MG,5903,1,1
MG,5904,1,1
MG,5905,-1,-1
MG,5906,1,1
MG,5907,1,1
MG,5908,1,1
MG,5909,1,1
MG,5910,-1,-1
MG,5911,1,1
MG,5912,1,1
MG,5913,1,1
MG,5914,1,1
MG,5915,1,1
MG,5916,1,1
MG,5917,1,1
MG,5918,-1,-1
MG,5919,1,1
MG,5920,1,1
MG,5921,1,1
MG,5922,1,1
MG,5923,1,1
MG,5924,1,1
MG,5925,1,1
MG,5926,1,1
MG,5927,1,1
MG,5928,1,1
MG,5929,1,1
MG,5930,1,1
MG,5931,1,1
MG,5932,1,1
MG,5933,1,1
MG,5934,1,1
MG,5935,1,1
MG,5936,1,1
MG,5937,1,1
MG,5938,1,1
MG,5939,1,1
MG,5940,1,1
MG,5941,1,1
MG,5942,1,1
MG,5943,1,1
MG,5944,1,1
MG,5945,1,1
MG,5946,1,1
MG,5947,1,1
MG,5948,1,1
MG,5949,1,1
MG,5950,1,1
MG,5951,1,1
MG,5952,1,1
MG,5953,1,1
MG,5954,1,1
MG,5955,1,1
MG,5956,1,1
MG,5957,1,1
MG,5958,1,1
MG,5959,1,1
MG,5960,1,1
MG,5961,1,1
MG,5962,-1,-1
MG,5963,1,1
MG,5964,1,1
MG,5965,1,1
MG,5966,1,1
MG,5967,1,1
MG,5968,1,1
MG,5969,1,1
MG,5970,1,1
MG,5971,1,1
MG,5972,1,1
MG,5973,1,1
MG,5974,-1,-1
MG,5975,1,1
MG,5976,1,1
MG,5977,1,1
MG,5978,1,1
MG,5979,1,1
MG,5980,1,1
MG,5981,1,1
MG,5982,1,1
MG,5983,1,1
MG,5984,1,1
MG,5985,1,1
MG,5986,1,1
MG,5987,1,1
MG,5988,1,1
MG,5989,1,1
MG,5990,1,1
MG,5991,1,1
MG,5992,1,1
MG,5993,1,1
MG,5994,1,1
MG,5995,1,1
MG,5996,1,1
MG,5997,1,1
MG,5998,1,1
MG,5999,1,1
MG,6000,-1,-1
MG,6001,1,1
MG,6002,1,1
MG,6003,1,1
MG,6004,1,1
MG,6005,1,1
MG,6006,1,1
MG,6007,-1,-1
MG,6008,1,1
MG,6009,1,1
MG,6010,1,1
MG,6011,1,1
MG,6012,1,1
MG,6013,1,1
MG,6014,1,1
MG,6015,1,1
MG,6016,1,1
MG,6017,1,1
MG,6018,1,1
MG,6019,1,1
MG,6020,1,1
MG,6021,1,1
MG,6022,1,1
MG,6023,-1,-1
MG,6024,1,1
MG,6025,1,1
MG,6026,-1,-1
MG,6027,1,1
MG,6028,1,1
MG,6029,1,1
MG,6030,1,1
MG,6031,1,1
MG,6032,1,1
MG,6033,1,1
MG,6034,1,1
MG,6035,-1,-1
MG,6036,1,1
MG,6037,1,1
MG,6038,1,1
MG,6039,1,1
MG,6040,1,1
MG,6041,1,1
MG,6042,1,1
MG,6043,1,1
MG,6044,1,1
MG,6045,1,1
MG,6046,1,1
MG,6047,1,1
MG,6048,1,1
MG,6049,-1,-1
MG,6050,1,1
MG,6051,1,1
MG,6052,-1,-1
MG,6053,1,1
MG,6054,1,1
MG,6055,1,1
MG,6056,-1,-1
MG,6057,1,1
MG,6058,1,1
MG,6059,1,1
MG,6060,1,1
MG,6061,1,1
MG,6062,1,1
MG,6063,1,1
MG,6064,1,1
MG,6065,1,1
MG,6066,1,1
MG,6067,1,1
MG,6068,1,1
MG,6069,1,1
MG,6070,1,1
MG,6071,1,1
MG,6072,1,1
MG,6073,1,1
MG,6074,-1,-1
MG,6075,1,1
MG,6076,1,1
MG,6077,1,1
MG,6078,1,1
MG,6079,1,1
MG,6080,1,1
MG,6081,1,1
MG,6082,1,1
MG,6083,1,1
MG,6084,1,1
MG,6085,1,1
MG,6086,1,1
MG,6087,1,1
MG,6088,1,1
MG,6089,-1,-1
MG,6090,1,1
MG,6091,1,1
MG,6092,1,1
MG,6093,1,1
MG,6094,1,1
MG,6095,1,1
MG,6096,-1,-1
MG,6097,1,1
MG,6098,1,1
MG,6099,1,1
MG,6100,1,1
MG,6101,1,1
MG,6102,1,1
MG,6103,1,1
MG,6104,1,1
MG,6105,1,1
MG,6106,1,1
MG,6107,1,1
MG,6108,1,1
MG,6109,1,1
MG,6110,-1,-1
MG,6111,1,1
MG,6112,1,1
MG,6113,1,1
MG,6114,1,1
MG,6115,1,1
MG,6116,1,1
MG,6117,1,1
MG,6118,1,1
MG,6119,1,1
MG,6120,1,1
MG,6121,1,1
MG,6122,1,1
MG,6123,-1,-1
MG,6124,1,1
MG,6125,1,1
MG,6126,1,1
MG,6127,1,1
MG,6128,1,1
MG,6129,1,1
MG,6130,1,1
MG,6131,1,1
MG,6132,1,1
MG,6133,1,1
MG,6134,1,1
MG,6135,1,1
MG,6136,1,1
MG,6137,1,1
MG,6138,1,1
MG,6139,1,1
MG,6140,1,1
MG,6141,1,1
MG,6142,1,1
MG,6143,1,1
MG,6144,1,1
MG,6145,1,1
MG,6146,1,1
MG,6147,1,1
MG,6148,1,1
MG,6149,1,1
MG,6150,1,1
MG,6151,1,1
MG,6152,1,1
MG,6153,1,1
MG,6154,1,1
MG,6155,1,1
MG,6156,1,1
MG,6157,1,1
MG,6158,1,1
MG,6159,1,1
MG,6160,-1,-1
MG,6161,-1,-1
MG,6162,1,1
MG,6163,1,1
cheap,0,1,1
cheap,1,1,1
cheap,2,1,1
cheap,3,1,1
cheap,4,1,1
cheap,5,1,1
cheap,6,-1,-1
cheap,7,1,1
cheap,8,1,1
cheap,9,1,1
cheap,10,1,1
cheap,11,1,1
cheap,12,1,1
cheap,13,1,1
cheap,14,1,1
cheap,15,1,1
cheap,16,1,1
cheap,17,1,1
cheap,18,1,1
cheap,19,1,1
cheap,20,1,1
cheap,21,1,1
cheap,22,1,1
cheap,23,1,1
cheap,24,1,1
cheap,25,1,1
cheap,26,1,1
cheap,27,1,1
cheap,28,1,1
cheap,29,1,1
cheap,30,1,1
cheap,31,1,1
cheap,32,1,1
cheap,33,1,1
cheap,34,1,1
cheap,35,1,1
cheap,36,1,1
cheap,37,1,1
cheap,38,1,1
cheap,39,1,1
cheap,40,1,1
cheap,41,1,1
cheap,42,1,1
cheap,43,1,1
cheap,44,1,1
cheap,45,1,1
cheap,46,1,1
cheap,47,1,1
cheap,48,1,1
cheap,49,1,1
cheap,50,1,1
cheap,51,1,1
cheap,52,1,1
cheap,53,1,1
cheap,54,1,1
cheap,55,1,1
cheap,56,1,1
cheap,57,1,1
cheap,58,1,1
cheap,59,1,1
cheap,60,-1,-1
cheap,61,1,1
cheap,62,1,1
cheap,63,1,1
cheap,64,1,1
cheap,65,1,1
cheap,66,1,1
cheap,67,1,1
cheap,68,1,-1
cheap,69,1,1
cheap,70,1,1
cheap,71,1,1
cheap,72,1,1
cheap,73,1,1
cheap,74,1,1
cheap,75,-1,-1
cheap,76,1,1
cheap,77,1,1
cheap,78,1,1
cheap,79,1,1
cheap,80,1,1
cheap,81,1,1
cheap,82,1,1
cheap,83,-1,-1
cheap,84,1,1
cheap,85,1,1
cheap,86,1,1
cheap,87,1,1
cheap,88,-1,-1
cheap,89,1,1
cheap,90,1,1
cheap,91,1,1
cheap,92,1,1
cheap,93,1,1
cheap,94,1,1
cheap,95,1,1
cheap,96,1,1
cheap,97,1,1
cheap,98,1,1
cheap,99,1,1
cheap,100,1,1
cheap,101,1,1
cheap,102,1,1
cheap,103,1,1
cheap,104,-1,-1
cheap,105,1,1
cheap,106,1,1
cheap,107,1,1
cheap,108,1,1
cheap,109,1,1
cheap,110,-1,-1
cheap,111,1,1
cheap,112,1,1
cheap,113,1,1
cheap,114,1,1
cheap,115,1,1
cheap,116,1,1
cheap,117,1,1
cheap,118,1,1
cheap,119,1,1
cheap,120,1,1
cheap,121,1,1
cheap,122,-1,-1
cheap,123,1,1
cheap,124,1,1
cheap,125,1,1
cheap,126,1,1
cheap,127,1,1
cheap,128,1,1
cheap,129,1,1
cheap,130,1,1
cheap,131,-1,-1
cheap,132,1,1
cheap,133,1,1
cheap,134,1,1
cheap,135,-1,-1
cheap,136,1,1
cheap,137,1,1
cheap,138,1,1
cheap,139,1,1
cheap,140,1,1
cheap,141,1,1
cheap,142,1,1
cheap,143,1,1
cheap,144,1,1
cheap,145,1,1
cheap,146,1,1
cheap,147,-1,-1
cheap,148,1,1
cheap,149,1,1
cheap,150,1,1
cheap,151,1,1
cheap,152,1,1
cheap,153,1,1
cheap,154,-1,-1
cheap,155,1,1
cheap,156,1,1
cheap,157,1,1
cheap,158,1,1
cheap,159,1,1
cheap,160,1,1
cheap,161,1,1
cheap,162,1,1
cheap,163,-1,-1
cheap,164,1,1
cheap,165,1,1
cheap,166,1,1
cheap,167,1,1
cheap,168,1,1
cheap,169,1,1
cheap,170,1,1
cheap,171,1,1
cheap,172,1,1
cheap,173,1,1
cheap,174,1,1
cheap,175,1,1
cheap,176,1,1
cheap,177,1,1
cheap,178,1,1
cheap,179,1,1
cheap,180,1,1
cheap,181,1,1
cheap,182,1,1
cheap,183,1,1
cheap,184,1,1
cheap,185,1,1
cheap,186,1,1
cheap,187,1,1
cheap,188,1,1
cheap,189,1,1
cheap,190,1,1
cheap,191,1,1
cheap,192,1,1
cheap,193,1,1
cheap,194,1,1
cheap,195,1,1
cheap,196,1,1
cheap,197,1,1
cheap,198,1,1
cheap,199,1,1
cheap,200,1,1
cheap,201,-1,-1
cheap,202,1,1
cheap,203,-1,-1
cheap,204,-1,-1
cheap,205,1,1
cheap,206,1,1
cheap,207,1,1
cheap,208,1,1
cheap,209,1,1
cheap,210,1,1
cheap,211,1,1
cheap,212,1,1
cheap,213,1,1
cheap,214,1,1
cheap,215,1,1
cheap,216,-1,-1
cheap,217,1,1
cheap,218,1,1
cheap,219,1,1
cheap,220,-1,-1
cheap,221,1,1
cheap,222,1,1
cheap,223,-1,-1
cheap,224,1,1
cheap,225,1,1
cheap,226,1,1
cheap,227,1,1
cheap,228,-1,-1
cheap,229,1,1
cheap,230,1,1
cheap,231,1,1
cheap,232,1,1
cheap,233,1,1
cheap,234,1,1
cheap,235,1,1
cheap,236,-1,-1
cheap,237,1,1
cheap,238,1,1
cheap,239,1,1
cheap,240,1,1
cheap,241,-1,-1
cheap,242,1,1
cheap,243,1,1
cheap,244,1,1
cheap,245,1,1
cheap,246,-1,-1
cheap,247,1,1
cheap,248,1,1
cheap,249,1,1
cheap,250,1,1
cheap,251,1,1
cheap,252,1,1
cheap,253,1,1
cheap,254,-1,-1
cheap,255,1,1
cheap,256,1,1
cheap,257,1,1
cheap,258,1,1
cheap,259,1,1
cheap,260,1,1
cheap,261,1,1
cheap,262,1,1
cheap,263,-1,-1
cheap,264,1,1
cheap,265,1,1
cheap,266,1,1
cheap,267,-1,-1
cheap,268,1,1
cheap,269,-1,-1
cheap,270,1,1
cheap,271,1,1
cheap,272,1,1
cheap,273,1,1
cheap,274,1,1
cheap,275,1,1
cheap,276,1,1
cheap,277,1,1
cheap,278,1,1
cheap,279,1,1
cheap,280,1,1
cheap,281,1,1
cheap,282,1,1
cheap,283,1,1
cheap,284,1,1
cheap,285,1,1
cheap,286,1,1
cheap,287,1,1
cheap,288,-1,-1
cheap,289,1,1
cheap,290,1,1
cheap,291,1,1
cheap,292,1,1
cheap,293,1,1
cheap,294,1,1
cheap,295,1,1
cheap,296,1,1
cheap,297,-1,-1
cheap,298,1,1
cheap,299,1,1
cheap,300,1,1
cheap,301,1,1
cheap,302,1,1
cheap,303,1,1
cheap,304,1,1
cheap,305,1,1
cheap,306,1,1
cheap,307,1,1
cheap,308,1,1
cheap,309,1,1
cheap,310,1,1
cheap,311,1,1
cheap,312,1,1
cheap,313,1,1
cheap,314,1,1
cheap,315,1,1
cheap,316,-1,-1
cheap,317,1,1
cheap,318,1,1
cheap,319,1,1
cheap,320,1,1
cheap,321,1,1
cheap,322,1,1
cheap,323,1,1
cheap,324,1,1
cheap,325,1,1
cheap,326,1,1
cheap,327,1,1
cheap,328,1,1
cheap,329,1,1
cheap,330,1,1
cheap,331,1,1
cheap,332,1,1
cheap,333,1,1
cheap,334,-1,-1
cheap,335,1,1
cheap,336,1,1
cheap,337,1,1
cheap,338,1,1
cheap,339,1,1
cheap,340,1,1
cheap,341,1,1
cheap,342,1,1
cheap,343,1,1
cheap,344,1,1
cheap,345,-1,-1
cheap,346,1,1
cheap,347,1,1
cheap,348,1,1
cheap,349,1,1
cheap,350,1,1
cheap,351,1,1
cheap,352,-1,-1
cheap,353,1,1
cheap,354,1,1
cheap,355,-1,-1
cheap,356,1,1
cheap,357,1,1
cheap,358,1,1
cheap,359,1,1
cheap,360,1,1
cheap,361,1,1
cheap,362,1,1
cheap,363,1,1
cheap,364,1,1
cheap,365,-1,-1
cheap,366,1,1
cheap,367,-1,-1
cheap,368,1,1
cheap,369,1,1
cheap,370,1,1
cheap,371,-1,-1
cheap,372,-1,-1
cheap,373,-1,-1
cheap,374,1,1
cheap,375,1,1
cheap,376,1,1
cheap,377,1,1
cheap,378,1,1
cheap,379,1,1
cheap,380,1,1
cheap,381,-1,-1
cheap,382,-1,-1
cheap,383,-1,1
cheap,384,-1,-1
cheap,385,1,1
cheap,386,1,1
cheap,387,1,1
cheap,388,1,1
cheap,389,1,1
cheap,390,-1,-1
cheap,391,1,1
cheap,392,1,1
cheap,393,1,1
cheap,394,1,1
cheap,395,1,1
cheap,396,1,1
cheap,397,1,1
cheap,398,1,1
cheap,399,1,1
cheap,400,1,1
cheap,401,1,1
cheap,402,1,1
cheap,403,1,1
cheap,404,1,1
cheap,405,1,1
cheap,406,1,1
cheap,407,1,1
cheap,408,1,1
cheap,409,1,1
cheap,410,1,1
cheap,411,1,1
cheap,412,1,1
cheap,413,1,1
cheap,414,1,1
cheap,415,1,1
cheap,416,1,1
cheap,417,-1,-1
cheap,418,-1,-1
cheap,419,-1,-1
cheap,420,1,1
cheap,421,1,1
cheap,422,1,1
cheap,423,-1,-1
cheap,424,1,1
cheap,425,1,1
cheap,426,1,1
cheap,427,1,1
cheap,428,-1,-1
cheap,429,1,1
cheap,430,1,1
cheap,431,1,1
cheap,432,1,1
cheap,433,-1,-1
cheap,434,1,1
cheap,435,1,1
cheap,436,1,1
cheap,437,1,1
cheap,438,1,1
cheap,439,1,1
cheap,440,1,1
cheap,441,1,1
cheap,442,-1,-1
cheap,443,-1,-1
cheap,444,-1,-1
cheap,445,1,1
cheap,446,1,1
cheap,447,1,1
cheap,448,1,1
cheap,449,1,1
cheap,450,1,1
cheap,451,1,1
cheap,452,1,1
cheap,453,1,1
cheap,454,1,1
cheap,455,1,1
cheap,456,1,1
cheap,457,1,1
cheap,458,1,1
cheap,459,1,1
cheap,460,1,1
cheap,461,1,1
cheap,462,1,1
cheap,463,1,1
cheap,464,1,1
cheap,465,1,1
cheap,466,1,1
cheap,467,1,1
cheap,468,1,1
cheap,469,1,1
cheap,470,1,1
cheap,471,1,1
cheap,472,1,1
cheap,473,1,1
cheap,474,1,1
cheap,475,1,1
cheap,476,1,1
cheap,477,1,1
cheap,478,1,1
cheap,479,-1,-1
cheap,480,1,1
cheap,481,1,1
cheap,482,1,1
cheap,483,1,1
cheap,484,1,1
cheap,485,1,1
cheap,486,1,1
cheap,487,1,1
cheap,488,1,1
cheap,489,1,1
cheap,490,-1,-1
cheap,491,1,1
cheap,492,1,1
cheap,493,1,1
cheap,494,1,1
cheap,495,-1,-1
cheap,496,1,1
cheap,497,1,1
cheap,498,1,1
cheap,499,1,1
cheap,500,1,1
cheap,501,1,1
cheap,502,1,1
cheap,503,1,1
cheap,504,1,1
cheap,505,1,1
cheap,506,1,1
cheap,507,1,1
cheap,508,1,1
cheap,509,1,1
cheap,510,1,1
cheap,511,1,1
cheap,512,1,1
cheap,513,1,1
cheap,514,1,1
cheap,515,-1,-1
cheap,516,1,1
cheap,517,1,1
cheap,518,-1,-1
cheap,519,1,1
cheap,520,-1,-1
cheap,521,-1,-1
cheap,522,1,1
cheap,523,1,1
cheap,524,1,1
cheap,525,-1,-1
cheap,526,-1,-1
cheap,527,1,1
cheap,528,1,1
cheap,529,1,1
cheap,530,1,1
cheap,531,1,1
cheap,532,1,1
cheap,533,1,1
cheap,534,1,1
cheap,535,1,1
cheap,536,1,1
cheap,537,1,1
cheap,538,1,1
cheap,539,1,1
cheap,540,1,1
cheap,541,1,1
cheap,542,1,1
cheap,543,1,1
cheap,544,1,1
cheap,545,1,1
cheap,546,1,1
cheap,547,1,1
cheap,548,1,1
cheap,549,1,1
cheap,550,1,1
cheap,551,1,1
cheap,552,1,1
cheap,553,1,1
cheap,554,1,1
cheap,555,1,1
cheap,556,1,1
cheap,557,1,1
cheap,558,1,1
cheap,559,1,1
cheap,560,1,1
cheap,561,1,1
cheap,562,1,1
cheap,563,1,1
cheap,564,1,1
cheap,565,1,1
cheap,566,1,1
cheap,567,1,1
cheap,568,1,1
cheap,569,1,1
cheap,570,1,1
cheap,571,1,1
cheap,572,1,1
cheap,573,1,1
cheap,574,1,1
cheap,575,1,1
cheap,576,1,1
cheap,577,1,1
cheap,578,1,1
cheap,579,1,1
cheap,580,1,1
cheap,581,1,1
cheap,582,-1,-1
cheap,583,1,1
cheap,584,1,1
cheap,585,1,1
cheap,586,1,1
cheap,587,1,1
cheap,588,1,1
cheap,589,1,1
cheap,590,1,1
cheap,591,1,1
cheap,592,1,1
cheap,593,1,1
cheap,594,1,1
cheap,595,1,1
cheap,596,1,1
cheap,597,1,1
cheap,598,1,1
cheap,599,1,1
cheap,600,1,1
cheap,601,1,1
cheap,602,1,1
cheap,603,1,1
cheap,604,1,1
cheap,605,1,1
cheap,606,1,1
cheap,607,-1,-1
cheap,608,1,1
cheap,609,1,1
cheap,610,1,1
cheap,611,1,1
cheap,612,1,1
cheap,613,1,1
cheap,614,-1,-1
cheap,615,1,1
cheap,616,1,1
cheap,617,1,1
cheap,618,1,1
cheap,619,1,1
cheap,620,1,1
cheap,621,-1,-1
cheap,622,1,1
cheap,623,1,1
cheap,624,1,1
cheap,625,-1,-1
cheap,626,1,1
cheap,627,1,1
cheap,628,1,1
cheap,629,1,1
cheap,630,1,1
cheap,631,1,1
cheap,632,-1,-1
cheap,633,1,1
cheap,634,1,1
cheap,635,1,1
cheap,636,1,1
cheap,637,1,1
cheap,638,1,1
cheap,639,1,1
cheap,640,-1,-1
cheap,641,1,1
cheap,642,1,1
cheap,643,1,1
cheap,644,1,1
cheap,645,1,1
cheap,646,1,1
cheap,647,1,1
cheap,648,-1,-1
cheap,649,1,1
cheap,650,1,1
cheap,651,1,1
cheap,652,1,1
cheap,653,1,1
cheap,654,1,1
cheap,655,-1,-1
cheap,656,1,1
cheap,657,1,1
cheap,658,1,1
cheap,659,1,1
cheap,660,1,1
cheap,661,1,1
cheap,662,1,1
cheap,663,1,1
cheap,664,1,1
cheap,665,1,1
cheap,666,1,1
cheap,667,1,1
cheap,668,1,1
cheap,669,1,1
cheap,670,1,1
cheap,671,1,1
cheap,672,-1,-1
cheap,673,-1,-1
cheap,674,1,1
cheap,675,1,1
cheap,676,1,1
cheap,677,1,1
cheap,678,1,1
cheap,679,1,1
cheap,680,1,1
cheap,681,1,1
cheap,682,1,1
cheap,683,1,1
cheap,684,1,1
cheap,685,1,1
cheap,686,1,1
cheap,687,1,1
cheap,688,1,1
cheap,689,1,1
cheap,690,-1,-1
cheap,691,1,1
cheap,692,1,1
cheap,693,1,1
cheap,694,1,1
cheap,695,1,1
cheap,696,1,1
cheap,697,1,1
cheap,698,1,1
cheap,699,1,1
cheap,700,1,1
cheap,701,1,1
cheap,702,1,1
cheap,703,-1,-1
cheap,704,1,1
cheap,705,1,1
cheap,706,1,1
cheap,707,1,1
cheap,708,1,1
cheap,709,1,1
cheap,710,1,1
cheap,711,1,1
cheap,712,1,1
cheap,713,1,1
cheap,714,1,1
cheap,715,1,1
cheap,716,1,1
cheap,717,-1,-1
cheap,718,1,1
cheap,719,1,1
cheap,720,1,1
cheap,721,1,1
cheap,722,1,1
cheap,723,1,1
cheap,724,1,1
cheap,725,1,1
cheap,726,1,1
cheap,727,1,1
cheap,728,1,1
cheap,729,1,1
cheap,730,1,1
cheap,731,1,1
cheap,732,1,1
cheap,733,1,1
cheap,734,1,1
cheap,735,-1,-1
cheap,736,1,1
cheap,737,1,1
cheap,738,1,1
cheap,739,1,1
cheap,740,1,1
cheap,741,1,1
cheap,742,1,1
cheap,743,1,1
cheap,744,1,1
cheap,745,1,1
cheap,746,1,1
cheap,747,1,1
cheap,748,1,1
cheap,749,-1,-1
cheap,750,1,1
cheap,751,1,1
cheap,752,1,1
cheap,753,1,1
cheap,754,1,1
cheap,755,1,1
cheap,756,1,1
cheap,757,1,1
cheap,758,1,1
cheap,759,1,1
cheap,760,1,1
cheap,761,1,1
cheap,762,-1,-1
cheap,763,1,1
cheap,764,1,1
cheap,765,1,1
cheap,766,1,1
cheap,767,1,1
cheap,768,1,1
cheap,769,1,1
cheap,770,1,1
cheap,771,1,1
cheap,772,1,1
cheap,773,1,1
cheap,774,1,1
cheap,775,1,1
cheap,776,1,1
cheap,777,-1,-1
cheap,778,1,1
cheap,779,1,1
cheap,780,1,1
cheap,781,-1,-1
cheap,782,1,1
cheap,783,1,1
cheap,784,1,1
cheap,785,1,1
cheap,786,1,1
cheap,787,1,1
cheap,788,1,1
cheap,789,1,1
cheap,790,1,1
cheap,791,1,1
cheap,792,-1,-1
cheap,793,1,1
cheap,794,1,1
cheap,795,1,1
cheap,796,1,1
cheap,797,1,1
cheap,798,1,1
cheap,799,1,1
cheap,800,1,1
cheap,801,1,1
cheap,802,1,1
cheap,803,-1,-1
cheap,804,1,1
cheap,805,1,1
cheap,806,1,1
cheap,807,1,1
cheap,808,1,1
cheap,809,1,1
cheap,810,1,1
cheap,811,1,1
cheap,812,1,1
cheap,813,-1,-1
cheap,814,-1,-1
cheap,815,1,1
cheap,816,1,1
cheap,817,-1,-1
cheap,818,1,1
cheap,819,1,1
cheap,820,1,1
cheap,821,1,1
cheap,822,1,1
cheap,823,1,1
cheap,824,1,1
cheap,825,1,1
cheap,826,1,1
cheap,827,1,1
cheap,828,1,1
cheap,829,1,1
cheap,830,1,1
cheap,831,1,1
cheap,832,1,1
cheap,833,1,1
cheap,834,1,1
cheap,835,1,1
cheap,836,1,1
cheap,837,1,1
cheap,838,1,1
cheap,839,1,1
cheap,840,1,1
cheap,841,1,1
cheap,842,1,1
cheap,843,1,1
cheap,844,1,1
cheap,845,1,1
cheap,846,1,1
cheap,847,1,1
cheap,848,1,1
cheap,849,1,1
cheap,850,1,1
cheap,851,1,1
cheap,852,1,1
cheap,853,1,1
cheap,854,1,1
cheap,855,1,1
cheap,856,1,1
cheap,857,1,1
cheap,858,-1,-1
cheap,859,-1,-1
cheap,860,1,1
cheap,861,-1,-1
cheap,862,1,1
cheap,863,1,1
cheap,864,1,1
cheap,865,1,1
cheap,866,1,1
cheap,867,1,1
cheap,868,-1,-1
cheap,869,1,1
cheap,870,1,1
cheap,871,1,1
cheap,872,1,1
cheap,873,1,1
cheap,874,1,1
cheap,875,1,1
cheap,876,-1,-1
cheap,877,1,1
cheap,878,1,1
cheap,879,-1,-1
cheap,880,1,1
cheap,881,1,1
cheap,882,1,1
cheap,883,1,1
cheap,884,1,1
cheap,885,1,1
cheap,886,1,1
cheap,887,1,1
cheap,888,1,1
cheap,889,1,1
cheap,890,1,1
cheap,891,1,1
cheap,892,1,1
cheap,893,1,1
cheap,894,1,1
cheap,895,1,1
cheap,896,1,1
cheap,897,1,1
cheap,898,-1,-1
cheap,899,1,1
cheap,900,1,1
cheap,901,1,1
cheap,902,1,1
cheap,903,1,1
cheap,904,1,1
cheap,905,1,1
cheap,906,1,1
cheap,907,1,1
cheap,908,1,1
cheap,909,1,1
cheap,910,1,1
cheap,911,1,1
cheap,912,1,1
cheap,913,1,1
cheap,914,1,1
cheap,915,1,1
cheap,916,1,1
cheap,917,1,1
cheap,918,-1,-1
cheap,919,-1,-1
cheap,920,1,1
cheap,921,1,1
cheap,922,1,1
cheap,923,1,1
cheap,924,-1,-1
cheap,925,-1,-1
cheap,926,1,1
cheap,927,1,1
cheap,928,1,1
cheap,929,1,1
cheap,930,1,1
cheap,931,1,1
cheap,932,1,1
cheap,933,-1,-1
cheap,934,1,1
cheap,935,-1,-1
cheap,936,1,1
cheap,937,1,1
cheap,938,1,1
cheap,939,1,1
cheap,940,1,1
cheap,941,1,1
cheap,942,1,1
cheap,943,1,1
cheap,944,1,1
cheap,945,1,1
cheap,946,1,1
cheap,947,1,1
cheap,948,1,1
cheap,949,1,1
cheap,950,1,1
cheap,951,1,1
cheap,952,1,1
cheap,953,1,1
cheap,954,-1,-1
cheap,955,1,1
cheap,956,-1,-1
cheap,957,1,1
cheap,958,1,1
cheap,959,1,1
cheap,960,1,1
cheap,961,1,1
cheap,962,1,1
cheap,963,1,1
cheap,964,1,1
cheap,965,1,1
cheap,966,1,1
cheap,967,1,1
cheap,968,1,1
cheap,969,1,1
cheap,970,1,1
cheap,971,1,1
cheap,972,1,1
cheap,973,1,1
cheap,974,1,1
cheap,975,1,1
cheap,976,1,1
cheap,977,1,1
cheap,978,1,1
cheap,979,1,1
cheap,980,1,1
cheap,981,1,1
cheap,982,1,1
cheap,983,1,1
cheap,984,1,1
cheap,985,1,1
cheap,986,1,1
cheap,987,1,1
cheap,988,-1,-1
cheap,989,1,1
cheap,990,1,1
cheap,991,1,1
cheap,992,1,1
cheap,993,1,1
cheap,994,-1,-1
cheap,995,1,1
cheap,996,1,1
cheap,997,1,1
cheap,998,1,1
cheap,999,1,1
cheap,1000,1,1
cheap,1001,1,1
cheap,1002,1,1
cheap,1003,1,1
cheap,1004,1,1
cheap,1005,-1,-1
cheap,1006,1,1
cheap,1007,1,1
cheap,1008,1,1
cheap,1009,1,1
cheap,1010,1,1
cheap,1011,1,1
cheap,1012,-1,-1
cheap,1013,1,1
cheap,1014,1,1
cheap,1015,1,1
cheap,1016,1,1
cheap,1017,1,1
cheap,1018,1,1
cheap,1019,-1,-1
cheap,1020,1,1
cheap,1021,-1,-1
cheap,1022,1,1
cheap,1023,1,1
cheap,1024,1,1
cheap,1025,1,1
cheap,1026,1,1
cheap,1027,1,1
cheap,1028,1,1
cheap,1029,1,1
cheap,1030,1,1
cheap,1031,1,1
cheap,1032,1,1
cheap,1033,1,1
cheap,1034,1,1
cheap,1035,1,1
cheap,1036,1,1
cheap,1037,1,1
cheap,1038,1,1
cheap,1039,1,1
cheap,1040,1,1
cheap,1041,1,1
cheap,1042,-1,-1
cheap,1043,1,1
cheap,1044,1,1
cheap,1045,1,1
cheap,1046,1,1
cheap,1047,1,1
cheap,1048,-1,-1
cheap,1049,1,1
cheap,1050,1,1
cheap,1051,1,1
cheap,1052,-1,-1
cheap,1053,1,1
cheap,1054,1,1
cheap,1055,1,1
cheap,1056,-1,-1
cheap,1057,1,1
cheap,1058,1,1
cheap,1059,1,1
cheap,1060,1,1
cheap,1061,1,1
cheap,1062,1,1
cheap,1063,1,1
cheap,1064,1,1
cheap,1065,1,1
cheap,1066,1,1
cheap,1067,-1,-1
cheap,1068,1,1
cheap,1069,1,1
cheap,1070,1,1
cheap,1071,1,1
cheap,1072,1,1
cheap,1073,1,1
cheap,1074,1,1
cheap,1075,1,1
cheap,1076,1,1
cheap,1077,1,1
cheap,1078,1,1
cheap,1079,1,1
cheap,1080,1,1
cheap,1081,1,1
cheap,1082,1,1
cheap,1083,1,1
cheap,1084,1,1
cheap,1085,1,1
cheap,1086,1,1
cheap,1087,1,1
cheap,1088,1,1
cheap,1089,1,1
cheap,1090,1,1
cheap,1091,1,1
cheap,1092,1,1
cheap,1093,1,1
cheap,1094,1,1
cheap,1095,1,1
cheap,1096,1,1
cheap,1097,1,1
cheap,1098,1,1
cheap,1099,-1,-1
cheap,1100,1,1
cheap,1101,1,1
cheap,1102,1,1
cheap,1103,1,1
cheap,1104,1,1
cheap,1105,1,1
cheap,1106,1,1
cheap,1107,1,1
cheap,1108,1,1
cheap,1109,-1,-1
cheap,1110,1,1
cheap,1111,1,1
cheap,1112,1,-1
cheap,1113,1,1
cheap,1114,1,1
cheap,1115,1,1
cheap,1116,1,1
cheap,1117,1,1
cheap,1118,1,1
cheap,1119,1,1
cheap,1120,1,1
cheap,1121,1,1
cheap,1122,1,1
cheap,1123,1,1
cheap,1124,1,1
cheap,1125,1,1
cheap,1126,1,1
cheap,1127,1,1
cheap,1128,1,1
cheap,1129,1,1
cheap,1130,1,1
cheap,1131,1,1
cheap,1132,1,1
cheap,1133,1,1
cheap,1134,-1,-1
cheap,1135,-1,-1
cheap,1136,1,1
cheap,1137,1,1
cheap,1138,1,1
cheap,1139,1,1
cheap,1140,1,1
cheap,1141,1,1
cheap,1142,1,1
cheap,1143,1,1
cheap,1144,1,1
cheap,1145,-1,-1
cheap,1146,1,1
cheap,1147,1,1
cheap,1148,1,1
cheap,1149,-1,-1
cheap,1150,1,1
cheap,1151,1,1
cheap,1152,1,1
cheap,1153,1,1
cheap,1154,1,1
cheap,1155,1,1
cheap,1156,-1,-1
cheap,1157,1,1
cheap,1158,1,1
cheap,1159,1,1
cheap,1160,1,1
cheap,1161,1,1
cheap,1162,1,1
cheap,1163,1,1
cheap,1164,1,1
cheap,1165,-1,-1
cheap,1166,1,1
cheap,1167,1,1
cheap,1168,-1,-1
cheap,1169,1,1
cheap,1170,1,1
cheap,1171,1,1
cheap,1172,1,1
cheap,1173,-1,-1
cheap,1174,1,1
cheap,1175,1,1
cheap,1176,1,1
cheap,1177,1,1
cheap,1178,1,1
cheap,1179,1,1
cheap,1180,-1,-1
cheap,1181,1,1
cheap,1182,1,1
cheap,1183,1,1
cheap,1184,1,1
cheap,1185,1,1
cheap,1186,1,1
cheap,1187,1,1
cheap,1188,1,1
cheap,1189,1,1
cheap,1190,1,1
cheap,1191,1,1
cheap,1192,1,1
cheap,1193,1,1
cheap,1194,1,1
cheap,1195,-1,-1
cheap,1196,1,1
cheap,1197,1,1
cheap,1198,1,1
cheap,1199,1,1
cheap,1200,-1,-1
cheap,1201,1,1
cheap,1202,1,1
cheap,1203,1,1
cheap,1204,1,1
cheap,1205,1,1
cheap,1206,1,1
cheap,1207,1,1
cheap,1208,1,1
cheap,1209,1,1
cheap,1210,1,1
cheap,1211,1,1
cheap,1212,1,1
cheap,1213,-1,-1
cheap,1214,1,1
cheap,1215,1,1
cheap,1216,1,1
cheap,1217,1,1
cheap,1218,1,1
cheap,1219,1,1
cheap,1220,1,1
cheap,1221,1,1
cheap,1222,1,1
cheap,1223,-1,-1
cheap,1224,-1,-1
cheap,1225,1,1
cheap,1226,-1,-1
cheap,1227,1,1
cheap,1228,1,1
cheap,1229,1,1
cheap,1230,1,1
cheap,1231,1,1
cheap,1232,1,1
cheap,1233,1,1
cheap,1234,1,1
cheap,1235,1,1
cheap,1236,1,1
cheap,1237,1,1
cheap,1238,1,1
cheap,1239,1,1
cheap,1240,1,1
cheap,1241,1,1
cheap,1242,1,1
cheap,1243,1,1
cheap,1244,1,1
cheap,1245,-1,-1
cheap,1246,1,1
cheap,1247,1,1
cheap,1248,1,1
cheap,1249,1,1
cheap,1250,1,1
cheap,1251,1,1
cheap,1252,1,1
cheap,1253,1,1
cheap,1254,1,1
cheap,1255,1,1
cheap,1256,1,1
cheap,1257,-1,-1
cheap,1258,1,1
cheap,1259,-1,-1
cheap,1260,1,1
cheap,1261,1,1
cheap,1262,1,1
cheap,1263,1,1
cheap,1264,1,1
cheap,1265,1,1
cheap,1266,1,1
cheap,1267,1,1
cheap,1268,1,1
cheap,1269,1,1
cheap,1270,1,1
cheap,1271,1,1
cheap,1272,1,1
cheap,1273,1,1
cheap,1274,-1,-1
cheap,1275,1,1
cheap,1276,1,1
cheap,1277,1,1
cheap,1278,1,1
cheap,1279,1,1
cheap,1280,1,1
cheap,1281,1,1
cheap,1282,1,1
cheap,1283,1,1
cheap,1284,1,1
cheap,1285,1,1
cheap,1286,1,1
cheap,1287,1,1
cheap,1288,1,1
cheap,1289,1,1
cheap,1290,1,1
cheap,1291,1,1
cheap,1292,1,1
cheap,1293,1,1
cheap,1294,1,1
cheap,1295,1,1
cheap,1296,1,1
cheap,1297,1,1
cheap,1298,1,1
cheap,1299,1,1
cheap,1300,1,1
cheap,1301,1,1
cheap,1302,1,1
cheap,1303,1,1
cheap,1304,1,1
cheap,1305,1,1
cheap,1306,1,1
cheap,1307,1,1
cheap,1308,1,1
cheap,1309,1,1
cheap,1310,-1,-1
cheap,1311,1,1
cheap,1312,1,1
cheap,1313,1,1
cheap,1314,1,1
cheap,1315,1,1
cheap,1316,1,1
cheap,1317,1,1
cheap,1318,1,1
cheap,1319,1,1
cheap,1320,1,1
cheap,1321,1,1
cheap,1322,1,1
cheap,1323,1,1
cheap,1324,1,1
cheap,1325,1,1
cheap,1326,1,1
cheap,1327,1,1
cheap,1328,1,1
cheap,1329,1,1
cheap,1330,1,1
cheap,1331,-1,-1
cheap,1332,-1,-1
cheap,1333,1,1
cheap,1334,1,1
cheap,1335,1,1
cheap,1336,1,1
cheap,1337,1,1
cheap,1338,1,1
cheap,1339,1,1
cheap,1340,1,1
cheap,1341,1,1
cheap,1342,1,1
cheap,1343,1,1
cheap,1344,1,1
cheap,1345,1,1
cheap,1346,1,1
cheap,1347,1,1
cheap,1348,1,1
cheap,1349,-1,-1
cheap,1350,1,1
cheap,1351,1,1
cheap,1352,1,1
cheap,1353,1,1
cheap,1354,1,1
cheap,1355,1,1
cheap,1356,1,1
cheap,1357,-1,1
cheap,1358,1,1
cheap,1359,1,1
cheap,1360,1,1
cheap,1361,1,1
cheap,1362,1,1
cheap,1363,1,1
cheap,1364,1,1
cheap,1365,-1,-1
cheap,1366,-1,-1
cheap,1367,1,1
cheap,1368,1,1
cheap,1369,1,1
cheap,1370,-1,-1
cheap,1371,1,1
cheap,1372,1,1
cheap,1373,1,1
cheap,1374,1,1
cheap,1375,1,1
cheap,1376,1,1
cheap,1377,1,1
cheap,1378,1,1
cheap,1379,1,1
cheap,1380,1,1
cheap,1381,1,1
cheap,1382,1,1
cheap,1383,1,1
cheap,1384,1,1
cheap,1385,1,1
cheap,1386,1,1
cheap,1387,1,1
cheap,1388,1,1
cheap,1389,1,1
cheap,1390,1,1
cheap,1391,1,1
cheap,1392,1,1
cheap,1393,-1,-1
cheap,1394,1,1
cheap,1395,-1,-1
cheap,1396,1,1
cheap,1397,1,1
cheap,1398,1,1
cheap,1399,1,1
cheap,1400,-1,-1
cheap,1401,1,1
cheap,1402,1,1
cheap,1403,1,1
cheap,1404,1,1
cheap,1405,1,1
cheap,1406,1,1
cheap,1407,1,1
cheap,1408,1,1
cheap,1409,-1,-1
cheap,1410,1,1
cheap,1411,-1,-1
cheap,1412,1,1
cheap,1413,1,1
cheap,1414,1,1
cheap,1415,1,1
cheap,1416,1,1
cheap,1417,1,1
cheap,1418,1,1
cheap,1419,1,1
cheap,1420,1,1
cheap,1421,1,1
cheap,1422,1,1
cheap,1423,1,1
cheap,1424,1,1
cheap,1425,1,1
cheap,1426,1,1
cheap,1427,1,1
cheap,1428,1,1
cheap,1429,1,1
cheap,1430,1,1
cheap,1431,1,1
cheap,1432,1,1
cheap,1433,1,1
cheap,1434,1,1
cheap,1435,1,1
cheap,1436,1,1
cheap,1437,-1,-1
cheap,1438,1,1
cheap,1439,1,1
cheap,1440,1,1
cheap,1441,1,1
cheap,1442,1,1
cheap,1443,1,1
cheap,1444,1,1
cheap,1445,1,1
cheap,1446,1,1
cheap,1447,1,1
cheap,1448,1,1
cheap,1449,1,1
cheap,1450,1,1
cheap,1451,1,1
cheap,1452,1,1
cheap,1453,1,1
cheap,1454,1,1
cheap,1455,1,1
cheap,1456,1,1
cheap,1457,1,1
cheap,1458,1,1
cheap,1459,1,1
cheap,1460,1,1
cheap,1461,1,1
cheap,1462,1,1
cheap,1463,1,1
cheap,1464,1,1
cheap,1465,1,1
cheap,1466,1,1
cheap,1467,1,1
cheap,1468,1,1
cheap,1469,1,1
cheap,1470,1,1
cheap,1471,1,1
cheap,1472,1,1
cheap,1473,1,1
cheap,1474,1,1
cheap,1475,1,1
cheap,1476,1,1
cheap,1477,1,1
cheap,1478,1,1
cheap,1479,1,1
cheap,1480,1,1
cheap,1481,1,1
cheap,1482,1,1
cheap,1483,1,1
cheap,1484,-1,-1
cheap,1485,1,1
cheap,1486,1,1
cheap,1487,1,1
cheap,1488,-1,-1
cheap,1489,1,1
cheap,1490,1,1
cheap,1491,-1,-1
cheap,1492,1,1
cheap,1493,1,1
cheap,1494,1,1
cheap,1495,1,1
cheap,1496,1,1
cheap,1497,1,1
cheap,1498,1,1
cheap,1499,1,1
cheap,1500,1,1
cheap,1501,1,1
cheap,1502,1,1
cheap,1503,-1,-1
cheap,1504,1,1
cheap,1505,1,1
cheap,1506,1,1
cheap,1507,1,1
cheap,1508,-1,-1
cheap,1509,1,1
cheap,1510,1,1
cheap,1511,1,1
cheap,1512,1,1
cheap,1513,1,1
cheap,1514,-1,-1
cheap,1515,1,1
cheap,1516,1,1
cheap,1517,1,1
cheap,1518,1,1
cheap,1519,1,1
cheap,1520,1,1
cheap,1521,1,1
cheap,1522,1,1
cheap,1523,-1,-1
cheap,1524,1,1
cheap,1525,1,1
cheap,1526,1,1
cheap,1527,1,1
cheap,1528,1,1
cheap,1529,1,1
cheap,1530,1,1
cheap,1531,1,1
cheap,1532,1,1
cheap,1533,1,1
cheap,1534,1,1
cheap,1535,1,1
cheap,1536,1,1
cheap,1537,1,1
cheap,1538,1,1
cheap,1539,1,1
cheap,1540,1,1
cheap,1541,1,1
cheap,1542,1,1
cheap,1543,-1,-1
cheap,1544,-1,-1
cheap,1545,1,1
cheap,1546,1,1
cheap,1547,1,1
cheap,1548,1,1
cheap,1549,1,1
cheap,1550,1,1
cheap,1551,-1,-1
cheap,1552,1,1
cheap,1553,1,1
cheap,1554,1,1
cheap,1555,1,1
cheap,1556,1,1
cheap,1557,1,1
cheap,1558,1,1
cheap,1559,1,1
cheap,1560,1,1
cheap,1561,-1,-1
cheap,1562,1,1
cheap,1563,1,1
cheap,1564,1,1
cheap,1565,-1,-1
cheap,1566,1,1
cheap,1567,1,1
cheap,1568,1,1
cheap,1569,1,1
cheap,1570,1,1
cheap,1571,1,1
cheap,1572,-1,-1
cheap,1573,1,1
cheap,1574,1,1
cheap,1575,1,1
cheap,1576,1,1
cheap,1577,1,1
cheap,1578,1,1
cheap,1579,1,1
cheap,1580,1,1
cheap,1581,-1,-1
cheap,1582,-1,-1
cheap,1583,1,1
cheap,1584,1,1
cheap,1585,1,1
cheap,1586,1,1
cheap,1587,1,1
cheap,1588,1,1
cheap,1589,1,1
cheap,1590,1,1
cheap,1591,1,1
cheap,1592,-1,-1
cheap,1593,1,1
cheap,1594,1,1
cheap,1595,1,1
cheap,1596,-1,-1
cheap,1597,1,1
cheap,1598,1,1
cheap,1599,1,1
cheap,1600,1,1
cheap,1601,1,1
cheap,1602,1,1
cheap,1603,-1,-1
cheap,1604,1,1
cheap,1605,1,1
cheap,1606,1,1
cheap,1607,1,1
cheap,1608,1,1
cheap,1609,1,1
cheap,1610,1,1
cheap,1611,1,1
cheap,1612,1,1
cheap,1613,1,1
cheap,1614,1,1
cheap,1615,1,1
cheap,1616,1,1
cheap,1617,-1,-1
cheap,1618,1,1
cheap,1619,-1,-1
cheap,1620,1,1
cheap,1621,1,1
cheap,1622,1,1
cheap,1623,-1,-1
cheap,1624,1,1
cheap,1625,-1,-1
cheap,1626,1,1
cheap,1627,1,1
cheap,1628,1,1
cheap,1629,1,1
cheap,1630,1,1
cheap,1631,1,1
cheap,1632,1,1
cheap,1633,1,1
cheap,1634,1,1
cheap,1635,1,1
cheap,1636,1,1
cheap,1637,1,1
cheap,1638,1,1
cheap,1639,1,1
cheap,1640,1,1
cheap,1641,1,1
cheap,1642,1,1
cheap,1643,1,1
cheap,1644,-1,-1
cheap,1645,1,1
cheap,1646,1,1
cheap,1647,1,1
cheap,1648,1,1
cheap,1649,1,1
cheap,1650,1,1
cheap,1651,1,1
cheap,1652,1,1
cheap,1653,-1,-1
cheap,1654,1,1
cheap,1655,-1,-1
cheap,1656,1,1
cheap,1657,-1,-1
cheap,1658,-1,-1
cheap,1659,1,1
cheap,1660,1,1
cheap,1661,1,1
cheap,1662,1,1
cheap,1663,-1,-1
cheap,1664,1,1
cheap,1665,1,1
cheap,1666,1,1
cheap,1667,1,1
cheap,1668,1,1
cheap,1669,1,1
cheap,1670,1,1
cheap,1671,1,1
cheap,1672,1,1
cheap,1673,1,1
cheap,1674,1,1
cheap,1675,1,1
cheap,1676,1,1
cheap,1677,1,1
cheap,1678,1,1
cheap,1679,1,1
cheap,1680,1,1
cheap,1681,1,1
cheap,1682,1,1
cheap,1683,1,1
cheap,1684,1,1
cheap,1685,1,1
cheap,1686,1,1
cheap,1687,1,1
cheap,1688,-1,-1
cheap,1689,1,1
cheap,1690,-1,-1
cheap,1691,1,1
cheap,1692,1,1
cheap,1693,1,1
cheap,1694,1,1
cheap,1695,1,1
cheap,1696,1,1
cheap,1697,1,1
cheap,1698,1,1
cheap,1699,1,1
cheap,1700,1,1
cheap,1701,1,1
cheap,1702,1,1
cheap,1703,1,1
cheap,1704,1,1
cheap,1705,1,1
cheap,1706,1,1
cheap,1707,1,1
cheap,1708,1,1
cheap,1709,1,1
cheap,1710,1,1
cheap,1711,1,1
cheap,1712,1,1
cheap,1713,1,1
cheap,1714,1,1
cheap,1715,1,1
cheap,1716,1,1
cheap,1717,1,1
cheap,1718,1,1
cheap,1719,1,1
cheap,1720,1,1
cheap,1721,1,1
cheap,1722,1,1
cheap,1723,1,1
cheap,1724,1,1
cheap,1725,1,1
cheap,1726,1,1
cheap,1727,1,1
cheap,1728,1,1
cheap,1729,1,1
cheap,1730,1,1
cheap,1731,1,1
cheap,1732,1,1
cheap,1733,-1,-1
cheap,1734,1,1
cheap,1735,1,1
cheap,1736,1,1
cheap,1737,1,1
cheap,1738,1,1
cheap,1739,1,1
cheap,1740,1,1
cheap,1741,1,1
cheap,1742,1,1
cheap,1743,1,1
cheap,1744,-1,-1
cheap,1745,1,1
cheap,1746,1,1
cheap,1747,1,1
cheap,1748,1,1
cheap,1749,1,1
cheap,1750,1,1
cheap,1751,-1,-1
cheap,1752,1,1
cheap,1753,-1,-1
cheap,1754,1,1
cheap,1755,1,1
cheap,1756,1,1
cheap,1757,1,1
cheap,1758,1,1
cheap,1759,1,1
cheap,1760,1,1
cheap,1761,1,1
cheap,1762,1,1
cheap,1763,1,1
cheap,1764,1,1
cheap,1765,1,1
cheap,1766,1,1
cheap,1767,1,1
cheap,1768,1,1
cheap,1769,1,1
cheap,1770,1,1
cheap,1771,1,1
cheap,1772,1,1
cheap,1773,1,1
cheap,1774,1,1
cheap,1775,1,1
cheap,1776,1,1
cheap,1777,1,1
cheap,1778,-1,-1
cheap,1779,1,1
cheap,1780,1,1
cheap,1781,1,1
cheap,1782,1,1
cheap,1783,1,1
cheap,1784,1,1
cheap,1785,1,1
cheap,1786,1,1
cheap,1787,1,1
cheap,1788,1,1
cheap,1789,-1,-1
cheap,1790,1,1
cheap,1791,1,1
cheap,1792,1,1
cheap,1793,1,1
cheap,1794,1,1
cheap,1795,1,1
cheap,1796,-1,-1
cheap,1797,1,1
cheap,1798,1,1
cheap,1799,1,1
cheap,1800,-1,-1
cheap,1801,1,1
cheap,1802,1,1
cheap,1803,1,1
cheap,1804,1,1
cheap,1805,1,1
cheap,1806,1,1
cheap,1807,1,1
cheap,1808,1,1
cheap,1809,1,1
cheap,1810,1,1
cheap,1811,1,1
cheap,1812,1,1
cheap,1813,1,1
cheap,1814,1,1
cheap,1815,1,1
cheap,1816,1,1
cheap,1817,1,1
cheap,1818,1,1
cheap,1819,1,1
cheap,1820,-1,-1
cheap,1821,1,1
cheap,1822,1,1
cheap,1823,1,1
cheap,1824,1,1
cheap,1825,1,1
cheap,1826,1,1
cheap,1827,1,1
cheap,1828,1,1
cheap,1829,1,1
cheap,1830,1,1
cheap,1831,1,1
cheap,1832,1,1
cheap,1833,1,1
cheap,1834,1,1
cheap,1835,1,1
cheap,1836,1,1
cheap,1837,1,1
cheap,1838,1,1
cheap,1839,1,1
cheap,1840,1,1
cheap,1841,1,1
cheap,1842,1,1
cheap,1843,1,1
cheap,1844,1,1
cheap,1845,1,1
cheap,1846,1,1
cheap,1847,1,1
cheap,1848,1,1
cheap,1849,1,1
cheap,1850,1,1
cheap,1851,1,1
cheap,1852,1,1
cheap,1853,1,1
cheap,1854,-1,-1
cheap,1855,1,1
cheap,1856,1,1
cheap,1857,1,1
cheap,1858,1,1
cheap,1859,1,1
cheap,1860,1,1
cheap,1861,1,1
cheap,1862,1,1
cheap,1863,1,1
cheap,1864,1,1
cheap,1865,1,1
cheap,1866,-1,-1
cheap,1867,1,1
cheap,1868,-1,-1
cheap,1869,1,1
cheap,1870,1,1
cheap,1871,1,1
cheap,1872,1,1
cheap,1873,1,1
cheap,1874,1,1
cheap,1875,1,1
cheap,1876,1,1
cheap,1877,1,1
cheap,1878,1,1
cheap,1879,1,1
cheap,1880,-1,-1
cheap,1881,1,1
cheap,1882,1,1
cheap,1883,1,1
cheap,1884,1,1
cheap,1885,-1,-1
cheap,1886,1,1
cheap,1887,1,1
cheap,1888,1,1
cheap,1889,1,1
cheap,1890,-1,-1
cheap,1891,1,1
cheap,1892,1,1
cheap,1893,1,1
cheap,1894,-1,-1
cheap,1895,1,1
cheap,1896,1,1
cheap,1897,1,1
cheap,1898,1,1
cheap,1899,1,1
cheap,1900,1,1
cheap,1901,1,1
cheap,1902,-1,-1
cheap,1903,1,1
cheap,1904,-1,-1
cheap,1905,-1,-1
cheap,1906,1,1
cheap,1907,1,1
cheap,1908,1,1
cheap,1909,1,1
cheap,1910,1,1
cheap,1911,1,1
cheap,1912,1,1
cheap,1913,1,1
cheap,1914,1,1
cheap,1915,1,1
cheap,1916,-1,-1
cheap,1917,1,1
cheap,1918,1,1
cheap,1919,1,1
cheap,1920,1,1
cheap,1921,1,1
cheap,1922,1,1
cheap,1923,1,1
cheap,1924,1,1
cheap,1925,1,1
cheap,1926,1,1
cheap,1927,1,1
cheap,1928,1,1
cheap,1929,-1,-1
cheap,1930,1,1
cheap,1931,1,1
cheap,1932,1,1
cheap,1933,1,1
cheap,1934,1,1
cheap,1935,1,1
cheap,1936,1,1
cheap,1937,1,1
cheap,1938,1,1
cheap,1939,1,1
cheap,1940,1,1
cheap,1941,1,1
cheap,1942,1,1
cheap,1943,1,1
cheap,1944,1,1
cheap,1945,1,1
cheap,1946,1,1
cheap,1947,1,1
cheap,1948,1,1
cheap,1949,1,1
cheap,1950,1,1
cheap,1951,-1,-1
cheap,1952,1,1
cheap,1953,1,1
cheap,1954,1,1
cheap,1955,-1,-1
cheap,1956,-1,-1
cheap,1957,1,1
cheap,1958,1,1
cheap,1959,1,1
cheap,1960,1,1
cheap,1961,1,1
cheap,1962,1,1
cheap,1963,1,1
cheap,1964,1,1
cheap,1965,1,1
cheap,1966,1,1
cheap,1967,1,1
cheap,1968,1,1
cheap,1969,1,1
cheap,1970,1,1
cheap,1971,1,1
cheap,1972,1,1
cheap,1973,-1,-1
cheap,1974,-1,-1
cheap,1975,1,1
cheap,1976,1,1
cheap,1977,-1,-1
cheap,1978,1,1
cheap,1979,1,1
cheap,1980,1,1
cheap,1981,1,1
cheap,1982,1,1
cheap,1983,1,1
cheap,1984,1,1
cheap,1985,1,1
cheap,1986,1,1
cheap,1987,1,1
cheap,1988,-1,-1
cheap,1989,1,1
cheap,1990,1,1
cheap,1991,1,1
cheap,1992,1,1
cheap,1993,1,1
cheap,1994,1,1
cheap,1995,1,1
cheap,1996,1,1
cheap,1997,1,1
cheap,1998,1,1
cheap,1999,1,1
cheap,2000,-1,-1
cheap,2001,1,1
cheap,2002,1,1
cheap,2003,1,1
cheap,2004,-1,-1
cheap,2005,1,1
cheap,2006,1,1
cheap,2007,1,1
cheap,2008,1,1
cheap,2009,1,1
cheap,2010,1,1
cheap,2011,1,1
cheap,2012,1,1
cheap,2013,1,1
cheap,2014,1,1
cheap,2015,1,1
cheap,2016,-1,-1
cheap,2017,1,1
cheap,2018,1,1
cheap,2019,1,1
cheap,2020,1,1
cheap,2021,1,1
cheap,2022,1,1
cheap,2023,1,1
cheap,2024,1,1
cheap,2025,1,1
cheap,2026,1,1
cheap,2027,1,1
cheap,2028,1,1
cheap,2029,-1,-1
cheap,2030,1,1
cheap,2031,1,1
cheap,2032,1,1
cheap,2033,1,1
cheap,2034,1,1
cheap,2035,1,1
cheap,2036,1,1
cheap,2037,1,1
cheap,2038,1,1
cheap,2039,1,1
cheap,2040,1,1
cheap,2041,1,1
cheap,2042,1,1
cheap,2043,1,1
cheap,2044,1,1
cheap,2045,1,1
cheap,2046,1,1
cheap,2047,-1,-1
cheap,2048,1,1
cheap,2049,1,1
cheap,2050,1,1
cheap,2051,1,1
cheap,2052,1,1
cheap,2053,1,1
cheap,2054,1,1
cheap,2055,1,1
cheap,2056,1,1
cheap,2057,-1,-1
cheap,2058,1,1
cheap,2059,1,1
cheap,2060,1,1
cheap,2061,1,1
cheap,2062,1,1
cheap,2063,1,1
cheap,2064,1,1
cheap,2065,1,1
cheap,2066,1,1
cheap,2067,1,1
cheap,2068,1,1
cheap,2069,-1,-1
cheap,2070,1,1
cheap,2071,1,1
cheap,2072,1,1
cheap,2073,1,1
cheap,2074,1,1
cheap,2075,1,1
cheap,2076,1,1
cheap,2077,1,1
cheap,2078,1,1
cheap,2079,1,1
cheap,2080,1,1
cheap,2081,1,1
cheap,2082,1,1
cheap,2083,1,1
cheap,2084,1,1
cheap,2085,1,1
cheap,2086,1,1
cheap,2087,1,1
cheap,2088,-1,-1
cheap,2089,1,1
cheap,2090,1,1
cheap,2091,1,1
cheap,2092,1,1
cheap,2093,1,1
cheap,2094,1,1
cheap,2095,1,1
cheap,2096,-1,-1
cheap,2097,1,1
cheap,2098,1,1
cheap,2099,1,1
cheap,2100,1,1
cheap,2101,1,1
cheap,2102,1,1
cheap,2103,1,1
cheap,2104,-1,-1
cheap,2105,-1,-1
cheap,2106,1,1
cheap,2107,1,1
cheap,2108,1,1
cheap,2109,1,1
cheap,2110,1,1
cheap,2111,1,1
cheap,2112,1,1
cheap,2113,1,1
cheap,2114,1,1
cheap,2115,1,1
cheap,2116,-1,-1
cheap,2117,1,1
cheap,2118,-1,-1
cheap,2119,1,1
cheap,2120,1,1
cheap,2121,1,1
cheap,2122,1,1
cheap,2123,1,1
cheap,2124,1,1
cheap,2125,1,1
cheap,2126,1,1
cheap,2127,1,1
cheap,2128,1,1
cheap,2129,-1,-1
cheap,2130,-1,-1
cheap,2131,1,1
cheap,2132,1,1
cheap,2133,1,1
cheap,2134,-1,-1
cheap,2135,1,1
cheap,2136,1,1
cheap,2137,1,1
cheap,2138,-1,-1
cheap,2139,1,1
cheap,2140,-1,-1
cheap,2141,1,1
cheap,2142,1,1
cheap,2143,-1,-1
cheap,2144,-1,-1
cheap,2145,-1,-1
cheap,2146,1,1
cheap,2147,1,1
cheap,2148,1,1
cheap,2149,1,1
cheap,2150,1,1
cheap,2151,1,1
cheap,2152,1,1
cheap,2153,1,1
cheap,2154,1,1
cheap,2155,1,1
cheap,2156,1,1
cheap,2157,1,1
cheap,2158,1,1
cheap,2159,1,1
cheap,2160,1,1
cheap,2161,1,1
cheap,2162,-1,-1
cheap,2163,1,1
cheap,2164,1,1
cheap,2165,1,1
cheap,2166,1,1
cheap,2167,-1,-1
cheap,2168,1,1
cheap,2169,1,1
cheap,2170,1,1
cheap,2171,1,1
cheap,2172,1,1
cheap,2173,-1,-1
cheap,2174,-1,-1
cheap,2175,-1,-1
cheap,2176,1,1
cheap,2177,1,1
cheap,2178,1,1
cheap,2179,-1,-1
cheap,2180,-1,-1
cheap,2181,1,1
cheap,2182,1,1
cheap,2183,-1,-1
cheap,2184,1,1
cheap,2185,1,1
cheap,2186,1,1
cheap,2187,1,1
cheap,2188,1,1
cheap,2189,1,1
cheap,2190,1,1
cheap,2191,1,1
cheap,2192,1,1
cheap,2193,1,1
cheap,2194,1,1
cheap,2195,1,1
cheap,2196,1,1
cheap,2197,1,1
cheap,2198,1,1
cheap,2199,1,1
cheap,2200,1,1
cheap,2201,1,1
cheap,2202,1,1
cheap,2203,1,1
cheap,2204,1,1
cheap,2205,1,1
cheap,2206,1,1
cheap,2207,1,1
cheap,2208,-1,-1
cheap,2209,1,1
cheap,2210,-1,-1
cheap,2211,1,1
cheap,2212,-1,-1
cheap,2213,1,1
cheap,2214,1,1
cheap,2215,1,1
cheap,2216,1,1
cheap,2217,1,1
cheap,2218,1,1
cheap,2219,1,1
cheap,2220,1,1
cheap,2221,1,1
cheap,2222,-1,-1
cheap,2223,1,1
cheap,2224,1,1
cheap,2225,1,1
cheap,2226,1,1
cheap,2227,1,1
cheap,2228,1,1
cheap,2229,1,1
cheap,2230,1,1
cheap,2231,1,1
cheap,2232,-1,-1
cheap,2233,1,1
cheap,2234,1,1
cheap,2235,1,1
cheap,2236,1,1
cheap,2237,1,1
cheap,2238,1,1
cheap,2239,1,1
cheap,2240,1,1
cheap,2241,1,1
cheap,2242,1,1
cheap,2243,1,1
cheap,2244,-1,-1
cheap,2245,1,1
cheap,2246,-1,-1
cheap,2247,1,1
cheap,2248,1,1
cheap,2249,1,1
cheap,2250,1,1
cheap,2251,1,1
cheap,2252,1,1
cheap,2253,1,1
cheap,2254,1,1
cheap,2255,1,1
cheap,2256,1,1
cheap,2257,1,1
cheap,2258,1,1
cheap,2259,1,1
cheap,2260,1,1
cheap,2261,-1,-1
cheap,2262,-1,-1
cheap,2263,1,1
cheap,2264,1,1
cheap,2265,1,1
cheap,2266,1,1
cheap,2267,1,1
cheap,2268,-1,-1
cheap,2269,1,1
cheap,2270,1,1
cheap,2271,1,1
cheap,2272,1,1
cheap,2273,1,1
cheap,2274,1,1
cheap,2275,1,1
cheap,2276,1,1
cheap,2277,1,1
cheap,2278,-1,-1
cheap,2279,1,1
cheap,2280,1,1
cheap,2281,1,1
cheap,2282,1,1
cheap,2283,1,1
cheap,2284,1,1
cheap,2285,1,1
cheap,2286,1,1
cheap,2287,1,1
cheap,2288,1,1
cheap,2289,1,1
cheap,2290,1,1
cheap,2291,1,1
cheap,2292,1,1
cheap,2293,1,1
cheap,2294,-1,-1
cheap,2295,1,1
cheap,2296,1,1
cheap,2297,1,1
cheap,2298,1,1
cheap,2299,1,1
cheap,2300,1,1
cheap,2301,1,1
cheap,2302,1,1
cheap,2303,-1,-1
cheap,2304,1,1
cheap,2305,1,1
cheap,2306,1,1
cheap,2307,1,1
cheap,2308,1,1
cheap,2309,-1,-1
cheap,2310,-1,-1
cheap,2311,1,1
cheap,2312,1,1
cheap,2313,1,1
cheap,2314,1,1
cheap,2315,1,1
cheap,2316,-1,-1
cheap,2317,1,1
cheap,2318,1,1
cheap,2319,1,1
cheap,2320,1,1
cheap,2321,1,1
cheap,2322,1,1
cheap,2323,1,1
cheap,2324,1,1
cheap,2325,1,1
cheap,2326,1,1
cheap,2327,1,1
cheap,2328,1,1
cheap,2329,1,1
cheap,2330,1,1
cheap,2331,1,1
cheap,2332,-1,-1
cheap,2333,1,1
cheap,2334,1,1
cheap,2335,1,1
cheap,2336,1,1
cheap,2337,1,1
cheap,2338,1,1
cheap,2339,1,1
cheap,2340,1,1
cheap,2341,1,1
cheap,2342,1,1
cheap,2343,-1,-1
cheap,2344,1,1
cheap,2345,1,1
cheap,2346,-1,-1
cheap,2347,1,1
cheap,2348,1,1
cheap,2349,1,1
cheap,2350,1,1
cheap,2351,1,1
cheap,2352,1,1
cheap,2353,1,1
cheap,2354,1,1
cheap,2355,1,1
cheap,2356,-1,-1
cheap,2357,1,1
cheap,2358,1,1
cheap,2359,1,1
cheap,2360,1,1
cheap,2361,1,1
cheap,2362,1,1
cheap,2363,-1,-1
cheap,2364,1,1
cheap,2365,1,1
cheap,2366,1,1
cheap,2367,1,1
cheap,2368,1,1
cheap,2369,1,1
cheap,2370,1,1
cheap,2371,1,1
cheap,2372,1,1
cheap,2373,1,1
cheap,2374,1,1
cheap,2375,1,1
cheap,2376,1,1
cheap,2377,-1,-1
cheap,2378,1,1
cheap,2379,1,1
cheap,2380,1,1
cheap,2381,1,1
cheap,2382,1,1
cheap,2383,1,1
cheap,2384,1,1
cheap,2385,1,1
cheap,2386,-1,-1
cheap,2387,-1,-1
cheap,2388,1,1
cheap,2389,1,1
cheap,2390,1,1
cheap,2391,1,1
cheap,2392,1,1
cheap,2393,1,1
cheap,2394,1,1
cheap,2395,1,1
cheap,2396,1,1
cheap,2397,-1,-1
cheap,2398,1,1
cheap,2399,1,1
cheap,2400,1,1
cheap,2401,1,1
cheap,2402,1,1
cheap,2403,1,1
cheap,2404,1,1
cheap,2405,1,1
cheap,2406,1,1
cheap,2407,1,1
cheap,2408,1,1
cheap,2409,1,1
cheap,2410,1,1
cheap,2411,1,1
cheap,2412,1,1
cheap,2413,1,1
cheap,2414,1,1
cheap,2415,1,1
cheap,2416,1,1
cheap,2417,1,1
cheap,2418,1,1
cheap,2419,1,1
cheap,2420,1,1
cheap,2421,1,1
cheap,2422,1,1
cheap,2423,1,1
cheap,2424,1,1
cheap,2425,-1,-1
cheap,2426,1,1
cheap,2427,1,1
cheap,2428,1,1
cheap,2429,1,1
cheap,2430,1,1
cheap,2431,-1,-1
cheap,2432,1,1
cheap,2433,-1,-1
cheap,2434,1,1
cheap,2435,1,1
cheap,2436,1,1
cheap,2437,1,1
cheap,2438,1,1
cheap,2439,1,1
cheap,2440,1,1
cheap,2441,1,1
cheap,2442,1,1
cheap,2443,1,1
cheap,2444,1,1
cheap,2445,1,1
cheap,2446,1,1
cheap,2447,-1,-1
cheap,2448,1,1
cheap,2449,1,1
cheap,2450,1,1
cheap,2451,1,1
cheap,2452,1,1
cheap,2453,1,1
cheap,2454,1,1
cheap,2455,1,1
cheap,2456,1,1
cheap,2457,1,1
cheap,2458,1,1
cheap,2459,1,1
cheap,2460,1,1
cheap,2461,1,1
cheap,2462,1,1
cheap,2463,1,1
cheap,2464,1,1
cheap,2465,1,1
cheap,2466,1,1
cheap,2467,-1,-1
cheap,2468,1,1
cheap,2469,1,1
cheap,2470,1,1
cheap,2471,1,1
cheap,2472,1,1
cheap,2473,1,1
cheap,2474,1,1
cheap,2475,1,1
cheap,2476,1,1
cheap,2477,1,1
cheap,2478,-1,-1
cheap,2479,1,1
cheap,2480,1,1
cheap,2481,1,1
cheap,2482,1,1
cheap,2483,1,1
cheap,2484,1,1
cheap,2485,-1,-1
cheap,2486,1,1
cheap,2487,-1,-1
cheap,2488,1,1
cheap,2489,1,1
cheap,2490,1,1
cheap,2491,1,1
cheap,2492,1,1
cheap,2493,1,1
cheap,2494,1,1
cheap,2495,1,1
cheap,2496,1,1
cheap,2497,1,1
cheap,2498,1,1
cheap,2499,1,1
cheap,2500,1,1
cheap,2501,1,1
cheap,2502,1,1
cheap,2503,1,1
cheap,2504,1,1
cheap,2505,1,1
cheap,2506,1,1
cheap,2507,1,1
cheap,2508,1,1
cheap,2509,1,1
cheap,2510,1,1
cheap,2511,1,1
cheap,2512,1,1
cheap,2513,1,1
cheap,2514,1,1
cheap,2515,1,1
cheap,2516,1,1
cheap,2517,1,1
cheap,2518,1,1
cheap,2519,1,1
cheap,2520,-1,-1
cheap,2521,1,1
cheap,2522,1,1
cheap,2523,1,1
cheap,2524,1,1
cheap,2525,1,1
cheap,2526,1,1
cheap,2527,1,1
cheap,2528,1,1
cheap,2529,1,1
cheap,2530,1,1
cheap,2531,1,1
cheap,2532,-1,-1
cheap,2533,-1,-1
cheap,2534,1,1
cheap,2535,-1,-1
cheap,2536,1,1
cheap,2537,1,1
cheap,2538,1,1
cheap,2539,1,1
cheap,2540,1,1
cheap,2541,1,1
cheap,2542,1,1
cheap,2543,1,1
cheap,2544,1,1
cheap,2545,1,1
cheap,2546,1,1
cheap,2547,1,1
cheap,2548,1,1
cheap,2549,1,1
cheap,2550,1,1
cheap,2551,1,1
cheap,2552,-1,-1
cheap,2553,1,1
cheap,2554,1,1
cheap,2555,1,1
cheap,2556,1,1
cheap,2557,1,1
cheap,2558,-1,-1
cheap,2559,-1,-1
cheap,2560,1,1
cheap,2561,-1,-1
cheap,2562,1,1
cheap,2563,1,1
cheap,2564,1,1
cheap,2565,1,1
cheap,2566,-1,-1
cheap,2567,1,1
cheap,2568,-1,-1
cheap,2569,1,1
cheap,2570,1,1
cheap,2571,1,1
cheap,2572,1,1
cheap,2573,-1,-1
cheap,2574,1,1
cheap,2575,1,1
cheap,2576,1,1
cheap,2577,1,1
cheap,2578,1,1
cheap,2579,1,1
cheap,2580,-1,-1
cheap,2581,1,1
cheap,2582,1,1
cheap,2583,1,1
cheap,2584,1,1
cheap,2585,1,1
cheap,2586,1,1
cheap,2587,1,1
cheap,2588,1,1
cheap,2589,1,1
cheap,2590,1,1
cheap,2591,1,1
cheap,2592,1,1
cheap,2593,1,1
cheap,2594,1,1
cheap,2595,1,1
cheap,2596,1,1
cheap,2597,1,1
cheap,2598,1,1
cheap,2599,1,1
cheap,2600,-1,-1
cheap,2601,1,1
cheap,2602,1,1
cheap,2603,1,1
cheap,2604,1,1
cheap,2605,1,1
cheap,2606,1,1
cheap,2607,1,1
cheap,2608,1,1
cheap,2609,1,1
cheap,2610,1,1
cheap,2611,1,1
cheap,2612,-1,-1
cheap,2613,1,1
cheap,2614,1,1
cheap,2615,1,1
cheap,2616,1,1
cheap,2617,1,1
cheap,2618,1,1
cheap,2619,1,1
cheap,2620,1,1
cheap,2621,1,1
cheap,2622,1,1
cheap,2623,1,1
cheap,2624,1,1
cheap,2625,-1,-1
cheap,2626,1,1
cheap,2627,1,1
cheap,2628,1,1
cheap,2629,1,1
cheap,2630,1,1
cheap,2631,1,1
cheap,2632,1,1
cheap,2633,1,1
cheap,2634,1,1
cheap,2635,1,1
cheap,2636,1,1
cheap,2637,1,1
cheap,2638,1,1
cheap,2639,1,1
cheap,2640,1,1
cheap,2641,1,1
cheap,2642,1,1
cheap,2643,1,1
cheap,2644,-1,-1
cheap,2645,1,1
cheap,2646,-1,-1
cheap,2647,1,1
cheap,2648,1,1
cheap,2649,1,1
cheap,2650,1,1
cheap,2651,1,1
cheap,2652,1,1
cheap,2653,1,1
cheap,2654,1,1
cheap,2655,1,1
cheap,2656,1,1
cheap,2657,1,1
cheap,2658,1,1
cheap,2659,1,1
cheap,2660,1,1
cheap,2661,-1,-1
cheap,2662,1,1
cheap,2663,1,1
cheap,2664,-1,-1
cheap,2665,1,1
cheap,2666,1,1
cheap,2667,1,1
cheap,2668,1,1
cheap,2669,1,1
cheap,2670,1,1
cheap,2671,1,1
cheap,2672,1,1
cheap,2673,1,1
cheap,2674,-1,-1
cheap,2675,1,1
cheap,2676,1,1
cheap,2677,1,1
cheap,2678,1,1
cheap,2679,1,1
cheap,2680,1,1
cheap,2681,1,1
cheap,2682,1,1
cheap,2683,1,1
cheap,2684,1,1
cheap,2685,1,1
cheap,2686,1,1
cheap,2687,1,1
cheap,2688,1,1
cheap,2689,1,1
cheap,2690,1,1
cheap,2691,1,1
cheap,2692,1,1
cheap,2693,1,1
cheap,2694,1,1
cheap,2695,1,1
cheap,2696,1,1
cheap,2697,1,1
cheap,2698,1,1
cheap,2699,-1,-1
cheap,2700,1,1
cheap,2701,1,1
cheap,2702,1,1
cheap,2703,1,1
cheap,2704,1,1
cheap,2705,1,1
cheap,2706,1,1
cheap,2707,1,1
cheap,2708,1,1
cheap,2709,-1,-1
cheap,2710,1,1
cheap,2711,1,1
cheap,2712,1,1
cheap,2713,1,1
cheap,2714,-1,-1
cheap,2715,-1,-1
cheap,2716,-1,-1
cheap,2717,1,1
cheap,2718,1,1
cheap,2719,1,1
cheap,2720,-1,-1
cheap,2721,1,1
cheap,2722,1,1
cheap,2723,1,1
cheap,2724,1,1
cheap,2725,1,1
cheap,2726,1,1
cheap,2727,1,1
cheap,2728,1,1
cheap,2729,1,1
cheap,2730,1,1
cheap,2731,1,1
cheap,2732,1,1
cheap,2733,1,1
cheap,2734,1,1
cheap,2735,1,1
cheap,2736,-1,-1
cheap,2737,1,1
cheap,2738,1,1
cheap,2739,-1,-1
cheap,2740,1,1
cheap,2741,1,1
cheap,2742,1,1
cheap,2743,1,1
cheap,2744,-1,-1
cheap,2745,1,1
cheap,2746,1,1
cheap,2747,1,1
cheap,2748,1,1
cheap,2749,1,1
cheap,2750,1,1
cheap,2751,1,1
cheap,2752,1,1
cheap,2753,1,1
cheap,2754,1,1
cheap,2755,1,1
cheap,2756,1,1
cheap,2757,1,1
cheap,2758,1,1
cheap,2759,1,1
cheap,2760,1,1
cheap,2761,1,1
cheap,2762,1,1
cheap,2763,1,1
cheap,2764,1,1
cheap,2765,1,1
cheap,2766,1,1
cheap,2767,1,1
cheap,2768,1,1
cheap,2769,1,1
cheap,2770,1,1
cheap,2771,1,1
cheap,2772,1,1
cheap,2773,1,1
cheap,2774,1,1
cheap,2775,1,1
cheap,2776,1,1
cheap,2777,-1,-1
cheap,2778,1,1
cheap,2779,1,1
cheap,2780,1,1
cheap,2781,1,1
cheap,2782,1,1
cheap,2783,1,1
cheap,2784,1,1
cheap,2785,1,1
cheap,2786,1,1
cheap,2787,-1,-1
cheap,2788,1,1
cheap,2789,1,1
cheap,2790,1,1
cheap,2791,-1,-1
cheap,2792,1,1
cheap,2793,1,1
cheap,2794,1,1
cheap,2795,1,1
cheap,2796,1,1
cheap,2797,1,1
cheap,2798,1,1
cheap,2799,1,1
cheap,2800,1,1
cheap,2801,1,1
cheap,2802,-1,-1
cheap,2803,1,1
cheap,2804,1,1
cheap,2805,1,1
cheap,2806,1,1
cheap,2807,1,1
cheap,2808,1,1
cheap,2809,1,1
cheap,2810,1,1
cheap,2811,1,1
cheap,2812,1,1
cheap,2813,1,1
cheap,2814,1,1
cheap,2815,1,1
cheap,2816,1,1
cheap,2817,-1,-1
cheap,2818,-1,-1
cheap,2819,1,1
cheap,2820,1,1
cheap,2821,1,1
cheap,2822,1,1
cheap,2823,1,1
cheap,2824,1,1
cheap,2825,1,1
cheap,2826,1,1
cheap,2827,1,1
cheap,2828,1,1
cheap,2829,1,1
cheap,2830,1,1
cheap,2831,1,1
cheap,2832,1,1
cheap,2833,1,1
cheap,2834,1,1
cheap,2835,1,1
cheap,2836,-1,-1
cheap,2837,1,1
cheap,2838,1,1
cheap,2839,1,1
cheap,2840,1,1
cheap,2841,1,1
cheap,2842,1,1
cheap,2843,1,1
cheap,2844,1,1
cheap,2845,1,1
cheap,2846,-1,-1
cheap,2847,1,1
cheap,2848,-1,-1
cheap,2849,-1,-1
cheap,2850,1,1
cheap,2851,1,1
cheap,2852,1,1
cheap,2853,1,1
cheap,2854,1,1
cheap,2855,1,1
cheap,2856,1,1
cheap,2857,1,1
cheap,2858,1,1
cheap,2859,1,1
cheap,2860,1,1
cheap,2861,1,1
cheap,2862,1,1
cheap,2863,1,1
cheap,2864,1,1
cheap,2865,1,1
cheap,2866,1,1
cheap,2867,1,1
cheap,2868,1,1
cheap,2869,1,1
cheap,2870,1,1
cheap,2871,1,1
cheap,2872,1,1
cheap,2873,1,1
cheap,2874,1,1
cheap,2875,1,1
cheap,2876,-1,-1
cheap,2877,1,1
cheap,2878,1,1
cheap,2879,1,1
cheap,2880,1,1
cheap,2881,1,1
cheap,2882,1,1
cheap,2883,1,1
cheap,2884,1,1
cheap,2885,1,1
cheap,2886,1,1
cheap,2887,1,1
cheap,2888,1,1
cheap,2889,1,1
cheap,2890,-1,-1
cheap,2891,1,1
cheap,2892,1,1
cheap,2893,-1,-1
cheap,2894,1,1
cheap,2895,1,1
cheap,2896,1,1
cheap,2897,1,1
cheap,2898,1,1
cheap,2899,1,1
cheap,2900,1,1
cheap,2901,1,1
cheap,2902,1,1
cheap,2903,1,1
cheap,2904,1,1
cheap,2905,1,1
cheap,2906,1,1
cheap,2907,1,1
cheap,2908,1,1
cheap,2909,1,1
cheap,2910,1,1
cheap,2911,1,1
cheap,2912,1,1
cheap,2913,1,1
cheap,2914,1,1
cheap,2915,-1,-1
cheap,2916,1,1
cheap,2917,1,1
cheap,2918,1,1
cheap,2919,-1,-1
cheap,2920,1,1
cheap,2921,1,1
cheap,2922,1,1
cheap,2923,1,1
cheap,2924,1,1
cheap,2925,1,1
cheap,2926,1,1
cheap,2927,1,1
cheap,2928,1,1
cheap,2929,1,1
cheap,2930,1,1
cheap,2931,1,1
cheap,2932,1,1
cheap,2933,1,1
cheap,2934,1,1
cheap,2935,-1,-1
cheap,2936,1,1
cheap,2937,1,1
cheap,2938,1,1
cheap,2939,1,1
cheap,2940,1,1
cheap,2941,1,1
cheap,2942,1,1
cheap,2943,1,1
cheap,2944,1,1
cheap,2945,1,1
cheap,2946,1,1
cheap,2947,1,1
cheap,2948,1,1
cheap,2949,1,1
cheap,2950,1,1
cheap,2951,1,1
cheap,2952,-1,-1
cheap,2953,1,1
cheap,2954,1,1
cheap,2955,1,1
cheap,2956,1,1
cheap,2957,1,1
cheap,2958,1,1
cheap,2959,1,1
cheap,2960,1,1
cheap,2961,1,1
cheap,2962,1,1
cheap,2963,1,1
cheap,2964,1,1
cheap,2965,1,1
cheap,2966,1,1
cheap,2967,1,1
cheap,2968,1,1
cheap,2969,1,1
cheap,2970,-1,-1
cheap,2971,1,1
cheap,2972,1,1
cheap,2973,1,1
cheap,2974,1,1
cheap,2975,-1,-1
cheap,2976,1,1
cheap,2977,-1,-1
cheap,2978,1,1
cheap,2979,1,1
cheap,2980,1,1
cheap,2981,-1,-1
cheap,2982,1,1
cheap,2983,-1,-1
cheap,2984,1,1
cheap,2985,1,1
cheap,2986,1,1
cheap,2987,-1,-1
cheap,2988,1,1
cheap,2989,1,1
cheap,2990,1,1
cheap,2991,1,1
cheap,2992,1,1
cheap,2993,1,1
cheap,2994,1,1
cheap,2995,1,1
cheap,2996,1,1
cheap,2997,1,1
cheap,2998,1,1
cheap,2999,1,1
cheap,3000,1,1
cheap,3001,1,1
cheap,3002,1,1
cheap,3003,1,1
cheap,3004,-1,-1
cheap,3005,1,1
cheap,3006,1,1
cheap,3007,-1,-1
cheap,3008,1,1
cheap,3009,1,1
cheap,3010,1,1
cheap,3011,1,1
cheap,3012,-1,-1
cheap,3013,1,1
cheap,3014,1,1
cheap,3015,1,1
cheap,3016,1,1
cheap,3017,1,1
cheap,3018,1,1
cheap,3019,1,1
cheap,3020,-1,-1
cheap,3021,1,1
cheap,3022,1,1
cheap,3023,-1,-1
cheap,3024,1,1
cheap,3025,1,1
cheap,3026,1,1
cheap,3027,-1,-1
cheap,3028,1,1
cheap,3029,-1,-1
cheap,3030,1,1
cheap,3031,-1,-1
cheap,3032,1,1
cheap,3033,1,1
cheap,3034,1,1
cheap,3035,1,1
cheap,3036,-1,-1
cheap,3037,-1,-1
cheap,3038,1,1
cheap,3039,1,1
cheap,3040,-1,-1
cheap,3041,1,1
cheap,3042,1,1
cheap,3043,1,1
cheap,3044,1,1
cheap,3045,1,1
cheap,3046,1,1
cheap,3047,1,1
cheap,3048,-1,-1
cheap,3049,1,1
cheap,3050,1,1
cheap,3051,1,1
cheap,3052,1,1
cheap,3053,1,1
cheap,3054,1,1
cheap,3055,1,1
cheap,3056,1,1
cheap,3057,1,1
cheap,3058,1,1
cheap,3059,1,1
cheap,3060,1,1
cheap,3061,1,1
cheap,3062,1,1
cheap,3063,1,1
cheap,3064,1,1
cheap,3065,1,1
cheap,3066,-1,-1
cheap,3067,1,1
cheap,3068,1,1
cheap,3069,1,1
cheap,3070,1,1
cheap,3071,1,1
cheap,3072,1,1
cheap,3073,1,1
cheap,3074,1,1
cheap,3075,1,1
cheap,3076,1,1
cheap,3077,1,1
cheap,3078,1,1
cheap,3079,1,1
cheap,3080,1,1
cheap,3081,1,1
cheap,3082,1,1
cheap,3083,1,1
cheap,3084,1,1
cheap,3085,1,1
cheap,3086,1,1
cheap,3087,1,1
cheap,3088,1,1
cheap,3089,1,1
cheap,3090,1,1
cheap,3091,1,1
cheap,3092,1,1
cheap,3093,1,1
cheap,3094,1,1
cheap,3095,1,1
cheap,3096,1,1
cheap,3097,1,1
cheap,3098,-1,-1
cheap,3099,1,1
cheap,3100,1,1
cheap,3101,1,1
cheap,3102,-1,-1
cheap,3103,1,1
cheap,3104,1,1
cheap,3105,1,1
cheap,3106,1,1
cheap,3107,1,1
cheap,3108,1,1
cheap,3109,1,1
cheap,3110,1,1
cheap,3111,1,1
cheap,3112,1,1
cheap,3113,1,1
cheap,3114,1,1
cheap,3115,1,1
cheap,3116,1,1
cheap,3117,1,1
cheap,3118,1,1
cheap,3119,-1,-1
cheap,3120,1,1
cheap,3121,1,1
cheap,3122,1,1
cheap,3123,-1,-1
cheap,3124,1,1
cheap,3125,1,1
cheap,3126,1,1
cheap,3127,1,1
cheap,3128,1,1
cheap,3129,1,1
cheap,3130,1,1
cheap,3131,1,1
cheap,3132,1,1
cheap,3133,1,1
cheap,3134,1,1
cheap,3135,1,1
cheap,3136,1,1
cheap,3137,1,1
cheap,3138,1,1
cheap,3139,1,1
cheap,3140,1,1
cheap,3141,1,1
cheap,3142,1,1
cheap,3143,1,1
cheap,3144,1,1
cheap,3145,1,1
cheap,3146,1,1
cheap,3147,1,1
cheap,3148,1,1
cheap,3149,1,1
cheap,3150,1,1
cheap,3151,-1,-1
cheap,3152,1,1
cheap,3153,1,1
cheap,3154,1,1
cheap,3155,-1,-1
cheap,3156,1,1
cheap,3157,1,1
cheap,3158,-1,-1
cheap,3159,1,1
cheap,3160,1,1
cheap,3161,1,1
cheap,3162,1,1
cheap,3163,1,1
cheap,3164,1,1
cheap,3165,1,1
cheap,3166,1,1
cheap,3167,1,1
cheap,3168,1,1
cheap,3169,1,1
cheap,3170,1,1
cheap,3171,1,1
cheap,3172,1,1
cheap,3173,1,1
cheap,3174,1,1
cheap,3175,1,1
cheap,3176,1,1
cheap,3177,1,1
cheap,3178,1,1
cheap,3179,1,1
cheap,3180,-1,-1
cheap,3181,1,1
cheap,3182,1,1
cheap,3183,1,1
cheap,3184,1,1
cheap,3185,1,1
cheap,3186,1,1
cheap,3187,1,1
cheap,3188,1,1
cheap,3189,1,1
cheap,3190,1,1
cheap,3191,1,1
cheap,3192,1,1
cheap,3193,1,1
cheap,3194,1,1
cheap,3195,1,1
cheap,3196,-1,-1
cheap,3197,1,1
cheap,3198,1,1
cheap,3199,1,1
cheap,3200,1,1
cheap,3201,-1,-1
cheap,3202,1,1
cheap,3203,1,1
cheap,3204,1,1
cheap,3205,-1,-1
cheap,3206,1,1
cheap,3207,1,1
cheap,3208,1,1
cheap,3209,1,1
cheap,3210,-1,-1
cheap,3211,1,1
cheap,3212,1,1
cheap,3213,1,1
cheap,3214,1,1
cheap,3215,1,1
cheap,3216,-1,-1
cheap,3217,-1,-1
cheap,3218,1,1
cheap,3219,1,1
cheap,3220,1,1
cheap,3221,1,1
cheap,3222,1,1
cheap,3223,-1,-1
cheap,3224,-1,-1
cheap,3225,1,1
cheap,3226,1,1
cheap,3227,1,1
cheap,3228,1,1
cheap,3229,1,1
cheap,3230,1,1
cheap,3231,-1,-1
cheap,3232,1,1
cheap,3233,1,1
cheap,3234,1,1
cheap,3235,1,1
cheap,3236,1,1
cheap,3237,1,1
cheap,3238,1,1
cheap,3239,1,1
cheap,3240,1,-1
cheap,3241,1,1
cheap,3242,1,1
cheap,3243,1,1
cheap,3244,1,1
cheap,3245,1,1
cheap,3246,1,1
cheap,3247,1,1
cheap,3248,1,1
cheap,3249,1,1
cheap,3250,1,1
cheap,3251,1,1
cheap,3252,1,1
cheap,3253,-1,-1
cheap,3254,1,1
cheap,3255,-1,-1
cheap,3256,1,1
cheap,3257,1,1
cheap,3258,1,1
cheap,3259,1,1
cheap,3260,1,1
cheap,3261,1,1
cheap,3262,-1,-1
cheap,3263,1,1
cheap,3264,1,1
cheap,3265,1,1
cheap,3266,1,1
cheap,3267,1,1
cheap,3268,1,1
cheap,3269,1,1
cheap,3270,1,1
cheap,3271,-1,-1
cheap,3272,1,1
cheap,3273,1,1
cheap,3274,1,1
cheap,3275,1,1
cheap,3276,1,1
cheap,3277,1,1
cheap,3278,1,1
cheap,3279,1,1
cheap,3280,-1,-1
cheap,3281,1,1
cheap,3282,1,1
cheap,3283,1,1
cheap,3284,1,1
cheap,3285,-1,-1
cheap,3286,1,1
cheap,3287,1,1
cheap,3288,1,1
cheap,3289,1,1
cheap,3290,1,1
cheap,3291,1,1
cheap,3292,1,1
cheap,3293,1,1
cheap,3294,-1,-1
cheap,3295,1,1
cheap,3296,-1,-1
cheap,3297,1,1
cheap,3298,1,1
cheap,3299,1,1
cheap,3300,1,1
cheap,3301,1,1
cheap,3302,-1,-1
cheap,3303,1,1
cheap,3304,1,1
cheap,3305,1,1
cheap,3306,-1,-1
cheap,3307,-1,-1
cheap,3308,1,1
cheap,3309,1,1
cheap,3310,1,1
cheap,3311,1,1
cheap,3312,1,1
cheap,3313,1,1
cheap,3314,1,1
cheap,3315,1,1
cheap,3316,1,1
cheap,3317,-1,-1
cheap,3318,1,1
cheap,3319,1,1
cheap,3320,1,1
cheap,3321,-1,-1
cheap,3322,1,1
cheap,3323,1,1
cheap,3324,1,1
cheap,3325,1,1
cheap,3326,1,1
cheap,3327,1,1
cheap,3328,-1,-1
cheap,3329,1,1
cheap,3330,1,1
cheap,3331,1,1
cheap,3332,1,1
cheap,3333,1,1
cheap,3334,1,1
cheap,3335,1,1
cheap,3336,1,1
cheap,3337,1,1
cheap,3338,1,1
cheap,3339,1,1
cheap,3340,1,1
cheap,3341,1,1
cheap,3342,1,1
cheap,3343,1,1
cheap,3344,1,1
cheap,3345,1,1
cheap,3346,1,1
cheap,3347,1,1
cheap,3348,1,1
cheap,3349,1,1
cheap,3350,1,1
cheap,3351,1,1
cheap,3352,1,1
cheap,3353,1,1
cheap,3354,1,1
cheap,3355,-1,-1
cheap,3356,1,1
cheap,3357,1,1
cheap,3358,1,1
cheap,3359,1,1
cheap,3360,1,1
cheap,3361,1,1
cheap,3362,1,1
cheap,3363,-1,-1
cheap,3364,1,1
cheap,3365,1,1
cheap,3366,1,1
cheap,3367,1,1
cheap,3368,1,1
cheap,3369,1,1
cheap,3370,1,1
cheap,3371,1,1
cheap,3372,-1,-1
cheap,3373,-1,-1
cheap,3374,1,1
cheap,3375,1,1
cheap,3376,1,1
cheap,3377,1,1
cheap,3378,1,1
cheap,3379,1,1
cheap,3380,1,1
cheap,3381,1,1
cheap,3382,1,1
cheap,3383,-1,-1
cheap,3384,1,1
cheap,3385,1,1
cheap,3386,1,1
cheap,3387,1,1
cheap,3388,1,1
cheap,3389,1,1
cheap,3390,1,1
cheap,3391,1,1
cheap,3392,1,1
cheap,3393,1,1
cheap,3394,-1,-1
cheap,3395,1,1
cheap,3396,-1,-1
cheap,3397,-1,-1
cheap,3398,-1,-1
cheap,3399,-1,-1
cheap,3400,1,1
cheap,3401,1,1
cheap,3402,1,1
cheap,3403,1,1
cheap,3404,1,1
cheap,3405,1,1
cheap,3406,1,1
cheap,3407,1,1
cheap,3408,1,1
cheap,3409,1,1
cheap,3410,1,1
cheap,3411,1,1
cheap,3412,1,1
cheap,3413,1,1
cheap,3414,1,1
cheap,3415,1,1
cheap,3416,1,1
cheap,3417,1,1
cheap,3418,1,1
cheap,3419,1,1
cheap,3420,1,1
cheap,3421,1,1
cheap,3422,1,1
cheap,3423,1,1
cheap,3424,1,1
cheap,3425,1,1
cheap,3426,-1,-1
cheap,3427,1,1
cheap,3428,1,1
cheap,3429,1,1
cheap,3430,1,1
cheap,3431,1,1
cheap,3432,1,1
cheap,3433,1,1
cheap,3434,1,1
cheap,3435,1,1
cheap,3436,1,1
cheap,3437,1,1
cheap,3438,1,1
cheap,3439,1,1
cheap,3440,-1,-1
cheap,3441,1,1
cheap,3442,1,1
cheap,3443,1,1
cheap,3444,1,1
cheap,3445,1,1
cheap,3446,-1,-1
cheap,3447,1,1
cheap,3448,1,1
cheap,3449,-1,-1
cheap,3450,1,1
cheap,3451,1,1
cheap,3452,1,1
cheap,3453,1,1
cheap,3454,1,1
cheap,3455,1,1
cheap,3456,1,1
cheap,3457,-1,-1
cheap,3458,1,1
cheap,3459,1,1
cheap,3460,1,1
cheap,3461,1,1
cheap,3462,1,1
cheap,3463,1,1
cheap,3464,1,1
cheap,3465,-1,-1
cheap,3466,1,1
cheap,3467,1,1
cheap,3468,-1,-1
cheap,3469,1,1
cheap,3470,1,1
cheap,3471,1,1
cheap,3472,1,1
cheap,3473,1,1
cheap,3474,1,1
cheap,3475,1,1
cheap,3476,-1,-1
cheap,3477,1,1
cheap,3478,1,1
cheap,3479,1,1
cheap,3480,1,1
cheap,3481,1,1
cheap,3482,1,1
cheap,3483,1,1
cheap,3484,1,1
cheap,3485,1,1
cheap,3486,1,1
cheap,3487,1,1
cheap,3488,1,1
cheap,3489,-1,-1
cheap,3490,1,1
cheap,3491,-1,-1
cheap,3492,1,1
cheap,3493,1,1
cheap,3494,1,1
cheap,3495,1,1
cheap,3496,1,1
cheap,3497,1,1
cheap,3498,1,1
cheap,3499,1,1
cheap,3500,1,1
cheap,3501,-1,-1
cheap,3502,1,1
cheap,3503,1,1
cheap,3504,1,1
cheap,3505,1,1
cheap,3506,1,1
cheap,3507,1,1
cheap,3508,1,1
cheap,3509,1,1
cheap,3510,1,1
cheap,3511,1,1
cheap,3512,1,1
cheap,3513,1,1
cheap,3514,1,1
cheap,3515,1,1
cheap,3516,1,1
cheap,3517,1,1
cheap,3518,1,1
cheap,3519,1,1
cheap,3520,-1,-1
cheap,3521,1,1
cheap,3522,1,1
cheap,3523,1,1
cheap,3524,1,1
cheap,3525,1,1
cheap,3526,1,1
cheap,3527,1,1
cheap,3528,1,1
cheap,3529,1,1
cheap,3530,1,1
cheap,3531,1,1
cheap,3532,1,1
cheap,3533,-1,-1
cheap,3534,1,1
cheap,3535,1,1
cheap,3536,1,1
cheap,3537,1,1
cheap,3538,-1,-1
cheap,3539,1,1
cheap,3540,1,1
cheap,3541,1,1
cheap,3542,1,1
cheap,3543,1,1
cheap,3544,1,1
cheap,3545,1,1
cheap,3546,1,1
cheap,3547,1,1
cheap,3548,-1,-1
cheap,3549,1,1
cheap,3550,1,1
cheap,3551,1,1
cheap,3552,-1,-1
cheap,3553,-1,-1
cheap,3554,1,1
cheap,3555,1,1
cheap,3556,1,1
cheap,3557,-1,-1
cheap,3558,1,1
cheap,3559,1,1
cheap,3560,-1,-1
cheap,3561,1,1
cheap,3562,1,1
cheap,3563,1,1
cheap,3564,1,1
cheap,3565,1,1
cheap,3566,1,1
cheap,3567,1,1
cheap,3568,1,1
cheap,3569,1,1
cheap,3570,1,1
cheap,3571,1,1
cheap,3572,1,1
cheap,3573,1,1
cheap,3574,1,1
cheap,3575,1,1
cheap,3576,1,1
cheap,3577,1,1
cheap,3578,1,1
cheap,3579,1,1
cheap,3580,1,1
cheap,3581,1,1
cheap,3582,1,1
cheap,3583,1,1
cheap,3584,-1,-1
cheap,3585,1,1
cheap,3586,1,1
cheap,3587,1,1
cheap,3588,1,1
cheap,3589,1,1
cheap,3590,1,1
cheap,3591,1,1
cheap,3592,1,1
cheap,3593,-1,-1
cheap,3594,1,1
cheap,3595,1,1
cheap,3596,1,1
cheap,3597,-1,-1
cheap,3598,1,1
cheap,3599,1,1
cheap,3600,1,1
cheap,3601,1,1
cheap,3602,1,1
cheap,3603,1,1
cheap,3604,1,1
cheap,3605,1,1
cheap,3606,1,1
cheap,3607,1,1
cheap,3608,1,1
cheap,3609,1,1
cheap,3610,1,1
cheap,3611,1,1
cheap,3612,1,1
cheap,3613,1,1
cheap,3614,1,1
cheap,3615,1,1
cheap,3616,1,1
cheap,3617,1,1
cheap,3618,1,1
cheap,3619,1,1
cheap,3620,1,1
cheap,3621,1,1
cheap,3622,1,1
cheap,3623,1,1
cheap,3624,1,1
cheap,3625,1,1
cheap,3626,1,1
cheap,3627,-1,-1
cheap,3628,1,1
cheap,3629,1,1
cheap,3630,1,1
cheap,3631,1,1
cheap,3632,1,1
cheap,3633,1,1
cheap,3634,1,1
cheap,3635,1,1
cheap,3636,1,1
cheap,3637,1,1
cheap,3638,-1,-1
cheap,3639,1,1
cheap,3640,1,1
cheap,3641,1,1
cheap,3642,1,1
cheap,3643,1,1
cheap,3644,1,1
cheap,3645,1,1
cheap,3646,-1,-1
cheap,3647,1,1
cheap,3648,1,1
cheap,3649,1,1
cheap,3650,1,1
cheap,3651,1,1
cheap,3652,1,1
cheap,3653,1,1
cheap,3654,1,1
cheap,3655,1,1
cheap,3656,1,1
cheap,3657,1,1
cheap,3658,1,1
cheap,3659,1,1
cheap,3660,1,1
cheap,3661,1,1
cheap,3662,-1,-1
cheap,3663,1,1
cheap,3664,-1,-1
cheap,3665,1,1
cheap,3666,1,1
cheap,3667,1,1
cheap,3668,1,1
cheap,3669,1,1
cheap,3670,1,1
cheap,3671,1,1
cheap,3672,-1,-1
cheap,3673,1,1
cheap,3674,1,1
cheap,3675,1,1
cheap,3676,1,1
cheap,3677,1,1
cheap,3678,1,1
cheap,3679,1,1
cheap,3680,1,1
cheap,3681,1,1
cheap,3682,1,1
cheap,3683,-1,-1
cheap,3684,1,1
cheap,3685,1,1
cheap,3686,1,1
cheap,3687,1,1
cheap,3688,-1,-1
cheap,3689,-1,-1
cheap,3690,1,1
cheap,3691,1,1
cheap,3692,1,1
cheap,3693,1,1
cheap,3694,1,1
cheap,3695,1,1
cheap,3696,1,1
cheap,3697,-1,-1
cheap,3698,-1,-1
cheap,3699,1,1
cheap,3700,1,1
cheap,3701,1,1
cheap,3702,1,1
cheap,3703,1,1
cheap,3704,1,1
cheap,3705,1,1
cheap,3706,-1,-1
cheap,3707,1,1
cheap,3708,1,1
cheap,3709,1,1
cheap,3710,1,1
cheap,3711,-1,-1
cheap,3712,1,1
cheap,3713,1,1
cheap,3714,1,1
cheap,3715,1,1
cheap,3716,1,1
cheap,3717,1,1
cheap,3718,-1,-1
cheap,3719,1,1
cheap,3720,1,1
cheap,3721,-1,-1
cheap,3722,-1,-1
cheap,3723,-1,-1
cheap,3724,1,1
cheap,3725,1,1
cheap,3726,1,1
cheap,3727,1,1
cheap,3728,1,1
cheap,3729,1,1
cheap,3730,1,1
cheap,3731,1,1
cheap,3732,1,1
cheap,3733,-1,-1
cheap,3734,-1,-1
cheap,3735,1,1
cheap,3736,-1,-1
cheap,3737,1,1
cheap,3738,1,1
cheap,3739,1,1
cheap,3740,1,1
cheap,3741,1,1
cheap,3742,1,1
cheap,3743,-1,-1
cheap,3744,1,1
cheap,3745,1,1
cheap,3746,1,1
cheap,3747,1,1
cheap,3748,1,1
cheap,3749,1,1
cheap,3750,1,1
cheap,3751,1,1
cheap,3752,1,1
cheap,3753,-1,-1
cheap,3754,1,1
cheap,3755,1,1
cheap,3756,-1,-1
cheap,3757,1,1
cheap,3758,1,1
cheap,3759,1,1
cheap,3760,1,1
cheap,3761,1,1
cheap,3762,1,1
cheap,3763,1,1
cheap,3764,1,1
cheap,3765,-1,-1
cheap,3766,1,1
cheap,3767,1,1
cheap,3768,1,1
cheap,3769,1,1
cheap,3770,1,1
cheap,3771,1,1
cheap,3772,1,1
cheap,3773,-1,-1
cheap,3774,1,1
cheap,3775,1,1
cheap,3776,-1,-1
cheap,3777,1,1
cheap,3778,1,1
cheap,3779,1,1
cheap,3780,-1,-1
cheap,3781,1,1
cheap,3782,1,1
cheap,3783,1,1
cheap,3784,1,1
cheap,3785,1,1
cheap,3786,1,1
cheap,3787,1,1
cheap,3788,1,1
cheap,3789,-1,-1
cheap,3790,1,1
cheap,3791,1,1
cheap,3792,1,1
cheap,3793,1,1
cheap,3794,1,1
cheap,3795,1,1
cheap,3796,1,1
cheap,3797,1,1
cheap,3798,1,1
cheap,3799,1,1
cheap,3800,1,1
cheap,3801,-1,-1
cheap,3802,1,1
cheap,3803,1,1
cheap,3804,1,1
cheap,3805,1,1
cheap,3806,1,1
cheap,3807,-1,-1
cheap,3808,1,1
cheap,3809,1,1
cheap,3810,1,1
cheap,3811,1,1
cheap,3812,1,1
cheap,3813,1,1
cheap,3814,1,1
cheap,3815,1,1
cheap,3816,1,1
cheap,3817,1,1
cheap,3818,-1,-1
cheap,3819,1,1
cheap,3820,1,1
cheap,3821,1,1
cheap,3822,1,1
cheap,3823,1,1
cheap,3824,1,1
cheap,3825,1,1
cheap,3826,1,1
cheap,3827,1,1
cheap,3828,1,1
cheap,3829,1,1
cheap,3830,-1,-1
cheap,3831,1,1
cheap,3832,1,1
cheap,3833,-1,-1
cheap,3834,1,1
cheap,3835,1,1
cheap,3836,1,1
cheap,3837,1,1
cheap,3838,-1,-1
cheap,3839,-1,-1
cheap,3840,1,1
cheap,3841,1,1
cheap,3842,1,1
cheap,3843,1,1
cheap,3844,1,1
cheap,3845,-1,-1
cheap,3846,1,1
cheap,3847,1,1
cheap,3848,-1,-1
cheap,3849,1,1
cheap,3850,1,1
cheap,3851,1,1
cheap,3852,-1,-1
cheap,3853,1,1
cheap,3854,1,1
cheap,3855,1,1
cheap,3856,1,1
cheap,3857,1,1
cheap,3858,1,1
cheap,3859,1,1
cheap,3860,1,1
cheap,3861,1,1
cheap,3862,-1,-1
cheap,3863,1,1
cheap,3864,1,1
cheap,3865,1,1
cheap,3866,1,1
cheap,3867,1,1
cheap,3868,1,1
cheap,3869,1,1
cheap,3870,-1,-1
cheap,3871,1,1
cheap,3872,1,1
cheap,3873,1,1
cheap,3874,1,1
cheap,3875,1,1
cheap,3876,1,1
cheap,3877,1,1
cheap,3878,-1,-1
cheap,3879,1,1
cheap,3880,1,1
cheap,3881,1,1
cheap,3882,1,1
cheap,3883,1,1
cheap,3884,1,1
cheap,3885,1,1
cheap,3886,1,1
cheap,3887,1,1
cheap,3888,1,1
cheap,3889,1,1
cheap,3890,1,1
cheap,3891,1,1
cheap,3892,1,1
cheap,3893,1,1
cheap,3894,1,1
cheap,3895,1,1
cheap,3896,1,1
cheap,3897,1,1
cheap,3898,1,1
cheap,3899,1,1
cheap,3900,1,1
cheap,3901,1,1
cheap,3902,1,1
cheap,3903,1,1
cheap,3904,1,1
cheap,3905,1,1
cheap,3906,1,1
cheap,3907,1,1
cheap,3908,1,1
cheap,3909,1,1
cheap,3910,1,1
cheap,3911,1,1
cheap,3912,-1,-1
cheap,3913,1,1
cheap,3914,1,1
cheap,3915,1,1
cheap,3916,-1,-1
cheap,3917,1,1
cheap,3918,1,1
cheap,3919,1,1
cheap,3920,1,1
cheap,3921,1,1
cheap,3922,1,1
cheap,3923,1,1
cheap,3924,1,1
cheap,3925,1,1
cheap,3926,-1,-1
cheap,3927,1,1
cheap,3928,1,1
cheap,3929,1,1
cheap,3930,1,1
cheap,3931,1,1
cheap,3932,1,1
cheap,3933,1,1
cheap,3934,1,1
cheap,3935,1,1
cheap,3936,1,1
cheap,3937,1,1
cheap,3938,1,1
cheap,3939,1,1
cheap,3940,1,1
cheap,3941,1,1
cheap,3942,-1,-1
cheap,3943,1,1
cheap,3944,-1,-1
cheap,3945,1,1
cheap,3946,1,1
cheap,3947,1,1
cheap,3948,1,1
cheap,3949,1,1
cheap,3950,1,1
cheap,3951,1,1
cheap,3952,1,1
cheap,3953,1,1
cheap,3954,-1,-1
cheap,3955,1,1
cheap,3956,-1,-1
cheap,3957,1,1
cheap,3958,1,1
cheap,3959,1,1
cheap,3960,1,1
cheap,3961,1,1
cheap,3962,1,1
cheap,3963,1,1
cheap,3964,1,1
cheap,3965,1,1
cheap,3966,-1,-1
cheap,3967,1,1
cheap,3968,-1,-1
cheap,3969,1,1
cheap,3970,1,1
cheap,3971,1,1
cheap,3972,1,1
cheap,3973,1,1
cheap,3974,-1,-1
cheap,3975,1,1
cheap,3976,1,1
cheap,3977,1,1
cheap,3978,1,1
cheap,3979,-1,-1
cheap,3980,1,1
cheap,3981,1,1
cheap,3982,1,1
cheap,3983,1,1
cheap,3984,1,1
cheap,3985,-1,-1
cheap,3986,1,1
cheap,3987,-1,-1
cheap,3988,1,1
cheap,3989,-1,-1
cheap,3990,-1,-1
cheap,3991,1,1
cheap,3992,1,1
cheap,3993,1,1
cheap,3994,1,1
cheap,3995,1,1
cheap,3996,1,1
cheap,3997,1,1
cheap,3998,1,1
cheap,3999,1,1
cheap,4000,1,1
cheap,4001,1,1
cheap,4002,1,1
cheap,4003,1,1
cheap,4004,1,1
cheap,4005,1,1
cheap,4006,1,1
cheap,4007,1,1
cheap,4008,1,1
cheap,4009,1,1
cheap,4010,1,1
cheap,4011,1,1
cheap,4012,1,1
cheap,4013,1,1
cheap,4014,1,1
cheap,4015,1,1
cheap,4016,1,1
cheap,4017,1,1
cheap,4018,1,1
cheap,4019,1,1
cheap,4020,1,1
cheap,4021,1,1
cheap,4022,1,1
cheap,4023,1,1
cheap,4024,-1,-1
cheap,4025,1,1
cheap,4026,1,1
cheap,4027,1,1
cheap,4028,1,1
cheap,4029,1,1
cheap,4030,-1,-1
cheap,4031,1,1
cheap,4032,1,1
cheap,4033,1,1
cheap,4034,1,1
cheap,4035,1,1
cheap,4036,1,1
cheap,4037,1,1
cheap,4038,1,1
cheap,4039,1,1
cheap,4040,1,1
cheap,4041,1,1
cheap,4042,1,1
cheap,4043,1,1
cheap,4044,1,1
cheap,4045,1,1
cheap,4046,1,1
cheap,4047,1,1
cheap,4048,1,1
cheap,4049,1,1
cheap,4050,1,1
cheap,4051,1,1
cheap,4052,1,1
cheap,4053,1,1
cheap,4054,1,1
cheap,4055,1,1
cheap,4056,1,1
cheap,4057,1,1
cheap,4058,-1,-1
cheap,4059,1,1
cheap,4060,1,1
cheap,4061,1,1
cheap,4062,1,1
cheap,4063,1,1
cheap,4064,-1,-1
cheap,4065,1,1
cheap,4066,1,1
cheap,4067,1,1
cheap,4068,1,1
cheap,4069,1,1
cheap,4070,1,1
cheap,4071,1,1
cheap,4072,1,1
cheap,4073,1,1
cheap,4074,1,1
cheap,4075,1,1
cheap,4076,1,1
cheap,4077,1,1
cheap,4078,1,1
cheap,4079,1,1
cheap,4080,1,1
cheap,4081,1,1
cheap,4082,1,1
cheap,4083,-1,-1
cheap,4084,1,1
cheap,4085,-1,-1
cheap,4086,1,1
cheap,4087,1,1
cheap,4088,1,1
cheap,4089,1,1
cheap,4090,1,1
cheap,4091,1,1
cheap,4092,-1,-1
cheap,4093,1,1
cheap,4094,1,1
cheap,4095,1,1
cheap,4096,1,1
cheap,4097,1,1
cheap,4098,1,1
cheap,4099,1,1
cheap,4100,1,1
cheap,4101,1,1
cheap,4102,-1,-1
cheap,4103,1,1
cheap,4104,1,1
cheap,4105,-1,-1
cheap,4106,1,1
cheap,4107,1,1
cheap,4108,1,1
cheap,4109,1,1
cheap,4110,1,1
cheap,4111,1,1
cheap,4112,1,1
cheap,4113,1,1
cheap,4114,1,1
cheap,4115,1,1
cheap,4116,1,1
cheap,4117,1,1
cheap,4118,1,1
cheap,4119,1,1
cheap,4120,1,1
cheap,4121,1,1
cheap,4122,1,1
cheap,4123,1,1
cheap,4124,1,1
cheap,4125,1,1
cheap,4126,1,1
cheap,4127,1,1
cheap,4128,1,1
cheap,4129,1,1
cheap,4130,1,1
cheap,4131,1,1
cheap,4132,1,1
cheap,4133,1,1
cheap,4134,-1,-1
cheap,4135,1,1
cheap,4136,-1,-1
cheap,4137,1,1
cheap,4138,1,1
cheap,4139,1,1
cheap,4140,1,1
cheap,4141,1,1
cheap,4142,1,1
cheap,4143,1,1
cheap,4144,1,1
cheap,4145,1,1
cheap,4146,1,1
cheap,4147,1,1
cheap,4148,1,1
cheap,4149,1,1
cheap,4150,1,1
cheap,4151,1,1
cheap,4152,1,1
cheap,4153,-1,-1
cheap,4154,1,1
cheap,4155,1,1
cheap,4156,1,1
cheap,4157,1,1
cheap,4158,1,1
cheap,4159,1,1
cheap,4160,1,1
cheap,4161,1,1
cheap,4162,1,1
cheap,4163,1,1
cheap,4164,1,1
cheap,4165,-1,-1
cheap,4166,1,1
cheap,4167,1,1
cheap,4168,1,1
cheap,4169,1,1
cheap,4170,-1,-1
cheap,4171,1,1
cheap,4172,1,1
cheap,4173,1,1
cheap,4174,1,1
cheap,4175,1,1
cheap,4176,-1,-1
cheap,4177,1,1
cheap,4178,1,1
cheap,4179,1,1
cheap,4180,1,1
cheap,4181,-1,-1
cheap,4182,1,1
cheap,4183,1,1
cheap,4184,1,1
cheap,4185,1,1
cheap,4186,1,1
cheap,4187,1,1
cheap,4188,1,1
cheap,4189,1,1
cheap,4190,1,1
cheap,4191,1,1
cheap,4192,1,1
cheap,4193,1,1
cheap,4194,1,1
cheap,4195,1,1
cheap,4196,1,1
cheap,4197,1,1
cheap,4198,1,1
cheap,4199,1,1
cheap,4200,1,1
cheap,4201,1,1
cheap,4202,1,1
cheap,4203,1,1
cheap,4204,1,1
cheap,4205,1,1
cheap,4206,-1,-1
cheap,4207,1,1
cheap,4208,1,1
cheap,4209,1,1
cheap,4210,1,1
cheap,4211,1,1
cheap,4212,1,1
cheap,4213,1,1
cheap,4214,1,1
cheap,4215,-1,-1
cheap,4216,1,1
cheap,4217,1,1
cheap,4218,1,1
cheap,4219,1,1
cheap,4220,1,1
cheap,4221,-1,-1
cheap,4222,1,1
cheap,4223,1,1
cheap,4224,1,1
cheap,4225,1,1
cheap,4226,-1,-1
cheap,4227,-1,-1
cheap,4228,1,1
cheap,4229,1,1
cheap,4230,1,1
cheap,4231,1,1
cheap,4232,1,1
cheap,4233,1,1
cheap,4234,-1,-1
cheap,4235,1,1
cheap,4236,1,1
cheap,4237,1,1
cheap,4238,1,1
cheap,4239,1,1
cheap,4240,1,1
cheap,4241,1,1
cheap,4242,1,1
cheap,4243,1,1
cheap,4244,1,1
cheap,4245,1,1
cheap,4246,-1,-1
cheap,4247,-1,-1
cheap,4248,1,1
cheap,4249,1,1
cheap,4250,1,1
cheap,4251,1,1
cheap,4252,1,1
cheap,4253,1,1
cheap,4254,1,1
cheap,4255,1,1
cheap,4256,1,1
cheap,4257,1,1
cheap,4258,-1,-1
cheap,4259,1,1
cheap,4260,1,1
cheap,4261,1,1
cheap,4262,1,1
cheap,4263,1,1
cheap,4264,1,1
cheap,4265,1,1
cheap,4266,1,1
cheap,4267,1,1
cheap,4268,1,1
cheap,4269,1,1
cheap,4270,1,1
cheap,4271,1,1
cheap,4272,-1,-1
cheap,4273,1,1
cheap,4274,1,1
cheap,4275,1,1
cheap,4276,1,1
cheap,4277,1,1
cheap,4278,1,1
cheap,4279,1,1
cheap,4280,1,1
cheap,4281,1,1
cheap,4282,1,1
cheap,4283,1,1
cheap,4284,1,1
cheap,4285,1,1
cheap,4286,1,1
cheap,4287,1,1
cheap,4288,1,1
cheap,4289,1,1
cheap,4290,1,1
cheap,4291,1,1
cheap,4292,1,1
cheap,4293,1,1
cheap,4294,1,1
cheap,4295,1,1
cheap,4296,1,1
cheap,4297,1,1
cheap,4298,1,1
cheap,4299,1,1
cheap,4300,1,1
cheap,4301,1,1
cheap,4302,1,1
cheap,4303,1,1
cheap,4304,1,1
cheap,4305,1,1
cheap,4306,-1,-1
cheap,4307,1,1
cheap,4308,1,1
cheap,4309,1,1
cheap,4310,1,1
cheap,4311,1,1
cheap,4312,1,1
cheap,4313,1,1
cheap,4314,1,1
cheap,4315,1,1
cheap,4316,1,1
cheap,4317,-1,-1
cheap,4318,1,1
cheap,4319,1,1
cheap,4320,1,1
cheap,4321,1,1
cheap,4322,1,1
cheap,4323,1,1
cheap,4324,1,1
cheap,4325,1,1
cheap,4326,1,1
cheap,4327,1,1
cheap,4328,1,1
cheap,4329,1,1
cheap,4330,1,1
cheap,4331,1,1
cheap,4332,1,1
cheap,4333,1,1
cheap,4334,1,1
cheap,4335,1,1
cheap,4336,1,1
cheap,4337,1,1
cheap,4338,1,1
cheap,4339,1,1
cheap,4340,1,1
cheap,4341,1,1
cheap,4342,1,1
cheap,4343,1,1
cheap,4344,1,1
cheap,4345,-1,-1
cheap,4346,1,1
cheap,4347,1,1
cheap,4348,1,1
cheap,4349,1,1
cheap,4350,1,1
cheap,4351,1,1
cheap,4352,1,1
cheap,4353,1,1
cheap,4354,1,1
cheap,4355,1,1
cheap,4356,1,1
cheap,4357,1,1
cheap,4358,1,1
cheap,4359,1,1
cheap,4360,1,1
cheap,4361,1,1
cheap,4362,1,1
cheap,4363,1,1
cheap,4364,1,1
cheap,4365,-1,-1
cheap,4366,-1,-1
cheap,4367,1,1
cheap,4368,1,1
cheap,4369,1,1
cheap,4370,1,1
cheap,4371,1,1
cheap,4372,1,1
cheap,4373,-1,-1
cheap,4374,1,1
cheap,4375,1,1
cheap,4376,-1,-1
cheap,4377,1,1
cheap,4378,1,1
cheap,4379,1,1
cheap,4380,1,1
cheap,4381,1,1
cheap,4382,-1,-1
cheap,4383,1,1
cheap,4384,1,1
cheap,4385,1,1
cheap,4386,1,1
cheap,4387,1,1
cheap,4388,1,1
cheap,4389,1,1
cheap,4390,1,1
cheap,4391,1,1
cheap,4392,1,1
cheap,4393,1,1
cheap,4394,1,1
cheap,4395,1,1
cheap,4396,1,1
cheap,4397,1,1
cheap,4398,1,1
cheap,4399,1,1
cheap,4400,1,1
cheap,4401,1,1
cheap,4402,1,1
cheap,4403,1,1
cheap,4404,1,1
cheap,4405,1,1
cheap,4406,1,1
cheap,4407,1,1
cheap,4408,-1,-1
cheap,4409,1,1
cheap,4410,1,1
cheap,4411,1,1
cheap,4412,1,1
cheap,4413,1,1
cheap,4414,1,1
cheap,4415,-1,-1
cheap,4416,1,1
cheap,4417,1,1
cheap,4418,1,1
cheap,4419,1,1
cheap,4420,1,1
cheap,4421,1,1
cheap,4422,-1,-1
cheap,4423,1,1
cheap,4424,1,1
cheap,4425,1,1
cheap,4426,1,1
cheap,4427,1,1
cheap,4428,1,1
cheap,4429,1,1
cheap,4430,1,1
cheap,4431,1,1
cheap,4432,1,1
cheap,4433,1,1
cheap,4434,1,1
cheap,4435,1,1
cheap,4436,-1,-1
cheap,4437,1,1
cheap,4438,1,1
cheap,4439,-1,-1
cheap,4440,1,1
cheap,4441,1,1
cheap,4442,1,1
cheap,4443,1,1
cheap,4444,1,1
cheap,4445,1,1
cheap,4446,1,1
cheap,4447,-1,-1
cheap,4448,1,1
cheap,4449,1,1
cheap,4450,1,1
cheap,4451,1,1
cheap,4452,1,1
cheap,4453,1,1
cheap,4454,1,1
cheap,4455,1,1
cheap,4456,1,1
cheap,4457,1,1
cheap,4458,1,1
cheap,4459,1,1
cheap,4460,1,1
cheap,4461,1,1
cheap,4462,1,1
cheap,4463,1,1
cheap,4464,1,1
cheap,4465,1,1
cheap,4466,1,1
cheap,4467,1,1
cheap,4468,1,1
cheap,4469,1,1
cheap,4470,1,1
cheap,4471,1,1
cheap,4472,1,1
cheap,4473,1,1
cheap,4474,1,1
cheap,4475,1,1
cheap,4476,1,1
cheap,4477,1,1
cheap,4478,1,1
cheap,4479,1,1
cheap,4480,1,1
cheap,4481,1,1
cheap,4482,1,1
cheap,4483,1,1
cheap,4484,-1,-1
cheap,4485,1,1
cheap,4486,1,1
cheap,4487,-1,-1
cheap,4488,1,1
cheap,4489,1,1
cheap,4490,1,1
cheap,4491,1,1
cheap,4492,-1,-1
cheap,4493,1,1
cheap,4494,1,1
cheap,4495,1,1
cheap,4496,1,1
cheap,4497,1,1
cheap,4498,1,1
cheap,4499,1,1
cheap,4500,1,1
cheap,4501,1,1
cheap,4502,1,1
cheap,4503,-1,-1
cheap,4504,1,1
cheap,4505,1,1
cheap,4506,1,1
cheap,4507,-1,-1
cheap,4508,1,1
cheap,4509,1,1
cheap,4510,-1,-1
cheap,4511,1,1
cheap,4512,1,1
cheap,4513,1,1
cheap,4514,-1,-1
cheap,4515,1,1
cheap,4516,1,1
cheap,4517,1,1
cheap,4518,1,1
cheap,4519,1,1
cheap,4520,1,1
cheap,4521,1,1
cheap,4522,1,1
cheap,4523,-1,1
cheap,4524,1,1
cheap,4525,1,1
cheap,4526,1,1
cheap,4527,1,1
cheap,4528,-1,-1
cheap,4529,1,1
cheap,4530,1,1
cheap,4531,1,1
cheap,4532,1,1
cheap,4533,1,1
cheap,4534,1,1
cheap,4535,1,1
cheap,4536,1,1
cheap,4537,1,1
cheap,4538,1,1
cheap,4539,1,1
cheap,4540,1,1
cheap,4541,1,1
cheap,4542,1,1
cheap,4543,1,1
cheap,4544,1,1
cheap,4545,1,1
cheap,4546,1,1
cheap,4547,1,1
cheap,4548,1,1
cheap,4549,1,1
cheap,4550,-1,-1
cheap,4551,1,1
cheap,4552,1,1
cheap,4553,1,1
cheap,4554,1,1
cheap,4555,1,1
cheap,4556,1,1
cheap,4557,1,1
cheap,4558,1,1
cheap,4559,1,1
cheap,4560,1,1
cheap,4561,1,1
cheap,4562,1,1
cheap,4563,1,1
cheap,4564,1,1
cheap,4565,1,1
cheap,4566,1,1
cheap,4567,1,1
cheap,4568,1,1
cheap,4569,1,1
cheap,4570,1,1
cheap,4571,1,1
cheap,4572,1,1
cheap,4573,1,1
cheap,4574,1,1
cheap,4575,1,1
cheap,4576,1,1
cheap,4577,1,1
cheap,4578,1,1
cheap,4579,1,1
cheap,4580,1,1
cheap,4581,-1,-1
cheap,4582,1,1
cheap,4583,1,1
cheap,4584,1,1
cheap,4585,1,1
cheap,4586,1,1
cheap,4587,1,1
cheap,4588,-1,-1
cheap,4589,1,1
cheap,4590,1,1
cheap,4591,1,1
cheap,4592,1,1
cheap,4593,1,1
cheap,4594,1,1
cheap,4595,1,1
cheap,4596,1,1
cheap,4597,1,1
cheap,4598,1,1
cheap,4599,1,1
cheap,4600,1,1
cheap,4601,1,1
cheap,4602,1,1
cheap,4603,1,1
cheap,4604,1,1
cheap,4605,1,1
cheap,4606,1,1
cheap,4607,1,1
cheap,4608,1,1
cheap,4609,1,1
cheap,4610,1,1
cheap,4611,1,1
cheap,4612,1,1
cheap,4613,1,1
cheap,4614,1,1
cheap,4615,1,1
cheap,4616,-1,-1
cheap,4617,1,1
cheap,4618,1,1
cheap,4619,1,1
cheap,4620,-1,-1
cheap,4621,1,1
cheap,4622,1,1
cheap,4623,1,1
cheap,4624,1,1
cheap,4625,1,1
cheap,4626,1,1
cheap,4627,1,1
cheap,4628,1,1
cheap,4629,1,1
cheap,4630,1,1
cheap,4631,1,1
cheap,4632,1,1
cheap,4633,1,1
cheap,4634,1,1
cheap,4635,1,1
cheap,4636,1,1
cheap,4637,1,1
cheap,4638,1,1
cheap,4639,1,1
cheap,4640,-1,-1
cheap,4641,1,1
cheap,4642,1,1
cheap,4643,1,1
cheap,4644,1,1
cheap,4645,1,1
cheap,4646,1,1
cheap,4647,1,1
cheap,4648,-1,-1
cheap,4649,1,1
cheap,4650,1,1
cheap,4651,1,1
cheap,4652,1,1
cheap,4653,1,1
cheap,4654,1,1
cheap,4655,1,1
cheap,4656,1,1
cheap,4657,1,1
cheap,4658,-1,-1
cheap,4659,1,1
cheap,4660,1,1
cheap,4661,1,1
cheap,4662,1,1
cheap,4663,1,1
cheap,4664,1,1
cheap,4665,-1,-1
cheap,4666,1,1
cheap,4667,1,1
cheap,4668,1,1
cheap,4669,-1,-1
cheap,4670,1,1
cheap,4671,1,1
cheap,4672,-1,-1
cheap,4673,1,1
cheap,4674,1,1
cheap,4675,1,1
cheap,4676,-1,-1
cheap,4677,1,1
cheap,4678,1,1
cheap,4679,1,1
cheap,4680,1,1
cheap,4681,1,1
cheap,4682,1,1
cheap,4683,-1,-1
cheap,4684,1,1
cheap,4685,1,1
cheap,4686,1,1
cheap,4687,-1,-1
cheap,4688,1,1
cheap,4689,1,1
cheap,4690,-1,-1
cheap,4691,1,1
cheap,4692,1,1
cheap,4693,1,1
cheap,4694,1,1
cheap,4695,1,1
cheap,4696,1,1
cheap,4697,1,1
cheap,4698,1,1
cheap,4699,1,1
cheap,4700,1,1
cheap,4701,1,1
cheap,4702,1,1
cheap,4703,1,1
cheap,4704,1,1
cheap,4705,1,1
cheap,4706,1,1
cheap,4707,1,1
cheap,4708,1,1
cheap,4709,1,1
cheap,4710,1,1
cheap,4711,1,1
cheap,4712,1,1
cheap,4713,1,1
cheap,4714,1,1
cheap,4715,1,1
cheap,4716,1,1
cheap,4717,1,1
cheap,4718,1,1
cheap,4719,1,1
cheap,4720,1,1
cheap,4721,1,1
cheap,4722,1,1
cheap,4723,1,1
cheap,4724,1,1
cheap,4725,1,1
cheap,4726,1,1
cheap,4727,1,1
cheap,4728,1,1
cheap,4729,1,1
cheap,4730,1,1
cheap,4731,1,1
cheap,4732,1,1
cheap,4733,1,1
cheap,4734,1,1
cheap,4735,1,1
cheap,4736,1,1
cheap,4737,1,1
cheap,4738,1,1
cheap,4739,1,1
cheap,4740,1,1
cheap,4741,-1,-1
cheap,4742,1,1
cheap,4743,1,1
cheap,4744,1,1
cheap,4745,1,1
cheap,4746,-1,-1
cheap,4747,-1,-1
cheap,4748,1,1
cheap,4749,1,1
cheap,4750,-1,-1
cheap,4751,1,1
cheap,4752,1,1
cheap,4753,-1,-1
cheap,4754,1,1
cheap,4755,1,1
cheap,4756,1,1
cheap,4757,-1,-1
cheap,4758,1,1
cheap,4759,1,1
cheap,4760,1,1
cheap,4761,1,1
cheap,4762,1,1
cheap,4763,1,1
cheap,4764,1,1
cheap,4765,-1,-1
cheap,4766,1,1
cheap,4767,1,1
cheap,4768,1,1
cheap,4769,1,1
cheap,4770,1,1
cheap,4771,1,1
cheap,4772,1,1
cheap,4773,1,1
cheap,4774,1,1
cheap,4775,1,1
cheap,4776,1,1
cheap,4777,1,1
cheap,4778,1,1
cheap,4779,1,1
cheap,4780,1,1
cheap,4781,1,1
cheap,4782,1,1
cheap,4783,1,1
cheap,4784,1,1
cheap,4785,1,1
cheap,4786,1,1
cheap,4787,1,1
cheap,4788,1,1
cheap,4789,1,1
cheap,4790,1,1
cheap,4791,1,1
cheap,4792,1,1
cheap,4793,1,1
cheap,4794,1,1
cheap,4795,1,1
cheap,4796,1,1
cheap,4797,1,1
cheap,4798,1,1
cheap,4799,1,1
cheap,4800,-1,-1
cheap,4801,-1,-1
cheap,4802,1,1
cheap,4803,1,1
cheap,4804,1,1
cheap,4805,1,1
cheap,4806,1,1
cheap,4807,1,1
cheap,4808,-1,-1
cheap,4809,1,1
cheap,4810,1,1
cheap,4811,1,1
cheap,4812,1,1
cheap,4813,1,1
cheap,4814,1,1
cheap,4815,1,1
cheap,4816,1,1
cheap,4817,1,1
cheap,4818,1,1
cheap,4819,1,1
cheap,4820,1,1
cheap,4821,1,1
cheap,4822,1,1
cheap,4823,-1,-1
cheap,4824,1,1
cheap,4825,1,1
cheap,4826,1,1
cheap,4827,1,1
cheap,4828,1,1
cheap,4829,1,1
cheap,4830,1,1
cheap,4831,1,1
cheap,4832,1,1
cheap,4833,1,1
cheap,4834,1,1
cheap,4835,1,1
cheap,4836,1,1
cheap,4837,-1,-1
cheap,4838,1,1
cheap,4839,1,1
cheap,4840,1,1
cheap,4841,-1,-1
cheap,4842,1,1
cheap,4843,1,1
cheap,4844,1,1
cheap,4845,1,1
cheap,4846,1,1
cheap,4847,-1,-1
cheap,4848,1,1
cheap,4849,1,1
cheap,4850,1,1
cheap,4851,1,1
cheap,4852,1,1
cheap,4853,1,1
cheap,4854,1,1
cheap,4855,1,1
cheap,4856,1,1
cheap,4857,1,1
cheap,4858,1,1
cheap,4859,1,1
cheap,4860,1,1
cheap,4861,-1,-1
cheap,4862,1,1
cheap,4863,1,1
cheap,4864,1,1
cheap,4865,1,1
cheap,4866,-1,-1
cheap,4867,1,1
cheap,4868,1,1
cheap,4869,1,1
cheap,4870,1,1
cheap,4871,1,1
cheap,4872,1,1
cheap,4873,1,1
cheap,4874,1,1
cheap,4875,1,1
cheap,4876,1,1
cheap,4877,-1,-1
cheap,4878,1,1
cheap,4879,1,1
cheap,4880,1,1
cheap,4881,1,1
cheap,4882,1,1
cheap,4883,1,1
cheap,4884,1,1
cheap,4885,1,1
cheap,4886,1,1
cheap,4887,1,1
cheap,4888,-1,-1
cheap,4889,1,1
cheap,4890,1,1
cheap,4891,1,1
cheap,4892,-1,-1
cheap,4893,1,1
cheap,4894,1,1
cheap,4895,1,1
cheap,4896,-1,-1
cheap,4897,1,1
cheap,4898,1,1
cheap,4899,1,1
cheap,4900,-1,-1
cheap,4901,-1,-1
cheap,4902,1,1
cheap,4903,1,1
cheap,4904,1,1
cheap,4905,1,1
cheap,4906,-1,-1
cheap,4907,1,1
cheap,4908,1,1
cheap,4909,1,1
cheap,4910,1,1
cheap,4911,1,1
cheap,4912,-1,-1
cheap,4913,1,1
cheap,4914,1,1
cheap,4915,1,1
cheap,4916,1,1
cheap,4917,1,1
cheap,4918,1,1
cheap,4919,1,1
cheap,4920,1,1
cheap,4921,1,1
cheap,4922,1,1
cheap,4923,1,1
cheap,4924,1,1
cheap,4925,1,1
cheap,4926,1,1
cheap,4927,1,1
cheap,4928,1,1
cheap,4929,1,1
cheap,4930,1,1
cheap,4931,1,1
cheap,4932,1,1
cheap,4933,1,1
cheap,4934,1,1
cheap,4935,-1,-1
cheap,4936,1,1
cheap,4937,1,1
cheap,4938,1,1
cheap,4939,1,1
cheap,4940,1,1
cheap,4941,1,1
cheap,4942,1,1
cheap,4943,-1,-1
cheap,4944,1,1
cheap,4945,1,1
cheap,4946,1,1
cheap,4947,1,1
cheap,4948,-1,-1
cheap,4949,1,1
cheap,4950,1,1
cheap,4951,1,1
cheap,4952,1,1
cheap,4953,1,1
cheap,4954,1,1
cheap,4955,1,1
cheap,4956,1,1
cheap,4957,1,1
cheap,4958,1,1
cheap,4959,1,1
cheap,4960,1,1
cheap,4961,1,1
cheap,4962,1,1
cheap,4963,1,1
cheap,4964,1,1
cheap,4965,1,1
cheap,4966,-1,-1
cheap,4967,1,1
cheap,4968,1,1
cheap,4969,1,1
cheap,4970,1,1
cheap,4971,1,1
cheap,4972,1,1
cheap,4973,1,1
cheap,4974,1,1
cheap,4975,-1,-1
cheap,4976,-1,-1
cheap,4977,1,1
cheap,4978,1,1
cheap,4979,1,1
cheap,4980,1,1
cheap,4981,1,1
cheap,4982,1,1
cheap,4983,1,1
cheap,4984,1,1
cheap,4985,1,1
cheap,4986,1,1
cheap,4987,1,1
cheap,4988,1,1
cheap,4989,-1,-1
cheap,4990,1,1
cheap,4991,1,1
cheap,4992,1,1
cheap,4993,1,1
cheap,4994,1,1
cheap,4995,1,1
cheap,4996,1,1
cheap,4997,1,1
cheap,4998,1,1
cheap,4999,-1,-1
cheap,5000,1,1
cheap,5001,1,1
cheap,5002,1,1
cheap,5003,-1,-1
cheap,5004,1,1
cheap,5005,1,1
cheap,5006,-1,-1
cheap,5007,1,1
cheap,5008,-1,-1
cheap,5009,1,1
cheap,5010,1,1
cheap,5011,1,1
cheap,5012,-1,-1
cheap,5013,1,1
cheap,5014,-1,-1
cheap,5015,1,1
cheap,5016,1,1
cheap,5017,1,1
cheap,5018,1,1
cheap,5019,1,1
cheap,5020,1,1
cheap,5021,1,1
cheap,5022,1,1
cheap,5023,1,1
cheap,5024,1,1
cheap,5025,1,1
cheap,5026,1,1
cheap,5027,1,1
cheap,5028,1,1
cheap,5029,1,1
cheap,5030,1,1
cheap,5031,1,1
cheap,5032,1,1
cheap,5033,1,1
cheap,5034,1,1
cheap,5035,1,1
cheap,5036,1,1
cheap,5037,1,1
cheap,5038,1,1
cheap,5039,1,1
cheap,5040,1,1
cheap,5041,1,1
cheap,5042,1,1
cheap,5043,-1,-1
cheap,5044,1,1
cheap,5045,1,1
cheap,5046,1,1
cheap,5047,1,1
cheap,5048,1,1
cheap,5049,1,1
cheap,5050,1,1
cheap,5051,-1,-1
cheap,5052,1,1
cheap,5053,1,1
cheap,5054,1,1
cheap,5055,1,1
cheap,5056,1,1
cheap,5057,1,1
cheap,5058,1,1
cheap,5059,1,1
cheap,5060,1,1
cheap,5061,1,1
cheap,5062,-1,-1
cheap,5063,1,1
cheap,5064,1,1
cheap,5065,1,1
cheap,5066,1,1
cheap,5067,1,1
cheap,5068,1,1
cheap,5069,1,1
cheap,5070,1,1
cheap,5071,1,1
cheap,5072,1,1
cheap,5073,-1,-1
cheap,5074,1,1
cheap,5075,1,1
cheap,5076,1,1
cheap,5077,1,1
cheap,5078,1,1
cheap,5079,1,1
cheap,5080,1,1
cheap,5081,1,1
cheap,5082,1,1
cheap,5083,1,1
cheap,5084,1,1
cheap,5085,1,1
cheap,5086,1,1
cheap,5087,1,1
cheap,5088,1,1
cheap,5089,1,1
cheap,5090,-1,-1
cheap,5091,1,1
cheap,5092,1,1
cheap,5093,-1,-1
cheap,5094,1,1
cheap,5095,1,1
cheap,5096,1,1
cheap,5097,1,1
cheap,5098,1,1
cheap,5099,-1,-1
cheap,5100,1,1
cheap,5101,1,1
cheap,5102,1,1
cheap,5103,-1,-1
cheap,5104,1,1
cheap,5105,1,1
cheap,5106,-1,-1
cheap,5107,1,1
cheap,5108,1,1
cheap,5109,1,1
cheap,5110,1,1
cheap,5111,1,1
cheap,5112,1,1
cheap,5113,1,1
cheap,5114,1,1
cheap,5115,1,1
cheap,5116,1,1
cheap,5117,1,1
cheap,5118,1,1
cheap,5119,-1,-1
cheap,5120,1,1
cheap,5121,1,1
cheap,5122,1,1
cheap,5123,1,1
cheap,5124,1,1
cheap,5125,1,1
cheap,5126,1,1
cheap,5127,1,1
cheap,5128,1,1
cheap,5129,1,1
cheap,5130,1,1
cheap,5131,1,1
cheap,5132,-1,-1
cheap,5133,1,1
cheap,5134,1,1
cheap,5135,1,1
cheap,5136,1,1
cheap,5137,1,1
cheap,5138,1,1
cheap,5139,1,1
cheap,5140,1,1
cheap,5141,1,1
cheap,5142,1,1
cheap,5143,1,1
cheap,5144,1,1
cheap,5145,-1,-1
cheap,5146,1,1
cheap,5147,1,1
cheap,5148,1,1
cheap,5149,1,1
cheap,5150,1,1
cheap,5151,1,1
cheap,5152,1,1
cheap,5153,1,1
cheap,5154,1,1
cheap,5155,1,1
cheap,5156,1,1
cheap,5157,1,1
cheap,5158,1,1
cheap,5159,1,1
cheap,5160,1,1
cheap,5161,-1,-1
cheap,5162,1,1
cheap,5163,1,1
cheap,5164,1,1
cheap,5165,1,1
cheap,5166,1,1
cheap,5167,1,1
cheap,5168,1,1
cheap,5169,-1,-1
cheap,5170,1,1
cheap,5171,1,1
cheap,5172,1,1
cheap,5173,1,1
cheap,5174,1,1
cheap,5175,1,1
cheap,5176,1,1
cheap,5177,1,1
cheap,5178,1,1
cheap,5179,1,1
cheap,5180,1,1
cheap,5181,-1,-1
cheap,5182,1,1
cheap,5183,-1,-1
cheap,5184,1,1
cheap,5185,-1,-1
cheap,5186,1,1
cheap,5187,1,1
cheap,5188,1,1
cheap,5189,1,1
cheap,5190,1,1
cheap,5191,1,1
cheap,5192,1,1
cheap,5193,-1,-1
cheap,5194,1,1
cheap,5195,1,1
cheap,5196,1,1
cheap,5197,1,1
cheap,5198,1,1
cheap,5199,1,1
cheap,5200,-1,-1
cheap,5201,1,1
cheap,5202,1,1
cheap,5203,1,1
cheap,5204,1,1
cheap,5205,1,1
cheap,5206,1,1
cheap,5207,1,1
cheap,5208,1,1
cheap,5209,1,1
cheap,5210,1,1
cheap,5211,1,1
cheap,5212,1,1
cheap,5213,-1,-1
cheap,5214,-1,-1
cheap,5215,1,1
cheap,5216,-1,-1
cheap,5217,1,1
cheap,5218,1,1
cheap,5219,-1,-1
cheap,5220,1,1
cheap,5221,1,1
cheap,5222,1,1
cheap,5223,1,1
cheap,5224,1,1
cheap,5225,1,1
cheap,5226,1,1
cheap,5227,1,1
cheap,5228,1,1
cheap,5229,1,1
cheap,5230,1,1
cheap,5231,1,1
cheap,5232,-1,-1
cheap,5233,1,1
cheap,5234,1,1
cheap,5235,-1,-1
cheap,5236,1,1
cheap,5237,1,1
cheap,5238,1,1
cheap,5239,1,1
cheap,5240,1,1
cheap,5241,1,1
cheap,5242,1,1
cheap,5243,1,1
cheap,5244,-1,-1
cheap,5245,1,1
cheap,5246,1,1
cheap,5247,1,1
cheap,5248,-1,-1
cheap,5249,1,1
cheap,5250,1,1
cheap,5251,1,1
cheap,5252,1,1
cheap,5253,-1,-1
cheap,5254,1,1
cheap,5255,1,1
cheap,5256,1,1
cheap,5257,1,1
cheap,5258,1,1
cheap,5259,-1,-1
cheap,5260,1,1
cheap,5261,1,1
cheap,5262,1,1
cheap,5263,1,1
cheap,5264,1,1
cheap,5265,1,1
cheap,5266,1,1
cheap,5267,1,1
cheap,5268,1,1
cheap,5269,1,1
cheap,5270,1,1
cheap,5271,1,1
cheap,5272,1,1
cheap,5273,1,1
cheap,5274,1,1
cheap,5275,1,1
cheap,5276,1,1
cheap,5277,1,1
cheap,5278,1,1
cheap,5279,-1,-1
cheap,5280,1,1
cheap,5281,1,1
cheap,5282,1,1
cheap,5283,1,1
cheap,5284,-1,-1
cheap,5285,1,1
cheap,5286,1,1
cheap,5287,1,1
cheap,5288,1,1
cheap,5289,1,1
cheap,5290,1,1
cheap,5291,1,1
cheap,5292,1,1
cheap,5293,1,1
cheap,5294,1,1
cheap,5295,1,1
cheap,5296,1,1
cheap,5297,1,1
cheap,5298,1,1
cheap,5299,-1,-1
cheap,5300,1,1
cheap,5301,1,1
cheap,5302,1,1
cheap,5303,1,1
cheap,5304,1,1
cheap,5305,1,1
cheap,5306,1,1
cheap,5307,1,1
cheap,5308,1,1
cheap,5309,1,1
cheap,5310,1,1
cheap,5311,1,1
cheap,5312,1,1
cheap,5313,1,1
cheap,5314,1,1
cheap,5315,1,1
cheap,5316,1,1
cheap,5317,1,1
cheap,5318,1,1
cheap,5319,1,1
cheap,5320,1,1
cheap,5321,1,1
cheap,5322,1,1
cheap,5323,1,1
cheap,5324,1,1
cheap,5325,1,1
cheap,5326,1,1
cheap,5327,1,1
cheap,5328,1,1
cheap,5329,1,1
cheap,5330,1,1
cheap,5331,1,1
cheap,5332,1,1
cheap,5333,1,1
cheap,5334,1,1
cheap,5335,1,1
cheap,5336,1,1
cheap,5337,1,1
cheap,5338,1,1
cheap,5339,-1,-1
cheap,5340,1,1
cheap,5341,1,1
cheap,5342,1,1
cheap,5343,-1,-1
cheap,5344,1,1
cheap,5345,1,1
cheap,5346,1,1
cheap,5347,1,1
cheap,5348,-1,-1
cheap,5349,1,1
cheap,5350,1,1
cheap,5351,1,1
cheap,5352,1,1
cheap,5353,1,1
cheap,5354,1,1
cheap,5355,1,1
cheap,5356,-1,-1
cheap,5357,-1,-1
cheap,5358,-1,-1
cheap,5359,1,1
cheap,5360,1,1
cheap,5361,1,1
cheap,5362,1,1
cheap,5363,1,1
cheap,5364,1,1
cheap,5365,1,1
cheap,5366,1,1
cheap,5367,1,1
cheap,5368,1,1
cheap,5369,1,1
cheap,5370,1,1
cheap,5371,1,1
cheap,5372,-1,-1
cheap,5373,1,1
cheap,5374,1,1
cheap,5375,1,1
cheap,5376,1,1
cheap,5377,-1,-1
cheap,5378,-1,-1
cheap,5379,1,1
cheap,5380,1,1
cheap,5381,1,1
cheap,5382,1,1
cheap,5383,-1,-1
cheap,5384,1,1
cheap,5385,1,1
cheap,5386,1,1
cheap,5387,-1,-1
cheap,5388,1,1
cheap,5389,1,1
cheap,5390,1,1
cheap,5391,1,1
cheap,5392,1,1
cheap,5393,1,1
cheap,5394,1,1
cheap,5395,1,1
cheap,5396,1,1
cheap,5397,1,1
cheap,5398,1,1
cheap,5399,1,1
cheap,5400,-1,-1
cheap,5401,1,1
cheap,5402,1,1
cheap,5403,1,1
cheap,5404,1,1
cheap,5405,1,1
cheap,5406,1,1
cheap,5407,1,1
cheap,5408,1,1
cheap,5409,1,1
cheap,5410,-1,-1
cheap,5411,1,1
cheap,5412,1,1
cheap,5413,1,1
cheap,5414,1,1
cheap,5415,1,1
cheap,5416,1,1
cheap,5417,1,1
cheap,5418,1,1
cheap,5419,1,1
cheap,5420,1,1
cheap,5421,1,1
cheap,5422,1,1
cheap,5423,1,1
cheap,5424,1,1
cheap,5425,1,1
cheap,5426,1,1
cheap,5427,1,1
cheap,5428,1,1
cheap,5429,1,1
cheap,5430,1,1
cheap,5431,-1,-1
cheap,5432,1,1
cheap,5433,1,1
cheap,5434,1,1
cheap,5435,1,1
cheap,5436,1,1
cheap,5437,-1,-1
cheap,5438,1,1
cheap,5439,1,1
cheap,5440,1,1
cheap,5441,1,1
cheap,5442,1,1
cheap,5443,1,1
cheap,5444,1,1
cheap,5445,-1,-1
cheap,5446,1,1
cheap,5447,1,1
cheap,5448,1,1
cheap,5449,1,1
cheap,5450,1,1
cheap,5451,1,1
cheap,5452,1,1
cheap,5453,1,1
cheap,5454,1,1
cheap,5455,1,1
cheap,5456,1,1
cheap,5457,1,1
cheap,5458,1,1
cheap,5459,-1,-1
cheap,5460,1,1
cheap,5461,-1,-1
cheap,5462,1,1
cheap,5463,1,1
cheap,5464,1,1
cheap,5465,1,1
cheap,5466,1,1
cheap,5467,1,1
cheap,5468,1,1
cheap,5469,1,1
cheap,5470,-1,-1
cheap,5471,1,1
cheap,5472,1,1
cheap,5473,1,1
cheap,5474,1,1
cheap,5475,1,1
cheap,5476,-1,-1
cheap,5477,1,1
cheap,5478,1,1
cheap,5479,-1,-1
cheap,5480,1,1
cheap,5481,1,1
cheap,5482,1,1
cheap,5483,1,1
cheap,5484,1,1
cheap,5485,-1,-1
cheap,5486,1,1
cheap,5487,1,1
cheap,5488,1,1
cheap,5489,1,1
cheap,5490,1,1
cheap,5491,1,1
cheap,5492,1,1
cheap,5493,1,1
cheap,5494,1,1
cheap,5495,1,1
cheap,5496,1,1
cheap,5497,1,1
cheap,5498,1,1
cheap,5499,1,1
cheap,5500,1,1
cheap,5501,1,1
cheap,5502,1,1
cheap,5503,1,1
cheap,5504,1,1
cheap,5505,1,1
cheap,5506,1,1
cheap,5507,1,1
cheap,5508,-1,-1
cheap,5509,1,1
cheap,5510,1,1
cheap,5511,1,1
cheap,5512,1,1
cheap,5513,1,1
cheap,5514,1,1
cheap,5515,1,1
cheap,5516,1,1
cheap,5517,1,1
cheap,5518,1,1
cheap,5519,1,1
cheap,5520,1,1
cheap,5521,1,1
cheap,5522,1,1
cheap,5523,1,1
cheap,5524,-1,-1
cheap,5525,1,1
cheap,5526,1,1
cheap,5527,-1,-1
cheap,5528,1,1
cheap,5529,1,1
cheap,5530,1,1
cheap,5531,1,1
cheap,5532,1,1
cheap,5533,-1,-1
cheap,5534,1,1
cheap,5535,1,1
cheap,5536,1,1
cheap,5537,1,1
cheap,5538,1,1
cheap,5539,1,1
cheap,5540,1,1
cheap,5541,1,1
cheap,5542,1,1
cheap,5543,1,1
cheap,5544,1,1
cheap,5545,1,1
cheap,5546,1,1
cheap,5547,1,1
cheap,5548,1,1
cheap,5549,1,1
cheap,5550,1,1
cheap,5551,-1,-1
cheap,5552,1,1
cheap,5553,1,1
cheap,5554,1,1
cheap,5555,1,1
cheap,5556,1,1
cheap,5557,1,1
cheap,5558,1,1
cheap,5559,1,1
cheap,5560,1,1
cheap,5561,1,1
cheap,5562,1,1
cheap,5563,1,1
cheap,5564,1,1
cheap,5565,1,1
cheap,5566,1,1
cheap,5567,1,1
cheap,5568,-1,-1
cheap,5569,1,1
cheap,5570,1,1
cheap,5571,1,1
cheap,5572,1,1
cheap,5573,1,1
cheap,5574,1,1
cheap,5575,-1,-1
cheap,5576,1,1
cheap,5577,1,1
cheap,5578,1,1
cheap,5579,1,1
cheap,5580,1,1
cheap,5581,1,1
cheap,5582,1,1
cheap,5583,1,1
cheap,5584,1,1
cheap,5585,1,1
cheap,5586,1,1
cheap,5587,1,1
cheap,5588,1,1
cheap,5589,1,1
cheap,5590,1,1
cheap,5591,1,1
cheap,5592,1,1
cheap,5593,1,1
cheap,5594,1,1
cheap,5595,1,1
cheap,5596,1,1
cheap,5597,1,1
cheap,5598,1,1
cheap,5599,1,1
cheap,5600,1,1
cheap,5601,1,1
cheap,5602,1,1
cheap,5603,1,1
cheap,5604,-1,-1
cheap,5605,1,1
cheap,5606,1,1
cheap,5607,1,1
cheap,5608,1,1
cheap,5609,1,1
cheap,5610,1,1
cheap,5611,1,1
cheap,5612,1,1
cheap,5613,1,1
cheap,5614,1,1
cheap,5615,1,1
cheap,5616,1,1
cheap,5617,1,1
cheap,5618,1,1
cheap,5619,1,1
cheap,5620,1,1
cheap,5621,1,1
cheap,5622,1,1
cheap,5623,1,1
cheap,5624,1,1
cheap,5625,1,1
cheap,5626,1,1
cheap,5627,1,1
cheap,5628,1,1
cheap,5629,1,1
cheap,5630,1,1
cheap,5631,1,1
cheap,5632,1,1
cheap,5633,-1,-1
cheap,5634,1,1
cheap,5635,-1,-1
cheap,5636,1,1
cheap,5637,1,1
cheap,5638,1,1
cheap,5639,1,1
cheap,5640,1,1
cheap,5641,-1,-1
cheap,5642,1,1
cheap,5643,1,1
cheap,5644,-1,-1
cheap,5645,1,1
cheap,5646,-1,-1
cheap,5647,1,1
cheap,5648,-1,-1
cheap,5649,1,1
cheap,5650,1,1
cheap,5651,-1,-1
cheap,5652,1,1
cheap,5653,1,1
cheap,5654,1,1
cheap,5655,-1,-1
cheap,5656,1,1
cheap,5657,1,1
cheap,5658,1,1
cheap,5659,1,1
cheap,5660,1,1
cheap,5661,1,1
cheap,5662,1,1
cheap,5663,1,1
cheap,5664,1,1
cheap,5665,-1,-1
cheap,5666,1,1
cheap,5667,1,1
cheap,5668,1,1
cheap,5669,1,1
cheap,5670,1,1
cheap,5671,1,1
cheap,5672,1,1
cheap,5673,1,1
cheap,5674,1,1
cheap,5675,1,1
cheap,5676,1,1
cheap,5677,1,1
cheap,5678,1,1
cheap,5679,1,1
cheap,5680,1,1
cheap,5681,1,1
cheap,5682,1,1
cheap,5683,1,1
cheap,5684,1,1
cheap,5685,1,1
cheap,5686,1,1
cheap,5687,1,1
cheap,5688,1,1
cheap,5689,1,1
cheap,5690,1,1
cheap,5691,1,1
cheap,5692,1,1
cheap,5693,1,1
cheap,5694,1,1
cheap,5695,1,1
cheap,5696,1,1
cheap,5697,1,1
cheap,5698,1,1
cheap,5699,1,1
cheap,5700,1,1
cheap,5701,-1,-1
cheap,5702,1,1
cheap,5703,1,1
cheap,5704,1,1
cheap,5705,1,1
cheap,5706,-1,-1
cheap,5707,-1,-1
cheap,5708,-1,-1
cheap,5709,1,1
cheap,5710,-1,-1
cheap,5711,1,1
cheap,5712,1,1
cheap,5713,1,1
cheap,5714,1,1
cheap,5715,1,1
cheap,5716,1,1
cheap,5717,1,1
cheap,5718,1,1
cheap,5719,1,1
cheap,5720,1,1
cheap,5721,1,1
cheap,5722,1,1
cheap,5723,1,1
cheap,5724,1,1
cheap,5725,1,1
cheap,5726,1,1
cheap,5727,1,1
cheap,5728,1,1
cheap,5729,1,1
cheap,5730,1,1
cheap,5731,1,1
cheap,5732,1,1
cheap,5733,1,1
cheap,5734,1,1
cheap,5735,1,1
cheap,5736,1,1
cheap,5737,1,1
cheap,5738,1,1
cheap,5739,1,1
cheap,5740,-1,-1
cheap,5741,1,1
cheap,5742,1,1
cheap,5743,1,1
cheap,5744,1,1
cheap,5745,1,1
cheap,5746,1,1
cheap,5747,1,1
cheap,5748,1,1
cheap,5749,1,1
cheap,5750,1,1
cheap,5751,1,1
cheap,5752,-1,-1
cheap,5753,1,1
cheap,5754,1,1
cheap,5755,1,1
cheap,5756,1,1
cheap,5757,1,1
cheap,5758,1,1
cheap,5759,1,1
cheap,5760,1,1
cheap,5761,1,1
cheap,5762,1,1
cheap,5763,-1,-1
cheap,5764,1,1
cheap,5765,1,1
cheap,5766,1,1
cheap,5767,1,1
cheap,5768,-1,-1
cheap,5769,-1,-1
cheap,5770,1,1
cheap,5771,1,1
cheap,5772,1,1
cheap,5773,1,1
cheap,5774,1,1
cheap,5775,1,1
cheap,5776,1,1
cheap,5777,1,1
cheap,5778,1,1
cheap,5779,1,1
cheap,5780,1,1
cheap,5781,-1,-1
cheap,5782,1,1
cheap,5783,1,1
cheap,5784,1,1
cheap,5785,1,1
cheap,5786,1,1
cheap,5787,1,1
cheap,5788,1,1
cheap,5789,1,1
cheap,5790,1,1
cheap,5791,1,1
cheap,5792,1,1
cheap,5793,1,1
cheap,5794,1,1
cheap,5795,1,1
cheap,5796,1,1
cheap,5797,1,1
cheap,5798,1,1
cheap,5799,1,1
cheap,5800,1,1
cheap,5801,1,1
cheap,5802,1,1
cheap,5803,1,1
cheap,5804,1,1
cheap,5805,1,1
cheap,5806,1,1
cheap,5807,1,1
cheap,5808,1,1
cheap,5809,1,1
cheap,5810,1,1
cheap,5811,1,1
cheap,5812,1,1
cheap,5813,1,1
cheap,5814,1,1
cheap,5815,1,1
cheap,5816,1,1
cheap,5817,1,1
cheap,5818,-1,-1
cheap,5819,1,1
cheap,5820,1,1
cheap,5821,1,1
cheap,5822,1,1
cheap,5823,-1,-1
cheap,5824,1,1
cheap,5825,1,1
cheap,5826,1,1
cheap,5827,1,1
cheap,5828,-1,-1
cheap,5829,1,1
cheap,5830,1,1
cheap,5831,1,1
cheap,5832,-1,-1
cheap,5833,1,1
cheap,5834,1,1
cheap,5835,1,1
cheap,5836,1,1
cheap,5837,1,1
cheap,5838,1,1
cheap,5839,-1,-1
cheap,5840,1,1
cheap,5841,1,1
cheap,5842,1,1
cheap,5843,1,1
cheap,5844,1,1
cheap,5845,1,1
cheap,5846,1,1
cheap,5847,1,1
cheap,5848,1,1
cheap,5849,1,1
cheap,5850,-1,-1
cheap,5851,1,1
cheap,5852,1,1
cheap,5853,1,1
cheap,5854,1,1
cheap,5855,1,1
cheap,5856,1,1
cheap,5857,1,1
cheap,5858,-1,-1
cheap,5859,1,1
cheap,5860,-1,-1
cheap,5861,1,1
cheap,5862,1,1
cheap,5863,1,1
cheap,5864,1,1
cheap,5865,1,1
cheap,5866,-1,-1
cheap,5867,1,1
cheap,5868,1,1
cheap,5869,1,1
cheap,5870,1,1
cheap,5871,1,1
cheap,5872,1,1
cheap,5873,1,1
cheap,5874,1,1
cheap,5875,1,1
cheap,5876,1,1
cheap,5877,1,1
cheap,5878,1,1
cheap,5879,1,1
cheap,5880,1,1
cheap,5881,1,1
cheap,5882,1,1
cheap,5883,1,1
cheap,5884,1,1
cheap,5885,1,1
cheap,5886,1,1
cheap,5887,1,1
cheap,5888,1,1
cheap,5889,-1,-1
cheap,5890,1,1
cheap,5891,1,1
cheap,5892,-1,-1
cheap,5893,1,1
cheap,5894,1,1
cheap,5895,1,1
cheap,5896,1,1
cheap,5897,1,1
cheap,5898,1,1
cheap,5899,1,1
cheap,5900,1,1
cheap,5901,1,1
cheap,5902,1,1
cheap,5903,1,1
cheap,5904,1,1
cheap,5905,-1,-1
cheap,5906,1,1
cheap,5907,1,1
cheap,5908,1,1
cheap,5909,1,1
cheap,5910,-1,-1
cheap,5911,1,1
cheap,5912,1,1
cheap,5913,1,1
cheap,5914,1,1
cheap,5915,1,1
cheap,5916,1,1
cheap,5917,1,1
cheap,5918,-1,-1
cheap,5919,1,1
cheap,5920,1,1
cheap,5921,1,1
cheap,5922,1,1
cheap,5923,1,1
cheap,5924,1,1
cheap,5925,1,1
cheap,5926,1,1
cheap,5927,1,1
cheap,5928,1,1
cheap,5929,1,1
cheap,5930,1,1
cheap,5931,1,1
cheap,5932,1,1
cheap,5933,1,1
cheap,5934,1,1
cheap,5935,1,1
cheap,5936,1,1
cheap,5937,1,1
cheap,5938,1,1
cheap,5939,1,1
cheap,5940,1,1
cheap,5941,1,1
cheap,5942,1,1
cheap,5943,1,1
cheap,5944,1,1
cheap,5945,1,1
cheap,5946,1,1
cheap,5947,1,1
cheap,5948,1,1
cheap,5949,1,1
cheap,5950,1,1
cheap,5951,1,1
cheap,5952,1,1
cheap,5953,1,1
cheap,5954,1,1
cheap,5955,1,1
cheap,5956,1,1
cheap,5957,1,1
cheap,5958,1,1
cheap,5959,1,1
cheap,5960,1,1
cheap,5961,1,1
cheap,5962,-1,-1
cheap,5963,1,1
cheap,5964,1,1
cheap,5965,1,1
cheap,5966,1,1
cheap,5967,1,1
cheap,5968,1,1
cheap,5969,1,1
cheap,5970,1,1
cheap,5971,1,1
cheap,5972,1,1
cheap,5973,1,1
cheap,5974,-1,-1
cheap,5975,1,1
cheap,5976,1,1
cheap,5977,1,1
cheap,5978,1,1
cheap,5979,1,1
cheap,5980,1,1
cheap,5981,1,1
cheap,5982,1,1
cheap,5983,1,1
cheap,5984,1,1
cheap,5985,1,1
cheap,5986,1,1
cheap,5987,1,1
cheap,5988,1,1
cheap,5989,1,1
cheap,5990,1,1
cheap,5991,1,1
cheap,5992,1,1
cheap,5993,1,1
cheap,5994,1,1
cheap,5995,1,1
cheap,5996,1,1
cheap,5997,1,1
cheap,5998,1,1
cheap,5999,1,1
cheap,6000,-1,-1
cheap,6001,1,1
cheap,6002,1,1
cheap,6003,1,1
cheap,6004,1,1
cheap,6005,1,1
cheap,6006,1,1
cheap,6007,-1,-1
cheap,6008,1,1
cheap,6009,1,1
cheap,6010,1,1
cheap,6011,1,1
cheap,6012,1,1
cheap,6013,1,1
cheap,6014,1,1
cheap,6015,1,1
cheap,6016,1,1
cheap,6017,1,1
cheap,6018,1,1
cheap,6019,1,1
cheap,6020,1,1
cheap,6021,1,1
cheap,6022,1,1
cheap,6023,-1,-1
cheap,6024,1,1
cheap,6025,1,1
cheap,6026,-1,-1
cheap,6027,1,1
cheap,6028,1,1
cheap,6029,1,1
cheap,6030,1,1
cheap,6031,1,1
cheap,6032,1,1
cheap,6033,1,1
cheap,6034,1,1
cheap,6035,-1,-1
cheap,6036,1,1
cheap,6037,1,1
cheap,6038,1,1
cheap,6039,1,1
cheap,6040,1,1
cheap,6041,1,1
cheap,6042,1,1
cheap,6043,1,1
cheap,6044,1,1
cheap,6045,1,1
cheap,6046,1,1
cheap,6047,1,1
cheap,6048,1,1
cheap,6049,-1,-1
cheap,6050,1,1
cheap,6051,1,1
cheap,6052,-1,-1
cheap,6053,1,1
cheap,6054,1,1
cheap,6055,1,1
cheap,6056,-1,-1
cheap,6057,1,1
cheap,6058,1,1
cheap,6059,1,1
cheap,6060,1,1
cheap,6061,1,1
cheap,6062,1,1
cheap,6063,1,1
cheap,6064,1,1
cheap,6065,1,1
cheap,6066,1,1
cheap,6067,1,1
cheap,6068,1,1
cheap,6069,1,1
cheap,6070,1,1
cheap,6071,1,1
cheap,6072,1,1
cheap,6073,1,1
cheap,6074,-1,-1
cheap,6075,1,1
cheap,6076,1,1
cheap,6077,1,1
cheap,6078,1,1
cheap,6079,1,1
cheap,6080,1,1
cheap,6081,1,1
cheap,6082,1,1
cheap,6083,1,1
cheap,6084,1,1
cheap,6085,1,1
cheap,6086,1,1
cheap,6087,1,1
cheap,6088,1,1
cheap,6089,-1,-1
cheap,6090,1,1
cheap,6091,1,1
cheap,6092,1,1
cheap,6093,1,1
cheap,6094,1,1
cheap,6095,1,1
cheap,6096,-1,-1
cheap,6097,1,1
cheap,6098,1,1
cheap,6099,1,1
cheap,6100,1,1
cheap,6101,1,1
cheap,6102,1,1
cheap,6103,1,1
cheap,6104,1,1
cheap,6105,1,1
cheap,6106,1,1
cheap,6107,1,1
cheap,6108,1,1
cheap,6109,1,1
cheap,6110,-1,-1
cheap,6111,1,1
cheap,6112,1,1
cheap,6113,1,1
cheap,6114,1,1
cheap,6115,1,1
cheap,6116,1,1
cheap,6117,1,1
cheap,6118,1,1
cheap,6119,1,1
cheap,6120,1,1
cheap,6121,1,1
cheap,6122,1,1
cheap,6123,-1,-1
cheap,6124,1,1
cheap,6125,1,1
cheap,6126,1,1
cheap,6127,1,1
cheap,6128,1,1
cheap,6129,1,1
cheap,6130,1,1
cheap,6131,1,1
cheap,6132,1,1
cheap,6133,1,1
cheap,6134,1,1
cheap,6135,1,1
cheap,6136,1,1
cheap,6137,1,1
cheap,6138,1,1
cheap,6139,1,1
cheap,6140,1,1
cheap,6141,1,1
cheap,6142,1,1
cheap,6143,1,1
cheap,6144,1,1
cheap,6145,1,1
cheap,6146,1,1
cheap,6147,1,1
cheap,6148,1,1
cheap,6149,1,1
cheap,6150,1,1
cheap,6151,1,1
cheap,6152,1,1
cheap,6153,1,1
cheap,6154,1,1
cheap,6155,1,1
cheap,6156,1,1
cheap,6157,1,1
cheap,6158,1,1
cheap,6159,1,1
cheap,6160,-1,-1
cheap,6161,-1,-1
cheap,6162,1,1
cheap,6163,1,1
cheap_PR,0,1,1
cheap_PR,1,1,1
cheap_PR,2,1,1
cheap_PR,3,1,1
cheap_PR,4,1,1
cheap_PR,5,1,1
cheap_PR,6,-1,-1
cheap_PR,7,1,1
cheap_PR,8,1,1
cheap_PR,9,1,1
cheap_PR,10,1,1
cheap_PR,11,1,1
cheap_PR,12,1,1
cheap_PR,13,1,1
cheap_PR,14,1,1
cheap_PR,15,1,1
cheap_PR,16,1,1
cheap_PR,17,1,1
cheap_PR,18,1,1
cheap_PR,19,1,1
cheap_PR,20,1,1
cheap_PR,21,1,1
cheap_PR,22,1,1
cheap_PR,23,1,1
cheap_PR,24,1,1
cheap_PR,25,1,1
cheap_PR,26,1,1
cheap_PR,27,1,1
cheap_PR,28,1,1
cheap_PR,29,1,1
cheap_PR,30,1,1
cheap_PR,31,1,1
cheap_PR,32,1,1
cheap_PR,33,1,1
cheap_PR,34,1,1
cheap_PR,35,1,1
cheap_PR,36,1,1
cheap_PR,37,1,1
cheap_PR,38,1,1
cheap_PR,39,1,1
cheap_PR,40,1,1
cheap_PR,41,1,1
cheap_PR,42,1,1
cheap_PR,43,1,1
cheap_PR,44,1,1
cheap_PR,45,1,1
cheap_PR,46,1,1
cheap_PR,47,1,1
cheap_PR,48,1,1
cheap_PR,49,1,1
cheap_PR,50,1,1
cheap_PR,51,1,1
cheap_PR,52,1,1
cheap_PR,53,1,1
cheap_PR,54,1,1
cheap_PR,55,1,1
cheap_PR,56,1,1
cheap_PR,57,1,1
cheap_PR,58,1,1
cheap_PR,59,1,1
cheap_PR,60,-1,-1
cheap_PR,61,1,1
cheap_PR,62,1,1
cheap_PR,63,1,1
cheap_PR,64,1,1
cheap_PR,65,1,1
cheap_PR,66,1,1
cheap_PR,67,1,1
cheap_PR,68,1,1
cheap_PR,69,1,1
cheap_PR,70,1,1
cheap_PR,71,1,1
cheap_PR,72,1,1
cheap_PR,73,1,1
cheap_PR,74,1,1
cheap_PR,75,-1,-1
cheap_PR,76,1,1
cheap_PR,77,1,1
cheap_PR,78,1,1
cheap_PR,79,1,1
cheap_PR,80,1,1
cheap_PR,81,1,1
cheap_PR,82,1,1
cheap_PR,83,-1,-1
cheap_PR,84,1,1
cheap_PR,85,1,1
cheap_PR,86,1,1
cheap_PR,87,1,1
cheap_PR,88,-1,-1
cheap_PR,89,1,1
cheap_PR,90,1,1
cheap_PR,91,1,1
cheap_PR,92,1,1
cheap_PR,93,1,1
cheap_PR,94,1,1
cheap_PR,95,1,1
cheap_PR,96,1,1
cheap_PR,97,1,1
cheap_PR,98,1,1
cheap_PR,99,1,1
cheap_PR,100,1,1
cheap_PR,101,1,1
cheap_PR,102,1,1
cheap_PR,103,1,1
cheap_PR,104,-1,-1
cheap_PR,105,1,1
cheap_PR,106,1,1
cheap_PR,107,1,1
cheap_PR,108,1,1
cheap_PR,109,1,1
cheap_PR,110,-1,-1
cheap_PR,111,1,1
cheap_PR,112,1,1
cheap_PR,113,1,1
cheap_PR,114,1,1
cheap_PR,115,1,1
cheap_PR,116,1,1
cheap_PR,117,1,1
cheap_PR,118,1,1
cheap_PR,119,1,1
cheap_PR,120,1,1
cheap_PR,121,1,1
cheap_PR,122,-1,-1
cheap_PR,123,1,1
cheap_PR,124,1,1
cheap_PR,125,1,1
cheap_PR,126,1,1
cheap_PR,127,1,1
cheap_PR,128,1,1
cheap_PR,129,1,1
cheap_PR,130,1,1
cheap_PR,131,-1,-1
cheap_PR,132,1,1
cheap_PR,133,1,1
cheap_PR,134,1,1
cheap_PR,135,-1,-1
cheap_PR,136,1,1
cheap_PR,137,1,1
cheap_PR,138,1,1
cheap_PR,139,1,1
cheap_PR,140,1,1
cheap_PR,141,1,1
cheap_PR,142,1,1
cheap_PR,143,1,1
cheap_PR,144,1,1
cheap_PR,145,1,1
cheap_PR,146,1,1
cheap_PR,147,-1,-1
cheap_PR,148,1,1
cheap_PR,149,1,1
cheap_PR,150,1,1
cheap_PR,151,1,1
cheap_PR,152,1,1
cheap_PR,153,1,1
cheap_PR,154,-1,-1
cheap_PR,155,1,1
cheap_PR,156,1,1
cheap_PR,157,1,1
cheap_PR,158,1,1
cheap_PR,159,1,1
cheap_PR,160,1,1
cheap_PR,161,1,1
cheap_PR,162,1,1
cheap_PR,163,-1,-1
cheap_PR,164,1,1
cheap_PR,165,1,1
cheap_PR,166,1,1
cheap_PR,167,1,1
cheap_PR,168,1,1
cheap_PR,169,1,1
cheap_PR,170,1,1
cheap_PR,171,1,1
cheap_PR,172,1,1
cheap_PR,173,1,1
cheap_PR,174,1,1
cheap_PR,175,1,1
cheap_PR,176,1,1
cheap_PR,177,1,1
cheap_PR,178,1,1
cheap_PR,179,1,1
cheap_PR,180,1,1
cheap_PR,181,1,1
cheap_PR,182,1,1
cheap_PR,183,1,1
cheap_PR,184,1,1
cheap_PR,185,1,1
cheap_PR,186,1,1
cheap_PR,187,1,1
cheap_PR,188,1,1
cheap_PR,189,1,1
cheap_PR,190,1,1
cheap_PR,191,1,1
cheap_PR,192,1,1
cheap_PR,193,1,1
cheap_PR,194,1,1
cheap_PR,195,1,1
cheap_PR,196,1,1
cheap_PR,197,1,1
cheap_PR,198,1,1
cheap_PR,199,1,1
cheap_PR,200,1,1
cheap_PR,201,-1,-1
cheap_PR,202,1,1
cheap_PR,203,-1,-1
cheap_PR,204,-1,-1
cheap_PR,205,1,1
cheap_PR,206,1,1
cheap_PR,207,1,1
cheap_PR,208,1,1
cheap_PR,209,1,1
cheap_PR,210,1,1
cheap_PR,211,1,1
cheap_PR,212,1,1
cheap_PR,213,1,1
cheap_PR,214,1,1
cheap_PR,215,1,1
cheap_PR,216,-1,-1
cheap_PR,217,1,1
cheap_PR,218,1,1
cheap_PR,219,1,1
cheap_PR,220,-1,-1
cheap_PR,221,1,1
cheap_PR,222,1,1
cheap_PR,223,-1,-1
cheap_PR,224,1,1
cheap_PR,225,1,1
cheap_PR,226,1,1
cheap_PR,227,1,1
cheap_PR,228,-1,-1
cheap_PR,229,1,1
cheap_PR,230,1,1
cheap_PR,231,1,1
cheap_PR,232,1,1
cheap_PR,233,1,1
cheap_PR,234,1,1
cheap_PR,235,1,1
cheap_PR,236,-1,-1
cheap_PR,237,1,1
cheap_PR,238,1,1
cheap_PR,239,1,1
cheap_PR,240,1,1
cheap_PR,241,-1,-1
cheap_PR,242,1,1
cheap_PR,243,1,1
cheap_PR,244,1,1
cheap_PR,245,1,1
cheap_PR,246,-1,-1
cheap_PR,247,1,1
cheap_PR,248,1,1
cheap_PR,249,1,1
cheap_PR,250,1,1
cheap_PR,251,1,1
cheap_PR,252,1,1
cheap_PR,253,1,1
cheap_PR,254,-1,-1
cheap_PR,255,1,1
cheap_PR,256,1,1
cheap_PR,257,1,1
cheap_PR,258,1,1
cheap_PR,259,1,1
cheap_PR,260,1,1
cheap_PR,261,1,1
cheap_PR,262,1,1
cheap_PR,263,-1,-1
cheap_PR,264,1,1
cheap_PR,265,1,1
cheap_PR,266,1,1
cheap_PR,267,-1,-1
cheap_PR,268,1,1
cheap_PR,269,-1,-1
cheap_PR,270,1,1
cheap_PR,271,1,1
cheap_PR,272,1,1
cheap_PR,273,1,1
cheap_PR,274,1,1
cheap_PR,275,1,1
cheap_PR,276,1,1
cheap_PR,277,1,1
cheap_PR,278,1,1
cheap_PR,279,1,1
cheap_PR,280,1,1
cheap_PR,281,1,1
cheap_PR,282,1,1
cheap_PR,283,1,1
cheap_PR,284,1,1
cheap_PR,285,1,1
cheap_PR,286,1,1
cheap_PR,287,1,1
cheap_PR,288,-1,-1
cheap_PR,289,1,1
cheap_PR,290,1,1
cheap_PR,291,1,1
cheap_PR,292,1,1
cheap_PR,293,1,1
cheap_PR,294,1,1
cheap_PR,295,1,1
cheap_PR,296,1,1
cheap_PR,297,-1,-1
cheap_PR,298,1,1
cheap_PR,299,1,1
cheap_PR,300,1,1
cheap_PR,301,1,1
cheap_PR,302,1,1
cheap_PR,303,1,1
cheap_PR,304,1,1
cheap_PR,305,1,1
cheap_PR,306,1,1
cheap_PR,307,1,1
cheap_PR,308,1,1
cheap_PR,309,1,1
cheap_PR,310,1,1
cheap_PR,311,1,1
cheap_PR,312,1,1
cheap_PR,313,1,1
cheap_PR,314,1,1
cheap_PR,315,1,1
cheap_PR,316,-1,-1
cheap_PR,317,1,1
cheap_PR,318,1,1
cheap_PR,319,1,1
cheap_PR,320,1,1
cheap_PR,321,1,1
cheap_PR,322,1,1
cheap_PR,323,1,1
cheap_PR,324,1,1
cheap_PR,325,1,1
cheap_PR,326,1,1
cheap_PR,327,1,1
cheap_PR,328,1,1
cheap_PR,329,1,1
cheap_PR,330,1,1
cheap_PR,331,1,1
cheap_PR,332,1,1
cheap_PR,333,1,1
cheap_PR,334,-1,-1
cheap_PR,335,1,1
cheap_PR,336,1,1
cheap_PR,337,1,1
cheap_PR,338,1,1
cheap_PR,339,1,1
cheap_PR,340,1,1
cheap_PR,341,1,1
cheap_PR,342,1,1
cheap_PR,343,1,1
cheap_PR,344,1,1
cheap_PR,345,-1,-1
cheap_PR,346,1,1
cheap_PR,347,1,1
cheap_PR,348,1,1
cheap_PR,349,1,1
cheap_PR,350,1,1
cheap_PR,351,1,1
cheap_PR,352,-1,-1
cheap_PR,353,1,1
cheap_PR,354,1,1
cheap_PR,355,-1,-1
cheap_PR,356,1,1
cheap_PR,357,1,1
cheap_PR,358,1,1
cheap_PR,359,1,1
cheap_PR,360,1,1
cheap_PR,361,1,1
cheap_PR,362,1,1
cheap_PR,363,1,1
cheap_PR,364,1,1
cheap_PR,365,-1,-1
cheap_PR,366,1,1
cheap_PR,367,-1,-1
cheap_PR,368,1,1
cheap_PR,369,1,1
cheap_PR,370,1,1
cheap_PR,371,-1,-1
cheap_PR,372,-1,-1
cheap_PR,373,-1,-1
cheap_PR,374,1,1
cheap_PR,375,1,1
cheap_PR,376,1,1
cheap_PR,377,1,1
cheap_PR,378,1,1
cheap_PR,379,1,1
cheap_PR,380,1,1
cheap_PR,381,-1,-1
cheap_PR,382,-1,-1
cheap_PR,383,-1,1
cheap_PR,384,-1,1
cheap_PR,385,1,1
cheap_PR,386,1,1
cheap_PR,387,1,1
cheap_PR,388,1,1
cheap_PR,389,1,1
cheap_PR,390,-1,-1
cheap_PR,391,1,1
cheap_PR,392,1,1
cheap_PR,393,1,1
cheap_PR,394,1,1
cheap_PR,395,1,1
cheap_PR,396,1,1
cheap_PR,397,1,1
cheap_PR,398,1,1
cheap_PR,399,1,1
cheap_PR,400,1,1
cheap_PR,401,1,1
cheap_PR,402,1,1
cheap_PR,403,1,1
cheap_PR,404,1,1
cheap_PR,405,1,1
cheap_PR,406,1,1
cheap_PR,407,1,1
cheap_PR,408,1,1
cheap_PR,409,1,1
cheap_PR,410,1,1
cheap_PR,411,1,1
cheap_PR,412,1,1
cheap_PR,413,1,1
cheap_PR,414,1,1
cheap_PR,415,1,1
cheap_PR,416,1,1
cheap_PR,417,-1,-1
cheap_PR,418,-1,-1
cheap_PR,419,-1,-1
cheap_PR,420,1,1
cheap_PR,421,1,1
cheap_PR,422,1,1
cheap_PR,423,-1,-1
cheap_PR,424,1,1
cheap_PR,425,1,1
cheap_PR,426,1,1
cheap_PR,427,1,1
cheap_PR,428,-1,-1
cheap_PR,429,1,1
cheap_PR,430,1,1
cheap_PR,431,1,1
cheap_PR,432,1,1
cheap_PR,433,-1,-1
cheap_PR,434,1,1
cheap_PR,435,1,1
cheap_PR,436,1,1
cheap_PR,437,1,1
cheap_PR,438,1,1
cheap_PR,439,1,1
cheap_PR,440,1,1
cheap_PR,441,1,1
cheap_PR,442,-1,-1
cheap_PR,443,-1,-1
cheap_PR,444,-1,-1
cheap_PR,445,1,1
cheap_PR,446,1,1
cheap_PR,447,1,1
cheap_PR,448,1,1
cheap_PR,449,1,1
cheap_PR,450,1,1
cheap_PR,451,1,1
cheap_PR,452,1,1
cheap_PR,453,1,1
cheap_PR,454,1,1
cheap_PR,455,1,1
cheap_PR,456,1,1
cheap_PR,457,1,1
cheap_PR,458,1,1
cheap_PR,459,1,1
cheap_PR,460,1,1
cheap_PR,461,1,1
cheap_PR,462,1,1
cheap_PR,463,1,1
cheap_PR,464,1,1
cheap_PR,465,1,1
cheap_PR,466,1,1
cheap_PR,467,1,1
cheap_PR,468,1,1
cheap_PR,469,1,1
cheap_PR,470,1,1
cheap_PR,471,1,1
cheap_PR,472,1,1
cheap_PR,473,1,1
cheap_PR,474,1,1
cheap_PR,475,1,1
cheap_PR,476,1,1
cheap_PR,477,1,1
cheap_PR,478,1,1
cheap_PR,479,-1,-1
cheap_PR,480,1,1
cheap_PR,481,1,1
cheap_PR,482,1,1
cheap_PR,483,1,1
cheap_PR,484,1,1
cheap_PR,485,1,1
cheap_PR,486,1,1
cheap_PR,487,1,1
cheap_PR,488,1,1
cheap_PR,489,1,1
cheap_PR,490,-1,-1
cheap_PR,491,1,1
cheap_PR,492,1,1
cheap_PR,493,1,1
cheap_PR,494,1,1
cheap_PR,495,-1,-1
cheap_PR,496,1,1
cheap_PR,497,1,1
cheap_PR,498,1,1
cheap_PR,499,1,1
cheap_PR,500,1,1
cheap_PR,501,1,1
cheap_PR,502,1,1
cheap_PR,503,1,1
cheap_PR,504,1,1
cheap_PR,505,1,1
cheap_PR,506,1,1
cheap_PR,507,1,1
cheap_PR,508,1,1
cheap_PR,509,1,1
cheap_PR,510,1,1
cheap_PR,511,1,1
cheap_PR,512,1,1
cheap_PR,513,1,1
cheap_PR,514,1,1
cheap_PR,515,-1,-1
cheap_PR,516,1,1
cheap_PR,517,1,1
cheap_PR,518,-1,-1
cheap_PR,519,1,1
cheap_PR,520,-1,-1
cheap_PR,521,-1,-1
cheap_PR,522,1,1
cheap_PR,523,1,1
cheap_PR,524,1,1
cheap_PR,525,-1,-1
cheap_PR,526,-1,-1
cheap_PR,527,1,1
cheap_PR,528,1,1
cheap_PR,529,1,1
cheap_PR,530,1,1
cheap_PR,531,1,1
cheap_PR,532,1,1
cheap_PR,533,1,1
cheap_PR,534,1,1
cheap_PR,535,1,1
cheap_PR,536,1,1
cheap_PR,537,1,1
cheap_PR,538,1,1
cheap_PR,539,1,1
cheap_PR,540,1,1
cheap_PR,541,1,1
cheap_PR,542,1,1
cheap_PR,543,1,1
cheap_PR,544,1,1
cheap_PR,545,1,1
cheap_PR,546,1,1
cheap_PR,547,1,1
cheap_PR,548,1,1
cheap_PR,549,1,1
cheap_PR,550,1,1
cheap_PR,551,1,1
cheap_PR,552,1,1
cheap_PR,553,1,1
cheap_PR,554,1,1
cheap_PR,555,1,1
cheap_PR,556,1,1
cheap_PR,557,1,1
cheap_PR,558,1,1
cheap_PR,559,1,1
cheap_PR,560,1,1
cheap_PR,561,1,1
cheap_PR,562,1,1
cheap_PR,563,1,1
cheap_PR,564,1,1
cheap_PR,565,1,1
cheap_PR,566,1,1
cheap_PR,567,1,1
cheap_PR,568,1,1
cheap_PR,569,1,1
cheap_PR,570,1,1
cheap_PR,571,1,1
cheap_PR,572,1,1
cheap_PR,573,1,1
cheap_PR,574,1,1
cheap_PR,575,1,1
cheap_PR,576,1,1
cheap_PR,577,1,1
cheap_PR,578,1,1
cheap_PR,579,1,1
cheap_PR,580,1,1
cheap_PR,581,1,1
cheap_PR,582,-1,-1
cheap_PR,583,1,1
cheap_PR,584,1,1
cheap_PR,585,1,1
cheap_PR,586,1,1
cheap_PR,587,1,1
cheap_PR,588,1,1
cheap_PR,589,1,1
cheap_PR,590,1,1
cheap_PR,591,1,1
cheap_PR,592,1,1
cheap_PR,593,1,1
cheap_PR,594,1,1
cheap_PR,595,1,1
cheap_PR,596,1,1
cheap_PR,597,1,1
cheap_PR,598,1,1
cheap_PR,599,1,1
cheap_PR,600,1,1
cheap_PR,601,1,1
cheap_PR,602,1,1
cheap_PR,603,1,1
cheap_PR,604,1,1
cheap_PR,605,1,1
cheap_PR,606,1,1
cheap_PR,607,-1,-1
cheap_PR,608,1,1
cheap_PR,609,1,1
cheap_PR,610,1,1
cheap_PR,611,1,1
cheap_PR,612,1,1
cheap_PR,613,1,1
cheap_PR,614,-1,-1
cheap_PR,615,1,1
cheap_PR,616,1,1
cheap_PR,617,1,1
cheap_PR,618,1,1
cheap_PR,619,1,1
cheap_PR,620,1,1
cheap_PR,621,-1,-1
cheap_PR,622,1,1
cheap_PR,623,1,1
cheap_PR,624,1,1
cheap_PR,625,-1,-1
cheap_PR,626,1,1
cheap_PR,627,1,1
cheap_PR,628,1,1
cheap_PR,629,1,1
cheap_PR,630,1,1
cheap_PR,631,1,1
cheap_PR,632,-1,-1
cheap_PR,633,1,1
cheap_PR,634,1,1
cheap_PR,635,1,1
cheap_PR,636,1,1
cheap_PR,637,1,1
cheap_PR,638,1,1
cheap_PR,639,1,1
cheap_PR,640,-1,-1
cheap_PR,641,1,1
cheap_PR,642,1,1
cheap_PR,643,1,1
cheap_PR,644,1,1
cheap_PR,645,1,1
cheap_PR,646,1,1
cheap_PR,647,1,1
cheap_PR,648,-1,-1
cheap_PR,649,1,1
cheap_PR,650,1,1
cheap_PR,651,1,1
cheap_PR,652,1,1
cheap_PR,653,1,1
cheap_PR,654,1,1
cheap_PR,655,-1,-1
cheap_PR,656,1,1
cheap_PR,657,1,1
cheap_PR,658,1,1
cheap_PR,659,1,1
cheap_PR,660,1,1
cheap_PR,661,1,1
cheap_PR,662,1,1
cheap_PR,663,1,1
cheap_PR,664,1,1
cheap_PR,665,1,1
cheap_PR,666,1,1
cheap_PR,667,1,1
cheap_PR,668,1,1
cheap_PR,669,1,1
cheap_PR,670,1,1
cheap_PR,671,1,1
cheap_PR,672,-1,-1
cheap_PR,673,-1,-1
cheap_PR,674,1,1
cheap_PR,675,1,1
cheap_PR,676,1,1
cheap_PR,677,1,1
cheap_PR,678,1,1
cheap_PR,679,1,1
cheap_PR,680,1,1
cheap_PR,681,1,1
cheap_PR,682,1,1
cheap_PR,683,1,1
cheap_PR,684,1,1
cheap_PR,685,1,1
cheap_PR,686,1,1
cheap_PR,687,1,1
cheap_PR,688,1,1
cheap_PR,689,1,1
cheap_PR,690,-1,-1
cheap_PR,691,1,1
cheap_PR,692,1,1
cheap_PR,693,1,1
cheap_PR,694,1,1
cheap_PR,695,1,1
cheap_PR,696,1,1
cheap_PR,697,1,1
cheap_PR,698,1,1
cheap_PR,699,1,1
cheap_PR,700,1,1
cheap_PR,701,1,1
cheap_PR,702,1,1
cheap_PR,703,-1,-1
cheap_PR,704,1,1
cheap_PR,705,1,1
cheap_PR,706,1,1
cheap_PR,707,1,1
cheap_PR,708,1,1
cheap_PR,709,1,1
cheap_PR,710,1,1
cheap_PR,711,1,1
cheap_PR,712,1,1
cheap_PR,713,1,1
cheap_PR,714,1,1
cheap_PR,715,1,1
cheap_PR,716,1,1
cheap_PR,717,-1,-1
cheap_PR,718,1,1
cheap_PR,719,1,1
cheap_PR,720,1,1
cheap_PR,721,1,1
cheap_PR,722,1,1
cheap_PR,723,1,1
cheap_PR,724,1,1
cheap_PR,725,1,1
cheap_PR,726,1,1
cheap_PR,727,1,1
cheap_PR,728,1,1
cheap_PR,729,1,1
cheap_PR,730,1,1
cheap_PR,731,1,1
cheap_PR,732,1,1
cheap_PR,733,1,1
cheap_PR,734,1,1
cheap_PR,735,-1,-1
cheap_PR,736,1,1
cheap_PR,737,1,1
cheap_PR,738,1,1
cheap_PR,739,1,1
cheap_PR,740,1,1
cheap_PR,741,1,1
cheap_PR,742,1,1
cheap_PR,743,1,1
cheap_PR,744,1,1
cheap_PR,745,1,1
cheap_PR,746,1,1
cheap_PR,747,1,1
cheap_PR,748,1,1
cheap_PR,749,-1,-1
cheap_PR,750,1,1
cheap_PR,751,1,1
cheap_PR,752,1,1
cheap_PR,753,1,1
cheap_PR,754,1,1
cheap_PR,755,1,1
cheap_PR,756,1,1
cheap_PR,757,1,1
cheap_PR,758,1,1
cheap_PR,759,1,1
cheap_PR,760,1,1
cheap_PR,761,1,1
cheap_PR,762,-1,-1
cheap_PR,763,1,1
cheap_PR,764,1,1
cheap_PR,765,1,1
cheap_PR,766,1,1
cheap_PR,767,1,1
cheap_PR,768,1,1
cheap_PR,769,1,1
cheap_PR,770,1,1
cheap_PR,771,1,1
cheap_PR,772,1,1
cheap_PR,773,1,1
cheap_PR,774,1,1
cheap_PR,775,1,1
cheap_PR,776,1,1
cheap_PR,777,-1,-1
cheap_PR,778,1,1
cheap_PR,779,1,1
cheap_PR,780,1,1
cheap_PR,781,-1,-1
cheap_PR,782,1,1
cheap_PR,783,1,1
cheap_PR,784,1,1
cheap_PR,785,1,1
cheap_PR,786,1,1
cheap_PR,787,1,1
cheap_PR,788,1,1
cheap_PR,789,1,1
cheap_PR,790,1,1
cheap_PR,791,1,1
cheap_PR,792,-1,-1
cheap_PR,793,1,1
cheap_PR,794,1,1
cheap_PR,795,1,1
cheap_PR,796,1,1
cheap_PR,797,1,1
cheap_PR,798,1,1
cheap_PR,799,1,1
cheap_PR,800,1,1
cheap_PR,801,1,1
cheap_PR,802,1,1
cheap_PR,803,-1,-1
cheap_PR,804,1,1
cheap_PR,805,1,1
cheap_PR,806,1,1
cheap_PR,807,1,1
cheap_PR,808,1,1
cheap_PR,809,1,1
cheap_PR,810,1,1
cheap_PR,811,1,1
cheap_PR,812,1,1
cheap_PR,813,-1,-1
cheap_PR,814,-1,-1
cheap_PR,815,1,1
cheap_PR,816,1,1
cheap_PR,817,-1,-1
cheap_PR,818,1,1
cheap_PR,819,1,1
cheap_PR,820,1,1
cheap_PR,821,1,1
cheap_PR,822,1,1
cheap_PR,823,1,1
cheap_PR,824,1,1
cheap_PR,825,1,1
cheap_PR,826,1,1
cheap_PR,827,1,1
cheap_PR,828,1,1
cheap_PR,829,1,1
cheap_PR,830,1,1
cheap_PR,831,1,1
cheap_PR,832,1,1
cheap_PR,833,1,1
cheap_PR,834,1,1
cheap_PR,835,1,1
cheap_PR,836,1,1
cheap_PR,837,1,1
cheap_PR,838,1,1
cheap_PR,839,1,1
cheap_PR,840,1,1
cheap_PR,841,1,1
cheap_PR,842,1,1
cheap_PR,843,1,1
cheap_PR,844,1,1
cheap_PR,845,1,1
cheap_PR,846,1,1
cheap_PR,847,1,1
cheap_PR,848,1,1
cheap_PR,849,1,1
cheap_PR,850,1,1
cheap_PR,851,1,1
cheap_PR,852,1,1
cheap_PR,853,1,1
cheap_PR,854,1,1
cheap_PR,855,1,1
cheap_PR,856,1,1
cheap_PR,857,1,1
cheap_PR,858,-1,-1
cheap_PR,859,-1,-1
cheap_PR,860,1,1
cheap_PR,861,-1,-1
cheap_PR,862,1,1
cheap_PR,863,1,1
cheap_PR,864,1,1
cheap_PR,865,1,1
cheap_PR,866,1,1
cheap_PR,867,1,1
cheap_PR,868,-1,-1
cheap_PR,869,1,1
cheap_PR,870,1,1
cheap_PR,871,1,1
cheap_PR,872,1,1
cheap_PR,873,1,1
cheap_PR,874,1,1
cheap_PR,875,1,1
cheap_PR,876,-1,-1
cheap_PR,877,1,1
cheap_PR,878,1,1
cheap_PR,879,-1,-1
cheap_PR,880,1,1
cheap_PR,881,1,1
cheap_PR,882,1,1
cheap_PR,883,1,1
cheap_PR,884,1,1
cheap_PR,885,1,1
cheap_PR,886,1,1
cheap_PR,887,1,1
cheap_PR,888,1,1
cheap_PR,889,1,1
cheap_PR,890,1,1
cheap_PR,891,1,1
cheap_PR,892,1,1
cheap_PR,893,1,1
cheap_PR,894,1,1
cheap_PR,895,1,1
cheap_PR,896,1,1
cheap_PR,897,1,1
cheap_PR,898,-1,-1
cheap_PR,899,1,1
cheap_PR,900,1,1
cheap_PR,901,1,1
cheap_PR,902,1,1
cheap_PR,903,1,1
cheap_PR,904,1,1
cheap_PR,905,1,1
cheap_PR,906,1,1
cheap_PR,907,1,1
cheap_PR,908,1,1
cheap_PR,909,1,1
cheap_PR,910,1,1
cheap_PR,911,1,1
cheap_PR,912,1,1
cheap_PR,913,1,1
cheap_PR,914,1,1
cheap_PR,915,1,1
cheap_PR,916,1,1
cheap_PR,917,1,1
cheap_PR,918,-1,-1
cheap_PR,919,-1,1
cheap_PR,920,1,1
cheap_PR,921,1,1
cheap_PR,922,1,1
cheap_PR,923,1,1
cheap_PR,924,-1,-1
cheap_PR,925,-1,-1
cheap_PR,926,1,1
cheap_PR,927,1,1
cheap_PR,928,1,1
cheap_PR,929,1,1
cheap_PR,930,1,1
cheap_PR,931,1,1
cheap_PR,932,1,1
cheap_PR,933,-1,-1
cheap_PR,934,1,1
cheap_PR,935,-1,-1
cheap_PR,936,1,1
cheap_PR,937,1,1
cheap_PR,938,1,1
cheap_PR,939,1,1
cheap_PR,940,1,1
cheap_PR,941,1,1
cheap_PR,942,1,1
cheap_PR,943,1,1
cheap_PR,944,1,1
cheap_PR,945,1,1
cheap_PR,946,1,1
cheap_PR,947,1,1
cheap_PR,948,1,1
cheap_PR,949,1,1
cheap_PR,950,1,1
cheap_PR,951,1,1
cheap_PR,952,1,1
cheap_PR,953,1,1
cheap_PR,954,-1,-1
cheap_PR,955,1,1
cheap_PR,956,-1,-1
cheap_PR,957,1,1
cheap_PR,958,1,1
cheap_PR,959,1,1
cheap_PR,960,1,1
cheap_PR,961,1,1
cheap_PR,962,1,1
cheap_PR,963,1,1
cheap_PR,964,1,1
cheap_PR,965,1,1
cheap_PR,966,1,1
cheap_PR,967,1,1
cheap_PR,968,1,1
cheap_PR,969,1,1
cheap_PR,970,1,1
cheap_PR,971,1,1
cheap_PR,972,1,1
cheap_PR,973,1,1
cheap_PR,974,1,1
cheap_PR,975,1,1
cheap_PR,976,1,1
cheap_PR,977,1,1
cheap_PR,978,1,1
cheap_PR,979,1,1
cheap_PR,980,1,1
cheap_PR,981,1,1
cheap_PR,982,1,1
cheap_PR,983,1,1
cheap_PR,984,1,1
cheap_PR,985,1,1
cheap_PR,986,1,1
cheap_PR,987,1,1
cheap_PR,988,-1,-1
cheap_PR,989,1,1
cheap_PR,990,1,1
cheap_PR,991,1,1
cheap_PR,992,1,1
cheap_PR,993,1,1
cheap_PR,994,-1,-1
cheap_PR,995,1,1
cheap_PR,996,1,1
cheap_PR,997,1,1
cheap_PR,998,1,1
cheap_PR,999,1,1
cheap_PR,1000,1,1
cheap_PR,1001,1,1
cheap_PR,1002,1,1
cheap_PR,1003,1,1
cheap_PR,1004,1,1
cheap_PR,1005,-1,-1
cheap_PR,1006,1,1
cheap_PR,1007,1,1
cheap_PR,1008,1,1
cheap_PR,1009,1,1
cheap_PR,1010,1,1
cheap_PR,1011,1,1
cheap_PR,1012,-1,-1
cheap_PR,1013,1,1
cheap_PR,1014,1,1
cheap_PR,1015,1,1
cheap_PR,1016,1,1
cheap_PR,1017,1,1
cheap_PR,1018,1,1
cheap_PR,1019,-1,-1
cheap_PR,1020,1,1
cheap_PR,1021,-1,-1
cheap_PR,1022,1,1
cheap_PR,1023,1,1
cheap_PR,1024,1,1
cheap_PR,1025,1,1
cheap_PR,1026,1,1
cheap_PR,1027,1,1
cheap_PR,1028,1,1
cheap_PR,1029,1,1
cheap_PR,1030,1,1
cheap_PR,1031,1,1
cheap_PR,1032,1,1
cheap_PR,1033,1,1
cheap_PR,1034,1,1
cheap_PR,1035,1,1
cheap_PR,1036,1,1
cheap_PR,1037,1,1
cheap_PR,1038,1,1
cheap_PR,1039,1,1
cheap_PR,1040,1,1
cheap_PR,1041,1,1
cheap_PR,1042,-1,-1
cheap_PR,1043,1,1
cheap_PR,1044,1,1
cheap_PR,1045,1,1
cheap_PR,1046,1,1
cheap_PR,1047,1,1
cheap_PR,1048,-1,-1
cheap_PR,1049,1,1
cheap_PR,1050,1,1
cheap_PR,1051,1,1
cheap_PR,1052,-1,-1
cheap_PR,1053,1,1
cheap_PR,1054,1,1
cheap_PR,1055,1,1
cheap_PR,1056,-1,-1
cheap_PR,1057,1,1
cheap_PR,1058,1,1
cheap_PR,1059,1,1
cheap_PR,1060,1,1
cheap_PR,1061,1,1
cheap_PR,1062,1,1
cheap_PR,1063,1,1
cheap_PR,1064,1,1
cheap_PR,1065,1,1
cheap_PR,1066,1,1
cheap_PR,1067,-1,-1
cheap_PR,1068,1,1
cheap_PR,1069,1,1
cheap_PR,1070,1,1
cheap_PR,1071,1,1
cheap_PR,1072,1,1
cheap_PR,1073,1,1
cheap_PR,1074,1,1
cheap_PR,1075,1,1
cheap_PR,1076,1,1
cheap_PR,1077,1,1
cheap_PR,1078,1,1
cheap_PR,1079,1,1
cheap_PR,1080,1,1
cheap_PR,1081,1,1
cheap_PR,1082,1,1
cheap_PR,1083,1,1
cheap_PR,1084,1,1
cheap_PR,1085,1,1
cheap_PR,1086,1,1
cheap_PR,1087,1,1
cheap_PR,1088,1,1
cheap_PR,1089,1,1
cheap_PR,1090,1,1
cheap_PR,1091,1,1
cheap_PR,1092,1,1
cheap_PR,1093,1,1
cheap_PR,1094,1,1
cheap_PR,1095,1,1
cheap_PR,1096,1,1
cheap_PR,1097,1,1
cheap_PR,1098,1,1
cheap_PR,1099,-1,-1
cheap_PR,1100,1,1
cheap_PR,1101,1,1
cheap_PR,1102,1,1
cheap_PR,1103,1,1
cheap_PR,1104,1,1
cheap_PR,1105,1,1
cheap_PR,1106,1,1
cheap_PR,1107,1,1
cheap_PR,1108,1,1
cheap_PR,1109,-1,-1
cheap_PR,1110,1,1
cheap_PR,1111,1,1
cheap_PR,1112,1,-1
cheap_PR,1113,1,1
cheap_PR,1114,1,1
cheap_PR,1115,1,1
cheap_PR,1116,1,1
cheap_PR,1117,1,1
cheap_PR,1118,1,1
cheap_PR,1119,1,1
cheap_PR,1120,1,1
cheap_PR,1121,1,1
cheap_PR,1122,1,1
cheap_PR,1123,1,1
cheap_PR,1124,1,1
cheap_PR,1125,1,1
cheap_PR,1126,1,1
cheap_PR,1127,1,1
cheap_PR,1128,1,1
cheap_PR,1129,1,1
cheap_PR,1130,1,1
cheap_PR,1131,1,1
cheap_PR,1132,1,1
cheap_PR,1133,1,1
cheap_PR,1134,-1,-1
cheap_PR,1135,-1,-1
cheap_PR,1136,1,1
cheap_PR,1137,1,1
cheap_PR,1138,1,1
cheap_PR,1139,1,1
cheap_PR,1140,1,1
cheap_PR,1141,1,1
cheap_PR,1142,1,1
cheap_PR,1143,1,1
cheap_PR,1144,1,1
cheap_PR,1145,-1,-1
cheap_PR,1146,1,1
cheap_PR,1147,1,1
cheap_PR,1148,1,1
cheap_PR,1149,-1,-1
cheap_PR,1150,1,1
cheap_PR,1151,1,1
cheap_PR,1152,1,1
cheap_PR,1153,1,1
cheap_PR,1154,1,1
cheap_PR,1155,1,1
cheap_PR,1156,-1,1
cheap_PR,1157,1,1
cheap_PR,1158,1,1
cheap_PR,1159,1,1
cheap_PR,1160,1,1
cheap_PR,1161,1,1
cheap_PR,1162,1,1
cheap_PR,1163,1,1
cheap_PR,1164,1,1
cheap_PR,1165,-1,-1
cheap_PR,1166,1,1
cheap_PR,1167,1,1
cheap_PR,1168,-1,-1
cheap_PR,1169,1,1
cheap_PR,1170,1,1
cheap_PR,1171,1,1
cheap_PR,1172,1,1
cheap_PR,1173,-1,-1
cheap_PR,1174,1,1
cheap_PR,1175,1,1
cheap_PR,1176,1,1
cheap_PR,1177,1,1
cheap_PR,1178,1,1
cheap_PR,1179,1,1
cheap_PR,1180,-1,-1
cheap_PR,1181,1,1
cheap_PR,1182,1,1
cheap_PR,1183,1,1
cheap_PR,1184,1,1
cheap_PR,1185,1,1
cheap_PR,1186,1,1
cheap_PR,1187,1,1
cheap_PR,1188,1,1
cheap_PR,1189,1,1
cheap_PR,1190,1,1
cheap_PR,1191,1,1
cheap_PR,1192,1,1
cheap_PR,1193,1,1
cheap_PR,1194,1,1
cheap_PR,1195,-1,-1
cheap_PR,1196,1,1
cheap_PR,1197,1,1
cheap_PR,1198,1,1
cheap_PR,1199,1,1
cheap_PR,1200,-1,-1
cheap_PR,1201,1,1
cheap_PR,1202,1,1
cheap_PR,1203,1,1
cheap_PR,1204,1,1
cheap_PR,1205,1,1
cheap_PR,1206,1,1
cheap_PR,1207,1,1
cheap_PR,1208,1,1
cheap_PR,1209,1,1
cheap_PR,1210,1,1
cheap_PR,1211,1,1
cheap_PR,1212,1,1
cheap_PR,1213,-1,-1
cheap_PR,1214,1,1
cheap_PR,1215,1,1
cheap_PR,1216,1,1
cheap_PR,1217,1,1
cheap_PR,1218,1,1
cheap_PR,1219,1,1
cheap_PR,1220,1,1
cheap_PR,1221,1,1
cheap_PR,1222,1,1
cheap_PR,1223,-1,-1
cheap_PR,1224,-1,-1
cheap_PR,1225,1,1
cheap_PR,1226,-1,-1
cheap_PR,1227,1,1
cheap_PR,1228,1,1
cheap_PR,1229,1,1
cheap_PR,1230,1,1
cheap_PR,1231,1,1
cheap_PR,1232,1,1
cheap_PR,1233,1,1
cheap_PR,1234,1,1
cheap_PR,1235,1,1
cheap_PR,1236,1,1
cheap_PR,1237,1,1
cheap_PR,1238,1,1
cheap_PR,1239,1,1
cheap_PR,1240,1,1
cheap_PR,1241,1,1
cheap_PR,1242,1,1
cheap_PR,1243,1,1
cheap_PR,1244,1,1
cheap_PR,1245,-1,-1
cheap_PR,1246,1,1
cheap_PR,1247,1,1
cheap_PR,1248,1,1
cheap_PR,1249,1,1
cheap_PR,1250,1,1
cheap_PR,1251,1,1
cheap_PR,1252,1,1
cheap_PR,1253,1,1
cheap_PR,1254,1,1
cheap_PR,1255,1,1
cheap_PR,1256,1,1
cheap_PR,1257,-1,-1
cheap_PR,1258,1,1
cheap_PR,1259,-1,-1
cheap_PR,1260,1,1
cheap_PR,1261,1,1
cheap_PR,1262,1,1
cheap_PR,1263,1,1
cheap_PR,1264,1,1
cheap_PR,1265,1,1
cheap_PR,1266,1,1
cheap_PR,1267,1,1
cheap_PR,1268,1,1
cheap_PR,1269,1,1
cheap_PR,1270,1,1
cheap_PR,1271,1,1
cheap_PR,1272,1,1
cheap_PR,1273,1,1
cheap_PR,1274,-1,-1
cheap_PR,1275,1,1
cheap_PR,1276,1,1
cheap_PR,1277,1,1
cheap_PR,1278,1,1
cheap_PR,1279,1,1
cheap_PR,1280,1,1
cheap_PR,1281,1,1
cheap_PR,1282,1,1
cheap_PR,1283,1,1
cheap_PR,1284,1,1
cheap_PR,1285,1,1
cheap_PR,1286,1,1
cheap_PR,1287,1,1
cheap_PR,1288,1,1
cheap_PR,1289,1,1
cheap_PR,1290,1,1
cheap_PR,1291,1,1
cheap_PR,1292,1,1
cheap_PR,1293,1,1
cheap_PR,1294,1,1
cheap_PR,1295,1,1
cheap_PR,1296,1,1
cheap_PR,1297,1,1
cheap_PR,1298,1,1
cheap_PR,1299,1,1
cheap_PR,1300,1,1
cheap_PR,1301,1,1
cheap_PR,1302,1,1
cheap_PR,1303,1,1
cheap_PR,1304,1,1
cheap_PR,1305,1,1
cheap_PR,1306,1,1
cheap_PR,1307,1,1
cheap_PR,1308,1,1
cheap_PR,1309,1,1
cheap_PR,1310,-1,-1
cheap_PR,1311,1,1
cheap_PR,1312,1,1
cheap_PR,1313,1,1
cheap_PR,1314,1,1
cheap_PR,1315,1,1
cheap_PR,1316,1,1
cheap_PR,1317,1,1
cheap_PR,1318,1,1
cheap_PR,1319,1,1
cheap_PR,1320,1,1
cheap_PR,1321,1,1
cheap_PR,1322,1,1
cheap_PR,1323,1,1
cheap_PR,1324,1,1
cheap_PR,1325,1,1
cheap_PR,1326,1,1
cheap_PR,1327,1,1
cheap_PR,1328,1,1
cheap_PR,1329,1,1
cheap_PR,1330,1,1
cheap_PR,1331,-1,-1
cheap_PR,1332,-1,-1
cheap_PR,1333,1,1
cheap_PR,1334,1,1
cheap_PR,1335,1,1
cheap_PR,1336,1,1
cheap_PR,1337,1,1
cheap_PR,1338,1,1
cheap_PR,1339,1,1
cheap_PR,1340,1,1
cheap_PR,1341,1,1
cheap_PR,1342,1,1
cheap_PR,1343,1,1
cheap_PR,1344,1,1
cheap_PR,1345,1,1
cheap_PR,1346,1,1
cheap_PR,1347,1,1
cheap_PR,1348,1,1
cheap_PR,1349,-1,-1
cheap_PR,1350,1,1
cheap_PR,1351,1,1
cheap_PR,1352,1,1
cheap_PR,1353,1,1
cheap_PR,1354,1,1
cheap_PR,1355,1,1
cheap_PR,1356,1,1
cheap_PR,1357,-1,1
cheap_PR,1358,1,1
cheap_PR,1359,1,1
cheap_PR,1360,1,1
cheap_PR,1361,1,1
cheap_PR,1362,1,1
cheap_PR,1363,1,1
cheap_PR,1364,1,1
cheap_PR,1365,-1,-1
cheap_PR,1366,-1,-1
cheap_PR,1367,1,1
cheap_PR,1368,1,1
cheap_PR,1369,1,1
cheap_PR,1370,-1,-1
cheap_PR,1371,1,1
cheap_PR,1372,1,1
cheap_PR,1373,1,1
cheap_PR,1374,1,1
cheap_PR,1375,1,1
cheap_PR,1376,1,1
cheap_PR,1377,1,1
cheap_PR,1378,1,1
cheap_PR,1379,1,1
cheap_PR,1380,1,1
cheap_PR,1381,1,1
cheap_PR,1382,1,1
cheap_PR,1383,1,1
cheap_PR,1384,1,1
cheap_PR,1385,1,1
cheap_PR,1386,1,1
cheap_PR,1387,1,1
cheap_PR,1388,1,1
cheap_PR,1389,1,1
cheap_PR,1390,1,1
cheap_PR,1391,1,1
cheap_PR,1392,1,1
cheap_PR,1393,-1,-1
cheap_PR,1394,1,1
cheap_PR,1395,-1,-1
cheap_PR,1396,1,1
cheap_PR,1397,1,1
cheap_PR,1398,1,1
cheap_PR,1399,1,1
cheap_PR,1400,-1,-1
cheap_PR,1401,1,1
cheap_PR,1402,1,1
cheap_PR,1403,1,1
cheap_PR,1404,1,1
cheap_PR,1405,1,1
cheap_PR,1406,1,1
cheap_PR,1407,1,1
cheap_PR,1408,1,1
cheap_PR,1409,-1,-1
cheap_PR,1410,1,1
cheap_PR,1411,-1,-1
cheap_PR,1412,1,1
cheap_PR,1413,1,1
cheap_PR,1414,1,1
cheap_PR,1415,1,1
cheap_PR,1416,1,1
cheap_PR,1417,1,1
cheap_PR,1418,1,1
cheap_PR,1419,1,1
cheap_PR,1420,1,1
cheap_PR,1421,1,1
cheap_PR,1422,1,1
cheap_PR,1423,1,1
cheap_PR,1424,1,1
cheap_PR,1425,1,1
cheap_PR,1426,1,1
cheap_PR,1427,1,1
cheap_PR,1428,1,1
cheap_PR,1429,1,1
cheap_PR,1430,1,1
cheap_PR,1431,1,1
cheap_PR,1432,1,1
cheap_PR,1433,1,1
cheap_PR,1434,1,1
cheap_PR,1435,1,1
cheap_PR,1436,1,1
cheap_PR,1437,-1,-1
cheap_PR,1438,1,1
cheap_PR,1439,1,1
cheap_PR,1440,1,1
cheap_PR,1441,1,1
cheap_PR,1442,1,1
cheap_PR,1443,1,1
cheap_PR,1444,1,1
cheap_PR,1445,1,1
cheap_PR,1446,1,1
cheap_PR,1447,1,1
cheap_PR,1448,1,1
cheap_PR,1449,1,1
cheap_PR,1450,1,1
cheap_PR,1451,1,1
cheap_PR,1452,1,1
cheap_PR,1453,1,1
cheap_PR,1454,1,1
cheap_PR,1455,1,1
cheap_PR,1456,1,1
cheap_PR,1457,1,1
cheap_PR,1458,1,1
cheap_PR,1459,1,1
cheap_PR,1460,1,1
cheap_PR,1461,1,1
cheap_PR,1462,1,1
cheap_PR,1463,1,1
cheap_PR,1464,1,1
cheap_PR,1465,1,1
cheap_PR,1466,1,1
cheap_PR,1467,1,1
cheap_PR,1468,1,1
cheap_PR,1469,1,1
cheap_PR,1470,1,1
cheap_PR,1471,1,1
cheap_PR,1472,1,1
cheap_PR,1473,1,1
cheap_PR,1474,1,1
cheap_PR,1475,1,1
cheap_PR,1476,1,1
cheap_PR,1477,1,1
cheap_PR,1478,1,1
cheap_PR,1479,1,1
cheap_PR,1480,1,1
cheap_PR,1481,1,1
cheap_PR,1482,1,1
cheap_PR,1483,1,1
cheap_PR,1484,-1,-1
cheap_PR,1485,1,1
cheap_PR,1486,1,1
cheap_PR,1487,1,1
cheap_PR,1488,-1,-1
cheap_PR,1489,1,1
cheap_PR,1490,1,1
cheap_PR,1491,-1,-1
cheap_PR,1492,1,1
cheap_PR,1493,1,1
cheap_PR,1494,1,1
cheap_PR,1495,1,1
cheap_PR,1496,1,1
cheap_PR,1497,1,1
cheap_PR,1498,1,1
cheap_PR,1499,1,1
cheap_PR,1500,1,1
cheap_PR,1501,1,1
cheap_PR,1502,1,1
cheap_PR,1503,-1,-1
cheap_PR,1504,1,1
cheap_PR,1505,1,1
cheap_PR,1506,1,1
cheap_PR,1507,1,1
cheap_PR,1508,-1,-1
cheap_PR,1509,1,1
cheap_PR,1510,1,1
cheap_PR,1511,1,1
cheap_PR,1512,1,1
cheap_PR,1513,1,1
cheap_PR,1514,-1,-1
cheap_PR,1515,1,1
cheap_PR,1516,1,1
cheap_PR,1517,1,1
cheap_PR,1518,1,1
cheap_PR,1519,1,1
cheap_PR,1520,1,1
cheap_PR,1521,1,1
cheap_PR,1522,1,1
cheap_PR,1523,-1,-1
cheap_PR,1524,1,1
cheap_PR,1525,1,1
cheap_PR,1526,1,1
cheap_PR,1527,1,1
cheap_PR,1528,1,1
cheap_PR,1529,1,1
cheap_PR,1530,1,1
cheap_PR,1531,1,1
cheap_PR,1532,1,1
cheap_PR,1533,1,1
cheap_PR,1534,1,1
cheap_PR,1535,1,1
cheap_PR,1536,1,1
cheap_PR,1537,1,1
cheap_PR,1538,1,1
cheap_PR,1539,1,1
cheap_PR,1540,1,1
cheap_PR,1541,1,1
cheap_PR,1542,1,1
cheap_PR,1543,-1,-1
cheap_PR,1544,-1,-1
cheap_PR,1545,1,1
cheap_PR,1546,1,1
cheap_PR,1547,1,1
cheap_PR,1548,1,1
cheap_PR,1549,1,1
cheap_PR,1550,1,1
cheap_PR,1551,-1,-1
cheap_PR,1552,1,1
cheap_PR,1553,1,1
cheap_PR,1554,1,1
cheap_PR,1555,1,1
cheap_PR,1556,1,1
cheap_PR,1557,1,1
cheap_PR,1558,1,1
cheap_PR,1559,1,1
cheap_PR,1560,1,1
cheap_PR,1561,-1,-1
cheap_PR,1562,1,1
cheap_PR,1563,1,1
cheap_PR,1564,1,1
cheap_PR,1565,-1,-1
cheap_PR,1566,1,1
cheap_PR,1567,1,1
cheap_PR,1568,1,1
cheap_PR,1569,1,1
cheap_PR,1570,1,1
cheap_PR,1571,1,1
cheap_PR,1572,-1,-1
cheap_PR,1573,1,1
cheap_PR,1574,1,1
cheap_PR,1575,1,1
cheap_PR,1576,1,1
cheap_PR,1577,1,1
cheap_PR,1578,1,1
cheap_PR,1579,1,1
cheap_PR,1580,1,1
cheap_PR,1581,-1,-1
cheap_PR,1582,-1,-1
cheap_PR,1583,1,1
cheap_PR,1584,1,1
cheap_PR,1585,1,1
cheap_PR,1586,1,1
cheap_PR,1587,1,1
cheap_PR,1588,1,1
cheap_PR,1589,1,1
cheap_PR,1590,1,1
cheap_PR,1591,1,1
cheap_PR,1592,-1,-1
cheap_PR,1593,1,1
cheap_PR,1594,1,1
cheap_PR,1595,1,1
cheap_PR,1596,-1,-1
cheap_PR,1597,1,1
cheap_PR,1598,1,1
cheap_PR,1599,1,1
cheap_PR,1600,1,1
cheap_PR,1601,1,1
cheap_PR,1602,1,1
cheap_PR,1603,-1,-1
cheap_PR,1604,1,1
cheap_PR,1605,1,1
cheap_PR,1606,1,1
cheap_PR,1607,1,1
cheap_PR,1608,1,1
cheap_PR,1609,1,1
cheap_PR,1610,1,1
cheap_PR,1611,1,1
cheap_PR,1612,1,1
cheap_PR,1613,1,1
cheap_PR,1614,1,1
cheap_PR,1615,1,1
cheap_PR,1616,1,1
cheap_PR,1617,-1,-1
cheap_PR,1618,1,1
cheap_PR,1619,-1,-1
cheap_PR,1620,1,1
cheap_PR,1621,1,1
cheap_PR,1622,1,1
cheap_PR,1623,-1,-1
cheap_PR,1624,1,1
cheap_PR,1625,-1,-1
cheap_PR,1626,1,1
cheap_PR,1627,1,1
cheap_PR,1628,1,1
cheap_PR,1629,1,1
cheap_PR,1630,1,1
cheap_PR,1631,1,1
cheap_PR,1632,1,1
cheap_PR,1633,1,1
cheap_PR,1634,1,1
cheap_PR,1635,1,1
cheap_PR,1636,1,1
cheap_PR,1637,1,1
cheap_PR,1638,1,1
cheap_PR,1639,1,1
cheap_PR,1640,1,1
cheap_PR,1641,1,1
cheap_PR,1642,1,1
cheap_PR,1643,1,1
cheap_PR,1644,-1,-1
cheap_PR,1645,1,1
cheap_PR,1646,1,1
cheap_PR,1647,1,1
cheap_PR,1648,1,1
cheap_PR,1649,1,1
cheap_PR,1650,1,1
cheap_PR,1651,1,1
cheap_PR,1652,1,1
cheap_PR,1653,-1,1
cheap_PR,1654,1,1
cheap_PR,1655,-1,-1
cheap_PR,1656,1,1
cheap_PR,1657,-1,-1
cheap_PR,1658,-1,-1
cheap_PR,1659,1,1
cheap_PR,1660,1,1
cheap_PR,1661,1,1
cheap_PR,1662,1,1
cheap_PR,1663,-1,-1
cheap_PR,1664,1,1
cheap_PR,1665,1,1
cheap_PR,1666,1,1
cheap_PR,1667,1,1
cheap_PR,1668,1,1
cheap_PR,1669,1,1
cheap_PR,1670,1,1
cheap_PR,1671,1,1
cheap_PR,1672,1,1
cheap_PR,1673,1,1
cheap_PR,1674,1,1
cheap_PR,1675,1,1
cheap_PR,1676,1,1
cheap_PR,1677,1,1
cheap_PR,1678,1,1
cheap_PR,1679,1,1
cheap_PR,1680,1,1
cheap_PR,1681,1,1
cheap_PR,1682,1,1
cheap_PR,1683,1,1
cheap_PR,1684,1,1
cheap_PR,1685,1,1
cheap_PR,1686,1,1
cheap_PR,1687,1,1
cheap_PR,1688,-1,-1
cheap_PR,1689,1,1
cheap_PR,1690,-1,-1
cheap_PR,1691,1,1
cheap_PR,1692,1,1
cheap_PR,1693,1,1
cheap_PR,1694,1,1
cheap_PR,1695,1,1
cheap_PR,1696,1,1
cheap_PR,1697,1,1
cheap_PR,1698,1,1
cheap_PR,1699,1,1
cheap_PR,1700,1,1
cheap_PR,1701,1,1
cheap_PR,1702,1,1
cheap_PR,1703,1,1
cheap_PR,1704,1,1
cheap_PR,1705,1,1
cheap_PR,1706,1,1
cheap_PR,1707,1,1
cheap_PR,1708,1,1
cheap_PR,1709,1,1
cheap_PR,1710,1,1
cheap_PR,1711,1,1
cheap_PR,1712,1,1
cheap_PR,1713,1,1
cheap_PR,1714,1,1
cheap_PR,1715,1,1
cheap_PR,1716,1,1
cheap_PR,1717,1,1
cheap_PR,1718,1,1
cheap_PR,1719,1,1
cheap_PR,1720,1,1
cheap_PR,1721,1,1
cheap_PR,1722,1,1
cheap_PR,1723,1,1
cheap_PR,1724,1,1
cheap_PR,1725,1,1
cheap_PR,1726,1,1
cheap_PR,1727,1,1
cheap_PR,1728,1,1
cheap_PR,1729,1,1
cheap_PR,1730,1,1
cheap_PR,1731,1,1
cheap_PR,1732,1,1
cheap_PR,1733,-1,-1
cheap_PR,1734,1,1
cheap_PR,1735,1,1
cheap_PR,1736,1,1
cheap_PR,1737,1,1
cheap_PR,1738,1,1
cheap_PR,1739,1,1
cheap_PR,1740,1,1
cheap_PR,1741,1,1
cheap_PR,1742,1,1
cheap_PR,1743,1,1
cheap_PR,1744,-1,-1
cheap_PR,1745,1,1
cheap_PR,1746,1,1
cheap_PR,1747,1,1
cheap_PR,1748,1,1
cheap_PR,1749,1,1
cheap_PR,1750,1,1
cheap_PR,1751,-1,-1
cheap_PR,1752,1,1
cheap_PR,1753,-1,-1
cheap_PR,1754,1,1
cheap_PR,1755,1,1
cheap_PR,1756,1,1
cheap_PR,1757,1,1
cheap_PR,1758,1,1
cheap_PR,1759,1,1
cheap_PR,1760,1,1
cheap_PR,1761,1,1
cheap_PR,1762,1,1
cheap_PR,1763,1,1
cheap_PR,1764,1,1
cheap_PR,1765,1,1
cheap_PR,1766,1,1
cheap_PR,1767,1,1
cheap_PR,1768,1,1
cheap_PR,1769,1,1
cheap_PR,1770,1,1
cheap_PR,1771,1,1
cheap_PR,1772,1,1
cheap_PR,1773,1,1
cheap_PR,1774,1,1
cheap_PR,1775,1,1
cheap_PR,1776,1,1
cheap_PR,1777,1,1
cheap_PR,1778,-1,-1
cheap_PR,1779,1,1
cheap_PR,1780,1,1
cheap_PR,1781,1,1
cheap_PR,1782,1,1
cheap_PR,1783,1,1
cheap_PR,1784,1,1
cheap_PR,1785,1,1
cheap_PR,1786,1,1
cheap_PR,1787,1,1
cheap_PR,1788,1,1
cheap_PR,1789,-1,-1
cheap_PR,1790,1,1
cheap_PR,1791,1,1
cheap_PR,1792,1,1
cheap_PR,1793,1,1
cheap_PR,1794,1,1
cheap_PR,1795,1,1
cheap_PR,1796,-1,-1
cheap_PR,1797,1,1
cheap_PR,1798,1,1
cheap_PR,1799,1,1
cheap_PR,1800,-1,-1
cheap_PR,1801,1,1
cheap_PR,1802,1,1
cheap_PR,1803,1,1
cheap_PR,1804,1,1
cheap_PR,1805,1,1
cheap_PR,1806,1,1
cheap_PR,1807,1,1
cheap_PR,1808,1,1
cheap_PR,1809,1,1
cheap_PR,1810,1,1
cheap_PR,1811,1,1
cheap_PR,1812,1,1
cheap_PR,1813,1,1
cheap_PR,1814,1,1
cheap_PR,1815,1,1
cheap_PR,1816,1,1
cheap_PR,1817,1,1
cheap_PR,1818,1,1
cheap_PR,1819,1,1
cheap_PR,1820,-1,-1
cheap_PR,1821,1,1
cheap_PR,1822,1,1
cheap_PR,1823,1,1
cheap_PR,1824,1,1
cheap_PR,1825,1,1
cheap_PR,1826,1,1
cheap_PR,1827,1,1
cheap_PR,1828,1,1
cheap_PR,1829,1,1
cheap_PR,1830,1,1
cheap_PR,1831,1,1
cheap_PR,1832,1,1
cheap_PR,1833,1,1
cheap_PR,1834,1,1
cheap_PR,1835,1,1
cheap_PR,1836,1,1
cheap_PR,1837,1,1
cheap_PR,1838,1,1
cheap_PR,1839,1,1
cheap_PR,1840,1,1
cheap_PR,1841,1,1
cheap_PR,1842,1,1
cheap_PR,1843,1,1
cheap_PR,1844,1,1
cheap_PR,1845,1,1
cheap_PR,1846,1,1
cheap_PR,1847,1,1
cheap_PR,1848,1,1
cheap_PR,1849,1,1
cheap_PR,1850,1,1
cheap_PR,1851,1,1
cheap_PR,1852,1,1
cheap_PR,1853,1,1
cheap_PR,1854,-1,-1
cheap_PR,1855,1,1
cheap_PR,1856,1,1
cheap_PR,1857,1,1
cheap_PR,1858,1,1
cheap_PR,1859,1,1
cheap_PR,1860,1,1
cheap_PR,1861,1,1
cheap_PR,1862,1,1
cheap_PR,1863,1,1
cheap_PR,1864,1,1
cheap_PR,1865,1,1
cheap_PR,1866,-1,-1
cheap_PR,1867,1,1
cheap_PR,1868,-1,-1
cheap_PR,1869,1,1
cheap_PR,1870,1,1
cheap_PR,1871,1,1
cheap_PR,1872,1,1
cheap_PR,1873,1,1
cheap_PR,1874,1,1
cheap_PR,1875,1,1
cheap_PR,1876,1,1
cheap_PR,1877,1,1
cheap_PR,1878,1,1
cheap_PR,1879,1,1
cheap_PR,1880,-1,-1
cheap_PR,1881,1,1
cheap_PR,1882,1,1
cheap_PR,1883,1,1
cheap_PR,1884,1,1
cheap_PR,1885,-1,-1
cheap_PR,1886,1,1
cheap_PR,1887,1,1
cheap_PR,1888,1,1
cheap_PR,1889,1,1
cheap_PR,1890,-1,-1
cheap_PR,1891,1,1
cheap_PR,1892,1,1
cheap_PR,1893,1,1
cheap_PR,1894,-1,-1
cheap_PR,1895,1,1
cheap_PR,1896,1,1
cheap_PR,1897,1,1
cheap_PR,1898,1,1
cheap_PR,1899,1,1
cheap_PR,1900,1,1
cheap_PR,1901,1,1
cheap_PR,1902,-1,-1
cheap_PR,1903,1,1
cheap_PR,1904,-1,-1
cheap_PR,1905,-1,-1
cheap_PR,1906,1,1
cheap_PR,1907,1,1
cheap_PR,1908,1,1
cheap_PR,1909,1,1
cheap_PR,1910,1,1
cheap_PR,1911,1,1
cheap_PR,1912,1,1
cheap_PR,1913,1,1
cheap_PR,1914,1,1
cheap_PR,1915,1,1
cheap_PR,1916,-1,-1
cheap_PR,1917,1,1
cheap_PR,1918,1,1
cheap_PR,1919,1,1
cheap_PR,1920,1,1
cheap_PR,1921,1,1
cheap_PR,1922,1,1
cheap_PR,1923,1,1
cheap_PR,1924,1,1
cheap_PR,1925,1,1
cheap_PR,1926,1,1
cheap_PR,1927,1,1
cheap_PR,1928,1,1
cheap_PR,1929,-1,-1
cheap_PR,1930,1,1
cheap_PR,1931,1,1
cheap_PR,1932,1,1
cheap_PR,1933,1,1
cheap_PR,1934,1,1
cheap_PR,1935,1,1
cheap_PR,1936,1,1
cheap_PR,1937,1,1
cheap_PR,1938,1,1
cheap_PR,1939,1,1
cheap_PR,1940,1,1
cheap_PR,1941,1,1
cheap_PR,1942,1,1
cheap_PR,1943,1,1
cheap_PR,1944,1,1
cheap_PR,1945,1,1
cheap_PR,1946,1,1
cheap_PR,1947,1,1
cheap_PR,1948,1,1
cheap_PR,1949,1,1
cheap_PR,1950,1,1
cheap_PR,1951,-1,-1
cheap_PR,1952,1,1
cheap_PR,1953,1,1
cheap_PR,1954,1,1
cheap_PR,1955,-1,-1
cheap_PR,1956,-1,-1
cheap_PR,1957,1,1
cheap_PR,1958,1,1
cheap_PR,1959,1,1
cheap_PR,1960,1,1
cheap_PR,1961,1,1
cheap_PR,1962,1,1
cheap_PR,1963,1,1
cheap_PR,1964,1,1
cheap_PR,1965,1,1
cheap_PR,1966,1,1
cheap_PR,1967,1,1
cheap_PR,1968,1,1
cheap_PR,1969,1,1
cheap_PR,1970,1,1
cheap_PR,1971,1,1
cheap_PR,1972,1,1
cheap_PR,1973,-1,-1
cheap_PR,1974,-1,-1
cheap_PR,1975,1,1
cheap_PR,1976,1,1
cheap_PR,1977,-1,-1
cheap_PR,1978,1,1
cheap_PR,1979,1,1
cheap_PR,1980,1,1
cheap_PR,1981,1,1
cheap_PR,1982,1,1
cheap_PR,1983,1,1
cheap_PR,1984,1,1
cheap_PR,1985,1,1
cheap_PR,1986,1,1
cheap_PR,1987,1,1
cheap_PR,1988,-1,-1
cheap_PR,1989,1,1
cheap_PR,1990,1,1
cheap_PR,1991,1,1
cheap_PR,1992,1,1
cheap_PR,1993,1,1
cheap_PR,1994,1,1
cheap_PR,1995,1,1
cheap_PR,1996,1,1
cheap_PR,1997,1,1
cheap_PR,1998,1,1
cheap_PR,1999,1,1
cheap_PR,2000,-1,-1
cheap_PR,2001,1,1
cheap_PR,2002,1,1
cheap_PR,2003,1,1
cheap_PR,2004,-1,-1
cheap_PR,2005,1,1
cheap_PR,2006,1,1
cheap_PR,2007,1,1
cheap_PR,2008,1,1
cheap_PR,2009,1,1
cheap_PR,2010,1,1
cheap_PR,2011,1,1
cheap_PR,2012,1,1
cheap_PR,2013,1,1
cheap_PR,2014,1,1
cheap_PR,2015,1,1
cheap_PR,2016,-1,-1
cheap_PR,2017,1,1
cheap_PR,2018,1,1
cheap_PR,2019,1,1
cheap_PR,2020,1,1
cheap_PR,2021,1,1
cheap_PR,2022,1,1
cheap_PR,2023,1,1
cheap_PR,2024,1,1
cheap_PR,2025,1,1
cheap_PR,2026,1,1
cheap_PR,2027,1,1
cheap_PR,2028,1,1
cheap_PR,2029,-1,-1
cheap_PR,2030,1,1
cheap_PR,2031,1,1
cheap_PR,2032,1,1
cheap_PR,2033,1,1
cheap_PR,2034,1,1
cheap_PR,2035,1,1
cheap_PR,2036,1,1
cheap_PR,2037,1,1
cheap_PR,2038,1,1
cheap_PR,2039,1,1
cheap_PR,2040,1,1
cheap_PR,2041,1,1
cheap_PR,2042,1,1
cheap_PR,2043,1,1
cheap_PR,2044,1,1
cheap_PR,2045,1,1
cheap_PR,2046,1,1
cheap_PR,2047,-1,1
cheap_PR,2048,1,1
cheap_PR,2049,1,1
cheap_PR,2050,1,1
cheap_PR,2051,1,1
cheap_PR,2052,1,1
cheap_PR,2053,1,1
cheap_PR,2054,1,1
cheap_PR,2055,1,1
cheap_PR,2056,1,1
cheap_PR,2057,-1,-1
cheap_PR,2058,1,1
cheap_PR,2059,1,1
cheap_PR,2060,1,1
cheap_PR,2061,1,1
cheap_PR,2062,1,1
cheap_PR,2063,1,1
cheap_PR,2064,1,1
cheap_PR,2065,1,1
cheap_PR,2066,1,1
cheap_PR,2067,1,1
cheap_PR,2068,1,1
cheap_PR,2069,-1,-1
cheap_PR,2070,1,1
cheap_PR,2071,1,1
cheap_PR,2072,1,1
cheap_PR,2073,1,1
cheap_PR,2074,1,1
cheap_PR,2075,1,1
cheap_PR,2076,1,1
cheap_PR,2077,1,1
cheap_PR,2078,1,1
cheap_PR,2079,1,1
cheap_PR,2080,1,1
cheap_PR,2081,1,1
cheap_PR,2082,1,1
cheap_PR,2083,1,1
cheap_PR,2084,1,1
cheap_PR,2085,1,1
cheap_PR,2086,1,1
cheap_PR,2087,1,1
cheap_PR,2088,-1,-1
cheap_PR,2089,1,1
cheap_PR,2090,1,1
cheap_PR,2091,1,1
cheap_PR,2092,1,1
cheap_PR,2093,1,1
cheap_PR,2094,1,1
cheap_PR,2095,1,1
cheap_PR,2096,-1,-1
cheap_PR,2097,1,1
cheap_PR,2098,1,1
cheap_PR,2099,1,1
cheap_PR,2100,1,1
cheap_PR,2101,1,1
cheap_PR,2102,1,1
cheap_PR,2103,1,1
cheap_PR,2104,-1,-1
cheap_PR,2105,-1,-1
cheap_PR,2106,1,1
cheap_PR,2107,1,1
cheap_PR,2108,1,1
cheap_PR,2109,1,1
cheap_PR,2110,1,1
cheap_PR,2111,1,1
cheap_PR,2112,1,1
cheap_PR,2113,1,1
cheap_PR,2114,1,1
cheap_PR,2115,1,1
cheap_PR,2116,-1,-1
cheap_PR,2117,1,1
cheap_PR,2118,-1,-1
cheap_PR,2119,1,1
cheap_PR,2120,1,1
cheap_PR,2121,1,1
cheap_PR,2122,1,1
cheap_PR,2123,1,1
cheap_PR,2124,1,1
cheap_PR,2125,1,1
cheap_PR,2126,1,1
cheap_PR,2127,1,1
cheap_PR,2128,1,1
cheap_PR,2129,-1,-1
cheap_PR,2130,-1,-1
cheap_PR,2131,1,1
cheap_PR,2132,1,1
cheap_PR,2133,1,1
cheap_PR,2134,-1,-1
cheap_PR,2135,1,1
cheap_PR,2136,1,1
cheap_PR,2137,1,1
cheap_PR,2138,-1,-1
cheap_PR,2139,1,1
cheap_PR,2140,-1,-1
cheap_PR,2141,1,1
cheap_PR,2142,1,1
cheap_PR,2143,-1,-1
cheap_PR,2144,-1,-1
cheap_PR,2145,-1,-1
cheap_PR,2146,1,1
cheap_PR,2147,1,1
cheap_PR,2148,1,1
cheap_PR,2149,1,1
cheap_PR,2150,1,1
cheap_PR,2151,1,1
cheap_PR,2152,1,1
cheap_PR,2153,1,1
cheap_PR,2154,1,1
cheap_PR,2155,1,1
cheap_PR,2156,1,1
cheap_PR,2157,1,1
cheap_PR,2158,1,1
cheap_PR,2159,1,1
cheap_PR,2160,1,1
cheap_PR,2161,1,1
cheap_PR,2162,-1,-1
cheap_PR,2163,1,1
cheap_PR,2164,1,1
cheap_PR,2165,1,1
cheap_PR,2166,1,1
cheap_PR,2167,-1,-1
cheap_PR,2168,1,1
cheap_PR,2169,1,1
cheap_PR,2170,1,1
cheap_PR,2171,1,1
cheap_PR,2172,1,1
cheap_PR,2173,-1,1
cheap_PR,2174,-1,-1
cheap_PR,2175,-1,-1
cheap_PR,2176,1,1
cheap_PR,2177,1,1
cheap_PR,2178,1,1
cheap_PR,2179,-1,-1
cheap_PR,2180,-1,-1
cheap_PR,2181,1,1
cheap_PR,2182,1,1
cheap_PR,2183,-1,-1
cheap_PR,2184,1,1
cheap_PR,2185,1,1
cheap_PR,2186,1,1
cheap_PR,2187,1,1
cheap_PR,2188,1,1
cheap_PR,2189,1,1
cheap_PR,2190,1,1
cheap_PR,2191,1,1
cheap_PR,2192,1,1
cheap_PR,2193,1,1
cheap_PR,2194,1,1
cheap_PR,2195,1,1
cheap_PR,2196,1,1
cheap_PR,2197,1,1
cheap_PR,2198,1,1
cheap_PR,2199,1,1
cheap_PR,2200,1,1
cheap_PR,2201,1,1
cheap_PR,2202,1,1
cheap_PR,2203,1,1
cheap_PR,2204,1,1
cheap_PR,2205,1,1
cheap_PR,2206,1,1
cheap_PR,2207,1,1
cheap_PR,2208,-1,-1
cheap_PR,2209,1,1
cheap_PR,2210,-1,-1
cheap_PR,2211,1,1
cheap_PR,2212,-1,-1
cheap_PR,2213,1,1
cheap_PR,2214,1,1
cheap_PR,2215,1,1
cheap_PR,2216,1,1
cheap_PR,2217,1,1
cheap_PR,2218,1,1
cheap_PR,2219,1,1
cheap_PR,2220,1,1
cheap_PR,2221,1,1
cheap_PR,2222,-1,-1
cheap_PR,2223,1,1
cheap_PR,2224,1,1
cheap_PR,2225,1,1
cheap_PR,2226,1,1
cheap_PR,2227,1,1
cheap_PR,2228,1,1
cheap_PR,2229,1,1
cheap_PR,2230,1,1
cheap_PR,2231,1,1
cheap_PR,2232,-1,-1
cheap_PR,2233,1,1
cheap_PR,2234,1,1
cheap_PR,2235,1,1
cheap_PR,2236,1,1
cheap_PR,2237,1,1
cheap_PR,2238,1,1
cheap_PR,2239,1,1
cheap_PR,2240,1,1
cheap_PR,2241,1,1
cheap_PR,2242,1,1
cheap_PR,2243,1,1
cheap_PR,2244,-1,1
cheap_PR,2245,1,1
cheap_PR,2246,-1,1
cheap_PR,2247,1,1
cheap_PR,2248,1,1
cheap_PR,2249,1,1
cheap_PR,2250,1,1
cheap_PR,2251,1,1
cheap_PR,2252,1,1
cheap_PR,2253,1,1
cheap_PR,2254,1,1
cheap_PR,2255,1,1
cheap_PR,2256,1,1
cheap_PR,2257,1,1
cheap_PR,2258,1,1
cheap_PR,2259,1,1
cheap_PR,2260,1,1
cheap_PR,2261,-1,-1
cheap_PR,2262,-1,-1
cheap_PR,2263,1,1
cheap_PR,2264,1,1
cheap_PR,2265,1,1
cheap_PR,2266,1,1
cheap_PR,2267,1,1
cheap_PR,2268,-1,-1
cheap_PR,2269,1,1
cheap_PR,2270,1,1
cheap_PR,2271,1,1
cheap_PR,2272,1,1
cheap_PR,2273,1,1
cheap_PR,2274,1,1
cheap_PR,2275,1,1
cheap_PR,2276,1,1
cheap_PR,2277,1,1
cheap_PR,2278,-1,-1
cheap_PR,2279,1,1
cheap_PR,2280,1,1
cheap_PR,2281,1,1
cheap_PR,2282,1,1
cheap_PR,2283,1,1
cheap_PR,2284,1,1
cheap_PR,2285,1,1
cheap_PR,2286,1,1
cheap_PR,2287,1,1
cheap_PR,2288,1,1
cheap_PR,2289,1,1
cheap_PR,2290,1,1
cheap_PR,2291,1,1
cheap_PR,2292,1,1
cheap_PR,2293,1,1
cheap_PR,2294,-1,-1
cheap_PR,2295,1,1
cheap_PR,2296,1,1
cheap_PR,2297,1,1
cheap_PR,2298,1,1
cheap_PR,2299,1,1
cheap_PR,2300,1,1
cheap_PR,2301,1,1
cheap_PR,2302,1,1
cheap_PR,2303,-1,-1
cheap_PR,2304,1,1
cheap_PR,2305,1,1
cheap_PR,2306,1,1
cheap_PR,2307,1,1
cheap_PR,2308,1,1
cheap_PR,2309,-1,-1
cheap_PR,2310,-1,-1
cheap_PR,2311,1,1
cheap_PR,2312,1,1
cheap_PR,2313,1,1
cheap_PR,2314,1,1
cheap_PR,2315,1,1
cheap_PR,2316,-1,-1
cheap_PR,2317,1,1
cheap_PR,2318,1,1
cheap_PR,2319,1,1
cheap_PR,2320,1,1
cheap_PR,2321,1,1
cheap_PR,2322,1,1
cheap_PR,2323,1,1
cheap_PR,2324,1,1
cheap_PR,2325,1,1
cheap_PR,2326,1,1
cheap_PR,2327,1,1
cheap_PR,2328,1,1
cheap_PR,2329,1,1
cheap_PR,2330,1,1
cheap_PR,2331,1,1
cheap_PR,2332,-1,-1
cheap_PR,2333,1,1
cheap_PR,2334,1,1
cheap_PR,2335,1,1
cheap_PR,2336,1,1
cheap_PR,2337,1,1
cheap_PR,2338,1,1
cheap_PR,2339,1,1
cheap_PR,2340,1,1
cheap_PR,2341,1,1
cheap_PR,2342,1,1
cheap_PR,2343,-1,-1
cheap_PR,2344,1,1
cheap_PR,2345,1,1
cheap_PR,2346,-1,-1
cheap_PR,2347,1,1
cheap_PR,2348,1,1
cheap_PR,2349,1,1
cheap_PR,2350,1,1
cheap_PR,2351,1,1
cheap_PR,2352,1,1
cheap_PR,2353,1,1
cheap_PR,2354,1,1
cheap_PR,2355,1,1
cheap_PR,2356,-1,-1
cheap_PR,2357,1,1
cheap_PR,2358,1,1
cheap_PR,2359,1,1
cheap_PR,2360,1,1
cheap_PR,2361,1,1
cheap_PR,2362,1,1
cheap_PR,2363,-1,-1
cheap_PR,2364,1,1
cheap_PR,2365,1,1
cheap_PR,2366,1,1
cheap_PR,2367,1,1
cheap_PR,2368,1,1
cheap_PR,2369,1,1
cheap_PR,2370,1,1
cheap_PR,2371,1,1
cheap_PR,2372,1,1
cheap_PR,2373,1,1
cheap_PR,2374,1,1
cheap_PR,2375,1,1
cheap_PR,2376,1,1
cheap_PR,2377,-1,-1
cheap_PR,2378,1,1
cheap_PR,2379,1,1
cheap_PR,2380,1,1
cheap_PR,2381,1,1
cheap_PR,2382,1,1
cheap_PR,2383,1,1
cheap_PR,2384,1,1
cheap_PR,2385,1,1
cheap_PR,2386,-1,-1
cheap_PR,2387,-1,-1
cheap_PR,2388,1,1
cheap_PR,2389,1,1
cheap_PR,2390,1,1
cheap_PR,2391,1,1
cheap_PR,2392,1,1
cheap_PR,2393,1,1
cheap_PR,2394,1,1
cheap_PR,2395,1,1
cheap_PR,2396,1,1
cheap_PR,2397,-1,-1
cheap_PR,2398,1,1
cheap_PR,2399,1,1
cheap_PR,2400,1,1
cheap_PR,2401,1,1
cheap_PR,2402,1,1
cheap_PR,2403,1,1
cheap_PR,2404,1,1
cheap_PR,2405,1,1
cheap_PR,2406,1,1
cheap_PR,2407,1,1
cheap_PR,2408,1,1
cheap_PR,2409,1,1
cheap_PR,2410,1,1
cheap_PR,2411,1,1
cheap_PR,2412,1,1
cheap_PR,2413,1,1
cheap_PR,2414,1,1
cheap_PR,2415,1,1
cheap_PR,2416,1,1
cheap_PR,2417,1,1
cheap_PR,2418,1,1
cheap_PR,2419,1,1
cheap_PR,2420,1,1
cheap_PR,2421,1,1
cheap_PR,2422,1,1
cheap_PR,2423,1,1
cheap_PR,2424,1,1
cheap_PR,2425,-1,-1
cheap_PR,2426,1,1
cheap_PR,2427,1,1
cheap_PR,2428,1,1
cheap_PR,2429,1,1
cheap_PR,2430,1,1
cheap_PR,2431,-1,-1
cheap_PR,2432,1,1
cheap_PR,2433,-1,-1
cheap_PR,2434,1,1
cheap_PR,2435,1,1
cheap_PR,2436,1,1
cheap_PR,2437,1,1
cheap_PR,2438,1,1
cheap_PR,2439,1,1
cheap_PR,2440,1,1
cheap_PR,2441,1,1
cheap_PR,2442,1,1
cheap_PR,2443,1,1
cheap_PR,2444,1,1
cheap_PR,2445,1,1
cheap_PR,2446,1,1
cheap_PR,2447,-1,-1
cheap_PR,2448,1,1
cheap_PR,2449,1,1
cheap_PR,2450,1,1
cheap_PR,2451,1,1
cheap_PR,2452,1,1
cheap_PR,2453,1,1
cheap_PR,2454,1,1
cheap_PR,2455,1,1
cheap_PR,2456,1,1
cheap_PR,2457,1,1
cheap_PR,2458,1,1
cheap_PR,2459,1,1
cheap_PR,2460,1,1
cheap_PR,2461,1,1
cheap_PR,2462,1,1
cheap_PR,2463,1,1
cheap_PR,2464,1,1
cheap_PR,2465,1,1
cheap_PR,2466,1,1
cheap_PR,2467,-1,-1
cheap_PR,2468,1,1
cheap_PR,2469,1,1
cheap_PR,2470,1,1
cheap_PR,2471,1,1
cheap_PR,2472,1,1
cheap_PR,2473,1,1
cheap_PR,2474,1,1
cheap_PR,2475,1,1
cheap_PR,2476,1,1
cheap_PR,2477,1,1
cheap_PR,2478,-1,-1
cheap_PR,2479,1,1
cheap_PR,2480,1,1
cheap_PR,2481,1,1
cheap_PR,2482,1,1
cheap_PR,2483,1,1
cheap_PR,2484,1,1
cheap_PR,2485,-1,-1
cheap_PR,2486,1,1
cheap_PR,2487,-1,-1
cheap_PR,2488,1,1
cheap_PR,2489,1,1
cheap_PR,2490,1,1
cheap_PR,2491,1,1
cheap_PR,2492,1,1
cheap_PR,2493,1,1
cheap_PR,2494,1,1
cheap_PR,2495,1,1
cheap_PR,2496,1,1
cheap_PR,2497,1,1
cheap_PR,2498,1,1
cheap_PR,2499,1,1
cheap_PR,2500,1,1
cheap_PR,2501,1,1
cheap_PR,2502,1,1
cheap_PR,2503,1,1
cheap_PR,2504,1,1
cheap_PR,2505,1,1
cheap_PR,2506,1,1
cheap_PR,2507,1,1
cheap_PR,2508,1,1
cheap_PR,2509,1,1
cheap_PR,2510,1,1
cheap_PR,2511,1,1
cheap_PR,2512,1,1
cheap_PR,2513,1,1
cheap_PR,2514,1,1
cheap_PR,2515,1,1
cheap_PR,2516,1,1
cheap_PR,2517,1,1
cheap_PR,2518,1,1
cheap_PR,2519,1,1
cheap_PR,2520,-1,-1
cheap_PR,2521,1,1
cheap_PR,2522,1,1
cheap_PR,2523,1,1
cheap_PR,2524,1,1
cheap_PR,2525,1,1
cheap_PR,2526,1,1
cheap_PR,2527,1,1
cheap_PR,2528,1,1
cheap_PR,2529,1,1
cheap_PR,2530,1,1
cheap_PR,2531,1,1
cheap_PR,2532,-1,-1
cheap_PR,2533,-1,-1
cheap_PR,2534,1,1
cheap_PR,2535,-1,-1
cheap_PR,2536,1,1
cheap_PR,2537,1,1
cheap_PR,2538,1,1
cheap_PR,2539,1,1
cheap_PR,2540,1,1
cheap_PR,2541,1,1
cheap_PR,2542,1,1
cheap_PR,2543,1,1
cheap_PR,2544,1,1
cheap_PR,2545,1,1
cheap_PR,2546,1,1
cheap_PR,2547,1,1
cheap_PR,2548,1,1
cheap_PR,2549,1,1
cheap_PR,2550,1,1
cheap_PR,2551,1,1
cheap_PR,2552,-1,-1
cheap_PR,2553,1,1
cheap_PR,2554,1,1
cheap_PR,2555,1,1
cheap_PR,2556,1,1
cheap_PR,2557,1,1
cheap_PR,2558,-1,-1
cheap_PR,2559,-1,-1
cheap_PR,2560,1,1
cheap_PR,2561,-1,-1
cheap_PR,2562,1,1
cheap_PR,2563,1,1
cheap_PR,2564,1,1
cheap_PR,2565,1,1
cheap_PR,2566,-1,-1
cheap_PR,2567,1,1
cheap_PR,2568,-1,-1
cheap_PR,2569,1,1
cheap_PR,2570,1,1
cheap_PR,2571,1,1
cheap_PR,2572,1,1
cheap_PR,2573,-1,-1
cheap_PR,2574,1,1
cheap_PR,2575,1,1
cheap_PR,2576,1,1
cheap_PR,2577,1,1
cheap_PR,2578,1,1
cheap_PR,2579,1,1
cheap_PR,2580,-1,-1
cheap_PR,2581,1,1
cheap_PR,2582,1,1
cheap_PR,2583,1,1
cheap_PR,2584,1,1
cheap_PR,2585,1,1
cheap_PR,2586,1,1
cheap_PR,2587,1,1
cheap_PR,2588,1,1
cheap_PR,2589,1,1
cheap_PR,2590,1,1
cheap_PR,2591,1,1
cheap_PR,2592,1,1
cheap_PR,2593,1,1
cheap_PR,2594,1,1
cheap_PR,2595,1,1
cheap_PR,2596,1,1
cheap_PR,2597,1,1
cheap_PR,2598,1,1
cheap_PR,2599,1,1
cheap_PR,2600,-1,-1
cheap_PR,2601,1,1
cheap_PR,2602,1,1
cheap_PR,2603,1,1
cheap_PR,2604,1,1
cheap_PR,2605,1,1
cheap_PR,2606,1,1
cheap_PR,2607,1,1
cheap_PR,2608,1,1
cheap_PR,2609,1,1
cheap_PR,2610,1,1
cheap_PR,2611,1,1
cheap_PR,2612,-1,-1
cheap_PR,2613,1,1
cheap_PR,2614,1,1
cheap_PR,2615,1,1
cheap_PR,2616,1,1
cheap_PR,2617,1,1
cheap_PR,2618,1,1
cheap_PR,2619,1,1
cheap_PR,2620,1,1
cheap_PR,2621,1,1
cheap_PR,2622,1,1
cheap_PR,2623,1,1
cheap_PR,2624,1,1
cheap_PR,2625,-1,-1
cheap_PR,2626,1,1
cheap_PR,2627,1,1
cheap_PR,2628,1,1
cheap_PR,2629,1,1
cheap_PR,2630,1,1
cheap_PR,2631,1,1
cheap_PR,2632,1,1
cheap_PR,2633,1,1
cheap_PR,2634,1,1
cheap_PR,2635,1,1
cheap_PR,2636,1,1
cheap_PR,2637,1,1
cheap_PR,2638,1,1
cheap_PR,2639,1,1
cheap_PR,2640,1,1
cheap_PR,2641,1,1
cheap_PR,2642,1,1
cheap_PR,2643,1,1
cheap_PR,2644,-1,-1
cheap_PR,2645,1,1
cheap_PR,2646,-1,-1
cheap_PR,2647,1,1
cheap_PR,2648,1,1
cheap_PR,2649,1,1
cheap_PR,2650,1,1
cheap_PR,2651,1,1
cheap_PR,2652,1,1
cheap_PR,2653,1,1
cheap_PR,2654,1,1
cheap_PR,2655,1,1
cheap_PR,2656,1,1
cheap_PR,2657,1,1
cheap_PR,2658,1,1
cheap_PR,2659,1,1
cheap_PR,2660,1,1
cheap_PR,2661,-1,-1
cheap_PR,2662,1,1
cheap_PR,2663,1,1
cheap_PR,2664,-1,-1
cheap_PR,2665,1,1
cheap_PR,2666,1,1
cheap_PR,2667,1,1
cheap_PR,2668,1,1
cheap_PR,2669,1,1
cheap_PR,2670,1,1
cheap_PR,2671,1,1
cheap_PR,2672,1,1
cheap_PR,2673,1,1
cheap_PR,2674,-1,-1
cheap_PR,2675,1,1
cheap_PR,2676,1,1
cheap_PR,2677,1,1
cheap_PR,2678,1,1
cheap_PR,2679,1,1
cheap_PR,2680,1,1
cheap_PR,2681,1,1
cheap_PR,2682,1,1
cheap_PR,2683,1,1
cheap_PR,2684,1,1
cheap_PR,2685,1,1
cheap_PR,2686,1,1
cheap_PR,2687,1,1
cheap_PR,2688,1,1
cheap_PR,2689,1,1
cheap_PR,2690,1,1
cheap_PR,2691,1,1
cheap_PR,2692,1,1
cheap_PR,2693,1,1
cheap_PR,2694,1,1
cheap_PR,2695,1,1
cheap_PR,2696,1,1
cheap_PR,2697,1,1
cheap_PR,2698,1,1
cheap_PR,2699,-1,-1
cheap_PR,2700,1,1
cheap_PR,2701,1,1
cheap_PR,2702,1,1
cheap_PR,2703,1,1
cheap_PR,2704,1,1
cheap_PR,2705,1,1
cheap_PR,2706,1,1
cheap_PR,2707,1,1
cheap_PR,2708,1,1
cheap_PR,2709,-1,-1
cheap_PR,2710,1,1
cheap_PR,2711,1,1
cheap_PR,2712,1,1
cheap_PR,2713,1,1
cheap_PR,2714,-1,-1
cheap_PR,2715,-1,-1
cheap_PR,2716,-1,-1
cheap_PR,2717,1,1
cheap_PR,2718,1,1
cheap_PR,2719,1,1
cheap_PR,2720,-1,-1
cheap_PR,2721,1,1
cheap_PR,2722,1,1
cheap_PR,2723,1,1
cheap_PR,2724,1,1
cheap_PR,2725,1,1
cheap_PR,2726,1,1
cheap_PR,2727,1,1
cheap_PR,2728,1,1
cheap_PR,2729,1,1
cheap_PR,2730,1,1
cheap_PR,2731,1,1
cheap_PR,2732,1,1
cheap_PR,2733,1,1
cheap_PR,2734,1,1
cheap_PR,2735,1,1
cheap_PR,2736,-1,-1
cheap_PR,2737,1,1
cheap_PR,2738,1,1
cheap_PR,2739,-1,-1
cheap_PR,2740,1,1
cheap_PR,2741,1,1
cheap_PR,2742,1,1
cheap_PR,2743,1,1
cheap_PR,2744,-1,-1
cheap_PR,2745,1,1
cheap_PR,2746,1,1
cheap_PR,2747,1,1
cheap_PR,2748,1,1
cheap_PR,2749,1,1
cheap_PR,2750,1,1
cheap_PR,2751,1,1
cheap_PR,2752,1,1
cheap_PR,2753,1,1
cheap_PR,2754,1,1
cheap_PR,2755,1,1
cheap_PR,2756,1,1
cheap_PR,2757,1,1
cheap_PR,2758,1,1
cheap_PR,2759,1,1
cheap_PR,2760,1,1
cheap_PR,2761,1,1
cheap_PR,2762,1,1
cheap_PR,2763,1,1
cheap_PR,2764,1,1
cheap_PR,2765,1,1
cheap_PR,2766,1,1
cheap_PR,2767,1,1
cheap_PR,2768,1,1
cheap_PR,2769,1,1
cheap_PR,2770,1,1
cheap_PR,2771,1,1
cheap_PR,2772,1,1
cheap_PR,2773,1,1
cheap_PR,2774,1,1
cheap_PR,2775,1,1
cheap_PR,2776,1,1
cheap_PR,2777,-1,-1
cheap_PR,2778,1,1
cheap_PR,2779,1,1
cheap_PR,2780,1,1
cheap_PR,2781,1,1
cheap_PR,2782,1,1
cheap_PR,2783,1,1
cheap_PR,2784,1,1
cheap_PR,2785,1,1
cheap_PR,2786,1,1
cheap_PR,2787,-1,-1
cheap_PR,2788,1,1
cheap_PR,2789,1,1
cheap_PR,2790,1,1
cheap_PR,2791,-1,-1
cheap_PR,2792,1,1
cheap_PR,2793,1,1
cheap_PR,2794,1,1
cheap_PR,2795,1,1
cheap_PR,2796,1,1
cheap_PR,2797,1,1
cheap_PR,2798,1,1
cheap_PR,2799,1,1
cheap_PR,2800,1,1
cheap_PR,2801,1,1
cheap_PR,2802,-1,-1
cheap_PR,2803,1,1
cheap_PR,2804,1,1
cheap_PR,2805,1,1
cheap_PR,2806,1,1
cheap_PR,2807,1,1
cheap_PR,2808,1,1
cheap_PR,2809,1,1
cheap_PR,2810,1,1
cheap_PR,2811,1,1
cheap_PR,2812,1,1
cheap_PR,2813,1,1
cheap_PR,2814,1,1
cheap_PR,2815,1,1
cheap_PR,2816,1,1
cheap_PR,2817,-1,-1
cheap_PR,2818,-1,-1
cheap_PR,2819,1,1
cheap_PR,2820,1,1
cheap_PR,2821,1,1
cheap_PR,2822,1,1
cheap_PR,2823,1,1
cheap_PR,2824,1,1
cheap_PR,2825,1,1
cheap_PR,2826,1,1
cheap_PR,2827,1,1
cheap_PR,2828,1,1
cheap_PR,2829,1,1
cheap_PR,2830,1,1
cheap_PR,2831,1,1
cheap_PR,2832,1,1
cheap_PR,2833,1,1
cheap_PR,2834,1,1
cheap_PR,2835,1,1
cheap_PR,2836,-1,-1
cheap_PR,2837,1,1
cheap_PR,2838,1,1
cheap_PR,2839,1,1
cheap_PR,2840,1,1
cheap_PR,2841,1,1
cheap_PR,2842,1,1
cheap_PR,2843,1,1
cheap_PR,2844,1,1
cheap_PR,2845,1,1
cheap_PR,2846,-1,-1
cheap_PR,2847,1,1
cheap_PR,2848,-1,-1
cheap_PR,2849,-1,-1
cheap_PR,2850,1,1
cheap_PR,2851,1,1
cheap_PR,2852,1,1
cheap_PR,2853,1,1
cheap_PR,2854,1,1
cheap_PR,2855,1,1
cheap_PR,2856,1,1
cheap_PR,2857,1,1
cheap_PR,2858,1,1
cheap_PR,2859,1,1
cheap_PR,2860,1,1
cheap_PR,2861,1,1
cheap_PR,2862,1,1
cheap_PR,2863,1,1
cheap_PR,2864,1,1
cheap_PR,2865,1,1
cheap_PR,2866,1,1
cheap_PR,2867,1,1
cheap_PR,2868,1,1
cheap_PR,2869,1,1
cheap_PR,2870,1,1
cheap_PR,2871,1,1
cheap_PR,2872,1,1
cheap_PR,2873,1,1
cheap_PR,2874,1,1
cheap_PR,2875,1,1
cheap_PR,2876,-1,-1
cheap_PR,2877,1,1
cheap_PR,2878,1,1
cheap_PR,2879,1,1
cheap_PR,2880,1,1
cheap_PR,2881,1,1
cheap_PR,2882,1,1
cheap_PR,2883,1,1
cheap_PR,2884,1,1
cheap_PR,2885,1,1
cheap_PR,2886,1,1
cheap_PR,2887,1,1
cheap_PR,2888,1,1
cheap_PR,2889,1,1
cheap_PR,2890,-1,-1
cheap_PR,2891,1,1
cheap_PR,2892,1,1
cheap_PR,2893,-1,-1
cheap_PR,2894,1,1
cheap_PR,2895,1,1
cheap_PR,2896,1,1
cheap_PR,2897,1,1
cheap_PR,2898,1,1
cheap_PR,2899,1,1
cheap_PR,2900,1,1
cheap_PR,2901,1,1
cheap_PR,2902,1,1
cheap_PR,2903,1,1
cheap_PR,2904,1,1
cheap_PR,2905,1,1
cheap_PR,2906,1,1
cheap_PR,2907,1,1
cheap_PR,2908,1,1
cheap_PR,2909,1,1
cheap_PR,2910,1,1
cheap_PR,2911,1,1
cheap_PR,2912,1,1
cheap_PR,2913,1,1
cheap_PR,2914,1,1
cheap_PR,2915,-1,-1
cheap_PR,2916,1,1
cheap_PR,2917,1,1
cheap_PR,2918,1,1
cheap_PR,2919,-1,-1
cheap_PR,2920,1,1
cheap_PR,2921,1,1
cheap_PR,2922,1,1
cheap_PR,2923,1,1
cheap_PR,2924,1,1
cheap_PR,2925,1,1
cheap_PR,2926,1,1
cheap_PR,2927,1,1
cheap_PR,2928,1,1
cheap_PR,2929,1,1
cheap_PR,2930,1,1
cheap_PR,2931,1,1
cheap_PR,2932,1,1
cheap_PR,2933,1,1
cheap_PR,2934,1,1
cheap_PR,2935,-1,-1
cheap_PR,2936,1,1
cheap_PR,2937,1,1
cheap_PR,2938,1,1
cheap_PR,2939,1,1
cheap_PR,2940,1,1
cheap_PR,2941,1,1
cheap_PR,2942,1,1
cheap_PR,2943,1,1
cheap_PR,2944,1,1
cheap_PR,2945,1,1
cheap_PR,2946,1,1
cheap_PR,2947,1,1
cheap_PR,2948,1,1
cheap_PR,2949,1,1
cheap_PR,2950,1,1
cheap_PR,2951,1,1
cheap_PR,2952,-1,-1
cheap_PR,2953,1,1
cheap_PR,2954,1,1
cheap_PR,2955,1,1
cheap_PR,2956,1,1
cheap_PR,2957,1,1
cheap_PR,2958,1,1
cheap_PR,2959,1,1
cheap_PR,2960,1,1
cheap_PR,2961,1,1
cheap_PR,2962,1,1
cheap_PR,2963,1,1
cheap_PR,2964,1,1
cheap_PR,2965,1,1
cheap_PR,2966,1,1
cheap_PR,2967,1,1
cheap_PR,2968,1,1
cheap_PR,2969,1,1
cheap_PR,2970,-1,1
cheap_PR,2971,1,1
cheap_PR,2972,1,1
cheap_PR,2973,1,1
cheap_PR,2974,1,1
cheap_PR,2975,-1,-1
cheap_PR,2976,1,1
cheap_PR,2977,-1,-1
cheap_PR,2978,1,1
cheap_PR,2979,1,1
cheap_PR,2980,1,1
cheap_PR,2981,-1,-1
cheap_PR,2982,1,1
cheap_PR,2983,-1,-1
cheap_PR,2984,1,1
cheap_PR,2985,1,1
cheap_PR,2986,1,1
cheap_PR,2987,-1,-1
cheap_PR,2988,1,1
cheap_PR,2989,1,1
cheap_PR,2990,1,1
cheap_PR,2991,1,1
cheap_PR,2992,1,1
cheap_PR,2993,1,1
cheap_PR,2994,1,1
cheap_PR,2995,1,1
cheap_PR,2996,1,1
cheap_PR,2997,1,1
cheap_PR,2998,1,1
cheap_PR,2999,1,1
cheap_PR,3000,1,1
cheap_PR,3001,1,1
cheap_PR,3002,1,1
cheap_PR,3003,1,1
cheap_PR,3004,-1,-1
cheap_PR,3005,1,1
cheap_PR,3006,1,1
cheap_PR,3007,-1,-1
cheap_PR,3008,1,1
cheap_PR,3009,1,1
cheap_PR,3010,1,1
cheap_PR,3011,1,1
cheap_PR,3012,-1,-1
cheap_PR,3013,1,1
cheap_PR,3014,1,1
cheap_PR,3015,1,1
cheap_PR,3016,1,1
cheap_PR,3017,1,1
cheap_PR,3018,1,1
cheap_PR,3019,1,1
cheap_PR,3020,-1,-1
cheap_PR,3021,1,1
cheap_PR,3022,1,1
cheap_PR,3023,-1,-1
cheap_PR,3024,1,1
cheap_PR,3025,1,1
cheap_PR,3026,1,1
cheap_PR,3027,-1,-1
cheap_PR,3028,1,1
cheap_PR,3029,-1,-1
cheap_PR,3030,1,1
cheap_PR,3031,-1,-1
cheap_PR,3032,1,1
cheap_PR,3033,1,1
cheap_PR,3034,1,1
cheap_PR,3035,1,1
cheap_PR,3036,-1,-1
cheap_PR,3037,-1,-1
cheap_PR,3038,1,1
cheap_PR,3039,1,1
cheap_PR,3040,-1,-1
cheap_PR,3041,1,1
cheap_PR,3042,1,1
cheap_PR,3043,1,1
cheap_PR,3044,1,1
cheap_PR,3045,1,1
cheap_PR,3046,1,1
cheap_PR,3047,1,1
cheap_PR,3048,-1,-1
cheap_PR,3049,1,1
cheap_PR,3050,1,1
cheap_PR,3051,1,1
cheap_PR,3052,1,1
cheap_PR,3053,1,1
cheap_PR,3054,1,1
cheap_PR,3055,1,1
cheap_PR,3056,1,1
cheap_PR,3057,1,1
cheap_PR,3058,1,1
cheap_PR,3059,1,1
cheap_PR,3060,1,1
cheap_PR,3061,1,1
cheap_PR,3062,1,1
cheap_PR,3063,1,1
cheap_PR,3064,1,1
cheap_PR,3065,1,1
cheap_PR,3066,-1,-1
cheap_PR,3067,1,1
cheap_PR,3068,1,1
cheap_PR,3069,1,1
cheap_PR,3070,1,1
cheap_PR,3071,1,1
cheap_PR,3072,1,1
cheap_PR,3073,1,1
cheap_PR,3074,1,1
cheap_PR,3075,1,1
cheap_PR,3076,1,1
cheap_PR,3077,1,1
cheap_PR,3078,1,1
cheap_PR,3079,1,1
cheap_PR,3080,1,1
cheap_PR,3081,1,1
cheap_PR,3082,1,1
cheap_PR,3083,1,1
cheap_PR,3084,1,1
cheap_PR,3085,1,1
cheap_PR,3086,1,1
cheap_PR,3087,1,1
cheap_PR,3088,1,1
cheap_PR,3089,1,1
cheap_PR,3090,1,1
cheap_PR,3091,1,1
cheap_PR,3092,1,1
cheap_PR,3093,1,1
cheap_PR,3094,1,1
cheap_PR,3095,1,1
cheap_PR,3096,1,1
cheap_PR,3097,1,1
cheap_PR,3098,-1,-1
cheap_PR,3099,1,1
cheap_PR,3100,1,1
cheap_PR,3101,1,1
cheap_PR,3102,-1,-1
cheap_PR,3103,1,1
cheap_PR,3104,1,1
cheap_PR,3105,1,1
cheap_PR,3106,1,1
cheap_PR,3107,1,1
cheap_PR,3108,1,1
cheap_PR,3109,1,1
cheap_PR,3110,1,1
cheap_PR,3111,1,1
cheap_PR,3112,1,1
cheap_PR,3113,1,1
cheap_PR,3114,1,1
cheap_PR,3115,1,1
cheap_PR,3116,1,1
cheap_PR,3117,1,1
cheap_PR,3118,1,1
cheap_PR,3119,-1,-1
cheap_PR,3120,1,1
cheap_PR,3121,1,1
cheap_PR,3122,1,1
cheap_PR,3123,-1,-1
cheap_PR,3124,1,1
cheap_PR,3125,1,1
cheap_PR,3126,1,1
cheap_PR,3127,1,1
cheap_PR,3128,1,1
cheap_PR,3129,1,1
cheap_PR,3130,1,1
cheap_PR,3131,1,1
cheap_PR,3132,1,1
cheap_PR,3133,1,1
cheap_PR,3134,1,1
cheap_PR,3135,1,1
cheap_PR,3136,1,1
cheap_PR,3137,1,1
cheap_PR,3138,1,1
cheap_PR,3139,1,1
cheap_PR,3140,1,1
cheap_PR,3141,1,1
cheap_PR,3142,1,1
cheap_PR,3143,1,1
cheap_PR,3144,1,1
cheap_PR,3145,1,1
cheap_PR,3146,1,1
cheap_PR,3147,1,1
cheap_PR,3148,1,1
cheap_PR,3149,1,1
cheap_PR,3150,1,1
cheap_PR,3151,-1,-1
cheap_PR,3152,1,1
cheap_PR,3153,1,1
cheap_PR,3154,1,1
cheap_PR,3155,-1,-1
cheap_PR,3156,1,1
cheap_PR,3157,1,1
cheap_PR,3158,-1,-1
cheap_PR,3159,1,1
cheap_PR,3160,1,1
cheap_PR,3161,1,1
cheap_PR,3162,1,1
cheap_PR,3163,1,1
cheap_PR,3164,1,1
cheap_PR,3165,1,1
cheap_PR,3166,1,1
cheap_PR,3167,1,1
cheap_PR,3168,1,1
cheap_PR,3169,1,1
cheap_PR,3170,1,1
cheap_PR,3171,1,1
cheap_PR,3172,1,1
cheap_PR,3173,1,1
cheap_PR,3174,1,1
cheap_PR,3175,1,1
cheap_PR,3176,1,1
cheap_PR,3177,1,1
cheap_PR,3178,1,1
cheap_PR,3179,1,1
cheap_PR,3180,-1,-1
cheap_PR,3181,1,1
cheap_PR,3182,1,1
cheap_PR,3183,1,1
cheap_PR,3184,1,1
cheap_PR,3185,1,1
cheap_PR,3186,1,1
cheap_PR,3187,1,1
cheap_PR,3188,1,1
cheap_PR,3189,1,1
cheap_PR,3190,1,1
cheap_PR,3191,1,1
cheap_PR,3192,1,1
cheap_PR,3193,1,1
cheap_PR,3194,1,1
cheap_PR,3195,1,1
cheap_PR,3196,-1,-1
cheap_PR,3197,1,1
cheap_PR,3198,1,1
cheap_PR,3199,1,1
cheap_PR,3200,1,1
cheap_PR,3201,-1,-1
cheap_PR,3202,1,1
cheap_PR,3203,1,1
cheap_PR,3204,1,1
cheap_PR,3205,-1,-1
cheap_PR,3206,1,1
cheap_PR,3207,1,1
cheap_PR,3208,1,1
cheap_PR,3209,1,1
cheap_PR,3210,-1,-1
cheap_PR,3211,1,1
cheap_PR,3212,1,1
cheap_PR,3213,1,1
cheap_PR,3214,1,1
cheap_PR,3215,1,1
cheap_PR,3216,-1,-1
cheap_PR,3217,-1,-1
cheap_PR,3218,1,1
cheap_PR,3219,1,1
cheap_PR,3220,1,1
cheap_PR,3221,1,1
cheap_PR,3222,1,1
cheap_PR,3223,-1,-1
cheap_PR,3224,-1,-1
cheap_PR,3225,1,1
cheap_PR,3226,1,1
cheap_PR,3227,1,1
cheap_PR,3228,1,1
cheap_PR,3229,1,1
cheap_PR,3230,1,1
cheap_PR,3231,-1,-1
cheap_PR,3232,1,1
cheap_PR,3233,1,1
cheap_PR,3234,1,1
cheap_PR,3235,1,1
cheap_PR,3236,1,1
cheap_PR,3237,1,1
cheap_PR,3238,1,1
cheap_PR,3239,1,1
cheap_PR,3240,1,1
cheap_PR,3241,1,1
cheap_PR,3242,1,1
cheap_PR,3243,1,1
cheap_PR,3244,1,1
cheap_PR,3245,1,1
cheap_PR,3246,1,1
cheap_PR,3247,1,1
cheap_PR,3248,1,1
cheap_PR,3249,1,1
cheap_PR,3250,1,1
cheap_PR,3251,1,1
cheap_PR,3252,1,1
cheap_PR,3253,-1,-1
cheap_PR,3254,1,1
cheap_PR,3255,-1,-1
cheap_PR,3256,1,1
cheap_PR,3257,1,1
cheap_PR,3258,1,1
cheap_PR,3259,1,1
cheap_PR,3260,1,1
cheap_PR,3261,1,1
cheap_PR,3262,-1,-1
cheap_PR,3263,1,1
cheap_PR,3264,1,1
cheap_PR,3265,1,1
cheap_PR,3266,1,1
cheap_PR,3267,1,1
cheap_PR,3268,1,1
cheap_PR,3269,1,1
cheap_PR,3270,1,1
cheap_PR,3271,-1,-1
cheap_PR,3272,1,1
cheap_PR,3273,1,1
cheap_PR,3274,1,1
cheap_PR,3275,1,1
cheap_PR,3276,1,1
cheap_PR,3277,1,1
cheap_PR,3278,1,1
cheap_PR,3279,1,1
cheap_PR,3280,-1,-1
cheap_PR,3281,1,1
cheap_PR,3282,1,1
cheap_PR,3283,1,1
cheap_PR,3284,1,1
cheap_PR,3285,-1,-1
cheap_PR,3286,1,1
cheap_PR,3287,1,1
cheap_PR,3288,1,1
cheap_PR,3289,1,1
cheap_PR,3290,1,1
cheap_PR,3291,1,1
cheap_PR,3292,1,1
cheap_PR,3293,1,1
cheap_PR,3294,-1,-1
cheap_PR,3295,1,1
cheap_PR,3296,-1,-1
cheap_PR,3297,1,1
cheap_PR,3298,1,1
cheap_PR,3299,1,1
cheap_PR,3300,1,1
cheap_PR,3301,1,1
cheap_PR,3302,-1,-1
cheap_PR,3303,1,1
cheap_PR,3304,1,1
cheap_PR,3305,1,1
cheap_PR,3306,-1,-1
cheap_PR,3307,-1,-1
cheap_PR,3308,1,1
cheap_PR,3309,1,1
cheap_PR,3310,1,1
cheap_PR,3311,1,1
cheap_PR,3312,1,1
cheap_PR,3313,1,1
cheap_PR,3314,1,1
cheap_PR,3315,1,1
cheap_PR,3316,1,1
cheap_PR,3317,-1,-1
cheap_PR,3318,1,1
cheap_PR,3319,1,1
cheap_PR,3320,1,1
cheap_PR,3321,-1,-1
cheap_PR,3322,1,1
cheap_PR,3323,1,1
cheap_PR,3324,1,1
cheap_PR,3325,1,1
cheap_PR,3326,1,1
cheap_PR,3327,1,1
cheap_PR,3328,-1,-1
cheap_PR,3329,1,1
cheap_PR,3330,1,1
cheap_PR,3331,1,1
cheap_PR,3332,1,1
cheap_PR,3333,1,1
cheap_PR,3334,1,1
cheap_PR,3335,1,1
cheap_PR,3336,1,1
cheap_PR,3337,1,1
cheap_PR,3338,1,1
cheap_PR,3339,1,1
cheap_PR,3340,1,1
cheap_PR,3341,1,1
cheap_PR,3342,1,1
cheap_PR,3343,1,1
cheap_PR,3344,1,1
cheap_PR,3345,1,1
cheap_PR,3346,1,1
cheap_PR,3347,1,1
cheap_PR,3348,1,1
cheap_PR,3349,1,1
cheap_PR,3350,1,1
cheap_PR,3351,1,1
cheap_PR,3352,1,1
cheap_PR,3353,1,1
cheap_PR,3354,1,1
cheap_PR,3355,-1,-1
cheap_PR,3356,1,1
cheap_PR,3357,1,1
cheap_PR,3358,1,1
cheap_PR,3359,1,1
cheap_PR,3360,1,1
cheap_PR,3361,1,1
cheap_PR,3362,1,1
cheap_PR,3363,-1,-1
cheap_PR,3364,1,1
cheap_PR,3365,1,1
cheap_PR,3366,1,1
cheap_PR,3367,1,1
cheap_PR,3368,1,1
cheap_PR,3369,1,1
cheap_PR,3370,1,1
cheap_PR,3371,1,1
cheap_PR,3372,-1,-1
cheap_PR,3373,-1,-1
cheap_PR,3374,1,1
cheap_PR,3375,1,1
cheap_PR,3376,1,1
cheap_PR,3377,1,1
cheap_PR,3378,1,1
cheap_PR,3379,1,1
cheap_PR,3380,1,1
cheap_PR,3381,1,1
cheap_PR,3382,1,1
cheap_PR,3383,-1,-1
cheap_PR,3384,1,1
cheap_PR,3385,1,1
cheap_PR,3386,1,1
cheap_PR,3387,1,1
cheap_PR,3388,1,1
cheap_PR,3389,1,1
cheap_PR,3390,1,1
cheap_PR,3391,1,1
cheap_PR,3392,1,1
cheap_PR,3393,1,1
cheap_PR,3394,-1,-1
cheap_PR,3395,1,1
cheap_PR,3396,-1,-1
cheap_PR,3397,-1,-1
cheap_PR,3398,-1,-1
cheap_PR,3399,-1,-1
cheap_PR,3400,1,1
cheap_PR,3401,1,1
cheap_PR,3402,1,1
cheap_PR,3403,1,1
cheap_PR,3404,1,1
cheap_PR,3405,1,1
cheap_PR,3406,1,1
cheap_PR,3407,1,1
cheap_PR,3408,1,1
cheap_PR,3409,1,1
cheap_PR,3410,1,1
cheap_PR,3411,1,1
cheap_PR,3412,1,1
cheap_PR,3413,1,1
cheap_PR,3414,1,1
cheap_PR,3415,1,1
cheap_PR,3416,1,1
cheap_PR,3417,1,1
cheap_PR,3418,1,1
cheap_PR,3419,1,1
cheap_PR,3420,1,1
cheap_PR,3421,1,1
cheap_PR,3422,1,1
cheap_PR,3423,1,1
cheap_PR,3424,1,1
cheap_PR,3425,1,1
cheap_PR,3426,-1,-1
cheap_PR,3427,1,1
cheap_PR,3428,1,1
cheap_PR,3429,1,1
cheap_PR,3430,1,1
cheap_PR,3431,1,1
cheap_PR,3432,1,1
cheap_PR,3433,1,1
cheap_PR,3434,1,1
cheap_PR,3435,1,1
cheap_PR,3436,1,1
cheap_PR,3437,1,1
cheap_PR,3438,1,1
cheap_PR,3439,1,1
cheap_PR,3440,-1,1
cheap_PR,3441,1,1
cheap_PR,3442,1,1
cheap_PR,3443,1,1
cheap_PR,3444,1,1
cheap_PR,3445,1,1
cheap_PR,3446,-1,-1
cheap_PR,3447,1,1
cheap_PR,3448,1,1
cheap_PR,3449,-1,-1
cheap_PR,3450,1,1
cheap_PR,3451,1,1
cheap_PR,3452,1,1
cheap_PR,3453,1,1
cheap_PR,3454,1,1
cheap_PR,3455,1,1
cheap_PR,3456,1,1
cheap_PR,3457,-1,-1
cheap_PR,3458,1,1
cheap_PR,3459,1,1
cheap_PR,3460,1,1
cheap_PR,3461,1,1
cheap_PR,3462,1,1
cheap_PR,3463,1,1
cheap_PR,3464,1,1
cheap_PR,3465,-1,-1
cheap_PR,3466,1,1
cheap_PR,3467,1,1
cheap_PR,3468,-1,-1
cheap_PR,3469,1,1
cheap_PR,3470,1,1
cheap_PR,3471,1,1
cheap_PR,3472,1,1
cheap_PR,3473,1,1
cheap_PR,3474,1,1
cheap_PR,3475,1,1
cheap_PR,3476,-1,-1
cheap_PR,3477,1,1
cheap_PR,3478,1,1
cheap_PR,3479,1,1
cheap_PR,3480,1,1
cheap_PR,3481,1,1
cheap_PR,3482,1,1
cheap_PR,3483,1,1
cheap_PR,3484,1,1
cheap_PR,3485,1,1
cheap_PR,3486,1,1
cheap_PR,3487,1,1
cheap_PR,3488,1,1
cheap_PR,3489,-1,-1
cheap_PR,3490,1,1
cheap_PR,3491,-1,-1
cheap_PR,3492,1,1
cheap_PR,3493,1,1
cheap_PR,3494,1,1
cheap_PR,3495,1,1
cheap_PR,3496,1,1
cheap_PR,3497,1,1
cheap_PR,3498,1,1
cheap_PR,3499,1,1
cheap_PR,3500,1,1
cheap_PR,3501,-1,-1
cheap_PR,3502,1,1
cheap_PR,3503,1,1
cheap_PR,3504,1,1
cheap_PR,3505,1,1
cheap_PR,3506,1,1
cheap_PR,3507,1,1
cheap_PR,3508,1,1
cheap_PR,3509,1,1
cheap_PR,3510,1,1
cheap_PR,3511,1,1
cheap_PR,3512,1,1
cheap_PR,3513,1,1
cheap_PR,3514,1,1
cheap_PR,3515,1,1
cheap_PR,3516,1,1
cheap_PR,3517,1,1
cheap_PR,3518,1,1
cheap_PR,3519,1,1
cheap_PR,3520,-1,-1
cheap_PR,3521,1,1
cheap_PR,3522,1,1
cheap_PR,3523,1,1
cheap_PR,3524,1,1
cheap_PR,3525,1,1
cheap_PR,3526,1,1
cheap_PR,3527,1,1
cheap_PR,3528,1,1
cheap_PR,3529,1,1
cheap_PR,3530,1,1
cheap_PR,3531,1,1
cheap_PR,3532,1,1
cheap_PR,3533,-1,-1
cheap_PR,3534,1,1
cheap_PR,3535,1,1
cheap_PR,3536,1,1
cheap_PR,3537,1,1
cheap_PR,3538,-1,-1
cheap_PR,3539,1,1
cheap_PR,3540,1,1
cheap_PR,3541,1,1
cheap_PR,3542,1,1
cheap_PR,3543,1,1
cheap_PR,3544,1,1
cheap_PR,3545,1,1
cheap_PR,3546,1,1
cheap_PR,3547,1,1
cheap_PR,3548,-1,-1
cheap_PR,3549,1,1
cheap_PR,3550,1,1
cheap_PR,3551,1,1
cheap_PR,3552,-1,-1
cheap_PR,3553,-1,-1
cheap_PR,3554,1,1
cheap_PR,3555,1,1
cheap_PR,3556,1,1
cheap_PR,3557,-1,-1
cheap_PR,3558,1,1
cheap_PR,3559,1,1
cheap_PR,3560,-1,-1
cheap_PR,3561,1,1
cheap_PR,3562,1,1
cheap_PR,3563,1,1
cheap_PR,3564,1,1
cheap_PR,3565,1,1
cheap_PR,3566,1,1
cheap_PR,3567,1,1
cheap_PR,3568,1,1
cheap_PR,3569,1,1
cheap_PR,3570,1,1
cheap_PR,3571,1,1
cheap_PR,3572,1,1
cheap_PR,3573,1,1
cheap_PR,3574,1,1
cheap_PR,3575,1,1
cheap_PR,3576,1,1
cheap_PR,3577,1,1
cheap_PR,3578,1,1
cheap_PR,3579,1,1
cheap_PR,3580,1,1
cheap_PR,3581,1,1
cheap_PR,3582,1,1
cheap_PR,3583,1,1
cheap_PR,3584,-1,-1
cheap_PR,3585,1,1
cheap_PR,3586,1,1
cheap_PR,3587,1,1
cheap_PR,3588,1,1
cheap_PR,3589,1,1
cheap_PR,3590,1,1
cheap_PR,3591,1,1
cheap_PR,3592,1,1
cheap_PR,3593,-1,-1
cheap_PR,3594,1,1
cheap_PR,3595,1,1
cheap_PR,3596,1,1
cheap_PR,3597,-1,-1
cheap_PR,3598,1,1
cheap_PR,3599,1,1
cheap_PR,3600,1,1
cheap_PR,3601,1,1
cheap_PR,3602,1,1
cheap_PR,3603,1,1
cheap_PR,3604,1,1
cheap_PR,3605,1,1
cheap_PR,3606,1,1
cheap_PR,3607,1,1
cheap_PR,3608,1,1
cheap_PR,3609,1,1
cheap_PR,3610,1,1
cheap_PR,3611,1,1
cheap_PR,3612,1,1
cheap_PR,3613,1,1
cheap_PR,3614,1,1
cheap_PR,3615,1,1
cheap_PR,3616,1,1
cheap_PR,3617,1,1
cheap_PR,3618,1,1
cheap_PR,3619,1,1
cheap_PR,3620,1,1
cheap_PR,3621,1,1
cheap_PR,3622,1,1
cheap_PR,3623,1,1
cheap_PR,3624,1,1
cheap_PR,3625,1,1
cheap_PR,3626,1,1
cheap_PR,3627,-1,-1
cheap_PR,3628,1,1
cheap_PR,3629,1,1
cheap_PR,3630,1,1
cheap_PR,3631,1,1
cheap_PR,3632,1,1
cheap_PR,3633,1,1
cheap_PR,3634,1,1
cheap_PR,3635,1,1
cheap_PR,3636,1,1
cheap_PR,3637,1,1
cheap_PR,3638,-1,-1
cheap_PR,3639,1,1
cheap_PR,3640,1,1
cheap_PR,3641,1,1
cheap_PR,3642,1,1
cheap_PR,3643,1,1
cheap_PR,3644,1,1
cheap_PR,3645,1,1
cheap_PR,3646,-1,-1
cheap_PR,3647,1,1
cheap_PR,3648,1,1
cheap_PR,3649,1,1
cheap_PR,3650,1,1
cheap_PR,3651,1,1
cheap_PR,3652,1,1
cheap_PR,3653,1,1
cheap_PR,3654,1,1
cheap_PR,3655,1,1
cheap_PR,3656,1,1
cheap_PR,3657,1,1
cheap_PR,3658,1,1
cheap_PR,3659,1,1
cheap_PR,3660,1,1
cheap_PR,3661,1,1
cheap_PR,3662,-1,-1
cheap_PR,3663,1,1
cheap_PR,3664,-1,-1
cheap_PR,3665,1,1
cheap_PR,3666,1,1
cheap_PR,3667,1,1
cheap_PR,3668,1,1
cheap_PR,3669,1,1
cheap_PR,3670,1,1
cheap_PR,3671,1,1
cheap_PR,3672,-1,-1
cheap_PR,3673,1,1
cheap_PR,3674,1,1
cheap_PR,3675,1,1
cheap_PR,3676,1,1
cheap_PR,3677,1,1
cheap_PR,3678,1,1
cheap_PR,3679,1,1
cheap_PR,3680,1,1
cheap_PR,3681,1,1
cheap_PR,3682,1,1
cheap_PR,3683,-1,-1
cheap_PR,3684,1,1
cheap_PR,3685,1,1
cheap_PR,3686,1,1
cheap_PR,3687,1,1
cheap_PR,3688,-1,-1
cheap_PR,3689,-1,-1
cheap_PR,3690,1,1
cheap_PR,3691,1,1
cheap_PR,3692,1,1
cheap_PR,3693,1,1
cheap_PR,3694,1,1
cheap_PR,3695,1,1
cheap_PR,3696,1,1
cheap_PR,3697,-1,-1
cheap_PR,3698,-1,-1
cheap_PR,3699,1,1
cheap_PR,3700,1,1
cheap_PR,3701,1,1
cheap_PR,3702,1,1
cheap_PR,3703,1,1
cheap_PR,3704,1,1
cheap_PR,3705,1,1
cheap_PR,3706,-1,-1
cheap_PR,3707,1,1
cheap_PR,3708,1,1
cheap_PR,3709,1,1
cheap_PR,3710,1,1
cheap_PR,3711,-1,-1
cheap_PR,3712,1,1
cheap_PR,3713,1,1
cheap_PR,3714,1,1
cheap_PR,3715,1,1
cheap_PR,3716,1,1
cheap_PR,3717,1,1
cheap_PR,3718,-1,-1
cheap_PR,3719,1,1
cheap_PR,3720,1,1
cheap_PR,3721,-1,-1
cheap_PR,3722,-1,-1
cheap_PR,3723,-1,-1
cheap_PR,3724,1,1
cheap_PR,3725,1,1
cheap_PR,3726,1,1
cheap_PR,3727,1,1
cheap_PR,3728,1,1
cheap_PR,3729,1,1
cheap_PR,3730,1,1
cheap_PR,3731,1,1
cheap_PR,3732,1,1
cheap_PR,3733,-1,-1
cheap_PR,3734,-1,-1
cheap_PR,3735,1,1
cheap_PR,3736,-1,-1
cheap_PR,3737,1,1
cheap_PR,3738,1,1
cheap_PR,3739,1,1
cheap_PR,3740,1,1
cheap_PR,3741,1,1
cheap_PR,3742,1,1
cheap_PR,3743,-1,-1
cheap_PR,3744,1,1
cheap_PR,3745,1,1
cheap_PR,3746,1,1
cheap_PR,3747,1,1
cheap_PR,3748,1,1
cheap_PR,3749,1,1
cheap_PR,3750,1,1
cheap_PR,3751,1,1
cheap_PR,3752,1,1
cheap_PR,3753,-1,-1
cheap_PR,3754,1,1
cheap_PR,3755,1,1
cheap_PR,3756,-1,-1
cheap_PR,3757,1,1
cheap_PR,3758,1,1
cheap_PR,3759,1,1
cheap_PR,3760,1,1
cheap_PR,3761,1,1
cheap_PR,3762,1,1
cheap_PR,3763,1,1
cheap_PR,3764,1,1
cheap_PR,3765,-1,-1
cheap_PR,3766,1,1
cheap_PR,3767,1,1
cheap_PR,3768,1,1
cheap_PR,3769,1,1
cheap_PR,3770,1,1
cheap_PR,3771,1,1
cheap_PR,3772,1,1
cheap_PR,3773,-1,-1
cheap_PR,3774,1,1
cheap_PR,3775,1,1
cheap_PR,3776,-1,-1
cheap_PR,3777,1,1
cheap_PR,3778,1,1
cheap_PR,3779,1,1
cheap_PR,3780,-1,1
cheap_PR,3781,1,1
cheap_PR,3782,1,1
cheap_PR,3783,1,1
cheap_PR,3784,1,1
cheap_PR,3785,1,1
cheap_PR,3786,1,1
cheap_PR,3787,1,1
cheap_PR,3788,1,1
cheap_PR,3789,-1,-1
cheap_PR,3790,1,1
cheap_PR,3791,1,1
cheap_PR,3792,1,1
cheap_PR,3793,1,1
cheap_PR,3794,1,1
cheap_PR,3795,1,1
cheap_PR,3796,1,1
cheap_PR,3797,1,1
cheap_PR,3798,1,1
cheap_PR,3799,1,1
cheap_PR,3800,1,1
cheap_PR,3801,-1,-1
cheap_PR,3802,1,1
cheap_PR,3803,1,1
cheap_PR,3804,1,1
cheap_PR,3805,1,1
cheap_PR,3806,1,1
cheap_PR,3807,-1,-1
cheap_PR,3808,1,1
cheap_PR,3809,1,1
cheap_PR,3810,1,1
cheap_PR,3811,1,1
cheap_PR,3812,1,1
cheap_PR,3813,1,1
cheap_PR,3814,1,1
cheap_PR,3815,1,1
cheap_PR,3816,1,1
cheap_PR,3817,1,1
cheap_PR,3818,-1,-1
cheap_PR,3819,1,1
cheap_PR,3820,1,1
cheap_PR,3821,1,1
cheap_PR,3822,1,1
cheap_PR,3823,1,1
cheap_PR,3824,1,1
cheap_PR,3825,1,1
cheap_PR,3826,1,1
cheap_PR,3827,1,1
cheap_PR,3828,1,1
cheap_PR,3829,1,1
cheap_PR,3830,-1,-1
cheap_PR,3831,1,1
cheap_PR,3832,1,1
cheap_PR,3833,-1,-1
cheap_PR,3834,1,1
cheap_PR,3835,1,1
cheap_PR,3836,1,1
cheap_PR,3837,1,1
cheap_PR,3838,-1,-1
cheap_PR,3839,-1,-1
cheap_PR,3840,1,1
cheap_PR,3841,1,1
cheap_PR,3842,1,1
cheap_PR,3843,1,1
cheap_PR,3844,1,1
cheap_PR,3845,-1,-1
cheap_PR,3846,1,1
cheap_PR,3847,1,1
cheap_PR,3848,-1,-1
cheap_PR,3849,1,1
cheap_PR,3850,1,1
cheap_PR,3851,1,1
cheap_PR,3852,-1,-1
cheap_PR,3853,1,1
cheap_PR,3854,1,1
cheap_PR,3855,1,1
cheap_PR,3856,1,1
cheap_PR,3857,1,1
cheap_PR,3858,1,1
cheap_PR,3859,1,1
cheap_PR,3860,1,1
cheap_PR,3861,1,1
cheap_PR,3862,-1,-1
cheap_PR,3863,1,1
cheap_PR,3864,1,1
cheap_PR,3865,1,1
cheap_PR,3866,1,1
cheap_PR,3867,1,1
cheap_PR,3868,1,1
cheap_PR,3869,1,1
cheap_PR,3870,-1,-1
cheap_PR,3871,1,1
cheap_PR,3872,1,1
cheap_PR,3873,1,1
cheap_PR,3874,1,1
cheap_PR,3875,1,1
cheap_PR,3876,1,1
cheap_PR,3877,1,1
cheap_PR,3878,-1,-1
cheap_PR,3879,1,1
cheap_PR,3880,1,1
cheap_PR,3881,1,1
cheap_PR,3882,1,1
cheap_PR,3883,1,1
cheap_PR,3884,1,1
cheap_PR,3885,1,1
cheap_PR,3886,1,1
cheap_PR,3887,1,1
cheap_PR,3888,1,1
cheap_PR,3889,1,1
cheap_PR,3890,1,1
cheap_PR,3891,1,1
cheap_PR,3892,1,1
cheap_PR,3893,1,1
cheap_PR,3894,1,1
cheap_PR,3895,1,1
cheap_PR,3896,1,1
cheap_PR,3897,1,1
cheap_PR,3898,1,1
cheap_PR,3899,1,1
cheap_PR,3900,1,1
cheap_PR,3901,1,1
cheap_PR,3902,1,1
cheap_PR,3903,1,1
cheap_PR,3904,1,1
cheap_PR,3905,1,1
cheap_PR,3906,1,1
cheap_PR,3907,1,1
cheap_PR,3908,1,1
cheap_PR,3909,1,1
cheap_PR,3910,1,1
cheap_PR,3911,1,1
cheap_PR,3912,-1,-1
cheap_PR,3913,1,1
cheap_PR,3914,1,1
cheap_PR,3915,1,1
cheap_PR,3916,-1,-1
cheap_PR,3917,1,1
cheap_PR,3918,1,1
cheap_PR,3919,1,1
cheap_PR,3920,1,1
cheap_PR,3921,1,1
cheap_PR,3922,1,1
cheap_PR,3923,1,1
cheap_PR,3924,1,1
cheap_PR,3925,1,1
cheap_PR,3926,-1,-1
cheap_PR,3927,1,1
cheap_PR,3928,1,1
cheap_PR,3929,1,1
cheap_PR,3930,1,1
cheap_PR,3931,1,1
cheap_PR,3932,1,1
cheap_PR,3933,1,1
cheap_PR,3934,1,1
cheap_PR,3935,1,1
cheap_PR,3936,1,1
cheap_PR,3937,1,1
cheap_PR,3938,1,1
cheap_PR,3939,1,1
cheap_PR,3940,1,1
cheap_PR,3941,1,1
cheap_PR,3942,-1,-1
cheap_PR,3943,1,1
cheap_PR,3944,-1,-1
cheap_PR,3945,1,1
cheap_PR,3946,1,1
cheap_PR,3947,1,1
cheap_PR,3948,1,1
cheap_PR,3949,1,1
cheap_PR,3950,1,1
cheap_PR,3951,1,1
cheap_PR,3952,1,1
cheap_PR,3953,1,1
cheap_PR,3954,-1,-1
cheap_PR,3955,1,1
cheap_PR,3956,-1,-1
cheap_PR,3957,1,1
cheap_PR,3958,1,1
cheap_PR,3959,1,1
cheap_PR,3960,1,1
cheap_PR,3961,1,1
cheap_PR,3962,1,1
cheap_PR,3963,1,1
cheap_PR,3964,1,1
cheap_PR,3965,1,1
cheap_PR,3966,-1,-1
cheap_PR,3967,1,1
cheap_PR,3968,-1,-1
cheap_PR,3969,1,1
cheap_PR,3970,1,1
cheap_PR,3971,1,1
cheap_PR,3972,1,1
cheap_PR,3973,1,1
cheap_PR,3974,-1,-1
cheap_PR,3975,1,1
cheap_PR,3976,1,1
cheap_PR,3977,1,1
cheap_PR,3978,1,1
cheap_PR,3979,-1,-1
cheap_PR,3980,1,1
cheap_PR,3981,1,1
cheap_PR,3982,1,1
cheap_PR,3983,1,1
cheap_PR,3984,1,1
cheap_PR,3985,-1,-1
cheap_PR,3986,1,1
cheap_PR,3987,-1,-1
cheap_PR,3988,1,1
cheap_PR,3989,-1,-1
cheap_PR,3990,-1,-1
cheap_PR,3991,1,1
cheap_PR,3992,1,1
cheap_PR,3993,1,1
cheap_PR,3994,1,1
cheap_PR,3995,1,1
cheap_PR,3996,1,1
cheap_PR,3997,1,1
cheap_PR,3998,1,1
cheap_PR,3999,1,1
cheap_PR,4000,1,1
cheap_PR,4001,1,1
cheap_PR,4002,1,1
cheap_PR,4003,1,1
cheap_PR,4004,1,1
cheap_PR,4005,1,1
cheap_PR,4006,1,1
cheap_PR,4007,1,1
cheap_PR,4008,1,1
cheap_PR,4009,1,1
cheap_PR,4010,1,1
cheap_PR,4011,1,1
cheap_PR,4012,1,1
cheap_PR,4013,1,1
cheap_PR,4014,1,1
cheap_PR,4015,1,1
cheap_PR,4016,1,1
cheap_PR,4017,1,1
cheap_PR,4018,1,1
cheap_PR,4019,1,1
cheap_PR,4020,1,1
cheap_PR,4021,1,1
cheap_PR,4022,1,1
cheap_PR,4023,1,1
cheap_PR,4024,-1,-1
cheap_PR,4025,1,1
cheap_PR,4026,1,1
cheap_PR,4027,1,1
cheap_PR,4028,1,1
cheap_PR,4029,1,1
cheap_PR,4030,-1,-1
cheap_PR,4031,1,1
cheap_PR,4032,1,1
cheap_PR,4033,1,1
cheap_PR,4034,1,1
cheap_PR,4035,1,1
cheap_PR,4036,1,1
cheap_PR,4037,1,1
cheap_PR,4038,1,1
cheap_PR,4039,1,1
cheap_PR,4040,1,1
cheap_PR,4041,1,1
cheap_PR,4042,1,1
cheap_PR,4043,1,1
cheap_PR,4044,1,1
cheap_PR,4045,1,1
cheap_PR,4046,1,1
cheap_PR,4047,1,1
cheap_PR,4048,1,1
cheap_PR,4049,1,1
cheap_PR,4050,1,1
cheap_PR,4051,1,1
cheap_PR,4052,1,1
cheap_PR,4053,1,1
cheap_PR,4054,1,1
cheap_PR,4055,1,1
cheap_PR,4056,1,1
cheap_PR,4057,1,1
cheap_PR,4058,-1,-1
cheap_PR,4059,1,1
cheap_PR,4060,1,1
cheap_PR,4061,1,1
cheap_PR,4062,1,1
cheap_PR,4063,1,1
cheap_PR,4064,-1,-1
cheap_PR,4065,1,1
cheap_PR,4066,1,1
cheap_PR,4067,1,1
cheap_PR,4068,1,1
cheap_PR,4069,1,1
cheap_PR,4070,1,1
cheap_PR,4071,1,1
cheap_PR,4072,1,1
cheap_PR,4073,1,1
cheap_PR,4074,1,1
cheap_PR,4075,1,1
cheap_PR,4076,1,1
cheap_PR,4077,1,1
cheap_PR,4078,1,1
cheap_PR,4079,1,1
cheap_PR,4080,1,1
cheap_PR,4081,1,1
cheap_PR,4082,1,1
cheap_PR,4083,-1,-1
cheap_PR,4084,1,1
cheap_PR,4085,-1,-1
cheap_PR,4086,1,1
cheap_PR,4087,1,1
cheap_PR,4088,1,1
cheap_PR,4089,1,1
cheap_PR,4090,1,1
cheap_PR,4091,1,1
cheap_PR,4092,-1,-1
cheap_PR,4093,1,1
cheap_PR,4094,1,1
cheap_PR,4095,1,1
cheap_PR,4096,1,1
cheap_PR,4097,1,1
cheap_PR,4098,1,1
cheap_PR,4099,1,1
cheap_PR,4100,1,1
cheap_PR,4101,1,1
cheap_PR,4102,-1,-1
cheap_PR,4103,1,1
cheap_PR,4104,1,1
cheap_PR,4105,-1,-1
cheap_PR,4106,1,1
cheap_PR,4107,1,1
cheap_PR,4108,1,1
cheap_PR,4109,1,1
cheap_PR,4110,1,1
cheap_PR,4111,1,1
cheap_PR,4112,1,1
cheap_PR,4113,1,1
cheap_PR,4114,1,1
cheap_PR,4115,1,1
cheap_PR,4116,1,1
cheap_PR,4117,1,1
cheap_PR,4118,1,1
cheap_PR,4119,1,1
cheap_PR,4120,1,1
cheap_PR,4121,1,1
cheap_PR,4122,1,1
cheap_PR,4123,1,1
cheap_PR,4124,1,1
cheap_PR,4125,1,1
cheap_PR,4126,1,1
cheap_PR,4127,1,1
cheap_PR,4128,1,1
cheap_PR,4129,1,1
cheap_PR,4130,1,1
cheap_PR,4131,1,1
cheap_PR,4132,1,1
cheap_PR,4133,1,1
cheap_PR,4134,-1,-1
cheap_PR,4135,1,1
cheap_PR,4136,-1,-1
cheap_PR,4137,1,1
cheap_PR,4138,1,1
cheap_PR,4139,1,1
cheap_PR,4140,1,1
cheap_PR,4141,1,1
cheap_PR,4142,1,1
cheap_PR,4143,1,1
cheap_PR,4144,1,1
cheap_PR,4145,1,1
cheap_PR,4146,1,1
cheap_PR,4147,1,1
cheap_PR,4148,1,1
cheap_PR,4149,1,1
cheap_PR,4150,1,1
cheap_PR,4151,1,1
cheap_PR,4152,1,1
cheap_PR,4153,-1,-1
cheap_PR,4154,1,1
cheap_PR,4155,1,1
cheap_PR,4156,1,1
cheap_PR,4157,1,1
cheap_PR,4158,1,1
cheap_PR,4159,1,1
cheap_PR,4160,1,1
cheap_PR,4161,1,1
cheap_PR,4162,1,1
cheap_PR,4163,1,1
cheap_PR,4164,1,1
cheap_PR,4165,-1,-1
cheap_PR,4166,1,1
cheap_PR,4167,1,1
cheap_PR,4168,1,1
cheap_PR,4169,1,1
cheap_PR,4170,-1,-1
cheap_PR,4171,1,1
cheap_PR,4172,1,1
cheap_PR,4173,1,1
cheap_PR,4174,1,1
cheap_PR,4175,1,1
cheap_PR,4176,-1,-1
cheap_PR,4177,1,1
cheap_PR,4178,1,1
cheap_PR,4179,1,1
cheap_PR,4180,1,1
cheap_PR,4181,-1,-1
cheap_PR,4182,1,1
cheap_PR,4183,1,1
cheap_PR,4184,1,1
cheap_PR,4185,1,1
cheap_PR,4186,1,1
cheap_PR,4187,1,1
cheap_PR,4188,1,1
cheap_PR,4189,1,1
cheap_PR,4190,1,1
cheap_PR,4191,1,1
cheap_PR,4192,1,1
cheap_PR,4193,1,1
cheap_PR,4194,1,1
cheap_PR,4195,1,1
cheap_PR,4196,1,1
cheap_PR,4197,1,1
cheap_PR,4198,1,1
cheap_PR,4199,1,1
cheap_PR,4200,1,1
cheap_PR,4201,1,1
cheap_PR,4202,1,1
cheap_PR,4203,1,1
cheap_PR,4204,1,1
cheap_PR,4205,1,1
cheap_PR,4206,-1,-1
cheap_PR,4207,1,1
cheap_PR,4208,1,1
cheap_PR,4209,1,1
cheap_PR,4210,1,1
cheap_PR,4211,1,1
cheap_PR,4212,1,1
cheap_PR,4213,1,1
cheap_PR,4214,1,1
cheap_PR,4215,-1,-1
cheap_PR,4216,1,1
cheap_PR,4217,1,1
cheap_PR,4218,1,1
cheap_PR,4219,1,1
cheap_PR,4220,1,1
cheap_PR,4221,-1,-1
cheap_PR,4222,1,1
cheap_PR,4223,1,1
cheap_PR,4224,1,1
cheap_PR,4225,1,1
cheap_PR,4226,-1,-1
cheap_PR,4227,-1,-1
cheap_PR,4228,1,1
cheap_PR,4229,1,1
cheap_PR,4230,1,1
cheap_PR,4231,1,1
cheap_PR,4232,1,1
cheap_PR,4233,1,1
cheap_PR,4234,-1,-1
cheap_PR,4235,1,1
cheap_PR,4236,1,1
cheap_PR,4237,1,1
cheap_PR,4238,1,1
cheap_PR,4239,1,1
cheap_PR,4240,1,1
cheap_PR,4241,1,1
cheap_PR,4242,1,1
cheap_PR,4243,1,1
cheap_PR,4244,1,1
cheap_PR,4245,1,1
cheap_PR,4246,-1,-1
cheap_PR,4247,-1,-1
cheap_PR,4248,1,1
cheap_PR,4249,1,1
cheap_PR,4250,1,1
cheap_PR,4251,1,1
cheap_PR,4252,1,1
cheap_PR,4253,1,1
cheap_PR,4254,1,1
cheap_PR,4255,1,1
cheap_PR,4256,1,1
cheap_PR,4257,1,1
cheap_PR,4258,-1,-1
cheap_PR,4259,1,1
cheap_PR,4260,1,1
cheap_PR,4261,1,1
cheap_PR,4262,1,1
cheap_PR,4263,1,1
cheap_PR,4264,1,1
cheap_PR,4265,1,1
cheap_PR,4266,1,1
cheap_PR,4267,1,1
cheap_PR,4268,1,1
cheap_PR,4269,1,1
cheap_PR,4270,1,1
cheap_PR,4271,1,1
cheap_PR,4272,-1,-1
cheap_PR,4273,1,1
cheap_PR,4274,1,1
cheap_PR,4275,1,1
cheap_PR,4276,1,1
cheap_PR,4277,1,1
cheap_PR,4278,1,1
cheap_PR,4279,1,1
cheap_PR,4280,1,1
cheap_PR,4281,1,1
cheap_PR,4282,1,1
cheap_PR,4283,1,1
cheap_PR,4284,1,1
cheap_PR,4285,1,1
cheap_PR,4286,1,1
cheap_PR,4287,1,1
cheap_PR,4288,1,1
cheap_PR,4289,1,1
cheap_PR,4290,1,1
cheap_PR,4291,1,1
cheap_PR,4292,1,1
cheap_PR,4293,1,1
cheap_PR,4294,1,1
cheap_PR,4295,1,1
cheap_PR,4296,1,1
cheap_PR,4297,1,1
cheap_PR,4298,1,1
cheap_PR,4299,1,1
cheap_PR,4300,1,1
cheap_PR,4301,1,1
cheap_PR,4302,1,1
cheap_PR,4303,1,1
cheap_PR,4304,1,1
cheap_PR,4305,1,1
cheap_PR,4306,-1,-1
cheap_PR,4307,1,1
cheap_PR,4308,1,1
cheap_PR,4309,1,1
cheap_PR,4310,1,1
cheap_PR,4311,1,1
cheap_PR,4312,1,1
cheap_PR,4313,1,1
cheap_PR,4314,1,1
cheap_PR,4315,1,1
cheap_PR,4316,1,1
cheap_PR,4317,-1,-1
cheap_PR,4318,1,1
cheap_PR,4319,1,1
cheap_PR,4320,1,1
cheap_PR,4321,1,1
cheap_PR,4322,1,1
cheap_PR,4323,1,1
cheap_PR,4324,1,1
cheap_PR,4325,1,1
cheap_PR,4326,1,1
cheap_PR,4327,1,1
cheap_PR,4328,1,1
cheap_PR,4329,1,1
cheap_PR,4330,1,1
cheap_PR,4331,1,1
cheap_PR,4332,1,1
cheap_PR,4333,1,1
cheap_PR,4334,1,1
cheap_PR,4335,1,1
cheap_PR,4336,1,1
cheap_PR,4337,1,1
cheap_PR,4338,1,1
cheap_PR,4339,1,1
cheap_PR,4340,1,1
cheap_PR,4341,1,1
cheap_PR,4342,1,1
cheap_PR,4343,1,1
cheap_PR,4344,1,1
cheap_PR,4345,-1,-1
cheap_PR,4346,1,1
cheap_PR,4347,1,1
cheap_PR,4348,1,1
cheap_PR,4349,1,1
cheap_PR,4350,1,1
cheap_PR,4351,1,1
cheap_PR,4352,1,1
cheap_PR,4353,1,1
cheap_PR,4354,1,1
cheap_PR,4355,1,1
cheap_PR,4356,1,1
cheap_PR,4357,1,1
cheap_PR,4358,1,1
cheap_PR,4359,1,1
cheap_PR,4360,1,1
cheap_PR,4361,1,1
cheap_PR,4362,1,1
cheap_PR,4363,1,1
cheap_PR,4364,1,1
cheap_PR,4365,-1,-1
cheap_PR,4366,-1,-1
cheap_PR,4367,1,1
cheap_PR,4368,1,1
cheap_PR,4369,1,1
cheap_PR,4370,1,1
cheap_PR,4371,1,1
cheap_PR,4372,1,1
cheap_PR,4373,-1,-1
cheap_PR,4374,1,1
cheap_PR,4375,1,1
cheap_PR,4376,-1,-1
cheap_PR,4377,1,1
cheap_PR,4378,1,1
cheap_PR,4379,1,1
cheap_PR,4380,1,1
cheap_PR,4381,1,1
cheap_PR,4382,-1,-1
cheap_PR,4383,1,1
cheap_PR,4384,1,1
cheap_PR,4385,1,1
cheap_PR,4386,1,1
cheap_PR,4387,1,1
cheap_PR,4388,1,1
cheap_PR,4389,1,1
cheap_PR,4390,1,1
cheap_PR,4391,1,1
cheap_PR,4392,1,1
cheap_PR,4393,1,1
cheap_PR,4394,1,1
cheap_PR,4395,1,1
cheap_PR,4396,1,1
cheap_PR,4397,1,1
cheap_PR,4398,1,1
cheap_PR,4399,1,1
cheap_PR,4400,1,1
cheap_PR,4401,1,1
cheap_PR,4402,1,1
cheap_PR,4403,1,1
cheap_PR,4404,1,1
cheap_PR,4405,1,1
cheap_PR,4406,1,1
cheap_PR,4407,1,1
cheap_PR,4408,-1,-1
cheap_PR,4409,1,1
cheap_PR,4410,1,1
cheap_PR,4411,1,1
cheap_PR,4412,1,1
cheap_PR,4413,1,1
cheap_PR,4414,1,1
cheap_PR,4415,-1,-1
cheap_PR,4416,1,1
cheap_PR,4417,1,1
cheap_PR,4418,1,1
cheap_PR,4419,1,1
cheap_PR,4420,1,1
cheap_PR,4421,1,1
cheap_PR,4422,-1,-1
cheap_PR,4423,1,1
cheap_PR,4424,1,1
cheap_PR,4425,1,1
cheap_PR,4426,1,1
cheap_PR,4427,1,1
cheap_PR,4428,1,1
cheap_PR,4429,1,1
cheap_PR,4430,1,1
cheap_PR,4431,1,1
cheap_PR,4432,1,1
cheap_PR,4433,1,1
cheap_PR,4434,1,1
cheap_PR,4435,1,1
cheap_PR,4436,-1,1
cheap_PR,4437,1,1
cheap_PR,4438,1,1
cheap_PR,4439,-1,-1
cheap_PR,4440,1,1
cheap_PR,4441,1,1
cheap_PR,4442,1,1
cheap_PR,4443,1,1
cheap_PR,4444,1,1
cheap_PR,4445,1,1
cheap_PR,4446,1,1
cheap_PR,4447,-1,-1
cheap_PR,4448,1,1
cheap_PR,4449,1,1
cheap_PR,4450,1,1
cheap_PR,4451,1,1
cheap_PR,4452,1,1
cheap_PR,4453,1,1
cheap_PR,4454,1,1
cheap_PR,4455,1,1
cheap_PR,4456,1,1
cheap_PR,4457,1,1
cheap_PR,4458,1,1
cheap_PR,4459,1,1
cheap_PR,4460,1,1
cheap_PR,4461,1,1
cheap_PR,4462,1,1
cheap_PR,4463,1,1
cheap_PR,4464,1,1
cheap_PR,4465,1,1
cheap_PR,4466,1,1
cheap_PR,4467,1,1
cheap_PR,4468,1,1
cheap_PR,4469,1,1
cheap_PR,4470,1,1
cheap_PR,4471,1,1
cheap_PR,4472,1,1
cheap_PR,4473,1,1
cheap_PR,4474,1,1
cheap_PR,4475,1,1
cheap_PR,4476,1,1
cheap_PR,4477,1,1
cheap_PR,4478,1,1
cheap_PR,4479,1,1
cheap_PR,4480,1,1
cheap_PR,4481,1,1
cheap_PR,4482,1,1
cheap_PR,4483,1,1
cheap_PR,4484,-1,-1
cheap_PR,4485,1,1
cheap_PR,4486,1,1
cheap_PR,4487,-1,-1
cheap_PR,4488,1,1
cheap_PR,4489,1,1
cheap_PR,4490,1,1
cheap_PR,4491,1,1
cheap_PR,4492,-1,-1
cheap_PR,4493,1,1
cheap_PR,4494,1,1
cheap_PR,4495,1,1
cheap_PR,4496,1,1
cheap_PR,4497,1,1
cheap_PR,4498,1,1
cheap_PR,4499,1,1
cheap_PR,4500,1,1
cheap_PR,4501,1,1
cheap_PR,4502,1,1
cheap_PR,4503,-1,-1
cheap_PR,4504,1,1
cheap_PR,4505,1,1
cheap_PR,4506,1,1
cheap_PR,4507,-1,-1
cheap_PR,4508,1,1
cheap_PR,4509,1,1
cheap_PR,4510,-1,-1
cheap_PR,4511,1,1
cheap_PR,4512,1,1
cheap_PR,4513,1,1
cheap_PR,4514,-1,-1
cheap_PR,4515,1,1
cheap_PR,4516,1,1
cheap_PR,4517,1,1
cheap_PR,4518,1,1
cheap_PR,4519,1,1
cheap_PR,4520,1,1
cheap_PR,4521,1,1
cheap_PR,4522,1,1
cheap_PR,4523,-1,1
cheap_PR,4524,1,1
cheap_PR,4525,1,1
cheap_PR,4526,1,1
cheap_PR,4527,1,1
cheap_PR,4528,-1,-1
cheap_PR,4529,1,1
cheap_PR,4530,1,1
cheap_PR,4531,1,1
cheap_PR,4532,1,1
cheap_PR,4533,1,1
cheap_PR,4534,1,1
cheap_PR,4535,1,1
cheap_PR,4536,1,1
cheap_PR,4537,1,1
cheap_PR,4538,1,1
cheap_PR,4539,1,1
cheap_PR,4540,1,1
cheap_PR,4541,1,1
cheap_PR,4542,1,1
cheap_PR,4543,1,1
cheap_PR,4544,1,1
cheap_PR,4545,1,1
cheap_PR,4546,1,1
cheap_PR,4547,1,1
cheap_PR,4548,1,1
cheap_PR,4549,1,1
cheap_PR,4550,-1,-1
cheap_PR,4551,1,1
cheap_PR,4552,1,1
cheap_PR,4553,1,1
cheap_PR,4554,1,1
cheap_PR,4555,1,1
cheap_PR,4556,1,1
cheap_PR,4557,1,1
cheap_PR,4558,1,1
cheap_PR,4559,1,1
cheap_PR,4560,1,1
cheap_PR,4561,1,1
cheap_PR,4562,1,1
cheap_PR,4563,1,1
cheap_PR,4564,1,1
cheap_PR,4565,1,1
cheap_PR,4566,1,1
cheap_PR,4567,1,1
cheap_PR,4568,1,1
cheap_PR,4569,1,1
cheap_PR,4570,1,1
cheap_PR,4571,1,1
cheap_PR,4572,1,1
cheap_PR,4573,1,1
cheap_PR,4574,1,1
cheap_PR,4575,1,1
cheap_PR,4576,1,1
cheap_PR,4577,1,1
cheap_PR,4578,1,1
cheap_PR,4579,1,1
cheap_PR,4580,1,1
cheap_PR,4581,-1,-1
cheap_PR,4582,1,1
cheap_PR,4583,1,1
cheap_PR,4584,1,1
cheap_PR,4585,1,1
cheap_PR,4586,1,1
cheap_PR,4587,1,1
cheap_PR,4588,-1,-1
cheap_PR,4589,1,1
cheap_PR,4590,1,1
cheap_PR,4591,1,1
cheap_PR,4592,1,1
cheap_PR,4593,1,1
cheap_PR,4594,1,1
cheap_PR,4595,1,1
cheap_PR,4596,1,1
cheap_PR,4597,1,1
cheap_PR,4598,1,1
cheap_PR,4599,1,1
cheap_PR,4600,1,1
cheap_PR,4601,1,1
cheap_PR,4602,1,1
cheap_PR,4603,1,1
cheap_PR,4604,1,1
cheap_PR,4605,1,1
cheap_PR,4606,1,1
cheap_PR,4607,1,1
cheap_PR,4608,1,1
cheap_PR,4609,1,1
cheap_PR,4610,1,1
cheap_PR,4611,1,1
cheap_PR,4612,1,1
cheap_PR,4613,1,1
cheap_PR,4614,1,1
cheap_PR,4615,1,1
cheap_PR,4616,-1,-1
cheap_PR,4617,1,1
cheap_PR,4618,1,1
cheap_PR,4619,1,1
cheap_PR,4620,-1,-1
cheap_PR,4621,1,1
cheap_PR,4622,1,1
cheap_PR,4623,1,1
cheap_PR,4624,1,1
cheap_PR,4625,1,1
cheap_PR,4626,1,1
cheap_PR,4627,1,1
cheap_PR,4628,1,1
cheap_PR,4629,1,1
cheap_PR,4630,1,1
cheap_PR,4631,1,1
cheap_PR,4632,1,1
cheap_PR,4633,1,1
cheap_PR,4634,1,1
cheap_PR,4635,1,1
cheap_PR,4636,1,1
cheap_PR,4637,1,1
cheap_PR,4638,1,1
cheap_PR,4639,1,1
cheap_PR,4640,-1,-1
cheap_PR,4641,1,1
cheap_PR,4642,1,1
cheap_PR,4643,1,1
cheap_PR,4644,1,1
cheap_PR,4645,1,1
cheap_PR,4646,1,1
cheap_PR,4647,1,1
cheap_PR,4648,-1,-1
cheap_PR,4649,1,1
cheap_PR,4650,1,1
cheap_PR,4651,1,1
cheap_PR,4652,1,1
cheap_PR,4653,1,1
cheap_PR,4654,1,1
cheap_PR,4655,1,1
cheap_PR,4656,1,1
cheap_PR,4657,1,1
cheap_PR,4658,-1,-1
cheap_PR,4659,1,1
cheap_PR,4660,1,1
cheap_PR,4661,1,1
cheap_PR,4662,1,1
cheap_PR,4663,1,1
cheap_PR,4664,1,1
cheap_PR,4665,-1,-1
cheap_PR,4666,1,1
cheap_PR,4667,1,1
cheap_PR,4668,1,1
cheap_PR,4669,-1,-1
cheap_PR,4670,1,1
cheap_PR,4671,1,1
cheap_PR,4672,-1,-1
cheap_PR,4673,1,1
cheap_PR,4674,1,1
cheap_PR,4675,1,1
cheap_PR,4676,-1,-1
cheap_PR,4677,1,1
cheap_PR,4678,1,1
cheap_PR,4679,1,1
cheap_PR,4680,1,1
cheap_PR,4681,1,1
cheap_PR,4682,1,1
cheap_PR,4683,-1,1
cheap_PR,4684,1,1
cheap_PR,4685,1,1
cheap_PR,4686,1,1
cheap_PR,4687,-1,-1
cheap_PR,4688,1,1
cheap_PR,4689,1,1
cheap_PR,4690,-1,1
cheap_PR,4691,1,1
cheap_PR,4692,1,1
cheap_PR,4693,1,1
cheap_PR,4694,1,1
cheap_PR,4695,1,1
cheap_PR,4696,1,1
cheap_PR,4697,1,1
cheap_PR,4698,1,1
cheap_PR,4699,1,1
cheap_PR,4700,1,1
cheap_PR,4701,1,1
cheap_PR,4702,1,1
cheap_PR,4703,1,1
cheap_PR,4704,1,1
cheap_PR,4705,1,1
cheap_PR,4706,1,1
cheap_PR,4707,1,1
cheap_PR,4708,1,1
cheap_PR,4709,1,1
cheap_PR,4710,1,1
cheap_PR,4711,1,1
cheap_PR,4712,1,1
cheap_PR,4713,1,1
cheap_PR,4714,1,1
cheap_PR,4715,1,1
cheap_PR,4716,1,1
cheap_PR,4717,1,1
cheap_PR,4718,1,1
cheap_PR,4719,1,1
cheap_PR,4720,1,1
cheap_PR,4721,1,1
cheap_PR,4722,1,1
cheap_PR,4723,1,1
cheap_PR,4724,1,1
cheap_PR,4725,1,1
cheap_PR,4726,1,1
cheap_PR,4727,1,1
cheap_PR,4728,1,1
cheap_PR,4729,1,1
cheap_PR,4730,1,1
cheap_PR,4731,1,1
cheap_PR,4732,1,1
cheap_PR,4733,1,1
cheap_PR,4734,1,1
cheap_PR,4735,1,1
cheap_PR,4736,1,1
cheap_PR,4737,1,1
cheap_PR,4738,1,1
cheap_PR,4739,1,1
cheap_PR,4740,1,1
cheap_PR,4741,-1,-1
cheap_PR,4742,1,1
cheap_PR,4743,1,1
cheap_PR,4744,1,1
cheap_PR,4745,1,1
cheap_PR,4746,-1,-1
cheap_PR,4747,-1,-1
cheap_PR,4748,1,1
cheap_PR,4749,1,1
cheap_PR,4750,-1,-1
cheap_PR,4751,1,1
cheap_PR,4752,1,1
cheap_PR,4753,-1,-1
cheap_PR,4754,1,1
cheap_PR,4755,1,1
cheap_PR,4756,1,1
cheap_PR,4757,-1,-1
cheap_PR,4758,1,1
cheap_PR,4759,1,1
cheap_PR,4760,1,1
cheap_PR,4761,1,1
cheap_PR,4762,1,1
cheap_PR,4763,1,1
cheap_PR,4764,1,1
cheap_PR,4765,-1,-1
cheap_PR,4766,1,1
cheap_PR,4767,1,1
cheap_PR,4768,1,1
cheap_PR,4769,1,1
cheap_PR,4770,1,1
cheap_PR,4771,1,1
cheap_PR,4772,1,1
cheap_PR,4773,1,1
cheap_PR,4774,1,1
cheap_PR,4775,1,1
cheap_PR,4776,1,1
cheap_PR,4777,1,1
cheap_PR,4778,1,1
cheap_PR,4779,1,1
cheap_PR,4780,1,1
cheap_PR,4781,1,1
cheap_PR,4782,1,1
cheap_PR,4783,1,1
cheap_PR,4784,1,1
cheap_PR,4785,1,1
cheap_PR,4786,1,1
cheap_PR,4787,1,1
cheap_PR,4788,1,1
cheap_PR,4789,1,1
cheap_PR,4790,1,1
cheap_PR,4791,1,1
cheap_PR,4792,1,1
cheap_PR,4793,1,1
cheap_PR,4794,1,1
cheap_PR,4795,1,1
cheap_PR,4796,1,1
cheap_PR,4797,1,1
cheap_PR,4798,1,1
cheap_PR,4799,1,1
cheap_PR,4800,-1,-1
cheap_PR,4801,-1,-1
cheap_PR,4802,1,1
cheap_PR,4803,1,1
cheap_PR,4804,1,1
cheap_PR,4805,1,1
cheap_PR,4806,1,1
cheap_PR,4807,1,1
cheap_PR,4808,-1,-1
cheap_PR,4809,1,1
cheap_PR,4810,1,1
cheap_PR,4811,1,1
cheap_PR,4812,1,1
cheap_PR,4813,1,1
cheap_PR,4814,1,1
cheap_PR,4815,1,1
cheap_PR,4816,1,1
cheap_PR,4817,1,1
cheap_PR,4818,1,1
cheap_PR,4819,1,1
cheap_PR,4820,1,1
cheap_PR,4821,1,1
cheap_PR,4822,1,1
cheap_PR,4823,-1,-1
cheap_PR,4824,1,1
cheap_PR,4825,1,1
cheap_PR,4826,1,1
cheap_PR,4827,1,1
cheap_PR,4828,1,1
cheap_PR,4829,1,1
cheap_PR,4830,1,1
cheap_PR,4831,1,1
cheap_PR,4832,1,1
cheap_PR,4833,1,1
cheap_PR,4834,1,1
cheap_PR,4835,1,1
cheap_PR,4836,1,1
cheap_PR,4837,-1,-1
cheap_PR,4838,1,1
cheap_PR,4839,1,1
cheap_PR,4840,1,1
cheap_PR,4841,-1,-1
cheap_PR,4842,1,1
cheap_PR,4843,1,1
cheap_PR,4844,1,1
cheap_PR,4845,1,1
cheap_PR,4846,1,1
cheap_PR,4847,-1,-1
cheap_PR,4848,1,1
cheap_PR,4849,1,1
cheap_PR,4850,1,1
cheap_PR,4851,1,1
cheap_PR,4852,1,1
cheap_PR,4853,1,1
cheap_PR,4854,1,1
cheap_PR,4855,1,1
cheap_PR,4856,1,1
cheap_PR,4857,1,1
cheap_PR,4858,1,1
cheap_PR,4859,1,1
cheap_PR,4860,1,1
cheap_PR,4861,-1,-1
cheap_PR,4862,1,1
cheap_PR,4863,1,1
cheap_PR,4864,1,1
cheap_PR,4865,1,1
cheap_PR,4866,-1,-1
cheap_PR,4867,1,1
cheap_PR,4868,1,1
cheap_PR,4869,1,1
cheap_PR,4870,1,1
cheap_PR,4871,1,1
cheap_PR,4872,1,1
cheap_PR,4873,1,1
cheap_PR,4874,1,1
cheap_PR,4875,1,1
cheap_PR,4876,1,1
cheap_PR,4877,-1,1
cheap_PR,4878,1,1
cheap_PR,4879,1,1
cheap_PR,4880,1,1
cheap_PR,4881,1,1
cheap_PR,4882,1,1
cheap_PR,4883,1,1
cheap_PR,4884,1,1
cheap_PR,4885,1,1
cheap_PR,4886,1,1
cheap_PR,4887,1,1
cheap_PR,4888,-1,-1
cheap_PR,4889,1,1
cheap_PR,4890,1,1
cheap_PR,4891,1,1
cheap_PR,4892,-1,-1
cheap_PR,4893,1,1
cheap_PR,4894,1,1
cheap_PR,4895,1,1
cheap_PR,4896,-1,-1
cheap_PR,4897,1,1
cheap_PR,4898,1,1
cheap_PR,4899,1,1
cheap_PR,4900,-1,-1
cheap_PR,4901,-1,-1
cheap_PR,4902,1,1
cheap_PR,4903,1,1
cheap_PR,4904,1,1
cheap_PR,4905,1,1
cheap_PR,4906,-1,-1
cheap_PR,4907,1,1
cheap_PR,4908,1,1
cheap_PR,4909,1,1
cheap_PR,4910,1,1
cheap_PR,4911,1,1
cheap_PR,4912,-1,-1
cheap_PR,4913,1,1
cheap_PR,4914,1,1
cheap_PR,4915,1,1
cheap_PR,4916,1,1
cheap_PR,4917,1,1
cheap_PR,4918,1,1
cheap_PR,4919,1,1
cheap_PR,4920,1,1
cheap_PR,4921,1,1
cheap_PR,4922,1,1
cheap_PR,4923,1,1
cheap_PR,4924,1,1
cheap_PR,4925,1,1
cheap_PR,4926,1,1
cheap_PR,4927,1,1
cheap_PR,4928,1,1
cheap_PR,4929,1,1
cheap_PR,4930,1,1
cheap_PR,4931,1,1
cheap_PR,4932,1,1
cheap_PR,4933,1,1
cheap_PR,4934,1,1
cheap_PR,4935,-1,-1
cheap_PR,4936,1,1
cheap_PR,4937,1,1
cheap_PR,4938,1,1
cheap_PR,4939,1,1
cheap_PR,4940,1,1
cheap_PR,4941,1,1
cheap_PR,4942,1,1
cheap_PR,4943,-1,-1
cheap_PR,4944,1,1
cheap_PR,4945,1,1
cheap_PR,4946,1,1
cheap_PR,4947,1,1
cheap_PR,4948,-1,-1
cheap_PR,4949,1,1
cheap_PR,4950,1,1
cheap_PR,4951,1,1
cheap_PR,4952,1,1
cheap_PR,4953,1,1
cheap_PR,4954,1,1
cheap_PR,4955,1,1
cheap_PR,4956,1,1
cheap_PR,4957,1,1
cheap_PR,4958,1,1
cheap_PR,4959,1,1
cheap_PR,4960,1,1
cheap_PR,4961,1,1
cheap_PR,4962,1,1
cheap_PR,4963,1,1
cheap_PR,4964,1,1
cheap_PR,4965,1,1
cheap_PR,4966,-1,-1
cheap_PR,4967,1,1
cheap_PR,4968,1,1
cheap_PR,4969,1,1
cheap_PR,4970,1,1
cheap_PR,4971,1,1
cheap_PR,4972,1,1
cheap_PR,4973,1,1
cheap_PR,4974,1,1
cheap_PR,4975,-1,-1
cheap_PR,4976,-1,-1
cheap_PR,4977,1,1
cheap_PR,4978,1,1
cheap_PR,4979,1,1
cheap_PR,4980,1,1
cheap_PR,4981,1,1
cheap_PR,4982,1,1
cheap_PR,4983,1,1
cheap_PR,4984,1,1
cheap_PR,4985,1,1
cheap_PR,4986,1,1
cheap_PR,4987,1,1
cheap_PR,4988,1,1
cheap_PR,4989,-1,-1
cheap_PR,4990,1,1
cheap_PR,4991,1,1
cheap_PR,4992,1,1
cheap_PR,4993,1,1
cheap_PR,4994,1,1
cheap_PR,4995,1,1
cheap_PR,4996,1,1
cheap_PR,4997,1,1
cheap_PR,4998,1,1
cheap_PR,4999,-1,1
cheap_PR,5000,1,1
cheap_PR,5001,1,1
cheap_PR,5002,1,1
cheap_PR,5003,-1,-1
cheap_PR,5004,1,1
cheap_PR,5005,1,1
cheap_PR,5006,-1,-1
cheap_PR,5007,1,1
cheap_PR,5008,-1,-1
cheap_PR,5009,1,1
cheap_PR,5010,1,1
cheap_PR,5011,1,1
cheap_PR,5012,-1,-1
cheap_PR,5013,1,1
cheap_PR,5014,-1,-1
cheap_PR,5015,1,1
cheap_PR,5016,1,1
cheap_PR,5017,1,1
cheap_PR,5018,1,1
cheap_PR,5019,1,1
cheap_PR,5020,1,1
cheap_PR,5021,1,1
cheap_PR,5022,1,1
cheap_PR,5023,1,1
cheap_PR,5024,1,1
cheap_PR,5025,1,1
cheap_PR,5026,1,1
cheap_PR,5027,1,1
cheap_PR,5028,1,1
cheap_PR,5029,1,1
cheap_PR,5030,1,1
cheap_PR,5031,1,1
cheap_PR,5032,1,1
cheap_PR,5033,1,1
cheap_PR,5034,1,1
cheap_PR,5035,1,1
cheap_PR,5036,1,1
cheap_PR,5037,1,1
cheap_PR,5038,1,1
cheap_PR,5039,1,1
cheap_PR,5040,1,1
cheap_PR,5041,1,1
cheap_PR,5042,1,1
cheap_PR,5043,-1,-1
cheap_PR,5044,1,1
cheap_PR,5045,1,1
cheap_PR,5046,1,1
cheap_PR,5047,1,1
cheap_PR,5048,1,1
cheap_PR,5049,1,1
cheap_PR,5050,1,1
cheap_PR,5051,-1,-1
cheap_PR,5052,1,1
cheap_PR,5053,1,1
cheap_PR,5054,1,1
cheap_PR,5055,1,1
cheap_PR,5056,1,1
cheap_PR,5057,1,1
cheap_PR,5058,1,1
cheap_PR,5059,1,1
cheap_PR,5060,1,1
cheap_PR,5061,1,1
cheap_PR,5062,-1,-1
cheap_PR,5063,1,1
cheap_PR,5064,1,1
cheap_PR,5065,1,1
cheap_PR,5066,1,1
cheap_PR,5067,1,1
cheap_PR,5068,1,1
cheap_PR,5069,1,1
cheap_PR,5070,1,1
cheap_PR,5071,1,1
cheap_PR,5072,1,1
cheap_PR,5073,-1,-1
cheap_PR,5074,1,1
cheap_PR,5075,1,1
cheap_PR,5076,1,1
cheap_PR,5077,1,1
cheap_PR,5078,1,1
cheap_PR,5079,1,1
cheap_PR,5080,1,1
cheap_PR,5081,1,1
cheap_PR,5082,1,1
cheap_PR,5083,1,1
cheap_PR,5084,1,1
cheap_PR,5085,1,1
cheap_PR,5086,1,1
cheap_PR,5087,1,1
cheap_PR,5088,1,1
cheap_PR,5089,1,1
cheap_PR,5090,-1,-1
cheap_PR,5091,1,1
cheap_PR,5092,1,1
cheap_PR,5093,-1,-1
cheap_PR,5094,1,1
cheap_PR,5095,1,1
cheap_PR,5096,1,1
cheap_PR,5097,1,1
cheap_PR,5098,1,1
cheap_PR,5099,-1,-1
cheap_PR,5100,1,1
cheap_PR,5101,1,1
cheap_PR,5102,1,1
cheap_PR,5103,-1,-1
cheap_PR,5104,1,1
cheap_PR,5105,1,1
cheap_PR,5106,-1,-1
cheap_PR,5107,1,1
cheap_PR,5108,1,1
cheap_PR,5109,1,1
cheap_PR,5110,1,1
cheap_PR,5111,1,1
cheap_PR,5112,1,1
cheap_PR,5113,1,1
cheap_PR,5114,1,1
cheap_PR,5115,1,1
cheap_PR,5116,1,1
cheap_PR,5117,1,1
cheap_PR,5118,1,1
cheap_PR,5119,-1,-1
cheap_PR,5120,1,1
cheap_PR,5121,1,1
cheap_PR,5122,1,1
cheap_PR,5123,1,1
cheap_PR,5124,1,1
cheap_PR,5125,1,1
cheap_PR,5126,1,1
cheap_PR,5127,1,1
cheap_PR,5128,1,1
cheap_PR,5129,1,1
cheap_PR,5130,1,1
cheap_PR,5131,1,1
cheap_PR,5132,-1,-1
cheap_PR,5133,1,1
cheap_PR,5134,1,1
cheap_PR,5135,1,1
cheap_PR,5136,1,1
cheap_PR,5137,1,1
cheap_PR,5138,1,1
cheap_PR,5139,1,1
cheap_PR,5140,1,1
cheap_PR,5141,1,1
cheap_PR,5142,1,1
cheap_PR,5143,1,1
cheap_PR,5144,1,1
cheap_PR,5145,-1,-1
cheap_PR,5146,1,1
cheap_PR,5147,1,1
cheap_PR,5148,1,1
cheap_PR,5149,1,1
cheap_PR,5150,1,1
cheap_PR,5151,1,1
cheap_PR,5152,1,1
cheap_PR,5153,1,1
cheap_PR,5154,1,1
cheap_PR,5155,1,1
cheap_PR,5156,1,1
cheap_PR,5157,1,1
cheap_PR,5158,1,1
cheap_PR,5159,1,1
cheap_PR,5160,1,1
cheap_PR,5161,-1,-1
cheap_PR,5162,1,1
cheap_PR,5163,1,1
cheap_PR,5164,1,1
cheap_PR,5165,1,1
cheap_PR,5166,1,1
cheap_PR,5167,1,1
cheap_PR,5168,1,1
cheap_PR,5169,-1,-1
cheap_PR,5170,1,1
cheap_PR,5171,1,1
cheap_PR,5172,1,1
cheap_PR,5173,1,1
cheap_PR,5174,1,1
cheap_PR,5175,1,1
cheap_PR,5176,1,1
cheap_PR,5177,1,1
cheap_PR,5178,1,1
cheap_PR,5179,1,1
cheap_PR,5180,1,1
cheap_PR,5181,-1,-1
cheap_PR,5182,1,1
cheap_PR,5183,-1,-1
cheap_PR,5184,1,1
cheap_PR,5185,-1,-1
cheap_PR,5186,1,1
cheap_PR,5187,1,1
cheap_PR,5188,1,1
cheap_PR,5189,1,1
cheap_PR,5190,1,1
cheap_PR,5191,1,1
cheap_PR,5192,1,1
cheap_PR,5193,-1,-1
cheap_PR,5194,1,1
cheap_PR,5195,1,1
cheap_PR,5196,1,1
cheap_PR,5197,1,1
cheap_PR,5198,1,1
cheap_PR,5199,1,1
cheap_PR,5200,-1,-1
cheap_PR,5201,1,1
cheap_PR,5202,1,1
cheap_PR,5203,1,1
cheap_PR,5204,1,1
cheap_PR,5205,1,1
cheap_PR,5206,1,1
cheap_PR,5207,1,1
cheap_PR,5208,1,1
cheap_PR,5209,1,1
cheap_PR,5210,1,1
cheap_PR,5211,1,1
cheap_PR,5212,1,1
cheap_PR,5213,-1,-1
cheap_PR,5214,-1,-1
cheap_PR,5215,1,1
cheap_PR,5216,-1,-1
cheap_PR,5217,1,1
cheap_PR,5218,1,1
cheap_PR,5219,-1,-1
cheap_PR,5220,1,1
cheap_PR,5221,1,1
cheap_PR,5222,1,1
cheap_PR,5223,1,1
cheap_PR,5224,1,1
cheap_PR,5225,1,1
cheap_PR,5226,1,1
cheap_PR,5227,1,1
cheap_PR,5228,1,1
cheap_PR,5229,1,1
cheap_PR,5230,1,1
cheap_PR,5231,1,1
cheap_PR,5232,-1,-1
cheap_PR,5233,1,1
cheap_PR,5234,1,1
cheap_PR,5235,-1,-1
cheap_PR,5236,1,1
cheap_PR,5237,1,1
cheap_PR,5238,1,1
cheap_PR,5239,1,1
cheap_PR,5240,1,1
cheap_PR,5241,1,1
cheap_PR,5242,1,1
cheap_PR,5243,1,1
cheap_PR,5244,-1,-1
cheap_PR,5245,1,1
cheap_PR,5246,1,1
cheap_PR,5247,1,1
cheap_PR,5248,-1,-1
cheap_PR,5249,1,1
cheap_PR,5250,1,1
cheap_PR,5251,1,1
cheap_PR,5252,1,1
cheap_PR,5253,-1,-1
cheap_PR,5254,1,1
cheap_PR,5255,1,1
cheap_PR,5256,1,1
cheap_PR,5257,1,1
cheap_PR,5258,1,1
cheap_PR,5259,-1,-1
cheap_PR,5260,1,1
cheap_PR,5261,1,1
cheap_PR,5262,1,1
cheap_PR,5263,1,1
cheap_PR,5264,1,1
cheap_PR,5265,1,1
cheap_PR,5266,1,1
cheap_PR,5267,1,1
cheap_PR,5268,1,1
cheap_PR,5269,1,1
cheap_PR,5270,1,1
cheap_PR,5271,1,1
cheap_PR,5272,1,1
cheap_PR,5273,1,1
cheap_PR,5274,1,1
cheap_PR,5275,1,1
cheap_PR,5276,1,1
cheap_PR,5277,1,1
cheap_PR,5278,1,1
cheap_PR,5279,-1,-1
cheap_PR,5280,1,1
cheap_PR,5281,1,1
cheap_PR,5282,1,1
cheap_PR,5283,1,1
cheap_PR,5284,-1,-1
cheap_PR,5285,1,1
cheap_PR,5286,1,1
cheap_PR,5287,1,1
cheap_PR,5288,1,1
cheap_PR,5289,1,1
cheap_PR,5290,1,1
cheap_PR,5291,1,1
cheap_PR,5292,1,1
cheap_PR,5293,1,1
cheap_PR,5294,1,1
cheap_PR,5295,1,1
cheap_PR,5296,1,1
cheap_PR,5297,1,1
cheap_PR,5298,1,1
cheap_PR,5299,-1,-1
cheap_PR,5300,1,1
cheap_PR,5301,1,1
cheap_PR,5302,1,1
cheap_PR,5303,1,1
cheap_PR,5304,1,1
cheap_PR,5305,1,1
cheap_PR,5306,1,1
cheap_PR,5307,1,1
cheap_PR,5308,1,1
cheap_PR,5309,1,1
cheap_PR,5310,1,1
cheap_PR,5311,1,1
cheap_PR,5312,1,1
cheap_PR,5313,1,1
cheap_PR,5314,1,1
cheap_PR,5315,1,1
cheap_PR,5316,1,1
cheap_PR,5317,1,1
cheap_PR,5318,1,1
cheap_PR,5319,1,1
cheap_PR,5320,1,1
cheap_PR,5321,1,1
cheap_PR,5322,1,1
cheap_PR,5323,1,1
cheap_PR,5324,1,1
cheap_PR,5325,1,1
cheap_PR,5326,1,1
cheap_PR,5327,1,1
cheap_PR,5328,1,1
cheap_PR,5329,1,1
cheap_PR,5330,1,1
cheap_PR,5331,1,1
cheap_PR,5332,1,1
cheap_PR,5333,1,1
cheap_PR,5334,1,1
cheap_PR,5335,1,1
cheap_PR,5336,1,1
cheap_PR,5337,1,1
cheap_PR,5338,1,1
cheap_PR,5339,-1,-1
cheap_PR,5340,1,1
cheap_PR,5341,1,1
cheap_PR,5342,1,1
cheap_PR,5343,-1,-1
cheap_PR,5344,1,1
cheap_PR,5345,1,1
cheap_PR,5346,1,1
cheap_PR,5347,1,1
cheap_PR,5348,-1,-1
cheap_PR,5349,1,1
cheap_PR,5350,1,1
cheap_PR,5351,1,1
cheap_PR,5352,1,1
cheap_PR,5353,1,1
cheap_PR,5354,1,1
cheap_PR,5355,1,1
cheap_PR,5356,-1,-1
cheap_PR,5357,-1,-1
cheap_PR,5358,-1,-1
cheap_PR,5359,1,1
cheap_PR,5360,1,1
cheap_PR,5361,1,1
cheap_PR,5362,1,1
cheap_PR,5363,1,1
cheap_PR,5364,1,1
cheap_PR,5365,1,1
cheap_PR,5366,1,1
cheap_PR,5367,1,1
cheap_PR,5368,1,1
cheap_PR,5369,1,1
cheap_PR,5370,1,1
cheap_PR,5371,1,1
cheap_PR,5372,-1,-1
cheap_PR,5373,1,1
cheap_PR,5374,1,1
cheap_PR,5375,1,1
cheap_PR,5376,1,1
cheap_PR,5377,-1,-1
cheap_PR,5378,-1,-1
cheap_PR,5379,1,1
cheap_PR,5380,1,1
cheap_PR,5381,1,1
cheap_PR,5382,1,1
cheap_PR,5383,-1,-1
cheap_PR,5384,1,1
cheap_PR,5385,1,1
cheap_PR,5386,1,1
cheap_PR,5387,-1,-1
cheap_PR,5388,1,1
cheap_PR,5389,1,1
cheap_PR,5390,1,1
cheap_PR,5391,1,1
cheap_PR,5392,1,1
cheap_PR,5393,1,1
cheap_PR,5394,1,1
cheap_PR,5395,1,1
cheap_PR,5396,1,1
cheap_PR,5397,1,1
cheap_PR,5398,1,1
cheap_PR,5399,1,1
cheap_PR,5400,-1,-1
cheap_PR,5401,1,1
cheap_PR,5402,1,1
cheap_PR,5403,1,1
cheap_PR,5404,1,1
cheap_PR,5405,1,1
cheap_PR,5406,1,1
cheap_PR,5407,1,1
cheap_PR,5408,1,1
cheap_PR,5409,1,1
cheap_PR,5410,-1,-1
cheap_PR,5411,1,1
cheap_PR,5412,1,1
cheap_PR,5413,1,1
cheap_PR,5414,1,1
cheap_PR,5415,1,1
cheap_PR,5416,1,1
cheap_PR,5417,1,1
cheap_PR,5418,1,1
cheap_PR,5419,1,1
cheap_PR,5420,1,1
cheap_PR,5421,1,1
cheap_PR,5422,1,1
cheap_PR,5423,1,1
cheap_PR,5424,1,1
cheap_PR,5425,1,1
cheap_PR,5426,1,1
cheap_PR,5427,1,1
cheap_PR,5428,1,1
cheap_PR,5429,1,1
cheap_PR,5430,1,1
cheap_PR,5431,-1,-1
cheap_PR,5432,1,1
cheap_PR,5433,1,1
cheap_PR,5434,1,1
cheap_PR,5435,1,1
cheap_PR,5436,1,1
cheap_PR,5437,-1,-1
cheap_PR,5438,1,1
cheap_PR,5439,1,1
cheap_PR,5440,1,1
cheap_PR,5441,1,1
cheap_PR,5442,1,1
cheap_PR,5443,1,1
cheap_PR,5444,1,1
cheap_PR,5445,-1,-1
cheap_PR,5446,1,1
cheap_PR,5447,1,1
cheap_PR,5448,1,1
cheap_PR,5449,1,1
cheap_PR,5450,1,1
cheap_PR,5451,1,1
cheap_PR,5452,1,1
cheap_PR,5453,1,1
cheap_PR,5454,1,1
cheap_PR,5455,1,1
cheap_PR,5456,1,1
cheap_PR,5457,1,1
cheap_PR,5458,1,1
cheap_PR,5459,-1,-1
cheap_PR,5460,1,1
cheap_PR,5461,-1,-1
cheap_PR,5462,1,1
cheap_PR,5463,1,1
cheap_PR,5464,1,1
cheap_PR,5465,1,1
cheap_PR,5466,1,1
cheap_PR,5467,1,1
cheap_PR,5468,1,1
cheap_PR,5469,1,1
cheap_PR,5470,-1,-1
cheap_PR,5471,1,1
cheap_PR,5472,1,1
cheap_PR,5473,1,1
cheap_PR,5474,1,1
cheap_PR,5475,1,1
cheap_PR,5476,-1,-1
cheap_PR,5477,1,1
cheap_PR,5478,1,1
cheap_PR,5479,-1,-1
cheap_PR,5480,1,1
cheap_PR,5481,1,1
cheap_PR,5482,1,1
cheap_PR,5483,1,1
cheap_PR,5484,1,1
cheap_PR,5485,-1,1
cheap_PR,5486,1,1
cheap_PR,5487,1,1
cheap_PR,5488,1,1
cheap_PR,5489,1,1
cheap_PR,5490,1,1
cheap_PR,5491,1,1
cheap_PR,5492,1,1
cheap_PR,5493,1,1
cheap_PR,5494,1,1
cheap_PR,5495,1,1
cheap_PR,5496,1,1
cheap_PR,5497,1,1
cheap_PR,5498,1,1
cheap_PR,5499,1,1
cheap_PR,5500,1,1
cheap_PR,5501,1,1
cheap_PR,5502,1,1
cheap_PR,5503,1,1
cheap_PR,5504,1,1
cheap_PR,5505,1,1
cheap_PR,5506,1,1
cheap_PR,5507,1,1
cheap_PR,5508,-1,-1
cheap_PR,5509,1,1
cheap_PR,5510,1,1
cheap_PR,5511,1,1
cheap_PR,5512,1,1
cheap_PR,5513,1,1
cheap_PR,5514,1,1
cheap_PR,5515,1,1
cheap_PR,5516,1,1
cheap_PR,5517,1,1
cheap_PR,5518,1,1
cheap_PR,5519,1,1
cheap_PR,5520,1,1
cheap_PR,5521,1,1
cheap_PR,5522,1,1
cheap_PR,5523,1,1
cheap_PR,5524,-1,-1
cheap_PR,5525,1,1
cheap_PR,5526,1,1
cheap_PR,5527,-1,-1
cheap_PR,5528,1,1
cheap_PR,5529,1,1
cheap_PR,5530,1,1
cheap_PR,5531,1,1
cheap_PR,5532,1,1
cheap_PR,5533,-1,-1
cheap_PR,5534,1,1
cheap_PR,5535,1,1
cheap_PR,5536,1,1
cheap_PR,5537,1,1
cheap_PR,5538,1,1
cheap_PR,5539,1,1
cheap_PR,5540,1,1
cheap_PR,5541,1,1
cheap_PR,5542,1,1
cheap_PR,5543,1,1
cheap_PR,5544,1,1
cheap_PR,5545,1,1
cheap_PR,5546,1,1
cheap_PR,5547,1,1
cheap_PR,5548,1,1
cheap_PR,5549,1,1
cheap_PR,5550,1,1
cheap_PR,5551,-1,-1
cheap_PR,5552,1,1
cheap_PR,5553,1,1
cheap_PR,5554,1,1
cheap_PR,5555,1,1
cheap_PR,5556,1,1
cheap_PR,5557,1,1
cheap_PR,5558,1,1
cheap_PR,5559,1,1
cheap_PR,5560,1,1
cheap_PR,5561,1,1
cheap_PR,5562,1,1
cheap_PR,5563,1,1
cheap_PR,5564,1,1
cheap_PR,5565,1,1
cheap_PR,5566,1,1
cheap_PR,5567,1,1
cheap_PR,5568,-1,-1
cheap_PR,5569,1,1
cheap_PR,5570,1,1
cheap_PR,5571,1,1
cheap_PR,5572,1,1
cheap_PR,5573,1,1
cheap_PR,5574,1,1
cheap_PR,5575,-1,-1
cheap_PR,5576,1,1
cheap_PR,5577,1,1
cheap_PR,5578,1,1
cheap_PR,5579,1,1
cheap_PR,5580,1,1
cheap_PR,5581,1,1
cheap_PR,5582,1,1
cheap_PR,5583,1,1
cheap_PR,5584,1,1
cheap_PR,5585,1,1
cheap_PR,5586,1,1
cheap_PR,5587,1,1
cheap_PR,5588,1,1
cheap_PR,5589,1,1
cheap_PR,5590,1,1
cheap_PR,5591,1,1
cheap_PR,5592,1,1
cheap_PR,5593,1,1
cheap_PR,5594,1,1
cheap_PR,5595,1,1
cheap_PR,5596,1,1
cheap_PR,5597,1,1
cheap_PR,5598,1,1
cheap_PR,5599,1,1
cheap_PR,5600,1,1
cheap_PR,5601,1,1
cheap_PR,5602,1,1
cheap_PR,5603,1,1
cheap_PR,5604,-1,-1
cheap_PR,5605,1,1
cheap_PR,5606,1,1
cheap_PR,5607,1,1
cheap_PR,5608,1,1
cheap_PR,5609,1,1
cheap_PR,5610,1,1
cheap_PR,5611,1,1
cheap_PR,5612,1,1
cheap_PR,5613,1,1
cheap_PR,5614,1,1
cheap_PR,5615,1,1
cheap_PR,5616,1,1
cheap_PR,5617,1,1
cheap_PR,5618,1,1
cheap_PR,5619,1,1
cheap_PR,5620,1,1
cheap_PR,5621,1,1
cheap_PR,5622,1,1
cheap_PR,5623,1,1
cheap_PR,5624,1,1
cheap_PR,5625,1,1
cheap_PR,5626,1,1
cheap_PR,5627,1,1
cheap_PR,5628,1,1
cheap_PR,5629,1,1
cheap_PR,5630,1,1
cheap_PR,5631,1,1
cheap_PR,5632,1,1
cheap_PR,5633,-1,-1
cheap_PR,5634,1,1
cheap_PR,5635,-1,-1
cheap_PR,5636,1,1
cheap_PR,5637,1,1
cheap_PR,5638,1,1
cheap_PR,5639,1,1
cheap_PR,5640,1,1
cheap_PR,5641,-1,-1
cheap_PR,5642,1,1
cheap_PR,5643,1,1
cheap_PR,5644,-1,-1
cheap_PR,5645,1,1
cheap_PR,5646,-1,-1
cheap_PR,5647,1,1
cheap_PR,5648,-1,-1
cheap_PR,5649,1,1
cheap_PR,5650,1,1
cheap_PR,5651,-1,-1
cheap_PR,5652,1,1
cheap_PR,5653,1,1
cheap_PR,5654,1,1
cheap_PR,5655,-1,-1
cheap_PR,5656,1,1
cheap_PR,5657,1,1
cheap_PR,5658,1,1
cheap_PR,5659,1,1
cheap_PR,5660,1,1
cheap_PR,5661,1,1
cheap_PR,5662,1,1
cheap_PR,5663,1,1
cheap_PR,5664,1,1
cheap_PR,5665,-1,-1
cheap_PR,5666,1,1
cheap_PR,5667,1,1
cheap_PR,5668,1,1
cheap_PR,5669,1,1
cheap_PR,5670,1,1
cheap_PR,5671,1,1
cheap_PR,5672,1,1
cheap_PR,5673,1,1
cheap_PR,5674,1,1
cheap_PR,5675,1,1
cheap_PR,5676,1,1
cheap_PR,5677,1,1
cheap_PR,5678,1,1
cheap_PR,5679,1,1
cheap_PR,5680,1,1
cheap_PR,5681,1,1
cheap_PR,5682,1,1
cheap_PR,5683,1,1
cheap_PR,5684,1,1
cheap_PR,5685,1,1
cheap_PR,5686,1,1
cheap_PR,5687,1,1
cheap_PR,5688,1,1
cheap_PR,5689,1,1
cheap_PR,5690,1,1
cheap_PR,5691,1,1
cheap_PR,5692,1,1
cheap_PR,5693,1,1
cheap_PR,5694,1,1
cheap_PR,5695,1,1
cheap_PR,5696,1,1
cheap_PR,5697,1,1
cheap_PR,5698,1,1
cheap_PR,5699,1,1
cheap_PR,5700,1,1
cheap_PR,5701,-1,-1
cheap_PR,5702,1,1
cheap_PR,5703,1,1
cheap_PR,5704,1,1
cheap_PR,5705,1,1
cheap_PR,5706,-1,-1
cheap_PR,5707,-1,-1
cheap_PR,5708,-1,-1
cheap_PR,5709,1,1
cheap_PR,5710,-1,-1
cheap_PR,5711,1,1
cheap_PR,5712,1,1
cheap_PR,5713,1,1
cheap_PR,5714,1,1
cheap_PR,5715,1,1
cheap_PR,5716,1,1
cheap_PR,5717,1,1
cheap_PR,5718,1,1
cheap_PR,5719,1,1
cheap_PR,5720,1,1
cheap_PR,5721,1,1
cheap_PR,5722,1,1
cheap_PR,5723,1,1
cheap_PR,5724,1,1
cheap_PR,5725,1,1
cheap_PR,5726,1,1
cheap_PR,5727,1,1
cheap_PR,5728,1,1
cheap_PR,5729,1,1
cheap_PR,5730,1,1
cheap_PR,5731,1,1
cheap_PR,5732,1,1
cheap_PR,5733,1,1
cheap_PR,5734,1,1
cheap_PR,5735,1,1
cheap_PR,5736,1,1
cheap_PR,5737,1,1
cheap_PR,5738,1,1
cheap_PR,5739,1,1
cheap_PR,5740,-1,-1
cheap_PR,5741,1,1
cheap_PR,5742,1,1
cheap_PR,5743,1,1
cheap_PR,5744,1,1
cheap_PR,5745,1,1
cheap_PR,5746,1,1
cheap_PR,5747,1,1
cheap_PR,5748,1,1
cheap_PR,5749,1,1
cheap_PR,5750,1,1
cheap_PR,5751,1,1
cheap_PR,5752,-1,-1
cheap_PR,5753,1,1
cheap_PR,5754,1,1
cheap_PR,5755,1,1
cheap_PR,5756,1,1
cheap_PR,5757,1,1
cheap_PR,5758,1,1
cheap_PR,5759,1,1
cheap_PR,5760,1,1
cheap_PR,5761,1,1
cheap_PR,5762,1,1
cheap_PR,5763,-1,-1
cheap_PR,5764,1,1
cheap_PR,5765,1,1
cheap_PR,5766,1,1
cheap_PR,5767,1,1
cheap_PR,5768,-1,-1
cheap_PR,5769,-1,-1
cheap_PR,5770,1,1
cheap_PR,5771,1,1
cheap_PR,5772,1,1
cheap_PR,5773,1,1
cheap_PR,5774,1,1
cheap_PR,5775,1,1
cheap_PR,5776,1,1
cheap_PR,5777,1,1
cheap_PR,5778,1,1
cheap_PR,5779,1,1
cheap_PR,5780,1,1
cheap_PR,5781,-1,-1
cheap_PR,5782,1,1
cheap_PR,5783,1,1
cheap_PR,5784,1,1
cheap_PR,5785,1,1
cheap_PR,5786,1,1
cheap_PR,5787,1,1
cheap_PR,5788,1,1
cheap_PR,5789,1,1
cheap_PR,5790,1,1
cheap_PR,5791,1,1
cheap_PR,5792,1,1
cheap_PR,5793,1,1
cheap_PR,5794,1,1
cheap_PR,5795,1,1
cheap_PR,5796,1,1
cheap_PR,5797,1,1
cheap_PR,5798,1,1
cheap_PR,5799,1,1
cheap_PR,5800,1,1
cheap_PR,5801,1,1
cheap_PR,5802,1,1
cheap_PR,5803,1,1
cheap_PR,5804,1,1
cheap_PR,5805,1,1
cheap_PR,5806,1,1
cheap_PR,5807,1,1
cheap_PR,5808,1,1
cheap_PR,5809,1,1
cheap_PR,5810,1,1
cheap_PR,5811,1,1
cheap_PR,5812,1,1
cheap_PR,5813,1,1
cheap_PR,5814,1,1
cheap_PR,5815,1,1
cheap_PR,5816,1,1
cheap_PR,5817,1,1
cheap_PR,5818,-1,-1
cheap_PR,5819,1,1
cheap_PR,5820,1,1
cheap_PR,5821,1,1
cheap_PR,5822,1,1
cheap_PR,5823,-1,-1
cheap_PR,5824,1,1
cheap_PR,5825,1,1
cheap_PR,5826,1,1
cheap_PR,5827,1,1
cheap_PR,5828,-1,-1
cheap_PR,5829,1,1
cheap_PR,5830,1,1
cheap_PR,5831,1,1
cheap_PR,5832,-1,-1
cheap_PR,5833,1,1
cheap_PR,5834,1,1
cheap_PR,5835,1,1
cheap_PR,5836,1,1
cheap_PR,5837,1,1
cheap_PR,5838,1,1
cheap_PR,5839,-1,-1
cheap_PR,5840,1,1
cheap_PR,5841,1,1
cheap_PR,5842,1,1
cheap_PR,5843,1,1
cheap_PR,5844,1,1
cheap_PR,5845,1,1
cheap_PR,5846,1,1
cheap_PR,5847,1,1
cheap_PR,5848,1,1
cheap_PR,5849,1,1
cheap_PR,5850,-1,-1
cheap_PR,5851,1,1
cheap_PR,5852,1,1
cheap_PR,5853,1,1
cheap_PR,5854,1,1
cheap_PR,5855,1,1
cheap_PR,5856,1,1
cheap_PR,5857,1,1
cheap_PR,5858,-1,-1
cheap_PR,5859,1,1
cheap_PR,5860,-1,-1
cheap_PR,5861,1,1
cheap_PR,5862,1,1
cheap_PR,5863,1,1
cheap_PR,5864,1,1
cheap_PR,5865,1,1
cheap_PR,5866,-1,-1
cheap_PR,5867,1,1
cheap_PR,5868,1,1
cheap_PR,5869,1,1
cheap_PR,5870,1,1
cheap_PR,5871,1,1
cheap_PR,5872,1,1
cheap_PR,5873,1,1
cheap_PR,5874,1,1
cheap_PR,5875,1,1
cheap_PR,5876,1,1
cheap_PR,5877,1,1
cheap_PR,5878,1,1
cheap_PR,5879,1,1
cheap_PR,5880,1,1
cheap_PR,5881,1,1
cheap_PR,5882,1,1
cheap_PR,5883,1,1
cheap_PR,5884,1,1
cheap_PR,5885,1,1
cheap_PR,5886,1,1
cheap_PR,5887,1,1
cheap_PR,5888,1,1
cheap_PR,5889,-1,-1
cheap_PR,5890,1,1
cheap_PR,5891,1,1
cheap_PR,5892,-1,-1
cheap_PR,5893,1,1
cheap_PR,5894,1,1
cheap_PR,5895,1,1
cheap_PR,5896,1,1
cheap_PR,5897,1,1
cheap_PR,5898,1,1
cheap_PR,5899,1,1
cheap_PR,5900,1,1
cheap_PR,5901,1,1
cheap_PR,5902,1,1
cheap_PR,5903,1,1
cheap_PR,5904,1,1
cheap_PR,5905,-1,-1
cheap_PR,5906,1,1
cheap_PR,5907,1,1
cheap_PR,5908,1,1
cheap_PR,5909,1,1
cheap_PR,5910,-1,-1
cheap_PR,5911,1,1
cheap_PR,5912,1,1
cheap_PR,5913,1,1
cheap_PR,5914,1,1
cheap_PR,5915,1,1
cheap_PR,5916,1,1
cheap_PR,5917,1,1
cheap_PR,5918,-1,1
cheap_PR,5919,1,1
cheap_PR,5920,1,1
cheap_PR,5921,1,1
cheap_PR,5922,1,1
cheap_PR,5923,1,1
cheap_PR,5924,1,1
cheap_PR,5925,1,1
cheap_PR,5926,1,1
cheap_PR,5927,1,1
cheap_PR,5928,1,1
cheap_PR,5929,1,1
cheap_PR,5930,1,1
cheap_PR,5931,1,1
cheap_PR,5932,1,1
cheap_PR,5933,1,1
cheap_PR,5934,1,1
cheap_PR,5935,1,1
cheap_PR,5936,1,1
cheap_PR,5937,1,1
cheap_PR,5938,1,1
cheap_PR,5939,1,1
cheap_PR,5940,1,1
cheap_PR,5941,1,1
cheap_PR,5942,1,1
cheap_PR,5943,1,1
cheap_PR,5944,1,1
cheap_PR,5945,1,1
cheap_PR,5946,1,1
cheap_PR,5947,1,1
cheap_PR,5948,1,1
cheap_PR,5949,1,1
cheap_PR,5950,1,1
cheap_PR,5951,1,1
cheap_PR,5952,1,1
cheap_PR,5953,1,1
cheap_PR,5954,1,1
cheap_PR,5955,1,1
cheap_PR,5956,1,1
cheap_PR,5957,1,1
cheap_PR,5958,1,1
cheap_PR,5959,1,1
cheap_PR,5960,1,1
cheap_PR,5961,1,1
cheap_PR,5962,-1,-1
cheap_PR,5963,1,1
cheap_PR,5964,1,1
cheap_PR,5965,1,1
cheap_PR,5966,1,1
cheap_PR,5967,1,1
cheap_PR,5968,1,1
cheap_PR,5969,1,1
cheap_PR,5970,1,1
cheap_PR,5971,1,1
cheap_PR,5972,1,1
cheap_PR,5973,1,1
cheap_PR,5974,-1,-1
cheap_PR,5975,1,1
cheap_PR,5976,1,1
cheap_PR,5977,1,1
cheap_PR,5978,1,1
cheap_PR,5979,1,1
cheap_PR,5980,1,1
cheap_PR,5981,1,1
cheap_PR,5982,1,1
cheap_PR,5983,1,1
cheap_PR,5984,1,1
cheap_PR,5985,1,1
cheap_PR,5986,1,1
cheap_PR,5987,1,1
cheap_PR,5988,1,1
cheap_PR,5989,1,1
cheap_PR,5990,1,1
cheap_PR,5991,1,1
cheap_PR,5992,1,1
cheap_PR,5993,1,1
cheap_PR,5994,1,1
cheap_PR,5995,1,1
cheap_PR,5996,1,1
cheap_PR,5997,1,1
cheap_PR,5998,1,1
cheap_PR,5999,1,1
cheap_PR,6000,-1,-1
cheap_PR,6001,1,1
cheap_PR,6002,1,1
cheap_PR,6003,1,1
cheap_PR,6004,1,1
cheap_PR,6005,1,1
cheap_PR,6006,1,1
cheap_PR,6007,-1,-1
cheap_PR,6008,1,1
cheap_PR,6009,1,1
cheap_PR,6010,1,1
cheap_PR,6011,1,1
cheap_PR,6012,1,1
cheap_PR,6013,1,1
cheap_PR,6014,1,1
cheap_PR,6015,1,1
cheap_PR,6016,1,1
cheap_PR,6017,1,1
cheap_PR,6018,1,1
cheap_PR,6019,1,1
cheap_PR,6020,1,1
cheap_PR,6021,1,1
cheap_PR,6022,1,1
cheap_PR,6023,-1,-1
cheap_PR,6024,1,1
cheap_PR,6025,1,1
cheap_PR,6026,-1,-1
cheap_PR,6027,1,1
cheap_PR,6028,1,1
cheap_PR,6029,1,1
cheap_PR,6030,1,1
cheap_PR,6031,1,1
cheap_PR,6032,1,1
cheap_PR,6033,1,1
cheap_PR,6034,1,1
cheap_PR,6035,-1,-1
cheap_PR,6036,1,1
cheap_PR,6037,1,1
cheap_PR,6038,1,1
cheap_PR,6039,1,1
cheap_PR,6040,1,1
cheap_PR,6041,1,1
cheap_PR,6042,1,1
cheap_PR,6043,1,1
cheap_PR,6044,1,1
cheap_PR,6045,1,1
cheap_PR,6046,1,1
cheap_PR,6047,1,1
cheap_PR,6048,1,1
cheap_PR,6049,-1,-1
cheap_PR,6050,1,1
cheap_PR,6051,1,1
cheap_PR,6052,-1,-1
cheap_PR,6053,1,1
cheap_PR,6054,1,1
cheap_PR,6055,1,1
cheap_PR,6056,-1,-1
cheap_PR,6057,1,1
cheap_PR,6058,1,1
cheap_PR,6059,1,1
cheap_PR,6060,1,1
cheap_PR,6061,1,1
cheap_PR,6062,1,1
cheap_PR,6063,1,1
cheap_PR,6064,1,1
cheap_PR,6065,1,1
cheap_PR,6066,1,1
cheap_PR,6067,1,1
cheap_PR,6068,1,1
cheap_PR,6069,1,1
cheap_PR,6070,1,1
cheap_PR,6071,1,1
cheap_PR,6072,1,1
cheap_PR,6073,1,1
cheap_PR,6074,-1,-1
cheap_PR,6075,1,1
cheap_PR,6076,1,1
cheap_PR,6077,1,1
cheap_PR,6078,1,1
cheap_PR,6079,1,1
cheap_PR,6080,1,1
cheap_PR,6081,1,1
cheap_PR,6082,1,1
cheap_PR,6083,1,1
cheap_PR,6084,1,1
cheap_PR,6085,1,1
cheap_PR,6086,1,1
cheap_PR,6087,1,1
cheap_PR,6088,1,1
cheap_PR,6089,-1,-1
cheap_PR,6090,1,1
cheap_PR,6091,1,1
cheap_PR,6092,1,1
cheap_PR,6093,1,1
cheap_PR,6094,1,1
cheap_PR,6095,1,1
cheap_PR,6096,-1,-1
cheap_PR,6097,1,1
cheap_PR,6098,1,1
cheap_PR,6099,1,1
cheap_PR,6100,1,1
cheap_PR,6101,1,1
cheap_PR,6102,1,1
cheap_PR,6103,1,1
cheap_PR,6104,1,1
cheap_PR,6105,1,1
cheap_PR,6106,1,1
cheap_PR,6107,1,1
cheap_PR,6108,1,1
cheap_PR,6109,1,1
cheap_PR,6110,-1,-1
cheap_PR,6111,1,1
cheap_PR,6112,1,1
cheap_PR,6113,1,1
cheap_PR,6114,1,1
cheap_PR,6115,1,1
cheap_PR,6116,1,1
cheap_PR,6117,1,1
cheap_PR,6118,1,1
cheap_PR,6119,1,1
cheap_PR,6120,1,1
cheap_PR,6121,1,1
cheap_PR,6122,1,1
cheap_PR,6123,-1,-1
cheap_PR,6124,1,1
cheap_PR,6125,1,1
cheap_PR,6126,1,1
cheap_PR,6127,1,1
cheap_PR,6128,1,1
cheap_PR,6129,1,1
cheap_PR,6130,1,1
cheap_PR,6131,1,1
cheap_PR,6132,1,1
cheap_PR,6133,1,1
cheap_PR,6134,1,1
cheap_PR,6135,1,1
cheap_PR,6136,1,1
cheap_PR,6137,1,1
cheap_PR,6138,1,1
cheap_PR,6139,1,1
cheap_PR,6140,1,1
cheap_PR,6141,1,1
cheap_PR,6142,1,1
cheap_PR,6143,1,1
cheap_PR,6144,1,1
cheap_PR,6145,1,1
cheap_PR,6146,1,1
cheap_PR,6147,1,1
cheap_PR,6148,1,1
cheap_PR,6149,1,1
cheap_PR,6150,1,1
cheap_PR,6151,1,1
cheap_PR,6152,1,1
cheap_PR,6153,1,1
cheap_PR,6154,1,1
cheap_PR,6155,1,1
cheap_PR,6156,1,1
cheap_PR,6157,1,1
cheap_PR,6158,1,1
cheap_PR,6159,1,1
cheap_PR,6160,-1,-1
cheap_PR,6161,-1,-1
cheap_PR,6162,1,1
cheap_PR,6163,1,1
cheap_PR_MG,0,1,1
cheap_PR_MG,1,1,1
cheap_PR_MG,2,1,1
cheap_PR_MG,3,1,1
cheap_PR_MG,4,1,1
cheap_PR_MG,5,1,1
cheap_PR_MG,6,-1,-1
cheap_PR_MG,7,1,1
cheap_PR_MG,8,1,1
cheap_PR_MG,9,1,1
cheap_PR_MG,10,1,1
cheap_PR_MG,11,1,1
cheap_PR_MG,12,1,1
cheap_PR_MG,13,1,1
cheap_PR_MG,14,1,1
cheap_PR_MG,15,1,1
cheap_PR_MG,16,1,1
cheap_PR_MG,17,1,1
cheap_PR_MG,18,1,1
cheap_PR_MG,19,1,1
cheap_PR_MG,20,1,1
cheap_PR_MG,21,1,1
cheap_PR_MG,22,1,1
cheap_PR_MG,23,1,1
cheap_PR_MG,24,1,1
cheap_PR_MG,25,1,1
cheap_PR_MG,26,1,1
cheap_PR_MG,27,1,1
cheap_PR_MG,28,1,1
cheap_PR_MG,29,1,1
cheap_PR_MG,30,1,1
cheap_PR_MG,31,1,1
cheap_PR_MG,32,1,1
cheap_PR_MG,33,1,1
cheap_PR_MG,34,1,1
cheap_PR_MG,35,1,1
cheap_PR_MG,36,1,1
cheap_PR_MG,37,1,1
cheap_PR_MG,38,1,1
cheap_PR_MG,39,1,1
cheap_PR_MG,40,1,1
cheap_PR_MG,41,1,1
cheap_PR_MG,42,1,1
cheap_PR_MG,43,1,1
cheap_PR_MG,44,1,1
cheap_PR_MG,45,1,1
cheap_PR_MG,46,1,1
cheap_PR_MG,47,1,1
cheap_PR_MG,48,1,1
cheap_PR_MG,49,1,1
cheap_PR_MG,50,1,1
cheap_PR_MG,51,1,1
cheap_PR_MG,52,1,1
cheap_PR_MG,53,1,1
cheap_PR_MG,54,1,1
cheap_PR_MG,55,1,1
cheap_PR_MG,56,1,1
cheap_PR_MG,57,1,1
cheap_PR_MG,58,1,1
cheap_PR_MG,59,1,1
cheap_PR_MG,60,-1,-1
cheap_PR_MG,61,1,1
cheap_PR_MG,62,1,1
cheap_PR_MG,63,1,1
cheap_PR_MG,64,1,1
cheap_PR_MG,65,1,1
cheap_PR_MG,66,1,1
cheap_PR_MG,67,1,1
cheap_PR_MG,68,1,1
cheap_PR_MG,69,1,1
cheap_PR_MG,70,1,1
cheap_PR_MG,71,1,1
cheap_PR_MG,72,1,1
cheap_PR_MG,73,1,1
cheap_PR_MG,74,1,1
cheap_PR_MG,75,-1,-1
cheap_PR_MG,76,1,1
cheap_PR_MG,77,1,1
cheap_PR_MG,78,1,1
cheap_PR_MG,79,1,1
cheap_PR_MG,80,1,1
cheap_PR_MG,81,1,1
cheap_PR_MG,82,1,1
cheap_PR_MG,83,-1,-1
cheap_PR_MG,84,1,1
cheap_PR_MG,85,1,1
cheap_PR_MG,86,1,1
cheap_PR_MG,87,1,1
cheap_PR_MG,88,-1,-1
cheap_PR_MG,89,1,1
cheap_PR_MG,90,1,1
cheap_PR_MG,91,1,1
cheap_PR_MG,92,1,1
cheap_PR_MG,93,1,1
cheap_PR_MG,94,1,1
cheap_PR_MG,95,1,1
cheap_PR_MG,96,1,1
cheap_PR_MG,97,1,1
cheap_PR_MG,98,1,1
cheap_PR_MG,99,1,1
cheap_PR_MG,100,1,1
cheap_PR_MG,101,1,1
cheap_PR_MG,102,1,1
cheap_PR_MG,103,1,1
cheap_PR_MG,104,-1,-1
cheap_PR_MG,105,1,1
cheap_PR_MG,106,1,1
cheap_PR_MG,107,1,1
cheap_PR_MG,108,1,1
cheap_PR_MG,109,1,1
cheap_PR_MG,110,-1,-1
cheap_PR_MG,111,1,1
cheap_PR_MG,112,1,1
cheap_PR_MG,113,1,1
cheap_PR_MG,114,1,1
cheap_PR_MG,115,1,1
cheap_PR_MG,116,1,1
cheap_PR_MG,117,1,1
cheap_PR_MG,118,1,1
cheap_PR_MG,119,1,1
cheap_PR_MG,120,1,1
cheap_PR_MG,121,1,1
cheap_PR_MG,122,-1,-1
cheap_PR_MG,123,1,1
cheap_PR_MG,124,1,1
cheap_PR_MG,125,1,1
cheap_PR_MG,126,1,1
cheap_PR_MG,127,1,1
cheap_PR_MG,128,1,1
cheap_PR_MG,129,1,1
cheap_PR_MG,130,1,1
cheap_PR_MG,131,-1,-1
cheap_PR_MG,132,1,1
cheap_PR_MG,133,1,1
cheap_PR_MG,134,1,1
cheap_PR_MG,135,-1,-1
cheap_PR_MG,136,1,1
cheap_PR_MG,137,1,1
cheap_PR_MG,138,1,1
cheap_PR_MG,139,1,1
cheap_PR_MG,140,1,1
cheap_PR_MG,141,1,1
cheap_PR_MG,142,1,1
cheap_PR_MG,143,1,1
cheap_PR_MG,144,1,1
cheap_PR_MG,145,1,1
cheap_PR_MG,146,1,1
cheap_PR_MG,147,-1,-1
cheap_PR_MG,148,1,1
cheap_PR_MG,149,1,1
cheap_PR_MG,150,1,1
cheap_PR_MG,151,1,1
cheap_PR_MG,152,1,1
cheap_PR_MG,153,1,1
cheap_PR_MG,154,-1,-1
cheap_PR_MG,155,1,1
cheap_PR_MG,156,1,1
cheap_PR_MG,157,1,1
cheap_PR_MG,158,1,1
cheap_PR_MG,159,1,1
cheap_PR_MG,160,1,1
cheap_PR_MG,161,1,1
cheap_PR_MG,162,1,1
cheap_PR_MG,163,-1,-1
cheap_PR_MG,164,1,1
cheap_PR_MG,165,1,1
cheap_PR_MG,166,1,1
cheap_PR_MG,167,1,1
cheap_PR_MG,168,1,1
cheap_PR_MG,169,1,1
cheap_PR_MG,170,1,1
cheap_PR_MG,171,1,1
cheap_PR_MG,172,1,1
cheap_PR_MG,173,1,1
cheap_PR_MG,174,1,1
cheap_PR_MG,175,1,1
cheap_PR_MG,176,1,1
cheap_PR_MG,177,1,1
cheap_PR_MG,178,1,1
cheap_PR_MG,179,1,1
cheap_PR_MG,180,1,1
cheap_PR_MG,181,1,1
cheap_PR_MG,182,1,1
cheap_PR_MG,183,1,1
cheap_PR_MG,184,1,1
cheap_PR_MG,185,1,1
cheap_PR_MG,186,1,1
cheap_PR_MG,187,1,1
cheap_PR_MG,188,1,1
cheap_PR_MG,189,1,1
cheap_PR_MG,190,1,1
cheap_PR_MG,191,1,1
cheap_PR_MG,192,1,1
cheap_PR_MG,193,1,1
cheap_PR_MG,194,1,1
cheap_PR_MG,195,1,1
cheap_PR_MG,196,1,1
cheap_PR_MG,197,1,1
cheap_PR_MG,198,1,1
cheap_PR_MG,199,1,1
cheap_PR_MG,200,1,1
cheap_PR_MG,201,-1,-1
cheap_PR_MG,202,1,1
cheap_PR_MG,203,-1,-1
cheap_PR_MG,204,-1,-1
cheap_PR_MG,205,1,1
cheap_PR_MG,206,1,1
cheap_PR_MG,207,1,1
cheap_PR_MG,208,1,1
cheap_PR_MG,209,1,1
cheap_PR_MG,210,1,1
cheap_PR_MG,211,1,1
cheap_PR_MG,212,1,1
cheap_PR_MG,213,1,1
cheap_PR_MG,214,1,1
cheap_PR_MG,215,1,1
cheap_PR_MG,216,-1,-1
cheap_PR_MG,217,1,1
cheap_PR_MG,218,1,1
cheap_PR_MG,219,1,1
cheap_PR_MG,220,-1,-1
cheap_PR_MG,221,1,1
cheap_PR_MG,222,1,1
cheap_PR_MG,223,-1,-1
cheap_PR_MG,224,1,1
cheap_PR_MG,225,1,1
cheap_PR_MG,226,1,1
cheap_PR_MG,227,1,1
cheap_PR_MG,228,-1,-1
cheap_PR_MG,229,1,1
cheap_PR_MG,230,1,1
cheap_PR_MG,231,1,1
cheap_PR_MG,232,1,1
cheap_PR_MG,233,1,1
cheap_PR_MG,234,1,1
cheap_PR_MG,235,1,1
cheap_PR_MG,236,-1,-1
cheap_PR_MG,237,1,1
cheap_PR_MG,238,1,1
cheap_PR_MG,239,1,1
cheap_PR_MG,240,1,1
cheap_PR_MG,241,-1,-1
cheap_PR_MG,242,1,1
cheap_PR_MG,243,1,1
cheap_PR_MG,244,1,1
cheap_PR_MG,245,1,1
cheap_PR_MG,246,-1,-1
cheap_PR_MG,247,1,1
cheap_PR_MG,248,1,1
cheap_PR_MG,249,1,1
cheap_PR_MG,250,1,1
cheap_PR_MG,251,1,1
cheap_PR_MG,252,1,1
cheap_PR_MG,253,1,1
cheap_PR_MG,254,-1,-1
cheap_PR_MG,255,1,1
cheap_PR_MG,256,1,1
cheap_PR_MG,257,1,1
cheap_PR_MG,258,1,1
cheap_PR_MG,259,1,1
cheap_PR_MG,260,1,1
cheap_PR_MG,261,1,1
cheap_PR_MG,262,1,1
cheap_PR_MG,263,-1,-1
cheap_PR_MG,264,1,1
cheap_PR_MG,265,1,1
cheap_PR_MG,266,1,1
cheap_PR_MG,267,-1,-1
cheap_PR_MG,268,1,1
cheap_PR_MG,269,-1,-1
cheap_PR_MG,270,1,1
cheap_PR_MG,271,1,1
cheap_PR_MG,272,1,1
cheap_PR_MG,273,1,1
cheap_PR_MG,274,1,1
cheap_PR_MG,275,1,1
cheap_PR_MG,276,1,1
cheap_PR_MG,277,1,1
cheap_PR_MG,278,1,1
cheap_PR_MG,279,1,1
cheap_PR_MG,280,1,1
cheap_PR_MG,281,1,1
cheap_PR_MG,282,1,1
cheap_PR_MG,283,1,1
cheap_PR_MG,284,1,1
cheap_PR_MG,285,1,1
cheap_PR_MG,286,1,1
cheap_PR_MG,287,1,1
cheap_PR_MG,288,-1,-1
cheap_PR_MG,289,1,1
cheap_PR_MG,290,1,1
cheap_PR_MG,291,1,1
cheap_PR_MG,292,1,1
cheap_PR_MG,293,1,1
cheap_PR_MG,294,1,1
cheap_PR_MG,295,1,1
cheap_PR_MG,296,1,1
cheap_PR_MG,297,-1,-1
cheap_PR_MG,298,1,1
cheap_PR_MG,299,1,1
cheap_PR_MG,300,1,1
cheap_PR_MG,301,1,1
cheap_PR_MG,302,1,1
cheap_PR_MG,303,1,1
cheap_PR_MG,304,1,1
cheap_PR_MG,305,1,1
cheap_PR_MG,306,1,1
cheap_PR_MG,307,1,1
cheap_PR_MG,308,1,1
cheap_PR_MG,309,1,1
cheap_PR_MG,310,1,1
cheap_PR_MG,311,1,1
cheap_PR_MG,312,1,1
cheap_PR_MG,313,1,1
cheap_PR_MG,314,1,1
cheap_PR_MG,315,1,1
cheap_PR_MG,316,-1,-1
cheap_PR_MG,317,1,1
cheap_PR_MG,318,1,1
cheap_PR_MG,319,1,1
cheap_PR_MG,320,1,1
cheap_PR_MG,321,1,1
cheap_PR_MG,322,1,1
cheap_PR_MG,323,1,1
cheap_PR_MG,324,1,1
cheap_PR_MG,325,1,1
cheap_PR_MG,326,1,1
cheap_PR_MG,327,1,1
cheap_PR_MG,328,1,1
cheap_PR_MG,329,1,1
cheap_PR_MG,330,1,1
cheap_PR_MG,331,1,1
cheap_PR_MG,332,1,1
cheap_PR_MG,333,1,1
cheap_PR_MG,334,-1,-1
cheap_PR_MG,335,1,1
cheap_PR_MG,336,1,1
cheap_PR_MG,337,1,1
cheap_PR_MG,338,1,1
cheap_PR_MG,339,1,1
cheap_PR_MG,340,1,1
cheap_PR_MG,341,1,1
cheap_PR_MG,342,1,1
cheap_PR_MG,343,1,1
cheap_PR_MG,344,1,1
cheap_PR_MG,345,-1,-1
cheap_PR_MG,346,1,1
cheap_PR_MG,347,1,1
cheap_PR_MG,348,1,1
cheap_PR_MG,349,1,1
cheap_PR_MG,350,1,1
cheap_PR_MG,351,1,1
cheap_PR_MG,352,-1,-1
cheap_PR_MG,353,1,1
cheap_PR_MG,354,1,1
cheap_PR_MG,355,-1,-1
cheap_PR_MG,356,1,1
cheap_PR_MG,357,1,1
cheap_PR_MG,358,1,1
cheap_PR_MG,359,1,1
cheap_PR_MG,360,1,1
cheap_PR_MG,361,1,1
cheap_PR_MG,362,1,1
cheap_PR_MG,363,1,1
cheap_PR_MG,364,1,1
cheap_PR_MG,365,-1,-1
cheap_PR_MG,366,1,1
cheap_PR_MG,367,-1,-1
cheap_PR_MG,368,1,1
cheap_PR_MG,369,1,1
cheap_PR_MG,370,1,1
cheap_PR_MG,371,-1,-1
cheap_PR_MG,372,-1,-1
cheap_PR_MG,373,-1,-1
cheap_PR_MG,374,1,1
cheap_PR_MG,375,1,1
cheap_PR_MG,376,1,1
cheap_PR_MG,377,1,1
cheap_PR_MG,378,1,1
cheap_PR_MG,379,1,1
cheap_PR_MG,380,1,1
cheap_PR_MG,381,-1,-1
cheap_PR_MG,382,-1,-1
cheap_PR_MG,383,-1,-1
cheap_PR_MG,384,-1,-1
cheap_PR_MG,385,1,1
cheap_PR_MG,386,1,1
cheap_PR_MG,387,1,1
cheap_PR_MG,388,1,1
cheap_PR_MG,389,1,1
cheap_PR_MG,390,-1,-1
cheap_PR_MG,391,1,1
cheap_PR_MG,392,1,1
cheap_PR_MG,393,1,1
cheap_PR_MG,394,1,1
cheap_PR_MG,395,1,1
cheap_PR_MG,396,1,1
cheap_PR_MG,397,1,1
cheap_PR_MG,398,1,1
cheap_PR_MG,399,1,1
cheap_PR_MG,400,1,1
cheap_PR_MG,401,1,1
cheap_PR_MG,402,1,1
cheap_PR_MG,403,1,1
cheap_PR_MG,404,1,1
cheap_PR_MG,405,1,1
cheap_PR_MG,406,1,1
cheap_PR_MG,407,1,1
cheap_PR_MG,408,1,1
cheap_PR_MG,409,1,1
cheap_PR_MG,410,1,1
cheap_PR_MG,411,1,1
cheap_PR_MG,412,1,1
cheap_PR_MG,413,1,1
cheap_PR_MG,414,1,1
cheap_PR_MG,415,1,1
cheap_PR_MG,416,1,1
cheap_PR_MG,417,-1,-1
cheap_PR_MG,418,-1,-1
cheap_PR_MG,419,-1,-1
cheap_PR_MG,420,1,1
cheap_PR_MG,421,1,1
cheap_PR_MG,422,1,1
cheap_PR_MG,423,-1,-1
cheap_PR_MG,424,1,1
cheap_PR_MG,425,1,1
cheap_PR_MG,426,1,1
cheap_PR_MG,427,1,1
cheap_PR_MG,428,-1,-1
cheap_PR_MG,429,1,1
cheap_PR_MG,430,1,1
cheap_PR_MG,431,1,1
cheap_PR_MG,432,1,1
cheap_PR_MG,433,-1,-1
cheap_PR_MG,434,1,1
cheap_PR_MG,435,1,1
cheap_PR_MG,436,1,1
cheap_PR_MG,437,1,1
cheap_PR_MG,438,1,1
cheap_PR_MG,439,1,1
cheap_PR_MG,440,1,1
cheap_PR_MG,441,1,1
cheap_PR_MG,442,-1,-1
cheap_PR_MG,443,-1,-1
cheap_PR_MG,444,-1,-1
cheap_PR_MG,445,1,1
cheap_PR_MG,446,1,1
cheap_PR_MG,447,1,1
cheap_PR_MG,448,1,1
cheap_PR_MG,449,1,1
cheap_PR_MG,450,1,1
cheap_PR_MG,451,1,1
cheap_PR_MG,452,1,1
cheap_PR_MG,453,1,1
cheap_PR_MG,454,1,1
cheap_PR_MG,455,1,1
cheap_PR_MG,456,1,1
cheap_PR_MG,457,1,1
cheap_PR_MG,458,1,1
cheap_PR_MG,459,1,1
cheap_PR_MG,460,1,1
cheap_PR_MG,461,1,1
cheap_PR_MG,462,1,1
cheap_PR_MG,463,1,1
cheap_PR_MG,464,1,1
cheap_PR_MG,465,1,1
cheap_PR_MG,466,1,1
cheap_PR_MG,467,1,1
cheap_PR_MG,468,1,1
cheap_PR_MG,469,1,1
cheap_PR_MG,470,1,1
cheap_PR_MG,471,1,1
cheap_PR_MG,472,1,1
cheap_PR_MG,473,1,1
cheap_PR_MG,474,1,1
cheap_PR_MG,475,1,1
cheap_PR_MG,476,1,1
cheap_PR_MG,477,1,1
cheap_PR_MG,478,1,1
cheap_PR_MG,479,-1,-1
cheap_PR_MG,480,1,1
cheap_PR_MG,481,1,1
cheap_PR_MG,482,1,1
cheap_PR_MG,483,1,1
cheap_PR_MG,484,1,1
cheap_PR_MG,485,1,1
cheap_PR_MG,486,1,1
cheap_PR_MG,487,1,1
cheap_PR_MG,488,1,1
cheap_PR_MG,489,1,1
cheap_PR_MG,490,-1,-1
cheap_PR_MG,491,1,1
cheap_PR_MG,492,1,1
cheap_PR_MG,493,1,1
cheap_PR_MG,494,1,1
cheap_PR_MG,495,-1,-1
cheap_PR_MG,496,1,1
cheap_PR_MG,497,1,1
cheap_PR_MG,498,1,1
cheap_PR_MG,499,1,1
cheap_PR_MG,500,1,1
cheap_PR_MG,501,1,1
cheap_PR_MG,502,1,1
cheap_PR_MG,503,1,1
cheap_PR_MG,504,1,1
cheap_PR_MG,505,1,1
cheap_PR_MG,506,1,1
cheap_PR_MG,507,1,1
cheap_PR_MG,508,1,1
cheap_PR_MG,509,1,1
cheap_PR_MG,510,1,1
cheap_PR_MG,511,1,1
cheap_PR_MG,512,1,1
cheap_PR_MG,513,1,1
cheap_PR_MG,514,1,1
cheap_PR_MG,515,-1,-1
cheap_PR_MG,516,1,1
cheap_PR_MG,517,1,1
cheap_PR_MG,518,-1,-1
cheap_PR_MG,519,1,1
cheap_PR_MG,520,-1,-1
cheap_PR_MG,521,-1,-1
cheap_PR_MG,522,1,1
cheap_PR_MG,523,1,1
cheap_PR_MG,524,1,1
cheap_PR_MG,525,-1,-1
cheap_PR_MG,526,-1,-1
cheap_PR_MG,527,1,1
cheap_PR_MG,528,1,1
cheap_PR_MG,529,1,1
cheap_PR_MG,530,1,1
cheap_PR_MG,531,1,1
cheap_PR_MG,532,1,1
cheap_PR_MG,533,1,1
cheap_PR_MG,534,1,1
cheap_PR_MG,535,1,1
cheap_PR_MG,536,1,1
cheap_PR_MG,537,1,1
cheap_PR_MG,538,1,1
cheap_PR_MG,539,1,1
cheap_PR_MG,540,1,1
cheap_PR_MG,541,1,1
cheap_PR_MG,542,1,1
cheap_PR_MG,543,1,1
cheap_PR_MG,544,1,1
cheap_PR_MG,545,1,1
cheap_PR_MG,546,1,1
cheap_PR_MG,547,1,1
cheap_PR_MG,548,1,1
cheap_PR_MG,549,1,1
cheap_PR_MG,550,1,1
cheap_PR_MG,551,1,1
cheap_PR_MG,552,1,1
cheap_PR_MG,553,1,1
cheap_PR_MG,554,1,1
cheap_PR_MG,555,1,1
cheap_PR_MG,556,1,1
cheap_PR_MG,557,1,1
cheap_PR_MG,558,1,1
cheap_PR_MG,559,1,1
cheap_PR_MG,560,1,1
cheap_PR_MG,561,1,1
cheap_PR_MG,562,1,1
cheap_PR_MG,563,1,1
cheap_PR_MG,564,1,1
cheap_PR_MG,565,1,1
cheap_PR_MG,566,1,1
cheap_PR_MG,567,1,1
cheap_PR_MG,568,1,1
cheap_PR_MG,569,1,1
cheap_PR_MG,570,1,1
cheap_PR_MG,571,1,1
cheap_PR_MG,572,1,1
cheap_PR_MG,573,1,1
cheap_PR_MG,574,1,1
cheap_PR_MG,575,1,1
cheap_PR_MG,576,1,1
cheap_PR_MG,577,1,1
cheap_PR_MG,578,1,1
cheap_PR_MG,579,1,1
cheap_PR_MG,580,1,1
cheap_PR_MG,581,1,1
cheap_PR_MG,582,-1,-1
cheap_PR_MG,583,1,1
cheap_PR_MG,584,1,1
cheap_PR_MG,585,1,1
cheap_PR_MG,586,1,1
cheap_PR_MG,587,1,1
cheap_PR_MG,588,1,1
cheap_PR_MG,589,1,1
cheap_PR_MG,590,1,1
cheap_PR_MG,591,1,1
cheap_PR_MG,592,1,1
cheap_PR_MG,593,1,1
cheap_PR_MG,594,1,1
cheap_PR_MG,595,1,1
cheap_PR_MG,596,1,1
cheap_PR_MG,597,1,1
cheap_PR_MG,598,1,1
cheap_PR_MG,599,1,1
cheap_PR_MG,600,1,1
cheap_PR_MG,601,1,1
cheap_PR_MG,602,1,1
cheap_PR_MG,603,1,1
cheap_PR_MG,604,1,1
cheap_PR_MG,605,1,1
cheap_PR_MG,606,1,1
cheap_PR_MG,607,-1,-1
cheap_PR_MG,608,1,1
cheap_PR_MG,609,1,1
cheap_PR_MG,610,1,1
cheap_PR_MG,611,1,1
cheap_PR_MG,612,1,1
cheap_PR_MG,613,1,1
cheap_PR_MG,614,-1,-1
cheap_PR_MG,615,1,1
cheap_PR_MG,616,1,1
cheap_PR_MG,617,1,1
cheap_PR_MG,618,1,1
cheap_PR_MG,619,1,1
cheap_PR_MG,620,1,1
cheap_PR_MG,621,-1,-1
cheap_PR_MG,622,1,1
cheap_PR_MG,623,1,1
cheap_PR_MG,624,1,1
cheap_PR_MG,625,-1,-1
cheap_PR_MG,626,1,1
cheap_PR_MG,627,1,1
cheap_PR_MG,628,1,1
cheap_PR_MG,629,1,1
cheap_PR_MG,630,1,1
cheap_PR_MG,631,1,1
cheap_PR_MG,632,-1,-1
cheap_PR_MG,633,1,1
cheap_PR_MG,634,1,1
cheap_PR_MG,635,1,1
cheap_PR_MG,636,1,1
cheap_PR_MG,637,1,1
cheap_PR_MG,638,1,1
cheap_PR_MG,639,1,1
cheap_PR_MG,640,-1,-1
cheap_PR_MG,641,1,1
cheap_PR_MG,642,1,1
cheap_PR_MG,643,1,1
cheap_PR_MG,644,1,1
cheap_PR_MG,645,1,1
cheap_PR_MG,646,1,1
cheap_PR_MG,647,1,1
cheap_PR_MG,648,-1,-1
cheap_PR_MG,649,1,1
cheap_PR_MG,650,1,1
cheap_PR_MG,651,1,1
cheap_PR_MG,652,1,1
cheap_PR_MG,653,1,1
cheap_PR_MG,654,1,1
cheap_PR_MG,655,-1,-1
cheap_PR_MG,656,1,1
cheap_PR_MG,657,1,1
cheap_PR_MG,658,1,1
cheap_PR_MG,659,1,1
cheap_PR_MG,660,1,1
cheap_PR_MG,661,1,1
cheap_PR_MG,662,1,1
cheap_PR_MG,663,1,1
cheap_PR_MG,664,1,1
cheap_PR_MG,665,1,1
cheap_PR_MG,666,1,1
cheap_PR_MG,667,1,1
cheap_PR_MG,668,1,1
cheap_PR_MG,669,1,1
cheap_PR_MG,670,1,1
cheap_PR_MG,671,1,1
cheap_PR_MG,672,-1,-1
cheap_PR_MG,673,-1,-1
cheap_PR_MG,674,1,1
cheap_PR_MG,675,1,1
cheap_PR_MG,676,1,1
cheap_PR_MG,677,1,1
cheap_PR_MG,678,1,1
cheap_PR_MG,679,1,1
cheap_PR_MG,680,1,1
cheap_PR_MG,681,1,1
cheap_PR_MG,682,1,1
cheap_PR_MG,683,1,1
cheap_PR_MG,684,1,1
cheap_PR_MG,685,1,1
cheap_PR_MG,686,1,1
cheap_PR_MG,687,1,1
cheap_PR_MG,688,1,1
cheap_PR_MG,689,1,1
cheap_PR_MG,690,-1,-1
cheap_PR_MG,691,1,1
cheap_PR_MG,692,1,1
cheap_PR_MG,693,1,1
cheap_PR_MG,694,1,1
cheap_PR_MG,695,1,1
cheap_PR_MG,696,1,1
cheap_PR_MG,697,1,1
cheap_PR_MG,698,1,1
cheap_PR_MG,699,1,1
cheap_PR_MG,700,1,1
cheap_PR_MG,701,1,1
cheap_PR_MG,702,1,1
cheap_PR_MG,703,-1,-1
cheap_PR_MG,704,1,1
cheap_PR_MG,705,1,1
cheap_PR_MG,706,1,1
cheap_PR_MG,707,1,1
cheap_PR_MG,708,1,1
cheap_PR_MG,709,1,1
cheap_PR_MG,710,1,1
cheap_PR_MG,711,1,1
cheap_PR_MG,712,1,1
cheap_PR_MG,713,1,1
cheap_PR_MG,714,1,1
cheap_PR_MG,715,1,1
cheap_PR_MG,716,1,1
cheap_PR_MG,717,-1,-1
cheap_PR_MG,718,1,1
cheap_PR_MG,719,1,1
cheap_PR_MG,720,1,1
cheap_PR_MG,721,1,1
cheap_PR_MG,722,1,1
cheap_PR_MG,723,1,1
cheap_PR_MG,724,1,1
cheap_PR_MG,725,1,1
cheap_PR_MG,726,1,1
cheap_PR_MG,727,1,1
cheap_PR_MG,728,1,1
cheap_PR_MG,729,1,1
cheap_PR_MG,730,1,1
cheap_PR_MG,731,1,1
cheap_PR_MG,732,1,1
cheap_PR_MG,733,1,1
cheap_PR_MG,734,1,1
cheap_PR_MG,735,-1,-1
cheap_PR_MG,736,1,1
cheap_PR_MG,737,1,1
cheap_PR_MG,738,1,1
cheap_PR_MG,739,1,1
cheap_PR_MG,740,1,1
cheap_PR_MG,741,1,1
cheap_PR_MG,742,1,1
cheap_PR_MG,743,1,1
cheap_PR_MG,744,1,1
cheap_PR_MG,745,1,1
cheap_PR_MG,746,1,1
cheap_PR_MG,747,1,1
cheap_PR_MG,748,1,1
cheap_PR_MG,749,-1,-1
cheap_PR_MG,750,1,1
cheap_PR_MG,751,1,1
cheap_PR_MG,752,1,1
cheap_PR_MG,753,1,1
cheap_PR_MG,754,1,1
cheap_PR_MG,755,1,1
cheap_PR_MG,756,1,1
cheap_PR_MG,757,1,1
cheap_PR_MG,758,1,1
cheap_PR_MG,759,1,1
cheap_PR_MG,760,1,1
cheap_PR_MG,761,1,1
cheap_PR_MG,762,-1,-1
cheap_PR_MG,763,1,1
cheap_PR_MG,764,1,1
cheap_PR_MG,765,1,1
cheap_PR_MG,766,1,1
cheap_PR_MG,767,1,1
cheap_PR_MG,768,1,1
cheap_PR_MG,769,1,1
cheap_PR_MG,770,1,1
cheap_PR_MG,771,1,1
cheap_PR_MG,772,1,1
cheap_PR_MG,773,1,1
cheap_PR_MG,774,1,1
cheap_PR_MG,775,1,1
cheap_PR_MG,776,1,1
cheap_PR_MG,777,-1,-1
cheap_PR_MG,778,1,1
cheap_PR_MG,779,1,1
cheap_PR_MG,780,1,1
cheap_PR_MG,781,-1,-1
cheap_PR_MG,782,1,1
cheap_PR_MG,783,1,1
cheap_PR_MG,784,1,1
cheap_PR_MG,785,1,1
cheap_PR_MG,786,1,1
cheap_PR_MG,787,1,1
cheap_PR_MG,788,1,1
cheap_PR_MG,789,1,1
cheap_PR_MG,790,1,1
cheap_PR_MG,791,1,1
cheap_PR_MG,792,-1,-1
cheap_PR_MG,793,1,1
cheap_PR_MG,794,1,1
cheap_PR_MG,795,1,1
cheap_PR_MG,796,1,1
cheap_PR_MG,797,1,1
cheap_PR_MG,798,1,1
cheap_PR_MG,799,1,1
cheap_PR_MG,800,1,1
cheap_PR_MG,801,1,1
cheap_PR_MG,802,1,1
cheap_PR_MG,803,-1,-1
cheap_PR_MG,804,1,1
cheap_PR_MG,805,1,1
cheap_PR_MG,806,1,1
cheap_PR_MG,807,1,1
cheap_PR_MG,808,1,1
cheap_PR_MG,809,1,1
cheap_PR_MG,810,1,1
cheap_PR_MG,811,1,1
cheap_PR_MG,812,1,1
cheap_PR_MG,813,-1,-1
cheap_PR_MG,814,-1,-1
cheap_PR_MG,815,1,1
cheap_PR_MG,816,1,1
cheap_PR_MG,817,-1,-1
cheap_PR_MG,818,1,1
cheap_PR_MG,819,1,1
cheap_PR_MG,820,1,1
cheap_PR_MG,821,1,1
cheap_PR_MG,822,1,1
cheap_PR_MG,823,1,1
cheap_PR_MG,824,1,1
cheap_PR_MG,825,1,1
cheap_PR_MG,826,1,1
cheap_PR_MG,827,1,1
cheap_PR_MG,828,1,1
cheap_PR_MG,829,1,1
cheap_PR_MG,830,1,1
cheap_PR_MG,831,1,1
cheap_PR_MG,832,1,1
cheap_PR_MG,833,1,1
cheap_PR_MG,834,1,1
cheap_PR_MG,835,1,1
cheap_PR_MG,836,1,1
cheap_PR_MG,837,1,1
cheap_PR_MG,838,1,1
cheap_PR_MG,839,1,1
cheap_PR_MG,840,1,1
cheap_PR_MG,841,1,1
cheap_PR_MG,842,1,1
cheap_PR_MG,843,1,1
cheap_PR_MG,844,1,1
cheap_PR_MG,845,1,1
cheap_PR_MG,846,1,1
cheap_PR_MG,847,1,1
cheap_PR_MG,848,1,1
cheap_PR_MG,849,1,1
cheap_PR_MG,850,1,1
cheap_PR_MG,851,1,1
cheap_PR_MG,852,1,1
cheap_PR_MG,853,1,1
cheap_PR_MG,854,1,1
cheap_PR_MG,855,1,1
cheap_PR_MG,856,1,1
cheap_PR_MG,857,1,1
cheap_PR_MG,858,-1,-1
cheap_PR_MG,859,-1,-1
cheap_PR_MG,860,1,1
cheap_PR_MG,861,-1,-1
cheap_PR_MG,862,1,1
cheap_PR_MG,863,1,1
cheap_PR_MG,864,1,1
cheap_PR_MG,865,1,1
cheap_PR_MG,866,1,1
cheap_PR_MG,867,1,1
cheap_PR_MG,868,-1,-1
cheap_PR_MG,869,1,1
cheap_PR_MG,870,1,1
cheap_PR_MG,871,1,1
cheap_PR_MG,872,1,1
cheap_PR_MG,873,1,1
cheap_PR_MG,874,1,1
cheap_PR_MG,875,1,1
cheap_PR_MG,876,-1,-1
cheap_PR_MG,877,1,1
cheap_PR_MG,878,1,1
cheap_PR_MG,879,-1,-1
cheap_PR_MG,880,1,1
cheap_PR_MG,881,1,1
cheap_PR_MG,882,1,1
cheap_PR_MG,883,1,1
cheap_PR_MG,884,1,1
cheap_PR_MG,885,1,1
cheap_PR_MG,886,1,1
cheap_PR_MG,887,1,1
cheap_PR_MG,888,1,1
cheap_PR_MG,889,1,1
cheap_PR_MG,890,1,1
cheap_PR_MG,891,1,1
cheap_PR_MG,892,1,1
cheap_PR_MG,893,1,1
cheap_PR_MG,894,1,1
cheap_PR_MG,895,1,1
cheap_PR_MG,896,1,1
cheap_PR_MG,897,1,1
cheap_PR_MG,898,-1,-1
cheap_PR_MG,899,1,1
cheap_PR_MG,900,1,1
cheap_PR_MG,901,1,1
cheap_PR_MG,902,1,1
cheap_PR_MG,903,1,1
cheap_PR_MG,904,1,1
cheap_PR_MG,905,1,1
cheap_PR_MG,906,1,1
cheap_PR_MG,907,1,1
cheap_PR_MG,908,1,1
cheap_PR_MG,909,1,1
cheap_PR_MG,910,1,1
cheap_PR_MG,911,1,1
cheap_PR_MG,912,1,1
cheap_PR_MG,913,1,1
cheap_PR_MG,914,1,1
cheap_PR_MG,915,1,1
cheap_PR_MG,916,1,1
cheap_PR_MG,917,1,1
cheap_PR_MG,918,-1,-1
cheap_PR_MG,919,-1,-1
cheap_PR_MG,920,1,1
cheap_PR_MG,921,1,1
cheap_PR_MG,922,1,1
cheap_PR_MG,923,1,1
cheap_PR_MG,924,-1,-1
cheap_PR_MG,925,-1,-1
cheap_PR_MG,926,1,1
cheap_PR_MG,927,1,1
cheap_PR_MG,928,1,1
cheap_PR_MG,929,1,1
cheap_PR_MG,930,1,1
cheap_PR_MG,931,1,1
cheap_PR_MG,932,1,1
cheap_PR_MG,933,-1,-1
cheap_PR_MG,934,1,1
cheap_PR_MG,935,-1,-1
cheap_PR_MG,936,1,1
cheap_PR_MG,937,1,1
cheap_PR_MG,938,1,1
cheap_PR_MG,939,1,1
cheap_PR_MG,940,1,1
cheap_PR_MG,941,1,1
cheap_PR_MG,942,1,1
cheap_PR_MG,943,1,1
cheap_PR_MG,944,1,1
cheap_PR_MG,945,1,1
cheap_PR_MG,946,1,1
cheap_PR_MG,947,1,1
cheap_PR_MG,948,1,1
cheap_PR_MG,949,1,1
cheap_PR_MG,950,1,1
cheap_PR_MG,951,1,1
cheap_PR_MG,952,1,1
cheap_PR_MG,953,1,1
cheap_PR_MG,954,-1,-1
cheap_PR_MG,955,1,1
cheap_PR_MG,956,-1,-1
cheap_PR_MG,957,1,1
cheap_PR_MG,958,1,1
cheap_PR_MG,959,1,1
cheap_PR_MG,960,1,1
cheap_PR_MG,961,1,1
cheap_PR_MG,962,1,1
cheap_PR_MG,963,1,1
cheap_PR_MG,964,1,1
cheap_PR_MG,965,1,1
cheap_PR_MG,966,1,1
cheap_PR_MG,967,1,1
cheap_PR_MG,968,1,1
cheap_PR_MG,969,1,1
cheap_PR_MG,970,1,1
cheap_PR_MG,971,1,1
cheap_PR_MG,972,1,1
cheap_PR_MG,973,1,1
cheap_PR_MG,974,1,1
cheap_PR_MG,975,1,1
cheap_PR_MG,976,1,1
cheap_PR_MG,977,1,1
cheap_PR_MG,978,1,1
cheap_PR_MG,979,1,1
cheap_PR_MG,980,1,1
cheap_PR_MG,981,1,1
cheap_PR_MG,982,1,1
cheap_PR_MG,983,1,1
cheap_PR_MG,984,1,1
cheap_PR_MG,985,1,1
cheap_PR_MG,986,1,1
cheap_PR_MG,987,1,1
cheap_PR_MG,988,-1,-1
cheap_PR_MG,989,1,1
cheap_PR_MG,990,1,1
cheap_PR_MG,991,1,1
cheap_PR_MG,992,1,1
cheap_PR_MG,993,1,1
cheap_PR_MG,994,-1,-1
cheap_PR_MG,995,1,1
cheap_PR_MG,996,1,1
cheap_PR_MG,997,1,1
cheap_PR_MG,998,1,1
cheap_PR_MG,999,1,1
cheap_PR_MG,1000,1,1
cheap_PR_MG,1001,1,1
cheap_PR_MG,1002,1,1
cheap_PR_MG,1003,1,1
cheap_PR_MG,1004,1,1
cheap_PR_MG,1005,-1,-1
cheap_PR_MG,1006,1,1
cheap_PR_MG,1007,1,1
cheap_PR_MG,1008,1,1
cheap_PR_MG,1009,1,1
cheap_PR_MG,1010,1,1
cheap_PR_MG,1011,1,1
cheap_PR_MG,1012,-1,-1
cheap_PR_MG,1013,1,1
cheap_PR_MG,1014,1,1
cheap_PR_MG,1015,1,1
cheap_PR_MG,1016,1,1
cheap_PR_MG,1017,1,1
cheap_PR_MG,1018,1,1
cheap_PR_MG,1019,-1,-1
cheap_PR_MG,1020,1,1
cheap_PR_MG,1021,-1,-1
cheap_PR_MG,1022,1,1
cheap_PR_MG,1023,1,1
cheap_PR_MG,1024,1,1
cheap_PR_MG,1025,1,1
cheap_PR_MG,1026,1,1
cheap_PR_MG,1027,1,1
cheap_PR_MG,1028,1,1
cheap_PR_MG,1029,1,1
cheap_PR_MG,1030,1,1
cheap_PR_MG,1031,1,1
cheap_PR_MG,1032,1,1
cheap_PR_MG,1033,1,1
cheap_PR_MG,1034,1,1
cheap_PR_MG,1035,1,1
cheap_PR_MG,1036,1,1
cheap_PR_MG,1037,1,1
cheap_PR_MG,1038,1,1
cheap_PR_MG,1039,1,1
cheap_PR_MG,1040,1,1
cheap_PR_MG,1041,1,1
cheap_PR_MG,1042,-1,-1
cheap_PR_MG,1043,1,1
cheap_PR_MG,1044,1,1
cheap_PR_MG,1045,1,1
cheap_PR_MG,1046,1,1
cheap_PR_MG,1047,1,1
cheap_PR_MG,1048,-1,-1
cheap_PR_MG,1049,1,1
cheap_PR_MG,1050,1,1
cheap_PR_MG,1051,1,1
cheap_PR_MG,1052,-1,-1
cheap_PR_MG,1053,1,1
cheap_PR_MG,1054,1,1
cheap_PR_MG,1055,1,1
cheap_PR_MG,1056,-1,-1
cheap_PR_MG,1057,1,1
cheap_PR_MG,1058,1,1
cheap_PR_MG,1059,1,1
cheap_PR_MG,1060,1,1
cheap_PR_MG,1061,1,1
cheap_PR_MG,1062,1,1
cheap_PR_MG,1063,1,1
cheap_PR_MG,1064,1,1
cheap_PR_MG,1065,1,1
cheap_PR_MG,1066,1,1
cheap_PR_MG,1067,-1,-1
cheap_PR_MG,1068,1,1
cheap_PR_MG,1069,1,1
cheap_PR_MG,1070,1,1
cheap_PR_MG,1071,1,1
cheap_PR_MG,1072,1,1
cheap_PR_MG,1073,1,1
cheap_PR_MG,1074,1,1
cheap_PR_MG,1075,1,1
cheap_PR_MG,1076,1,1
cheap_PR_MG,1077,1,1
cheap_PR_MG,1078,1,1
cheap_PR_MG,1079,1,1
cheap_PR_MG,1080,1,1
cheap_PR_MG,1081,1,1
cheap_PR_MG,1082,1,1
cheap_PR_MG,1083,1,1
cheap_PR_MG,1084,1,1
cheap_PR_MG,1085,1,1
cheap_PR_MG,1086,1,1
cheap_PR_MG,1087,1,1
cheap_PR_MG,1088,1,1
cheap_PR_MG,1089,1,1
cheap_PR_MG,1090,1,1
cheap_PR_MG,1091,1,1
cheap_PR_MG,1092,1,1
cheap_PR_MG,1093,1,1
cheap_PR_MG,1094,1,1
cheap_PR_MG,1095,1,1
cheap_PR_MG,1096,1,1
cheap_PR_MG,1097,1,1
cheap_PR_MG,1098,1,1
cheap_PR_MG,1099,-1,-1
cheap_PR_MG,1100,1,1
cheap_PR_MG,1101,1,1
cheap_PR_MG,1102,1,1
cheap_PR_MG,1103,1,1
cheap_PR_MG,1104,1,1
cheap_PR_MG,1105,1,1
cheap_PR_MG,1106,1,1
cheap_PR_MG,1107,1,1
cheap_PR_MG,1108,1,1
cheap_PR_MG,1109,-1,-1
cheap_PR_MG,1110,1,1
cheap_PR_MG,1111,1,1
cheap_PR_MG,1112,1,1
cheap_PR_MG,1113,1,1
cheap_PR_MG,1114,1,1
cheap_PR_MG,1115,1,1
cheap_PR_MG,1116,1,1
cheap_PR_MG,1117,1,1
cheap_PR_MG,1118,1,1
cheap_PR_MG,1119,1,1
cheap_PR_MG,1120,1,1
cheap_PR_MG,1121,1,1
cheap_PR_MG,1122,1,1
cheap_PR_MG,1123,1,1
cheap_PR_MG,1124,1,1
cheap_PR_MG,1125,1,1
cheap_PR_MG,1126,1,1
cheap_PR_MG,1127,1,1
cheap_PR_MG,1128,1,1
cheap_PR_MG,1129,1,1
cheap_PR_MG,1130,1,1
cheap_PR_MG,1131,1,1
cheap_PR_MG,1132,1,1
cheap_PR_MG,1133,1,1
cheap_PR_MG,1134,-1,-1
cheap_PR_MG,1135,-1,-1
cheap_PR_MG,1136,1,1
cheap_PR_MG,1137,1,1
cheap_PR_MG,1138,1,1
cheap_PR_MG,1139,1,1
cheap_PR_MG,1140,1,1
cheap_PR_MG,1141,1,1
cheap_PR_MG,1142,1,1
cheap_PR_MG,1143,1,1
cheap_PR_MG,1144,1,1
cheap_PR_MG,1145,-1,-1
cheap_PR_MG,1146,1,1
cheap_PR_MG,1147,1,1
cheap_PR_MG,1148,1,1
cheap_PR_MG,1149,-1,-1
cheap_PR_MG,1150,1,1
cheap_PR_MG,1151,1,1
cheap_PR_MG,1152,1,1
cheap_PR_MG,1153,1,1
cheap_PR_MG,1154,1,1
cheap_PR_MG,1155,1,1
cheap_PR_MG,1156,-1,-1
cheap_PR_MG,1157,1,1
cheap_PR_MG,1158,1,1
cheap_PR_MG,1159,1,1
cheap_PR_MG,1160,1,1
cheap_PR_MG,1161,1,1
cheap_PR_MG,1162,1,1
cheap_PR_MG,1163,1,1
cheap_PR_MG,1164,1,1
cheap_PR_MG,1165,-1,-1
cheap_PR_MG,1166,1,1
cheap_PR_MG,1167,1,1
cheap_PR_MG,1168,-1,-1
cheap_PR_MG,1169,1,1
cheap_PR_MG,1170,1,1
cheap_PR_MG,1171,1,1
cheap_PR_MG,1172,1,1
cheap_PR_MG,1173,-1,-1
cheap_PR_MG,1174,1,1
cheap_PR_MG,1175,1,1
cheap_PR_MG,1176,1,1
cheap_PR_MG,1177,1,1
cheap_PR_MG,1178,1,1
cheap_PR_MG,1179,1,1
cheap_PR_MG,1180,-1,-1
cheap_PR_MG,1181,1,1
cheap_PR_MG,1182,1,1
cheap_PR_MG,1183,1,1
cheap_PR_MG,1184,1,1
cheap_PR_MG,1185,1,1
cheap_PR_MG,1186,1,1
cheap_PR_MG,1187,1,1
cheap_PR_MG,1188,1,1
cheap_PR_MG,1189,1,1
cheap_PR_MG,1190,1,1
cheap_PR_MG,1191,1,1
cheap_PR_MG,1192,1,1
cheap_PR_MG,1193,1,1
cheap_PR_MG,1194,1,1
cheap_PR_MG,1195,-1,-1
cheap_PR_MG,1196,1,1
cheap_PR_MG,1197,1,1
cheap_PR_MG,1198,1,1
cheap_PR_MG,1199,1,1
cheap_PR_MG,1200,-1,-1
cheap_PR_MG,1201,1,1
cheap_PR_MG,1202,1,1
cheap_PR_MG,1203,1,1
cheap_PR_MG,1204,1,1
cheap_PR_MG,1205,1,1
cheap_PR_MG,1206,1,1
cheap_PR_MG,1207,1,1
cheap_PR_MG,1208,1,1
cheap_PR_MG,1209,1,1
cheap_PR_MG,1210,1,1
cheap_PR_MG,1211,1,1
cheap_PR_MG,1212,1,1
cheap_PR_MG,1213,-1,-1
cheap_PR_MG,1214,1,1
cheap_PR_MG,1215,1,1
cheap_PR_MG,1216,1,1
cheap_PR_MG,1217,1,1
cheap_PR_MG,1218,1,1
cheap_PR_MG,1219,1,1
cheap_PR_MG,1220,1,1
cheap_PR_MG,1221,1,1
cheap_PR_MG,1222,1,1
cheap_PR_MG,1223,-1,-1
cheap_PR_MG,1224,-1,-1
cheap_PR_MG,1225,1,1
cheap_PR_MG,1226,-1,-1
cheap_PR_MG,1227,1,1
cheap_PR_MG,1228,1,1
cheap_PR_MG,1229,1,1
cheap_PR_MG,1230,1,1
cheap_PR_MG,1231,1,1
cheap_PR_MG,1232,1,1
cheap_PR_MG,1233,1,1
cheap_PR_MG,1234,1,1
cheap_PR_MG,1235,1,1
cheap_PR_MG,1236,1,1
cheap_PR_MG,1237,1,1
cheap_PR_MG,1238,1,1
cheap_PR_MG,1239,1,1
cheap_PR_MG,1240,1,1
cheap_PR_MG,1241,1,1
cheap_PR_MG,1242,1,1
cheap_PR_MG,1243,1,1
cheap_PR_MG,1244,1,1
cheap_PR_MG,1245,-1,-1
cheap_PR_MG,1246,1,1
cheap_PR_MG,1247,1,1
cheap_PR_MG,1248,1,1
cheap_PR_MG,1249,1,1
cheap_PR_MG,1250,1,1
cheap_PR_MG,1251,1,1
cheap_PR_MG,1252,1,1
cheap_PR_MG,1253,1,1
cheap_PR_MG,1254,1,1
cheap_PR_MG,1255,1,1
cheap_PR_MG,1256,1,1
cheap_PR_MG,1257,-1,-1
cheap_PR_MG,1258,1,1
cheap_PR_MG,1259,-1,-1
cheap_PR_MG,1260,1,1
cheap_PR_MG,1261,1,1
cheap_PR_MG,1262,1,1
cheap_PR_MG,1263,1,1
cheap_PR_MG,1264,1,1
cheap_PR_MG,1265,1,1
cheap_PR_MG,1266,1,1
cheap_PR_MG,1267,1,1
cheap_PR_MG,1268,1,1
cheap_PR_MG,1269,1,1
cheap_PR_MG,1270,1,1
cheap_PR_MG,1271,1,1
cheap_PR_MG,1272,1,1
cheap_PR_MG,1273,1,1
cheap_PR_MG,1274,-1,-1
cheap_PR_MG,1275,1,1
cheap_PR_MG,1276,1,1
cheap_PR_MG,1277,1,1
cheap_PR_MG,1278,1,1
cheap_PR_MG,1279,1,1
cheap_PR_MG,1280,1,1
cheap_PR_MG,1281,1,1
cheap_PR_MG,1282,1,1
cheap_PR_MG,1283,1,1
cheap_PR_MG,1284,1,1
cheap_PR_MG,1285,1,1
cheap_PR_MG,1286,1,1
cheap_PR_MG,1287,1,1
cheap_PR_MG,1288,1,1
cheap_PR_MG,1289,1,1
cheap_PR_MG,1290,1,1
cheap_PR_MG,1291,1,1
cheap_PR_MG,1292,1,1
cheap_PR_MG,1293,1,1
cheap_PR_MG,1294,1,1
cheap_PR_MG,1295,1,1
cheap_PR_MG,1296,1,1
cheap_PR_MG,1297,1,1
cheap_PR_MG,1298,1,1
cheap_PR_MG,1299,1,1
cheap_PR_MG,1300,1,1
cheap_PR_MG,1301,1,1
cheap_PR_MG,1302,1,1
cheap_PR_MG,1303,1,1
cheap_PR_MG,1304,1,1
cheap_PR_MG,1305,1,1
cheap_PR_MG,1306,1,1
cheap_PR_MG,1307,1,1
cheap_PR_MG,1308,1,1
cheap_PR_MG,1309,1,1
cheap_PR_MG,1310,-1,-1
cheap_PR_MG,1311,1,1
cheap_PR_MG,1312,1,1
cheap_PR_MG,1313,1,1
cheap_PR_MG,1314,1,1
cheap_PR_MG,1315,1,1
cheap_PR_MG,1316,1,1
cheap_PR_MG,1317,1,1
cheap_PR_MG,1318,1,1
cheap_PR_MG,1319,1,1
cheap_PR_MG,1320,1,1
cheap_PR_MG,1321,1,1
cheap_PR_MG,1322,1,1
cheap_PR_MG,1323,1,1
cheap_PR_MG,1324,1,1
cheap_PR_MG,1325,1,1
cheap_PR_MG,1326,1,1
cheap_PR_MG,1327,1,1
cheap_PR_MG,1328,1,1
cheap_PR_MG,1329,1,1
cheap_PR_MG,1330,1,1
cheap_PR_MG,1331,-1,-1
cheap_PR_MG,1332,-1,-1
cheap_PR_MG,1333,1,1
cheap_PR_MG,1334,1,1
cheap_PR_MG,1335,1,1
cheap_PR_MG,1336,1,1
cheap_PR_MG,1337,1,1
cheap_PR_MG,1338,1,1
cheap_PR_MG,1339,1,1
cheap_PR_MG,1340,1,1
cheap_PR_MG,1341,1,1
cheap_PR_MG,1342,1,1
cheap_PR_MG,1343,1,1
cheap_PR_MG,1344,1,1
cheap_PR_MG,1345,1,1
cheap_PR_MG,1346,1,1
cheap_PR_MG,1347,1,1
cheap_PR_MG,1348,1,1
cheap_PR_MG,1349,-1,-1
cheap_PR_MG,1350,1,1
cheap_PR_MG,1351,1,1
cheap_PR_MG,1352,1,1
cheap_PR_MG,1353,1,1
cheap_PR_MG,1354,1,1
cheap_PR_MG,1355,1,1
cheap_PR_MG,1356,1,1
cheap_PR_MG,1357,-1,-1
cheap_PR_MG,1358,1,1
cheap_PR_MG,1359,1,1
cheap_PR_MG,1360,1,1
cheap_PR_MG,1361,1,1
cheap_PR_MG,1362,1,1
cheap_PR_MG,1363,1,1
cheap_PR_MG,1364,1,1
cheap_PR_MG,1365,-1,-1
cheap_PR_MG,1366,-1,-1
cheap_PR_MG,1367,1,1
cheap_PR_MG,1368,1,1
cheap_PR_MG,1369,1,1
cheap_PR_MG,1370,-1,-1
cheap_PR_MG,1371,1,1
cheap_PR_MG,1372,1,1
cheap_PR_MG,1373,1,1
cheap_PR_MG,1374,1,1
cheap_PR_MG,1375,1,1
cheap_PR_MG,1376,1,1
cheap_PR_MG,1377,1,1
cheap_PR_MG,1378,1,1
cheap_PR_MG,1379,1,1
cheap_PR_MG,1380,1,1
cheap_PR_MG,1381,1,1
cheap_PR_MG,1382,1,1
cheap_PR_MG,1383,1,1
cheap_PR_MG,1384,1,1
cheap_PR_MG,1385,1,1
cheap_PR_MG,1386,1,1
cheap_PR_MG,1387,1,1
cheap_PR_MG,1388,1,1
cheap_PR_MG,1389,1,1
cheap_PR_MG,1390,1,1
cheap_PR_MG,1391,1,1
cheap_PR_MG,1392,1,1
cheap_PR_MG,1393,-1,-1
cheap_PR_MG,1394,1,1
cheap_PR_MG,1395,-1,-1
cheap_PR_MG,1396,1,1
cheap_PR_MG,1397,1,1
cheap_PR_MG,1398,1,1
cheap_PR_MG,1399,1,1
cheap_PR_MG,1400,-1,-1
cheap_PR_MG,1401,1,1
cheap_PR_MG,1402,1,1
cheap_PR_MG,1403,1,1
cheap_PR_MG,1404,1,1
cheap_PR_MG,1405,1,1
cheap_PR_MG,1406,1,1
cheap_PR_MG,1407,1,1
cheap_PR_MG,1408,1,1
cheap_PR_MG,1409,-1,-1
cheap_PR_MG,1410,1,1
cheap_PR_MG,1411,-1,-1
cheap_PR_MG,1412,1,1
cheap_PR_MG,1413,1,1
cheap_PR_MG,1414,1,1
cheap_PR_MG,1415,1,1
cheap_PR_MG,1416,1,1
cheap_PR_MG,1417,1,1
cheap_PR_MG,1418,1,1
cheap_PR_MG,1419,1,1
cheap_PR_MG,1420,1,1
cheap_PR_MG,1421,1,1
cheap_PR_MG,1422,1,1
cheap_PR_MG,1423,1,1
cheap_PR_MG,1424,1,1
cheap_PR_MG,1425,1,1
cheap_PR_MG,1426,1,1
cheap_PR_MG,1427,1,1
cheap_PR_MG,1428,1,1
cheap_PR_MG,1429,1,1
cheap_PR_MG,1430,1,1
cheap_PR_MG,1431,1,1
cheap_PR_MG,1432,1,1
cheap_PR_MG,1433,1,1
cheap_PR_MG,1434,1,1
cheap_PR_MG,1435,1,1
cheap_PR_MG,1436,1,1
cheap_PR_MG,1437,-1,-1
cheap_PR_MG,1438,1,1
cheap_PR_MG,1439,1,1
cheap_PR_MG,1440,1,1
cheap_PR_MG,1441,1,1
cheap_PR_MG,1442,1,1
cheap_PR_MG,1443,1,1
cheap_PR_MG,1444,1,1
cheap_PR_MG,1445,1,1
cheap_PR_MG,1446,1,1
cheap_PR_MG,1447,1,1
cheap_PR_MG,1448,1,1
cheap_PR_MG,1449,1,1
cheap_PR_MG,1450,1,1
cheap_PR_MG,1451,1,1
cheap_PR_MG,1452,1,1
cheap_PR_MG,1453,1,1
cheap_PR_MG,1454,1,1
cheap_PR_MG,1455,1,1
cheap_PR_MG,1456,1,1
cheap_PR_MG,1457,1,1
cheap_PR_MG,1458,1,1
cheap_PR_MG,1459,1,1
cheap_PR_MG,1460,1,1
cheap_PR_MG,1461,1,1
cheap_PR_MG,1462,1,1
cheap_PR_MG,1463,1,1
cheap_PR_MG,1464,1,1
cheap_PR_MG,1465,1,1
cheap_PR_MG,1466,1,1
cheap_PR_MG,1467,1,1
cheap_PR_MG,1468,1,1
cheap_PR_MG,1469,1,1
cheap_PR_MG,1470,1,1
cheap_PR_MG,1471,1,1
cheap_PR_MG,1472,1,1
cheap_PR_MG,1473,1,1
cheap_PR_MG,1474,1,1
cheap_PR_MG,1475,1,1
cheap_PR_MG,1476,1,1
cheap_PR_MG,1477,1,1
cheap_PR_MG,1478,1,1
cheap_PR_MG,1479,1,1
cheap_PR_MG,1480,1,1
cheap_PR_MG,1481,1,1
cheap_PR_MG,1482,1,1
cheap_PR_MG,1483,1,1
cheap_PR_MG,1484,-1,-1
cheap_PR_MG,1485,1,1
cheap_PR_MG,1486,1,1
cheap_PR_MG,1487,1,1
cheap_PR_MG,1488,-1,-1
cheap_PR_MG,1489,1,1
cheap_PR_MG,1490,1,1
cheap_PR_MG,1491,-1,-1
cheap_PR_MG,1492,1,1
cheap_PR_MG,1493,1,1
cheap_PR_MG,1494,1,1
cheap_PR_MG,1495,1,1
cheap_PR_MG,1496,1,1
cheap_PR_MG,1497,1,1
cheap_PR_MG,1498,1,1
cheap_PR_MG,1499,1,1
cheap_PR_MG,1500,1,1
cheap_PR_MG,1501,1,1
cheap_PR_MG,1502,1,1
cheap_PR_MG,1503,-1,-1
cheap_PR_MG,1504,1,1
cheap_PR_MG,1505,1,1
cheap_PR_MG,1506,1,1
cheap_PR_MG,1507,1,1
cheap_PR_MG,1508,-1,-1
cheap_PR_MG,1509,1,1
cheap_PR_MG,1510,1,1
cheap_PR_MG,1511,1,1
cheap_PR_MG,1512,1,1
cheap_PR_MG,1513,1,1
cheap_PR_MG,1514,-1,-1
cheap_PR_MG,1515,1,1
cheap_PR_MG,1516,1,1
cheap_PR_MG,1517,1,1
cheap_PR_MG,1518,1,1
cheap_PR_MG,1519,1,1
cheap_PR_MG,1520,1,1
cheap_PR_MG,1521,1,1
cheap_PR_MG,1522,1,1
cheap_PR_MG,1523,-1,-1
cheap_PR_MG,1524,1,1
cheap_PR_MG,1525,1,1
cheap_PR_MG,1526,1,1
cheap_PR_MG,1527,1,1
cheap_PR_MG,1528,1,1
cheap_PR_MG,1529,1,1
cheap_PR_MG,1530,1,1
cheap_PR_MG,1531,1,1
cheap_PR_MG,1532,1,1
cheap_PR_MG,1533,1,1
cheap_PR_MG,1534,1,1
cheap_PR_MG,1535,1,1
cheap_PR_MG,1536,1,1
cheap_PR_MG,1537,1,1
cheap_PR_MG,1538,1,1
cheap_PR_MG,1539,1,1
cheap_PR_MG,1540,1,1
cheap_PR_MG,1541,1,1
cheap_PR_MG,1542,1,1
cheap_PR_MG,1543,-1,-1
cheap_PR_MG,1544,-1,-1
cheap_PR_MG,1545,1,1
cheap_PR_MG,1546,1,1
cheap_PR_MG,1547,1,1
cheap_PR_MG,1548,1,1
cheap_PR_MG,1549,1,1
cheap_PR_MG,1550,1,1
cheap_PR_MG,1551,-1,-1
cheap_PR_MG,1552,1,1
cheap_PR_MG,1553,1,1
cheap_PR_MG,1554,1,1
cheap_PR_MG,1555,1,1
cheap_PR_MG,1556,1,1
cheap_PR_MG,1557,1,1
cheap_PR_MG,1558,1,1
cheap_PR_MG,1559,1,1
cheap_PR_MG,1560,1,1
cheap_PR_MG,1561,-1,-1
cheap_PR_MG,1562,1,1
cheap_PR_MG,1563,1,1
cheap_PR_MG,1564,1,1
cheap_PR_MG,1565,-1,-1
cheap_PR_MG,1566,1,1
cheap_PR_MG,1567,1,1
cheap_PR_MG,1568,1,1
cheap_PR_MG,1569,1,1
cheap_PR_MG,1570,1,1
cheap_PR_MG,1571,1,1
cheap_PR_MG,1572,-1,-1
cheap_PR_MG,1573,1,1
cheap_PR_MG,1574,1,1
cheap_PR_MG,1575,1,1
cheap_PR_MG,1576,1,1
cheap_PR_MG,1577,1,1
cheap_PR_MG,1578,1,1
cheap_PR_MG,1579,1,1
cheap_PR_MG,1580,1,1
cheap_PR_MG,1581,-1,-1
cheap_PR_MG,1582,-1,-1
cheap_PR_MG,1583,1,1
cheap_PR_MG,1584,1,1
cheap_PR_MG,1585,1,1
cheap_PR_MG,1586,1,1
cheap_PR_MG,1587,1,1
cheap_PR_MG,1588,1,1
cheap_PR_MG,1589,1,1
cheap_PR_MG,1590,1,1
cheap_PR_MG,1591,1,1
cheap_PR_MG,1592,-1,-1
cheap_PR_MG,1593,1,1
cheap_PR_MG,1594,1,1
cheap_PR_MG,1595,1,1
cheap_PR_MG,1596,-1,-1
cheap_PR_MG,1597,1,1
cheap_PR_MG,1598,1,1
cheap_PR_MG,1599,1,1
cheap_PR_MG,1600,1,1
cheap_PR_MG,1601,1,1
cheap_PR_MG,1602,1,1
cheap_PR_MG,1603,-1,-1
cheap_PR_MG,1604,1,1
cheap_PR_MG,1605,1,1
cheap_PR_MG,1606,1,1
cheap_PR_MG,1607,1,1
cheap_PR_MG,1608,1,1
cheap_PR_MG,1609,1,1
cheap_PR_MG,1610,1,1
cheap_PR_MG,1611,1,1
cheap_PR_MG,1612,1,1
cheap_PR_MG,1613,1,1
cheap_PR_MG,1614,1,1
cheap_PR_MG,1615,1,1
cheap_PR_MG,1616,1,1
cheap_PR_MG,1617,-1,-1
cheap_PR_MG,1618,1,1
cheap_PR_MG,1619,-1,-1
cheap_PR_MG,1620,1,1
cheap_PR_MG,1621,1,1
cheap_PR_MG,1622,1,1
cheap_PR_MG,1623,-1,-1
cheap_PR_MG,1624,1,1
cheap_PR_MG,1625,-1,-1
cheap_PR_MG,1626,1,1
cheap_PR_MG,1627,1,1
cheap_PR_MG,1628,1,1
cheap_PR_MG,1629,1,1
cheap_PR_MG,1630,1,1
cheap_PR_MG,1631,1,1
cheap_PR_MG,1632,1,1
cheap_PR_MG,1633,1,1
cheap_PR_MG,1634,1,1
cheap_PR_MG,1635,1,1
cheap_PR_MG,1636,1,1
cheap_PR_MG,1637,1,1
cheap_PR_MG,1638,1,1
cheap_PR_MG,1639,1,1
cheap_PR_MG,1640,1,1
cheap_PR_MG,1641,1,1
cheap_PR_MG,1642,1,1
cheap_PR_MG,1643,1,1
cheap_PR_MG,1644,-1,-1
cheap_PR_MG,1645,1,1
cheap_PR_MG,1646,1,1
cheap_PR_MG,1647,1,1
cheap_PR_MG,1648,1,1
cheap_PR_MG,1649,1,1
cheap_PR_MG,1650,1,1
cheap_PR_MG,1651,1,1
cheap_PR_MG,1652,1,1
cheap_PR_MG,1653,-1,-1
cheap_PR_MG,1654,1,1
cheap_PR_MG,1655,-1,-1
cheap_PR_MG,1656,1,1
cheap_PR_MG,1657,-1,-1
cheap_PR_MG,1658,-1,-1
cheap_PR_MG,1659,1,1
cheap_PR_MG,1660,1,1
cheap_PR_MG,1661,1,1
cheap_PR_MG,1662,1,1
cheap_PR_MG,1663,-1,-1
cheap_PR_MG,1664,1,1
cheap_PR_MG,1665,1,1
cheap_PR_MG,1666,1,1
cheap_PR_MG,1667,1,1
cheap_PR_MG,1668,1,1
cheap_PR_MG,1669,1,1
cheap_PR_MG,1670,1,1
cheap_PR_MG,1671,1,1
cheap_PR_MG,1672,1,1
cheap_PR_MG,1673,1,1
cheap_PR_MG,1674,1,1
cheap_PR_MG,1675,1,1
cheap_PR_MG,1676,1,1
cheap_PR_MG,1677,1,1
cheap_PR_MG,1678,1,1
cheap_PR_MG,1679,1,1
cheap_PR_MG,1680,1,1
cheap_PR_MG,1681,1,1
cheap_PR_MG,1682,1,1
cheap_PR_MG,1683,1,1
cheap_PR_MG,1684,1,1
cheap_PR_MG,1685,1,1
cheap_PR_MG,1686,1,1
cheap_PR_MG,1687,1,1
cheap_PR_MG,1688,-1,-1
cheap_PR_MG,1689,1,1
cheap_PR_MG,1690,-1,-1
cheap_PR_MG,1691,1,1
cheap_PR_MG,1692,1,1
cheap_PR_MG,1693,1,1
cheap_PR_MG,1694,1,1
cheap_PR_MG,1695,1,1
cheap_PR_MG,1696,1,1
cheap_PR_MG,1697,1,1
cheap_PR_MG,1698,1,1
cheap_PR_MG,1699,1,1
cheap_PR_MG,1700,1,1
cheap_PR_MG,1701,1,1
cheap_PR_MG,1702,1,1
cheap_PR_MG,1703,1,1
cheap_PR_MG,1704,1,1
cheap_PR_MG,1705,1,1
cheap_PR_MG,1706,1,1
cheap_PR_MG,1707,1,1
cheap_PR_MG,1708,1,1
cheap_PR_MG,1709,1,1
cheap_PR_MG,1710,1,1
cheap_PR_MG,1711,1,1
cheap_PR_MG,1712,1,1
cheap_PR_MG,1713,1,1
cheap_PR_MG,1714,1,1
cheap_PR_MG,1715,1,1
cheap_PR_MG,1716,1,1
cheap_PR_MG,1717,1,1
cheap_PR_MG,1718,1,1
cheap_PR_MG,1719,1,1
cheap_PR_MG,1720,1,1
cheap_PR_MG,1721,1,1
cheap_PR_MG,1722,1,1
cheap_PR_MG,1723,1,1
cheap_PR_MG,1724,1,1
cheap_PR_MG,1725,1,1
cheap_PR_MG,1726,1,1
cheap_PR_MG,1727,1,1
cheap_PR_MG,1728,1,1
cheap_PR_MG,1729,1,1
cheap_PR_MG,1730,1,1
cheap_PR_MG,1731,1,1
cheap_PR_MG,1732,1,1
cheap_PR_MG,1733,-1,-1
cheap_PR_MG,1734,1,1
cheap_PR_MG,1735,1,1
cheap_PR_MG,1736,1,1
cheap_PR_MG,1737,1,1
cheap_PR_MG,1738,1,1
cheap_PR_MG,1739,1,1
cheap_PR_MG,1740,1,1
cheap_PR_MG,1741,1,1
cheap_PR_MG,1742,1,1
cheap_PR_MG,1743,1,1
cheap_PR_MG,1744,-1,-1
cheap_PR_MG,1745,1,1
cheap_PR_MG,1746,1,1
cheap_PR_MG,1747,1,1
cheap_PR_MG,1748,1,1
cheap_PR_MG,1749,1,1
cheap_PR_MG,1750,1,1
cheap_PR_MG,1751,-1,-1
cheap_PR_MG,1752,1,1
cheap_PR_MG,1753,-1,-1
cheap_PR_MG,1754,1,1
cheap_PR_MG,1755,1,1
cheap_PR_MG,1756,1,1
cheap_PR_MG,1757,1,1
cheap_PR_MG,1758,1,1
cheap_PR_MG,1759,1,1
cheap_PR_MG,1760,1,1
cheap_PR_MG,1761,1,1
cheap_PR_MG,1762,1,1
cheap_PR_MG,1763,1,1
cheap_PR_MG,1764,1,1
cheap_PR_MG,1765,1,1
cheap_PR_MG,1766,1,1
cheap_PR_MG,1767,1,1
cheap_PR_MG,1768,1,1
cheap_PR_MG,1769,1,1
cheap_PR_MG,1770,1,1
cheap_PR_MG,1771,1,1
cheap_PR_MG,1772,1,1
cheap_PR_MG,1773,1,1
cheap_PR_MG,1774,1,1
cheap_PR_MG,1775,1,1
cheap_PR_MG,1776,1,1
cheap_PR_MG,1777,1,1
cheap_PR_MG,1778,-1,-1
cheap_PR_MG,1779,1,1
cheap_PR_MG,1780,1,1
cheap_PR_MG,1781,1,1
cheap_PR_MG,1782,1,1
cheap_PR_MG,1783,1,1
cheap_PR_MG,1784,1,1
cheap_PR_MG,1785,1,1
cheap_PR_MG,1786,1,1
cheap_PR_MG,1787,1,1
cheap_PR_MG,1788,1,1
cheap_PR_MG,1789,-1,-1
cheap_PR_MG,1790,1,1
cheap_PR_MG,1791,1,1
cheap_PR_MG,1792,1,1
cheap_PR_MG,1793,1,1
cheap_PR_MG,1794,1,1
cheap_PR_MG,1795,1,1
cheap_PR_MG,1796,-1,-1
cheap_PR_MG,1797,1,1
cheap_PR_MG,1798,1,1
cheap_PR_MG,1799,1,1
cheap_PR_MG,1800,-1,-1
cheap_PR_MG,1801,1,1
cheap_PR_MG,1802,1,1
cheap_PR_MG,1803,1,1
cheap_PR_MG,1804,1,1
cheap_PR_MG,1805,1,1
cheap_PR_MG,1806,1,1
cheap_PR_MG,1807,1,1
cheap_PR_MG,1808,1,1
cheap_PR_MG,1809,1,1
cheap_PR_MG,1810,1,1
cheap_PR_MG,1811,1,1
cheap_PR_MG,1812,1,1
cheap_PR_MG,1813,1,1
cheap_PR_MG,1814,1,1
cheap_PR_MG,1815,1,1
cheap_PR_MG,1816,1,1
cheap_PR_MG,1817,1,1
cheap_PR_MG,1818,1,1
cheap_PR_MG,1819,1,1
cheap_PR_MG,1820,-1,-1
cheap_PR_MG,1821,1,1
cheap_PR_MG,1822,1,1
cheap_PR_MG,1823,1,1
cheap_PR_MG,1824,1,1
cheap_PR_MG,1825,1,1
cheap_PR_MG,1826,1,1
cheap_PR_MG,1827,1,1
cheap_PR_MG,1828,1,1
cheap_PR_MG,1829,1,1
cheap_PR_MG,1830,1,1
cheap_PR_MG,1831,1,1
cheap_PR_MG,1832,1,1
cheap_PR_MG,1833,1,1
cheap_PR_MG,1834,1,1
cheap_PR_MG,1835,1,1
cheap_PR_MG,1836,1,1
cheap_PR_MG,1837,1,1
cheap_PR_MG,1838,1,1
cheap_PR_MG,1839,1,1
cheap_PR_MG,1840,1,1
cheap_PR_MG,1841,1,1
cheap_PR_MG,1842,1,1
cheap_PR_MG,1843,1,1
cheap_PR_MG,1844,1,1
cheap_PR_MG,1845,1,1
cheap_PR_MG,1846,1,1
cheap_PR_MG,1847,1,1
cheap_PR_MG,1848,1,1
cheap_PR_MG,1849,1,1
cheap_PR_MG,1850,1,1
cheap_PR_MG,1851,1,1
cheap_PR_MG,1852,1,1
cheap_PR_MG,1853,1,1
cheap_PR_MG,1854,-1,-1
cheap_PR_MG,1855,1,1
cheap_PR_MG,1856,1,1
cheap_PR_MG,1857,1,1
cheap_PR_MG,1858,1,1
cheap_PR_MG,1859,1,1
cheap_PR_MG,1860,1,1
cheap_PR_MG,1861,1,1
cheap_PR_MG,1862,1,1
cheap_PR_MG,1863,1,1
cheap_PR_MG,1864,1,1
cheap_PR_MG,1865,1,1
cheap_PR_MG,1866,-1,-1
cheap_PR_MG,1867,1,1
cheap_PR_MG,1868,-1,-1
cheap_PR_MG,1869,1,1
cheap_PR_MG,1870,1,1
cheap_PR_MG,1871,1,1
cheap_PR_MG,1872,1,1
cheap_PR_MG,1873,1,1
cheap_PR_MG,1874,1,1
cheap_PR_MG,1875,1,1
cheap_PR_MG,1876,1,1
cheap_PR_MG,1877,1,1
cheap_PR_MG,1878,1,1
cheap_PR_MG,1879,1,1
cheap_PR_MG,1880,-1,-1
cheap_PR_MG,1881,1,1
cheap_PR_MG,1882,1,1
cheap_PR_MG,1883,1,1
cheap_PR_MG,1884,1,1
cheap_PR_MG,1885,-1,-1
cheap_PR_MG,1886,1,1
cheap_PR_MG,1887,1,1
cheap_PR_MG,1888,1,1
cheap_PR_MG,1889,1,1
cheap_PR_MG,1890,-1,-1
cheap_PR_MG,1891,1,1
cheap_PR_MG,1892,1,1
cheap_PR_MG,1893,1,1
cheap_PR_MG,1894,-1,-1
cheap_PR_MG,1895,1,1
cheap_PR_MG,1896,1,1
cheap_PR_MG,1897,1,1
cheap_PR_MG,1898,1,1
cheap_PR_MG,1899,1,1
cheap_PR_MG,1900,1,1
cheap_PR_MG,1901,1,1
cheap_PR_MG,1902,-1,-1
cheap_PR_MG,1903,1,1
cheap_PR_MG,1904,-1,-1
cheap_PR_MG,1905,-1,-1
cheap_PR_MG,1906,1,1
cheap_PR_MG,1907,1,1
cheap_PR_MG,1908,1,1
cheap_PR_MG,1909,1,1
cheap_PR_MG,1910,1,1
cheap_PR_MG,1911,1,1
cheap_PR_MG,1912,1,1
cheap_PR_MG,1913,1,1
cheap_PR_MG,1914,1,1
cheap_PR_MG,1915,1,1
cheap_PR_MG,1916,-1,-1
cheap_PR_MG,1917,1,1
cheap_PR_MG,1918,1,1
cheap_PR_MG,1919,1,1
cheap_PR_MG,1920,1,1
cheap_PR_MG,1921,1,1
cheap_PR_MG,1922,1,1
cheap_PR_MG,1923,1,1
cheap_PR_MG,1924,1,1
cheap_PR_MG,1925,1,1
cheap_PR_MG,1926,1,1
cheap_PR_MG,1927,1,1
cheap_PR_MG,1928,1,1
cheap_PR_MG,1929,-1,-1
cheap_PR_MG,1930,1,1
cheap_PR_MG,1931,1,1
cheap_PR_MG,1932,1,1
cheap_PR_MG,1933,1,1
cheap_PR_MG,1934,1,1
cheap_PR_MG,1935,1,1
cheap_PR_MG,1936,1,1
cheap_PR_MG,1937,1,1
cheap_PR_MG,1938,1,1
cheap_PR_MG,1939,1,1
cheap_PR_MG,1940,1,1
cheap_PR_MG,1941,1,1
cheap_PR_MG,1942,1,1
cheap_PR_MG,1943,1,1
cheap_PR_MG,1944,1,1
cheap_PR_MG,1945,1,1
cheap_PR_MG,1946,1,1
cheap_PR_MG,1947,1,1
cheap_PR_MG,1948,1,1
cheap_PR_MG,1949,1,1
cheap_PR_MG,1950,1,1
cheap_PR_MG,1951,-1,-1
cheap_PR_MG,1952,1,1
cheap_PR_MG,1953,1,1
cheap_PR_MG,1954,1,1
cheap_PR_MG,1955,-1,-1
cheap_PR_MG,1956,-1,-1
cheap_PR_MG,1957,1,1
cheap_PR_MG,1958,1,1
cheap_PR_MG,1959,1,1
cheap_PR_MG,1960,1,1
cheap_PR_MG,1961,1,1
cheap_PR_MG,1962,1,1
cheap_PR_MG,1963,1,1
cheap_PR_MG,1964,1,1
cheap_PR_MG,1965,1,1
cheap_PR_MG,1966,1,1
cheap_PR_MG,1967,1,1
cheap_PR_MG,1968,1,1
cheap_PR_MG,1969,1,1
cheap_PR_MG,1970,1,1
cheap_PR_MG,1971,1,1
cheap_PR_MG,1972,1,1
cheap_PR_MG,1973,-1,-1
cheap_PR_MG,1974,-1,-1
cheap_PR_MG,1975,1,1
cheap_PR_MG,1976,1,1
cheap_PR_MG,1977,-1,-1
cheap_PR_MG,1978,1,1
cheap_PR_MG,1979,1,1
cheap_PR_MG,1980,1,1
cheap_PR_MG,1981,1,1
cheap_PR_MG,1982,1,1
cheap_PR_MG,1983,1,1
cheap_PR_MG,1984,1,1
cheap_PR_MG,1985,1,1
cheap_PR_MG,1986,1,1
cheap_PR_MG,1987,1,1
cheap_PR_MG,1988,-1,-1
cheap_PR_MG,1989,1,1
cheap_PR_MG,1990,1,1
cheap_PR_MG,1991,1,1
cheap_PR_MG,1992,1,1
cheap_PR_MG,1993,1,1
cheap_PR_MG,1994,1,1
cheap_PR_MG,1995,1,1
cheap_PR_MG,1996,1,1
cheap_PR_MG,1997,1,1
cheap_PR_MG,1998,1,1
cheap_PR_MG,1999,1,1
cheap_PR_MG,2000,-1,-1
cheap_PR_MG,2001,1,1
cheap_PR_MG,2002,1,1
cheap_PR_MG,2003,1,1
cheap_PR_MG,2004,-1,-1
cheap_PR_MG,2005,1,1
cheap_PR_MG,2006,1,1
cheap_PR_MG,2007,1,1
cheap_PR_MG,2008,1,1
cheap_PR_MG,2009,1,1
cheap_PR_MG,2010,1,1
cheap_PR_MG,2011,1,1
cheap_PR_MG,2012,1,1
cheap_PR_MG,2013,1,1
cheap_PR_MG,2014,1,1
cheap_PR_MG,2015,1,1
cheap_PR_MG,2016,-1,-1
cheap_PR_MG,2017,1,1
cheap_PR_MG,2018,1,1
cheap_PR_MG,2019,1,1
cheap_PR_MG,2020,1,1
cheap_PR_MG,2021,1,1
cheap_PR_MG,2022,1,1
cheap_PR_MG,2023,1,1
cheap_PR_MG,2024,1,1
cheap_PR_MG,2025,1,1
cheap_PR_MG,2026,1,1
cheap_PR_MG,2027,1,1
cheap_PR_MG,2028,1,1
cheap_PR_MG,2029,-1,-1
cheap_PR_MG,2030,1,1
cheap_PR_MG,2031,1,1
cheap_PR_MG,2032,1,1
cheap_PR_MG,2033,1,1
cheap_PR_MG,2034,1,1
cheap_PR_MG,2035,1,1
cheap_PR_MG,2036,1,1
cheap_PR_MG,2037,1,1
cheap_PR_MG,2038,1,1
cheap_PR_MG,2039,1,1
cheap_PR_MG,2040,1,1
cheap_PR_MG,2041,1,1
cheap_PR_MG,2042,1,1
cheap_PR_MG,2043,1,1
cheap_PR_MG,2044,1,1
cheap_PR_MG,2045,1,1
cheap_PR_MG,2046,1,1
cheap_PR_MG,2047,-1,-1
cheap_PR_MG,2048,1,1
cheap_PR_MG,2049,1,1
cheap_PR_MG,2050,1,1
cheap_PR_MG,2051,1,1
cheap_PR_MG,2052,1,1
cheap_PR_MG,2053,1,1
cheap_PR_MG,2054,1,1
cheap_PR_MG,2055,1,1
cheap_PR_MG,2056,1,1
cheap_PR_MG,2057,-1,-1
cheap_PR_MG,2058,1,1
cheap_PR_MG,2059,1,1
cheap_PR_MG,2060,1,1
cheap_PR_MG,2061,1,1
cheap_PR_MG,2062,1,1
cheap_PR_MG,2063,1,1
cheap_PR_MG,2064,1,1
cheap_PR_MG,2065,1,1
cheap_PR_MG,2066,1,1
cheap_PR_MG,2067,1,1
cheap_PR_MG,2068,1,1
cheap_PR_MG,2069,-1,-1
cheap_PR_MG,2070,1,1
cheap_PR_MG,2071,1,1
cheap_PR_MG,2072,1,1
cheap_PR_MG,2073,1,1
cheap_PR_MG,2074,1,1
cheap_PR_MG,2075,1,1
cheap_PR_MG,2076,1,1
cheap_PR_MG,2077,1,1
cheap_PR_MG,2078,1,1
cheap_PR_MG,2079,1,1
cheap_PR_MG,2080,1,1
cheap_PR_MG,2081,1,1
cheap_PR_MG,2082,1,1
cheap_PR_MG,2083,1,1
cheap_PR_MG,2084,1,1
cheap_PR_MG,2085,1,1
cheap_PR_MG,2086,1,1
cheap_PR_MG,2087,1,1
cheap_PR_MG,2088,-1,-1
cheap_PR_MG,2089,1,1
cheap_PR_MG,2090,1,1
cheap_PR_MG,2091,1,1
cheap_PR_MG,2092,1,1
cheap_PR_MG,2093,1,1
cheap_PR_MG,2094,1,1
cheap_PR_MG,2095,1,1
cheap_PR_MG,2096,-1,-1
cheap_PR_MG,2097,1,1
cheap_PR_MG,2098,1,1
cheap_PR_MG,2099,1,1
cheap_PR_MG,2100,1,1
cheap_PR_MG,2101,1,1
cheap_PR_MG,2102,1,1
cheap_PR_MG,2103,1,1
cheap_PR_MG,2104,-1,-1
cheap_PR_MG,2105,-1,-1
cheap_PR_MG,2106,1,1
cheap_PR_MG,2107,1,1
cheap_PR_MG,2108,1,1
cheap_PR_MG,2109,1,1
cheap_PR_MG,2110,1,1
cheap_PR_MG,2111,1,1
cheap_PR_MG,2112,1,1
cheap_PR_MG,2113,1,1
cheap_PR_MG,2114,1,1
cheap_PR_MG,2115,1,1
cheap_PR_MG,2116,-1,-1
cheap_PR_MG,2117,1,1
cheap_PR_MG,2118,-1,-1
cheap_PR_MG,2119,1,1
cheap_PR_MG,2120,1,1
cheap_PR_MG,2121,1,1
cheap_PR_MG,2122,1,1
cheap_PR_MG,2123,1,1
cheap_PR_MG,2124,1,1
cheap_PR_MG,2125,1,1
cheap_PR_MG,2126,1,1
cheap_PR_MG,2127,1,1
cheap_PR_MG,2128,1,1
cheap_PR_MG,2129,-1,-1
cheap_PR_MG,2130,-1,-1
cheap_PR_MG,2131,1,1
cheap_PR_MG,2132,1,1
cheap_PR_MG,2133,1,1
cheap_PR_MG,2134,-1,-1
cheap_PR_MG,2135,1,1
cheap_PR_MG,2136,1,1
cheap_PR_MG,2137,1,1
cheap_PR_MG,2138,-1,-1
cheap_PR_MG,2139,1,1
cheap_PR_MG,2140,-1,-1
cheap_PR_MG,2141,1,1
cheap_PR_MG,2142,1,1
cheap_PR_MG,2143,-1,-1
cheap_PR_MG,2144,-1,-1
cheap_PR_MG,2145,-1,-1
cheap_PR_MG,2146,1,1
cheap_PR_MG,2147,1,1
cheap_PR_MG,2148,1,1
cheap_PR_MG,2149,1,1
cheap_PR_MG,2150,1,1
cheap_PR_MG,2151,1,1
cheap_PR_MG,2152,1,1
cheap_PR_MG,2153,1,1
cheap_PR_MG,2154,1,1
cheap_PR_MG,2155,1,1
cheap_PR_MG,2156,1,1
cheap_PR_MG,2157,1,1
cheap_PR_MG,2158,1,1
cheap_PR_MG,2159,1,1
cheap_PR_MG,2160,1,1
cheap_PR_MG,2161,1,1
cheap_PR_MG,2162,-1,-1
cheap_PR_MG,2163,1,1
cheap_PR_MG,2164,1,1
cheap_PR_MG,2165,1,1
cheap_PR_MG,2166,1,1
cheap_PR_MG,2167,-1,-1
cheap_PR_MG,2168,1,1
cheap_PR_MG,2169,1,1
cheap_PR_MG,2170,1,1
cheap_PR_MG,2171,1,1
cheap_PR_MG,2172,1,1
cheap_PR_MG,2173,-1,-1
cheap_PR_MG,2174,-1,-1
cheap_PR_MG,2175,-1,-1
cheap_PR_MG,2176,1,1
cheap_PR_MG,2177,1,1
cheap_PR_MG,2178,1,1
cheap_PR_MG,2179,-1,-1
cheap_PR_MG,2180,-1,-1
cheap_PR_MG,2181,1,1
cheap_PR_MG,2182,1,1
cheap_PR_MG,2183,-1,-1
cheap_PR_MG,2184,1,1
cheap_PR_MG,2185,1,1
cheap_PR_MG,2186,1,1
cheap_PR_MG,2187,1,1
cheap_PR_MG,2188,1,1
cheap_PR_MG,2189,1,1
cheap_PR_MG,2190,1,1
cheap_PR_MG,2191,1,1
cheap_PR_MG,2192,1,1
cheap_PR_MG,2193,1,1
cheap_PR_MG,2194,1,1
cheap_PR_MG,2195,1,1
cheap_PR_MG,2196,1,1
cheap_PR_MG,2197,1,1
cheap_PR_MG,2198,1,1
cheap_PR_MG,2199,1,1
cheap_PR_MG,2200,1,1
cheap_PR_MG,2201,1,1
cheap_PR_MG,2202,1,1
cheap_PR_MG,2203,1,1
cheap_PR_MG,2204,1,1
cheap_PR_MG,2205,1,1
cheap_PR_MG,2206,1,1
cheap_PR_MG,2207,1,1
cheap_PR_MG,2208,-1,-1
cheap_PR_MG,2209,1,1
cheap_PR_MG,2210,-1,-1
cheap_PR_MG,2211,1,1
cheap_PR_MG,2212,-1,-1
cheap_PR_MG,2213,1,1
cheap_PR_MG,2214,1,1
cheap_PR_MG,2215,1,1
cheap_PR_MG,2216,1,1
cheap_PR_MG,2217,1,1
cheap_PR_MG,2218,1,1
cheap_PR_MG,2219,1,1
cheap_PR_MG,2220,1,1
cheap_PR_MG,2221,1,1
cheap_PR_MG,2222,-1,-1
cheap_PR_MG,2223,1,1
cheap_PR_MG,2224,1,1
cheap_PR_MG,2225,1,1
cheap_PR_MG,2226,1,1
cheap_PR_MG,2227,1,1
cheap_PR_MG,2228,1,1
cheap_PR_MG,2229,1,1
cheap_PR_MG,2230,1,1
cheap_PR_MG,2231,1,1
cheap_PR_MG,2232,-1,-1
cheap_PR_MG,2233,1,1
cheap_PR_MG,2234,1,1
cheap_PR_MG,2235,1,1
cheap_PR_MG,2236,1,1
cheap_PR_MG,2237,1,1
cheap_PR_MG,2238,1,1
cheap_PR_MG,2239,1,1
cheap_PR_MG,2240,1,1
cheap_PR_MG,2241,1,1
cheap_PR_MG,2242,1,1
cheap_PR_MG,2243,1,1
cheap_PR_MG,2244,-1,-1
cheap_PR_MG,2245,1,1
cheap_PR_MG,2246,-1,-1
cheap_PR_MG,2247,1,1
cheap_PR_MG,2248,1,1
cheap_PR_MG,2249,1,1
cheap_PR_MG,2250,1,1
cheap_PR_MG,2251,1,1
cheap_PR_MG,2252,1,1
cheap_PR_MG,2253,1,1
cheap_PR_MG,2254,1,1
cheap_PR_MG,2255,1,1
cheap_PR_MG,2256,1,1
cheap_PR_MG,2257,1,1
cheap_PR_MG,2258,1,1
cheap_PR_MG,2259,1,1
cheap_PR_MG,2260,1,1
cheap_PR_MG,2261,-1,-1
cheap_PR_MG,2262,-1,-1
cheap_PR_MG,2263,1,1
cheap_PR_MG,2264,1,1
cheap_PR_MG,2265,1,1
cheap_PR_MG,2266,1,1
cheap_PR_MG,2267,1,1
cheap_PR_MG,2268,-1,-1
cheap_PR_MG,2269,1,1
cheap_PR_MG,2270,1,1
cheap_PR_MG,2271,1,1
cheap_PR_MG,2272,1,1
cheap_PR_MG,2273,1,1
cheap_PR_MG,2274,1,1
cheap_PR_MG,2275,1,1
cheap_PR_MG,2276,1,1
cheap_PR_MG,2277,1,1
cheap_PR_MG,2278,-1,-1
cheap_PR_MG,2279,1,1
cheap_PR_MG,2280,1,1
cheap_PR_MG,2281,1,1
cheap_PR_MG,2282,1,1
cheap_PR_MG,2283,1,1
cheap_PR_MG,2284,1,1
cheap_PR_MG,2285,1,1
cheap_PR_MG,2286,1,1
cheap_PR_MG,2287,1,1
cheap_PR_MG,2288,1,1
cheap_PR_MG,2289,1,1
cheap_PR_MG,2290,1,1
cheap_PR_MG,2291,1,1
cheap_PR_MG,2292,1,1
cheap_PR_MG,2293,1,1
cheap_PR_MG,2294,-1,-1
cheap_PR_MG,2295,1,1
cheap_PR_MG,2296,1,1
cheap_PR_MG,2297,1,1
cheap_PR_MG,2298,1,1
cheap_PR_MG,2299,1,1
cheap_PR_MG,2300,1,1
cheap_PR_MG,2301,1,1
cheap_PR_MG,2302,1,1
cheap_PR_MG,2303,-1,-1
cheap_PR_MG,2304,1,1
cheap_PR_MG,2305,1,1
cheap_PR_MG,2306,1,1
cheap_PR_MG,2307,1,1
cheap_PR_MG,2308,1,1
cheap_PR_MG,2309,-1,-1
cheap_PR_MG,2310,-1,-1
cheap_PR_MG,2311,1,1
cheap_PR_MG,2312,1,1
cheap_PR_MG,2313,1,1
cheap_PR_MG,2314,1,1
cheap_PR_MG,2315,1,1
cheap_PR_MG,2316,-1,-1
cheap_PR_MG,2317,1,1
cheap_PR_MG,2318,1,1
cheap_PR_MG,2319,1,1
cheap_PR_MG,2320,1,1
cheap_PR_MG,2321,1,1
cheap_PR_MG,2322,1,1
cheap_PR_MG,2323,1,1
cheap_PR_MG,2324,1,1
cheap_PR_MG,2325,1,1
cheap_PR_MG,2326,1,1
cheap_PR_MG,2327,1,1
cheap_PR_MG,2328,1,1
cheap_PR_MG,2329,1,1
cheap_PR_MG,2330,1,1
cheap_PR_MG,2331,1,1
cheap_PR_MG,2332,-1,-1
cheap_PR_MG,2333,1,1
cheap_PR_MG,2334,1,1
cheap_PR_MG,2335,1,1
cheap_PR_MG,2336,1,1
cheap_PR_MG,2337,1,1
cheap_PR_MG,2338,1,1
cheap_PR_MG,2339,1,1
cheap_PR_MG,2340,1,1
cheap_PR_MG,2341,1,1
cheap_PR_MG,2342,1,1
cheap_PR_MG,2343,-1,-1
cheap_PR_MG,2344,1,1
cheap_PR_MG,2345,1,1
cheap_PR_MG,2346,-1,-1
cheap_PR_MG,2347,1,1
cheap_PR_MG,2348,1,1
cheap_PR_MG,2349,1,1
cheap_PR_MG,2350,1,1
cheap_PR_MG,2351,1,1
cheap_PR_MG,2352,1,1
cheap_PR_MG,2353,1,1
cheap_PR_MG,2354,1,1
cheap_PR_MG,2355,1,1
cheap_PR_MG,2356,-1,-1
cheap_PR_MG,2357,1,1
cheap_PR_MG,2358,1,1
cheap_PR_MG,2359,1,1
cheap_PR_MG,2360,1,1
cheap_PR_MG,2361,1,1
cheap_PR_MG,2362,1,1
cheap_PR_MG,2363,-1,-1
cheap_PR_MG,2364,1,1
cheap_PR_MG,2365,1,1
cheap_PR_MG,2366,1,1
cheap_PR_MG,2367,1,1
cheap_PR_MG,2368,1,1
cheap_PR_MG,2369,1,1
cheap_PR_MG,2370,1,1
cheap_PR_MG,2371,1,1
cheap_PR_MG,2372,1,1
cheap_PR_MG,2373,1,1
cheap_PR_MG,2374,1,1
cheap_PR_MG,2375,1,1
cheap_PR_MG,2376,1,1
cheap_PR_MG,2377,-1,-1
cheap_PR_MG,2378,1,1
cheap_PR_MG,2379,1,1
cheap_PR_MG,2380,1,1
cheap_PR_MG,2381,1,1
cheap_PR_MG,2382,1,1
cheap_PR_MG,2383,1,1
cheap_PR_MG,2384,1,1
cheap_PR_MG,2385,1,1
cheap_PR_MG,2386,-1,-1
cheap_PR_MG,2387,-1,-1
cheap_PR_MG,2388,1,1
cheap_PR_MG,2389,1,1
cheap_PR_MG,2390,1,1
cheap_PR_MG,2391,1,1
cheap_PR_MG,2392,1,1
cheap_PR_MG,2393,1,1
cheap_PR_MG,2394,1,1
cheap_PR_MG,2395,1,1
cheap_PR_MG,2396,1,1
cheap_PR_MG,2397,-1,-1
cheap_PR_MG,2398,1,1
cheap_PR_MG,2399,1,1
cheap_PR_MG,2400,1,1
cheap_PR_MG,2401,1,1
cheap_PR_MG,2402,1,1
cheap_PR_MG,2403,1,1
cheap_PR_MG,2404,1,1
cheap_PR_MG,2405,1,1
cheap_PR_MG,2406,1,1
cheap_PR_MG,2407,1,1
cheap_PR_MG,2408,1,1
cheap_PR_MG,2409,1,1
cheap_PR_MG,2410,1,1
cheap_PR_MG,2411,1,1
cheap_PR_MG,2412,1,1
cheap_PR_MG,2413,1,1
cheap_PR_MG,2414,1,1
cheap_PR_MG,2415,1,1
cheap_PR_MG,2416,1,1
cheap_PR_MG,2417,1,1
cheap_PR_MG,2418,1,1
cheap_PR_MG,2419,1,1
cheap_PR_MG,2420,1,1
cheap_PR_MG,2421,1,1
cheap_PR_MG,2422,1,1
cheap_PR_MG,2423,1,1
cheap_PR_MG,2424,1,1
cheap_PR_MG,2425,-1,-1
cheap_PR_MG,2426,1,1
cheap_PR_MG,2427,1,1
cheap_PR_MG,2428,1,1
cheap_PR_MG,2429,1,1
cheap_PR_MG,2430,1,1
cheap_PR_MG,2431,-1,-1
cheap_PR_MG,2432,1,1
cheap_PR_MG,2433,-1,-1
cheap_PR_MG,2434,1,1
cheap_PR_MG,2435,1,1
cheap_PR_MG,2436,1,1
cheap_PR_MG,2437,1,1
cheap_PR_MG,2438,1,1
cheap_PR_MG,2439,1,1
cheap_PR_MG,2440,1,1
cheap_PR_MG,2441,1,1
cheap_PR_MG,2442,1,1
cheap_PR_MG,2443,1,1
cheap_PR_MG,2444,1,1
cheap_PR_MG,2445,1,1
cheap_PR_MG,2446,1,1
cheap_PR_MG,2447,-1,-1
cheap_PR_MG,2448,1,1
cheap_PR_MG,2449,1,1
cheap_PR_MG,2450,1,1
cheap_PR_MG,2451,1,1
cheap_PR_MG,2452,1,1
cheap_PR_MG,2453,1,1
cheap_PR_MG,2454,1,1
cheap_PR_MG,2455,1,1
cheap_PR_MG,2456,1,1
cheap_PR_MG,2457,1,1
cheap_PR_MG,2458,1,1
cheap_PR_MG,2459,1,1
cheap_PR_MG,2460,1,1
cheap_PR_MG,2461,1,1
cheap_PR_MG,2462,1,1
cheap_PR_MG,2463,1,1
cheap_PR_MG,2464,1,1
cheap_PR_MG,2465,1,1
cheap_PR_MG,2466,1,1
cheap_PR_MG,2467,-1,-1
cheap_PR_MG,2468,1,1
cheap_PR_MG,2469,1,1
cheap_PR_MG,2470,1,1
cheap_PR_MG,2471,1,1
cheap_PR_MG,2472,1,1
cheap_PR_MG,2473,1,1
cheap_PR_MG,2474,1,1
cheap_PR_MG,2475,1,1
cheap_PR_MG,2476,1,1
cheap_PR_MG,2477,1,1
cheap_PR_MG,2478,-1,-1
cheap_PR_MG,2479,1,1
cheap_PR_MG,2480,1,1
cheap_PR_MG,2481,1,1
cheap_PR_MG,2482,1,1
cheap_PR_MG,2483,1,1
cheap_PR_MG,2484,1,1
cheap_PR_MG,2485,-1,-1
cheap_PR_MG,2486,1,1
cheap_PR_MG,2487,-1,-1
cheap_PR_MG,2488,1,1
cheap_PR_MG,2489,1,1
cheap_PR_MG,2490,1,1
cheap_PR_MG,2491,1,1
cheap_PR_MG,2492,1,1
cheap_PR_MG,2493,1,1
cheap_PR_MG,2494,1,1
cheap_PR_MG,2495,1,1
cheap_PR_MG,2496,1,1
cheap_PR_MG,2497,1,1
cheap_PR_MG,2498,1,1
cheap_PR_MG,2499,1,1
cheap_PR_MG,2500,1,1
cheap_PR_MG,2501,1,1
cheap_PR_MG,2502,1,1
cheap_PR_MG,2503,1,1
cheap_PR_MG,2504,1,1
cheap_PR_MG,2505,1,1
cheap_PR_MG,2506,1,1
cheap_PR_MG,2507,1,1
cheap_PR_MG,2508,1,1
cheap_PR_MG,2509,1,1
cheap_PR_MG,2510,1,1
cheap_PR_MG,2511,1,1
cheap_PR_MG,2512,1,1
cheap_PR_MG,2513,1,1
cheap_PR_MG,2514,1,1
cheap_PR_MG,2515,1,1
cheap_PR_MG,2516,1,1
cheap_PR_MG,2517,1,1
cheap_PR_MG,2518,1,1
cheap_PR_MG,2519,1,1
cheap_PR_MG,2520,-1,-1
cheap_PR_MG,2521,1,1
cheap_PR_MG,2522,1,1
cheap_PR_MG,2523,1,1
cheap_PR_MG,2524,1,1
cheap_PR_MG,2525,1,1
cheap_PR_MG,2526,1,1
cheap_PR_MG,2527,1,1
cheap_PR_MG,2528,1,1
cheap_PR_MG,2529,1,1
cheap_PR_MG,2530,1,1
cheap_PR_MG,2531,1,1
cheap_PR_MG,2532,-1,-1
cheap_PR_MG,2533,-1,-1
cheap_PR_MG,2534,1,1
cheap_PR_MG,2535,-1,-1
cheap_PR_MG,2536,1,1
cheap_PR_MG,2537,1,1
cheap_PR_MG,2538,1,1
cheap_PR_MG,2539,1,1
cheap_PR_MG,2540,1,1
cheap_PR_MG,2541,1,1
cheap_PR_MG,2542,1,1
cheap_PR_MG,2543,1,1
cheap_PR_MG,2544,1,1
cheap_PR_MG,2545,1,1
cheap_PR_MG,2546,1,1
cheap_PR_MG,2547,1,1
cheap_PR_MG,2548,1,1
cheap_PR_MG,2549,1,1
cheap_PR_MG,2550,1,1
cheap_PR_MG,2551,1,1
cheap_PR_MG,2552,-1,-1
cheap_PR_MG,2553,1,1
cheap_PR_MG,2554,1,1
cheap_PR_MG,2555,1,1
cheap_PR_MG,2556,1,1
cheap_PR_MG,2557,1,1
cheap_PR_MG,2558,-1,-1
cheap_PR_MG,2559,-1,-1
cheap_PR_MG,2560,1,1
cheap_PR_MG,2561,-1,-1
cheap_PR_MG,2562,1,1
cheap_PR_MG,2563,1,1
cheap_PR_MG,2564,1,1
cheap_PR_MG,2565,1,1
cheap_PR_MG,2566,-1,-1
cheap_PR_MG,2567,1,1
cheap_PR_MG,2568,-1,-1
cheap_PR_MG,2569,1,1
cheap_PR_MG,2570,1,1
cheap_PR_MG,2571,1,1
cheap_PR_MG,2572,1,1
cheap_PR_MG,2573,-1,-1
cheap_PR_MG,2574,1,1
cheap_PR_MG,2575,1,1
cheap_PR_MG,2576,1,1
cheap_PR_MG,2577,1,1
cheap_PR_MG,2578,1,1
cheap_PR_MG,2579,1,1
cheap_PR_MG,2580,-1,-1
cheap_PR_MG,2581,1,1
cheap_PR_MG,2582,1,1
cheap_PR_MG,2583,1,1
cheap_PR_MG,2584,1,1
cheap_PR_MG,2585,1,1
cheap_PR_MG,2586,1,1
cheap_PR_MG,2587,1,1
cheap_PR_MG,2588,1,1
cheap_PR_MG,2589,1,1
cheap_PR_MG,2590,1,1
cheap_PR_MG,2591,1,1
cheap_PR_MG,2592,1,1
cheap_PR_MG,2593,1,1
cheap_PR_MG,2594,1,1
cheap_PR_MG,2595,1,1
cheap_PR_MG,2596,1,1
cheap_PR_MG,2597,1,1
cheap_PR_MG,2598,1,1
cheap_PR_MG,2599,1,1
cheap_PR_MG,2600,-1,-1
cheap_PR_MG,2601,1,1
cheap_PR_MG,2602,1,1
cheap_PR_MG,2603,1,1
cheap_PR_MG,2604,1,1
cheap_PR_MG,2605,1,1
cheap_PR_MG,2606,1,1
cheap_PR_MG,2607,1,1
cheap_PR_MG,2608,1,1
cheap_PR_MG,2609,1,1
cheap_PR_MG,2610,1,1
cheap_PR_MG,2611,1,1
cheap_PR_MG,2612,-1,-1
cheap_PR_MG,2613,1,1
cheap_PR_MG,2614,1,1
cheap_PR_MG,2615,1,1
cheap_PR_MG,2616,1,1
cheap_PR_MG,2617,1,1
cheap_PR_MG,2618,1,1
cheap_PR_MG,2619,1,1
cheap_PR_MG,2620,1,1
cheap_PR_MG,2621,1,1
cheap_PR_MG,2622,1,1
cheap_PR_MG,2623,1,1
cheap_PR_MG,2624,1,1
cheap_PR_MG,2625,-1,-1
cheap_PR_MG,2626,1,1
cheap_PR_MG,2627,1,1
cheap_PR_MG,2628,1,1
cheap_PR_MG,2629,1,1
cheap_PR_MG,2630,1,1
cheap_PR_MG,2631,1,1
cheap_PR_MG,2632,1,1
cheap_PR_MG,2633,1,1
cheap_PR_MG,2634,1,1
cheap_PR_MG,2635,1,1
cheap_PR_MG,2636,1,1
cheap_PR_MG,2637,1,1
cheap_PR_MG,2638,1,1
cheap_PR_MG,2639,1,1
cheap_PR_MG,2640,1,1
cheap_PR_MG,2641,1,1
cheap_PR_MG,2642,1,1
cheap_PR_MG,2643,1,1
cheap_PR_MG,2644,-1,-1
cheap_PR_MG,2645,1,1
cheap_PR_MG,2646,-1,-1
cheap_PR_MG,2647,1,1
cheap_PR_MG,2648,1,1
cheap_PR_MG,2649,1,1
cheap_PR_MG,2650,1,1
cheap_PR_MG,2651,1,1
cheap_PR_MG,2652,1,1
cheap_PR_MG,2653,1,1
cheap_PR_MG,2654,1,1
cheap_PR_MG,2655,1,1
cheap_PR_MG,2656,1,1
cheap_PR_MG,2657,1,1
cheap_PR_MG,2658,1,1
cheap_PR_MG,2659,1,1
cheap_PR_MG,2660,1,1
cheap_PR_MG,2661,-1,-1
cheap_PR_MG,2662,1,1
cheap_PR_MG,2663,1,1
cheap_PR_MG,2664,-1,-1
cheap_PR_MG,2665,1,1
cheap_PR_MG,2666,1,1
cheap_PR_MG,2667,1,1
cheap_PR_MG,2668,1,1
cheap_PR_MG,2669,1,1
cheap_PR_MG,2670,1,1
cheap_PR_MG,2671,1,1
cheap_PR_MG,2672,1,1
cheap_PR_MG,2673,1,1
cheap_PR_MG,2674,-1,-1
cheap_PR_MG,2675,1,1
cheap_PR_MG,2676,1,1
cheap_PR_MG,2677,1,1
cheap_PR_MG,2678,1,1
cheap_PR_MG,2679,1,1
cheap_PR_MG,2680,1,1
cheap_PR_MG,2681,1,1
cheap_PR_MG,2682,1,1
cheap_PR_MG,2683,1,1
cheap_PR_MG,2684,1,1
cheap_PR_MG,2685,1,1
cheap_PR_MG,2686,1,1
cheap_PR_MG,2687,1,1
cheap_PR_MG,2688,1,1
cheap_PR_MG,2689,1,1
cheap_PR_MG,2690,1,1
cheap_PR_MG,2691,1,1
cheap_PR_MG,2692,1,1
cheap_PR_MG,2693,1,1
cheap_PR_MG,2694,1,1
cheap_PR_MG,2695,1,1
cheap_PR_MG,2696,1,1
cheap_PR_MG,2697,1,1
cheap_PR_MG,2698,1,1
cheap_PR_MG,2699,-1,-1
cheap_PR_MG,2700,1,1
cheap_PR_MG,2701,1,1
cheap_PR_MG,2702,1,1
cheap_PR_MG,2703,1,1
cheap_PR_MG,2704,1,1
cheap_PR_MG,2705,1,1
cheap_PR_MG,2706,1,1
cheap_PR_MG,2707,1,1
cheap_PR_MG,2708,1,1
cheap_PR_MG,2709,-1,-1
cheap_PR_MG,2710,1,1
cheap_PR_MG,2711,1,1
cheap_PR_MG,2712,1,1
cheap_PR_MG,2713,1,1
cheap_PR_MG,2714,-1,-1
cheap_PR_MG,2715,-1,-1
cheap_PR_MG,2716,-1,-1
cheap_PR_MG,2717,1,1
cheap_PR_MG,2718,1,1
cheap_PR_MG,2719,1,1
cheap_PR_MG,2720,-1,-1
cheap_PR_MG,2721,1,1
cheap_PR_MG,2722,1,1
cheap_PR_MG,2723,1,1
cheap_PR_MG,2724,1,1
cheap_PR_MG,2725,1,1
cheap_PR_MG,2726,1,1
cheap_PR_MG,2727,1,1
cheap_PR_MG,2728,1,1
cheap_PR_MG,2729,1,1
cheap_PR_MG,2730,1,1
cheap_PR_MG,2731,1,1
cheap_PR_MG,2732,1,1
cheap_PR_MG,2733,1,1
cheap_PR_MG,2734,1,1
cheap_PR_MG,2735,1,1
cheap_PR_MG,2736,-1,-1
cheap_PR_MG,2737,1,1
cheap_PR_MG,2738,1,1
cheap_PR_MG,2739,-1,-1
cheap_PR_MG,2740,1,1
cheap_PR_MG,2741,1,1
cheap_PR_MG,2742,1,1
cheap_PR_MG,2743,1,1
cheap_PR_MG,2744,-1,-1
cheap_PR_MG,2745,1,1
cheap_PR_MG,2746,1,1
cheap_PR_MG,2747,1,1
cheap_PR_MG,2748,1,1
cheap_PR_MG,2749,1,1
cheap_PR_MG,2750,1,1
cheap_PR_MG,2751,1,1
cheap_PR_MG,2752,1,1
cheap_PR_MG,2753,1,1
cheap_PR_MG,2754,1,1
cheap_PR_MG,2755,1,1
cheap_PR_MG,2756,1,1
cheap_PR_MG,2757,1,1
cheap_PR_MG,2758,1,1
cheap_PR_MG,2759,1,1
cheap_PR_MG,2760,1,1
cheap_PR_MG,2761,1,1
cheap_PR_MG,2762,1,1
cheap_PR_MG,2763,1,1
cheap_PR_MG,2764,1,1
cheap_PR_MG,2765,1,1
cheap_PR_MG,2766,1,1
cheap_PR_MG,2767,1,1
cheap_PR_MG,2768,1,1
cheap_PR_MG,2769,1,1
cheap_PR_MG,2770,1,1
cheap_PR_MG,2771,1,1
cheap_PR_MG,2772,1,1
cheap_PR_MG,2773,1,1
cheap_PR_MG,2774,1,1
cheap_PR_MG,2775,1,1
cheap_PR_MG,2776,1,1
cheap_PR_MG,2777,-1,-1
cheap_PR_MG,2778,1,1
cheap_PR_MG,2779,1,1
cheap_PR_MG,2780,1,1
cheap_PR_MG,2781,1,1
cheap_PR_MG,2782,1,1
cheap_PR_MG,2783,1,1
cheap_PR_MG,2784,1,1
cheap_PR_MG,2785,1,1
cheap_PR_MG,2786,1,1
cheap_PR_MG,2787,-1,-1
cheap_PR_MG,2788,1,1
cheap_PR_MG,2789,1,1
cheap_PR_MG,2790,1,1
cheap_PR_MG,2791,-1,-1
cheap_PR_MG,2792,1,1
cheap_PR_MG,2793,1,1
cheap_PR_MG,2794,1,1
cheap_PR_MG,2795,1,1
cheap_PR_MG,2796,1,1
cheap_PR_MG,2797,1,1
cheap_PR_MG,2798,1,1
cheap_PR_MG,2799,1,1
cheap_PR_MG,2800,1,1
cheap_PR_MG,2801,1,1
cheap_PR_MG,2802,-1,-1
cheap_PR_MG,2803,1,1
cheap_PR_MG,2804,1,1
cheap_PR_MG,2805,1,1
cheap_PR_MG,2806,1,1
cheap_PR_MG,2807,1,1
cheap_PR_MG,2808,1,1
cheap_PR_MG,2809,1,1
cheap_PR_MG,2810,1,1
cheap_PR_MG,2811,1,1
cheap_PR_MG,2812,1,1
cheap_PR_MG,2813,1,1
cheap_PR_MG,2814,1,1
cheap_PR_MG,2815,1,1
cheap_PR_MG,2816,1,1
cheap_PR_MG,2817,-1,-1
cheap_PR_MG,2818,-1,-1
cheap_PR_MG,2819,1,1
cheap_PR_MG,2820,1,1
cheap_PR_MG,2821,1,1
cheap_PR_MG,2822,1,1
cheap_PR_MG,2823,1,1
cheap_PR_MG,2824,1,1
cheap_PR_MG,2825,1,1
cheap_PR_MG,2826,1,1
cheap_PR_MG,2827,1,1
cheap_PR_MG,2828,1,1
cheap_PR_MG,2829,1,1
cheap_PR_MG,2830,1,1
cheap_PR_MG,2831,1,1
cheap_PR_MG,2832,1,1
cheap_PR_MG,2833,1,1
cheap_PR_MG,2834,1,1
cheap_PR_MG,2835,1,1
cheap_PR_MG,2836,-1,-1
cheap_PR_MG,2837,1,1
cheap_PR_MG,2838,1,1
cheap_PR_MG,2839,1,1
cheap_PR_MG,2840,1,1
cheap_PR_MG,2841,1,1
cheap_PR_MG,2842,1,1
cheap_PR_MG,2843,1,1
cheap_PR_MG,2844,1,1
cheap_PR_MG,2845,1,1
cheap_PR_MG,2846,-1,-1
cheap_PR_MG,2847,1,1
cheap_PR_MG,2848,-1,-1
cheap_PR_MG,2849,-1,-1
cheap_PR_MG,2850,1,1
cheap_PR_MG,2851,1,1
cheap_PR_MG,2852,1,1
cheap_PR_MG,2853,1,1
cheap_PR_MG,2854,1,1
cheap_PR_MG,2855,1,1
cheap_PR_MG,2856,1,1
cheap_PR_MG,2857,1,1
cheap_PR_MG,2858,1,1
cheap_PR_MG,2859,1,1
cheap_PR_MG,2860,1,1
cheap_PR_MG,2861,1,1
cheap_PR_MG,2862,1,1
cheap_PR_MG,2863,1,1
cheap_PR_MG,2864,1,1
cheap_PR_MG,2865,1,1
cheap_PR_MG,2866,1,1
cheap_PR_MG,2867,1,1
cheap_PR_MG,2868,1,1
cheap_PR_MG,2869,1,1
cheap_PR_MG,2870,1,1
cheap_PR_MG,2871,1,1
cheap_PR_MG,2872,1,1
cheap_PR_MG,2873,1,1
cheap_PR_MG,2874,1,1
cheap_PR_MG,2875,1,1
cheap_PR_MG,2876,-1,-1
cheap_PR_MG,2877,1,1
cheap_PR_MG,2878,1,1
cheap_PR_MG,2879,1,1
cheap_PR_MG,2880,1,1
cheap_PR_MG,2881,1,1
cheap_PR_MG,2882,1,1
cheap_PR_MG,2883,1,1
cheap_PR_MG,2884,1,1
cheap_PR_MG,2885,1,1
cheap_PR_MG,2886,1,1
cheap_PR_MG,2887,1,1
cheap_PR_MG,2888,1,1
cheap_PR_MG,2889,1,1
cheap_PR_MG,2890,-1,-1
cheap_PR_MG,2891,1,1
cheap_PR_MG,2892,1,1
cheap_PR_MG,2893,-1,-1
cheap_PR_MG,2894,1,1
cheap_PR_MG,2895,1,1
cheap_PR_MG,2896,1,1
cheap_PR_MG,2897,1,1
cheap_PR_MG,2898,1,1
cheap_PR_MG,2899,1,1
cheap_PR_MG,2900,1,1
cheap_PR_MG,2901,1,1
cheap_PR_MG,2902,1,1
cheap_PR_MG,2903,1,1
cheap_PR_MG,2904,1,1
cheap_PR_MG,2905,1,1
cheap_PR_MG,2906,1,1
cheap_PR_MG,2907,1,1
cheap_PR_MG,2908,1,1
cheap_PR_MG,2909,1,1
cheap_PR_MG,2910,1,1
cheap_PR_MG,2911,1,1
cheap_PR_MG,2912,1,1
cheap_PR_MG,2913,1,1
cheap_PR_MG,2914,1,1
cheap_PR_MG,2915,-1,-1
cheap_PR_MG,2916,1,1
cheap_PR_MG,2917,1,1
cheap_PR_MG,2918,1,1
cheap_PR_MG,2919,-1,-1
cheap_PR_MG,2920,1,1
cheap_PR_MG,2921,1,1
cheap_PR_MG,2922,1,1
cheap_PR_MG,2923,1,1
cheap_PR_MG,2924,1,1
cheap_PR_MG,2925,1,1
cheap_PR_MG,2926,1,1
cheap_PR_MG,2927,1,1
cheap_PR_MG,2928,1,1
cheap_PR_MG,2929,1,1
cheap_PR_MG,2930,1,1
cheap_PR_MG,2931,1,1
cheap_PR_MG,2932,1,1
cheap_PR_MG,2933,1,1
cheap_PR_MG,2934,1,1
cheap_PR_MG,2935,-1,-1
cheap_PR_MG,2936,1,1
cheap_PR_MG,2937,1,1
cheap_PR_MG,2938,1,1
cheap_PR_MG,2939,1,1
cheap_PR_MG,2940,1,1
cheap_PR_MG,2941,1,1
cheap_PR_MG,2942,1,1
cheap_PR_MG,2943,1,1
cheap_PR_MG,2944,1,1
cheap_PR_MG,2945,1,1
cheap_PR_MG,2946,1,1
cheap_PR_MG,2947,1,1
cheap_PR_MG,2948,1,1
cheap_PR_MG,2949,1,1
cheap_PR_MG,2950,1,1
cheap_PR_MG,2951,1,1
cheap_PR_MG,2952,-1,-1
cheap_PR_MG,2953,1,1
cheap_PR_MG,2954,1,1
cheap_PR_MG,2955,1,1
cheap_PR_MG,2956,1,1
cheap_PR_MG,2957,1,1
cheap_PR_MG,2958,1,1
cheap_PR_MG,2959,1,1
cheap_PR_MG,2960,1,1
cheap_PR_MG,2961,1,1
cheap_PR_MG,2962,1,1
cheap_PR_MG,2963,1,1
cheap_PR_MG,2964,1,1
cheap_PR_MG,2965,1,1
cheap_PR_MG,2966,1,1
cheap_PR_MG,2967,1,1
cheap_PR_MG,2968,1,1
cheap_PR_MG,2969,1,1
cheap_PR_MG,2970,-1,-1
cheap_PR_MG,2971,1,1
cheap_PR_MG,2972,1,1
cheap_PR_MG,2973,1,1
cheap_PR_MG,2974,1,1
cheap_PR_MG,2975,-1,-1
cheap_PR_MG,2976,1,1
cheap_PR_MG,2977,-1,-1
cheap_PR_MG,2978,1,1
cheap_PR_MG,2979,1,1
cheap_PR_MG,2980,1,1
cheap_PR_MG,2981,-1,-1
cheap_PR_MG,2982,1,1
cheap_PR_MG,2983,-1,-1
cheap_PR_MG,2984,1,1
cheap_PR_MG,2985,1,1
cheap_PR_MG,2986,1,1
cheap_PR_MG,2987,-1,-1
cheap_PR_MG,2988,1,1
cheap_PR_MG,2989,1,1
cheap_PR_MG,2990,1,1
cheap_PR_MG,2991,1,1
cheap_PR_MG,2992,1,1
cheap_PR_MG,2993,1,1
cheap_PR_MG,2994,1,1
cheap_PR_MG,2995,1,1
cheap_PR_MG,2996,1,1
cheap_PR_MG,2997,1,1
cheap_PR_MG,2998,1,1
cheap_PR_MG,2999,1,1
cheap_PR_MG,3000,1,1
cheap_PR_MG,3001,1,1
cheap_PR_MG,3002,1,1
cheap_PR_MG,3003,1,1
cheap_PR_MG,3004,-1,-1
cheap_PR_MG,3005,1,1
cheap_PR_MG,3006,1,1
cheap_PR_MG,3007,-1,-1
cheap_PR_MG,3008,1,1
cheap_PR_MG,3009,1,1
cheap_PR_MG,3010,1,1
cheap_PR_MG,3011,1,1
cheap_PR_MG,3012,-1,-1
cheap_PR_MG,3013,1,1
cheap_PR_MG,3014,1,1
cheap_PR_MG,3015,1,1
cheap_PR_MG,3016,1,1
cheap_PR_MG,3017,1,1
cheap_PR_MG,3018,1,1
cheap_PR_MG,3019,1,1
cheap_PR_MG,3020,-1,-1
cheap_PR_MG,3021,1,1
cheap_PR_MG,3022,1,1
cheap_PR_MG,3023,-1,-1
cheap_PR_MG,3024,1,1
cheap_PR_MG,3025,1,1
cheap_PR_MG,3026,1,1
cheap_PR_MG,3027,-1,-1
cheap_PR_MG,3028,1,1
cheap_PR_MG,3029,-1,-1
cheap_PR_MG,3030,1,1
cheap_PR_MG,3031,-1,-1
cheap_PR_MG,3032,1,1
cheap_PR_MG,3033,1,1
cheap_PR_MG,3034,1,1
cheap_PR_MG,3035,1,1
cheap_PR_MG,3036,-1,-1
cheap_PR_MG,3037,-1,-1
cheap_PR_MG,3038,1,1
cheap_PR_MG,3039,1,1
cheap_PR_MG,3040,-1,-1
cheap_PR_MG,3041,1,1
cheap_PR_MG,3042,1,1
cheap_PR_MG,3043,1,1
cheap_PR_MG,3044,1,1
cheap_PR_MG,3045,1,1
cheap_PR_MG,3046,1,1
cheap_PR_MG,3047,1,1
cheap_PR_MG,3048,-1,-1
cheap_PR_MG,3049,1,1
cheap_PR_MG,3050,1,1
cheap_PR_MG,3051,1,1
cheap_PR_MG,3052,1,1
cheap_PR_MG,3053,1,1
cheap_PR_MG,3054,1,1
cheap_PR_MG,3055,1,1
cheap_PR_MG,3056,1,1
cheap_PR_MG,3057,1,1
cheap_PR_MG,3058,1,1
cheap_PR_MG,3059,1,1
cheap_PR_MG,3060,1,1
cheap_PR_MG,3061,1,1
cheap_PR_MG,3062,1,1
cheap_PR_MG,3063,1,1
cheap_PR_MG,3064,1,1
cheap_PR_MG,3065,1,1
cheap_PR_MG,3066,-1,-1
cheap_PR_MG,3067,1,1
cheap_PR_MG,3068,1,1
cheap_PR_MG,3069,1,1
cheap_PR_MG,3070,1,1
cheap_PR_MG,3071,1,1
cheap_PR_MG,3072,1,1
cheap_PR_MG,3073,1,1
cheap_PR_MG,3074,1,1
cheap_PR_MG,3075,1,1
cheap_PR_MG,3076,1,1
cheap_PR_MG,3077,1,1
cheap_PR_MG,3078,1,1
cheap_PR_MG,3079,1,1
cheap_PR_MG,3080,1,1
cheap_PR_MG,3081,1,1
cheap_PR_MG,3082,1,1
cheap_PR_MG,3083,1,1
cheap_PR_MG,3084,1,1
cheap_PR_MG,3085,1,1
cheap_PR_MG,3086,1,1
cheap_PR_MG,3087,1,1
cheap_PR_MG,3088,1,1
cheap_PR_MG,3089,1,1
cheap_PR_MG,3090,1,1
cheap_PR_MG,3091,1,1
cheap_PR_MG,3092,1,1
cheap_PR_MG,3093,1,1
cheap_PR_MG,3094,1,1
cheap_PR_MG,3095,1,1
cheap_PR_MG,3096,1,1
cheap_PR_MG,3097,1,1
cheap_PR_MG,3098,-1,-1
cheap_PR_MG,3099,1,1
cheap_PR_MG,3100,1,1
cheap_PR_MG,3101,1,1
cheap_PR_MG,3102,-1,-1
cheap_PR_MG,3103,1,1
cheap_PR_MG,3104,1,1
cheap_PR_MG,3105,1,1
cheap_PR_MG,3106,1,1
cheap_PR_MG,3107,1,1
cheap_PR_MG,3108,1,1
cheap_PR_MG,3109,1,1
cheap_PR_MG,3110,1,1
cheap_PR_MG,3111,1,1
cheap_PR_MG,3112,1,1
cheap_PR_MG,3113,1,1
cheap_PR_MG,3114,1,1
cheap_PR_MG,3115,1,1
cheap_PR_MG,3116,1,1
cheap_PR_MG,3117,1,1
cheap_PR_MG,3118,1,1
cheap_PR_MG,3119,-1,-1
cheap_PR_MG,3120,1,1
cheap_PR_MG,3121,1,1
cheap_PR_MG,3122,1,1
cheap_PR_MG,3123,-1,-1
cheap_PR_MG,3124,1,1
cheap_PR_MG,3125,1,1
cheap_PR_MG,3126,1,1
cheap_PR_MG,3127,1,1
cheap_PR_MG,3128,1,1
cheap_PR_MG,3129,1,1
cheap_PR_MG,3130,1,1
cheap_PR_MG,3131,1,1
cheap_PR_MG,3132,1,1
cheap_PR_MG,3133,1,1
cheap_PR_MG,3134,1,1
cheap_PR_MG,3135,1,1
cheap_PR_MG,3136,1,1
cheap_PR_MG,3137,1,1
cheap_PR_MG,3138,1,1
cheap_PR_MG,3139,1,1
cheap_PR_MG,3140,1,1
cheap_PR_MG,3141,1,1
cheap_PR_MG,3142,1,1
cheap_PR_MG,3143,1,1
cheap_PR_MG,3144,1,1
cheap_PR_MG,3145,1,1
cheap_PR_MG,3146,1,1
cheap_PR_MG,3147,1,1
cheap_PR_MG,3148,1,1
cheap_PR_MG,3149,1,1
cheap_PR_MG,3150,1,1
cheap_PR_MG,3151,-1,-1
cheap_PR_MG,3152,1,1
cheap_PR_MG,3153,1,1
cheap_PR_MG,3154,1,1
cheap_PR_MG,3155,-1,-1
cheap_PR_MG,3156,1,1
cheap_PR_MG,3157,1,1
cheap_PR_MG,3158,-1,-1
cheap_PR_MG,3159,1,1
cheap_PR_MG,3160,1,1
cheap_PR_MG,3161,1,1
cheap_PR_MG,3162,1,1
cheap_PR_MG,3163,1,1
cheap_PR_MG,3164,1,1
cheap_PR_MG,3165,1,1
cheap_PR_MG,3166,1,1
cheap_PR_MG,3167,1,1
cheap_PR_MG,3168,1,1
cheap_PR_MG,3169,1,1
cheap_PR_MG,3170,1,1
cheap_PR_MG,3171,1,1
cheap_PR_MG,3172,1,1
cheap_PR_MG,3173,1,1
cheap_PR_MG,3174,1,1
cheap_PR_MG,3175,1,1
cheap_PR_MG,3176,1,1
cheap_PR_MG,3177,1,1
cheap_PR_MG,3178,1,1
cheap_PR_MG,3179,1,1
cheap_PR_MG,3180,-1,-1
cheap_PR_MG,3181,1,1
cheap_PR_MG,3182,1,1
cheap_PR_MG,3183,1,1
cheap_PR_MG,3184,1,1
cheap_PR_MG,3185,1,1
cheap_PR_MG,3186,1,1
cheap_PR_MG,3187,1,1
cheap_PR_MG,3188,1,1
cheap_PR_MG,3189,1,1
cheap_PR_MG,3190,1,1
cheap_PR_MG,3191,1,1
cheap_PR_MG,3192,1,1
cheap_PR_MG,3193,1,1
cheap_PR_MG,3194,1,1
cheap_PR_MG,3195,1,1
cheap_PR_MG,3196,-1,-1
cheap_PR_MG,3197,1,1
cheap_PR_MG,3198,1,1
cheap_PR_MG,3199,1,1
cheap_PR_MG,3200,1,1
cheap_PR_MG,3201,-1,-1
cheap_PR_MG,3202,1,1
cheap_PR_MG,3203,1,1
cheap_PR_MG,3204,1,1
cheap_PR_MG,3205,-1,-1
cheap_PR_MG,3206,1,1
cheap_PR_MG,3207,1,1
cheap_PR_MG,3208,1,1
cheap_PR_MG,3209,1,1
cheap_PR_MG,3210,-1,-1
cheap_PR_MG,3211,1,1
cheap_PR_MG,3212,1,1
cheap_PR_MG,3213,1,1
cheap_PR_MG,3214,1,1
cheap_PR_MG,3215,1,1
cheap_PR_MG,3216,-1,-1
cheap_PR_MG,3217,-1,-1
cheap_PR_MG,3218,1,1
cheap_PR_MG,3219,1,1
cheap_PR_MG,3220,1,1
cheap_PR_MG,3221,1,1
cheap_PR_MG,3222,1,1
cheap_PR_MG,3223,-1,-1
cheap_PR_MG,3224,-1,-1
cheap_PR_MG,3225,1,1
cheap_PR_MG,3226,1,1
cheap_PR_MG,3227,1,1
cheap_PR_MG,3228,1,1
cheap_PR_MG,3229,1,1
cheap_PR_MG,3230,1,1
cheap_PR_MG,3231,-1,-1
cheap_PR_MG,3232,1,1
cheap_PR_MG,3233,1,1
cheap_PR_MG,3234,1,1
cheap_PR_MG,3235,1,1
cheap_PR_MG,3236,1,1
cheap_PR_MG,3237,1,1
cheap_PR_MG,3238,1,1
cheap_PR_MG,3239,1,1
cheap_PR_MG,3240,1,1
cheap_PR_MG,3241,1,1
cheap_PR_MG,3242,1,1
cheap_PR_MG,3243,1,1
cheap_PR_MG,3244,1,1
cheap_PR_MG,3245,1,1
cheap_PR_MG,3246,1,1
cheap_PR_MG,3247,1,1
cheap_PR_MG,3248,1,1
cheap_PR_MG,3249,1,1
cheap_PR_MG,3250,1,1
cheap_PR_MG,3251,1,1
cheap_PR_MG,3252,1,1
cheap_PR_MG,3253,-1,-1
cheap_PR_MG,3254,1,1
cheap_PR_MG,3255,-1,-1
cheap_PR_MG,3256,1,1
cheap_PR_MG,3257,1,1
cheap_PR_MG,3258,1,1
cheap_PR_MG,3259,1,1
cheap_PR_MG,3260,1,1
cheap_PR_MG,3261,1,1
cheap_PR_MG,3262,-1,-1
cheap_PR_MG,3263,1,1
cheap_PR_MG,3264,1,1
cheap_PR_MG,3265,1,1
cheap_PR_MG,3266,1,1
cheap_PR_MG,3267,1,1
cheap_PR_MG,3268,1,1
cheap_PR_MG,3269,1,1
cheap_PR_MG,3270,1,1
cheap_PR_MG,3271,-1,-1
cheap_PR_MG,3272,1,1
cheap_PR_MG,3273,1,1
cheap_PR_MG,3274,1,1
cheap_PR_MG,3275,1,1
cheap_PR_MG,3276,1,1
cheap_PR_MG,3277,1,1
cheap_PR_MG,3278,1,1
cheap_PR_MG,3279,1,1
cheap_PR_MG,3280,-1,-1
cheap_PR_MG,3281,1,1
cheap_PR_MG,3282,1,1
cheap_PR_MG,3283,1,1
cheap_PR_MG,3284,1,1
cheap_PR_MG,3285,-1,-1
cheap_PR_MG,3286,1,1
cheap_PR_MG,3287,1,1
cheap_PR_MG,3288,1,1
cheap_PR_MG,3289,1,1
cheap_PR_MG,3290,1,1
cheap_PR_MG,3291,1,1
cheap_PR_MG,3292,1,1
cheap_PR_MG,3293,1,1
cheap_PR_MG,3294,-1,-1
cheap_PR_MG,3295,1,1
cheap_PR_MG,3296,-1,-1
cheap_PR_MG,3297,1,1
cheap_PR_MG,3298,1,1
cheap_PR_MG,3299,1,1
cheap_PR_MG,3300,1,1
cheap_PR_MG,3301,1,1
cheap_PR_MG,3302,-1,-1
cheap_PR_MG,3303,1,1
cheap_PR_MG,3304,1,1
cheap_PR_MG,3305,1,1
cheap_PR_MG,3306,-1,-1
cheap_PR_MG,3307,-1,-1
cheap_PR_MG,3308,1,1
cheap_PR_MG,3309,1,1
cheap_PR_MG,3310,1,1
cheap_PR_MG,3311,1,1
cheap_PR_MG,3312,1,1
cheap_PR_MG,3313,1,1
cheap_PR_MG,3314,1,1
cheap_PR_MG,3315,1,1
cheap_PR_MG,3316,1,1
cheap_PR_MG,3317,-1,-1
cheap_PR_MG,3318,1,1
cheap_PR_MG,3319,1,1
cheap_PR_MG,3320,1,1
cheap_PR_MG,3321,-1,-1
cheap_PR_MG,3322,1,1
cheap_PR_MG,3323,1,1
cheap_PR_MG,3324,1,1
cheap_PR_MG,3325,1,1
cheap_PR_MG,3326,1,1
cheap_PR_MG,3327,1,1
cheap_PR_MG,3328,-1,-1
cheap_PR_MG,3329,1,1
cheap_PR_MG,3330,1,1
cheap_PR_MG,3331,1,1
cheap_PR_MG,3332,1,1
cheap_PR_MG,3333,1,1
cheap_PR_MG,3334,1,1
cheap_PR_MG,3335,1,1
cheap_PR_MG,3336,1,1
cheap_PR_MG,3337,1,1
cheap_PR_MG,3338,1,1
cheap_PR_MG,3339,1,1
cheap_PR_MG,3340,1,1
cheap_PR_MG,3341,1,1
cheap_PR_MG,3342,1,1
cheap_PR_MG,3343,1,1
cheap_PR_MG,3344,1,1
cheap_PR_MG,3345,1,1
cheap_PR_MG,3346,1,1
cheap_PR_MG,3347,1,1
cheap_PR_MG,3348,1,1
cheap_PR_MG,3349,1,1
cheap_PR_MG,3350,1,1
cheap_PR_MG,3351,1,1
cheap_PR_MG,3352,1,1
cheap_PR_MG,3353,1,1
cheap_PR_MG,3354,1,1
cheap_PR_MG,3355,-1,-1
cheap_PR_MG,3356,1,1
cheap_PR_MG,3357,1,1
cheap_PR_MG,3358,1,1
cheap_PR_MG,3359,1,1
cheap_PR_MG,3360,1,1
cheap_PR_MG,3361,1,1
cheap_PR_MG,3362,1,1
cheap_PR_MG,3363,-1,-1
cheap_PR_MG,3364,1,1
cheap_PR_MG,3365,1,1
cheap_PR_MG,3366,1,1
cheap_PR_MG,3367,1,1
cheap_PR_MG,3368,1,1
cheap_PR_MG,3369,1,1
cheap_PR_MG,3370,1,1
cheap_PR_MG,3371,1,1
cheap_PR_MG,3372,-1,-1
cheap_PR_MG,3373,-1,-1
cheap_PR_MG,3374,1,1
cheap_PR_MG,3375,1,1
cheap_PR_MG,3376,1,1
cheap_PR_MG,3377,1,1
cheap_PR_MG,3378,1,1
cheap_PR_MG,3379,1,1
cheap_PR_MG,3380,1,1
cheap_PR_MG,3381,1,1
cheap_PR_MG,3382,1,1
cheap_PR_MG,3383,-1,-1
cheap_PR_MG,3384,1,1
cheap_PR_MG,3385,1,1
cheap_PR_MG,3386,1,1
cheap_PR_MG,3387,1,1
cheap_PR_MG,3388,1,1
cheap_PR_MG,3389,1,1
cheap_PR_MG,3390,1,1
cheap_PR_MG,3391,1,1
cheap_PR_MG,3392,1,1
cheap_PR_MG,3393,1,1
cheap_PR_MG,3394,-1,-1
cheap_PR_MG,3395,1,1
cheap_PR_MG,3396,-1,-1
cheap_PR_MG,3397,-1,-1
cheap_PR_MG,3398,-1,-1
cheap_PR_MG,3399,-1,-1
cheap_PR_MG,3400,1,1
cheap_PR_MG,3401,1,1
cheap_PR_MG,3402,1,1
cheap_PR_MG,3403,1,1
cheap_PR_MG,3404,1,1
cheap_PR_MG,3405,1,1
cheap_PR_MG,3406,1,1
cheap_PR_MG,3407,1,1
cheap_PR_MG,3408,1,1
cheap_PR_MG,3409,1,1
cheap_PR_MG,3410,1,1
cheap_PR_MG,3411,1,1
cheap_PR_MG,3412,1,1
cheap_PR_MG,3413,1,1
cheap_PR_MG,3414,1,1
cheap_PR_MG,3415,1,1
cheap_PR_MG,3416,1,1
cheap_PR_MG,3417,1,1
cheap_PR_MG,3418,1,1
cheap_PR_MG,3419,1,1
cheap_PR_MG,3420,1,1
cheap_PR_MG,3421,1,1
cheap_PR_MG,3422,1,1
cheap_PR_MG,3423,1,1
cheap_PR_MG,3424,1,1
cheap_PR_MG,3425,1,1
cheap_PR_MG,3426,-1,-1
cheap_PR_MG,3427,1,1
cheap_PR_MG,3428,1,1
cheap_PR_MG,3429,1,1
cheap_PR_MG,3430,1,1
cheap_PR_MG,3431,1,1
cheap_PR_MG,3432,1,1
cheap_PR_MG,3433,1,1
cheap_PR_MG,3434,1,1
cheap_PR_MG,3435,1,1
cheap_PR_MG,3436,1,1
cheap_PR_MG,3437,1,1
cheap_PR_MG,3438,1,1
cheap_PR_MG,3439,1,1
cheap_PR_MG,3440,-1,-1
cheap_PR_MG,3441,1,1
cheap_PR_MG,3442,1,1
cheap_PR_MG,3443,1,1
cheap_PR_MG,3444,1,1
cheap_PR_MG,3445,1,1
cheap_PR_MG,3446,-1,-1
cheap_PR_MG,3447,1,1
cheap_PR_MG,3448,1,1
cheap_PR_MG,3449,-1,-1
cheap_PR_MG,3450,1,1
cheap_PR_MG,3451,1,1
cheap_PR_MG,3452,1,1
cheap_PR_MG,3453,1,1
cheap_PR_MG,3454,1,1
cheap_PR_MG,3455,1,1
cheap_PR_MG,3456,1,1
cheap_PR_MG,3457,-1,-1
cheap_PR_MG,3458,1,1
cheap_PR_MG,3459,1,1
cheap_PR_MG,3460,1,1
cheap_PR_MG,3461,1,1
cheap_PR_MG,3462,1,1
cheap_PR_MG,3463,1,1
cheap_PR_MG,3464,1,1
cheap_PR_MG,3465,-1,-1
cheap_PR_MG,3466,1,1
cheap_PR_MG,3467,1,1
cheap_PR_MG,3468,-1,-1
cheap_PR_MG,3469,1,1
cheap_PR_MG,3470,1,1
cheap_PR_MG,3471,1,1
cheap_PR_MG,3472,1,1
cheap_PR_MG,3473,1,1
cheap_PR_MG,3474,1,1
cheap_PR_MG,3475,1,1
cheap_PR_MG,3476,-1,-1
cheap_PR_MG,3477,1,1
cheap_PR_MG,3478,1,1
cheap_PR_MG,3479,1,1
cheap_PR_MG,3480,1,1
cheap_PR_MG,3481,1,1
cheap_PR_MG,3482,1,1
cheap_PR_MG,3483,1,1
cheap_PR_MG,3484,1,1
cheap_PR_MG,3485,1,1
cheap_PR_MG,3486,1,1
cheap_PR_MG,3487,1,1
cheap_PR_MG,3488,1,1
cheap_PR_MG,3489,-1,-1
cheap_PR_MG,3490,1,1
cheap_PR_MG,3491,-1,-1
cheap_PR_MG,3492,1,1
cheap_PR_MG,3493,1,1
cheap_PR_MG,3494,1,1
cheap_PR_MG,3495,1,1
cheap_PR_MG,3496,1,1
cheap_PR_MG,3497,1,1
cheap_PR_MG,3498,1,1
cheap_PR_MG,3499,1,1
cheap_PR_MG,3500,1,1
cheap_PR_MG,3501,-1,-1
cheap_PR_MG,3502,1,1
cheap_PR_MG,3503,1,1
cheap_PR_MG,3504,1,1
cheap_PR_MG,3505,1,1
cheap_PR_MG,3506,1,1
cheap_PR_MG,3507,1,1
cheap_PR_MG,3508,1,1
cheap_PR_MG,3509,1,1
cheap_PR_MG,3510,1,1
cheap_PR_MG,3511,1,1
cheap_PR_MG,3512,1,1
cheap_PR_MG,3513,1,1
cheap_PR_MG,3514,1,1
cheap_PR_MG,3515,1,1
cheap_PR_MG,3516,1,1
cheap_PR_MG,3517,1,1
cheap_PR_MG,3518,1,1
cheap_PR_MG,3519,1,1
cheap_PR_MG,3520,-1,-1
cheap_PR_MG,3521,1,1
cheap_PR_MG,3522,1,1
cheap_PR_MG,3523,1,1
cheap_PR_MG,3524,1,1
cheap_PR_MG,3525,1,1
cheap_PR_MG,3526,1,1
cheap_PR_MG,3527,1,1
cheap_PR_MG,3528,1,1
cheap_PR_MG,3529,1,1
cheap_PR_MG,3530,1,1
cheap_PR_MG,3531,1,1
cheap_PR_MG,3532,1,1
cheap_PR_MG,3533,-1,-1
cheap_PR_MG,3534,1,1
cheap_PR_MG,3535,1,1
cheap_PR_MG,3536,1,1
cheap_PR_MG,3537,1,1
cheap_PR_MG,3538,-1,-1
cheap_PR_MG,3539,1,1
cheap_PR_MG,3540,1,1
cheap_PR_MG,3541,1,1
cheap_PR_MG,3542,1,1
cheap_PR_MG,3543,1,1
cheap_PR_MG,3544,1,1
cheap_PR_MG,3545,1,1
cheap_PR_MG,3546,1,1
cheap_PR_MG,3547,1,1
cheap_PR_MG,3548,-1,-1
cheap_PR_MG,3549,1,1
cheap_PR_MG,3550,1,1
cheap_PR_MG,3551,1,1
cheap_PR_MG,3552,-1,-1
cheap_PR_MG,3553,-1,-1
cheap_PR_MG,3554,1,1
cheap_PR_MG,3555,1,1
cheap_PR_MG,3556,1,1
cheap_PR_MG,3557,-1,-1
cheap_PR_MG,3558,1,1
cheap_PR_MG,3559,1,1
cheap_PR_MG,3560,-1,-1
cheap_PR_MG,3561,1,1
cheap_PR_MG,3562,1,1
cheap_PR_MG,3563,1,1
cheap_PR_MG,3564,1,1
cheap_PR_MG,3565,1,1
cheap_PR_MG,3566,1,1
cheap_PR_MG,3567,1,1
cheap_PR_MG,3568,1,1
cheap_PR_MG,3569,1,1
cheap_PR_MG,3570,1,1
cheap_PR_MG,3571,1,1
cheap_PR_MG,3572,1,1
cheap_PR_MG,3573,1,1
cheap_PR_MG,3574,1,1
cheap_PR_MG,3575,1,1
cheap_PR_MG,3576,1,1
cheap_PR_MG,3577,1,1
cheap_PR_MG,3578,1,1
cheap_PR_MG,3579,1,1
cheap_PR_MG,3580,1,1
cheap_PR_MG,3581,1,1
cheap_PR_MG,3582,1,1
cheap_PR_MG,3583,1,1
cheap_PR_MG,3584,-1,-1
cheap_PR_MG,3585,1,1
cheap_PR_MG,3586,1,1
cheap_PR_MG,3587,1,1
cheap_PR_MG,3588,1,1
cheap_PR_MG,3589,1,1
cheap_PR_MG,3590,1,1
cheap_PR_MG,3591,1,1
cheap_PR_MG,3592,1,1
cheap_PR_MG,3593,-1,-1
cheap_PR_MG,3594,1,1
cheap_PR_MG,3595,1,1
cheap_PR_MG,3596,1,1
cheap_PR_MG,3597,-1,-1
cheap_PR_MG,3598,1,1
cheap_PR_MG,3599,1,1
cheap_PR_MG,3600,1,1
cheap_PR_MG,3601,1,1
cheap_PR_MG,3602,1,1
cheap_PR_MG,3603,1,1
cheap_PR_MG,3604,1,1
cheap_PR_MG,3605,1,1
cheap_PR_MG,3606,1,1
cheap_PR_MG,3607,1,1
cheap_PR_MG,3608,1,1
cheap_PR_MG,3609,1,1
cheap_PR_MG,3610,1,1
cheap_PR_MG,3611,1,1
cheap_PR_MG,3612,1,1
cheap_PR_MG,3613,1,1
cheap_PR_MG,3614,1,1
cheap_PR_MG,3615,1,1
cheap_PR_MG,3616,1,1
cheap_PR_MG,3617,1,1
cheap_PR_MG,3618,1,1
cheap_PR_MG,3619,1,1
cheap_PR_MG,3620,1,1
cheap_PR_MG,3621,1,1
cheap_PR_MG,3622,1,1
cheap_PR_MG,3623,1,1
cheap_PR_MG,3624,1,1
cheap_PR_MG,3625,1,1
cheap_PR_MG,3626,1,1
cheap_PR_MG,3627,-1,-1
cheap_PR_MG,3628,1,1
cheap_PR_MG,3629,1,1
cheap_PR_MG,3630,1,1
cheap_PR_MG,3631,1,1
cheap_PR_MG,3632,1,1
cheap_PR_MG,3633,1,1
cheap_PR_MG,3634,1,1
cheap_PR_MG,3635,1,1
cheap_PR_MG,3636,1,1
cheap_PR_MG,3637,1,1
cheap_PR_MG,3638,-1,-1
cheap_PR_MG,3639,1,1
cheap_PR_MG,3640,1,1
cheap_PR_MG,3641,1,1
cheap_PR_MG,3642,1,1
cheap_PR_MG,3643,1,1
cheap_PR_MG,3644,1,1
cheap_PR_MG,3645,1,1
cheap_PR_MG,3646,-1,-1
cheap_PR_MG,3647,1,1
cheap_PR_MG,3648,1,1
cheap_PR_MG,3649,1,1
cheap_PR_MG,3650,1,1
cheap_PR_MG,3651,1,1
cheap_PR_MG,3652,1,1
cheap_PR_MG,3653,1,1
cheap_PR_MG,3654,1,1
cheap_PR_MG,3655,1,1
cheap_PR_MG,3656,1,1
cheap_PR_MG,3657,1,1
cheap_PR_MG,3658,1,1
cheap_PR_MG,3659,1,1
cheap_PR_MG,3660,1,1
cheap_PR_MG,3661,1,1
cheap_PR_MG,3662,-1,-1
cheap_PR_MG,3663,1,1
cheap_PR_MG,3664,-1,-1
cheap_PR_MG,3665,1,1
cheap_PR_MG,3666,1,1
cheap_PR_MG,3667,1,1
cheap_PR_MG,3668,1,1
cheap_PR_MG,3669,1,1
cheap_PR_MG,3670,1,1
cheap_PR_MG,3671,1,1
cheap_PR_MG,3672,-1,-1
cheap_PR_MG,3673,1,1
cheap_PR_MG,3674,1,1
cheap_PR_MG,3675,1,1
cheap_PR_MG,3676,1,1
cheap_PR_MG,3677,1,1
cheap_PR_MG,3678,1,1
cheap_PR_MG,3679,1,1
cheap_PR_MG,3680,1,1
cheap_PR_MG,3681,1,1
cheap_PR_MG,3682,1,1
cheap_PR_MG,3683,-1,-1
cheap_PR_MG,3684,1,1
cheap_PR_MG,3685,1,1
cheap_PR_MG,3686,1,1
cheap_PR_MG,3687,1,1
cheap_PR_MG,3688,-1,-1
cheap_PR_MG,3689,-1,-1
cheap_PR_MG,3690,1,1
cheap_PR_MG,3691,1,1
cheap_PR_MG,3692,1,1
cheap_PR_MG,3693,1,1
cheap_PR_MG,3694,1,1
cheap_PR_MG,3695,1,1
cheap_PR_MG,3696,1,1
cheap_PR_MG,3697,-1,-1
cheap_PR_MG,3698,-1,-1
cheap_PR_MG,3699,1,1
cheap_PR_MG,3700,1,1
cheap_PR_MG,3701,1,1
cheap_PR_MG,3702,1,1
cheap_PR_MG,3703,1,1
cheap_PR_MG,3704,1,1
cheap_PR_MG,3705,1,1
cheap_PR_MG,3706,-1,-1
cheap_PR_MG,3707,1,1
cheap_PR_MG,3708,1,1
cheap_PR_MG,3709,1,1
cheap_PR_MG,3710,1,1
cheap_PR_MG,3711,-1,-1
cheap_PR_MG,3712,1,1
cheap_PR_MG,3713,1,1
cheap_PR_MG,3714,1,1
cheap_PR_MG,3715,1,1
cheap_PR_MG,3716,1,1
cheap_PR_MG,3717,1,1
cheap_PR_MG,3718,-1,-1
cheap_PR_MG,3719,1,1
cheap_PR_MG,3720,1,1
cheap_PR_MG,3721,-1,-1
cheap_PR_MG,3722,-1,-1
cheap_PR_MG,3723,-1,-1
cheap_PR_MG,3724,1,1
cheap_PR_MG,3725,1,1
cheap_PR_MG,3726,1,1
cheap_PR_MG,3727,1,1
cheap_PR_MG,3728,1,1
cheap_PR_MG,3729,1,1
cheap_PR_MG,3730,1,1
cheap_PR_MG,3731,1,1
cheap_PR_MG,3732,1,1
cheap_PR_MG,3733,-1,-1
cheap_PR_MG,3734,-1,-1
cheap_PR_MG,3735,1,1
cheap_PR_MG,3736,-1,-1
cheap_PR_MG,3737,1,1
cheap_PR_MG,3738,1,1
cheap_PR_MG,3739,1,1
cheap_PR_MG,3740,1,1
cheap_PR_MG,3741,1,1
cheap_PR_MG,3742,1,1
cheap_PR_MG,3743,-1,-1
cheap_PR_MG,3744,1,1
cheap_PR_MG,3745,1,1
cheap_PR_MG,3746,1,1
cheap_PR_MG,3747,1,1
cheap_PR_MG,3748,1,1
cheap_PR_MG,3749,1,1
cheap_PR_MG,3750,1,1
cheap_PR_MG,3751,1,1
cheap_PR_MG,3752,1,1
cheap_PR_MG,3753,-1,-1
cheap_PR_MG,3754,1,1
cheap_PR_MG,3755,1,1
cheap_PR_MG,3756,-1,-1
cheap_PR_MG,3757,1,1
cheap_PR_MG,3758,1,1
cheap_PR_MG,3759,1,1
cheap_PR_MG,3760,1,1
cheap_PR_MG,3761,1,1
cheap_PR_MG,3762,1,1
cheap_PR_MG,3763,1,1
cheap_PR_MG,3764,1,1
cheap_PR_MG,3765,-1,-1
cheap_PR_MG,3766,1,1
cheap_PR_MG,3767,1,1
cheap_PR_MG,3768,1,1
cheap_PR_MG,3769,1,1
cheap_PR_MG,3770,1,1
cheap_PR_MG,3771,1,1
cheap_PR_MG,3772,1,1
cheap_PR_MG,3773,-1,-1
cheap_PR_MG,3774,1,1
cheap_PR_MG,3775,1,1
cheap_PR_MG,3776,-1,-1
cheap_PR_MG,3777,1,1
cheap_PR_MG,3778,1,1
cheap_PR_MG,3779,1,1
cheap_PR_MG,3780,-1,-1
cheap_PR_MG,3781,1,1
cheap_PR_MG,3782,1,1
cheap_PR_MG,3783,1,1
cheap_PR_MG,3784,1,1
cheap_PR_MG,3785,1,1
cheap_PR_MG,3786,1,1
cheap_PR_MG,3787,1,1
cheap_PR_MG,3788,1,1
cheap_PR_MG,3789,-1,-1
cheap_PR_MG,3790,1,1
cheap_PR_MG,3791,1,1
cheap_PR_MG,3792,1,1
cheap_PR_MG,3793,1,1
cheap_PR_MG,3794,1,1
cheap_PR_MG,3795,1,1
cheap_PR_MG,3796,1,1
cheap_PR_MG,3797,1,1
cheap_PR_MG,3798,1,1
cheap_PR_MG,3799,1,1
cheap_PR_MG,3800,1,1
cheap_PR_MG,3801,-1,-1
cheap_PR_MG,3802,1,1
cheap_PR_MG,3803,1,1
cheap_PR_MG,3804,1,1
cheap_PR_MG,3805,1,1
cheap_PR_MG,3806,1,1
cheap_PR_MG,3807,-1,-1
cheap_PR_MG,3808,1,1
cheap_PR_MG,3809,1,1
cheap_PR_MG,3810,1,1
cheap_PR_MG,3811,1,1
cheap_PR_MG,3812,1,1
cheap_PR_MG,3813,1,1
cheap_PR_MG,3814,1,1
cheap_PR_MG,3815,1,1
cheap_PR_MG,3816,1,1
cheap_PR_MG,3817,1,1
cheap_PR_MG,3818,-1,-1
cheap_PR_MG,3819,1,1
cheap_PR_MG,3820,1,1
cheap_PR_MG,3821,1,1
cheap_PR_MG,3822,1,1
cheap_PR_MG,3823,1,1
cheap_PR_MG,3824,1,1
cheap_PR_MG,3825,1,1
cheap_PR_MG,3826,1,1
cheap_PR_MG,3827,1,1
cheap_PR_MG,3828,1,1
cheap_PR_MG,3829,1,1
cheap_PR_MG,3830,-1,-1
cheap_PR_MG,3831,1,1
cheap_PR_MG,3832,1,1
cheap_PR_MG,3833,-1,-1
cheap_PR_MG,3834,1,1
cheap_PR_MG,3835,1,1
cheap_PR_MG,3836,1,1
cheap_PR_MG,3837,1,1
cheap_PR_MG,3838,-1,-1
cheap_PR_MG,3839,-1,-1
cheap_PR_MG,3840,1,1
cheap_PR_MG,3841,1,1
cheap_PR_MG,3842,1,1
cheap_PR_MG,3843,1,1
cheap_PR_MG,3844,1,1
cheap_PR_MG,3845,-1,-1
cheap_PR_MG,3846,1,1
cheap_PR_MG,3847,1,1
cheap_PR_MG,3848,-1,-1
cheap_PR_MG,3849,1,1
cheap_PR_MG,3850,1,1
cheap_PR_MG,3851,1,1
cheap_PR_MG,3852,-1,-1
cheap_PR_MG,3853,1,1
cheap_PR_MG,3854,1,1
cheap_PR_MG,3855,1,1
cheap_PR_MG,3856,1,1
cheap_PR_MG,3857,1,1
cheap_PR_MG,3858,1,1
cheap_PR_MG,3859,1,1
cheap_PR_MG,3860,1,1
cheap_PR_MG,3861,1,1
cheap_PR_MG,3862,-1,-1
cheap_PR_MG,3863,1,1
cheap_PR_MG,3864,1,1
cheap_PR_MG,3865,1,1
cheap_PR_MG,3866,1,1
cheap_PR_MG,3867,1,1
cheap_PR_MG,3868,1,1
cheap_PR_MG,3869,1,1
cheap_PR_MG,3870,-1,-1
cheap_PR_MG,3871,1,1
cheap_PR_MG,3872,1,1
cheap_PR_MG,3873,1,1
cheap_PR_MG,3874,1,1
cheap_PR_MG,3875,1,1
cheap_PR_MG,3876,1,1
cheap_PR_MG,3877,1,1
cheap_PR_MG,3878,-1,-1
cheap_PR_MG,3879,1,1
cheap_PR_MG,3880,1,1
cheap_PR_MG,3881,1,1
cheap_PR_MG,3882,1,1
cheap_PR_MG,3883,1,1
cheap_PR_MG,3884,1,1
cheap_PR_MG,3885,1,1
cheap_PR_MG,3886,1,1
cheap_PR_MG,3887,1,1
cheap_PR_MG,3888,1,1
cheap_PR_MG,3889,1,1
cheap_PR_MG,3890,1,1
cheap_PR_MG,3891,1,1
cheap_PR_MG,3892,1,1
cheap_PR_MG,3893,1,1
cheap_PR_MG,3894,1,1
cheap_PR_MG,3895,1,1
cheap_PR_MG,3896,1,1
cheap_PR_MG,3897,1,1
cheap_PR_MG,3898,1,1
cheap_PR_MG,3899,1,1
cheap_PR_MG,3900,1,1
cheap_PR_MG,3901,1,1
cheap_PR_MG,3902,1,1
cheap_PR_MG,3903,1,1
cheap_PR_MG,3904,1,1
cheap_PR_MG,3905,1,1
cheap_PR_MG,3906,1,1
cheap_PR_MG,3907,1,1
cheap_PR_MG,3908,1,1
cheap_PR_MG,3909,1,1
cheap_PR_MG,3910,1,1
cheap_PR_MG,3911,1,1
cheap_PR_MG,3912,-1,-1
cheap_PR_MG,3913,1,1
cheap_PR_MG,3914,1,1
cheap_PR_MG,3915,1,1
cheap_PR_MG,3916,-1,-1
cheap_PR_MG,3917,1,1
cheap_PR_MG,3918,1,1
cheap_PR_MG,3919,1,1
cheap_PR_MG,3920,1,1
cheap_PR_MG,3921,1,1
cheap_PR_MG,3922,1,1
cheap_PR_MG,3923,1,1
cheap_PR_MG,3924,1,1
cheap_PR_MG,3925,1,1
cheap_PR_MG,3926,-1,-1
cheap_PR_MG,3927,1,1
cheap_PR_MG,3928,1,1
cheap_PR_MG,3929,1,1
cheap_PR_MG,3930,1,1
cheap_PR_MG,3931,1,1
cheap_PR_MG,3932,1,1
cheap_PR_MG,3933,1,1
cheap_PR_MG,3934,1,1
cheap_PR_MG,3935,1,1
cheap_PR_MG,3936,1,1
cheap_PR_MG,3937,1,1
cheap_PR_MG,3938,1,1
cheap_PR_MG,3939,1,1
cheap_PR_MG,3940,1,1
cheap_PR_MG,3941,1,1
cheap_PR_MG,3942,-1,-1
cheap_PR_MG,3943,1,1
cheap_PR_MG,3944,-1,-1
cheap_PR_MG,3945,1,1
cheap_PR_MG,3946,1,1
cheap_PR_MG,3947,1,1
cheap_PR_MG,3948,1,1
cheap_PR_MG,3949,1,1
cheap_PR_MG,3950,1,1
cheap_PR_MG,3951,1,1
cheap_PR_MG,3952,1,1
cheap_PR_MG,3953,1,1
cheap_PR_MG,3954,-1,-1
cheap_PR_MG,3955,1,1
cheap_PR_MG,3956,-1,-1
cheap_PR_MG,3957,1,1
cheap_PR_MG,3958,1,1
cheap_PR_MG,3959,1,1
cheap_PR_MG,3960,1,1
cheap_PR_MG,3961,1,1
cheap_PR_MG,3962,1,1
cheap_PR_MG,3963,1,1
cheap_PR_MG,3964,1,1
cheap_PR_MG,3965,1,1
cheap_PR_MG,3966,-1,-1
cheap_PR_MG,3967,1,1
cheap_PR_MG,3968,-1,-1
cheap_PR_MG,3969,1,1
cheap_PR_MG,3970,1,1
cheap_PR_MG,3971,1,1
cheap_PR_MG,3972,1,1
cheap_PR_MG,3973,1,1
cheap_PR_MG,3974,-1,-1
cheap_PR_MG,3975,1,1
cheap_PR_MG,3976,1,1
cheap_PR_MG,3977,1,1
cheap_PR_MG,3978,1,1
cheap_PR_MG,3979,-1,-1
cheap_PR_MG,3980,1,1
cheap_PR_MG,3981,1,1
cheap_PR_MG,3982,1,1
cheap_PR_MG,3983,1,1
cheap_PR_MG,3984,1,1
cheap_PR_MG,3985,-1,-1
cheap_PR_MG,3986,1,1
cheap_PR_MG,3987,-1,-1
cheap_PR_MG,3988,1,1
cheap_PR_MG,3989,-1,-1
cheap_PR_MG,3990,-1,-1
cheap_PR_MG,3991,1,1
cheap_PR_MG,3992,1,1
cheap_PR_MG,3993,1,1
cheap_PR_MG,3994,1,1
cheap_PR_MG,3995,1,1
cheap_PR_MG,3996,1,1
cheap_PR_MG,3997,1,1
cheap_PR_MG,3998,1,1
cheap_PR_MG,3999,1,1
cheap_PR_MG,4000,1,1
cheap_PR_MG,4001,1,1
cheap_PR_MG,4002,1,1
cheap_PR_MG,4003,1,1
cheap_PR_MG,4004,1,1
cheap_PR_MG,4005,1,1
cheap_PR_MG,4006,1,1
cheap_PR_MG,4007,1,1
cheap_PR_MG,4008,1,1
cheap_PR_MG,4009,1,1
cheap_PR_MG,4010,1,1
cheap_PR_MG,4011,1,1
cheap_PR_MG,4012,1,1
cheap_PR_MG,4013,1,1
cheap_PR_MG,4014,1,1
cheap_PR_MG,4015,1,1
cheap_PR_MG,4016,1,1
cheap_PR_MG,4017,1,1
cheap_PR_MG,4018,1,1
cheap_PR_MG,4019,1,1
cheap_PR_MG,4020,1,1
cheap_PR_MG,4021,1,-1
cheap_PR_MG,4022,1,1
cheap_PR_MG,4023,1,1
cheap_PR_MG,4024,-1,-1
cheap_PR_MG,4025,1,1
cheap_PR_MG,4026,1,1
cheap_PR_MG,4027,1,1
cheap_PR_MG,4028,1,1
cheap_PR_MG,4029,1,1
cheap_PR_MG,4030,-1,-1
cheap_PR_MG,4031,1,1
cheap_PR_MG,4032,1,1
cheap_PR_MG,4033,1,1
cheap_PR_MG,4034,1,1
cheap_PR_MG,4035,1,1
cheap_PR_MG,4036,1,1
cheap_PR_MG,4037,1,1
cheap_PR_MG,4038,1,1
cheap_PR_MG,4039,1,1
cheap_PR_MG,4040,1,1
cheap_PR_MG,4041,1,1
cheap_PR_MG,4042,1,1
cheap_PR_MG,4043,1,1
cheap_PR_MG,4044,1,1
cheap_PR_MG,4045,1,1
cheap_PR_MG,4046,1,1
cheap_PR_MG,4047,1,1
cheap_PR_MG,4048,1,1
cheap_PR_MG,4049,1,1
cheap_PR_MG,4050,1,1
cheap_PR_MG,4051,1,1
cheap_PR_MG,4052,1,1
cheap_PR_MG,4053,1,1
cheap_PR_MG,4054,1,1
cheap_PR_MG,4055,1,1
cheap_PR_MG,4056,1,1
cheap_PR_MG,4057,1,1
cheap_PR_MG,4058,-1,-1
cheap_PR_MG,4059,1,1
cheap_PR_MG,4060,1,1
cheap_PR_MG,4061,1,1
cheap_PR_MG,4062,1,1
cheap_PR_MG,4063,1,1
cheap_PR_MG,4064,-1,-1
cheap_PR_MG,4065,1,1
cheap_PR_MG,4066,1,1
cheap_PR_MG,4067,1,1
cheap_PR_MG,4068,1,1
cheap_PR_MG,4069,1,1
cheap_PR_MG,4070,1,1
cheap_PR_MG,4071,1,1
cheap_PR_MG,4072,1,1
cheap_PR_MG,4073,1,1
cheap_PR_MG,4074,1,1
cheap_PR_MG,4075,1,1
cheap_PR_MG,4076,1,1
cheap_PR_MG,4077,1,1
cheap_PR_MG,4078,1,1
cheap_PR_MG,4079,1,1
cheap_PR_MG,4080,1,1
cheap_PR_MG,4081,1,1
cheap_PR_MG,4082,1,1
cheap_PR_MG,4083,-1,-1
cheap_PR_MG,4084,1,1
cheap_PR_MG,4085,-1,-1
cheap_PR_MG,4086,1,1
cheap_PR_MG,4087,1,1
cheap_PR_MG,4088,1,1
cheap_PR_MG,4089,1,1
cheap_PR_MG,4090,1,1
cheap_PR_MG,4091,1,1
cheap_PR_MG,4092,-1,-1
cheap_PR_MG,4093,1,1
cheap_PR_MG,4094,1,1
cheap_PR_MG,4095,1,1
cheap_PR_MG,4096,1,1
cheap_PR_MG,4097,1,1
cheap_PR_MG,4098,1,1
cheap_PR_MG,4099,1,1
cheap_PR_MG,4100,1,1
cheap_PR_MG,4101,1,1
cheap_PR_MG,4102,-1,-1
cheap_PR_MG,4103,1,1
cheap_PR_MG,4104,1,1
cheap_PR_MG,4105,-1,-1
cheap_PR_MG,4106,1,1
cheap_PR_MG,4107,1,1
cheap_PR_MG,4108,1,1
cheap_PR_MG,4109,1,1
cheap_PR_MG,4110,1,1
cheap_PR_MG,4111,1,1
cheap_PR_MG,4112,1,1
cheap_PR_MG,4113,1,1
cheap_PR_MG,4114,1,1
cheap_PR_MG,4115,1,1
cheap_PR_MG,4116,1,1
cheap_PR_MG,4117,1,1
cheap_PR_MG,4118,1,1
cheap_PR_MG,4119,1,1
cheap_PR_MG,4120,1,1
cheap_PR_MG,4121,1,1
cheap_PR_MG,4122,1,1
cheap_PR_MG,4123,1,1
cheap_PR_MG,4124,1,1
cheap_PR_MG,4125,1,1
cheap_PR_MG,4126,1,1
cheap_PR_MG,4127,1,1
cheap_PR_MG,4128,1,1
cheap_PR_MG,4129,1,1
cheap_PR_MG,4130,1,1
cheap_PR_MG,4131,1,1
cheap_PR_MG,4132,1,1
cheap_PR_MG,4133,1,1
cheap_PR_MG,4134,-1,-1
cheap_PR_MG,4135,1,1
cheap_PR_MG,4136,-1,-1
cheap_PR_MG,4137,1,1
cheap_PR_MG,4138,1,1
cheap_PR_MG,4139,1,1
cheap_PR_MG,4140,1,1
cheap_PR_MG,4141,1,1
cheap_PR_MG,4142,1,1
cheap_PR_MG,4143,1,1
cheap_PR_MG,4144,1,1
cheap_PR_MG,4145,1,1
cheap_PR_MG,4146,1,1
cheap_PR_MG,4147,1,1
cheap_PR_MG,4148,1,1
cheap_PR_MG,4149,1,1
cheap_PR_MG,4150,1,1
cheap_PR_MG,4151,1,1
cheap_PR_MG,4152,1,1
cheap_PR_MG,4153,-1,-1
cheap_PR_MG,4154,1,1
cheap_PR_MG,4155,1,1
cheap_PR_MG,4156,1,1
cheap_PR_MG,4157,1,1
cheap_PR_MG,4158,1,1
cheap_PR_MG,4159,1,1
cheap_PR_MG,4160,1,1
cheap_PR_MG,4161,1,1
cheap_PR_MG,4162,1,1
cheap_PR_MG,4163,1,1
cheap_PR_MG,4164,1,1
cheap_PR_MG,4165,-1,-1
cheap_PR_MG,4166,1,1
cheap_PR_MG,4167,1,1
cheap_PR_MG,4168,1,1
cheap_PR_MG,4169,1,1
cheap_PR_MG,4170,-1,-1
cheap_PR_MG,4171,1,1
cheap_PR_MG,4172,1,1
cheap_PR_MG,4173,1,1
cheap_PR_MG,4174,1,1
cheap_PR_MG,4175,1,1
cheap_PR_MG,4176,-1,-1
cheap_PR_MG,4177,1,1
cheap_PR_MG,4178,1,1
cheap_PR_MG,4179,1,1
cheap_PR_MG,4180,1,1
cheap_PR_MG,4181,-1,-1
cheap_PR_MG,4182,1,1
cheap_PR_MG,4183,1,1
cheap_PR_MG,4184,1,1
cheap_PR_MG,4185,1,1
cheap_PR_MG,4186,1,1
cheap_PR_MG,4187,1,1
cheap_PR_MG,4188,1,1
cheap_PR_MG,4189,1,1
cheap_PR_MG,4190,1,1
cheap_PR_MG,4191,1,1
cheap_PR_MG,4192,1,1
cheap_PR_MG,4193,1,1
cheap_PR_MG,4194,1,1
cheap_PR_MG,4195,1,1
cheap_PR_MG,4196,1,1
cheap_PR_MG,4197,1,1
cheap_PR_MG,4198,1,1
cheap_PR_MG,4199,1,1
cheap_PR_MG,4200,1,1
cheap_PR_MG,4201,1,1
cheap_PR_MG,4202,1,1
cheap_PR_MG,4203,1,1
cheap_PR_MG,4204,1,1
cheap_PR_MG,4205,1,1
cheap_PR_MG,4206,-1,-1
cheap_PR_MG,4207,1,1
cheap_PR_MG,4208,1,1
cheap_PR_MG,4209,1,1
cheap_PR_MG,4210,1,1
cheap_PR_MG,4211,1,1
cheap_PR_MG,4212,1,1
cheap_PR_MG,4213,1,1
cheap_PR_MG,4214,1,1
cheap_PR_MG,4215,-1,-1
cheap_PR_MG,4216,1,1
cheap_PR_MG,4217,1,1
cheap_PR_MG,4218,1,1
cheap_PR_MG,4219,1,1
cheap_PR_MG,4220,1,1
cheap_PR_MG,4221,-1,-1
cheap_PR_MG,4222,1,1
cheap_PR_MG,4223,1,1
cheap_PR_MG,4224,1,1
cheap_PR_MG,4225,1,1
cheap_PR_MG,4226,-1,-1
cheap_PR_MG,4227,-1,-1
cheap_PR_MG,4228,1,1
cheap_PR_MG,4229,1,1
cheap_PR_MG,4230,1,1
cheap_PR_MG,4231,1,1
cheap_PR_MG,4232,1,1
cheap_PR_MG,4233,1,1
cheap_PR_MG,4234,-1,-1
cheap_PR_MG,4235,1,1
cheap_PR_MG,4236,1,1
cheap_PR_MG,4237,1,1
cheap_PR_MG,4238,1,1
cheap_PR_MG,4239,1,1
cheap_PR_MG,4240,1,1
cheap_PR_MG,4241,1,1
cheap_PR_MG,4242,1,1
cheap_PR_MG,4243,1,1
cheap_PR_MG,4244,1,1
cheap_PR_MG,4245,1,1
cheap_PR_MG,4246,-1,-1
cheap_PR_MG,4247,-1,-1
cheap_PR_MG,4248,1,1
cheap_PR_MG,4249,1,1
cheap_PR_MG,4250,1,1
cheap_PR_MG,4251,1,1
cheap_PR_MG,4252,1,1
cheap_PR_MG,4253,1,1
cheap_PR_MG,4254,1,1
cheap_PR_MG,4255,1,1
cheap_PR_MG,4256,1,1
cheap_PR_MG,4257,1,1
cheap_PR_MG,4258,-1,-1
cheap_PR_MG,4259,1,1
cheap_PR_MG,4260,1,1
cheap_PR_MG,4261,1,1
cheap_PR_MG,4262,1,1
cheap_PR_MG,4263,1,1
cheap_PR_MG,4264,1,1
cheap_PR_MG,4265,1,1
cheap_PR_MG,4266,1,1
cheap_PR_MG,4267,1,1
cheap_PR_MG,4268,1,1
cheap_PR_MG,4269,1,1
cheap_PR_MG,4270,1,1
cheap_PR_MG,4271,1,1
cheap_PR_MG,4272,-1,-1
cheap_PR_MG,4273,1,1
cheap_PR_MG,4274,1,1
cheap_PR_MG,4275,1,1
cheap_PR_MG,4276,1,1
cheap_PR_MG,4277,1,1
cheap_PR_MG,4278,1,1
cheap_PR_MG,4279,1,1
cheap_PR_MG,4280,1,1
cheap_PR_MG,4281,1,1
cheap_PR_MG,4282,1,1
cheap_PR_MG,4283,1,1
cheap_PR_MG,4284,1,1
cheap_PR_MG,4285,1,1
cheap_PR_MG,4286,1,1
cheap_PR_MG,4287,1,1
cheap_PR_MG,4288,1,1
cheap_PR_MG,4289,1,1
cheap_PR_MG,4290,1,1
cheap_PR_MG,4291,1,1
cheap_PR_MG,4292,1,1
cheap_PR_MG,4293,1,1
cheap_PR_MG,4294,1,1
cheap_PR_MG,4295,1,1
cheap_PR_MG,4296,1,1
cheap_PR_MG,4297,1,1
cheap_PR_MG,4298,1,1
cheap_PR_MG,4299,1,1
cheap_PR_MG,4300,1,1
cheap_PR_MG,4301,1,1
cheap_PR_MG,4302,1,1
cheap_PR_MG,4303,1,1
cheap_PR_MG,4304,1,1
cheap_PR_MG,4305,1,1
cheap_PR_MG,4306,-1,-1
cheap_PR_MG,4307,1,1
cheap_PR_MG,4308,1,1
cheap_PR_MG,4309,1,1
cheap_PR_MG,4310,1,1
cheap_PR_MG,4311,1,1
cheap_PR_MG,4312,1,1
cheap_PR_MG,4313,1,1
cheap_PR_MG,4314,1,1
cheap_PR_MG,4315,1,1
cheap_PR_MG,4316,1,1
cheap_PR_MG,4317,-1,-1
cheap_PR_MG,4318,1,1
cheap_PR_MG,4319,1,1
cheap_PR_MG,4320,1,1
cheap_PR_MG,4321,1,1
cheap_PR_MG,4322,1,1
cheap_PR_MG,4323,1,1
cheap_PR_MG,4324,1,1
cheap_PR_MG,4325,1,1
cheap_PR_MG,4326,1,1
cheap_PR_MG,4327,1,1
cheap_PR_MG,4328,1,1
cheap_PR_MG,4329,1,1
cheap_PR_MG,4330,1,1
cheap_PR_MG,4331,1,1
cheap_PR_MG,4332,1,1
cheap_PR_MG,4333,1,1
cheap_PR_MG,4334,1,1
cheap_PR_MG,4335,1,1
cheap_PR_MG,4336,1,1
cheap_PR_MG,4337,1,1
cheap_PR_MG,4338,1,1
cheap_PR_MG,4339,1,1
cheap_PR_MG,4340,1,1
cheap_PR_MG,4341,1,1
cheap_PR_MG,4342,1,1
cheap_PR_MG,4343,1,1
cheap_PR_MG,4344,1,1
cheap_PR_MG,4345,-1,-1
cheap_PR_MG,4346,1,1
cheap_PR_MG,4347,1,1
cheap_PR_MG,4348,1,1
cheap_PR_MG,4349,1,1
cheap_PR_MG,4350,1,1
cheap_PR_MG,4351,1,1
cheap_PR_MG,4352,1,1
cheap_PR_MG,4353,1,1
cheap_PR_MG,4354,1,1
cheap_PR_MG,4355,1,1
cheap_PR_MG,4356,1,1
cheap_PR_MG,4357,1,1
cheap_PR_MG,4358,1,1
cheap_PR_MG,4359,1,1
cheap_PR_MG,4360,1,1
cheap_PR_MG,4361,1,1
cheap_PR_MG,4362,1,1
cheap_PR_MG,4363,1,1
cheap_PR_MG,4364,1,1
cheap_PR_MG,4365,-1,-1
cheap_PR_MG,4366,-1,-1
cheap_PR_MG,4367,1,1
cheap_PR_MG,4368,1,1
cheap_PR_MG,4369,1,1
cheap_PR_MG,4370,1,1
cheap_PR_MG,4371,1,1
cheap_PR_MG,4372,1,1
cheap_PR_MG,4373,-1,-1
cheap_PR_MG,4374,1,1
cheap_PR_MG,4375,1,1
cheap_PR_MG,4376,-1,-1
cheap_PR_MG,4377,1,1
cheap_PR_MG,4378,1,1
cheap_PR_MG,4379,1,1
cheap_PR_MG,4380,1,1
cheap_PR_MG,4381,1,1
cheap_PR_MG,4382,-1,-1
cheap_PR_MG,4383,1,1
cheap_PR_MG,4384,1,1
cheap_PR_MG,4385,1,1
cheap_PR_MG,4386,1,1
cheap_PR_MG,4387,1,1
cheap_PR_MG,4388,1,1
cheap_PR_MG,4389,1,1
cheap_PR_MG,4390,1,1
cheap_PR_MG,4391,1,1
cheap_PR_MG,4392,1,1
cheap_PR_MG,4393,1,1
cheap_PR_MG,4394,1,1
cheap_PR_MG,4395,1,1
cheap_PR_MG,4396,1,1
cheap_PR_MG,4397,1,1
cheap_PR_MG,4398,1,1
cheap_PR_MG,4399,1,1
cheap_PR_MG,4400,1,1
cheap_PR_MG,4401,1,1
cheap_PR_MG,4402,1,1
cheap_PR_MG,4403,1,1
cheap_PR_MG,4404,1,1
cheap_PR_MG,4405,1,1
cheap_PR_MG,4406,1,1
cheap_PR_MG,4407,1,1
cheap_PR_MG,4408,-1,-1
cheap_PR_MG,4409,1,1
cheap_PR_MG,4410,1,1
cheap_PR_MG,4411,1,1
cheap_PR_MG,4412,1,1
cheap_PR_MG,4413,1,1
cheap_PR_MG,4414,1,1
cheap_PR_MG,4415,-1,-1
cheap_PR_MG,4416,1,1
cheap_PR_MG,4417,1,1
cheap_PR_MG,4418,1,1
cheap_PR_MG,4419,1,1
cheap_PR_MG,4420,1,1
cheap_PR_MG,4421,1,1
cheap_PR_MG,4422,-1,-1
cheap_PR_MG,4423,1,1
cheap_PR_MG,4424,1,1
cheap_PR_MG,4425,1,1
cheap_PR_MG,4426,1,1
cheap_PR_MG,4427,1,1
cheap_PR_MG,4428,1,1
cheap_PR_MG,4429,1,1
cheap_PR_MG,4430,1,1
cheap_PR_MG,4431,1,1
cheap_PR_MG,4432,1,1
cheap_PR_MG,4433,1,1
cheap_PR_MG,4434,1,1
cheap_PR_MG,4435,1,1
cheap_PR_MG,4436,-1,-1
cheap_PR_MG,4437,1,1
cheap_PR_MG,4438,1,1
cheap_PR_MG,4439,-1,-1
cheap_PR_MG,4440,1,1
cheap_PR_MG,4441,1,1
cheap_PR_MG,4442,1,1
cheap_PR_MG,4443,1,1
cheap_PR_MG,4444,1,1
cheap_PR_MG,4445,1,1
cheap_PR_MG,4446,1,1
cheap_PR_MG,4447,-1,-1
cheap_PR_MG,4448,1,1
cheap_PR_MG,4449,1,1
cheap_PR_MG,4450,1,1
cheap_PR_MG,4451,1,1
cheap_PR_MG,4452,1,1
cheap_PR_MG,4453,1,1
cheap_PR_MG,4454,1,1
cheap_PR_MG,4455,1,1
cheap_PR_MG,4456,1,1
cheap_PR_MG,4457,1,1
cheap_PR_MG,4458,1,1
cheap_PR_MG,4459,1,1
cheap_PR_MG,4460,1,1
cheap_PR_MG,4461,1,1
cheap_PR_MG,4462,1,1
cheap_PR_MG,4463,1,1
cheap_PR_MG,4464,1,1
cheap_PR_MG,4465,1,1
cheap_PR_MG,4466,1,1
cheap_PR_MG,4467,1,1
cheap_PR_MG,4468,1,1
cheap_PR_MG,4469,1,1
cheap_PR_MG,4470,1,1
cheap_PR_MG,4471,1,1
cheap_PR_MG,4472,1,1
cheap_PR_MG,4473,1,1
cheap_PR_MG,4474,1,1
cheap_PR_MG,4475,1,1
cheap_PR_MG,4476,1,1
cheap_PR_MG,4477,1,1
cheap_PR_MG,4478,1,1
cheap_PR_MG,4479,1,1
cheap_PR_MG,4480,1,1
cheap_PR_MG,4481,1,1
cheap_PR_MG,4482,1,1
cheap_PR_MG,4483,1,1
cheap_PR_MG,4484,-1,-1
cheap_PR_MG,4485,1,1
cheap_PR_MG,4486,1,1
cheap_PR_MG,4487,-1,-1
cheap_PR_MG,4488,1,1
cheap_PR_MG,4489,1,1
cheap_PR_MG,4490,1,1
cheap_PR_MG,4491,1,1
cheap_PR_MG,4492,-1,-1
cheap_PR_MG,4493,1,1
cheap_PR_MG,4494,1,1
cheap_PR_MG,4495,1,1
cheap_PR_MG,4496,1,1
cheap_PR_MG,4497,1,1
cheap_PR_MG,4498,1,1
cheap_PR_MG,4499,1,1
cheap_PR_MG,4500,1,1
cheap_PR_MG,4501,1,1
cheap_PR_MG,4502,1,1
cheap_PR_MG,4503,-1,-1
cheap_PR_MG,4504,1,1
cheap_PR_MG,4505,1,1
cheap_PR_MG,4506,1,1
cheap_PR_MG,4507,-1,-1
cheap_PR_MG,4508,1,1
cheap_PR_MG,4509,1,1
cheap_PR_MG,4510,-1,-1
cheap_PR_MG,4511,1,1
cheap_PR_MG,4512,1,1
cheap_PR_MG,4513,1,1
cheap_PR_MG,4514,-1,-1
cheap_PR_MG,4515,1,1
cheap_PR_MG,4516,1,1
cheap_PR_MG,4517,1,1
cheap_PR_MG,4518,1,1
cheap_PR_MG,4519,1,1
cheap_PR_MG,4520,1,1
cheap_PR_MG,4521,1,1
cheap_PR_MG,4522,1,1
cheap_PR_MG,4523,-1,-1
cheap_PR_MG,4524,1,1
cheap_PR_MG,4525,1,1
cheap_PR_MG,4526,1,1
cheap_PR_MG,4527,1,1
cheap_PR_MG,4528,-1,-1
cheap_PR_MG,4529,1,1
cheap_PR_MG,4530,1,1
cheap_PR_MG,4531,1,1
cheap_PR_MG,4532,1,1
cheap_PR_MG,4533,1,1
cheap_PR_MG,4534,1,1
cheap_PR_MG,4535,1,1
cheap_PR_MG,4536,1,1
cheap_PR_MG,4537,1,1
cheap_PR_MG,4538,1,1
cheap_PR_MG,4539,1,1
cheap_PR_MG,4540,1,1
cheap_PR_MG,4541,1,1
cheap_PR_MG,4542,1,1
cheap_PR_MG,4543,1,1
cheap_PR_MG,4544,1,1
cheap_PR_MG,4545,1,1
cheap_PR_MG,4546,1,1
cheap_PR_MG,4547,1,1
cheap_PR_MG,4548,1,1
cheap_PR_MG,4549,1,1
cheap_PR_MG,4550,-1,-1
cheap_PR_MG,4551,1,1
cheap_PR_MG,4552,1,1
cheap_PR_MG,4553,1,1
cheap_PR_MG,4554,1,1
cheap_PR_MG,4555,1,1
cheap_PR_MG,4556,1,1
cheap_PR_MG,4557,1,1
cheap_PR_MG,4558,1,1
cheap_PR_MG,4559,1,1
cheap_PR_MG,4560,1,1
cheap_PR_MG,4561,1,1
cheap_PR_MG,4562,1,1
cheap_PR_MG,4563,1,1
cheap_PR_MG,4564,1,1
cheap_PR_MG,4565,1,1
cheap_PR_MG,4566,1,1
cheap_PR_MG,4567,1,1
cheap_PR_MG,4568,1,1
cheap_PR_MG,4569,1,1
cheap_PR_MG,4570,1,1
cheap_PR_MG,4571,1,1
cheap_PR_MG,4572,1,1
cheap_PR_MG,4573,1,1
cheap_PR_MG,4574,1,1
cheap_PR_MG,4575,1,1
cheap_PR_MG,4576,1,1
cheap_PR_MG,4577,1,1
cheap_PR_MG,4578,1,1
cheap_PR_MG,4579,1,1
cheap_PR_MG,4580,1,1
cheap_PR_MG,4581,-1,-1
cheap_PR_MG,4582,1,1
cheap_PR_MG,4583,1,1
cheap_PR_MG,4584,1,1
cheap_PR_MG,4585,1,1
cheap_PR_MG,4586,1,1
cheap_PR_MG,4587,1,1
cheap_PR_MG,4588,-1,-1
cheap_PR_MG,4589,1,1
cheap_PR_MG,4590,1,1
cheap_PR_MG,4591,1,1
cheap_PR_MG,4592,1,1
cheap_PR_MG,4593,1,1
cheap_PR_MG,4594,1,1
cheap_PR_MG,4595,1,1
cheap_PR_MG,4596,1,1
cheap_PR_MG,4597,1,1
cheap_PR_MG,4598,1,1
cheap_PR_MG,4599,1,1
cheap_PR_MG,4600,1,1
cheap_PR_MG,4601,1,1
cheap_PR_MG,4602,1,1
cheap_PR_MG,4603,1,1
cheap_PR_MG,4604,1,1
cheap_PR_MG,4605,1,1
cheap_PR_MG,4606,1,1
cheap_PR_MG,4607,1,1
cheap_PR_MG,4608,1,1
cheap_PR_MG,4609,1,1
cheap_PR_MG,4610,1,1
cheap_PR_MG,4611,1,1
cheap_PR_MG,4612,1,1
cheap_PR_MG,4613,1,1
cheap_PR_MG,4614,1,1
cheap_PR_MG,4615,1,1
cheap_PR_MG,4616,-1,-1
cheap_PR_MG,4617,1,1
cheap_PR_MG,4618,1,1
cheap_PR_MG,4619,1,1
cheap_PR_MG,4620,-1,-1
cheap_PR_MG,4621,1,1
cheap_PR_MG,4622,1,1
cheap_PR_MG,4623,1,1
cheap_PR_MG,4624,1,1
cheap_PR_MG,4625,1,1
cheap_PR_MG,4626,1,1
cheap_PR_MG,4627,1,1
cheap_PR_MG,4628,1,1
cheap_PR_MG,4629,1,1
cheap_PR_MG,4630,1,1
cheap_PR_MG,4631,1,1
cheap_PR_MG,4632,1,1
cheap_PR_MG,4633,1,1
cheap_PR_MG,4634,1,1
cheap_PR_MG,4635,1,1
cheap_PR_MG,4636,1,1
cheap_PR_MG,4637,1,1
cheap_PR_MG,4638,1,1
cheap_PR_MG,4639,1,1
cheap_PR_MG,4640,-1,-1
cheap_PR_MG,4641,1,1
cheap_PR_MG,4642,1,1
cheap_PR_MG,4643,1,1
cheap_PR_MG,4644,1,1
cheap_PR_MG,4645,1,1
cheap_PR_MG,4646,1,1
cheap_PR_MG,4647,1,1
cheap_PR_MG,4648,-1,-1
cheap_PR_MG,4649,1,1
cheap_PR_MG,4650,1,1
cheap_PR_MG,4651,1,1
cheap_PR_MG,4652,1,1
cheap_PR_MG,4653,1,1
cheap_PR_MG,4654,1,1
cheap_PR_MG,4655,1,1
cheap_PR_MG,4656,1,1
cheap_PR_MG,4657,1,1
cheap_PR_MG,4658,-1,-1
cheap_PR_MG,4659,1,1
cheap_PR_MG,4660,1,1
cheap_PR_MG,4661,1,1
cheap_PR_MG,4662,1,1
cheap_PR_MG,4663,1,1
cheap_PR_MG,4664,1,1
cheap_PR_MG,4665,-1,-1
cheap_PR_MG,4666,1,1
cheap_PR_MG,4667,1,1
cheap_PR_MG,4668,1,1
cheap_PR_MG,4669,-1,-1
cheap_PR_MG,4670,1,1
cheap_PR_MG,4671,1,1
cheap_PR_MG,4672,-1,-1
cheap_PR_MG,4673,1,1
cheap_PR_MG,4674,1,1
cheap_PR_MG,4675,1,1
cheap_PR_MG,4676,-1,-1
cheap_PR_MG,4677,1,1
cheap_PR_MG,4678,1,1
cheap_PR_MG,4679,1,1
cheap_PR_MG,4680,1,1
cheap_PR_MG,4681,1,1
cheap_PR_MG,4682,1,1
cheap_PR_MG,4683,-1,-1
cheap_PR_MG,4684,1,1
cheap_PR_MG,4685,1,1
cheap_PR_MG,4686,1,1
cheap_PR_MG,4687,-1,-1
cheap_PR_MG,4688,1,1
cheap_PR_MG,4689,1,1
cheap_PR_MG,4690,-1,-1
cheap_PR_MG,4691,1,1
cheap_PR_MG,4692,1,1
cheap_PR_MG,4693,1,1
cheap_PR_MG,4694,1,1
cheap_PR_MG,4695,1,1
cheap_PR_MG,4696,1,1
cheap_PR_MG,4697,1,1
cheap_PR_MG,4698,1,1
cheap_PR_MG,4699,1,1
cheap_PR_MG,4700,1,1
cheap_PR_MG,4701,1,1
cheap_PR_MG,4702,1,1
cheap_PR_MG,4703,1,1
cheap_PR_MG,4704,1,1
cheap_PR_MG,4705,1,1
cheap_PR_MG,4706,1,1
cheap_PR_MG,4707,1,1
cheap_PR_MG,4708,1,1
cheap_PR_MG,4709,1,1
cheap_PR_MG,4710,1,1
cheap_PR_MG,4711,1,1
cheap_PR_MG,4712,1,1
cheap_PR_MG,4713,1,1
cheap_PR_MG,4714,1,1
cheap_PR_MG,4715,1,1
cheap_PR_MG,4716,1,1
cheap_PR_MG,4717,1,1
cheap_PR_MG,4718,1,1
cheap_PR_MG,4719,1,1
cheap_PR_MG,4720,1,1
cheap_PR_MG,4721,1,1
cheap_PR_MG,4722,1,1
cheap_PR_MG,4723,1,1
cheap_PR_MG,4724,1,1
cheap_PR_MG,4725,1,1
cheap_PR_MG,4726,1,1
cheap_PR_MG,4727,1,1
cheap_PR_MG,4728,1,1
cheap_PR_MG,4729,1,1
cheap_PR_MG,4730,1,1
cheap_PR_MG,4731,1,1
cheap_PR_MG,4732,1,1
cheap_PR_MG,4733,1,1
cheap_PR_MG,4734,1,1
cheap_PR_MG,4735,1,1
cheap_PR_MG,4736,1,1
cheap_PR_MG,4737,1,1
cheap_PR_MG,4738,1,1
cheap_PR_MG,4739,1,1
cheap_PR_MG,4740,1,1
cheap_PR_MG,4741,-1,-1
cheap_PR_MG,4742,1,1
cheap_PR_MG,4743,1,1
cheap_PR_MG,4744,1,1
cheap_PR_MG,4745,1,1
cheap_PR_MG,4746,-1,-1
cheap_PR_MG,4747,-1,-1
cheap_PR_MG,4748,1,1
cheap_PR_MG,4749,1,1
cheap_PR_MG,4750,-1,-1
cheap_PR_MG,4751,1,1
cheap_PR_MG,4752,1,1
cheap_PR_MG,4753,-1,-1
cheap_PR_MG,4754,1,1
cheap_PR_MG,4755,1,1
cheap_PR_MG,4756,1,1
cheap_PR_MG,4757,-1,-1
cheap_PR_MG,4758,1,1
cheap_PR_MG,4759,1,1
cheap_PR_MG,4760,1,1
cheap_PR_MG,4761,1,1
cheap_PR_MG,4762,1,1
cheap_PR_MG,4763,1,1
cheap_PR_MG,4764,1,1
cheap_PR_MG,4765,-1,-1
cheap_PR_MG,4766,1,1
cheap_PR_MG,4767,1,1
cheap_PR_MG,4768,1,1
cheap_PR_MG,4769,1,1
cheap_PR_MG,4770,1,1
cheap_PR_MG,4771,1,1
cheap_PR_MG,4772,1,1
cheap_PR_MG,4773,1,1
cheap_PR_MG,4774,1,1
cheap_PR_MG,4775,1,1
cheap_PR_MG,4776,1,1
cheap_PR_MG,4777,1,1
cheap_PR_MG,4778,1,1
cheap_PR_MG,4779,1,1
cheap_PR_MG,4780,1,1
cheap_PR_MG,4781,1,1
cheap_PR_MG,4782,1,1
cheap_PR_MG,4783,1,1
cheap_PR_MG,4784,1,1
cheap_PR_MG,4785,1,1
cheap_PR_MG,4786,1,1
cheap_PR_MG,4787,1,1
cheap_PR_MG,4788,1,1
cheap_PR_MG,4789,1,1
cheap_PR_MG,4790,1,1
cheap_PR_MG,4791,1,1
cheap_PR_MG,4792,1,1
cheap_PR_MG,4793,1,1
cheap_PR_MG,4794,1,1
cheap_PR_MG,4795,1,1
cheap_PR_MG,4796,1,1
cheap_PR_MG,4797,1,1
cheap_PR_MG,4798,1,1
cheap_PR_MG,4799,1,1
cheap_PR_MG,4800,-1,-1
cheap_PR_MG,4801,-1,-1
cheap_PR_MG,4802,1,1
cheap_PR_MG,4803,1,1
cheap_PR_MG,4804,1,1
cheap_PR_MG,4805,1,1
cheap_PR_MG,4806,1,1
cheap_PR_MG,4807,1,1
cheap_PR_MG,4808,-1,-1
cheap_PR_MG,4809,1,1
cheap_PR_MG,4810,1,1
cheap_PR_MG,4811,1,1
cheap_PR_MG,4812,1,1
cheap_PR_MG,4813,1,1
cheap_PR_MG,4814,1,1
cheap_PR_MG,4815,1,1
cheap_PR_MG,4816,1,1
cheap_PR_MG,4817,1,1
cheap_PR_MG,4818,1,1
cheap_PR_MG,4819,1,1
cheap_PR_MG,4820,1,1
cheap_PR_MG,4821,1,1
cheap_PR_MG,4822,1,1
cheap_PR_MG,4823,-1,-1
cheap_PR_MG,4824,1,1
cheap_PR_MG,4825,1,1
cheap_PR_MG,4826,1,1
cheap_PR_MG,4827,1,1
cheap_PR_MG,4828,1,1
cheap_PR_MG,4829,1,1
cheap_PR_MG,4830,1,1
cheap_PR_MG,4831,1,1
cheap_PR_MG,4832,1,1
cheap_PR_MG,4833,1,1
cheap_PR_MG,4834,1,1
cheap_PR_MG,4835,1,1
cheap_PR_MG,4836,1,1
cheap_PR_MG,4837,-1,-1
cheap_PR_MG,4838,1,1
cheap_PR_MG,4839,1,1
cheap_PR_MG,4840,1,1
cheap_PR_MG,4841,-1,-1
cheap_PR_MG,4842,1,1
cheap_PR_MG,4843,1,1
cheap_PR_MG,4844,1,1
cheap_PR_MG,4845,1,1
cheap_PR_MG,4846,1,1
cheap_PR_MG,4847,-1,-1
cheap_PR_MG,4848,1,1
cheap_PR_MG,4849,1,1
cheap_PR_MG,4850,1,1
cheap_PR_MG,4851,1,1
cheap_PR_MG,4852,1,1
cheap_PR_MG,4853,1,1
cheap_PR_MG,4854,1,1
cheap_PR_MG,4855,1,1
cheap_PR_MG,4856,1,1
cheap_PR_MG,4857,1,1
cheap_PR_MG,4858,1,1
cheap_PR_MG,4859,1,1
cheap_PR_MG,4860,1,1
cheap_PR_MG,4861,-1,-1
cheap_PR_MG,4862,1,1
cheap_PR_MG,4863,1,1
cheap_PR_MG,4864,1,1
cheap_PR_MG,4865,1,1
cheap_PR_MG,4866,-1,-1
cheap_PR_MG,4867,1,1
cheap_PR_MG,4868,1,1
cheap_PR_MG,4869,1,1
cheap_PR_MG,4870,1,1
cheap_PR_MG,4871,1,1
cheap_PR_MG,4872,1,1
cheap_PR_MG,4873,1,1
cheap_PR_MG,4874,1,1
cheap_PR_MG,4875,1,1
cheap_PR_MG,4876,1,1
cheap_PR_MG,4877,-1,-1
cheap_PR_MG,4878,1,1
cheap_PR_MG,4879,1,1
cheap_PR_MG,4880,1,1
cheap_PR_MG,4881,1,1
cheap_PR_MG,4882,1,1
cheap_PR_MG,4883,1,1
cheap_PR_MG,4884,1,1
cheap_PR_MG,4885,1,1
cheap_PR_MG,4886,1,1
cheap_PR_MG,4887,1,1
cheap_PR_MG,4888,-1,-1
cheap_PR_MG,4889,1,1
cheap_PR_MG,4890,1,1
cheap_PR_MG,4891,1,1
cheap_PR_MG,4892,-1,-1
cheap_PR_MG,4893,1,1
cheap_PR_MG,4894,1,1
cheap_PR_MG,4895,1,1
cheap_PR_MG,4896,-1,-1
cheap_PR_MG,4897,1,1
cheap_PR_MG,4898,1,1
cheap_PR_MG,4899,1,1
cheap_PR_MG,4900,-1,-1
cheap_PR_MG,4901,-1,-1
cheap_PR_MG,4902,1,1
cheap_PR_MG,4903,1,1
cheap_PR_MG,4904,1,1
cheap_PR_MG,4905,1,1
cheap_PR_MG,4906,-1,-1
cheap_PR_MG,4907,1,1
cheap_PR_MG,4908,1,1
cheap_PR_MG,4909,1,1
cheap_PR_MG,4910,1,1
cheap_PR_MG,4911,1,1
cheap_PR_MG,4912,-1,-1
cheap_PR_MG,4913,1,1
cheap_PR_MG,4914,1,1
cheap_PR_MG,4915,1,1
cheap_PR_MG,4916,1,1
cheap_PR_MG,4917,1,1
cheap_PR_MG,4918,1,1
cheap_PR_MG,4919,1,1
cheap_PR_MG,4920,1,1
cheap_PR_MG,4921,1,1
cheap_PR_MG,4922,1,1
cheap_PR_MG,4923,1,1
cheap_PR_MG,4924,1,1
cheap_PR_MG,4925,1,1
cheap_PR_MG,4926,1,1
cheap_PR_MG,4927,1,1
cheap_PR_MG,4928,1,1
cheap_PR_MG,4929,1,1
cheap_PR_MG,4930,1,1
cheap_PR_MG,4931,1,1
cheap_PR_MG,4932,1,1
cheap_PR_MG,4933,1,1
cheap_PR_MG,4934,1,1
cheap_PR_MG,4935,-1,-1
cheap_PR_MG,4936,1,1
cheap_PR_MG,4937,1,1
cheap_PR_MG,4938,1,1
cheap_PR_MG,4939,1,1
cheap_PR_MG,4940,1,1
cheap_PR_MG,4941,1,1
cheap_PR_MG,4942,1,1
cheap_PR_MG,4943,-1,-1
cheap_PR_MG,4944,1,1
cheap_PR_MG,4945,1,1
cheap_PR_MG,4946,1,1
cheap_PR_MG,4947,1,1
cheap_PR_MG,4948,-1,-1
cheap_PR_MG,4949,1,1
cheap_PR_MG,4950,1,1
cheap_PR_MG,4951,1,1
cheap_PR_MG,4952,1,1
cheap_PR_MG,4953,1,1
cheap_PR_MG,4954,1,1
cheap_PR_MG,4955,1,1
cheap_PR_MG,4956,1,1
cheap_PR_MG,4957,1,1
cheap_PR_MG,4958,1,1
cheap_PR_MG,4959,1,1
cheap_PR_MG,4960,1,1
cheap_PR_MG,4961,1,1
cheap_PR_MG,4962,1,1
cheap_PR_MG,4963,1,1
cheap_PR_MG,4964,1,1
cheap_PR_MG,4965,1,1
cheap_PR_MG,4966,-1,-1
cheap_PR_MG,4967,1,1
cheap_PR_MG,4968,1,1
cheap_PR_MG,4969,1,1
cheap_PR_MG,4970,1,1
cheap_PR_MG,4971,1,1
cheap_PR_MG,4972,1,1
cheap_PR_MG,4973,1,1
cheap_PR_MG,4974,1,1
cheap_PR_MG,4975,-1,-1
cheap_PR_MG,4976,-1,-1
cheap_PR_MG,4977,1,1
cheap_PR_MG,4978,1,1
cheap_PR_MG,4979,1,1
cheap_PR_MG,4980,1,1
cheap_PR_MG,4981,1,1
cheap_PR_MG,4982,1,1
cheap_PR_MG,4983,1,1
cheap_PR_MG,4984,1,1
cheap_PR_MG,4985,1,1
cheap_PR_MG,4986,1,1
cheap_PR_MG,4987,1,1
cheap_PR_MG,4988,1,1
cheap_PR_MG,4989,-1,-1
cheap_PR_MG,4990,1,1
cheap_PR_MG,4991,1,1
cheap_PR_MG,4992,1,1
cheap_PR_MG,4993,1,1
cheap_PR_MG,4994,1,1
cheap_PR_MG,4995,1,1
cheap_PR_MG,4996,1,1
cheap_PR_MG,4997,1,1
cheap_PR_MG,4998,1,1
cheap_PR_MG,4999,-1,-1
cheap_PR_MG,5000,1,1
cheap_PR_MG,5001,1,1
cheap_PR_MG,5002,1,1
cheap_PR_MG,5003,-1,-1
cheap_PR_MG,5004,1,1
cheap_PR_MG,5005,1,1
cheap_PR_MG,5006,-1,-1
cheap_PR_MG,5007,1,1
cheap_PR_MG,5008,-1,-1
cheap_PR_MG,5009,1,1
cheap_PR_MG,5010,1,1
cheap_PR_MG,5011,1,1
cheap_PR_MG,5012,-1,-1
cheap_PR_MG,5013,1,1
cheap_PR_MG,5014,-1,-1
cheap_PR_MG,5015,1,1
cheap_PR_MG,5016,1,1
cheap_PR_MG,5017,1,1
cheap_PR_MG,5018,1,1
cheap_PR_MG,5019,1,1
cheap_PR_MG,5020,1,1
cheap_PR_MG,5021,1,1
cheap_PR_MG,5022,1,1
cheap_PR_MG,5023,1,1
cheap_PR_MG,5024,1,1
cheap_PR_MG,5025,1,1
cheap_PR_MG,5026,1,1
cheap_PR_MG,5027,1,1
cheap_PR_MG,5028,1,1
cheap_PR_MG,5029,1,1
cheap_PR_MG,5030,1,1
cheap_PR_MG,5031,1,1
cheap_PR_MG,5032,1,1
cheap_PR_MG,5033,1,1
cheap_PR_MG,5034,1,1
cheap_PR_MG,5035,1,1
cheap_PR_MG,5036,1,1
cheap_PR_MG,5037,1,1
cheap_PR_MG,5038,1,1
cheap_PR_MG,5039,1,1
cheap_PR_MG,5040,1,1
cheap_PR_MG,5041,1,1
cheap_PR_MG,5042,1,1
cheap_PR_MG,5043,-1,-1
cheap_PR_MG,5044,1,1
cheap_PR_MG,5045,1,1
cheap_PR_MG,5046,1,1
cheap_PR_MG,5047,1,1
cheap_PR_MG,5048,1,1
cheap_PR_MG,5049,1,1
cheap_PR_MG,5050,1,1
cheap_PR_MG,5051,-1,-1
cheap_PR_MG,5052,1,1
cheap_PR_MG,5053,1,1
cheap_PR_MG,5054,1,1
cheap_PR_MG,5055,1,1
cheap_PR_MG,5056,1,1
cheap_PR_MG,5057,1,1
cheap_PR_MG,5058,1,1
cheap_PR_MG,5059,1,1
cheap_PR_MG,5060,1,1
cheap_PR_MG,5061,1,1
cheap_PR_MG,5062,-1,-1
cheap_PR_MG,5063,1,1
cheap_PR_MG,5064,1,1
cheap_PR_MG,5065,1,1
cheap_PR_MG,5066,1,1
cheap_PR_MG,5067,1,1
cheap_PR_MG,5068,1,1
cheap_PR_MG,5069,1,1
cheap_PR_MG,5070,1,1
cheap_PR_MG,5071,1,1
cheap_PR_MG,5072,1,1
cheap_PR_MG,5073,-1,-1
cheap_PR_MG,5074,1,1
cheap_PR_MG,5075,1,1
cheap_PR_MG,5076,1,1
cheap_PR_MG,5077,1,1
cheap_PR_MG,5078,1,1
cheap_PR_MG,5079,1,1
cheap_PR_MG,5080,1,1
cheap_PR_MG,5081,1,1
cheap_PR_MG,5082,1,1
cheap_PR_MG,5083,1,1
cheap_PR_MG,5084,1,1
cheap_PR_MG,5085,1,1
cheap_PR_MG,5086,1,1
cheap_PR_MG,5087,1,1
cheap_PR_MG,5088,1,1
cheap_PR_MG,5089,1,1
cheap_PR_MG,5090,-1,-1
cheap_PR_MG,5091,1,1
cheap_PR_MG,5092,1,1
cheap_PR_MG,5093,-1,-1
cheap_PR_MG,5094,1,1
cheap_PR_MG,5095,1,1
cheap_PR_MG,5096,1,1
cheap_PR_MG,5097,1,1
cheap_PR_MG,5098,1,1
cheap_PR_MG,5099,-1,-1
cheap_PR_MG,5100,1,1
cheap_PR_MG,5101,1,1
cheap_PR_MG,5102,1,1
cheap_PR_MG,5103,-1,-1
cheap_PR_MG,5104,1,1
cheap_PR_MG,5105,1,1
cheap_PR_MG,5106,-1,-1
cheap_PR_MG,5107,1,1
cheap_PR_MG,5108,1,1
cheap_PR_MG,5109,1,1
cheap_PR_MG,5110,1,1
cheap_PR_MG,5111,1,1
cheap_PR_MG,5112,1,1
cheap_PR_MG,5113,1,1
cheap_PR_MG,5114,1,1
cheap_PR_MG,5115,1,1
cheap_PR_MG,5116,1,1
cheap_PR_MG,5117,1,1
cheap_PR_MG,5118,1,1
cheap_PR_MG,5119,-1,-1
cheap_PR_MG,5120,1,1
cheap_PR_MG,5121,1,1
cheap_PR_MG,5122,1,1
cheap_PR_MG,5123,1,1
cheap_PR_MG,5124,1,1
cheap_PR_MG,5125,1,1
cheap_PR_MG,5126,1,1
cheap_PR_MG,5127,1,1
cheap_PR_MG,5128,1,1
cheap_PR_MG,5129,1,1
cheap_PR_MG,5130,1,1
cheap_PR_MG,5131,1,1
cheap_PR_MG,5132,-1,-1
cheap_PR_MG,5133,1,1
cheap_PR_MG,5134,1,1
cheap_PR_MG,5135,1,1
cheap_PR_MG,5136,1,1
cheap_PR_MG,5137,1,1
cheap_PR_MG,5138,1,1
cheap_PR_MG,5139,1,1
cheap_PR_MG,5140,1,1
cheap_PR_MG,5141,1,1
cheap_PR_MG,5142,1,1
cheap_PR_MG,5143,1,1
cheap_PR_MG,5144,1,1
cheap_PR_MG,5145,-1,-1
cheap_PR_MG,5146,1,1
cheap_PR_MG,5147,1,1
cheap_PR_MG,5148,1,1
cheap_PR_MG,5149,1,1
cheap_PR_MG,5150,1,1
cheap_PR_MG,5151,1,1
cheap_PR_MG,5152,1,1
cheap_PR_MG,5153,1,1
cheap_PR_MG,5154,1,1
cheap_PR_MG,5155,1,1
cheap_PR_MG,5156,1,1
cheap_PR_MG,5157,1,1
cheap_PR_MG,5158,1,1
cheap_PR_MG,5159,1,1
cheap_PR_MG,5160,1,1
cheap_PR_MG,5161,-1,-1
cheap_PR_MG,5162,1,1
cheap_PR_MG,5163,1,1
cheap_PR_MG,5164,1,1
cheap_PR_MG,5165,1,1
cheap_PR_MG,5166,1,1
cheap_PR_MG,5167,1,1
cheap_PR_MG,5168,1,1
cheap_PR_MG,5169,-1,-1
cheap_PR_MG,5170,1,1
cheap_PR_MG,5171,1,1
cheap_PR_MG,5172,1,1
cheap_PR_MG,5173,1,1
cheap_PR_MG,5174,1,1
cheap_PR_MG,5175,1,1
cheap_PR_MG,5176,1,1
cheap_PR_MG,5177,1,1
cheap_PR_MG,5178,1,1
cheap_PR_MG,5179,1,1
cheap_PR_MG,5180,1,1
cheap_PR_MG,5181,-1,-1
cheap_PR_MG,5182,1,1
cheap_PR_MG,5183,-1,-1
cheap_PR_MG,5184,1,1
cheap_PR_MG,5185,-1,-1
cheap_PR_MG,5186,1,1
cheap_PR_MG,5187,1,1
cheap_PR_MG,5188,1,1
cheap_PR_MG,5189,1,1
cheap_PR_MG,5190,1,1
cheap_PR_MG,5191,1,1
cheap_PR_MG,5192,1,1
cheap_PR_MG,5193,-1,-1
cheap_PR_MG,5194,1,1
cheap_PR_MG,5195,1,1
cheap_PR_MG,5196,1,1
cheap_PR_MG,5197,1,1
cheap_PR_MG,5198,1,1
cheap_PR_MG,5199,1,1
cheap_PR_MG,5200,-1,-1
cheap_PR_MG,5201,1,1
cheap_PR_MG,5202,1,1
cheap_PR_MG,5203,1,1
cheap_PR_MG,5204,1,1
cheap_PR_MG,5205,1,1
cheap_PR_MG,5206,1,1
cheap_PR_MG,5207,1,1
cheap_PR_MG,5208,1,1
cheap_PR_MG,5209,1,1
cheap_PR_MG,5210,1,1
cheap_PR_MG,5211,1,1
cheap_PR_MG,5212,1,1
cheap_PR_MG,5213,-1,-1
cheap_PR_MG,5214,-1,-1
cheap_PR_MG,5215,1,1
cheap_PR_MG,5216,-1,-1
cheap_PR_MG,5217,1,1
cheap_PR_MG,5218,1,1
cheap_PR_MG,5219,-1,-1
cheap_PR_MG,5220,1,1
cheap_PR_MG,5221,1,1
cheap_PR_MG,5222,1,1
cheap_PR_MG,5223,1,1
cheap_PR_MG,5224,1,1
cheap_PR_MG,5225,1,1
cheap_PR_MG,5226,1,1
cheap_PR_MG,5227,1,1
cheap_PR_MG,5228,1,1
cheap_PR_MG,5229,1,1
cheap_PR_MG,5230,1,1
cheap_PR_MG,5231,1,1
cheap_PR_MG,5232,-1,-1
cheap_PR_MG,5233,1,1
cheap_PR_MG,5234,1,1
cheap_PR_MG,5235,-1,-1
cheap_PR_MG,5236,1,1
cheap_PR_MG,5237,1,1
cheap_PR_MG,5238,1,1
cheap_PR_MG,5239,1,1
cheap_PR_MG,5240,1,1
cheap_PR_MG,5241,1,1
cheap_PR_MG,5242,1,1
cheap_PR_MG,5243,1,1
cheap_PR_MG,5244,-1,-1
cheap_PR_MG,5245,1,1
cheap_PR_MG,5246,1,1
cheap_PR_MG,5247,1,1
cheap_PR_MG,5248,-1,-1
cheap_PR_MG,5249,1,1
cheap_PR_MG,5250,1,1
cheap_PR_MG,5251,1,1
cheap_PR_MG,5252,1,1
cheap_PR_MG,5253,-1,-1
cheap_PR_MG,5254,1,1
cheap_PR_MG,5255,1,1
cheap_PR_MG,5256,1,1
cheap_PR_MG,5257,1,1
cheap_PR_MG,5258,1,1
cheap_PR_MG,5259,-1,-1
cheap_PR_MG,5260,1,1
cheap_PR_MG,5261,1,1
cheap_PR_MG,5262,1,1
cheap_PR_MG,5263,1,1
cheap_PR_MG,5264,1,1
cheap_PR_MG,5265,1,1
cheap_PR_MG,5266,1,1
cheap_PR_MG,5267,1,1
cheap_PR_MG,5268,1,1
cheap_PR_MG,5269,1,1
cheap_PR_MG,5270,1,1
cheap_PR_MG,5271,1,1
cheap_PR_MG,5272,1,1
cheap_PR_MG,5273,1,1
cheap_PR_MG,5274,1,1
cheap_PR_MG,5275,1,1
cheap_PR_MG,5276,1,1
cheap_PR_MG,5277,1,1
cheap_PR_MG,5278,1,1
cheap_PR_MG,5279,-1,-1
cheap_PR_MG,5280,1,1
cheap_PR_MG,5281,1,1
cheap_PR_MG,5282,1,1
cheap_PR_MG,5283,1,1
cheap_PR_MG,5284,-1,-1
cheap_PR_MG,5285,1,-1
cheap_PR_MG,5286,1,1
cheap_PR_MG,5287,1,1
cheap_PR_MG,5288,1,1
cheap_PR_MG,5289,1,1
cheap_PR_MG,5290,1,1
cheap_PR_MG,5291,1,1
cheap_PR_MG,5292,1,1
cheap_PR_MG,5293,1,1
cheap_PR_MG,5294,1,1
cheap_PR_MG,5295,1,1
cheap_PR_MG,5296,1,1
cheap_PR_MG,5297,1,1
cheap_PR_MG,5298,1,1
cheap_PR_MG,5299,-1,-1
cheap_PR_MG,5300,1,1
cheap_PR_MG,5301,1,1
cheap_PR_MG,5302,1,1
cheap_PR_MG,5303,1,1
cheap_PR_MG,5304,1,1
cheap_PR_MG,5305,1,1
cheap_PR_MG,5306,1,1
cheap_PR_MG,5307,1,1
cheap_PR_MG,5308,1,1
cheap_PR_MG,5309,1,1
cheap_PR_MG,5310,1,1
cheap_PR_MG,5311,1,1
cheap_PR_MG,5312,1,1
cheap_PR_MG,5313,1,1
cheap_PR_MG,5314,1,1
cheap_PR_MG,5315,1,1
cheap_PR_MG,5316,1,1
cheap_PR_MG,5317,1,1
cheap_PR_MG,5318,1,1
cheap_PR_MG,5319,1,1
cheap_PR_MG,5320,1,1
cheap_PR_MG,5321,1,1
cheap_PR_MG,5322,1,1
cheap_PR_MG,5323,1,1
cheap_PR_MG,5324,1,1
cheap_PR_MG,5325,1,1
cheap_PR_MG,5326,1,1
cheap_PR_MG,5327,1,1
cheap_PR_MG,5328,1,1
cheap_PR_MG,5329,1,1
cheap_PR_MG,5330,1,1
cheap_PR_MG,5331,1,1
cheap_PR_MG,5332,1,1
cheap_PR_MG,5333,1,1
cheap_PR_MG,5334,1,1
cheap_PR_MG,5335,1,1
cheap_PR_MG,5336,1,1
cheap_PR_MG,5337,1,1
cheap_PR_MG,5338,1,1
cheap_PR_MG,5339,-1,-1
cheap_PR_MG,5340,1,1
cheap_PR_MG,5341,1,1
cheap_PR_MG,5342,1,1
cheap_PR_MG,5343,-1,-1
cheap_PR_MG,5344,1,1
cheap_PR_MG,5345,1,1
cheap_PR_MG,5346,1,1
cheap_PR_MG,5347,1,1
cheap_PR_MG,5348,-1,-1
cheap_PR_MG,5349,1,1
cheap_PR_MG,5350,1,1
cheap_PR_MG,5351,1,1
cheap_PR_MG,5352,1,1
cheap_PR_MG,5353,1,1
cheap_PR_MG,5354,1,1
cheap_PR_MG,5355,1,1
cheap_PR_MG,5356,-1,-1
cheap_PR_MG,5357,-1,-1
cheap_PR_MG,5358,-1,-1
cheap_PR_MG,5359,1,1
cheap_PR_MG,5360,1,1
cheap_PR_MG,5361,1,1
cheap_PR_MG,5362,1,1
cheap_PR_MG,5363,1,1
cheap_PR_MG,5364,1,1
cheap_PR_MG,5365,1,1
cheap_PR_MG,5366,1,1
cheap_PR_MG,5367,1,1
cheap_PR_MG,5368,1,1
cheap_PR_MG,5369,1,1
cheap_PR_MG,5370,1,1
cheap_PR_MG,5371,1,1
cheap_PR_MG,5372,-1,-1
cheap_PR_MG,5373,1,1
cheap_PR_MG,5374,1,1
cheap_PR_MG,5375,1,1
cheap_PR_MG,5376,1,1
cheap_PR_MG,5377,-1,-1
cheap_PR_MG,5378,-1,-1
cheap_PR_MG,5379,1,1
cheap_PR_MG,5380,1,1
cheap_PR_MG,5381,1,1
cheap_PR_MG,5382,1,1
cheap_PR_MG,5383,-1,-1
cheap_PR_MG,5384,1,1
cheap_PR_MG,5385,1,1
cheap_PR_MG,5386,1,1
cheap_PR_MG,5387,-1,-1
cheap_PR_MG,5388,1,1
cheap_PR_MG,5389,1,1
cheap_PR_MG,5390,1,1
cheap_PR_MG,5391,1,1
cheap_PR_MG,5392,1,1
cheap_PR_MG,5393,1,1
cheap_PR_MG,5394,1,1
cheap_PR_MG,5395,1,1
cheap_PR_MG,5396,1,1
cheap_PR_MG,5397,1,1
cheap_PR_MG,5398,1,1
cheap_PR_MG,5399,1,1
cheap_PR_MG,5400,-1,-1
cheap_PR_MG,5401,1,1
cheap_PR_MG,5402,1,1
cheap_PR_MG,5403,1,1
cheap_PR_MG,5404,1,1
cheap_PR_MG,5405,1,1
cheap_PR_MG,5406,1,1
cheap_PR_MG,5407,1,1
cheap_PR_MG,5408,1,1
cheap_PR_MG,5409,1,1
cheap_PR_MG,5410,-1,-1
cheap_PR_MG,5411,1,1
cheap_PR_MG,5412,1,1
cheap_PR_MG,5413,1,1
cheap_PR_MG,5414,1,1
cheap_PR_MG,5415,1,1
cheap_PR_MG,5416,1,1
cheap_PR_MG,5417,1,1
cheap_PR_MG,5418,1,1
cheap_PR_MG,5419,1,1
cheap_PR_MG,5420,1,1
cheap_PR_MG,5421,1,1
cheap_PR_MG,5422,1,1
cheap_PR_MG,5423,1,1
cheap_PR_MG,5424,1,1
cheap_PR_MG,5425,1,1
cheap_PR_MG,5426,1,1
cheap_PR_MG,5427,1,1
cheap_PR_MG,5428,1,1
cheap_PR_MG,5429,1,1
cheap_PR_MG,5430,1,1
cheap_PR_MG,5431,-1,-1
cheap_PR_MG,5432,1,1
cheap_PR_MG,5433,1,1
cheap_PR_MG,5434,1,1
cheap_PR_MG,5435,1,1
cheap_PR_MG,5436,1,1
cheap_PR_MG,5437,-1,-1
cheap_PR_MG,5438,1,1
cheap_PR_MG,5439,1,1
cheap_PR_MG,5440,1,1
cheap_PR_MG,5441,1,1
cheap_PR_MG,5442,1,1
cheap_PR_MG,5443,1,1
cheap_PR_MG,5444,1,1
cheap_PR_MG,5445,-1,-1
cheap_PR_MG,5446,1,1
cheap_PR_MG,5447,1,1
cheap_PR_MG,5448,1,1
cheap_PR_MG,5449,1,1
cheap_PR_MG,5450,1,1
cheap_PR_MG,5451,1,1
cheap_PR_MG,5452,1,1
cheap_PR_MG,5453,1,1
cheap_PR_MG,5454,1,1
cheap_PR_MG,5455,1,1
cheap_PR_MG,5456,1,1
cheap_PR_MG,5457,1,1
cheap_PR_MG,5458,1,1
cheap_PR_MG,5459,-1,-1
cheap_PR_MG,5460,1,1
cheap_PR_MG,5461,-1,-1
cheap_PR_MG,5462,1,1
cheap_PR_MG,5463,1,1
cheap_PR_MG,5464,1,1
cheap_PR_MG,5465,1,1
cheap_PR_MG,5466,1,1
cheap_PR_MG,5467,1,1
cheap_PR_MG,5468,1,1
cheap_PR_MG,5469,1,1
cheap_PR_MG,5470,-1,-1
cheap_PR_MG,5471,1,1
cheap_PR_MG,5472,1,1
cheap_PR_MG,5473,1,1
cheap_PR_MG,5474,1,1
cheap_PR_MG,5475,1,1
cheap_PR_MG,5476,-1,-1
cheap_PR_MG,5477,1,1
cheap_PR_MG,5478,1,1
cheap_PR_MG,5479,-1,-1
cheap_PR_MG,5480,1,1
cheap_PR_MG,5481,1,1
cheap_PR_MG,5482,1,1
cheap_PR_MG,5483,1,1
cheap_PR_MG,5484,1,1
cheap_PR_MG,5485,-1,-1
cheap_PR_MG,5486,1,1
cheap_PR_MG,5487,1,1
cheap_PR_MG,5488,1,1
cheap_PR_MG,5489,1,1
cheap_PR_MG,5490,1,1
cheap_PR_MG,5491,1,1
cheap_PR_MG,5492,1,1
cheap_PR_MG,5493,1,1
cheap_PR_MG,5494,1,1
cheap_PR_MG,5495,1,1
cheap_PR_MG,5496,1,1
cheap_PR_MG,5497,1,1
cheap_PR_MG,5498,1,1
cheap_PR_MG,5499,1,1
cheap_PR_MG,5500,1,1
cheap_PR_MG,5501,1,1
cheap_PR_MG,5502,1,1
cheap_PR_MG,5503,1,1
cheap_PR_MG,5504,1,1
cheap_PR_MG,5505,1,1
cheap_PR_MG,5506,1,1
cheap_PR_MG,5507,1,1
cheap_PR_MG,5508,-1,-1
cheap_PR_MG,5509,1,1
cheap_PR_MG,5510,1,1
cheap_PR_MG,5511,1,1
cheap_PR_MG,5512,1,1
cheap_PR_MG,5513,1,1
cheap_PR_MG,5514,1,1
cheap_PR_MG,5515,1,1
cheap_PR_MG,5516,1,1
cheap_PR_MG,5517,1,1
cheap_PR_MG,5518,1,1
cheap_PR_MG,5519,1,1
cheap_PR_MG,5520,1,1
cheap_PR_MG,5521,1,1
cheap_PR_MG,5522,1,1
cheap_PR_MG,5523,1,1
cheap_PR_MG,5524,-1,-1
cheap_PR_MG,5525,1,1
cheap_PR_MG,5526,1,1
cheap_PR_MG,5527,-1,-1
cheap_PR_MG,5528,1,1
cheap_PR_MG,5529,1,1
cheap_PR_MG,5530,1,1
cheap_PR_MG,5531,1,1
cheap_PR_MG,5532,1,1
cheap_PR_MG,5533,-1,-1
cheap_PR_MG,5534,1,1
cheap_PR_MG,5535,1,1
cheap_PR_MG,5536,1,1
cheap_PR_MG,5537,1,1
cheap_PR_MG,5538,1,1
cheap_PR_MG,5539,1,1
cheap_PR_MG,5540,1,1
cheap_PR_MG,5541,1,1
cheap_PR_MG,5542,1,1
cheap_PR_MG,5543,1,1
cheap_PR_MG,5544,1,1
cheap_PR_MG,5545,1,1
cheap_PR_MG,5546,1,1
cheap_PR_MG,5547,1,1
cheap_PR_MG,5548,1,1
cheap_PR_MG,5549,1,1
cheap_PR_MG,5550,1,1
cheap_PR_MG,5551,-1,-1
cheap_PR_MG,5552,1,1
cheap_PR_MG,5553,1,1
cheap_PR_MG,5554,1,1
cheap_PR_MG,5555,1,1
cheap_PR_MG,5556,1,1
cheap_PR_MG,5557,1,1
cheap_PR_MG,5558,1,1
cheap_PR_MG,5559,1,1
cheap_PR_MG,5560,1,1
cheap_PR_MG,5561,1,1
cheap_PR_MG,5562,1,1
cheap_PR_MG,5563,1,1
cheap_PR_MG,5564,1,1
cheap_PR_MG,5565,1,1
cheap_PR_MG,5566,1,1
cheap_PR_MG,5567,1,1
cheap_PR_MG,5568,-1,-1
cheap_PR_MG,5569,1,1
cheap_PR_MG,5570,1,1
cheap_PR_MG,5571,1,1
cheap_PR_MG,5572,1,1
cheap_PR_MG,5573,1,1
cheap_PR_MG,5574,1,1
cheap_PR_MG,5575,-1,-1
cheap_PR_MG,5576,1,1
cheap_PR_MG,5577,1,1
cheap_PR_MG,5578,1,1
cheap_PR_MG,5579,1,1
cheap_PR_MG,5580,1,1
cheap_PR_MG,5581,1,1
cheap_PR_MG,5582,1,1
cheap_PR_MG,5583,1,1
cheap_PR_MG,5584,1,1
cheap_PR_MG,5585,1,1
cheap_PR_MG,5586,1,1
cheap_PR_MG,5587,1,1
cheap_PR_MG,5588,1,1
cheap_PR_MG,5589,1,1
cheap_PR_MG,5590,1,1
cheap_PR_MG,5591,1,1
cheap_PR_MG,5592,1,1
cheap_PR_MG,5593,1,1
cheap_PR_MG,5594,1,1
cheap_PR_MG,5595,1,1
cheap_PR_MG,5596,1,1
cheap_PR_MG,5597,1,1
cheap_PR_MG,5598,1,1
cheap_PR_MG,5599,1,1
cheap_PR_MG,5600,1,1
cheap_PR_MG,5601,1,1
cheap_PR_MG,5602,1,1
cheap_PR_MG,5603,1,1
cheap_PR_MG,5604,-1,-1
cheap_PR_MG,5605,1,1
cheap_PR_MG,5606,1,1
cheap_PR_MG,5607,1,1
cheap_PR_MG,5608,1,1
cheap_PR_MG,5609,1,1
cheap_PR_MG,5610,1,1
cheap_PR_MG,5611,1,1
cheap_PR_MG,5612,1,1
cheap_PR_MG,5613,1,1
cheap_PR_MG,5614,1,1
cheap_PR_MG,5615,1,1
cheap_PR_MG,5616,1,1
cheap_PR_MG,5617,1,1
cheap_PR_MG,5618,1,1
cheap_PR_MG,5619,1,1
cheap_PR_MG,5620,1,1
cheap_PR_MG,5621,1,1
cheap_PR_MG,5622,1,1
cheap_PR_MG,5623,1,1
cheap_PR_MG,5624,1,1
cheap_PR_MG,5625,1,1
cheap_PR_MG,5626,1,1
cheap_PR_MG,5627,1,1
cheap_PR_MG,5628,1,1
cheap_PR_MG,5629,1,1
cheap_PR_MG,5630,1,1
cheap_PR_MG,5631,1,1
cheap_PR_MG,5632,1,1
cheap_PR_MG,5633,-1,-1
cheap_PR_MG,5634,1,1
cheap_PR_MG,5635,-1,-1
cheap_PR_MG,5636,1,1
cheap_PR_MG,5637,1,1
cheap_PR_MG,5638,1,1
cheap_PR_MG,5639,1,1
cheap_PR_MG,5640,1,1
cheap_PR_MG,5641,-1,-1
cheap_PR_MG,5642,1,1
cheap_PR_MG,5643,1,1
cheap_PR_MG,5644,-1,-1
cheap_PR_MG,5645,1,1
cheap_PR_MG,5646,-1,-1
cheap_PR_MG,5647,1,1
cheap_PR_MG,5648,-1,-1
cheap_PR_MG,5649,1,1
cheap_PR_MG,5650,1,1
cheap_PR_MG,5651,-1,-1
cheap_PR_MG,5652,1,1
cheap_PR_MG,5653,1,1
cheap_PR_MG,5654,1,1
cheap_PR_MG,5655,-1,-1
cheap_PR_MG,5656,1,1
cheap_PR_MG,5657,1,1
cheap_PR_MG,5658,1,1
cheap_PR_MG,5659,1,1
cheap_PR_MG,5660,1,1
cheap_PR_MG,5661,1,1
cheap_PR_MG,5662,1,1
cheap_PR_MG,5663,1,1
cheap_PR_MG,5664,1,1
cheap_PR_MG,5665,-1,-1
cheap_PR_MG,5666,1,1
cheap_PR_MG,5667,1,1
cheap_PR_MG,5668,1,1
cheap_PR_MG,5669,1,1
cheap_PR_MG,5670,1,1
cheap_PR_MG,5671,1,1
cheap_PR_MG,5672,1,1
cheap_PR_MG,5673,1,1
cheap_PR_MG,5674,1,1
cheap_PR_MG,5675,1,1
cheap_PR_MG,5676,1,1
cheap_PR_MG,5677,1,1
cheap_PR_MG,5678,1,1
cheap_PR_MG,5679,1,1
cheap_PR_MG,5680,1,1
cheap_PR_MG,5681,1,1
cheap_PR_MG,5682,1,1
cheap_PR_MG,5683,1,1
cheap_PR_MG,5684,1,1
cheap_PR_MG,5685,1,1
cheap_PR_MG,5686,1,1
cheap_PR_MG,5687,1,1
cheap_PR_MG,5688,1,1
cheap_PR_MG,5689,1,1
cheap_PR_MG,5690,1,1
cheap_PR_MG,5691,1,1
cheap_PR_MG,5692,1,1
cheap_PR_MG,5693,1,1
cheap_PR_MG,5694,1,1
cheap_PR_MG,5695,1,1
cheap_PR_MG,5696,1,1
cheap_PR_MG,5697,1,1
cheap_PR_MG,5698,1,1
cheap_PR_MG,5699,1,1
cheap_PR_MG,5700,1,1
cheap_PR_MG,5701,-1,-1
cheap_PR_MG,5702,1,1
cheap_PR_MG,5703,1,1
cheap_PR_MG,5704,1,1
cheap_PR_MG,5705,1,1
cheap_PR_MG,5706,-1,-1
cheap_PR_MG,5707,-1,-1
cheap_PR_MG,5708,-1,-1
cheap_PR_MG,5709,1,1
cheap_PR_MG,5710,-1,-1
cheap_PR_MG,5711,1,1
cheap_PR_MG,5712,1,1
cheap_PR_MG,5713,1,1
cheap_PR_MG,5714,1,1
cheap_PR_MG,5715,1,1
cheap_PR_MG,5716,1,1
cheap_PR_MG,5717,1,1
cheap_PR_MG,5718,1,1
cheap_PR_MG,5719,1,1
cheap_PR_MG,5720,1,1
cheap_PR_MG,5721,1,1
cheap_PR_MG,5722,1,1
cheap_PR_MG,5723,1,1
cheap_PR_MG,5724,1,1
cheap_PR_MG,5725,1,1
cheap_PR_MG,5726,1,1
cheap_PR_MG,5727,1,1
cheap_PR_MG,5728,1,1
cheap_PR_MG,5729,1,1
cheap_PR_MG,5730,1,1
cheap_PR_MG,5731,1,1
cheap_PR_MG,5732,1,1
cheap_PR_MG,5733,1,1
cheap_PR_MG,5734,1,1
cheap_PR_MG,5735,1,1
cheap_PR_MG,5736,1,1
cheap_PR_MG,5737,1,1
cheap_PR_MG,5738,1,1
cheap_PR_MG,5739,1,1
cheap_PR_MG,5740,-1,-1
cheap_PR_MG,5741,1,1
cheap_PR_MG,5742,1,1
cheap_PR_MG,5743,1,1
cheap_PR_MG,5744,1,1
cheap_PR_MG,5745,1,1
cheap_PR_MG,5746,1,1
cheap_PR_MG,5747,1,1
cheap_PR_MG,5748,1,1
cheap_PR_MG,5749,1,1
cheap_PR_MG,5750,1,1
cheap_PR_MG,5751,1,1
cheap_PR_MG,5752,-1,-1
cheap_PR_MG,5753,1,1
cheap_PR_MG,5754,1,1
cheap_PR_MG,5755,1,1
cheap_PR_MG,5756,1,1
cheap_PR_MG,5757,1,1
cheap_PR_MG,5758,1,1
cheap_PR_MG,5759,1,1
cheap_PR_MG,5760,1,1
cheap_PR_MG,5761,1,1
cheap_PR_MG,5762,1,1
cheap_PR_MG,5763,-1,-1
cheap_PR_MG,5764,1,1
cheap_PR_MG,5765,1,1
cheap_PR_MG,5766,1,1
cheap_PR_MG,5767,1,1
cheap_PR_MG,5768,-1,-1
cheap_PR_MG,5769,-1,-1
cheap_PR_MG,5770,1,1
cheap_PR_MG,5771,1,1
cheap_PR_MG,5772,1,1
cheap_PR_MG,5773,1,1
cheap_PR_MG,5774,1,1
cheap_PR_MG,5775,1,1
cheap_PR_MG,5776,1,1
cheap_PR_MG,5777,1,1
cheap_PR_MG,5778,1,1
cheap_PR_MG,5779,1,1
cheap_PR_MG,5780,1,1
cheap_PR_MG,5781,-1,-1
cheap_PR_MG,5782,1,1
cheap_PR_MG,5783,1,1
cheap_PR_MG,5784,1,1
cheap_PR_MG,5785,1,1
cheap_PR_MG,5786,1,1
cheap_PR_MG,5787,1,1
cheap_PR_MG,5788,1,1
cheap_PR_MG,5789,1,1
cheap_PR_MG,5790,1,1
cheap_PR_MG,5791,1,1
cheap_PR_MG,5792,1,1
cheap_PR_MG,5793,1,1
cheap_PR_MG,5794,1,1
cheap_PR_MG,5795,1,1
cheap_PR_MG,5796,1,1
cheap_PR_MG,5797,1,1
cheap_PR_MG,5798,1,1
cheap_PR_MG,5799,1,1
cheap_PR_MG,5800,1,1
cheap_PR_MG,5801,1,1
cheap_PR_MG,5802,1,1
cheap_PR_MG,5803,1,1
cheap_PR_MG,5804,1,1
cheap_PR_MG,5805,1,1
cheap_PR_MG,5806,1,1
cheap_PR_MG,5807,1,1
cheap_PR_MG,5808,1,1
cheap_PR_MG,5809,1,1
cheap_PR_MG,5810,1,1
cheap_PR_MG,5811,1,1
cheap_PR_MG,5812,1,1
cheap_PR_MG,5813,1,1
cheap_PR_MG,5814,1,1
cheap_PR_MG,5815,1,1
cheap_PR_MG,5816,1,1
cheap_PR_MG,5817,1,1
cheap_PR_MG,5818,-1,-1
cheap_PR_MG,5819,1,1
cheap_PR_MG,5820,1,1
cheap_PR_MG,5821,1,1
cheap_PR_MG,5822,1,1
cheap_PR_MG,5823,-1,-1
cheap_PR_MG,5824,1,1
cheap_PR_MG,5825,1,1
cheap_PR_MG,5826,1,1
cheap_PR_MG,5827,1,1
cheap_PR_MG,5828,-1,-1
cheap_PR_MG,5829,1,1
cheap_PR_MG,5830,1,1
cheap_PR_MG,5831,1,1
cheap_PR_MG,5832,-1,-1
cheap_PR_MG,5833,1,1
cheap_PR_MG,5834,1,1
cheap_PR_MG,5835,1,1
cheap_PR_MG,5836,1,1
cheap_PR_MG,5837,1,1
cheap_PR_MG,5838,1,1
cheap_PR_MG,5839,-1,-1
cheap_PR_MG,5840,1,1
cheap_PR_MG,5841,1,1
cheap_PR_MG,5842,1,1
cheap_PR_MG,5843,1,1
cheap_PR_MG,5844,1,1
cheap_PR_MG,5845,1,1
cheap_PR_MG,5846,1,1
cheap_PR_MG,5847,1,1
cheap_PR_MG,5848,1,1
cheap_PR_MG,5849,1,1
cheap_PR_MG,5850,-1,-1
cheap_PR_MG,5851,1,1
cheap_PR_MG,5852,1,1
cheap_PR_MG,5853,1,1
cheap_PR_MG,5854,1,1
cheap_PR_MG,5855,1,1
cheap_PR_MG,5856,1,1
cheap_PR_MG,5857,1,1
cheap_PR_MG,5858,-1,-1
cheap_PR_MG,5859,1,1
cheap_PR_MG,5860,-1,-1
cheap_PR_MG,5861,1,1
cheap_PR_MG,5862,1,1
cheap_PR_MG,5863,1,1
cheap_PR_MG,5864,1,1
cheap_PR_MG,5865,1,1
cheap_PR_MG,5866,-1,-1
cheap_PR_MG,5867,1,1
cheap_PR_MG,5868,1,1
cheap_PR_MG,5869,1,1
cheap_PR_MG,5870,1,1
cheap_PR_MG,5871,1,1
cheap_PR_MG,5872,1,1
cheap_PR_MG,5873,1,1
cheap_PR_MG,5874,1,1
cheap_PR_MG,5875,1,1
cheap_PR_MG,5876,1,1
cheap_PR_MG,5877,1,1
cheap_PR_MG,5878,1,1
cheap_PR_MG,5879,1,1
cheap_PR_MG,5880,1,1
cheap_PR_MG,5881,1,1
cheap_PR_MG,5882,1,1
cheap_PR_MG,5883,1,1
cheap_PR_MG,5884,1,1
cheap_PR_MG,5885,1,1
cheap_PR_MG,5886,1,1
cheap_PR_MG,5887,1,1
cheap_PR_MG,5888,1,1
cheap_PR_MG,5889,-1,-1
cheap_PR_MG,5890,1,1
cheap_PR_MG,5891,1,1
cheap_PR_MG,5892,-1,-1
cheap_PR_MG,5893,1,1
cheap_PR_MG,5894,1,1
cheap_PR_MG,5895,1,1
cheap_PR_MG,5896,1,1
cheap_PR_MG,5897,1,1
cheap_PR_MG,5898,1,1
cheap_PR_MG,5899,1,1
cheap_PR_MG,5900,1,1
cheap_PR_MG,5901,1,1
cheap_PR_MG,5902,1,1
cheap_PR_MG,5903,1,1
cheap_PR_MG,5904,1,1
cheap_PR_MG,5905,-1,-1
cheap_PR_MG,5906,1,1
cheap_PR_MG,5907,1,1
cheap_PR_MG,5908,1,1
cheap_PR_MG,5909,1,1
cheap_PR_MG,5910,-1,-1
cheap_PR_MG,5911,1,1
cheap_PR_MG,5912,1,1
cheap_PR_MG,5913,1,1
cheap_PR_MG,5914,1,1
cheap_PR_MG,5915,1,1
cheap_PR_MG,5916,1,1
cheap_PR_MG,5917,1,1
cheap_PR_MG,5918,-1,-1
cheap_PR_MG,5919,1,1
cheap_PR_MG,5920,1,1
cheap_PR_MG,5921,1,1
cheap_PR_MG,5922,1,1
cheap_PR_MG,5923,1,1
cheap_PR_MG,5924,1,1
cheap_PR_MG,5925,1,1
cheap_PR_MG,5926,1,1
cheap_PR_MG,5927,1,1
cheap_PR_MG,5928,1,1
cheap_PR_MG,5929,1,1
cheap_PR_MG,5930,1,1
cheap_PR_MG,5931,1,1
cheap_PR_MG,5932,1,1
cheap_PR_MG,5933,1,1
cheap_PR_MG,5934,1,1
cheap_PR_MG,5935,1,1
cheap_PR_MG,5936,1,1
cheap_PR_MG,5937,1,1
cheap_PR_MG,5938,1,1
cheap_PR_MG,5939,1,1
cheap_PR_MG,5940,1,1
cheap_PR_MG,5941,1,1
cheap_PR_MG,5942,1,1
cheap_PR_MG,5943,1,1
cheap_PR_MG,5944,1,1
cheap_PR_MG,5945,1,1
cheap_PR_MG,5946,1,1
cheap_PR_MG,5947,1,1
cheap_PR_MG,5948,1,1
cheap_PR_MG,5949,1,1
cheap_PR_MG,5950,1,1
cheap_PR_MG,5951,1,1
cheap_PR_MG,5952,1,1
cheap_PR_MG,5953,1,1
cheap_PR_MG,5954,1,1
cheap_PR_MG,5955,1,1
cheap_PR_MG,5956,1,1
cheap_PR_MG,5957,1,1
cheap_PR_MG,5958,1,1
cheap_PR_MG,5959,1,1
cheap_PR_MG,5960,1,1
cheap_PR_MG,5961,1,1
cheap_PR_MG,5962,-1,-1
cheap_PR_MG,5963,1,1
cheap_PR_MG,5964,1,1
cheap_PR_MG,5965,1,1
cheap_PR_MG,5966,1,1
cheap_PR_MG,5967,1,1
cheap_PR_MG,5968,1,1
cheap_PR_MG,5969,1,1
cheap_PR_MG,5970,1,1
cheap_PR_MG,5971,1,1
cheap_PR_MG,5972,1,1
cheap_PR_MG,5973,1,1
cheap_PR_MG,5974,-1,-1
cheap_PR_MG,5975,1,1
cheap_PR_MG,5976,1,1
cheap_PR_MG,5977,1,1
cheap_PR_MG,5978,1,1
cheap_PR_MG,5979,1,1
cheap_PR_MG,5980,1,1
cheap_PR_MG,5981,1,1
cheap_PR_MG,5982,1,1
cheap_PR_MG,5983,1,1
cheap_PR_MG,5984,1,1
cheap_PR_MG,5985,1,1
cheap_PR_MG,5986,1,1
cheap_PR_MG,5987,1,1
cheap_PR_MG,5988,1,1
cheap_PR_MG,5989,1,1
cheap_PR_MG,5990,1,1
cheap_PR_MG,5991,1,1
cheap_PR_MG,5992,1,1
cheap_PR_MG,5993,1,1
cheap_PR_MG,5994,1,1
cheap_PR_MG,5995,1,1
cheap_PR_MG,5996,1,1
cheap_PR_MG,5997,1,1
cheap_PR_MG,5998,1,1
cheap_PR_MG,5999,1,1
cheap_PR_MG,6000,-1,-1
cheap_PR_MG,6001,1,1
cheap_PR_MG,6002,1,1
cheap_PR_MG,6003,1,1
cheap_PR_MG,6004,1,1
cheap_PR_MG,6005,1,1
cheap_PR_MG,6006,1,1
cheap_PR_MG,6007,-1,-1
cheap_PR_MG,6008,1,1
cheap_PR_MG,6009,1,1
cheap_PR_MG,6010,1,1
cheap_PR_MG,6011,1,1
cheap_PR_MG,6012,1,1
cheap_PR_MG,6013,1,1
cheap_PR_MG,6014,1,1
cheap_PR_MG,6015,1,1
cheap_PR_MG,6016,1,1
cheap_PR_MG,6017,1,1
cheap_PR_MG,6018,1,1
cheap_PR_MG,6019,1,1
cheap_PR_MG,6020,1,1
cheap_PR_MG,6021,1,1
cheap_PR_MG,6022,1,1
cheap_PR_MG,6023,-1,-1
cheap_PR_MG,6024,1,1
cheap_PR_MG,6025,1,1
cheap_PR_MG,6026,-1,-1
cheap_PR_MG,6027,1,1
cheap_PR_MG,6028,1,1
cheap_PR_MG,6029,1,1
cheap_PR_MG,6030,1,1
cheap_PR_MG,6031,1,1
cheap_PR_MG,6032,1,1
cheap_PR_MG,6033,1,1
cheap_PR_MG,6034,1,1
cheap_PR_MG,6035,-1,-1
cheap_PR_MG,6036,1,1
cheap_PR_MG,6037,1,1
cheap_PR_MG,6038,1,1
cheap_PR_MG,6039,1,1
cheap_PR_MG,6040,1,1
cheap_PR_MG,6041,1,1
cheap_PR_MG,6042,1,1
cheap_PR_MG,6043,1,1
cheap_PR_MG,6044,1,1
cheap_PR_MG,6045,1,1
cheap_PR_MG,6046,1,1
cheap_PR_MG,6047,1,1
cheap_PR_MG,6048,1,1
cheap_PR_MG,6049,-1,-1
cheap_PR_MG,6050,1,1
cheap_PR_MG,6051,1,1
cheap_PR_MG,6052,-1,-1
cheap_PR_MG,6053,1,1
cheap_PR_MG,6054,1,1
cheap_PR_MG,6055,1,1
cheap_PR_MG,6056,-1,-1
cheap_PR_MG,6057,1,1
cheap_PR_MG,6058,1,1
cheap_PR_MG,6059,1,1
cheap_PR_MG,6060,1,1
cheap_PR_MG,6061,1,1
cheap_PR_MG,6062,1,1
cheap_PR_MG,6063,1,1
cheap_PR_MG,6064,1,1
cheap_PR_MG,6065,1,1
cheap_PR_MG,6066,1,1
cheap_PR_MG,6067,1,1
cheap_PR_MG,6068,1,1
cheap_PR_MG,6069,1,1
cheap_PR_MG,6070,1,1
cheap_PR_MG,6071,1,1
cheap_PR_MG,6072,1,1
cheap_PR_MG,6073,1,1
cheap_PR_MG,6074,-1,-1
cheap_PR_MG,6075,1,1
cheap_PR_MG,6076,1,1
cheap_PR_MG,6077,1,1
cheap_PR_MG,6078,1,1
cheap_PR_MG,6079,1,1
cheap_PR_MG,6080,1,1
cheap_PR_MG,6081,1,1
cheap_PR_MG,6082,1,1
cheap_PR_MG,6083,1,1
cheap_PR_MG,6084,1,1
cheap_PR_MG,6085,1,1
cheap_PR_MG,6086,1,1
cheap_PR_MG,6087,1,1
cheap_PR_MG,6088,1,1
cheap_PR_MG,6089,-1,-1
cheap_PR_MG,6090,1,1
cheap_PR_MG,6091,1,1
cheap_PR_MG,6092,1,1
cheap_PR_MG,6093,1,1
cheap_PR_MG,6094,1,1
cheap_PR_MG,6095,1,1
cheap_PR_MG,6096,-1,-1
cheap_PR_MG,6097,1,1
cheap_PR_MG,6098,1,1
cheap_PR_MG,6099,1,1
cheap_PR_MG,6100,1,1
cheap_PR_MG,6101,1,1
cheap_PR_MG,6102,1,1
cheap_PR_MG,6103,1,1
cheap_PR_MG,6104,1,1
cheap_PR_MG,6105,1,1
cheap_PR_MG,6106,1,1
cheap_PR_MG,6107,1,1
cheap_PR_MG,6108,1,1
cheap_PR_MG,6109,1,1
cheap_PR_MG,6110,-1,-1
cheap_PR_MG,6111,1,1
cheap_PR_MG,6112,1,1
cheap_PR_MG,6113,1,1
cheap_PR_MG,6114,1,1
cheap_PR_MG,6115,1,1
cheap_PR_MG,6116,1,1
cheap_PR_MG,6117,1,1
cheap_PR_MG,6118,1,1
cheap_PR_MG,6119,1,1
cheap_PR_MG,6120,1,1
cheap_PR_MG,6121,1,1
cheap_PR_MG,6122,1,1
cheap_PR_MG,6123,-1,-1
cheap_PR_MG,6124,1,1
cheap_PR_MG,6125,1,1
cheap_PR_MG,6126,1,1
cheap_PR_MG,6127,1,1
cheap_PR_MG,6128,1,1
cheap_PR_MG,6129,1,1
cheap_PR_MG,6130,1,1
cheap_PR_MG,6131,1,1
cheap_PR_MG,6132,1,1
cheap_PR_MG,6133,1,1
cheap_PR_MG,6134,1,1
cheap_PR_MG,6135,1,1
cheap_PR_MG,6136,1,1
cheap_PR_MG,6137,1,1
cheap_PR_MG,6138,1,1
cheap_PR_MG,6139,1,1
cheap_PR_MG,6140,1,1
cheap_PR_MG,6141,1,1
cheap_PR_MG,6142,1,1
cheap_PR_MG,6143,1,1
cheap_PR_MG,6144,1,1
cheap_PR_MG,6145,1,1
cheap_PR_MG,6146,1,1
cheap_PR_MG,6147,1,1
cheap_PR_MG,6148,1,1
cheap_PR_MG,6149,1,1
cheap_PR_MG,6150,1,1
cheap_PR_MG,6151,1,1
cheap_PR_MG,6152,1,1
cheap_PR_MG,6153,1,1
cheap_PR_MG,6154,1,1
cheap_PR_MG,6155,1,1
cheap_PR_MG,6156,1,1
cheap_PR_MG,6157,1,1
cheap_PR_MG,6158,1,1
cheap_PR_MG,6159,1,1
cheap_PR_MG,6160,-1,-1
cheap_PR_MG,6161,-1,-1
cheap_PR_MG,6162,1,1
cheap_PR_MG,6163,1,1
matched_no_MG,0,1,1
matched_no_MG,1,1,1
matched_no_MG,2,1,1
matched_no_MG,3,1,1
matched_no_MG,4,1,1
matched_no_MG,5,1,1
matched_no_MG,6,-1,-1
matched_no_MG,7,1,1
matched_no_MG,8,1,1
matched_no_MG,9,1,1
matched_no_MG,10,1,1
matched_no_MG,11,1,1
matched_no_MG,12,1,1
matched_no_MG,13,1,1
matched_no_MG,14,1,1
matched_no_MG,15,1,1
matched_no_MG,16,1,1
matched_no_MG,17,1,1
matched_no_MG,18,1,1
matched_no_MG,19,1,1
matched_no_MG,20,1,1
matched_no_MG,21,1,1
matched_no_MG,22,1,1
matched_no_MG,23,1,1
matched_no_MG,24,1,1
matched_no_MG,25,1,1
matched_no_MG,26,1,1
matched_no_MG,27,1,1
matched_no_MG,28,1,1
matched_no_MG,29,1,1
matched_no_MG,30,1,1
matched_no_MG,31,1,1
matched_no_MG,32,1,1
matched_no_MG,33,1,1
matched_no_MG,34,1,1
matched_no_MG,35,1,1
matched_no_MG,36,1,1
matched_no_MG,37,1,1
matched_no_MG,38,1,1
matched_no_MG,39,1,1
matched_no_MG,40,1,1
matched_no_MG,41,1,1
matched_no_MG,42,1,1
matched_no_MG,43,1,1
matched_no_MG,44,1,1
matched_no_MG,45,1,1
matched_no_MG,46,1,1
matched_no_MG,47,1,1
matched_no_MG,48,1,1
matched_no_MG,49,1,1
matched_no_MG,50,1,1
matched_no_MG,51,1,1
matched_no_MG,52,1,1
matched_no_MG,53,1,1
matched_no_MG,54,1,1
matched_no_MG,55,1,1
matched_no_MG,56,1,1
matched_no_MG,57,1,1
matched_no_MG,58,1,1
matched_no_MG,59,1,1
matched_no_MG,60,-1,-1
matched_no_MG,61,1,1
matched_no_MG,62,1,1
matched_no_MG,63,1,1
matched_no_MG,64,1,1
matched_no_MG,65,1,1
matched_no_MG,66,1,1
matched_no_MG,67,1,1
matched_no_MG,68,1,1
matched_no_MG,69,1,1
matched_no_MG,70,1,1
matched_no_MG,71,1,1
matched_no_MG,72,1,1
matched_no_MG,73,1,1
matched_no_MG,74,1,1
matched_no_MG,75,-1,-1
matched_no_MG,76,1,1
matched_no_MG,77,1,1
matched_no_MG,78,1,1
matched_no_MG,79,1,1
matched_no_MG,80,1,1
matched_no_MG,81,1,1
matched_no_MG,82,1,1
matched_no_MG,83,-1,-1
matched_no_MG,84,1,1
matched_no_MG,85,1,1
matched_no_MG,86,1,1
matched_no_MG,87,1,1
matched_no_MG,88,-1,-1
matched_no_MG,89,1,1
matched_no_MG,90,1,1
matched_no_MG,91,1,1
matched_no_MG,92,1,1
matched_no_MG,93,1,1
matched_no_MG,94,1,1
matched_no_MG,95,1,1
matched_no_MG,96,1,1
matched_no_MG,97,1,1
matched_no_MG,98,1,1
matched_no_MG,99,1,1
matched_no_MG,100,1,1
matched_no_MG,101,1,1
matched_no_MG,102,1,1
matched_no_MG,103,1,1
matched_no_MG,104,-1,-1
matched_no_MG,105,1,1
matched_no_MG,106,1,1
matched_no_MG,107,1,1
matched_no_MG,108,1,1
matched_no_MG,109,1,1
matched_no_MG,110,-1,-1
matched_no_MG,111,1,1
matched_no_MG,112,1,1
matched_no_MG,113,1,1
matched_no_MG,114,1,1
matched_no_MG,115,1,1
matched_no_MG,116,1,1
matched_no_MG,117,1,1
matched_no_MG,118,1,1
matched_no_MG,119,1,1
matched_no_MG,120,1,1
matched_no_MG,121,1,1
matched_no_MG,122,-1,-1
matched_no_MG,123,1,1
matched_no_MG,124,1,1
matched_no_MG,125,1,1
matched_no_MG,126,1,1
matched_no_MG,127,1,1
matched_no_MG,128,1,1
matched_no_MG,129,1,1
matched_no_MG,130,1,1
matched_no_MG,131,-1,-1
matched_no_MG,132,1,1
matched_no_MG,133,1,1
matched_no_MG,134,1,1
matched_no_MG,135,-1,-1
matched_no_MG,136,1,1
matched_no_MG,137,1,1
matched_no_MG,138,1,1
matched_no_MG,139,1,1
matched_no_MG,140,1,1
matched_no_MG,141,1,1
matched_no_MG,142,1,1
matched_no_MG,143,1,1
matched_no_MG,144,1,1
matched_no_MG,145,1,1
matched_no_MG,146,1,1
matched_no_MG,147,-1,-1
matched_no_MG,148,1,1
matched_no_MG,149,1,1
matched_no_MG,150,1,1
matched_no_MG,151,1,1
matched_no_MG,152,1,1
matched_no_MG,153,1,1
matched_no_MG,154,-1,-1
matched_no_MG,155,1,1
matched_no_MG,156,1,1
matched_no_MG,157,1,1
matched_no_MG,158,1,1
matched_no_MG,159,1,1
matched_no_MG,160,1,1
matched_no_MG,161,1,1
matched_no_MG,162,1,1
matched_no_MG,163,-1,-1
matched_no_MG,164,1,1
matched_no_MG,165,1,1
matched_no_MG,166,1,1
matched_no_MG,167,1,1
matched_no_MG,168,1,1
matched_no_MG,169,1,1
matched_no_MG,170,1,1
matched_no_MG,171,1,1
matched_no_MG,172,1,1
matched_no_MG,173,1,1
matched_no_MG,174,1,1
matched_no_MG,175,1,1
matched_no_MG,176,1,1
matched_no_MG,177,1,1
matched_no_MG,178,1,1
matched_no_MG,179,1,1
matched_no_MG,180,1,1
matched_no_MG,181,1,1
matched_no_MG,182,1,1
matched_no_MG,183,1,1
matched_no_MG,184,1,1
matched_no_MG,185,1,1
matched_no_MG,186,1,1
matched_no_MG,187,1,1
matched_no_MG,188,1,1
matched_no_MG,189,1,1
matched_no_MG,190,1,1
matched_no_MG,191,1,1
matched_no_MG,192,1,1
matched_no_MG,193,1,1
matched_no_MG,194,1,1
matched_no_MG,195,1,1
matched_no_MG,196,1,1
matched_no_MG,197,1,1
matched_no_MG,198,1,1
matched_no_MG,199,1,1
matched_no_MG,200,1,1
matched_no_MG,201,-1,-1
matched_no_MG,202,1,1
matched_no_MG,203,-1,-1
matched_no_MG,204,-1,-1
matched_no_MG,205,1,1
matched_no_MG,206,1,1
matched_no_MG,207,1,1
matched_no_MG,208,1,1
matched_no_MG,209,1,1
matched_no_MG,210,1,1
matched_no_MG,211,1,1
matched_no_MG,212,1,1
matched_no_MG,213,1,1
matched_no_MG,214,1,1
matched_no_MG,215,1,1
matched_no_MG,216,-1,-1
matched_no_MG,217,1,1
matched_no_MG,218,1,1
matched_no_MG,219,1,1
matched_no_MG,220,-1,-1
matched_no_MG,221,1,1
matched_no_MG,222,1,1
matched_no_MG,223,-1,-1
matched_no_MG,224,1,1
matched_no_MG,225,1,1
matched_no_MG,226,1,1
matched_no_MG,227,1,1
matched_no_MG,228,-1,-1
matched_no_MG,229,1,1
matched_no_MG,230,1,1
matched_no_MG,231,1,1
matched_no_MG,232,1,1
matched_no_MG,233,1,1
matched_no_MG,234,1,1
matched_no_MG,235,1,1
matched_no_MG,236,-1,-1
matched_no_MG,237,1,1
matched_no_MG,238,1,1
matched_no_MG,239,1,1
matched_no_MG,240,1,1
matched_no_MG,241,-1,-1
matched_no_MG,242,1,1
matched_no_MG,243,1,1
matched_no_MG,244,1,1
matched_no_MG,245,1,1
matched_no_MG,246,-1,-1
matched_no_MG,247,1,1
matched_no_MG,248,1,1
matched_no_MG,249,1,1
matched_no_MG,250,1,1
matched_no_MG,251,1,1
matched_no_MG,252,1,1
matched_no_MG,253,1,1
matched_no_MG,254,-1,-1
matched_no_MG,255,1,1
matched_no_MG,256,1,1
matched_no_MG,257,1,1
matched_no_MG,258,1,1
matched_no_MG,259,1,1
matched_no_MG,260,1,1
matched_no_MG,261,1,1
matched_no_MG,262,1,1
matched_no_MG,263,-1,-1
matched_no_MG,264,1,1
matched_no_MG,265,1,1
matched_no_MG,266,1,1
matched_no_MG,267,-1,-1
matched_no_MG,268,1,1
matched_no_MG,269,-1,-1
matched_no_MG,270,1,1
matched_no_MG,271,1,1
matched_no_MG,272,1,1
matched_no_MG,273,1,1
matched_no_MG,274,1,1
matched_no_MG,275,1,1
matched_no_MG,276,1,1
matched_no_MG,277,1,1
matched_no_MG,278,1,1
matched_no_MG,279,1,1
matched_no_MG,280,1,1
matched_no_MG,281,1,1
matched_no_MG,282,1,1
matched_no_MG,283,1,1
matched_no_MG,284,1,1
matched_no_MG,285,1,1
matched_no_MG,286,1,1
matched_no_MG,287,1,1
matched_no_MG,288,-1,-1
matched_no_MG,289,1,1
matched_no_MG,290,1,1
matched_no_MG,291,1,1
matched_no_MG,292,1,1
matched_no_MG,293,1,1
matched_no_MG,294,1,1
matched_no_MG,295,1,1
matched_no_MG,296,1,1
matched_no_MG,297,-1,-1
matched_no_MG,298,1,1
matched_no_MG,299,1,1
matched_no_MG,300,1,1
matched_no_MG,301,1,1
matched_no_MG,302,1,1
matched_no_MG,303,1,1
matched_no_MG,304,1,1
matched_no_MG,305,1,1
matched_no_MG,306,1,1
matched_no_MG,307,1,1
matched_no_MG,308,1,1
matched_no_MG,309,1,1
matched_no_MG,310,1,1
matched_no_MG,311,1,1
matched_no_MG,312,1,1
matched_no_MG,313,1,1
matched_no_MG,314,1,1
matched_no_MG,315,1,1
matched_no_MG,316,-1,-1
matched_no_MG,317,1,1
matched_no_MG,318,1,1
matched_no_MG,319,1,1
matched_no_MG,320,1,1
matched_no_MG,321,1,1
matched_no_MG,322,1,1
matched_no_MG,323,1,1
matched_no_MG,324,1,1
matched_no_MG,325,1,1
matched_no_MG,326,1,1
matched_no_MG,327,1,1
matched_no_MG,328,1,1
matched_no_MG,329,1,1
matched_no_MG,330,1,1
matched_no_MG,331,1,1
matched_no_MG,332,1,1
matched_no_MG,333,1,1
matched_no_MG,334,-1,-1
matched_no_MG,335,1,1
matched_no_MG,336,1,1
matched_no_MG,337,1,1
matched_no_MG,338,1,1
matched_no_MG,339,1,1
matched_no_MG,340,1,1
matched_no_MG,341,1,1
matched_no_MG,342,1,1
matched_no_MG,343,1,1
matched_no_MG,344,1,1
matched_no_MG,345,-1,-1
matched_no_MG,346,1,1
matched_no_MG,347,1,1
matched_no_MG,348,1,1
matched_no_MG,349,1,1
matched_no_MG,350,1,1
matched_no_MG,351,1,1
matched_no_MG,352,-1,-1
matched_no_MG,353,1,1
matched_no_MG,354,1,1
matched_no_MG,355,-1,-1
matched_no_MG,356,1,1
matched_no_MG,357,1,1
matched_no_MG,358,1,1
matched_no_MG,359,1,1
matched_no_MG,360,1,1
matched_no_MG,361,1,1
matched_no_MG,362,1,1
matched_no_MG,363,1,1
matched_no_MG,364,1,1
matched_no_MG,365,-1,-1
matched_no_MG,366,1,1
matched_no_MG,367,-1,-1
matched_no_MG,368,1,1
matched_no_MG,369,1,1
matched_no_MG,370,1,1
matched_no_MG,371,-1,-1
matched_no_MG,372,-1,-1
matched_no_MG,373,-1,-1
matched_no_MG,374,1,1
matched_no_MG,375,1,1
matched_no_MG,376,1,1
matched_no_MG,377,1,1
matched_no_MG,378,1,1
matched_no_MG,379,1,1
matched_no_MG,380,1,1
matched_no_MG,381,-1,-1
matched_no_MG,382,-1,-1
matched_no_MG,383,-1,1
matched_no_MG,384,-1,1
matched_no_MG,385,1,1
matched_no_MG,386,1,1
matched_no_MG,387,1,1
matched_no_MG,388,1,1
matched_no_MG,389,1,1
matched_no_MG,390,-1,-1
matched_no_MG,391,1,1
matched_no_MG,392,1,1
matched_no_MG,393,1,1
matched_no_MG,394,1,1
matched_no_MG,395,1,1
matched_no_MG,396,1,1
matched_no_MG,397,1,1
matched_no_MG,398,1,1
matched_no_MG,399,1,1
matched_no_MG,400,1,1
matched_no_MG,401,1,1
matched_no_MG,402,1,1
matched_no_MG,403,1,1
matched_no_MG,404,1,1
matched_no_MG,405,1,1
matched_no_MG,406,1,1
matched_no_MG,407,1,1
matched_no_MG,408,1,1
matched_no_MG,409,1,1
matched_no_MG,410,1,1
matched_no_MG,411,1,1
matched_no_MG,412,1,1
matched_no_MG,413,1,1
matched_no_MG,414,1,1
matched_no_MG,415,1,1
matched_no_MG,416,1,1
matched_no_MG,417,-1,-1
matched_no_MG,418,-1,-1
matched_no_MG,419,-1,-1
matched_no_MG,420,1,1
matched_no_MG,421,1,1
matched_no_MG,422,1,1
matched_no_MG,423,-1,-1
matched_no_MG,424,1,1
matched_no_MG,425,1,1
matched_no_MG,426,1,1
matched_no_MG,427,1,1
matched_no_MG,428,-1,-1
matched_no_MG,429,1,1
matched_no_MG,430,1,1
matched_no_MG,431,1,1
matched_no_MG,432,1,1
matched_no_MG,433,-1,-1
matched_no_MG,434,1,1
matched_no_MG,435,1,1
matched_no_MG,436,1,1
matched_no_MG,437,1,1
matched_no_MG,438,1,1
matched_no_MG,439,1,1
matched_no_MG,440,1,1
matched_no_MG,441,1,1
matched_no_MG,442,-1,-1
matched_no_MG,443,-1,-1
matched_no_MG,444,-1,-1
matched_no_MG,445,1,1
matched_no_MG,446,1,1
matched_no_MG,447,1,1
matched_no_MG,448,1,1
matched_no_MG,449,1,1
matched_no_MG,450,1,1
matched_no_MG,451,1,1
matched_no_MG,452,1,1
matched_no_MG,453,1,1
matched_no_MG,454,1,1
matched_no_MG,455,1,1
matched_no_MG,456,1,1
matched_no_MG,457,1,1
matched_no_MG,458,1,1
matched_no_MG,459,1,1
matched_no_MG,460,1,1
matched_no_MG,461,1,1
matched_no_MG,462,1,1
matched_no_MG,463,1,1
matched_no_MG,464,1,1
matched_no_MG,465,1,1
matched_no_MG,466,1,1
matched_no_MG,467,1,1
matched_no_MG,468,1,1
matched_no_MG,469,1,1
matched_no_MG,470,1,1
matched_no_MG,471,1,1
matched_no_MG,472,1,1
matched_no_MG,473,1,1
matched_no_MG,474,1,1
matched_no_MG,475,1,1
matched_no_MG,476,1,1
matched_no_MG,477,1,1
matched_no_MG,478,1,1
matched_no_MG,479,-1,-1
matched_no_MG,480,1,1
matched_no_MG,481,1,1
matched_no_MG,482,1,1
matched_no_MG,483,1,1
matched_no_MG,484,1,1
matched_no_MG,485,1,1
matched_no_MG,486,1,1
matched_no_MG,487,1,1
matched_no_MG,488,1,1
matched_no_MG,489,1,1
matched_no_MG,490,-1,-1
matched_no_MG,491,1,1
matched_no_MG,492,1,1
matched_no_MG,493,1,1
matched_no_MG,494,1,1
matched_no_MG,495,-1,-1
matched_no_MG,496,1,1
matched_no_MG,497,1,1
matched_no_MG,498,1,1
matched_no_MG,499,1,1
matched_no_MG,500,1,1
matched_no_MG,501,1,1
matched_no_MG,502,1,1
matched_no_MG,503,1,1
matched_no_MG,504,1,1
matched_no_MG,505,1,1
matched_no_MG,506,1,1
matched_no_MG,507,1,1
matched_no_MG,508,1,1
matched_no_MG,509,1,1
matched_no_MG,510,1,1
matched_no_MG,511,1,1
matched_no_MG,512,1,1
matched_no_MG,513,1,1
matched_no_MG,514,1,1
matched_no_MG,515,-1,-1
matched_no_MG,516,1,1
matched_no_MG,517,1,1
matched_no_MG,518,-1,-1
matched_no_MG,519,1,1
matched_no_MG,520,-1,-1
matched_no_MG,521,-1,-1
matched_no_MG,522,1,1
matched_no_MG,523,1,1
matched_no_MG,524,1,1
matched_no_MG,525,-1,-1
matched_no_MG,526,-1,-1
matched_no_MG,527,1,1
matched_no_MG,528,1,1
matched_no_MG,529,1,1
matched_no_MG,530,1,1
matched_no_MG,531,1,1
matched_no_MG,532,1,1
matched_no_MG,533,1,1
matched_no_MG,534,1,1
matched_no_MG,535,1,1
matched_no_MG,536,1,1
matched_no_MG,537,1,1
matched_no_MG,538,1,1
matched_no_MG,539,1,1
matched_no_MG,540,1,1
matched_no_MG,541,1,1
matched_no_MG,542,1,1
matched_no_MG,543,1,1
matched_no_MG,544,1,1
matched_no_MG,545,1,1
matched_no_MG,546,1,1
matched_no_MG,547,1,1
matched_no_MG,548,1,1
matched_no_MG,549,1,1
matched_no_MG,550,1,1
matched_no_MG,551,1,1
matched_no_MG,552,1,1
matched_no_MG,553,1,1
matched_no_MG,554,1,1
matched_no_MG,555,1,1
matched_no_MG,556,1,1
matched_no_MG,557,1,1
matched_no_MG,558,1,1
matched_no_MG,559,1,1
matched_no_MG,560,1,1
matched_no_MG,561,1,1
matched_no_MG,562,1,1
matched_no_MG,563,1,1
matched_no_MG,564,1,1
matched_no_MG,565,1,1
matched_no_MG,566,1,1
matched_no_MG,567,1,1
matched_no_MG,568,1,1
matched_no_MG,569,1,1
matched_no_MG,570,1,1
matched_no_MG,571,1,1
matched_no_MG,572,1,1
matched_no_MG,573,1,1
matched_no_MG,574,1,1
matched_no_MG,575,1,1
matched_no_MG,576,1,1
matched_no_MG,577,1,1
matched_no_MG,578,1,1
matched_no_MG,579,1,1
matched_no_MG,580,1,1
matched_no_MG,581,1,1
matched_no_MG,582,-1,-1
matched_no_MG,583,1,1
matched_no_MG,584,1,1
matched_no_MG,585,1,1
matched_no_MG,586,1,1
matched_no_MG,587,1,1
matched_no_MG,588,1,1
matched_no_MG,589,1,1
matched_no_MG,590,1,1
matched_no_MG,591,1,1
matched_no_MG,592,1,1
matched_no_MG,593,1,1
matched_no_MG,594,1,1
matched_no_MG,595,1,1
matched_no_MG,596,1,1
matched_no_MG,597,1,1
matched_no_MG,598,1,1
matched_no_MG,599,1,1
matched_no_MG,600,1,1
matched_no_MG,601,1,1
matched_no_MG,602,1,1
matched_no_MG,603,1,1
matched_no_MG,604,1,1
matched_no_MG,605,1,1
matched_no_MG,606,1,1
matched_no_MG,607,-1,-1
matched_no_MG,608,1,1
matched_no_MG,609,1,1
matched_no_MG,610,1,1
matched_no_MG,611,1,1
matched_no_MG,612,1,1
matched_no_MG,613,1,1
matched_no_MG,614,-1,-1
matched_no_MG,615,1,1
matched_no_MG,616,1,1
matched_no_MG,617,1,1
matched_no_MG,618,1,1
matched_no_MG,619,1,1
matched_no_MG,620,1,1
matched_no_MG,621,-1,-1
matched_no_MG,622,1,1
matched_no_MG,623,1,1
matched_no_MG,624,1,1
matched_no_MG,625,-1,-1
matched_no_MG,626,1,1
matched_no_MG,627,1,1
matched_no_MG,628,1,1
matched_no_MG,629,1,1
matched_no_MG,630,1,1
matched_no_MG,631,1,1
matched_no_MG,632,-1,-1
matched_no_MG,633,1,1
matched_no_MG,634,1,1
matched_no_MG,635,1,1
matched_no_MG,636,1,1
matched_no_MG,637,1,1
matched_no_MG,638,1,1
matched_no_MG,639,1,1
matched_no_MG,640,-1,-1
matched_no_MG,641,1,1
matched_no_MG,642,1,1
matched_no_MG,643,1,1
matched_no_MG,644,1,1
matched_no_MG,645,1,1
matched_no_MG,646,1,1
matched_no_MG,647,1,1
matched_no_MG,648,-1,-1
matched_no_MG,649,1,1
matched_no_MG,650,1,1
matched_no_MG,651,1,1
matched_no_MG,652,1,1
matched_no_MG,653,1,1
matched_no_MG,654,1,1
matched_no_MG,655,-1,-1
matched_no_MG,656,1,1
matched_no_MG,657,1,1
matched_no_MG,658,1,1
matched_no_MG,659,1,1
matched_no_MG,660,1,1
matched_no_MG,661,1,1
matched_no_MG,662,1,1
matched_no_MG,663,1,1
matched_no_MG,664,1,1
matched_no_MG,665,1,1
matched_no_MG,666,1,1
matched_no_MG,667,1,1
matched_no_MG,668,1,1
matched_no_MG,669,1,1
matched_no_MG,670,1,1
matched_no_MG,671,1,1
matched_no_MG,672,-1,-1
matched_no_MG,673,-1,-1
matched_no_MG,674,1,1
matched_no_MG,675,1,1
matched_no_MG,676,1,1
matched_no_MG,677,1,1
matched_no_MG,678,1,1
matched_no_MG,679,1,1
matched_no_MG,680,1,1
matched_no_MG,681,1,1
matched_no_MG,682,1,1
matched_no_MG,683,1,1
matched_no_MG,684,1,1
matched_no_MG,685,1,1
matched_no_MG,686,1,1
matched_no_MG,687,1,1
matched_no_MG,688,1,1
matched_no_MG,689,1,1
matched_no_MG,690,-1,-1
matched_no_MG,691,1,1
matched_no_MG,692,1,1
matched_no_MG,693,1,1
matched_no_MG,694,1,1
matched_no_MG,695,1,1
matched_no_MG,696,1,1
matched_no_MG,697,1,1
matched_no_MG,698,1,1
matched_no_MG,699,1,1
matched_no_MG,700,1,1
matched_no_MG,701,1,1
matched_no_MG,702,1,1
matched_no_MG,703,-1,-1
matched_no_MG,704,1,1
matched_no_MG,705,1,1
matched_no_MG,706,1,1
matched_no_MG,707,1,1
matched_no_MG,708,1,1
matched_no_MG,709,1,1
matched_no_MG,710,1,1
matched_no_MG,711,1,1
matched_no_MG,712,1,1
matched_no_MG,713,1,1
matched_no_MG,714,1,1
matched_no_MG,715,1,1
matched_no_MG,716,1,1
matched_no_MG,717,-1,-1
matched_no_MG,718,1,1
matched_no_MG,719,1,1
matched_no_MG,720,1,1
matched_no_MG,721,1,1
matched_no_MG,722,1,1
matched_no_MG,723,1,1
matched_no_MG,724,1,1
matched_no_MG,725,1,1
matched_no_MG,726,1,1
matched_no_MG,727,1,1
matched_no_MG,728,1,1
matched_no_MG,729,1,1
matched_no_MG,730,1,1
matched_no_MG,731,1,1
matched_no_MG,732,1,1
matched_no_MG,733,1,1
matched_no_MG,734,1,1
matched_no_MG,735,-1,-1
matched_no_MG,736,1,1
matched_no_MG,737,1,1
matched_no_MG,738,1,1
matched_no_MG,739,1,1
matched_no_MG,740,1,1
matched_no_MG,741,1,1
matched_no_MG,742,1,1
matched_no_MG,743,1,1
matched_no_MG,744,1,1
matched_no_MG,745,1,1
matched_no_MG,746,1,1
matched_no_MG,747,1,1
matched_no_MG,748,1,1
matched_no_MG,749,-1,-1
matched_no_MG,750,1,1
matched_no_MG,751,1,1
matched_no_MG,752,1,1
matched_no_MG,753,1,1
matched_no_MG,754,1,1
matched_no_MG,755,1,1
matched_no_MG,756,1,1
matched_no_MG,757,1,1
matched_no_MG,758,1,1
matched_no_MG,759,1,1
matched_no_MG,760,1,1
matched_no_MG,761,1,1
matched_no_MG,762,-1,-1
matched_no_MG,763,1,1
matched_no_MG,764,1,1
matched_no_MG,765,1,1
matched_no_MG,766,1,1
matched_no_MG,767,1,1
matched_no_MG,768,1,1
matched_no_MG,769,1,1
matched_no_MG,770,1,1
matched_no_MG,771,1,1
matched_no_MG,772,1,1
matched_no_MG,773,1,1
matched_no_MG,774,1,1
matched_no_MG,775,1,1
matched_no_MG,776,1,1
matched_no_MG,777,-1,-1
matched_no_MG,778,1,1
matched_no_MG,779,1,1
matched_no_MG,780,1,1
matched_no_MG,781,-1,-1
matched_no_MG,782,1,1
matched_no_MG,783,1,1
matched_no_MG,784,1,1
matched_no_MG,785,1,1
matched_no_MG,786,1,1
matched_no_MG,787,1,1
matched_no_MG,788,1,1
matched_no_MG,789,1,1
matched_no_MG,790,1,1
matched_no_MG,791,1,1
matched_no_MG,792,-1,-1
matched_no_MG,793,1,1
matched_no_MG,794,1,1
matched_no_MG,795,1,1
matched_no_MG,796,1,1
matched_no_MG,797,1,1
matched_no_MG,798,1,1
matched_no_MG,799,1,1
matched_no_MG,800,1,1
matched_no_MG,801,1,1
matched_no_MG,802,1,1
matched_no_MG,803,-1,-1
matched_no_MG,804,1,1
matched_no_MG,805,1,1
matched_no_MG,806,1,1
matched_no_MG,807,1,1
matched_no_MG,808,1,1
matched_no_MG,809,1,1
matched_no_MG,810,1,1
matched_no_MG,811,1,1
matched_no_MG,812,1,1
matched_no_MG,813,-1,-1
matched_no_MG,814,-1,-1
matched_no_MG,815,1,1
matched_no_MG,816,1,1
matched_no_MG,817,-1,-1
matched_no_MG,818,1,1
matched_no_MG,819,1,1
matched_no_MG,820,1,1
matched_no_MG,821,1,1
matched_no_MG,822,1,1
matched_no_MG,823,1,1
matched_no_MG,824,1,1
matched_no_MG,825,1,1
matched_no_MG,826,1,1
matched_no_MG,827,1,1
matched_no_MG,828,1,1
matched_no_MG,829,1,1
matched_no_MG,830,1,1
matched_no_MG,831,1,1
matched_no_MG,832,1,1
matched_no_MG,833,1,1
matched_no_MG,834,1,1
matched_no_MG,835,1,1
matched_no_MG,836,1,1
matched_no_MG,837,1,1
matched_no_MG,838,1,1
matched_no_MG,839,1,1
matched_no_MG,840,1,1
matched_no_MG,841,1,1
matched_no_MG,842,1,1
matched_no_MG,843,1,1
matched_no_MG,844,1,1
matched_no_MG,845,1,1
matched_no_MG,846,1,1
matched_no_MG,847,1,1
matched_no_MG,848,1,1
matched_no_MG,849,1,1
matched_no_MG,850,1,1
matched_no_MG,851,1,1
matched_no_MG,852,1,1
matched_no_MG,853,1,1
matched_no_MG,854,1,1
matched_no_MG,855,1,1
matched_no_MG,856,1,1
matched_no_MG,857,1,1
matched_no_MG,858,-1,-1
matched_no_MG,859,-1,-1
matched_no_MG,860,1,1
matched_no_MG,861,-1,-1
matched_no_MG,862,1,1
matched_no_MG,863,1,1
matched_no_MG,864,1,1
matched_no_MG,865,1,1
matched_no_MG,866,1,1
matched_no_MG,867,1,1
matched_no_MG,868,-1,-1
matched_no_MG,869,1,1
matched_no_MG,870,1,1
matched_no_MG,871,1,1
matched_no_MG,872,1,1
matched_no_MG,873,1,1
matched_no_MG,874,1,1
matched_no_MG,875,1,1
matched_no_MG,876,-1,-1
matched_no_MG,877,1,1
matched_no_MG,878,1,1
matched_no_MG,879,-1,-1
matched_no_MG,880,1,1
matched_no_MG,881,1,1
matched_no_MG,882,1,1
matched_no_MG,883,1,1
matched_no_MG,884,1,1
matched_no_MG,885,1,1
matched_no_MG,886,1,1
matched_no_MG,887,1,1
matched_no_MG,888,1,1
matched_no_MG,889,1,1
matched_no_MG,890,1,1
matched_no_MG,891,1,1
matched_no_MG,892,1,1
matched_no_MG,893,1,1
matched_no_MG,894,1,1
matched_no_MG,895,1,1
matched_no_MG,896,1,1
matched_no_MG,897,1,1
matched_no_MG,898,-1,-1
matched_no_MG,899,1,1
matched_no_MG,900,1,1
matched_no_MG,901,1,1
matched_no_MG,902,1,1
matched_no_MG,903,1,1
matched_no_MG,904,1,1
matched_no_MG,905,1,1
matched_no_MG,906,1,1
matched_no_MG,907,1,1
matched_no_MG,908,1,1
matched_no_MG,909,1,1
matched_no_MG,910,1,1
matched_no_MG,911,1,1
matched_no_MG,912,1,1
matched_no_MG,913,1,1
matched_no_MG,914,1,1
matched_no_MG,915,1,1
matched_no_MG,916,1,1
matched_no_MG,917,1,1
matched_no_MG,918,-1,-1
matched_no_MG,919,-1,1
matched_no_MG,920,1,1
matched_no_MG,921,1,1
matched_no_MG,922,1,1
matched_no_MG,923,1,1
matched_no_MG,924,-1,-1
matched_no_MG,925,-1,-1
matched_no_MG,926,1,1
matched_no_MG,927,1,1
matched_no_MG,928,1,1
matched_no_MG,929,1,1
matched_no_MG,930,1,1
matched_no_MG,931,1,1
matched_no_MG,932,1,1
matched_no_MG,933,-1,-1
matched_no_MG,934,1,1
matched_no_MG,935,-1,-1
matched_no_MG,936,1,1
matched_no_MG,937,1,1
matched_no_MG,938,1,1
matched_no_MG,939,1,1
matched_no_MG,940,1,1
matched_no_MG,941,1,1
matched_no_MG,942,1,1
matched_no_MG,943,1,1
matched_no_MG,944,1,1
matched_no_MG,945,1,1
matched_no_MG,946,1,1
matched_no_MG,947,1,1
matched_no_MG,948,1,1
matched_no_MG,949,1,1
matched_no_MG,950,1,1
matched_no_MG,951,1,1
matched_no_MG,952,1,1
matched_no_MG,953,1,1
matched_no_MG,954,-1,-1
matched_no_MG,955,1,1
matched_no_MG,956,-1,-1
matched_no_MG,957,1,1
matched_no_MG,958,1,1
matched_no_MG,959,1,1
matched_no_MG,960,1,1
matched_no_MG,961,1,1
matched_no_MG,962,1,1
matched_no_MG,963,1,1
matched_no_MG,964,1,1
matched_no_MG,965,1,1
matched_no_MG,966,1,1
matched_no_MG,967,1,1
matched_no_MG,968,1,1
matched_no_MG,969,1,1
matched_no_MG,970,1,1
matched_no_MG,971,1,1
matched_no_MG,972,1,1
matched_no_MG,973,1,1
matched_no_MG,974,1,1
matched_no_MG,975,1,1
matched_no_MG,976,1,1
matched_no_MG,977,1,1
matched_no_MG,978,1,1
matched_no_MG,979,1,1
matched_no_MG,980,1,1
matched_no_MG,981,1,1
matched_no_MG,982,1,1
matched_no_MG,983,1,1
matched_no_MG,984,1,1
matched_no_MG,985,1,1
matched_no_MG,986,1,1
matched_no_MG,987,1,1
matched_no_MG,988,-1,-1
matched_no_MG,989,1,1
matched_no_MG,990,1,1
matched_no_MG,991,1,1
matched_no_MG,992,1,1
matched_no_MG,993,1,1
matched_no_MG,994,-1,-1
matched_no_MG,995,1,1
matched_no_MG,996,1,1
matched_no_MG,997,1,1
matched_no_MG,998,1,1
matched_no_MG,999,1,1
matched_no_MG,1000,1,1
matched_no_MG,1001,1,1
matched_no_MG,1002,1,1
matched_no_MG,1003,1,1
matched_no_MG,1004,1,1
matched_no_MG,1005,-1,-1
matched_no_MG,1006,1,1
matched_no_MG,1007,1,1
matched_no_MG,1008,1,1
matched_no_MG,1009,1,1
matched_no_MG,1010,1,1
matched_no_MG,1011,1,1
matched_no_MG,1012,-1,-1
matched_no_MG,1013,1,1
matched_no_MG,1014,1,1
matched_no_MG,1015,1,1
matched_no_MG,1016,1,1
matched_no_MG,1017,1,1
matched_no_MG,1018,1,1
matched_no_MG,1019,-1,-1
matched_no_MG,1020,1,1
matched_no_MG,1021,-1,-1
matched_no_MG,1022,1,1
matched_no_MG,1023,1,1
matched_no_MG,1024,1,1
matched_no_MG,1025,1,1
matched_no_MG,1026,1,1
matched_no_MG,1027,1,1
matched_no_MG,1028,1,1
matched_no_MG,1029,1,1
matched_no_MG,1030,1,1
matched_no_MG,1031,1,1
matched_no_MG,1032,1,1
matched_no_MG,1033,1,1
matched_no_MG,1034,1,1
matched_no_MG,1035,1,1
matched_no_MG,1036,1,1
matched_no_MG,1037,1,1
matched_no_MG,1038,1,1
matched_no_MG,1039,1,1
matched_no_MG,1040,1,1
matched_no_MG,1041,1,1
matched_no_MG,1042,-1,-1
matched_no_MG,1043,1,1
matched_no_MG,1044,1,1
matched_no_MG,1045,1,1
matched_no_MG,1046,1,1
matched_no_MG,1047,1,1
matched_no_MG,1048,-1,-1
matched_no_MG,1049,1,1
matched_no_MG,1050,1,1
matched_no_MG,1051,1,1
matched_no_MG,1052,-1,-1
matched_no_MG,1053,1,1
matched_no_MG,1054,1,1
matched_no_MG,1055,1,1
matched_no_MG,1056,-1,-1
matched_no_MG,1057,1,1
matched_no_MG,1058,1,1
matched_no_MG,1059,1,1
matched_no_MG,1060,1,1
matched_no_MG,1061,1,1
matched_no_MG,1062,1,1
matched_no_MG,1063,1,1
matched_no_MG,1064,1,1
matched_no_MG,1065,1,1
matched_no_MG,1066,1,1
matched_no_MG,1067,-1,-1
matched_no_MG,1068,1,1
matched_no_MG,1069,1,1
matched_no_MG,1070,1,1
matched_no_MG,1071,1,1
matched_no_MG,1072,1,1
matched_no_MG,1073,1,1
matched_no_MG,1074,1,1
matched_no_MG,1075,1,1
matched_no_MG,1076,1,1
matched_no_MG,1077,1,1
matched_no_MG,1078,1,1
matched_no_MG,1079,1,1
matched_no_MG,1080,1,1
matched_no_MG,1081,1,1
matched_no_MG,1082,1,1
matched_no_MG,1083,1,1
matched_no_MG,1084,1,1
matched_no_MG,1085,1,1
matched_no_MG,1086,1,1
matched_no_MG,1087,1,1
matched_no_MG,1088,1,1
matched_no_MG,1089,1,1
matched_no_MG,1090,1,1
matched_no_MG,1091,1,1
matched_no_MG,1092,1,1
matched_no_MG,1093,1,1
matched_no_MG,1094,1,1
matched_no_MG,1095,1,1
matched_no_MG,1096,1,1
matched_no_MG,1097,1,1
matched_no_MG,1098,1,1
matched_no_MG,1099,-1,-1
matched_no_MG,1100,1,1
matched_no_MG,1101,1,1
matched_no_MG,1102,1,1
matched_no_MG,1103,1,1
matched_no_MG,1104,1,1
matched_no_MG,1105,1,1
matched_no_MG,1106,1,1
matched_no_MG,1107,1,1
matched_no_MG,1108,1,1
matched_no_MG,1109,-1,-1
matched_no_MG,1110,1,1
matched_no_MG,1111,1,1
matched_no_MG,1112,1,-1
matched_no_MG,1113,1,1
matched_no_MG,1114,1,1
matched_no_MG,1115,1,1
matched_no_MG,1116,1,1
matched_no_MG,1117,1,1
matched_no_MG,1118,1,1
matched_no_MG,1119,1,1
matched_no_MG,1120,1,1
matched_no_MG,1121,1,1
matched_no_MG,1122,1,1
matched_no_MG,1123,1,1
matched_no_MG,1124,1,1
matched_no_MG,1125,1,1
matched_no_MG,1126,1,1
matched_no_MG,1127,1,1
matched_no_MG,1128,1,1
matched_no_MG,1129,1,1
matched_no_MG,1130,1,1
matched_no_MG,1131,1,1
matched_no_MG,1132,1,1
matched_no_MG,1133,1,1
matched_no_MG,1134,-1,-1
matched_no_MG,1135,-1,-1
matched_no_MG,1136,1,1
matched_no_MG,1137,1,1
matched_no_MG,1138,1,1
matched_no_MG,1139,1,1
matched_no_MG,1140,1,1
matched_no_MG,1141,1,1
matched_no_MG,1142,1,1
matched_no_MG,1143,1,1
matched_no_MG,1144,1,1
matched_no_MG,1145,-1,-1
matched_no_MG,1146,1,1
matched_no_MG,1147,1,1
matched_no_MG,1148,1,1
matched_no_MG,1149,-1,-1
matched_no_MG,1150,1,1
matched_no_MG,1151,1,1
matched_no_MG,1152,1,1
matched_no_MG,1153,1,1
matched_no_MG,1154,1,1
matched_no_MG,1155,1,1
matched_no_MG,1156,-1,1
matched_no_MG,1157,1,1
matched_no_MG,1158,1,1
matched_no_MG,1159,1,1
matched_no_MG,1160,1,1
matched_no_MG,1161,1,1
matched_no_MG,1162,1,1
matched_no_MG,1163,1,1
matched_no_MG,1164,1,1
matched_no_MG,1165,-1,-1
matched_no_MG,1166,1,1
matched_no_MG,1167,1,1
matched_no_MG,1168,-1,-1
matched_no_MG,1169,1,1
matched_no_MG,1170,1,1
matched_no_MG,1171,1,1
matched_no_MG,1172,1,1
matched_no_MG,1173,-1,-1
matched_no_MG,1174,1,1
matched_no_MG,1175,1,1
matched_no_MG,1176,1,1
matched_no_MG,1177,1,1
matched_no_MG,1178,1,1
matched_no_MG,1179,1,1
matched_no_MG,1180,-1,-1
matched_no_MG,1181,1,1
matched_no_MG,1182,1,1
matched_no_MG,1183,1,1
matched_no_MG,1184,1,1
matched_no_MG,1185,1,1
matched_no_MG,1186,1,1
matched_no_MG,1187,1,1
matched_no_MG,1188,1,1
matched_no_MG,1189,1,1
matched_no_MG,1190,1,1
matched_no_MG,1191,1,1
matched_no_MG,1192,1,1
matched_no_MG,1193,1,1
matched_no_MG,1194,1,1
matched_no_MG,1195,-1,-1
matched_no_MG,1196,1,1
matched_no_MG,1197,1,1
matched_no_MG,1198,1,1
matched_no_MG,1199,1,1
matched_no_MG,1200,-1,-1
matched_no_MG,1201,1,1
matched_no_MG,1202,1,1
matched_no_MG,1203,1,1
matched_no_MG,1204,1,1
matched_no_MG,1205,1,1
matched_no_MG,1206,1,1
matched_no_MG,1207,1,1
matched_no_MG,1208,1,1
matched_no_MG,1209,1,1
matched_no_MG,1210,1,1
matched_no_MG,1211,1,1
matched_no_MG,1212,1,1
matched_no_MG,1213,-1,-1
matched_no_MG,1214,1,1
matched_no_MG,1215,1,1
matched_no_MG,1216,1,1
matched_no_MG,1217,1,1
matched_no_MG,1218,1,1
matched_no_MG,1219,1,1
matched_no_MG,1220,1,1
matched_no_MG,1221,1,1
matched_no_MG,1222,1,1
matched_no_MG,1223,-1,-1
matched_no_MG,1224,-1,-1
matched_no_MG,1225,1,1
matched_no_MG,1226,-1,-1
matched_no_MG,1227,1,1
matched_no_MG,1228,1,1
matched_no_MG,1229,1,1
matched_no_MG,1230,1,1
matched_no_MG,1231,1,1
matched_no_MG,1232,1,1
matched_no_MG,1233,1,1
matched_no_MG,1234,1,1
matched_no_MG,1235,1,1
matched_no_MG,1236,1,1
matched_no_MG,1237,1,1
matched_no_MG,1238,1,1
matched_no_MG,1239,1,1
matched_no_MG,1240,1,1
matched_no_MG,1241,1,1
matched_no_MG,1242,1,1
matched_no_MG,1243,1,1
matched_no_MG,1244,1,1
matched_no_MG,1245,-1,-1
matched_no_MG,1246,1,1
matched_no_MG,1247,1,1
matched_no_MG,1248,1,1
matched_no_MG,1249,1,1
matched_no_MG,1250,1,1
matched_no_MG,1251,1,1
matched_no_MG,1252,1,1
matched_no_MG,1253,1,1
matched_no_MG,1254,1,1
matched_no_MG,1255,1,1
matched_no_MG,1256,1,1
matched_no_MG,1257,-1,-1
matched_no_MG,1258,1,1
matched_no_MG,1259,-1,-1
matched_no_MG,1260,1,1
matched_no_MG,1261,1,1
matched_no_MG,1262,1,1
matched_no_MG,1263,1,1
matched_no_MG,1264,1,1
matched_no_MG,1265,1,1
matched_no_MG,1266,1,1
matched_no_MG,1267,1,1
matched_no_MG,1268,1,1
matched_no_MG,1269,1,1
matched_no_MG,1270,1,1
matched_no_MG,1271,1,1
matched_no_MG,1272,1,1
matched_no_MG,1273,1,1
matched_no_MG,1274,-1,-1
matched_no_MG,1275,1,1
matched_no_MG,1276,1,1
matched_no_MG,1277,1,1
matched_no_MG,1278,1,1
matched_no_MG,1279,1,1
matched_no_MG,1280,1,1
matched_no_MG,1281,1,1
matched_no_MG,1282,1,1
matched_no_MG,1283,1,1
matched_no_MG,1284,1,1
matched_no_MG,1285,1,1
matched_no_MG,1286,1,1
matched_no_MG,1287,1,1
matched_no_MG,1288,1,1
matched_no_MG,1289,1,1
matched_no_MG,1290,1,1
matched_no_MG,1291,1,1
matched_no_MG,1292,1,1
matched_no_MG,1293,1,1
matched_no_MG,1294,1,1
matched_no_MG,1295,1,1
matched_no_MG,1296,1,1
matched_no_MG,1297,1,1
matched_no_MG,1298,1,1
matched_no_MG,1299,1,1
matched_no_MG,1300,1,1
matched_no_MG,1301,1,1
matched_no_MG,1302,1,1
matched_no_MG,1303,1,1
matched_no_MG,1304,1,1
matched_no_MG,1305,1,1
matched_no_MG,1306,1,1
matched_no_MG,1307,1,1
matched_no_MG,1308,1,1
matched_no_MG,1309,1,1
matched_no_MG,1310,-1,-1
matched_no_MG,1311,1,1
matched_no_MG,1312,1,1
matched_no_MG,1313,1,1
matched_no_MG,1314,1,1
matched_no_MG,1315,1,1
matched_no_MG,1316,1,1
matched_no_MG,1317,1,1
matched_no_MG,1318,1,1
matched_no_MG,1319,1,1
matched_no_MG,1320,1,1
matched_no_MG,1321,1,1
matched_no_MG,1322,1,1
matched_no_MG,1323,1,1
matched_no_MG,1324,1,1
matched_no_MG,1325,1,1
matched_no_MG,1326,1,1
matched_no_MG,1327,1,1
matched_no_MG,1328,1,1
matched_no_MG,1329,1,1
matched_no_MG,1330,1,1
matched_no_MG,1331,-1,-1
matched_no_MG,1332,-1,-1
matched_no_MG,1333,1,1
matched_no_MG,1334,1,1
matched_no_MG,1335,1,1
matched_no_MG,1336,1,1
matched_no_MG,1337,1,1
matched_no_MG,1338,1,1
matched_no_MG,1339,1,1
matched_no_MG,1340,1,1
matched_no_MG,1341,1,1
matched_no_MG,1342,1,1
matched_no_MG,1343,1,1
matched_no_MG,1344,1,1
matched_no_MG,1345,1,1
matched_no_MG,1346,1,1
matched_no_MG,1347,1,1
matched_no_MG,1348,1,1
matched_no_MG,1349,-1,-1
matched_no_MG,1350,1,1
matched_no_MG,1351,1,1
matched_no_MG,1352,1,1
matched_no_MG,1353,1,1
matched_no_MG,1354,1,1
matched_no_MG,1355,1,1
matched_no_MG,1356,1,1
matched_no_MG,1357,-1,1
matched_no_MG,1358,1,1
matched_no_MG,1359,1,1
matched_no_MG,1360,1,1
matched_no_MG,1361,1,1
matched_no_MG,1362,1,1
matched_no_MG,1363,1,1
matched_no_MG,1364,1,1
matched_no_MG,1365,-1,-1
matched_no_MG,1366,-1,-1
matched_no_MG,1367,1,1
matched_no_MG,1368,1,1
matched_no_MG,1369,1,1
matched_no_MG,1370,-1,-1
matched_no_MG,1371,1,1
matched_no_MG,1372,1,1
matched_no_MG,1373,1,1
matched_no_MG,1374,1,1
matched_no_MG,1375,1,1
matched_no_MG,1376,1,1
matched_no_MG,1377,1,1
matched_no_MG,1378,1,1
matched_no_MG,1379,1,1
matched_no_MG,1380,1,1
matched_no_MG,1381,1,1
matched_no_MG,1382,1,1
matched_no_MG,1383,1,1
matched_no_MG,1384,1,1
matched_no_MG,1385,1,1
matched_no_MG,1386,1,1
matched_no_MG,1387,1,1
matched_no_MG,1388,1,1
matched_no_MG,1389,1,1
matched_no_MG,1390,1,1
matched_no_MG,1391,1,1
matched_no_MG,1392,1,1
matched_no_MG,1393,-1,-1
matched_no_MG,1394,1,1
matched_no_MG,1395,-1,-1
matched_no_MG,1396,1,1
matched_no_MG,1397,1,1
matched_no_MG,1398,1,1
matched_no_MG,1399,1,1
matched_no_MG,1400,-1,-1
matched_no_MG,1401,1,1
matched_no_MG,1402,1,1
matched_no_MG,1403,1,1
matched_no_MG,1404,1,1
matched_no_MG,1405,1,1
matched_no_MG,1406,1,1
matched_no_MG,1407,1,1
matched_no_MG,1408,1,1
matched_no_MG,1409,-1,-1
matched_no_MG,1410,1,1
matched_no_MG,1411,-1,-1
matched_no_MG,1412,1,1
matched_no_MG,1413,1,1
matched_no_MG,1414,1,1
matched_no_MG,1415,1,1
matched_no_MG,1416,1,1
matched_no_MG,1417,1,1
matched_no_MG,1418,1,1
matched_no_MG,1419,1,1
matched_no_MG,1420,1,1
matched_no_MG,1421,1,1
matched_no_MG,1422,1,1
matched_no_MG,1423,1,1
matched_no_MG,1424,1,1
matched_no_MG,1425,1,1
matched_no_MG,1426,1,1
matched_no_MG,1427,1,1
matched_no_MG,1428,1,1
matched_no_MG,1429,1,1
matched_no_MG,1430,1,1
matched_no_MG,1431,1,1
matched_no_MG,1432,1,1
matched_no_MG,1433,1,1
matched_no_MG,1434,1,1
matched_no_MG,1435,1,1
matched_no_MG,1436,1,1
matched_no_MG,1437,-1,-1
matched_no_MG,1438,1,1
matched_no_MG,1439,1,1
matched_no_MG,1440,1,1
matched_no_MG,1441,1,1
matched_no_MG,1442,1,1
matched_no_MG,1443,1,1
matched_no_MG,1444,1,1
matched_no_MG,1445,1,1
matched_no_MG,1446,1,1
matched_no_MG,1447,1,1
matched_no_MG,1448,1,1
matched_no_MG,1449,1,1
matched_no_MG,1450,1,1
matched_no_MG,1451,1,1
matched_no_MG,1452,1,1
matched_no_MG,1453,1,1
matched_no_MG,1454,1,1
matched_no_MG,1455,1,1
matched_no_MG,1456,1,1
matched_no_MG,1457,1,1
matched_no_MG,1458,1,1
matched_no_MG,1459,1,1
matched_no_MG,1460,1,1
matched_no_MG,1461,1,1
matched_no_MG,1462,1,1
matched_no_MG,1463,1,1
matched_no_MG,1464,1,1
matched_no_MG,1465,1,1
matched_no_MG,1466,1,1
matched_no_MG,1467,1,1
matched_no_MG,1468,1,1
matched_no_MG,1469,1,1
matched_no_MG,1470,1,1
matched_no_MG,1471,1,1
matched_no_MG,1472,1,1
matched_no_MG,1473,1,1
matched_no_MG,1474,1,1
matched_no_MG,1475,1,1
matched_no_MG,1476,1,1
matched_no_MG,1477,1,1
matched_no_MG,1478,1,1
matched_no_MG,1479,1,1
matched_no_MG,1480,1,1
matched_no_MG,1481,1,1
matched_no_MG,1482,1,1
matched_no_MG,1483,1,1
matched_no_MG,1484,-1,-1
matched_no_MG,1485,1,1
matched_no_MG,1486,1,1
matched_no_MG,1487,1,1
matched_no_MG,1488,-1,-1
matched_no_MG,1489,1,1
matched_no_MG,1490,1,1
matched_no_MG,1491,-1,-1
matched_no_MG,1492,1,1
matched_no_MG,1493,1,1
matched_no_MG,1494,1,1
matched_no_MG,1495,1,1
matched_no_MG,1496,1,1
matched_no_MG,1497,1,1
matched_no_MG,1498,1,1
matched_no_MG,1499,1,1
matched_no_MG,1500,1,1
matched_no_MG,1501,1,1
matched_no_MG,1502,1,1
matched_no_MG,1503,-1,-1
matched_no_MG,1504,1,1
matched_no_MG,1505,1,1
matched_no_MG,1506,1,1
matched_no_MG,1507,1,1
matched_no_MG,1508,-1,-1
matched_no_MG,1509,1,1
matched_no_MG,1510,1,1
matched_no_MG,1511,1,1
matched_no_MG,1512,1,1
matched_no_MG,1513,1,1
matched_no_MG,1514,-1,-1
matched_no_MG,1515,1,1
matched_no_MG,1516,1,1
matched_no_MG,1517,1,1
matched_no_MG,1518,1,1
matched_no_MG,1519,1,1
matched_no_MG,1520,1,1
matched_no_MG,1521,1,1
matched_no_MG,1522,1,1
matched_no_MG,1523,-1,-1
matched_no_MG,1524,1,1
matched_no_MG,1525,1,1
matched_no_MG,1526,1,1
matched_no_MG,1527,1,1
matched_no_MG,1528,1,1
matched_no_MG,1529,1,1
matched_no_MG,1530,1,1
matched_no_MG,1531,1,1
matched_no_MG,1532,1,1
matched_no_MG,1533,1,1
matched_no_MG,1534,1,1
matched_no_MG,1535,1,1
matched_no_MG,1536,1,1
matched_no_MG,1537,1,1
matched_no_MG,1538,1,1
matched_no_MG,1539,1,1
matched_no_MG,1540,1,1
matched_no_MG,1541,1,1
matched_no_MG,1542,1,1
matched_no_MG,1543,-1,-1
matched_no_MG,1544,-1,-1
matched_no_MG,1545,1,1
matched_no_MG,1546,1,1
matched_no_MG,1547,1,1
matched_no_MG,1548,1,1
matched_no_MG,1549,1,1
matched_no_MG,1550,1,1
matched_no_MG,1551,-1,-1
matched_no_MG,1552,1,1
matched_no_MG,1553,1,1
matched_no_MG,1554,1,1
matched_no_MG,1555,1,1
matched_no_MG,1556,1,1
matched_no_MG,1557,1,1
matched_no_MG,1558,1,1
matched_no_MG,1559,1,1
matched_no_MG,1560,1,1
matched_no_MG,1561,-1,-1
matched_no_MG,1562,1,1
matched_no_MG,1563,1,1
matched_no_MG,1564,1,1
matched_no_MG,1565,-1,-1
matched_no_MG,1566,1,1
matched_no_MG,1567,1,1
matched_no_MG,1568,1,1
matched_no_MG,1569,1,1
matched_no_MG,1570,1,1
matched_no_MG,1571,1,1
matched_no_MG,1572,-1,-1
matched_no_MG,1573,1,1
matched_no_MG,1574,1,1
matched_no_MG,1575,1,1
matched_no_MG,1576,1,1
matched_no_MG,1577,1,1
matched_no_MG,1578,1,1
matched_no_MG,1579,1,1
matched_no_MG,1580,1,1
matched_no_MG,1581,-1,-1
matched_no_MG,1582,-1,-1
matched_no_MG,1583,1,1
matched_no_MG,1584,1,1
matched_no_MG,1585,1,1
matched_no_MG,1586,1,1
matched_no_MG,1587,1,1
matched_no_MG,1588,1,1
matched_no_MG,1589,1,1
matched_no_MG,1590,1,1
matched_no_MG,1591,1,1
matched_no_MG,1592,-1,-1
matched_no_MG,1593,1,1
matched_no_MG,1594,1,1
matched_no_MG,1595,1,1
matched_no_MG,1596,-1,-1
matched_no_MG,1597,1,1
matched_no_MG,1598,1,1
matched_no_MG,1599,1,1
matched_no_MG,1600,1,1
matched_no_MG,1601,1,1
matched_no_MG,1602,1,1
matched_no_MG,1603,-1,-1
matched_no_MG,1604,1,1
matched_no_MG,1605,1,1
matched_no_MG,1606,1,1
matched_no_MG,1607,1,1
matched_no_MG,1608,1,1
matched_no_MG,1609,1,1
matched_no_MG,1610,1,1
matched_no_MG,1611,1,1
matched_no_MG,1612,1,1
matched_no_MG,1613,1,1
matched_no_MG,1614,1,1
matched_no_MG,1615,1,1
matched_no_MG,1616,1,1
matched_no_MG,1617,-1,-1
matched_no_MG,1618,1,1
matched_no_MG,1619,-1,-1
matched_no_MG,1620,1,1
matched_no_MG,1621,1,1
matched_no_MG,1622,1,1
matched_no_MG,1623,-1,-1
matched_no_MG,1624,1,1
matched_no_MG,1625,-1,-1
matched_no_MG,1626,1,1
matched_no_MG,1627,1,1
matched_no_MG,1628,1,1
matched_no_MG,1629,1,1
matched_no_MG,1630,1,1
matched_no_MG,1631,1,1
matched_no_MG,1632,1,1
matched_no_MG,1633,1,1
matched_no_MG,1634,1,1
matched_no_MG,1635,1,1
matched_no_MG,1636,1,1
matched_no_MG,1637,1,1
matched_no_MG,1638,1,1
matched_no_MG,1639,1,1
matched_no_MG,1640,1,1
matched_no_MG,1641,1,1
matched_no_MG,1642,1,1
matched_no_MG,1643,1,1
matched_no_MG,1644,-1,-1
matched_no_MG,1645,1,1
matched_no_MG,1646,1,1
matched_no_MG,1647,1,1
matched_no_MG,1648,1,1
matched_no_MG,1649,1,1
matched_no_MG,1650,1,1
matched_no_MG,1651,1,1
matched_no_MG,1652,1,1
matched_no_MG,1653,-1,1
matched_no_MG,1654,1,1
matched_no_MG,1655,-1,-1
matched_no_MG,1656,1,1
matched_no_MG,1657,-1,-1
matched_no_MG,1658,-1,-1
matched_no_MG,1659,1,1
matched_no_MG,1660,1,1
matched_no_MG,1661,1,1
matched_no_MG,1662,1,1
matched_no_MG,1663,-1,-1
matched_no_MG,1664,1,1
matched_no_MG,1665,1,1
matched_no_MG,1666,1,1
matched_no_MG,1667,1,1
matched_no_MG,1668,1,1
matched_no_MG,1669,1,1
matched_no_MG,1670,1,1
matched_no_MG,1671,1,1
matched_no_MG,1672,1,1
matched_no_MG,1673,1,1
matched_no_MG,1674,1,1
matched_no_MG,1675,1,1
matched_no_MG,1676,1,1
matched_no_MG,1677,1,1
matched_no_MG,1678,1,1
matched_no_MG,1679,1,1
matched_no_MG,1680,1,1
matched_no_MG,1681,1,1
matched_no_MG,1682,1,1
matched_no_MG,1683,1,1
matched_no_MG,1684,1,1
matched_no_MG,1685,1,1
matched_no_MG,1686,1,1
matched_no_MG,1687,1,1
matched_no_MG,1688,-1,-1
matched_no_MG,1689,1,1
matched_no_MG,1690,-1,-1
matched_no_MG,1691,1,1
matched_no_MG,1692,1,1
matched_no_MG,1693,1,1
matched_no_MG,1694,1,1
matched_no_MG,1695,1,1
matched_no_MG,1696,1,1
matched_no_MG,1697,1,1
matched_no_MG,1698,1,1
matched_no_MG,1699,1,1
matched_no_MG,1700,1,1
matched_no_MG,1701,1,1
matched_no_MG,1702,1,1
matched_no_MG,1703,1,1
matched_no_MG,1704,1,1
matched_no_MG,1705,1,1
matched_no_MG,1706,1,1
matched_no_MG,1707,1,1
matched_no_MG,1708,1,1
matched_no_MG,1709,1,1
matched_no_MG,1710,1,1
matched_no_MG,1711,1,1
matched_no_MG,1712,1,1
matched_no_MG,1713,1,1
matched_no_MG,1714,1,1
matched_no_MG,1715,1,1
matched_no_MG,1716,1,1
matched_no_MG,1717,1,1
matched_no_MG,1718,1,1
matched_no_MG,1719,1,1
matched_no_MG,1720,1,1
matched_no_MG,1721,1,1
matched_no_MG,1722,1,1
matched_no_MG,1723,1,1
matched_no_MG,1724,1,1
matched_no_MG,1725,1,1
matched_no_MG,1726,1,1
matched_no_MG,1727,1,1
matched_no_MG,1728,1,1
matched_no_MG,1729,1,1
matched_no_MG,1730,1,1
matched_no_MG,1731,1,1
matched_no_MG,1732,1,1
matched_no_MG,1733,-1,-1
matched_no_MG,1734,1,1
matched_no_MG,1735,1,1
matched_no_MG,1736,1,1
matched_no_MG,1737,1,1
matched_no_MG,1738,1,1
matched_no_MG,1739,1,1
matched_no_MG,1740,1,1
matched_no_MG,1741,1,1
matched_no_MG,1742,1,1
matched_no_MG,1743,1,1
matched_no_MG,1744,-1,-1
matched_no_MG,1745,1,1
matched_no_MG,1746,1,1
matched_no_MG,1747,1,1
matched_no_MG,1748,1,1
matched_no_MG,1749,1,1
matched_no_MG,1750,1,1
matched_no_MG,1751,-1,-1
matched_no_MG,1752,1,1
matched_no_MG,1753,-1,-1
matched_no_MG,1754,1,1
matched_no_MG,1755,1,1
matched_no_MG,1756,1,1
matched_no_MG,1757,1,1
matched_no_MG,1758,1,1
matched_no_MG,1759,1,1
matched_no_MG,1760,1,1
matched_no_MG,1761,1,1
matched_no_MG,1762,1,1
matched_no_MG,1763,1,1
matched_no_MG,1764,1,1
matched_no_MG,1765,1,1
matched_no_MG,1766,1,1
matched_no_MG,1767,1,1
matched_no_MG,1768,1,1
matched_no_MG,1769,1,1
matched_no_MG,1770,1,1
matched_no_MG,1771,1,1
matched_no_MG,1772,1,1
matched_no_MG,1773,1,1
matched_no_MG,1774,1,1
matched_no_MG,1775,1,1
matched_no_MG,1776,1,1
matched_no_MG,1777,1,1
matched_no_MG,1778,-1,-1
matched_no_MG,1779,1,1
matched_no_MG,1780,1,1
matched_no_MG,1781,1,1
matched_no_MG,1782,1,1
matched_no_MG,1783,1,1
matched_no_MG,1784,1,1
matched_no_MG,1785,1,1
matched_no_MG,1786,1,1
matched_no_MG,1787,1,1
matched_no_MG,1788,1,1
matched_no_MG,1789,-1,-1
matched_no_MG,1790,1,1
matched_no_MG,1791,1,1
matched_no_MG,1792,1,1
matched_no_MG,1793,1,1
matched_no_MG,1794,1,1
matched_no_MG,1795,1,1
matched_no_MG,1796,-1,-1
matched_no_MG,1797,1,1
matched_no_MG,1798,1,1
matched_no_MG,1799,1,1
matched_no_MG,1800,-1,-1
matched_no_MG,1801,1,1
matched_no_MG,1802,1,1
matched_no_MG,1803,1,1
matched_no_MG,1804,1,1
matched_no_MG,1805,1,1
matched_no_MG,1806,1,1
matched_no_MG,1807,1,1
matched_no_MG,1808,1,1
matched_no_MG,1809,1,1
matched_no_MG,1810,1,1
matched_no_MG,1811,1,1
matched_no_MG,1812,1,1
matched_no_MG,1813,1,1
matched_no_MG,1814,1,1
matched_no_MG,1815,1,1
matched_no_MG,1816,1,1
matched_no_MG,1817,1,1
matched_no_MG,1818,1,1
matched_no_MG,1819,1,1
matched_no_MG,1820,-1,-1
matched_no_MG,1821,1,1
matched_no_MG,1822,1,1
matched_no_MG,1823,1,1
matched_no_MG,1824,1,1
matched_no_MG,1825,1,1
matched_no_MG,1826,1,1
matched_no_MG,1827,1,1
matched_no_MG,1828,1,1
matched_no_MG,1829,1,1
matched_no_MG,1830,1,1
matched_no_MG,1831,1,1
matched_no_MG,1832,1,1
matched_no_MG,1833,1,1
matched_no_MG,1834,1,1
matched_no_MG,1835,1,1
matched_no_MG,1836,1,1
matched_no_MG,1837,1,1
matched_no_MG,1838,1,1
matched_no_MG,1839,1,1
matched_no_MG,1840,1,1
matched_no_MG,1841,1,1
matched_no_MG,1842,1,1
matched_no_MG,1843,1,1
matched_no_MG,1844,1,1
matched_no_MG,1845,1,1
matched_no_MG,1846,1,1
matched_no_MG,1847,1,1
matched_no_MG,1848,1,1
matched_no_MG,1849,1,1
matched_no_MG,1850,1,1
matched_no_MG,1851,1,1
matched_no_MG,1852,1,1
matched_no_MG,1853,1,1
matched_no_MG,1854,-1,-1
matched_no_MG,1855,1,1
matched_no_MG,1856,1,1
matched_no_MG,1857,1,1
matched_no_MG,1858,1,1
matched_no_MG,1859,1,1
matched_no_MG,1860,1,1
matched_no_MG,1861,1,1
matched_no_MG,1862,1,1
matched_no_MG,1863,1,1
matched_no_MG,1864,1,1
matched_no_MG,1865,1,1
matched_no_MG,1866,-1,-1
matched_no_MG,1867,1,1
matched_no_MG,1868,-1,-1
matched_no_MG,1869,1,1
matched_no_MG,1870,1,1
matched_no_MG,1871,1,1
matched_no_MG,1872,1,1
matched_no_MG,1873,1,1
matched_no_MG,1874,1,1
matched_no_MG,1875,1,1
matched_no_MG,1876,1,1
matched_no_MG,1877,1,1
matched_no_MG,1878,1,1
matched_no_MG,1879,1,1
matched_no_MG,1880,-1,-1
matched_no_MG,1881,1,1
matched_no_MG,1882,1,1
matched_no_MG,1883,1,1
matched_no_MG,1884,1,1
matched_no_MG,1885,-1,-1
matched_no_MG,1886,1,1
matched_no_MG,1887,1,1
matched_no_MG,1888,1,1
matched_no_MG,1889,1,1
matched_no_MG,1890,-1,-1
matched_no_MG,1891,1,1
matched_no_MG,1892,1,1
matched_no_MG,1893,1,1
matched_no_MG,1894,-1,-1
matched_no_MG,1895,1,1
matched_no_MG,1896,1,1
matched_no_MG,1897,1,1
matched_no_MG,1898,1,1
matched_no_MG,1899,1,1
matched_no_MG,1900,1,1
matched_no_MG,1901,1,1
matched_no_MG,1902,-1,-1
matched_no_MG,1903,1,1
matched_no_MG,1904,-1,-1
matched_no_MG,1905,-1,-1
matched_no_MG,1906,1,1
matched_no_MG,1907,1,1
matched_no_MG,1908,1,1
matched_no_MG,1909,1,1
matched_no_MG,1910,1,1
matched_no_MG,1911,1,1
matched_no_MG,1912,1,1
matched_no_MG,1913,1,1
matched_no_MG,1914,1,1
matched_no_MG,1915,1,1
matched_no_MG,1916,-1,-1
matched_no_MG,1917,1,1
matched_no_MG,1918,1,1
matched_no_MG,1919,1,1
matched_no_MG,1920,1,1
matched_no_MG,1921,1,1
matched_no_MG,1922,1,1
matched_no_MG,1923,1,1
matched_no_MG,1924,1,1
matched_no_MG,1925,1,1
matched_no_MG,1926,1,1
matched_no_MG,1927,1,1
matched_no_MG,1928,1,1
matched_no_MG,1929,-1,-1
matched_no_MG,1930,1,1
matched_no_MG,1931,1,1
matched_no_MG,1932,1,1
matched_no_MG,1933,1,1
matched_no_MG,1934,1,1
matched_no_MG,1935,1,1
matched_no_MG,1936,1,1
matched_no_MG,1937,1,1
matched_no_MG,1938,1,1
matched_no_MG,1939,1,1
matched_no_MG,1940,1,1
matched_no_MG,1941,1,1
matched_no_MG,1942,1,1
matched_no_MG,1943,1,1
matched_no_MG,1944,1,1
matched_no_MG,1945,1,1
matched_no_MG,1946,1,1
matched_no_MG,1947,1,1
matched_no_MG,1948,1,1
matched_no_MG,1949,1,1
matched_no_MG,1950,1,1
matched_no_MG,1951,-1,-1
matched_no_MG,1952,1,1
matched_no_MG,1953,1,1
matched_no_MG,1954,1,1
matched_no_MG,1955,-1,-1
matched_no_MG,1956,-1,-1
matched_no_MG,1957,1,1
matched_no_MG,1958,1,1
matched_no_MG,1959,1,1
matched_no_MG,1960,1,1
matched_no_MG,1961,1,1
matched_no_MG,1962,1,1
matched_no_MG,1963,1,1
matched_no_MG,1964,1,1
matched_no_MG,1965,1,1
matched_no_MG,1966,1,1
matched_no_MG,1967,1,1
matched_no_MG,1968,1,1
matched_no_MG,1969,1,1
matched_no_MG,1970,1,1
matched_no_MG,1971,1,1
matched_no_MG,1972,1,1
matched_no_MG,1973,-1,-1
matched_no_MG,1974,-1,-1
matched_no_MG,1975,1,1
matched_no_MG,1976,1,1
matched_no_MG,1977,-1,-1
matched_no_MG,1978,1,1
matched_no_MG,1979,1,1
matched_no_MG,1980,1,1
matched_no_MG,1981,1,1
matched_no_MG,1982,1,1
matched_no_MG,1983,1,1
matched_no_MG,1984,1,1
matched_no_MG,1985,1,1
matched_no_MG,1986,1,1
matched_no_MG,1987,1,1
matched_no_MG,1988,-1,-1
matched_no_MG,1989,1,1
matched_no_MG,1990,1,1
matched_no_MG,1991,1,1
matched_no_MG,1992,1,1
matched_no_MG,1993,1,1
matched_no_MG,1994,1,1
matched_no_MG,1995,1,1
matched_no_MG,1996,1,1
matched_no_MG,1997,1,1
matched_no_MG,1998,1,1
matched_no_MG,1999,1,1
matched_no_MG,2000,-1,-1
matched_no_MG,2001,1,1
matched_no_MG,2002,1,1
matched_no_MG,2003,1,1
matched_no_MG,2004,-1,-1
matched_no_MG,2005,1,1
matched_no_MG,2006,1,1
matched_no_MG,2007,1,1
matched_no_MG,2008,1,1
matched_no_MG,2009,1,1
matched_no_MG,2010,1,1
matched_no_MG,2011,1,1
matched_no_MG,2012,1,1
matched_no_MG,2013,1,1
matched_no_MG,2014,1,1
matched_no_MG,2015,1,1
matched_no_MG,2016,-1,-1
matched_no_MG,2017,1,1
matched_no_MG,2018,1,1
matched_no_MG,2019,1,1
matched_no_MG,2020,1,1
matched_no_MG,2021,1,1
matched_no_MG,2022,1,1
matched_no_MG,2023,1,1
matched_no_MG,2024,1,1
matched_no_MG,2025,1,1
matched_no_MG,2026,1,1
matched_no_MG,2027,1,1
matched_no_MG,2028,1,1
matched_no_MG,2029,-1,-1
matched_no_MG,2030,1,1
matched_no_MG,2031,1,1
matched_no_MG,2032,1,1
matched_no_MG,2033,1,1
matched_no_MG,2034,1,1
matched_no_MG,2035,1,1
matched_no_MG,2036,1,1
matched_no_MG,2037,1,1
matched_no_MG,2038,1,1
matched_no_MG,2039,1,1
matched_no_MG,2040,1,1
matched_no_MG,2041,1,1
matched_no_MG,2042,1,1
matched_no_MG,2043,1,1
matched_no_MG,2044,1,1
matched_no_MG,2045,1,1
matched_no_MG,2046,1,1
matched_no_MG,2047,-1,1
matched_no_MG,2048,1,1
matched_no_MG,2049,1,1
matched_no_MG,2050,1,1
matched_no_MG,2051,1,1
matched_no_MG,2052,1,1
matched_no_MG,2053,1,1
matched_no_MG,2054,1,1
matched_no_MG,2055,1,1
matched_no_MG,2056,1,1
matched_no_MG,2057,-1,-1
matched_no_MG,2058,1,1
matched_no_MG,2059,1,1
matched_no_MG,2060,1,1
matched_no_MG,2061,1,1
matched_no_MG,2062,1,1
matched_no_MG,2063,1,1
matched_no_MG,2064,1,1
matched_no_MG,2065,1,1
matched_no_MG,2066,1,1
matched_no_MG,2067,1,1
matched_no_MG,2068,1,1
matched_no_MG,2069,-1,-1
matched_no_MG,2070,1,1
matched_no_MG,2071,1,1
matched_no_MG,2072,1,1
matched_no_MG,2073,1,1
matched_no_MG,2074,1,1
matched_no_MG,2075,1,1
matched_no_MG,2076,1,1
matched_no_MG,2077,1,1
matched_no_MG,2078,1,1
matched_no_MG,2079,1,1
matched_no_MG,2080,1,1
matched_no_MG,2081,1,1
matched_no_MG,2082,1,1
matched_no_MG,2083,1,1
matched_no_MG,2084,1,1
matched_no_MG,2085,1,1
matched_no_MG,2086,1,1
matched_no_MG,2087,1,1
matched_no_MG,2088,-1,-1
matched_no_MG,2089,1,1
matched_no_MG,2090,1,1
matched_no_MG,2091,1,1
matched_no_MG,2092,1,1
matched_no_MG,2093,1,1
matched_no_MG,2094,1,1
matched_no_MG,2095,1,1
matched_no_MG,2096,-1,-1
matched_no_MG,2097,1,1
matched_no_MG,2098,1,1
matched_no_MG,2099,1,1
matched_no_MG,2100,1,1
matched_no_MG,2101,1,1
matched_no_MG,2102,1,1
matched_no_MG,2103,1,1
matched_no_MG,2104,-1,-1
matched_no_MG,2105,-1,-1
matched_no_MG,2106,1,1
matched_no_MG,2107,1,1
matched_no_MG,2108,1,1
matched_no_MG,2109,1,1
matched_no_MG,2110,1,1
matched_no_MG,2111,1,1
matched_no_MG,2112,1,1
matched_no_MG,2113,1,1
matched_no_MG,2114,1,1
matched_no_MG,2115,1,1
matched_no_MG,2116,-1,-1
matched_no_MG,2117,1,1
matched_no_MG,2118,-1,-1
matched_no_MG,2119,1,1
matched_no_MG,2120,1,1
matched_no_MG,2121,1,1
matched_no_MG,2122,1,1
matched_no_MG,2123,1,1
matched_no_MG,2124,1,1
matched_no_MG,2125,1,1
matched_no_MG,2126,1,1
matched_no_MG,2127,1,1
matched_no_MG,2128,1,1
matched_no_MG,2129,-1,-1
matched_no_MG,2130,-1,-1
matched_no_MG,2131,1,1
matched_no_MG,2132,1,1
matched_no_MG,2133,1,1
matched_no_MG,2134,-1,-1
matched_no_MG,2135,1,1
matched_no_MG,2136,1,1
matched_no_MG,2137,1,1
matched_no_MG,2138,-1,-1
matched_no_MG,2139,1,1
matched_no_MG,2140,-1,-1
matched_no_MG,2141,1,1
matched_no_MG,2142,1,1
matched_no_MG,2143,-1,-1
matched_no_MG,2144,-1,-1
matched_no_MG,2145,-1,-1
matched_no_MG,2146,1,1
matched_no_MG,2147,1,1
matched_no_MG,2148,1,1
matched_no_MG,2149,1,1
matched_no_MG,2150,1,1
matched_no_MG,2151,1,1
matched_no_MG,2152,1,1
matched_no_MG,2153,1,1
matched_no_MG,2154,1,1
matched_no_MG,2155,1,1
matched_no_MG,2156,1,1
matched_no_MG,2157,1,1
matched_no_MG,2158,1,1
matched_no_MG,2159,1,1
matched_no_MG,2160,1,1
matched_no_MG,2161,1,1
matched_no_MG,2162,-1,-1
matched_no_MG,2163,1,1
matched_no_MG,2164,1,1
matched_no_MG,2165,1,1
matched_no_MG,2166,1,1
matched_no_MG,2167,-1,-1
matched_no_MG,2168,1,1
matched_no_MG,2169,1,1
matched_no_MG,2170,1,1
matched_no_MG,2171,1,1
matched_no_MG,2172,1,1
matched_no_MG,2173,-1,1
matched_no_MG,2174,-1,-1
matched_no_MG,2175,-1,-1
matched_no_MG,2176,1,1
matched_no_MG,2177,1,1
matched_no_MG,2178,1,1
matched_no_MG,2179,-1,-1
matched_no_MG,2180,-1,-1
matched_no_MG,2181,1,1
matched_no_MG,2182,1,1
matched_no_MG,2183,-1,-1
matched_no_MG,2184,1,1
matched_no_MG,2185,1,1
matched_no_MG,2186,1,1
matched_no_MG,2187,1,1
matched_no_MG,2188,1,1
matched_no_MG,2189,1,1
matched_no_MG,2190,1,1
matched_no_MG,2191,1,1
matched_no_MG,2192,1,1
matched_no_MG,2193,1,1
matched_no_MG,2194,1,1
matched_no_MG,2195,1,1
matched_no_MG,2196,1,1
matched_no_MG,2197,1,1
matched_no_MG,2198,1,1
matched_no_MG,2199,1,1
matched_no_MG,2200,1,1
matched_no_MG,2201,1,1
matched_no_MG,2202,1,1
matched_no_MG,2203,1,1
matched_no_MG,2204,1,1
matched_no_MG,2205,1,1
matched_no_MG,2206,1,1
matched_no_MG,2207,1,1
matched_no_MG,2208,-1,-1
matched_no_MG,2209,1,1
matched_no_MG,2210,-1,-1
matched_no_MG,2211,1,1
matched_no_MG,2212,-1,-1
matched_no_MG,2213,1,1
matched_no_MG,2214,1,1
matched_no_MG,2215,1,1
matched_no_MG,2216,1,1
matched_no_MG,2217,1,1
matched_no_MG,2218,1,1
matched_no_MG,2219,1,1
matched_no_MG,2220,1,1
matched_no_MG,2221,1,1
matched_no_MG,2222,-1,-1
matched_no_MG,2223,1,1
matched_no_MG,2224,1,1
matched_no_MG,2225,1,1
matched_no_MG,2226,1,1
matched_no_MG,2227,1,1
matched_no_MG,2228,1,1
matched_no_MG,2229,1,1
matched_no_MG,2230,1,1
matched_no_MG,2231,1,1
matched_no_MG,2232,-1,-1
matched_no_MG,2233,1,1
matched_no_MG,2234,1,1
matched_no_MG,2235,1,1
matched_no_MG,2236,1,1
matched_no_MG,2237,1,1
matched_no_MG,2238,1,1
matched_no_MG,2239,1,1
matched_no_MG,2240,1,1
matched_no_MG,2241,1,1
matched_no_MG,2242,1,1
matched_no_MG,2243,1,1
matched_no_MG,2244,-1,1
matched_no_MG,2245,1,1
matched_no_MG,2246,-1,1
matched_no_MG,2247,1,1
matched_no_MG,2248,1,1
matched_no_MG,2249,1,1
matched_no_MG,2250,1,1
matched_no_MG,2251,1,1
matched_no_MG,2252,1,1
matched_no_MG,2253,1,1
matched_no_MG,2254,1,1
matched_no_MG,2255,1,1
matched_no_MG,2256,1,1
matched_no_MG,2257,1,1
matched_no_MG,2258,1,1
matched_no_MG,2259,1,1
matched_no_MG,2260,1,1
matched_no_MG,2261,-1,-1
matched_no_MG,2262,-1,-1
matched_no_MG,2263,1,1
matched_no_MG,2264,1,1
matched_no_MG,2265,1,1
matched_no_MG,2266,1,1
matched_no_MG,2267,1,1
matched_no_MG,2268,-1,-1
matched_no_MG,2269,1,1
matched_no_MG,2270,1,1
matched_no_MG,2271,1,1
matched_no_MG,2272,1,1
matched_no_MG,2273,1,1
matched_no_MG,2274,1,1
matched_no_MG,2275,1,1
matched_no_MG,2276,1,1
matched_no_MG,2277,1,1
matched_no_MG,2278,-1,-1
matched_no_MG,2279,1,1
matched_no_MG,2280,1,1
matched_no_MG,2281,1,1
matched_no_MG,2282,1,1
matched_no_MG,2283,1,1
matched_no_MG,2284,1,1
matched_no_MG,2285,1,1
matched_no_MG,2286,1,1
matched_no_MG,2287,1,1
matched_no_MG,2288,1,1
matched_no_MG,2289,1,1
matched_no_MG,2290,1,1
matched_no_MG,2291,1,1
matched_no_MG,2292,1,1
matched_no_MG,2293,1,1
matched_no_MG,2294,-1,-1
matched_no_MG,2295,1,1
matched_no_MG,2296,1,1
matched_no_MG,2297,1,1
matched_no_MG,2298,1,1
matched_no_MG,2299,1,1
matched_no_MG,2300,1,1
matched_no_MG,2301,1,1
matched_no_MG,2302,1,1
matched_no_MG,2303,-1,-1
matched_no_MG,2304,1,1
matched_no_MG,2305,1,1
matched_no_MG,2306,1,1
matched_no_MG,2307,1,1
matched_no_MG,2308,1,1
matched_no_MG,2309,-1,-1
matched_no_MG,2310,-1,-1
matched_no_MG,2311,1,1
matched_no_MG,2312,1,1
matched_no_MG,2313,1,1
matched_no_MG,2314,1,1
matched_no_MG,2315,1,1
matched_no_MG,2316,-1,-1
matched_no_MG,2317,1,1
matched_no_MG,2318,1,1
matched_no_MG,2319,1,1
matched_no_MG,2320,1,1
matched_no_MG,2321,1,1
matched_no_MG,2322,1,1
matched_no_MG,2323,1,1
matched_no_MG,2324,1,1
matched_no_MG,2325,1,1
matched_no_MG,2326,1,1
matched_no_MG,2327,1,1
matched_no_MG,2328,1,1
matched_no_MG,2329,1,1
matched_no_MG,2330,1,1
matched_no_MG,2331,1,1
matched_no_MG,2332,-1,-1
matched_no_MG,2333,1,1
matched_no_MG,2334,1,1
matched_no_MG,2335,1,1
matched_no_MG,2336,1,1
matched_no_MG,2337,1,1
matched_no_MG,2338,1,1
matched_no_MG,2339,1,1
matched_no_MG,2340,1,1
matched_no_MG,2341,1,1
matched_no_MG,2342,1,1
matched_no_MG,2343,-1,-1
matched_no_MG,2344,1,1
matched_no_MG,2345,1,1
matched_no_MG,2346,-1,-1
matched_no_MG,2347,1,1
matched_no_MG,2348,1,1
matched_no_MG,2349,1,1
matched_no_MG,2350,1,1
matched_no_MG,2351,1,1
matched_no_MG,2352,1,1
matched_no_MG,2353,1,1
matched_no_MG,2354,1,1
matched_no_MG,2355,1,1
matched_no_MG,2356,-1,-1
matched_no_MG,2357,1,1
matched_no_MG,2358,1,1
matched_no_MG,2359,1,1
matched_no_MG,2360,1,1
matched_no_MG,2361,1,1
matched_no_MG,2362,1,1
matched_no_MG,2363,-1,-1
matched_no_MG,2364,1,1
matched_no_MG,2365,1,1
matched_no_MG,2366,1,1
matched_no_MG,2367,1,1
matched_no_MG,2368,1,1
matched_no_MG,2369,1,1
matched_no_MG,2370,1,1
matched_no_MG,2371,1,1
matched_no_MG,2372,1,1
matched_no_MG,2373,1,1
matched_no_MG,2374,1,1
matched_no_MG,2375,1,1
matched_no_MG,2376,1,1
matched_no_MG,2377,-1,-1
matched_no_MG,2378,1,1
matched_no_MG,2379,1,1
matched_no_MG,2380,1,1
matched_no_MG,2381,1,1
matched_no_MG,2382,1,1
matched_no_MG,2383,1,1
matched_no_MG,2384,1,1
matched_no_MG,2385,1,1
matched_no_MG,2386,-1,-1
matched_no_MG,2387,-1,-1
matched_no_MG,2388,1,1
matched_no_MG,2389,1,1
matched_no_MG,2390,1,1
matched_no_MG,2391,1,1
matched_no_MG,2392,1,1
matched_no_MG,2393,1,1
matched_no_MG,2394,1,1
matched_no_MG,2395,1,1
matched_no_MG,2396,1,1
matched_no_MG,2397,-1,-1
matched_no_MG,2398,1,1
matched_no_MG,2399,1,1
matched_no_MG,2400,1,1
matched_no_MG,2401,1,1
matched_no_MG,2402,1,1
matched_no_MG,2403,1,1
matched_no_MG,2404,1,1
matched_no_MG,2405,1,1
matched_no_MG,2406,1,1
matched_no_MG,2407,1,1
matched_no_MG,2408,1,1
matched_no_MG,2409,1,1
matched_no_MG,2410,1,1
matched_no_MG,2411,1,1
matched_no_MG,2412,1,1
matched_no_MG,2413,1,1
matched_no_MG,2414,1,1
matched_no_MG,2415,1,1
matched_no_MG,2416,1,1
matched_no_MG,2417,1,1
matched_no_MG,2418,1,1
matched_no_MG,2419,1,1
matched_no_MG,2420,1,1
matched_no_MG,2421,1,1
matched_no_MG,2422,1,1
matched_no_MG,2423,1,1
matched_no_MG,2424,1,1
matched_no_MG,2425,-1,-1
matched_no_MG,2426,1,1
matched_no_MG,2427,1,1
matched_no_MG,2428,1,1
matched_no_MG,2429,1,1
matched_no_MG,2430,1,1
matched_no_MG,2431,-1,-1
matched_no_MG,2432,1,1
matched_no_MG,2433,-1,-1
matched_no_MG,2434,1,1
matched_no_MG,2435,1,1
matched_no_MG,2436,1,1
matched_no_MG,2437,1,1
matched_no_MG,2438,1,1
matched_no_MG,2439,1,1
matched_no_MG,2440,1,1
matched_no_MG,2441,1,1
matched_no_MG,2442,1,1
matched_no_MG,2443,1,1
matched_no_MG,2444,1,1
matched_no_MG,2445,1,1
matched_no_MG,2446,1,1
matched_no_MG,2447,-1,-1
matched_no_MG,2448,1,1
matched_no_MG,2449,1,1
matched_no_MG,2450,1,1
matched_no_MG,2451,1,1
matched_no_MG,2452,1,1
matched_no_MG,2453,1,1
matched_no_MG,2454,1,1
matched_no_MG,2455,1,1
matched_no_MG,2456,1,1
matched_no_MG,2457,1,1
matched_no_MG,2458,1,1
matched_no_MG,2459,1,1
matched_no_MG,2460,1,1
matched_no_MG,2461,1,1
matched_no_MG,2462,1,1
matched_no_MG,2463,1,1
matched_no_MG,2464,1,1
matched_no_MG,2465,1,1
matched_no_MG,2466,1,1
matched_no_MG,2467,-1,-1
matched_no_MG,2468,1,1
matched_no_MG,2469,1,1
matched_no_MG,2470,1,1
matched_no_MG,2471,1,1
matched_no_MG,2472,1,1
matched_no_MG,2473,1,1
matched_no_MG,2474,1,1
matched_no_MG,2475,1,1
matched_no_MG,2476,1,1
matched_no_MG,2477,1,1
matched_no_MG,2478,-1,-1
matched_no_MG,2479,1,1
matched_no_MG,2480,1,1
matched_no_MG,2481,1,1
matched_no_MG,2482,1,1
matched_no_MG,2483,1,1
matched_no_MG,2484,1,1
matched_no_MG,2485,-1,-1
matched_no_MG,2486,1,1
matched_no_MG,2487,-1,-1
matched_no_MG,2488,1,1
matched_no_MG,2489,1,1
matched_no_MG,2490,1,1
matched_no_MG,2491,1,1
matched_no_MG,2492,1,1
matched_no_MG,2493,1,1
matched_no_MG,2494,1,1
matched_no_MG,2495,1,1
matched_no_MG,2496,1,1
matched_no_MG,2497,1,1
matched_no_MG,2498,1,1
matched_no_MG,2499,1,1
matched_no_MG,2500,1,1
matched_no_MG,2501,1,1
matched_no_MG,2502,1,1
matched_no_MG,2503,1,1
matched_no_MG,2504,1,1
matched_no_MG,2505,1,1
matched_no_MG,2506,1,1
matched_no_MG,2507,1,1
matched_no_MG,2508,1,1
matched_no_MG,2509,1,1
matched_no_MG,2510,1,1
matched_no_MG,2511,1,1
matched_no_MG,2512,1,1
matched_no_MG,2513,1,1
matched_no_MG,2514,1,1
matched_no_MG,2515,1,1
matched_no_MG,2516,1,1
matched_no_MG,2517,1,1
matched_no_MG,2518,1,1
matched_no_MG,2519,1,1
matched_no_MG,2520,-1,-1
matched_no_MG,2521,1,1
matched_no_MG,2522,1,1
matched_no_MG,2523,1,1
matched_no_MG,2524,1,1
matched_no_MG,2525,1,1
matched_no_MG,2526,1,1
matched_no_MG,2527,1,1
matched_no_MG,2528,1,1
matched_no_MG,2529,1,1
matched_no_MG,2530,1,1
matched_no_MG,2531,1,1
matched_no_MG,2532,-1,-1
matched_no_MG,2533,-1,-1
matched_no_MG,2534,1,1
matched_no_MG,2535,-1,-1
matched_no_MG,2536,1,1
matched_no_MG,2537,1,1
matched_no_MG,2538,1,1
matched_no_MG,2539,1,1
matched_no_MG,2540,1,1
matched_no_MG,2541,1,1
matched_no_MG,2542,1,1
matched_no_MG,2543,1,1
matched_no_MG,2544,1,1
matched_no_MG,2545,1,1
matched_no_MG,2546,1,1
matched_no_MG,2547,1,1
matched_no_MG,2548,1,1
matched_no_MG,2549,1,1
matched_no_MG,2550,1,1
matched_no_MG,2551,1,1
matched_no_MG,2552,-1,-1
matched_no_MG,2553,1,1
matched_no_MG,2554,1,1
matched_no_MG,2555,1,1
matched_no_MG,2556,1,1
matched_no_MG,2557,1,1
matched_no_MG,2558,-1,-1
matched_no_MG,2559,-1,-1
matched_no_MG,2560,1,1
matched_no_MG,2561,-1,-1
matched_no_MG,2562,1,1
matched_no_MG,2563,1,1
matched_no_MG,2564,1,1
matched_no_MG,2565,1,1
matched_no_MG,2566,-1,-1
matched_no_MG,2567,1,1
matched_no_MG,2568,-1,-1
matched_no_MG,2569,1,1
matched_no_MG,2570,1,1
matched_no_MG,2571,1,1
matched_no_MG,2572,1,1
matched_no_MG,2573,-1,-1
matched_no_MG,2574,1,1
matched_no_MG,2575,1,1
matched_no_MG,2576,1,1
matched_no_MG,2577,1,1
matched_no_MG,2578,1,1
matched_no_MG,2579,1,1
matched_no_MG,2580,-1,-1
matched_no_MG,2581,1,1
matched_no_MG,2582,1,1
matched_no_MG,2583,1,1
matched_no_MG,2584,1,1
matched_no_MG,2585,1,1
matched_no_MG,2586,1,1
matched_no_MG,2587,1,1
matched_no_MG,2588,1,1
matched_no_MG,2589,1,1
matched_no_MG,2590,1,1
matched_no_MG,2591,1,1
matched_no_MG,2592,1,1
matched_no_MG,2593,1,1
matched_no_MG,2594,1,1
matched_no_MG,2595,1,1
matched_no_MG,2596,1,1
matched_no_MG,2597,1,1
matched_no_MG,2598,1,1
matched_no_MG,2599,1,1
matched_no_MG,2600,-1,-1
matched_no_MG,2601,1,1
matched_no_MG,2602,1,1
matched_no_MG,2603,1,1
matched_no_MG,2604,1,1
matched_no_MG,2605,1,1
matched_no_MG,2606,1,1
matched_no_MG,2607,1,1
matched_no_MG,2608,1,1
matched_no_MG,2609,1,1
matched_no_MG,2610,1,1
matched_no_MG,2611,1,1
matched_no_MG,2612,-1,-1
matched_no_MG,2613,1,1
matched_no_MG,2614,1,1
matched_no_MG,2615,1,1
matched_no_MG,2616,1,1
matched_no_MG,2617,1,1
matched_no_MG,2618,1,1
matched_no_MG,2619,1,1
matched_no_MG,2620,1,1
matched_no_MG,2621,1,1
matched_no_MG,2622,1,1
matched_no_MG,2623,1,1
matched_no_MG,2624,1,1
matched_no_MG,2625,-1,-1
matched_no_MG,2626,1,1
matched_no_MG,2627,1,1
matched_no_MG,2628,1,1
matched_no_MG,2629,1,1
matched_no_MG,2630,1,1
matched_no_MG,2631,1,1
matched_no_MG,2632,1,1
matched_no_MG,2633,1,1
matched_no_MG,2634,1,1
matched_no_MG,2635,1,1
matched_no_MG,2636,1,1
matched_no_MG,2637,1,1
matched_no_MG,2638,1,1
matched_no_MG,2639,1,1
matched_no_MG,2640,1,1
matched_no_MG,2641,1,1
matched_no_MG,2642,1,1
matched_no_MG,2643,1,1
matched_no_MG,2644,-1,-1
matched_no_MG,2645,1,1
matched_no_MG,2646,-1,-1
matched_no_MG,2647,1,1
matched_no_MG,2648,1,1
matched_no_MG,2649,1,1
matched_no_MG,2650,1,1
matched_no_MG,2651,1,1
matched_no_MG,2652,1,1
matched_no_MG,2653,1,1
matched_no_MG,2654,1,1
matched_no_MG,2655,1,1
matched_no_MG,2656,1,1
matched_no_MG,2657,1,1
matched_no_MG,2658,1,1
matched_no_MG,2659,1,1
matched_no_MG,2660,1,1
matched_no_MG,2661,-1,-1
matched_no_MG,2662,1,1
matched_no_MG,2663,1,1
matched_no_MG,2664,-1,-1
matched_no_MG,2665,1,1
matched_no_MG,2666,1,1
matched_no_MG,2667,1,1
matched_no_MG,2668,1,1
matched_no_MG,2669,1,1
matched_no_MG,2670,1,1
matched_no_MG,2671,1,1
matched_no_MG,2672,1,1
matched_no_MG,2673,1,1
matched_no_MG,2674,-1,-1
matched_no_MG,2675,1,1
matched_no_MG,2676,1,1
matched_no_MG,2677,1,1
matched_no_MG,2678,1,1
matched_no_MG,2679,1,1
matched_no_MG,2680,1,1
matched_no_MG,2681,1,1
matched_no_MG,2682,1,1
matched_no_MG,2683,1,1
matched_no_MG,2684,1,1
matched_no_MG,2685,1,1
matched_no_MG,2686,1,1
matched_no_MG,2687,1,1
matched_no_MG,2688,1,1
matched_no_MG,2689,1,1
matched_no_MG,2690,1,1
matched_no_MG,2691,1,1
matched_no_MG,2692,1,1
matched_no_MG,2693,1,1
matched_no_MG,2694,1,1
matched_no_MG,2695,1,1
matched_no_MG,2696,1,1
matched_no_MG,2697,1,1
matched_no_MG,2698,1,1
matched_no_MG,2699,-1,-1
matched_no_MG,2700,1,1
matched_no_MG,2701,1,1
matched_no_MG,2702,1,1
matched_no_MG,2703,1,1
matched_no_MG,2704,1,1
matched_no_MG,2705,1,1
matched_no_MG,2706,1,1
matched_no_MG,2707,1,1
matched_no_MG,2708,1,1
matched_no_MG,2709,-1,-1
matched_no_MG,2710,1,1
matched_no_MG,2711,1,1
matched_no_MG,2712,1,1
matched_no_MG,2713,1,1
matched_no_MG,2714,-1,-1
matched_no_MG,2715,-1,-1
matched_no_MG,2716,-1,-1
matched_no_MG,2717,1,1
matched_no_MG,2718,1,1
matched_no_MG,2719,1,1
matched_no_MG,2720,-1,-1
matched_no_MG,2721,1,1
matched_no_MG,2722,1,1
matched_no_MG,2723,1,1
matched_no_MG,2724,1,1
matched_no_MG,2725,1,1
matched_no_MG,2726,1,1
matched_no_MG,2727,1,1
matched_no_MG,2728,1,1
matched_no_MG,2729,1,1
matched_no_MG,2730,1,1
matched_no_MG,2731,1,1
matched_no_MG,2732,1,1
matched_no_MG,2733,1,1
matched_no_MG,2734,1,1
matched_no_MG,2735,1,1
matched_no_MG,2736,-1,-1
matched_no_MG,2737,1,1
matched_no_MG,2738,1,1
matched_no_MG,2739,-1,-1
matched_no_MG,2740,1,1
matched_no_MG,2741,1,1
matched_no_MG,2742,1,1
matched_no_MG,2743,1,1
matched_no_MG,2744,-1,-1
matched_no_MG,2745,1,1
matched_no_MG,2746,1,1
matched_no_MG,2747,1,1
matched_no_MG,2748,1,1
matched_no_MG,2749,1,1
matched_no_MG,2750,1,1
matched_no_MG,2751,1,1
matched_no_MG,2752,1,1
matched_no_MG,2753,1,1
matched_no_MG,2754,1,1
matched_no_MG,2755,1,1
matched_no_MG,2756,1,1
matched_no_MG,2757,1,1
matched_no_MG,2758,1,1
matched_no_MG,2759,1,1
matched_no_MG,2760,1,1
matched_no_MG,2761,1,1
matched_no_MG,2762,1,1
matched_no_MG,2763,1,1
matched_no_MG,2764,1,1
matched_no_MG,2765,1,1
matched_no_MG,2766,1,1
matched_no_MG,2767,1,1
matched_no_MG,2768,1,1
matched_no_MG,2769,1,1
matched_no_MG,2770,1,1
matched_no_MG,2771,1,1
matched_no_MG,2772,1,1
matched_no_MG,2773,1,1
matched_no_MG,2774,1,1
matched_no_MG,2775,1,1
matched_no_MG,2776,1,1
matched_no_MG,2777,-1,-1
matched_no_MG,2778,1,1
matched_no_MG,2779,1,1
matched_no_MG,2780,1,1
matched_no_MG,2781,1,1
matched_no_MG,2782,1,1
matched_no_MG,2783,1,1
matched_no_MG,2784,1,1
matched_no_MG,2785,1,1
matched_no_MG,2786,1,1
matched_no_MG,2787,-1,-1
matched_no_MG,2788,1,1
matched_no_MG,2789,1,1
matched_no_MG,2790,1,1
matched_no_MG,2791,-1,-1
matched_no_MG,2792,1,1
matched_no_MG,2793,1,1
matched_no_MG,2794,1,1
matched_no_MG,2795,1,1
matched_no_MG,2796,1,1
matched_no_MG,2797,1,1
matched_no_MG,2798,1,1
matched_no_MG,2799,1,1
matched_no_MG,2800,1,1
matched_no_MG,2801,1,1
matched_no_MG,2802,-1,-1
matched_no_MG,2803,1,1
matched_no_MG,2804,1,1
matched_no_MG,2805,1,1
matched_no_MG,2806,1,1
matched_no_MG,2807,1,1
matched_no_MG,2808,1,1
matched_no_MG,2809,1,1
matched_no_MG,2810,1,1
matched_no_MG,2811,1,1
matched_no_MG,2812,1,1
matched_no_MG,2813,1,1
matched_no_MG,2814,1,1
matched_no_MG,2815,1,1
matched_no_MG,2816,1,1
matched_no_MG,2817,-1,-1
matched_no_MG,2818,-1,-1
matched_no_MG,2819,1,1
matched_no_MG,2820,1,1
matched_no_MG,2821,1,1
matched_no_MG,2822,1,1
matched_no_MG,2823,1,1
matched_no_MG,2824,1,1
matched_no_MG,2825,1,1
matched_no_MG,2826,1,1
matched_no_MG,2827,1,1
matched_no_MG,2828,1,1
matched_no_MG,2829,1,1
matched_no_MG,2830,1,1
matched_no_MG,2831,1,1
matched_no_MG,2832,1,1
matched_no_MG,2833,1,1
matched_no_MG,2834,1,1
matched_no_MG,2835,1,1
matched_no_MG,2836,-1,-1
matched_no_MG,2837,1,1
matched_no_MG,2838,1,1
matched_no_MG,2839,1,1
matched_no_MG,2840,1,1
matched_no_MG,2841,1,1
matched_no_MG,2842,1,1
matched_no_MG,2843,1,1
matched_no_MG,2844,1,1
matched_no_MG,2845,1,1
matched_no_MG,2846,-1,-1
matched_no_MG,2847,1,1
matched_no_MG,2848,-1,-1
matched_no_MG,2849,-1,-1
matched_no_MG,2850,1,1
matched_no_MG,2851,1,1
matched_no_MG,2852,1,1
matched_no_MG,2853,1,1
matched_no_MG,2854,1,1
matched_no_MG,2855,1,1
matched_no_MG,2856,1,1
matched_no_MG,2857,1,1
matched_no_MG,2858,1,1
matched_no_MG,2859,1,1
matched_no_MG,2860,1,1
matched_no_MG,2861,1,1
matched_no_MG,2862,1,1
matched_no_MG,2863,1,1
matched_no_MG,2864,1,1
matched_no_MG,2865,1,1
matched_no_MG,2866,1,1
matched_no_MG,2867,1,1
matched_no_MG,2868,1,1
matched_no_MG,2869,1,1
matched_no_MG,2870,1,1
matched_no_MG,2871,1,1
matched_no_MG,2872,1,1
matched_no_MG,2873,1,1
matched_no_MG,2874,1,1
matched_no_MG,2875,1,1
matched_no_MG,2876,-1,-1
matched_no_MG,2877,1,1
matched_no_MG,2878,1,1
matched_no_MG,2879,1,1
matched_no_MG,2880,1,1
matched_no_MG,2881,1,1
matched_no_MG,2882,1,1
matched_no_MG,2883,1,1
matched_no_MG,2884,1,1
matched_no_MG,2885,1,1
matched_no_MG,2886,1,1
matched_no_MG,2887,1,1
matched_no_MG,2888,1,1
matched_no_MG,2889,1,1
matched_no_MG,2890,-1,-1
matched_no_MG,2891,1,1
matched_no_MG,2892,1,1
matched_no_MG,2893,-1,-1
matched_no_MG,2894,1,1
matched_no_MG,2895,1,1
matched_no_MG,2896,1,1
matched_no_MG,2897,1,1
matched_no_MG,2898,1,1
matched_no_MG,2899,1,1
matched_no_MG,2900,1,1
matched_no_MG,2901,1,1
matched_no_MG,2902,1,1
matched_no_MG,2903,1,1
matched_no_MG,2904,1,1
matched_no_MG,2905,1,1
matched_no_MG,2906,1,1
matched_no_MG,2907,1,1
matched_no_MG,2908,1,1
matched_no_MG,2909,1,1
matched_no_MG,2910,1,1
matched_no_MG,2911,1,1
matched_no_MG,2912,1,1
matched_no_MG,2913,1,1
matched_no_MG,2914,1,1
matched_no_MG,2915,-1,-1
matched_no_MG,2916,1,1
matched_no_MG,2917,1,1
matched_no_MG,2918,1,1
matched_no_MG,2919,-1,-1
matched_no_MG,2920,1,1
matched_no_MG,2921,1,1
matched_no_MG,2922,1,1
matched_no_MG,2923,1,1
matched_no_MG,2924,1,1
matched_no_MG,2925,1,1
matched_no_MG,2926,1,1
matched_no_MG,2927,1,1
matched_no_MG,2928,1,1
matched_no_MG,2929,1,1
matched_no_MG,2930,1,1
matched_no_MG,2931,1,1
matched_no_MG,2932,1,1
matched_no_MG,2933,1,1
matched_no_MG,2934,1,1
matched_no_MG,2935,-1,-1
matched_no_MG,2936,1,1
matched_no_MG,2937,1,1
matched_no_MG,2938,1,1
matched_no_MG,2939,1,1
matched_no_MG,2940,1,1
matched_no_MG,2941,1,1
matched_no_MG,2942,1,1
matched_no_MG,2943,1,1
matched_no_MG,2944,1,1
matched_no_MG,2945,1,1
matched_no_MG,2946,1,1
matched_no_MG,2947,1,1
matched_no_MG,2948,1,1
matched_no_MG,2949,1,1
matched_no_MG,2950,1,1
matched_no_MG,2951,1,1
matched_no_MG,2952,-1,-1
matched_no_MG,2953,1,1
matched_no_MG,2954,1,1
matched_no_MG,2955,1,1
matched_no_MG,2956,1,1
matched_no_MG,2957,1,1
matched_no_MG,2958,1,1
matched_no_MG,2959,1,1
matched_no_MG,2960,1,1
matched_no_MG,2961,1,1
matched_no_MG,2962,1,1
matched_no_MG,2963,1,1
matched_no_MG,2964,1,1
matched_no_MG,2965,1,1
matched_no_MG,2966,1,1
matched_no_MG,2967,1,1
matched_no_MG,2968,1,1
matched_no_MG,2969,1,1
matched_no_MG,2970,-1,1
matched_no_MG,2971,1,1
matched_no_MG,2972,1,1
matched_no_MG,2973,1,1
matched_no_MG,2974,1,1
matched_no_MG,2975,-1,-1
matched_no_MG,2976,1,1
matched_no_MG,2977,-1,-1
matched_no_MG,2978,1,1
matched_no_MG,2979,1,1
matched_no_MG,2980,1,1
matched_no_MG,2981,-1,-1
matched_no_MG,2982,1,1
matched_no_MG,2983,-1,-1
matched_no_MG,2984,1,1
matched_no_MG,2985,1,1
matched_no_MG,2986,1,1
matched_no_MG,2987,-1,-1
matched_no_MG,2988,1,1
matched_no_MG,2989,1,1
matched_no_MG,2990,1,1
matched_no_MG,2991,1,1
matched_no_MG,2992,1,1
matched_no_MG,2993,1,1
matched_no_MG,2994,1,1
matched_no_MG,2995,1,1
matched_no_MG,2996,1,1
matched_no_MG,2997,1,1
matched_no_MG,2998,1,1
matched_no_MG,2999,1,1
matched_no_MG,3000,1,1
matched_no_MG,3001,1,1
matched_no_MG,3002,1,1
matched_no_MG,3003,1,1
matched_no_MG,3004,-1,-1
matched_no_MG,3005,1,1
matched_no_MG,3006,1,1
matched_no_MG,3007,-1,-1
matched_no_MG,3008,1,1
matched_no_MG,3009,1,1
matched_no_MG,3010,1,1
matched_no_MG,3011,1,1
matched_no_MG,3012,-1,-1
matched_no_MG,3013,1,1
matched_no_MG,3014,1,1
matched_no_MG,3015,1,1
matched_no_MG,3016,1,1
matched_no_MG,3017,1,1
matched_no_MG,3018,1,1
matched_no_MG,3019,1,1
matched_no_MG,3020,-1,-1
matched_no_MG,3021,1,1
matched_no_MG,3022,1,1
matched_no_MG,3023,-1,-1
matched_no_MG,3024,1,1
matched_no_MG,3025,1,1
matched_no_MG,3026,1,1
matched_no_MG,3027,-1,-1
matched_no_MG,3028,1,1
matched_no_MG,3029,-1,-1
matched_no_MG,3030,1,1
matched_no_MG,3031,-1,-1
matched_no_MG,3032,1,1
matched_no_MG,3033,1,1
matched_no_MG,3034,1,1
matched_no_MG,3035,1,1
matched_no_MG,3036,-1,-1
matched_no_MG,3037,-1,-1
matched_no_MG,3038,1,1
matched_no_MG,3039,1,1
matched_no_MG,3040,-1,-1
matched_no_MG,3041,1,1
matched_no_MG,3042,1,1
matched_no_MG,3043,1,1
matched_no_MG,3044,1,1
matched_no_MG,3045,1,1
matched_no_MG,3046,1,1
matched_no_MG,3047,1,1
matched_no_MG,3048,-1,-1
matched_no_MG,3049,1,1
matched_no_MG,3050,1,1
matched_no_MG,3051,1,1
matched_no_MG,3052,1,1
matched_no_MG,3053,1,1
matched_no_MG,3054,1,1
matched_no_MG,3055,1,1
matched_no_MG,3056,1,1
matched_no_MG,3057,1,1
matched_no_MG,3058,1,1
matched_no_MG,3059,1,1
matched_no_MG,3060,1,1
matched_no_MG,3061,1,1
matched_no_MG,3062,1,1
matched_no_MG,3063,1,1
matched_no_MG,3064,1,1
matched_no_MG,3065,1,1
matched_no_MG,3066,-1,-1
matched_no_MG,3067,1,1
matched_no_MG,3068,1,1
matched_no_MG,3069,1,1
matched_no_MG,3070,1,1
matched_no_MG,3071,1,1
matched_no_MG,3072,1,1
matched_no_MG,3073,1,1
matched_no_MG,3074,1,1
matched_no_MG,3075,1,1
matched_no_MG,3076,1,1
matched_no_MG,3077,1,1
matched_no_MG,3078,1,1
matched_no_MG,3079,1,1
matched_no_MG,3080,1,1
matched_no_MG,3081,1,1
matched_no_MG,3082,1,1
matched_no_MG,3083,1,1
matched_no_MG,3084,1,1
matched_no_MG,3085,1,1
matched_no_MG,3086,1,1
matched_no_MG,3087,1,1
matched_no_MG,3088,1,1
matched_no_MG,3089,1,1
matched_no_MG,3090,1,1
matched_no_MG,3091,1,1
matched_no_MG,3092,1,1
matched_no_MG,3093,1,1
matched_no_MG,3094,1,1
matched_no_MG,3095,1,1
matched_no_MG,3096,1,1
matched_no_MG,3097,1,1
matched_no_MG,3098,-1,-1
matched_no_MG,3099,1,1
matched_no_MG,3100,1,1
matched_no_MG,3101,1,1
matched_no_MG,3102,-1,-1
matched_no_MG,3103,1,1
matched_no_MG,3104,1,1
matched_no_MG,3105,1,1
matched_no_MG,3106,1,1
matched_no_MG,3107,1,1
matched_no_MG,3108,1,1
matched_no_MG,3109,1,1
matched_no_MG,3110,1,1
matched_no_MG,3111,1,1
matched_no_MG,3112,1,1
matched_no_MG,3113,1,1
matched_no_MG,3114,1,1
matched_no_MG,3115,1,1
matched_no_MG,3116,1,1
matched_no_MG,3117,1,1
matched_no_MG,3118,1,1
matched_no_MG,3119,-1,-1
matched_no_MG,3120,1,1
matched_no_MG,3121,1,1
matched_no_MG,3122,1,1
matched_no_MG,3123,-1,-1
matched_no_MG,3124,1,1
matched_no_MG,3125,1,1
matched_no_MG,3126,1,1
matched_no_MG,3127,1,1
matched_no_MG,3128,1,1
matched_no_MG,3129,1,1
matched_no_MG,3130,1,1
matched_no_MG,3131,1,1
matched_no_MG,3132,1,1
matched_no_MG,3133,1,1
matched_no_MG,3134,1,1
matched_no_MG,3135,1,1
matched_no_MG,3136,1,1
matched_no_MG,3137,1,1
matched_no_MG,3138,1,1
matched_no_MG,3139,1,1
matched_no_MG,3140,1,1
matched_no_MG,3141,1,1
matched_no_MG,3142,1,1
matched_no_MG,3143,1,1
matched_no_MG,3144,1,1
matched_no_MG,3145,1,1
matched_no_MG,3146,1,1
matched_no_MG,3147,1,1
matched_no_MG,3148,1,1
matched_no_MG,3149,1,1
matched_no_MG,3150,1,1
matched_no_MG,3151,-1,-1
matched_no_MG,3152,1,1
matched_no_MG,3153,1,1
matched_no_MG,3154,1,1
matched_no_MG,3155,-1,-1
matched_no_MG,3156,1,1
matched_no_MG,3157,1,1
matched_no_MG,3158,-1,-1
matched_no_MG,3159,1,1
matched_no_MG,3160,1,1
matched_no_MG,3161,1,1
matched_no_MG,3162,1,1
matched_no_MG,3163,1,1
matched_no_MG,3164,1,1
matched_no_MG,3165,1,1
matched_no_MG,3166,1,1
matched_no_MG,3167,1,1
matched_no_MG,3168,1,1
matched_no_MG,3169,1,1
matched_no_MG,3170,1,1
matched_no_MG,3171,1,1
matched_no_MG,3172,1,1
matched_no_MG,3173,1,1
matched_no_MG,3174,1,1
matched_no_MG,3175,1,1
matched_no_MG,3176,1,1
matched_no_MG,3177,1,1
matched_no_MG,3178,1,1
matched_no_MG,3179,1,1
matched_no_MG,3180,-1,-1
matched_no_MG,3181,1,1
matched_no_MG,3182,1,1
matched_no_MG,3183,1,1
matched_no_MG,3184,1,1
matched_no_MG,3185,1,1
matched_no_MG,3186,1,1
matched_no_MG,3187,1,1
matched_no_MG,3188,1,1
matched_no_MG,3189,1,1
matched_no_MG,3190,1,1
matched_no_MG,3191,1,1
matched_no_MG,3192,1,1
matched_no_MG,3193,1,1
matched_no_MG,3194,1,1
matched_no_MG,3195,1,1
matched_no_MG,3196,-1,-1
matched_no_MG,3197,1,1
matched_no_MG,3198,1,1
matched_no_MG,3199,1,1
matched_no_MG,3200,1,1
matched_no_MG,3201,-1,-1
matched_no_MG,3202,1,1
matched_no_MG,3203,1,1
matched_no_MG,3204,1,1
matched_no_MG,3205,-1,-1
matched_no_MG,3206,1,1
matched_no_MG,3207,1,1
matched_no_MG,3208,1,1
matched_no_MG,3209,1,1
matched_no_MG,3210,-1,-1
matched_no_MG,3211,1,1
matched_no_MG,3212,1,1
matched_no_MG,3213,1,1
matched_no_MG,3214,1,1
matched_no_MG,3215,1,1
matched_no_MG,3216,-1,-1
matched_no_MG,3217,-1,-1
matched_no_MG,3218,1,1
matched_no_MG,3219,1,1
matched_no_MG,3220,1,1
matched_no_MG,3221,1,1
matched_no_MG,3222,1,1
matched_no_MG,3223,-1,-1
matched_no_MG,3224,-1,-1
matched_no_MG,3225,1,1
matched_no_MG,3226,1,1
matched_no_MG,3227,1,1
matched_no_MG,3228,1,1
matched_no_MG,3229,1,1
matched_no_MG,3230,1,1
matched_no_MG,3231,-1,-1
matched_no_MG,3232,1,1
matched_no_MG,3233,1,1
matched_no_MG,3234,1,1
matched_no_MG,3235,1,1
matched_no_MG,3236,1,1
matched_no_MG,3237,1,1
matched_no_MG,3238,1,1
matched_no_MG,3239,1,1
matched_no_MG,3240,1,1
matched_no_MG,3241,1,1
matched_no_MG,3242,1,1
matched_no_MG,3243,1,1
matched_no_MG,3244,1,1
matched_no_MG,3245,1,1
matched_no_MG,3246,1,1
matched_no_MG,3247,1,1
matched_no_MG,3248,1,1
matched_no_MG,3249,1,1
matched_no_MG,3250,1,1
matched_no_MG,3251,1,1
matched_no_MG,3252,1,1
matched_no_MG,3253,-1,-1
matched_no_MG,3254,1,1
matched_no_MG,3255,-1,-1
matched_no_MG,3256,1,1
matched_no_MG,3257,1,1
matched_no_MG,3258,1,1
matched_no_MG,3259,1,1
matched_no_MG,3260,1,1
matched_no_MG,3261,1,1
matched_no_MG,3262,-1,-1
matched_no_MG,3263,1,1
matched_no_MG,3264,1,1
matched_no_MG,3265,1,1
matched_no_MG,3266,1,1
matched_no_MG,3267,1,1
matched_no_MG,3268,1,1
matched_no_MG,3269,1,1
matched_no_MG,3270,1,1
matched_no_MG,3271,-1,-1
matched_no_MG,3272,1,1
matched_no_MG,3273,1,1
matched_no_MG,3274,1,1
matched_no_MG,3275,1,1
matched_no_MG,3276,1,1
matched_no_MG,3277,1,1
matched_no_MG,3278,1,1
matched_no_MG,3279,1,1
matched_no_MG,3280,-1,-1
matched_no_MG,3281,1,1
matched_no_MG,3282,1,1
matched_no_MG,3283,1,1
matched_no_MG,3284,1,1
matched_no_MG,3285,-1,-1
matched_no_MG,3286,1,1
matched_no_MG,3287,1,1
matched_no_MG,3288,1,1
matched_no_MG,3289,1,1
matched_no_MG,3290,1,1
matched_no_MG,3291,1,1
matched_no_MG,3292,1,1
matched_no_MG,3293,1,1
matched_no_MG,3294,-1,-1
matched_no_MG,3295,1,1
matched_no_MG,3296,-1,-1
matched_no_MG,3297,1,1
matched_no_MG,3298,1,1
matched_no_MG,3299,1,1
matched_no_MG,3300,1,1
matched_no_MG,3301,1,1
matched_no_MG,3302,-1,-1
matched_no_MG,3303,1,1
matched_no_MG,3304,1,1
matched_no_MG,3305,1,1
matched_no_MG,3306,-1,-1
matched_no_MG,3307,-1,-1
matched_no_MG,3308,1,1
matched_no_MG,3309,1,1
matched_no_MG,3310,1,1
matched_no_MG,3311,1,1
matched_no_MG,3312,1,1
matched_no_MG,3313,1,1
matched_no_MG,3314,1,1
matched_no_MG,3315,1,1
matched_no_MG,3316,1,1
matched_no_MG,3317,-1,-1
matched_no_MG,3318,1,1
matched_no_MG,3319,1,1
matched_no_MG,3320,1,1
matched_no_MG,3321,-1,-1
matched_no_MG,3322,1,1
matched_no_MG,3323,1,1
matched_no_MG,3324,1,1
matched_no_MG,3325,1,1
matched_no_MG,3326,1,1
matched_no_MG,3327,1,1
matched_no_MG,3328,-1,-1
matched_no_MG,3329,1,1
matched_no_MG,3330,1,1
matched_no_MG,3331,1,1
matched_no_MG,3332,1,1
matched_no_MG,3333,1,1
matched_no_MG,3334,1,1
matched_no_MG,3335,1,1
matched_no_MG,3336,1,1
matched_no_MG,3337,1,1
matched_no_MG,3338,1,1
matched_no_MG,3339,1,1
matched_no_MG,3340,1,1
matched_no_MG,3341,1,1
matched_no_MG,3342,1,1
matched_no_MG,3343,1,1
matched_no_MG,3344,1,1
matched_no_MG,3345,1,1
matched_no_MG,3346,1,1
matched_no_MG,3347,1,1
matched_no_MG,3348,1,1
matched_no_MG,3349,1,1
matched_no_MG,3350,1,1
matched_no_MG,3351,1,1
matched_no_MG,3352,1,1
matched_no_MG,3353,1,1
matched_no_MG,3354,1,1
matched_no_MG,3355,-1,-1
matched_no_MG,3356,1,1
matched_no_MG,3357,1,1
matched_no_MG,3358,1,1
matched_no_MG,3359,1,1
matched_no_MG,3360,1,1
matched_no_MG,3361,1,1
matched_no_MG,3362,1,1
matched_no_MG,3363,-1,-1
matched_no_MG,3364,1,1
matched_no_MG,3365,1,1
matched_no_MG,3366,1,1
matched_no_MG,3367,1,1
matched_no_MG,3368,1,1
matched_no_MG,3369,1,1
matched_no_MG,3370,1,1
matched_no_MG,3371,1,1
matched_no_MG,3372,-1,-1
matched_no_MG,3373,-1,-1
matched_no_MG,3374,1,1
matched_no_MG,3375,1,1
matched_no_MG,3376,1,1
matched_no_MG,3377,1,1
matched_no_MG,3378,1,1
matched_no_MG,3379,1,1
matched_no_MG,3380,1,1
matched_no_MG,3381,1,1
matched_no_MG,3382,1,1
matched_no_MG,3383,-1,-1
matched_no_MG,3384,1,1
matched_no_MG,3385,1,1
matched_no_MG,3386,1,1
matched_no_MG,3387,1,1
matched_no_MG,3388,1,1
matched_no_MG,3389,1,1
matched_no_MG,3390,1,1
matched_no_MG,3391,1,1
matched_no_MG,3392,1,1
matched_no_MG,3393,1,1
matched_no_MG,3394,-1,-1
matched_no_MG,3395,1,1
matched_no_MG,3396,-1,-1
matched_no_MG,3397,-1,-1
matched_no_MG,3398,-1,-1
matched_no_MG,3399,-1,-1
matched_no_MG,3400,1,1
matched_no_MG,3401,1,1
matched_no_MG,3402,1,1
matched_no_MG,3403,1,1
matched_no_MG,3404,1,1
matched_no_MG,3405,1,1
matched_no_MG,3406,1,1
matched_no_MG,3407,1,1
matched_no_MG,3408,1,1
matched_no_MG,3409,1,1
matched_no_MG,3410,1,1
matched_no_MG,3411,1,1
matched_no_MG,3412,1,1
matched_no_MG,3413,1,1
matched_no_MG,3414,1,1
matched_no_MG,3415,1,1
matched_no_MG,3416,1,1
matched_no_MG,3417,1,1
matched_no_MG,3418,1,1
matched_no_MG,3419,1,1
matched_no_MG,3420,1,1
matched_no_MG,3421,1,1
matched_no_MG,3422,1,1
matched_no_MG,3423,1,1
matched_no_MG,3424,1,1
matched_no_MG,3425,1,1
matched_no_MG,3426,-1,-1
matched_no_MG,3427,1,1
matched_no_MG,3428,1,1
matched_no_MG,3429,1,1
matched_no_MG,3430,1,1
matched_no_MG,3431,1,1
matched_no_MG,3432,1,1
matched_no_MG,3433,1,1
matched_no_MG,3434,1,1
matched_no_MG,3435,1,1
matched_no_MG,3436,1,1
matched_no_MG,3437,1,1
matched_no_MG,3438,1,1
matched_no_MG,3439,1,1
matched_no_MG,3440,-1,1
matched_no_MG,3441,1,1
matched_no_MG,3442,1,1
matched_no_MG,3443,1,1
matched_no_MG,3444,1,1
matched_no_MG,3445,1,1
matched_no_MG,3446,-1,-1
matched_no_MG,3447,1,1
matched_no_MG,3448,1,1
matched_no_MG,3449,-1,-1
matched_no_MG,3450,1,1
matched_no_MG,3451,1,1
matched_no_MG,3452,1,1
matched_no_MG,3453,1,1
matched_no_MG,3454,1,1
matched_no_MG,3455,1,1
matched_no_MG,3456,1,1
matched_no_MG,3457,-1,-1
matched_no_MG,3458,1,1
matched_no_MG,3459,1,1
matched_no_MG,3460,1,1
matched_no_MG,3461,1,1
matched_no_MG,3462,1,1
matched_no_MG,3463,1,1
matched_no_MG,3464,1,1
matched_no_MG,3465,-1,-1
matched_no_MG,3466,1,1
matched_no_MG,3467,1,1
matched_no_MG,3468,-1,-1
matched_no_MG,3469,1,1
matched_no_MG,3470,1,1
matched_no_MG,3471,1,1
matched_no_MG,3472,1,1
matched_no_MG,3473,1,1
matched_no_MG,3474,1,1
matched_no_MG,3475,1,1
matched_no_MG,3476,-1,-1
matched_no_MG,3477,1,1
matched_no_MG,3478,1,1
matched_no_MG,3479,1,1
matched_no_MG,3480,1,1
matched_no_MG,3481,1,1
matched_no_MG,3482,1,1
matched_no_MG,3483,1,1
matched_no_MG,3484,1,1
matched_no_MG,3485,1,1
matched_no_MG,3486,1,1
matched_no_MG,3487,1,1
matched_no_MG,3488,1,1
matched_no_MG,3489,-1,-1
matched_no_MG,3490,1,1
matched_no_MG,3491,-1,-1
matched_no_MG,3492,1,1
matched_no_MG,3493,1,1
matched_no_MG,3494,1,1
matched_no_MG,3495,1,1
matched_no_MG,3496,1,1
matched_no_MG,3497,1,1
matched_no_MG,3498,1,1
matched_no_MG,3499,1,1
matched_no_MG,3500,1,1
matched_no_MG,3501,-1,-1
matched_no_MG,3502,1,1
matched_no_MG,3503,1,1
matched_no_MG,3504,1,1
matched_no_MG,3505,1,1
matched_no_MG,3506,1,1
matched_no_MG,3507,1,1
matched_no_MG,3508,1,1
matched_no_MG,3509,1,1
matched_no_MG,3510,1,1
matched_no_MG,3511,1,1
matched_no_MG,3512,1,1
matched_no_MG,3513,1,1
matched_no_MG,3514,1,1
matched_no_MG,3515,1,1
matched_no_MG,3516,1,1
matched_no_MG,3517,1,1
matched_no_MG,3518,1,1
matched_no_MG,3519,1,1
matched_no_MG,3520,-1,-1
matched_no_MG,3521,1,1
matched_no_MG,3522,1,1
matched_no_MG,3523,1,1
matched_no_MG,3524,1,1
matched_no_MG,3525,1,1
matched_no_MG,3526,1,1
matched_no_MG,3527,1,1
matched_no_MG,3528,1,1
matched_no_MG,3529,1,1
matched_no_MG,3530,1,1
matched_no_MG,3531,1,1
matched_no_MG,3532,1,1
matched_no_MG,3533,-1,-1
matched_no_MG,3534,1,1
matched_no_MG,3535,1,1
matched_no_MG,3536,1,1
matched_no_MG,3537,1,1
matched_no_MG,3538,-1,-1
matched_no_MG,3539,1,1
matched_no_MG,3540,1,1
matched_no_MG,3541,1,1
matched_no_MG,3542,1,1
matched_no_MG,3543,1,1
matched_no_MG,3544,1,1
matched_no_MG,3545,1,1
matched_no_MG,3546,1,1
matched_no_MG,3547,1,1
matched_no_MG,3548,-1,-1
matched_no_MG,3549,1,1
matched_no_MG,3550,1,1
matched_no_MG,3551,1,1
matched_no_MG,3552,-1,-1
matched_no_MG,3553,-1,-1
matched_no_MG,3554,1,1
matched_no_MG,3555,1,1
matched_no_MG,3556,1,1
matched_no_MG,3557,-1,-1
matched_no_MG,3558,1,1
matched_no_MG,3559,1,1
matched_no_MG,3560,-1,-1
matched_no_MG,3561,1,1
matched_no_MG,3562,1,1
matched_no_MG,3563,1,1
matched_no_MG,3564,1,1
matched_no_MG,3565,1,1
matched_no_MG,3566,1,1
matched_no_MG,3567,1,1
matched_no_MG,3568,1,1
matched_no_MG,3569,1,1
matched_no_MG,3570,1,1
matched_no_MG,3571,1,1
matched_no_MG,3572,1,1
matched_no_MG,3573,1,1
matched_no_MG,3574,1,1
matched_no_MG,3575,1,1
matched_no_MG,3576,1,1
matched_no_MG,3577,1,1
matched_no_MG,3578,1,1
matched_no_MG,3579,1,1
matched_no_MG,3580,1,1
matched_no_MG,3581,1,1
matched_no_MG,3582,1,1
matched_no_MG,3583,1,1
matched_no_MG,3584,-1,-1
matched_no_MG,3585,1,1
matched_no_MG,3586,1,1
matched_no_MG,3587,1,1
matched_no_MG,3588,1,1
matched_no_MG,3589,1,1
matched_no_MG,3590,1,1
matched_no_MG,3591,1,1
matched_no_MG,3592,1,1
matched_no_MG,3593,-1,-1
matched_no_MG,3594,1,1
matched_no_MG,3595,1,1
matched_no_MG,3596,1,1
matched_no_MG,3597,-1,-1
matched_no_MG,3598,1,1
matched_no_MG,3599,1,1
matched_no_MG,3600,1,1
matched_no_MG,3601,1,1
matched_no_MG,3602,1,1
matched_no_MG,3603,1,1
matched_no_MG,3604,1,1
matched_no_MG,3605,1,1
matched_no_MG,3606,1,1
matched_no_MG,3607,1,1
matched_no_MG,3608,1,1
matched_no_MG,3609,1,1
matched_no_MG,3610,1,1
matched_no_MG,3611,1,1
matched_no_MG,3612,1,1
matched_no_MG,3613,1,1
matched_no_MG,3614,1,1
matched_no_MG,3615,1,1
matched_no_MG,3616,1,1
matched_no_MG,3617,1,1
matched_no_MG,3618,1,1
matched_no_MG,3619,1,1
matched_no_MG,3620,1,1
matched_no_MG,3621,1,1
matched_no_MG,3622,1,1
matched_no_MG,3623,1,1
matched_no_MG,3624,1,1
matched_no_MG,3625,1,1
matched_no_MG,3626,1,1
matched_no_MG,3627,-1,-1
matched_no_MG,3628,1,1
matched_no_MG,3629,1,1
matched_no_MG,3630,1,1
matched_no_MG,3631,1,1
matched_no_MG,3632,1,1
matched_no_MG,3633,1,1
matched_no_MG,3634,1,1
matched_no_MG,3635,1,1
matched_no_MG,3636,1,1
matched_no_MG,3637,1,1
matched_no_MG,3638,-1,-1
matched_no_MG,3639,1,1
matched_no_MG,3640,1,1
matched_no_MG,3641,1,1
matched_no_MG,3642,1,1
matched_no_MG,3643,1,1
matched_no_MG,3644,1,1
matched_no_MG,3645,1,1
matched_no_MG,3646,-1,-1
matched_no_MG,3647,1,1
matched_no_MG,3648,1,1
matched_no_MG,3649,1,1
matched_no_MG,3650,1,1
matched_no_MG,3651,1,1
matched_no_MG,3652,1,1
matched_no_MG,3653,1,1
matched_no_MG,3654,1,1
matched_no_MG,3655,1,1
matched_no_MG,3656,1,1
matched_no_MG,3657,1,1
matched_no_MG,3658,1,1
matched_no_MG,3659,1,1
matched_no_MG,3660,1,1
matched_no_MG,3661,1,1
matched_no_MG,3662,-1,-1
matched_no_MG,3663,1,1
matched_no_MG,3664,-1,-1
matched_no_MG,3665,1,1
matched_no_MG,3666,1,1
matched_no_MG,3667,1,1
matched_no_MG,3668,1,1
matched_no_MG,3669,1,1
matched_no_MG,3670,1,1
matched_no_MG,3671,1,1
matched_no_MG,3672,-1,-1
matched_no_MG,3673,1,1
matched_no_MG,3674,1,1
matched_no_MG,3675,1,1
matched_no_MG,3676,1,1
matched_no_MG,3677,1,1
matched_no_MG,3678,1,1
matched_no_MG,3679,1,1
matched_no_MG,3680,1,1
matched_no_MG,3681,1,1
matched_no_MG,3682,1,1
matched_no_MG,3683,-1,-1
matched_no_MG,3684,1,1
matched_no_MG,3685,1,1
matched_no_MG,3686,1,1
matched_no_MG,3687,1,1
matched_no_MG,3688,-1,-1
matched_no_MG,3689,-1,-1
matched_no_MG,3690,1,1
matched_no_MG,3691,1,1
matched_no_MG,3692,1,1
matched_no_MG,3693,1,1
matched_no_MG,3694,1,1
matched_no_MG,3695,1,1
matched_no_MG,3696,1,1
matched_no_MG,3697,-1,-1
matched_no_MG,3698,-1,-1
matched_no_MG,3699,1,1
matched_no_MG,3700,1,1
matched_no_MG,3701,1,1
matched_no_MG,3702,1,1
matched_no_MG,3703,1,1
matched_no_MG,3704,1,1
matched_no_MG,3705,1,1
matched_no_MG,3706,-1,-1
matched_no_MG,3707,1,1
matched_no_MG,3708,1,1
matched_no_MG,3709,1,1
matched_no_MG,3710,1,1
matched_no_MG,3711,-1,-1
matched_no_MG,3712,1,1
matched_no_MG,3713,1,1
matched_no_MG,3714,1,1
matched_no_MG,3715,1,1
matched_no_MG,3716,1,1
matched_no_MG,3717,1,1
matched_no_MG,3718,-1,-1
matched_no_MG,3719,1,1
matched_no_MG,3720,1,1
matched_no_MG,3721,-1,-1
matched_no_MG,3722,-1,-1
matched_no_MG,3723,-1,-1
matched_no_MG,3724,1,1
matched_no_MG,3725,1,1
matched_no_MG,3726,1,1
matched_no_MG,3727,1,1
matched_no_MG,3728,1,1
matched_no_MG,3729,1,1
matched_no_MG,3730,1,1
matched_no_MG,3731,1,1
matched_no_MG,3732,1,1
matched_no_MG,3733,-1,-1
matched_no_MG,3734,-1,-1
matched_no_MG,3735,1,1
matched_no_MG,3736,-1,-1
matched_no_MG,3737,1,1
matched_no_MG,3738,1,1
matched_no_MG,3739,1,1
matched_no_MG,3740,1,1
matched_no_MG,3741,1,1
matched_no_MG,3742,1,1
matched_no_MG,3743,-1,-1
matched_no_MG,3744,1,1
matched_no_MG,3745,1,1
matched_no_MG,3746,1,1
matched_no_MG,3747,1,1
matched_no_MG,3748,1,1
matched_no_MG,3749,1,1
matched_no_MG,3750,1,1
matched_no_MG,3751,1,1
matched_no_MG,3752,1,1
matched_no_MG,3753,-1,-1
matched_no_MG,3754,1,1
matched_no_MG,3755,1,1
matched_no_MG,3756,-1,-1
matched_no_MG,3757,1,1
matched_no_MG,3758,1,1
matched_no_MG,3759,1,1
matched_no_MG,3760,1,1
matched_no_MG,3761,1,1
matched_no_MG,3762,1,1
matched_no_MG,3763,1,1
matched_no_MG,3764,1,1
matched_no_MG,3765,-1,-1
matched_no_MG,3766,1,1
matched_no_MG,3767,1,1
matched_no_MG,3768,1,1
matched_no_MG,3769,1,1
matched_no_MG,3770,1,1
matched_no_MG,3771,1,1
matched_no_MG,3772,1,1
matched_no_MG,3773,-1,-1
matched_no_MG,3774,1,1
matched_no_MG,3775,1,1
matched_no_MG,3776,-1,-1
matched_no_MG,3777,1,1
matched_no_MG,3778,1,1
matched_no_MG,3779,1,1
matched_no_MG,3780,-1,1
matched_no_MG,3781,1,1
matched_no_MG,3782,1,1
matched_no_MG,3783,1,1
matched_no_MG,3784,1,1
matched_no_MG,3785,1,1
matched_no_MG,3786,1,1
matched_no_MG,3787,1,1
matched_no_MG,3788,1,1
matched_no_MG,3789,-1,-1
matched_no_MG,3790,1,1
matched_no_MG,3791,1,1
matched_no_MG,3792,1,1
matched_no_MG,3793,1,1
matched_no_MG,3794,1,1
matched_no_MG,3795,1,1
matched_no_MG,3796,1,1
matched_no_MG,3797,1,1
matched_no_MG,3798,1,1
matched_no_MG,3799,1,1
matched_no_MG,3800,1,1
matched_no_MG,3801,-1,-1
matched_no_MG,3802,1,1
matched_no_MG,3803,1,1
matched_no_MG,3804,1,1
matched_no_MG,3805,1,1
matched_no_MG,3806,1,1
matched_no_MG,3807,-1,-1
matched_no_MG,3808,1,1
matched_no_MG,3809,1,1
matched_no_MG,3810,1,1
matched_no_MG,3811,1,1
matched_no_MG,3812,1,1
matched_no_MG,3813,1,1
matched_no_MG,3814,1,1
matched_no_MG,3815,1,1
matched_no_MG,3816,1,1
matched_no_MG,3817,1,1
matched_no_MG,3818,-1,-1
matched_no_MG,3819,1,1
matched_no_MG,3820,1,1
matched_no_MG,3821,1,1
matched_no_MG,3822,1,1
matched_no_MG,3823,1,1
matched_no_MG,3824,1,1
matched_no_MG,3825,1,1
matched_no_MG,3826,1,1
matched_no_MG,3827,1,1
matched_no_MG,3828,1,1
matched_no_MG,3829,1,1
matched_no_MG,3830,-1,-1
matched_no_MG,3831,1,1
matched_no_MG,3832,1,1
matched_no_MG,3833,-1,-1
matched_no_MG,3834,1,1
matched_no_MG,3835,1,1
matched_no_MG,3836,1,1
matched_no_MG,3837,1,1
matched_no_MG,3838,-1,-1
matched_no_MG,3839,-1,-1
matched_no_MG,3840,1,1
matched_no_MG,3841,1,1
matched_no_MG,3842,1,1
matched_no_MG,3843,1,1
matched_no_MG,3844,1,1
matched_no_MG,3845,-1,-1
matched_no_MG,3846,1,1
matched_no_MG,3847,1,1
matched_no_MG,3848,-1,-1
matched_no_MG,3849,1,1
matched_no_MG,3850,1,1
matched_no_MG,3851,1,1
matched_no_MG,3852,-1,-1
matched_no_MG,3853,1,1
matched_no_MG,3854,1,1
matched_no_MG,3855,1,1
matched_no_MG,3856,1,1
matched_no_MG,3857,1,1
matched_no_MG,3858,1,1
matched_no_MG,3859,1,1
matched_no_MG,3860,1,1
matched_no_MG,3861,1,1
matched_no_MG,3862,-1,-1
matched_no_MG,3863,1,1
matched_no_MG,3864,1,1
matched_no_MG,3865,1,1
matched_no_MG,3866,1,1
matched_no_MG,3867,1,1
matched_no_MG,3868,1,1
matched_no_MG,3869,1,1
matched_no_MG,3870,-1,-1
matched_no_MG,3871,1,1
matched_no_MG,3872,1,1
matched_no_MG,3873,1,1
matched_no_MG,3874,1,1
matched_no_MG,3875,1,1
matched_no_MG,3876,1,1
matched_no_MG,3877,1,1
matched_no_MG,3878,-1,-1
matched_no_MG,3879,1,1
matched_no_MG,3880,1,1
matched_no_MG,3881,1,1
matched_no_MG,3882,1,1
matched_no_MG,3883,1,1
matched_no_MG,3884,1,1
matched_no_MG,3885,1,1
matched_no_MG,3886,1,1
matched_no_MG,3887,1,1
matched_no_MG,3888,1,1
matched_no_MG,3889,1,1
matched_no_MG,3890,1,1
matched_no_MG,3891,1,1
matched_no_MG,3892,1,1
matched_no_MG,3893,1,1
matched_no_MG,3894,1,1
matched_no_MG,3895,1,1
matched_no_MG,3896,1,1
matched_no_MG,3897,1,1
matched_no_MG,3898,1,1
matched_no_MG,3899,1,1
matched_no_MG,3900,1,1
matched_no_MG,3901,1,1
matched_no_MG,3902,1,1
matched_no_MG,3903,1,1
matched_no_MG,3904,1,1
matched_no_MG,3905,1,1
matched_no_MG,3906,1,1
matched_no_MG,3907,1,1
matched_no_MG,3908,1,1
matched_no_MG,3909,1,1
matched_no_MG,3910,1,1
matched_no_MG,3911,1,1
matched_no_MG,3912,-1,-1
matched_no_MG,3913,1,1
matched_no_MG,3914,1,1
matched_no_MG,3915,1,1
matched_no_MG,3916,-1,-1
matched_no_MG,3917,1,1
matched_no_MG,3918,1,1
matched_no_MG,3919,1,1
matched_no_MG,3920,1,1
matched_no_MG,3921,1,1
matched_no_MG,3922,1,1
matched_no_MG,3923,1,1
matched_no_MG,3924,1,1
matched_no_MG,3925,1,1
matched_no_MG,3926,-1,-1
matched_no_MG,3927,1,1
matched_no_MG,3928,1,1
matched_no_MG,3929,1,1
matched_no_MG,3930,1,1
matched_no_MG,3931,1,1
matched_no_MG,3932,1,1
matched_no_MG,3933,1,1
matched_no_MG,3934,1,1
matched_no_MG,3935,1,1
matched_no_MG,3936,1,1
matched_no_MG,3937,1,1
matched_no_MG,3938,1,1
matched_no_MG,3939,1,1
matched_no_MG,3940,1,1
matched_no_MG,3941,1,1
matched_no_MG,3942,-1,-1
matched_no_MG,3943,1,1
matched_no_MG,3944,-1,-1
matched_no_MG,3945,1,1
matched_no_MG,3946,1,1
matched_no_MG,3947,1,1
matched_no_MG,3948,1,1
matched_no_MG,3949,1,1
matched_no_MG,3950,1,1
matched_no_MG,3951,1,1
matched_no_MG,3952,1,1
matched_no_MG,3953,1,1
matched_no_MG,3954,-1,-1
matched_no_MG,3955,1,1
matched_no_MG,3956,-1,-1
matched_no_MG,3957,1,1
matched_no_MG,3958,1,1
matched_no_MG,3959,1,1
matched_no_MG,3960,1,1
matched_no_MG,3961,1,1
matched_no_MG,3962,1,1
matched_no_MG,3963,1,1
matched_no_MG,3964,1,1
matched_no_MG,3965,1,1
matched_no_MG,3966,-1,-1
matched_no_MG,3967,1,1
matched_no_MG,3968,-1,-1
matched_no_MG,3969,1,1
matched_no_MG,3970,1,1
matched_no_MG,3971,1,1
matched_no_MG,3972,1,1
matched_no_MG,3973,1,1
matched_no_MG,3974,-1,-1
matched_no_MG,3975,1,1
matched_no_MG,3976,1,1
matched_no_MG,3977,1,1
matched_no_MG,3978,1,1
matched_no_MG,3979,-1,-1
matched_no_MG,3980,1,1
matched_no_MG,3981,1,1
matched_no_MG,3982,1,1
matched_no_MG,3983,1,1
matched_no_MG,3984,1,1
matched_no_MG,3985,-1,-1
matched_no_MG,3986,1,1
matched_no_MG,3987,-1,-1
matched_no_MG,3988,1,1
matched_no_MG,3989,-1,-1
matched_no_MG,3990,-1,-1
matched_no_MG,3991,1,1
matched_no_MG,3992,1,1
matched_no_MG,3993,1,1
matched_no_MG,3994,1,1
matched_no_MG,3995,1,1
matched_no_MG,3996,1,1
matched_no_MG,3997,1,1
matched_no_MG,3998,1,1
matched_no_MG,3999,1,1
matched_no_MG,4000,1,1
matched_no_MG,4001,1,1
matched_no_MG,4002,1,1
matched_no_MG,4003,1,1
matched_no_MG,4004,1,1
matched_no_MG,4005,1,1
matched_no_MG,4006,1,1
matched_no_MG,4007,1,1
matched_no_MG,4008,1,1
matched_no_MG,4009,1,1
matched_no_MG,4010,1,1
matched_no_MG,4011,1,1
matched_no_MG,4012,1,1
matched_no_MG,4013,1,1
matched_no_MG,4014,1,1
matched_no_MG,4015,1,1
matched_no_MG,4016,1,1
matched_no_MG,4017,1,1
matched_no_MG,4018,1,1
matched_no_MG,4019,1,1
matched_no_MG,4020,1,1
matched_no_MG,4021,1,1
matched_no_MG,4022,1,1
matched_no_MG,4023,1,1
matched_no_MG,4024,-1,-1
matched_no_MG,4025,1,1
matched_no_MG,4026,1,1
matched_no_MG,4027,1,1
matched_no_MG,4028,1,1
matched_no_MG,4029,1,1
matched_no_MG,4030,-1,-1
matched_no_MG,4031,1,1
matched_no_MG,4032,1,1
matched_no_MG,4033,1,1
matched_no_MG,4034,1,1
matched_no_MG,4035,1,1
matched_no_MG,4036,1,1
matched_no_MG,4037,1,1
matched_no_MG,4038,1,1
matched_no_MG,4039,1,1
matched_no_MG,4040,1,1
matched_no_MG,4041,1,1
matched_no_MG,4042,1,1
matched_no_MG,4043,1,1
matched_no_MG,4044,1,1
matched_no_MG,4045,1,1
matched_no_MG,4046,1,1
matched_no_MG,4047,1,1
matched_no_MG,4048,1,1
matched_no_MG,4049,1,1
matched_no_MG,4050,1,1
matched_no_MG,4051,1,1
matched_no_MG,4052,1,1
matched_no_MG,4053,1,1
matched_no_MG,4054,1,1
matched_no_MG,4055,1,1
matched_no_MG,4056,1,1
matched_no_MG,4057,1,1
matched_no_MG,4058,-1,-1
matched_no_MG,4059,1,1
matched_no_MG,4060,1,1
matched_no_MG,4061,1,1
matched_no_MG,4062,1,1
matched_no_MG,4063,1,1
matched_no_MG,4064,-1,-1
matched_no_MG,4065,1,1
matched_no_MG,4066,1,1
matched_no_MG,4067,1,1
matched_no_MG,4068,1,1
matched_no_MG,4069,1,1
matched_no_MG,4070,1,1
matched_no_MG,4071,1,1
matched_no_MG,4072,1,1
matched_no_MG,4073,1,1
matched_no_MG,4074,1,1
matched_no_MG,4075,1,1
matched_no_MG,4076,1,1
matched_no_MG,4077,1,1
matched_no_MG,4078,1,1
matched_no_MG,4079,1,1
matched_no_MG,4080,1,1
matched_no_MG,4081,1,1
matched_no_MG,4082,1,1
matched_no_MG,4083,-1,-1
matched_no_MG,4084,1,1
matched_no_MG,4085,-1,-1
matched_no_MG,4086,1,1
matched_no_MG,4087,1,1
matched_no_MG,4088,1,1
matched_no_MG,4089,1,1
matched_no_MG,4090,1,1
matched_no_MG,4091,1,1
matched_no_MG,4092,-1,-1
matched_no_MG,4093,1,1
matched_no_MG,4094,1,1
matched_no_MG,4095,1,1
matched_no_MG,4096,1,1
matched_no_MG,4097,1,1
matched_no_MG,4098,1,1
matched_no_MG,4099,1,1
matched_no_MG,4100,1,1
matched_no_MG,4101,1,1
matched_no_MG,4102,-1,-1
matched_no_MG,4103,1,1
matched_no_MG,4104,1,1
matched_no_MG,4105,-1,-1
matched_no_MG,4106,1,1
matched_no_MG,4107,1,1
matched_no_MG,4108,1,1
matched_no_MG,4109,1,1
matched_no_MG,4110,1,1
matched_no_MG,4111,1,1
matched_no_MG,4112,1,1
matched_no_MG,4113,1,1
matched_no_MG,4114,1,1
matched_no_MG,4115,1,1
matched_no_MG,4116,1,1
matched_no_MG,4117,1,1
matched_no_MG,4118,1,1
matched_no_MG,4119,1,1
matched_no_MG,4120,1,1
matched_no_MG,4121,1,1
matched_no_MG,4122,1,1
matched_no_MG,4123,1,1
matched_no_MG,4124,1,1
matched_no_MG,4125,1,1
matched_no_MG,4126,1,1
matched_no_MG,4127,1,1
matched_no_MG,4128,1,1
matched_no_MG,4129,1,1
matched_no_MG,4130,1,1
matched_no_MG,4131,1,1
matched_no_MG,4132,1,1
matched_no_MG,4133,1,1
matched_no_MG,4134,-1,-1
matched_no_MG,4135,1,1
matched_no_MG,4136,-1,-1
matched_no_MG,4137,1,1
matched_no_MG,4138,1,1
matched_no_MG,4139,1,1
matched_no_MG,4140,1,1
matched_no_MG,4141,1,1
matched_no_MG,4142,1,1
matched_no_MG,4143,1,1
matched_no_MG,4144,1,1
matched_no_MG,4145,1,1
matched_no_MG,4146,1,1
matched_no_MG,4147,1,1
matched_no_MG,4148,1,1
matched_no_MG,4149,1,1
matched_no_MG,4150,1,1
matched_no_MG,4151,1,1
matched_no_MG,4152,1,1
matched_no_MG,4153,-1,-1
matched_no_MG,4154,1,1
matched_no_MG,4155,1,1
matched_no_MG,4156,1,1
matched_no_MG,4157,1,1
matched_no_MG,4158,1,1
matched_no_MG,4159,1,1
matched_no_MG,4160,1,1
matched_no_MG,4161,1,1
matched_no_MG,4162,1,1
matched_no_MG,4163,1,1
matched_no_MG,4164,1,1
matched_no_MG,4165,-1,-1
matched_no_MG,4166,1,1
matched_no_MG,4167,1,1
matched_no_MG,4168,1,1
matched_no_MG,4169,1,1
matched_no_MG,4170,-1,-1
matched_no_MG,4171,1,1
matched_no_MG,4172,1,1
matched_no_MG,4173,1,1
matched_no_MG,4174,1,1
matched_no_MG,4175,1,1
matched_no_MG,4176,-1,-1
matched_no_MG,4177,1,1
matched_no_MG,4178,1,1
matched_no_MG,4179,1,1
matched_no_MG,4180,1,1
matched_no_MG,4181,-1,-1
matched_no_MG,4182,1,1
matched_no_MG,4183,1,1
matched_no_MG,4184,1,1
matched_no_MG,4185,1,1
matched_no_MG,4186,1,1
matched_no_MG,4187,1,1
matched_no_MG,4188,1,1
matched_no_MG,4189,1,1
matched_no_MG,4190,1,1
matched_no_MG,4191,1,1
matched_no_MG,4192,1,1
matched_no_MG,4193,1,1
matched_no_MG,4194,1,1
matched_no_MG,4195,1,1
matched_no_MG,4196,1,1
matched_no_MG,4197,1,1
matched_no_MG,4198,1,1
matched_no_MG,4199,1,1
matched_no_MG,4200,1,1
matched_no_MG,4201,1,1
matched_no_MG,4202,1,1
matched_no_MG,4203,1,1
matched_no_MG,4204,1,1
matched_no_MG,4205,1,1
matched_no_MG,4206,-1,-1
matched_no_MG,4207,1,1
matched_no_MG,4208,1,1
matched_no_MG,4209,1,1
matched_no_MG,4210,1,1
matched_no_MG,4211,1,1
matched_no_MG,4212,1,1
matched_no_MG,4213,1,1
matched_no_MG,4214,1,1
matched_no_MG,4215,-1,-1
matched_no_MG,4216,1,1
matched_no_MG,4217,1,1
matched_no_MG,4218,1,1
matched_no_MG,4219,1,1
matched_no_MG,4220,1,1
matched_no_MG,4221,-1,-1
matched_no_MG,4222,1,1
matched_no_MG,4223,1,1
matched_no_MG,4224,1,1
matched_no_MG,4225,1,1
matched_no_MG,4226,-1,-1
matched_no_MG,4227,-1,-1
matched_no_MG,4228,1,1
matched_no_MG,4229,1,1
matched_no_MG,4230,1,1
matched_no_MG,4231,1,1
matched_no_MG,4232,1,1
matched_no_MG,4233,1,1
matched_no_MG,4234,-1,-1
matched_no_MG,4235,1,1
matched_no_MG,4236,1,1
matched_no_MG,4237,1,1
matched_no_MG,4238,1,1
matched_no_MG,4239,1,1
matched_no_MG,4240,1,1
matched_no_MG,4241,1,1
matched_no_MG,4242,1,1
matched_no_MG,4243,1,1
matched_no_MG,4244,1,1
matched_no_MG,4245,1,1
matched_no_MG,4246,-1,-1
matched_no_MG,4247,-1,-1
matched_no_MG,4248,1,1
matched_no_MG,4249,1,1
matched_no_MG,4250,1,1
matched_no_MG,4251,1,1
matched_no_MG,4252,1,1
matched_no_MG,4253,1,1
matched_no_MG,4254,1,1
matched_no_MG,4255,1,1
matched_no_MG,4256,1,1
matched_no_MG,4257,1,1
matched_no_MG,4258,-1,-1
matched_no_MG,4259,1,1
matched_no_MG,4260,1,1
matched_no_MG,4261,1,1
matched_no_MG,4262,1,1
matched_no_MG,4263,1,1
matched_no_MG,4264,1,1
matched_no_MG,4265,1,1
matched_no_MG,4266,1,1
matched_no_MG,4267,1,1
matched_no_MG,4268,1,1
matched_no_MG,4269,1,1
matched_no_MG,4270,1,1
matched_no_MG,4271,1,1
matched_no_MG,4272,-1,-1
matched_no_MG,4273,1,1
matched_no_MG,4274,1,1
matched_no_MG,4275,1,1
matched_no_MG,4276,1,1
matched_no_MG,4277,1,1
matched_no_MG,4278,1,1
matched_no_MG,4279,1,1
matched_no_MG,4280,1,1
matched_no_MG,4281,1,1
matched_no_MG,4282,1,1
matched_no_MG,4283,1,1
matched_no_MG,4284,1,1
matched_no_MG,4285,1,1
matched_no_MG,4286,1,1
matched_no_MG,4287,1,1
matched_no_MG,4288,1,1
matched_no_MG,4289,1,1
matched_no_MG,4290,1,1
matched_no_MG,4291,1,1
matched_no_MG,4292,1,1
matched_no_MG,4293,1,1
matched_no_MG,4294,1,1
matched_no_MG,4295,1,1
matched_no_MG,4296,1,1
matched_no_MG,4297,1,1
matched_no_MG,4298,1,1
matched_no_MG,4299,1,1
matched_no_MG,4300,1,1
matched_no_MG,4301,1,1
matched_no_MG,4302,1,1
matched_no_MG,4303,1,1
matched_no_MG,4304,1,1
matched_no_MG,4305,1,1
matched_no_MG,4306,-1,-1
matched_no_MG,4307,1,1
matched_no_MG,4308,1,1
matched_no_MG,4309,1,1
matched_no_MG,4310,1,1
matched_no_MG,4311,1,1
matched_no_MG,4312,1,1
matched_no_MG,4313,1,1
matched_no_MG,4314,1,1
matched_no_MG,4315,1,1
matched_no_MG,4316,1,1
matched_no_MG,4317,-1,-1
matched_no_MG,4318,1,1
matched_no_MG,4319,1,1
matched_no_MG,4320,1,1
matched_no_MG,4321,1,1
matched_no_MG,4322,1,1
matched_no_MG,4323,1,1
matched_no_MG,4324,1,1
matched_no_MG,4325,1,1
matched_no_MG,4326,1,1
matched_no_MG,4327,1,1
matched_no_MG,4328,1,1
matched_no_MG,4329,1,1
matched_no_MG,4330,1,1
matched_no_MG,4331,1,1
matched_no_MG,4332,1,1
matched_no_MG,4333,1,1
matched_no_MG,4334,1,1
matched_no_MG,4335,1,1
matched_no_MG,4336,1,1
matched_no_MG,4337,1,1
matched_no_MG,4338,1,1
matched_no_MG,4339,1,1
matched_no_MG,4340,1,1
matched_no_MG,4341,1,1
matched_no_MG,4342,1,1
matched_no_MG,4343,1,1
matched_no_MG,4344,1,1
matched_no_MG,4345,-1,-1
matched_no_MG,4346,1,1
matched_no_MG,4347,1,1
matched_no_MG,4348,1,1
matched_no_MG,4349,1,1
matched_no_MG,4350,1,1
matched_no_MG,4351,1,1
matched_no_MG,4352,1,1
matched_no_MG,4353,1,1
matched_no_MG,4354,1,1
matched_no_MG,4355,1,1
matched_no_MG,4356,1,1
matched_no_MG,4357,1,1
matched_no_MG,4358,1,1
matched_no_MG,4359,1,1
matched_no_MG,4360,1,1
matched_no_MG,4361,1,1
matched_no_MG,4362,1,1
matched_no_MG,4363,1,1
matched_no_MG,4364,1,1
matched_no_MG,4365,-1,-1
matched_no_MG,4366,-1,-1
matched_no_MG,4367,1,1
matched_no_MG,4368,1,1
matched_no_MG,4369,1,1
matched_no_MG,4370,1,1
matched_no_MG,4371,1,1
matched_no_MG,4372,1,1
matched_no_MG,4373,-1,-1
matched_no_MG,4374,1,1
matched_no_MG,4375,1,1
matched_no_MG,4376,-1,-1
matched_no_MG,4377,1,1
matched_no_MG,4378,1,1
matched_no_MG,4379,1,1
matched_no_MG,4380,1,1
matched_no_MG,4381,1,1
matched_no_MG,4382,-1,-1
matched_no_MG,4383,1,1
matched_no_MG,4384,1,1
matched_no_MG,4385,1,1
matched_no_MG,4386,1,1
matched_no_MG,4387,1,1
matched_no_MG,4388,1,1
matched_no_MG,4389,1,1
matched_no_MG,4390,1,1
matched_no_MG,4391,1,1
matched_no_MG,4392,1,1
matched_no_MG,4393,1,1
matched_no_MG,4394,1,1
matched_no_MG,4395,1,1
matched_no_MG,4396,1,1
matched_no_MG,4397,1,1
matched_no_MG,4398,1,1
matched_no_MG,4399,1,1
matched_no_MG,4400,1,1
matched_no_MG,4401,1,1
matched_no_MG,4402,1,1
matched_no_MG,4403,1,1
matched_no_MG,4404,1,1
matched_no_MG,4405,1,1
matched_no_MG,4406,1,1
matched_no_MG,4407,1,1
matched_no_MG,4408,-1,-1
matched_no_MG,4409,1,1
matched_no_MG,4410,1,1
matched_no_MG,4411,1,1
matched_no_MG,4412,1,1
matched_no_MG,4413,1,1
matched_no_MG,4414,1,1
matched_no_MG,4415,-1,-1
matched_no_MG,4416,1,1
matched_no_MG,4417,1,1
matched_no_MG,4418,1,1
matched_no_MG,4419,1,1
matched_no_MG,4420,1,1
matched_no_MG,4421,1,1
matched_no_MG,4422,-1,-1
matched_no_MG,4423,1,1
matched_no_MG,4424,1,1
matched_no_MG,4425,1,1
matched_no_MG,4426,1,1
matched_no_MG,4427,1,1
matched_no_MG,4428,1,1
matched_no_MG,4429,1,1
matched_no_MG,4430,1,1
matched_no_MG,4431,1,1
matched_no_MG,4432,1,1
matched_no_MG,4433,1,1
matched_no_MG,4434,1,1
matched_no_MG,4435,1,1
matched_no_MG,4436,-1,1
matched_no_MG,4437,1,1
matched_no_MG,4438,1,1
matched_no_MG,4439,-1,-1
matched_no_MG,4440,1,1
matched_no_MG,4441,1,1
matched_no_MG,4442,1,1
matched_no_MG,4443,1,1
matched_no_MG,4444,1,1
matched_no_MG,4445,1,1
matched_no_MG,4446,1,1
matched_no_MG,4447,-1,-1
matched_no_MG,4448,1,1
matched_no_MG,4449,1,1
matched_no_MG,4450,1,1
matched_no_MG,4451,1,1
matched_no_MG,4452,1,1
matched_no_MG,4453,1,1
matched_no_MG,4454,1,1
matched_no_MG,4455,1,1
matched_no_MG,4456,1,1
matched_no_MG,4457,1,1
matched_no_MG,4458,1,1
matched_no_MG,4459,1,1
matched_no_MG,4460,1,1
matched_no_MG,4461,1,1
matched_no_MG,4462,1,1
matched_no_MG,4463,1,1
matched_no_MG,4464,1,1
matched_no_MG,4465,1,1
matched_no_MG,4466,1,1
matched_no_MG,4467,1,1
matched_no_MG,4468,1,1
matched_no_MG,4469,1,1
matched_no_MG,4470,1,1
matched_no_MG,4471,1,1
matched_no_MG,4472,1,1
matched_no_MG,4473,1,1
matched_no_MG,4474,1,1
matched_no_MG,4475,1,1
matched_no_MG,4476,1,1
matched_no_MG,4477,1,1
matched_no_MG,4478,1,1
matched_no_MG,4479,1,1
matched_no_MG,4480,1,1
matched_no_MG,4481,1,1
matched_no_MG,4482,1,1
matched_no_MG,4483,1,1
matched_no_MG,4484,-1,-1
matched_no_MG,4485,1,1
matched_no_MG,4486,1,1
matched_no_MG,4487,-1,-1
matched_no_MG,4488,1,1
matched_no_MG,4489,1,1
matched_no_MG,4490,1,1
matched_no_MG,4491,1,1
matched_no_MG,4492,-1,-1
matched_no_MG,4493,1,1
matched_no_MG,4494,1,1
matched_no_MG,4495,1,1
matched_no_MG,4496,1,1
matched_no_MG,4497,1,1
matched_no_MG,4498,1,1
matched_no_MG,4499,1,1
matched_no_MG,4500,1,1
matched_no_MG,4501,1,1
matched_no_MG,4502,1,1
matched_no_MG,4503,-1,-1
matched_no_MG,4504,1,1
matched_no_MG,4505,1,1
matched_no_MG,4506,1,1
matched_no_MG,4507,-1,-1
matched_no_MG,4508,1,1
matched_no_MG,4509,1,1
matched_no_MG,4510,-1,-1
matched_no_MG,4511,1,1
matched_no_MG,4512,1,1
matched_no_MG,4513,1,1
matched_no_MG,4514,-1,-1
matched_no_MG,4515,1,1
matched_no_MG,4516,1,1
matched_no_MG,4517,1,1
matched_no_MG,4518,1,1
matched_no_MG,4519,1,1
matched_no_MG,4520,1,1
matched_no_MG,4521,1,1
matched_no_MG,4522,1,1
matched_no_MG,4523,-1,1
matched_no_MG,4524,1,1
matched_no_MG,4525,1,1
matched_no_MG,4526,1,1
matched_no_MG,4527,1,1
matched_no_MG,4528,-1,-1
matched_no_MG,4529,1,1
matched_no_MG,4530,1,1
matched_no_MG,4531,1,1
matched_no_MG,4532,1,1
matched_no_MG,4533,1,1
matched_no_MG,4534,1,1
matched_no_MG,4535,1,1
matched_no_MG,4536,1,1
matched_no_MG,4537,1,1
matched_no_MG,4538,1,1
matched_no_MG,4539,1,1
matched_no_MG,4540,1,1
matched_no_MG,4541,1,1
matched_no_MG,4542,1,1
matched_no_MG,4543,1,1
matched_no_MG,4544,1,1
matched_no_MG,4545,1,1
matched_no_MG,4546,1,1
matched_no_MG,4547,1,1
matched_no_MG,4548,1,1
matched_no_MG,4549,1,1
matched_no_MG,4550,-1,-1
matched_no_MG,4551,1,1
matched_no_MG,4552,1,1
matched_no_MG,4553,1,1
matched_no_MG,4554,1,1
matched_no_MG,4555,1,1
matched_no_MG,4556,1,1
matched_no_MG,4557,1,1
matched_no_MG,4558,1,1
matched_no_MG,4559,1,1
matched_no_MG,4560,1,1
matched_no_MG,4561,1,1
matched_no_MG,4562,1,1
matched_no_MG,4563,1,1
matched_no_MG,4564,1,1
matched_no_MG,4565,1,1
matched_no_MG,4566,1,1
matched_no_MG,4567,1,1
matched_no_MG,4568,1,1
matched_no_MG,4569,1,1
matched_no_MG,4570,1,1
matched_no_MG,4571,1,1
matched_no_MG,4572,1,1
matched_no_MG,4573,1,1
matched_no_MG,4574,1,1
matched_no_MG,4575,1,1
matched_no_MG,4576,1,1
matched_no_MG,4577,1,1
matched_no_MG,4578,1,1
matched_no_MG,4579,1,1
matched_no_MG,4580,1,1
matched_no_MG,4581,-1,-1
matched_no_MG,4582,1,1
matched_no_MG,4583,1,1
matched_no_MG,4584,1,1
matched_no_MG,4585,1,1
matched_no_MG,4586,1,1
matched_no_MG,4587,1,1
matched_no_MG,4588,-1,-1
matched_no_MG,4589,1,1
matched_no_MG,4590,1,1
matched_no_MG,4591,1,1
matched_no_MG,4592,1,1
matched_no_MG,4593,1,1
matched_no_MG,4594,1,1
matched_no_MG,4595,1,1
matched_no_MG,4596,1,1
matched_no_MG,4597,1,1
matched_no_MG,4598,1,1
matched_no_MG,4599,1,1
matched_no_MG,4600,1,1
matched_no_MG,4601,1,1
matched_no_MG,4602,1,1
matched_no_MG,4603,1,1
matched_no_MG,4604,1,1
matched_no_MG,4605,1,1
matched_no_MG,4606,1,1
matched_no_MG,4607,1,1
matched_no_MG,4608,1,1
matched_no_MG,4609,1,1
matched_no_MG,4610,1,1
matched_no_MG,4611,1,1
matched_no_MG,4612,1,1
matched_no_MG,4613,1,1
matched_no_MG,4614,1,1
matched_no_MG,4615,1,1
matched_no_MG,4616,-1,-1
matched_no_MG,4617,1,1
matched_no_MG,4618,1,1
matched_no_MG,4619,1,1
matched_no_MG,4620,-1,-1
matched_no_MG,4621,1,1
matched_no_MG,4622,1,1
matched_no_MG,4623,1,1
matched_no_MG,4624,1,1
matched_no_MG,4625,1,1
matched_no_MG,4626,1,1
matched_no_MG,4627,1,1
matched_no_MG,4628,1,1
matched_no_MG,4629,1,1
matched_no_MG,4630,1,1
matched_no_MG,4631,1,1
matched_no_MG,4632,1,1
matched_no_MG,4633,1,1
matched_no_MG,4634,1,1
matched_no_MG,4635,1,1
matched_no_MG,4636,1,1
matched_no_MG,4637,1,1
matched_no_MG,4638,1,1
matched_no_MG,4639,1,1
matched_no_MG,4640,-1,-1
matched_no_MG,4641,1,1
matched_no_MG,4642,1,1
matched_no_MG,4643,1,1
matched_no_MG,4644,1,1
matched_no_MG,4645,1,1
matched_no_MG,4646,1,1
matched_no_MG,4647,1,1
matched_no_MG,4648,-1,-1
matched_no_MG,4649,1,1
matched_no_MG,4650,1,1
matched_no_MG,4651,1,1
matched_no_MG,4652,1,1
matched_no_MG,4653,1,1
matched_no_MG,4654,1,1
matched_no_MG,4655,1,1
matched_no_MG,4656,1,1
matched_no_MG,4657,1,1
matched_no_MG,4658,-1,-1
matched_no_MG,4659,1,1
matched_no_MG,4660,1,1
matched_no_MG,4661,1,1
matched_no_MG,4662,1,1
matched_no_MG,4663,1,1
matched_no_MG,4664,1,1
matched_no_MG,4665,-1,-1
matched_no_MG,4666,1,1
matched_no_MG,4667,1,1
matched_no_MG,4668,1,1
matched_no_MG,4669,-1,-1
matched_no_MG,4670,1,1
matched_no_MG,4671,1,1
matched_no_MG,4672,-1,-1
matched_no_MG,4673,1,1
matched_no_MG,4674,1,1
matched_no_MG,4675,1,1
matched_no_MG,4676,-1,-1
matched_no_MG,4677,1,1
matched_no_MG,4678,1,1
matched_no_MG,4679,1,1
matched_no_MG,4680,1,1
matched_no_MG,4681,1,1
matched_no_MG,4682,1,1
matched_no_MG,4683,-1,1
matched_no_MG,4684,1,1
matched_no_MG,4685,1,1
matched_no_MG,4686,1,1
matched_no_MG,4687,-1,-1
matched_no_MG,4688,1,1
matched_no_MG,4689,1,1
matched_no_MG,4690,-1,1
matched_no_MG,4691,1,1
matched_no_MG,4692,1,1
matched_no_MG,4693,1,1
matched_no_MG,4694,1,1
matched_no_MG,4695,1,1
matched_no_MG,4696,1,1
matched_no_MG,4697,1,1
matched_no_MG,4698,1,1
matched_no_MG,4699,1,1
matched_no_MG,4700,1,1
matched_no_MG,4701,1,1
matched_no_MG,4702,1,1
matched_no_MG,4703,1,1
matched_no_MG,4704,1,1
matched_no_MG,4705,1,1
matched_no_MG,4706,1,1
matched_no_MG,4707,1,1
matched_no_MG,4708,1,1
matched_no_MG,4709,1,1
matched_no_MG,4710,1,1
matched_no_MG,4711,1,1
matched_no_MG,4712,1,1
matched_no_MG,4713,1,1
matched_no_MG,4714,1,1
matched_no_MG,4715,1,1
matched_no_MG,4716,1,1
matched_no_MG,4717,1,1
matched_no_MG,4718,1,1
matched_no_MG,4719,1,1
matched_no_MG,4720,1,1
matched_no_MG,4721,1,1
matched_no_MG,4722,1,1
matched_no_MG,4723,1,1
matched_no_MG,4724,1,1
matched_no_MG,4725,1,1
matched_no_MG,4726,1,1
matched_no_MG,4727,1,1
matched_no_MG,4728,1,1
matched_no_MG,4729,1,1
matched_no_MG,4730,1,1
matched_no_MG,4731,1,1
matched_no_MG,4732,1,1
matched_no_MG,4733,1,1
matched_no_MG,4734,1,1
matched_no_MG,4735,1,1
matched_no_MG,4736,1,1
matched_no_MG,4737,1,1
matched_no_MG,4738,1,1
matched_no_MG,4739,1,1
matched_no_MG,4740,1,1
matched_no_MG,4741,-1,-1
matched_no_MG,4742,1,1
matched_no_MG,4743,1,1
matched_no_MG,4744,1,1
matched_no_MG,4745,1,1
matched_no_MG,4746,-1,-1
matched_no_MG,4747,-1,-1
matched_no_MG,4748,1,1
matched_no_MG,4749,1,1
matched_no_MG,4750,-1,-1
matched_no_MG,4751,1,1
matched_no_MG,4752,1,1
matched_no_MG,4753,-1,-1
matched_no_MG,4754,1,1
matched_no_MG,4755,1,1
matched_no_MG,4756,1,1
matched_no_MG,4757,-1,-1
matched_no_MG,4758,1,1
matched_no_MG,4759,1,1
matched_no_MG,4760,1,1
matched_no_MG,4761,1,1
matched_no_MG,4762,1,1
matched_no_MG,4763,1,1
matched_no_MG,4764,1,1
matched_no_MG,4765,-1,-1
matched_no_MG,4766,1,1
matched_no_MG,4767,1,1
matched_no_MG,4768,1,1
matched_no_MG,4769,1,1
matched_no_MG,4770,1,1
matched_no_MG,4771,1,1
matched_no_MG,4772,1,1
matched_no_MG,4773,1,1
matched_no_MG,4774,1,1
matched_no_MG,4775,1,1
matched_no_MG,4776,1,1
matched_no_MG,4777,1,1
matched_no_MG,4778,1,1
matched_no_MG,4779,1,1
matched_no_MG,4780,1,1
matched_no_MG,4781,1,1
matched_no_MG,4782,1,1
matched_no_MG,4783,1,1
matched_no_MG,4784,1,1
matched_no_MG,4785,1,1
matched_no_MG,4786,1,1
matched_no_MG,4787,1,1
matched_no_MG,4788,1,1
matched_no_MG,4789,1,1
matched_no_MG,4790,1,1
matched_no_MG,4791,1,1
matched_no_MG,4792,1,1
matched_no_MG,4793,1,1
matched_no_MG,4794,1,1
matched_no_MG,4795,1,1
matched_no_MG,4796,1,1
matched_no_MG,4797,1,1
matched_no_MG,4798,1,1
matched_no_MG,4799,1,1
matched_no_MG,4800,-1,-1
matched_no_MG,4801,-1,-1
matched_no_MG,4802,1,1
matched_no_MG,4803,1,1
matched_no_MG,4804,1,1
matched_no_MG,4805,1,1
matched_no_MG,4806,1,1
matched_no_MG,4807,1,1
matched_no_MG,4808,-1,-1
matched_no_MG,4809,1,1
matched_no_MG,4810,1,1
matched_no_MG,4811,1,1
matched_no_MG,4812,1,1
matched_no_MG,4813,1,1
matched_no_MG,4814,1,1
matched_no_MG,4815,1,1
matched_no_MG,4816,1,1
matched_no_MG,4817,1,1
matched_no_MG,4818,1,1
matched_no_MG,4819,1,1
matched_no_MG,4820,1,1
matched_no_MG,4821,1,1
matched_no_MG,4822,1,1
matched_no_MG,4823,-1,-1
matched_no_MG,4824,1,1
matched_no_MG,4825,1,1
matched_no_MG,4826,1,1
matched_no_MG,4827,1,1
matched_no_MG,4828,1,1
matched_no_MG,4829,1,1
matched_no_MG,4830,1,1
matched_no_MG,4831,1,1
matched_no_MG,4832,1,1
matched_no_MG,4833,1,1
matched_no_MG,4834,1,1
matched_no_MG,4835,1,1
matched_no_MG,4836,1,1
matched_no_MG,4837,-1,-1
matched_no_MG,4838,1,1
matched_no_MG,4839,1,1
matched_no_MG,4840,1,1
matched_no_MG,4841,-1,-1
matched_no_MG,4842,1,1
matched_no_MG,4843,1,1
matched_no_MG,4844,1,1
matched_no_MG,4845,1,1
matched_no_MG,4846,1,1
matched_no_MG,4847,-1,-1
matched_no_MG,4848,1,1
matched_no_MG,4849,1,1
matched_no_MG,4850,1,1
matched_no_MG,4851,1,1
matched_no_MG,4852,1,1
matched_no_MG,4853,1,1
matched_no_MG,4854,1,1
matched_no_MG,4855,1,1
matched_no_MG,4856,1,1
matched_no_MG,4857,1,1
matched_no_MG,4858,1,1
matched_no_MG,4859,1,1
matched_no_MG,4860,1,1
matched_no_MG,4861,-1,-1
matched_no_MG,4862,1,1
matched_no_MG,4863,1,1
matched_no_MG,4864,1,1
matched_no_MG,4865,1,1
matched_no_MG,4866,-1,-1
matched_no_MG,4867,1,1
matched_no_MG,4868,1,1
matched_no_MG,4869,1,1
matched_no_MG,4870,1,1
matched_no_MG,4871,1,1
matched_no_MG,4872,1,1
matched_no_MG,4873,1,1
matched_no_MG,4874,1,1
matched_no_MG,4875,1,1
matched_no_MG,4876,1,1
matched_no_MG,4877,-1,1
matched_no_MG,4878,1,1
matched_no_MG,4879,1,1
matched_no_MG,4880,1,1
matched_no_MG,4881,1,1
matched_no_MG,4882,1,1
matched_no_MG,4883,1,1
matched_no_MG,4884,1,1
matched_no_MG,4885,1,1
matched_no_MG,4886,1,1
matched_no_MG,4887,1,1
matched_no_MG,4888,-1,-1
matched_no_MG,4889,1,1
matched_no_MG,4890,1,1
matched_no_MG,4891,1,1
matched_no_MG,4892,-1,-1
matched_no_MG,4893,1,1
matched_no_MG,4894,1,1
matched_no_MG,4895,1,1
matched_no_MG,4896,-1,-1
matched_no_MG,4897,1,1
matched_no_MG,4898,1,1
matched_no_MG,4899,1,1
matched_no_MG,4900,-1,-1
matched_no_MG,4901,-1,-1
matched_no_MG,4902,1,1
matched_no_MG,4903,1,1
matched_no_MG,4904,1,1
matched_no_MG,4905,1,1
matched_no_MG,4906,-1,-1
matched_no_MG,4907,1,1
matched_no_MG,4908,1,1
matched_no_MG,4909,1,1
matched_no_MG,4910,1,1
matched_no_MG,4911,1,1
matched_no_MG,4912,-1,-1
matched_no_MG,4913,1,1
matched_no_MG,4914,1,1
matched_no_MG,4915,1,1
matched_no_MG,4916,1,1
matched_no_MG,4917,1,1
matched_no_MG,4918,1,1
matched_no_MG,4919,1,1
matched_no_MG,4920,1,1
matched_no_MG,4921,1,1
matched_no_MG,4922,1,1
matched_no_MG,4923,1,1
matched_no_MG,4924,1,1
matched_no_MG,4925,1,1
matched_no_MG,4926,1,1
matched_no_MG,4927,1,1
matched_no_MG,4928,1,1
matched_no_MG,4929,1,1
matched_no_MG,4930,1,1
matched_no_MG,4931,1,1
matched_no_MG,4932,1,1
matched_no_MG,4933,1,1
matched_no_MG,4934,1,1
matched_no_MG,4935,-1,-1
matched_no_MG,4936,1,1
matched_no_MG,4937,1,1
matched_no_MG,4938,1,1
matched_no_MG,4939,1,1
matched_no_MG,4940,1,1
matched_no_MG,4941,1,1
matched_no_MG,4942,1,1
matched_no_MG,4943,-1,-1
matched_no_MG,4944,1,1
matched_no_MG,4945,1,1
matched_no_MG,4946,1,1
matched_no_MG,4947,1,1
matched_no_MG,4948,-1,-1
matched_no_MG,4949,1,1
matched_no_MG,4950,1,1
matched_no_MG,4951,1,1
matched_no_MG,4952,1,1
matched_no_MG,4953,1,1
matched_no_MG,4954,1,1
matched_no_MG,4955,1,1
matched_no_MG,4956,1,1
matched_no_MG,4957,1,1
matched_no_MG,4958,1,1
matched_no_MG,4959,1,1
matched_no_MG,4960,1,1
matched_no_MG,4961,1,1
matched_no_MG,4962,1,1
matched_no_MG,4963,1,1
matched_no_MG,4964,1,1
matched_no_MG,4965,1,1
matched_no_MG,4966,-1,-1
matched_no_MG,4967,1,1
matched_no_MG,4968,1,1
matched_no_MG,4969,1,1
matched_no_MG,4970,1,1
matched_no_MG,4971,1,1
matched_no_MG,4972,1,1
matched_no_MG,4973,1,1
matched_no_MG,4974,1,1
matched_no_MG,4975,-1,-1
matched_no_MG,4976,-1,-1
matched_no_MG,4977,1,1
matched_no_MG,4978,1,1
matched_no_MG,4979,1,1
matched_no_MG,4980,1,1
matched_no_MG,4981,1,1
matched_no_MG,4982,1,1
matched_no_MG,4983,1,1
matched_no_MG,4984,1,1
matched_no_MG,4985,1,1
matched_no_MG,4986,1,1
matched_no_MG,4987,1,1
matched_no_MG,4988,1,1
matched_no_MG,4989,-1,-1
matched_no_MG,4990,1,1
matched_no_MG,4991,1,1
matched_no_MG,4992,1,1
matched_no_MG,4993,1,1
matched_no_MG,4994,1,1
matched_no_MG,4995,1,1
matched_no_MG,4996,1,1
matched_no_MG,4997,1,1
matched_no_MG,4998,1,1
matched_no_MG,4999,-1,1
matched_no_MG,5000,1,1
matched_no_MG,5001,1,1
matched_no_MG,5002,1,1
matched_no_MG,5003,-1,-1
matched_no_MG,5004,1,1
matched_no_MG,5005,1,1
matched_no_MG,5006,-1,-1
matched_no_MG,5007,1,1
matched_no_MG,5008,-1,-1
matched_no_MG,5009,1,1
matched_no_MG,5010,1,1
matched_no_MG,5011,1,1
matched_no_MG,5012,-1,-1
matched_no_MG,5013,1,1
matched_no_MG,5014,-1,-1
matched_no_MG,5015,1,1
matched_no_MG,5016,1,1
matched_no_MG,5017,1,1
matched_no_MG,5018,1,1
matched_no_MG,5019,1,1
matched_no_MG,5020,1,1
matched_no_MG,5021,1,1
matched_no_MG,5022,1,1
matched_no_MG,5023,1,1
matched_no_MG,5024,1,1
matched_no_MG,5025,1,1
matched_no_MG,5026,1,1
matched_no_MG,5027,1,1
matched_no_MG,5028,1,1
matched_no_MG,5029,1,1
matched_no_MG,5030,1,1
matched_no_MG,5031,1,1
matched_no_MG,5032,1,1
matched_no_MG,5033,1,1
matched_no_MG,5034,1,1
matched_no_MG,5035,1,1
matched_no_MG,5036,1,1
matched_no_MG,5037,1,1
matched_no_MG,5038,1,1
matched_no_MG,5039,1,1
matched_no_MG,5040,1,1
matched_no_MG,5041,1,1
matched_no_MG,5042,1,1
matched_no_MG,5043,-1,-1
matched_no_MG,5044,1,1
matched_no_MG,5045,1,1
matched_no_MG,5046,1,1
matched_no_MG,5047,1,1
matched_no_MG,5048,1,1
matched_no_MG,5049,1,1
matched_no_MG,5050,1,1
matched_no_MG,5051,-1,-1
matched_no_MG,5052,1,1
matched_no_MG,5053,1,1
matched_no_MG,5054,1,1
matched_no_MG,5055,1,1
matched_no_MG,5056,1,1
matched_no_MG,5057,1,1
matched_no_MG,5058,1,1
matched_no_MG,5059,1,1
matched_no_MG,5060,1,1
matched_no_MG,5061,1,1
matched_no_MG,5062,-1,-1
matched_no_MG,5063,1,1
matched_no_MG,5064,1,1
matched_no_MG,5065,1,1
matched_no_MG,5066,1,1
matched_no_MG,5067,1,1
matched_no_MG,5068,1,1
matched_no_MG,5069,1,1
matched_no_MG,5070,1,1
matched_no_MG,5071,1,1
matched_no_MG,5072,1,1
matched_no_MG,5073,-1,-1
matched_no_MG,5074,1,1
matched_no_MG,5075,1,1
matched_no_MG,5076,1,1
matched_no_MG,5077,1,1
matched_no_MG,5078,1,1
matched_no_MG,5079,1,1
matched_no_MG,5080,1,1
matched_no_MG,5081,1,1
matched_no_MG,5082,1,1
matched_no_MG,5083,1,1
matched_no_MG,5084,1,1
matched_no_MG,5085,1,1
matched_no_MG,5086,1,1
matched_no_MG,5087,1,1
matched_no_MG,5088,1,1
matched_no_MG,5089,1,1
matched_no_MG,5090,-1,-1
matched_no_MG,5091,1,1
matched_no_MG,5092,1,1
matched_no_MG,5093,-1,-1
matched_no_MG,5094,1,1
matched_no_MG,5095,1,1
matched_no_MG,5096,1,1
matched_no_MG,5097,1,1
matched_no_MG,5098,1,1
matched_no_MG,5099,-1,-1
matched_no_MG,5100,1,1
matched_no_MG,5101,1,1
matched_no_MG,5102,1,1
matched_no_MG,5103,-1,-1
matched_no_MG,5104,1,1
matched_no_MG,5105,1,1
matched_no_MG,5106,-1,-1
matched_no_MG,5107,1,1
matched_no_MG,5108,1,1
matched_no_MG,5109,1,1
matched_no_MG,5110,1,1
matched_no_MG,5111,1,1
matched_no_MG,5112,1,1
matched_no_MG,5113,1,1
matched_no_MG,5114,1,1
matched_no_MG,5115,1,1
matched_no_MG,5116,1,1
matched_no_MG,5117,1,1
matched_no_MG,5118,1,1
matched_no_MG,5119,-1,-1
matched_no_MG,5120,1,1
matched_no_MG,5121,1,1
matched_no_MG,5122,1,1
matched_no_MG,5123,1,1
matched_no_MG,5124,1,1
matched_no_MG,5125,1,1
matched_no_MG,5126,1,1
matched_no_MG,5127,1,1
matched_no_MG,5128,1,1
matched_no_MG,5129,1,1
matched_no_MG,5130,1,1
matched_no_MG,5131,1,1
matched_no_MG,5132,-1,-1
matched_no_MG,5133,1,1
matched_no_MG,5134,1,1
matched_no_MG,5135,1,1
matched_no_MG,5136,1,1
matched_no_MG,5137,1,1
matched_no_MG,5138,1,1
matched_no_MG,5139,1,1
matched_no_MG,5140,1,1
matched_no_MG,5141,1,1
matched_no_MG,5142,1,1
matched_no_MG,5143,1,1
matched_no_MG,5144,1,1
matched_no_MG,5145,-1,-1
matched_no_MG,5146,1,1
matched_no_MG,5147,1,1
matched_no_MG,5148,1,1
matched_no_MG,5149,1,1
matched_no_MG,5150,1,1
matched_no_MG,5151,1,1
matched_no_MG,5152,1,1
matched_no_MG,5153,1,1
matched_no_MG,5154,1,1
matched_no_MG,5155,1,1
matched_no_MG,5156,1,1
matched_no_MG,5157,1,1
matched_no_MG,5158,1,1
matched_no_MG,5159,1,1
matched_no_MG,5160,1,1
matched_no_MG,5161,-1,-1
matched_no_MG,5162,1,1
matched_no_MG,5163,1,1
matched_no_MG,5164,1,1
matched_no_MG,5165,1,1
matched_no_MG,5166,1,1
matched_no_MG,5167,1,1
matched_no_MG,5168,1,1
matched_no_MG,5169,-1,-1
matched_no_MG,5170,1,1
matched_no_MG,5171,1,1
matched_no_MG,5172,1,1
matched_no_MG,5173,1,1
matched_no_MG,5174,1,1
matched_no_MG,5175,1,1
matched_no_MG,5176,1,1
matched_no_MG,5177,1,1
matched_no_MG,5178,1,1
matched_no_MG,5179,1,1
matched_no_MG,5180,1,1
matched_no_MG,5181,-1,-1
matched_no_MG,5182,1,1
matched_no_MG,5183,-1,-1
matched_no_MG,5184,1,1
matched_no_MG,5185,-1,-1
matched_no_MG,5186,1,1
matched_no_MG,5187,1,1
matched_no_MG,5188,1,1
matched_no_MG,5189,1,1
matched_no_MG,5190,1,1
matched_no_MG,5191,1,1
matched_no_MG,5192,1,1
matched_no_MG,5193,-1,-1
matched_no_MG,5194,1,1
matched_no_MG,5195,1,1
matched_no_MG,5196,1,1
matched_no_MG,5197,1,1
matched_no_MG,5198,1,1
matched_no_MG,5199,1,1
matched_no_MG,5200,-1,-1
matched_no_MG,5201,1,1
matched_no_MG,5202,1,1
matched_no_MG,5203,1,1
matched_no_MG,5204,1,1
matched_no_MG,5205,1,1
matched_no_MG,5206,1,1
matched_no_MG,5207,1,1
matched_no_MG,5208,1,1
matched_no_MG,5209,1,1
matched_no_MG,5210,1,1
matched_no_MG,5211,1,1
matched_no_MG,5212,1,1
matched_no_MG,5213,-1,-1
matched_no_MG,5214,-1,-1
matched_no_MG,5215,1,1
matched_no_MG,5216,-1,-1
matched_no_MG,5217,1,1
matched_no_MG,5218,1,1
matched_no_MG,5219,-1,-1
matched_no_MG,5220,1,1
matched_no_MG,5221,1,1
matched_no_MG,5222,1,1
matched_no_MG,5223,1,1
matched_no_MG,5224,1,1
matched_no_MG,5225,1,1
matched_no_MG,5226,1,1
matched_no_MG,5227,1,1
matched_no_MG,5228,1,1
matched_no_MG,5229,1,1
matched_no_MG,5230,1,1
matched_no_MG,5231,1,1
matched_no_MG,5232,-1,-1
matched_no_MG,5233,1,1
matched_no_MG,5234,1,1
matched_no_MG,5235,-1,-1
matched_no_MG,5236,1,1
matched_no_MG,5237,1,1
matched_no_MG,5238,1,1
matched_no_MG,5239,1,1
matched_no_MG,5240,1,1
matched_no_MG,5241,1,1
matched_no_MG,5242,1,1
matched_no_MG,5243,1,1
matched_no_MG,5244,-1,-1
matched_no_MG,5245,1,1
matched_no_MG,5246,1,1
matched_no_MG,5247,1,1
matched_no_MG,5248,-1,-1
matched_no_MG,5249,1,1
matched_no_MG,5250,1,1
matched_no_MG,5251,1,1
matched_no_MG,5252,1,1
matched_no_MG,5253,-1,-1
matched_no_MG,5254,1,1
matched_no_MG,5255,1,1
matched_no_MG,5256,1,1
matched_no_MG,5257,1,1
matched_no_MG,5258,1,1
matched_no_MG,5259,-1,-1
matched_no_MG,5260,1,1
matched_no_MG,5261,1,1
matched_no_MG,5262,1,1
matched_no_MG,5263,1,1
matched_no_MG,5264,1,1
matched_no_MG,5265,1,1
matched_no_MG,5266,1,1
matched_no_MG,5267,1,1
matched_no_MG,5268,1,1
matched_no_MG,5269,1,1
matched_no_MG,5270,1,1
matched_no_MG,5271,1,1
matched_no_MG,5272,1,1
matched_no_MG,5273,1,1
matched_no_MG,5274,1,1
matched_no_MG,5275,1,1
matched_no_MG,5276,1,1
matched_no_MG,5277,1,1
matched_no_MG,5278,1,1
matched_no_MG,5279,-1,-1
matched_no_MG,5280,1,1
matched_no_MG,5281,1,1
matched_no_MG,5282,1,1
matched_no_MG,5283,1,1
matched_no_MG,5284,-1,-1
matched_no_MG,5285,1,1
matched_no_MG,5286,1,1
matched_no_MG,5287,1,1
matched_no_MG,5288,1,1
matched_no_MG,5289,1,1
matched_no_MG,5290,1,1
matched_no_MG,5291,1,1
matched_no_MG,5292,1,1
matched_no_MG,5293,1,1
matched_no_MG,5294,1,1
matched_no_MG,5295,1,1
matched_no_MG,5296,1,1
matched_no_MG,5297,1,1
matched_no_MG,5298,1,1
matched_no_MG,5299,-1,-1
matched_no_MG,5300,1,1
matched_no_MG,5301,1,1
matched_no_MG,5302,1,1
matched_no_MG,5303,1,1
matched_no_MG,5304,1,1
matched_no_MG,5305,1,1
matched_no_MG,5306,1,1
matched_no_MG,5307,1,1
matched_no_MG,5308,1,1
matched_no_MG,5309,1,1
matched_no_MG,5310,1,1
matched_no_MG,5311,1,1
matched_no_MG,5312,1,1
matched_no_MG,5313,1,1
matched_no_MG,5314,1,1
matched_no_MG,5315,1,1
matched_no_MG,5316,1,1
matched_no_MG,5317,1,1
matched_no_MG,5318,1,1
matched_no_MG,5319,1,1
matched_no_MG,5320,1,1
matched_no_MG,5321,1,1
matched_no_MG,5322,1,1
matched_no_MG,5323,1,1
matched_no_MG,5324,1,1
matched_no_MG,5325,1,1
matched_no_MG,5326,1,1
matched_no_MG,5327,1,1
matched_no_MG,5328,1,1
matched_no_MG,5329,1,1
matched_no_MG,5330,1,1
matched_no_MG,5331,1,1
matched_no_MG,5332,1,1
matched_no_MG,5333,1,1
matched_no_MG,5334,1,1
matched_no_MG,5335,1,1
matched_no_MG,5336,1,1
matched_no_MG,5337,1,1
matched_no_MG,5338,1,1
matched_no_MG,5339,-1,-1
matched_no_MG,5340,1,1
matched_no_MG,5341,1,1
matched_no_MG,5342,1,1
matched_no_MG,5343,-1,-1
matched_no_MG,5344,1,1
matched_no_MG,5345,1,1
matched_no_MG,5346,1,1
matched_no_MG,5347,1,1
matched_no_MG,5348,-1,-1
matched_no_MG,5349,1,1
matched_no_MG,5350,1,1
matched_no_MG,5351,1,1
matched_no_MG,5352,1,1
matched_no_MG,5353,1,1
matched_no_MG,5354,1,1
matched_no_MG,5355,1,1
matched_no_MG,5356,-1,-1
matched_no_MG,5357,-1,-1
matched_no_MG,5358,-1,-1
matched_no_MG,5359,1,1
matched_no_MG,5360,1,1
matched_no_MG,5361,1,1
matched_no_MG,5362,1,1
matched_no_MG,5363,1,1
matched_no_MG,5364,1,1
matched_no_MG,5365,1,1
matched_no_MG,5366,1,1
matched_no_MG,5367,1,1
matched_no_MG,5368,1,1
matched_no_MG,5369,1,1
matched_no_MG,5370,1,1
matched_no_MG,5371,1,1
matched_no_MG,5372,-1,-1
matched_no_MG,5373,1,1
matched_no_MG,5374,1,1
matched_no_MG,5375,1,1
matched_no_MG,5376,1,1
matched_no_MG,5377,-1,-1
matched_no_MG,5378,-1,-1
matched_no_MG,5379,1,1
matched_no_MG,5380,1,1
matched_no_MG,5381,1,1
matched_no_MG,5382,1,1
matched_no_MG,5383,-1,-1
matched_no_MG,5384,1,1
matched_no_MG,5385,1,1
matched_no_MG,5386,1,1
matched_no_MG,5387,-1,-1
matched_no_MG,5388,1,1
matched_no_MG,5389,1,1
matched_no_MG,5390,1,1
matched_no_MG,5391,1,1
matched_no_MG,5392,1,1
matched_no_MG,5393,1,1
matched_no_MG,5394,1,1
matched_no_MG,5395,1,1
matched_no_MG,5396,1,1
matched_no_MG,5397,1,1
matched_no_MG,5398,1,1
matched_no_MG,5399,1,1
matched_no_MG,5400,-1,-1
matched_no_MG,5401,1,1
matched_no_MG,5402,1,1
matched_no_MG,5403,1,1
matched_no_MG,5404,1,1
matched_no_MG,5405,1,1
matched_no_MG,5406,1,1
matched_no_MG,5407,1,1
matched_no_MG,5408,1,1
matched_no_MG,5409,1,1
matched_no_MG,5410,-1,-1
matched_no_MG,5411,1,1
matched_no_MG,5412,1,1
matched_no_MG,5413,1,1
matched_no_MG,5414,1,1
matched_no_MG,5415,1,1
matched_no_MG,5416,1,1
matched_no_MG,5417,1,1
matched_no_MG,5418,1,1
matched_no_MG,5419,1,1
matched_no_MG,5420,1,1
matched_no_MG,5421,1,1
matched_no_MG,5422,1,1
matched_no_MG,5423,1,1
matched_no_MG,5424,1,1
matched_no_MG,5425,1,1
matched_no_MG,5426,1,1
matched_no_MG,5427,1,1
matched_no_MG,5428,1,1
matched_no_MG,5429,1,1
matched_no_MG,5430,1,1
matched_no_MG,5431,-1,-1
matched_no_MG,5432,1,1
matched_no_MG,5433,1,1
matched_no_MG,5434,1,1
matched_no_MG,5435,1,1
matched_no_MG,5436,1,1
matched_no_MG,5437,-1,-1
matched_no_MG,5438,1,1
matched_no_MG,5439,1,1
matched_no_MG,5440,1,1
matched_no_MG,5441,1,1
matched_no_MG,5442,1,1
matched_no_MG,5443,1,1
matched_no_MG,5444,1,1
matched_no_MG,5445,-1,-1
matched_no_MG,5446,1,1
matched_no_MG,5447,1,1
matched_no_MG,5448,1,1
matched_no_MG,5449,1,1
matched_no_MG,5450,1,1
matched_no_MG,5451,1,1
matched_no_MG,5452,1,1
matched_no_MG,5453,1,1
matched_no_MG,5454,1,1
matched_no_MG,5455,1,1
matched_no_MG,5456,1,1
matched_no_MG,5457,1,1
matched_no_MG,5458,1,1
matched_no_MG,5459,-1,-1
matched_no_MG,5460,1,1
matched_no_MG,5461,-1,-1
matched_no_MG,5462,1,1
matched_no_MG,5463,1,1
matched_no_MG,5464,1,1
matched_no_MG,5465,1,1
matched_no_MG,5466,1,1
matched_no_MG,5467,1,1
matched_no_MG,5468,1,1
matched_no_MG,5469,1,1
matched_no_MG,5470,-1,-1
matched_no_MG,5471,1,1
matched_no_MG,5472,1,1
matched_no_MG,5473,1,1
matched_no_MG,5474,1,1
matched_no_MG,5475,1,1
matched_no_MG,5476,-1,-1
matched_no_MG,5477,1,1
matched_no_MG,5478,1,1
matched_no_MG,5479,-1,-1
matched_no_MG,5480,1,1
matched_no_MG,5481,1,1
matched_no_MG,5482,1,1
matched_no_MG,5483,1,1
matched_no_MG,5484,1,1
matched_no_MG,5485,-1,1
matched_no_MG,5486,1,1
matched_no_MG,5487,1,1
matched_no_MG,5488,1,1
matched_no_MG,5489,1,1
matched_no_MG,5490,1,1
matched_no_MG,5491,1,1
matched_no_MG,5492,1,1
matched_no_MG,5493,1,1
matched_no_MG,5494,1,1
matched_no_MG,5495,1,1
matched_no_MG,5496,1,1
matched_no_MG,5497,1,1
matched_no_MG,5498,1,1
matched_no_MG,5499,1,1
matched_no_MG,5500,1,1
matched_no_MG,5501,1,1
matched_no_MG,5502,1,1
matched_no_MG,5503,1,1
matched_no_MG,5504,1,1
matched_no_MG,5505,1,1
matched_no_MG,5506,1,1
matched_no_MG,5507,1,1
matched_no_MG,5508,-1,-1
matched_no_MG,5509,1,1
matched_no_MG,5510,1,1
matched_no_MG,5511,1,1
matched_no_MG,5512,1,1
matched_no_MG,5513,1,1
matched_no_MG,5514,1,1
matched_no_MG,5515,1,1
matched_no_MG,5516,1,1
matched_no_MG,5517,1,1
matched_no_MG,5518,1,1
matched_no_MG,5519,1,1
matched_no_MG,5520,1,1
matched_no_MG,5521,1,1
matched_no_MG,5522,1,1
matched_no_MG,5523,1,1
matched_no_MG,5524,-1,-1
matched_no_MG,5525,1,1
matched_no_MG,5526,1,1
matched_no_MG,5527,-1,-1
matched_no_MG,5528,1,1
matched_no_MG,5529,1,1
matched_no_MG,5530,1,1
matched_no_MG,5531,1,1
matched_no_MG,5532,1,1
matched_no_MG,5533,-1,-1
matched_no_MG,5534,1,1
matched_no_MG,5535,1,1
matched_no_MG,5536,1,1
matched_no_MG,5537,1,1
matched_no_MG,5538,1,1
matched_no_MG,5539,1,1
matched_no_MG,5540,1,1
matched_no_MG,5541,1,1
matched_no_MG,5542,1,1
matched_no_MG,5543,1,1
matched_no_MG,5544,1,1
matched_no_MG,5545,1,1
matched_no_MG,5546,1,1
matched_no_MG,5547,1,1
matched_no_MG,5548,1,1
matched_no_MG,5549,1,1
matched_no_MG,5550,1,1
matched_no_MG,5551,-1,-1
matched_no_MG,5552,1,1
matched_no_MG,5553,1,1
matched_no_MG,5554,1,1
matched_no_MG,5555,1,1
matched_no_MG,5556,1,1
matched_no_MG,5557,1,1
matched_no_MG,5558,1,1
matched_no_MG,5559,1,1
matched_no_MG,5560,1,1
matched_no_MG,5561,1,1
matched_no_MG,5562,1,1
matched_no_MG,5563,1,1
matched_no_MG,5564,1,1
matched_no_MG,5565,1,1
matched_no_MG,5566,1,1
matched_no_MG,5567,1,1
matched_no_MG,5568,-1,-1
matched_no_MG,5569,1,1
matched_no_MG,5570,1,1
matched_no_MG,5571,1,1
matched_no_MG,5572,1,1
matched_no_MG,5573,1,1
matched_no_MG,5574,1,1
matched_no_MG,5575,-1,-1
matched_no_MG,5576,1,1
matched_no_MG,5577,1,1
matched_no_MG,5578,1,1
matched_no_MG,5579,1,1
matched_no_MG,5580,1,1
matched_no_MG,5581,1,1
matched_no_MG,5582,1,1
matched_no_MG,5583,1,1
matched_no_MG,5584,1,1
matched_no_MG,5585,1,1
matched_no_MG,5586,1,1
matched_no_MG,5587,1,1
matched_no_MG,5588,1,1
matched_no_MG,5589,1,1
matched_no_MG,5590,1,1
matched_no_MG,5591,1,1
matched_no_MG,5592,1,1
matched_no_MG,5593,1,1
matched_no_MG,5594,1,1
matched_no_MG,5595,1,1
matched_no_MG,5596,1,1
matched_no_MG,5597,1,1
matched_no_MG,5598,1,1
matched_no_MG,5599,1,1
matched_no_MG,5600,1,1
matched_no_MG,5601,1,1
matched_no_MG,5602,1,1
matched_no_MG,5603,1,1
matched_no_MG,5604,-1,-1
matched_no_MG,5605,1,1
matched_no_MG,5606,1,1
matched_no_MG,5607,1,1
matched_no_MG,5608,1,1
matched_no_MG,5609,1,1
matched_no_MG,5610,1,1
matched_no_MG,5611,1,1
matched_no_MG,5612,1,1
matched_no_MG,5613,1,1
matched_no_MG,5614,1,1
matched_no_MG,5615,1,1
matched_no_MG,5616,1,1
matched_no_MG,5617,1,1
matched_no_MG,5618,1,1
matched_no_MG,5619,1,1
matched_no_MG,5620,1,1
matched_no_MG,5621,1,1
matched_no_MG,5622,1,1
matched_no_MG,5623,1,1
matched_no_MG,5624,1,1
matched_no_MG,5625,1,1
matched_no_MG,5626,1,1
matched_no_MG,5627,1,1
matched_no_MG,5628,1,1
matched_no_MG,5629,1,1
matched_no_MG,5630,1,1
matched_no_MG,5631,1,1
matched_no_MG,5632,1,1
matched_no_MG,5633,-1,-1
matched_no_MG,5634,1,1
matched_no_MG,5635,-1,-1
matched_no_MG,5636,1,1
matched_no_MG,5637,1,1
matched_no_MG,5638,1,1
matched_no_MG,5639,1,1
matched_no_MG,5640,1,1
matched_no_MG,5641,-1,-1
matched_no_MG,5642,1,1
matched_no_MG,5643,1,1
matched_no_MG,5644,-1,-1
matched_no_MG,5645,1,1
matched_no_MG,5646,-1,-1
matched_no_MG,5647,1,1
matched_no_MG,5648,-1,-1
matched_no_MG,5649,1,1
matched_no_MG,5650,1,1
matched_no_MG,5651,-1,-1
matched_no_MG,5652,1,1
matched_no_MG,5653,1,1
matched_no_MG,5654,1,1
matched_no_MG,5655,-1,-1
matched_no_MG,5656,1,1
matched_no_MG,5657,1,1
matched_no_MG,5658,1,1
matched_no_MG,5659,1,1
matched_no_MG,5660,1,1
matched_no_MG,5661,1,1
matched_no_MG,5662,1,1
matched_no_MG,5663,1,1
matched_no_MG,5664,1,1
matched_no_MG,5665,-1,-1
matched_no_MG,5666,1,1
matched_no_MG,5667,1,1
matched_no_MG,5668,1,1
matched_no_MG,5669,1,1
matched_no_MG,5670,1,1
matched_no_MG,5671,1,1
matched_no_MG,5672,1,1
matched_no_MG,5673,1,1
matched_no_MG,5674,1,1
matched_no_MG,5675,1,1
matched_no_MG,5676,1,1
matched_no_MG,5677,1,1
matched_no_MG,5678,1,1
matched_no_MG,5679,1,1
matched_no_MG,5680,1,1
matched_no_MG,5681,1,1
matched_no_MG,5682,1,1
matched_no_MG,5683,1,1
matched_no_MG,5684,1,1
matched_no_MG,5685,1,1
matched_no_MG,5686,1,1
matched_no_MG,5687,1,1
matched_no_MG,5688,1,1
matched_no_MG,5689,1,1
matched_no_MG,5690,1,1
matched_no_MG,5691,1,1
matched_no_MG,5692,1,1
matched_no_MG,5693,1,1
matched_no_MG,5694,1,1
matched_no_MG,5695,1,1
matched_no_MG,5696,1,1
matched_no_MG,5697,1,1
matched_no_MG,5698,1,1
matched_no_MG,5699,1,1
matched_no_MG,5700,1,1
matched_no_MG,5701,-1,-1
matched_no_MG,5702,1,1
matched_no_MG,5703,1,1
matched_no_MG,5704,1,1
matched_no_MG,5705,1,1
matched_no_MG,5706,-1,-1
matched_no_MG,5707,-1,-1
matched_no_MG,5708,-1,-1
matched_no_MG,5709,1,1
matched_no_MG,5710,-1,-1
matched_no_MG,5711,1,1
matched_no_MG,5712,1,1
matched_no_MG,5713,1,1
matched_no_MG,5714,1,1
matched_no_MG,5715,1,1
matched_no_MG,5716,1,1
matched_no_MG,5717,1,1
matched_no_MG,5718,1,1
matched_no_MG,5719,1,1
matched_no_MG,5720,1,1
matched_no_MG,5721,1,1
matched_no_MG,5722,1,1
matched_no_MG,5723,1,1
matched_no_MG,5724,1,1
matched_no_MG,5725,1,1
matched_no_MG,5726,1,1
matched_no_MG,5727,1,1
matched_no_MG,5728,1,1
matched_no_MG,5729,1,1
matched_no_MG,5730,1,1
matched_no_MG,5731,1,1
matched_no_MG,5732,1,1
matched_no_MG,5733,1,1
matched_no_MG,5734,1,1
matched_no_MG,5735,1,1
matched_no_MG,5736,1,1
matched_no_MG,5737,1,1
matched_no_MG,5738,1,1
matched_no_MG,5739,1,1
matched_no_MG,5740,-1,-1
matched_no_MG,5741,1,1
matched_no_MG,5742,1,1
matched_no_MG,5743,1,1
matched_no_MG,5744,1,1
matched_no_MG,5745,1,1
matched_no_MG,5746,1,1
matched_no_MG,5747,1,1
matched_no_MG,5748,1,1
matched_no_MG,5749,1,1
matched_no_MG,5750,1,1
matched_no_MG,5751,1,1
matched_no_MG,5752,-1,-1
matched_no_MG,5753,1,1
matched_no_MG,5754,1,1
matched_no_MG,5755,1,1
matched_no_MG,5756,1,1
matched_no_MG,5757,1,1
matched_no_MG,5758,1,1
matched_no_MG,5759,1,1
matched_no_MG,5760,1,1
matched_no_MG,5761,1,1
matched_no_MG,5762,1,1
matched_no_MG,5763,-1,-1
matched_no_MG,5764,1,1
matched_no_MG,5765,1,1
matched_no_MG,5766,1,1
matched_no_MG,5767,1,1
matched_no_MG,5768,-1,-1
matched_no_MG,5769,-1,-1
matched_no_MG,5770,1,1
matched_no_MG,5771,1,1
matched_no_MG,5772,1,1
matched_no_MG,5773,1,1
matched_no_MG,5774,1,1
matched_no_MG,5775,1,1
matched_no_MG,5776,1,1
matched_no_MG,5777,1,1
matched_no_MG,5778,1,1
matched_no_MG,5779,1,1
matched_no_MG,5780,1,1
matched_no_MG,5781,-1,-1
matched_no_MG,5782,1,1
matched_no_MG,5783,1,1
matched_no_MG,5784,1,1
matched_no_MG,5785,1,1
matched_no_MG,5786,1,1
matched_no_MG,5787,1,1
matched_no_MG,5788,1,1
matched_no_MG,5789,1,1
matched_no_MG,5790,1,1
matched_no_MG,5791,1,1
matched_no_MG,5792,1,1
matched_no_MG,5793,1,1
matched_no_MG,5794,1,1
matched_no_MG,5795,1,1
matched_no_MG,5796,1,1
matched_no_MG,5797,1,1
matched_no_MG,5798,1,1
matched_no_MG,5799,1,1
matched_no_MG,5800,1,1
matched_no_MG,5801,1,1
matched_no_MG,5802,1,1
matched_no_MG,5803,1,1
matched_no_MG,5804,1,1
matched_no_MG,5805,1,1
matched_no_MG,5806,1,1
matched_no_MG,5807,1,1
matched_no_MG,5808,1,1
matched_no_MG,5809,1,1
matched_no_MG,5810,1,1
matched_no_MG,5811,1,1
matched_no_MG,5812,1,1
matched_no_MG,5813,1,1
matched_no_MG,5814,1,1
matched_no_MG,5815,1,1
matched_no_MG,5816,1,1
matched_no_MG,5817,1,1
matched_no_MG,5818,-1,-1
matched_no_MG,5819,1,1
matched_no_MG,5820,1,1
matched_no_MG,5821,1,1
matched_no_MG,5822,1,1
matched_no_MG,5823,-1,-1
matched_no_MG,5824,1,1
matched_no_MG,5825,1,1
matched_no_MG,5826,1,1
matched_no_MG,5827,1,1
matched_no_MG,5828,-1,-1
matched_no_MG,5829,1,1
matched_no_MG,5830,1,1
matched_no_MG,5831,1,1
matched_no_MG,5832,-1,-1
matched_no_MG,5833,1,1
matched_no_MG,5834,1,1
matched_no_MG,5835,1,1
matched_no_MG,5836,1,1
matched_no_MG,5837,1,1
matched_no_MG,5838,1,1
matched_no_MG,5839,-1,-1
matched_no_MG,5840,1,1
matched_no_MG,5841,1,1
matched_no_MG,5842,1,1
matched_no_MG,5843,1,1
matched_no_MG,5844,1,1
matched_no_MG,5845,1,1
matched_no_MG,5846,1,1
matched_no_MG,5847,1,1
matched_no_MG,5848,1,1
matched_no_MG,5849,1,1
matched_no_MG,5850,-1,-1
matched_no_MG,5851,1,1
matched_no_MG,5852,1,1
matched_no_MG,5853,1,1
matched_no_MG,5854,1,1
matched_no_MG,5855,1,1
matched_no_MG,5856,1,1
matched_no_MG,5857,1,1
matched_no_MG,5858,-1,-1
matched_no_MG,5859,1,1
matched_no_MG,5860,-1,-1
matched_no_MG,5861,1,1
matched_no_MG,5862,1,1
matched_no_MG,5863,1,1
matched_no_MG,5864,1,1
matched_no_MG,5865,1,1
matched_no_MG,5866,-1,-1
matched_no_MG,5867,1,1
matched_no_MG,5868,1,1
matched_no_MG,5869,1,1
matched_no_MG,5870,1,1
matched_no_MG,5871,1,1
matched_no_MG,5872,1,1
matched_no_MG,5873,1,1
matched_no_MG,5874,1,1
matched_no_MG,5875,1,1
matched_no_MG,5876,1,1
matched_no_MG,5877,1,1
matched_no_MG,5878,1,1
matched_no_MG,5879,1,1
matched_no_MG,5880,1,1
matched_no_MG,5881,1,1
matched_no_MG,5882,1,1
matched_no_MG,5883,1,1
matched_no_MG,5884,1,1
matched_no_MG,5885,1,1
matched_no_MG,5886,1,1
matched_no_MG,5887,1,1
matched_no_MG,5888,1,1
matched_no_MG,5889,-1,-1
matched_no_MG,5890,1,1
matched_no_MG,5891,1,1
matched_no_MG,5892,-1,-1
matched_no_MG,5893,1,1
matched_no_MG,5894,1,1
matched_no_MG,5895,1,1
matched_no_MG,5896,1,1
matched_no_MG,5897,1,1
matched_no_MG,5898,1,1
matched_no_MG,5899,1,1
matched_no_MG,5900,1,1
matched_no_MG,5901,1,1
matched_no_MG,5902,1,1
matched_no_MG,5903,1,1
matched_no_MG,5904,1,1
matched_no_MG,5905,-1,-1
matched_no_MG,5906,1,1
matched_no_MG,5907,1,1
matched_no_MG,5908,1,1
matched_no_MG,5909,1,1
matched_no_MG,5910,-1,-1
matched_no_MG,5911,1,1
matched_no_MG,5912,1,1
matched_no_MG,5913,1,1
matched_no_MG,5914,1,1
matched_no_MG,5915,1,1
matched_no_MG,5916,1,1
matched_no_MG,5917,1,1
matched_no_MG,5918,-1,1
matched_no_MG,5919,1,1
matched_no_MG,5920,1,1
matched_no_MG,5921,1,1
matched_no_MG,5922,1,1
matched_no_MG,5923,1,1
matched_no_MG,5924,1,1
matched_no_MG,5925,1,1
matched_no_MG,5926,1,1
matched_no_MG,5927,1,1
matched_no_MG,5928,1,1
matched_no_MG,5929,1,1
matched_no_MG,5930,1,1
matched_no_MG,5931,1,1
matched_no_MG,5932,1,1
matched_no_MG,5933,1,1
matched_no_MG,5934,1,1
matched_no_MG,5935,1,1
matched_no_MG,5936,1,1
matched_no_MG,5937,1,1
matched_no_MG,5938,1,1
matched_no_MG,5939,1,1
matched_no_MG,5940,1,1
matched_no_MG,5941,1,1
matched_no_MG,5942,1,1
matched_no_MG,5943,1,1
matched_no_MG,5944,1,1
matched_no_MG,5945,1,1
matched_no_MG,5946,1,1
matched_no_MG,5947,1,1
matched_no_MG,5948,1,1
matched_no_MG,5949,1,1
matched_no_MG,5950,1,1
matched_no_MG,5951,1,1
matched_no_MG,5952,1,1
matched_no_MG,5953,1,1
matched_no_MG,5954,1,1
matched_no_MG,5955,1,1
matched_no_MG,5956,1,1
matched_no_MG,5957,1,1
matched_no_MG,5958,1,1
matched_no_MG,5959,1,1
matched_no_MG,5960,1,1
matched_no_MG,5961,1,1
matched_no_MG,5962,-1,-1
matched_no_MG,5963,1,1
matched_no_MG,5964,1,1
matched_no_MG,5965,1,1
matched_no_MG,5966,1,1
matched_no_MG,5967,1,1
matched_no_MG,5968,1,1
matched_no_MG,5969,1,1
matched_no_MG,5970,1,1
matched_no_MG,5971,1,1
matched_no_MG,5972,1,1
matched_no_MG,5973,1,1
matched_no_MG,5974,-1,-1
matched_no_MG,5975,1,1
matched_no_MG,5976,1,1
matched_no_MG,5977,1,1
matched_no_MG,5978,1,1
matched_no_MG,5979,1,1
matched_no_MG,5980,1,1
matched_no_MG,5981,1,1
matched_no_MG,5982,1,1
matched_no_MG,5983,1,1
matched_no_MG,5984,1,1
matched_no_MG,5985,1,1
matched_no_MG,5986,1,1
matched_no_MG,5987,1,1
matched_no_MG,5988,1,1
matched_no_MG,5989,1,1
matched_no_MG,5990,1,1
matched_no_MG,5991,1,1
matched_no_MG,5992,1,1
matched_no_MG,5993,1,1
matched_no_MG,5994,1,1
matched_no_MG,5995,1,1
matched_no_MG,5996,1,1
matched_no_MG,5997,1,1
matched_no_MG,5998,1,1
matched_no_MG,5999,1,1
matched_no_MG,6000,-1,-1
matched_no_MG,6001,1,1
matched_no_MG,6002,1,1
matched_no_MG,6003,1,1
matched_no_MG,6004,1,1
matched_no_MG,6005,1,1
matched_no_MG,6006,1,1
matched_no_MG,6007,-1,-1
matched_no_MG,6008,1,1
matched_no_MG,6009,1,1
matched_no_MG,6010,1,1
matched_no_MG,6011,1,1
matched_no_MG,6012,1,1
matched_no_MG,6013,1,1
matched_no_MG,6014,1,1
matched_no_MG,6015,1,1
matched_no_MG,6016,1,1
matched_no_MG,6017,1,1
matched_no_MG,6018,1,1
matched_no_MG,6019,1,1
matched_no_MG,6020,1,1
matched_no_MG,6021,1,1
matched_no_MG,6022,1,1
matched_no_MG,6023,-1,-1
matched_no_MG,6024,1,1
matched_no_MG,6025,1,1
matched_no_MG,6026,-1,-1
matched_no_MG,6027,1,1
matched_no_MG,6028,1,1
matched_no_MG,6029,1,1
matched_no_MG,6030,1,1
matched_no_MG,6031,1,1
matched_no_MG,6032,1,1
matched_no_MG,6033,1,1
matched_no_MG,6034,1,1
matched_no_MG,6035,-1,-1
matched_no_MG,6036,1,1
matched_no_MG,6037,1,1
matched_no_MG,6038,1,1
matched_no_MG,6039,1,1
matched_no_MG,6040,1,1
matched_no_MG,6041,1,1
matched_no_MG,6042,1,1
matched_no_MG,6043,1,1
matched_no_MG,6044,1,1
matched_no_MG,6045,1,1
matched_no_MG,6046,1,1
matched_no_MG,6047,1,1
matched_no_MG,6048,1,1
matched_no_MG,6049,-1,-1
matched_no_MG,6050,1,1
matched_no_MG,6051,1,1
matched_no_MG,6052,-1,-1
matched_no_MG,6053,1,1
matched_no_MG,6054,1,1
matched_no_MG,6055,1,1
matched_no_MG,6056,-1,-1
matched_no_MG,6057,1,1
matched_no_MG,6058,1,1
matched_no_MG,6059,1,1
matched_no_MG,6060,1,1
matched_no_MG,6061,1,1
matched_no_MG,6062,1,1
matched_no_MG,6063,1,1
matched_no_MG,6064,1,1
matched_no_MG,6065,1,1
matched_no_MG,6066,1,1
matched_no_MG,6067,1,1
matched_no_MG,6068,1,1
matched_no_MG,6069,1,1
matched_no_MG,6070,1,1
matched_no_MG,6071,1,1
matched_no_MG,6072,1,1
matched_no_MG,6073,1,1
matched_no_MG,6074,-1,-1
matched_no_MG,6075,1,1
matched_no_MG,6076,1,1
matched_no_MG,6077,1,1
matched_no_MG,6078,1,1
matched_no_MG,6079,1,1
matched_no_MG,6080,1,1
matched_no_MG,6081,1,1
matched_no_MG,6082,1,1
matched_no_MG,6083,1,1
matched_no_MG,6084,1,1
matched_no_MG,6085,1,1
matched_no_MG,6086,1,1
matched_no_MG,6087,1,1
matched_no_MG,6088,1,1
matched_no_MG,6089,-1,-1
matched_no_MG,6090,1,1
matched_no_MG,6091,1,1
matched_no_MG,6092,1,1
matched_no_MG,6093,1,1
matched_no_MG,6094,1,1
matched_no_MG,6095,1,1
matched_no_MG,6096,-1,-1
matched_no_MG,6097,1,1
matched_no_MG,6098,1,1
matched_no_MG,6099,1,1
matched_no_MG,6100,1,1
matched_no_MG,6101,1,1
matched_no_MG,6102,1,1
matched_no_MG,6103,1,1
matched_no_MG,6104,1,1
matched_no_MG,6105,1,1
matched_no_MG,6106,1,1
matched_no_MG,6107,1,1
matched_no_MG,6108,1,1
matched_no_MG,6109,1,1
matched_no_MG,6110,-1,-1
matched_no_MG,6111,1,1
matched_no_MG,6112,1,1
matched_no_MG,6113,1,1
matched_no_MG,6114,1,1
matched_no_MG,6115,1,1
matched_no_MG,6116,1,1
matched_no_MG,6117,1,1
matched_no_MG,6118,1,1
matched_no_MG,6119,1,1
matched_no_MG,6120,1,1
matched_no_MG,6121,1,1
matched_no_MG,6122,1,1
matched_no_MG,6123,-1,-1
matched_no_MG,6124,1,1
matched_no_MG,6125,1,1
matched_no_MG,6126,1,1
matched_no_MG,6127,1,1
matched_no_MG,6128,1,1
matched_no_MG,6129,1,1
matched_no_MG,6130,1,1
matched_no_MG,6131,1,1
matched_no_MG,6132,1,1
matched_no_MG,6133,1,1
matched_no_MG,6134,1,1
matched_no_MG,6135,1,1
matched_no_MG,6136,1,1
matched_no_MG,6137,1,1
matched_no_MG,6138,1,1
matched_no_MG,6139,1,1
matched_no_MG,6140,1,1
matched_no_MG,6141,1,1
matched_no_MG,6142,1,1
matched_no_MG,6143,1,1
matched_no_MG,6144,1,1
matched_no_MG,6145,1,1
matched_no_MG,6146,1,1
matched_no_MG,6147,1,1
matched_no_MG,6148,1,1
matched_no_MG,6149,1,1
matched_no_MG,6150,1,1
matched_no_MG,6151,1,1
matched_no_MG,6152,1,1
matched_no_MG,6153,1,1
matched_no_MG,6154,1,1
matched_no_MG,6155,1,1
matched_no_MG,6156,1,1
matched_no_MG,6157,1,1
matched_no_MG,6158,1,1
matched_no_MG,6159,1,1
matched_no_MG,6160,-1,-1
matched_no_MG,6161,-1,-1
matched_no_MG,6162,1,1
matched_no_MG,6163,1,1
raw_SVC,0,1,1
raw_SVC,1,1,1
raw_SVC,2,1,1
raw_SVC,3,1,1
raw_SVC,4,1,1
raw_SVC,5,1,1
raw_SVC,6,-1,-1
raw_SVC,7,1,1
raw_SVC,8,1,1
raw_SVC,9,1,1
raw_SVC,10,1,1
raw_SVC,11,1,1
raw_SVC,12,1,1
raw_SVC,13,1,1
raw_SVC,14,1,1
raw_SVC,15,1,1
raw_SVC,16,1,1
raw_SVC,17,1,1
raw_SVC,18,1,1
raw_SVC,19,1,1
raw_SVC,20,1,1
raw_SVC,21,1,1
raw_SVC,22,1,1
raw_SVC,23,1,1
raw_SVC,24,1,1
raw_SVC,25,1,1
raw_SVC,26,1,1
raw_SVC,27,1,1
raw_SVC,28,1,1
raw_SVC,29,1,1
raw_SVC,30,1,1
raw_SVC,31,1,1
raw_SVC,32,1,1
raw_SVC,33,1,1
raw_SVC,34,1,1
raw_SVC,35,1,1
raw_SVC,36,1,1
raw_SVC,37,1,1
raw_SVC,38,1,1
raw_SVC,39,1,1
raw_SVC,40,1,1
raw_SVC,41,1,1
raw_SVC,42,1,1
raw_SVC,43,1,1
raw_SVC,44,1,1
raw_SVC,45,1,1
raw_SVC,46,1,1
raw_SVC,47,1,1
raw_SVC,48,1,1
raw_SVC,49,1,1
raw_SVC,50,1,1
raw_SVC,51,1,1
raw_SVC,52,1,1
raw_SVC,53,1,1
raw_SVC,54,1,1
raw_SVC,55,1,1
raw_SVC,56,1,1
raw_SVC,57,1,1
raw_SVC,58,1,1
raw_SVC,59,1,1
raw_SVC,60,-1,-1
raw_SVC,61,1,1
raw_SVC,62,1,1
raw_SVC,63,1,1
raw_SVC,64,1,1
raw_SVC,65,1,1
raw_SVC,66,1,1
raw_SVC,67,1,1
raw_SVC,68,1,1
raw_SVC,69,1,1
raw_SVC,70,1,1
raw_SVC,71,1,1
raw_SVC,72,1,1
raw_SVC,73,1,1
raw_SVC,74,1,1
raw_SVC,75,-1,-1
raw_SVC,76,1,1
raw_SVC,77,1,1
raw_SVC,78,1,1
raw_SVC,79,1,1
raw_SVC,80,1,1
raw_SVC,81,1,1
raw_SVC,82,1,1
raw_SVC,83,-1,-1
raw_SVC,84,1,1
raw_SVC,85,1,1
raw_SVC,86,1,1
raw_SVC,87,1,1
raw_SVC,88,-1,-1
raw_SVC,89,1,1
raw_SVC,90,1,1
raw_SVC,91,1,1
raw_SVC,92,1,1
raw_SVC,93,1,1
raw_SVC,94,1,1
raw_SVC,95,1,1
raw_SVC,96,1,1
raw_SVC,97,1,1
raw_SVC,98,1,1
raw_SVC,99,1,1
raw_SVC,100,1,1
raw_SVC,101,1,1
raw_SVC,102,1,1
raw_SVC,103,1,1
raw_SVC,104,-1,-1
raw_SVC,105,1,1
raw_SVC,106,1,1
raw_SVC,107,1,1
raw_SVC,108,1,1
raw_SVC,109,1,1
raw_SVC,110,-1,-1
raw_SVC,111,1,1
raw_SVC,112,1,1
raw_SVC,113,1,1
raw_SVC,114,1,1
raw_SVC,115,1,1
raw_SVC,116,1,1
raw_SVC,117,1,1
raw_SVC,118,1,1
raw_SVC,119,1,1
raw_SVC,120,1,1
raw_SVC,121,1,1
raw_SVC,122,-1,-1
raw_SVC,123,1,1
raw_SVC,124,1,1
raw_SVC,125,1,1
raw_SVC,126,1,1
raw_SVC,127,1,1
raw_SVC,128,1,1
raw_SVC,129,1,1
raw_SVC,130,1,1
raw_SVC,131,-1,-1
raw_SVC,132,1,1
raw_SVC,133,1,1
raw_SVC,134,1,1
raw_SVC,135,-1,-1
raw_SVC,136,1,1
raw_SVC,137,1,1
raw_SVC,138,1,1
raw_SVC,139,1,1
raw_SVC,140,1,1
raw_SVC,141,1,1
raw_SVC,142,1,1
raw_SVC,143,1,1
raw_SVC,144,1,1
raw_SVC,145,1,1
raw_SVC,146,1,1
raw_SVC,147,-1,-1
raw_SVC,148,1,1
raw_SVC,149,1,1
raw_SVC,150,1,1
raw_SVC,151,1,1
raw_SVC,152,1,1
raw_SVC,153,1,1
raw_SVC,154,-1,-1
raw_SVC,155,1,1
raw_SVC,156,1,1
raw_SVC,157,1,1
raw_SVC,158,1,1
raw_SVC,159,1,1
raw_SVC,160,1,1
raw_SVC,161,1,1
raw_SVC,162,1,1
raw_SVC,163,-1,-1
raw_SVC,164,1,1
raw_SVC,165,1,1
raw_SVC,166,1,1
raw_SVC,167,1,1
raw_SVC,168,1,1
raw_SVC,169,1,1
raw_SVC,170,1,1
raw_SVC,171,1,1
raw_SVC,172,1,1
raw_SVC,173,1,1
raw_SVC,174,1,1
raw_SVC,175,1,1
raw_SVC,176,1,1
raw_SVC,177,1,1
raw_SVC,178,1,1
raw_SVC,179,1,1
raw_SVC,180,1,1
raw_SVC,181,1,-1
raw_SVC,182,1,1
raw_SVC,183,1,1
raw_SVC,184,1,1
raw_SVC,185,1,1
raw_SVC,186,1,1
raw_SVC,187,1,1
raw_SVC,188,1,1
raw_SVC,189,1,1
raw_SVC,190,1,1
raw_SVC,191,1,1
raw_SVC,192,1,1
raw_SVC,193,1,1
raw_SVC,194,1,1
raw_SVC,195,1,1
raw_SVC,196,1,1
raw_SVC,197,1,1
raw_SVC,198,1,1
raw_SVC,199,1,1
raw_SVC,200,1,1
raw_SVC,201,-1,-1
raw_SVC,202,1,1
raw_SVC,203,-1,-1
raw_SVC,204,-1,-1
raw_SVC,205,1,1
raw_SVC,206,1,1
raw_SVC,207,1,1
raw_SVC,208,1,1
raw_SVC,209,1,1
raw_SVC,210,1,1
raw_SVC,211,1,1
raw_SVC,212,1,1
raw_SVC,213,1,1
raw_SVC,214,1,1
raw_SVC,215,1,-1
raw_SVC,216,-1,-1
raw_SVC,217,1,1
raw_SVC,218,1,1
raw_SVC,219,1,1
raw_SVC,220,-1,-1
raw_SVC,221,1,1
raw_SVC,222,1,1
raw_SVC,223,-1,-1
raw_SVC,224,1,1
raw_SVC,225,1,1
raw_SVC,226,1,1
raw_SVC,227,1,1
raw_SVC,228,-1,-1
raw_SVC,229,1,1
raw_SVC,230,1,1
raw_SVC,231,1,1
raw_SVC,232,1,1
raw_SVC,233,1,1
raw_SVC,234,1,1
raw_SVC,235,1,1
raw_SVC,236,-1,-1
raw_SVC,237,1,1
raw_SVC,238,1,1
raw_SVC,239,1,1
raw_SVC,240,1,1
raw_SVC,241,-1,-1
raw_SVC,242,1,1
raw_SVC,243,1,1
raw_SVC,244,1,1
raw_SVC,245,1,1
raw_SVC,246,-1,-1
raw_SVC,247,1,1
raw_SVC,248,1,1
raw_SVC,249,1,1
raw_SVC,250,1,1
raw_SVC,251,1,1
raw_SVC,252,1,1
raw_SVC,253,1,1
raw_SVC,254,-1,-1
raw_SVC,255,1,1
raw_SVC,256,1,1
raw_SVC,257,1,1
raw_SVC,258,1,1
raw_SVC,259,1,1
raw_SVC,260,1,1
raw_SVC,261,1,1
raw_SVC,262,1,1
raw_SVC,263,-1,-1
raw_SVC,264,1,1
raw_SVC,265,1,1
raw_SVC,266,1,1
raw_SVC,267,-1,-1
raw_SVC,268,1,1
raw_SVC,269,-1,-1
raw_SVC,270,1,1
raw_SVC,271,1,1
raw_SVC,272,1,1
raw_SVC,273,1,1
raw_SVC,274,1,1
raw_SVC,275,1,1
raw_SVC,276,1,1
raw_SVC,277,1,1
raw_SVC,278,1,1
raw_SVC,279,1,1
raw_SVC,280,1,1
raw_SVC,281,1,1
raw_SVC,282,1,1
raw_SVC,283,1,1
raw_SVC,284,1,1
raw_SVC,285,1,1
raw_SVC,286,1,1
raw_SVC,287,1,1
raw_SVC,288,-1,-1
raw_SVC,289,1,1
raw_SVC,290,1,1
raw_SVC,291,1,1
raw_SVC,292,1,1
raw_SVC,293,1,1
raw_SVC,294,1,1
raw_SVC,295,1,1
raw_SVC,296,1,1
raw_SVC,297,-1,-1
raw_SVC,298,1,1
raw_SVC,299,1,1
raw_SVC,300,1,1
raw_SVC,301,1,1
raw_SVC,302,1,1
raw_SVC,303,1,1
raw_SVC,304,1,1
raw_SVC,305,1,1
raw_SVC,306,1,1
raw_SVC,307,1,1
raw_SVC,308,1,1
raw_SVC,309,1,1
raw_SVC,310,1,1
raw_SVC,311,1,1
raw_SVC,312,1,1
raw_SVC,313,1,1
raw_SVC,314,1,1
raw_SVC,315,1,1
raw_SVC,316,-1,-1
raw_SVC,317,1,1
raw_SVC,318,1,1
raw_SVC,319,1,1
raw_SVC,320,1,1
raw_SVC,321,1,1
raw_SVC,322,1,1
raw_SVC,323,1,1
raw_SVC,324,1,1
raw_SVC,325,1,1
raw_SVC,326,1,1
raw_SVC,327,1,1
raw_SVC,328,1,1
raw_SVC,329,1,1
raw_SVC,330,1,1
raw_SVC,331,1,1
raw_SVC,332,1,1
raw_SVC,333,1,1
raw_SVC,334,-1,-1
raw_SVC,335,1,1
raw_SVC,336,1,1
raw_SVC,337,1,1
raw_SVC,338,1,1
raw_SVC,339,1,1
raw_SVC,340,1,1
raw_SVC,341,1,1
raw_SVC,342,1,1
raw_SVC,343,1,1
raw_SVC,344,1,1
raw_SVC,345,-1,-1
raw_SVC,346,1,1
raw_SVC,347,1,1
raw_SVC,348,1,1
raw_SVC,349,1,1
raw_SVC,350,1,1
raw_SVC,351,1,1
raw_SVC,352,-1,-1
raw_SVC,353,1,1
raw_SVC,354,1,1
raw_SVC,355,-1,-1
raw_SVC,356,1,1
raw_SVC,357,1,1
raw_SVC,358,1,1
raw_SVC,359,1,1
raw_SVC,360,1,1
raw_SVC,361,1,1
raw_SVC,362,1,1
raw_SVC,363,1,1
raw_SVC,364,1,1
raw_SVC,365,-1,-1
raw_SVC,366,1,1
raw_SVC,367,-1,-1
raw_SVC,368,1,1
raw_SVC,369,1,1
raw_SVC,370,1,1
raw_SVC,371,-1,-1
raw_SVC,372,-1,-1
raw_SVC,373,-1,-1
raw_SVC,374,1,1
raw_SVC,375,1,1
raw_SVC,376,1,1
raw_SVC,377,1,1
raw_SVC,378,1,1
raw_SVC,379,1,1
raw_SVC,380,1,1
raw_SVC,381,-1,-1
raw_SVC,382,-1,-1
raw_SVC,383,-1,-1
raw_SVC,384,-1,-1
raw_SVC,385,1,1
raw_SVC,386,1,1
raw_SVC,387,1,1
raw_SVC,388,1,1
raw_SVC,389,1,1
raw_SVC,390,-1,-1
raw_SVC,391,1,1
raw_SVC,392,1,1
raw_SVC,393,1,1
raw_SVC,394,1,1
raw_SVC,395,1,1
raw_SVC,396,1,1
raw_SVC,397,1,1
raw_SVC,398,1,1
raw_SVC,399,1,1
raw_SVC,400,1,1
raw_SVC,401,1,1
raw_SVC,402,1,1
raw_SVC,403,1,1
raw_SVC,404,1,1
raw_SVC,405,1,1
raw_SVC,406,1,1
raw_SVC,407,1,1
raw_SVC,408,1,1
raw_SVC,409,1,1
raw_SVC,410,1,1
raw_SVC,411,1,1
raw_SVC,412,1,1
raw_SVC,413,1,1
raw_SVC,414,1,1
raw_SVC,415,1,1
raw_SVC,416,1,1
raw_SVC,417,-1,-1
raw_SVC,418,-1,-1
raw_SVC,419,-1,-1
raw_SVC,420,1,1
raw_SVC,421,1,1
raw_SVC,422,1,-1
raw_SVC,423,-1,-1
raw_SVC,424,1,1
raw_SVC,425,1,1
raw_SVC,426,1,1
raw_SVC,427,1,1
raw_SVC,428,-1,-1
raw_SVC,429,1,1
raw_SVC,430,1,1
raw_SVC,431,1,1
raw_SVC,432,1,1
raw_SVC,433,-1,-1
raw_SVC,434,1,1
raw_SVC,435,1,1
raw_SVC,436,1,1
raw_SVC,437,1,1
raw_SVC,438,1,1
raw_SVC,439,1,1
raw_SVC,440,1,1
raw_SVC,441,1,1
raw_SVC,442,-1,-1
raw_SVC,443,-1,-1
raw_SVC,444,-1,-1
raw_SVC,445,1,1
raw_SVC,446,1,1
raw_SVC,447,1,1
raw_SVC,448,1,1
raw_SVC,449,1,1
raw_SVC,450,1,1
raw_SVC,451,1,1
raw_SVC,452,1,1
raw_SVC,453,1,1
raw_SVC,454,1,1
raw_SVC,455,1,1
raw_SVC,456,1,1
raw_SVC,457,1,1
raw_SVC,458,1,1
raw_SVC,459,1,1
raw_SVC,460,1,1
raw_SVC,461,1,1
raw_SVC,462,1,1
raw_SVC,463,1,1
raw_SVC,464,1,1
raw_SVC,465,1,1
raw_SVC,466,1,1
raw_SVC,467,1,1
raw_SVC,468,1,1
raw_SVC,469,1,1
raw_SVC,470,1,1
raw_SVC,471,1,1
raw_SVC,472,1,1
raw_SVC,473,1,1
raw_SVC,474,1,1
raw_SVC,475,1,1
raw_SVC,476,1,1
raw_SVC,477,1,1
raw_SVC,478,1,1
raw_SVC,479,-1,-1
raw_SVC,480,1,1
raw_SVC,481,1,1
raw_SVC,482,1,1
raw_SVC,483,1,1
raw_SVC,484,1,1
raw_SVC,485,1,1
raw_SVC,486,1,1
raw_SVC,487,1,1
raw_SVC,488,1,1
raw_SVC,489,1,1
raw_SVC,490,-1,-1
raw_SVC,491,1,1
raw_SVC,492,1,1
raw_SVC,493,1,1
raw_SVC,494,1,1
raw_SVC,495,-1,-1
raw_SVC,496,1,1
raw_SVC,497,1,1
raw_SVC,498,1,1
raw_SVC,499,1,1
raw_SVC,500,1,1
raw_SVC,501,1,1
raw_SVC,502,1,1
raw_SVC,503,1,1
raw_SVC,504,1,1
raw_SVC,505,1,1
raw_SVC,506,1,1
raw_SVC,507,1,1
raw_SVC,508,1,1
raw_SVC,509,1,1
raw_SVC,510,1,1
raw_SVC,511,1,1
raw_SVC,512,1,1
raw_SVC,513,1,1
raw_SVC,514,1,1
raw_SVC,515,-1,-1
raw_SVC,516,1,1
raw_SVC,517,1,1
raw_SVC,518,-1,-1
raw_SVC,519,1,1
raw_SVC,520,-1,-1
raw_SVC,521,-1,-1
raw_SVC,522,1,1
raw_SVC,523,1,1
raw_SVC,524,1,1
raw_SVC,525,-1,-1
raw_SVC,526,-1,-1
raw_SVC,527,1,1
raw_SVC,528,1,1
raw_SVC,529,1,1
raw_SVC,530,1,1
raw_SVC,531,1,1
raw_SVC,532,1,1
raw_SVC,533,1,1
raw_SVC,534,1,1
raw_SVC,535,1,1
raw_SVC,536,1,1
raw_SVC,537,1,1
raw_SVC,538,1,1
raw_SVC,539,1,1
raw_SVC,540,1,1
raw_SVC,541,1,1
raw_SVC,542,1,1
raw_SVC,543,1,1
raw_SVC,544,1,1
raw_SVC,545,1,1
raw_SVC,546,1,1
raw_SVC,547,1,1
raw_SVC,548,1,1
raw_SVC,549,1,1
raw_SVC,550,1,1
raw_SVC,551,1,1
raw_SVC,552,1,1
raw_SVC,553,1,1
raw_SVC,554,1,1
raw_SVC,555,1,1
raw_SVC,556,1,1
raw_SVC,557,1,1
raw_SVC,558,1,1
raw_SVC,559,1,1
raw_SVC,560,1,1
raw_SVC,561,1,1
raw_SVC,562,1,1
raw_SVC,563,1,1
raw_SVC,564,1,1
raw_SVC,565,1,1
raw_SVC,566,1,1
raw_SVC,567,1,1
raw_SVC,568,1,1
raw_SVC,569,1,1
raw_SVC,570,1,1
raw_SVC,571,1,1
raw_SVC,572,1,1
raw_SVC,573,1,1
raw_SVC,574,1,1
raw_SVC,575,1,1
raw_SVC,576,1,1
raw_SVC,577,1,1
raw_SVC,578,1,1
raw_SVC,579,1,1
raw_SVC,580,1,1
raw_SVC,581,1,1
raw_SVC,582,-1,-1
raw_SVC,583,1,1
raw_SVC,584,1,1
raw_SVC,585,1,1
raw_SVC,586,1,1
raw_SVC,587,1,1
raw_SVC,588,1,1
raw_SVC,589,1,1
raw_SVC,590,1,1
raw_SVC,591,1,1
raw_SVC,592,1,1
raw_SVC,593,1,1
raw_SVC,594,1,1
raw_SVC,595,1,1
raw_SVC,596,1,1
raw_SVC,597,1,1
raw_SVC,598,1,1
raw_SVC,599,1,1
raw_SVC,600,1,1
raw_SVC,601,1,1
raw_SVC,602,1,1
raw_SVC,603,1,1
raw_SVC,604,1,1
raw_SVC,605,1,1
raw_SVC,606,1,1
raw_SVC,607,-1,-1
raw_SVC,608,1,1
raw_SVC,609,1,1
raw_SVC,610,1,1
raw_SVC,611,1,1
raw_SVC,612,1,1
raw_SVC,613,1,1
raw_SVC,614,-1,-1
raw_SVC,615,1,1
raw_SVC,616,1,1
raw_SVC,617,1,1
raw_SVC,618,1,1
raw_SVC,619,1,1
raw_SVC,620,1,1
raw_SVC,621,-1,-1
raw_SVC,622,1,1
raw_SVC,623,1,1
raw_SVC,624,1,1
raw_SVC,625,-1,-1
raw_SVC,626,1,1
raw_SVC,627,1,1
raw_SVC,628,1,1
raw_SVC,629,1,1
raw_SVC,630,1,1
raw_SVC,631,1,1
raw_SVC,632,-1,-1
raw_SVC,633,1,1
raw_SVC,634,1,1
raw_SVC,635,1,1
raw_SVC,636,1,1
raw_SVC,637,1,1
raw_SVC,638,1,-1
raw_SVC,639,1,1
raw_SVC,640,-1,-1
raw_SVC,641,1,-1
raw_SVC,642,1,1
raw_SVC,643,1,1
raw_SVC,644,1,1
raw_SVC,645,1,1
raw_SVC,646,1,1
raw_SVC,647,1,1
raw_SVC,648,-1,-1
raw_SVC,649,1,-1
raw_SVC,650,1,1
raw_SVC,651,1,1
raw_SVC,652,1,1
raw_SVC,653,1,1
raw_SVC,654,1,1
raw_SVC,655,-1,-1
raw_SVC,656,1,1
raw_SVC,657,1,1
raw_SVC,658,1,1
raw_SVC,659,1,1
raw_SVC,660,1,1
raw_SVC,661,1,1
raw_SVC,662,1,1
raw_SVC,663,1,1
raw_SVC,664,1,1
raw_SVC,665,1,1
raw_SVC,666,1,1
raw_SVC,667,1,1
raw_SVC,668,1,1
raw_SVC,669,1,1
raw_SVC,670,1,1
raw_SVC,671,1,1
raw_SVC,672,-1,-1
raw_SVC,673,-1,-1
raw_SVC,674,1,1
raw_SVC,675,1,1
raw_SVC,676,1,1
raw_SVC,677,1,1
raw_SVC,678,1,1
raw_SVC,679,1,1
raw_SVC,680,1,1
raw_SVC,681,1,1
raw_SVC,682,1,1
raw_SVC,683,1,1
raw_SVC,684,1,1
raw_SVC,685,1,1
raw_SVC,686,1,1
raw_SVC,687,1,1
raw_SVC,688,1,1
raw_SVC,689,1,1
raw_SVC,690,-1,-1
raw_SVC,691,1,1
raw_SVC,692,1,1
raw_SVC,693,1,1
raw_SVC,694,1,1
raw_SVC,695,1,1
raw_SVC,696,1,1
raw_SVC,697,1,1
raw_SVC,698,1,1
raw_SVC,699,1,1
raw_SVC,700,1,1
raw_SVC,701,1,1
raw_SVC,702,1,1
raw_SVC,703,-1,-1
raw_SVC,704,1,1
raw_SVC,705,1,1
raw_SVC,706,1,1
raw_SVC,707,1,1
raw_SVC,708,1,1
raw_SVC,709,1,1
raw_SVC,710,1,1
raw_SVC,711,1,1
raw_SVC,712,1,1
raw_SVC,713,1,1
raw_SVC,714,1,1
raw_SVC,715,1,1
raw_SVC,716,1,1
raw_SVC,717,-1,-1
raw_SVC,718,1,1
raw_SVC,719,1,1
raw_SVC,720,1,1
raw_SVC,721,1,1
raw_SVC,722,1,1
raw_SVC,723,1,1
raw_SVC,724,1,1
raw_SVC,725,1,1
raw_SVC,726,1,1
raw_SVC,727,1,1
raw_SVC,728,1,1
raw_SVC,729,1,1
raw_SVC,730,1,1
raw_SVC,731,1,1
raw_SVC,732,1,1
raw_SVC,733,1,1
raw_SVC,734,1,1
raw_SVC,735,-1,-1
raw_SVC,736,1,1
raw_SVC,737,1,1
raw_SVC,738,1,1
raw_SVC,739,1,1
raw_SVC,740,1,1
raw_SVC,741,1,1
raw_SVC,742,1,1
raw_SVC,743,1,1
raw_SVC,744,1,1
raw_SVC,745,1,1
raw_SVC,746,1,1
raw_SVC,747,1,1
raw_SVC,748,1,1
raw_SVC,749,-1,-1
raw_SVC,750,1,1
raw_SVC,751,1,1
raw_SVC,752,1,1
raw_SVC,753,1,1
raw_SVC,754,1,1
raw_SVC,755,1,1
raw_SVC,756,1,1
raw_SVC,757,1,1
raw_SVC,758,1,1
raw_SVC,759,1,1
raw_SVC,760,1,1
raw_SVC,761,1,1
raw_SVC,762,-1,-1
raw_SVC,763,1,1
raw_SVC,764,1,1
raw_SVC,765,1,1
raw_SVC,766,1,1
raw_SVC,767,1,1
raw_SVC,768,1,1
raw_SVC,769,1,1
raw_SVC,770,1,1
raw_SVC,771,1,1
raw_SVC,772,1,1
raw_SVC,773,1,1
raw_SVC,774,1,1
raw_SVC,775,1,1
raw_SVC,776,1,1
raw_SVC,777,-1,-1
raw_SVC,778,1,1
raw_SVC,779,1,1
raw_SVC,780,1,1
raw_SVC,781,-1,-1
raw_SVC,782,1,1
raw_SVC,783,1,1
raw_SVC,784,1,1
raw_SVC,785,1,1
raw_SVC,786,1,1
raw_SVC,787,1,1
raw_SVC,788,1,1
raw_SVC,789,1,1
raw_SVC,790,1,1
raw_SVC,791,1,1
raw_SVC,792,-1,-1
raw_SVC,793,1,1
raw_SVC,794,1,1
raw_SVC,795,1,1
raw_SVC,796,1,1
raw_SVC,797,1,1
raw_SVC,798,1,1
raw_SVC,799,1,1
raw_SVC,800,1,1
raw_SVC,801,1,1
raw_SVC,802,1,1
raw_SVC,803,-1,-1
raw_SVC,804,1,1
raw_SVC,805,1,1
raw_SVC,806,1,1
raw_SVC,807,1,1
raw_SVC,808,1,1
raw_SVC,809,1,1
raw_SVC,810,1,1
raw_SVC,811,1,1
raw_SVC,812,1,1
raw_SVC,813,-1,-1
raw_SVC,814,-1,-1
raw_SVC,815,1,1
raw_SVC,816,1,1
raw_SVC,817,-1,-1
raw_SVC,818,1,1
raw_SVC,819,1,1
raw_SVC,820,1,1
raw_SVC,821,1,1
raw_SVC,822,1,1
raw_SVC,823,1,1
raw_SVC,824,1,1
raw_SVC,825,1,1
raw_SVC,826,1,1
raw_SVC,827,1,1
raw_SVC,828,1,1
raw_SVC,829,1,1
raw_SVC,830,1,1
raw_SVC,831,1,1
raw_SVC,832,1,1
raw_SVC,833,1,1
raw_SVC,834,1,1
raw_SVC,835,1,1
raw_SVC,836,1,1
raw_SVC,837,1,1
raw_SVC,838,1,1
raw_SVC,839,1,1
raw_SVC,840,1,1
raw_SVC,841,1,1
raw_SVC,842,1,1
raw_SVC,843,1,1
raw_SVC,844,1,1
raw_SVC,845,1,1
raw_SVC,846,1,1
raw_SVC,847,1,1
raw_SVC,848,1,1
raw_SVC,849,1,1
raw_SVC,850,1,1
raw_SVC,851,1,1
raw_SVC,852,1,1
raw_SVC,853,1,1
raw_SVC,854,1,1
raw_SVC,855,1,1
raw_SVC,856,1,1
raw_SVC,857,1,1
raw_SVC,858,-1,-1
raw_SVC,859,-1,-1
raw_SVC,860,1,1
raw_SVC,861,-1,-1
raw_SVC,862,1,1
raw_SVC,863,1,1
raw_SVC,864,1,1
raw_SVC,865,1,1
raw_SVC,866,1,1
raw_SVC,867,1,1
raw_SVC,868,-1,-1
raw_SVC,869,1,1
raw_SVC,870,1,1
raw_SVC,871,1,1
raw_SVC,872,1,1
raw_SVC,873,1,1
raw_SVC,874,1,1
raw_SVC,875,1,1
raw_SVC,876,-1,-1
raw_SVC,877,1,1
raw_SVC,878,1,1
raw_SVC,879,-1,-1
raw_SVC,880,1,1
raw_SVC,881,1,1
raw_SVC,882,1,1
raw_SVC,883,1,1
raw_SVC,884,1,1
raw_SVC,885,1,1
raw_SVC,886,1,1
raw_SVC,887,1,1
raw_SVC,888,1,1
raw_SVC,889,1,1
raw_SVC,890,1,1
raw_SVC,891,1,1
raw_SVC,892,1,1
raw_SVC,893,1,1
raw_SVC,894,1,1
raw_SVC,895,1,1
raw_SVC,896,1,1
raw_SVC,897,1,1
raw_SVC,898,-1,-1
raw_SVC,899,1,1
raw_SVC,900,1,1
raw_SVC,901,1,1
raw_SVC,902,1,1
raw_SVC,903,1,1
raw_SVC,904,1,1
raw_SVC,905,1,1
raw_SVC,906,1,1
raw_SVC,907,1,1
raw_SVC,908,1,1
raw_SVC,909,1,1
raw_SVC,910,1,1
raw_SVC,911,1,1
raw_SVC,912,1,1
raw_SVC,913,1,1
raw_SVC,914,1,1
raw_SVC,915,1,1
raw_SVC,916,1,1
raw_SVC,917,1,1
raw_SVC,918,-1,-1
raw_SVC,919,-1,-1
raw_SVC,920,1,1
raw_SVC,921,1,1
raw_SVC,922,1,1
raw_SVC,923,1,1
raw_SVC,924,-1,-1
raw_SVC,925,-1,-1
raw_SVC,926,1,1
raw_SVC,927,1,1
raw_SVC,928,1,1
raw_SVC,929,1,1
raw_SVC,930,1,1
raw_SVC,931,1,1
raw_SVC,932,1,1
raw_SVC,933,-1,-1
raw_SVC,934,1,1
raw_SVC,935,-1,-1
raw_SVC,936,1,1
raw_SVC,937,1,1
raw_SVC,938,1,1
raw_SVC,939,1,1
raw_SVC,940,1,1
raw_SVC,941,1,1
raw_SVC,942,1,1
raw_SVC,943,1,1
raw_SVC,944,1,1
raw_SVC,945,1,1
raw_SVC,946,1,1
raw_SVC,947,1,1
raw_SVC,948,1,1
raw_SVC,949,1,1
raw_SVC,950,1,1
raw_SVC,951,1,1
raw_SVC,952,1,1
raw_SVC,953,1,1
raw_SVC,954,-1,-1
raw_SVC,955,1,-1
raw_SVC,956,-1,-1
raw_SVC,957,1,1
raw_SVC,958,1,1
raw_SVC,959,1,1
raw_SVC,960,1,1
raw_SVC,961,1,1
raw_SVC,962,1,1
raw_SVC,963,1,1
raw_SVC,964,1,1
raw_SVC,965,1,1
raw_SVC,966,1,1
raw_SVC,967,1,1
raw_SVC,968,1,1
raw_SVC,969,1,1
raw_SVC,970,1,1
raw_SVC,971,1,1
raw_SVC,972,1,1
raw_SVC,973,1,1
raw_SVC,974,1,1
raw_SVC,975,1,1
raw_SVC,976,1,1
raw_SVC,977,1,1
raw_SVC,978,1,1
raw_SVC,979,1,1
raw_SVC,980,1,1
raw_SVC,981,1,1
raw_SVC,982,1,1
raw_SVC,983,1,1
raw_SVC,984,1,1
raw_SVC,985,1,1
raw_SVC,986,1,1
raw_SVC,987,1,1
raw_SVC,988,-1,-1
raw_SVC,989,1,1
raw_SVC,990,1,1
raw_SVC,991,1,1
raw_SVC,992,1,1
raw_SVC,993,1,1
raw_SVC,994,-1,-1
raw_SVC,995,1,1
raw_SVC,996,1,1
raw_SVC,997,1,1
raw_SVC,998,1,1
raw_SVC,999,1,1
raw_SVC,1000,1,1
raw_SVC,1001,1,1
raw_SVC,1002,1,1
raw_SVC,1003,1,1
raw_SVC,1004,1,1
raw_SVC,1005,-1,-1
raw_SVC,1006,1,1
raw_SVC,1007,1,1
raw_SVC,1008,1,1
raw_SVC,1009,1,1
raw_SVC,1010,1,1
raw_SVC,1011,1,1
raw_SVC,1012,-1,-1
raw_SVC,1013,1,1
raw_SVC,1014,1,1
raw_SVC,1015,1,1
raw_SVC,1016,1,1
raw_SVC,1017,1,1
raw_SVC,1018,1,1
raw_SVC,1019,-1,-1
raw_SVC,1020,1,1
raw_SVC,1021,-1,-1
raw_SVC,1022,1,1
raw_SVC,1023,1,1
raw_SVC,1024,1,1
raw_SVC,1025,1,1
raw_SVC,1026,1,1
raw_SVC,1027,1,1
raw_SVC,1028,1,1
raw_SVC,1029,1,1
raw_SVC,1030,1,1
raw_SVC,1031,1,1
raw_SVC,1032,1,1
raw_SVC,1033,1,1
raw_SVC,1034,1,1
raw_SVC,1035,1,1
raw_SVC,1036,1,1
raw_SVC,1037,1,1
raw_SVC,1038,1,1
raw_SVC,1039,1,1
raw_SVC,1040,1,1
raw_SVC,1041,1,1
raw_SVC,1042,-1,-1
raw_SVC,1043,1,1
raw_SVC,1044,1,1
raw_SVC,1045,1,1
raw_SVC,1046,1,1
raw_SVC,1047,1,1
raw_SVC,1048,-1,-1
raw_SVC,1049,1,1
raw_SVC,1050,1,1
raw_SVC,1051,1,1
raw_SVC,1052,-1,-1
raw_SVC,1053,1,1
raw_SVC,1054,1,1
raw_SVC,1055,1,1
raw_SVC,1056,-1,-1
raw_SVC,1057,1,1
raw_SVC,1058,1,1
raw_SVC,1059,1,1
raw_SVC,1060,1,1
raw_SVC,1061,1,1
raw_SVC,1062,1,1
raw_SVC,1063,1,1
raw_SVC,1064,1,1
raw_SVC,1065,1,1
raw_SVC,1066,1,1
raw_SVC,1067,-1,-1
raw_SVC,1068,1,1
raw_SVC,1069,1,1
raw_SVC,1070,1,1
raw_SVC,1071,1,1
raw_SVC,1072,1,1
raw_SVC,1073,1,1
raw_SVC,1074,1,1
raw_SVC,1075,1,1
raw_SVC,1076,1,1
raw_SVC,1077,1,1
raw_SVC,1078,1,1
raw_SVC,1079,1,1
raw_SVC,1080,1,1
raw_SVC,1081,1,1
raw_SVC,1082,1,1
raw_SVC,1083,1,1
raw_SVC,1084,1,1
raw_SVC,1085,1,1
raw_SVC,1086,1,1
raw_SVC,1087,1,1
raw_SVC,1088,1,1
raw_SVC,1089,1,1
raw_SVC,1090,1,1
raw_SVC,1091,1,1
raw_SVC,1092,1,1
raw_SVC,1093,1,1
raw_SVC,1094,1,1
raw_SVC,1095,1,1
raw_SVC,1096,1,1
raw_SVC,1097,1,1
raw_SVC,1098,1,1
raw_SVC,1099,-1,-1
raw_SVC,1100,1,1
raw_SVC,1101,1,-1
raw_SVC,1102,1,1
raw_SVC,1103,1,1
raw_SVC,1104,1,1
raw_SVC,1105,1,1
raw_SVC,1106,1,1
raw_SVC,1107,1,1
raw_SVC,1108,1,1
raw_SVC,1109,-1,-1
raw_SVC,1110,1,1
raw_SVC,1111,1,1
raw_SVC,1112,1,1
raw_SVC,1113,1,1
raw_SVC,1114,1,1
raw_SVC,1115,1,1
raw_SVC,1116,1,1
raw_SVC,1117,1,1
raw_SVC,1118,1,1
raw_SVC,1119,1,1
raw_SVC,1120,1,1
raw_SVC,1121,1,1
raw_SVC,1122,1,1
raw_SVC,1123,1,1
raw_SVC,1124,1,1
raw_SVC,1125,1,1
raw_SVC,1126,1,1
raw_SVC,1127,1,1
raw_SVC,1128,1,1
raw_SVC,1129,1,1
raw_SVC,1130,1,1
raw_SVC,1131,1,1
raw_SVC,1132,1,1
raw_SVC,1133,1,1
raw_SVC,1134,-1,-1
raw_SVC,1135,-1,-1
raw_SVC,1136,1,1
raw_SVC,1137,1,1
raw_SVC,1138,1,1
raw_SVC,1139,1,1
raw_SVC,1140,1,1
raw_SVC,1141,1,1
raw_SVC,1142,1,1
raw_SVC,1143,1,1
raw_SVC,1144,1,1
raw_SVC,1145,-1,-1
raw_SVC,1146,1,1
raw_SVC,1147,1,1
raw_SVC,1148,1,1
raw_SVC,1149,-1,-1
raw_SVC,1150,1,1
raw_SVC,1151,1,1
raw_SVC,1152,1,1
raw_SVC,1153,1,1
raw_SVC,1154,1,1
raw_SVC,1155,1,1
raw_SVC,1156,-1,-1
raw_SVC,1157,1,-1
raw_SVC,1158,1,1
raw_SVC,1159,1,1
raw_SVC,1160,1,1
raw_SVC,1161,1,1
raw_SVC,1162,1,1
raw_SVC,1163,1,1
raw_SVC,1164,1,1
raw_SVC,1165,-1,-1
raw_SVC,1166,1,1
raw_SVC,1167,1,1
raw_SVC,1168,-1,-1
raw_SVC,1169,1,1
raw_SVC,1170,1,1
raw_SVC,1171,1,1
raw_SVC,1172,1,1
raw_SVC,1173,-1,-1
raw_SVC,1174,1,1
raw_SVC,1175,1,1
raw_SVC,1176,1,1
raw_SVC,1177,1,1
raw_SVC,1178,1,1
raw_SVC,1179,1,1
raw_SVC,1180,-1,-1
raw_SVC,1181,1,1
raw_SVC,1182,1,1
raw_SVC,1183,1,1
raw_SVC,1184,1,1
raw_SVC,1185,1,1
raw_SVC,1186,1,1
raw_SVC,1187,1,1
raw_SVC,1188,1,1
raw_SVC,1189,1,1
raw_SVC,1190,1,1
raw_SVC,1191,1,1
raw_SVC,1192,1,1
raw_SVC,1193,1,1
raw_SVC,1194,1,1
raw_SVC,1195,-1,-1
raw_SVC,1196,1,1
raw_SVC,1197,1,1
raw_SVC,1198,1,1
raw_SVC,1199,1,1
raw_SVC,1200,-1,-1
raw_SVC,1201,1,1
raw_SVC,1202,1,1
raw_SVC,1203,1,1
raw_SVC,1204,1,1
raw_SVC,1205,1,1
raw_SVC,1206,1,1
raw_SVC,1207,1,1
raw_SVC,1208,1,1
raw_SVC,1209,1,1
raw_SVC,1210,1,1
raw_SVC,1211,1,1
raw_SVC,1212,1,1
raw_SVC,1213,-1,-1
raw_SVC,1214,1,1
raw_SVC,1215,1,1
raw_SVC,1216,1,1
raw_SVC,1217,1,1
raw_SVC,1218,1,1
raw_SVC,1219,1,1
raw_SVC,1220,1,1
raw_SVC,1221,1,1
raw_SVC,1222,1,1
raw_SVC,1223,-1,-1
raw_SVC,1224,-1,-1
raw_SVC,1225,1,1
raw_SVC,1226,-1,-1
raw_SVC,1227,1,1
raw_SVC,1228,1,1
raw_SVC,1229,1,1
raw_SVC,1230,1,1
raw_SVC,1231,1,1
raw_SVC,1232,1,1
raw_SVC,1233,1,1
raw_SVC,1234,1,1
raw_SVC,1235,1,1
raw_SVC,1236,1,1
raw_SVC,1237,1,1
raw_SVC,1238,1,1
raw_SVC,1239,1,1
raw_SVC,1240,1,1
raw_SVC,1241,1,1
raw_SVC,1242,1,1
raw_SVC,1243,1,1
raw_SVC,1244,1,1
raw_SVC,1245,-1,-1
raw_SVC,1246,1,1
raw_SVC,1247,1,1
raw_SVC,1248,1,1
raw_SVC,1249,1,1
raw_SVC,1250,1,1
raw_SVC,1251,1,1
raw_SVC,1252,1,1
raw_SVC,1253,1,1
raw_SVC,1254,1,1
raw_SVC,1255,1,1
raw_SVC,1256,1,1
raw_SVC,1257,-1,-1
raw_SVC,1258,1,1
raw_SVC,1259,-1,-1
raw_SVC,1260,1,1
raw_SVC,1261,1,1
raw_SVC,1262,1,1
raw_SVC,1263,1,1
raw_SVC,1264,1,1
raw_SVC,1265,1,1
raw_SVC,1266,1,1
raw_SVC,1267,1,1
raw_SVC,1268,1,1
raw_SVC,1269,1,1
raw_SVC,1270,1,1
raw_SVC,1271,1,1
raw_SVC,1272,1,1
raw_SVC,1273,1,1
raw_SVC,1274,-1,-1
raw_SVC,1275,1,1
raw_SVC,1276,1,1
raw_SVC,1277,1,1
raw_SVC,1278,1,1
raw_SVC,1279,1,1
raw_SVC,1280,1,1
raw_SVC,1281,1,1
raw_SVC,1282,1,1
raw_SVC,1283,1,1
raw_SVC,1284,1,1
raw_SVC,1285,1,1
raw_SVC,1286,1,1
raw_SVC,1287,1,1
raw_SVC,1288,1,1
raw_SVC,1289,1,1
raw_SVC,1290,1,1
raw_SVC,1291,1,1
raw_SVC,1292,1,1
raw_SVC,1293,1,1
raw_SVC,1294,1,1
raw_SVC,1295,1,1
raw_SVC,1296,1,1
raw_SVC,1297,1,1
raw_SVC,1298,1,1
raw_SVC,1299,1,1
raw_SVC,1300,1,1
raw_SVC,1301,1,1
raw_SVC,1302,1,1
raw_SVC,1303,1,1
raw_SVC,1304,1,1
raw_SVC,1305,1,1
raw_SVC,1306,1,1
raw_SVC,1307,1,1
raw_SVC,1308,1,1
raw_SVC,1309,1,1
raw_SVC,1310,-1,-1
raw_SVC,1311,1,1
raw_SVC,1312,1,1
raw_SVC,1313,1,1
raw_SVC,1314,1,1
raw_SVC,1315,1,1
raw_SVC,1316,1,1
raw_SVC,1317,1,1
raw_SVC,1318,1,1
raw_SVC,1319,1,1
raw_SVC,1320,1,1
raw_SVC,1321,1,1
raw_SVC,1322,1,1
raw_SVC,1323,1,1
raw_SVC,1324,1,1
raw_SVC,1325,1,1
raw_SVC,1326,1,1
raw_SVC,1327,1,1
raw_SVC,1328,1,1
raw_SVC,1329,1,1
raw_SVC,1330,1,1
raw_SVC,1331,-1,-1
raw_SVC,1332,-1,-1
raw_SVC,1333,1,1
raw_SVC,1334,1,1
raw_SVC,1335,1,1
raw_SVC,1336,1,1
raw_SVC,1337,1,1
raw_SVC,1338,1,1
raw_SVC,1339,1,1
raw_SVC,1340,1,1
raw_SVC,1341,1,1
raw_SVC,1342,1,1
raw_SVC,1343,1,1
raw_SVC,1344,1,1
raw_SVC,1345,1,1
raw_SVC,1346,1,1
raw_SVC,1347,1,1
raw_SVC,1348,1,1
raw_SVC,1349,-1,-1
raw_SVC,1350,1,1
raw_SVC,1351,1,1
raw_SVC,1352,1,1
raw_SVC,1353,1,1
raw_SVC,1354,1,1
raw_SVC,1355,1,1
raw_SVC,1356,1,1
raw_SVC,1357,-1,-1
raw_SVC,1358,1,1
raw_SVC,1359,1,1
raw_SVC,1360,1,1
raw_SVC,1361,1,1
raw_SVC,1362,1,1
raw_SVC,1363,1,1
raw_SVC,1364,1,1
raw_SVC,1365,-1,-1
raw_SVC,1366,-1,-1
raw_SVC,1367,1,1
raw_SVC,1368,1,1
raw_SVC,1369,1,1
raw_SVC,1370,-1,-1
raw_SVC,1371,1,1
raw_SVC,1372,1,1
raw_SVC,1373,1,1
raw_SVC,1374,1,1
raw_SVC,1375,1,1
raw_SVC,1376,1,1
raw_SVC,1377,1,1
raw_SVC,1378,1,1
raw_SVC,1379,1,1
raw_SVC,1380,1,1
raw_SVC,1381,1,1
raw_SVC,1382,1,1
raw_SVC,1383,1,1
raw_SVC,1384,1,1
raw_SVC,1385,1,1
raw_SVC,1386,1,1
raw_SVC,1387,1,1
raw_SVC,1388,1,1
raw_SVC,1389,1,1
raw_SVC,1390,1,1
raw_SVC,1391,1,1
raw_SVC,1392,1,1
raw_SVC,1393,-1,-1
raw_SVC,1394,1,1
raw_SVC,1395,-1,-1
raw_SVC,1396,1,1
raw_SVC,1397,1,1
raw_SVC,1398,1,1
raw_SVC,1399,1,1
raw_SVC,1400,-1,-1
raw_SVC,1401,1,1
raw_SVC,1402,1,1
raw_SVC,1403,1,1
raw_SVC,1404,1,1
raw_SVC,1405,1,1
raw_SVC,1406,1,1
raw_SVC,1407,1,1
raw_SVC,1408,1,1
raw_SVC,1409,-1,-1
raw_SVC,1410,1,1
raw_SVC,1411,-1,-1
raw_SVC,1412,1,1
raw_SVC,1413,1,1
raw_SVC,1414,1,1
raw_SVC,1415,1,1
raw_SVC,1416,1,1
raw_SVC,1417,1,1
raw_SVC,1418,1,1
raw_SVC,1419,1,1
raw_SVC,1420,1,1
raw_SVC,1421,1,-1
raw_SVC,1422,1,1
raw_SVC,1423,1,1
raw_SVC,1424,1,1
raw_SVC,1425,1,1
raw_SVC,1426,1,1
raw_SVC,1427,1,1
raw_SVC,1428,1,1
raw_SVC,1429,1,1
raw_SVC,1430,1,1
raw_SVC,1431,1,1
raw_SVC,1432,1,1
raw_SVC,1433,1,1
raw_SVC,1434,1,1
raw_SVC,1435,1,1
raw_SVC,1436,1,1
raw_SVC,1437,-1,-1
raw_SVC,1438,1,1
raw_SVC,1439,1,1
raw_SVC,1440,1,1
raw_SVC,1441,1,1
raw_SVC,1442,1,1
raw_SVC,1443,1,1
raw_SVC,1444,1,1
raw_SVC,1445,1,1
raw_SVC,1446,1,1
raw_SVC,1447,1,1
raw_SVC,1448,1,1
raw_SVC,1449,1,1
raw_SVC,1450,1,1
raw_SVC,1451,1,1
raw_SVC,1452,1,1
raw_SVC,1453,1,1
raw_SVC,1454,1,1
raw_SVC,1455,1,1
raw_SVC,1456,1,1
raw_SVC,1457,1,1
raw_SVC,1458,1,1
raw_SVC,1459,1,1
raw_SVC,1460,1,1
raw_SVC,1461,1,1
raw_SVC,1462,1,1
raw_SVC,1463,1,1
raw_SVC,1464,1,1
raw_SVC,1465,1,1
raw_SVC,1466,1,1
raw_SVC,1467,1,1
raw_SVC,1468,1,1
raw_SVC,1469,1,1
raw_SVC,1470,1,1
raw_SVC,1471,1,1
raw_SVC,1472,1,1
raw_SVC,1473,1,1
raw_SVC,1474,1,1
raw_SVC,1475,1,1
raw_SVC,1476,1,1
raw_SVC,1477,1,1
raw_SVC,1478,1,1
raw_SVC,1479,1,1
raw_SVC,1480,1,1
raw_SVC,1481,1,1
raw_SVC,1482,1,1
raw_SVC,1483,1,1
raw_SVC,1484,-1,-1
raw_SVC,1485,1,1
raw_SVC,1486,1,1
raw_SVC,1487,1,1
raw_SVC,1488,-1,-1
raw_SVC,1489,1,1
raw_SVC,1490,1,1
raw_SVC,1491,-1,-1
raw_SVC,1492,1,1
raw_SVC,1493,1,1
raw_SVC,1494,1,1
raw_SVC,1495,1,1
raw_SVC,1496,1,1
raw_SVC,1497,1,1
raw_SVC,1498,1,1
raw_SVC,1499,1,1
raw_SVC,1500,1,1
raw_SVC,1501,1,1
raw_SVC,1502,1,1
raw_SVC,1503,-1,-1
raw_SVC,1504,1,1
raw_SVC,1505,1,1
raw_SVC,1506,1,1
raw_SVC,1507,1,1
raw_SVC,1508,-1,-1
raw_SVC,1509,1,1
raw_SVC,1510,1,1
raw_SVC,1511,1,1
raw_SVC,1512,1,1
raw_SVC,1513,1,1
raw_SVC,1514,-1,-1
raw_SVC,1515,1,1
raw_SVC,1516,1,1
raw_SVC,1517,1,1
raw_SVC,1518,1,1
raw_SVC,1519,1,1
raw_SVC,1520,1,1
raw_SVC,1521,1,1
raw_SVC,1522,1,1
raw_SVC,1523,-1,-1
raw_SVC,1524,1,1
raw_SVC,1525,1,1
raw_SVC,1526,1,1
raw_SVC,1527,1,1
raw_SVC,1528,1,1
raw_SVC,1529,1,1
raw_SVC,1530,1,1
raw_SVC,1531,1,1
raw_SVC,1532,1,1
raw_SVC,1533,1,1
raw_SVC,1534,1,1
raw_SVC,1535,1,1
raw_SVC,1536,1,1
raw_SVC,1537,1,1
raw_SVC,1538,1,1
raw_SVC,1539,1,1
raw_SVC,1540,1,1
raw_SVC,1541,1,1
raw_SVC,1542,1,1
raw_SVC,1543,-1,-1
raw_SVC,1544,-1,-1
raw_SVC,1545,1,1
raw_SVC,1546,1,1
raw_SVC,1547,1,1
raw_SVC,1548,1,1
raw_SVC,1549,1,1
raw_SVC,1550,1,1
raw_SVC,1551,-1,-1
raw_SVC,1552,1,1
raw_SVC,1553,1,1
raw_SVC,1554,1,1
raw_SVC,1555,1,1
raw_SVC,1556,1,1
raw_SVC,1557,1,1
raw_SVC,1558,1,1
raw_SVC,1559,1,1
raw_SVC,1560,1,1
raw_SVC,1561,-1,-1
raw_SVC,1562,1,1
raw_SVC,1563,1,1
raw_SVC,1564,1,1
raw_SVC,1565,-1,-1
raw_SVC,1566,1,1
raw_SVC,1567,1,1
raw_SVC,1568,1,1
raw_SVC,1569,1,1
raw_SVC,1570,1,1
raw_SVC,1571,1,1
raw_SVC,1572,-1,-1
raw_SVC,1573,1,1
raw_SVC,1574,1,1
raw_SVC,1575,1,1
raw_SVC,1576,1,1
raw_SVC,1577,1,1
raw_SVC,1578,1,1
raw_SVC,1579,1,1
raw_SVC,1580,1,1
raw_SVC,1581,-1,-1
raw_SVC,1582,-1,-1
raw_SVC,1583,1,1
raw_SVC,1584,1,1
raw_SVC,1585,1,-1
raw_SVC,1586,1,1
raw_SVC,1587,1,-1
raw_SVC,1588,1,1
raw_SVC,1589,1,1
raw_SVC,1590,1,1
raw_SVC,1591,1,1
raw_SVC,1592,-1,-1
raw_SVC,1593,1,1
raw_SVC,1594,1,1
raw_SVC,1595,1,1
raw_SVC,1596,-1,-1
raw_SVC,1597,1,1
raw_SVC,1598,1,1
raw_SVC,1599,1,1
raw_SVC,1600,1,1
raw_SVC,1601,1,1
raw_SVC,1602,1,1
raw_SVC,1603,-1,-1
raw_SVC,1604,1,1
raw_SVC,1605,1,1
raw_SVC,1606,1,1
raw_SVC,1607,1,1
raw_SVC,1608,1,1
raw_SVC,1609,1,1
raw_SVC,1610,1,1
raw_SVC,1611,1,1
raw_SVC,1612,1,1
raw_SVC,1613,1,1
raw_SVC,1614,1,1
raw_SVC,1615,1,1
raw_SVC,1616,1,1
raw_SVC,1617,-1,-1
raw_SVC,1618,1,1
raw_SVC,1619,-1,-1
raw_SVC,1620,1,1
raw_SVC,1621,1,1
raw_SVC,1622,1,1
raw_SVC,1623,-1,-1
raw_SVC,1624,1,1
raw_SVC,1625,-1,-1
raw_SVC,1626,1,1
raw_SVC,1627,1,1
raw_SVC,1628,1,1
raw_SVC,1629,1,1
raw_SVC,1630,1,1
raw_SVC,1631,1,1
raw_SVC,1632,1,1
raw_SVC,1633,1,1
raw_SVC,1634,1,1
raw_SVC,1635,1,1
raw_SVC,1636,1,1
raw_SVC,1637,1,1
raw_SVC,1638,1,1
raw_SVC,1639,1,1
raw_SVC,1640,1,1
raw_SVC,1641,1,1
raw_SVC,1642,1,1
raw_SVC,1643,1,1
raw_SVC,1644,-1,-1
raw_SVC,1645,1,1
raw_SVC,1646,1,1
raw_SVC,1647,1,1
raw_SVC,1648,1,1
raw_SVC,1649,1,1
raw_SVC,1650,1,1
raw_SVC,1651,1,1
raw_SVC,1652,1,1
raw_SVC,1653,-1,1
raw_SVC,1654,1,1
raw_SVC,1655,-1,-1
raw_SVC,1656,1,1
raw_SVC,1657,-1,-1
raw_SVC,1658,-1,-1
raw_SVC,1659,1,1
raw_SVC,1660,1,1
raw_SVC,1661,1,1
raw_SVC,1662,1,1
raw_SVC,1663,-1,-1
raw_SVC,1664,1,1
raw_SVC,1665,1,1
raw_SVC,1666,1,-1
raw_SVC,1667,1,1
raw_SVC,1668,1,1
raw_SVC,1669,1,1
raw_SVC,1670,1,1
raw_SVC,1671,1,1
raw_SVC,1672,1,1
raw_SVC,1673,1,1
raw_SVC,1674,1,1
raw_SVC,1675,1,1
raw_SVC,1676,1,1
raw_SVC,1677,1,1
raw_SVC,1678,1,1
raw_SVC,1679,1,1
raw_SVC,1680,1,1
raw_SVC,1681,1,1
raw_SVC,1682,1,1
raw_SVC,1683,1,1
raw_SVC,1684,1,1
raw_SVC,1685,1,1
raw_SVC,1686,1,1
raw_SVC,1687,1,1
raw_SVC,1688,-1,-1
raw_SVC,1689,1,1
raw_SVC,1690,-1,-1
raw_SVC,1691,1,1
raw_SVC,1692,1,1
raw_SVC,1693,1,1
raw_SVC,1694,1,1
raw_SVC,1695,1,1
raw_SVC,1696,1,1
raw_SVC,1697,1,1
raw_SVC,1698,1,1
raw_SVC,1699,1,1
raw_SVC,1700,1,1
raw_SVC,1701,1,1
raw_SVC,1702,1,1
raw_SVC,1703,1,1
raw_SVC,1704,1,1
raw_SVC,1705,1,1
raw_SVC,1706,1,1
raw_SVC,1707,1,1
raw_SVC,1708,1,1
raw_SVC,1709,1,1
raw_SVC,1710,1,1
raw_SVC,1711,1,1
raw_SVC,1712,1,1
raw_SVC,1713,1,1
raw_SVC,1714,1,1
raw_SVC,1715,1,1
raw_SVC,1716,1,1
raw_SVC,1717,1,1
raw_SVC,1718,1,1
raw_SVC,1719,1,1
raw_SVC,1720,1,1
raw_SVC,1721,1,1
raw_SVC,1722,1,1
raw_SVC,1723,1,1
raw_SVC,1724,1,1
raw_SVC,1725,1,1
raw_SVC,1726,1,1
raw_SVC,1727,1,1
raw_SVC,1728,1,1
raw_SVC,1729,1,1
raw_SVC,1730,1,1
raw_SVC,1731,1,1
raw_SVC,1732,1,1
raw_SVC,1733,-1,-1
raw_SVC,1734,1,1
raw_SVC,1735,1,1
raw_SVC,1736,1,1
raw_SVC,1737,1,1
raw_SVC,1738,1,1
raw_SVC,1739,1,1
raw_SVC,1740,1,1
raw_SVC,1741,1,1
raw_SVC,1742,1,1
raw_SVC,1743,1,1
raw_SVC,1744,-1,-1
raw_SVC,1745,1,1
raw_SVC,1746,1,1
raw_SVC,1747,1,1
raw_SVC,1748,1,1
raw_SVC,1749,1,1
raw_SVC,1750,1,1
raw_SVC,1751,-1,-1
raw_SVC,1752,1,1
raw_SVC,1753,-1,-1
raw_SVC,1754,1,1
raw_SVC,1755,1,1
raw_SVC,1756,1,1
raw_SVC,1757,1,1
raw_SVC,1758,1,1
raw_SVC,1759,1,1
raw_SVC,1760,1,1
raw_SVC,1761,1,1
raw_SVC,1762,1,1
raw_SVC,1763,1,1
raw_SVC,1764,1,1
raw_SVC,1765,1,1
raw_SVC,1766,1,1
raw_SVC,1767,1,1
raw_SVC,1768,1,1
raw_SVC,1769,1,1
raw_SVC,1770,1,1
raw_SVC,1771,1,1
raw_SVC,1772,1,1
raw_SVC,1773,1,1
raw_SVC,1774,1,1
raw_SVC,1775,1,1
raw_SVC,1776,1,1
raw_SVC,1777,1,1
raw_SVC,1778,-1,-1
raw_SVC,1779,1,1
raw_SVC,1780,1,1
raw_SVC,1781,1,1
raw_SVC,1782,1,1
raw_SVC,1783,1,1
raw_SVC,1784,1,1
raw_SVC,1785,1,1
raw_SVC,1786,1,1
raw_SVC,1787,1,1
raw_SVC,1788,1,1
raw_SVC,1789,-1,-1
raw_SVC,1790,1,1
raw_SVC,1791,1,1
raw_SVC,1792,1,1
raw_SVC,1793,1,1
raw_SVC,1794,1,1
raw_SVC,1795,1,1
raw_SVC,1796,-1,-1
raw_SVC,1797,1,1
raw_SVC,1798,1,1
raw_SVC,1799,1,1
raw_SVC,1800,-1,-1
raw_SVC,1801,1,1
raw_SVC,1802,1,1
raw_SVC,1803,1,1
raw_SVC,1804,1,1
raw_SVC,1805,1,1
raw_SVC,1806,1,1
raw_SVC,1807,1,1
raw_SVC,1808,1,1
raw_SVC,1809,1,1
raw_SVC,1810,1,1
raw_SVC,1811,1,1
raw_SVC,1812,1,1
raw_SVC,1813,1,1
raw_SVC,1814,1,1
raw_SVC,1815,1,1
raw_SVC,1816,1,1
raw_SVC,1817,1,1
raw_SVC,1818,1,1
raw_SVC,1819,1,1
raw_SVC,1820,-1,-1
raw_SVC,1821,1,1
raw_SVC,1822,1,1
raw_SVC,1823,1,1
raw_SVC,1824,1,1
raw_SVC,1825,1,1
raw_SVC,1826,1,1
raw_SVC,1827,1,1
raw_SVC,1828,1,1
raw_SVC,1829,1,1
raw_SVC,1830,1,1
raw_SVC,1831,1,1
raw_SVC,1832,1,1
raw_SVC,1833,1,1
raw_SVC,1834,1,1
raw_SVC,1835,1,1
raw_SVC,1836,1,1
raw_SVC,1837,1,1
raw_SVC,1838,1,1
raw_SVC,1839,1,1
raw_SVC,1840,1,1
raw_SVC,1841,1,1
raw_SVC,1842,1,1
raw_SVC,1843,1,1
raw_SVC,1844,1,1
raw_SVC,1845,1,1
raw_SVC,1846,1,1
raw_SVC,1847,1,1
raw_SVC,1848,1,1
raw_SVC,1849,1,1
raw_SVC,1850,1,1
raw_SVC,1851,1,1
raw_SVC,1852,1,1
raw_SVC,1853,1,1
raw_SVC,1854,-1,-1
raw_SVC,1855,1,1
raw_SVC,1856,1,1
raw_SVC,1857,1,1
raw_SVC,1858,1,1
raw_SVC,1859,1,1
raw_SVC,1860,1,1
raw_SVC,1861,1,1
raw_SVC,1862,1,1
raw_SVC,1863,1,1
raw_SVC,1864,1,1
raw_SVC,1865,1,1
raw_SVC,1866,-1,-1
raw_SVC,1867,1,1
raw_SVC,1868,-1,-1
raw_SVC,1869,1,1
raw_SVC,1870,1,1
raw_SVC,1871,1,1
raw_SVC,1872,1,1
raw_SVC,1873,1,1
raw_SVC,1874,1,1
raw_SVC,1875,1,1
raw_SVC,1876,1,1
raw_SVC,1877,1,1
raw_SVC,1878,1,1
raw_SVC,1879,1,1
raw_SVC,1880,-1,-1
raw_SVC,1881,1,1
raw_SVC,1882,1,1
raw_SVC,1883,1,1
raw_SVC,1884,1,1
raw_SVC,1885,-1,-1
raw_SVC,1886,1,1
raw_SVC,1887,1,1
raw_SVC,1888,1,1
raw_SVC,1889,1,1
raw_SVC,1890,-1,-1
raw_SVC,1891,1,1
raw_SVC,1892,1,1
raw_SVC,1893,1,1
raw_SVC,1894,-1,-1
raw_SVC,1895,1,1
raw_SVC,1896,1,1
raw_SVC,1897,1,1
raw_SVC,1898,1,1
raw_SVC,1899,1,1
raw_SVC,1900,1,1
raw_SVC,1901,1,1
raw_SVC,1902,-1,-1
raw_SVC,1903,1,1
raw_SVC,1904,-1,-1
raw_SVC,1905,-1,-1
raw_SVC,1906,1,1
raw_SVC,1907,1,1
raw_SVC,1908,1,1
raw_SVC,1909,1,1
raw_SVC,1910,1,1
raw_SVC,1911,1,1
raw_SVC,1912,1,1
raw_SVC,1913,1,1
raw_SVC,1914,1,1
raw_SVC,1915,1,1
raw_SVC,1916,-1,-1
raw_SVC,1917,1,1
raw_SVC,1918,1,1
raw_SVC,1919,1,1
raw_SVC,1920,1,1
raw_SVC,1921,1,1
raw_SVC,1922,1,1
raw_SVC,1923,1,1
raw_SVC,1924,1,1
raw_SVC,1925,1,1
raw_SVC,1926,1,1
raw_SVC,1927,1,1
raw_SVC,1928,1,1
raw_SVC,1929,-1,-1
raw_SVC,1930,1,1
raw_SVC,1931,1,1
raw_SVC,1932,1,1
raw_SVC,1933,1,1
raw_SVC,1934,1,-1
raw_SVC,1935,1,1
raw_SVC,1936,1,1
raw_SVC,1937,1,1
raw_SVC,1938,1,1
raw_SVC,1939,1,1
raw_SVC,1940,1,1
raw_SVC,1941,1,1
raw_SVC,1942,1,1
raw_SVC,1943,1,1
raw_SVC,1944,1,1
raw_SVC,1945,1,1
raw_SVC,1946,1,1
raw_SVC,1947,1,1
raw_SVC,1948,1,1
raw_SVC,1949,1,1
raw_SVC,1950,1,1
raw_SVC,1951,-1,-1
raw_SVC,1952,1,1
raw_SVC,1953,1,1
raw_SVC,1954,1,1
raw_SVC,1955,-1,-1
raw_SVC,1956,-1,-1
raw_SVC,1957,1,1
raw_SVC,1958,1,1
raw_SVC,1959,1,1
raw_SVC,1960,1,1
raw_SVC,1961,1,1
raw_SVC,1962,1,1
raw_SVC,1963,1,1
raw_SVC,1964,1,1
raw_SVC,1965,1,1
raw_SVC,1966,1,1
raw_SVC,1967,1,1
raw_SVC,1968,1,1
raw_SVC,1969,1,1
raw_SVC,1970,1,1
raw_SVC,1971,1,1
raw_SVC,1972,1,1
raw_SVC,1973,-1,-1
raw_SVC,1974,-1,-1
raw_SVC,1975,1,1
raw_SVC,1976,1,1
raw_SVC,1977,-1,-1
raw_SVC,1978,1,1
raw_SVC,1979,1,1
raw_SVC,1980,1,1
raw_SVC,1981,1,1
raw_SVC,1982,1,1
raw_SVC,1983,1,1
raw_SVC,1984,1,1
raw_SVC,1985,1,1
raw_SVC,1986,1,1
raw_SVC,1987,1,1
raw_SVC,1988,-1,-1
raw_SVC,1989,1,1
raw_SVC,1990,1,1
raw_SVC,1991,1,1
raw_SVC,1992,1,1
raw_SVC,1993,1,1
raw_SVC,1994,1,1
raw_SVC,1995,1,1
raw_SVC,1996,1,1
raw_SVC,1997,1,1
raw_SVC,1998,1,1
raw_SVC,1999,1,1
raw_SVC,2000,-1,-1
raw_SVC,2001,1,1
raw_SVC,2002,1,1
raw_SVC,2003,1,1
raw_SVC,2004,-1,-1
raw_SVC,2005,1,1
raw_SVC,2006,1,1
raw_SVC,2007,1,1
raw_SVC,2008,1,1
raw_SVC,2009,1,1
raw_SVC,2010,1,1
raw_SVC,2011,1,1
raw_SVC,2012,1,1
raw_SVC,2013,1,1
raw_SVC,2014,1,1
raw_SVC,2015,1,1
raw_SVC,2016,-1,-1
raw_SVC,2017,1,1
raw_SVC,2018,1,1
raw_SVC,2019,1,1
raw_SVC,2020,1,1
raw_SVC,2021,1,1
raw_SVC,2022,1,1
raw_SVC,2023,1,1
raw_SVC,2024,1,1
raw_SVC,2025,1,1
raw_SVC,2026,1,1
raw_SVC,2027,1,1
raw_SVC,2028,1,1
raw_SVC,2029,-1,-1
raw_SVC,2030,1,1
raw_SVC,2031,1,1
raw_SVC,2032,1,1
raw_SVC,2033,1,1
raw_SVC,2034,1,1
raw_SVC,2035,1,1
raw_SVC,2036,1,1
raw_SVC,2037,1,1
raw_SVC,2038,1,1
raw_SVC,2039,1,1
raw_SVC,2040,1,1
raw_SVC,2041,1,1
raw_SVC,2042,1,1
raw_SVC,2043,1,1
raw_SVC,2044,1,1
raw_SVC,2045,1,1
raw_SVC,2046,1,1
raw_SVC,2047,-1,-1
raw_SVC,2048,1,1
raw_SVC,2049,1,1
raw_SVC,2050,1,1
raw_SVC,2051,1,1
raw_SVC,2052,1,1
raw_SVC,2053,1,1
raw_SVC,2054,1,1
raw_SVC,2055,1,1
raw_SVC,2056,1,1
raw_SVC,2057,-1,1
raw_SVC,2058,1,1
raw_SVC,2059,1,1
raw_SVC,2060,1,1
raw_SVC,2061,1,1
raw_SVC,2062,1,1
raw_SVC,2063,1,1
raw_SVC,2064,1,1
raw_SVC,2065,1,1
raw_SVC,2066,1,1
raw_SVC,2067,1,1
raw_SVC,2068,1,1
raw_SVC,2069,-1,-1
raw_SVC,2070,1,-1
raw_SVC,2071,1,1
raw_SVC,2072,1,1
raw_SVC,2073,1,1
raw_SVC,2074,1,1
raw_SVC,2075,1,1
raw_SVC,2076,1,1
raw_SVC,2077,1,1
raw_SVC,2078,1,1
raw_SVC,2079,1,1
raw_SVC,2080,1,1
raw_SVC,2081,1,1
raw_SVC,2082,1,1
raw_SVC,2083,1,1
raw_SVC,2084,1,1
raw_SVC,2085,1,1
raw_SVC,2086,1,1
raw_SVC,2087,1,1
raw_SVC,2088,-1,-1
raw_SVC,2089,1,1
raw_SVC,2090,1,1
raw_SVC,2091,1,1
raw_SVC,2092,1,1
raw_SVC,2093,1,1
raw_SVC,2094,1,1
raw_SVC,2095,1,1
raw_SVC,2096,-1,-1
raw_SVC,2097,1,1
raw_SVC,2098,1,1
raw_SVC,2099,1,1
raw_SVC,2100,1,1
raw_SVC,2101,1,1
raw_SVC,2102,1,1
raw_SVC,2103,1,1
raw_SVC,2104,-1,1
raw_SVC,2105,-1,-1
raw_SVC,2106,1,1
raw_SVC,2107,1,1
raw_SVC,2108,1,1
raw_SVC,2109,1,1
raw_SVC,2110,1,1
raw_SVC,2111,1,1
raw_SVC,2112,1,1
raw_SVC,2113,1,1
raw_SVC,2114,1,1
raw_SVC,2115,1,1
raw_SVC,2116,-1,-1
raw_SVC,2117,1,1
raw_SVC,2118,-1,-1
raw_SVC,2119,1,1
raw_SVC,2120,1,1
raw_SVC,2121,1,1
raw_SVC,2122,1,1
raw_SVC,2123,1,1
raw_SVC,2124,1,1
raw_SVC,2125,1,1
raw_SVC,2126,1,1
raw_SVC,2127,1,1
raw_SVC,2128,1,1
raw_SVC,2129,-1,-1
raw_SVC,2130,-1,-1
raw_SVC,2131,1,1
raw_SVC,2132,1,1
raw_SVC,2133,1,1
raw_SVC,2134,-1,-1
raw_SVC,2135,1,1
raw_SVC,2136,1,-1
raw_SVC,2137,1,1
raw_SVC,2138,-1,-1
raw_SVC,2139,1,1
raw_SVC,2140,-1,-1
raw_SVC,2141,1,1
raw_SVC,2142,1,1
raw_SVC,2143,-1,-1
raw_SVC,2144,-1,-1
raw_SVC,2145,-1,-1
raw_SVC,2146,1,1
raw_SVC,2147,1,1
raw_SVC,2148,1,1
raw_SVC,2149,1,1
raw_SVC,2150,1,1
raw_SVC,2151,1,1
raw_SVC,2152,1,1
raw_SVC,2153,1,1
raw_SVC,2154,1,1
raw_SVC,2155,1,1
raw_SVC,2156,1,1
raw_SVC,2157,1,1
raw_SVC,2158,1,1
raw_SVC,2159,1,1
raw_SVC,2160,1,1
raw_SVC,2161,1,1
raw_SVC,2162,-1,-1
raw_SVC,2163,1,1
raw_SVC,2164,1,1
raw_SVC,2165,1,1
raw_SVC,2166,1,1
raw_SVC,2167,-1,-1
raw_SVC,2168,1,1
raw_SVC,2169,1,1
raw_SVC,2170,1,1
raw_SVC,2171,1,1
raw_SVC,2172,1,1
raw_SVC,2173,-1,-1
raw_SVC,2174,-1,-1
raw_SVC,2175,-1,-1
raw_SVC,2176,1,1
raw_SVC,2177,1,1
raw_SVC,2178,1,1
raw_SVC,2179,-1,-1
raw_SVC,2180,-1,-1
raw_SVC,2181,1,1
raw_SVC,2182,1,1
raw_SVC,2183,-1,-1
raw_SVC,2184,1,1
raw_SVC,2185,1,1
raw_SVC,2186,1,1
raw_SVC,2187,1,1
raw_SVC,2188,1,1
raw_SVC,2189,1,1
raw_SVC,2190,1,1
raw_SVC,2191,1,1
raw_SVC,2192,1,1
raw_SVC,2193,1,1
raw_SVC,2194,1,1
raw_SVC,2195,1,1
raw_SVC,2196,1,1
raw_SVC,2197,1,1
raw_SVC,2198,1,1
raw_SVC,2199,1,1
raw_SVC,2200,1,1
raw_SVC,2201,1,1
raw_SVC,2202,1,1
raw_SVC,2203,1,1
raw_SVC,2204,1,1
raw_SVC,2205,1,1
raw_SVC,2206,1,1
raw_SVC,2207,1,1
raw_SVC,2208,-1,-1
raw_SVC,2209,1,1
raw_SVC,2210,-1,-1
raw_SVC,2211,1,1
raw_SVC,2212,-1,-1
raw_SVC,2213,1,1
raw_SVC,2214,1,1
raw_SVC,2215,1,1
raw_SVC,2216,1,1
raw_SVC,2217,1,1
raw_SVC,2218,1,1
raw_SVC,2219,1,1
raw_SVC,2220,1,1
raw_SVC,2221,1,1
raw_SVC,2222,-1,-1
raw_SVC,2223,1,1
raw_SVC,2224,1,1
raw_SVC,2225,1,1
raw_SVC,2226,1,1
raw_SVC,2227,1,1
raw_SVC,2228,1,1
raw_SVC,2229,1,1
raw_SVC,2230,1,1
raw_SVC,2231,1,1
raw_SVC,2232,-1,-1
raw_SVC,2233,1,1
raw_SVC,2234,1,1
raw_SVC,2235,1,1
raw_SVC,2236,1,1
raw_SVC,2237,1,1
raw_SVC,2238,1,1
raw_SVC,2239,1,1
raw_SVC,2240,1,1
raw_SVC,2241,1,1
raw_SVC,2242,1,1
raw_SVC,2243,1,1
raw_SVC,2244,-1,-1
raw_SVC,2245,1,1
raw_SVC,2246,-1,-1
raw_SVC,2247,1,1
raw_SVC,2248,1,1
raw_SVC,2249,1,1
raw_SVC,2250,1,1
raw_SVC,2251,1,1
raw_SVC,2252,1,1
raw_SVC,2253,1,1
raw_SVC,2254,1,1
raw_SVC,2255,1,1
raw_SVC,2256,1,1
raw_SVC,2257,1,1
raw_SVC,2258,1,1
raw_SVC,2259,1,1
raw_SVC,2260,1,1
raw_SVC,2261,-1,-1
raw_SVC,2262,-1,-1
raw_SVC,2263,1,1
raw_SVC,2264,1,1
raw_SVC,2265,1,1
raw_SVC,2266,1,1
raw_SVC,2267,1,1
raw_SVC,2268,-1,-1
raw_SVC,2269,1,1
raw_SVC,2270,1,1
raw_SVC,2271,1,1
raw_SVC,2272,1,1
raw_SVC,2273,1,1
raw_SVC,2274,1,1
raw_SVC,2275,1,1
raw_SVC,2276,1,1
raw_SVC,2277,1,1
raw_SVC,2278,-1,-1
raw_SVC,2279,1,1
raw_SVC,2280,1,1
raw_SVC,2281,1,1
raw_SVC,2282,1,1
raw_SVC,2283,1,1
raw_SVC,2284,1,1
raw_SVC,2285,1,1
raw_SVC,2286,1,1
raw_SVC,2287,1,1
raw_SVC,2288,1,1
raw_SVC,2289,1,1
raw_SVC,2290,1,1
raw_SVC,2291,1,1
raw_SVC,2292,1,1
raw_SVC,2293,1,1
raw_SVC,2294,-1,-1
raw_SVC,2295,1,1
raw_SVC,2296,1,1
raw_SVC,2297,1,1
raw_SVC,2298,1,1
raw_SVC,2299,1,1
raw_SVC,2300,1,-1
raw_SVC,2301,1,1
raw_SVC,2302,1,1
raw_SVC,2303,-1,-1
raw_SVC,2304,1,1
raw_SVC,2305,1,1
raw_SVC,2306,1,1
raw_SVC,2307,1,1
raw_SVC,2308,1,1
raw_SVC,2309,-1,-1
raw_SVC,2310,-1,-1
raw_SVC,2311,1,-1
raw_SVC,2312,1,1
raw_SVC,2313,1,1
raw_SVC,2314,1,1
raw_SVC,2315,1,1
raw_SVC,2316,-1,-1
raw_SVC,2317,1,1
raw_SVC,2318,1,1
raw_SVC,2319,1,1
raw_SVC,2320,1,1
raw_SVC,2321,1,1
raw_SVC,2322,1,1
raw_SVC,2323,1,1
raw_SVC,2324,1,1
raw_SVC,2325,1,1
raw_SVC,2326,1,1
raw_SVC,2327,1,1
raw_SVC,2328,1,1
raw_SVC,2329,1,1
raw_SVC,2330,1,1
raw_SVC,2331,1,1
raw_SVC,2332,-1,-1
raw_SVC,2333,1,1
raw_SVC,2334,1,1
raw_SVC,2335,1,1
raw_SVC,2336,1,1
raw_SVC,2337,1,1
raw_SVC,2338,1,1
raw_SVC,2339,1,1
raw_SVC,2340,1,1
raw_SVC,2341,1,1
raw_SVC,2342,1,1
raw_SVC,2343,-1,-1
raw_SVC,2344,1,1
raw_SVC,2345,1,1
raw_SVC,2346,-1,-1
raw_SVC,2347,1,1
raw_SVC,2348,1,1
raw_SVC,2349,1,1
raw_SVC,2350,1,1
raw_SVC,2351,1,1
raw_SVC,2352,1,1
raw_SVC,2353,1,1
raw_SVC,2354,1,1
raw_SVC,2355,1,1
raw_SVC,2356,-1,-1
raw_SVC,2357,1,1
raw_SVC,2358,1,-1
raw_SVC,2359,1,1
raw_SVC,2360,1,1
raw_SVC,2361,1,1
raw_SVC,2362,1,1
raw_SVC,2363,-1,-1
raw_SVC,2364,1,1
raw_SVC,2365,1,1
raw_SVC,2366,1,1
raw_SVC,2367,1,1
raw_SVC,2368,1,1
raw_SVC,2369,1,1
raw_SVC,2370,1,1
raw_SVC,2371,1,1
raw_SVC,2372,1,1
raw_SVC,2373,1,1
raw_SVC,2374,1,1
raw_SVC,2375,1,1
raw_SVC,2376,1,1
raw_SVC,2377,-1,-1
raw_SVC,2378,1,1
raw_SVC,2379,1,1
raw_SVC,2380,1,1
raw_SVC,2381,1,1
raw_SVC,2382,1,1
raw_SVC,2383,1,1
raw_SVC,2384,1,1
raw_SVC,2385,1,1
raw_SVC,2386,-1,-1
raw_SVC,2387,-1,-1
raw_SVC,2388,1,1
raw_SVC,2389,1,1
raw_SVC,2390,1,1
raw_SVC,2391,1,1
raw_SVC,2392,1,1
raw_SVC,2393,1,1
raw_SVC,2394,1,1
raw_SVC,2395,1,1
raw_SVC,2396,1,1
raw_SVC,2397,-1,-1
raw_SVC,2398,1,1
raw_SVC,2399,1,1
raw_SVC,2400,1,1
raw_SVC,2401,1,1
raw_SVC,2402,1,1
raw_SVC,2403,1,1
raw_SVC,2404,1,1
raw_SVC,2405,1,1
raw_SVC,2406,1,1
raw_SVC,2407,1,1
raw_SVC,2408,1,1
raw_SVC,2409,1,1
raw_SVC,2410,1,1
raw_SVC,2411,1,1
raw_SVC,2412,1,1
raw_SVC,2413,1,1
raw_SVC,2414,1,1
raw_SVC,2415,1,1
raw_SVC,2416,1,1
raw_SVC,2417,1,1
raw_SVC,2418,1,1
raw_SVC,2419,1,1
raw_SVC,2420,1,1
raw_SVC,2421,1,1
raw_SVC,2422,1,1
raw_SVC,2423,1,1
raw_SVC,2424,1,1
raw_SVC,2425,-1,-1
raw_SVC,2426,1,1
raw_SVC,2427,1,1
raw_SVC,2428,1,1
raw_SVC,2429,1,1
raw_SVC,2430,1,1
raw_SVC,2431,-1,-1
raw_SVC,2432,1,1
raw_SVC,2433,-1,-1
raw_SVC,2434,1,1
raw_SVC,2435,1,1
raw_SVC,2436,1,1
raw_SVC,2437,1,1
raw_SVC,2438,1,1
raw_SVC,2439,1,1
raw_SVC,2440,1,1
raw_SVC,2441,1,1
raw_SVC,2442,1,1
raw_SVC,2443,1,1
raw_SVC,2444,1,1
raw_SVC,2445,1,1
raw_SVC,2446,1,1
raw_SVC,2447,-1,-1
raw_SVC,2448,1,1
raw_SVC,2449,1,1
raw_SVC,2450,1,1
raw_SVC,2451,1,1
raw_SVC,2452,1,1
raw_SVC,2453,1,1
raw_SVC,2454,1,1
raw_SVC,2455,1,1
raw_SVC,2456,1,1
raw_SVC,2457,1,1
raw_SVC,2458,1,1
raw_SVC,2459,1,1
raw_SVC,2460,1,1
raw_SVC,2461,1,1
raw_SVC,2462,1,1
raw_SVC,2463,1,1
raw_SVC,2464,1,1
raw_SVC,2465,1,1
raw_SVC,2466,1,1
raw_SVC,2467,-1,-1
raw_SVC,2468,1,1
raw_SVC,2469,1,1
raw_SVC,2470,1,1
raw_SVC,2471,1,1
raw_SVC,2472,1,1
raw_SVC,2473,1,1
raw_SVC,2474,1,1
raw_SVC,2475,1,1
raw_SVC,2476,1,1
raw_SVC,2477,1,1
raw_SVC,2478,-1,-1
raw_SVC,2479,1,1
raw_SVC,2480,1,1
raw_SVC,2481,1,1
raw_SVC,2482,1,1
raw_SVC,2483,1,1
raw_SVC,2484,1,1
raw_SVC,2485,-1,-1
raw_SVC,2486,1,1
raw_SVC,2487,-1,-1
raw_SVC,2488,1,1
raw_SVC,2489,1,1
raw_SVC,2490,1,1
raw_SVC,2491,1,1
raw_SVC,2492,1,1
raw_SVC,2493,1,1
raw_SVC,2494,1,1
raw_SVC,2495,1,1
raw_SVC,2496,1,1
raw_SVC,2497,1,1
raw_SVC,2498,1,1
raw_SVC,2499,1,1
raw_SVC,2500,1,1
raw_SVC,2501,1,1
raw_SVC,2502,1,1
raw_SVC,2503,1,1
raw_SVC,2504,1,1
raw_SVC,2505,1,1
raw_SVC,2506,1,1
raw_SVC,2507,1,1
raw_SVC,2508,1,1
raw_SVC,2509,1,1
raw_SVC,2510,1,1
raw_SVC,2511,1,1
raw_SVC,2512,1,1
raw_SVC,2513,1,1
raw_SVC,2514,1,1
raw_SVC,2515,1,1
raw_SVC,2516,1,1
raw_SVC,2517,1,1
raw_SVC,2518,1,1
raw_SVC,2519,1,1
raw_SVC,2520,-1,-1
raw_SVC,2521,1,1
raw_SVC,2522,1,1
raw_SVC,2523,1,1
raw_SVC,2524,1,1
raw_SVC,2525,1,1
raw_SVC,2526,1,1
raw_SVC,2527,1,1
raw_SVC,2528,1,1
raw_SVC,2529,1,1
raw_SVC,2530,1,1
raw_SVC,2531,1,1
raw_SVC,2532,-1,-1
raw_SVC,2533,-1,-1
raw_SVC,2534,1,1
raw_SVC,2535,-1,-1
raw_SVC,2536,1,1
raw_SVC,2537,1,1
raw_SVC,2538,1,1
raw_SVC,2539,1,1
raw_SVC,2540,1,1
raw_SVC,2541,1,1
raw_SVC,2542,1,1
raw_SVC,2543,1,1
raw_SVC,2544,1,1
raw_SVC,2545,1,1
raw_SVC,2546,1,1
raw_SVC,2547,1,1
raw_SVC,2548,1,1
raw_SVC,2549,1,1
raw_SVC,2550,1,1
raw_SVC,2551,1,1
raw_SVC,2552,-1,-1
raw_SVC,2553,1,1
raw_SVC,2554,1,1
raw_SVC,2555,1,1
raw_SVC,2556,1,1
raw_SVC,2557,1,1
raw_SVC,2558,-1,-1
raw_SVC,2559,-1,-1
raw_SVC,2560,1,1
raw_SVC,2561,-1,-1
raw_SVC,2562,1,1
raw_SVC,2563,1,1
raw_SVC,2564,1,1
raw_SVC,2565,1,1
raw_SVC,2566,-1,-1
raw_SVC,2567,1,1
raw_SVC,2568,-1,-1
raw_SVC,2569,1,1
raw_SVC,2570,1,1
raw_SVC,2571,1,1
raw_SVC,2572,1,1
raw_SVC,2573,-1,-1
raw_SVC,2574,1,1
raw_SVC,2575,1,1
raw_SVC,2576,1,1
raw_SVC,2577,1,1
raw_SVC,2578,1,1
raw_SVC,2579,1,1
raw_SVC,2580,-1,-1
raw_SVC,2581,1,1
raw_SVC,2582,1,1
raw_SVC,2583,1,1
raw_SVC,2584,1,1
raw_SVC,2585,1,1
raw_SVC,2586,1,1
raw_SVC,2587,1,1
raw_SVC,2588,1,1
raw_SVC,2589,1,1
raw_SVC,2590,1,1
raw_SVC,2591,1,1
raw_SVC,2592,1,1
raw_SVC,2593,1,1
raw_SVC,2594,1,1
raw_SVC,2595,1,1
raw_SVC,2596,1,1
raw_SVC,2597,1,1
raw_SVC,2598,1,1
raw_SVC,2599,1,1
raw_SVC,2600,-1,-1
raw_SVC,2601,1,1
raw_SVC,2602,1,1
raw_SVC,2603,1,1
raw_SVC,2604,1,1
raw_SVC,2605,1,1
raw_SVC,2606,1,1
raw_SVC,2607,1,1
raw_SVC,2608,1,1
raw_SVC,2609,1,1
raw_SVC,2610,1,1
raw_SVC,2611,1,1
raw_SVC,2612,-1,-1
raw_SVC,2613,1,1
raw_SVC,2614,1,1
raw_SVC,2615,1,1
raw_SVC,2616,1,1
raw_SVC,2617,1,1
raw_SVC,2618,1,1
raw_SVC,2619,1,1
raw_SVC,2620,1,1
raw_SVC,2621,1,1
raw_SVC,2622,1,1
raw_SVC,2623,1,1
raw_SVC,2624,1,1
raw_SVC,2625,-1,-1
raw_SVC,2626,1,1
raw_SVC,2627,1,1
raw_SVC,2628,1,1
raw_SVC,2629,1,1
raw_SVC,2630,1,1
raw_SVC,2631,1,1
raw_SVC,2632,1,1
raw_SVC,2633,1,1
raw_SVC,2634,1,1
raw_SVC,2635,1,1
raw_SVC,2636,1,1
raw_SVC,2637,1,1
raw_SVC,2638,1,1
raw_SVC,2639,1,1
raw_SVC,2640,1,1
raw_SVC,2641,1,1
raw_SVC,2642,1,1
raw_SVC,2643,1,1
raw_SVC,2644,-1,-1
raw_SVC,2645,1,1
raw_SVC,2646,-1,-1
raw_SVC,2647,1,1
raw_SVC,2648,1,1
raw_SVC,2649,1,1
raw_SVC,2650,1,1
raw_SVC,2651,1,1
raw_SVC,2652,1,1
raw_SVC,2653,1,1
raw_SVC,2654,1,1
raw_SVC,2655,1,1
raw_SVC,2656,1,1
raw_SVC,2657,1,1
raw_SVC,2658,1,1
raw_SVC,2659,1,1
raw_SVC,2660,1,1
raw_SVC,2661,-1,-1
raw_SVC,2662,1,1
raw_SVC,2663,1,1
raw_SVC,2664,-1,-1
raw_SVC,2665,1,1
raw_SVC,2666,1,1
raw_SVC,2667,1,1
raw_SVC,2668,1,1
raw_SVC,2669,1,1
raw_SVC,2670,1,1
raw_SVC,2671,1,1
raw_SVC,2672,1,1
raw_SVC,2673,1,1
raw_SVC,2674,-1,-1
raw_SVC,2675,1,1
raw_SVC,2676,1,1
raw_SVC,2677,1,1
raw_SVC,2678,1,1
raw_SVC,2679,1,1
raw_SVC,2680,1,1
raw_SVC,2681,1,1
raw_SVC,2682,1,1
raw_SVC,2683,1,1
raw_SVC,2684,1,1
raw_SVC,2685,1,1
raw_SVC,2686,1,1
raw_SVC,2687,1,1
raw_SVC,2688,1,1
raw_SVC,2689,1,1
raw_SVC,2690,1,1
raw_SVC,2691,1,1
raw_SVC,2692,1,1
raw_SVC,2693,1,1
raw_SVC,2694,1,1
raw_SVC,2695,1,1
raw_SVC,2696,1,1
raw_SVC,2697,1,1
raw_SVC,2698,1,1
raw_SVC,2699,-1,-1
raw_SVC,2700,1,1
raw_SVC,2701,1,1
raw_SVC,2702,1,1
raw_SVC,2703,1,1
raw_SVC,2704,1,1
raw_SVC,2705,1,1
raw_SVC,2706,1,1
raw_SVC,2707,1,1
raw_SVC,2708,1,1
raw_SVC,2709,-1,-1
raw_SVC,2710,1,1
raw_SVC,2711,1,1
raw_SVC,2712,1,1
raw_SVC,2713,1,1
raw_SVC,2714,-1,-1
raw_SVC,2715,-1,-1
raw_SVC,2716,-1,-1
raw_SVC,2717,1,1
raw_SVC,2718,1,1
raw_SVC,2719,1,1
raw_SVC,2720,-1,-1
raw_SVC,2721,1,1
raw_SVC,2722,1,1
raw_SVC,2723,1,1
raw_SVC,2724,1,1
raw_SVC,2725,1,1
raw_SVC,2726,1,1
raw_SVC,2727,1,1
raw_SVC,2728,1,1
raw_SVC,2729,1,1
raw_SVC,2730,1,1
raw_SVC,2731,1,1
raw_SVC,2732,1,1
raw_SVC,2733,1,1
raw_SVC,2734,1,1
raw_SVC,2735,1,1
raw_SVC,2736,-1,-1
raw_SVC,2737,1,1
raw_SVC,2738,1,1
raw_SVC,2739,-1,-1
raw_SVC,2740,1,1
raw_SVC,2741,1,1
raw_SVC,2742,1,1
raw_SVC,2743,1,1
raw_SVC,2744,-1,-1
raw_SVC,2745,1,1
raw_SVC,2746,1,1
raw_SVC,2747,1,1
raw_SVC,2748,1,1
raw_SVC,2749,1,1
raw_SVC,2750,1,1
raw_SVC,2751,1,1
raw_SVC,2752,1,1
raw_SVC,2753,1,1
raw_SVC,2754,1,1
raw_SVC,2755,1,1
raw_SVC,2756,1,1
raw_SVC,2757,1,1
raw_SVC,2758,1,1
raw_SVC,2759,1,1
raw_SVC,2760,1,1
raw_SVC,2761,1,1
raw_SVC,2762,1,1
raw_SVC,2763,1,1
raw_SVC,2764,1,1
raw_SVC,2765,1,1
raw_SVC,2766,1,1
raw_SVC,2767,1,1
raw_SVC,2768,1,1
raw_SVC,2769,1,1
raw_SVC,2770,1,1
raw_SVC,2771,1,1
raw_SVC,2772,1,1
raw_SVC,2773,1,1
raw_SVC,2774,1,1
raw_SVC,2775,1,1
raw_SVC,2776,1,1
raw_SVC,2777,-1,-1
raw_SVC,2778,1,1
raw_SVC,2779,1,1
raw_SVC,2780,1,1
raw_SVC,2781,1,1
raw_SVC,2782,1,1
raw_SVC,2783,1,1
raw_SVC,2784,1,1
raw_SVC,2785,1,1
raw_SVC,2786,1,1
raw_SVC,2787,-1,-1
raw_SVC,2788,1,1
raw_SVC,2789,1,1
raw_SVC,2790,1,1
raw_SVC,2791,-1,-1
raw_SVC,2792,1,1
raw_SVC,2793,1,1
raw_SVC,2794,1,1
raw_SVC,2795,1,1
raw_SVC,2796,1,1
raw_SVC,2797,1,1
raw_SVC,2798,1,1
raw_SVC,2799,1,1
raw_SVC,2800,1,1
raw_SVC,2801,1,1
raw_SVC,2802,-1,-1
raw_SVC,2803,1,1
raw_SVC,2804,1,1
raw_SVC,2805,1,1
raw_SVC,2806,1,1
raw_SVC,2807,1,1
raw_SVC,2808,1,1
raw_SVC,2809,1,1
raw_SVC,2810,1,1
raw_SVC,2811,1,1
raw_SVC,2812,1,1
raw_SVC,2813,1,1
raw_SVC,2814,1,1
raw_SVC,2815,1,1
raw_SVC,2816,1,1
raw_SVC,2817,-1,-1
raw_SVC,2818,-1,-1
raw_SVC,2819,1,1
raw_SVC,2820,1,1
raw_SVC,2821,1,1
raw_SVC,2822,1,1
raw_SVC,2823,1,1
raw_SVC,2824,1,1
raw_SVC,2825,1,-1
raw_SVC,2826,1,1
raw_SVC,2827,1,1
raw_SVC,2828,1,1
raw_SVC,2829,1,1
raw_SVC,2830,1,1
raw_SVC,2831,1,1
raw_SVC,2832,1,1
raw_SVC,2833,1,1
raw_SVC,2834,1,1
raw_SVC,2835,1,1
raw_SVC,2836,-1,-1
raw_SVC,2837,1,1
raw_SVC,2838,1,1
raw_SVC,2839,1,1
raw_SVC,2840,1,1
raw_SVC,2841,1,1
raw_SVC,2842,1,1
raw_SVC,2843,1,1
raw_SVC,2844,1,1
raw_SVC,2845,1,1
raw_SVC,2846,-1,-1
raw_SVC,2847,1,1
raw_SVC,2848,-1,-1
raw_SVC,2849,-1,-1
raw_SVC,2850,1,1
raw_SVC,2851,1,1
raw_SVC,2852,1,1
raw_SVC,2853,1,1
raw_SVC,2854,1,1
raw_SVC,2855,1,-1
raw_SVC,2856,1,1
raw_SVC,2857,1,1
raw_SVC,2858,1,1
raw_SVC,2859,1,1
raw_SVC,2860,1,1
raw_SVC,2861,1,1
raw_SVC,2862,1,1
raw_SVC,2863,1,1
raw_SVC,2864,1,1
raw_SVC,2865,1,1
raw_SVC,2866,1,1
raw_SVC,2867,1,1
raw_SVC,2868,1,1
raw_SVC,2869,1,1
raw_SVC,2870,1,1
raw_SVC,2871,1,1
raw_SVC,2872,1,1
raw_SVC,2873,1,1
raw_SVC,2874,1,1
raw_SVC,2875,1,1
raw_SVC,2876,-1,-1
raw_SVC,2877,1,1
raw_SVC,2878,1,1
raw_SVC,2879,1,1
raw_SVC,2880,1,1
raw_SVC,2881,1,1
raw_SVC,2882,1,1
raw_SVC,2883,1,1
raw_SVC,2884,1,1
raw_SVC,2885,1,1
raw_SVC,2886,1,1
raw_SVC,2887,1,1
raw_SVC,2888,1,1
raw_SVC,2889,1,1
raw_SVC,2890,-1,-1
raw_SVC,2891,1,1
raw_SVC,2892,1,1
raw_SVC,2893,-1,-1
raw_SVC,2894,1,1
raw_SVC,2895,1,1
raw_SVC,2896,1,1
raw_SVC,2897,1,1
raw_SVC,2898,1,1
raw_SVC,2899,1,1
raw_SVC,2900,1,1
raw_SVC,2901,1,1
raw_SVC,2902,1,1
raw_SVC,2903,1,1
raw_SVC,2904,1,1
raw_SVC,2905,1,1
raw_SVC,2906,1,1
raw_SVC,2907,1,1
raw_SVC,2908,1,1
raw_SVC,2909,1,1
raw_SVC,2910,1,1
raw_SVC,2911,1,1
raw_SVC,2912,1,1
raw_SVC,2913,1,1
raw_SVC,2914,1,1
raw_SVC,2915,-1,-1
raw_SVC,2916,1,1
raw_SVC,2917,1,1
raw_SVC,2918,1,1
raw_SVC,2919,-1,-1
raw_SVC,2920,1,1
raw_SVC,2921,1,1
raw_SVC,2922,1,1
raw_SVC,2923,1,1
raw_SVC,2924,1,1
raw_SVC,2925,1,1
raw_SVC,2926,1,1
raw_SVC,2927,1,1
raw_SVC,2928,1,1
raw_SVC,2929,1,1
raw_SVC,2930,1,1
raw_SVC,2931,1,1
raw_SVC,2932,1,1
raw_SVC,2933,1,1
raw_SVC,2934,1,1
raw_SVC,2935,-1,-1
raw_SVC,2936,1,1
raw_SVC,2937,1,1
raw_SVC,2938,1,1
raw_SVC,2939,1,1
raw_SVC,2940,1,1
raw_SVC,2941,1,1
raw_SVC,2942,1,1
raw_SVC,2943,1,1
raw_SVC,2944,1,1
raw_SVC,2945,1,1
raw_SVC,2946,1,1
raw_SVC,2947,1,1
raw_SVC,2948,1,1
raw_SVC,2949,1,1
raw_SVC,2950,1,1
raw_SVC,2951,1,1
raw_SVC,2952,-1,-1
raw_SVC,2953,1,1
raw_SVC,2954,1,1
raw_SVC,2955,1,1
raw_SVC,2956,1,1
raw_SVC,2957,1,1
raw_SVC,2958,1,1
raw_SVC,2959,1,1
raw_SVC,2960,1,1
raw_SVC,2961,1,1
raw_SVC,2962,1,1
raw_SVC,2963,1,1
raw_SVC,2964,1,1
raw_SVC,2965,1,1
raw_SVC,2966,1,1
raw_SVC,2967,1,1
raw_SVC,2968,1,1
raw_SVC,2969,1,1
raw_SVC,2970,-1,-1
raw_SVC,2971,1,1
raw_SVC,2972,1,1
raw_SVC,2973,1,1
raw_SVC,2974,1,1
raw_SVC,2975,-1,-1
raw_SVC,2976,1,1
raw_SVC,2977,-1,-1
raw_SVC,2978,1,1
raw_SVC,2979,1,1
raw_SVC,2980,1,1
raw_SVC,2981,-1,-1
raw_SVC,2982,1,1
raw_SVC,2983,-1,-1
raw_SVC,2984,1,1
raw_SVC,2985,1,1
raw_SVC,2986,1,1
raw_SVC,2987,-1,-1
raw_SVC,2988,1,1
raw_SVC,2989,1,1
raw_SVC,2990,1,1
raw_SVC,2991,1,1
raw_SVC,2992,1,1
raw_SVC,2993,1,1
raw_SVC,2994,1,1
raw_SVC,2995,1,1
raw_SVC,2996,1,1
raw_SVC,2997,1,1
raw_SVC,2998,1,1
raw_SVC,2999,1,1
raw_SVC,3000,1,1
raw_SVC,3001,1,1
raw_SVC,3002,1,1
raw_SVC,3003,1,1
raw_SVC,3004,-1,-1
raw_SVC,3005,1,1
raw_SVC,3006,1,1
raw_SVC,3007,-1,-1
raw_SVC,3008,1,1
raw_SVC,3009,1,1
raw_SVC,3010,1,1
raw_SVC,3011,1,1
raw_SVC,3012,-1,-1
raw_SVC,3013,1,1
raw_SVC,3014,1,1
raw_SVC,3015,1,1
raw_SVC,3016,1,1
raw_SVC,3017,1,1
raw_SVC,3018,1,1
raw_SVC,3019,1,1
raw_SVC,3020,-1,-1
raw_SVC,3021,1,1
raw_SVC,3022,1,1
raw_SVC,3023,-1,-1
raw_SVC,3024,1,1
raw_SVC,3025,1,1
raw_SVC,3026,1,1
raw_SVC,3027,-1,-1
raw_SVC,3028,1,1
raw_SVC,3029,-1,-1
raw_SVC,3030,1,1
raw_SVC,3031,-1,-1
raw_SVC,3032,1,1
raw_SVC,3033,1,1
raw_SVC,3034,1,1
raw_SVC,3035,1,1
raw_SVC,3036,-1,-1
raw_SVC,3037,-1,-1
raw_SVC,3038,1,1
raw_SVC,3039,1,1
raw_SVC,3040,-1,-1
raw_SVC,3041,1,1
raw_SVC,3042,1,1
raw_SVC,3043,1,1
raw_SVC,3044,1,1
raw_SVC,3045,1,1
raw_SVC,3046,1,1
raw_SVC,3047,1,1
raw_SVC,3048,-1,-1
raw_SVC,3049,1,1
raw_SVC,3050,1,1
raw_SVC,3051,1,1
raw_SVC,3052,1,1
raw_SVC,3053,1,1
raw_SVC,3054,1,1
raw_SVC,3055,1,1
raw_SVC,3056,1,1
raw_SVC,3057,1,1
raw_SVC,3058,1,1
raw_SVC,3059,1,1
raw_SVC,3060,1,1
raw_SVC,3061,1,1
raw_SVC,3062,1,1
raw_SVC,3063,1,1
raw_SVC,3064,1,1
raw_SVC,3065,1,1
raw_SVC,3066,-1,-1
raw_SVC,3067,1,1
raw_SVC,3068,1,1
raw_SVC,3069,1,1
raw_SVC,3070,1,1
raw_SVC,3071,1,1
raw_SVC,3072,1,1
raw_SVC,3073,1,1
raw_SVC,3074,1,1
raw_SVC,3075,1,1
raw_SVC,3076,1,1
raw_SVC,3077,1,1
raw_SVC,3078,1,1
raw_SVC,3079,1,1
raw_SVC,3080,1,1
raw_SVC,3081,1,1
raw_SVC,3082,1,1
raw_SVC,3083,1,1
raw_SVC,3084,1,1
raw_SVC,3085,1,1
raw_SVC,3086,1,1
raw_SVC,3087,1,1
raw_SVC,3088,1,1
raw_SVC,3089,1,1
raw_SVC,3090,1,1
raw_SVC,3091,1,1
raw_SVC,3092,1,1
raw_SVC,3093,1,1
raw_SVC,3094,1,1
raw_SVC,3095,1,1
raw_SVC,3096,1,1
raw_SVC,3097,1,1
raw_SVC,3098,-1,-1
raw_SVC,3099,1,1
raw_SVC,3100,1,1
raw_SVC,3101,1,1
raw_SVC,3102,-1,1
raw_SVC,3103,1,1
raw_SVC,3104,1,1
raw_SVC,3105,1,1
raw_SVC,3106,1,1
raw_SVC,3107,1,1
raw_SVC,3108,1,1
raw_SVC,3109,1,1
raw_SVC,3110,1,1
raw_SVC,3111,1,1
raw_SVC,3112,1,1
raw_SVC,3113,1,1
raw_SVC,3114,1,1
raw_SVC,3115,1,1
raw_SVC,3116,1,1
raw_SVC,3117,1,1
raw_SVC,3118,1,1
raw_SVC,3119,-1,-1
raw_SVC,3120,1,1
raw_SVC,3121,1,1
raw_SVC,3122,1,1
raw_SVC,3123,-1,-1
raw_SVC,3124,1,1
raw_SVC,3125,1,1
raw_SVC,3126,1,1
raw_SVC,3127,1,1
raw_SVC,3128,1,1
raw_SVC,3129,1,1
raw_SVC,3130,1,1
raw_SVC,3131,1,1
raw_SVC,3132,1,1
raw_SVC,3133,1,1
raw_SVC,3134,1,1
raw_SVC,3135,1,1
raw_SVC,3136,1,1
raw_SVC,3137,1,1
raw_SVC,3138,1,1
raw_SVC,3139,1,1
raw_SVC,3140,1,1
raw_SVC,3141,1,1
raw_SVC,3142,1,1
raw_SVC,3143,1,1
raw_SVC,3144,1,1
raw_SVC,3145,1,1
raw_SVC,3146,1,1
raw_SVC,3147,1,1
raw_SVC,3148,1,1
raw_SVC,3149,1,1
raw_SVC,3150,1,1
raw_SVC,3151,-1,-1
raw_SVC,3152,1,1
raw_SVC,3153,1,1
raw_SVC,3154,1,1
raw_SVC,3155,-1,-1
raw_SVC,3156,1,1
raw_SVC,3157,1,1
raw_SVC,3158,-1,-1
raw_SVC,3159,1,1
raw_SVC,3160,1,1
raw_SVC,3161,1,1
raw_SVC,3162,1,1
raw_SVC,3163,1,1
raw_SVC,3164,1,1
raw_SVC,3165,1,1
raw_SVC,3166,1,1
raw_SVC,3167,1,1
raw_SVC,3168,1,1
raw_SVC,3169,1,1
raw_SVC,3170,1,1
raw_SVC,3171,1,1
raw_SVC,3172,1,1
raw_SVC,3173,1,1
raw_SVC,3174,1,1
raw_SVC,3175,1,1
raw_SVC,3176,1,1
raw_SVC,3177,1,1
raw_SVC,3178,1,1
raw_SVC,3179,1,1
raw_SVC,3180,-1,-1
raw_SVC,3181,1,1
raw_SVC,3182,1,1
raw_SVC,3183,1,1
raw_SVC,3184,1,1
raw_SVC,3185,1,1
raw_SVC,3186,1,1
raw_SVC,3187,1,1
raw_SVC,3188,1,1
raw_SVC,3189,1,1
raw_SVC,3190,1,1
raw_SVC,3191,1,1
raw_SVC,3192,1,1
raw_SVC,3193,1,1
raw_SVC,3194,1,1
raw_SVC,3195,1,1
raw_SVC,3196,-1,-1
raw_SVC,3197,1,1
raw_SVC,3198,1,1
raw_SVC,3199,1,1
raw_SVC,3200,1,1
raw_SVC,3201,-1,-1
raw_SVC,3202,1,1
raw_SVC,3203,1,1
raw_SVC,3204,1,1
raw_SVC,3205,-1,-1
raw_SVC,3206,1,1
raw_SVC,3207,1,1
raw_SVC,3208,1,1
raw_SVC,3209,1,1
raw_SVC,3210,-1,-1
raw_SVC,3211,1,1
raw_SVC,3212,1,1
raw_SVC,3213,1,1
raw_SVC,3214,1,1
raw_SVC,3215,1,1
raw_SVC,3216,-1,-1
raw_SVC,3217,-1,-1
raw_SVC,3218,1,1
raw_SVC,3219,1,1
raw_SVC,3220,1,1
raw_SVC,3221,1,1
raw_SVC,3222,1,1
raw_SVC,3223,-1,-1
raw_SVC,3224,-1,-1
raw_SVC,3225,1,1
raw_SVC,3226,1,1
raw_SVC,3227,1,1
raw_SVC,3228,1,1
raw_SVC,3229,1,1
raw_SVC,3230,1,1
raw_SVC,3231,-1,-1
raw_SVC,3232,1,1
raw_SVC,3233,1,1
raw_SVC,3234,1,1
raw_SVC,3235,1,1
raw_SVC,3236,1,1
raw_SVC,3237,1,1
raw_SVC,3238,1,1
raw_SVC,3239,1,1
raw_SVC,3240,1,1
raw_SVC,3241,1,1
raw_SVC,3242,1,1
raw_SVC,3243,1,1
raw_SVC,3244,1,1
raw_SVC,3245,1,1
raw_SVC,3246,1,1
raw_SVC,3247,1,1
raw_SVC,3248,1,1
raw_SVC,3249,1,1
raw_SVC,3250,1,1
raw_SVC,3251,1,1
raw_SVC,3252,1,1
raw_SVC,3253,-1,-1
raw_SVC,3254,1,1
raw_SVC,3255,-1,-1
raw_SVC,3256,1,1
raw_SVC,3257,1,1
raw_SVC,3258,1,1
raw_SVC,3259,1,1
raw_SVC,3260,1,1
raw_SVC,3261,1,1
raw_SVC,3262,-1,-1
raw_SVC,3263,1,1
raw_SVC,3264,1,1
raw_SVC,3265,1,1
raw_SVC,3266,1,1
raw_SVC,3267,1,1
raw_SVC,3268,1,1
raw_SVC,3269,1,1
raw_SVC,3270,1,1
raw_SVC,3271,-1,-1
raw_SVC,3272,1,1
raw_SVC,3273,1,1
raw_SVC,3274,1,1
raw_SVC,3275,1,1
raw_SVC,3276,1,1
raw_SVC,3277,1,1
raw_SVC,3278,1,1
raw_SVC,3279,1,1
raw_SVC,3280,-1,-1
raw_SVC,3281,1,1
raw_SVC,3282,1,1
raw_SVC,3283,1,1
raw_SVC,3284,1,1
raw_SVC,3285,-1,-1
raw_SVC,3286,1,1
raw_SVC,3287,1,1
raw_SVC,3288,1,1
raw_SVC,3289,1,1
raw_SVC,3290,1,1
raw_SVC,3291,1,1
raw_SVC,3292,1,1
raw_SVC,3293,1,1
raw_SVC,3294,-1,-1
raw_SVC,3295,1,1
raw_SVC,3296,-1,-1
raw_SVC,3297,1,1
raw_SVC,3298,1,1
raw_SVC,3299,1,1
raw_SVC,3300,1,1
raw_SVC,3301,1,1
raw_SVC,3302,-1,-1
raw_SVC,3303,1,1
raw_SVC,3304,1,1
raw_SVC,3305,1,1
raw_SVC,3306,-1,-1
raw_SVC,3307,-1,-1
raw_SVC,3308,1,1
raw_SVC,3309,1,1
raw_SVC,3310,1,1
raw_SVC,3311,1,1
raw_SVC,3312,1,1
raw_SVC,3313,1,1
raw_SVC,3314,1,1
raw_SVC,3315,1,1
raw_SVC,3316,1,1
raw_SVC,3317,-1,-1
raw_SVC,3318,1,1
raw_SVC,3319,1,1
raw_SVC,3320,1,1
raw_SVC,3321,-1,-1
raw_SVC,3322,1,1
raw_SVC,3323,1,1
raw_SVC,3324,1,1
raw_SVC,3325,1,1
raw_SVC,3326,1,1
raw_SVC,3327,1,1
raw_SVC,3328,-1,-1
raw_SVC,3329,1,1
raw_SVC,3330,1,1
raw_SVC,3331,1,1
raw_SVC,3332,1,1
raw_SVC,3333,1,1
raw_SVC,3334,1,1
raw_SVC,3335,1,1
raw_SVC,3336,1,1
raw_SVC,3337,1,1
raw_SVC,3338,1,1
raw_SVC,3339,1,1
raw_SVC,3340,1,1
raw_SVC,3341,1,1
raw_SVC,3342,1,1
raw_SVC,3343,1,1
raw_SVC,3344,1,1
raw_SVC,3345,1,1
raw_SVC,3346,1,1
raw_SVC,3347,1,1
raw_SVC,3348,1,1
raw_SVC,3349,1,1
raw_SVC,3350,1,1
raw_SVC,3351,1,1
raw_SVC,3352,1,1
raw_SVC,3353,1,1
raw_SVC,3354,1,1
raw_SVC,3355,-1,-1
raw_SVC,3356,1,1
raw_SVC,3357,1,1
raw_SVC,3358,1,1
raw_SVC,3359,1,1
raw_SVC,3360,1,1
raw_SVC,3361,1,1
raw_SVC,3362,1,1
raw_SVC,3363,-1,-1
raw_SVC,3364,1,1
raw_SVC,3365,1,1
raw_SVC,3366,1,1
raw_SVC,3367,1,1
raw_SVC,3368,1,1
raw_SVC,3369,1,1
raw_SVC,3370,1,1
raw_SVC,3371,1,1
raw_SVC,3372,-1,-1
raw_SVC,3373,-1,-1
raw_SVC,3374,1,1
raw_SVC,3375,1,1
raw_SVC,3376,1,1
raw_SVC,3377,1,1
raw_SVC,3378,1,1
raw_SVC,3379,1,1
raw_SVC,3380,1,1
raw_SVC,3381,1,1
raw_SVC,3382,1,1
raw_SVC,3383,-1,-1
raw_SVC,3384,1,1
raw_SVC,3385,1,1
raw_SVC,3386,1,1
raw_SVC,3387,1,1
raw_SVC,3388,1,1
raw_SVC,3389,1,1
raw_SVC,3390,1,1
raw_SVC,3391,1,1
raw_SVC,3392,1,1
raw_SVC,3393,1,1
raw_SVC,3394,-1,-1
raw_SVC,3395,1,1
raw_SVC,3396,-1,-1
raw_SVC,3397,-1,-1
raw_SVC,3398,-1,1
raw_SVC,3399,-1,-1
raw_SVC,3400,1,1
raw_SVC,3401,1,1
raw_SVC,3402,1,1
raw_SVC,3403,1,1
raw_SVC,3404,1,1
raw_SVC,3405,1,1
raw_SVC,3406,1,1
raw_SVC,3407,1,1
raw_SVC,3408,1,1
raw_SVC,3409,1,1
raw_SVC,3410,1,1
raw_SVC,3411,1,1
raw_SVC,3412,1,1
raw_SVC,3413,1,1
raw_SVC,3414,1,1
raw_SVC,3415,1,1
raw_SVC,3416,1,1
raw_SVC,3417,1,1
raw_SVC,3418,1,1
raw_SVC,3419,1,1
raw_SVC,3420,1,1
raw_SVC,3421,1,1
raw_SVC,3422,1,1
raw_SVC,3423,1,1
raw_SVC,3424,1,1
raw_SVC,3425,1,1
raw_SVC,3426,-1,-1
raw_SVC,3427,1,1
raw_SVC,3428,1,1
raw_SVC,3429,1,1
raw_SVC,3430,1,1
raw_SVC,3431,1,1
raw_SVC,3432,1,1
raw_SVC,3433,1,1
raw_SVC,3434,1,1
raw_SVC,3435,1,1
raw_SVC,3436,1,1
raw_SVC,3437,1,1
raw_SVC,3438,1,1
raw_SVC,3439,1,1
raw_SVC,3440,-1,-1
raw_SVC,3441,1,1
raw_SVC,3442,1,1
raw_SVC,3443,1,1
raw_SVC,3444,1,1
raw_SVC,3445,1,1
raw_SVC,3446,-1,-1
raw_SVC,3447,1,1
raw_SVC,3448,1,1
raw_SVC,3449,-1,-1
raw_SVC,3450,1,1
raw_SVC,3451,1,1
raw_SVC,3452,1,1
raw_SVC,3453,1,1
raw_SVC,3454,1,1
raw_SVC,3455,1,1
raw_SVC,3456,1,1
raw_SVC,3457,-1,-1
raw_SVC,3458,1,1
raw_SVC,3459,1,1
raw_SVC,3460,1,1
raw_SVC,3461,1,1
raw_SVC,3462,1,1
raw_SVC,3463,1,1
raw_SVC,3464,1,1
raw_SVC,3465,-1,-1
raw_SVC,3466,1,1
raw_SVC,3467,1,1
raw_SVC,3468,-1,-1
raw_SVC,3469,1,1
raw_SVC,3470,1,1
raw_SVC,3471,1,1
raw_SVC,3472,1,1
raw_SVC,3473,1,1
raw_SVC,3474,1,1
raw_SVC,3475,1,1
raw_SVC,3476,-1,-1
raw_SVC,3477,1,1
raw_SVC,3478,1,1
raw_SVC,3479,1,1
raw_SVC,3480,1,1
raw_SVC,3481,1,1
raw_SVC,3482,1,1
raw_SVC,3483,1,1
raw_SVC,3484,1,1
raw_SVC,3485,1,1
raw_SVC,3486,1,1
raw_SVC,3487,1,1
raw_SVC,3488,1,1
raw_SVC,3489,-1,-1
raw_SVC,3490,1,1
raw_SVC,3491,-1,-1
raw_SVC,3492,1,1
raw_SVC,3493,1,1
raw_SVC,3494,1,1
raw_SVC,3495,1,1
raw_SVC,3496,1,1
raw_SVC,3497,1,1
raw_SVC,3498,1,1
raw_SVC,3499,1,1
raw_SVC,3500,1,1
raw_SVC,3501,-1,-1
raw_SVC,3502,1,1
raw_SVC,3503,1,1
raw_SVC,3504,1,1
raw_SVC,3505,1,1
raw_SVC,3506,1,1
raw_SVC,3507,1,1
raw_SVC,3508,1,1
raw_SVC,3509,1,1
raw_SVC,3510,1,1
raw_SVC,3511,1,1
raw_SVC,3512,1,1
raw_SVC,3513,1,1
raw_SVC,3514,1,1
raw_SVC,3515,1,1
raw_SVC,3516,1,1
raw_SVC,3517,1,1
raw_SVC,3518,1,1
raw_SVC,3519,1,1
raw_SVC,3520,-1,-1
raw_SVC,3521,1,1
raw_SVC,3522,1,1
raw_SVC,3523,1,1
raw_SVC,3524,1,1
raw_SVC,3525,1,1
raw_SVC,3526,1,1
raw_SVC,3527,1,1
raw_SVC,3528,1,1
raw_SVC,3529,1,1
raw_SVC,3530,1,1
raw_SVC,3531,1,1
raw_SVC,3532,1,1
raw_SVC,3533,-1,-1
raw_SVC,3534,1,1
raw_SVC,3535,1,1
raw_SVC,3536,1,1
raw_SVC,3537,1,1
raw_SVC,3538,-1,-1
raw_SVC,3539,1,1
raw_SVC,3540,1,1
raw_SVC,3541,1,1
raw_SVC,3542,1,-1
raw_SVC,3543,1,1
raw_SVC,3544,1,1
raw_SVC,3545,1,1
raw_SVC,3546,1,-1
raw_SVC,3547,1,1
raw_SVC,3548,-1,-1
raw_SVC,3549,1,1
raw_SVC,3550,1,1
raw_SVC,3551,1,1
raw_SVC,3552,-1,-1
raw_SVC,3553,-1,-1
raw_SVC,3554,1,1
raw_SVC,3555,1,1
raw_SVC,3556,1,1
raw_SVC,3557,-1,-1
raw_SVC,3558,1,1
raw_SVC,3559,1,1
raw_SVC,3560,-1,-1
raw_SVC,3561,1,1
raw_SVC,3562,1,1
raw_SVC,3563,1,1
raw_SVC,3564,1,1
raw_SVC,3565,1,1
raw_SVC,3566,1,1
raw_SVC,3567,1,1
raw_SVC,3568,1,1
raw_SVC,3569,1,1
raw_SVC,3570,1,1
raw_SVC,3571,1,1
raw_SVC,3572,1,1
raw_SVC,3573,1,1
raw_SVC,3574,1,1
raw_SVC,3575,1,1
raw_SVC,3576,1,1
raw_SVC,3577,1,1
raw_SVC,3578,1,1
raw_SVC,3579,1,1
raw_SVC,3580,1,1
raw_SVC,3581,1,1
raw_SVC,3582,1,1
raw_SVC,3583,1,1
raw_SVC,3584,-1,-1
raw_SVC,3585,1,1
raw_SVC,3586,1,1
raw_SVC,3587,1,1
raw_SVC,3588,1,1
raw_SVC,3589,1,1
raw_SVC,3590,1,1
raw_SVC,3591,1,1
raw_SVC,3592,1,1
raw_SVC,3593,-1,-1
raw_SVC,3594,1,1
raw_SVC,3595,1,1
raw_SVC,3596,1,1
raw_SVC,3597,-1,-1
raw_SVC,3598,1,1
raw_SVC,3599,1,1
raw_SVC,3600,1,1
raw_SVC,3601,1,1
raw_SVC,3602,1,1
raw_SVC,3603,1,1
raw_SVC,3604,1,1
raw_SVC,3605,1,1
raw_SVC,3606,1,1
raw_SVC,3607,1,1
raw_SVC,3608,1,1
raw_SVC,3609,1,1
raw_SVC,3610,1,1
raw_SVC,3611,1,1
raw_SVC,3612,1,1
raw_SVC,3613,1,1
raw_SVC,3614,1,1
raw_SVC,3615,1,1
raw_SVC,3616,1,1
raw_SVC,3617,1,1
raw_SVC,3618,1,1
raw_SVC,3619,1,1
raw_SVC,3620,1,1
raw_SVC,3621,1,1
raw_SVC,3622,1,1
raw_SVC,3623,1,1
raw_SVC,3624,1,1
raw_SVC,3625,1,1
raw_SVC,3626,1,1
raw_SVC,3627,-1,-1
raw_SVC,3628,1,1
raw_SVC,3629,1,1
raw_SVC,3630,1,1
raw_SVC,3631,1,1
raw_SVC,3632,1,1
raw_SVC,3633,1,1
raw_SVC,3634,1,1
raw_SVC,3635,1,1
raw_SVC,3636,1,1
raw_SVC,3637,1,1
raw_SVC,3638,-1,-1
raw_SVC,3639,1,1
raw_SVC,3640,1,1
raw_SVC,3641,1,1
raw_SVC,3642,1,1
raw_SVC,3643,1,1
raw_SVC,3644,1,1
raw_SVC,3645,1,1
raw_SVC,3646,-1,-1
raw_SVC,3647,1,1
raw_SVC,3648,1,1
raw_SVC,3649,1,1
raw_SVC,3650,1,1
raw_SVC,3651,1,1
raw_SVC,3652,1,1
raw_SVC,3653,1,1
raw_SVC,3654,1,1
raw_SVC,3655,1,1
raw_SVC,3656,1,1
raw_SVC,3657,1,1
raw_SVC,3658,1,1
raw_SVC,3659,1,1
raw_SVC,3660,1,1
raw_SVC,3661,1,1
raw_SVC,3662,-1,-1
raw_SVC,3663,1,1
raw_SVC,3664,-1,-1
raw_SVC,3665,1,1
raw_SVC,3666,1,1
raw_SVC,3667,1,1
raw_SVC,3668,1,1
raw_SVC,3669,1,1
raw_SVC,3670,1,1
raw_SVC,3671,1,1
raw_SVC,3672,-1,-1
raw_SVC,3673,1,1
raw_SVC,3674,1,1
raw_SVC,3675,1,1
raw_SVC,3676,1,1
raw_SVC,3677,1,1
raw_SVC,3678,1,1
raw_SVC,3679,1,1
raw_SVC,3680,1,1
raw_SVC,3681,1,1
raw_SVC,3682,1,1
raw_SVC,3683,-1,-1
raw_SVC,3684,1,1
raw_SVC,3685,1,1
raw_SVC,3686,1,1
raw_SVC,3687,1,1
raw_SVC,3688,-1,-1
raw_SVC,3689,-1,-1
raw_SVC,3690,1,1
raw_SVC,3691,1,1
raw_SVC,3692,1,1
raw_SVC,3693,1,1
raw_SVC,3694,1,1
raw_SVC,3695,1,1
raw_SVC,3696,1,1
raw_SVC,3697,-1,-1
raw_SVC,3698,-1,-1
raw_SVC,3699,1,1
raw_SVC,3700,1,1
raw_SVC,3701,1,1
raw_SVC,3702,1,1
raw_SVC,3703,1,1
raw_SVC,3704,1,1
raw_SVC,3705,1,1
raw_SVC,3706,-1,-1
raw_SVC,3707,1,1
raw_SVC,3708,1,1
raw_SVC,3709,1,1
raw_SVC,3710,1,1
raw_SVC,3711,-1,-1
raw_SVC,3712,1,1
raw_SVC,3713,1,1
raw_SVC,3714,1,1
raw_SVC,3715,1,1
raw_SVC,3716,1,1
raw_SVC,3717,1,1
raw_SVC,3718,-1,-1
raw_SVC,3719,1,1
raw_SVC,3720,1,1
raw_SVC,3721,-1,-1
raw_SVC,3722,-1,-1
raw_SVC,3723,-1,-1
raw_SVC,3724,1,1
raw_SVC,3725,1,1
raw_SVC,3726,1,1
raw_SVC,3727,1,1
raw_SVC,3728,1,1
raw_SVC,3729,1,1
raw_SVC,3730,1,1
raw_SVC,3731,1,1
raw_SVC,3732,1,1
raw_SVC,3733,-1,-1
raw_SVC,3734,-1,-1
raw_SVC,3735,1,1
raw_SVC,3736,-1,-1
raw_SVC,3737,1,1
raw_SVC,3738,1,1
raw_SVC,3739,1,1
raw_SVC,3740,1,1
raw_SVC,3741,1,1
raw_SVC,3742,1,1
raw_SVC,3743,-1,-1
raw_SVC,3744,1,1
raw_SVC,3745,1,1
raw_SVC,3746,1,1
raw_SVC,3747,1,1
raw_SVC,3748,1,1
raw_SVC,3749,1,1
raw_SVC,3750,1,1
raw_SVC,3751,1,1
raw_SVC,3752,1,1
raw_SVC,3753,-1,-1
raw_SVC,3754,1,1
raw_SVC,3755,1,1
raw_SVC,3756,-1,-1
raw_SVC,3757,1,1
raw_SVC,3758,1,1
raw_SVC,3759,1,1
raw_SVC,3760,1,1
raw_SVC,3761,1,1
raw_SVC,3762,1,1
raw_SVC,3763,1,1
raw_SVC,3764,1,1
raw_SVC,3765,-1,-1
raw_SVC,3766,1,1
raw_SVC,3767,1,1
raw_SVC,3768,1,1
raw_SVC,3769,1,1
raw_SVC,3770,1,1
raw_SVC,3771,1,1
raw_SVC,3772,1,1
raw_SVC,3773,-1,-1
raw_SVC,3774,1,1
raw_SVC,3775,1,1
raw_SVC,3776,-1,-1
raw_SVC,3777,1,1
raw_SVC,3778,1,1
raw_SVC,3779,1,1
raw_SVC,3780,-1,-1
raw_SVC,3781,1,1
raw_SVC,3782,1,-1
raw_SVC,3783,1,1
raw_SVC,3784,1,1
raw_SVC,3785,1,1
raw_SVC,3786,1,1
raw_SVC,3787,1,1
raw_SVC,3788,1,1
raw_SVC,3789,-1,-1
raw_SVC,3790,1,1
raw_SVC,3791,1,1
raw_SVC,3792,1,1
raw_SVC,3793,1,1
raw_SVC,3794,1,1
raw_SVC,3795,1,1
raw_SVC,3796,1,1
raw_SVC,3797,1,1
raw_SVC,3798,1,1
raw_SVC,3799,1,1
raw_SVC,3800,1,1
raw_SVC,3801,-1,-1
raw_SVC,3802,1,1
raw_SVC,3803,1,1
raw_SVC,3804,1,1
raw_SVC,3805,1,1
raw_SVC,3806,1,1
raw_SVC,3807,-1,-1
raw_SVC,3808,1,1
raw_SVC,3809,1,1
raw_SVC,3810,1,1
raw_SVC,3811,1,1
raw_SVC,3812,1,1
raw_SVC,3813,1,1
raw_SVC,3814,1,1
raw_SVC,3815,1,1
raw_SVC,3816,1,1
raw_SVC,3817,1,1
raw_SVC,3818,-1,-1
raw_SVC,3819,1,1
raw_SVC,3820,1,1
raw_SVC,3821,1,1
raw_SVC,3822,1,1
raw_SVC,3823,1,1
raw_SVC,3824,1,1
raw_SVC,3825,1,1
raw_SVC,3826,1,1
raw_SVC,3827,1,1
raw_SVC,3828,1,1
raw_SVC,3829,1,1
raw_SVC,3830,-1,-1
raw_SVC,3831,1,1
raw_SVC,3832,1,1
raw_SVC,3833,-1,-1
raw_SVC,3834,1,1
raw_SVC,3835,1,1
raw_SVC,3836,1,1
raw_SVC,3837,1,1
raw_SVC,3838,-1,-1
raw_SVC,3839,-1,-1
raw_SVC,3840,1,1
raw_SVC,3841,1,1
raw_SVC,3842,1,1
raw_SVC,3843,1,1
raw_SVC,3844,1,1
raw_SVC,3845,-1,-1
raw_SVC,3846,1,1
raw_SVC,3847,1,1
raw_SVC,3848,-1,-1
raw_SVC,3849,1,1
raw_SVC,3850,1,-1
raw_SVC,3851,1,1
raw_SVC,3852,-1,-1
raw_SVC,3853,1,1
raw_SVC,3854,1,1
raw_SVC,3855,1,1
raw_SVC,3856,1,1
raw_SVC,3857,1,1
raw_SVC,3858,1,1
raw_SVC,3859,1,1
raw_SVC,3860,1,1
raw_SVC,3861,1,1
raw_SVC,3862,-1,-1
raw_SVC,3863,1,1
raw_SVC,3864,1,1
raw_SVC,3865,1,1
raw_SVC,3866,1,1
raw_SVC,3867,1,1
raw_SVC,3868,1,1
raw_SVC,3869,1,1
raw_SVC,3870,-1,-1
raw_SVC,3871,1,1
raw_SVC,3872,1,1
raw_SVC,3873,1,1
raw_SVC,3874,1,1
raw_SVC,3875,1,1
raw_SVC,3876,1,1
raw_SVC,3877,1,1
raw_SVC,3878,-1,-1
raw_SVC,3879,1,1
raw_SVC,3880,1,1
raw_SVC,3881,1,1
raw_SVC,3882,1,1
raw_SVC,3883,1,1
raw_SVC,3884,1,1
raw_SVC,3885,1,1
raw_SVC,3886,1,1
raw_SVC,3887,1,1
raw_SVC,3888,1,1
raw_SVC,3889,1,1
raw_SVC,3890,1,1
raw_SVC,3891,1,1
raw_SVC,3892,1,1
raw_SVC,3893,1,1
raw_SVC,3894,1,1
raw_SVC,3895,1,1
raw_SVC,3896,1,1
raw_SVC,3897,1,1
raw_SVC,3898,1,1
raw_SVC,3899,1,1
raw_SVC,3900,1,1
raw_SVC,3901,1,1
raw_SVC,3902,1,1
raw_SVC,3903,1,1
raw_SVC,3904,1,1
raw_SVC,3905,1,1
raw_SVC,3906,1,1
raw_SVC,3907,1,1
raw_SVC,3908,1,1
raw_SVC,3909,1,1
raw_SVC,3910,1,1
raw_SVC,3911,1,1
raw_SVC,3912,-1,-1
raw_SVC,3913,1,1
raw_SVC,3914,1,1
raw_SVC,3915,1,1
raw_SVC,3916,-1,-1
raw_SVC,3917,1,-1
raw_SVC,3918,1,1
raw_SVC,3919,1,1
raw_SVC,3920,1,1
raw_SVC,3921,1,1
raw_SVC,3922,1,1
raw_SVC,3923,1,1
raw_SVC,3924,1,1
raw_SVC,3925,1,1
raw_SVC,3926,-1,-1
raw_SVC,3927,1,1
raw_SVC,3928,1,1
raw_SVC,3929,1,1
raw_SVC,3930,1,1
raw_SVC,3931,1,1
raw_SVC,3932,1,1
raw_SVC,3933,1,1
raw_SVC,3934,1,1
raw_SVC,3935,1,1
raw_SVC,3936,1,1
raw_SVC,3937,1,1
raw_SVC,3938,1,1
raw_SVC,3939,1,1
raw_SVC,3940,1,1
raw_SVC,3941,1,1
raw_SVC,3942,-1,-1
raw_SVC,3943,1,1
raw_SVC,3944,-1,-1
raw_SVC,3945,1,1
raw_SVC,3946,1,1
raw_SVC,3947,1,1
raw_SVC,3948,1,1
raw_SVC,3949,1,1
raw_SVC,3950,1,1
raw_SVC,3951,1,1
raw_SVC,3952,1,1
raw_SVC,3953,1,1
raw_SVC,3954,-1,-1
raw_SVC,3955,1,1
raw_SVC,3956,-1,-1
raw_SVC,3957,1,1
raw_SVC,3958,1,1
raw_SVC,3959,1,1
raw_SVC,3960,1,1
raw_SVC,3961,1,1
raw_SVC,3962,1,1
raw_SVC,3963,1,1
raw_SVC,3964,1,1
raw_SVC,3965,1,1
raw_SVC,3966,-1,-1
raw_SVC,3967,1,1
raw_SVC,3968,-1,-1
raw_SVC,3969,1,1
raw_SVC,3970,1,1
raw_SVC,3971,1,1
raw_SVC,3972,1,1
raw_SVC,3973,1,1
raw_SVC,3974,-1,-1
raw_SVC,3975,1,1
raw_SVC,3976,1,1
raw_SVC,3977,1,1
raw_SVC,3978,1,1
raw_SVC,3979,-1,-1
raw_SVC,3980,1,1
raw_SVC,3981,1,1
raw_SVC,3982,1,1
raw_SVC,3983,1,1
raw_SVC,3984,1,1
raw_SVC,3985,-1,-1
raw_SVC,3986,1,1
raw_SVC,3987,-1,-1
raw_SVC,3988,1,1
raw_SVC,3989,-1,-1
raw_SVC,3990,-1,-1
raw_SVC,3991,1,1
raw_SVC,3992,1,1
raw_SVC,3993,1,1
raw_SVC,3994,1,1
raw_SVC,3995,1,1
raw_SVC,3996,1,1
raw_SVC,3997,1,-1
raw_SVC,3998,1,1
raw_SVC,3999,1,1
raw_SVC,4000,1,1
raw_SVC,4001,1,1
raw_SVC,4002,1,1
raw_SVC,4003,1,1
raw_SVC,4004,1,1
raw_SVC,4005,1,1
raw_SVC,4006,1,1
raw_SVC,4007,1,1
raw_SVC,4008,1,1
raw_SVC,4009,1,1
raw_SVC,4010,1,1
raw_SVC,4011,1,1
raw_SVC,4012,1,1
raw_SVC,4013,1,1
raw_SVC,4014,1,-1
raw_SVC,4015,1,1
raw_SVC,4016,1,1
raw_SVC,4017,1,1
raw_SVC,4018,1,1
raw_SVC,4019,1,1
raw_SVC,4020,1,1
raw_SVC,4021,1,1
raw_SVC,4022,1,1
raw_SVC,4023,1,1
raw_SVC,4024,-1,-1
raw_SVC,4025,1,1
raw_SVC,4026,1,1
raw_SVC,4027,1,1
raw_SVC,4028,1,1
raw_SVC,4029,1,1
raw_SVC,4030,-1,1
raw_SVC,4031,1,1
raw_SVC,4032,1,1
raw_SVC,4033,1,1
raw_SVC,4034,1,1
raw_SVC,4035,1,1
raw_SVC,4036,1,1
raw_SVC,4037,1,1
raw_SVC,4038,1,1
raw_SVC,4039,1,1
raw_SVC,4040,1,1
raw_SVC,4041,1,1
raw_SVC,4042,1,1
raw_SVC,4043,1,1
raw_SVC,4044,1,1
raw_SVC,4045,1,1
raw_SVC,4046,1,1
raw_SVC,4047,1,1
raw_SVC,4048,1,1
raw_SVC,4049,1,1
raw_SVC,4050,1,1
raw_SVC,4051,1,1
raw_SVC,4052,1,1
raw_SVC,4053,1,1
raw_SVC,4054,1,1
raw_SVC,4055,1,1
raw_SVC,4056,1,1
raw_SVC,4057,1,1
raw_SVC,4058,-1,-1
raw_SVC,4059,1,1
raw_SVC,4060,1,1
raw_SVC,4061,1,1
raw_SVC,4062,1,1
raw_SVC,4063,1,1
raw_SVC,4064,-1,-1
raw_SVC,4065,1,1
raw_SVC,4066,1,1
raw_SVC,4067,1,1
raw_SVC,4068,1,1
raw_SVC,4069,1,1
raw_SVC,4070,1,1
raw_SVC,4071,1,1
raw_SVC,4072,1,1
raw_SVC,4073,1,1
raw_SVC,4074,1,1
raw_SVC,4075,1,1
raw_SVC,4076,1,1
raw_SVC,4077,1,1
raw_SVC,4078,1,1
raw_SVC,4079,1,1
raw_SVC,4080,1,1
raw_SVC,4081,1,1
raw_SVC,4082,1,1
raw_SVC,4083,-1,-1
raw_SVC,4084,1,1
raw_SVC,4085,-1,-1
raw_SVC,4086,1,1
raw_SVC,4087,1,1
raw_SVC,4088,1,1
raw_SVC,4089,1,1
raw_SVC,4090,1,1
raw_SVC,4091,1,1
raw_SVC,4092,-1,-1
raw_SVC,4093,1,1
raw_SVC,4094,1,1
raw_SVC,4095,1,1
raw_SVC,4096,1,1
raw_SVC,4097,1,1
raw_SVC,4098,1,1
raw_SVC,4099,1,1
raw_SVC,4100,1,1
raw_SVC,4101,1,1
raw_SVC,4102,-1,-1
raw_SVC,4103,1,1
raw_SVC,4104,1,1
raw_SVC,4105,-1,-1
raw_SVC,4106,1,1
raw_SVC,4107,1,1
raw_SVC,4108,1,1
raw_SVC,4109,1,1
raw_SVC,4110,1,1
raw_SVC,4111,1,1
raw_SVC,4112,1,1
raw_SVC,4113,1,1
raw_SVC,4114,1,1
raw_SVC,4115,1,1
raw_SVC,4116,1,1
raw_SVC,4117,1,1
raw_SVC,4118,1,1
raw_SVC,4119,1,1
raw_SVC,4120,1,1
raw_SVC,4121,1,1
raw_SVC,4122,1,1
raw_SVC,4123,1,1
raw_SVC,4124,1,1
raw_SVC,4125,1,1
raw_SVC,4126,1,1
raw_SVC,4127,1,1
raw_SVC,4128,1,1
raw_SVC,4129,1,1
raw_SVC,4130,1,1
raw_SVC,4131,1,1
raw_SVC,4132,1,1
raw_SVC,4133,1,1
raw_SVC,4134,-1,-1
raw_SVC,4135,1,1
raw_SVC,4136,-1,-1
raw_SVC,4137,1,1
raw_SVC,4138,1,1
raw_SVC,4139,1,1
raw_SVC,4140,1,1
raw_SVC,4141,1,1
raw_SVC,4142,1,1
raw_SVC,4143,1,1
raw_SVC,4144,1,1
raw_SVC,4145,1,1
raw_SVC,4146,1,1
raw_SVC,4147,1,1
raw_SVC,4148,1,1
raw_SVC,4149,1,1
raw_SVC,4150,1,1
raw_SVC,4151,1,1
raw_SVC,4152,1,1
raw_SVC,4153,-1,-1
raw_SVC,4154,1,1
raw_SVC,4155,1,1
raw_SVC,4156,1,1
raw_SVC,4157,1,1
raw_SVC,4158,1,1
raw_SVC,4159,1,1
raw_SVC,4160,1,1
raw_SVC,4161,1,1
raw_SVC,4162,1,1
raw_SVC,4163,1,1
raw_SVC,4164,1,1
raw_SVC,4165,-1,-1
raw_SVC,4166,1,1
raw_SVC,4167,1,1
raw_SVC,4168,1,1
raw_SVC,4169,1,1
raw_SVC,4170,-1,-1
raw_SVC,4171,1,1
raw_SVC,4172,1,1
raw_SVC,4173,1,1
raw_SVC,4174,1,1
raw_SVC,4175,1,1
raw_SVC,4176,-1,-1
raw_SVC,4177,1,1
raw_SVC,4178,1,1
raw_SVC,4179,1,1
raw_SVC,4180,1,1
raw_SVC,4181,-1,-1
raw_SVC,4182,1,1
raw_SVC,4183,1,1
raw_SVC,4184,1,1
raw_SVC,4185,1,1
raw_SVC,4186,1,1
raw_SVC,4187,1,1
raw_SVC,4188,1,1
raw_SVC,4189,1,1
raw_SVC,4190,1,1
raw_SVC,4191,1,1
raw_SVC,4192,1,1
raw_SVC,4193,1,1
raw_SVC,4194,1,1
raw_SVC,4195,1,1
raw_SVC,4196,1,1
raw_SVC,4197,1,1
raw_SVC,4198,1,1
raw_SVC,4199,1,1
raw_SVC,4200,1,1
raw_SVC,4201,1,1
raw_SVC,4202,1,1
raw_SVC,4203,1,1
raw_SVC,4204,1,1
raw_SVC,4205,1,1
raw_SVC,4206,-1,-1
raw_SVC,4207,1,1
raw_SVC,4208,1,1
raw_SVC,4209,1,1
raw_SVC,4210,1,1
raw_SVC,4211,1,1
raw_SVC,4212,1,1
raw_SVC,4213,1,1
raw_SVC,4214,1,1
raw_SVC,4215,-1,-1
raw_SVC,4216,1,1
raw_SVC,4217,1,1
raw_SVC,4218,1,1
raw_SVC,4219,1,1
raw_SVC,4220,1,1
raw_SVC,4221,-1,-1
raw_SVC,4222,1,1
raw_SVC,4223,1,1
raw_SVC,4224,1,1
raw_SVC,4225,1,1
raw_SVC,4226,-1,-1
raw_SVC,4227,-1,-1
raw_SVC,4228,1,1
raw_SVC,4229,1,1
raw_SVC,4230,1,1
raw_SVC,4231,1,1
raw_SVC,4232,1,1
raw_SVC,4233,1,1
raw_SVC,4234,-1,-1
raw_SVC,4235,1,1
raw_SVC,4236,1,1
raw_SVC,4237,1,1
raw_SVC,4238,1,1
raw_SVC,4239,1,1
raw_SVC,4240,1,1
raw_SVC,4241,1,1
raw_SVC,4242,1,1
raw_SVC,4243,1,1
raw_SVC,4244,1,1
raw_SVC,4245,1,1
raw_SVC,4246,-1,-1
raw_SVC,4247,-1,-1
raw_SVC,4248,1,1
raw_SVC,4249,1,1
raw_SVC,4250,1,1
raw_SVC,4251,1,1
raw_SVC,4252,1,1
raw_SVC,4253,1,1
raw_SVC,4254,1,1
raw_SVC,4255,1,1
raw_SVC,4256,1,1
raw_SVC,4257,1,1
raw_SVC,4258,-1,-1
raw_SVC,4259,1,1
raw_SVC,4260,1,1
raw_SVC,4261,1,1
raw_SVC,4262,1,1
raw_SVC,4263,1,1
raw_SVC,4264,1,1
raw_SVC,4265,1,1
raw_SVC,4266,1,1
raw_SVC,4267,1,1
raw_SVC,4268,1,1
raw_SVC,4269,1,1
raw_SVC,4270,1,1
raw_SVC,4271,1,1
raw_SVC,4272,-1,-1
raw_SVC,4273,1,1
raw_SVC,4274,1,1
raw_SVC,4275,1,1
raw_SVC,4276,1,1
raw_SVC,4277,1,1
raw_SVC,4278,1,1
raw_SVC,4279,1,1
raw_SVC,4280,1,1
raw_SVC,4281,1,1
raw_SVC,4282,1,1
raw_SVC,4283,1,1
raw_SVC,4284,1,1
raw_SVC,4285,1,1
raw_SVC,4286,1,1
raw_SVC,4287,1,1
raw_SVC,4288,1,1
raw_SVC,4289,1,1
raw_SVC,4290,1,1
raw_SVC,4291,1,1
raw_SVC,4292,1,1
raw_SVC,4293,1,1
raw_SVC,4294,1,1
raw_SVC,4295,1,1
raw_SVC,4296,1,1
raw_SVC,4297,1,1
raw_SVC,4298,1,1
raw_SVC,4299,1,1
raw_SVC,4300,1,1
raw_SVC,4301,1,1
raw_SVC,4302,1,1
raw_SVC,4303,1,1
raw_SVC,4304,1,1
raw_SVC,4305,1,1
raw_SVC,4306,-1,-1
raw_SVC,4307,1,1
raw_SVC,4308,1,1
raw_SVC,4309,1,1
raw_SVC,4310,1,1
raw_SVC,4311,1,1
raw_SVC,4312,1,1
raw_SVC,4313,1,1
raw_SVC,4314,1,1
raw_SVC,4315,1,1
raw_SVC,4316,1,1
raw_SVC,4317,-1,-1
raw_SVC,4318,1,1
raw_SVC,4319,1,1
raw_SVC,4320,1,1
raw_SVC,4321,1,-1
raw_SVC,4322,1,1
raw_SVC,4323,1,1
raw_SVC,4324,1,1
raw_SVC,4325,1,1
raw_SVC,4326,1,1
raw_SVC,4327,1,1
raw_SVC,4328,1,1
raw_SVC,4329,1,1
raw_SVC,4330,1,1
raw_SVC,4331,1,1
raw_SVC,4332,1,1
raw_SVC,4333,1,1
raw_SVC,4334,1,1
raw_SVC,4335,1,1
raw_SVC,4336,1,1
raw_SVC,4337,1,1
raw_SVC,4338,1,1
raw_SVC,4339,1,1
raw_SVC,4340,1,1
raw_SVC,4341,1,1
raw_SVC,4342,1,1
raw_SVC,4343,1,1
raw_SVC,4344,1,-1
raw_SVC,4345,-1,-1
raw_SVC,4346,1,1
raw_SVC,4347,1,1
raw_SVC,4348,1,1
raw_SVC,4349,1,1
raw_SVC,4350,1,1
raw_SVC,4351,1,1
raw_SVC,4352,1,1
raw_SVC,4353,1,1
raw_SVC,4354,1,1
raw_SVC,4355,1,1
raw_SVC,4356,1,1
raw_SVC,4357,1,1
raw_SVC,4358,1,1
raw_SVC,4359,1,1
raw_SVC,4360,1,1
raw_SVC,4361,1,1
raw_SVC,4362,1,1
raw_SVC,4363,1,1
raw_SVC,4364,1,1
raw_SVC,4365,-1,-1
raw_SVC,4366,-1,-1
raw_SVC,4367,1,1
raw_SVC,4368,1,1
raw_SVC,4369,1,1
raw_SVC,4370,1,1
raw_SVC,4371,1,1
raw_SVC,4372,1,1
raw_SVC,4373,-1,-1
raw_SVC,4374,1,1
raw_SVC,4375,1,1
raw_SVC,4376,-1,-1
raw_SVC,4377,1,1
raw_SVC,4378,1,1
raw_SVC,4379,1,1
raw_SVC,4380,1,1
raw_SVC,4381,1,1
raw_SVC,4382,-1,-1
raw_SVC,4383,1,1
raw_SVC,4384,1,1
raw_SVC,4385,1,1
raw_SVC,4386,1,1
raw_SVC,4387,1,1
raw_SVC,4388,1,1
raw_SVC,4389,1,1
raw_SVC,4390,1,1
raw_SVC,4391,1,1
raw_SVC,4392,1,1
raw_SVC,4393,1,1
raw_SVC,4394,1,1
raw_SVC,4395,1,1
raw_SVC,4396,1,1
raw_SVC,4397,1,1
raw_SVC,4398,1,1
raw_SVC,4399,1,1
raw_SVC,4400,1,1
raw_SVC,4401,1,1
raw_SVC,4402,1,1
raw_SVC,4403,1,1
raw_SVC,4404,1,1
raw_SVC,4405,1,1
raw_SVC,4406,1,1
raw_SVC,4407,1,1
raw_SVC,4408,-1,-1
raw_SVC,4409,1,1
raw_SVC,4410,1,1
raw_SVC,4411,1,1
raw_SVC,4412,1,1
raw_SVC,4413,1,1
raw_SVC,4414,1,1
raw_SVC,4415,-1,-1
raw_SVC,4416,1,1
raw_SVC,4417,1,1
raw_SVC,4418,1,1
raw_SVC,4419,1,1
raw_SVC,4420,1,1
raw_SVC,4421,1,1
raw_SVC,4422,-1,-1
raw_SVC,4423,1,1
raw_SVC,4424,1,1
raw_SVC,4425,1,1
raw_SVC,4426,1,1
raw_SVC,4427,1,1
raw_SVC,4428,1,1
raw_SVC,4429,1,1
raw_SVC,4430,1,1
raw_SVC,4431,1,1
raw_SVC,4432,1,1
raw_SVC,4433,1,1
raw_SVC,4434,1,1
raw_SVC,4435,1,1
raw_SVC,4436,-1,-1
raw_SVC,4437,1,1
raw_SVC,4438,1,1
raw_SVC,4439,-1,-1
raw_SVC,4440,1,1
raw_SVC,4441,1,1
raw_SVC,4442,1,1
raw_SVC,4443,1,1
raw_SVC,4444,1,1
raw_SVC,4445,1,1
raw_SVC,4446,1,1
raw_SVC,4447,-1,-1
raw_SVC,4448,1,1
raw_SVC,4449,1,1
raw_SVC,4450,1,1
raw_SVC,4451,1,1
raw_SVC,4452,1,1
raw_SVC,4453,1,1
raw_SVC,4454,1,1
raw_SVC,4455,1,1
raw_SVC,4456,1,1
raw_SVC,4457,1,1
raw_SVC,4458,1,1
raw_SVC,4459,1,1
raw_SVC,4460,1,1
raw_SVC,4461,1,1
raw_SVC,4462,1,1
raw_SVC,4463,1,1
raw_SVC,4464,1,1
raw_SVC,4465,1,1
raw_SVC,4466,1,1
raw_SVC,4467,1,1
raw_SVC,4468,1,1
raw_SVC,4469,1,1
raw_SVC,4470,1,1
raw_SVC,4471,1,1
raw_SVC,4472,1,1
raw_SVC,4473,1,1
raw_SVC,4474,1,1
raw_SVC,4475,1,1
raw_SVC,4476,1,1
raw_SVC,4477,1,1
raw_SVC,4478,1,1
raw_SVC,4479,1,1
raw_SVC,4480,1,1
raw_SVC,4481,1,1
raw_SVC,4482,1,1
raw_SVC,4483,1,1
raw_SVC,4484,-1,-1
raw_SVC,4485,1,1
raw_SVC,4486,1,1
raw_SVC,4487,-1,-1
raw_SVC,4488,1,1
raw_SVC,4489,1,1
raw_SVC,4490,1,1
raw_SVC,4491,1,1
raw_SVC,4492,-1,-1
raw_SVC,4493,1,1
raw_SVC,4494,1,1
raw_SVC,4495,1,1
raw_SVC,4496,1,1
raw_SVC,4497,1,1
raw_SVC,4498,1,1
raw_SVC,4499,1,1
raw_SVC,4500,1,1
raw_SVC,4501,1,1
raw_SVC,4502,1,1
raw_SVC,4503,-1,-1
raw_SVC,4504,1,1
raw_SVC,4505,1,1
raw_SVC,4506,1,1
raw_SVC,4507,-1,-1
raw_SVC,4508,1,1
raw_SVC,4509,1,1
raw_SVC,4510,-1,-1
raw_SVC,4511,1,1
raw_SVC,4512,1,1
raw_SVC,4513,1,1
raw_SVC,4514,-1,-1
raw_SVC,4515,1,1
raw_SVC,4516,1,1
raw_SVC,4517,1,1
raw_SVC,4518,1,1
raw_SVC,4519,1,1
raw_SVC,4520,1,1
raw_SVC,4521,1,1
raw_SVC,4522,1,1
raw_SVC,4523,-1,-1
raw_SVC,4524,1,1
raw_SVC,4525,1,1
raw_SVC,4526,1,1
raw_SVC,4527,1,1
raw_SVC,4528,-1,-1
raw_SVC,4529,1,1
raw_SVC,4530,1,1
raw_SVC,4531,1,1
raw_SVC,4532,1,1
raw_SVC,4533,1,1
raw_SVC,4534,1,1
raw_SVC,4535,1,1
raw_SVC,4536,1,1
raw_SVC,4537,1,1
raw_SVC,4538,1,1
raw_SVC,4539,1,1
raw_SVC,4540,1,1
raw_SVC,4541,1,1
raw_SVC,4542,1,1
raw_SVC,4543,1,1
raw_SVC,4544,1,1
raw_SVC,4545,1,1
raw_SVC,4546,1,1
raw_SVC,4547,1,1
raw_SVC,4548,1,1
raw_SVC,4549,1,1
raw_SVC,4550,-1,-1
raw_SVC,4551,1,1
raw_SVC,4552,1,1
raw_SVC,4553,1,1
raw_SVC,4554,1,1
raw_SVC,4555,1,1
raw_SVC,4556,1,1
raw_SVC,4557,1,1
raw_SVC,4558,1,1
raw_SVC,4559,1,1
raw_SVC,4560,1,1
raw_SVC,4561,1,1
raw_SVC,4562,1,1
raw_SVC,4563,1,1
raw_SVC,4564,1,1
raw_SVC,4565,1,1
raw_SVC,4566,1,1
raw_SVC,4567,1,1
raw_SVC,4568,1,1
raw_SVC,4569,1,1
raw_SVC,4570,1,1
raw_SVC,4571,1,1
raw_SVC,4572,1,1
raw_SVC,4573,1,1
raw_SVC,4574,1,1
raw_SVC,4575,1,1
raw_SVC,4576,1,1
raw_SVC,4577,1,1
raw_SVC,4578,1,1
raw_SVC,4579,1,1
raw_SVC,4580,1,1
raw_SVC,4581,-1,-1
raw_SVC,4582,1,1
raw_SVC,4583,1,-1
raw_SVC,4584,1,1
raw_SVC,4585,1,1
raw_SVC,4586,1,1
raw_SVC,4587,1,1
raw_SVC,4588,-1,-1
raw_SVC,4589,1,1
raw_SVC,4590,1,1
raw_SVC,4591,1,1
raw_SVC,4592,1,1
raw_SVC,4593,1,1
raw_SVC,4594,1,1
raw_SVC,4595,1,1
raw_SVC,4596,1,1
raw_SVC,4597,1,1
raw_SVC,4598,1,1
raw_SVC,4599,1,1
raw_SVC,4600,1,1
raw_SVC,4601,1,1
raw_SVC,4602,1,1
raw_SVC,4603,1,1
raw_SVC,4604,1,1
raw_SVC,4605,1,1
raw_SVC,4606,1,1
raw_SVC,4607,1,1
raw_SVC,4608,1,1
raw_SVC,4609,1,1
raw_SVC,4610,1,1
raw_SVC,4611,1,1
raw_SVC,4612,1,1
raw_SVC,4613,1,1
raw_SVC,4614,1,1
raw_SVC,4615,1,1
raw_SVC,4616,-1,-1
raw_SVC,4617,1,1
raw_SVC,4618,1,1
raw_SVC,4619,1,1
raw_SVC,4620,-1,-1
raw_SVC,4621,1,1
raw_SVC,4622,1,1
raw_SVC,4623,1,1
raw_SVC,4624,1,1
raw_SVC,4625,1,1
raw_SVC,4626,1,1
raw_SVC,4627,1,1
raw_SVC,4628,1,1
raw_SVC,4629,1,1
raw_SVC,4630,1,1
raw_SVC,4631,1,1
raw_SVC,4632,1,1
raw_SVC,4633,1,1
raw_SVC,4634,1,1
raw_SVC,4635,1,1
raw_SVC,4636,1,1
raw_SVC,4637,1,1
raw_SVC,4638,1,1
raw_SVC,4639,1,1
raw_SVC,4640,-1,-1
raw_SVC,4641,1,1
raw_SVC,4642,1,1
raw_SVC,4643,1,1
raw_SVC,4644,1,1
raw_SVC,4645,1,1
raw_SVC,4646,1,1
raw_SVC,4647,1,1
raw_SVC,4648,-1,-1
raw_SVC,4649,1,1
raw_SVC,4650,1,1
raw_SVC,4651,1,1
raw_SVC,4652,1,1
raw_SVC,4653,1,1
raw_SVC,4654,1,1
raw_SVC,4655,1,1
raw_SVC,4656,1,1
raw_SVC,4657,1,1
raw_SVC,4658,-1,-1
raw_SVC,4659,1,1
raw_SVC,4660,1,1
raw_SVC,4661,1,1
raw_SVC,4662,1,1
raw_SVC,4663,1,1
raw_SVC,4664,1,1
raw_SVC,4665,-1,-1
raw_SVC,4666,1,1
raw_SVC,4667,1,1
raw_SVC,4668,1,1
raw_SVC,4669,-1,-1
raw_SVC,4670,1,1
raw_SVC,4671,1,1
raw_SVC,4672,-1,-1
raw_SVC,4673,1,1
raw_SVC,4674,1,1
raw_SVC,4675,1,1
raw_SVC,4676,-1,-1
raw_SVC,4677,1,1
raw_SVC,4678,1,1
raw_SVC,4679,1,1
raw_SVC,4680,1,1
raw_SVC,4681,1,1
raw_SVC,4682,1,1
raw_SVC,4683,-1,-1
raw_SVC,4684,1,1
raw_SVC,4685,1,1
raw_SVC,4686,1,1
raw_SVC,4687,-1,-1
raw_SVC,4688,1,1
raw_SVC,4689,1,1
raw_SVC,4690,-1,-1
raw_SVC,4691,1,1
raw_SVC,4692,1,1
raw_SVC,4693,1,1
raw_SVC,4694,1,1
raw_SVC,4695,1,1
raw_SVC,4696,1,1
raw_SVC,4697,1,1
raw_SVC,4698,1,1
raw_SVC,4699,1,1
raw_SVC,4700,1,1
raw_SVC,4701,1,1
raw_SVC,4702,1,1
raw_SVC,4703,1,1
raw_SVC,4704,1,1
raw_SVC,4705,1,1
raw_SVC,4706,1,1
raw_SVC,4707,1,1
raw_SVC,4708,1,1
raw_SVC,4709,1,1
raw_SVC,4710,1,1
raw_SVC,4711,1,1
raw_SVC,4712,1,1
raw_SVC,4713,1,1
raw_SVC,4714,1,1
raw_SVC,4715,1,1
raw_SVC,4716,1,1
raw_SVC,4717,1,1
raw_SVC,4718,1,1
raw_SVC,4719,1,1
raw_SVC,4720,1,1
raw_SVC,4721,1,1
raw_SVC,4722,1,1
raw_SVC,4723,1,1
raw_SVC,4724,1,1
raw_SVC,4725,1,1
raw_SVC,4726,1,1
raw_SVC,4727,1,1
raw_SVC,4728,1,1
raw_SVC,4729,1,1
raw_SVC,4730,1,1
raw_SVC,4731,1,1
raw_SVC,4732,1,1
raw_SVC,4733,1,1
raw_SVC,4734,1,1
raw_SVC,4735,1,1
raw_SVC,4736,1,1
raw_SVC,4737,1,1
raw_SVC,4738,1,1
raw_SVC,4739,1,1
raw_SVC,4740,1,1
raw_SVC,4741,-1,-1
raw_SVC,4742,1,1
raw_SVC,4743,1,1
raw_SVC,4744,1,1
raw_SVC,4745,1,1
raw_SVC,4746,-1,-1
raw_SVC,4747,-1,-1
raw_SVC,4748,1,1
raw_SVC,4749,1,1
raw_SVC,4750,-1,-1
raw_SVC,4751,1,1
raw_SVC,4752,1,1
raw_SVC,4753,-1,-1
raw_SVC,4754,1,1
raw_SVC,4755,1,1
raw_SVC,4756,1,1
raw_SVC,4757,-1,-1
raw_SVC,4758,1,1
raw_SVC,4759,1,1
raw_SVC,4760,1,1
raw_SVC,4761,1,1
raw_SVC,4762,1,1
raw_SVC,4763,1,1
raw_SVC,4764,1,1
raw_SVC,4765,-1,-1
raw_SVC,4766,1,1
raw_SVC,4767,1,1
raw_SVC,4768,1,1
raw_SVC,4769,1,1
raw_SVC,4770,1,1
raw_SVC,4771,1,1
raw_SVC,4772,1,1
raw_SVC,4773,1,1
raw_SVC,4774,1,1
raw_SVC,4775,1,1
raw_SVC,4776,1,1
raw_SVC,4777,1,1
raw_SVC,4778,1,1
raw_SVC,4779,1,1
raw_SVC,4780,1,1
raw_SVC,4781,1,1
raw_SVC,4782,1,1
raw_SVC,4783,1,1
raw_SVC,4784,1,1
raw_SVC,4785,1,1
raw_SVC,4786,1,1
raw_SVC,4787,1,1
raw_SVC,4788,1,1
raw_SVC,4789,1,1
raw_SVC,4790,1,1
raw_SVC,4791,1,1
raw_SVC,4792,1,1
raw_SVC,4793,1,1
raw_SVC,4794,1,1
raw_SVC,4795,1,1
raw_SVC,4796,1,1
raw_SVC,4797,1,1
raw_SVC,4798,1,1
raw_SVC,4799,1,1
raw_SVC,4800,-1,-1
raw_SVC,4801,-1,-1
raw_SVC,4802,1,1
raw_SVC,4803,1,1
raw_SVC,4804,1,1
raw_SVC,4805,1,1
raw_SVC,4806,1,1
raw_SVC,4807,1,1
raw_SVC,4808,-1,-1
raw_SVC,4809,1,1
raw_SVC,4810,1,1
raw_SVC,4811,1,1
raw_SVC,4812,1,1
raw_SVC,4813,1,-1
raw_SVC,4814,1,1
raw_SVC,4815,1,-1
raw_SVC,4816,1,1
raw_SVC,4817,1,1
raw_SVC,4818,1,1
raw_SVC,4819,1,1
raw_SVC,4820,1,1
raw_SVC,4821,1,1
raw_SVC,4822,1,1
raw_SVC,4823,-1,-1
raw_SVC,4824,1,1
raw_SVC,4825,1,1
raw_SVC,4826,1,1
raw_SVC,4827,1,1
raw_SVC,4828,1,1
raw_SVC,4829,1,1
raw_SVC,4830,1,1
raw_SVC,4831,1,1
raw_SVC,4832,1,1
raw_SVC,4833,1,1
raw_SVC,4834,1,1
raw_SVC,4835,1,1
raw_SVC,4836,1,1
raw_SVC,4837,-1,-1
raw_SVC,4838,1,1
raw_SVC,4839,1,1
raw_SVC,4840,1,1
raw_SVC,4841,-1,-1
raw_SVC,4842,1,1
raw_SVC,4843,1,1
raw_SVC,4844,1,1
raw_SVC,4845,1,1
raw_SVC,4846,1,1
raw_SVC,4847,-1,-1
raw_SVC,4848,1,1
raw_SVC,4849,1,1
raw_SVC,4850,1,1
raw_SVC,4851,1,1
raw_SVC,4852,1,1
raw_SVC,4853,1,1
raw_SVC,4854,1,1
raw_SVC,4855,1,1
raw_SVC,4856,1,1
raw_SVC,4857,1,1
raw_SVC,4858,1,1
raw_SVC,4859,1,1
raw_SVC,4860,1,1
raw_SVC,4861,-1,-1
raw_SVC,4862,1,1
raw_SVC,4863,1,1
raw_SVC,4864,1,1
raw_SVC,4865,1,1
raw_SVC,4866,-1,-1
raw_SVC,4867,1,1
raw_SVC,4868,1,1
raw_SVC,4869,1,1
raw_SVC,4870,1,1
raw_SVC,4871,1,1
raw_SVC,4872,1,1
raw_SVC,4873,1,1
raw_SVC,4874,1,1
raw_SVC,4875,1,1
raw_SVC,4876,1,1
raw_SVC,4877,-1,-1
raw_SVC,4878,1,1
raw_SVC,4879,1,1
raw_SVC,4880,1,1
raw_SVC,4881,1,1
raw_SVC,4882,1,1
raw_SVC,4883,1,1
raw_SVC,4884,1,1
raw_SVC,4885,1,1
raw_SVC,4886,1,1
raw_SVC,4887,1,1
raw_SVC,4888,-1,-1
raw_SVC,4889,1,1
raw_SVC,4890,1,1
raw_SVC,4891,1,1
raw_SVC,4892,-1,-1
raw_SVC,4893,1,1
raw_SVC,4894,1,1
raw_SVC,4895,1,1
raw_SVC,4896,-1,-1
raw_SVC,4897,1,1
raw_SVC,4898,1,1
raw_SVC,4899,1,1
raw_SVC,4900,-1,-1
raw_SVC,4901,-1,-1
raw_SVC,4902,1,1
raw_SVC,4903,1,1
raw_SVC,4904,1,1
raw_SVC,4905,1,1
raw_SVC,4906,-1,-1
raw_SVC,4907,1,1
raw_SVC,4908,1,1
raw_SVC,4909,1,1
raw_SVC,4910,1,1
raw_SVC,4911,1,1
raw_SVC,4912,-1,-1
raw_SVC,4913,1,1
raw_SVC,4914,1,1
raw_SVC,4915,1,1
raw_SVC,4916,1,1
raw_SVC,4917,1,1
raw_SVC,4918,1,1
raw_SVC,4919,1,1
raw_SVC,4920,1,1
raw_SVC,4921,1,1
raw_SVC,4922,1,1
raw_SVC,4923,1,1
raw_SVC,4924,1,1
raw_SVC,4925,1,1
raw_SVC,4926,1,1
raw_SVC,4927,1,1
raw_SVC,4928,1,1
raw_SVC,4929,1,1
raw_SVC,4930,1,1
raw_SVC,4931,1,1
raw_SVC,4932,1,1
raw_SVC,4933,1,1
raw_SVC,4934,1,1
raw_SVC,4935,-1,-1
raw_SVC,4936,1,1
raw_SVC,4937,1,1
raw_SVC,4938,1,1
raw_SVC,4939,1,1
raw_SVC,4940,1,1
raw_SVC,4941,1,1
raw_SVC,4942,1,1
raw_SVC,4943,-1,-1
raw_SVC,4944,1,1
raw_SVC,4945,1,1
raw_SVC,4946,1,1
raw_SVC,4947,1,1
raw_SVC,4948,-1,-1
raw_SVC,4949,1,1
raw_SVC,4950,1,1
raw_SVC,4951,1,1
raw_SVC,4952,1,1
raw_SVC,4953,1,1
raw_SVC,4954,1,1
raw_SVC,4955,1,1
raw_SVC,4956,1,1
raw_SVC,4957,1,1
raw_SVC,4958,1,1
raw_SVC,4959,1,1
raw_SVC,4960,1,1
raw_SVC,4961,1,1
raw_SVC,4962,1,1
raw_SVC,4963,1,1
raw_SVC,4964,1,1
raw_SVC,4965,1,1
raw_SVC,4966,-1,1
raw_SVC,4967,1,1
raw_SVC,4968,1,1
raw_SVC,4969,1,1
raw_SVC,4970,1,1
raw_SVC,4971,1,1
raw_SVC,4972,1,1
raw_SVC,4973,1,1
raw_SVC,4974,1,1
raw_SVC,4975,-1,-1
raw_SVC,4976,-1,-1
raw_SVC,4977,1,1
raw_SVC,4978,1,1
raw_SVC,4979,1,1
raw_SVC,4980,1,1
raw_SVC,4981,1,1
raw_SVC,4982,1,1
raw_SVC,4983,1,1
raw_SVC,4984,1,1
raw_SVC,4985,1,1
raw_SVC,4986,1,1
raw_SVC,4987,1,1
raw_SVC,4988,1,1
raw_SVC,4989,-1,-1
raw_SVC,4990,1,1
raw_SVC,4991,1,1
raw_SVC,4992,1,1
raw_SVC,4993,1,1
raw_SVC,4994,1,1
raw_SVC,4995,1,1
raw_SVC,4996,1,1
raw_SVC,4997,1,1
raw_SVC,4998,1,1
raw_SVC,4999,-1,-1
raw_SVC,5000,1,1
raw_SVC,5001,1,1
raw_SVC,5002,1,1
raw_SVC,5003,-1,-1
raw_SVC,5004,1,1
raw_SVC,5005,1,1
raw_SVC,5006,-1,-1
raw_SVC,5007,1,1
raw_SVC,5008,-1,-1
raw_SVC,5009,1,1
raw_SVC,5010,1,1
raw_SVC,5011,1,1
raw_SVC,5012,-1,-1
raw_SVC,5013,1,1
raw_SVC,5014,-1,-1
raw_SVC,5015,1,1
raw_SVC,5016,1,1
raw_SVC,5017,1,1
raw_SVC,5018,1,1
raw_SVC,5019,1,1
raw_SVC,5020,1,1
raw_SVC,5021,1,1
raw_SVC,5022,1,1
raw_SVC,5023,1,1
raw_SVC,5024,1,1
raw_SVC,5025,1,1
raw_SVC,5026,1,1
raw_SVC,5027,1,1
raw_SVC,5028,1,1
raw_SVC,5029,1,1
raw_SVC,5030,1,1
raw_SVC,5031,1,1
raw_SVC,5032,1,1
raw_SVC,5033,1,1
raw_SVC,5034,1,1
raw_SVC,5035,1,1
raw_SVC,5036,1,1
raw_SVC,5037,1,1
raw_SVC,5038,1,1
raw_SVC,5039,1,1
raw_SVC,5040,1,1
raw_SVC,5041,1,1
raw_SVC,5042,1,1
raw_SVC,5043,-1,-1
raw_SVC,5044,1,1
raw_SVC,5045,1,1
raw_SVC,5046,1,1
raw_SVC,5047,1,1
raw_SVC,5048,1,1
raw_SVC,5049,1,1
raw_SVC,5050,1,1
raw_SVC,5051,-1,-1
raw_SVC,5052,1,1
raw_SVC,5053,1,1
raw_SVC,5054,1,1
raw_SVC,5055,1,1
raw_SVC,5056,1,1
raw_SVC,5057,1,1
raw_SVC,5058,1,1
raw_SVC,5059,1,1
raw_SVC,5060,1,1
raw_SVC,5061,1,1
raw_SVC,5062,-1,-1
raw_SVC,5063,1,1
raw_SVC,5064,1,1
raw_SVC,5065,1,1
raw_SVC,5066,1,1
raw_SVC,5067,1,1
raw_SVC,5068,1,1
raw_SVC,5069,1,1
raw_SVC,5070,1,1
raw_SVC,5071,1,1
raw_SVC,5072,1,1
raw_SVC,5073,-1,-1
raw_SVC,5074,1,1
raw_SVC,5075,1,1
raw_SVC,5076,1,1
raw_SVC,5077,1,1
raw_SVC,5078,1,1
raw_SVC,5079,1,1
raw_SVC,5080,1,1
raw_SVC,5081,1,1
raw_SVC,5082,1,1
raw_SVC,5083,1,1
raw_SVC,5084,1,1
raw_SVC,5085,1,1
raw_SVC,5086,1,1
raw_SVC,5087,1,1
raw_SVC,5088,1,1
raw_SVC,5089,1,1
raw_SVC,5090,-1,-1
raw_SVC,5091,1,1
raw_SVC,5092,1,1
raw_SVC,5093,-1,-1
raw_SVC,5094,1,1
raw_SVC,5095,1,1
raw_SVC,5096,1,1
raw_SVC,5097,1,1
raw_SVC,5098,1,1
raw_SVC,5099,-1,-1
raw_SVC,5100,1,1
raw_SVC,5101,1,1
raw_SVC,5102,1,1
raw_SVC,5103,-1,-1
raw_SVC,5104,1,1
raw_SVC,5105,1,1
raw_SVC,5106,-1,-1
raw_SVC,5107,1,1
raw_SVC,5108,1,1
raw_SVC,5109,1,1
raw_SVC,5110,1,1
raw_SVC,5111,1,1
raw_SVC,5112,1,1
raw_SVC,5113,1,1
raw_SVC,5114,1,1
raw_SVC,5115,1,1
raw_SVC,5116,1,1
raw_SVC,5117,1,1
raw_SVC,5118,1,1
raw_SVC,5119,-1,-1
raw_SVC,5120,1,1
raw_SVC,5121,1,1
raw_SVC,5122,1,1
raw_SVC,5123,1,1
raw_SVC,5124,1,1
raw_SVC,5125,1,1
raw_SVC,5126,1,1
raw_SVC,5127,1,1
raw_SVC,5128,1,1
raw_SVC,5129,1,1
raw_SVC,5130,1,1
raw_SVC,5131,1,1
raw_SVC,5132,-1,-1
raw_SVC,5133,1,1
raw_SVC,5134,1,1
raw_SVC,5135,1,1
raw_SVC,5136,1,1
raw_SVC,5137,1,1
raw_SVC,5138,1,1
raw_SVC,5139,1,1
raw_SVC,5140,1,1
raw_SVC,5141,1,1
raw_SVC,5142,1,1
raw_SVC,5143,1,1
raw_SVC,5144,1,1
raw_SVC,5145,-1,-1
raw_SVC,5146,1,1
raw_SVC,5147,1,1
raw_SVC,5148,1,1
raw_SVC,5149,1,1
raw_SVC,5150,1,1
raw_SVC,5151,1,1
raw_SVC,5152,1,1
raw_SVC,5153,1,1
raw_SVC,5154,1,1
raw_SVC,5155,1,1
raw_SVC,5156,1,1
raw_SVC,5157,1,1
raw_SVC,5158,1,1
raw_SVC,5159,1,1
raw_SVC,5160,1,1
raw_SVC,5161,-1,-1
raw_SVC,5162,1,1
raw_SVC,5163,1,1
raw_SVC,5164,1,1
raw_SVC,5165,1,1
raw_SVC,5166,1,1
raw_SVC,5167,1,1
raw_SVC,5168,1,1
raw_SVC,5169,-1,-1
raw_SVC,5170,1,1
raw_SVC,5171,1,1
raw_SVC,5172,1,1
raw_SVC,5173,1,1
raw_SVC,5174,1,1
raw_SVC,5175,1,1
raw_SVC,5176,1,1
raw_SVC,5177,1,1
raw_SVC,5178,1,1
raw_SVC,5179,1,1
raw_SVC,5180,1,1
raw_SVC,5181,-1,-1
raw_SVC,5182,1,1
raw_SVC,5183,-1,-1
raw_SVC,5184,1,1
raw_SVC,5185,-1,-1
raw_SVC,5186,1,1
raw_SVC,5187,1,1
raw_SVC,5188,1,1
raw_SVC,5189,1,1
raw_SVC,5190,1,1
raw_SVC,5191,1,1
raw_SVC,5192,1,1
raw_SVC,5193,-1,-1
raw_SVC,5194,1,1
raw_SVC,5195,1,1
raw_SVC,5196,1,1
raw_SVC,5197,1,1
raw_SVC,5198,1,1
raw_SVC,5199,1,1
raw_SVC,5200,-1,-1
raw_SVC,5201,1,1
raw_SVC,5202,1,1
raw_SVC,5203,1,1
raw_SVC,5204,1,1
raw_SVC,5205,1,1
raw_SVC,5206,1,1
raw_SVC,5207,1,1
raw_SVC,5208,1,1
raw_SVC,5209,1,1
raw_SVC,5210,1,1
raw_SVC,5211,1,1
raw_SVC,5212,1,1
raw_SVC,5213,-1,-1
raw_SVC,5214,-1,-1
raw_SVC,5215,1,1
raw_SVC,5216,-1,-1
raw_SVC,5217,1,1
raw_SVC,5218,1,1
raw_SVC,5219,-1,-1
raw_SVC,5220,1,1
raw_SVC,5221,1,1
raw_SVC,5222,1,1
raw_SVC,5223,1,1
raw_SVC,5224,1,1
raw_SVC,5225,1,1
raw_SVC,5226,1,1
raw_SVC,5227,1,1
raw_SVC,5228,1,1
raw_SVC,5229,1,1
raw_SVC,5230,1,1
raw_SVC,5231,1,1
raw_SVC,5232,-1,-1
raw_SVC,5233,1,1
raw_SVC,5234,1,1
raw_SVC,5235,-1,-1
raw_SVC,5236,1,1
raw_SVC,5237,1,1
raw_SVC,5238,1,1
raw_SVC,5239,1,1
raw_SVC,5240,1,1
raw_SVC,5241,1,1
raw_SVC,5242,1,1
raw_SVC,5243,1,1
raw_SVC,5244,-1,-1
raw_SVC,5245,1,1
raw_SVC,5246,1,1
raw_SVC,5247,1,1
raw_SVC,5248,-1,-1
raw_SVC,5249,1,1
raw_SVC,5250,1,1
raw_SVC,5251,1,1
raw_SVC,5252,1,1
raw_SVC,5253,-1,-1
raw_SVC,5254,1,1
raw_SVC,5255,1,1
raw_SVC,5256,1,1
raw_SVC,5257,1,1
raw_SVC,5258,1,1
raw_SVC,5259,-1,-1
raw_SVC,5260,1,1
raw_SVC,5261,1,1
raw_SVC,5262,1,1
raw_SVC,5263,1,1
raw_SVC,5264,1,1
raw_SVC,5265,1,1
raw_SVC,5266,1,1
raw_SVC,5267,1,1
raw_SVC,5268,1,1
raw_SVC,5269,1,1
raw_SVC,5270,1,1
raw_SVC,5271,1,1
raw_SVC,5272,1,1
raw_SVC,5273,1,1
raw_SVC,5274,1,1
raw_SVC,5275,1,1
raw_SVC,5276,1,1
raw_SVC,5277,1,1
raw_SVC,5278,1,1
raw_SVC,5279,-1,-1
raw_SVC,5280,1,1
raw_SVC,5281,1,1
raw_SVC,5282,1,1
raw_SVC,5283,1,1
raw_SVC,5284,-1,-1
raw_SVC,5285,1,1
raw_SVC,5286,1,1
raw_SVC,5287,1,1
raw_SVC,5288,1,1
raw_SVC,5289,1,1
raw_SVC,5290,1,1
raw_SVC,5291,1,1
raw_SVC,5292,1,1
raw_SVC,5293,1,1
raw_SVC,5294,1,1
raw_SVC,5295,1,1
raw_SVC,5296,1,1
raw_SVC,5297,1,1
raw_SVC,5298,1,1
raw_SVC,5299,-1,-1
raw_SVC,5300,1,1
raw_SVC,5301,1,1
raw_SVC,5302,1,1
raw_SVC,5303,1,1
raw_SVC,5304,1,1
raw_SVC,5305,1,1
raw_SVC,5306,1,1
raw_SVC,5307,1,1
raw_SVC,5308,1,1
raw_SVC,5309,1,1
raw_SVC,5310,1,1
raw_SVC,5311,1,1
raw_SVC,5312,1,1
raw_SVC,5313,1,1
raw_SVC,5314,1,1
raw_SVC,5315,1,1
raw_SVC,5316,1,1
raw_SVC,5317,1,1
raw_SVC,5318,1,1
raw_SVC,5319,1,1
raw_SVC,5320,1,1
raw_SVC,5321,1,1
raw_SVC,5322,1,1
raw_SVC,5323,1,1
raw_SVC,5324,1,1
raw_SVC,5325,1,1
raw_SVC,5326,1,1
raw_SVC,5327,1,1
raw_SVC,5328,1,1
raw_SVC,5329,1,1
raw_SVC,5330,1,1
raw_SVC,5331,1,1
raw_SVC,5332,1,1
raw_SVC,5333,1,1
raw_SVC,5334,1,1
raw_SVC,5335,1,1
raw_SVC,5336,1,1
raw_SVC,5337,1,1
raw_SVC,5338,1,1
raw_SVC,5339,-1,-1
raw_SVC,5340,1,1
raw_SVC,5341,1,1
raw_SVC,5342,1,1
raw_SVC,5343,-1,-1
raw_SVC,5344,1,1
raw_SVC,5345,1,1
raw_SVC,5346,1,1
raw_SVC,5347,1,1
raw_SVC,5348,-1,-1
raw_SVC,5349,1,1
raw_SVC,5350,1,1
raw_SVC,5351,1,1
raw_SVC,5352,1,1
raw_SVC,5353,1,1
raw_SVC,5354,1,1
raw_SVC,5355,1,1
raw_SVC,5356,-1,-1
raw_SVC,5357,-1,-1
raw_SVC,5358,-1,-1
raw_SVC,5359,1,1
raw_SVC,5360,1,1
raw_SVC,5361,1,1
raw_SVC,5362,1,1
raw_SVC,5363,1,1
raw_SVC,5364,1,1
raw_SVC,5365,1,1
raw_SVC,5366,1,1
raw_SVC,5367,1,1
raw_SVC,5368,1,1
raw_SVC,5369,1,1
raw_SVC,5370,1,1
raw_SVC,5371,1,1
raw_SVC,5372,-1,-1
raw_SVC,5373,1,1
raw_SVC,5374,1,1
raw_SVC,5375,1,1
raw_SVC,5376,1,1
raw_SVC,5377,-1,-1
raw_SVC,5378,-1,-1
raw_SVC,5379,1,1
raw_SVC,5380,1,1
raw_SVC,5381,1,1
raw_SVC,5382,1,1
raw_SVC,5383,-1,-1
raw_SVC,5384,1,1
raw_SVC,5385,1,1
raw_SVC,5386,1,1
raw_SVC,5387,-1,-1
raw_SVC,5388,1,1
raw_SVC,5389,1,1
raw_SVC,5390,1,1
raw_SVC,5391,1,1
raw_SVC,5392,1,1
raw_SVC,5393,1,1
raw_SVC,5394,1,1
raw_SVC,5395,1,1
raw_SVC,5396,1,1
raw_SVC,5397,1,1
raw_SVC,5398,1,1
raw_SVC,5399,1,1
raw_SVC,5400,-1,-1
raw_SVC,5401,1,1
raw_SVC,5402,1,1
raw_SVC,5403,1,1
raw_SVC,5404,1,1
raw_SVC,5405,1,1
raw_SVC,5406,1,1
raw_SVC,5407,1,1
raw_SVC,5408,1,1
raw_SVC,5409,1,1
raw_SVC,5410,-1,-1
raw_SVC,5411,1,1
raw_SVC,5412,1,1
raw_SVC,5413,1,1
raw_SVC,5414,1,1
raw_SVC,5415,1,1
raw_SVC,5416,1,1
raw_SVC,5417,1,1
raw_SVC,5418,1,1
raw_SVC,5419,1,1
raw_SVC,5420,1,1
raw_SVC,5421,1,1
raw_SVC,5422,1,1
raw_SVC,5423,1,1
raw_SVC,5424,1,1
raw_SVC,5425,1,1
raw_SVC,5426,1,1
raw_SVC,5427,1,1
raw_SVC,5428,1,1
raw_SVC,5429,1,1
raw_SVC,5430,1,1
raw_SVC,5431,-1,-1
raw_SVC,5432,1,1
raw_SVC,5433,1,1
raw_SVC,5434,1,1
raw_SVC,5435,1,1
raw_SVC,5436,1,1
raw_SVC,5437,-1,-1
raw_SVC,5438,1,1
raw_SVC,5439,1,1
raw_SVC,5440,1,1
raw_SVC,5441,1,1
raw_SVC,5442,1,1
raw_SVC,5443,1,1
raw_SVC,5444,1,1
raw_SVC,5445,-1,-1
raw_SVC,5446,1,1
raw_SVC,5447,1,1
raw_SVC,5448,1,1
raw_SVC,5449,1,1
raw_SVC,5450,1,1
raw_SVC,5451,1,1
raw_SVC,5452,1,1
raw_SVC,5453,1,1
raw_SVC,5454,1,1
raw_SVC,5455,1,1
raw_SVC,5456,1,1
raw_SVC,5457,1,1
raw_SVC,5458,1,1
raw_SVC,5459,-1,-1
raw_SVC,5460,1,1
raw_SVC,5461,-1,-1
raw_SVC,5462,1,1
raw_SVC,5463,1,1
raw_SVC,5464,1,1
raw_SVC,5465,1,1
raw_SVC,5466,1,1
raw_SVC,5467,1,1
raw_SVC,5468,1,1
raw_SVC,5469,1,1
raw_SVC,5470,-1,-1
raw_SVC,5471,1,1
raw_SVC,5472,1,1
raw_SVC,5473,1,1
raw_SVC,5474,1,1
raw_SVC,5475,1,1
raw_SVC,5476,-1,-1
raw_SVC,5477,1,1
raw_SVC,5478,1,1
raw_SVC,5479,-1,-1
raw_SVC,5480,1,1
raw_SVC,5481,1,1
raw_SVC,5482,1,1
raw_SVC,5483,1,1
raw_SVC,5484,1,1
raw_SVC,5485,-1,-1
raw_SVC,5486,1,1
raw_SVC,5487,1,1
raw_SVC,5488,1,1
raw_SVC,5489,1,1
raw_SVC,5490,1,1
raw_SVC,5491,1,1
raw_SVC,5492,1,1
raw_SVC,5493,1,1
raw_SVC,5494,1,1
raw_SVC,5495,1,1
raw_SVC,5496,1,1
raw_SVC,5497,1,1
raw_SVC,5498,1,1
raw_SVC,5499,1,1
raw_SVC,5500,1,1
raw_SVC,5501,1,1
raw_SVC,5502,1,1
raw_SVC,5503,1,1
raw_SVC,5504,1,1
raw_SVC,5505,1,1
raw_SVC,5506,1,1
raw_SVC,5507,1,1
raw_SVC,5508,-1,-1
raw_SVC,5509,1,1
raw_SVC,5510,1,1
raw_SVC,5511,1,1
raw_SVC,5512,1,1
raw_SVC,5513,1,1
raw_SVC,5514,1,1
raw_SVC,5515,1,1
raw_SVC,5516,1,1
raw_SVC,5517,1,1
raw_SVC,5518,1,1
raw_SVC,5519,1,1
raw_SVC,5520,1,1
raw_SVC,5521,1,1
raw_SVC,5522,1,1
raw_SVC,5523,1,1
raw_SVC,5524,-1,-1
raw_SVC,5525,1,1
raw_SVC,5526,1,1
raw_SVC,5527,-1,-1
raw_SVC,5528,1,1
raw_SVC,5529,1,1
raw_SVC,5530,1,1
raw_SVC,5531,1,1
raw_SVC,5532,1,1
raw_SVC,5533,-1,-1
raw_SVC,5534,1,1
raw_SVC,5535,1,1
raw_SVC,5536,1,1
raw_SVC,5537,1,1
raw_SVC,5538,1,1
raw_SVC,5539,1,1
raw_SVC,5540,1,1
raw_SVC,5541,1,1
raw_SVC,5542,1,1
raw_SVC,5543,1,1
raw_SVC,5544,1,1
raw_SVC,5545,1,1
raw_SVC,5546,1,1
raw_SVC,5547,1,1
raw_SVC,5548,1,1
raw_SVC,5549,1,1
raw_SVC,5550,1,1
raw_SVC,5551,-1,-1
raw_SVC,5552,1,1
raw_SVC,5553,1,1
raw_SVC,5554,1,1
raw_SVC,5555,1,1
raw_SVC,5556,1,1
raw_SVC,5557,1,1
raw_SVC,5558,1,1
raw_SVC,5559,1,1
raw_SVC,5560,1,1
raw_SVC,5561,1,1
raw_SVC,5562,1,1
raw_SVC,5563,1,1
raw_SVC,5564,1,1
raw_SVC,5565,1,1
raw_SVC,5566,1,1
raw_SVC,5567,1,1
raw_SVC,5568,-1,-1
raw_SVC,5569,1,1
raw_SVC,5570,1,1
raw_SVC,5571,1,1
raw_SVC,5572,1,1
raw_SVC,5573,1,1
raw_SVC,5574,1,1
raw_SVC,5575,-1,-1
raw_SVC,5576,1,1
raw_SVC,5577,1,1
raw_SVC,5578,1,1
raw_SVC,5579,1,1
raw_SVC,5580,1,1
raw_SVC,5581,1,1
raw_SVC,5582,1,1
raw_SVC,5583,1,1
raw_SVC,5584,1,1
raw_SVC,5585,1,1
raw_SVC,5586,1,-1
raw_SVC,5587,1,1
raw_SVC,5588,1,1
raw_SVC,5589,1,1
raw_SVC,5590,1,1
raw_SVC,5591,1,1
raw_SVC,5592,1,1
raw_SVC,5593,1,1
raw_SVC,5594,1,1
raw_SVC,5595,1,1
raw_SVC,5596,1,1
raw_SVC,5597,1,1
raw_SVC,5598,1,1
raw_SVC,5599,1,1
raw_SVC,5600,1,1
raw_SVC,5601,1,1
raw_SVC,5602,1,1
raw_SVC,5603,1,1
raw_SVC,5604,-1,-1
raw_SVC,5605,1,1
raw_SVC,5606,1,-1
raw_SVC,5607,1,1
raw_SVC,5608,1,1
raw_SVC,5609,1,1
raw_SVC,5610,1,1
raw_SVC,5611,1,1
raw_SVC,5612,1,1
raw_SVC,5613,1,1
raw_SVC,5614,1,1
raw_SVC,5615,1,1
raw_SVC,5616,1,1
raw_SVC,5617,1,1
raw_SVC,5618,1,1
raw_SVC,5619,1,-1
raw_SVC,5620,1,1
raw_SVC,5621,1,1
raw_SVC,5622,1,1
raw_SVC,5623,1,1
raw_SVC,5624,1,1
raw_SVC,5625,1,1
raw_SVC,5626,1,1
raw_SVC,5627,1,1
raw_SVC,5628,1,1
raw_SVC,5629,1,1
raw_SVC,5630,1,1
raw_SVC,5631,1,1
raw_SVC,5632,1,1
raw_SVC,5633,-1,-1
raw_SVC,5634,1,1
raw_SVC,5635,-1,-1
raw_SVC,5636,1,1
raw_SVC,5637,1,1
raw_SVC,5638,1,1
raw_SVC,5639,1,1
raw_SVC,5640,1,1
raw_SVC,5641,-1,-1
raw_SVC,5642,1,1
raw_SVC,5643,1,1
raw_SVC,5644,-1,-1
raw_SVC,5645,1,1
raw_SVC,5646,-1,-1
raw_SVC,5647,1,1
raw_SVC,5648,-1,-1
raw_SVC,5649,1,1
raw_SVC,5650,1,1
raw_SVC,5651,-1,-1
raw_SVC,5652,1,1
raw_SVC,5653,1,1
raw_SVC,5654,1,1
raw_SVC,5655,-1,-1
raw_SVC,5656,1,1
raw_SVC,5657,1,1
raw_SVC,5658,1,1
raw_SVC,5659,1,1
raw_SVC,5660,1,1
raw_SVC,5661,1,1
raw_SVC,5662,1,1
raw_SVC,5663,1,1
raw_SVC,5664,1,1
raw_SVC,5665,-1,-1
raw_SVC,5666,1,1
raw_SVC,5667,1,1
raw_SVC,5668,1,1
raw_SVC,5669,1,1
raw_SVC,5670,1,-1
raw_SVC,5671,1,1
raw_SVC,5672,1,1
raw_SVC,5673,1,1
raw_SVC,5674,1,1
raw_SVC,5675,1,1
raw_SVC,5676,1,1
raw_SVC,5677,1,1
raw_SVC,5678,1,1
raw_SVC,5679,1,1
raw_SVC,5680,1,1
raw_SVC,5681,1,1
raw_SVC,5682,1,1
raw_SVC,5683,1,1
raw_SVC,5684,1,1
raw_SVC,5685,1,1
raw_SVC,5686,1,1
raw_SVC,5687,1,1
raw_SVC,5688,1,1
raw_SVC,5689,1,1
raw_SVC,5690,1,1
raw_SVC,5691,1,1
raw_SVC,5692,1,1
raw_SVC,5693,1,1
raw_SVC,5694,1,1
raw_SVC,5695,1,1
raw_SVC,5696,1,1
raw_SVC,5697,1,1
raw_SVC,5698,1,1
raw_SVC,5699,1,1
raw_SVC,5700,1,1
raw_SVC,5701,-1,-1
raw_SVC,5702,1,1
raw_SVC,5703,1,1
raw_SVC,5704,1,1
raw_SVC,5705,1,1
raw_SVC,5706,-1,-1
raw_SVC,5707,-1,-1
raw_SVC,5708,-1,-1
raw_SVC,5709,1,1
raw_SVC,5710,-1,-1
raw_SVC,5711,1,1
raw_SVC,5712,1,1
raw_SVC,5713,1,1
raw_SVC,5714,1,1
raw_SVC,5715,1,1
raw_SVC,5716,1,1
raw_SVC,5717,1,1
raw_SVC,5718,1,1
raw_SVC,5719,1,1
raw_SVC,5720,1,1
raw_SVC,5721,1,1
raw_SVC,5722,1,1
raw_SVC,5723,1,1
raw_SVC,5724,1,1
raw_SVC,5725,1,1
raw_SVC,5726,1,1
raw_SVC,5727,1,1
raw_SVC,5728,1,1
raw_SVC,5729,1,1
raw_SVC,5730,1,1
raw_SVC,5731,1,1
raw_SVC,5732,1,1
raw_SVC,5733,1,1
raw_SVC,5734,1,1
raw_SVC,5735,1,1
raw_SVC,5736,1,1
raw_SVC,5737,1,1
raw_SVC,5738,1,1
raw_SVC,5739,1,1
raw_SVC,5740,-1,-1
raw_SVC,5741,1,1
raw_SVC,5742,1,1
raw_SVC,5743,1,1
raw_SVC,5744,1,1
raw_SVC,5745,1,1
raw_SVC,5746,1,1
raw_SVC,5747,1,1
raw_SVC,5748,1,1
raw_SVC,5749,1,1
raw_SVC,5750,1,1
raw_SVC,5751,1,1
raw_SVC,5752,-1,-1
raw_SVC,5753,1,1
raw_SVC,5754,1,1
raw_SVC,5755,1,1
raw_SVC,5756,1,1
raw_SVC,5757,1,1
raw_SVC,5758,1,1
raw_SVC,5759,1,1
raw_SVC,5760,1,1
raw_SVC,5761,1,1
raw_SVC,5762,1,1
raw_SVC,5763,-1,-1
raw_SVC,5764,1,1
raw_SVC,5765,1,1
raw_SVC,5766,1,1
raw_SVC,5767,1,1
raw_SVC,5768,-1,-1
raw_SVC,5769,-1,-1
raw_SVC,5770,1,1
raw_SVC,5771,1,1
raw_SVC,5772,1,1
raw_SVC,5773,1,1
raw_SVC,5774,1,1
raw_SVC,5775,1,1
raw_SVC,5776,1,1
raw_SVC,5777,1,1
raw_SVC,5778,1,1
raw_SVC,5779,1,1
raw_SVC,5780,1,1
raw_SVC,5781,-1,-1
raw_SVC,5782,1,1
raw_SVC,5783,1,-1
raw_SVC,5784,1,1
raw_SVC,5785,1,1
raw_SVC,5786,1,-1
raw_SVC,5787,1,1
raw_SVC,5788,1,1
raw_SVC,5789,1,1
raw_SVC,5790,1,1
raw_SVC,5791,1,1
raw_SVC,5792,1,1
raw_SVC,5793,1,1
raw_SVC,5794,1,1
raw_SVC,5795,1,1
raw_SVC,5796,1,1
raw_SVC,5797,1,1
raw_SVC,5798,1,1
raw_SVC,5799,1,1
raw_SVC,5800,1,1
raw_SVC,5801,1,1
raw_SVC,5802,1,1
raw_SVC,5803,1,1
raw_SVC,5804,1,1
raw_SVC,5805,1,1
raw_SVC,5806,1,1
raw_SVC,5807,1,1
raw_SVC,5808,1,1
raw_SVC,5809,1,1
raw_SVC,5810,1,1
raw_SVC,5811,1,1
raw_SVC,5812,1,1
raw_SVC,5813,1,1
raw_SVC,5814,1,1
raw_SVC,5815,1,1
raw_SVC,5816,1,1
raw_SVC,5817,1,1
raw_SVC,5818,-1,-1
raw_SVC,5819,1,1
raw_SVC,5820,1,1
raw_SVC,5821,1,1
raw_SVC,5822,1,1
raw_SVC,5823,-1,-1
raw_SVC,5824,1,1
raw_SVC,5825,1,1
raw_SVC,5826,1,1
raw_SVC,5827,1,1
raw_SVC,5828,-1,-1
raw_SVC,5829,1,1
raw_SVC,5830,1,1
raw_SVC,5831,1,1
raw_SVC,5832,-1,-1
raw_SVC,5833,1,1
raw_SVC,5834,1,1
raw_SVC,5835,1,1
raw_SVC,5836,1,1
raw_SVC,5837,1,1
raw_SVC,5838,1,1
raw_SVC,5839,-1,-1
raw_SVC,5840,1,1
raw_SVC,5841,1,1
raw_SVC,5842,1,1
raw_SVC,5843,1,1
raw_SVC,5844,1,1
raw_SVC,5845,1,1
raw_SVC,5846,1,1
raw_SVC,5847,1,1
raw_SVC,5848,1,1
raw_SVC,5849,1,1
raw_SVC,5850,-1,-1
raw_SVC,5851,1,1
raw_SVC,5852,1,1
raw_SVC,5853,1,1
raw_SVC,5854,1,1
raw_SVC,5855,1,1
raw_SVC,5856,1,1
raw_SVC,5857,1,1
raw_SVC,5858,-1,-1
raw_SVC,5859,1,1
raw_SVC,5860,-1,-1
raw_SVC,5861,1,1
raw_SVC,5862,1,1
raw_SVC,5863,1,1
raw_SVC,5864,1,1
raw_SVC,5865,1,1
raw_SVC,5866,-1,-1
raw_SVC,5867,1,1
raw_SVC,5868,1,1
raw_SVC,5869,1,1
raw_SVC,5870,1,1
raw_SVC,5871,1,1
raw_SVC,5872,1,1
raw_SVC,5873,1,1
raw_SVC,5874,1,1
raw_SVC,5875,1,1
raw_SVC,5876,1,1
raw_SVC,5877,1,1
raw_SVC,5878,1,1
raw_SVC,5879,1,1
raw_SVC,5880,1,1
raw_SVC,5881,1,1
raw_SVC,5882,1,1
raw_SVC,5883,1,1
raw_SVC,5884,1,1
raw_SVC,5885,1,1
raw_SVC,5886,1,1
raw_SVC,5887,1,1
raw_SVC,5888,1,1
raw_SVC,5889,-1,-1
raw_SVC,5890,1,1
raw_SVC,5891,1,1
raw_SVC,5892,-1,-1
raw_SVC,5893,1,1
raw_SVC,5894,1,1
raw_SVC,5895,1,1
raw_SVC,5896,1,1
raw_SVC,5897,1,1
raw_SVC,5898,1,1
raw_SVC,5899,1,1
raw_SVC,5900,1,1
raw_SVC,5901,1,1
raw_SVC,5902,1,1
raw_SVC,5903,1,1
raw_SVC,5904,1,1
raw_SVC,5905,-1,-1
raw_SVC,5906,1,1
raw_SVC,5907,1,1
raw_SVC,5908,1,1
raw_SVC,5909,1,1
raw_SVC,5910,-1,-1
raw_SVC,5911,1,1
raw_SVC,5912,1,1
raw_SVC,5913,1,1
raw_SVC,5914,1,1
raw_SVC,5915,1,1
raw_SVC,5916,1,1
raw_SVC,5917,1,1
raw_SVC,5918,-1,-1
raw_SVC,5919,1,1
raw_SVC,5920,1,1
raw_SVC,5921,1,1
raw_SVC,5922,1,1
raw_SVC,5923,1,1
raw_SVC,5924,1,1
raw_SVC,5925,1,1
raw_SVC,5926,1,1
raw_SVC,5927,1,1
raw_SVC,5928,1,1
raw_SVC,5929,1,1
raw_SVC,5930,1,1
raw_SVC,5931,1,1
raw_SVC,5932,1,1
raw_SVC,5933,1,1
raw_SVC,5934,1,1
raw_SVC,5935,1,1
raw_SVC,5936,1,1
raw_SVC,5937,1,1
raw_SVC,5938,1,1
raw_SVC,5939,1,1
raw_SVC,5940,1,1
raw_SVC,5941,1,1
raw_SVC,5942,1,1
raw_SVC,5943,1,1
raw_SVC,5944,1,1
raw_SVC,5945,1,1
raw_SVC,5946,1,1
raw_SVC,5947,1,1
raw_SVC,5948,1,1
raw_SVC,5949,1,1
raw_SVC,5950,1,1
raw_SVC,5951,1,1
raw_SVC,5952,1,1
raw_SVC,5953,1,1
raw_SVC,5954,1,1
raw_SVC,5955,1,1
raw_SVC,5956,1,1
raw_SVC,5957,1,1
raw_SVC,5958,1,1
raw_SVC,5959,1,1
raw_SVC,5960,1,1
raw_SVC,5961,1,1
raw_SVC,5962,-1,-1
raw_SVC,5963,1,1
raw_SVC,5964,1,1
raw_SVC,5965,1,1
raw_SVC,5966,1,1
raw_SVC,5967,1,1
raw_SVC,5968,1,1
raw_SVC,5969,1,1
raw_SVC,5970,1,1
raw_SVC,5971,1,1
raw_SVC,5972,1,1
raw_SVC,5973,1,1
raw_SVC,5974,-1,-1
raw_SVC,5975,1,1
raw_SVC,5976,1,1
raw_SVC,5977,1,1
raw_SVC,5978,1,1
raw_SVC,5979,1,1
raw_SVC,5980,1,1
raw_SVC,5981,1,1
raw_SVC,5982,1,1
raw_SVC,5983,1,1
raw_SVC,5984,1,1
raw_SVC,5985,1,1
raw_SVC,5986,1,1
raw_SVC,5987,1,1
raw_SVC,5988,1,1
raw_SVC,5989,1,1
raw_SVC,5990,1,1
raw_SVC,5991,1,1
raw_SVC,5992,1,1
raw_SVC,5993,1,1
raw_SVC,5994,1,1
raw_SVC,5995,1,1
raw_SVC,5996,1,1
raw_SVC,5997,1,1
raw_SVC,5998,1,1
raw_SVC,5999,1,1
raw_SVC,6000,-1,-1
raw_SVC,6001,1,1
raw_SVC,6002,1,1
raw_SVC,6003,1,1
raw_SVC,6004,1,1
raw_SVC,6005,1,1
raw_SVC,6006,1,1
raw_SVC,6007,-1,-1
raw_SVC,6008,1,1
raw_SVC,6009,1,1
raw_SVC,6010,1,1
raw_SVC,6011,1,1
raw_SVC,6012,1,1
raw_SVC,6013,1,1
raw_SVC,6014,1,1
raw_SVC,6015,1,1
raw_SVC,6016,1,1
raw_SVC,6017,1,1
raw_SVC,6018,1,1
raw_SVC,6019,1,1
raw_SVC,6020,1,1
raw_SVC,6021,1,1
raw_SVC,6022,1,1
raw_SVC,6023,-1,-1
raw_SVC,6024,1,1
raw_SVC,6025,1,1
raw_SVC,6026,-1,-1
raw_SVC,6027,1,1
raw_SVC,6028,1,1
raw_SVC,6029,1,1
raw_SVC,6030,1,1
raw_SVC,6031,1,1
raw_SVC,6032,1,1
raw_SVC,6033,1,1
raw_SVC,6034,1,1
raw_SVC,6035,-1,-1
raw_SVC,6036,1,1
raw_SVC,6037,1,1
raw_SVC,6038,1,1
raw_SVC,6039,1,1
raw_SVC,6040,1,1
raw_SVC,6041,1,1
raw_SVC,6042,1,1
raw_SVC,6043,1,1
raw_SVC,6044,1,1
raw_SVC,6045,1,1
raw_SVC,6046,1,1
raw_SVC,6047,1,1
raw_SVC,6048,1,1
raw_SVC,6049,-1,-1
raw_SVC,6050,1,1
raw_SVC,6051,1,1
raw_SVC,6052,-1,-1
raw_SVC,6053,1,1
raw_SVC,6054,1,1
raw_SVC,6055,1,1
raw_SVC,6056,-1,-1
raw_SVC,6057,1,1
raw_SVC,6058,1,1
raw_SVC,6059,1,1
raw_SVC,6060,1,1
raw_SVC,6061,1,1
raw_SVC,6062,1,1
raw_SVC,6063,1,1
raw_SVC,6064,1,1
raw_SVC,6065,1,1
raw_SVC,6066,1,1
raw_SVC,6067,1,1
raw_SVC,6068,1,1
raw_SVC,6069,1,1
raw_SVC,6070,1,1
raw_SVC,6071,1,1
raw_SVC,6072,1,1
raw_SVC,6073,1,1
raw_SVC,6074,-1,-1
raw_SVC,6075,1,1
raw_SVC,6076,1,1
raw_SVC,6077,1,1
raw_SVC,6078,1,1
raw_SVC,6079,1,1
raw_SVC,6080,1,1
raw_SVC,6081,1,1
raw_SVC,6082,1,1
raw_SVC,6083,1,1
raw_SVC,6084,1,1
raw_SVC,6085,1,1
raw_SVC,6086,1,1
raw_SVC,6087,1,1
raw_SVC,6088,1,1
raw_SVC,6089,-1,-1
raw_SVC,6090,1,1
raw_SVC,6091,1,1
raw_SVC,6092,1,1
raw_SVC,6093,1,1
raw_SVC,6094,1,1
raw_SVC,6095,1,1
raw_SVC,6096,-1,-1
raw_SVC,6097,1,1
raw_SVC,6098,1,1
raw_SVC,6099,1,1
raw_SVC,6100,1,1
raw_SVC,6101,1,1
raw_SVC,6102,1,1
raw_SVC,6103,1,1
raw_SVC,6104,1,1
raw_SVC,6105,1,1
raw_SVC,6106,1,1
raw_SVC,6107,1,1
raw_SVC,6108,1,1
raw_SVC,6109,1,1
raw_SVC,6110,-1,-1
raw_SVC,6111,1,1
raw_SVC,6112,1,1
raw_SVC,6113,1,1
raw_SVC,6114,1,1
raw_SVC,6115,1,1
raw_SVC,6116,1,1
raw_SVC,6117,1,1
raw_SVC,6118,1,1
raw_SVC,6119,1,1
raw_SVC,6120,1,1
raw_SVC,6121,1,1
raw_SVC,6122,1,1
raw_SVC,6123,-1,-1
raw_SVC,6124,1,1
raw_SVC,6125,1,1
raw_SVC,6126,1,1
raw_SVC,6127,1,1
raw_SVC,6128,1,1
raw_SVC,6129,1,1
raw_SVC,6130,1,1
raw_SVC,6131,1,1
raw_SVC,6132,1,1
raw_SVC,6133,1,1
raw_SVC,6134,1,1
raw_SVC,6135,1,1
raw_SVC,6136,1,1
raw_SVC,6137,1,1
raw_SVC,6138,1,1
raw_SVC,6139,1,1
raw_SVC,6140,1,1
raw_SVC,6141,1,1
raw_SVC,6142,1,1
raw_SVC,6143,1,1
raw_SVC,6144,1,1
raw_SVC,6145,1,1
raw_SVC,6146,1,1
raw_SVC,6147,1,1
raw_SVC,6148,1,1
raw_SVC,6149,1,1
raw_SVC,6150,1,1
raw_SVC,6151,1,1
raw_SVC,6152,1,1
raw_SVC,6153,1,1
raw_SVC,6154,1,1
raw_SVC,6155,1,1
raw_SVC,6156,1,1
raw_SVC,6157,1,1
raw_SVC,6158,1,1
raw_SVC,6159,1,1
raw_SVC,6160,-1,-1
raw_SVC,6161,-1,-1
raw_SVC,6162,1,1
raw_SVC,6163,1,1
raw_1NN,0,1,1
raw_1NN,1,1,1
raw_1NN,2,1,1
raw_1NN,3,1,1
raw_1NN,4,1,1
raw_1NN,5,1,1
raw_1NN,6,-1,-1
raw_1NN,7,1,1
raw_1NN,8,1,1
raw_1NN,9,1,1
raw_1NN,10,1,1
raw_1NN,11,1,1
raw_1NN,12,1,1
raw_1NN,13,1,1
raw_1NN,14,1,1
raw_1NN,15,1,1
raw_1NN,16,1,1
raw_1NN,17,1,1
raw_1NN,18,1,1
raw_1NN,19,1,1
raw_1NN,20,1,1
raw_1NN,21,1,1
raw_1NN,22,1,1
raw_1NN,23,1,1
raw_1NN,24,1,1
raw_1NN,25,1,1
raw_1NN,26,1,1
raw_1NN,27,1,1
raw_1NN,28,1,1
raw_1NN,29,1,1
raw_1NN,30,1,1
raw_1NN,31,1,1
raw_1NN,32,1,1
raw_1NN,33,1,1
raw_1NN,34,1,1
raw_1NN,35,1,1
raw_1NN,36,1,1
raw_1NN,37,1,1
raw_1NN,38,1,1
raw_1NN,39,1,1
raw_1NN,40,1,1
raw_1NN,41,1,1
raw_1NN,42,1,1
raw_1NN,43,1,1
raw_1NN,44,1,1
raw_1NN,45,1,1
raw_1NN,46,1,1
raw_1NN,47,1,1
raw_1NN,48,1,1
raw_1NN,49,1,1
raw_1NN,50,1,1
raw_1NN,51,1,1
raw_1NN,52,1,1
raw_1NN,53,1,1
raw_1NN,54,1,1
raw_1NN,55,1,1
raw_1NN,56,1,1
raw_1NN,57,1,1
raw_1NN,58,1,1
raw_1NN,59,1,1
raw_1NN,60,-1,-1
raw_1NN,61,1,1
raw_1NN,62,1,1
raw_1NN,63,1,1
raw_1NN,64,1,1
raw_1NN,65,1,1
raw_1NN,66,1,1
raw_1NN,67,1,1
raw_1NN,68,1,1
raw_1NN,69,1,1
raw_1NN,70,1,1
raw_1NN,71,1,1
raw_1NN,72,1,1
raw_1NN,73,1,1
raw_1NN,74,1,1
raw_1NN,75,-1,-1
raw_1NN,76,1,1
raw_1NN,77,1,1
raw_1NN,78,1,1
raw_1NN,79,1,1
raw_1NN,80,1,1
raw_1NN,81,1,1
raw_1NN,82,1,1
raw_1NN,83,-1,-1
raw_1NN,84,1,1
raw_1NN,85,1,1
raw_1NN,86,1,1
raw_1NN,87,1,1
raw_1NN,88,-1,-1
raw_1NN,89,1,1
raw_1NN,90,1,1
raw_1NN,91,1,1
raw_1NN,92,1,1
raw_1NN,93,1,1
raw_1NN,94,1,1
raw_1NN,95,1,1
raw_1NN,96,1,1
raw_1NN,97,1,1
raw_1NN,98,1,1
raw_1NN,99,1,1
raw_1NN,100,1,1
raw_1NN,101,1,1
raw_1NN,102,1,1
raw_1NN,103,1,1
raw_1NN,104,-1,-1
raw_1NN,105,1,1
raw_1NN,106,1,1
raw_1NN,107,1,1
raw_1NN,108,1,1
raw_1NN,109,1,1
raw_1NN,110,-1,-1
raw_1NN,111,1,1
raw_1NN,112,1,1
raw_1NN,113,1,1
raw_1NN,114,1,1
raw_1NN,115,1,1
raw_1NN,116,1,1
raw_1NN,117,1,1
raw_1NN,118,1,1
raw_1NN,119,1,1
raw_1NN,120,1,1
raw_1NN,121,1,1
raw_1NN,122,-1,-1
raw_1NN,123,1,1
raw_1NN,124,1,1
raw_1NN,125,1,1
raw_1NN,126,1,1
raw_1NN,127,1,1
raw_1NN,128,1,1
raw_1NN,129,1,1
raw_1NN,130,1,1
raw_1NN,131,-1,-1
raw_1NN,132,1,1
raw_1NN,133,1,1
raw_1NN,134,1,1
raw_1NN,135,-1,-1
raw_1NN,136,1,1
raw_1NN,137,1,1
raw_1NN,138,1,1
raw_1NN,139,1,1
raw_1NN,140,1,1
raw_1NN,141,1,1
raw_1NN,142,1,1
raw_1NN,143,1,1
raw_1NN,144,1,1
raw_1NN,145,1,1
raw_1NN,146,1,1
raw_1NN,147,-1,-1
raw_1NN,148,1,1
raw_1NN,149,1,1
raw_1NN,150,1,1
raw_1NN,151,1,1
raw_1NN,152,1,1
raw_1NN,153,1,1
raw_1NN,154,-1,-1
raw_1NN,155,1,1
raw_1NN,156,1,1
raw_1NN,157,1,1
raw_1NN,158,1,1
raw_1NN,159,1,1
raw_1NN,160,1,1
raw_1NN,161,1,1
raw_1NN,162,1,1
raw_1NN,163,-1,-1
raw_1NN,164,1,1
raw_1NN,165,1,1
raw_1NN,166,1,1
raw_1NN,167,1,1
raw_1NN,168,1,1
raw_1NN,169,1,1
raw_1NN,170,1,1
raw_1NN,171,1,1
raw_1NN,172,1,1
raw_1NN,173,1,1
raw_1NN,174,1,1
raw_1NN,175,1,1
raw_1NN,176,1,1
raw_1NN,177,1,1
raw_1NN,178,1,1
raw_1NN,179,1,1
raw_1NN,180,1,1
raw_1NN,181,1,-1
raw_1NN,182,1,1
raw_1NN,183,1,1
raw_1NN,184,1,1
raw_1NN,185,1,1
raw_1NN,186,1,1
raw_1NN,187,1,1
raw_1NN,188,1,1
raw_1NN,189,1,1
raw_1NN,190,1,1
raw_1NN,191,1,1
raw_1NN,192,1,1
raw_1NN,193,1,1
raw_1NN,194,1,1
raw_1NN,195,1,1
raw_1NN,196,1,1
raw_1NN,197,1,1
raw_1NN,198,1,1
raw_1NN,199,1,1
raw_1NN,200,1,1
raw_1NN,201,-1,-1
raw_1NN,202,1,1
raw_1NN,203,-1,-1
raw_1NN,204,-1,-1
raw_1NN,205,1,1
raw_1NN,206,1,1
raw_1NN,207,1,1
raw_1NN,208,1,1
raw_1NN,209,1,1
raw_1NN,210,1,1
raw_1NN,211,1,1
raw_1NN,212,1,1
raw_1NN,213,1,1
raw_1NN,214,1,1
raw_1NN,215,1,-1
raw_1NN,216,-1,-1
raw_1NN,217,1,1
raw_1NN,218,1,1
raw_1NN,219,1,1
raw_1NN,220,-1,-1
raw_1NN,221,1,1
raw_1NN,222,1,1
raw_1NN,223,-1,-1
raw_1NN,224,1,1
raw_1NN,225,1,1
raw_1NN,226,1,1
raw_1NN,227,1,1
raw_1NN,228,-1,-1
raw_1NN,229,1,1
raw_1NN,230,1,1
raw_1NN,231,1,1
raw_1NN,232,1,1
raw_1NN,233,1,1
raw_1NN,234,1,1
raw_1NN,235,1,1
raw_1NN,236,-1,-1
raw_1NN,237,1,1
raw_1NN,238,1,1
raw_1NN,239,1,1
raw_1NN,240,1,1
raw_1NN,241,-1,-1
raw_1NN,242,1,1
raw_1NN,243,1,1
raw_1NN,244,1,1
raw_1NN,245,1,1
raw_1NN,246,-1,-1
raw_1NN,247,1,1
raw_1NN,248,1,1
raw_1NN,249,1,1
raw_1NN,250,1,1
raw_1NN,251,1,1
raw_1NN,252,1,1
raw_1NN,253,1,1
raw_1NN,254,-1,-1
raw_1NN,255,1,1
raw_1NN,256,1,1
raw_1NN,257,1,1
raw_1NN,258,1,1
raw_1NN,259,1,1
raw_1NN,260,1,1
raw_1NN,261,1,1
raw_1NN,262,1,1
raw_1NN,263,-1,-1
raw_1NN,264,1,1
raw_1NN,265,1,1
raw_1NN,266,1,1
raw_1NN,267,-1,-1
raw_1NN,268,1,1
raw_1NN,269,-1,-1
raw_1NN,270,1,1
raw_1NN,271,1,1
raw_1NN,272,1,1
raw_1NN,273,1,1
raw_1NN,274,1,1
raw_1NN,275,1,1
raw_1NN,276,1,1
raw_1NN,277,1,1
raw_1NN,278,1,1
raw_1NN,279,1,1
raw_1NN,280,1,1
raw_1NN,281,1,1
raw_1NN,282,1,1
raw_1NN,283,1,1
raw_1NN,284,1,1
raw_1NN,285,1,1
raw_1NN,286,1,1
raw_1NN,287,1,1
raw_1NN,288,-1,-1
raw_1NN,289,1,1
raw_1NN,290,1,1
raw_1NN,291,1,1
raw_1NN,292,1,1
raw_1NN,293,1,1
raw_1NN,294,1,1
raw_1NN,295,1,1
raw_1NN,296,1,1
raw_1NN,297,-1,-1
raw_1NN,298,1,1
raw_1NN,299,1,1
raw_1NN,300,1,1
raw_1NN,301,1,1
raw_1NN,302,1,1
raw_1NN,303,1,1
raw_1NN,304,1,1
raw_1NN,305,1,1
raw_1NN,306,1,1
raw_1NN,307,1,1
raw_1NN,308,1,1
raw_1NN,309,1,1
raw_1NN,310,1,1
raw_1NN,311,1,1
raw_1NN,312,1,1
raw_1NN,313,1,1
raw_1NN,314,1,1
raw_1NN,315,1,1
raw_1NN,316,-1,-1
raw_1NN,317,1,1
raw_1NN,318,1,1
raw_1NN,319,1,1
raw_1NN,320,1,1
raw_1NN,321,1,1
raw_1NN,322,1,1
raw_1NN,323,1,1
raw_1NN,324,1,1
raw_1NN,325,1,1
raw_1NN,326,1,1
raw_1NN,327,1,1
raw_1NN,328,1,1
raw_1NN,329,1,1
raw_1NN,330,1,1
raw_1NN,331,1,1
raw_1NN,332,1,1
raw_1NN,333,1,1
raw_1NN,334,-1,-1
raw_1NN,335,1,1
raw_1NN,336,1,1
raw_1NN,337,1,1
raw_1NN,338,1,1
raw_1NN,339,1,1
raw_1NN,340,1,1
raw_1NN,341,1,1
raw_1NN,342,1,1
raw_1NN,343,1,1
raw_1NN,344,1,1
raw_1NN,345,-1,-1
raw_1NN,346,1,1
raw_1NN,347,1,1
raw_1NN,348,1,1
raw_1NN,349,1,1
raw_1NN,350,1,1
raw_1NN,351,1,1
raw_1NN,352,-1,-1
raw_1NN,353,1,1
raw_1NN,354,1,1
raw_1NN,355,-1,-1
raw_1NN,356,1,1
raw_1NN,357,1,1
raw_1NN,358,1,1
raw_1NN,359,1,1
raw_1NN,360,1,1
raw_1NN,361,1,1
raw_1NN,362,1,1
raw_1NN,363,1,1
raw_1NN,364,1,1
raw_1NN,365,-1,-1
raw_1NN,366,1,1
raw_1NN,367,-1,-1
raw_1NN,368,1,1
raw_1NN,369,1,1
raw_1NN,370,1,1
raw_1NN,371,-1,-1
raw_1NN,372,-1,-1
raw_1NN,373,-1,-1
raw_1NN,374,1,1
raw_1NN,375,1,1
raw_1NN,376,1,1
raw_1NN,377,1,1
raw_1NN,378,1,1
raw_1NN,379,1,1
raw_1NN,380,1,1
raw_1NN,381,-1,-1
raw_1NN,382,-1,-1
raw_1NN,383,-1,-1
raw_1NN,384,-1,-1
raw_1NN,385,1,1
raw_1NN,386,1,1
raw_1NN,387,1,1
raw_1NN,388,1,1
raw_1NN,389,1,1
raw_1NN,390,-1,-1
raw_1NN,391,1,1
raw_1NN,392,1,1
raw_1NN,393,1,1
raw_1NN,394,1,1
raw_1NN,395,1,1
raw_1NN,396,1,1
raw_1NN,397,1,1
raw_1NN,398,1,1
raw_1NN,399,1,1
raw_1NN,400,1,1
raw_1NN,401,1,1
raw_1NN,402,1,1
raw_1NN,403,1,1
raw_1NN,404,1,1
raw_1NN,405,1,1
raw_1NN,406,1,1
raw_1NN,407,1,1
raw_1NN,408,1,1
raw_1NN,409,1,1
raw_1NN,410,1,1
raw_1NN,411,1,1
raw_1NN,412,1,1
raw_1NN,413,1,1
raw_1NN,414,1,1
raw_1NN,415,1,1
raw_1NN,416,1,1
raw_1NN,417,-1,-1
raw_1NN,418,-1,-1
raw_1NN,419,-1,-1
raw_1NN,420,1,1
raw_1NN,421,1,1
raw_1NN,422,1,1
raw_1NN,423,-1,-1
raw_1NN,424,1,1
raw_1NN,425,1,1
raw_1NN,426,1,1
raw_1NN,427,1,1
raw_1NN,428,-1,-1
raw_1NN,429,1,1
raw_1NN,430,1,1
raw_1NN,431,1,1
raw_1NN,432,1,1
raw_1NN,433,-1,-1
raw_1NN,434,1,1
raw_1NN,435,1,1
raw_1NN,436,1,1
raw_1NN,437,1,1
raw_1NN,438,1,1
raw_1NN,439,1,1
raw_1NN,440,1,1
raw_1NN,441,1,1
raw_1NN,442,-1,-1
raw_1NN,443,-1,-1
raw_1NN,444,-1,-1
raw_1NN,445,1,1
raw_1NN,446,1,1
raw_1NN,447,1,1
raw_1NN,448,1,1
raw_1NN,449,1,1
raw_1NN,450,1,1
raw_1NN,451,1,1
raw_1NN,452,1,1
raw_1NN,453,1,1
raw_1NN,454,1,1
raw_1NN,455,1,1
raw_1NN,456,1,1
raw_1NN,457,1,1
raw_1NN,458,1,1
raw_1NN,459,1,1
raw_1NN,460,1,1
raw_1NN,461,1,1
raw_1NN,462,1,1
raw_1NN,463,1,1
raw_1NN,464,1,1
raw_1NN,465,1,1
raw_1NN,466,1,1
raw_1NN,467,1,1
raw_1NN,468,1,1
raw_1NN,469,1,1
raw_1NN,470,1,1
raw_1NN,471,1,1
raw_1NN,472,1,1
raw_1NN,473,1,1
raw_1NN,474,1,1
raw_1NN,475,1,1
raw_1NN,476,1,1
raw_1NN,477,1,1
raw_1NN,478,1,1
raw_1NN,479,-1,-1
raw_1NN,480,1,1
raw_1NN,481,1,1
raw_1NN,482,1,1
raw_1NN,483,1,1
raw_1NN,484,1,1
raw_1NN,485,1,1
raw_1NN,486,1,1
raw_1NN,487,1,1
raw_1NN,488,1,1
raw_1NN,489,1,1
raw_1NN,490,-1,-1
raw_1NN,491,1,1
raw_1NN,492,1,1
raw_1NN,493,1,1
raw_1NN,494,1,1
raw_1NN,495,-1,-1
raw_1NN,496,1,1
raw_1NN,497,1,1
raw_1NN,498,1,1
raw_1NN,499,1,1
raw_1NN,500,1,1
raw_1NN,501,1,1
raw_1NN,502,1,1
raw_1NN,503,1,1
raw_1NN,504,1,1
raw_1NN,505,1,1
raw_1NN,506,1,1
raw_1NN,507,1,1
raw_1NN,508,1,1
raw_1NN,509,1,1
raw_1NN,510,1,1
raw_1NN,511,1,1
raw_1NN,512,1,1
raw_1NN,513,1,1
raw_1NN,514,1,1
raw_1NN,515,-1,-1
raw_1NN,516,1,1
raw_1NN,517,1,1
raw_1NN,518,-1,-1
raw_1NN,519,1,1
raw_1NN,520,-1,-1
raw_1NN,521,-1,-1
raw_1NN,522,1,1
raw_1NN,523,1,1
raw_1NN,524,1,1
raw_1NN,525,-1,-1
raw_1NN,526,-1,-1
raw_1NN,527,1,1
raw_1NN,528,1,1
raw_1NN,529,1,1
raw_1NN,530,1,1
raw_1NN,531,1,1
raw_1NN,532,1,1
raw_1NN,533,1,1
raw_1NN,534,1,1
raw_1NN,535,1,1
raw_1NN,536,1,1
raw_1NN,537,1,1
raw_1NN,538,1,1
raw_1NN,539,1,1
raw_1NN,540,1,1
raw_1NN,541,1,1
raw_1NN,542,1,1
raw_1NN,543,1,1
raw_1NN,544,1,1
raw_1NN,545,1,1
raw_1NN,546,1,1
raw_1NN,547,1,1
raw_1NN,548,1,1
raw_1NN,549,1,1
raw_1NN,550,1,1
raw_1NN,551,1,1
raw_1NN,552,1,1
raw_1NN,553,1,1
raw_1NN,554,1,1
raw_1NN,555,1,1
raw_1NN,556,1,1
raw_1NN,557,1,1
raw_1NN,558,1,1
raw_1NN,559,1,1
raw_1NN,560,1,1
raw_1NN,561,1,1
raw_1NN,562,1,1
raw_1NN,563,1,1
raw_1NN,564,1,1
raw_1NN,565,1,1
raw_1NN,566,1,1
raw_1NN,567,1,1
raw_1NN,568,1,1
raw_1NN,569,1,1
raw_1NN,570,1,1
raw_1NN,571,1,1
raw_1NN,572,1,1
raw_1NN,573,1,1
raw_1NN,574,1,1
raw_1NN,575,1,1
raw_1NN,576,1,1
raw_1NN,577,1,1
raw_1NN,578,1,1
raw_1NN,579,1,1
raw_1NN,580,1,1
raw_1NN,581,1,1
raw_1NN,582,-1,-1
raw_1NN,583,1,1
raw_1NN,584,1,1
raw_1NN,585,1,1
raw_1NN,586,1,1
raw_1NN,587,1,1
raw_1NN,588,1,1
raw_1NN,589,1,1
raw_1NN,590,1,1
raw_1NN,591,1,1
raw_1NN,592,1,1
raw_1NN,593,1,1
raw_1NN,594,1,1
raw_1NN,595,1,1
raw_1NN,596,1,1
raw_1NN,597,1,1
raw_1NN,598,1,1
raw_1NN,599,1,1
raw_1NN,600,1,1
raw_1NN,601,1,1
raw_1NN,602,1,1
raw_1NN,603,1,1
raw_1NN,604,1,1
raw_1NN,605,1,1
raw_1NN,606,1,1
raw_1NN,607,-1,-1
raw_1NN,608,1,1
raw_1NN,609,1,1
raw_1NN,610,1,1
raw_1NN,611,1,1
raw_1NN,612,1,1
raw_1NN,613,1,1
raw_1NN,614,-1,-1
raw_1NN,615,1,1
raw_1NN,616,1,1
raw_1NN,617,1,1
raw_1NN,618,1,1
raw_1NN,619,1,1
raw_1NN,620,1,1
raw_1NN,621,-1,-1
raw_1NN,622,1,1
raw_1NN,623,1,1
raw_1NN,624,1,1
raw_1NN,625,-1,-1
raw_1NN,626,1,1
raw_1NN,627,1,1
raw_1NN,628,1,1
raw_1NN,629,1,1
raw_1NN,630,1,1
raw_1NN,631,1,1
raw_1NN,632,-1,-1
raw_1NN,633,1,1
raw_1NN,634,1,1
raw_1NN,635,1,1
raw_1NN,636,1,1
raw_1NN,637,1,1
raw_1NN,638,1,1
raw_1NN,639,1,1
raw_1NN,640,-1,-1
raw_1NN,641,1,1
raw_1NN,642,1,1
raw_1NN,643,1,1
raw_1NN,644,1,1
raw_1NN,645,1,1
raw_1NN,646,1,1
raw_1NN,647,1,1
raw_1NN,648,-1,-1
raw_1NN,649,1,-1
raw_1NN,650,1,1
raw_1NN,651,1,1
raw_1NN,652,1,1
raw_1NN,653,1,1
raw_1NN,654,1,1
raw_1NN,655,-1,-1
raw_1NN,656,1,1
raw_1NN,657,1,1
raw_1NN,658,1,1
raw_1NN,659,1,1
raw_1NN,660,1,1
raw_1NN,661,1,1
raw_1NN,662,1,1
raw_1NN,663,1,1
raw_1NN,664,1,1
raw_1NN,665,1,1
raw_1NN,666,1,1
raw_1NN,667,1,1
raw_1NN,668,1,1
raw_1NN,669,1,1
raw_1NN,670,1,1
raw_1NN,671,1,1
raw_1NN,672,-1,-1
raw_1NN,673,-1,-1
raw_1NN,674,1,1
raw_1NN,675,1,1
raw_1NN,676,1,1
raw_1NN,677,1,1
raw_1NN,678,1,1
raw_1NN,679,1,1
raw_1NN,680,1,1
raw_1NN,681,1,1
raw_1NN,682,1,1
raw_1NN,683,1,1
raw_1NN,684,1,1
raw_1NN,685,1,1
raw_1NN,686,1,1
raw_1NN,687,1,1
raw_1NN,688,1,1
raw_1NN,689,1,1
raw_1NN,690,-1,-1
raw_1NN,691,1,1
raw_1NN,692,1,1
raw_1NN,693,1,1
raw_1NN,694,1,1
raw_1NN,695,1,1
raw_1NN,696,1,1
raw_1NN,697,1,1
raw_1NN,698,1,1
raw_1NN,699,1,1
raw_1NN,700,1,1
raw_1NN,701,1,1
raw_1NN,702,1,1
raw_1NN,703,-1,-1
raw_1NN,704,1,1
raw_1NN,705,1,1
raw_1NN,706,1,1
raw_1NN,707,1,1
raw_1NN,708,1,1
raw_1NN,709,1,1
raw_1NN,710,1,1
raw_1NN,711,1,1
raw_1NN,712,1,1
raw_1NN,713,1,1
raw_1NN,714,1,1
raw_1NN,715,1,1
raw_1NN,716,1,1
raw_1NN,717,-1,-1
raw_1NN,718,1,1
raw_1NN,719,1,1
raw_1NN,720,1,1
raw_1NN,721,1,1
raw_1NN,722,1,1
raw_1NN,723,1,1
raw_1NN,724,1,1
raw_1NN,725,1,1
raw_1NN,726,1,1
raw_1NN,727,1,1
raw_1NN,728,1,1
raw_1NN,729,1,1
raw_1NN,730,1,1
raw_1NN,731,1,1
raw_1NN,732,1,1
raw_1NN,733,1,1
raw_1NN,734,1,1
raw_1NN,735,-1,-1
raw_1NN,736,1,1
raw_1NN,737,1,1
raw_1NN,738,1,1
raw_1NN,739,1,1
raw_1NN,740,1,1
raw_1NN,741,1,1
raw_1NN,742,1,1
raw_1NN,743,1,1
raw_1NN,744,1,1
raw_1NN,745,1,1
raw_1NN,746,1,1
raw_1NN,747,1,1
raw_1NN,748,1,1
raw_1NN,749,-1,-1
raw_1NN,750,1,1
raw_1NN,751,1,1
raw_1NN,752,1,1
raw_1NN,753,1,1
raw_1NN,754,1,1
raw_1NN,755,1,1
raw_1NN,756,1,1
raw_1NN,757,1,1
raw_1NN,758,1,1
raw_1NN,759,1,1
raw_1NN,760,1,1
raw_1NN,761,1,1
raw_1NN,762,-1,-1
raw_1NN,763,1,1
raw_1NN,764,1,1
raw_1NN,765,1,1
raw_1NN,766,1,1
raw_1NN,767,1,1
raw_1NN,768,1,1
raw_1NN,769,1,1
raw_1NN,770,1,1
raw_1NN,771,1,1
raw_1NN,772,1,1
raw_1NN,773,1,1
raw_1NN,774,1,1
raw_1NN,775,1,1
raw_1NN,776,1,1
raw_1NN,777,-1,-1
raw_1NN,778,1,1
raw_1NN,779,1,1
raw_1NN,780,1,1
raw_1NN,781,-1,-1
raw_1NN,782,1,1
raw_1NN,783,1,1
raw_1NN,784,1,1
raw_1NN,785,1,1
raw_1NN,786,1,1
raw_1NN,787,1,1
raw_1NN,788,1,1
raw_1NN,789,1,1
raw_1NN,790,1,1
raw_1NN,791,1,1
raw_1NN,792,-1,-1
raw_1NN,793,1,1
raw_1NN,794,1,1
raw_1NN,795,1,1
raw_1NN,796,1,1
raw_1NN,797,1,1
raw_1NN,798,1,1
raw_1NN,799,1,1
raw_1NN,800,1,1
raw_1NN,801,1,1
raw_1NN,802,1,1
raw_1NN,803,-1,-1
raw_1NN,804,1,1
raw_1NN,805,1,1
raw_1NN,806,1,1
raw_1NN,807,1,1
raw_1NN,808,1,1
raw_1NN,809,1,1
raw_1NN,810,1,1
raw_1NN,811,1,1
raw_1NN,812,1,1
raw_1NN,813,-1,-1
raw_1NN,814,-1,-1
raw_1NN,815,1,1
raw_1NN,816,1,1
raw_1NN,817,-1,-1
raw_1NN,818,1,1
raw_1NN,819,1,1
raw_1NN,820,1,1
raw_1NN,821,1,1
raw_1NN,822,1,1
raw_1NN,823,1,1
raw_1NN,824,1,1
raw_1NN,825,1,1
raw_1NN,826,1,1
raw_1NN,827,1,1
raw_1NN,828,1,1
raw_1NN,829,1,1
raw_1NN,830,1,1
raw_1NN,831,1,1
raw_1NN,832,1,1
raw_1NN,833,1,1
raw_1NN,834,1,1
raw_1NN,835,1,1
raw_1NN,836,1,1
raw_1NN,837,1,1
raw_1NN,838,1,1
raw_1NN,839,1,1
raw_1NN,840,1,1
raw_1NN,841,1,1
raw_1NN,842,1,1
raw_1NN,843,1,1
raw_1NN,844,1,1
raw_1NN,845,1,1
raw_1NN,846,1,1
raw_1NN,847,1,1
raw_1NN,848,1,1
raw_1NN,849,1,1
raw_1NN,850,1,1
raw_1NN,851,1,1
raw_1NN,852,1,1
raw_1NN,853,1,1
raw_1NN,854,1,1
raw_1NN,855,1,1
raw_1NN,856,1,1
raw_1NN,857,1,1
raw_1NN,858,-1,-1
raw_1NN,859,-1,-1
raw_1NN,860,1,1
raw_1NN,861,-1,-1
raw_1NN,862,1,1
raw_1NN,863,1,1
raw_1NN,864,1,1
raw_1NN,865,1,1
raw_1NN,866,1,1
raw_1NN,867,1,1
raw_1NN,868,-1,-1
raw_1NN,869,1,1
raw_1NN,870,1,1
raw_1NN,871,1,1
raw_1NN,872,1,1
raw_1NN,873,1,1
raw_1NN,874,1,1
raw_1NN,875,1,1
raw_1NN,876,-1,-1
raw_1NN,877,1,1
raw_1NN,878,1,1
raw_1NN,879,-1,-1
raw_1NN,880,1,1
raw_1NN,881,1,1
raw_1NN,882,1,1
raw_1NN,883,1,1
raw_1NN,884,1,1
raw_1NN,885,1,1
raw_1NN,886,1,1
raw_1NN,887,1,1
raw_1NN,888,1,1
raw_1NN,889,1,1
raw_1NN,890,1,1
raw_1NN,891,1,1
raw_1NN,892,1,1
raw_1NN,893,1,1
raw_1NN,894,1,1
raw_1NN,895,1,1
raw_1NN,896,1,1
raw_1NN,897,1,1
raw_1NN,898,-1,-1
raw_1NN,899,1,1
raw_1NN,900,1,1
raw_1NN,901,1,1
raw_1NN,902,1,1
raw_1NN,903,1,1
raw_1NN,904,1,1
raw_1NN,905,1,1
raw_1NN,906,1,1
raw_1NN,907,1,1
raw_1NN,908,1,1
raw_1NN,909,1,1
raw_1NN,910,1,1
raw_1NN,911,1,1
raw_1NN,912,1,1
raw_1NN,913,1,1
raw_1NN,914,1,1
raw_1NN,915,1,1
raw_1NN,916,1,1
raw_1NN,917,1,1
raw_1NN,918,-1,-1
raw_1NN,919,-1,-1
raw_1NN,920,1,1
raw_1NN,921,1,1
raw_1NN,922,1,1
raw_1NN,923,1,1
raw_1NN,924,-1,-1
raw_1NN,925,-1,-1
raw_1NN,926,1,1
raw_1NN,927,1,1
raw_1NN,928,1,1
raw_1NN,929,1,1
raw_1NN,930,1,1
raw_1NN,931,1,1
raw_1NN,932,1,1
raw_1NN,933,-1,-1
raw_1NN,934,1,1
raw_1NN,935,-1,-1
raw_1NN,936,1,1
raw_1NN,937,1,1
raw_1NN,938,1,1
raw_1NN,939,1,1
raw_1NN,940,1,1
raw_1NN,941,1,1
raw_1NN,942,1,1
raw_1NN,943,1,1
raw_1NN,944,1,1
raw_1NN,945,1,1
raw_1NN,946,1,1
raw_1NN,947,1,1
raw_1NN,948,1,1
raw_1NN,949,1,1
raw_1NN,950,1,1
raw_1NN,951,1,1
raw_1NN,952,1,1
raw_1NN,953,1,1
raw_1NN,954,-1,-1
raw_1NN,955,1,1
raw_1NN,956,-1,-1
raw_1NN,957,1,1
raw_1NN,958,1,1
raw_1NN,959,1,1
raw_1NN,960,1,1
raw_1NN,961,1,1
raw_1NN,962,1,1
raw_1NN,963,1,1
raw_1NN,964,1,1
raw_1NN,965,1,1
raw_1NN,966,1,1
raw_1NN,967,1,1
raw_1NN,968,1,1
raw_1NN,969,1,1
raw_1NN,970,1,1
raw_1NN,971,1,1
raw_1NN,972,1,1
raw_1NN,973,1,1
raw_1NN,974,1,1
raw_1NN,975,1,1
raw_1NN,976,1,1
raw_1NN,977,1,1
raw_1NN,978,1,1
raw_1NN,979,1,1
raw_1NN,980,1,1
raw_1NN,981,1,1
raw_1NN,982,1,1
raw_1NN,983,1,1
raw_1NN,984,1,1
raw_1NN,985,1,1
raw_1NN,986,1,1
raw_1NN,987,1,1
raw_1NN,988,-1,-1
raw_1NN,989,1,1
raw_1NN,990,1,1
raw_1NN,991,1,1
raw_1NN,992,1,1
raw_1NN,993,1,1
raw_1NN,994,-1,-1
raw_1NN,995,1,1
raw_1NN,996,1,1
raw_1NN,997,1,1
raw_1NN,998,1,1
raw_1NN,999,1,1
raw_1NN,1000,1,1
raw_1NN,1001,1,1
raw_1NN,1002,1,1
raw_1NN,1003,1,1
raw_1NN,1004,1,1
raw_1NN,1005,-1,-1
raw_1NN,1006,1,1
raw_1NN,1007,1,1
raw_1NN,1008,1,1
raw_1NN,1009,1,1
raw_1NN,1010,1,1
raw_1NN,1011,1,1
raw_1NN,1012,-1,-1
raw_1NN,1013,1,1
raw_1NN,1014,1,1
raw_1NN,1015,1,1
raw_1NN,1016,1,1
raw_1NN,1017,1,1
raw_1NN,1018,1,1
raw_1NN,1019,-1,-1
raw_1NN,1020,1,1
raw_1NN,1021,-1,-1
raw_1NN,1022,1,1
raw_1NN,1023,1,1
raw_1NN,1024,1,1
raw_1NN,1025,1,1
raw_1NN,1026,1,1
raw_1NN,1027,1,1
raw_1NN,1028,1,1
raw_1NN,1029,1,1
raw_1NN,1030,1,1
raw_1NN,1031,1,1
raw_1NN,1032,1,1
raw_1NN,1033,1,1
raw_1NN,1034,1,1
raw_1NN,1035,1,1
raw_1NN,1036,1,1
raw_1NN,1037,1,1
raw_1NN,1038,1,1
raw_1NN,1039,1,1
raw_1NN,1040,1,1
raw_1NN,1041,1,1
raw_1NN,1042,-1,-1
raw_1NN,1043,1,1
raw_1NN,1044,1,1
raw_1NN,1045,1,1
raw_1NN,1046,1,1
raw_1NN,1047,1,1
raw_1NN,1048,-1,-1
raw_1NN,1049,1,1
raw_1NN,1050,1,1
raw_1NN,1051,1,1
raw_1NN,1052,-1,-1
raw_1NN,1053,1,1
raw_1NN,1054,1,1
raw_1NN,1055,1,1
raw_1NN,1056,-1,-1
raw_1NN,1057,1,1
raw_1NN,1058,1,1
raw_1NN,1059,1,1
raw_1NN,1060,1,1
raw_1NN,1061,1,1
raw_1NN,1062,1,1
raw_1NN,1063,1,1
raw_1NN,1064,1,1
raw_1NN,1065,1,1
raw_1NN,1066,1,1
raw_1NN,1067,-1,-1
raw_1NN,1068,1,1
raw_1NN,1069,1,1
raw_1NN,1070,1,1
raw_1NN,1071,1,1
raw_1NN,1072,1,1
raw_1NN,1073,1,1
raw_1NN,1074,1,1
raw_1NN,1075,1,1
raw_1NN,1076,1,1
raw_1NN,1077,1,1
raw_1NN,1078,1,1
raw_1NN,1079,1,1
raw_1NN,1080,1,1
raw_1NN,1081,1,1
raw_1NN,1082,1,1
raw_1NN,1083,1,1
raw_1NN,1084,1,1
raw_1NN,1085,1,1
raw_1NN,1086,1,1
raw_1NN,1087,1,1
raw_1NN,1088,1,1
raw_1NN,1089,1,1
raw_1NN,1090,1,1
raw_1NN,1091,1,1
raw_1NN,1092,1,1
raw_1NN,1093,1,1
raw_1NN,1094,1,1
raw_1NN,1095,1,1
raw_1NN,1096,1,1
raw_1NN,1097,1,1
raw_1NN,1098,1,1
raw_1NN,1099,-1,-1
raw_1NN,1100,1,1
raw_1NN,1101,1,-1
raw_1NN,1102,1,1
raw_1NN,1103,1,1
raw_1NN,1104,1,1
raw_1NN,1105,1,1
raw_1NN,1106,1,1
raw_1NN,1107,1,1
raw_1NN,1108,1,1
raw_1NN,1109,-1,-1
raw_1NN,1110,1,1
raw_1NN,1111,1,1
raw_1NN,1112,1,1
raw_1NN,1113,1,1
raw_1NN,1114,1,1
raw_1NN,1115,1,1
raw_1NN,1116,1,1
raw_1NN,1117,1,1
raw_1NN,1118,1,1
raw_1NN,1119,1,1
raw_1NN,1120,1,1
raw_1NN,1121,1,1
raw_1NN,1122,1,1
raw_1NN,1123,1,1
raw_1NN,1124,1,1
raw_1NN,1125,1,1
raw_1NN,1126,1,1
raw_1NN,1127,1,1
raw_1NN,1128,1,1
raw_1NN,1129,1,1
raw_1NN,1130,1,1
raw_1NN,1131,1,1
raw_1NN,1132,1,1
raw_1NN,1133,1,1
raw_1NN,1134,-1,-1
raw_1NN,1135,-1,-1
raw_1NN,1136,1,1
raw_1NN,1137,1,1
raw_1NN,1138,1,1
raw_1NN,1139,1,1
raw_1NN,1140,1,1
raw_1NN,1141,1,1
raw_1NN,1142,1,1
raw_1NN,1143,1,1
raw_1NN,1144,1,1
raw_1NN,1145,-1,-1
raw_1NN,1146,1,1
raw_1NN,1147,1,1
raw_1NN,1148,1,1
raw_1NN,1149,-1,-1
raw_1NN,1150,1,1
raw_1NN,1151,1,1
raw_1NN,1152,1,1
raw_1NN,1153,1,1
raw_1NN,1154,1,1
raw_1NN,1155,1,1
raw_1NN,1156,-1,-1
raw_1NN,1157,1,-1
raw_1NN,1158,1,1
raw_1NN,1159,1,1
raw_1NN,1160,1,1
raw_1NN,1161,1,1
raw_1NN,1162,1,1
raw_1NN,1163,1,1
raw_1NN,1164,1,1
raw_1NN,1165,-1,-1
raw_1NN,1166,1,1
raw_1NN,1167,1,1
raw_1NN,1168,-1,-1
raw_1NN,1169,1,1
raw_1NN,1170,1,1
raw_1NN,1171,1,1
raw_1NN,1172,1,1
raw_1NN,1173,-1,-1
raw_1NN,1174,1,1
raw_1NN,1175,1,1
raw_1NN,1176,1,1
raw_1NN,1177,1,1
raw_1NN,1178,1,1
raw_1NN,1179,1,1
raw_1NN,1180,-1,-1
raw_1NN,1181,1,1
raw_1NN,1182,1,1
raw_1NN,1183,1,1
raw_1NN,1184,1,1
raw_1NN,1185,1,1
raw_1NN,1186,1,1
raw_1NN,1187,1,1
raw_1NN,1188,1,1
raw_1NN,1189,1,1
raw_1NN,1190,1,1
raw_1NN,1191,1,1
raw_1NN,1192,1,1
raw_1NN,1193,1,1
raw_1NN,1194,1,1
raw_1NN,1195,-1,-1
raw_1NN,1196,1,1
raw_1NN,1197,1,1
raw_1NN,1198,1,1
raw_1NN,1199,1,1
raw_1NN,1200,-1,-1
raw_1NN,1201,1,1
raw_1NN,1202,1,1
raw_1NN,1203,1,1
raw_1NN,1204,1,1
raw_1NN,1205,1,1
raw_1NN,1206,1,1
raw_1NN,1207,1,1
raw_1NN,1208,1,1
raw_1NN,1209,1,1
raw_1NN,1210,1,1
raw_1NN,1211,1,1
raw_1NN,1212,1,1
raw_1NN,1213,-1,-1
raw_1NN,1214,1,1
raw_1NN,1215,1,1
raw_1NN,1216,1,1
raw_1NN,1217,1,1
raw_1NN,1218,1,1
raw_1NN,1219,1,1
raw_1NN,1220,1,1
raw_1NN,1221,1,1
raw_1NN,1222,1,1
raw_1NN,1223,-1,-1
raw_1NN,1224,-1,-1
raw_1NN,1225,1,1
raw_1NN,1226,-1,-1
raw_1NN,1227,1,1
raw_1NN,1228,1,1
raw_1NN,1229,1,1
raw_1NN,1230,1,1
raw_1NN,1231,1,1
raw_1NN,1232,1,1
raw_1NN,1233,1,1
raw_1NN,1234,1,1
raw_1NN,1235,1,1
raw_1NN,1236,1,1
raw_1NN,1237,1,1
raw_1NN,1238,1,1
raw_1NN,1239,1,1
raw_1NN,1240,1,1
raw_1NN,1241,1,1
raw_1NN,1242,1,1
raw_1NN,1243,1,1
raw_1NN,1244,1,1
raw_1NN,1245,-1,1
raw_1NN,1246,1,1
raw_1NN,1247,1,1
raw_1NN,1248,1,1
raw_1NN,1249,1,1
raw_1NN,1250,1,1
raw_1NN,1251,1,1
raw_1NN,1252,1,1
raw_1NN,1253,1,1
raw_1NN,1254,1,1
raw_1NN,1255,1,1
raw_1NN,1256,1,1
raw_1NN,1257,-1,-1
raw_1NN,1258,1,1
raw_1NN,1259,-1,-1
raw_1NN,1260,1,1
raw_1NN,1261,1,1
raw_1NN,1262,1,1
raw_1NN,1263,1,1
raw_1NN,1264,1,1
raw_1NN,1265,1,1
raw_1NN,1266,1,1
raw_1NN,1267,1,1
raw_1NN,1268,1,1
raw_1NN,1269,1,1
raw_1NN,1270,1,1
raw_1NN,1271,1,1
raw_1NN,1272,1,1
raw_1NN,1273,1,1
raw_1NN,1274,-1,-1
raw_1NN,1275,1,1
raw_1NN,1276,1,1
raw_1NN,1277,1,1
raw_1NN,1278,1,1
raw_1NN,1279,1,1
raw_1NN,1280,1,1
raw_1NN,1281,1,1
raw_1NN,1282,1,1
raw_1NN,1283,1,1
raw_1NN,1284,1,1
raw_1NN,1285,1,1
raw_1NN,1286,1,1
raw_1NN,1287,1,1
raw_1NN,1288,1,1
raw_1NN,1289,1,1
raw_1NN,1290,1,1
raw_1NN,1291,1,1
raw_1NN,1292,1,1
raw_1NN,1293,1,1
raw_1NN,1294,1,1
raw_1NN,1295,1,1
raw_1NN,1296,1,1
raw_1NN,1297,1,1
raw_1NN,1298,1,1
raw_1NN,1299,1,1
raw_1NN,1300,1,1
raw_1NN,1301,1,1
raw_1NN,1302,1,1
raw_1NN,1303,1,1
raw_1NN,1304,1,1
raw_1NN,1305,1,1
raw_1NN,1306,1,1
raw_1NN,1307,1,1
raw_1NN,1308,1,1
raw_1NN,1309,1,1
raw_1NN,1310,-1,-1
raw_1NN,1311,1,1
raw_1NN,1312,1,1
raw_1NN,1313,1,1
raw_1NN,1314,1,1
raw_1NN,1315,1,1
raw_1NN,1316,1,1
raw_1NN,1317,1,1
raw_1NN,1318,1,1
raw_1NN,1319,1,1
raw_1NN,1320,1,1
raw_1NN,1321,1,1
raw_1NN,1322,1,1
raw_1NN,1323,1,1
raw_1NN,1324,1,1
raw_1NN,1325,1,1
raw_1NN,1326,1,1
raw_1NN,1327,1,1
raw_1NN,1328,1,1
raw_1NN,1329,1,1
raw_1NN,1330,1,1
raw_1NN,1331,-1,-1
raw_1NN,1332,-1,-1
raw_1NN,1333,1,1
raw_1NN,1334,1,1
raw_1NN,1335,1,1
raw_1NN,1336,1,1
raw_1NN,1337,1,1
raw_1NN,1338,1,1
raw_1NN,1339,1,1
raw_1NN,1340,1,1
raw_1NN,1341,1,1
raw_1NN,1342,1,1
raw_1NN,1343,1,1
raw_1NN,1344,1,1
raw_1NN,1345,1,1
raw_1NN,1346,1,1
raw_1NN,1347,1,1
raw_1NN,1348,1,1
raw_1NN,1349,-1,-1
raw_1NN,1350,1,1
raw_1NN,1351,1,1
raw_1NN,1352,1,1
raw_1NN,1353,1,1
raw_1NN,1354,1,1
raw_1NN,1355,1,1
raw_1NN,1356,1,1
raw_1NN,1357,-1,-1
raw_1NN,1358,1,1
raw_1NN,1359,1,1
raw_1NN,1360,1,1
raw_1NN,1361,1,1
raw_1NN,1362,1,1
raw_1NN,1363,1,1
raw_1NN,1364,1,1
raw_1NN,1365,-1,-1
raw_1NN,1366,-1,-1
raw_1NN,1367,1,1
raw_1NN,1368,1,1
raw_1NN,1369,1,1
raw_1NN,1370,-1,-1
raw_1NN,1371,1,1
raw_1NN,1372,1,1
raw_1NN,1373,1,1
raw_1NN,1374,1,1
raw_1NN,1375,1,1
raw_1NN,1376,1,1
raw_1NN,1377,1,1
raw_1NN,1378,1,1
raw_1NN,1379,1,1
raw_1NN,1380,1,1
raw_1NN,1381,1,1
raw_1NN,1382,1,1
raw_1NN,1383,1,1
raw_1NN,1384,1,1
raw_1NN,1385,1,1
raw_1NN,1386,1,1
raw_1NN,1387,1,1
raw_1NN,1388,1,1
raw_1NN,1389,1,1
raw_1NN,1390,1,1
raw_1NN,1391,1,1
raw_1NN,1392,1,1
raw_1NN,1393,-1,-1
raw_1NN,1394,1,1
raw_1NN,1395,-1,-1
raw_1NN,1396,1,1
raw_1NN,1397,1,1
raw_1NN,1398,1,1
raw_1NN,1399,1,1
raw_1NN,1400,-1,-1
raw_1NN,1401,1,1
raw_1NN,1402,1,1
raw_1NN,1403,1,1
raw_1NN,1404,1,1
raw_1NN,1405,1,1
raw_1NN,1406,1,1
raw_1NN,1407,1,1
raw_1NN,1408,1,1
raw_1NN,1409,-1,-1
raw_1NN,1410,1,1
raw_1NN,1411,-1,-1
raw_1NN,1412,1,1
raw_1NN,1413,1,1
raw_1NN,1414,1,1
raw_1NN,1415,1,1
raw_1NN,1416,1,1
raw_1NN,1417,1,1
raw_1NN,1418,1,1
raw_1NN,1419,1,1
raw_1NN,1420,1,1
raw_1NN,1421,1,1
raw_1NN,1422,1,1
raw_1NN,1423,1,1
raw_1NN,1424,1,1
raw_1NN,1425,1,1
raw_1NN,1426,1,1
raw_1NN,1427,1,1
raw_1NN,1428,1,1
raw_1NN,1429,1,1
raw_1NN,1430,1,1
raw_1NN,1431,1,1
raw_1NN,1432,1,1
raw_1NN,1433,1,1
raw_1NN,1434,1,1
raw_1NN,1435,1,1
raw_1NN,1436,1,1
raw_1NN,1437,-1,-1
raw_1NN,1438,1,1
raw_1NN,1439,1,1
raw_1NN,1440,1,1
raw_1NN,1441,1,1
raw_1NN,1442,1,1
raw_1NN,1443,1,1
raw_1NN,1444,1,1
raw_1NN,1445,1,1
raw_1NN,1446,1,1
raw_1NN,1447,1,1
raw_1NN,1448,1,1
raw_1NN,1449,1,1
raw_1NN,1450,1,1
raw_1NN,1451,1,1
raw_1NN,1452,1,1
raw_1NN,1453,1,1
raw_1NN,1454,1,1
raw_1NN,1455,1,1
raw_1NN,1456,1,1
raw_1NN,1457,1,1
raw_1NN,1458,1,1
raw_1NN,1459,1,1
raw_1NN,1460,1,1
raw_1NN,1461,1,1
raw_1NN,1462,1,1
raw_1NN,1463,1,1
raw_1NN,1464,1,1
raw_1NN,1465,1,1
raw_1NN,1466,1,1
raw_1NN,1467,1,1
raw_1NN,1468,1,1
raw_1NN,1469,1,1
raw_1NN,1470,1,1
raw_1NN,1471,1,1
raw_1NN,1472,1,1
raw_1NN,1473,1,1
raw_1NN,1474,1,1
raw_1NN,1475,1,1
raw_1NN,1476,1,1
raw_1NN,1477,1,1
raw_1NN,1478,1,1
raw_1NN,1479,1,1
raw_1NN,1480,1,1
raw_1NN,1481,1,1
raw_1NN,1482,1,1
raw_1NN,1483,1,1
raw_1NN,1484,-1,-1
raw_1NN,1485,1,1
raw_1NN,1486,1,1
raw_1NN,1487,1,1
raw_1NN,1488,-1,-1
raw_1NN,1489,1,1
raw_1NN,1490,1,1
raw_1NN,1491,-1,-1
raw_1NN,1492,1,1
raw_1NN,1493,1,1
raw_1NN,1494,1,1
raw_1NN,1495,1,1
raw_1NN,1496,1,1
raw_1NN,1497,1,1
raw_1NN,1498,1,1
raw_1NN,1499,1,1
raw_1NN,1500,1,1
raw_1NN,1501,1,1
raw_1NN,1502,1,1
raw_1NN,1503,-1,-1
raw_1NN,1504,1,1
raw_1NN,1505,1,1
raw_1NN,1506,1,1
raw_1NN,1507,1,1
raw_1NN,1508,-1,-1
raw_1NN,1509,1,1
raw_1NN,1510,1,1
raw_1NN,1511,1,1
raw_1NN,1512,1,1
raw_1NN,1513,1,1
raw_1NN,1514,-1,-1
raw_1NN,1515,1,1
raw_1NN,1516,1,1
raw_1NN,1517,1,1
raw_1NN,1518,1,1
raw_1NN,1519,1,1
raw_1NN,1520,1,1
raw_1NN,1521,1,1
raw_1NN,1522,1,1
raw_1NN,1523,-1,-1
raw_1NN,1524,1,1
raw_1NN,1525,1,1
raw_1NN,1526,1,1
raw_1NN,1527,1,1
raw_1NN,1528,1,1
raw_1NN,1529,1,1
raw_1NN,1530,1,1
raw_1NN,1531,1,1
raw_1NN,1532,1,1
raw_1NN,1533,1,1
raw_1NN,1534,1,1
raw_1NN,1535,1,1
raw_1NN,1536,1,1
raw_1NN,1537,1,1
raw_1NN,1538,1,1
raw_1NN,1539,1,1
raw_1NN,1540,1,1
raw_1NN,1541,1,1
raw_1NN,1542,1,1
raw_1NN,1543,-1,-1
raw_1NN,1544,-1,-1
raw_1NN,1545,1,1
raw_1NN,1546,1,1
raw_1NN,1547,1,1
raw_1NN,1548,1,1
raw_1NN,1549,1,1
raw_1NN,1550,1,1
raw_1NN,1551,-1,-1
raw_1NN,1552,1,1
raw_1NN,1553,1,1
raw_1NN,1554,1,1
raw_1NN,1555,1,1
raw_1NN,1556,1,1
raw_1NN,1557,1,1
raw_1NN,1558,1,1
raw_1NN,1559,1,1
raw_1NN,1560,1,1
raw_1NN,1561,-1,-1
raw_1NN,1562,1,1
raw_1NN,1563,1,1
raw_1NN,1564,1,1
raw_1NN,1565,-1,-1
raw_1NN,1566,1,1
raw_1NN,1567,1,1
raw_1NN,1568,1,1
raw_1NN,1569,1,1
raw_1NN,1570,1,1
raw_1NN,1571,1,1
raw_1NN,1572,-1,-1
raw_1NN,1573,1,1
raw_1NN,1574,1,1
raw_1NN,1575,1,1
raw_1NN,1576,1,1
raw_1NN,1577,1,1
raw_1NN,1578,1,1
raw_1NN,1579,1,1
raw_1NN,1580,1,1
raw_1NN,1581,-1,-1
raw_1NN,1582,-1,-1
raw_1NN,1583,1,1
raw_1NN,1584,1,1
raw_1NN,1585,1,-1
raw_1NN,1586,1,1
raw_1NN,1587,1,1
raw_1NN,1588,1,1
raw_1NN,1589,1,1
raw_1NN,1590,1,1
raw_1NN,1591,1,1
raw_1NN,1592,-1,-1
raw_1NN,1593,1,1
raw_1NN,1594,1,1
raw_1NN,1595,1,1
raw_1NN,1596,-1,-1
raw_1NN,1597,1,1
raw_1NN,1598,1,1
raw_1NN,1599,1,1
raw_1NN,1600,1,1
raw_1NN,1601,1,1
raw_1NN,1602,1,1
raw_1NN,1603,-1,-1
raw_1NN,1604,1,1
raw_1NN,1605,1,1
raw_1NN,1606,1,1
raw_1NN,1607,1,1
raw_1NN,1608,1,1
raw_1NN,1609,1,1
raw_1NN,1610,1,1
raw_1NN,1611,1,1
raw_1NN,1612,1,1
raw_1NN,1613,1,1
raw_1NN,1614,1,1
raw_1NN,1615,1,1
raw_1NN,1616,1,1
raw_1NN,1617,-1,-1
raw_1NN,1618,1,1
raw_1NN,1619,-1,-1
raw_1NN,1620,1,1
raw_1NN,1621,1,1
raw_1NN,1622,1,1
raw_1NN,1623,-1,-1
raw_1NN,1624,1,1
raw_1NN,1625,-1,-1
raw_1NN,1626,1,1
raw_1NN,1627,1,1
raw_1NN,1628,1,1
raw_1NN,1629,1,1
raw_1NN,1630,1,1
raw_1NN,1631,1,1
raw_1NN,1632,1,1
raw_1NN,1633,1,1
raw_1NN,1634,1,1
raw_1NN,1635,1,1
raw_1NN,1636,1,1
raw_1NN,1637,1,1
raw_1NN,1638,1,1
raw_1NN,1639,1,1
raw_1NN,1640,1,1
raw_1NN,1641,1,1
raw_1NN,1642,1,1
raw_1NN,1643,1,1
raw_1NN,1644,-1,-1
raw_1NN,1645,1,1
raw_1NN,1646,1,1
raw_1NN,1647,1,1
raw_1NN,1648,1,1
raw_1NN,1649,1,1
raw_1NN,1650,1,1
raw_1NN,1651,1,1
raw_1NN,1652,1,1
raw_1NN,1653,-1,1
raw_1NN,1654,1,1
raw_1NN,1655,-1,-1
raw_1NN,1656,1,1
raw_1NN,1657,-1,-1
raw_1NN,1658,-1,-1
raw_1NN,1659,1,1
raw_1NN,1660,1,1
raw_1NN,1661,1,1
raw_1NN,1662,1,1
raw_1NN,1663,-1,-1
raw_1NN,1664,1,1
raw_1NN,1665,1,1
raw_1NN,1666,1,-1
raw_1NN,1667,1,1
raw_1NN,1668,1,1
raw_1NN,1669,1,1
raw_1NN,1670,1,1
raw_1NN,1671,1,1
raw_1NN,1672,1,1
raw_1NN,1673,1,1
raw_1NN,1674,1,1
raw_1NN,1675,1,1
raw_1NN,1676,1,1
raw_1NN,1677,1,1
raw_1NN,1678,1,1
raw_1NN,1679,1,1
raw_1NN,1680,1,1
raw_1NN,1681,1,1
raw_1NN,1682,1,1
raw_1NN,1683,1,1
raw_1NN,1684,1,1
raw_1NN,1685,1,1
raw_1NN,1686,1,1
raw_1NN,1687,1,1
raw_1NN,1688,-1,-1
raw_1NN,1689,1,1
raw_1NN,1690,-1,-1
raw_1NN,1691,1,1
raw_1NN,1692,1,1
raw_1NN,1693,1,1
raw_1NN,1694,1,1
raw_1NN,1695,1,1
raw_1NN,1696,1,1
raw_1NN,1697,1,1
raw_1NN,1698,1,1
raw_1NN,1699,1,1
raw_1NN,1700,1,1
raw_1NN,1701,1,1
raw_1NN,1702,1,1
raw_1NN,1703,1,1
raw_1NN,1704,1,1
raw_1NN,1705,1,1
raw_1NN,1706,1,1
raw_1NN,1707,1,1
raw_1NN,1708,1,1
raw_1NN,1709,1,1
raw_1NN,1710,1,1
raw_1NN,1711,1,1
raw_1NN,1712,1,1
raw_1NN,1713,1,1
raw_1NN,1714,1,1
raw_1NN,1715,1,1
raw_1NN,1716,1,1
raw_1NN,1717,1,1
raw_1NN,1718,1,1
raw_1NN,1719,1,1
raw_1NN,1720,1,1
raw_1NN,1721,1,1
raw_1NN,1722,1,1
raw_1NN,1723,1,1
raw_1NN,1724,1,1
raw_1NN,1725,1,1
raw_1NN,1726,1,1
raw_1NN,1727,1,1
raw_1NN,1728,1,1
raw_1NN,1729,1,1
raw_1NN,1730,1,1
raw_1NN,1731,1,1
raw_1NN,1732,1,1
raw_1NN,1733,-1,-1
raw_1NN,1734,1,1
raw_1NN,1735,1,1
raw_1NN,1736,1,1
raw_1NN,1737,1,1
raw_1NN,1738,1,1
raw_1NN,1739,1,1
raw_1NN,1740,1,1
raw_1NN,1741,1,1
raw_1NN,1742,1,1
raw_1NN,1743,1,1
raw_1NN,1744,-1,-1
raw_1NN,1745,1,1
raw_1NN,1746,1,1
raw_1NN,1747,1,1
raw_1NN,1748,1,1
raw_1NN,1749,1,1
raw_1NN,1750,1,1
raw_1NN,1751,-1,-1
raw_1NN,1752,1,1
raw_1NN,1753,-1,-1
raw_1NN,1754,1,1
raw_1NN,1755,1,1
raw_1NN,1756,1,1
raw_1NN,1757,1,1
raw_1NN,1758,1,1
raw_1NN,1759,1,1
raw_1NN,1760,1,1
raw_1NN,1761,1,1
raw_1NN,1762,1,1
raw_1NN,1763,1,1
raw_1NN,1764,1,1
raw_1NN,1765,1,1
raw_1NN,1766,1,1
raw_1NN,1767,1,1
raw_1NN,1768,1,1
raw_1NN,1769,1,1
raw_1NN,1770,1,1
raw_1NN,1771,1,1
raw_1NN,1772,1,1
raw_1NN,1773,1,1
raw_1NN,1774,1,1
raw_1NN,1775,1,1
raw_1NN,1776,1,1
raw_1NN,1777,1,1
raw_1NN,1778,-1,-1
raw_1NN,1779,1,1
raw_1NN,1780,1,1
raw_1NN,1781,1,1
raw_1NN,1782,1,1
raw_1NN,1783,1,1
raw_1NN,1784,1,1
raw_1NN,1785,1,1
raw_1NN,1786,1,1
raw_1NN,1787,1,1
raw_1NN,1788,1,1
raw_1NN,1789,-1,-1
raw_1NN,1790,1,1
raw_1NN,1791,1,1
raw_1NN,1792,1,1
raw_1NN,1793,1,1
raw_1NN,1794,1,1
raw_1NN,1795,1,1
raw_1NN,1796,-1,-1
raw_1NN,1797,1,1
raw_1NN,1798,1,1
raw_1NN,1799,1,1
raw_1NN,1800,-1,-1
raw_1NN,1801,1,1
raw_1NN,1802,1,1
raw_1NN,1803,1,1
raw_1NN,1804,1,1
raw_1NN,1805,1,1
raw_1NN,1806,1,1
raw_1NN,1807,1,1
raw_1NN,1808,1,1
raw_1NN,1809,1,1
raw_1NN,1810,1,1
raw_1NN,1811,1,1
raw_1NN,1812,1,1
raw_1NN,1813,1,1
raw_1NN,1814,1,1
raw_1NN,1815,1,1
raw_1NN,1816,1,1
raw_1NN,1817,1,1
raw_1NN,1818,1,1
raw_1NN,1819,1,1
raw_1NN,1820,-1,-1
raw_1NN,1821,1,1
raw_1NN,1822,1,1
raw_1NN,1823,1,1
raw_1NN,1824,1,1
raw_1NN,1825,1,1
raw_1NN,1826,1,1
raw_1NN,1827,1,1
raw_1NN,1828,1,1
raw_1NN,1829,1,1
raw_1NN,1830,1,1
raw_1NN,1831,1,1
raw_1NN,1832,1,1
raw_1NN,1833,1,1
raw_1NN,1834,1,1
raw_1NN,1835,1,1
raw_1NN,1836,1,1
raw_1NN,1837,1,1
raw_1NN,1838,1,1
raw_1NN,1839,1,1
raw_1NN,1840,1,1
raw_1NN,1841,1,1
raw_1NN,1842,1,1
raw_1NN,1843,1,1
raw_1NN,1844,1,1
raw_1NN,1845,1,1
raw_1NN,1846,1,1
raw_1NN,1847,1,1
raw_1NN,1848,1,1
raw_1NN,1849,1,1
raw_1NN,1850,1,1
raw_1NN,1851,1,1
raw_1NN,1852,1,1
raw_1NN,1853,1,1
raw_1NN,1854,-1,-1
raw_1NN,1855,1,1
raw_1NN,1856,1,1
raw_1NN,1857,1,1
raw_1NN,1858,1,1
raw_1NN,1859,1,1
raw_1NN,1860,1,1
raw_1NN,1861,1,1
raw_1NN,1862,1,1
raw_1NN,1863,1,1
raw_1NN,1864,1,1
raw_1NN,1865,1,1
raw_1NN,1866,-1,-1
raw_1NN,1867,1,1
raw_1NN,1868,-1,-1
raw_1NN,1869,1,1
raw_1NN,1870,1,1
raw_1NN,1871,1,1
raw_1NN,1872,1,1
raw_1NN,1873,1,1
raw_1NN,1874,1,1
raw_1NN,1875,1,1
raw_1NN,1876,1,1
raw_1NN,1877,1,1
raw_1NN,1878,1,1
raw_1NN,1879,1,1
raw_1NN,1880,-1,-1
raw_1NN,1881,1,1
raw_1NN,1882,1,1
raw_1NN,1883,1,1
raw_1NN,1884,1,1
raw_1NN,1885,-1,-1
raw_1NN,1886,1,1
raw_1NN,1887,1,1
raw_1NN,1888,1,1
raw_1NN,1889,1,1
raw_1NN,1890,-1,-1
raw_1NN,1891,1,1
raw_1NN,1892,1,1
raw_1NN,1893,1,1
raw_1NN,1894,-1,-1
raw_1NN,1895,1,1
raw_1NN,1896,1,1
raw_1NN,1897,1,1
raw_1NN,1898,1,1
raw_1NN,1899,1,1
raw_1NN,1900,1,1
raw_1NN,1901,1,1
raw_1NN,1902,-1,-1
raw_1NN,1903,1,1
raw_1NN,1904,-1,-1
raw_1NN,1905,-1,-1
raw_1NN,1906,1,1
raw_1NN,1907,1,1
raw_1NN,1908,1,1
raw_1NN,1909,1,1
raw_1NN,1910,1,1
raw_1NN,1911,1,1
raw_1NN,1912,1,1
raw_1NN,1913,1,1
raw_1NN,1914,1,1
raw_1NN,1915,1,1
raw_1NN,1916,-1,-1
raw_1NN,1917,1,1
raw_1NN,1918,1,1
raw_1NN,1919,1,1
raw_1NN,1920,1,1
raw_1NN,1921,1,1
raw_1NN,1922,1,1
raw_1NN,1923,1,1
raw_1NN,1924,1,1
raw_1NN,1925,1,1
raw_1NN,1926,1,1
raw_1NN,1927,1,1
raw_1NN,1928,1,1
raw_1NN,1929,-1,-1
raw_1NN,1930,1,1
raw_1NN,1931,1,1
raw_1NN,1932,1,1
raw_1NN,1933,1,1
raw_1NN,1934,1,1
raw_1NN,1935,1,1
raw_1NN,1936,1,1
raw_1NN,1937,1,1
raw_1NN,1938,1,1
raw_1NN,1939,1,1
raw_1NN,1940,1,1
raw_1NN,1941,1,1
raw_1NN,1942,1,1
raw_1NN,1943,1,1
raw_1NN,1944,1,1
raw_1NN,1945,1,1
raw_1NN,1946,1,1
raw_1NN,1947,1,1
raw_1NN,1948,1,1
raw_1NN,1949,1,1
raw_1NN,1950,1,1
raw_1NN,1951,-1,-1
raw_1NN,1952,1,1
raw_1NN,1953,1,1
raw_1NN,1954,1,1
raw_1NN,1955,-1,-1
raw_1NN,1956,-1,-1
raw_1NN,1957,1,1
raw_1NN,1958,1,1
raw_1NN,1959,1,1
raw_1NN,1960,1,1
raw_1NN,1961,1,1
raw_1NN,1962,1,1
raw_1NN,1963,1,1
raw_1NN,1964,1,1
raw_1NN,1965,1,1
raw_1NN,1966,1,1
raw_1NN,1967,1,1
raw_1NN,1968,1,1
raw_1NN,1969,1,1
raw_1NN,1970,1,1
raw_1NN,1971,1,1
raw_1NN,1972,1,1
raw_1NN,1973,-1,-1
raw_1NN,1974,-1,-1
raw_1NN,1975,1,1
raw_1NN,1976,1,1
raw_1NN,1977,-1,-1
raw_1NN,1978,1,1
raw_1NN,1979,1,1
raw_1NN,1980,1,1
raw_1NN,1981,1,1
raw_1NN,1982,1,1
raw_1NN,1983,1,1
raw_1NN,1984,1,1
raw_1NN,1985,1,1
raw_1NN,1986,1,1
raw_1NN,1987,1,1
raw_1NN,1988,-1,-1
raw_1NN,1989,1,1
raw_1NN,1990,1,1
raw_1NN,1991,1,1
raw_1NN,1992,1,1
raw_1NN,1993,1,1
raw_1NN,1994,1,1
raw_1NN,1995,1,1
raw_1NN,1996,1,1
raw_1NN,1997,1,1
raw_1NN,1998,1,1
raw_1NN,1999,1,1
raw_1NN,2000,-1,-1
raw_1NN,2001,1,1
raw_1NN,2002,1,1
raw_1NN,2003,1,1
raw_1NN,2004,-1,-1
raw_1NN,2005,1,1
raw_1NN,2006,1,1
raw_1NN,2007,1,1
raw_1NN,2008,1,1
raw_1NN,2009,1,1
raw_1NN,2010,1,1
raw_1NN,2011,1,1
raw_1NN,2012,1,1
raw_1NN,2013,1,1
raw_1NN,2014,1,1
raw_1NN,2015,1,1
raw_1NN,2016,-1,-1
raw_1NN,2017,1,1
raw_1NN,2018,1,1
raw_1NN,2019,1,1
raw_1NN,2020,1,1
raw_1NN,2021,1,1
raw_1NN,2022,1,1
raw_1NN,2023,1,1
raw_1NN,2024,1,1
raw_1NN,2025,1,1
raw_1NN,2026,1,1
raw_1NN,2027,1,1
raw_1NN,2028,1,1
raw_1NN,2029,-1,-1
raw_1NN,2030,1,1
raw_1NN,2031,1,1
raw_1NN,2032,1,1
raw_1NN,2033,1,1
raw_1NN,2034,1,1
raw_1NN,2035,1,1
raw_1NN,2036,1,1
raw_1NN,2037,1,1
raw_1NN,2038,1,1
raw_1NN,2039,1,1
raw_1NN,2040,1,1
raw_1NN,2041,1,1
raw_1NN,2042,1,1
raw_1NN,2043,1,1
raw_1NN,2044,1,1
raw_1NN,2045,1,1
raw_1NN,2046,1,1
raw_1NN,2047,-1,-1
raw_1NN,2048,1,1
raw_1NN,2049,1,1
raw_1NN,2050,1,1
raw_1NN,2051,1,1
raw_1NN,2052,1,1
raw_1NN,2053,1,1
raw_1NN,2054,1,1
raw_1NN,2055,1,1
raw_1NN,2056,1,1
raw_1NN,2057,-1,1
raw_1NN,2058,1,1
raw_1NN,2059,1,1
raw_1NN,2060,1,1
raw_1NN,2061,1,1
raw_1NN,2062,1,1
raw_1NN,2063,1,1
raw_1NN,2064,1,1
raw_1NN,2065,1,1
raw_1NN,2066,1,1
raw_1NN,2067,1,1
raw_1NN,2068,1,1
raw_1NN,2069,-1,-1
raw_1NN,2070,1,1
raw_1NN,2071,1,1
raw_1NN,2072,1,1
raw_1NN,2073,1,1
raw_1NN,2074,1,1
raw_1NN,2075,1,1
raw_1NN,2076,1,1
raw_1NN,2077,1,1
raw_1NN,2078,1,1
raw_1NN,2079,1,1
raw_1NN,2080,1,1
raw_1NN,2081,1,1
raw_1NN,2082,1,1
raw_1NN,2083,1,1
raw_1NN,2084,1,1
raw_1NN,2085,1,1
raw_1NN,2086,1,1
raw_1NN,2087,1,1
raw_1NN,2088,-1,-1
raw_1NN,2089,1,1
raw_1NN,2090,1,1
raw_1NN,2091,1,1
raw_1NN,2092,1,1
raw_1NN,2093,1,1
raw_1NN,2094,1,1
raw_1NN,2095,1,1
raw_1NN,2096,-1,-1
raw_1NN,2097,1,1
raw_1NN,2098,1,1
raw_1NN,2099,1,1
raw_1NN,2100,1,1
raw_1NN,2101,1,1
raw_1NN,2102,1,1
raw_1NN,2103,1,1
raw_1NN,2104,-1,1
raw_1NN,2105,-1,-1
raw_1NN,2106,1,1
raw_1NN,2107,1,1
raw_1NN,2108,1,1
raw_1NN,2109,1,1
raw_1NN,2110,1,1
raw_1NN,2111,1,1
raw_1NN,2112,1,1
raw_1NN,2113,1,1
raw_1NN,2114,1,1
raw_1NN,2115,1,1
raw_1NN,2116,-1,-1
raw_1NN,2117,1,1
raw_1NN,2118,-1,-1
raw_1NN,2119,1,1
raw_1NN,2120,1,1
raw_1NN,2121,1,1
raw_1NN,2122,1,1
raw_1NN,2123,1,1
raw_1NN,2124,1,1
raw_1NN,2125,1,1
raw_1NN,2126,1,1
raw_1NN,2127,1,1
raw_1NN,2128,1,1
raw_1NN,2129,-1,-1
raw_1NN,2130,-1,-1
raw_1NN,2131,1,1
raw_1NN,2132,1,1
raw_1NN,2133,1,1
raw_1NN,2134,-1,-1
raw_1NN,2135,1,1
raw_1NN,2136,1,1
raw_1NN,2137,1,1
raw_1NN,2138,-1,-1
raw_1NN,2139,1,1
raw_1NN,2140,-1,-1
raw_1NN,2141,1,1
raw_1NN,2142,1,1
raw_1NN,2143,-1,-1
raw_1NN,2144,-1,-1
raw_1NN,2145,-1,-1
raw_1NN,2146,1,1
raw_1NN,2147,1,1
raw_1NN,2148,1,1
raw_1NN,2149,1,1
raw_1NN,2150,1,1
raw_1NN,2151,1,1
raw_1NN,2152,1,1
raw_1NN,2153,1,1
raw_1NN,2154,1,1
raw_1NN,2155,1,1
raw_1NN,2156,1,1
raw_1NN,2157,1,1
raw_1NN,2158,1,1
raw_1NN,2159,1,1
raw_1NN,2160,1,1
raw_1NN,2161,1,1
raw_1NN,2162,-1,-1
raw_1NN,2163,1,1
raw_1NN,2164,1,1
raw_1NN,2165,1,1
raw_1NN,2166,1,1
raw_1NN,2167,-1,-1
raw_1NN,2168,1,1
raw_1NN,2169,1,1
raw_1NN,2170,1,1
raw_1NN,2171,1,1
raw_1NN,2172,1,1
raw_1NN,2173,-1,-1
raw_1NN,2174,-1,-1
raw_1NN,2175,-1,-1
raw_1NN,2176,1,1
raw_1NN,2177,1,1
raw_1NN,2178,1,1
raw_1NN,2179,-1,-1
raw_1NN,2180,-1,-1
raw_1NN,2181,1,1
raw_1NN,2182,1,1
raw_1NN,2183,-1,-1
raw_1NN,2184,1,1
raw_1NN,2185,1,1
raw_1NN,2186,1,1
raw_1NN,2187,1,1
raw_1NN,2188,1,1
raw_1NN,2189,1,1
raw_1NN,2190,1,1
raw_1NN,2191,1,1
raw_1NN,2192,1,1
raw_1NN,2193,1,1
raw_1NN,2194,1,1
raw_1NN,2195,1,1
raw_1NN,2196,1,1
raw_1NN,2197,1,1
raw_1NN,2198,1,1
raw_1NN,2199,1,1
raw_1NN,2200,1,1
raw_1NN,2201,1,1
raw_1NN,2202,1,1
raw_1NN,2203,1,1
raw_1NN,2204,1,1
raw_1NN,2205,1,1
raw_1NN,2206,1,1
raw_1NN,2207,1,1
raw_1NN,2208,-1,-1
raw_1NN,2209,1,1
raw_1NN,2210,-1,-1
raw_1NN,2211,1,1
raw_1NN,2212,-1,-1
raw_1NN,2213,1,1
raw_1NN,2214,1,1
raw_1NN,2215,1,1
raw_1NN,2216,1,1
raw_1NN,2217,1,1
raw_1NN,2218,1,1
raw_1NN,2219,1,1
raw_1NN,2220,1,1
raw_1NN,2221,1,1
raw_1NN,2222,-1,-1
raw_1NN,2223,1,1
raw_1NN,2224,1,1
raw_1NN,2225,1,1
raw_1NN,2226,1,1
raw_1NN,2227,1,1
raw_1NN,2228,1,1
raw_1NN,2229,1,1
raw_1NN,2230,1,1
raw_1NN,2231,1,1
raw_1NN,2232,-1,-1
raw_1NN,2233,1,1
raw_1NN,2234,1,1
raw_1NN,2235,1,1
raw_1NN,2236,1,1
raw_1NN,2237,1,1
raw_1NN,2238,1,1
raw_1NN,2239,1,1
raw_1NN,2240,1,1
raw_1NN,2241,1,1
raw_1NN,2242,1,1
raw_1NN,2243,1,1
raw_1NN,2244,-1,-1
raw_1NN,2245,1,1
raw_1NN,2246,-1,-1
raw_1NN,2247,1,1
raw_1NN,2248,1,1
raw_1NN,2249,1,1
raw_1NN,2250,1,1
raw_1NN,2251,1,1
raw_1NN,2252,1,1
raw_1NN,2253,1,1
raw_1NN,2254,1,1
raw_1NN,2255,1,1
raw_1NN,2256,1,1
raw_1NN,2257,1,1
raw_1NN,2258,1,1
raw_1NN,2259,1,1
raw_1NN,2260,1,1
raw_1NN,2261,-1,-1
raw_1NN,2262,-1,-1
raw_1NN,2263,1,1
raw_1NN,2264,1,1
raw_1NN,2265,1,1
raw_1NN,2266,1,1
raw_1NN,2267,1,1
raw_1NN,2268,-1,-1
raw_1NN,2269,1,1
raw_1NN,2270,1,1
raw_1NN,2271,1,1
raw_1NN,2272,1,1
raw_1NN,2273,1,1
raw_1NN,2274,1,1
raw_1NN,2275,1,1
raw_1NN,2276,1,1
raw_1NN,2277,1,1
raw_1NN,2278,-1,-1
raw_1NN,2279,1,1
raw_1NN,2280,1,1
raw_1NN,2281,1,1
raw_1NN,2282,1,1
raw_1NN,2283,1,1
raw_1NN,2284,1,1
raw_1NN,2285,1,1
raw_1NN,2286,1,1
raw_1NN,2287,1,1
raw_1NN,2288,1,1
raw_1NN,2289,1,1
raw_1NN,2290,1,1
raw_1NN,2291,1,1
raw_1NN,2292,1,1
raw_1NN,2293,1,1
raw_1NN,2294,-1,-1
raw_1NN,2295,1,1
raw_1NN,2296,1,1
raw_1NN,2297,1,1
raw_1NN,2298,1,1
raw_1NN,2299,1,1
raw_1NN,2300,1,1
raw_1NN,2301,1,1
raw_1NN,2302,1,1
raw_1NN,2303,-1,-1
raw_1NN,2304,1,1
raw_1NN,2305,1,1
raw_1NN,2306,1,1
raw_1NN,2307,1,1
raw_1NN,2308,1,1
raw_1NN,2309,-1,-1
raw_1NN,2310,-1,-1
raw_1NN,2311,1,-1
raw_1NN,2312,1,1
raw_1NN,2313,1,1
raw_1NN,2314,1,1
raw_1NN,2315,1,1
raw_1NN,2316,-1,-1
raw_1NN,2317,1,1
raw_1NN,2318,1,1
raw_1NN,2319,1,1
raw_1NN,2320,1,1
raw_1NN,2321,1,1
raw_1NN,2322,1,1
raw_1NN,2323,1,1
raw_1NN,2324,1,1
raw_1NN,2325,1,1
raw_1NN,2326,1,1
raw_1NN,2327,1,1
raw_1NN,2328,1,1
raw_1NN,2329,1,1
raw_1NN,2330,1,1
raw_1NN,2331,1,1
raw_1NN,2332,-1,-1
raw_1NN,2333,1,1
raw_1NN,2334,1,1
raw_1NN,2335,1,1
raw_1NN,2336,1,1
raw_1NN,2337,1,1
raw_1NN,2338,1,1
raw_1NN,2339,1,1
raw_1NN,2340,1,1
raw_1NN,2341,1,1
raw_1NN,2342,1,1
raw_1NN,2343,-1,-1
raw_1NN,2344,1,1
raw_1NN,2345,1,1
raw_1NN,2346,-1,-1
raw_1NN,2347,1,1
raw_1NN,2348,1,1
raw_1NN,2349,1,1
raw_1NN,2350,1,1
raw_1NN,2351,1,1
raw_1NN,2352,1,1
raw_1NN,2353,1,1
raw_1NN,2354,1,1
raw_1NN,2355,1,1
raw_1NN,2356,-1,-1
raw_1NN,2357,1,1
raw_1NN,2358,1,1
raw_1NN,2359,1,1
raw_1NN,2360,1,1
raw_1NN,2361,1,1
raw_1NN,2362,1,1
raw_1NN,2363,-1,-1
raw_1NN,2364,1,1
raw_1NN,2365,1,1
raw_1NN,2366,1,1
raw_1NN,2367,1,1
raw_1NN,2368,1,1
raw_1NN,2369,1,1
raw_1NN,2370,1,1
raw_1NN,2371,1,1
raw_1NN,2372,1,1
raw_1NN,2373,1,1
raw_1NN,2374,1,1
raw_1NN,2375,1,1
raw_1NN,2376,1,1
raw_1NN,2377,-1,-1
raw_1NN,2378,1,1
raw_1NN,2379,1,1
raw_1NN,2380,1,1
raw_1NN,2381,1,1
raw_1NN,2382,1,1
raw_1NN,2383,1,1
raw_1NN,2384,1,1
raw_1NN,2385,1,1
raw_1NN,2386,-1,-1
raw_1NN,2387,-1,-1
raw_1NN,2388,1,1
raw_1NN,2389,1,1
raw_1NN,2390,1,1
raw_1NN,2391,1,1
raw_1NN,2392,1,1
raw_1NN,2393,1,1
raw_1NN,2394,1,1
raw_1NN,2395,1,1
raw_1NN,2396,1,1
raw_1NN,2397,-1,-1
raw_1NN,2398,1,1
raw_1NN,2399,1,1
raw_1NN,2400,1,1
raw_1NN,2401,1,1
raw_1NN,2402,1,1
raw_1NN,2403,1,1
raw_1NN,2404,1,1
raw_1NN,2405,1,1
raw_1NN,2406,1,1
raw_1NN,2407,1,1
raw_1NN,2408,1,1
raw_1NN,2409,1,1
raw_1NN,2410,1,1
raw_1NN,2411,1,1
raw_1NN,2412,1,1
raw_1NN,2413,1,1
raw_1NN,2414,1,1
raw_1NN,2415,1,1
raw_1NN,2416,1,1
raw_1NN,2417,1,1
raw_1NN,2418,1,1
raw_1NN,2419,1,1
raw_1NN,2420,1,1
raw_1NN,2421,1,1
raw_1NN,2422,1,1
raw_1NN,2423,1,1
raw_1NN,2424,1,1
raw_1NN,2425,-1,-1
raw_1NN,2426,1,1
raw_1NN,2427,1,1
raw_1NN,2428,1,1
raw_1NN,2429,1,1
raw_1NN,2430,1,1
raw_1NN,2431,-1,-1
raw_1NN,2432,1,1
raw_1NN,2433,-1,-1
raw_1NN,2434,1,1
raw_1NN,2435,1,1
raw_1NN,2436,1,1
raw_1NN,2437,1,1
raw_1NN,2438,1,1
raw_1NN,2439,1,1
raw_1NN,2440,1,1
raw_1NN,2441,1,1
raw_1NN,2442,1,1
raw_1NN,2443,1,1
raw_1NN,2444,1,1
raw_1NN,2445,1,1
raw_1NN,2446,1,1
raw_1NN,2447,-1,-1
raw_1NN,2448,1,1
raw_1NN,2449,1,1
raw_1NN,2450,1,1
raw_1NN,2451,1,1
raw_1NN,2452,1,1
raw_1NN,2453,1,1
raw_1NN,2454,1,1
raw_1NN,2455,1,1
raw_1NN,2456,1,1
raw_1NN,2457,1,1
raw_1NN,2458,1,1
raw_1NN,2459,1,1
raw_1NN,2460,1,1
raw_1NN,2461,1,1
raw_1NN,2462,1,1
raw_1NN,2463,1,1
raw_1NN,2464,1,1
raw_1NN,2465,1,1
raw_1NN,2466,1,1
raw_1NN,2467,-1,-1
raw_1NN,2468,1,1
raw_1NN,2469,1,1
raw_1NN,2470,1,1
raw_1NN,2471,1,1
raw_1NN,2472,1,1
raw_1NN,2473,1,1
raw_1NN,2474,1,1
raw_1NN,2475,1,1
raw_1NN,2476,1,1
raw_1NN,2477,1,1
raw_1NN,2478,-1,-1
raw_1NN,2479,1,1
raw_1NN,2480,1,1
raw_1NN,2481,1,1
raw_1NN,2482,1,1
raw_1NN,2483,1,1
raw_1NN,2484,1,1
raw_1NN,2485,-1,-1
raw_1NN,2486,1,1
raw_1NN,2487,-1,-1
raw_1NN,2488,1,1
raw_1NN,2489,1,1
raw_1NN,2490,1,1
raw_1NN,2491,1,1
raw_1NN,2492,1,1
raw_1NN,2493,1,1
raw_1NN,2494,1,1
raw_1NN,2495,1,1
raw_1NN,2496,1,1
raw_1NN,2497,1,1
raw_1NN,2498,1,1
raw_1NN,2499,1,1
raw_1NN,2500,1,1
raw_1NN,2501,1,1
raw_1NN,2502,1,1
raw_1NN,2503,1,1
raw_1NN,2504,1,1
raw_1NN,2505,1,1
raw_1NN,2506,1,1
raw_1NN,2507,1,1
raw_1NN,2508,1,1
raw_1NN,2509,1,1
raw_1NN,2510,1,1
raw_1NN,2511,1,1
raw_1NN,2512,1,1
raw_1NN,2513,1,1
raw_1NN,2514,1,1
raw_1NN,2515,1,1
raw_1NN,2516,1,1
raw_1NN,2517,1,1
raw_1NN,2518,1,1
raw_1NN,2519,1,1
raw_1NN,2520,-1,-1
raw_1NN,2521,1,1
raw_1NN,2522,1,1
raw_1NN,2523,1,1
raw_1NN,2524,1,1
raw_1NN,2525,1,1
raw_1NN,2526,1,1
raw_1NN,2527,1,1
raw_1NN,2528,1,1
raw_1NN,2529,1,1
raw_1NN,2530,1,1
raw_1NN,2531,1,1
raw_1NN,2532,-1,-1
raw_1NN,2533,-1,-1
raw_1NN,2534,1,1
raw_1NN,2535,-1,-1
raw_1NN,2536,1,1
raw_1NN,2537,1,1
raw_1NN,2538,1,1
raw_1NN,2539,1,1
raw_1NN,2540,1,1
raw_1NN,2541,1,1
raw_1NN,2542,1,1
raw_1NN,2543,1,1
raw_1NN,2544,1,1
raw_1NN,2545,1,1
raw_1NN,2546,1,1
raw_1NN,2547,1,1
raw_1NN,2548,1,1
raw_1NN,2549,1,1
raw_1NN,2550,1,1
raw_1NN,2551,1,1
raw_1NN,2552,-1,-1
raw_1NN,2553,1,1
raw_1NN,2554,1,1
raw_1NN,2555,1,1
raw_1NN,2556,1,1
raw_1NN,2557,1,1
raw_1NN,2558,-1,1
raw_1NN,2559,-1,-1
raw_1NN,2560,1,1
raw_1NN,2561,-1,-1
raw_1NN,2562,1,1
raw_1NN,2563,1,1
raw_1NN,2564,1,1
raw_1NN,2565,1,1
raw_1NN,2566,-1,-1
raw_1NN,2567,1,1
raw_1NN,2568,-1,-1
raw_1NN,2569,1,1
raw_1NN,2570,1,1
raw_1NN,2571,1,1
raw_1NN,2572,1,1
raw_1NN,2573,-1,-1
raw_1NN,2574,1,1
raw_1NN,2575,1,1
raw_1NN,2576,1,1
raw_1NN,2577,1,1
raw_1NN,2578,1,1
raw_1NN,2579,1,1
raw_1NN,2580,-1,-1
raw_1NN,2581,1,1
raw_1NN,2582,1,1
raw_1NN,2583,1,1
raw_1NN,2584,1,1
raw_1NN,2585,1,1
raw_1NN,2586,1,1
raw_1NN,2587,1,1
raw_1NN,2588,1,1
raw_1NN,2589,1,1
raw_1NN,2590,1,1
raw_1NN,2591,1,1
raw_1NN,2592,1,1
raw_1NN,2593,1,1
raw_1NN,2594,1,1
raw_1NN,2595,1,1
raw_1NN,2596,1,1
raw_1NN,2597,1,1
raw_1NN,2598,1,1
raw_1NN,2599,1,1
raw_1NN,2600,-1,-1
raw_1NN,2601,1,1
raw_1NN,2602,1,1
raw_1NN,2603,1,1
raw_1NN,2604,1,1
raw_1NN,2605,1,1
raw_1NN,2606,1,1
raw_1NN,2607,1,1
raw_1NN,2608,1,1
raw_1NN,2609,1,1
raw_1NN,2610,1,1
raw_1NN,2611,1,1
raw_1NN,2612,-1,-1
raw_1NN,2613,1,1
raw_1NN,2614,1,1
raw_1NN,2615,1,1
raw_1NN,2616,1,1
raw_1NN,2617,1,1
raw_1NN,2618,1,1
raw_1NN,2619,1,1
raw_1NN,2620,1,1
raw_1NN,2621,1,1
raw_1NN,2622,1,1
raw_1NN,2623,1,1
raw_1NN,2624,1,1
raw_1NN,2625,-1,-1
raw_1NN,2626,1,1
raw_1NN,2627,1,1
raw_1NN,2628,1,1
raw_1NN,2629,1,1
raw_1NN,2630,1,1
raw_1NN,2631,1,1
raw_1NN,2632,1,1
raw_1NN,2633,1,1
raw_1NN,2634,1,1
raw_1NN,2635,1,1
raw_1NN,2636,1,1
raw_1NN,2637,1,1
raw_1NN,2638,1,1
raw_1NN,2639,1,1
raw_1NN,2640,1,1
raw_1NN,2641,1,1
raw_1NN,2642,1,1
raw_1NN,2643,1,1
raw_1NN,2644,-1,-1
raw_1NN,2645,1,1
raw_1NN,2646,-1,-1
raw_1NN,2647,1,1
raw_1NN,2648,1,1
raw_1NN,2649,1,1
raw_1NN,2650,1,1
raw_1NN,2651,1,1
raw_1NN,2652,1,1
raw_1NN,2653,1,1
raw_1NN,2654,1,1
raw_1NN,2655,1,1
raw_1NN,2656,1,1
raw_1NN,2657,1,1
raw_1NN,2658,1,1
raw_1NN,2659,1,1
raw_1NN,2660,1,1
raw_1NN,2661,-1,-1
raw_1NN,2662,1,1
raw_1NN,2663,1,1
raw_1NN,2664,-1,-1
raw_1NN,2665,1,1
raw_1NN,2666,1,1
raw_1NN,2667,1,1
raw_1NN,2668,1,1
raw_1NN,2669,1,1
raw_1NN,2670,1,1
raw_1NN,2671,1,1
raw_1NN,2672,1,1
raw_1NN,2673,1,1
raw_1NN,2674,-1,-1
raw_1NN,2675,1,1
raw_1NN,2676,1,1
raw_1NN,2677,1,1
raw_1NN,2678,1,1
raw_1NN,2679,1,1
raw_1NN,2680,1,1
raw_1NN,2681,1,1
raw_1NN,2682,1,1
raw_1NN,2683,1,1
raw_1NN,2684,1,1
raw_1NN,2685,1,1
raw_1NN,2686,1,1
raw_1NN,2687,1,1
raw_1NN,2688,1,1
raw_1NN,2689,1,1
raw_1NN,2690,1,1
raw_1NN,2691,1,1
raw_1NN,2692,1,1
raw_1NN,2693,1,1
raw_1NN,2694,1,1
raw_1NN,2695,1,1
raw_1NN,2696,1,1
raw_1NN,2697,1,1
raw_1NN,2698,1,1
raw_1NN,2699,-1,-1
raw_1NN,2700,1,1
raw_1NN,2701,1,1
raw_1NN,2702,1,1
raw_1NN,2703,1,1
raw_1NN,2704,1,1
raw_1NN,2705,1,1
raw_1NN,2706,1,1
raw_1NN,2707,1,1
raw_1NN,2708,1,1
raw_1NN,2709,-1,-1
raw_1NN,2710,1,1
raw_1NN,2711,1,1
raw_1NN,2712,1,1
raw_1NN,2713,1,1
raw_1NN,2714,-1,-1
raw_1NN,2715,-1,-1
raw_1NN,2716,-1,-1
raw_1NN,2717,1,1
raw_1NN,2718,1,1
raw_1NN,2719,1,1
raw_1NN,2720,-1,-1
raw_1NN,2721,1,1
raw_1NN,2722,1,1
raw_1NN,2723,1,1
raw_1NN,2724,1,1
raw_1NN,2725,1,1
raw_1NN,2726,1,1
raw_1NN,2727,1,1
raw_1NN,2728,1,1
raw_1NN,2729,1,1
raw_1NN,2730,1,1
raw_1NN,2731,1,1
raw_1NN,2732,1,1
raw_1NN,2733,1,1
raw_1NN,2734,1,1
raw_1NN,2735,1,1
raw_1NN,2736,-1,-1
raw_1NN,2737,1,1
raw_1NN,2738,1,1
raw_1NN,2739,-1,-1
raw_1NN,2740,1,1
raw_1NN,2741,1,1
raw_1NN,2742,1,1
raw_1NN,2743,1,1
raw_1NN,2744,-1,-1
raw_1NN,2745,1,1
raw_1NN,2746,1,1
raw_1NN,2747,1,1
raw_1NN,2748,1,1
raw_1NN,2749,1,1
raw_1NN,2750,1,1
raw_1NN,2751,1,1
raw_1NN,2752,1,1
raw_1NN,2753,1,1
raw_1NN,2754,1,1
raw_1NN,2755,1,1
raw_1NN,2756,1,1
raw_1NN,2757,1,1
raw_1NN,2758,1,1
raw_1NN,2759,1,1
raw_1NN,2760,1,1
raw_1NN,2761,1,1
raw_1NN,2762,1,1
raw_1NN,2763,1,1
raw_1NN,2764,1,1
raw_1NN,2765,1,1
raw_1NN,2766,1,1
raw_1NN,2767,1,1
raw_1NN,2768,1,1
raw_1NN,2769,1,1
raw_1NN,2770,1,1
raw_1NN,2771,1,1
raw_1NN,2772,1,1
raw_1NN,2773,1,1
raw_1NN,2774,1,1
raw_1NN,2775,1,1
raw_1NN,2776,1,1
raw_1NN,2777,-1,-1
raw_1NN,2778,1,1
raw_1NN,2779,1,1
raw_1NN,2780,1,1
raw_1NN,2781,1,1
raw_1NN,2782,1,1
raw_1NN,2783,1,1
raw_1NN,2784,1,1
raw_1NN,2785,1,1
raw_1NN,2786,1,1
raw_1NN,2787,-1,-1
raw_1NN,2788,1,1
raw_1NN,2789,1,1
raw_1NN,2790,1,1
raw_1NN,2791,-1,-1
raw_1NN,2792,1,1
raw_1NN,2793,1,1
raw_1NN,2794,1,1
raw_1NN,2795,1,1
raw_1NN,2796,1,1
raw_1NN,2797,1,1
raw_1NN,2798,1,1
raw_1NN,2799,1,1
raw_1NN,2800,1,1
raw_1NN,2801,1,1
raw_1NN,2802,-1,-1
raw_1NN,2803,1,1
raw_1NN,2804,1,1
raw_1NN,2805,1,1
raw_1NN,2806,1,1
raw_1NN,2807,1,1
raw_1NN,2808,1,1
raw_1NN,2809,1,1
raw_1NN,2810,1,1
raw_1NN,2811,1,1
raw_1NN,2812,1,1
raw_1NN,2813,1,1
raw_1NN,2814,1,1
raw_1NN,2815,1,1
raw_1NN,2816,1,1
raw_1NN,2817,-1,-1
raw_1NN,2818,-1,-1
raw_1NN,2819,1,1
raw_1NN,2820,1,1
raw_1NN,2821,1,1
raw_1NN,2822,1,1
raw_1NN,2823,1,1
raw_1NN,2824,1,1
raw_1NN,2825,1,-1
raw_1NN,2826,1,1
raw_1NN,2827,1,1
raw_1NN,2828,1,1
raw_1NN,2829,1,1
raw_1NN,2830,1,1
raw_1NN,2831,1,1
raw_1NN,2832,1,1
raw_1NN,2833,1,1
raw_1NN,2834,1,1
raw_1NN,2835,1,1
raw_1NN,2836,-1,-1
raw_1NN,2837,1,1
raw_1NN,2838,1,1
raw_1NN,2839,1,1
raw_1NN,2840,1,1
raw_1NN,2841,1,1
raw_1NN,2842,1,1
raw_1NN,2843,1,1
raw_1NN,2844,1,1
raw_1NN,2845,1,1
raw_1NN,2846,-1,-1
raw_1NN,2847,1,1
raw_1NN,2848,-1,-1
raw_1NN,2849,-1,-1
raw_1NN,2850,1,1
raw_1NN,2851,1,1
raw_1NN,2852,1,1
raw_1NN,2853,1,1
raw_1NN,2854,1,1
raw_1NN,2855,1,-1
raw_1NN,2856,1,1
raw_1NN,2857,1,1
raw_1NN,2858,1,1
raw_1NN,2859,1,1
raw_1NN,2860,1,1
raw_1NN,2861,1,1
raw_1NN,2862,1,1
raw_1NN,2863,1,1
raw_1NN,2864,1,1
raw_1NN,2865,1,1
raw_1NN,2866,1,1
raw_1NN,2867,1,1
raw_1NN,2868,1,1
raw_1NN,2869,1,1
raw_1NN,2870,1,1
raw_1NN,2871,1,1
raw_1NN,2872,1,1
raw_1NN,2873,1,1
raw_1NN,2874,1,1
raw_1NN,2875,1,1
raw_1NN,2876,-1,-1
raw_1NN,2877,1,1
raw_1NN,2878,1,1
raw_1NN,2879,1,1
raw_1NN,2880,1,1
raw_1NN,2881,1,1
raw_1NN,2882,1,1
raw_1NN,2883,1,1
raw_1NN,2884,1,1
raw_1NN,2885,1,1
raw_1NN,2886,1,1
raw_1NN,2887,1,1
raw_1NN,2888,1,1
raw_1NN,2889,1,1
raw_1NN,2890,-1,-1
raw_1NN,2891,1,1
raw_1NN,2892,1,1
raw_1NN,2893,-1,-1
raw_1NN,2894,1,1
raw_1NN,2895,1,1
raw_1NN,2896,1,1
raw_1NN,2897,1,1
raw_1NN,2898,1,1
raw_1NN,2899,1,1
raw_1NN,2900,1,1
raw_1NN,2901,1,1
raw_1NN,2902,1,1
raw_1NN,2903,1,1
raw_1NN,2904,1,1
raw_1NN,2905,1,1
raw_1NN,2906,1,1
raw_1NN,2907,1,1
raw_1NN,2908,1,1
raw_1NN,2909,1,1
raw_1NN,2910,1,1
raw_1NN,2911,1,1
raw_1NN,2912,1,1
raw_1NN,2913,1,1
raw_1NN,2914,1,1
raw_1NN,2915,-1,-1
raw_1NN,2916,1,1
raw_1NN,2917,1,1
raw_1NN,2918,1,1
raw_1NN,2919,-1,-1
raw_1NN,2920,1,1
raw_1NN,2921,1,1
raw_1NN,2922,1,1
raw_1NN,2923,1,1
raw_1NN,2924,1,1
raw_1NN,2925,1,1
raw_1NN,2926,1,1
raw_1NN,2927,1,1
raw_1NN,2928,1,1
raw_1NN,2929,1,1
raw_1NN,2930,1,1
raw_1NN,2931,1,1
raw_1NN,2932,1,1
raw_1NN,2933,1,1
raw_1NN,2934,1,1
raw_1NN,2935,-1,-1
raw_1NN,2936,1,1
raw_1NN,2937,1,1
raw_1NN,2938,1,1
raw_1NN,2939,1,1
raw_1NN,2940,1,1
raw_1NN,2941,1,1
raw_1NN,2942,1,1
raw_1NN,2943,1,1
raw_1NN,2944,1,1
raw_1NN,2945,1,1
raw_1NN,2946,1,1
raw_1NN,2947,1,1
raw_1NN,2948,1,1
raw_1NN,2949,1,1
raw_1NN,2950,1,1
raw_1NN,2951,1,1
raw_1NN,2952,-1,-1
raw_1NN,2953,1,1
raw_1NN,2954,1,1
raw_1NN,2955,1,1
raw_1NN,2956,1,1
raw_1NN,2957,1,1
raw_1NN,2958,1,1
raw_1NN,2959,1,1
raw_1NN,2960,1,1
raw_1NN,2961,1,1
raw_1NN,2962,1,1
raw_1NN,2963,1,1
raw_1NN,2964,1,1
raw_1NN,2965,1,1
raw_1NN,2966,1,1
raw_1NN,2967,1,1
raw_1NN,2968,1,1
raw_1NN,2969,1,1
raw_1NN,2970,-1,-1
raw_1NN,2971,1,1
raw_1NN,2972,1,1
raw_1NN,2973,1,1
raw_1NN,2974,1,1
raw_1NN,2975,-1,-1
raw_1NN,2976,1,1
raw_1NN,2977,-1,-1
raw_1NN,2978,1,1
raw_1NN,2979,1,1
raw_1NN,2980,1,1
raw_1NN,2981,-1,-1
raw_1NN,2982,1,1
raw_1NN,2983,-1,-1
raw_1NN,2984,1,1
raw_1NN,2985,1,1
raw_1NN,2986,1,1
raw_1NN,2987,-1,-1
raw_1NN,2988,1,1
raw_1NN,2989,1,1
raw_1NN,2990,1,1
raw_1NN,2991,1,1
raw_1NN,2992,1,1
raw_1NN,2993,1,1
raw_1NN,2994,1,1
raw_1NN,2995,1,1
raw_1NN,2996,1,1
raw_1NN,2997,1,1
raw_1NN,2998,1,1
raw_1NN,2999,1,1
raw_1NN,3000,1,1
raw_1NN,3001,1,1
raw_1NN,3002,1,1
raw_1NN,3003,1,1
raw_1NN,3004,-1,-1
raw_1NN,3005,1,1
raw_1NN,3006,1,1
raw_1NN,3007,-1,-1
raw_1NN,3008,1,1
raw_1NN,3009,1,1
raw_1NN,3010,1,1
raw_1NN,3011,1,1
raw_1NN,3012,-1,-1
raw_1NN,3013,1,1
raw_1NN,3014,1,1
raw_1NN,3015,1,1
raw_1NN,3016,1,1
raw_1NN,3017,1,1
raw_1NN,3018,1,1
raw_1NN,3019,1,1
raw_1NN,3020,-1,-1
raw_1NN,3021,1,1
raw_1NN,3022,1,1
raw_1NN,3023,-1,-1
raw_1NN,3024,1,1
raw_1NN,3025,1,1
raw_1NN,3026,1,1
raw_1NN,3027,-1,-1
raw_1NN,3028,1,1
raw_1NN,3029,-1,-1
raw_1NN,3030,1,1
raw_1NN,3031,-1,-1
raw_1NN,3032,1,1
raw_1NN,3033,1,1
raw_1NN,3034,1,1
raw_1NN,3035,1,1
raw_1NN,3036,-1,-1
raw_1NN,3037,-1,-1
raw_1NN,3038,1,1
raw_1NN,3039,1,1
raw_1NN,3040,-1,-1
raw_1NN,3041,1,1
raw_1NN,3042,1,1
raw_1NN,3043,1,1
raw_1NN,3044,1,1
raw_1NN,3045,1,1
raw_1NN,3046,1,1
raw_1NN,3047,1,1
raw_1NN,3048,-1,-1
raw_1NN,3049,1,1
raw_1NN,3050,1,1
raw_1NN,3051,1,1
raw_1NN,3052,1,1
raw_1NN,3053,1,1
raw_1NN,3054,1,1
raw_1NN,3055,1,1
raw_1NN,3056,1,1
raw_1NN,3057,1,1
raw_1NN,3058,1,1
raw_1NN,3059,1,1
raw_1NN,3060,1,1
raw_1NN,3061,1,1
raw_1NN,3062,1,1
raw_1NN,3063,1,1
raw_1NN,3064,1,1
raw_1NN,3065,1,1
raw_1NN,3066,-1,-1
raw_1NN,3067,1,1
raw_1NN,3068,1,1
raw_1NN,3069,1,1
raw_1NN,3070,1,1
raw_1NN,3071,1,1
raw_1NN,3072,1,1
raw_1NN,3073,1,1
raw_1NN,3074,1,1
raw_1NN,3075,1,1
raw_1NN,3076,1,1
raw_1NN,3077,1,1
raw_1NN,3078,1,1
raw_1NN,3079,1,1
raw_1NN,3080,1,1
raw_1NN,3081,1,1
raw_1NN,3082,1,1
raw_1NN,3083,1,1
raw_1NN,3084,1,1
raw_1NN,3085,1,1
raw_1NN,3086,1,1
raw_1NN,3087,1,1
raw_1NN,3088,1,1
raw_1NN,3089,1,1
raw_1NN,3090,1,1
raw_1NN,3091,1,1
raw_1NN,3092,1,1
raw_1NN,3093,1,1
raw_1NN,3094,1,1
raw_1NN,3095,1,1
raw_1NN,3096,1,1
raw_1NN,3097,1,1
raw_1NN,3098,-1,-1
raw_1NN,3099,1,1
raw_1NN,3100,1,1
raw_1NN,3101,1,1
raw_1NN,3102,-1,-1
raw_1NN,3103,1,1
raw_1NN,3104,1,1
raw_1NN,3105,1,1
raw_1NN,3106,1,1
raw_1NN,3107,1,1
raw_1NN,3108,1,1
raw_1NN,3109,1,1
raw_1NN,3110,1,1
raw_1NN,3111,1,1
raw_1NN,3112,1,1
raw_1NN,3113,1,1
raw_1NN,3114,1,1
raw_1NN,3115,1,1
raw_1NN,3116,1,1
raw_1NN,3117,1,1
raw_1NN,3118,1,1
raw_1NN,3119,-1,-1
raw_1NN,3120,1,1
raw_1NN,3121,1,1
raw_1NN,3122,1,1
raw_1NN,3123,-1,-1
raw_1NN,3124,1,1
raw_1NN,3125,1,1
raw_1NN,3126,1,1
raw_1NN,3127,1,1
raw_1NN,3128,1,1
raw_1NN,3129,1,1
raw_1NN,3130,1,1
raw_1NN,3131,1,1
raw_1NN,3132,1,1
raw_1NN,3133,1,1
raw_1NN,3134,1,1
raw_1NN,3135,1,1
raw_1NN,3136,1,1
raw_1NN,3137,1,1
raw_1NN,3138,1,1
raw_1NN,3139,1,1
raw_1NN,3140,1,1
raw_1NN,3141,1,1
raw_1NN,3142,1,1
raw_1NN,3143,1,1
raw_1NN,3144,1,1
raw_1NN,3145,1,1
raw_1NN,3146,1,1
raw_1NN,3147,1,1
raw_1NN,3148,1,1
raw_1NN,3149,1,1
raw_1NN,3150,1,1
raw_1NN,3151,-1,-1
raw_1NN,3152,1,1
raw_1NN,3153,1,1
raw_1NN,3154,1,1
raw_1NN,3155,-1,-1
raw_1NN,3156,1,1
raw_1NN,3157,1,1
raw_1NN,3158,-1,-1
raw_1NN,3159,1,1
raw_1NN,3160,1,1
raw_1NN,3161,1,1
raw_1NN,3162,1,1
raw_1NN,3163,1,1
raw_1NN,3164,1,1
raw_1NN,3165,1,1
raw_1NN,3166,1,1
raw_1NN,3167,1,1
raw_1NN,3168,1,1
raw_1NN,3169,1,1
raw_1NN,3170,1,1
raw_1NN,3171,1,1
raw_1NN,3172,1,1
raw_1NN,3173,1,1
raw_1NN,3174,1,1
raw_1NN,3175,1,1
raw_1NN,3176,1,1
raw_1NN,3177,1,1
raw_1NN,3178,1,1
raw_1NN,3179,1,1
raw_1NN,3180,-1,-1
raw_1NN,3181,1,1
raw_1NN,3182,1,1
raw_1NN,3183,1,1
raw_1NN,3184,1,1
raw_1NN,3185,1,1
raw_1NN,3186,1,1
raw_1NN,3187,1,1
raw_1NN,3188,1,1
raw_1NN,3189,1,1
raw_1NN,3190,1,1
raw_1NN,3191,1,1
raw_1NN,3192,1,1
raw_1NN,3193,1,1
raw_1NN,3194,1,1
raw_1NN,3195,1,1
raw_1NN,3196,-1,-1
raw_1NN,3197,1,1
raw_1NN,3198,1,1
raw_1NN,3199,1,1
raw_1NN,3200,1,1
raw_1NN,3201,-1,-1
raw_1NN,3202,1,1
raw_1NN,3203,1,1
raw_1NN,3204,1,1
raw_1NN,3205,-1,-1
raw_1NN,3206,1,1
raw_1NN,3207,1,1
raw_1NN,3208,1,1
raw_1NN,3209,1,1
raw_1NN,3210,-1,-1
raw_1NN,3211,1,1
raw_1NN,3212,1,1
raw_1NN,3213,1,1
raw_1NN,3214,1,1
raw_1NN,3215,1,1
raw_1NN,3216,-1,-1
raw_1NN,3217,-1,-1
raw_1NN,3218,1,1
raw_1NN,3219,1,1
raw_1NN,3220,1,1
raw_1NN,3221,1,1
raw_1NN,3222,1,1
raw_1NN,3223,-1,-1
raw_1NN,3224,-1,-1
raw_1NN,3225,1,1
raw_1NN,3226,1,1
raw_1NN,3227,1,1
raw_1NN,3228,1,1
raw_1NN,3229,1,1
raw_1NN,3230,1,1
raw_1NN,3231,-1,-1
raw_1NN,3232,1,1
raw_1NN,3233,1,1
raw_1NN,3234,1,1
raw_1NN,3235,1,1
raw_1NN,3236,1,1
raw_1NN,3237,1,1
raw_1NN,3238,1,1
raw_1NN,3239,1,1
raw_1NN,3240,1,1
raw_1NN,3241,1,1
raw_1NN,3242,1,1
raw_1NN,3243,1,1
raw_1NN,3244,1,1
raw_1NN,3245,1,1
raw_1NN,3246,1,1
raw_1NN,3247,1,1
raw_1NN,3248,1,1
raw_1NN,3249,1,1
raw_1NN,3250,1,1
raw_1NN,3251,1,1
raw_1NN,3252,1,1
raw_1NN,3253,-1,-1
raw_1NN,3254,1,1
raw_1NN,3255,-1,-1
raw_1NN,3256,1,1
raw_1NN,3257,1,1
raw_1NN,3258,1,1
raw_1NN,3259,1,1
raw_1NN,3260,1,1
raw_1NN,3261,1,1
raw_1NN,3262,-1,-1
raw_1NN,3263,1,1
raw_1NN,3264,1,1
raw_1NN,3265,1,1
raw_1NN,3266,1,1
raw_1NN,3267,1,1
raw_1NN,3268,1,1
raw_1NN,3269,1,1
raw_1NN,3270,1,1
raw_1NN,3271,-1,-1
raw_1NN,3272,1,1
raw_1NN,3273,1,1
raw_1NN,3274,1,1
raw_1NN,3275,1,1
raw_1NN,3276,1,1
raw_1NN,3277,1,1
raw_1NN,3278,1,1
raw_1NN,3279,1,1
raw_1NN,3280,-1,-1
raw_1NN,3281,1,1
raw_1NN,3282,1,1
raw_1NN,3283,1,1
raw_1NN,3284,1,1
raw_1NN,3285,-1,-1
raw_1NN,3286,1,1
raw_1NN,3287,1,1
raw_1NN,3288,1,1
raw_1NN,3289,1,1
raw_1NN,3290,1,1
raw_1NN,3291,1,1
raw_1NN,3292,1,1
raw_1NN,3293,1,1
raw_1NN,3294,-1,-1
raw_1NN,3295,1,1
raw_1NN,3296,-1,-1
raw_1NN,3297,1,1
raw_1NN,3298,1,1
raw_1NN,3299,1,1
raw_1NN,3300,1,1
raw_1NN,3301,1,1
raw_1NN,3302,-1,-1
raw_1NN,3303,1,1
raw_1NN,3304,1,1
raw_1NN,3305,1,1
raw_1NN,3306,-1,-1
raw_1NN,3307,-1,-1
raw_1NN,3308,1,1
raw_1NN,3309,1,1
raw_1NN,3310,1,1
raw_1NN,3311,1,1
raw_1NN,3312,1,1
raw_1NN,3313,1,1
raw_1NN,3314,1,1
raw_1NN,3315,1,1
raw_1NN,3316,1,1
raw_1NN,3317,-1,-1
raw_1NN,3318,1,1
raw_1NN,3319,1,1
raw_1NN,3320,1,1
raw_1NN,3321,-1,-1
raw_1NN,3322,1,1
raw_1NN,3323,1,1
raw_1NN,3324,1,1
raw_1NN,3325,1,1
raw_1NN,3326,1,1
raw_1NN,3327,1,1
raw_1NN,3328,-1,-1
raw_1NN,3329,1,1
raw_1NN,3330,1,1
raw_1NN,3331,1,1
raw_1NN,3332,1,1
raw_1NN,3333,1,1
raw_1NN,3334,1,1
raw_1NN,3335,1,1
raw_1NN,3336,1,1
raw_1NN,3337,1,1
raw_1NN,3338,1,1
raw_1NN,3339,1,1
raw_1NN,3340,1,1
raw_1NN,3341,1,1
raw_1NN,3342,1,1
raw_1NN,3343,1,1
raw_1NN,3344,1,1
raw_1NN,3345,1,1
raw_1NN,3346,1,1
raw_1NN,3347,1,1
raw_1NN,3348,1,1
raw_1NN,3349,1,1
raw_1NN,3350,1,1
raw_1NN,3351,1,1
raw_1NN,3352,1,1
raw_1NN,3353,1,1
raw_1NN,3354,1,1
raw_1NN,3355,-1,-1
raw_1NN,3356,1,1
raw_1NN,3357,1,1
raw_1NN,3358,1,1
raw_1NN,3359,1,1
raw_1NN,3360,1,1
raw_1NN,3361,1,1
raw_1NN,3362,1,1
raw_1NN,3363,-1,-1
raw_1NN,3364,1,1
raw_1NN,3365,1,1
raw_1NN,3366,1,1
raw_1NN,3367,1,1
raw_1NN,3368,1,1
raw_1NN,3369,1,1
raw_1NN,3370,1,1
raw_1NN,3371,1,1
raw_1NN,3372,-1,-1
raw_1NN,3373,-1,-1
raw_1NN,3374,1,1
raw_1NN,3375,1,1
raw_1NN,3376,1,1
raw_1NN,3377,1,1
raw_1NN,3378,1,1
raw_1NN,3379,1,1
raw_1NN,3380,1,1
raw_1NN,3381,1,1
raw_1NN,3382,1,1
raw_1NN,3383,-1,-1
raw_1NN,3384,1,1
raw_1NN,3385,1,1
raw_1NN,3386,1,1
raw_1NN,3387,1,1
raw_1NN,3388,1,1
raw_1NN,3389,1,1
raw_1NN,3390,1,1
raw_1NN,3391,1,1
raw_1NN,3392,1,1
raw_1NN,3393,1,1
raw_1NN,3394,-1,-1
raw_1NN,3395,1,1
raw_1NN,3396,-1,-1
raw_1NN,3397,-1,-1
raw_1NN,3398,-1,1
raw_1NN,3399,-1,-1
raw_1NN,3400,1,1
raw_1NN,3401,1,1
raw_1NN,3402,1,1
raw_1NN,3403,1,1
raw_1NN,3404,1,1
raw_1NN,3405,1,1
raw_1NN,3406,1,1
raw_1NN,3407,1,1
raw_1NN,3408,1,1
raw_1NN,3409,1,1
raw_1NN,3410,1,1
raw_1NN,3411,1,1
raw_1NN,3412,1,1
raw_1NN,3413,1,1
raw_1NN,3414,1,1
raw_1NN,3415,1,1
raw_1NN,3416,1,1
raw_1NN,3417,1,1
raw_1NN,3418,1,1
raw_1NN,3419,1,1
raw_1NN,3420,1,1
raw_1NN,3421,1,1
raw_1NN,3422,1,1
raw_1NN,3423,1,1
raw_1NN,3424,1,1
raw_1NN,3425,1,1
raw_1NN,3426,-1,-1
raw_1NN,3427,1,1
raw_1NN,3428,1,1
raw_1NN,3429,1,1
raw_1NN,3430,1,1
raw_1NN,3431,1,1
raw_1NN,3432,1,1
raw_1NN,3433,1,1
raw_1NN,3434,1,1
raw_1NN,3435,1,1
raw_1NN,3436,1,1
raw_1NN,3437,1,1
raw_1NN,3438,1,1
raw_1NN,3439,1,1
raw_1NN,3440,-1,-1
raw_1NN,3441,1,1
raw_1NN,3442,1,1
raw_1NN,3443,1,1
raw_1NN,3444,1,1
raw_1NN,3445,1,1
raw_1NN,3446,-1,-1
raw_1NN,3447,1,1
raw_1NN,3448,1,1
raw_1NN,3449,-1,-1
raw_1NN,3450,1,1
raw_1NN,3451,1,1
raw_1NN,3452,1,1
raw_1NN,3453,1,1
raw_1NN,3454,1,1
raw_1NN,3455,1,1
raw_1NN,3456,1,1
raw_1NN,3457,-1,-1
raw_1NN,3458,1,1
raw_1NN,3459,1,1
raw_1NN,3460,1,1
raw_1NN,3461,1,1
raw_1NN,3462,1,1
raw_1NN,3463,1,1
raw_1NN,3464,1,1
raw_1NN,3465,-1,-1
raw_1NN,3466,1,1
raw_1NN,3467,1,1
raw_1NN,3468,-1,-1
raw_1NN,3469,1,1
raw_1NN,3470,1,1
raw_1NN,3471,1,1
raw_1NN,3472,1,1
raw_1NN,3473,1,1
raw_1NN,3474,1,1
raw_1NN,3475,1,1
raw_1NN,3476,-1,-1
raw_1NN,3477,1,1
raw_1NN,3478,1,1
raw_1NN,3479,1,1
raw_1NN,3480,1,1
raw_1NN,3481,1,1
raw_1NN,3482,1,1
raw_1NN,3483,1,1
raw_1NN,3484,1,1
raw_1NN,3485,1,1
raw_1NN,3486,1,1
raw_1NN,3487,1,1
raw_1NN,3488,1,1
raw_1NN,3489,-1,-1
raw_1NN,3490,1,1
raw_1NN,3491,-1,-1
raw_1NN,3492,1,1
raw_1NN,3493,1,1
raw_1NN,3494,1,1
raw_1NN,3495,1,1
raw_1NN,3496,1,1
raw_1NN,3497,1,1
raw_1NN,3498,1,1
raw_1NN,3499,1,1
raw_1NN,3500,1,1
raw_1NN,3501,-1,-1
raw_1NN,3502,1,1
raw_1NN,3503,1,1
raw_1NN,3504,1,1
raw_1NN,3505,1,1
raw_1NN,3506,1,1
raw_1NN,3507,1,1
raw_1NN,3508,1,1
raw_1NN,3509,1,1
raw_1NN,3510,1,1
raw_1NN,3511,1,1
raw_1NN,3512,1,1
raw_1NN,3513,1,1
raw_1NN,3514,1,1
raw_1NN,3515,1,1
raw_1NN,3516,1,1
raw_1NN,3517,1,1
raw_1NN,3518,1,1
raw_1NN,3519,1,1
raw_1NN,3520,-1,-1
raw_1NN,3521,1,1
raw_1NN,3522,1,1
raw_1NN,3523,1,1
raw_1NN,3524,1,1
raw_1NN,3525,1,1
raw_1NN,3526,1,1
raw_1NN,3527,1,1
raw_1NN,3528,1,1
raw_1NN,3529,1,1
raw_1NN,3530,1,1
raw_1NN,3531,1,1
raw_1NN,3532,1,1
raw_1NN,3533,-1,-1
raw_1NN,3534,1,1
raw_1NN,3535,1,1
raw_1NN,3536,1,1
raw_1NN,3537,1,1
raw_1NN,3538,-1,-1
raw_1NN,3539,1,1
raw_1NN,3540,1,1
raw_1NN,3541,1,1
raw_1NN,3542,1,1
raw_1NN,3543,1,1
raw_1NN,3544,1,1
raw_1NN,3545,1,1
raw_1NN,3546,1,-1
raw_1NN,3547,1,1
raw_1NN,3548,-1,-1
raw_1NN,3549,1,1
raw_1NN,3550,1,1
raw_1NN,3551,1,1
raw_1NN,3552,-1,-1
raw_1NN,3553,-1,-1
raw_1NN,3554,1,1
raw_1NN,3555,1,1
raw_1NN,3556,1,1
raw_1NN,3557,-1,-1
raw_1NN,3558,1,1
raw_1NN,3559,1,1
raw_1NN,3560,-1,-1
raw_1NN,3561,1,1
raw_1NN,3562,1,1
raw_1NN,3563,1,1
raw_1NN,3564,1,1
raw_1NN,3565,1,1
raw_1NN,3566,1,1
raw_1NN,3567,1,1
raw_1NN,3568,1,1
raw_1NN,3569,1,1
raw_1NN,3570,1,1
raw_1NN,3571,1,1
raw_1NN,3572,1,1
raw_1NN,3573,1,1
raw_1NN,3574,1,1
raw_1NN,3575,1,1
raw_1NN,3576,1,1
raw_1NN,3577,1,1
raw_1NN,3578,1,1
raw_1NN,3579,1,1
raw_1NN,3580,1,1
raw_1NN,3581,1,1
raw_1NN,3582,1,1
raw_1NN,3583,1,1
raw_1NN,3584,-1,-1
raw_1NN,3585,1,1
raw_1NN,3586,1,1
raw_1NN,3587,1,1
raw_1NN,3588,1,1
raw_1NN,3589,1,1
raw_1NN,3590,1,1
raw_1NN,3591,1,1
raw_1NN,3592,1,1
raw_1NN,3593,-1,-1
raw_1NN,3594,1,1
raw_1NN,3595,1,1
raw_1NN,3596,1,1
raw_1NN,3597,-1,-1
raw_1NN,3598,1,1
raw_1NN,3599,1,1
raw_1NN,3600,1,1
raw_1NN,3601,1,1
raw_1NN,3602,1,1
raw_1NN,3603,1,1
raw_1NN,3604,1,1
raw_1NN,3605,1,1
raw_1NN,3606,1,1
raw_1NN,3607,1,1
raw_1NN,3608,1,1
raw_1NN,3609,1,1
raw_1NN,3610,1,1
raw_1NN,3611,1,1
raw_1NN,3612,1,1
raw_1NN,3613,1,1
raw_1NN,3614,1,1
raw_1NN,3615,1,1
raw_1NN,3616,1,1
raw_1NN,3617,1,1
raw_1NN,3618,1,1
raw_1NN,3619,1,1
raw_1NN,3620,1,1
raw_1NN,3621,1,1
raw_1NN,3622,1,1
raw_1NN,3623,1,1
raw_1NN,3624,1,1
raw_1NN,3625,1,1
raw_1NN,3626,1,1
raw_1NN,3627,-1,-1
raw_1NN,3628,1,1
raw_1NN,3629,1,1
raw_1NN,3630,1,1
raw_1NN,3631,1,1
raw_1NN,3632,1,1
raw_1NN,3633,1,1
raw_1NN,3634,1,1
raw_1NN,3635,1,1
raw_1NN,3636,1,1
raw_1NN,3637,1,1
raw_1NN,3638,-1,-1
raw_1NN,3639,1,1
raw_1NN,3640,1,1
raw_1NN,3641,1,1
raw_1NN,3642,1,1
raw_1NN,3643,1,1
raw_1NN,3644,1,1
raw_1NN,3645,1,1
raw_1NN,3646,-1,-1
raw_1NN,3647,1,1
raw_1NN,3648,1,1
raw_1NN,3649,1,1
raw_1NN,3650,1,1
raw_1NN,3651,1,1
raw_1NN,3652,1,1
raw_1NN,3653,1,1
raw_1NN,3654,1,1
raw_1NN,3655,1,1
raw_1NN,3656,1,1
raw_1NN,3657,1,1
raw_1NN,3658,1,1
raw_1NN,3659,1,1
raw_1NN,3660,1,1
raw_1NN,3661,1,1
raw_1NN,3662,-1,-1
raw_1NN,3663,1,1
raw_1NN,3664,-1,-1
raw_1NN,3665,1,1
raw_1NN,3666,1,1
raw_1NN,3667,1,1
raw_1NN,3668,1,1
raw_1NN,3669,1,1
raw_1NN,3670,1,1
raw_1NN,3671,1,1
raw_1NN,3672,-1,-1
raw_1NN,3673,1,1
raw_1NN,3674,1,1
raw_1NN,3675,1,1
raw_1NN,3676,1,1
raw_1NN,3677,1,1
raw_1NN,3678,1,1
raw_1NN,3679,1,1
raw_1NN,3680,1,1
raw_1NN,3681,1,1
raw_1NN,3682,1,1
raw_1NN,3683,-1,-1
raw_1NN,3684,1,1
raw_1NN,3685,1,1
raw_1NN,3686,1,1
raw_1NN,3687,1,1
raw_1NN,3688,-1,-1
raw_1NN,3689,-1,-1
raw_1NN,3690,1,1
raw_1NN,3691,1,1
raw_1NN,3692,1,1
raw_1NN,3693,1,1
raw_1NN,3694,1,1
raw_1NN,3695,1,1
raw_1NN,3696,1,1
raw_1NN,3697,-1,-1
raw_1NN,3698,-1,-1
raw_1NN,3699,1,1
raw_1NN,3700,1,1
raw_1NN,3701,1,1
raw_1NN,3702,1,1
raw_1NN,3703,1,1
raw_1NN,3704,1,1
raw_1NN,3705,1,1
raw_1NN,3706,-1,-1
raw_1NN,3707,1,1
raw_1NN,3708,1,1
raw_1NN,3709,1,1
raw_1NN,3710,1,1
raw_1NN,3711,-1,-1
raw_1NN,3712,1,1
raw_1NN,3713,1,1
raw_1NN,3714,1,1
raw_1NN,3715,1,1
raw_1NN,3716,1,1
raw_1NN,3717,1,1
raw_1NN,3718,-1,-1
raw_1NN,3719,1,1
raw_1NN,3720,1,1
raw_1NN,3721,-1,-1
raw_1NN,3722,-1,-1
raw_1NN,3723,-1,-1
raw_1NN,3724,1,1
raw_1NN,3725,1,1
raw_1NN,3726,1,1
raw_1NN,3727,1,1
raw_1NN,3728,1,1
raw_1NN,3729,1,1
raw_1NN,3730,1,1
raw_1NN,3731,1,1
raw_1NN,3732,1,1
raw_1NN,3733,-1,-1
raw_1NN,3734,-1,-1
raw_1NN,3735,1,1
raw_1NN,3736,-1,-1
raw_1NN,3737,1,1
raw_1NN,3738,1,1
raw_1NN,3739,1,1
raw_1NN,3740,1,1
raw_1NN,3741,1,1
raw_1NN,3742,1,1
raw_1NN,3743,-1,-1
raw_1NN,3744,1,1
raw_1NN,3745,1,1
raw_1NN,3746,1,1
raw_1NN,3747,1,1
raw_1NN,3748,1,1
raw_1NN,3749,1,1
raw_1NN,3750,1,1
raw_1NN,3751,1,1
raw_1NN,3752,1,1
raw_1NN,3753,-1,-1
raw_1NN,3754,1,1
raw_1NN,3755,1,1
raw_1NN,3756,-1,-1
raw_1NN,3757,1,1
raw_1NN,3758,1,1
raw_1NN,3759,1,1
raw_1NN,3760,1,1
raw_1NN,3761,1,1
raw_1NN,3762,1,1
raw_1NN,3763,1,1
raw_1NN,3764,1,1
raw_1NN,3765,-1,-1
raw_1NN,3766,1,1
raw_1NN,3767,1,1
raw_1NN,3768,1,1
raw_1NN,3769,1,1
raw_1NN,3770,1,1
raw_1NN,3771,1,1
raw_1NN,3772,1,1
raw_1NN,3773,-1,-1
raw_1NN,3774,1,1
raw_1NN,3775,1,1
raw_1NN,3776,-1,-1
raw_1NN,3777,1,1
raw_1NN,3778,1,1
raw_1NN,3779,1,1
raw_1NN,3780,-1,-1
raw_1NN,3781,1,1
raw_1NN,3782,1,1
raw_1NN,3783,1,1
raw_1NN,3784,1,1
raw_1NN,3785,1,1
raw_1NN,3786,1,1
raw_1NN,3787,1,1
raw_1NN,3788,1,1
raw_1NN,3789,-1,-1
raw_1NN,3790,1,1
raw_1NN,3791,1,1
raw_1NN,3792,1,1
raw_1NN,3793,1,1
raw_1NN,3794,1,1
raw_1NN,3795,1,1
raw_1NN,3796,1,1
raw_1NN,3797,1,1
raw_1NN,3798,1,1
raw_1NN,3799,1,1
raw_1NN,3800,1,1
raw_1NN,3801,-1,-1
raw_1NN,3802,1,1
raw_1NN,3803,1,1
raw_1NN,3804,1,1
raw_1NN,3805,1,1
raw_1NN,3806,1,1
raw_1NN,3807,-1,-1
raw_1NN,3808,1,1
raw_1NN,3809,1,1
raw_1NN,3810,1,1
raw_1NN,3811,1,1
raw_1NN,3812,1,1
raw_1NN,3813,1,1
raw_1NN,3814,1,1
raw_1NN,3815,1,1
raw_1NN,3816,1,1
raw_1NN,3817,1,1
raw_1NN,3818,-1,-1
raw_1NN,3819,1,1
raw_1NN,3820,1,1
raw_1NN,3821,1,1
raw_1NN,3822,1,1
raw_1NN,3823,1,1
raw_1NN,3824,1,1
raw_1NN,3825,1,1
raw_1NN,3826,1,1
raw_1NN,3827,1,1
raw_1NN,3828,1,1
raw_1NN,3829,1,1
raw_1NN,3830,-1,-1
raw_1NN,3831,1,1
raw_1NN,3832,1,1
raw_1NN,3833,-1,-1
raw_1NN,3834,1,1
raw_1NN,3835,1,1
raw_1NN,3836,1,1
raw_1NN,3837,1,1
raw_1NN,3838,-1,-1
raw_1NN,3839,-1,-1
raw_1NN,3840,1,1
raw_1NN,3841,1,1
raw_1NN,3842,1,1
raw_1NN,3843,1,1
raw_1NN,3844,1,1
raw_1NN,3845,-1,-1
raw_1NN,3846,1,1
raw_1NN,3847,1,1
raw_1NN,3848,-1,-1
raw_1NN,3849,1,1
raw_1NN,3850,1,1
raw_1NN,3851,1,1
raw_1NN,3852,-1,-1
raw_1NN,3853,1,1
raw_1NN,3854,1,1
raw_1NN,3855,1,1
raw_1NN,3856,1,1
raw_1NN,3857,1,1
raw_1NN,3858,1,1
raw_1NN,3859,1,1
raw_1NN,3860,1,1
raw_1NN,3861,1,1
raw_1NN,3862,-1,-1
raw_1NN,3863,1,1
raw_1NN,3864,1,1
raw_1NN,3865,1,1
raw_1NN,3866,1,1
raw_1NN,3867,1,1
raw_1NN,3868,1,1
raw_1NN,3869,1,1
raw_1NN,3870,-1,-1
raw_1NN,3871,1,1
raw_1NN,3872,1,1
raw_1NN,3873,1,1
raw_1NN,3874,1,1
raw_1NN,3875,1,1
raw_1NN,3876,1,1
raw_1NN,3877,1,1
raw_1NN,3878,-1,-1
raw_1NN,3879,1,1
raw_1NN,3880,1,1
raw_1NN,3881,1,1
raw_1NN,3882,1,1
raw_1NN,3883,1,1
raw_1NN,3884,1,1
raw_1NN,3885,1,1
raw_1NN,3886,1,1
raw_1NN,3887,1,1
raw_1NN,3888,1,1
raw_1NN,3889,1,1
raw_1NN,3890,1,1
raw_1NN,3891,1,1
raw_1NN,3892,1,1
raw_1NN,3893,1,1
raw_1NN,3894,1,1
raw_1NN,3895,1,1
raw_1NN,3896,1,1
raw_1NN,3897,1,1
raw_1NN,3898,1,1
raw_1NN,3899,1,1
raw_1NN,3900,1,1
raw_1NN,3901,1,1
raw_1NN,3902,1,1
raw_1NN,3903,1,1
raw_1NN,3904,1,1
raw_1NN,3905,1,1
raw_1NN,3906,1,1
raw_1NN,3907,1,1
raw_1NN,3908,1,1
raw_1NN,3909,1,1
raw_1NN,3910,1,1
raw_1NN,3911,1,1
raw_1NN,3912,-1,-1
raw_1NN,3913,1,1
raw_1NN,3914,1,1
raw_1NN,3915,1,1
raw_1NN,3916,-1,-1
raw_1NN,3917,1,1
raw_1NN,3918,1,1
raw_1NN,3919,1,1
raw_1NN,3920,1,1
raw_1NN,3921,1,1
raw_1NN,3922,1,1
raw_1NN,3923,1,1
raw_1NN,3924,1,1
raw_1NN,3925,1,1
raw_1NN,3926,-1,-1
raw_1NN,3927,1,1
raw_1NN,3928,1,1
raw_1NN,3929,1,1
raw_1NN,3930,1,1
raw_1NN,3931,1,1
raw_1NN,3932,1,1
raw_1NN,3933,1,1
raw_1NN,3934,1,1
raw_1NN,3935,1,1
raw_1NN,3936,1,1
raw_1NN,3937,1,1
raw_1NN,3938,1,1
raw_1NN,3939,1,1
raw_1NN,3940,1,1
raw_1NN,3941,1,1
raw_1NN,3942,-1,-1
raw_1NN,3943,1,1
raw_1NN,3944,-1,-1
raw_1NN,3945,1,1
raw_1NN,3946,1,1
raw_1NN,3947,1,1
raw_1NN,3948,1,1
raw_1NN,3949,1,1
raw_1NN,3950,1,1
raw_1NN,3951,1,1
raw_1NN,3952,1,1
raw_1NN,3953,1,1
raw_1NN,3954,-1,-1
raw_1NN,3955,1,1
raw_1NN,3956,-1,-1
raw_1NN,3957,1,1
raw_1NN,3958,1,1
raw_1NN,3959,1,1
raw_1NN,3960,1,1
raw_1NN,3961,1,1
raw_1NN,3962,1,1
raw_1NN,3963,1,1
raw_1NN,3964,1,1
raw_1NN,3965,1,1
raw_1NN,3966,-1,-1
raw_1NN,3967,1,1
raw_1NN,3968,-1,-1
raw_1NN,3969,1,1
raw_1NN,3970,1,1
raw_1NN,3971,1,1
raw_1NN,3972,1,1
raw_1NN,3973,1,1
raw_1NN,3974,-1,-1
raw_1NN,3975,1,1
raw_1NN,3976,1,1
raw_1NN,3977,1,1
raw_1NN,3978,1,1
raw_1NN,3979,-1,-1
raw_1NN,3980,1,1
raw_1NN,3981,1,1
raw_1NN,3982,1,1
raw_1NN,3983,1,1
raw_1NN,3984,1,1
raw_1NN,3985,-1,-1
raw_1NN,3986,1,1
raw_1NN,3987,-1,-1
raw_1NN,3988,1,1
raw_1NN,3989,-1,-1
raw_1NN,3990,-1,-1
raw_1NN,3991,1,1
raw_1NN,3992,1,1
raw_1NN,3993,1,1
raw_1NN,3994,1,1
raw_1NN,3995,1,1
raw_1NN,3996,1,1
raw_1NN,3997,1,-1
raw_1NN,3998,1,1
raw_1NN,3999,1,1
raw_1NN,4000,1,1
raw_1NN,4001,1,1
raw_1NN,4002,1,1
raw_1NN,4003,1,1
raw_1NN,4004,1,1
raw_1NN,4005,1,1
raw_1NN,4006,1,1
raw_1NN,4007,1,1
raw_1NN,4008,1,1
raw_1NN,4009,1,1
raw_1NN,4010,1,1
raw_1NN,4011,1,1
raw_1NN,4012,1,1
raw_1NN,4013,1,1
raw_1NN,4014,1,-1
raw_1NN,4015,1,1
raw_1NN,4016,1,1
raw_1NN,4017,1,1
raw_1NN,4018,1,1
raw_1NN,4019,1,1
raw_1NN,4020,1,1
raw_1NN,4021,1,1
raw_1NN,4022,1,1
raw_1NN,4023,1,1
raw_1NN,4024,-1,-1
raw_1NN,4025,1,1
raw_1NN,4026,1,1
raw_1NN,4027,1,1
raw_1NN,4028,1,1
raw_1NN,4029,1,1
raw_1NN,4030,-1,1
raw_1NN,4031,1,1
raw_1NN,4032,1,1
raw_1NN,4033,1,1
raw_1NN,4034,1,1
raw_1NN,4035,1,1
raw_1NN,4036,1,1
raw_1NN,4037,1,1
raw_1NN,4038,1,1
raw_1NN,4039,1,1
raw_1NN,4040,1,1
raw_1NN,4041,1,1
raw_1NN,4042,1,1
raw_1NN,4043,1,1
raw_1NN,4044,1,1
raw_1NN,4045,1,1
raw_1NN,4046,1,1
raw_1NN,4047,1,1
raw_1NN,4048,1,1
raw_1NN,4049,1,1
raw_1NN,4050,1,1
raw_1NN,4051,1,1
raw_1NN,4052,1,1
raw_1NN,4053,1,1
raw_1NN,4054,1,1
raw_1NN,4055,1,1
raw_1NN,4056,1,1
raw_1NN,4057,1,1
raw_1NN,4058,-1,-1
raw_1NN,4059,1,1
raw_1NN,4060,1,1
raw_1NN,4061,1,1
raw_1NN,4062,1,1
raw_1NN,4063,1,1
raw_1NN,4064,-1,-1
raw_1NN,4065,1,1
raw_1NN,4066,1,1
raw_1NN,4067,1,1
raw_1NN,4068,1,1
raw_1NN,4069,1,1
raw_1NN,4070,1,1
raw_1NN,4071,1,1
raw_1NN,4072,1,1
raw_1NN,4073,1,1
raw_1NN,4074,1,1
raw_1NN,4075,1,1
raw_1NN,4076,1,1
raw_1NN,4077,1,1
raw_1NN,4078,1,1
raw_1NN,4079,1,1
raw_1NN,4080,1,1
raw_1NN,4081,1,1
raw_1NN,4082,1,1
raw_1NN,4083,-1,-1
raw_1NN,4084,1,1
raw_1NN,4085,-1,-1
raw_1NN,4086,1,1
raw_1NN,4087,1,1
raw_1NN,4088,1,1
raw_1NN,4089,1,1
raw_1NN,4090,1,1
raw_1NN,4091,1,1
raw_1NN,4092,-1,-1
raw_1NN,4093,1,1
raw_1NN,4094,1,1
raw_1NN,4095,1,1
raw_1NN,4096,1,1
raw_1NN,4097,1,1
raw_1NN,4098,1,1
raw_1NN,4099,1,1
raw_1NN,4100,1,1
raw_1NN,4101,1,1
raw_1NN,4102,-1,-1
raw_1NN,4103,1,1
raw_1NN,4104,1,1
raw_1NN,4105,-1,-1
raw_1NN,4106,1,1
raw_1NN,4107,1,1
raw_1NN,4108,1,1
raw_1NN,4109,1,1
raw_1NN,4110,1,1
raw_1NN,4111,1,1
raw_1NN,4112,1,1
raw_1NN,4113,1,1
raw_1NN,4114,1,1
raw_1NN,4115,1,1
raw_1NN,4116,1,1
raw_1NN,4117,1,1
raw_1NN,4118,1,1
raw_1NN,4119,1,1
raw_1NN,4120,1,1
raw_1NN,4121,1,1
raw_1NN,4122,1,1
raw_1NN,4123,1,1
raw_1NN,4124,1,1
raw_1NN,4125,1,1
raw_1NN,4126,1,1
raw_1NN,4127,1,1
raw_1NN,4128,1,1
raw_1NN,4129,1,1
raw_1NN,4130,1,1
raw_1NN,4131,1,1
raw_1NN,4132,1,1
raw_1NN,4133,1,1
raw_1NN,4134,-1,-1
raw_1NN,4135,1,1
raw_1NN,4136,-1,-1
raw_1NN,4137,1,1
raw_1NN,4138,1,1
raw_1NN,4139,1,1
raw_1NN,4140,1,1
raw_1NN,4141,1,1
raw_1NN,4142,1,1
raw_1NN,4143,1,1
raw_1NN,4144,1,1
raw_1NN,4145,1,1
raw_1NN,4146,1,1
raw_1NN,4147,1,1
raw_1NN,4148,1,1
raw_1NN,4149,1,1
raw_1NN,4150,1,1
raw_1NN,4151,1,1
raw_1NN,4152,1,1
raw_1NN,4153,-1,-1
raw_1NN,4154,1,1
raw_1NN,4155,1,1
raw_1NN,4156,1,1
raw_1NN,4157,1,1
raw_1NN,4158,1,1
raw_1NN,4159,1,1
raw_1NN,4160,1,1
raw_1NN,4161,1,1
raw_1NN,4162,1,1
raw_1NN,4163,1,1
raw_1NN,4164,1,1
raw_1NN,4165,-1,-1
raw_1NN,4166,1,1
raw_1NN,4167,1,1
raw_1NN,4168,1,1
raw_1NN,4169,1,1
raw_1NN,4170,-1,-1
raw_1NN,4171,1,1
raw_1NN,4172,1,1
raw_1NN,4173,1,1
raw_1NN,4174,1,1
raw_1NN,4175,1,1
raw_1NN,4176,-1,-1
raw_1NN,4177,1,1
raw_1NN,4178,1,1
raw_1NN,4179,1,1
raw_1NN,4180,1,1
raw_1NN,4181,-1,-1
raw_1NN,4182,1,1
raw_1NN,4183,1,1
raw_1NN,4184,1,1
raw_1NN,4185,1,1
raw_1NN,4186,1,1
raw_1NN,4187,1,1
raw_1NN,4188,1,1
raw_1NN,4189,1,1
raw_1NN,4190,1,1
raw_1NN,4191,1,1
raw_1NN,4192,1,1
raw_1NN,4193,1,1
raw_1NN,4194,1,1
raw_1NN,4195,1,1
raw_1NN,4196,1,1
raw_1NN,4197,1,1
raw_1NN,4198,1,1
raw_1NN,4199,1,1
raw_1NN,4200,1,1
raw_1NN,4201,1,1
raw_1NN,4202,1,1
raw_1NN,4203,1,1
raw_1NN,4204,1,1
raw_1NN,4205,1,1
raw_1NN,4206,-1,-1
raw_1NN,4207,1,1
raw_1NN,4208,1,1
raw_1NN,4209,1,1
raw_1NN,4210,1,1
raw_1NN,4211,1,1
raw_1NN,4212,1,1
raw_1NN,4213,1,1
raw_1NN,4214,1,1
raw_1NN,4215,-1,-1
raw_1NN,4216,1,1
raw_1NN,4217,1,1
raw_1NN,4218,1,1
raw_1NN,4219,1,1
raw_1NN,4220,1,1
raw_1NN,4221,-1,-1
raw_1NN,4222,1,1
raw_1NN,4223,1,1
raw_1NN,4224,1,1
raw_1NN,4225,1,1
raw_1NN,4226,-1,-1
raw_1NN,4227,-1,-1
raw_1NN,4228,1,1
raw_1NN,4229,1,1
raw_1NN,4230,1,1
raw_1NN,4231,1,1
raw_1NN,4232,1,1
raw_1NN,4233,1,1
raw_1NN,4234,-1,-1
raw_1NN,4235,1,1
raw_1NN,4236,1,1
raw_1NN,4237,1,1
raw_1NN,4238,1,1
raw_1NN,4239,1,1
raw_1NN,4240,1,1
raw_1NN,4241,1,1
raw_1NN,4242,1,1
raw_1NN,4243,1,1
raw_1NN,4244,1,1
raw_1NN,4245,1,1
raw_1NN,4246,-1,-1
raw_1NN,4247,-1,-1
raw_1NN,4248,1,1
raw_1NN,4249,1,1
raw_1NN,4250,1,1
raw_1NN,4251,1,1
raw_1NN,4252,1,1
raw_1NN,4253,1,1
raw_1NN,4254,1,1
raw_1NN,4255,1,1
raw_1NN,4256,1,1
raw_1NN,4257,1,1
raw_1NN,4258,-1,-1
raw_1NN,4259,1,1
raw_1NN,4260,1,1
raw_1NN,4261,1,1
raw_1NN,4262,1,1
raw_1NN,4263,1,1
raw_1NN,4264,1,1
raw_1NN,4265,1,1
raw_1NN,4266,1,1
raw_1NN,4267,1,1
raw_1NN,4268,1,1
raw_1NN,4269,1,1
raw_1NN,4270,1,1
raw_1NN,4271,1,1
raw_1NN,4272,-1,-1
raw_1NN,4273,1,1
raw_1NN,4274,1,1
raw_1NN,4275,1,1
raw_1NN,4276,1,1
raw_1NN,4277,1,1
raw_1NN,4278,1,1
raw_1NN,4279,1,1
raw_1NN,4280,1,1
raw_1NN,4281,1,1
raw_1NN,4282,1,1
raw_1NN,4283,1,1
raw_1NN,4284,1,1
raw_1NN,4285,1,1
raw_1NN,4286,1,1
raw_1NN,4287,1,1
raw_1NN,4288,1,1
raw_1NN,4289,1,1
raw_1NN,4290,1,1
raw_1NN,4291,1,1
raw_1NN,4292,1,1
raw_1NN,4293,1,1
raw_1NN,4294,1,1
raw_1NN,4295,1,1
raw_1NN,4296,1,1
raw_1NN,4297,1,1
raw_1NN,4298,1,1
raw_1NN,4299,1,1
raw_1NN,4300,1,1
raw_1NN,4301,1,1
raw_1NN,4302,1,1
raw_1NN,4303,1,1
raw_1NN,4304,1,1
raw_1NN,4305,1,1
raw_1NN,4306,-1,-1
raw_1NN,4307,1,1
raw_1NN,4308,1,1
raw_1NN,4309,1,1
raw_1NN,4310,1,1
raw_1NN,4311,1,1
raw_1NN,4312,1,1
raw_1NN,4313,1,1
raw_1NN,4314,1,1
raw_1NN,4315,1,1
raw_1NN,4316,1,1
raw_1NN,4317,-1,-1
raw_1NN,4318,1,1
raw_1NN,4319,1,1
raw_1NN,4320,1,1
raw_1NN,4321,1,-1
raw_1NN,4322,1,1
raw_1NN,4323,1,1
raw_1NN,4324,1,1
raw_1NN,4325,1,1
raw_1NN,4326,1,1
raw_1NN,4327,1,1
raw_1NN,4328,1,1
raw_1NN,4329,1,1
raw_1NN,4330,1,1
raw_1NN,4331,1,1
raw_1NN,4332,1,1
raw_1NN,4333,1,1
raw_1NN,4334,1,1
raw_1NN,4335,1,1
raw_1NN,4336,1,1
raw_1NN,4337,1,1
raw_1NN,4338,1,1
raw_1NN,4339,1,1
raw_1NN,4340,1,1
raw_1NN,4341,1,1
raw_1NN,4342,1,1
raw_1NN,4343,1,1
raw_1NN,4344,1,1
raw_1NN,4345,-1,-1
raw_1NN,4346,1,1
raw_1NN,4347,1,1
raw_1NN,4348,1,1
raw_1NN,4349,1,1
raw_1NN,4350,1,1
raw_1NN,4351,1,1
raw_1NN,4352,1,1
raw_1NN,4353,1,1
raw_1NN,4354,1,1
raw_1NN,4355,1,1
raw_1NN,4356,1,1
raw_1NN,4357,1,1
raw_1NN,4358,1,1
raw_1NN,4359,1,1
raw_1NN,4360,1,1
raw_1NN,4361,1,1
raw_1NN,4362,1,1
raw_1NN,4363,1,1
raw_1NN,4364,1,1
raw_1NN,4365,-1,-1
raw_1NN,4366,-1,-1
raw_1NN,4367,1,1
raw_1NN,4368,1,1
raw_1NN,4369,1,1
raw_1NN,4370,1,1
raw_1NN,4371,1,1
raw_1NN,4372,1,1
raw_1NN,4373,-1,-1
raw_1NN,4374,1,1
raw_1NN,4375,1,1
raw_1NN,4376,-1,-1
raw_1NN,4377,1,1
raw_1NN,4378,1,1
raw_1NN,4379,1,1
raw_1NN,4380,1,1
raw_1NN,4381,1,1
raw_1NN,4382,-1,-1
raw_1NN,4383,1,1
raw_1NN,4384,1,1
raw_1NN,4385,1,1
raw_1NN,4386,1,1
raw_1NN,4387,1,1
raw_1NN,4388,1,1
raw_1NN,4389,1,1
raw_1NN,4390,1,1
raw_1NN,4391,1,1
raw_1NN,4392,1,1
raw_1NN,4393,1,1
raw_1NN,4394,1,1
raw_1NN,4395,1,1
raw_1NN,4396,1,1
raw_1NN,4397,1,1
raw_1NN,4398,1,1
raw_1NN,4399,1,1
raw_1NN,4400,1,1
raw_1NN,4401,1,1
raw_1NN,4402,1,1
raw_1NN,4403,1,1
raw_1NN,4404,1,1
raw_1NN,4405,1,1
raw_1NN,4406,1,1
raw_1NN,4407,1,1
raw_1NN,4408,-1,-1
raw_1NN,4409,1,1
raw_1NN,4410,1,1
raw_1NN,4411,1,1
raw_1NN,4412,1,1
raw_1NN,4413,1,1
raw_1NN,4414,1,1
raw_1NN,4415,-1,-1
raw_1NN,4416,1,1
raw_1NN,4417,1,1
raw_1NN,4418,1,1
raw_1NN,4419,1,1
raw_1NN,4420,1,1
raw_1NN,4421,1,1
raw_1NN,4422,-1,-1
raw_1NN,4423,1,1
raw_1NN,4424,1,1
raw_1NN,4425,1,1
raw_1NN,4426,1,1
raw_1NN,4427,1,1
raw_1NN,4428,1,1
raw_1NN,4429,1,1
raw_1NN,4430,1,1
raw_1NN,4431,1,1
raw_1NN,4432,1,1
raw_1NN,4433,1,1
raw_1NN,4434,1,1
raw_1NN,4435,1,1
raw_1NN,4436,-1,-1
raw_1NN,4437,1,1
raw_1NN,4438,1,1
raw_1NN,4439,-1,-1
raw_1NN,4440,1,1
raw_1NN,4441,1,1
raw_1NN,4442,1,1
raw_1NN,4443,1,1
raw_1NN,4444,1,1
raw_1NN,4445,1,1
raw_1NN,4446,1,1
raw_1NN,4447,-1,-1
raw_1NN,4448,1,1
raw_1NN,4449,1,1
raw_1NN,4450,1,1
raw_1NN,4451,1,1
raw_1NN,4452,1,1
raw_1NN,4453,1,1
raw_1NN,4454,1,1
raw_1NN,4455,1,1
raw_1NN,4456,1,1
raw_1NN,4457,1,1
raw_1NN,4458,1,1
raw_1NN,4459,1,1
raw_1NN,4460,1,1
raw_1NN,4461,1,1
raw_1NN,4462,1,1
raw_1NN,4463,1,1
raw_1NN,4464,1,1
raw_1NN,4465,1,1
raw_1NN,4466,1,1
raw_1NN,4467,1,1
raw_1NN,4468,1,1
raw_1NN,4469,1,1
raw_1NN,4470,1,1
raw_1NN,4471,1,1
raw_1NN,4472,1,1
raw_1NN,4473,1,1
raw_1NN,4474,1,1
raw_1NN,4475,1,1
raw_1NN,4476,1,1
raw_1NN,4477,1,1
raw_1NN,4478,1,1
raw_1NN,4479,1,1
raw_1NN,4480,1,1
raw_1NN,4481,1,1
raw_1NN,4482,1,1
raw_1NN,4483,1,1
raw_1NN,4484,-1,-1
raw_1NN,4485,1,1
raw_1NN,4486,1,1
raw_1NN,4487,-1,-1
raw_1NN,4488,1,1
raw_1NN,4489,1,1
raw_1NN,4490,1,1
raw_1NN,4491,1,1
raw_1NN,4492,-1,-1
raw_1NN,4493,1,1
raw_1NN,4494,1,1
raw_1NN,4495,1,1
raw_1NN,4496,1,1
raw_1NN,4497,1,1
raw_1NN,4498,1,1
raw_1NN,4499,1,1
raw_1NN,4500,1,1
raw_1NN,4501,1,1
raw_1NN,4502,1,1
raw_1NN,4503,-1,-1
raw_1NN,4504,1,1
raw_1NN,4505,1,1
raw_1NN,4506,1,1
raw_1NN,4507,-1,-1
raw_1NN,4508,1,1
raw_1NN,4509,1,1
raw_1NN,4510,-1,-1
raw_1NN,4511,1,1
raw_1NN,4512,1,1
raw_1NN,4513,1,1
raw_1NN,4514,-1,-1
raw_1NN,4515,1,1
raw_1NN,4516,1,1
raw_1NN,4517,1,1
raw_1NN,4518,1,1
raw_1NN,4519,1,1
raw_1NN,4520,1,1
raw_1NN,4521,1,1
raw_1NN,4522,1,1
raw_1NN,4523,-1,-1
raw_1NN,4524,1,1
raw_1NN,4525,1,1
raw_1NN,4526,1,1
raw_1NN,4527,1,1
raw_1NN,4528,-1,-1
raw_1NN,4529,1,1
raw_1NN,4530,1,1
raw_1NN,4531,1,1
raw_1NN,4532,1,1
raw_1NN,4533,1,1
raw_1NN,4534,1,1
raw_1NN,4535,1,1
raw_1NN,4536,1,1
raw_1NN,4537,1,1
raw_1NN,4538,1,1
raw_1NN,4539,1,1
raw_1NN,4540,1,1
raw_1NN,4541,1,1
raw_1NN,4542,1,1
raw_1NN,4543,1,1
raw_1NN,4544,1,1
raw_1NN,4545,1,1
raw_1NN,4546,1,1
raw_1NN,4547,1,1
raw_1NN,4548,1,1
raw_1NN,4549,1,1
raw_1NN,4550,-1,-1
raw_1NN,4551,1,1
raw_1NN,4552,1,1
raw_1NN,4553,1,1
raw_1NN,4554,1,1
raw_1NN,4555,1,1
raw_1NN,4556,1,1
raw_1NN,4557,1,1
raw_1NN,4558,1,1
raw_1NN,4559,1,1
raw_1NN,4560,1,1
raw_1NN,4561,1,1
raw_1NN,4562,1,1
raw_1NN,4563,1,1
raw_1NN,4564,1,1
raw_1NN,4565,1,1
raw_1NN,4566,1,1
raw_1NN,4567,1,1
raw_1NN,4568,1,1
raw_1NN,4569,1,1
raw_1NN,4570,1,1
raw_1NN,4571,1,1
raw_1NN,4572,1,1
raw_1NN,4573,1,1
raw_1NN,4574,1,1
raw_1NN,4575,1,1
raw_1NN,4576,1,1
raw_1NN,4577,1,1
raw_1NN,4578,1,1
raw_1NN,4579,1,1
raw_1NN,4580,1,1
raw_1NN,4581,-1,-1
raw_1NN,4582,1,1
raw_1NN,4583,1,1
raw_1NN,4584,1,1
raw_1NN,4585,1,1
raw_1NN,4586,1,1
raw_1NN,4587,1,1
raw_1NN,4588,-1,-1
raw_1NN,4589,1,1
raw_1NN,4590,1,1
raw_1NN,4591,1,1
raw_1NN,4592,1,1
raw_1NN,4593,1,1
raw_1NN,4594,1,1
raw_1NN,4595,1,1
raw_1NN,4596,1,1
raw_1NN,4597,1,1
raw_1NN,4598,1,1
raw_1NN,4599,1,1
raw_1NN,4600,1,1
raw_1NN,4601,1,1
raw_1NN,4602,1,1
raw_1NN,4603,1,1
raw_1NN,4604,1,1
raw_1NN,4605,1,1
raw_1NN,4606,1,1
raw_1NN,4607,1,1
raw_1NN,4608,1,1
raw_1NN,4609,1,1
raw_1NN,4610,1,1
raw_1NN,4611,1,1
raw_1NN,4612,1,1
raw_1NN,4613,1,1
raw_1NN,4614,1,1
raw_1NN,4615,1,1
raw_1NN,4616,-1,-1
raw_1NN,4617,1,1
raw_1NN,4618,1,1
raw_1NN,4619,1,1
raw_1NN,4620,-1,-1
raw_1NN,4621,1,1
raw_1NN,4622,1,1
raw_1NN,4623,1,1
raw_1NN,4624,1,1
raw_1NN,4625,1,1
raw_1NN,4626,1,1
raw_1NN,4627,1,1
raw_1NN,4628,1,1
raw_1NN,4629,1,1
raw_1NN,4630,1,1
raw_1NN,4631,1,1
raw_1NN,4632,1,1
raw_1NN,4633,1,1
raw_1NN,4634,1,1
raw_1NN,4635,1,1
raw_1NN,4636,1,1
raw_1NN,4637,1,1
raw_1NN,4638,1,1
raw_1NN,4639,1,1
raw_1NN,4640,-1,-1
raw_1NN,4641,1,1
raw_1NN,4642,1,1
raw_1NN,4643,1,1
raw_1NN,4644,1,1
raw_1NN,4645,1,1
raw_1NN,4646,1,1
raw_1NN,4647,1,1
raw_1NN,4648,-1,-1
raw_1NN,4649,1,1
raw_1NN,4650,1,1
raw_1NN,4651,1,1
raw_1NN,4652,1,1
raw_1NN,4653,1,1
raw_1NN,4654,1,1
raw_1NN,4655,1,1
raw_1NN,4656,1,1
raw_1NN,4657,1,1
raw_1NN,4658,-1,-1
raw_1NN,4659,1,1
raw_1NN,4660,1,1
raw_1NN,4661,1,1
raw_1NN,4662,1,1
raw_1NN,4663,1,1
raw_1NN,4664,1,1
raw_1NN,4665,-1,-1
raw_1NN,4666,1,1
raw_1NN,4667,1,1
raw_1NN,4668,1,1
raw_1NN,4669,-1,-1
raw_1NN,4670,1,1
raw_1NN,4671,1,1
raw_1NN,4672,-1,-1
raw_1NN,4673,1,1
raw_1NN,4674,1,1
raw_1NN,4675,1,1
raw_1NN,4676,-1,-1
raw_1NN,4677,1,1
raw_1NN,4678,1,1
raw_1NN,4679,1,1
raw_1NN,4680,1,1
raw_1NN,4681,1,1
raw_1NN,4682,1,1
raw_1NN,4683,-1,-1
raw_1NN,4684,1,1
raw_1NN,4685,1,1
raw_1NN,4686,1,1
raw_1NN,4687,-1,-1
raw_1NN,4688,1,1
raw_1NN,4689,1,1
raw_1NN,4690,-1,-1
raw_1NN,4691,1,1
raw_1NN,4692,1,1
raw_1NN,4693,1,1
raw_1NN,4694,1,1
raw_1NN,4695,1,1
raw_1NN,4696,1,1
raw_1NN,4697,1,1
raw_1NN,4698,1,1
raw_1NN,4699,1,1
raw_1NN,4700,1,1
raw_1NN,4701,1,1
raw_1NN,4702,1,1
raw_1NN,4703,1,1
raw_1NN,4704,1,1
raw_1NN,4705,1,1
raw_1NN,4706,1,1
raw_1NN,4707,1,1
raw_1NN,4708,1,1
raw_1NN,4709,1,1
raw_1NN,4710,1,1
raw_1NN,4711,1,1
raw_1NN,4712,1,1
raw_1NN,4713,1,1
raw_1NN,4714,1,1
raw_1NN,4715,1,1
raw_1NN,4716,1,1
raw_1NN,4717,1,1
raw_1NN,4718,1,1
raw_1NN,4719,1,1
raw_1NN,4720,1,1
raw_1NN,4721,1,1
raw_1NN,4722,1,1
raw_1NN,4723,1,1
raw_1NN,4724,1,1
raw_1NN,4725,1,1
raw_1NN,4726,1,1
raw_1NN,4727,1,1
raw_1NN,4728,1,1
raw_1NN,4729,1,1
raw_1NN,4730,1,1
raw_1NN,4731,1,1
raw_1NN,4732,1,1
raw_1NN,4733,1,1
raw_1NN,4734,1,1
raw_1NN,4735,1,1
raw_1NN,4736,1,1
raw_1NN,4737,1,1
raw_1NN,4738,1,1
raw_1NN,4739,1,1
raw_1NN,4740,1,1
raw_1NN,4741,-1,-1
raw_1NN,4742,1,1
raw_1NN,4743,1,1
raw_1NN,4744,1,1
raw_1NN,4745,1,1
raw_1NN,4746,-1,-1
raw_1NN,4747,-1,-1
raw_1NN,4748,1,1
raw_1NN,4749,1,1
raw_1NN,4750,-1,-1
raw_1NN,4751,1,1
raw_1NN,4752,1,1
raw_1NN,4753,-1,-1
raw_1NN,4754,1,1
raw_1NN,4755,1,1
raw_1NN,4756,1,1
raw_1NN,4757,-1,-1
raw_1NN,4758,1,1
raw_1NN,4759,1,1
raw_1NN,4760,1,1
raw_1NN,4761,1,1
raw_1NN,4762,1,1
raw_1NN,4763,1,1
raw_1NN,4764,1,1
raw_1NN,4765,-1,-1
raw_1NN,4766,1,1
raw_1NN,4767,1,1
raw_1NN,4768,1,1
raw_1NN,4769,1,1
raw_1NN,4770,1,1
raw_1NN,4771,1,1
raw_1NN,4772,1,1
raw_1NN,4773,1,1
raw_1NN,4774,1,1
raw_1NN,4775,1,1
raw_1NN,4776,1,1
raw_1NN,4777,1,1
raw_1NN,4778,1,1
raw_1NN,4779,1,1
raw_1NN,4780,1,1
raw_1NN,4781,1,1
raw_1NN,4782,1,1
raw_1NN,4783,1,1
raw_1NN,4784,1,1
raw_1NN,4785,1,1
raw_1NN,4786,1,1
raw_1NN,4787,1,1
raw_1NN,4788,1,1
raw_1NN,4789,1,1
raw_1NN,4790,1,1
raw_1NN,4791,1,1
raw_1NN,4792,1,1
raw_1NN,4793,1,1
raw_1NN,4794,1,1
raw_1NN,4795,1,1
raw_1NN,4796,1,1
raw_1NN,4797,1,1
raw_1NN,4798,1,1
raw_1NN,4799,1,1
raw_1NN,4800,-1,-1
raw_1NN,4801,-1,-1
raw_1NN,4802,1,1
raw_1NN,4803,1,1
raw_1NN,4804,1,1
raw_1NN,4805,1,1
raw_1NN,4806,1,1
raw_1NN,4807,1,1
raw_1NN,4808,-1,-1
raw_1NN,4809,1,1
raw_1NN,4810,1,1
raw_1NN,4811,1,1
raw_1NN,4812,1,1
raw_1NN,4813,1,1
raw_1NN,4814,1,1
raw_1NN,4815,1,-1
raw_1NN,4816,1,-1
raw_1NN,4817,1,1
raw_1NN,4818,1,1
raw_1NN,4819,1,1
raw_1NN,4820,1,1
raw_1NN,4821,1,1
raw_1NN,4822,1,1
raw_1NN,4823,-1,-1
raw_1NN,4824,1,1
raw_1NN,4825,1,1
raw_1NN,4826,1,1
raw_1NN,4827,1,1
raw_1NN,4828,1,1
raw_1NN,4829,1,1
raw_1NN,4830,1,1
raw_1NN,4831,1,1
raw_1NN,4832,1,1
raw_1NN,4833,1,1
raw_1NN,4834,1,1
raw_1NN,4835,1,1
raw_1NN,4836,1,1
raw_1NN,4837,-1,-1
raw_1NN,4838,1,1
raw_1NN,4839,1,1
raw_1NN,4840,1,1
raw_1NN,4841,-1,-1
raw_1NN,4842,1,1
raw_1NN,4843,1,1
raw_1NN,4844,1,1
raw_1NN,4845,1,1
raw_1NN,4846,1,1
raw_1NN,4847,-1,-1
raw_1NN,4848,1,1
raw_1NN,4849,1,1
raw_1NN,4850,1,1
raw_1NN,4851,1,1
raw_1NN,4852,1,1
raw_1NN,4853,1,1
raw_1NN,4854,1,1
raw_1NN,4855,1,1
raw_1NN,4856,1,1
raw_1NN,4857,1,1
raw_1NN,4858,1,1
raw_1NN,4859,1,1
raw_1NN,4860,1,1
raw_1NN,4861,-1,-1
raw_1NN,4862,1,1
raw_1NN,4863,1,1
raw_1NN,4864,1,1
raw_1NN,4865,1,1
raw_1NN,4866,-1,-1
raw_1NN,4867,1,1
raw_1NN,4868,1,1
raw_1NN,4869,1,1
raw_1NN,4870,1,1
raw_1NN,4871,1,1
raw_1NN,4872,1,1
raw_1NN,4873,1,1
raw_1NN,4874,1,1
raw_1NN,4875,1,1
raw_1NN,4876,1,1
raw_1NN,4877,-1,-1
raw_1NN,4878,1,1
raw_1NN,4879,1,1
raw_1NN,4880,1,1
raw_1NN,4881,1,1
raw_1NN,4882,1,1
raw_1NN,4883,1,1
raw_1NN,4884,1,1
raw_1NN,4885,1,1
raw_1NN,4886,1,1
raw_1NN,4887,1,1
raw_1NN,4888,-1,-1
raw_1NN,4889,1,1
raw_1NN,4890,1,1
raw_1NN,4891,1,1
raw_1NN,4892,-1,-1
raw_1NN,4893,1,1
raw_1NN,4894,1,1
raw_1NN,4895,1,1
raw_1NN,4896,-1,-1
raw_1NN,4897,1,1
raw_1NN,4898,1,1
raw_1NN,4899,1,1
raw_1NN,4900,-1,-1
raw_1NN,4901,-1,-1
raw_1NN,4902,1,1
raw_1NN,4903,1,1
raw_1NN,4904,1,1
raw_1NN,4905,1,1
raw_1NN,4906,-1,-1
raw_1NN,4907,1,1
raw_1NN,4908,1,1
raw_1NN,4909,1,1
raw_1NN,4910,1,1
raw_1NN,4911,1,1
raw_1NN,4912,-1,-1
raw_1NN,4913,1,1
raw_1NN,4914,1,1
raw_1NN,4915,1,1
raw_1NN,4916,1,1
raw_1NN,4917,1,1
raw_1NN,4918,1,1
raw_1NN,4919,1,1
raw_1NN,4920,1,1
raw_1NN,4921,1,1
raw_1NN,4922,1,1
raw_1NN,4923,1,1
raw_1NN,4924,1,1
raw_1NN,4925,1,1
raw_1NN,4926,1,1
raw_1NN,4927,1,1
raw_1NN,4928,1,1
raw_1NN,4929,1,1
raw_1NN,4930,1,1
raw_1NN,4931,1,1
raw_1NN,4932,1,1
raw_1NN,4933,1,1
raw_1NN,4934,1,1
raw_1NN,4935,-1,-1
raw_1NN,4936,1,1
raw_1NN,4937,1,1
raw_1NN,4938,1,1
raw_1NN,4939,1,1
raw_1NN,4940,1,1
raw_1NN,4941,1,1
raw_1NN,4942,1,1
raw_1NN,4943,-1,-1
raw_1NN,4944,1,1
raw_1NN,4945,1,1
raw_1NN,4946,1,1
raw_1NN,4947,1,1
raw_1NN,4948,-1,-1
raw_1NN,4949,1,1
raw_1NN,4950,1,1
raw_1NN,4951,1,1
raw_1NN,4952,1,1
raw_1NN,4953,1,1
raw_1NN,4954,1,1
raw_1NN,4955,1,1
raw_1NN,4956,1,1
raw_1NN,4957,1,1
raw_1NN,4958,1,1
raw_1NN,4959,1,1
raw_1NN,4960,1,1
raw_1NN,4961,1,1
raw_1NN,4962,1,1
raw_1NN,4963,1,1
raw_1NN,4964,1,1
raw_1NN,4965,1,1
raw_1NN,4966,-1,1
raw_1NN,4967,1,1
raw_1NN,4968,1,1
raw_1NN,4969,1,1
raw_1NN,4970,1,1
raw_1NN,4971,1,1
raw_1NN,4972,1,1
raw_1NN,4973,1,1
raw_1NN,4974,1,1
raw_1NN,4975,-1,-1
raw_1NN,4976,-1,-1
raw_1NN,4977,1,1
raw_1NN,4978,1,1
raw_1NN,4979,1,1
raw_1NN,4980,1,1
raw_1NN,4981,1,1
raw_1NN,4982,1,1
raw_1NN,4983,1,1
raw_1NN,4984,1,1
raw_1NN,4985,1,1
raw_1NN,4986,1,1
raw_1NN,4987,1,1
raw_1NN,4988,1,1
raw_1NN,4989,-1,-1
raw_1NN,4990,1,1
raw_1NN,4991,1,1
raw_1NN,4992,1,1
raw_1NN,4993,1,1
raw_1NN,4994,1,1
raw_1NN,4995,1,1
raw_1NN,4996,1,1
raw_1NN,4997,1,1
raw_1NN,4998,1,1
raw_1NN,4999,-1,-1
raw_1NN,5000,1,1
raw_1NN,5001,1,1
raw_1NN,5002,1,1
raw_1NN,5003,-1,-1
raw_1NN,5004,1,1
raw_1NN,5005,1,1
raw_1NN,5006,-1,-1
raw_1NN,5007,1,1
raw_1NN,5008,-1,-1
raw_1NN,5009,1,1
raw_1NN,5010,1,1
raw_1NN,5011,1,1
raw_1NN,5012,-1,-1
raw_1NN,5013,1,1
raw_1NN,5014,-1,1
raw_1NN,5015,1,1
raw_1NN,5016,1,1
raw_1NN,5017,1,1
raw_1NN,5018,1,1
raw_1NN,5019,1,1
raw_1NN,5020,1,1
raw_1NN,5021,1,1
raw_1NN,5022,1,1
raw_1NN,5023,1,1
raw_1NN,5024,1,1
raw_1NN,5025,1,1
raw_1NN,5026,1,1
raw_1NN,5027,1,1
raw_1NN,5028,1,1
raw_1NN,5029,1,1
raw_1NN,5030,1,1
raw_1NN,5031,1,1
raw_1NN,5032,1,1
raw_1NN,5033,1,1
raw_1NN,5034,1,1
raw_1NN,5035,1,1
raw_1NN,5036,1,1
raw_1NN,5037,1,1
raw_1NN,5038,1,1
raw_1NN,5039,1,1
raw_1NN,5040,1,1
raw_1NN,5041,1,1
raw_1NN,5042,1,1
raw_1NN,5043,-1,-1
raw_1NN,5044,1,1
raw_1NN,5045,1,1
raw_1NN,5046,1,1
raw_1NN,5047,1,1
raw_1NN,5048,1,1
raw_1NN,5049,1,1
raw_1NN,5050,1,1
raw_1NN,5051,-1,-1
raw_1NN,5052,1,1
raw_1NN,5053,1,1
raw_1NN,5054,1,1
raw_1NN,5055,1,1
raw_1NN,5056,1,1
raw_1NN,5057,1,1
raw_1NN,5058,1,1
raw_1NN,5059,1,1
raw_1NN,5060,1,1
raw_1NN,5061,1,1
raw_1NN,5062,-1,-1
raw_1NN,5063,1,1
raw_1NN,5064,1,1
raw_1NN,5065,1,1
raw_1NN,5066,1,1
raw_1NN,5067,1,1
raw_1NN,5068,1,1
raw_1NN,5069,1,1
raw_1NN,5070,1,1
raw_1NN,5071,1,1
raw_1NN,5072,1,1
raw_1NN,5073,-1,-1
raw_1NN,5074,1,1
raw_1NN,5075,1,1
raw_1NN,5076,1,1
raw_1NN,5077,1,1
raw_1NN,5078,1,1
raw_1NN,5079,1,1
raw_1NN,5080,1,1
raw_1NN,5081,1,1
raw_1NN,5082,1,1
raw_1NN,5083,1,1
raw_1NN,5084,1,1
raw_1NN,5085,1,1
raw_1NN,5086,1,1
raw_1NN,5087,1,1
raw_1NN,5088,1,1
raw_1NN,5089,1,1
raw_1NN,5090,-1,-1
raw_1NN,5091,1,1
raw_1NN,5092,1,1
raw_1NN,5093,-1,-1
raw_1NN,5094,1,1
raw_1NN,5095,1,1
raw_1NN,5096,1,1
raw_1NN,5097,1,1
raw_1NN,5098,1,1
raw_1NN,5099,-1,-1
raw_1NN,5100,1,1
raw_1NN,5101,1,1
raw_1NN,5102,1,1
raw_1NN,5103,-1,-1
raw_1NN,5104,1,1
raw_1NN,5105,1,1
raw_1NN,5106,-1,-1
raw_1NN,5107,1,1
raw_1NN,5108,1,1
raw_1NN,5109,1,1
raw_1NN,5110,1,1
raw_1NN,5111,1,1
raw_1NN,5112,1,1
raw_1NN,5113,1,1
raw_1NN,5114,1,1
raw_1NN,5115,1,1
raw_1NN,5116,1,1
raw_1NN,5117,1,1
raw_1NN,5118,1,1
raw_1NN,5119,-1,-1
raw_1NN,5120,1,1
raw_1NN,5121,1,1
raw_1NN,5122,1,1
raw_1NN,5123,1,1
raw_1NN,5124,1,1
raw_1NN,5125,1,1
raw_1NN,5126,1,1
raw_1NN,5127,1,1
raw_1NN,5128,1,1
raw_1NN,5129,1,1
raw_1NN,5130,1,1
raw_1NN,5131,1,1
raw_1NN,5132,-1,-1
raw_1NN,5133,1,1
raw_1NN,5134,1,1
raw_1NN,5135,1,1
raw_1NN,5136,1,1
raw_1NN,5137,1,1
raw_1NN,5138,1,1
raw_1NN,5139,1,1
raw_1NN,5140,1,1
raw_1NN,5141,1,1
raw_1NN,5142,1,1
raw_1NN,5143,1,1
raw_1NN,5144,1,1
raw_1NN,5145,-1,-1
raw_1NN,5146,1,1
raw_1NN,5147,1,1
raw_1NN,5148,1,1
raw_1NN,5149,1,1
raw_1NN,5150,1,1
raw_1NN,5151,1,1
raw_1NN,5152,1,1
raw_1NN,5153,1,1
raw_1NN,5154,1,1
raw_1NN,5155,1,1
raw_1NN,5156,1,1
raw_1NN,5157,1,1
raw_1NN,5158,1,1
raw_1NN,5159,1,1
raw_1NN,5160,1,1
raw_1NN,5161,-1,-1
raw_1NN,5162,1,1
raw_1NN,5163,1,1
raw_1NN,5164,1,1
raw_1NN,5165,1,1
raw_1NN,5166,1,1
raw_1NN,5167,1,1
raw_1NN,5168,1,1
raw_1NN,5169,-1,-1
raw_1NN,5170,1,1
raw_1NN,5171,1,1
raw_1NN,5172,1,1
raw_1NN,5173,1,1
raw_1NN,5174,1,1
raw_1NN,5175,1,1
raw_1NN,5176,1,1
raw_1NN,5177,1,1
raw_1NN,5178,1,1
raw_1NN,5179,1,1
raw_1NN,5180,1,1
raw_1NN,5181,-1,-1
raw_1NN,5182,1,1
raw_1NN,5183,-1,-1
raw_1NN,5184,1,1
raw_1NN,5185,-1,-1
raw_1NN,5186,1,1
raw_1NN,5187,1,1
raw_1NN,5188,1,1
raw_1NN,5189,1,1
raw_1NN,5190,1,1
raw_1NN,5191,1,1
raw_1NN,5192,1,1
raw_1NN,5193,-1,-1
raw_1NN,5194,1,1
raw_1NN,5195,1,1
raw_1NN,5196,1,1
raw_1NN,5197,1,1
raw_1NN,5198,1,1
raw_1NN,5199,1,1
raw_1NN,5200,-1,-1
raw_1NN,5201,1,1
raw_1NN,5202,1,1
raw_1NN,5203,1,1
raw_1NN,5204,1,1
raw_1NN,5205,1,1
raw_1NN,5206,1,1
raw_1NN,5207,1,1
raw_1NN,5208,1,1
raw_1NN,5209,1,1
raw_1NN,5210,1,1
raw_1NN,5211,1,1
raw_1NN,5212,1,1
raw_1NN,5213,-1,-1
raw_1NN,5214,-1,-1
raw_1NN,5215,1,1
raw_1NN,5216,-1,-1
raw_1NN,5217,1,1
raw_1NN,5218,1,1
raw_1NN,5219,-1,-1
raw_1NN,5220,1,1
raw_1NN,5221,1,1
raw_1NN,5222,1,1
raw_1NN,5223,1,1
raw_1NN,5224,1,1
raw_1NN,5225,1,1
raw_1NN,5226,1,1
raw_1NN,5227,1,1
raw_1NN,5228,1,1
raw_1NN,5229,1,1
raw_1NN,5230,1,1
raw_1NN,5231,1,1
raw_1NN,5232,-1,-1
raw_1NN,5233,1,1
raw_1NN,5234,1,1
raw_1NN,5235,-1,-1
raw_1NN,5236,1,1
raw_1NN,5237,1,1
raw_1NN,5238,1,1
raw_1NN,5239,1,1
raw_1NN,5240,1,1
raw_1NN,5241,1,1
raw_1NN,5242,1,1
raw_1NN,5243,1,1
raw_1NN,5244,-1,-1
raw_1NN,5245,1,1
raw_1NN,5246,1,1
raw_1NN,5247,1,1
raw_1NN,5248,-1,-1
raw_1NN,5249,1,1
raw_1NN,5250,1,1
raw_1NN,5251,1,1
raw_1NN,5252,1,1
raw_1NN,5253,-1,-1
raw_1NN,5254,1,1
raw_1NN,5255,1,1
raw_1NN,5256,1,1
raw_1NN,5257,1,1
raw_1NN,5258,1,1
raw_1NN,5259,-1,-1
raw_1NN,5260,1,1
raw_1NN,5261,1,1
raw_1NN,5262,1,1
raw_1NN,5263,1,1
raw_1NN,5264,1,1
raw_1NN,5265,1,1
raw_1NN,5266,1,1
raw_1NN,5267,1,1
raw_1NN,5268,1,1
raw_1NN,5269,1,1
raw_1NN,5270,1,1
raw_1NN,5271,1,1
raw_1NN,5272,1,1
raw_1NN,5273,1,1
raw_1NN,5274,1,1
raw_1NN,5275,1,1
raw_1NN,5276,1,1
raw_1NN,5277,1,1
raw_1NN,5278,1,1
raw_1NN,5279,-1,-1
raw_1NN,5280,1,1
raw_1NN,5281,1,1
raw_1NN,5282,1,1
raw_1NN,5283,1,1
raw_1NN,5284,-1,-1
raw_1NN,5285,1,1
raw_1NN,5286,1,1
raw_1NN,5287,1,1
raw_1NN,5288,1,1
raw_1NN,5289,1,1
raw_1NN,5290,1,1
raw_1NN,5291,1,1
raw_1NN,5292,1,1
raw_1NN,5293,1,1
raw_1NN,5294,1,1
raw_1NN,5295,1,1
raw_1NN,5296,1,1
raw_1NN,5297,1,1
raw_1NN,5298,1,1
raw_1NN,5299,-1,-1
raw_1NN,5300,1,1
raw_1NN,5301,1,1
raw_1NN,5302,1,1
raw_1NN,5303,1,1
raw_1NN,5304,1,1
raw_1NN,5305,1,1
raw_1NN,5306,1,1
raw_1NN,5307,1,1
raw_1NN,5308,1,1
raw_1NN,5309,1,1
raw_1NN,5310,1,1
raw_1NN,5311,1,1
raw_1NN,5312,1,1
raw_1NN,5313,1,1
raw_1NN,5314,1,1
raw_1NN,5315,1,1
raw_1NN,5316,1,1
raw_1NN,5317,1,1
raw_1NN,5318,1,1
raw_1NN,5319,1,1
raw_1NN,5320,1,1
raw_1NN,5321,1,1
raw_1NN,5322,1,1
raw_1NN,5323,1,1
raw_1NN,5324,1,-1
raw_1NN,5325,1,1
raw_1NN,5326,1,1
raw_1NN,5327,1,1
raw_1NN,5328,1,1
raw_1NN,5329,1,1
raw_1NN,5330,1,1
raw_1NN,5331,1,1
raw_1NN,5332,1,1
raw_1NN,5333,1,1
raw_1NN,5334,1,1
raw_1NN,5335,1,1
raw_1NN,5336,1,1
raw_1NN,5337,1,1
raw_1NN,5338,1,1
raw_1NN,5339,-1,-1
raw_1NN,5340,1,1
raw_1NN,5341,1,1
raw_1NN,5342,1,1
raw_1NN,5343,-1,-1
raw_1NN,5344,1,1
raw_1NN,5345,1,1
raw_1NN,5346,1,1
raw_1NN,5347,1,1
raw_1NN,5348,-1,-1
raw_1NN,5349,1,1
raw_1NN,5350,1,1
raw_1NN,5351,1,1
raw_1NN,5352,1,1
raw_1NN,5353,1,1
raw_1NN,5354,1,1
raw_1NN,5355,1,1
raw_1NN,5356,-1,-1
raw_1NN,5357,-1,-1
raw_1NN,5358,-1,-1
raw_1NN,5359,1,1
raw_1NN,5360,1,1
raw_1NN,5361,1,1
raw_1NN,5362,1,1
raw_1NN,5363,1,1
raw_1NN,5364,1,1
raw_1NN,5365,1,1
raw_1NN,5366,1,1
raw_1NN,5367,1,1
raw_1NN,5368,1,1
raw_1NN,5369,1,1
raw_1NN,5370,1,1
raw_1NN,5371,1,1
raw_1NN,5372,-1,-1
raw_1NN,5373,1,1
raw_1NN,5374,1,1
raw_1NN,5375,1,1
raw_1NN,5376,1,1
raw_1NN,5377,-1,-1
raw_1NN,5378,-1,-1
raw_1NN,5379,1,1
raw_1NN,5380,1,1
raw_1NN,5381,1,1
raw_1NN,5382,1,1
raw_1NN,5383,-1,-1
raw_1NN,5384,1,1
raw_1NN,5385,1,1
raw_1NN,5386,1,1
raw_1NN,5387,-1,-1
raw_1NN,5388,1,1
raw_1NN,5389,1,1
raw_1NN,5390,1,1
raw_1NN,5391,1,1
raw_1NN,5392,1,1
raw_1NN,5393,1,1
raw_1NN,5394,1,1
raw_1NN,5395,1,1
raw_1NN,5396,1,1
raw_1NN,5397,1,1
raw_1NN,5398,1,1
raw_1NN,5399,1,1
raw_1NN,5400,-1,-1
raw_1NN,5401,1,1
raw_1NN,5402,1,1
raw_1NN,5403,1,1
raw_1NN,5404,1,1
raw_1NN,5405,1,1
raw_1NN,5406,1,1
raw_1NN,5407,1,1
raw_1NN,5408,1,1
raw_1NN,5409,1,1
raw_1NN,5410,-1,-1
raw_1NN,5411,1,1
raw_1NN,5412,1,1
raw_1NN,5413,1,1
raw_1NN,5414,1,1
raw_1NN,5415,1,1
raw_1NN,5416,1,1
raw_1NN,5417,1,1
raw_1NN,5418,1,1
raw_1NN,5419,1,1
raw_1NN,5420,1,1
raw_1NN,5421,1,1
raw_1NN,5422,1,1
raw_1NN,5423,1,1
raw_1NN,5424,1,1
raw_1NN,5425,1,1
raw_1NN,5426,1,1
raw_1NN,5427,1,1
raw_1NN,5428,1,1
raw_1NN,5429,1,1
raw_1NN,5430,1,1
raw_1NN,5431,-1,-1
raw_1NN,5432,1,1
raw_1NN,5433,1,1
raw_1NN,5434,1,1
raw_1NN,5435,1,1
raw_1NN,5436,1,1
raw_1NN,5437,-1,-1
raw_1NN,5438,1,1
raw_1NN,5439,1,1
raw_1NN,5440,1,1
raw_1NN,5441,1,1
raw_1NN,5442,1,1
raw_1NN,5443,1,1
raw_1NN,5444,1,1
raw_1NN,5445,-1,-1
raw_1NN,5446,1,1
raw_1NN,5447,1,1
raw_1NN,5448,1,1
raw_1NN,5449,1,1
raw_1NN,5450,1,1
raw_1NN,5451,1,1
raw_1NN,5452,1,1
raw_1NN,5453,1,1
raw_1NN,5454,1,1
raw_1NN,5455,1,1
raw_1NN,5456,1,1
raw_1NN,5457,1,1
raw_1NN,5458,1,1
raw_1NN,5459,-1,-1
raw_1NN,5460,1,1
raw_1NN,5461,-1,-1
raw_1NN,5462,1,1
raw_1NN,5463,1,1
raw_1NN,5464,1,1
raw_1NN,5465,1,1
raw_1NN,5466,1,1
raw_1NN,5467,1,1
raw_1NN,5468,1,1
raw_1NN,5469,1,1
raw_1NN,5470,-1,-1
raw_1NN,5471,1,1
raw_1NN,5472,1,1
raw_1NN,5473,1,1
raw_1NN,5474,1,1
raw_1NN,5475,1,1
raw_1NN,5476,-1,-1
raw_1NN,5477,1,1
raw_1NN,5478,1,1
raw_1NN,5479,-1,-1
raw_1NN,5480,1,1
raw_1NN,5481,1,1
raw_1NN,5482,1,1
raw_1NN,5483,1,1
raw_1NN,5484,1,1
raw_1NN,5485,-1,-1
raw_1NN,5486,1,1
raw_1NN,5487,1,1
raw_1NN,5488,1,1
raw_1NN,5489,1,1
raw_1NN,5490,1,1
raw_1NN,5491,1,1
raw_1NN,5492,1,1
raw_1NN,5493,1,1
raw_1NN,5494,1,1
raw_1NN,5495,1,1
raw_1NN,5496,1,1
raw_1NN,5497,1,1
raw_1NN,5498,1,1
raw_1NN,5499,1,1
raw_1NN,5500,1,1
raw_1NN,5501,1,1
raw_1NN,5502,1,1
raw_1NN,5503,1,1
raw_1NN,5504,1,1
raw_1NN,5505,1,1
raw_1NN,5506,1,1
raw_1NN,5507,1,1
raw_1NN,5508,-1,-1
raw_1NN,5509,1,1
raw_1NN,5510,1,1
raw_1NN,5511,1,1
raw_1NN,5512,1,1
raw_1NN,5513,1,1
raw_1NN,5514,1,1
raw_1NN,5515,1,1
raw_1NN,5516,1,1
raw_1NN,5517,1,1
raw_1NN,5518,1,1
raw_1NN,5519,1,1
raw_1NN,5520,1,1
raw_1NN,5521,1,1
raw_1NN,5522,1,1
raw_1NN,5523,1,1
raw_1NN,5524,-1,-1
raw_1NN,5525,1,1
raw_1NN,5526,1,1
raw_1NN,5527,-1,-1
raw_1NN,5528,1,1
raw_1NN,5529,1,1
raw_1NN,5530,1,1
raw_1NN,5531,1,1
raw_1NN,5532,1,1
raw_1NN,5533,-1,-1
raw_1NN,5534,1,1
raw_1NN,5535,1,1
raw_1NN,5536,1,1
raw_1NN,5537,1,1
raw_1NN,5538,1,1
raw_1NN,5539,1,1
raw_1NN,5540,1,1
raw_1NN,5541,1,1
raw_1NN,5542,1,1
raw_1NN,5543,1,1
raw_1NN,5544,1,1
raw_1NN,5545,1,1
raw_1NN,5546,1,1
raw_1NN,5547,1,1
raw_1NN,5548,1,1
raw_1NN,5549,1,1
raw_1NN,5550,1,1
raw_1NN,5551,-1,-1
raw_1NN,5552,1,1
raw_1NN,5553,1,1
raw_1NN,5554,1,1
raw_1NN,5555,1,1
raw_1NN,5556,1,1
raw_1NN,5557,1,1
raw_1NN,5558,1,1
raw_1NN,5559,1,1
raw_1NN,5560,1,1
raw_1NN,5561,1,1
raw_1NN,5562,1,1
raw_1NN,5563,1,1
raw_1NN,5564,1,1
raw_1NN,5565,1,1
raw_1NN,5566,1,1
raw_1NN,5567,1,1
raw_1NN,5568,-1,-1
raw_1NN,5569,1,1
raw_1NN,5570,1,1
raw_1NN,5571,1,1
raw_1NN,5572,1,1
raw_1NN,5573,1,1
raw_1NN,5574,1,1
raw_1NN,5575,-1,-1
raw_1NN,5576,1,1
raw_1NN,5577,1,1
raw_1NN,5578,1,1
raw_1NN,5579,1,1
raw_1NN,5580,1,1
raw_1NN,5581,1,1
raw_1NN,5582,1,1
raw_1NN,5583,1,1
raw_1NN,5584,1,1
raw_1NN,5585,1,1
raw_1NN,5586,1,1
raw_1NN,5587,1,1
raw_1NN,5588,1,1
raw_1NN,5589,1,1
raw_1NN,5590,1,1
raw_1NN,5591,1,1
raw_1NN,5592,1,1
raw_1NN,5593,1,1
raw_1NN,5594,1,1
raw_1NN,5595,1,1
raw_1NN,5596,1,1
raw_1NN,5597,1,1
raw_1NN,5598,1,1
raw_1NN,5599,1,1
raw_1NN,5600,1,1
raw_1NN,5601,1,1
raw_1NN,5602,1,1
raw_1NN,5603,1,1
raw_1NN,5604,-1,-1
raw_1NN,5605,1,1
raw_1NN,5606,1,-1
raw_1NN,5607,1,1
raw_1NN,5608,1,1
raw_1NN,5609,1,1
raw_1NN,5610,1,1
raw_1NN,5611,1,1
raw_1NN,5612,1,1
raw_1NN,5613,1,1
raw_1NN,5614,1,1
raw_1NN,5615,1,1
raw_1NN,5616,1,1
raw_1NN,5617,1,1
raw_1NN,5618,1,1
raw_1NN,5619,1,1
raw_1NN,5620,1,1
raw_1NN,5621,1,1
raw_1NN,5622,1,1
raw_1NN,5623,1,1
raw_1NN,5624,1,1
raw_1NN,5625,1,1
raw_1NN,5626,1,1
raw_1NN,5627,1,1
raw_1NN,5628,1,1
raw_1NN,5629,1,1
raw_1NN,5630,1,1
raw_1NN,5631,1,1
raw_1NN,5632,1,1
raw_1NN,5633,-1,-1
raw_1NN,5634,1,1
raw_1NN,5635,-1,-1
raw_1NN,5636,1,1
raw_1NN,5637,1,1
raw_1NN,5638,1,1
raw_1NN,5639,1,1
raw_1NN,5640,1,1
raw_1NN,5641,-1,-1
raw_1NN,5642,1,1
raw_1NN,5643,1,1
raw_1NN,5644,-1,-1
raw_1NN,5645,1,1
raw_1NN,5646,-1,-1
raw_1NN,5647,1,1
raw_1NN,5648,-1,-1
raw_1NN,5649,1,1
raw_1NN,5650,1,1
raw_1NN,5651,-1,-1
raw_1NN,5652,1,1
raw_1NN,5653,1,1
raw_1NN,5654,1,1
raw_1NN,5655,-1,-1
raw_1NN,5656,1,1
raw_1NN,5657,1,1
raw_1NN,5658,1,1
raw_1NN,5659,1,1
raw_1NN,5660,1,1
raw_1NN,5661,1,1
raw_1NN,5662,1,1
raw_1NN,5663,1,1
raw_1NN,5664,1,1
raw_1NN,5665,-1,-1
raw_1NN,5666,1,1
raw_1NN,5667,1,1
raw_1NN,5668,1,1
raw_1NN,5669,1,1
raw_1NN,5670,1,-1
raw_1NN,5671,1,1
raw_1NN,5672,1,1
raw_1NN,5673,1,1
raw_1NN,5674,1,1
raw_1NN,5675,1,1
raw_1NN,5676,1,1
raw_1NN,5677,1,1
raw_1NN,5678,1,1
raw_1NN,5679,1,1
raw_1NN,5680,1,1
raw_1NN,5681,1,1
raw_1NN,5682,1,1
raw_1NN,5683,1,1
raw_1NN,5684,1,1
raw_1NN,5685,1,1
raw_1NN,5686,1,1
raw_1NN,5687,1,1
raw_1NN,5688,1,1
raw_1NN,5689,1,1
raw_1NN,5690,1,1
raw_1NN,5691,1,1
raw_1NN,5692,1,1
raw_1NN,5693,1,1
raw_1NN,5694,1,1
raw_1NN,5695,1,1
raw_1NN,5696,1,1
raw_1NN,5697,1,1
raw_1NN,5698,1,1
raw_1NN,5699,1,1
raw_1NN,5700,1,1
raw_1NN,5701,-1,-1
raw_1NN,5702,1,1
raw_1NN,5703,1,1
raw_1NN,5704,1,1
raw_1NN,5705,1,1
raw_1NN,5706,-1,-1
raw_1NN,5707,-1,-1
raw_1NN,5708,-1,-1
raw_1NN,5709,1,1
raw_1NN,5710,-1,-1
raw_1NN,5711,1,1
raw_1NN,5712,1,1
raw_1NN,5713,1,1
raw_1NN,5714,1,1
raw_1NN,5715,1,1
raw_1NN,5716,1,1
raw_1NN,5717,1,1
raw_1NN,5718,1,1
raw_1NN,5719,1,1
raw_1NN,5720,1,1
raw_1NN,5721,1,1
raw_1NN,5722,1,1
raw_1NN,5723,1,1
raw_1NN,5724,1,1
raw_1NN,5725,1,1
raw_1NN,5726,1,1
raw_1NN,5727,1,1
raw_1NN,5728,1,1
raw_1NN,5729,1,1
raw_1NN,5730,1,1
raw_1NN,5731,1,1
raw_1NN,5732,1,1
raw_1NN,5733,1,1
raw_1NN,5734,1,1
raw_1NN,5735,1,1
raw_1NN,5736,1,1
raw_1NN,5737,1,1
raw_1NN,5738,1,1
raw_1NN,5739,1,1
raw_1NN,5740,-1,-1
raw_1NN,5741,1,1
raw_1NN,5742,1,1
raw_1NN,5743,1,1
raw_1NN,5744,1,1
raw_1NN,5745,1,1
raw_1NN,5746,1,1
raw_1NN,5747,1,1
raw_1NN,5748,1,1
raw_1NN,5749,1,1
raw_1NN,5750,1,1
raw_1NN,5751,1,1
raw_1NN,5752,-1,-1
raw_1NN,5753,1,1
raw_1NN,5754,1,1
raw_1NN,5755,1,1
raw_1NN,5756,1,1
raw_1NN,5757,1,1
raw_1NN,5758,1,1
raw_1NN,5759,1,1
raw_1NN,5760,1,1
raw_1NN,5761,1,1
raw_1NN,5762,1,1
raw_1NN,5763,-1,-1
raw_1NN,5764,1,1
raw_1NN,5765,1,1
raw_1NN,5766,1,1
raw_1NN,5767,1,1
raw_1NN,5768,-1,-1
raw_1NN,5769,-1,-1
raw_1NN,5770,1,1
raw_1NN,5771,1,1
raw_1NN,5772,1,1
raw_1NN,5773,1,1
raw_1NN,5774,1,1
raw_1NN,5775,1,1
raw_1NN,5776,1,1
raw_1NN,5777,1,1
raw_1NN,5778,1,1
raw_1NN,5779,1,1
raw_1NN,5780,1,1
raw_1NN,5781,-1,-1
raw_1NN,5782,1,1
raw_1NN,5783,1,1
raw_1NN,5784,1,1
raw_1NN,5785,1,1
raw_1NN,5786,1,1
raw_1NN,5787,1,1
raw_1NN,5788,1,1
raw_1NN,5789,1,1
raw_1NN,5790,1,1
raw_1NN,5791,1,1
raw_1NN,5792,1,1
raw_1NN,5793,1,1
raw_1NN,5794,1,1
raw_1NN,5795,1,1
raw_1NN,5796,1,1
raw_1NN,5797,1,1
raw_1NN,5798,1,1
raw_1NN,5799,1,1
raw_1NN,5800,1,1
raw_1NN,5801,1,1
raw_1NN,5802,1,1
raw_1NN,5803,1,1
raw_1NN,5804,1,1
raw_1NN,5805,1,1
raw_1NN,5806,1,1
raw_1NN,5807,1,1
raw_1NN,5808,1,1
raw_1NN,5809,1,1
raw_1NN,5810,1,1
raw_1NN,5811,1,1
raw_1NN,5812,1,1
raw_1NN,5813,1,1
raw_1NN,5814,1,1
raw_1NN,5815,1,1
raw_1NN,5816,1,1
raw_1NN,5817,1,1
raw_1NN,5818,-1,-1
raw_1NN,5819,1,1
raw_1NN,5820,1,1
raw_1NN,5821,1,1
raw_1NN,5822,1,1
raw_1NN,5823,-1,-1
raw_1NN,5824,1,1
raw_1NN,5825,1,1
raw_1NN,5826,1,1
raw_1NN,5827,1,1
raw_1NN,5828,-1,-1
raw_1NN,5829,1,1
raw_1NN,5830,1,1
raw_1NN,5831,1,1
raw_1NN,5832,-1,-1
raw_1NN,5833,1,1
raw_1NN,5834,1,1
raw_1NN,5835,1,1
raw_1NN,5836,1,1
raw_1NN,5837,1,1
raw_1NN,5838,1,1
raw_1NN,5839,-1,-1
raw_1NN,5840,1,1
raw_1NN,5841,1,1
raw_1NN,5842,1,1
raw_1NN,5843,1,1
raw_1NN,5844,1,1
raw_1NN,5845,1,1
raw_1NN,5846,1,1
raw_1NN,5847,1,1
raw_1NN,5848,1,1
raw_1NN,5849,1,1
raw_1NN,5850,-1,-1
raw_1NN,5851,1,1
raw_1NN,5852,1,1
raw_1NN,5853,1,1
raw_1NN,5854,1,1
raw_1NN,5855,1,1
raw_1NN,5856,1,1
raw_1NN,5857,1,1
raw_1NN,5858,-1,-1
raw_1NN,5859,1,1
raw_1NN,5860,-1,-1
raw_1NN,5861,1,1
raw_1NN,5862,1,1
raw_1NN,5863,1,1
raw_1NN,5864,1,1
raw_1NN,5865,1,1
raw_1NN,5866,-1,-1
raw_1NN,5867,1,1
raw_1NN,5868,1,1
raw_1NN,5869,1,1
raw_1NN,5870,1,1
raw_1NN,5871,1,1
raw_1NN,5872,1,1
raw_1NN,5873,1,1
raw_1NN,5874,1,1
raw_1NN,5875,1,1
raw_1NN,5876,1,1
raw_1NN,5877,1,1
raw_1NN,5878,1,1
raw_1NN,5879,1,1
raw_1NN,5880,1,1
raw_1NN,5881,1,1
raw_1NN,5882,1,1
raw_1NN,5883,1,1
raw_1NN,5884,1,1
raw_1NN,5885,1,1
raw_1NN,5886,1,1
raw_1NN,5887,1,1
raw_1NN,5888,1,1
raw_1NN,5889,-1,-1
raw_1NN,5890,1,1
raw_1NN,5891,1,1
raw_1NN,5892,-1,-1
raw_1NN,5893,1,1
raw_1NN,5894,1,1
raw_1NN,5895,1,1
raw_1NN,5896,1,1
raw_1NN,5897,1,1
raw_1NN,5898,1,1
raw_1NN,5899,1,1
raw_1NN,5900,1,1
raw_1NN,5901,1,1
raw_1NN,5902,1,1
raw_1NN,5903,1,1
raw_1NN,5904,1,1
raw_1NN,5905,-1,-1
raw_1NN,5906,1,1
raw_1NN,5907,1,1
raw_1NN,5908,1,1
raw_1NN,5909,1,1
raw_1NN,5910,-1,-1
raw_1NN,5911,1,1
raw_1NN,5912,1,1
raw_1NN,5913,1,1
raw_1NN,5914,1,1
raw_1NN,5915,1,1
raw_1NN,5916,1,1
raw_1NN,5917,1,1
raw_1NN,5918,-1,-1
raw_1NN,5919,1,1
raw_1NN,5920,1,1
raw_1NN,5921,1,1
raw_1NN,5922,1,1
raw_1NN,5923,1,1
raw_1NN,5924,1,1
raw_1NN,5925,1,1
raw_1NN,5926,1,1
raw_1NN,5927,1,1
raw_1NN,5928,1,1
raw_1NN,5929,1,1
raw_1NN,5930,1,1
raw_1NN,5931,1,1
raw_1NN,5932,1,1
raw_1NN,5933,1,1
raw_1NN,5934,1,1
raw_1NN,5935,1,1
raw_1NN,5936,1,1
raw_1NN,5937,1,1
raw_1NN,5938,1,1
raw_1NN,5939,1,1
raw_1NN,5940,1,1
raw_1NN,5941,1,1
raw_1NN,5942,1,1
raw_1NN,5943,1,1
raw_1NN,5944,1,1
raw_1NN,5945,1,1
raw_1NN,5946,1,1
raw_1NN,5947,1,1
raw_1NN,5948,1,1
raw_1NN,5949,1,1
raw_1NN,5950,1,1
raw_1NN,5951,1,1
raw_1NN,5952,1,1
raw_1NN,5953,1,1
raw_1NN,5954,1,1
raw_1NN,5955,1,1
raw_1NN,5956,1,1
raw_1NN,5957,1,1
raw_1NN,5958,1,1
raw_1NN,5959,1,1
raw_1NN,5960,1,1
raw_1NN,5961,1,1
raw_1NN,5962,-1,-1
raw_1NN,5963,1,1
raw_1NN,5964,1,1
raw_1NN,5965,1,1
raw_1NN,5966,1,1
raw_1NN,5967,1,1
raw_1NN,5968,1,1
raw_1NN,5969,1,1
raw_1NN,5970,1,1
raw_1NN,5971,1,1
raw_1NN,5972,1,1
raw_1NN,5973,1,1
raw_1NN,5974,-1,-1
raw_1NN,5975,1,1
raw_1NN,5976,1,1
raw_1NN,5977,1,1
raw_1NN,5978,1,1
raw_1NN,5979,1,1
raw_1NN,5980,1,1
raw_1NN,5981,1,1
raw_1NN,5982,1,1
raw_1NN,5983,1,1
raw_1NN,5984,1,1
raw_1NN,5985,1,1
raw_1NN,5986,1,1
raw_1NN,5987,1,1
raw_1NN,5988,1,1
raw_1NN,5989,1,1
raw_1NN,5990,1,1
raw_1NN,5991,1,1
raw_1NN,5992,1,1
raw_1NN,5993,1,1
raw_1NN,5994,1,1
raw_1NN,5995,1,1
raw_1NN,5996,1,1
raw_1NN,5997,1,1
raw_1NN,5998,1,1
raw_1NN,5999,1,1
raw_1NN,6000,-1,-1
raw_1NN,6001,1,1
raw_1NN,6002,1,1
raw_1NN,6003,1,1
raw_1NN,6004,1,1
raw_1NN,6005,1,1
raw_1NN,6006,1,1
raw_1NN,6007,-1,-1
raw_1NN,6008,1,1
raw_1NN,6009,1,1
raw_1NN,6010,1,1
raw_1NN,6011,1,1
raw_1NN,6012,1,1
raw_1NN,6013,1,1
raw_1NN,6014,1,1
raw_1NN,6015,1,1
raw_1NN,6016,1,1
raw_1NN,6017,1,1
raw_1NN,6018,1,1
raw_1NN,6019,1,1
raw_1NN,6020,1,1
raw_1NN,6021,1,1
raw_1NN,6022,1,1
raw_1NN,6023,-1,-1
raw_1NN,6024,1,1
raw_1NN,6025,1,1
raw_1NN,6026,-1,-1
raw_1NN,6027,1,1
raw_1NN,6028,1,1
raw_1NN,6029,1,1
raw_1NN,6030,1,1
raw_1NN,6031,1,1
raw_1NN,6032,1,1
raw_1NN,6033,1,1
raw_1NN,6034,1,1
raw_1NN,6035,-1,-1
raw_1NN,6036,1,1
raw_1NN,6037,1,1
raw_1NN,6038,1,1
raw_1NN,6039,1,1
raw_1NN,6040,1,1
raw_1NN,6041,1,1
raw_1NN,6042,1,1
raw_1NN,6043,1,1
raw_1NN,6044,1,1
raw_1NN,6045,1,1
raw_1NN,6046,1,1
raw_1NN,6047,1,1
raw_1NN,6048,1,1
raw_1NN,6049,-1,-1
raw_1NN,6050,1,1
raw_1NN,6051,1,1
raw_1NN,6052,-1,-1
raw_1NN,6053,1,1
raw_1NN,6054,1,1
raw_1NN,6055,1,1
raw_1NN,6056,-1,-1
raw_1NN,6057,1,1
raw_1NN,6058,1,1
raw_1NN,6059,1,1
raw_1NN,6060,1,1
raw_1NN,6061,1,1
raw_1NN,6062,1,1
raw_1NN,6063,1,1
raw_1NN,6064,1,1
raw_1NN,6065,1,1
raw_1NN,6066,1,1
raw_1NN,6067,1,1
raw_1NN,6068,1,1
raw_1NN,6069,1,1
raw_1NN,6070,1,1
raw_1NN,6071,1,1
raw_1NN,6072,1,1
raw_1NN,6073,1,1
raw_1NN,6074,-1,-1
raw_1NN,6075,1,1
raw_1NN,6076,1,1
raw_1NN,6077,1,1
raw_1NN,6078,1,1
raw_1NN,6079,1,1
raw_1NN,6080,1,1
raw_1NN,6081,1,1
raw_1NN,6082,1,1
raw_1NN,6083,1,1
raw_1NN,6084,1,1
raw_1NN,6085,1,1
raw_1NN,6086,1,1
raw_1NN,6087,1,1
raw_1NN,6088,1,1
raw_1NN,6089,-1,-1
raw_1NN,6090,1,1
raw_1NN,6091,1,1
raw_1NN,6092,1,1
raw_1NN,6093,1,1
raw_1NN,6094,1,1
raw_1NN,6095,1,1
raw_1NN,6096,-1,-1
raw_1NN,6097,1,1
raw_1NN,6098,1,1
raw_1NN,6099,1,1
raw_1NN,6100,1,1
raw_1NN,6101,1,1
raw_1NN,6102,1,1
raw_1NN,6103,1,1
raw_1NN,6104,1,1
raw_1NN,6105,1,1
raw_1NN,6106,1,1
raw_1NN,6107,1,1
raw_1NN,6108,1,1
raw_1NN,6109,1,1
raw_1NN,6110,-1,-1
raw_1NN,6111,1,1
raw_1NN,6112,1,1
raw_1NN,6113,1,1
raw_1NN,6114,1,1
raw_1NN,6115,1,1
raw_1NN,6116,1,1
raw_1NN,6117,1,1
raw_1NN,6118,1,1
raw_1NN,6119,1,1
raw_1NN,6120,1,1
raw_1NN,6121,1,1
raw_1NN,6122,1,1
raw_1NN,6123,-1,-1
raw_1NN,6124,1,1
raw_1NN,6125,1,1
raw_1NN,6126,1,1
raw_1NN,6127,1,1
raw_1NN,6128,1,1
raw_1NN,6129,1,1
raw_1NN,6130,1,1
raw_1NN,6131,1,1
raw_1NN,6132,1,1
raw_1NN,6133,1,1
raw_1NN,6134,1,1
raw_1NN,6135,1,1
raw_1NN,6136,1,1
raw_1NN,6137,1,1
raw_1NN,6138,1,1
raw_1NN,6139,1,1
raw_1NN,6140,1,1
raw_1NN,6141,1,1
raw_1NN,6142,1,1
raw_1NN,6143,1,1
raw_1NN,6144,1,1
raw_1NN,6145,1,1
raw_1NN,6146,1,1
raw_1NN,6147,1,1
raw_1NN,6148,1,1
raw_1NN,6149,1,1
raw_1NN,6150,1,1
raw_1NN,6151,1,1
raw_1NN,6152,1,1
raw_1NN,6153,1,1
raw_1NN,6154,1,1
raw_1NN,6155,1,1
raw_1NN,6156,1,1
raw_1NN,6157,1,1
raw_1NN,6158,1,1
raw_1NN,6159,1,1
raw_1NN,6160,-1,-1
raw_1NN,6161,-1,-1
raw_1NN,6162,1,1
raw_1NN,6163,1,1
