step,train_loss_sum,train_loss_per_token,lr_multiplier,phase
0,354304.0,10.8125,1.0,constant_lr
1,354304.0,10.8125,1.0,constant_lr
2,330496.0,10.0859375,1.0,constant_lr
3,320512.0,9.78125,1.0,constant_lr
4,261376.0,7.9765625,1.0,constant_lr
5,253056.0,7.72265625,1.0,constant_lr
6,249728.0,7.62109375,1.0,constant_lr
7,240384.0,7.3359375,1.0,constant_lr
8,231552.0,7.06640625,1.0,constant_lr
9,231552.0,7.06640625,1.0,constant_lr
10,226304.0,6.90625,1.0,constant_lr
11,222848.0,6.80078125,1.0,constant_lr
12,215936.0,6.58984375,1.0,constant_lr
13,216960.0,6.62109375,1.0,constant_lr
14,214912.0,6.55859375,1.0,constant_lr
15,210688.0,6.4296875,1.0,constant_lr
16,208896.0,6.375,1.0,constant_lr
17,208000.0,6.34765625,1.0,constant_lr
18,207104.0,6.3203125,1.0,constant_lr
19,206976.0,6.31640625,1.0,constant_lr
20,206848.0,6.3125,1.0,constant_lr
21,204160.0,6.23046875,1.0,constant_lr
22,200320.0,6.11328125,1.0,constant_lr
23,201728.0,6.15625,1.0,constant_lr
24,202624.0,6.18359375,1.0,constant_lr
25,198400.0,6.0546875,1.0,constant_lr
26,198528.0,6.05859375,1.0,constant_lr
27,197632.0,6.03125,1.0,constant_lr
28,196736.0,6.00390625,1.0,constant_lr
29,197632.0,6.03125,1.0,constant_lr
30,195200.0,5.95703125,1.0,constant_lr
31,193152.0,5.89453125,1.0,constant_lr
32,193408.0,5.90234375,1.0,constant_lr
33,192128.0,5.86328125,1.0,constant_lr
34,195328.0,5.9609375,1.0,constant_lr
35,191872.0,5.85546875,1.0,constant_lr
36,192000.0,5.859375,1.0,constant_lr
37,189696.0,5.7890625,1.0,constant_lr
38,190464.0,5.8125,1.0,constant_lr
39,188672.0,5.7578125,1.0,constant_lr
40,187648.0,5.7265625,1.0,constant_lr
41,189056.0,5.76953125,1.0,constant_lr
42,186112.0,5.6796875,1.0,constant_lr
43,186368.0,5.6875,1.0,constant_lr
44,184320.0,5.625,1.0,constant_lr
45,183040.0,5.5859375,1.0,constant_lr
46,184064.0,5.6171875,1.0,constant_lr
47,183808.0,5.609375,1.0,constant_lr
48,180608.0,5.51171875,1.0,constant_lr
49,181632.0,5.54296875,1.0,constant_lr
50,182528.0,5.5703125,1.0,constant_lr
51,177280.0,5.41015625,1.0,constant_lr
52,180480.0,5.5078125,1.0,constant_lr
53,178688.0,5.453125,1.0,constant_lr
54,178560.0,5.44921875,1.0,constant_lr
55,177664.0,5.421875,1.0,constant_lr
56,178688.0,5.453125,1.0,constant_lr
57,177408.0,5.4140625,1.0,constant_lr
58,174464.0,5.32421875,1.0,constant_lr
59,177024.0,5.40234375,1.0,constant_lr
60,177408.0,5.4140625,1.0,constant_lr
61,172800.0,5.2734375,1.0,constant_lr
62,176128.0,5.375,1.0,constant_lr
63,175360.0,5.3515625,1.0,constant_lr
64,176128.0,5.375,1.0,constant_lr
65,171776.0,5.2421875,1.0,constant_lr
66,173568.0,5.296875,1.0,constant_lr
67,174464.0,5.32421875,1.0,constant_lr
68,172288.0,5.2578125,1.0,constant_lr
69,173696.0,5.30078125,1.0,constant_lr
70,175104.0,5.34375,1.0,constant_lr
71,171264.0,5.2265625,1.0,constant_lr
72,171392.0,5.23046875,1.0,constant_lr
73,170752.0,5.2109375,1.0,constant_lr
74,168832.0,5.15234375,1.0,constant_lr
75,169216.0,5.1640625,1.0,constant_lr
76,169856.0,5.18359375,1.0,constant_lr
77,169984.0,5.1875,1.0,constant_lr
78,169728.0,5.1796875,1.0,constant_lr
79,170752.0,5.2109375,1.0,constant_lr
80,168448.0,5.140625,1.0,constant_lr
81,167424.0,5.109375,1.0,constant_lr
82,167936.0,5.125,1.0,constant_lr
83,167040.0,5.09765625,1.0,constant_lr
84,166400.0,5.078125,1.0,constant_lr
85,167808.0,5.12109375,1.0,constant_lr
86,167552.0,5.11328125,1.0,constant_lr
87,166144.0,5.0703125,1.0,constant_lr
88,165504.0,5.05078125,1.0,constant_lr
89,166656.0,5.0859375,1.0,constant_lr
90,167040.0,5.09765625,1.0,constant_lr
91,164352.0,5.015625,1.0,constant_lr
92,165504.0,5.05078125,1.0,constant_lr
93,163072.0,4.9765625,1.0,constant_lr
94,163584.0,4.9921875,1.0,constant_lr
95,164992.0,5.03515625,1.0,constant_lr
96,165760.0,5.05859375,1.0,constant_lr
97,163840.0,5.0,1.0,constant_lr
98,165760.0,5.05859375,1.0,constant_lr
99,164096.0,5.0078125,1.0,constant_lr
100,161408.0,4.92578125,1.0,constant_lr
101,165888.0,5.0625,1.0,constant_lr
102,163584.0,4.9921875,1.0,constant_lr
103,162688.0,4.96484375,1.0,constant_lr
104,162944.0,4.97265625,1.0,constant_lr
105,162048.0,4.9453125,1.0,constant_lr
106,162816.0,4.96875,1.0,constant_lr
107,160256.0,4.890625,1.0,constant_lr
108,160896.0,4.91015625,1.0,constant_lr
109,162048.0,4.9453125,1.0,constant_lr
110,160384.0,4.89453125,1.0,constant_lr
111,163072.0,4.9765625,1.0,constant_lr
112,162432.0,4.95703125,1.0,constant_lr
113,159104.0,4.85546875,1.0,constant_lr
114,159616.0,4.87109375,1.0,constant_lr
115,160128.0,4.88671875,1.0,constant_lr
116,157312.0,4.80078125,1.0,constant_lr
117,158720.0,4.84375,1.0,constant_lr
118,158976.0,4.8515625,1.0,constant_lr
119,156928.0,4.7890625,1.0,constant_lr
120,158720.0,4.84375,1.0,constant_lr
121,157184.0,4.796875,1.0,constant_lr
122,160512.0,4.8984375,1.0,constant_lr
123,156288.0,4.76953125,1.0,constant_lr
124,158336.0,4.83203125,1.0,constant_lr
125,157056.0,4.79296875,1.0,constant_lr
126,156032.0,4.76171875,1.0,constant_lr
127,158592.0,4.83984375,1.0,constant_lr
128,158080.0,4.82421875,1.0,constant_lr
129,155392.0,4.7421875,1.0,constant_lr
130,154880.0,4.7265625,1.0,constant_lr
131,155520.0,4.74609375,1.0,constant_lr
132,154112.0,4.703125,1.0,constant_lr
133,155392.0,4.7421875,1.0,constant_lr
134,155648.0,4.75,1.0,constant_lr
135,156160.0,4.765625,1.0,constant_lr
136,153856.0,4.6953125,1.0,constant_lr
137,152704.0,4.66015625,1.0,constant_lr
138,154496.0,4.71484375,1.0,constant_lr
139,153344.0,4.6796875,1.0,constant_lr
140,155008.0,4.73046875,1.0,constant_lr
141,155136.0,4.734375,1.0,constant_lr
142,153984.0,4.69921875,1.0,constant_lr
143,155264.0,4.73828125,1.0,constant_lr
144,152192.0,4.64453125,1.0,constant_lr
145,153216.0,4.67578125,1.0,constant_lr
146,155264.0,4.73828125,1.0,constant_lr
147,152448.0,4.65234375,1.0,constant_lr
148,152320.0,4.6484375,1.0,constant_lr
149,153088.0,4.671875,1.0,constant_lr
150,155136.0,4.734375,1.0,constant_lr
151,151424.0,4.62109375,1.0,constant_lr
152,151936.0,4.63671875,1.0,constant_lr
153,152832.0,4.6640625,1.0,constant_lr
154,151680.0,4.62890625,1.0,constant_lr
155,151552.0,4.625,1.0,constant_lr
156,152320.0,4.6484375,1.0,constant_lr
157,150144.0,4.58203125,1.0,constant_lr
158,150144.0,4.58203125,1.0,constant_lr
159,151808.0,4.6328125,1.0,constant_lr
160,152704.0,4.66015625,1.0,constant_lr
161,150272.0,4.5859375,1.0,constant_lr
162,150272.0,4.5859375,1.0,constant_lr
163,150912.0,4.60546875,1.0,constant_lr
164,148608.0,4.53515625,1.0,constant_lr
165,148992.0,4.546875,1.0,constant_lr
166,151552.0,4.625,1.0,constant_lr
167,148480.0,4.53125,1.0,constant_lr
168,149248.0,4.5546875,1.0,constant_lr
169,149120.0,4.55078125,1.0,constant_lr
170,148736.0,4.5390625,1.0,constant_lr
171,147328.0,4.49609375,1.0,constant_lr
172,148736.0,4.5390625,1.0,constant_lr
173,148224.0,4.5234375,1.0,constant_lr
174,147712.0,4.5078125,1.0,constant_lr
175,148608.0,4.53515625,1.0,constant_lr
176,148864.0,4.54296875,1.0,constant_lr
177,145408.0,4.4375,1.0,constant_lr
178,148864.0,4.54296875,1.0,constant_lr
179,148992.0,4.546875,1.0,constant_lr
180,148352.0,4.52734375,1.0,constant_lr
181,148608.0,4.53515625,1.0,constant_lr
182,147584.0,4.50390625,1.0,constant_lr
183,146688.0,4.4765625,1.0,constant_lr
184,148480.0,4.53125,1.0,constant_lr
185,148224.0,4.5234375,1.0,constant_lr
186,147968.0,4.515625,1.0,constant_lr
187,146944.0,4.484375,1.0,constant_lr
188,146176.0,4.4609375,1.0,constant_lr
189,146432.0,4.46875,1.0,constant_lr
190,146432.0,4.46875,1.0,constant_lr
191,145536.0,4.44140625,1.0,constant_lr
192,144384.0,4.40625,1.0,constant_lr
193,146944.0,4.484375,1.0,constant_lr
194,144512.0,4.41015625,1.0,constant_lr
195,144384.0,4.40625,1.0,constant_lr
196,144896.0,4.421875,1.0,constant_lr
197,145536.0,4.44140625,1.0,constant_lr
198,142464.0,4.34765625,1.0,constant_lr
199,144640.0,4.4140625,1.0,constant_lr
200,144640.0,4.4140625,1.0,constant_lr
201,140800.0,4.296875,1.0,constant_lr
202,144896.0,4.421875,1.0,constant_lr
203,145664.0,4.4453125,1.0,constant_lr
204,141824.0,4.328125,1.0,constant_lr
205,144640.0,4.4140625,1.0,constant_lr
206,143616.0,4.3828125,1.0,constant_lr
207,142720.0,4.35546875,1.0,constant_lr
208,142976.0,4.36328125,1.0,constant_lr
209,145152.0,4.4296875,1.0,constant_lr
210,144512.0,4.41015625,1.0,constant_lr
211,143232.0,4.37109375,1.0,constant_lr
212,144256.0,4.40234375,1.0,constant_lr
213,144128.0,4.3984375,1.0,constant_lr
214,140288.0,4.28125,1.0,constant_lr
215,142592.0,4.3515625,1.0,constant_lr
216,142976.0,4.36328125,1.0,constant_lr
217,142336.0,4.34375,1.0,constant_lr
218,143616.0,4.3828125,1.0,constant_lr
219,141184.0,4.30859375,1.0,constant_lr
220,141184.0,4.30859375,1.0,constant_lr
221,141056.0,4.3046875,1.0,constant_lr
222,142720.0,4.35546875,1.0,constant_lr
223,139904.0,4.26953125,1.0,constant_lr
224,143232.0,4.37109375,1.0,constant_lr
225,142848.0,4.359375,1.0,constant_lr
226,140928.0,4.30078125,1.0,constant_lr
227,141568.0,4.3203125,1.0,constant_lr
228,144000.0,4.39453125,1.0,constant_lr
229,141312.0,4.3125,1.0,constant_lr
230,142336.0,4.34375,1.0,constant_lr
231,143232.0,4.37109375,1.0,constant_lr
232,139520.0,4.2578125,1.0,constant_lr
233,142208.0,4.33984375,1.0,constant_lr
234,144512.0,4.41015625,1.0,constant_lr
235,139904.0,4.26953125,1.0,constant_lr
236,141568.0,4.3203125,1.0,constant_lr
237,143104.0,4.3671875,1.0,constant_lr
238,140160.0,4.27734375,1.0,constant_lr
239,139904.0,4.26953125,1.0,constant_lr
240,140672.0,4.29296875,1.0,constant_lr
241,139264.0,4.25,1.0,constant_lr
242,139392.0,4.25390625,1.0,constant_lr
243,140672.0,4.29296875,1.0,constant_lr
244,140416.0,4.28515625,1.0,constant_lr
245,140032.0,4.2734375,1.0,constant_lr
246,139392.0,4.25390625,1.0,constant_lr
247,140800.0,4.296875,1.0,constant_lr
248,137600.0,4.19921875,1.0,constant_lr
249,138496.0,4.2265625,1.0,constant_lr
250,139136.0,4.24609375,1.0,constant_lr
251,137728.0,4.203125,1.0,constant_lr
252,139264.0,4.25,1.0,constant_lr
253,139008.0,4.2421875,1.0,constant_lr
254,137856.0,4.20703125,1.0,constant_lr
255,140544.0,4.2890625,1.0,constant_lr
256,140160.0,4.27734375,1.0,constant_lr
257,138496.0,4.2265625,1.0,constant_lr
258,140416.0,4.28515625,1.0,constant_lr
259,140416.0,4.28515625,1.0,constant_lr
260,136832.0,4.17578125,1.0,constant_lr
261,138368.0,4.22265625,1.0,constant_lr
262,140288.0,4.28125,1.0,constant_lr
263,136064.0,4.15234375,1.0,constant_lr
264,139136.0,4.24609375,1.0,constant_lr
265,140544.0,4.2890625,1.0,constant_lr
266,137472.0,4.1953125,1.0,constant_lr
267,139008.0,4.2421875,1.0,constant_lr
268,138240.0,4.21875,1.0,constant_lr
269,139776.0,4.265625,1.0,constant_lr
270,138240.0,4.21875,1.0,constant_lr
271,138496.0,4.2265625,1.0,constant_lr
272,137216.0,4.1875,1.0,constant_lr
273,138752.0,4.234375,1.0,constant_lr
274,139904.0,4.26953125,1.0,constant_lr
275,137728.0,4.203125,1.0,constant_lr
276,136704.0,4.171875,1.0,constant_lr
277,138752.0,4.234375,1.0,constant_lr
278,136704.0,4.171875,1.0,constant_lr
279,135936.0,4.1484375,1.0,constant_lr
280,137856.0,4.20703125,1.0,constant_lr
281,137856.0,4.20703125,1.0,constant_lr
282,137856.0,4.20703125,1.0,constant_lr
283,138624.0,4.23046875,1.0,constant_lr
284,138496.0,4.2265625,1.0,constant_lr
285,138624.0,4.23046875,1.0,constant_lr
286,135552.0,4.13671875,1.0,constant_lr
287,138624.0,4.23046875,1.0,constant_lr
288,136064.0,4.15234375,1.0,constant_lr
289,137728.0,4.203125,1.0,constant_lr
290,135040.0,4.12109375,1.0,constant_lr
291,137088.0,4.18359375,1.0,constant_lr
292,136576.0,4.16796875,1.0,constant_lr
293,136064.0,4.15234375,1.0,constant_lr
294,134656.0,4.109375,1.0,constant_lr
295,136960.0,4.1796875,1.0,constant_lr
296,138752.0,4.234375,1.0,constant_lr
297,135168.0,4.125,1.0,constant_lr
298,137088.0,4.18359375,1.0,constant_lr
299,135936.0,4.1484375,1.0,constant_lr
300,135296.0,4.12890625,1.0,constant_lr
301,135680.0,4.140625,1.0,constant_lr
302,135680.0,4.140625,1.0,constant_lr
303,134784.0,4.11328125,1.0,constant_lr
304,135680.0,4.140625,1.0,constant_lr
305,136832.0,4.17578125,1.0,constant_lr
306,134976.0,4.119140625,1.0,constant_lr
307,137344.0,4.19140625,1.0,constant_lr
308,134976.0,4.119140625,1.0,constant_lr
309,136064.0,4.15234375,1.0,constant_lr
310,137344.0,4.19140625,1.0,constant_lr
311,136192.0,4.15625,1.0,constant_lr
312,135552.0,4.13671875,1.0,constant_lr
313,136704.0,4.171875,1.0,constant_lr
314,135744.0,4.142578125,1.0,constant_lr
315,134528.0,4.10546875,1.0,constant_lr
316,133504.0,4.07421875,1.0,constant_lr
317,133184.0,4.064453125,1.0,constant_lr
318,137856.0,4.20703125,1.0,constant_lr
319,138240.0,4.21875,1.0,constant_lr
320,135808.0,4.14453125,1.0,constant_lr
321,135872.0,4.146484375,1.0,constant_lr
322,136448.0,4.1640625,1.0,constant_lr
323,134144.0,4.09375,1.0,constant_lr
324,136576.0,4.16796875,1.0,constant_lr
325,136064.0,4.15234375,1.0,constant_lr
326,133632.0,4.078125,1.0,constant_lr
327,136320.0,4.16015625,1.0,constant_lr
328,135616.0,4.138671875,1.0,constant_lr
329,133952.0,4.087890625,1.0,constant_lr
330,134784.0,4.11328125,1.0,constant_lr
331,134848.0,4.115234375,1.0,constant_lr
332,133568.0,4.076171875,1.0,constant_lr
333,135296.0,4.12890625,1.0,constant_lr
334,136320.0,4.16015625,1.0,constant_lr
335,134272.0,4.09765625,1.0,constant_lr
336,135808.0,4.14453125,1.0,constant_lr
337,137600.0,4.19921875,1.0,constant_lr
338,133888.0,4.0859375,1.0,constant_lr
339,135296.0,4.12890625,1.0,constant_lr
340,132544.0,4.044921875,1.0,constant_lr
341,130688.0,3.98828125,1.0,constant_lr
342,134144.0,4.09375,1.0,constant_lr
343,134208.0,4.095703125,1.0,constant_lr
344,134976.0,4.119140625,1.0,constant_lr
345,133888.0,4.0859375,1.0,constant_lr
346,134400.0,4.1015625,1.0,constant_lr
347,131520.0,4.013671875,1.0,constant_lr
348,134976.0,4.119140625,1.0,constant_lr
349,133952.0,4.087890625,1.0,constant_lr
350,133760.0,4.08203125,1.0,constant_lr
351,133632.0,4.078125,1.0,constant_lr
352,133696.0,4.080078125,1.0,constant_lr
353,132800.0,4.052734375,1.0,constant_lr
354,133376.0,4.0703125,1.0,constant_lr
355,134784.0,4.11328125,1.0,constant_lr
356,132416.0,4.041015625,1.0,constant_lr
357,133248.0,4.06640625,1.0,constant_lr
358,133184.0,4.064453125,1.0,constant_lr
359,131840.0,4.0234375,1.0,constant_lr
360,134784.0,4.11328125,1.0,constant_lr
361,134528.0,4.10546875,1.0,constant_lr
362,131840.0,4.0234375,1.0,constant_lr
363,133056.0,4.060546875,1.0,constant_lr
364,133120.0,4.0625,1.0,constant_lr
365,131328.0,4.0078125,1.0,constant_lr
366,133504.0,4.07421875,1.0,constant_lr
367,131968.0,4.02734375,1.0,constant_lr
368,131456.0,4.01171875,1.0,constant_lr
369,133632.0,4.078125,1.0,constant_lr
370,133824.0,4.083984375,1.0,constant_lr
371,134016.0,4.08984375,1.0,constant_lr
372,132992.0,4.05859375,1.0,constant_lr
373,131904.0,4.025390625,1.0,constant_lr
374,130560.0,3.984375,1.0,constant_lr
375,132992.0,4.05859375,1.0,constant_lr
376,132096.0,4.03125,1.0,constant_lr
377,131456.0,4.01171875,1.0,constant_lr
378,133504.0,4.07421875,1.0,constant_lr
379,132608.0,4.046875,1.0,constant_lr
380,132992.0,4.05859375,1.0,constant_lr
381,132992.0,4.05859375,1.0,constant_lr
382,130944.0,3.99609375,1.0,constant_lr
383,131072.0,4.0,1.0,constant_lr
384,131264.0,4.005859375,1.0,constant_lr
385,133056.0,4.060546875,1.0,constant_lr
386,130560.0,3.984375,1.0,constant_lr
387,132096.0,4.03125,1.0,constant_lr
388,132544.0,4.044921875,1.0,constant_lr
389,131712.0,4.01953125,1.0,constant_lr
390,133568.0,4.076171875,1.0,constant_lr
391,133696.0,4.080078125,1.0,constant_lr
392,134656.0,4.109375,1.0,constant_lr
393,132416.0,4.041015625,1.0,constant_lr
394,130816.0,3.9921875,1.0,constant_lr
395,132224.0,4.03515625,1.0,constant_lr
396,132032.0,4.029296875,1.0,constant_lr
397,130304.0,3.9765625,1.0,constant_lr
398,130880.0,3.994140625,1.0,constant_lr
399,133184.0,4.064453125,1.0,constant_lr
400,132096.0,4.03125,1.0,constant_lr
401,132032.0,4.029296875,1.0,constant_lr
402,133312.0,4.068359375,1.0,constant_lr
403,131264.0,4.005859375,1.0,constant_lr
404,131200.0,4.00390625,1.0,constant_lr
405,133120.0,4.0625,1.0,constant_lr
406,132544.0,4.044921875,1.0,constant_lr
407,129472.0,3.951171875,1.0,constant_lr
408,132928.0,4.056640625,1.0,constant_lr
409,129664.0,3.95703125,1.0,constant_lr
410,130432.0,3.98046875,1.0,constant_lr
411,131264.0,4.005859375,1.0,constant_lr
412,129408.0,3.94921875,1.0,constant_lr
413,131264.0,4.005859375,1.0,constant_lr
414,131648.0,4.017578125,1.0,constant_lr
415,128256.0,3.9140625,1.0,constant_lr
416,130816.0,3.9921875,1.0,constant_lr
417,132224.0,4.03515625,1.0,constant_lr
418,131200.0,4.00390625,1.0,constant_lr
419,131456.0,4.01171875,1.0,constant_lr
420,132416.0,4.041015625,1.0,constant_lr
421,129280.0,3.9453125,1.0,constant_lr
422,131136.0,4.001953125,1.0,constant_lr
423,131648.0,4.017578125,1.0,constant_lr
424,131328.0,4.0078125,1.0,constant_lr
425,131200.0,4.00390625,1.0,constant_lr
426,129664.0,3.95703125,1.0,constant_lr
427,130368.0,3.978515625,1.0,constant_lr
428,132928.0,4.056640625,1.0,constant_lr
429,131200.0,4.00390625,1.0,constant_lr
430,129792.0,3.9609375,1.0,constant_lr
431,130176.0,3.97265625,1.0,constant_lr
432,129600.0,3.955078125,1.0,constant_lr
433,128384.0,3.91796875,1.0,constant_lr
434,131968.0,4.02734375,1.0,constant_lr
435,131264.0,4.005859375,1.0,constant_lr
436,130048.0,3.96875,1.0,constant_lr
437,130944.0,3.99609375,1.0,constant_lr
438,132800.0,4.052734375,1.0,constant_lr
439,128192.0,3.912109375,1.0,constant_lr
440,129664.0,3.95703125,1.0,constant_lr
441,131968.0,4.02734375,1.0,constant_lr
442,128896.0,3.93359375,1.0,constant_lr
443,129984.0,3.966796875,1.0,constant_lr
444,129728.0,3.958984375,1.0,constant_lr
445,128512.0,3.921875,1.0,constant_lr
446,130176.0,3.97265625,1.0,constant_lr
447,131904.0,4.025390625,1.0,constant_lr
448,129856.0,3.962890625,1.0,constant_lr
449,130688.0,3.98828125,1.0,constant_lr
450,131456.0,4.01171875,1.0,constant_lr
451,129216.0,3.943359375,1.0,constant_lr
452,129728.0,3.958984375,1.0,constant_lr
453,130816.0,3.9921875,1.0,constant_lr
454,130944.0,3.99609375,1.0,constant_lr
455,128000.0,3.90625,1.0,constant_lr
456,130048.0,3.96875,1.0,constant_lr
457,129984.0,3.966796875,1.0,constant_lr
458,131072.0,4.0,1.0,constant_lr
459,129152.0,3.94140625,1.0,constant_lr
460,128064.0,3.908203125,1.0,constant_lr
461,130624.0,3.986328125,1.0,constant_lr
462,128832.0,3.931640625,1.0,constant_lr
463,127680.0,3.896484375,1.0,constant_lr
464,132032.0,4.029296875,1.0,constant_lr
465,129856.0,3.962890625,1.0,constant_lr
466,130176.0,3.97265625,1.0,constant_lr
467,130368.0,3.978515625,1.0,constant_lr
468,127552.0,3.892578125,1.0,constant_lr
469,129984.0,3.966796875,1.0,constant_lr
470,131648.0,4.017578125,1.0,constant_lr
471,128256.0,3.9140625,1.0,constant_lr
472,130688.0,3.98828125,1.0,constant_lr
473,131264.0,4.005859375,1.0,constant_lr
474,128384.0,3.91796875,1.0,constant_lr
475,129472.0,3.951171875,1.0,constant_lr
476,128832.0,3.931640625,1.0,constant_lr
477,128960.0,3.935546875,1.0,constant_lr
478,129024.0,3.9375,1.0,constant_lr
479,129728.0,3.958984375,1.0,constant_lr
480,128256.0,3.9140625,1.0,constant_lr
481,128384.0,3.91796875,1.0,constant_lr
482,129344.0,3.947265625,1.0,constant_lr
483,125952.0,3.84375,1.0,constant_lr
484,130496.0,3.982421875,1.0,constant_lr
485,130304.0,3.9765625,1.0,constant_lr
486,128064.0,3.908203125,1.0,constant_lr
487,128768.0,3.9296875,1.0,constant_lr
488,132032.0,4.029296875,1.0,constant_lr
489,126144.0,3.849609375,1.0,constant_lr
490,131136.0,4.001953125,1.0,constant_lr
491,128384.0,3.91796875,1.0,constant_lr
492,127616.0,3.89453125,1.0,constant_lr
493,129344.0,3.947265625,1.0,constant_lr
494,129792.0,3.9609375,1.0,constant_lr
495,127296.0,3.884765625,1.0,constant_lr
496,128768.0,3.9296875,1.0,constant_lr
497,128896.0,3.93359375,1.0,constant_lr
498,127936.0,3.904296875,1.0,constant_lr
499,128640.0,3.92578125,1.0,constant_lr
500,130560.0,3.984375,1.0,constant_lr
501,127744.0,3.8984375,1.0,constant_lr
502,129216.0,3.943359375,1.0,constant_lr
503,129856.0,3.962890625,1.0,constant_lr
504,127232.0,3.8828125,1.0,constant_lr
505,128896.0,3.93359375,1.0,constant_lr
506,127168.0,3.880859375,1.0,constant_lr
507,128704.0,3.927734375,1.0,constant_lr
508,128192.0,3.912109375,1.0,constant_lr
509,127424.0,3.888671875,1.0,constant_lr
510,126848.0,3.87109375,1.0,constant_lr
511,130816.0,3.9921875,1.0,constant_lr
512,126208.0,3.8515625,1.0,constant_lr
513,127808.0,3.900390625,1.0,constant_lr
514,131776.0,4.021484375,1.0,constant_lr
515,128128.0,3.91015625,1.0,constant_lr
516,129344.0,3.947265625,1.0,constant_lr
517,128768.0,3.9296875,1.0,constant_lr
518,127744.0,3.8984375,1.0,constant_lr
519,128064.0,3.908203125,1.0,constant_lr
520,129984.0,3.966796875,1.0,constant_lr
521,127808.0,3.900390625,1.0,constant_lr
522,129152.0,3.94140625,1.0,constant_lr
523,127232.0,3.8828125,1.0,constant_lr
524,124928.0,3.8125,1.0,constant_lr
525,128576.0,3.923828125,1.0,constant_lr
526,127488.0,3.890625,1.0,constant_lr
527,127616.0,3.89453125,1.0,constant_lr
528,127616.0,3.89453125,1.0,constant_lr
529,128896.0,3.93359375,1.0,constant_lr
530,127232.0,3.8828125,1.0,constant_lr
531,128576.0,3.923828125,1.0,constant_lr
532,127872.0,3.90234375,1.0,constant_lr
533,128384.0,3.91796875,1.0,constant_lr
534,128640.0,3.92578125,1.0,constant_lr
535,128000.0,3.90625,1.0,constant_lr
536,127680.0,3.896484375,1.0,constant_lr
537,128704.0,3.927734375,1.0,constant_lr
538,127936.0,3.904296875,1.0,constant_lr
539,127232.0,3.8828125,1.0,constant_lr
540,129152.0,3.94140625,1.0,constant_lr
541,127744.0,3.8984375,1.0,constant_lr
542,127680.0,3.896484375,1.0,constant_lr
543,128576.0,3.923828125,1.0,constant_lr
544,129344.0,3.947265625,1.0,constant_lr
545,127424.0,3.888671875,1.0,constant_lr
546,128576.0,3.923828125,1.0,constant_lr
547,126592.0,3.86328125,1.0,constant_lr
548,126912.0,3.873046875,1.0,constant_lr
549,126848.0,3.87109375,1.0,constant_lr
550,125504.0,3.830078125,1.0,constant_lr
551,126528.0,3.861328125,1.0,constant_lr
552,125888.0,3.841796875,1.0,constant_lr
553,126080.0,3.84765625,1.0,constant_lr
554,126336.0,3.85546875,1.0,constant_lr
555,127744.0,3.8984375,1.0,constant_lr
556,127936.0,3.904296875,1.0,constant_lr
557,128640.0,3.92578125,1.0,constant_lr
558,127872.0,3.90234375,1.0,constant_lr
559,127744.0,3.8984375,1.0,constant_lr
560,128512.0,3.921875,1.0,constant_lr
561,127616.0,3.89453125,1.0,constant_lr
562,126528.0,3.861328125,1.0,constant_lr
563,126912.0,3.873046875,1.0,constant_lr
564,127936.0,3.904296875,1.0,constant_lr
565,127040.0,3.876953125,1.0,constant_lr
566,126784.0,3.869140625,1.0,constant_lr
567,126976.0,3.875,1.0,constant_lr
568,127360.0,3.88671875,1.0,constant_lr
569,129920.0,3.96484375,1.0,constant_lr
570,127680.0,3.896484375,1.0,constant_lr
571,126016.0,3.845703125,1.0,constant_lr
572,128512.0,3.921875,1.0,constant_lr
573,123712.0,3.775390625,1.0,constant_lr
574,125760.0,3.837890625,1.0,constant_lr
575,127360.0,3.88671875,1.0,constant_lr
576,125696.0,3.8359375,1.0,constant_lr
577,126656.0,3.865234375,1.0,constant_lr
578,127424.0,3.888671875,1.0,constant_lr
579,125376.0,3.826171875,1.0,constant_lr
580,124608.0,3.802734375,1.0,constant_lr
581,125376.0,3.826171875,1.0,constant_lr
582,124480.0,3.798828125,1.0,constant_lr
583,126912.0,3.873046875,1.0,constant_lr
584,125824.0,3.83984375,1.0,constant_lr
585,125056.0,3.81640625,1.0,constant_lr
586,125760.0,3.837890625,1.0,constant_lr
587,127424.0,3.888671875,1.0,constant_lr
588,124928.0,3.8125,1.0,constant_lr
589,127872.0,3.90234375,1.0,constant_lr
590,126464.0,3.859375,1.0,constant_lr
591,124416.0,3.796875,1.0,constant_lr
592,126208.0,3.8515625,1.0,constant_lr
593,126912.0,3.873046875,1.0,constant_lr
594,127296.0,3.884765625,1.0,constant_lr
595,126848.0,3.87109375,1.0,constant_lr
596,125056.0,3.81640625,1.0,constant_lr
597,124608.0,3.802734375,1.0,constant_lr
598,128704.0,3.927734375,1.0,constant_lr
599,125248.0,3.822265625,1.0,constant_lr
600,126848.0,3.87109375,1.0,constant_lr
601,126400.0,3.857421875,1.0,constant_lr
602,124864.0,3.810546875,1.0,constant_lr
603,124928.0,3.8125,1.0,constant_lr
604,127808.0,3.900390625,1.0,constant_lr
605,125120.0,3.818359375,1.0,constant_lr
606,127616.0,3.89453125,1.0,constant_lr
607,125440.0,3.828125,1.0,constant_lr
608,125248.0,3.822265625,1.0,constant_lr
609,126528.0,3.861328125,1.0,constant_lr
610,126144.0,3.849609375,1.0,constant_lr
611,125632.0,3.833984375,1.0,constant_lr
612,127232.0,3.8828125,1.0,constant_lr
613,125504.0,3.830078125,1.0,constant_lr
614,124480.0,3.798828125,1.0,constant_lr
615,127040.0,3.876953125,1.0,constant_lr
616,124864.0,3.810546875,1.0,constant_lr
617,125632.0,3.833984375,1.0,constant_lr
618,128064.0,3.908203125,1.0,constant_lr
619,125312.0,3.82421875,1.0,constant_lr
620,127296.0,3.884765625,1.0,constant_lr
621,126656.0,3.865234375,1.0,constant_lr
622,125696.0,3.8359375,1.0,constant_lr
623,127488.0,3.890625,1.0,constant_lr
624,126336.0,3.85546875,1.0,constant_lr
625,125376.0,3.826171875,1.0,constant_lr
626,126592.0,3.86328125,1.0,constant_lr
627,126208.0,3.8515625,1.0,constant_lr
628,126080.0,3.84765625,1.0,constant_lr
629,125632.0,3.833984375,1.0,constant_lr
630,125952.0,3.84375,1.0,constant_lr
631,124288.0,3.79296875,1.0,constant_lr
632,125440.0,3.828125,1.0,constant_lr
633,124928.0,3.8125,1.0,constant_lr
634,126528.0,3.861328125,1.0,constant_lr
635,125120.0,3.818359375,1.0,constant_lr
636,123648.0,3.7734375,1.0,constant_lr
637,125184.0,3.8203125,1.0,constant_lr
638,125824.0,3.83984375,1.0,constant_lr
639,125056.0,3.81640625,1.0,constant_lr
640,127552.0,3.892578125,1.0,constant_lr
641,126528.0,3.861328125,1.0,constant_lr
642,125952.0,3.84375,1.0,constant_lr
643,126336.0,3.85546875,1.0,constant_lr
644,124672.0,3.8046875,1.0,constant_lr
645,125760.0,3.837890625,1.0,constant_lr
646,125248.0,3.822265625,1.0,constant_lr
647,124352.0,3.794921875,1.0,constant_lr
648,123456.0,3.767578125,1.0,constant_lr
649,125312.0,3.82421875,1.0,constant_lr
650,124672.0,3.8046875,1.0,constant_lr
651,126208.0,3.8515625,1.0,constant_lr
652,125248.0,3.822265625,1.0,constant_lr
653,125440.0,3.828125,1.0,constant_lr
654,127040.0,3.876953125,1.0,constant_lr
655,127872.0,3.90234375,1.0,constant_lr
656,122048.0,3.724609375,1.0,constant_lr
657,125376.0,3.826171875,1.0,constant_lr
658,122432.0,3.736328125,1.0,constant_lr
659,122688.0,3.744140625,1.0,constant_lr
660,128128.0,3.91015625,1.0,constant_lr
661,125120.0,3.818359375,1.0,constant_lr
662,124672.0,3.8046875,1.0,constant_lr
663,125504.0,3.830078125,1.0,constant_lr
664,122560.0,3.740234375,1.0,constant_lr
665,123968.0,3.783203125,1.0,constant_lr
666,126208.0,3.8515625,1.0,constant_lr
667,122368.0,3.734375,1.0,constant_lr
668,124736.0,3.806640625,1.0,constant_lr
669,125760.0,3.837890625,1.0,constant_lr
670,125184.0,3.8203125,1.0,constant_lr
671,124672.0,3.8046875,1.0,constant_lr
672,125440.0,3.828125,1.0,constant_lr
673,124096.0,3.787109375,1.0,constant_lr
674,127488.0,3.890625,1.0,constant_lr
675,123776.0,3.77734375,1.0,constant_lr
676,124288.0,3.79296875,1.0,constant_lr
677,126912.0,3.873046875,1.0,constant_lr
678,124928.0,3.8125,1.0,constant_lr
679,125888.0,3.841796875,1.0,constant_lr
680,123456.0,3.767578125,1.0,constant_lr
681,124928.0,3.8125,1.0,constant_lr
682,125120.0,3.818359375,1.0,constant_lr
683,123712.0,3.775390625,1.0,constant_lr
684,124544.0,3.80078125,1.0,constant_lr
685,126336.0,3.85546875,1.0,constant_lr
686,123520.0,3.76953125,1.0,constant_lr
687,124928.0,3.8125,1.0,constant_lr
688,126016.0,3.845703125,1.0,constant_lr
689,124416.0,3.796875,1.0,constant_lr
690,125056.0,3.81640625,1.0,constant_lr
691,126464.0,3.859375,1.0,constant_lr
692,124416.0,3.796875,1.0,constant_lr
693,126336.0,3.85546875,1.0,constant_lr
694,123648.0,3.7734375,1.0,constant_lr
695,125440.0,3.828125,1.0,constant_lr
696,126208.0,3.8515625,1.0,constant_lr
697,124352.0,3.794921875,1.0,constant_lr
698,122048.0,3.724609375,1.0,constant_lr
699,124864.0,3.810546875,1.0,constant_lr
700,123584.0,3.771484375,1.0,constant_lr
701,124608.0,3.802734375,1.0,constant_lr
702,124352.0,3.794921875,1.0,constant_lr
703,124992.0,3.814453125,1.0,constant_lr
704,123840.0,3.779296875,1.0,constant_lr
705,123584.0,3.771484375,1.0,constant_lr
706,124544.0,3.80078125,1.0,constant_lr
707,124672.0,3.8046875,1.0,constant_lr
708,125632.0,3.833984375,1.0,constant_lr
709,124480.0,3.798828125,1.0,constant_lr
710,124224.0,3.791015625,1.0,constant_lr
711,124672.0,3.8046875,1.0,constant_lr
712,123648.0,3.7734375,1.0,constant_lr
713,123264.0,3.76171875,1.0,constant_lr
714,122304.0,3.732421875,1.0,constant_lr
715,122688.0,3.744140625,1.0,constant_lr
716,124992.0,3.814453125,1.0,constant_lr
717,123136.0,3.7578125,1.0,constant_lr
718,125056.0,3.81640625,1.0,constant_lr
719,125120.0,3.818359375,1.0,constant_lr
720,124416.0,3.796875,1.0,constant_lr
721,126208.0,3.8515625,1.0,constant_lr
722,123200.0,3.759765625,1.0,constant_lr
723,124224.0,3.791015625,1.0,constant_lr
724,125632.0,3.833984375,1.0,constant_lr
725,123328.0,3.763671875,1.0,constant_lr
726,126784.0,3.869140625,1.0,constant_lr
727,123392.0,3.765625,1.0,constant_lr
728,125440.0,3.828125,1.0,constant_lr
729,123584.0,3.771484375,1.0,constant_lr
730,124288.0,3.79296875,1.0,constant_lr
731,122304.0,3.732421875,1.0,constant_lr
732,125376.0,3.826171875,1.0,constant_lr
733,124800.0,3.80859375,1.0,constant_lr
734,121344.0,3.703125,1.0,constant_lr
735,123968.0,3.783203125,1.0,constant_lr
736,123072.0,3.755859375,1.0,constant_lr
737,122432.0,3.736328125,1.0,constant_lr
738,123776.0,3.77734375,1.0,constant_lr
739,124800.0,3.80859375,1.0,constant_lr
740,124352.0,3.794921875,1.0,constant_lr
741,124992.0,3.814453125,1.0,constant_lr
742,122816.0,3.748046875,1.0,constant_lr
743,124864.0,3.810546875,1.0,constant_lr
744,122752.0,3.74609375,1.0,constant_lr
745,122368.0,3.734375,1.0,constant_lr
746,126272.0,3.853515625,1.0,constant_lr
747,122624.0,3.7421875,1.0,constant_lr
748,123392.0,3.765625,1.0,constant_lr
749,124672.0,3.8046875,1.0,constant_lr
750,124032.0,3.78515625,1.0,constant_lr
751,123392.0,3.765625,1.0,constant_lr
752,124480.0,3.798828125,1.0,constant_lr
753,125184.0,3.8203125,1.0,constant_lr
754,125184.0,3.8203125,1.0,constant_lr
755,125696.0,3.8359375,1.0,constant_lr
756,121344.0,3.703125,1.0,constant_lr
757,123584.0,3.771484375,1.0,constant_lr
758,124480.0,3.798828125,1.0,constant_lr
759,122560.0,3.740234375,1.0,constant_lr
760,123712.0,3.775390625,1.0,constant_lr
761,123712.0,3.775390625,1.0,constant_lr
762,124800.0,3.80859375,1.0,constant_lr
763,123520.0,3.76953125,1.0,constant_lr
764,123584.0,3.771484375,1.0,constant_lr
765,124288.0,3.79296875,1.0,constant_lr
766,124736.0,3.806640625,1.0,constant_lr
767,121600.0,3.7109375,1.0,constant_lr
768,123648.0,3.7734375,1.0,constant_lr
769,121600.0,3.7109375,1.0,constant_lr
770,122112.0,3.7265625,1.0,constant_lr
771,122688.0,3.744140625,1.0,constant_lr
772,124800.0,3.80859375,1.0,constant_lr
773,122304.0,3.732421875,1.0,constant_lr
774,123264.0,3.76171875,1.0,constant_lr
775,123200.0,3.759765625,1.0,constant_lr
776,123840.0,3.779296875,1.0,constant_lr
777,123392.0,3.765625,1.0,constant_lr
778,120576.0,3.6796875,1.0,constant_lr
779,123456.0,3.767578125,1.0,constant_lr
780,125184.0,3.8203125,1.0,constant_lr
781,122176.0,3.728515625,1.0,constant_lr
782,123264.0,3.76171875,1.0,constant_lr
783,121088.0,3.6953125,1.0,constant_lr
784,121088.0,3.6953125,1.0,constant_lr
785,124096.0,3.787109375,1.0,constant_lr
786,120704.0,3.68359375,1.0,constant_lr
787,122624.0,3.7421875,1.0,constant_lr
788,124480.0,3.798828125,1.0,constant_lr
789,120192.0,3.66796875,1.0,constant_lr
790,124800.0,3.80859375,1.0,constant_lr
791,121984.0,3.72265625,1.0,constant_lr
792,122368.0,3.734375,1.0,constant_lr
793,124416.0,3.796875,1.0,constant_lr
794,120704.0,3.68359375,1.0,constant_lr
795,122688.0,3.744140625,1.0,constant_lr
796,124416.0,3.796875,1.0,constant_lr
797,123008.0,3.75390625,1.0,constant_lr
798,121792.0,3.716796875,1.0,constant_lr
799,122112.0,3.7265625,1.0,constant_lr
800,121728.0,3.71484375,1.0,constant_lr
801,123008.0,3.75390625,1.0,constant_lr
802,122560.0,3.740234375,1.0,constant_lr
803,119808.0,3.65625,1.0,constant_lr
804,122816.0,3.748046875,1.0,constant_lr
805,123072.0,3.755859375,1.0,constant_lr
806,120256.0,3.669921875,1.0,constant_lr
807,123776.0,3.77734375,1.0,constant_lr
808,118848.0,3.626953125,1.0,constant_lr
809,121856.0,3.71875,1.0,constant_lr
810,122240.0,3.73046875,1.0,constant_lr
811,121280.0,3.701171875,1.0,constant_lr
812,122880.0,3.75,1.0,constant_lr
813,122432.0,3.736328125,1.0,constant_lr
814,120704.0,3.68359375,1.0,constant_lr
815,123840.0,3.779296875,1.0,constant_lr
816,120064.0,3.6640625,1.0,constant_lr
817,121152.0,3.697265625,1.0,constant_lr
818,123136.0,3.7578125,1.0,constant_lr
819,120064.0,3.6640625,1.0,constant_lr
820,122624.0,3.7421875,1.0,constant_lr
821,122496.0,3.73828125,1.0,constant_lr
822,119040.0,3.6328125,1.0,constant_lr
823,121280.0,3.701171875,1.0,constant_lr
824,121920.0,3.720703125,1.0,constant_lr
825,120896.0,3.689453125,1.0,constant_lr
826,121792.0,3.716796875,1.0,constant_lr
827,122688.0,3.744140625,1.0,constant_lr
828,120448.0,3.67578125,1.0,constant_lr
829,123008.0,3.75390625,1.0,constant_lr
830,121088.0,3.6953125,1.0,constant_lr
831,120960.0,3.69140625,1.0,constant_lr
832,123392.0,3.765625,1.0,constant_lr
833,121408.0,3.705078125,1.0,constant_lr
834,121856.0,3.71875,1.0,constant_lr
835,120448.0,3.67578125,1.0,constant_lr
836,120384.0,3.673828125,1.0,constant_lr
837,122688.0,3.744140625,1.0,constant_lr
838,122432.0,3.736328125,1.0,constant_lr
839,120576.0,3.6796875,1.0,constant_lr
840,124096.0,3.787109375,1.0,constant_lr
841,122496.0,3.73828125,1.0,constant_lr
842,119936.0,3.66015625,1.0,constant_lr
843,121920.0,3.720703125,1.0,constant_lr
844,120064.0,3.6640625,1.0,constant_lr
845,122752.0,3.74609375,1.0,constant_lr
846,124608.0,3.802734375,1.0,constant_lr
847,120448.0,3.67578125,1.0,constant_lr
848,121472.0,3.70703125,1.0,constant_lr
849,123008.0,3.75390625,1.0,constant_lr
850,119232.0,3.638671875,1.0,constant_lr
851,122240.0,3.73046875,1.0,constant_lr
852,121344.0,3.703125,1.0,constant_lr
853,120832.0,3.6875,1.0,constant_lr
854,121600.0,3.7109375,1.0,constant_lr
855,119296.0,3.640625,1.0,constant_lr
856,122240.0,3.73046875,1.0,constant_lr
857,122752.0,3.74609375,1.0,constant_lr
858,119680.0,3.65234375,1.0,constant_lr
859,121920.0,3.720703125,1.0,constant_lr
860,122240.0,3.73046875,1.0,constant_lr
861,119552.0,3.6484375,1.0,constant_lr
862,122688.0,3.744140625,1.0,constant_lr
863,119424.0,3.64453125,1.0,constant_lr
864,121472.0,3.70703125,1.0,constant_lr
865,123008.0,3.75390625,1.0,constant_lr
866,120704.0,3.68359375,1.0,constant_lr
867,120960.0,3.69140625,1.0,constant_lr
868,121600.0,3.7109375,1.0,constant_lr
869,119872.0,3.658203125,1.0,constant_lr
870,122176.0,3.728515625,1.0,constant_lr
871,121024.0,3.693359375,1.0,constant_lr
872,118400.0,3.61328125,1.0,constant_lr
873,120064.0,3.6640625,1.0,constant_lr
874,120704.0,3.68359375,1.0,constant_lr
875,118912.0,3.62890625,1.0,constant_lr
876,122880.0,3.75,1.0,constant_lr
877,122304.0,3.732421875,1.0,constant_lr
878,120576.0,3.6796875,1.0,constant_lr
879,120192.0,3.66796875,1.0,constant_lr
880,120384.0,3.673828125,1.0,constant_lr
881,122688.0,3.744140625,1.0,constant_lr
882,122048.0,3.724609375,1.0,constant_lr
883,119936.0,3.66015625,1.0,constant_lr
884,122688.0,3.744140625,1.0,constant_lr
885,119744.0,3.654296875,1.0,constant_lr
886,118080.0,3.603515625,1.0,constant_lr
887,123200.0,3.759765625,1.0,constant_lr
888,119296.0,3.640625,1.0,constant_lr
889,121600.0,3.7109375,1.0,constant_lr
890,121600.0,3.7109375,1.0,constant_lr
891,120768.0,3.685546875,1.0,constant_lr
892,123712.0,3.775390625,1.0,constant_lr
893,121600.0,3.7109375,1.0,constant_lr
894,119360.0,3.642578125,1.0,constant_lr
895,121536.0,3.708984375,1.0,constant_lr
896,117824.0,3.595703125,1.0,constant_lr
897,121280.0,3.701171875,1.0,constant_lr
898,121280.0,3.701171875,1.0,constant_lr
899,120256.0,3.669921875,1.0,constant_lr
900,121216.0,3.69921875,1.0,constant_lr
901,121984.0,3.72265625,1.0,constant_lr
902,119616.0,3.650390625,1.0,constant_lr
903,120768.0,3.685546875,1.0,constant_lr
904,121344.0,3.703125,1.0,constant_lr
905,120448.0,3.67578125,1.0,constant_lr
906,121152.0,3.697265625,1.0,constant_lr
907,120064.0,3.6640625,1.0,constant_lr
908,119936.0,3.66015625,1.0,constant_lr
909,121664.0,3.712890625,1.0,constant_lr
910,118784.0,3.625,1.0,constant_lr
911,121472.0,3.70703125,1.0,constant_lr
912,119488.0,3.646484375,1.0,constant_lr
913,120640.0,3.681640625,1.0,constant_lr
914,119616.0,3.650390625,1.0,constant_lr
915,119296.0,3.640625,1.0,constant_lr
916,121088.0,3.6953125,1.0,constant_lr
917,121920.0,3.720703125,1.0,constant_lr
918,119232.0,3.638671875,1.0,constant_lr
919,120704.0,3.68359375,1.0,constant_lr
920,123072.0,3.755859375,1.0,constant_lr
921,120000.0,3.662109375,1.0,constant_lr
922,120896.0,3.689453125,1.0,constant_lr
923,119616.0,3.650390625,1.0,constant_lr
924,119680.0,3.65234375,1.0,constant_lr
925,121344.0,3.703125,1.0,constant_lr
926,120512.0,3.677734375,1.0,constant_lr
927,119872.0,3.658203125,1.0,constant_lr
928,121024.0,3.693359375,1.0,constant_lr
929,118976.0,3.630859375,1.0,constant_lr
930,120768.0,3.685546875,1.0,constant_lr
931,120384.0,3.673828125,1.0,constant_lr
932,122496.0,3.73828125,1.0,constant_lr
933,121728.0,3.71484375,1.0,constant_lr
934,119424.0,3.64453125,1.0,constant_lr
935,120640.0,3.681640625,1.0,constant_lr
936,119488.0,3.646484375,1.0,constant_lr
937,119936.0,3.66015625,1.0,constant_lr
938,120448.0,3.67578125,1.0,constant_lr
939,119808.0,3.65625,1.0,constant_lr
940,120064.0,3.6640625,1.0,constant_lr
941,122112.0,3.7265625,1.0,constant_lr
942,118400.0,3.61328125,1.0,constant_lr
943,119040.0,3.6328125,1.0,constant_lr
944,121472.0,3.70703125,1.0,constant_lr
945,119232.0,3.638671875,1.0,constant_lr
946,121024.0,3.693359375,1.0,constant_lr
947,121536.0,3.708984375,1.0,constant_lr
948,119744.0,3.654296875,1.0,constant_lr
949,121344.0,3.703125,1.0,constant_lr
950,119872.0,3.658203125,1.0,constant_lr
951,119168.0,3.63671875,1.0,constant_lr
952,118784.0,3.625,1.0,constant_lr
953,121280.0,3.701171875,1.0,constant_lr
954,120960.0,3.69140625,1.0,constant_lr
955,121088.0,3.6953125,1.0,constant_lr
956,122048.0,3.724609375,1.0,constant_lr
957,120000.0,3.662109375,1.0,constant_lr
958,119104.0,3.634765625,1.0,constant_lr
959,121344.0,3.703125,1.0,constant_lr
960,119360.0,3.642578125,1.0,constant_lr
961,120448.0,3.67578125,1.0,constant_lr
962,121280.0,3.701171875,1.0,constant_lr
963,119808.0,3.65625,1.0,constant_lr
964,119488.0,3.646484375,1.0,constant_lr
965,121664.0,3.712890625,1.0,constant_lr
966,120000.0,3.662109375,1.0,constant_lr
967,122048.0,3.724609375,1.0,constant_lr
968,119040.0,3.6328125,1.0,constant_lr
969,120512.0,3.677734375,1.0,constant_lr
970,122816.0,3.748046875,1.0,constant_lr
971,121472.0,3.70703125,1.0,constant_lr
972,119744.0,3.654296875,1.0,constant_lr
973,121216.0,3.69921875,1.0,constant_lr
974,120320.0,3.671875,1.0,constant_lr
975,120640.0,3.681640625,1.0,constant_lr
976,119936.0,3.66015625,1.0,constant_lr
977,119040.0,3.6328125,1.0,constant_lr
978,122624.0,3.7421875,1.0,constant_lr
979,118784.0,3.625,1.0,constant_lr
980,120192.0,3.66796875,1.0,constant_lr
981,121536.0,3.708984375,1.0,constant_lr
982,120000.0,3.662109375,1.0,constant_lr
983,121472.0,3.70703125,1.0,constant_lr
984,120896.0,3.689453125,1.0,constant_lr
985,118272.0,3.609375,1.0,constant_lr
986,121344.0,3.703125,1.0,constant_lr
987,118592.0,3.619140625,1.0,constant_lr
988,119616.0,3.650390625,1.0,constant_lr
989,120064.0,3.6640625,1.0,constant_lr
990,117760.0,3.59375,1.0,constant_lr
991,122688.0,3.744140625,1.0,constant_lr
992,120192.0,3.66796875,1.0,constant_lr
993,118848.0,3.626953125,1.0,constant_lr
994,120768.0,3.685546875,1.0,constant_lr
995,118592.0,3.619140625,1.0,constant_lr
996,120640.0,3.681640625,1.0,constant_lr
997,122624.0,3.7421875,1.0,constant_lr
998,118528.0,3.6171875,1.0,constant_lr
999,119488.0,3.646484375,1.0,constant_lr
1000,121472.0,3.70703125,1.0,constant_lr
1001,119296.0,3.640625,1.0,constant_lr
1002,120064.0,3.6640625,1.0,constant_lr
1003,120320.0,3.671875,1.0,constant_lr
1004,118464.0,3.615234375,1.0,constant_lr
1005,122112.0,3.7265625,1.0,constant_lr
1006,119680.0,3.65234375,1.0,constant_lr
1007,119872.0,3.658203125,1.0,constant_lr
1008,120768.0,3.685546875,1.0,constant_lr
1009,118400.0,3.61328125,1.0,constant_lr
1010,119936.0,3.66015625,1.0,constant_lr
1011,121536.0,3.708984375,1.0,constant_lr
1012,118784.0,3.625,1.0,constant_lr
1013,119808.0,3.65625,1.0,constant_lr
1014,119680.0,3.65234375,1.0,constant_lr
1015,119488.0,3.646484375,1.0,constant_lr
1016,120576.0,3.6796875,1.0,constant_lr
1017,118080.0,3.603515625,1.0,constant_lr
1018,120192.0,3.66796875,1.0,constant_lr
1019,119360.0,3.642578125,1.0,constant_lr
1020,117888.0,3.59765625,1.0,constant_lr
1021,120768.0,3.685546875,1.0,constant_lr
1022,118016.0,3.6015625,1.0,constant_lr
1023,119680.0,3.65234375,1.0,constant_lr
1024,119680.0,3.65234375,1.0,constant_lr
1025,119168.0,3.63671875,1.0,constant_lr
1026,119104.0,3.634765625,1.0,constant_lr
1027,120768.0,3.685546875,1.0,constant_lr
1028,118528.0,3.6171875,1.0,constant_lr
1029,118976.0,3.630859375,1.0,constant_lr
1030,120000.0,3.662109375,1.0,constant_lr
1031,120832.0,3.6875,1.0,constant_lr
1032,120256.0,3.669921875,1.0,constant_lr
1033,119616.0,3.650390625,1.0,constant_lr
1034,119488.0,3.646484375,1.0,constant_lr
1035,124288.0,3.79296875,1.0,constant_lr
1036,118720.0,3.623046875,1.0,constant_lr
1037,121152.0,3.697265625,1.0,constant_lr
1038,120128.0,3.666015625,1.0,constant_lr
1039,120000.0,3.662109375,1.0,constant_lr
1040,120640.0,3.681640625,1.0,constant_lr
1041,120896.0,3.689453125,1.0,constant_lr
1042,119232.0,3.638671875,1.0,constant_lr
1043,121280.0,3.701171875,1.0,constant_lr
1044,119296.0,3.640625,1.0,constant_lr
1045,120768.0,3.685546875,1.0,constant_lr
1046,120320.0,3.671875,1.0,constant_lr
1047,117312.0,3.580078125,1.0,constant_lr
1048,119552.0,3.6484375,1.0,constant_lr
1049,120000.0,3.662109375,1.0,constant_lr
1050,118080.0,3.603515625,1.0,constant_lr
1051,119232.0,3.638671875,1.0,constant_lr
1052,117952.0,3.599609375,1.0,constant_lr
1053,118912.0,3.62890625,1.0,constant_lr
1054,120320.0,3.671875,1.0,constant_lr
1055,118400.0,3.61328125,1.0,constant_lr
1056,119808.0,3.65625,1.0,constant_lr
1057,119808.0,3.65625,1.0,constant_lr
1058,118144.0,3.60546875,1.0,constant_lr
1059,120192.0,3.66796875,1.0,constant_lr
1060,118336.0,3.611328125,1.0,constant_lr
1061,119680.0,3.65234375,1.0,constant_lr
1062,118144.0,3.60546875,1.0,constant_lr
1063,119296.0,3.640625,1.0,constant_lr
1064,119488.0,3.646484375,1.0,constant_lr
1065,119040.0,3.6328125,1.0,constant_lr
1066,120192.0,3.66796875,1.0,constant_lr
1067,119808.0,3.65625,1.0,constant_lr
1068,118848.0,3.626953125,1.0,constant_lr
1069,120320.0,3.671875,1.0,constant_lr
1070,120704.0,3.68359375,1.0,constant_lr
1071,117248.0,3.578125,1.0,constant_lr
1072,120064.0,3.6640625,1.0,constant_lr
1073,119808.0,3.65625,1.0,constant_lr
1074,120256.0,3.669921875,1.0,constant_lr
1075,120576.0,3.6796875,1.0,constant_lr
1076,120064.0,3.6640625,1.0,constant_lr
1077,119936.0,3.66015625,1.0,constant_lr
1078,120448.0,3.67578125,1.0,constant_lr
1079,119040.0,3.6328125,1.0,constant_lr
1080,120960.0,3.69140625,1.0,constant_lr
1081,118528.0,3.6171875,1.0,constant_lr
1082,121024.0,3.693359375,1.0,constant_lr
1083,119360.0,3.642578125,1.0,constant_lr
1084,118016.0,3.6015625,1.0,constant_lr
1085,119104.0,3.634765625,1.0,constant_lr
1086,118656.0,3.62109375,1.0,constant_lr
1087,117504.0,3.5859375,1.0,constant_lr
1088,120832.0,3.6875,1.0,constant_lr
1089,117312.0,3.580078125,1.0,constant_lr
1090,117376.0,3.58203125,1.0,constant_lr
1091,122944.0,3.751953125,1.0,constant_lr
1092,118080.0,3.603515625,1.0,constant_lr
1093,119424.0,3.64453125,1.0,constant_lr
1094,119680.0,3.65234375,1.0,constant_lr
1095,117952.0,3.599609375,1.0,constant_lr
1096,119104.0,3.634765625,1.0,constant_lr
1097,119424.0,3.64453125,1.0,constant_lr
1098,119040.0,3.6328125,1.0,constant_lr
1099,119808.0,3.65625,1.0,constant_lr
1100,120000.0,3.662109375,1.0,constant_lr
1101,120512.0,3.677734375,1.0,constant_lr
1102,121728.0,3.71484375,1.0,constant_lr
1103,118784.0,3.625,1.0,constant_lr
1104,121024.0,3.693359375,1.0,constant_lr
1105,119744.0,3.654296875,1.0,constant_lr
1106,117376.0,3.58203125,1.0,constant_lr
1107,118336.0,3.611328125,1.0,constant_lr
1108,118720.0,3.623046875,1.0,constant_lr
1109,118976.0,3.630859375,1.0,constant_lr
1110,118656.0,3.62109375,1.0,constant_lr
1111,119104.0,3.634765625,1.0,constant_lr
1112,119680.0,3.65234375,1.0,constant_lr
1113,119936.0,3.66015625,1.0,constant_lr
1114,118016.0,3.6015625,1.0,constant_lr
1115,119168.0,3.63671875,1.0,constant_lr
1116,120576.0,3.6796875,1.0,constant_lr
1117,117632.0,3.58984375,1.0,constant_lr
1118,120000.0,3.662109375,1.0,constant_lr
1119,116224.0,3.546875,1.0,constant_lr
1120,119680.0,3.65234375,1.0,constant_lr
1121,120256.0,3.669921875,1.0,constant_lr
1122,117952.0,3.599609375,1.0,constant_lr
1123,118912.0,3.62890625,1.0,constant_lr
1124,117376.0,3.58203125,1.0,constant_lr
1125,118080.0,3.603515625,1.0,constant_lr
1126,121664.0,3.712890625,1.0,constant_lr
1127,117568.0,3.587890625,1.0,constant_lr
1128,120000.0,3.662109375,1.0,constant_lr
1129,118016.0,3.6015625,1.0,constant_lr
1130,118592.0,3.619140625,1.0,constant_lr
1131,120832.0,3.6875,1.0,constant_lr
1132,117376.0,3.58203125,1.0,constant_lr
1133,119424.0,3.64453125,1.0,constant_lr
1134,120192.0,3.66796875,1.0,constant_lr
1135,116096.0,3.54296875,1.0,constant_lr
1136,118208.0,3.607421875,1.0,constant_lr
1137,119360.0,3.642578125,1.0,constant_lr
1138,118912.0,3.62890625,1.0,constant_lr
1139,118720.0,3.623046875,1.0,constant_lr
1140,119424.0,3.64453125,1.0,constant_lr
1141,118080.0,3.603515625,1.0,constant_lr
1142,119872.0,3.658203125,1.0,constant_lr
1143,117440.0,3.583984375,1.0,constant_lr
1144,121216.0,3.69921875,1.0,constant_lr
1145,119360.0,3.642578125,1.0,constant_lr
1146,117312.0,3.580078125,1.0,constant_lr
1147,119168.0,3.63671875,1.0,constant_lr
1148,117888.0,3.59765625,1.0,constant_lr
1149,118528.0,3.6171875,1.0,constant_lr
1150,119488.0,3.646484375,1.0,constant_lr
1151,116608.0,3.55859375,1.0,constant_lr
1152,120192.0,3.66796875,1.0,constant_lr
1153,119296.0,3.640625,1.0,constant_lr
1154,117504.0,3.5859375,1.0,constant_lr
1155,119232.0,3.638671875,1.0,constant_lr
1156,118336.0,3.611328125,1.0,constant_lr
1157,117440.0,3.583984375,1.0,constant_lr
1158,118592.0,3.619140625,1.0,constant_lr
1159,115584.0,3.52734375,1.0,constant_lr
1160,120256.0,3.669921875,1.0,constant_lr
1161,119232.0,3.638671875,1.0,constant_lr
1162,116672.0,3.560546875,1.0,constant_lr
1163,119104.0,3.634765625,1.0,constant_lr
1164,116224.0,3.546875,1.0,constant_lr
1165,117696.0,3.591796875,1.0,constant_lr
1166,118592.0,3.619140625,1.0,constant_lr
1167,118464.0,3.615234375,1.0,constant_lr
1168,118080.0,3.603515625,1.0,constant_lr
1169,119872.0,3.658203125,1.0,constant_lr
1170,117824.0,3.595703125,1.0,constant_lr
1171,119040.0,3.6328125,1.0,constant_lr
1172,116352.0,3.55078125,1.0,constant_lr
1173,117248.0,3.578125,1.0,constant_lr
1174,118592.0,3.619140625,1.0,constant_lr
1175,118208.0,3.607421875,1.0,constant_lr
1176,117696.0,3.591796875,1.0,constant_lr
1177,116416.0,3.552734375,1.0,constant_lr
1178,118400.0,3.61328125,1.0,constant_lr
1179,118272.0,3.609375,1.0,constant_lr
1180,116416.0,3.552734375,1.0,constant_lr
1181,119488.0,3.646484375,1.0,constant_lr
1182,118784.0,3.625,1.0,constant_lr
1183,116992.0,3.5703125,1.0,constant_lr
1184,118080.0,3.603515625,1.0,constant_lr
1185,118784.0,3.625,1.0,constant_lr
1186,117696.0,3.591796875,1.0,constant_lr
1187,118400.0,3.61328125,1.0,constant_lr
1188,118528.0,3.6171875,1.0,constant_lr
1189,119040.0,3.6328125,1.0,constant_lr
1190,115776.0,3.533203125,1.0,constant_lr
1191,116608.0,3.55859375,1.0,constant_lr
1192,120896.0,3.689453125,1.0,constant_lr
1193,116992.0,3.5703125,1.0,constant_lr
1194,119744.0,3.654296875,1.0,constant_lr
1195,118720.0,3.623046875,1.0,constant_lr
1196,118528.0,3.6171875,1.0,constant_lr
1197,119232.0,3.638671875,1.0,constant_lr
1198,117760.0,3.59375,1.0,constant_lr
1199,118208.0,3.607421875,1.0,constant_lr
1200,120896.0,3.689453125,1.0,constant_lr
1201,116544.0,3.556640625,1.0,constant_lr
1202,119168.0,3.63671875,1.0,constant_lr
1203,119488.0,3.646484375,1.0,constant_lr
1204,118400.0,3.61328125,1.0,constant_lr
1205,120512.0,3.677734375,1.0,constant_lr
1206,116224.0,3.546875,1.0,constant_lr
1207,117376.0,3.58203125,1.0,constant_lr
1208,119680.0,3.65234375,1.0,constant_lr
1209,114688.0,3.5,1.0,constant_lr
1210,119040.0,3.6328125,1.0,constant_lr
1211,116928.0,3.568359375,1.0,constant_lr
1212,118208.0,3.607421875,1.0,constant_lr
1213,119168.0,3.63671875,1.0,constant_lr
1214,116416.0,3.552734375,1.0,constant_lr
1215,118976.0,3.630859375,1.0,constant_lr
1216,119616.0,3.650390625,1.0,constant_lr
1217,119552.0,3.6484375,1.0,constant_lr
1218,117568.0,3.587890625,1.0,constant_lr
1219,119296.0,3.640625,1.0,constant_lr
1220,118144.0,3.60546875,1.0,constant_lr
1221,122176.0,3.728515625,1.0,constant_lr
1222,118720.0,3.623046875,1.0,constant_lr
1223,120384.0,3.673828125,1.0,constant_lr
1224,117824.0,3.595703125,1.0,constant_lr
1225,118272.0,3.609375,1.0,constant_lr
1226,120256.0,3.669921875,1.0,constant_lr
1227,117760.0,3.59375,1.0,constant_lr
1228,119680.0,3.65234375,1.0,constant_lr
1229,119424.0,3.64453125,1.0,constant_lr
1230,117376.0,3.58203125,1.0,constant_lr
1231,119424.0,3.64453125,1.0,constant_lr
1232,118848.0,3.626953125,1.0,constant_lr
1233,118912.0,3.62890625,1.0,constant_lr
1234,116288.0,3.548828125,1.0,constant_lr
1235,118848.0,3.626953125,1.0,constant_lr
1236,118080.0,3.603515625,1.0,constant_lr
1237,117568.0,3.587890625,1.0,constant_lr
1238,118784.0,3.625,1.0,constant_lr
1239,117760.0,3.59375,1.0,constant_lr
1240,115456.0,3.5234375,1.0,constant_lr
1241,118656.0,3.62109375,1.0,constant_lr
1242,116416.0,3.552734375,1.0,constant_lr
1243,118400.0,3.61328125,1.0,constant_lr
1244,118912.0,3.62890625,1.0,constant_lr
1245,117568.0,3.587890625,1.0,constant_lr
1246,117696.0,3.591796875,1.0,constant_lr
1247,117312.0,3.580078125,1.0,constant_lr
1248,115968.0,3.5390625,1.0,constant_lr
1249,119424.0,3.64453125,1.0,constant_lr
1250,116736.0,3.5625,1.0,constant_lr
1251,117696.0,3.591796875,1.0,constant_lr
1252,117504.0,3.5859375,1.0,constant_lr
1253,119168.0,3.63671875,1.0,constant_lr
1254,118784.0,3.625,1.0,constant_lr
1255,118272.0,3.609375,1.0,constant_lr
1256,118016.0,3.6015625,1.0,constant_lr
1257,120896.0,3.689453125,1.0,constant_lr
1258,119488.0,3.646484375,1.0,constant_lr
1259,117376.0,3.58203125,1.0,constant_lr
1260,118976.0,3.630859375,0.9995633187772927,lr_cooldown
1261,117056.0,3.572265625,0.9986899563318777,lr_cooldown
1262,118656.0,3.62109375,0.9978165938864628,lr_cooldown
1263,117888.0,3.59765625,0.9969432314410479,lr_cooldown
1264,116736.0,3.5625,0.9960698689956332,lr_cooldown
1265,117632.0,3.58984375,0.9951965065502183,lr_cooldown
1266,117696.0,3.591796875,0.9943231441048034,lr_cooldown
1267,119744.0,3.654296875,0.9934497816593887,lr_cooldown
1268,116096.0,3.54296875,0.9925764192139738,lr_cooldown
1269,117632.0,3.58984375,0.9917030567685589,lr_cooldown
1270,116352.0,3.55078125,0.9908296943231442,lr_cooldown
1271,118144.0,3.60546875,0.9899563318777292,lr_cooldown
1272,117696.0,3.591796875,0.9890829694323143,lr_cooldown
1273,116352.0,3.55078125,0.9882096069868996,lr_cooldown
1274,119168.0,3.63671875,0.9873362445414847,lr_cooldown
1275,118592.0,3.619140625,0.9864628820960698,lr_cooldown
1276,116736.0,3.5625,0.9855895196506551,lr_cooldown
1277,119168.0,3.63671875,0.9847161572052402,lr_cooldown
1278,117696.0,3.591796875,0.9838427947598253,lr_cooldown
1279,118080.0,3.603515625,0.9829694323144104,lr_cooldown
1280,119296.0,3.640625,0.9820960698689957,lr_cooldown
1281,118464.0,3.615234375,0.9812227074235808,lr_cooldown
1282,118208.0,3.607421875,0.9803493449781658,lr_cooldown
1283,116288.0,3.548828125,0.9794759825327511,lr_cooldown
1284,120768.0,3.685546875,0.9786026200873362,lr_cooldown
1285,118400.0,3.61328125,0.9777292576419213,lr_cooldown
1286,116160.0,3.544921875,0.9768558951965066,lr_cooldown
1287,118656.0,3.62109375,0.9759825327510917,lr_cooldown
1288,116480.0,3.5546875,0.9751091703056768,lr_cooldown
1289,118592.0,3.619140625,0.9742358078602621,lr_cooldown
1290,117824.0,3.595703125,0.9733624454148472,lr_cooldown
1291,117760.0,3.59375,0.9724890829694323,lr_cooldown
1292,117952.0,3.599609375,0.9716157205240173,lr_cooldown
1293,116608.0,3.55859375,0.9707423580786027,lr_cooldown
1294,117376.0,3.58203125,0.9698689956331877,lr_cooldown
1295,118208.0,3.607421875,0.9689956331877728,lr_cooldown
1296,116480.0,3.5546875,0.9681222707423581,lr_cooldown
1297,120192.0,3.66796875,0.9672489082969432,lr_cooldown
1298,116416.0,3.552734375,0.9663755458515283,lr_cooldown
1299,118016.0,3.6015625,0.9655021834061136,lr_cooldown
1300,117632.0,3.58984375,0.9646288209606987,lr_cooldown
1301,116864.0,3.56640625,0.9637554585152838,lr_cooldown
1302,117376.0,3.58203125,0.9628820960698691,lr_cooldown
1303,117184.0,3.576171875,0.9620087336244542,lr_cooldown
1304,116736.0,3.5625,0.9611353711790392,lr_cooldown
1305,117056.0,3.572265625,0.9602620087336243,lr_cooldown
1306,116800.0,3.564453125,0.9593886462882096,lr_cooldown
1307,118016.0,3.6015625,0.9585152838427947,lr_cooldown
1308,117120.0,3.57421875,0.9576419213973798,lr_cooldown
1309,115200.0,3.515625,0.9567685589519651,lr_cooldown
1310,117824.0,3.595703125,0.9558951965065502,lr_cooldown
1311,117056.0,3.572265625,0.9550218340611353,lr_cooldown
1312,117312.0,3.580078125,0.9541484716157206,lr_cooldown
1313,117120.0,3.57421875,0.9532751091703057,lr_cooldown
1314,116928.0,3.568359375,0.9524017467248908,lr_cooldown
1315,118848.0,3.626953125,0.9515283842794761,lr_cooldown
1316,115968.0,3.5390625,0.9506550218340611,lr_cooldown
1317,117952.0,3.599609375,0.9497816593886462,lr_cooldown
1318,120576.0,3.6796875,0.9489082969432313,lr_cooldown
1319,118144.0,3.60546875,0.9480349344978166,lr_cooldown
1320,119936.0,3.66015625,0.9471615720524017,lr_cooldown
1321,117056.0,3.572265625,0.9462882096069868,lr_cooldown
1322,117504.0,3.5859375,0.9454148471615721,lr_cooldown
1323,117184.0,3.576171875,0.9445414847161572,lr_cooldown
1324,116800.0,3.564453125,0.9436681222707423,lr_cooldown
1325,115520.0,3.525390625,0.9427947598253276,lr_cooldown
1326,118080.0,3.603515625,0.9419213973799127,lr_cooldown
1327,116928.0,3.568359375,0.9410480349344977,lr_cooldown
1328,118400.0,3.61328125,0.940174672489083,lr_cooldown
1329,115200.0,3.515625,0.9393013100436681,lr_cooldown
1330,118720.0,3.623046875,0.9384279475982532,lr_cooldown
1331,116160.0,3.544921875,0.9375545851528385,lr_cooldown
1332,115840.0,3.53515625,0.9366812227074236,lr_cooldown
1333,118208.0,3.607421875,0.9358078602620087,lr_cooldown
1334,117376.0,3.58203125,0.9349344978165938,lr_cooldown
1335,117056.0,3.572265625,0.9340611353711791,lr_cooldown
1336,117056.0,3.572265625,0.9331877729257642,lr_cooldown
1337,115776.0,3.533203125,0.9323144104803492,lr_cooldown
1338,118016.0,3.6015625,0.9314410480349345,lr_cooldown
1339,118336.0,3.611328125,0.9305676855895196,lr_cooldown
1340,117824.0,3.595703125,0.9296943231441047,lr_cooldown
1341,117632.0,3.58984375,0.92882096069869,lr_cooldown
1342,116096.0,3.54296875,0.9279475982532751,lr_cooldown
1343,118720.0,3.623046875,0.9270742358078602,lr_cooldown
1344,116160.0,3.544921875,0.9262008733624455,lr_cooldown
1345,116352.0,3.55078125,0.9253275109170306,lr_cooldown
1346,117184.0,3.576171875,0.9244541484716157,lr_cooldown
1347,115968.0,3.5390625,0.9235807860262008,lr_cooldown
1348,116672.0,3.560546875,0.9227074235807861,lr_cooldown
1349,116352.0,3.55078125,0.9218340611353711,lr_cooldown
1350,117696.0,3.591796875,0.9209606986899562,lr_cooldown
1351,117248.0,3.578125,0.9200873362445415,lr_cooldown
1352,117376.0,3.58203125,0.9192139737991266,lr_cooldown
1353,118656.0,3.62109375,0.9183406113537117,lr_cooldown
1354,116096.0,3.54296875,0.917467248908297,lr_cooldown
1355,119040.0,3.6328125,0.9165938864628821,lr_cooldown
1356,118720.0,3.623046875,0.9157205240174672,lr_cooldown
1357,114688.0,3.5,0.9148471615720525,lr_cooldown
1358,118784.0,3.625,0.9139737991266376,lr_cooldown
1359,117376.0,3.58203125,0.9131004366812226,lr_cooldown
1360,116352.0,3.55078125,0.9122270742358077,lr_cooldown
1361,118016.0,3.6015625,0.911353711790393,lr_cooldown
1362,116288.0,3.548828125,0.9104803493449781,lr_cooldown
1363,116608.0,3.55859375,0.9096069868995632,lr_cooldown
1364,117376.0,3.58203125,0.9087336244541485,lr_cooldown
1365,116224.0,3.546875,0.9078602620087336,lr_cooldown
1366,116864.0,3.56640625,0.9069868995633187,lr_cooldown
1367,116800.0,3.564453125,0.906113537117904,lr_cooldown
1368,118400.0,3.61328125,0.9052401746724891,lr_cooldown
1369,117120.0,3.57421875,0.9043668122270742,lr_cooldown
1370,114752.0,3.501953125,0.9034934497816595,lr_cooldown
1371,116288.0,3.548828125,0.9026200873362445,lr_cooldown
1372,114688.0,3.5,0.9017467248908296,lr_cooldown
1373,117888.0,3.59765625,0.9008733624454147,lr_cooldown
1374,115776.0,3.533203125,0.9,lr_cooldown
1375,114624.0,3.498046875,0.8991266375545851,lr_cooldown
1376,115648.0,3.529296875,0.8982532751091702,lr_cooldown
1377,117312.0,3.580078125,0.8973799126637555,lr_cooldown
1378,115520.0,3.525390625,0.8965065502183406,lr_cooldown
1379,115968.0,3.5390625,0.8956331877729257,lr_cooldown
1380,116352.0,3.55078125,0.894759825327511,lr_cooldown
1381,117440.0,3.583984375,0.8938864628820961,lr_cooldown
1382,118208.0,3.607421875,0.8930131004366811,lr_cooldown
1383,116992.0,3.5703125,0.8921397379912664,lr_cooldown
1384,118528.0,3.6171875,0.8912663755458515,lr_cooldown
1385,115008.0,3.509765625,0.8903930131004366,lr_cooldown
1386,118400.0,3.61328125,0.8895196506550219,lr_cooldown
1387,116096.0,3.54296875,0.888646288209607,lr_cooldown
1388,115584.0,3.52734375,0.8877729257641921,lr_cooldown
1389,117568.0,3.587890625,0.8868995633187772,lr_cooldown
1390,114432.0,3.4921875,0.8860262008733625,lr_cooldown
1391,117696.0,3.591796875,0.8851528384279476,lr_cooldown
1392,115904.0,3.537109375,0.8842794759825326,lr_cooldown
1393,116096.0,3.54296875,0.883406113537118,lr_cooldown
1394,116352.0,3.55078125,0.882532751091703,lr_cooldown
1395,116992.0,3.5703125,0.8816593886462881,lr_cooldown
1396,116288.0,3.548828125,0.8807860262008734,lr_cooldown
1397,116672.0,3.560546875,0.8799126637554585,lr_cooldown
1398,116352.0,3.55078125,0.8790393013100436,lr_cooldown
1399,116864.0,3.56640625,0.8781659388646289,lr_cooldown
1400,116544.0,3.556640625,0.877292576419214,lr_cooldown
1401,116352.0,3.55078125,0.8764192139737991,lr_cooldown
1402,115648.0,3.529296875,0.8755458515283842,lr_cooldown
1403,115264.0,3.517578125,0.8746724890829695,lr_cooldown
1404,118976.0,3.630859375,0.8737991266375545,lr_cooldown
1405,113664.0,3.46875,0.8729257641921396,lr_cooldown
1406,118208.0,3.607421875,0.8720524017467249,lr_cooldown
1407,116032.0,3.541015625,0.87117903930131,lr_cooldown
1408,117440.0,3.583984375,0.8703056768558951,lr_cooldown
1409,118400.0,3.61328125,0.8694323144104804,lr_cooldown
1410,114176.0,3.484375,0.8685589519650655,lr_cooldown
1411,116224.0,3.546875,0.8676855895196506,lr_cooldown
1412,117120.0,3.57421875,0.8668122270742359,lr_cooldown
1413,117184.0,3.576171875,0.865938864628821,lr_cooldown
1414,116416.0,3.552734375,0.865065502183406,lr_cooldown
1415,116288.0,3.548828125,0.8641921397379911,lr_cooldown
1416,118528.0,3.6171875,0.8633187772925764,lr_cooldown
1417,118656.0,3.62109375,0.8624454148471615,lr_cooldown
1418,115456.0,3.5234375,0.8615720524017466,lr_cooldown
1419,116800.0,3.564453125,0.8606986899563319,lr_cooldown
1420,114432.0,3.4921875,0.859825327510917,lr_cooldown
1421,117184.0,3.576171875,0.8589519650655021,lr_cooldown
1422,116736.0,3.5625,0.8580786026200874,lr_cooldown
1423,114688.0,3.5,0.8572052401746725,lr_cooldown
1424,117824.0,3.595703125,0.8563318777292576,lr_cooldown
1425,116928.0,3.568359375,0.8554585152838429,lr_cooldown
1426,117568.0,3.587890625,0.854585152838428,lr_cooldown
1427,118272.0,3.609375,0.853711790393013,lr_cooldown
1428,115072.0,3.51171875,0.8528384279475981,lr_cooldown
1429,115520.0,3.525390625,0.8519650655021834,lr_cooldown
1430,115520.0,3.525390625,0.8510917030567685,lr_cooldown
1431,116096.0,3.54296875,0.8502183406113536,lr_cooldown
1432,116224.0,3.546875,0.8493449781659389,lr_cooldown
1433,115456.0,3.5234375,0.848471615720524,lr_cooldown
1434,114944.0,3.5078125,0.8475982532751091,lr_cooldown
1435,117504.0,3.5859375,0.8467248908296944,lr_cooldown
1436,114752.0,3.501953125,0.8458515283842795,lr_cooldown
1437,115904.0,3.537109375,0.8449781659388645,lr_cooldown
1438,113920.0,3.4765625,0.8441048034934499,lr_cooldown
1439,117120.0,3.57421875,0.8432314410480349,lr_cooldown
1440,116608.0,3.55859375,0.84235807860262,lr_cooldown
1441,114944.0,3.5078125,0.8414847161572053,lr_cooldown
1442,117056.0,3.572265625,0.8406113537117904,lr_cooldown
1443,114432.0,3.4921875,0.8397379912663755,lr_cooldown
1444,116288.0,3.548828125,0.8388646288209606,lr_cooldown
1445,116672.0,3.560546875,0.8379912663755459,lr_cooldown
1446,114176.0,3.484375,0.837117903930131,lr_cooldown
1447,116096.0,3.54296875,0.836244541484716,lr_cooldown
1448,115072.0,3.51171875,0.8353711790393014,lr_cooldown
1449,116480.0,3.5546875,0.8344978165938864,lr_cooldown
1450,115712.0,3.53125,0.8336244541484715,lr_cooldown
1451,116928.0,3.568359375,0.8327510917030568,lr_cooldown
1452,117824.0,3.595703125,0.8318777292576419,lr_cooldown
1453,116032.0,3.541015625,0.831004366812227,lr_cooldown
1454,115904.0,3.537109375,0.8301310043668123,lr_cooldown
1455,114368.0,3.490234375,0.8292576419213974,lr_cooldown
1456,116544.0,3.556640625,0.8283842794759825,lr_cooldown
1457,115904.0,3.537109375,0.8275109170305676,lr_cooldown
1458,116544.0,3.556640625,0.8266375545851529,lr_cooldown
1459,118080.0,3.603515625,0.825764192139738,lr_cooldown
1460,116416.0,3.552734375,0.824890829694323,lr_cooldown
1461,114944.0,3.5078125,0.8240174672489083,lr_cooldown
1462,118784.0,3.625,0.8231441048034934,lr_cooldown
1463,114624.0,3.498046875,0.8222707423580785,lr_cooldown
1464,115392.0,3.521484375,0.8213973799126638,lr_cooldown
1465,115136.0,3.513671875,0.8205240174672489,lr_cooldown
1466,114816.0,3.50390625,0.819650655021834,lr_cooldown
1467,116032.0,3.541015625,0.8187772925764193,lr_cooldown
1468,115136.0,3.513671875,0.8179039301310044,lr_cooldown
1469,116480.0,3.5546875,0.8170305676855895,lr_cooldown
1470,117696.0,3.591796875,0.8161572052401745,lr_cooldown
1471,114368.0,3.490234375,0.8152838427947598,lr_cooldown
1472,116928.0,3.568359375,0.8144104803493449,lr_cooldown
1473,112960.0,3.447265625,0.81353711790393,lr_cooldown
1474,115136.0,3.513671875,0.8126637554585153,lr_cooldown
1475,116992.0,3.5703125,0.8117903930131004,lr_cooldown
1476,116224.0,3.546875,0.8109170305676855,lr_cooldown
1477,116032.0,3.541015625,0.8100436681222708,lr_cooldown
1478,114880.0,3.505859375,0.8091703056768559,lr_cooldown
1479,115776.0,3.533203125,0.808296943231441,lr_cooldown
1480,114560.0,3.49609375,0.8074235807860263,lr_cooldown
1481,114048.0,3.48046875,0.8065502183406114,lr_cooldown
1482,115264.0,3.517578125,0.8056768558951964,lr_cooldown
1483,112896.0,3.4453125,0.8048034934497815,lr_cooldown
1484,116224.0,3.546875,0.8039301310043668,lr_cooldown
1485,117760.0,3.59375,0.8030567685589519,lr_cooldown
1486,113984.0,3.478515625,0.802183406113537,lr_cooldown
1487,115840.0,3.53515625,0.8013100436681223,lr_cooldown
1488,113728.0,3.470703125,0.8004366812227074,lr_cooldown
1489,117184.0,3.576171875,0.7995633187772925,lr_cooldown
1490,116544.0,3.556640625,0.7986899563318778,lr_cooldown
1491,116160.0,3.544921875,0.7978165938864629,lr_cooldown
1492,117056.0,3.572265625,0.796943231441048,lr_cooldown
1493,116224.0,3.546875,0.7960698689956333,lr_cooldown
1494,116992.0,3.5703125,0.7951965065502183,lr_cooldown
1495,115456.0,3.5234375,0.7943231441048034,lr_cooldown
1496,116160.0,3.544921875,0.7934497816593887,lr_cooldown
1497,117056.0,3.572265625,0.7925764192139738,lr_cooldown
1498,113536.0,3.46484375,0.7917030567685589,lr_cooldown
1499,115648.0,3.529296875,0.790829694323144,lr_cooldown
1500,116160.0,3.544921875,0.7899563318777293,lr_cooldown
1501,116160.0,3.544921875,0.7890829694323144,lr_cooldown
1502,117504.0,3.5859375,0.7882096069868995,lr_cooldown
1503,115840.0,3.53515625,0.7873362445414848,lr_cooldown
1504,115840.0,3.53515625,0.7864628820960698,lr_cooldown
1505,117056.0,3.572265625,0.7855895196506549,lr_cooldown
1506,114368.0,3.490234375,0.7847161572052402,lr_cooldown
1507,116288.0,3.548828125,0.7838427947598253,lr_cooldown
1508,115520.0,3.525390625,0.7829694323144104,lr_cooldown
1509,114752.0,3.501953125,0.7820960698689957,lr_cooldown
1510,114240.0,3.486328125,0.7812227074235808,lr_cooldown
1511,114112.0,3.482421875,0.7803493449781659,lr_cooldown
1512,116928.0,3.568359375,0.779475982532751,lr_cooldown
1513,115840.0,3.53515625,0.7786026200873363,lr_cooldown
1514,117376.0,3.58203125,0.7777292576419214,lr_cooldown
1515,114240.0,3.486328125,0.7768558951965064,lr_cooldown
1516,114432.0,3.4921875,0.7759825327510917,lr_cooldown
1517,115392.0,3.521484375,0.7751091703056768,lr_cooldown
1518,113088.0,3.451171875,0.7742358078602619,lr_cooldown
1519,114176.0,3.484375,0.7733624454148472,lr_cooldown
1520,116352.0,3.55078125,0.7724890829694323,lr_cooldown
1521,115584.0,3.52734375,0.7716157205240174,lr_cooldown
1522,115136.0,3.513671875,0.7707423580786027,lr_cooldown
1523,113600.0,3.466796875,0.7698689956331878,lr_cooldown
1524,116736.0,3.5625,0.7689956331877729,lr_cooldown
1525,115904.0,3.537109375,0.768122270742358,lr_cooldown
1526,114304.0,3.48828125,0.7672489082969433,lr_cooldown
1527,115136.0,3.513671875,0.7663755458515283,lr_cooldown
1528,116224.0,3.546875,0.7655021834061134,lr_cooldown
1529,113792.0,3.47265625,0.7646288209606987,lr_cooldown
1530,115776.0,3.533203125,0.7637554585152838,lr_cooldown
1531,116672.0,3.560546875,0.7628820960698689,lr_cooldown
1532,115264.0,3.517578125,0.7620087336244542,lr_cooldown
1533,114176.0,3.484375,0.7611353711790393,lr_cooldown
1534,115392.0,3.521484375,0.7602620087336244,lr_cooldown
1535,113600.0,3.466796875,0.7593886462882097,lr_cooldown
1536,115968.0,3.5390625,0.7585152838427948,lr_cooldown
1537,116032.0,3.541015625,0.7576419213973798,lr_cooldown
1538,114880.0,3.505859375,0.7567685589519652,lr_cooldown
1539,117888.0,3.59765625,0.7558951965065502,lr_cooldown
1540,113344.0,3.458984375,0.7550218340611353,lr_cooldown
1541,114944.0,3.5078125,0.7541484716157204,lr_cooldown
1542,118016.0,3.6015625,0.7532751091703057,lr_cooldown
1543,114112.0,3.482421875,0.7524017467248908,lr_cooldown
1544,115968.0,3.5390625,0.7515283842794759,lr_cooldown
1545,114752.0,3.501953125,0.7506550218340612,lr_cooldown
1546,116608.0,3.55859375,0.7497816593886463,lr_cooldown
1547,116736.0,3.5625,0.7489082969432314,lr_cooldown
1548,114368.0,3.490234375,0.7480349344978167,lr_cooldown
1549,115456.0,3.5234375,0.7471615720524017,lr_cooldown
1550,113920.0,3.4765625,0.7462882096069868,lr_cooldown
1551,117248.0,3.578125,0.7454148471615721,lr_cooldown
1552,114624.0,3.498046875,0.7445414847161572,lr_cooldown
1553,114048.0,3.48046875,0.7436681222707423,lr_cooldown
1554,116416.0,3.552734375,0.7427947598253274,lr_cooldown
1555,114432.0,3.4921875,0.7419213973799127,lr_cooldown
1556,114624.0,3.498046875,0.7410480349344978,lr_cooldown
1557,115264.0,3.517578125,0.7401746724890829,lr_cooldown
1558,113984.0,3.478515625,0.7393013100436682,lr_cooldown
1559,117376.0,3.58203125,0.7384279475982533,lr_cooldown
1560,112000.0,3.41796875,0.7375545851528383,lr_cooldown
1561,115072.0,3.51171875,0.7366812227074236,lr_cooldown
1562,116672.0,3.560546875,0.7358078602620087,lr_cooldown
1563,113344.0,3.458984375,0.7349344978165938,lr_cooldown
1564,113856.0,3.474609375,0.7340611353711791,lr_cooldown
1565,114432.0,3.4921875,0.7331877729257642,lr_cooldown
1566,115072.0,3.51171875,0.7323144104803493,lr_cooldown
1567,114944.0,3.5078125,0.7314410480349344,lr_cooldown
1568,114624.0,3.498046875,0.7305676855895197,lr_cooldown
1569,116672.0,3.560546875,0.7296943231441048,lr_cooldown
1570,113856.0,3.474609375,0.7288209606986898,lr_cooldown
1571,113920.0,3.4765625,0.7279475982532752,lr_cooldown
1572,114432.0,3.4921875,0.7270742358078602,lr_cooldown
1573,116416.0,3.552734375,0.7262008733624453,lr_cooldown
1574,115648.0,3.529296875,0.7253275109170306,lr_cooldown
1575,115648.0,3.529296875,0.7244541484716157,lr_cooldown
1576,114432.0,3.4921875,0.7235807860262008,lr_cooldown
1577,115840.0,3.53515625,0.7227074235807861,lr_cooldown
1578,112448.0,3.431640625,0.7218340611353712,lr_cooldown
1579,114624.0,3.498046875,0.7209606986899563,lr_cooldown
1580,115328.0,3.51953125,0.7200873362445414,lr_cooldown
1581,113792.0,3.47265625,0.7192139737991267,lr_cooldown
1582,116864.0,3.56640625,0.7183406113537117,lr_cooldown
1583,114624.0,3.498046875,0.7174672489082968,lr_cooldown
1584,114432.0,3.4921875,0.7165938864628821,lr_cooldown
1585,115072.0,3.51171875,0.7157205240174672,lr_cooldown
1586,115200.0,3.515625,0.7148471615720523,lr_cooldown
1587,113344.0,3.458984375,0.7139737991266376,lr_cooldown
1588,114688.0,3.5,0.7131004366812227,lr_cooldown
1589,114048.0,3.48046875,0.7122270742358078,lr_cooldown
1590,113856.0,3.474609375,0.7113537117903931,lr_cooldown
1591,115776.0,3.533203125,0.7104803493449782,lr_cooldown
1592,113344.0,3.458984375,0.7096069868995633,lr_cooldown
1593,114304.0,3.48828125,0.7087336244541486,lr_cooldown
1594,116544.0,3.556640625,0.7078602620087336,lr_cooldown
1595,115136.0,3.513671875,0.7069868995633187,lr_cooldown
1596,114752.0,3.501953125,0.7061135371179038,lr_cooldown
1597,115200.0,3.515625,0.7052401746724891,lr_cooldown
1598,113472.0,3.462890625,0.7043668122270742,lr_cooldown
1599,114560.0,3.49609375,0.7034934497816593,lr_cooldown
1600,113280.0,3.45703125,0.7026200873362446,lr_cooldown
1601,114944.0,3.5078125,0.7017467248908297,lr_cooldown
1602,113920.0,3.4765625,0.7008733624454148,lr_cooldown
1603,114432.0,3.4921875,0.7000000000000001,lr_cooldown
1604,114560.0,3.49609375,0.6991266375545852,lr_cooldown
1605,114880.0,3.505859375,0.6982532751091702,lr_cooldown
1606,114560.0,3.49609375,0.6973799126637555,lr_cooldown
1607,114688.0,3.5,0.6965065502183406,lr_cooldown
1608,116160.0,3.544921875,0.6956331877729257,lr_cooldown
1609,113856.0,3.474609375,0.6947598253275108,lr_cooldown
1610,113920.0,3.4765625,0.6938864628820961,lr_cooldown
1611,115968.0,3.5390625,0.6930131004366812,lr_cooldown
1612,114240.0,3.486328125,0.6921397379912663,lr_cooldown
1613,114688.0,3.5,0.6912663755458516,lr_cooldown
1614,113088.0,3.451171875,0.6903930131004367,lr_cooldown
1615,114048.0,3.48046875,0.6895196506550217,lr_cooldown
1616,115776.0,3.533203125,0.688646288209607,lr_cooldown
1617,113152.0,3.453125,0.6877729257641921,lr_cooldown
1618,113280.0,3.45703125,0.6868995633187772,lr_cooldown
1619,114048.0,3.48046875,0.6860262008733625,lr_cooldown
1620,113792.0,3.47265625,0.6851528384279476,lr_cooldown
1621,114112.0,3.482421875,0.6842794759825327,lr_cooldown
1622,113344.0,3.458984375,0.6834061135371178,lr_cooldown
1623,116096.0,3.54296875,0.6825327510917031,lr_cooldown
1624,115392.0,3.521484375,0.6816593886462882,lr_cooldown
1625,112640.0,3.4375,0.6807860262008733,lr_cooldown
1626,115264.0,3.517578125,0.6799126637554586,lr_cooldown
1627,113536.0,3.46484375,0.6790393013100436,lr_cooldown
1628,114752.0,3.501953125,0.6781659388646287,lr_cooldown
1629,112192.0,3.423828125,0.677292576419214,lr_cooldown
1630,114048.0,3.48046875,0.6764192139737991,lr_cooldown
1631,114368.0,3.490234375,0.6755458515283842,lr_cooldown
1632,114752.0,3.501953125,0.6746724890829695,lr_cooldown
1633,114624.0,3.498046875,0.6737991266375546,lr_cooldown
1634,113344.0,3.458984375,0.6729257641921397,lr_cooldown
1635,116032.0,3.541015625,0.6720524017467248,lr_cooldown
1636,114880.0,3.505859375,0.6711790393013101,lr_cooldown
1637,114368.0,3.490234375,0.6703056768558951,lr_cooldown
1638,114304.0,3.48828125,0.6694323144104802,lr_cooldown
1639,116032.0,3.541015625,0.6685589519650655,lr_cooldown
1640,116032.0,3.541015625,0.6676855895196506,lr_cooldown
1641,113984.0,3.478515625,0.6668122270742357,lr_cooldown
1642,113792.0,3.47265625,0.665938864628821,lr_cooldown
1643,114368.0,3.490234375,0.6650655021834061,lr_cooldown
1644,114496.0,3.494140625,0.6641921397379912,lr_cooldown
1645,115072.0,3.51171875,0.6633187772925765,lr_cooldown
1646,112000.0,3.41796875,0.6624454148471616,lr_cooldown
1647,112832.0,3.443359375,0.6615720524017467,lr_cooldown
1648,114304.0,3.48828125,0.660698689956332,lr_cooldown
1649,113344.0,3.458984375,0.659825327510917,lr_cooldown
1650,114816.0,3.50390625,0.6589519650655021,lr_cooldown
1651,112128.0,3.421875,0.6580786026200872,lr_cooldown
1652,115200.0,3.515625,0.6572052401746725,lr_cooldown
1653,113728.0,3.470703125,0.6563318777292576,lr_cooldown
1654,112192.0,3.423828125,0.6554585152838427,lr_cooldown
1655,115136.0,3.513671875,0.654585152838428,lr_cooldown
1656,112192.0,3.423828125,0.6537117903930131,lr_cooldown
1657,114688.0,3.5,0.6528384279475982,lr_cooldown
1658,114304.0,3.48828125,0.6519650655021835,lr_cooldown
1659,112576.0,3.435546875,0.6510917030567686,lr_cooldown
1660,115456.0,3.5234375,0.6502183406113536,lr_cooldown
1661,112768.0,3.44140625,0.649344978165939,lr_cooldown
1662,114624.0,3.498046875,0.648471615720524,lr_cooldown
1663,115008.0,3.509765625,0.6475982532751091,lr_cooldown
1664,115136.0,3.513671875,0.6467248908296942,lr_cooldown
1665,113664.0,3.46875,0.6458515283842795,lr_cooldown
1666,115520.0,3.525390625,0.6449781659388646,lr_cooldown
1667,113792.0,3.47265625,0.6441048034934497,lr_cooldown
1668,112320.0,3.427734375,0.643231441048035,lr_cooldown
1669,113344.0,3.458984375,0.6423580786026201,lr_cooldown
1670,113920.0,3.4765625,0.6414847161572051,lr_cooldown
1671,112512.0,3.43359375,0.6406113537117905,lr_cooldown
1672,115648.0,3.529296875,0.6397379912663755,lr_cooldown
1673,113664.0,3.46875,0.6388646288209606,lr_cooldown
1674,114176.0,3.484375,0.6379912663755459,lr_cooldown
1675,114560.0,3.49609375,0.637117903930131,lr_cooldown
1676,113408.0,3.4609375,0.6362445414847161,lr_cooldown
1677,114688.0,3.5,0.6353711790393012,lr_cooldown
1678,113280.0,3.45703125,0.6344978165938865,lr_cooldown
1679,113600.0,3.466796875,0.6336244541484716,lr_cooldown
1680,115264.0,3.517578125,0.6327510917030567,lr_cooldown
1681,115328.0,3.51953125,0.631877729257642,lr_cooldown
1682,113344.0,3.458984375,0.631004366812227,lr_cooldown
1683,113024.0,3.44921875,0.6301310043668121,lr_cooldown
1684,113216.0,3.455078125,0.6292576419213974,lr_cooldown
1685,113856.0,3.474609375,0.6283842794759825,lr_cooldown
1686,112512.0,3.43359375,0.6275109170305676,lr_cooldown
1687,113600.0,3.466796875,0.6266375545851529,lr_cooldown
1688,113536.0,3.46484375,0.625764192139738,lr_cooldown
1689,114624.0,3.498046875,0.6248908296943231,lr_cooldown
1690,111040.0,3.388671875,0.6240174672489082,lr_cooldown
1691,114752.0,3.501953125,0.6231441048034935,lr_cooldown
1692,115200.0,3.515625,0.6222707423580786,lr_cooldown
1693,112704.0,3.439453125,0.6213973799126636,lr_cooldown
1694,113408.0,3.4609375,0.620524017467249,lr_cooldown
1695,112384.0,3.4296875,0.619650655021834,lr_cooldown
1696,115840.0,3.53515625,0.6187772925764191,lr_cooldown
1697,115328.0,3.51953125,0.6179039301310044,lr_cooldown
1698,112960.0,3.447265625,0.6170305676855895,lr_cooldown
1699,114816.0,3.50390625,0.6161572052401746,lr_cooldown
1700,111808.0,3.412109375,0.6152838427947599,lr_cooldown
1701,114880.0,3.505859375,0.614410480349345,lr_cooldown
1702,114944.0,3.5078125,0.6135371179039301,lr_cooldown
1703,112896.0,3.4453125,0.6126637554585154,lr_cooldown
1704,115584.0,3.52734375,0.6117903930131005,lr_cooldown
1705,110528.0,3.373046875,0.6109170305676855,lr_cooldown
1706,114368.0,3.490234375,0.6100436681222706,lr_cooldown
1707,114048.0,3.48046875,0.6091703056768559,lr_cooldown
1708,114048.0,3.48046875,0.608296943231441,lr_cooldown
1709,113280.0,3.45703125,0.6074235807860261,lr_cooldown
1710,112960.0,3.447265625,0.6065502183406114,lr_cooldown
1711,112704.0,3.439453125,0.6056768558951965,lr_cooldown
1712,113472.0,3.462890625,0.6048034934497816,lr_cooldown
1713,112768.0,3.44140625,0.6039301310043669,lr_cooldown
1714,114624.0,3.498046875,0.603056768558952,lr_cooldown
1715,114624.0,3.498046875,0.602183406113537,lr_cooldown
1716,113920.0,3.4765625,0.6013100436681224,lr_cooldown
1717,112256.0,3.42578125,0.6004366812227074,lr_cooldown
1718,114944.0,3.5078125,0.5995633187772925,lr_cooldown
1719,113408.0,3.4609375,0.5986899563318776,lr_cooldown
1720,113920.0,3.4765625,0.5978165938864629,lr_cooldown
1721,112640.0,3.4375,0.596943231441048,lr_cooldown
1722,113344.0,3.458984375,0.5960698689956331,lr_cooldown
1723,114496.0,3.494140625,0.5951965065502184,lr_cooldown
1724,112896.0,3.4453125,0.5943231441048035,lr_cooldown
1725,115200.0,3.515625,0.5934497816593886,lr_cooldown
1726,115968.0,3.5390625,0.5925764192139739,lr_cooldown
1727,113088.0,3.451171875,0.5917030567685589,lr_cooldown
1728,114432.0,3.4921875,0.5908296943231441,lr_cooldown
1729,113792.0,3.47265625,0.5899563318777293,lr_cooldown
1730,113472.0,3.462890625,0.5890829694323145,lr_cooldown
1731,114432.0,3.4921875,0.5882096069868996,lr_cooldown
1732,112896.0,3.4453125,0.5873362445414846,lr_cooldown
1733,113856.0,3.474609375,0.58646288209607,lr_cooldown
1734,111360.0,3.3984375,0.585589519650655,lr_cooldown
1735,114880.0,3.505859375,0.5847161572052401,lr_cooldown
1736,113792.0,3.47265625,0.5838427947598254,lr_cooldown
1737,113920.0,3.4765625,0.5829694323144105,lr_cooldown
1738,113216.0,3.455078125,0.5820960698689955,lr_cooldown
1739,111168.0,3.392578125,0.5812227074235808,lr_cooldown
1740,113664.0,3.46875,0.5803493449781659,lr_cooldown
1741,112448.0,3.431640625,0.579475982532751,lr_cooldown
1742,114368.0,3.490234375,0.5786026200873363,lr_cooldown
1743,115968.0,3.5390625,0.5777292576419214,lr_cooldown
1744,113280.0,3.45703125,0.5768558951965065,lr_cooldown
1745,112960.0,3.447265625,0.5759825327510918,lr_cooldown
1746,113664.0,3.46875,0.5751091703056769,lr_cooldown
1747,112448.0,3.431640625,0.574235807860262,lr_cooldown
1748,112768.0,3.44140625,0.573362445414847,lr_cooldown
1749,112384.0,3.4296875,0.5724890829694324,lr_cooldown
1750,112960.0,3.447265625,0.5716157205240174,lr_cooldown
1751,111808.0,3.412109375,0.5707423580786026,lr_cooldown
1752,111808.0,3.412109375,0.5698689956331878,lr_cooldown
1753,115200.0,3.515625,0.568995633187773,lr_cooldown
1754,113536.0,3.46484375,0.5681222707423581,lr_cooldown
1755,113408.0,3.4609375,0.5672489082969434,lr_cooldown
1756,110528.0,3.373046875,0.5663755458515285,lr_cooldown
1757,111808.0,3.412109375,0.5655021834061135,lr_cooldown
1758,112960.0,3.447265625,0.5646288209606989,lr_cooldown
1759,112384.0,3.4296875,0.5637554585152839,lr_cooldown
1760,111872.0,3.4140625,0.5628820960698689,lr_cooldown
1761,112896.0,3.4453125,0.562008733624454,lr_cooldown
1762,113920.0,3.4765625,0.5611353711790393,lr_cooldown
1763,114048.0,3.48046875,0.5602620087336244,lr_cooldown
1764,114240.0,3.486328125,0.5593886462882095,lr_cooldown
1765,112448.0,3.431640625,0.5585152838427948,lr_cooldown
1766,110912.0,3.384765625,0.5576419213973799,lr_cooldown
1767,115072.0,3.51171875,0.556768558951965,lr_cooldown
1768,112896.0,3.4453125,0.5558951965065503,lr_cooldown
1769,111872.0,3.4140625,0.5550218340611354,lr_cooldown
1770,112768.0,3.44140625,0.5541484716157205,lr_cooldown
1771,112128.0,3.421875,0.5532751091703058,lr_cooldown
1772,113984.0,3.478515625,0.5524017467248908,lr_cooldown
1773,112960.0,3.447265625,0.5515283842794759,lr_cooldown
1774,113856.0,3.474609375,0.5506550218340611,lr_cooldown
1775,114688.0,3.5,0.5497816593886463,lr_cooldown
1776,111424.0,3.400390625,0.5489082969432314,lr_cooldown
1777,114688.0,3.5,0.5480349344978165,lr_cooldown
1778,112832.0,3.443359375,0.5471615720524018,lr_cooldown
1779,113152.0,3.453125,0.5462882096069869,lr_cooldown
1780,113152.0,3.453125,0.545414847161572,lr_cooldown
1781,114432.0,3.4921875,0.5445414847161573,lr_cooldown
1782,114816.0,3.50390625,0.5436681222707423,lr_cooldown
1783,112064.0,3.419921875,0.5427947598253274,lr_cooldown
1784,111232.0,3.39453125,0.5419213973799127,lr_cooldown
1785,113088.0,3.451171875,0.5410480349344978,lr_cooldown
1786,115200.0,3.515625,0.5401746724890829,lr_cooldown
1787,109632.0,3.345703125,0.539301310043668,lr_cooldown
1788,112512.0,3.43359375,0.5384279475982533,lr_cooldown
1789,114048.0,3.48046875,0.5375545851528384,lr_cooldown
1790,111552.0,3.404296875,0.5366812227074235,lr_cooldown
1791,113728.0,3.470703125,0.5358078602620088,lr_cooldown
1792,114304.0,3.48828125,0.5349344978165939,lr_cooldown
1793,114560.0,3.49609375,0.5340611353711789,lr_cooldown
1794,114560.0,3.49609375,0.5331877729257642,lr_cooldown
1795,112704.0,3.439453125,0.5323144104803493,lr_cooldown
1796,113024.0,3.44921875,0.5314410480349344,lr_cooldown
1797,112704.0,3.439453125,0.5305676855895197,lr_cooldown
1798,113024.0,3.44921875,0.5296943231441048,lr_cooldown
1799,113792.0,3.47265625,0.5288209606986899,lr_cooldown
1800,111552.0,3.404296875,0.5279475982532752,lr_cooldown
1801,112960.0,3.447265625,0.5270742358078603,lr_cooldown
1802,112704.0,3.439453125,0.5262008733624454,lr_cooldown
1803,113472.0,3.462890625,0.5253275109170304,lr_cooldown
1804,112768.0,3.44140625,0.5244541484716158,lr_cooldown
1805,112448.0,3.431640625,0.5235807860262008,lr_cooldown
1806,112512.0,3.43359375,0.5227074235807859,lr_cooldown
1807,113792.0,3.47265625,0.5218340611353712,lr_cooldown
1808,112512.0,3.43359375,0.5209606986899563,lr_cooldown
1809,111936.0,3.416015625,0.5200873362445414,lr_cooldown
1810,113728.0,3.470703125,0.5192139737991267,lr_cooldown
1811,112128.0,3.421875,0.5183406113537118,lr_cooldown
1812,111744.0,3.41015625,0.5174672489082969,lr_cooldown
1813,113024.0,3.44921875,0.5165938864628822,lr_cooldown
1814,111744.0,3.41015625,0.5157205240174673,lr_cooldown
1815,114816.0,3.50390625,0.5148471615720523,lr_cooldown
1816,110784.0,3.380859375,0.5139737991266374,lr_cooldown
1817,113408.0,3.4609375,0.5131004366812227,lr_cooldown
1818,112384.0,3.4296875,0.5122270742358078,lr_cooldown
1819,110656.0,3.376953125,0.5113537117903929,lr_cooldown
1820,112512.0,3.43359375,0.5104803493449782,lr_cooldown
1821,111232.0,3.39453125,0.5096069868995633,lr_cooldown
1822,111936.0,3.416015625,0.5087336244541484,lr_cooldown
1823,113984.0,3.478515625,0.5078602620087337,lr_cooldown
1824,111232.0,3.39453125,0.5069868995633188,lr_cooldown
1825,112960.0,3.447265625,0.5061135371179039,lr_cooldown
1826,113216.0,3.455078125,0.5052401746724892,lr_cooldown
1827,112768.0,3.44140625,0.5043668122270742,lr_cooldown
1828,112768.0,3.44140625,0.5034934497816593,lr_cooldown
1829,112704.0,3.439453125,0.5026200873362444,lr_cooldown
1830,115328.0,3.51953125,0.5017467248908297,lr_cooldown
1831,112704.0,3.439453125,0.5008733624454148,lr_cooldown
1832,114624.0,3.498046875,0.4999999999999999,lr_cooldown
1833,111936.0,3.416015625,0.4991266375545852,lr_cooldown
1834,114880.0,3.505859375,0.4982532751091703,lr_cooldown
1835,112384.0,3.4296875,0.49737991266375536,lr_cooldown
1836,113024.0,3.44921875,0.49650655021834067,lr_cooldown
1837,113984.0,3.478515625,0.49563318777292575,lr_cooldown
1838,111680.0,3.408203125,0.49475982532751084,lr_cooldown
1839,114560.0,3.49609375,0.49388646288209614,lr_cooldown
1840,113024.0,3.44921875,0.49301310043668123,lr_cooldown
1841,113408.0,3.4609375,0.4921397379912663,lr_cooldown
1842,115712.0,3.53125,0.4912663755458514,lr_cooldown
1843,112896.0,3.4453125,0.4903930131004367,lr_cooldown
1844,111232.0,3.39453125,0.4895196506550218,lr_cooldown
1845,111872.0,3.4140625,0.48864628820960687,lr_cooldown
1846,113408.0,3.4609375,0.4877729257641922,lr_cooldown
1847,111744.0,3.41015625,0.48689956331877726,lr_cooldown
1848,111680.0,3.408203125,0.48602620087336235,lr_cooldown
1849,111936.0,3.416015625,0.48515283842794765,lr_cooldown
1850,110912.0,3.384765625,0.48427947598253274,lr_cooldown
1851,112000.0,3.41796875,0.4834061135371178,lr_cooldown
1852,110528.0,3.373046875,0.4825327510917031,lr_cooldown
1853,112768.0,3.44140625,0.4816593886462882,lr_cooldown
1854,114304.0,3.48828125,0.4807860262008733,lr_cooldown
1855,111040.0,3.388671875,0.4799126637554586,lr_cooldown
1856,113856.0,3.474609375,0.4790393013100437,lr_cooldown
1857,113792.0,3.47265625,0.47816593886462877,lr_cooldown
1858,112064.0,3.419921875,0.47729257641921385,lr_cooldown
1859,112064.0,3.419921875,0.47641921397379916,lr_cooldown
1860,113152.0,3.453125,0.47554585152838424,lr_cooldown
1861,112192.0,3.423828125,0.47467248908296933,lr_cooldown
1862,112256.0,3.42578125,0.47379912663755464,lr_cooldown
1863,112832.0,3.443359375,0.4729257641921397,lr_cooldown
1864,111104.0,3.390625,0.4720524017467248,lr_cooldown
1865,113536.0,3.46484375,0.4711790393013101,lr_cooldown
1866,114048.0,3.48046875,0.4703056768558952,lr_cooldown
1867,113664.0,3.46875,0.4694323144104803,lr_cooldown
1868,112320.0,3.427734375,0.4685589519650656,lr_cooldown
1869,110400.0,3.369140625,0.46768558951965067,lr_cooldown
1870,113536.0,3.46484375,0.46681222707423575,lr_cooldown
1871,111680.0,3.408203125,0.46593886462882084,lr_cooldown
1872,113856.0,3.474609375,0.46506550218340614,lr_cooldown
1873,110400.0,3.369140625,0.4641921397379912,lr_cooldown
1874,113856.0,3.474609375,0.4633187772925763,lr_cooldown
1875,110080.0,3.359375,0.4624454148471616,lr_cooldown
1876,113088.0,3.451171875,0.4615720524017467,lr_cooldown
1877,112768.0,3.44140625,0.4606986899563318,lr_cooldown
1878,110720.0,3.37890625,0.4598253275109171,lr_cooldown
1879,114432.0,3.4921875,0.4589519650655022,lr_cooldown
1880,110336.0,3.3671875,0.45807860262008726,lr_cooldown
1881,112448.0,3.431640625,0.45720524017467257,lr_cooldown
1882,112256.0,3.42578125,0.45633187772925765,lr_cooldown
1883,112896.0,3.4453125,0.45545851528384274,lr_cooldown
1884,111488.0,3.40234375,0.4545851528384278,lr_cooldown
1885,113792.0,3.47265625,0.4537117903930131,lr_cooldown
1886,113472.0,3.462890625,0.4528384279475982,lr_cooldown
1887,112576.0,3.435546875,0.4519650655021833,lr_cooldown
1888,113088.0,3.451171875,0.4510917030567686,lr_cooldown
1889,113280.0,3.45703125,0.4502183406113537,lr_cooldown
1890,112192.0,3.423828125,0.44934497816593877,lr_cooldown
1891,112896.0,3.4453125,0.4484716157205241,lr_cooldown
1892,111232.0,3.39453125,0.44759825327510916,lr_cooldown
1893,111872.0,3.4140625,0.44672489082969424,lr_cooldown
1894,112960.0,3.447265625,0.44585152838427955,lr_cooldown
1895,110912.0,3.384765625,0.44497816593886463,lr_cooldown
1896,113152.0,3.453125,0.4441048034934497,lr_cooldown
1897,112000.0,3.41796875,0.4432314410480348,lr_cooldown
1898,111104.0,3.390625,0.4423580786026201,lr_cooldown
1899,114048.0,3.48046875,0.4414847161572052,lr_cooldown
1900,114304.0,3.48828125,0.4406113537117903,lr_cooldown
1901,110720.0,3.37890625,0.4397379912663756,lr_cooldown
1902,112384.0,3.4296875,0.43886462882096067,lr_cooldown
1903,112448.0,3.431640625,0.43799126637554575,lr_cooldown
1904,112256.0,3.42578125,0.43711790393013106,lr_cooldown
1905,111424.0,3.400390625,0.43624454148471614,lr_cooldown
1906,113408.0,3.4609375,0.4353711790393012,lr_cooldown
1907,112832.0,3.443359375,0.43449781659388653,lr_cooldown
1908,112896.0,3.4453125,0.4336244541484716,lr_cooldown
1909,112832.0,3.443359375,0.4327510917030567,lr_cooldown
1910,111744.0,3.41015625,0.431877729257642,lr_cooldown
1911,113728.0,3.470703125,0.4310043668122271,lr_cooldown
1912,114112.0,3.482421875,0.4301310043668122,lr_cooldown
1913,111808.0,3.412109375,0.42925764192139726,lr_cooldown
1914,111680.0,3.408203125,0.42838427947598257,lr_cooldown
1915,112192.0,3.423828125,0.42751091703056765,lr_cooldown
1916,111360.0,3.3984375,0.42663755458515273,lr_cooldown
1917,111360.0,3.3984375,0.42576419213973804,lr_cooldown
1918,112576.0,3.435546875,0.4248908296943231,lr_cooldown
1919,113664.0,3.46875,0.4240174672489082,lr_cooldown
1920,110208.0,3.36328125,0.4231441048034935,lr_cooldown
1921,113280.0,3.45703125,0.4222707423580786,lr_cooldown
1922,111744.0,3.41015625,0.4213973799126637,lr_cooldown
1923,112704.0,3.439453125,0.420524017467249,lr_cooldown
1924,112064.0,3.419921875,0.4196506550218341,lr_cooldown
1925,113856.0,3.474609375,0.41877729257641916,lr_cooldown
1926,113280.0,3.45703125,0.41790393013100424,lr_cooldown
1927,111744.0,3.41015625,0.41703056768558955,lr_cooldown
1928,112832.0,3.443359375,0.41615720524017463,lr_cooldown
1929,111936.0,3.416015625,0.4152838427947597,lr_cooldown
1930,113600.0,3.466796875,0.414410480349345,lr_cooldown
1931,112128.0,3.421875,0.4135371179039301,lr_cooldown
1932,110656.0,3.376953125,0.4126637554585152,lr_cooldown
1933,111040.0,3.388671875,0.4117903930131005,lr_cooldown
1934,110592.0,3.375,0.4109170305676856,lr_cooldown
1935,112384.0,3.4296875,0.41004366812227067,lr_cooldown
1936,111680.0,3.408203125,0.40917030567685597,lr_cooldown
1937,112768.0,3.44140625,0.40829694323144106,lr_cooldown
1938,112192.0,3.423828125,0.40742358078602614,lr_cooldown
1939,110592.0,3.375,0.4065502183406112,lr_cooldown
1940,110720.0,3.37890625,0.40567685589519653,lr_cooldown
1941,112000.0,3.41796875,0.4048034934497816,lr_cooldown
1942,113536.0,3.46484375,0.4039301310043667,lr_cooldown
1943,110784.0,3.380859375,0.403056768558952,lr_cooldown
1944,112896.0,3.4453125,0.4021834061135371,lr_cooldown
1945,112768.0,3.44140625,0.4013100436681222,lr_cooldown
1946,111488.0,3.40234375,0.4004366812227075,lr_cooldown
1947,111616.0,3.40625,0.39956331877729256,lr_cooldown
1948,111424.0,3.400390625,0.39868995633187765,lr_cooldown
1949,113600.0,3.466796875,0.39781659388646295,lr_cooldown
1950,108800.0,3.3203125,0.39694323144104804,lr_cooldown
1951,110976.0,3.38671875,0.3960698689956331,lr_cooldown
1952,113664.0,3.46875,0.39519650655021843,lr_cooldown
1953,112640.0,3.4375,0.3943231441048035,lr_cooldown
1954,111808.0,3.412109375,0.3934497816593886,lr_cooldown
1955,110080.0,3.359375,0.3925764192139737,lr_cooldown
1956,112320.0,3.427734375,0.391703056768559,lr_cooldown
1957,112448.0,3.431640625,0.3908296943231441,lr_cooldown
1958,111936.0,3.416015625,0.38995633187772916,lr_cooldown
1959,112832.0,3.443359375,0.38908296943231446,lr_cooldown
1960,111744.0,3.41015625,0.38820960698689955,lr_cooldown
1961,111744.0,3.41015625,0.38733624454148463,lr_cooldown
1962,110784.0,3.380859375,0.38646288209606994,lr_cooldown
1963,113472.0,3.462890625,0.385589519650655,lr_cooldown
1964,112832.0,3.443359375,0.3847161572052401,lr_cooldown
1965,111296.0,3.396484375,0.3838427947598254,lr_cooldown
1966,113536.0,3.46484375,0.3829694323144105,lr_cooldown
1967,109568.0,3.34375,0.3820960698689956,lr_cooldown
1968,112768.0,3.44140625,0.38122270742358066,lr_cooldown
1969,110848.0,3.3828125,0.38034934497816597,lr_cooldown
1970,111488.0,3.40234375,0.37947598253275105,lr_cooldown
1971,111616.0,3.40625,0.37860262008733614,lr_cooldown
1972,110336.0,3.3671875,0.37772925764192145,lr_cooldown
1973,112320.0,3.427734375,0.37685589519650653,lr_cooldown
1974,111040.0,3.388671875,0.3759825327510916,lr_cooldown
1975,111936.0,3.416015625,0.3751091703056769,lr_cooldown
1976,110336.0,3.3671875,0.374235807860262,lr_cooldown
1977,113280.0,3.45703125,0.3733624454148471,lr_cooldown
1978,110592.0,3.375,0.3724890829694324,lr_cooldown
1979,112576.0,3.435546875,0.3716157205240175,lr_cooldown
1980,112192.0,3.423828125,0.37074235807860256,lr_cooldown
1981,109248.0,3.333984375,0.36986899563318765,lr_cooldown
1982,113600.0,3.466796875,0.36899563318777295,lr_cooldown
1983,113792.0,3.47265625,0.36812227074235804,lr_cooldown
1984,111744.0,3.41015625,0.3672489082969431,lr_cooldown
1985,112960.0,3.447265625,0.36637554585152843,lr_cooldown
1986,112832.0,3.443359375,0.3655021834061135,lr_cooldown
1987,111680.0,3.408203125,0.3646288209606986,lr_cooldown
1988,110976.0,3.38671875,0.3637554585152839,lr_cooldown
1989,113344.0,3.458984375,0.362882096069869,lr_cooldown
1990,109888.0,3.353515625,0.36200873362445407,lr_cooldown
1991,112000.0,3.41796875,0.3611353711790394,lr_cooldown
1992,109568.0,3.34375,0.36026200873362446,lr_cooldown
1993,109376.0,3.337890625,0.35938864628820955,lr_cooldown
1994,113536.0,3.46484375,0.35851528384279463,lr_cooldown
1995,110528.0,3.373046875,0.35764192139737994,lr_cooldown
1996,112128.0,3.421875,0.356768558951965,lr_cooldown
1997,110656.0,3.376953125,0.3558951965065501,lr_cooldown
1998,111104.0,3.390625,0.3550218340611354,lr_cooldown
1999,112896.0,3.4453125,0.3541484716157205,lr_cooldown
2000,110464.0,3.37109375,0.3532751091703056,lr_cooldown
2001,112064.0,3.419921875,0.3524017467248909,lr_cooldown
2002,110272.0,3.365234375,0.35152838427947597,lr_cooldown
2003,112384.0,3.4296875,0.35065502183406105,lr_cooldown
2004,111936.0,3.416015625,0.34978165938864636,lr_cooldown
2005,112064.0,3.419921875,0.34890829694323144,lr_cooldown
2006,112448.0,3.431640625,0.34803493449781653,lr_cooldown
2007,110464.0,3.37109375,0.34716157205240183,lr_cooldown
2008,111872.0,3.4140625,0.3462882096069869,lr_cooldown
2009,112192.0,3.423828125,0.34541484716157206,lr_cooldown
2010,110912.0,3.384765625,0.3445414847161571,lr_cooldown
2011,112000.0,3.41796875,0.34366812227074245,lr_cooldown
2012,111232.0,3.39453125,0.3427947598253275,lr_cooldown
2013,110848.0,3.3828125,0.34192139737991256,lr_cooldown
2014,110976.0,3.38671875,0.34104803493449787,lr_cooldown
2015,113600.0,3.466796875,0.34017467248908295,lr_cooldown
2016,109760.0,3.349609375,0.33930131004366804,lr_cooldown
2017,110272.0,3.365234375,0.33842794759825334,lr_cooldown
2018,111872.0,3.4140625,0.3375545851528384,lr_cooldown
2019,109696.0,3.34765625,0.3366812227074235,lr_cooldown
2020,112320.0,3.427734375,0.3358078602620088,lr_cooldown
2021,111104.0,3.390625,0.3349344978165939,lr_cooldown
2022,111168.0,3.392578125,0.33406113537117904,lr_cooldown
2023,110144.0,3.361328125,0.33318777292576407,lr_cooldown
2024,112064.0,3.419921875,0.33231441048034943,lr_cooldown
2025,110464.0,3.37109375,0.33144104803493446,lr_cooldown
2026,110272.0,3.365234375,0.33056768558951954,lr_cooldown
2027,111616.0,3.40625,0.32969432314410485,lr_cooldown
2028,109952.0,3.35546875,0.32882096069868993,lr_cooldown
2029,113664.0,3.46875,0.327947598253275,lr_cooldown
2030,110528.0,3.373046875,0.3270742358078603,lr_cooldown
2031,113216.0,3.455078125,0.3262008733624454,lr_cooldown
2032,110400.0,3.369140625,0.32532751091703055,lr_cooldown
2033,110848.0,3.3828125,0.3244541484716158,lr_cooldown
2034,111488.0,3.40234375,0.3235807860262009,lr_cooldown
2035,110912.0,3.384765625,0.32270742358078597,lr_cooldown
2036,112384.0,3.4296875,0.32183406113537105,lr_cooldown
2037,111168.0,3.392578125,0.32096069868995636,lr_cooldown
2038,111168.0,3.392578125,0.32008733624454144,lr_cooldown
2039,111040.0,3.388671875,0.3192139737991265,lr_cooldown
2040,108992.0,3.326171875,0.31834061135371183,lr_cooldown
2041,113408.0,3.4609375,0.3174672489082969,lr_cooldown
2042,109696.0,3.34765625,0.316593886462882,lr_cooldown
2043,112768.0,3.44140625,0.3157205240174673,lr_cooldown
2044,110464.0,3.37109375,0.3148471615720524,lr_cooldown
2045,109952.0,3.35546875,0.3139737991266375,lr_cooldown
2046,112512.0,3.43359375,0.3131004366812228,lr_cooldown
2047,109312.0,3.3359375,0.31222707423580787,lr_cooldown
2048,113728.0,3.470703125,0.31135371179039295,lr_cooldown
2049,112256.0,3.42578125,0.31048034934497803,lr_cooldown
2050,111552.0,3.404296875,0.30960698689956334,lr_cooldown
2051,110976.0,3.38671875,0.3087336244541484,lr_cooldown
2052,109312.0,3.3359375,0.3078602620087335,lr_cooldown
2053,113088.0,3.451171875,0.3069868995633188,lr_cooldown
2054,110656.0,3.376953125,0.3061135371179039,lr_cooldown
2055,111104.0,3.390625,0.305240174672489,lr_cooldown
2056,110464.0,3.37109375,0.3043668122270743,lr_cooldown
2057,110144.0,3.361328125,0.3034934497816594,lr_cooldown
2058,110208.0,3.36328125,0.30262008733624446,lr_cooldown
2059,110400.0,3.369140625,0.30174672489082977,lr_cooldown
2060,110592.0,3.375,0.30087336244541485,lr_cooldown
2061,110720.0,3.37890625,0.29999999999999993,lr_cooldown
2062,112128.0,3.421875,0.29912663755458524,lr_cooldown
2063,112192.0,3.423828125,0.2982532751091703,lr_cooldown
2064,109376.0,3.337890625,0.2973799126637554,lr_cooldown
2065,112640.0,3.4375,0.2965065502183405,lr_cooldown
2066,112704.0,3.439453125,0.2956331877729258,lr_cooldown
2067,114944.0,3.5078125,0.2947598253275109,lr_cooldown
2068,111168.0,3.392578125,0.29388646288209597,lr_cooldown
2069,111040.0,3.388671875,0.2930131004366813,lr_cooldown
2070,111488.0,3.40234375,0.29213973799126636,lr_cooldown
2071,110272.0,3.365234375,0.29126637554585144,lr_cooldown
2072,111232.0,3.39453125,0.29039301310043675,lr_cooldown
2073,108672.0,3.31640625,0.28951965065502183,lr_cooldown
2074,111936.0,3.416015625,0.2886462882096069,lr_cooldown
2075,108992.0,3.326171875,0.2877729257641922,lr_cooldown
2076,110400.0,3.369140625,0.2868995633187773,lr_cooldown
2077,110592.0,3.375,0.2860262008733624,lr_cooldown
2078,112256.0,3.42578125,0.2851528384279475,lr_cooldown
2079,109888.0,3.353515625,0.2842794759825328,lr_cooldown
2080,109312.0,3.3359375,0.28340611353711787,lr_cooldown
2081,111040.0,3.388671875,0.28253275109170295,lr_cooldown
2082,110080.0,3.359375,0.28165938864628826,lr_cooldown
2083,110144.0,3.361328125,0.28078602620087334,lr_cooldown
2084,110464.0,3.37109375,0.2799126637554584,lr_cooldown
2085,111488.0,3.40234375,0.27903930131004373,lr_cooldown
2086,112192.0,3.423828125,0.2781659388646288,lr_cooldown
2087,109696.0,3.34765625,0.2772925764192139,lr_cooldown
2088,114496.0,3.494140625,0.2764192139737992,lr_cooldown
2089,109312.0,3.3359375,0.2755458515283843,lr_cooldown
2090,110784.0,3.380859375,0.2746724890829694,lr_cooldown
2091,111616.0,3.40625,0.27379912663755446,lr_cooldown
2092,108416.0,3.30859375,0.27292576419213976,lr_cooldown
2093,112512.0,3.43359375,0.27205240174672485,lr_cooldown
2094,109184.0,3.33203125,0.27117903930130993,lr_cooldown
2095,113280.0,3.45703125,0.27030567685589524,lr_cooldown
2096,108416.0,3.30859375,0.2694323144104803,lr_cooldown
2097,110208.0,3.36328125,0.2685589519650654,lr_cooldown
2098,111552.0,3.404296875,0.2676855895196507,lr_cooldown
2099,111296.0,3.396484375,0.2668122270742358,lr_cooldown
2100,110592.0,3.375,0.2659388646288209,lr_cooldown
2101,109888.0,3.353515625,0.2650655021834062,lr_cooldown
2102,111872.0,3.4140625,0.26419213973799127,lr_cooldown
2103,111232.0,3.39453125,0.26331877729257636,lr_cooldown
2104,110272.0,3.365234375,0.26244541484716144,lr_cooldown
2105,112704.0,3.439453125,0.26157205240174675,lr_cooldown
2106,109248.0,3.333984375,0.26069868995633183,lr_cooldown
2107,112064.0,3.419921875,0.2598253275109169,lr_cooldown
2108,110080.0,3.359375,0.2589519650655022,lr_cooldown
2109,109888.0,3.353515625,0.2580786026200873,lr_cooldown
2110,109632.0,3.345703125,0.2572052401746724,lr_cooldown
2111,110272.0,3.365234375,0.2563318777292577,lr_cooldown
2112,110336.0,3.3671875,0.2554585152838428,lr_cooldown
2113,110976.0,3.38671875,0.25458515283842786,lr_cooldown
2114,111296.0,3.396484375,0.25371179039301317,lr_cooldown
2115,111296.0,3.396484375,0.25283842794759825,lr_cooldown
2116,111104.0,3.390625,0.25196506550218334,lr_cooldown
2117,110208.0,3.36328125,0.25109170305676864,lr_cooldown
2118,111552.0,3.404296875,0.25021834061135373,lr_cooldown
2119,111296.0,3.396484375,0.24934497816593884,lr_cooldown
2120,111104.0,3.390625,0.24847161572052393,lr_cooldown
2121,113280.0,3.45703125,0.24759825327510923,lr_cooldown
2122,110272.0,3.365234375,0.24672489082969432,lr_cooldown
2123,110272.0,3.365234375,0.2458515283842794,lr_cooldown
2124,110272.0,3.365234375,0.2449781659388647,lr_cooldown
2125,112640.0,3.4375,0.2441048034934498,lr_cooldown
2126,108672.0,3.31640625,0.24323144104803487,lr_cooldown
2127,113024.0,3.44921875,0.24235807860262018,lr_cooldown
2128,110272.0,3.365234375,0.24148471615720526,lr_cooldown
2129,110848.0,3.3828125,0.24061135371179035,lr_cooldown
2130,113088.0,3.451171875,0.23973799126637566,lr_cooldown
2131,110144.0,3.361328125,0.23886462882096074,lr_cooldown
2132,110016.0,3.357421875,0.23799126637554582,lr_cooldown
2133,112064.0,3.419921875,0.2371179039301309,lr_cooldown
2134,111168.0,3.392578125,0.23624454148471621,lr_cooldown
2135,109696.0,3.34765625,0.2353711790393013,lr_cooldown
2136,110080.0,3.359375,0.23449781659388638,lr_cooldown
2137,110976.0,3.38671875,0.2336244541484717,lr_cooldown
2138,109440.0,3.33984375,0.23275109170305677,lr_cooldown
2139,111424.0,3.400390625,0.23187772925764186,lr_cooldown
2140,110720.0,3.37890625,0.23100436681222716,lr_cooldown
2141,112512.0,3.43359375,0.23013100436681225,lr_cooldown
2142,112320.0,3.427734375,0.22925764192139733,lr_cooldown
2143,109888.0,3.353515625,0.22838427947598264,lr_cooldown
2144,112448.0,3.431640625,0.22751091703056772,lr_cooldown
2145,109696.0,3.34765625,0.2266375545851528,lr_cooldown
2146,111488.0,3.40234375,0.2257641921397379,lr_cooldown
2147,109824.0,3.3515625,0.22489082969432317,lr_cooldown
2148,109376.0,3.337890625,0.22401746724890828,lr_cooldown
2149,110976.0,3.38671875,0.22314410480349334,lr_cooldown
2150,110464.0,3.37109375,0.22227074235807867,lr_cooldown
2151,112704.0,3.439453125,0.22139737991266373,lr_cooldown
2152,110912.0,3.384765625,0.22052401746724884,lr_cooldown
2153,111616.0,3.40625,0.21965065502183412,lr_cooldown
2154,110592.0,3.375,0.21877729257641923,lr_cooldown
2155,109952.0,3.35546875,0.21790393013100434,lr_cooldown
2156,112768.0,3.44140625,0.21703056768558962,lr_cooldown
2157,110080.0,3.359375,0.21615720524017473,lr_cooldown
2158,111680.0,3.408203125,0.2152838427947598,lr_cooldown
2159,107968.0,3.294921875,0.2144104803493449,lr_cooldown
2160,112192.0,3.423828125,0.21353711790393018,lr_cooldown
2161,111872.0,3.4140625,0.2126637554585153,lr_cooldown
2162,109952.0,3.35546875,0.21179039301310035,lr_cooldown
2163,110656.0,3.376953125,0.21091703056768565,lr_cooldown
2164,111552.0,3.404296875,0.21004366812227074,lr_cooldown
2165,112128.0,3.421875,0.20917030567685582,lr_cooldown
2166,110336.0,3.3671875,0.20829694323144113,lr_cooldown
2167,110080.0,3.359375,0.2074235807860262,lr_cooldown
2168,111040.0,3.388671875,0.2065502183406113,lr_cooldown
2169,109952.0,3.35546875,0.2056768558951966,lr_cooldown
2170,111872.0,3.4140625,0.2048034934497817,lr_cooldown
2171,108544.0,3.3125,0.20393013100436677,lr_cooldown
2172,109440.0,3.33984375,0.20305676855895208,lr_cooldown
2173,109824.0,3.3515625,0.20218340611353716,lr_cooldown
2174,111360.0,3.3984375,0.20131004366812225,lr_cooldown
2175,110080.0,3.359375,0.20043668122270733,lr_cooldown
2176,109184.0,3.33203125,0.19956331877729264,lr_cooldown
2177,111232.0,3.39453125,0.19868995633187772,lr_cooldown
2178,111744.0,3.41015625,0.1978165938864628,lr_cooldown
2179,112832.0,3.443359375,0.1969432314410481,lr_cooldown
2180,108032.0,3.296875,0.1960698689956332,lr_cooldown
2181,110080.0,3.359375,0.19519650655021828,lr_cooldown
2182,110912.0,3.384765625,0.19432314410480359,lr_cooldown
2183,110016.0,3.357421875,0.19344978165938867,lr_cooldown
2184,111360.0,3.3984375,0.19257641921397375,lr_cooldown
2185,110208.0,3.36328125,0.19170305676855906,lr_cooldown
2186,110400.0,3.369140625,0.19082969432314414,lr_cooldown
2187,108096.0,3.298828125,0.18995633187772923,lr_cooldown
2188,110592.0,3.375,0.1890829694323143,lr_cooldown
2189,111040.0,3.388671875,0.18820960698689962,lr_cooldown
2190,111808.0,3.412109375,0.1873362445414847,lr_cooldown
2191,111296.0,3.396484375,0.1864628820960698,lr_cooldown
2192,110336.0,3.3671875,0.1855895196506551,lr_cooldown
2193,111360.0,3.3984375,0.18471615720524018,lr_cooldown
2194,109504.0,3.341796875,0.18384279475982526,lr_cooldown
2195,110784.0,3.380859375,0.18296943231441057,lr_cooldown
2196,113408.0,3.4609375,0.18209606986899565,lr_cooldown
2197,111488.0,3.40234375,0.18122270742358074,lr_cooldown
2198,111872.0,3.4140625,0.18034934497816604,lr_cooldown
2199,110016.0,3.357421875,0.17947598253275113,lr_cooldown
2200,110528.0,3.373046875,0.1786026200873362,lr_cooldown
2201,109888.0,3.353515625,0.1777292576419213,lr_cooldown
2202,110016.0,3.357421875,0.1768558951965066,lr_cooldown
2203,112704.0,3.439453125,0.17598253275109169,lr_cooldown
2204,111168.0,3.392578125,0.17510917030567677,lr_cooldown
2205,111168.0,3.392578125,0.17423580786026208,lr_cooldown
2206,107776.0,3.2890625,0.17336244541484716,lr_cooldown
2207,110144.0,3.361328125,0.17248908296943224,lr_cooldown
2208,109120.0,3.330078125,0.17161572052401755,lr_cooldown
2209,111936.0,3.416015625,0.17074235807860264,lr_cooldown
2210,111872.0,3.4140625,0.16986899563318772,lr_cooldown
2211,109504.0,3.341796875,0.16899563318777303,lr_cooldown
2212,111040.0,3.388671875,0.1681222707423581,lr_cooldown
2213,110080.0,3.359375,0.1672489082969432,lr_cooldown
2214,111680.0,3.408203125,0.1663755458515285,lr_cooldown
2215,109632.0,3.345703125,0.16550218340611358,lr_cooldown
2216,111360.0,3.3984375,0.16462882096069867,lr_cooldown
2217,111040.0,3.388671875,0.16375545851528375,lr_cooldown
2218,111296.0,3.396484375,0.16288209606986906,lr_cooldown
2219,111360.0,3.3984375,0.16200873362445414,lr_cooldown
2220,110784.0,3.380859375,0.16113537117903923,lr_cooldown
2221,111168.0,3.392578125,0.16026200873362453,lr_cooldown
2222,109568.0,3.34375,0.15938864628820962,lr_cooldown
2223,110336.0,3.3671875,0.1585152838427947,lr_cooldown
2224,108352.0,3.306640625,0.15764192139738,lr_cooldown
2225,111232.0,3.39453125,0.1567685589519651,lr_cooldown
2226,111104.0,3.390625,0.15589519650655018,lr_cooldown
2227,111552.0,3.404296875,0.15502183406113548,lr_cooldown
2228,110336.0,3.3671875,0.15414847161572057,lr_cooldown
2229,109696.0,3.34765625,0.15327510917030565,lr_cooldown
2230,110912.0,3.384765625,0.15240174672489074,lr_cooldown
2231,108736.0,3.318359375,0.15152838427947604,lr_cooldown
2232,113472.0,3.462890625,0.15065502183406113,lr_cooldown
2233,109376.0,3.337890625,0.1497816593886462,lr_cooldown
2234,111936.0,3.416015625,0.14890829694323152,lr_cooldown
2235,110528.0,3.373046875,0.1480349344978166,lr_cooldown
2236,110720.0,3.37890625,0.14716157205240168,lr_cooldown
2237,110592.0,3.375,0.146288209606987,lr_cooldown
2238,110272.0,3.365234375,0.14541484716157208,lr_cooldown
2239,109568.0,3.34375,0.14454148471615716,lr_cooldown
2240,107328.0,3.275390625,0.14366812227074247,lr_cooldown
2241,110464.0,3.37109375,0.14279475982532755,lr_cooldown
2242,108480.0,3.310546875,0.14192139737991263,lr_cooldown
2243,110016.0,3.357421875,0.14104803493449772,lr_cooldown
2244,111168.0,3.392578125,0.14017467248908302,lr_cooldown
2245,109312.0,3.3359375,0.1393013100436681,lr_cooldown
2246,110528.0,3.373046875,0.1384279475982532,lr_cooldown
2247,110848.0,3.3828125,0.1375545851528385,lr_cooldown
2248,110592.0,3.375,0.13668122270742358,lr_cooldown
2249,110400.0,3.369140625,0.13580786026200867,lr_cooldown
2250,110656.0,3.376953125,0.13493449781659397,lr_cooldown
2251,109376.0,3.337890625,0.13406113537117906,lr_cooldown
2252,109312.0,3.3359375,0.13318777292576414,lr_cooldown
2253,111488.0,3.40234375,0.13231441048034945,lr_cooldown
2254,107072.0,3.267578125,0.13144104803493453,lr_cooldown
2255,111232.0,3.39453125,0.13056768558951962,lr_cooldown
2256,107968.0,3.294921875,0.1296943231441047,lr_cooldown
2257,110464.0,3.37109375,0.12882096069869,lr_cooldown
2258,110080.0,3.359375,0.1279475982532751,lr_cooldown
2259,111424.0,3.400390625,0.12707423580786018,lr_cooldown
2260,111296.0,3.396484375,0.12620087336244548,lr_cooldown
2261,109312.0,3.3359375,0.12532751091703057,lr_cooldown
2262,112064.0,3.419921875,0.12445414847161565,lr_cooldown
2263,109824.0,3.3515625,0.12358078602620096,lr_cooldown
2264,110144.0,3.361328125,0.12270742358078604,lr_cooldown
2265,108288.0,3.3046875,0.12183406113537112,lr_cooldown
2266,108800.0,3.3203125,0.12096069868995643,lr_cooldown
2267,110208.0,3.36328125,0.12008733624454151,lr_cooldown
2268,111232.0,3.39453125,0.1192139737991266,lr_cooldown
2269,110080.0,3.359375,0.1183406113537119,lr_cooldown
2270,108480.0,3.310546875,0.11746724890829699,lr_cooldown
2271,110080.0,3.359375,0.11659388646288207,lr_cooldown
2272,107520.0,3.28125,0.11572052401746716,lr_cooldown
2273,110144.0,3.361328125,0.11484716157205246,lr_cooldown
2274,110784.0,3.380859375,0.11397379912663755,lr_cooldown
2275,110848.0,3.3828125,0.11310043668122263,lr_cooldown
2276,110144.0,3.361328125,0.11222707423580794,lr_cooldown
2277,109888.0,3.353515625,0.11135371179039302,lr_cooldown
2278,111808.0,3.412109375,0.11048034934497811,lr_cooldown
2279,109888.0,3.353515625,0.10960698689956341,lr_cooldown
2280,111488.0,3.40234375,0.1087336244541485,lr_cooldown
2281,107520.0,3.28125,0.10786026200873358,lr_cooldown
2282,109696.0,3.34765625,0.10698689956331889,lr_cooldown
2283,109248.0,3.333984375,0.10611353711790397,lr_cooldown
2284,109760.0,3.349609375,0.10524017467248906,lr_cooldown
2285,112128.0,3.421875,0.10436681222707414,lr_cooldown
2286,109504.0,3.341796875,0.10349344978165945,lr_cooldown
2287,109888.0,3.353515625,0.10262008733624453,lr_cooldown
2288,108352.0,3.306640625,0.10174672489082962,lr_cooldown
2289,109824.0,3.3515625,0.10087336244541492,lr_cooldown
2290,109120.0,3.330078125,0.10019999999999998,extension
2291,112064.0,3.419921875,0.10019999999999998,extension
2292,112128.0,3.421875,0.10019999999999998,extension
2293,109824.0,3.3515625,0.10019999999999998,extension
2294,109184.0,3.33203125,0.10019999999999998,extension
2295,109312.0,3.3359375,0.10019999999999998,extension
2296,110656.0,3.376953125,0.10019999999999998,extension
2297,108416.0,3.30859375,0.10019999999999998,extension
2298,109824.0,3.3515625,0.10019999999999998,extension
2299,108288.0,3.3046875,0.10019999999999998,extension
2300,108672.0,3.31640625,0.10019999999999998,extension
2301,110528.0,3.373046875,0.10019999999999998,extension
2302,110272.0,3.365234375,0.10019999999999998,extension
2303,111936.0,3.416015625,0.10019999999999998,extension
2304,108480.0,3.310546875,0.10019999999999998,extension
2305,111296.0,3.396484375,0.10019999999999998,extension
2306,106560.0,3.251953125,0.10019999999999998,extension
2307,110592.0,3.375,0.10019999999999998,extension
2308,109568.0,3.34375,0.10019999999999998,extension
2309,109696.0,3.34765625,0.10019999999999998,extension
2310,110080.0,3.359375,0.10019999999999998,extension
2311,109312.0,3.3359375,0.10019999999999998,extension
2312,111552.0,3.404296875,0.10019999999999998,extension
2313,109568.0,3.34375,0.10019999999999998,extension
2314,111936.0,3.416015625,0.10019999999999998,extension
2315,108672.0,3.31640625,0.10019999999999998,extension
2316,110656.0,3.376953125,0.10019999999999998,extension
2317,110080.0,3.359375,0.10019999999999998,extension
2318,109568.0,3.34375,0.10019999999999998,extension
2319,113024.0,3.44921875,0.10019999999999998,extension
2320,109376.0,3.337890625,0.10019999999999998,extension
2321,111488.0,3.40234375,0.10019999999999998,extension
2322,111040.0,3.388671875,0.10019999999999998,extension
2323,110080.0,3.359375,0.10019999999999998,extension
2324,108864.0,3.322265625,0.10019999999999998,extension
2325,109760.0,3.349609375,0.10019999999999998,extension
2326,109696.0,3.34765625,0.10019999999999998,extension
2327,109184.0,3.33203125,0.10019999999999998,extension
2328,109824.0,3.3515625,0.10019999999999998,extension
2329,109440.0,3.33984375,0.10019999999999998,extension
